timestamp,ret,equity,drawdown,benchmark_equity,active_ret
2018-01-01,0.0,1000.0,0.0,1000.0,0.0
2018-01-02,0.0,1000.0,0.0,1037.2845160869608,-0.03728451608696085
2018-01-03,0.0,1000.0,0.0,1063.411309962318,-0.0251876832924466
2018-01-04,0.0,1000.0,0.0,1063.179329736505,0.00021814722454007094
2018-01-05,0.0,1000.0,0.0,1180.9507466126854,-0.11077286171973297
2018-01-06,0.0,1000.0,0.0,1277.2618525413204,-0.08155387191623682
2018-01-07,0.0,1000.0,0.0,1256.707795354817,0.016092281426559323
2018-01-08,0.0,1000.0,0.0,1238.689939319059,0.014337347235656257
2018-01-09,0.0,1000.0,0.0,1251.4868244826612,-0.010330983369927755
2018-01-10,0.0,1000.0,0.0,1252.727120826144,-0.0009910582510492022
2018-01-11,0.0,1000.0,0.0,1255.0514413883814,-0.0018554085112360325
2018-01-12,0.0,1000.0,0.0,1288.3688588469545,-0.026546654869952002
2018-01-13,0.0,1000.0,0.0,1312.9027652810403,-0.01904261055800665
2018-01-14,0.0,1000.0,0.0,1284.2844184339947,0.02179776568672195
2018-01-15,0.0,1000.0,0.0,1264.8201280651897,0.015155747503764836
2018-01-16,0.0,1000.0,0.0,1133.6989504082462,0.10366784552798118
2018-01-17,0.0,1000.0,0.0,1147.2905262125398,-0.01198869929217047
2018-01-18,0.0,1000.0,0.0,1145.2134184947747,0.0018104461514400563
2018-01-19,0.0,1000.0,0.0,1168.5206981336667,-0.02035190931444578
2018-01-20,0.0,1000.0,0.0,1220.9370719197623,-0.044857034941541016
2018-01-21,0.0,1000.0,0.0,1165.954639811617,0.04503297784356137
2018-01-22,0.0,1000.0,0.0,1131.521824232022,0.029531865480768933
2018-01-23,0.0,1000.0,0.0,1132.3999890538016,-0.0007760918110224026
2018-01-24,0.0,1000.0,0.0,1162.63767185453,-0.026702298739859614
2018-01-25,0.0,1000.0,0.0,1152.043892698261,0.00911184921384045
2018-01-26,0.0,1000.0,0.0,1149.2182434119384,0.0024527271089510106
2018-01-27,0.0,1000.0,0.0,1169.0978390404869,-0.017298364120575886
2018-01-28,0.0,1000.0,0.0,1199.2651754639546,-0.025803945072917975
2018-01-29,0.0,1000.0,0.0,1168.011391889063,0.0260607780616999
2018-01-30,0.0,1000.0,0.0,1122.5589607852573,0.03891437311265771
2018-01-31,0.0,1000.0,0.0,1126.8506603626824,-0.003823139565357752
2018-02-01,0.0,1000.0,0.0,1072.7878305809995,0.04797692514488353
2018-02-02,0.0,1000.0,0.0,1053.129877371187,0.018324176178588867
2018-02-03,0.0,1000.0,0.0,1066.259136172906,-0.01246689423957086
2018-02-04,0.0,1000.0,0.0,1004.8001034383265,0.057639865066172025
2018-02-05,0.0,1000.0,0.0,933.2318141492187,0.07122639522449101
2018-02-06,0.0,1000.0,0.0,992.7799822087297,-0.06380854912645484
2018-02-07,0.0,1000.0,0.0,983.7958960770393,0.009049423127673031
2018-02-08,0.0,1000.0,0.0,996.1098282098328,-0.012516754930465033
2018-02-09,0.0,1000.0,0.0,1057.090325877913,-0.0612186487283957
2018-02-10,0.0,1000.0,0.0,1040.6094738050292,0.015590769936520674
2018-02-11,0.0,1000.0,0.0,1015.8784275930535,0.023765924522621957
2018-02-12,0.0,1000.0,0.0,1052.4500330530439,-0.0359999823469432
2018-02-13,0.0,1000.0,0.0,1036.76701884968,0.014901433522567184
2018-02-14,0.0,1000.0,0.0,1089.087076512582,-0.050464623885270274
2018-02-15,0.0,1000.0,0.0,1105.891085020487,-0.015429444412942679
2018-02-16,0.0,1000.0,0.0,1116.4114607137328,-0.00951303056489583
2018-02-17,0.0,1000.0,0.0,1141.3525431446974,-0.022340403434249496
2018-02-18,0.0,1000.0,0.0,1107.8055718396727,0.02939229557643503
2018-02-19,0.0,1000.0,0.0,1130.1365436079375,-0.020157843881558675
2018-02-20,0.0,1000.0,0.0,1104.2472530856421,0.022908108465941934
2018-02-21,0.0,1000.0,0.0,1076.9632682489218,0.02470822070010102
2018-02-22,0.0,1000.0,0.0,1052.8685389111808,0.02237284227615063
2018-02-23,0.0,1000.0,0.0,1081.3193678317011,-0.027022204452934146
2018-02-24,0.0,1000.0,0.0,1061.807083557348,0.018044885585911347
2018-02-25,0.0,1000.0,0.0,1065.8755975372728,-0.0038316884893007585
2018-02-26,0.0,1000.0,0.0,1091.6602963879545,-0.024191095949900352
2018-02-27,0.0,1000.0,0.0,1105.8075619805372,-0.012959402883289466
2018-02-28,0.0,1000.0,0.0,1097.5789547398172,0.007441265120291355
2018-03-01,0.0,1000.0,0.0,1110.0813976047164,-0.011390928015618649
2018-03-02,0.0,1000.0,0.0,1105.5326745349319,0.004097648226156706
2018-03-03,0.0,1000.0,0.0,1111.650693499077,-0.005534001034134055
2018-03-04,0.0,1000.0,0.0,1117.0229239530947,-0.004832660551947088
2018-03-05,0.0,1000.0,0.0,1108.0361752055876,0.008045267966125083
2018-03-06,0.0,1000.0,0.0,1080.0968720692408,0.025215154307721952
2018-03-07,0.0,1000.0,0.0,1050.7483552618553,0.027172115359578735
2018-03-08,0.0,1000.0,0.0,1017.3936260109158,0.031743784402714845
2018-03-09,0.0,1000.0,0.0,1022.7804965021608,-0.005294775152431597
2018-03-10,0.0,1000.0,0.0,995.7110812631103,0.0264664953346549
2018-03-11,0.0,1000.0,0.0,1027.9996159962602,-0.0324276141350062
2018-03-12,0.0,1000.0,0.0,1012.8107542499929,0.014775162859907496
2018-03-13,0.0,1000.0,0.0,1050.9651335146687,-0.037671775407765784
2018-03-14,0.0,1000.0,0.0,998.4915986671464,0.049928901705843125
2018-03-15,0.0,1000.0,0.0,1002.3173516265978,-0.0038315324481027796
2018-03-16,0.0,1000.0,0.0,999.7154902182682,0.0025958459205630557
2018-03-17,0.0,1000.0,0.0,977.542085589743,0.02217971497439151
2018-03-18,0.0,1000.0,0.0,982.1717688075595,-0.004736044909026508
2018-03-19,0.0,1000.0,0.0,995.4890979515872,-0.013559063258554018
2018-03-20,0.0,1000.0,0.0,1002.6415425383692,-0.007184854762849501
2018-03-21,0.0,1000.0,0.0,1015.5536785735064,-0.012878117938787681
2018-03-22,0.0,1000.0,0.0,1009.4085258120102,0.006051036878846101
2018-03-23,0.0,1000.0,0.0,1036.8674094910566,-0.027202944077530353
2018-03-24,0.0,1000.0,0.0,1043.7268816367432,-0.006615573103077302
2018-03-25,0.0,1000.0,0.0,1040.1338658505765,0.0034424865828232643
2018-03-26,0.0,1000.0,0.0,1012.9231700116139,0.02616076327512995
2018-03-27,0.0,1000.0,0.0,989.8879225532427,0.02274135703511166
2018-03-28,0.0,1000.0,0.0,993.9191602807308,-0.00407241833710857
2018-03-29,0.0,1000.0,0.0,940.4169236585262,0.05382956558267057
2018-03-30,0.0,1000.0,0.0,941.3711418220574,-0.001014675660896239
2018-03-31,0.0,1000.0,0.0,952.0068191895969,-0.011298070330638963
2018-04-01,0.0,1000.0,0.0,944.8486394885005,0.007519042465672461
2018-04-02,0.0,1000.0,0.0,970.5272718336898,-0.027177508938458623
2018-04-03,0.0,1000.0,0.0,995.9391689236622,-0.02618359919135476
2018-04-04,0.0,1000.0,0.0,959.8936862068922,0.03619245415934919
2018-04-05,0.0,1000.0,0.0,963.623140133532,-0.003885278109680011
2018-04-06,0.0,1000.0,0.0,953.2040519291994,0.01081240971744281
2018-04-07,0.0,1000.0,0.0,967.7098569752497,-0.015217943122138295
2018-04-08,0.0,1000.0,0.0,971.7927983196842,-0.0042191792457260445
2018-04-09,0.0,1000.0,0.0,964.0328551382052,0.007985182844425984
2018-04-10,0.0,1000.0,0.0,973.3440908179938,-0.009658628987757536
2018-04-11,0.0,1000.0,0.0,982.827285154177,-0.009742900199058704
2018-04-12,0.0,1000.0,0.0,1031.7485526657347,-0.04977605755408306
2018-04-13,0.0,1000.0,0.0,1036.5271031635807,-0.004631506858429406
2018-04-14,0.0,1000.0,0.0,1038.544701048188,-0.0019464979530679255
2018-04-15,0.0,1000.0,0.0,1052.2358873546689,-0.013183049600717636
2018-04-16,0.0,1000.0,0.0,1030.7812542661661,0.02038956601493599
2018-04-17,0.0,1000.0,0.0,1019.4311307872057,0.011011185381946707
2018-04-18,0.0,1000.0,0.0,1049.680539528671,-0.029672832060863814
2018-04-19,0.0,1000.0,0.0,1068.9393301503644,-0.01834728748076153
2018-04-20,0.0,1000.0,0.0,1113.1067611954934,-0.04131893157950887
2018-04-21,0.0,1000.0,0.0,1112.804846272503,0.0002712362672796985
2018-04-22,0.0,1000.0,0.0,1106.6545148587425,0.005526873318679436
2018-04-23,0.0,1000.0,0.0,1128.2542646013915,-0.01951806047202192
2018-04-24,0.0,1000.0,0.0,1183.3689046539193,-0.048849485246128914
2018-04-25,0.0,1000.0,0.0,1109.2964859212675,0.06259452858811972
2018-04-26,0.0,1000.0,0.0,1156.560887144761,-0.042607546155021526
2018-04-27,0.0,1000.0,0.0,1136.4276068100346,0.017407886224157374
2018-04-28,0.0,1000.0,0.0,1206.4791103692553,-0.0616418530660798
2018-04-29,0.0,1000.0,0.0,1210.8715440282872,-0.0036407042784914706
2018-04-30,0.0,1000.0,0.0,1184.332549413195,0.021917266737314676
2018-05-01,0.0,1000.0,0.0,1186.3149299974598,-0.0016738377960202452
2018-05-02,0.0,1000.0,0.0,1205.0806999240085,-0.01581853979245532
2018-05-03,0.0,1000.0,0.0,1237.916002725705,-0.027247389161379126
2018-05-04,0.0,1000.0,0.0,1230.375062705872,0.006091641115575649
2018-05-05,0.0,1000.0,0.0,1247.6130071839893,-0.014010316854282763
2018-05-06,0.0,1000.0,0.0,1216.5449262112,0.02490201752778587
2018-05-07,0.0,1000.0,0.0,1182.272782648302,0.028171703999156774
2018-05-08,0.0,1000.0,0.0,1167.686715962506,0.012337310728851423
2018-05-09,0.0,1000.0,0.0,1180.501081246255,-0.010974146668429219
2018-05-10,0.0,1000.0,0.0,1133.5641518733078,0.03976017482626591
2018-05-11,0.0,1000.0,0.0,1068.2229650341078,0.05764224877014523
2018-05-12,0.0,1000.0,0.0,1078.2574507494483,-0.009393624780403382
2018-05-13,0.0,1000.0,0.0,1111.7290336339922,-0.03104229222926258
2018-05-14,0.0,1000.0,0.0,1100.5526209728566,0.01005318051702077
2018-05-15,0.0,1000.0,0.0,1072.7028000772302,0.025305306047981663
2018-05-16,0.0,1000.0,0.0,1070.371888428294,0.00217293331272052
2018-05-17,0.0,1000.0,0.0,1039.5477522633637,0.02879759502110227
2018-05-18,0.0,1000.0,0.0,1088.7027921648073,-0.0472850235060589
2018-05-19,0.0,1000.0,0.0,1078.9766716954696,0.008933678263098812
2018-05-20,0.0,1000.0,0.0,1102.10828615568,-0.021438475054202884
2018-05-21,0.0,1000.0,0.0,1089.704507165834,0.011254591899596449
2018-05-22,0.0,1000.0,0.0,1036.0935126566412,0.04919773586018036
2018-05-23,0.0,1000.0,0.0,972.1762140700171,0.06169066576117656
2018-05-24,0.0,1000.0,0.0,1000.5730511507168,-0.02920955755728308
2018-05-25,0.0,1000.0,0.0,982.3699702179231,0.0181926556105614
2018-05-26,0.0,1000.0,0.0,976.6435031148881,0.005829236720015674
2018-05-27,0.0,1000.0,0.0,967.7410054876435,0.009115401473363602
2018-05-28,0.0,1000.0,0.0,914.3502548059771,0.05517049538968636
2018-05-29,0.0,1000.0,0.0,977.59186746929,-0.0691656313659941
2018-05-30,0.0,1000.0,0.0,978.241908137173,-0.000664940748295928
2018-05-31,0.0,1000.0,0.0,1015.7109595006289,-0.03830243935756826
2018-06-01,0.0,1000.0,0.0,1018.1170155685961,-0.0023688393292027004
2018-06-02,0.0,1000.0,0.0,1036.2905887986578,-0.01785018121901435
2018-06-03,0.0,1000.0,0.0,1056.2054790813534,-0.019217476736696444
2018-06-04,0.0,1000.0,0.0,1023.2239275187169,0.03122645376856256
2018-06-05,0.0,1000.0,0.0,1052.700996217162,-0.028808033027458428
2018-06-06,0.0,1000.0,0.0,1066.1565310895792,-0.012781915207422714
2018-06-07,-0.003840806716906231,996.1591932830937,-0.003840806716906286,1055.1629423107668,0.006470614221984725
2018-06-08,-0.0002007898684952547,995.959174609674,-0.004040825390325949,1045.9304469786869,0.008549039150197557
2018-06-09,-0.0008263580269010085,995.1361557512696,-0.004863844248730402,1034.7395903688314,0.009873069112046487
2018-06-10,-0.007178882470556647,987.9921902469297,-0.01200780975307032,949.0192413125875,0.0756635542682261
2018-06-11,-4.507542981546653e-05,987.9476560743,-0.012052343925700029,973.9296935028832,-0.02629370254494325
2018-06-12,0.0,987.9476560743,-0.012052343925700029,931.9785250807308,0.0430741240379155
2018-06-13,0.0,987.9476560743,-0.012052343925700029,906.2342628382056,0.027623235460597355
2018-06-14,0.0,987.9476560743,-0.012052343925700029,945.2347905847358,-0.04303581242270149
2018-06-15,0.0,987.9476560743,-0.012052343925700029,919.3307900225196,0.0274048319213808
2018-06-16,0.0,987.9476560743,-0.012052343925700029,931.3415186828897,-0.013064643097699216
2018-06-17,0.0,987.9476560743,-0.012052343925700029,934.9708243573979,-0.0038968580286646215
2018-06-18,0.0,987.9476560743,-0.012052343925700029,953.6091658510497,-0.019934677113012382
2018-06-19,0.0,987.9476560743,-0.012052343925700029,964.1925694446891,-0.011098261187741645
2018-06-20,0.0,987.9476560743,-0.012052343925700029,952.0738886984735,0.012568734846395964
2018-06-21,0.0,987.9476560743,-0.012052343925700029,952.4775267723134,-0.0004239566683124085
2018-06-22,0.0,987.9476560743,-0.012052343925700029,880.1663681464289,0.07591901813256127
2018-06-23,0.0,987.9476560743,-0.012052343925700029,886.9245953581093,-0.0076783520210079404
2018-06-24,0.0,987.9476560743,-0.012052343925700029,861.638021348151,0.028510398902342304
2018-06-25,0.0,987.9476560743,-0.012052343925700029,875.4869992087098,-0.016072849058923984
2018-06-26,0.0,987.9476560743,-0.012052343925700029,839.974172832201,0.040563510832949325
2018-06-27,0.0,987.9476560743,-0.012052343925700029,851.6002132854825,-0.013840949911687448
2018-06-28,0.0,987.9476560743,-0.012052343925700029,826.1494156987407,0.029885851588214662
2018-06-29,0.0,987.9476560743,-0.012052343925700029,848.9954706166585,-0.0276536598389954
2018-06-30,0.0,987.9476560743,-0.012052343925700029,875.3992655724769,-0.03110004219061424
2018-07-01,0.0,987.9476560743,-0.012052343925700029,873.8569964798417,0.0017617893380648595
2018-07-02,0.0,987.9476560743,-0.012052343925700029,905.9141059317985,-0.03668461725556092
2018-07-03,0.0,987.9476560743,-0.012052343925700029,890.6795697284961,0.016816755698524748
2018-07-04,0.0,987.9476560743,-0.012052343925700029,895.3248868247753,-0.0052154750756158485
2018-07-05,0.0,987.9476560743,-0.012052343925700029,885.1065655566515,0.011412975801848413
2018-07-06,0.0,987.9476560743,-0.012052343925700029,882.4027020345196,0.0030548451761074186
2018-07-07,0.0,987.9476560743,-0.012052343925700029,900.5977050853837,-0.02061984058855734
2018-07-08,0.0,987.9476560743,-0.012052343925700029,894.5337992125509,0.006733201560021567
2018-07-09,0.0,987.9476560743,-0.012052343925700029,878.8355837683125,0.017549046730327405
2018-07-10,0.0,987.9476560743,-0.012052343925700029,836.4533345885318,0.0482254587349002
2018-07-11,0.0,987.9476560743,-0.012052343925700029,845.2860768854669,-0.010559755017630639
2018-07-12,0.0,987.9476560743,-0.012052343925700029,826.8974032334644,0.021754378966890316
2018-07-13,0.0,987.9476560743,-0.012052343925700029,836.6963602630251,-0.01185026944242811
2018-07-14,0.0,987.9476560743,-0.012052343925700029,835.7084793940057,0.0011806922032131992
2018-07-15,0.0,987.9476560743,-0.012052343925700029,852.0688222184066,-0.019576614606404634
2018-07-16,0.0,987.9476560743,-0.012052343925700029,898.8026022232692,-0.05484742404162705
2018-07-17,0.0,987.9476560743,-0.012052343925700029,938.3225836425197,-0.04396958945322828
2018-07-18,0.0,987.9476560743,-0.012052343925700029,927.9524597850458,0.01105176837715833
2018-07-19,0.0,987.9476560743,-0.012052343925700029,925.2849976922366,0.0028745676189349772
2018-07-20,0.0,987.9476560743,-0.012052343925700029,884.5809864942842,0.04399078262316235
2018-07-21,0.0,987.9476560743,-0.012052343925700029,894.5849500341648,-0.011309268108426711
2018-07-22,0.0,987.9476560743,-0.012052343925700029,896.4654016727764,-0.002102038088769409
2018-07-23,0.0,987.9476560743,-0.012052343925700029,893.6627692991758,0.003126314042204933
2018-07-24,0.0,987.9476560743,-0.012052343925700029,925.4997864227018,-0.035625314399628794
2018-07-25,-0.003489516955398564,984.5001959773824,-0.015499804022617582,929.0777241235468,-0.007355468901940387
2018-07-26,-0.0039041731669581248,980.6565367293825,-0.019343463270617464,915.9257003300194,0.010251826328062017
2018-07-27,0.004092484710102262,984.6698586118094,-0.015330141388190555,932.1938865493062,-0.013668984602774374
2018-07-28,0.0005426390509173373,985.2041789293535,-0.014795821070646526,937.8259551730275,-0.0054990961556601325
2018-07-29,-0.0002260983384601012,984.9814259014536,-0.015018574098546424,928.1521823485731,0.010089006261806088
2018-07-30,-0.0005767052999686717,984.4133818927655,-0.015586618107234471,907.1992710439106,0.021998160872994253
2018-07-31,-0.006756881939361414,977.7618168917886,-0.022238183108211386,887.2902079604064,0.015188751968164733
2018-08-01,-2.1993107049089744e-05,977.7403128714813,-0.022259687128518748,881.725125639668,0.006250004792635441
2018-08-02,0.0,977.7403128714813,-0.022259687128518748,868.72522019854,0.014743716678933086
2018-08-03,0.0,977.7403128714813,-0.022259687128518748,871.0085679875842,-0.002628388972663106
2018-08-04,0.0,977.7403128714813,-0.022259687128518748,852.8757474708319,0.020818188457832454
2018-08-05,0.0,977.7403128714813,-0.022259687128518748,856.6388836893227,-0.004412291274139589
2018-08-06,0.0,977.7403128714813,-0.022259687128518748,847.6664951218152,0.010473945017375181
2018-08-07,0.0,977.7403128714813,-0.022259687128518748,815.5527920215285,0.03788483240177097
2018-08-08,0.0,977.7403128714813,-0.022259687128518748,767.6003865868048,0.05879742660908928
2018-08-09,0.0,977.7403128714813,-0.022259687128518748,792.8880076645885,-0.032943731555721376
2018-08-10,0.0,977.7403128714813,-0.022259687128518748,755.868613835441,0.046689309803267354
2018-08-11,0.0,977.7403128714813,-0.022259687128518748,737.3196257858725,0.024539963308500105
2018-08-12,0.0,977.7403128714813,-0.022259687128518748,740.008596677169,-0.003646954180055181
2018-08-13,0.0,977.7403128714813,-0.022259687128518748,696.3015251457168,0.05906292403589402
2018-08-14,0.0,977.7403128714813,-0.022259687128518748,677.0878224673386,0.027593940246443318
2018-08-15,0.0,977.7403128714813,-0.022259687128518748,683.2603663612955,-0.00911631207819376
2018-08-16,0.0,977.7403128714813,-0.022259687128518748,693.8429553882326,-0.01548836951174962
2018-08-17,0.0,977.7403128714813,-0.022259687128518748,761.5585854653135,-0.09759503869170409
2018-08-18,0.0,977.7403128714813,-0.022259687128518748,717.2108437552912,0.05823286948163785
2018-08-19,0.0,977.7403128714813,-0.022259687128518748,730.7073638540849,-0.018818064752237223
2018-08-20,0.0,977.7403128714813,-0.022259687128518748,693.6611706643223,0.050699082864532875
2018-08-21,0.0,977.7403128714813,-0.022259687128518748,711.1738830318636,-0.025246782014292694
2018-08-22,0.0,977.7403128714813,-0.022259687128518748,693.9169358523241,0.024265439987714386
2018-08-23,0.0,977.7403128714813,-0.022259687128518748,705.6250672818586,-0.016872525837914192
2018-08-24,0.0,977.7403128714813,-0.022259687128518748,716.2181393834147,-0.015012323956065934
2018-08-25,0.0,977.7403128714813,-0.022259687128518748,715.2317834792121,0.0013771724701803528
2018-08-26,0.0,977.7403128714813,-0.022259687128518748,712.1409002003898,0.004321512760222809
2018-08-27,0.0,977.7403128714813,-0.022259687128518748,743.2425474958254,-0.04367344620521564
2018-08-28,0.0,977.7403128714813,-0.022259687128518748,760.96778427314,-0.0238485227158152
2018-08-29,0.0,977.7403128714813,-0.022259687128518748,752.4053007135104,0.01125209731159403
2018-08-30,0.0,977.7403128714813,-0.022259687128518748,738.3569189474126,0.0186712955806873
2018-08-31,0.0,977.7403128714813,-0.022259687128518748,740.9164037563013,-0.0034664601132707385
2018-09-01,0.0,977.7403128714813,-0.022259687128518748,763.061269534553,-0.029888480894715772
2018-09-02,0.0,977.7403128714813,-0.022259687128518748,759.9963961195916,0.004016549571217236
2018-09-03,0.0,977.7403128714813,-0.022259687128518748,752.7923519137595,0.009479050483153086
2018-09-04,0.0,977.7403128714813,-0.022259687128518748,754.2258035160226,-0.0019041792847905858
2018-09-05,0.0,977.7403128714813,-0.022259687128518748,673.1070879504709,0.10755229426969388
2018-09-06,0.0,977.7403128714813,-0.022259687128518748,684.2250798004447,-0.016517419068972767
2018-09-07,0.0,977.7403128714813,-0.022259687128518748,662.005966938812,0.032473397303871145
2018-09-08,0.0,977.7403128714813,-0.022259687128518748,637.3132913464995,0.037299777986132314
2018-09-09,0.0,977.7403128714813,-0.022259687128518748,636.2306706867472,0.00169872600250498
2018-09-10,0.0,977.7403128714813,-0.022259687128518748,632.1846595087528,0.006359346325802199
2018-09-11,0.0,977.7403128714813,-0.022259687128518748,618.7444357514487,0.02125996503576666
2018-09-12,0.0,977.7403128714813,-0.022259687128518748,614.3001031750046,0.0071828243126690495
2018-09-13,0.0,977.7403128714813,-0.022259687128518748,640.5741411209366,-0.042770687828530426
2018-09-14,0.0,977.7403128714813,-0.022259687128518748,638.9722877281542,0.0025006526020223845
2018-09-15,0.0,977.7403128714813,-0.022259687128518748,650.0529233057587,-0.01734133982085709
2018-09-16,0.0,977.7403128714813,-0.022259687128518748,649.5238432416235,0.0008139030610686072
2018-09-17,0.0,977.7403128714813,-0.022259687128518748,618.3442996487732,0.04800369365540204
2018-09-18,0.0,977.7403128714813,-0.022259687128518748,650.3411420869481,-0.05174599726454903
2018-09-19,0.0,977.7403128714813,-0.022259687128518748,659.2139448150442,-0.013643305265330927
2018-09-20,0.0,977.7403128714813,-0.022259687128518748,717.313245457018,-0.08813421059876801
2018-09-21,0.0,977.7403128714813,-0.022259687128518748,772.0425361511457,-0.076297616195918
2018-09-22,0.0,977.7403128714813,-0.022259687128518748,762.8900943446095,0.01185484138239826
2018-09-23,0.0,977.7403128714813,-0.022259687128518748,772.3517836800474,-0.01240242782751877
2018-09-24,0.0,977.7403128714813,-0.022259687128518748,736.1061513996711,0.046928916390502375
2018-09-25,0.0,977.7403128714813,-0.022259687128518748,733.2738706453958,0.003847652609463895
2018-09-26,0.0,977.7403128714813,-0.022259687128518748,724.3247771564364,0.012204298894603885
2018-09-27,0.0,977.7403128714813,-0.022259687128518748,754.1395743064631,-0.04116219421220694
2018-09-28,0.0,977.7403128714813,-0.022259687128518748,745.5570976860536,0.011380488324462177
2018-09-29,0.0,977.7403128714813,-0.022259687128518748,756.191557677444,-0.0142637767441233
2018-09-30,0.0,977.7403128714813,-0.022259687128518748,760.8142591323773,-0.006113135498538583
2018-10-01,0.0,977.7403128714813,-0.022259687128518748,758.0675078915418,0.0036102783404293737
2018-10-02,0.0,977.7403128714813,-0.022259687128518748,743.6402253106901,0.019031659358385085
2018-10-03,0.0,977.7403128714813,-0.022259687128518748,741.2657698792467,0.0031930163950602314
2018-10-04,0.0,977.7403128714813,-0.022259687128518748,744.3922494285414,-0.0042177578897295565
2018-10-05,0.0,977.7403128714813,-0.022259687128518748,752.3038101466514,-0.010628214794261395
2018-10-06,0.0,977.7403128714813,-0.022259687128518748,738.8411234306105,0.017895279187030093
2018-10-07,0.0,977.7403128714813,-0.022259687128518748,743.6604165097365,-0.006522773200209664
2018-10-08,0.0,977.7403128714813,-0.022259687128518748,751.7484205439623,-0.010875937262044642
2018-10-09,0.0,977.7403128714813,-0.022259687128518748,745.9552416968573,0.007706273387196586
2018-10-10,0.0,977.7403128714813,-0.022259687128518748,739.2958539060829,0.00892732890464852
2018-10-11,0.0,977.7403128714813,-0.022259687128518748,669.8097734494158,0.09398954436107831
2018-10-12,0.0,977.7403128714813,-0.022259687128518748,687.8238984538577,-0.02689438959911253
2018-10-13,0.0,977.7403128714813,-0.022259687128518748,693.0182361877314,-0.0075518424782126115
2018-10-14,0.0,977.7403128714813,-0.022259687128518748,684.3453633875852,0.012514638644800338
2018-10-15,0.0,977.7403128714813,-0.022259687128518748,728.4620689857495,-0.06446555782855283
2018-10-16,0.0,977.7403128714813,-0.022259687128518748,732.4264688045203,-0.005442149958872108
2018-10-17,0.0,977.7403128714813,-0.022259687128518748,733.7149123765009,-0.0017591439234624679
2018-10-18,0.0,977.7403128714813,-0.022259687128518748,717.445324274836,0.02217426390989896
2018-10-19,0.0,977.7403128714813,-0.022259687128518748,713.9330647260615,0.00489550831253162
2018-10-20,0.0,977.7403128714813,-0.022259687128518748,719.3877529588879,-0.007640335631351215
2018-10-21,0.0,977.7403128714813,-0.022259687128518748,717.8043226902998,0.0022010803799138606
2018-10-22,0.0,977.7403128714813,-0.022259687128518748,716.4147816451609,0.0019358215062442094
2018-10-23,0.0,977.7403128714813,-0.022259687128518748,715.9863325064092,0.0005980462013469737
2018-10-24,0.0,977.7403128714813,-0.022259687128518748,713.3549798107531,0.0036751437509213248
2018-10-25,0.0,977.7403128714813,-0.022259687128518748,710.3277827249864,0.004243605457930392
2018-10-26,0.0,977.7403128714813,-0.022259687128518748,711.807544580937,-0.0020832098813222994
2018-10-27,0.0,977.7403128714813,-0.022259687128518748,707.0369158941603,0.006702132792910146
2018-10-28,0.0,977.7403128714813,-0.022259687128518748,708.1063734981491,-0.0015125908986468911
2018-10-29,0.0,977.7403128714813,-0.022259687128518748,689.989174331634,0.025585420276636604
2018-10-30,0.0,977.7403128714813,-0.022259687128518748,690.3763193149181,-0.0005610884890462511
2018-10-31,0.0,977.7403128714813,-0.022259687128518748,694.2788313288772,-0.005652731567953666
2018-11-01,0.0,977.7403128714813,-0.022259687128518748,699.4401484238269,-0.007434069515083376
2018-11-02,0.0,977.7403128714813,-0.022259687128518748,704.1700973434746,-0.006762478434082604
2018-11-03,0.0,977.7403128714813,-0.022259687128518748,698.7486301603597,0.007699087484071998
2018-11-04,0.0,977.7403128714813,-0.022259687128518748,719.0673780935817,-0.02907876603430196
2018-11-05,0.0,977.7403128714813,-0.022259687128518748,723.6435579378835,-0.006364048743852292
2018-11-06,0.0,977.7403128714813,-0.022259687128518748,748.3732644386511,-0.0341738777738008
2018-11-07,0.0,977.7403128714813,-0.022259687128518748,742.4437659359966,0.007923183235443514
2018-11-08,0.0,977.7403128714813,-0.022259687128518748,724.0320827734461,0.024798757841732164
2018-11-09,0.0,977.7403128714813,-0.022259687128518748,719.9049405505483,0.005700220088436593
2018-11-10,0.0,977.7403128714813,-0.022259687128518748,723.2877339285951,-0.0046989445237863225
2018-11-11,0.0,977.7403128714813,-0.022259687128518748,725.1122017170134,-0.002522464716093647
2018-11-12,0.0,977.7403128714813,-0.022259687128518748,727.2542272775302,-0.0029540608411287345
2018-11-13,0.0,977.7403128714813,-0.022259687128518748,720.4107859394413,0.00940997120595263
2018-11-14,0.0,977.7403128714813,-0.022259687128518748,675.427188578711,0.062441593377964365
2018-11-15,0.0,977.7403128714813,-0.022259687128518748,665.4536040455604,0.014766335589980957
2018-11-16,0.0,977.7403128714813,-0.022259687128518748,649.2569894248203,0.024339209408852053
2018-11-17,0.0,977.7403128714813,-0.022259687128518748,650.2268962849042,-0.0014938720350831896
2018-11-18,0.0,977.7403128714813,-0.022259687128518748,660.047109376892,-0.01510274820696573
2018-11-19,0.0,977.7403128714813,-0.022259687128518748,595.6488881508582,0.0975660984059578
2018-11-20,0.0,977.7403128714813,-0.022259687128518748,552.2249986697998,0.0729018224408412
2018-11-21,0.0,977.7403128714813,-0.022259687128518748,567.7775450301613,-0.028163423238398298
2018-11-22,0.0,977.7403128714813,-0.022259687128518748,537.4320380021161,0.053446120392861375
2018-11-23,0.0,977.7403128714813,-0.022259687128518748,532.9447787121256,0.008349445088297412
2018-11-24,0.0,977.7403128714813,-0.022259687128518748,497.3642896177387,0.06676205587447197
2018-11-25,0.0,977.7403128714813,-0.022259687128518748,502.931740101333,-0.011193908770316816
2018-11-26,0.0,977.7403128714813,-0.022259687128518748,484.26923435948396,0.03710743278618459
2018-11-27,0.0,977.7403128714813,-0.022259687128518748,484.9447752759652,-0.001394969716328877
2018-11-28,0.0,977.7403128714813,-0.022259687128518748,519.1815358555822,-0.07059929774505565
2018-11-29,0.0,977.7403128714813,-0.022259687128518748,514.6895724538854,0.008652009155707503
2018-11-30,0.0,977.7403128714813,-0.022259687128518748,495.78108998631706,0.03673764435797359
2018-12-01,0.0,977.7403128714813,-0.022259687128518748,509.1532193639089,-0.02697184230637149
2018-12-02,0.0,977.7403128714813,-0.022259687128518748,508.08038307888535,0.002107099089668583
2018-12-03,0.0,977.7403128714813,-0.022259687128518748,486.0885056820929,0.043284248180426234
2018-12-04,0.0,977.7403128714813,-0.022259687128518748,497.6271708333357,-0.023737786465556115
2018-12-05,0.0,977.7403128714813,-0.022259687128518748,483.27918723626294,0.02883279780130445
2018-12-06,0.0,977.7403128714813,-0.022259687128518748,443.73498520446964,0.08182475694419089
2018-12-07,0.0,977.7403128714813,-0.022259687128518748,434.61523262423304,0.020552250519607424
2018-12-08,0.0,977.7403128714813,-0.022259687128518748,435.83283861335656,-0.0028015722821574463
2018-12-09,0.0,977.7403128714813,-0.022259687128518748,445.2881742197485,-0.021694867317650943
2018-12-10,0.0,977.7403128714813,-0.022259687128518748,434.40309752645237,0.024445016336599044
2018-12-11,0.0,977.7403128714813,-0.022259687128518748,434.5203803898993,-0.0002699862503622308
2018-12-12,0.0,977.7403128714813,-0.022259687128518748,441.17701173197537,-0.015319491656762116
2018-12-13,0.0,977.7403128714813,-0.022259687128518748,428.5281519192863,0.02867071374148013
2018-12-14,0.0,977.7403128714813,-0.022259687128518748,419.78094375177807,0.020412213592809186
2018-12-15,0.0,977.7403128714813,-0.022259687128518748,418.5815697407039,0.0028571425857370886
2018-12-16,0.0,977.7403128714813,-0.022259687128518748,422.87374056220034,-0.010254084584171526
2018-12-17,0.0,977.7403128714813,-0.022259687128518748,456.3093179208219,-0.07906751862664681
2018-12-18,0.0,977.7403128714813,-0.022259687128518748,477.6937267037503,-0.0468638442019257
2018-12-19,0.0,977.7403128714813,-0.022259687128518748,472.44755941796046,0.010982282145487274
2018-12-20,0.0,977.7403128714813,-0.022259687128518748,509.47888330342363,-0.07838187148449778
2018-12-21,0.0,977.7403128714813,-0.022259687128518748,498.5535552222646,0.0214441234744018
2018-12-22,0.0,977.7403128714813,-0.022259687128518748,512.9320701514729,-0.028840462130087667
2018-12-23,0.0,977.7403128714813,-0.022259687128518748,528.7742406093299,-0.030885513657156558
2018-12-24,0.0,977.7403128714813,-0.022259687128518748,546.5609627343221,-0.03363764865795244
2018-12-25,0.0,977.7403128714813,-0.022259687128518748,515.5963820197948,0.056653480262509937
2018-12-26,0.0,977.7403128714813,-0.022259687128518748,517.782470829452,-0.004239922710654971
2018-12-27,0.0,977.7403128714813,-0.022259687128518748,483.2924112729194,0.06661109925425214
2018-12-28,0.0,977.7403128714813,-0.022259687128518748,528.0141057473246,-0.09253547837967273
2018-12-29,0.0,977.7403128714813,-0.022259687128518748,517.0065663955057,0.020847055470685754
2018-12-30,0.0,977.7403128714813,-0.022259687128518748,530.6642422466623,-0.02641683247154087
2018-12-31,0.0,977.7403128714813,-0.022259687128518748,520.8821572869134,0.018433661402047035
2019-01-01,0.0,977.7403128714813,-0.022259687128518748,530.91575342737,-0.019262698865935252
2019-01-02,0.0,977.7403128714813,-0.022259687128518748,545.8730685729064,-0.028172671556604318
2019-01-03,0.0,977.7403128714813,-0.022259687128518748,530.3445400596325,0.028447141665864945
2019-01-04,0.0,977.7403128714813,-0.022259687128518748,537.9026149076496,-0.014251254188772076
2019-01-05,0.0,977.7403128714813,-0.022259687128518748,538.6524211976132,-0.001393944311075915
2019-01-06,0.0,977.7403128714813,-0.022259687128518748,557.4972985146313,-0.03498522716210856
2019-01-07,0.0,977.7403128714813,-0.022259687128518748,552.9015075449116,0.00824361119231357
2019-01-08,0.0,977.7403128714813,-0.022259687128518748,556.0775269203644,-0.005744276931990184
2019-01-09,0.0,977.7403128714813,-0.022259687128518748,563.9908468235668,-0.014230605482346035
2019-01-10,0.0,977.7403128714813,-0.022259687128518748,513.9216151402576,0.08877667424090728
2019-01-11,0.0,977.7403128714813,-0.022259687128518748,515.1577082063593,-0.002405217118109323
2019-01-12,0.0,977.7403128714813,-0.022259687128518748,512.0167328170471,0.00609711422206657
2019-01-13,0.0,977.7403128714813,-0.022259687128518748,490.45123082147427,0.042118744590479075
2019-01-14,0.0,977.7403128714813,-0.022259687128518748,519.8636052185368,-0.0599700287178372
2019-01-15,0.0,977.7403128714813,-0.022259687128518748,506.60031517165316,0.025513019018340594
2019-01-16,0.0,977.7403128714813,-0.022259687128518748,517.1176123856309,-0.020760542184846655
2019-01-17,0.0,977.7403128714813,-0.022259687128518748,521.1970879340863,-0.007888873731519854
2019-01-18,0.0,977.7403128714813,-0.022259687128518748,518.5031701577254,0.005168712256315449
2019-01-19,0.0,977.7403128714813,-0.022259687128518748,526.3541053500433,-0.015141537495189475
2019-01-20,0.0,977.7403128714813,-0.022259687128518748,513.1731594056271,0.02504197423453263
2019-01-21,0.0,977.7403128714813,-0.022259687128518748,512.1741852188613,0.0019466610216378585
2019-01-22,0.0,977.7403128714813,-0.022259687128518748,515.8976999019893,-0.007270016315907893
2019-01-23,0.0,977.7403128714813,-0.022259687128518748,512.9706388334986,0.005673723819755045
2019-01-24,0.0,977.7403128714813,-0.022259687128518748,513.5803696186658,-0.0011886270655836473
2019-01-25,0.0,977.7403128714813,-0.022259687128518748,514.0707620735965,-0.0009548504653609711
2019-01-26,0.0,977.7403128714813,-0.022259687128518748,516.7537977228494,-0.005219195191009297
2019-01-27,0.0,977.7403128714813,-0.022259687128518748,511.2152510206207,0.010717960325855638
2019-01-28,0.0,977.7403128714813,-0.022259687128518748,487.9340749109309,0.04554084813238625
2019-01-29,0.0,977.7403128714813,-0.022259687128518748,484.45493783044617,0.007130342518340882
2019-01-30,0.0,977.7403128714813,-0.022259687128518748,498.7511444536521,-0.02950987905547864
2019-01-31,0.0,977.7403128714813,-0.022259687128518748,492.9967339838483,0.011537638627591273
2019-02-01,0.0,977.7403128714813,-0.022259687128518748,497.14579861780516,-0.008416008358572211
2019-02-02,0.0,977.7403128714813,-0.022259687128518748,506.4747017868829,-0.018764924082662646
2019-02-03,0.0,977.7403128714813,-0.022259687128518748,498.87234454360964,0.015010339542037501
2019-02-04,0.0,977.7403128714813,-0.022259687128518748,501.40426201371537,-0.0050752812774619615
2019-02-05,0.0,977.7403128714813,-0.022259687128518748,509.15259791042723,-0.015453270910768408
2019-02-06,0.0032505134396811908,980.9184708989882,-0.019081529101011824,503.1836478220102,0.014973816262673292
2019-02-07,-0.003917647654047229,977.0755779526592,-0.02292442204734084,500.28839194201134,0.0018362274818613756
2019-02-08,0.00963221225116584,986.4869773049296,-0.01351302269507039,536.4790389789076,-0.06270735752460285
2019-02-09,0.003724809986988431,990.161453850029,-0.009838546149970966,540.1853748577341,-0.0031838213099226265
2019-02-10,0.0031872772604248922,993.3173729360344,-0.006682627063965583,549.3125304950181,-0.013709062518651467
2019-02-11,0.004315360790565936,997.6038957797905,-0.0023961042202095086,544.6180175719549,0.012861521058988792
2019-02-12,-0.003038062244604345,994.5731130489517,-0.005426886951048346,544.2857021082438,-0.0024278814334871873
2019-02-13,-0.004417542509276506,990.1795440434745,-0.009820455956525507,538.8284038544901,0.005608989939794338
2019-02-14,-0.0017608378984472761,988.4359983760555,-0.011564001623944477,534.1915043375583,0.006844683792246833
2019-02-15,-0.00010852669677818838,988.3287266821751,-0.011671273317824898,540.5152507403454,-0.011946503061881941
2019-02-16,0.0,988.3287266821751,-0.011671273317824898,540.4754408991658,7.365165205795523e-05
2019-02-17,0.0,988.3287266821751,-0.011671273317824898,551.1150500687829,-0.019685647791722754
2019-02-18,0.0,988.3287266821751,-0.011671273317824898,579.035921049667,-0.05066250863118214
2019-02-19,0.0,988.3287266821751,-0.011671273317824898,585.9934245376303,-0.012015668173661715
2019-02-20,0.0032077996811912257,991.4990872565384,-0.00850091274346164,599.0153251437351,-0.019014123058606756
2019-02-21,-0.003299691832714724,988.2274458161738,-0.011772554183826174,586.0161972083018,0.01840113515750322
2019-02-22,0.002108300049970424,990.3109257895703,-0.009689074210429681,591.2986485299972,-0.006905872846376575
2019-02-23,-0.0002330621414999845,990.080121804455,-0.009919878195545039,608.1437443965779,-0.028721366500825733
2019-02-24,-0.005650958658343197,984.4852199676906,-0.015514780032309432,558.4134132703309,0.0761230159725907
2019-02-25,-8.255862335326825e-05,984.4039422232185,-0.015596057776781549,573.3991992557808,-0.026918923275996733
2019-02-26,0.0,984.4039422232185,-0.015596057776781549,565.933624984123,0.013019854721365878
2019-02-27,0.0,984.4039422232185,-0.015596057776781549,567.5906449819314,-0.00292794052987241
2019-02-28,0.0,984.4039422232185,-0.015596057776781549,571.9137458210736,-0.007616582262873174
2019-03-01,0.0,984.4039422232185,-0.015596057776781549,581.0149680609896,-0.015913627371990837
2019-03-02,0.0026381198644012116,987.0009178177925,-0.01299908218220753,580.926365160036,0.0027906166258002524
2019-03-03,-0.001968080661089111,985.0584203989581,-0.014941579601041895,575.8651527762911,0.0067442324430864176
2019-03-04,-0.0003320849220171951,984.7312973502376,-0.015268702649762418,564.3898574206607,0.01959496796581092
2019-03-05,0.014287065767980778,998.8002181592695,-0.001199781840730452,599.0870674280984,-0.04719031471863645
2019-03-06,-6.905275886803786e-05,998.7312482486476,-0.0012687517513523972,604.910986855604,-0.009790376660096587
2019-03-07,0.0030027782522468183,1001.730216720728,0.0,607.8167432308028,-0.0018008315983581201
2019-03-08,-0.004348803161778658,997.3738891870037,-0.004348803161778647,598.7561182224644,0.01055803365909837
2019-03-09,0.000921583763636713,998.2930527695536,-0.0034312271845271126,614.4537983081564,-0.02529556810830399
2019-03-10,-0.000515218476800694,997.7787137435049,-0.003944677829684267,609.479766593669,0.007579827445582736
2019-03-11,0.0002255503897647948,998.0037631212888,-0.0037200171635414416,609.5170732901244,0.00016433966793253215
2019-03-12,0.004954391428579008,1002.9482644109864,0.0,615.7613040110353,-0.005290162816973207
2019-03-13,-0.0016679337394034377,1001.2754131618992,-0.0016679337394034496,611.4836264347365,0.005279039947371412
2019-03-14,-0.0007308752720731615,1000.5436057218843,-0.0023975899599510586,613.3833924830194,-0.0038376895286698237
2019-03-15,0.00027796728340701016,1000.821724109897,-0.0021202891281120345,622.7034396660165,-0.01491652167278861
2019-03-16,0.005460821962748108,1006.2870333617118,0.0,636.9961152236997,-0.017491798252982495
2019-03-17,-0.005207238138118853,1001.0470571436962,-0.005207238138118882,629.3166750911673,0.006848471385063282
2019-03-18,0.00011451653867111666,1001.1616935877272,-0.005093317914335362,628.5927439339023,0.0012648613267861439
2019-03-19,0.004169040944519642,1005.3355776803791,-0.0009455112207440411,633.7354212141211,-0.00401221365927118
2019-03-20,0.0011919981440364769,1006.533935823108,0.0,635.6540692462743,-0.001835524017305642
2019-03-21,-0.00672069342714221,999.7693298164261,-0.006720693427142171,622.5061582231328,0.013963373047460297
2019-03-22,0.011538489614408842,1011.3051578453174,0.0,637.8031182080476,-0.013034696984384229
2019-03-23,0.011984731913131652,1023.4253790444608,0.0,648.4478852627259,-0.004705006269060737
2019-03-24,-0.00012600781000216,1023.2964194537468,-0.00012600781000211364,655.3159263740142,-0.010717516036612846
2019-03-25,-0.001707724712057157,1021.548910870486,-0.0018335173354082576,644.728890755099,0.01444789610048038
2019-03-26,-0.0026460491866212577,1018.8458422057834,-0.004474714944975464,646.9599761005761,-0.00610655076716022
2019-03-27,0.0018716885428629038,1020.7528042955834,-0.002611401674807713,665.0277423153556,-0.026055489153166196
2019-03-28,-0.0015567659910955545,1019.1637310445406,-0.004164102324586861,660.7631290321093,0.004855918791645327
2019-03-29,0.006164250593157172,1025.446111678156,0.0,673.7467386308036,-0.013485165405148849
2019-03-30,0.0035044888894077975,1029.0397761832187,0.0,678.5411697374362,-0.0036115843050627938
2019-03-31,-0.00012361640467695167,1028.9125699858173,-0.00012361640467699805,677.3467438166703,0.0016366687099731436
2019-04-01,0.004378022895865197,1033.4171727750588,0.0,684.3305787059454,-0.005932552821858117
2019-04-02,0.02503819962630427,1059.2920782442518,0.0,756.3840586503171,-0.0802522582115192
2019-04-03,-0.0022216308074168856,1056.9387223291717,-0.002221630807416898,752.8309434186534,0.002475870668227409
2019-04-04,-0.004703335469052106,1051.9675849478263,-0.006914517201493374,745.5623626791921,0.004951661848744546
2019-04-05,0.00748004083167797,1059.8363454368377,0.0,769.1090438053404,-0.02410240257591683
2019-04-06,0.0011699550291104366,1061.0763062992155,0.0,765.4846580058514,0.005882402280486564
2019-04-07,0.00536708767574634,1066.7711958657806,0.0,775.8364130404555,-0.008156050804352428
2019-04-08,-0.0004101386895305481,1066.3336717254792,-0.0004101386895305422,768.1000364692725,0.009561520852543026
2019-04-09,-0.009005263533079289,1056.7310559973953,-0.009411708815625447,759.097989990682,0.0027146245689577218
2019-04-10,0.014062596240856262,1071.5914381730604,0.0,774.1857768900016,-0.005813344807946739
2019-04-11,-0.02567152370339909,1044.082053167641,-0.025671523703399136,739.5303057703089,0.019092242506447858
2019-04-12,-0.00034574782722340824,1043.7210640663154,-0.0260083956570806,742.4635690145468,-0.004312134628887275
2019-04-13,0.0,1043.7210640663154,-0.0260083956570806,744.7556782663906,-0.0030871673001896843
2019-04-14,0.0,1043.7210640663154,-0.0260083956570806,756.4637187044784,-0.01572064608535936
2019-04-15,0.0,1043.7210640663154,-0.0260083956570806,742.7365986182823,0.01814643550877117
2019-04-16,0.0,1043.7210640663154,-0.0260083956570806,754.5539212863142,-0.015910516177627176
2019-04-17,0.0,1043.7210640663154,-0.0260083956570806,757.7406894724768,-0.004223380326126965
2019-04-18,0.0,1043.7210640663154,-0.0260083956570806,775.8384334087589,-0.023883822246475277
2019-04-19,0.009612651656402349,1053.7539910816345,-0.016645753648271693,782.7468345471732,0.0007082189279782169
2019-04-20,-7.713676402887337e-05,1053.67270790868,-0.01672160641272927,781.0337630830055,0.0021114015839526212
2019-04-21,-0.0031529600357635967,1050.350519969869,-0.01982184389173977,767.2003661029124,0.014558690386988888
2019-04-22,-0.0007154372463601399,1049.599060086149,-0.020523099852688187,777.6667404914809,-0.014357733119775697
2019-04-23,-0.004446385241267503,1044.9321383161337,-0.024878231485665623,765.8231023770059,0.010783323704482048
2019-04-24,-0.0005783510492779476,1044.3278007175143,-0.025442194183659665,754.9741494795688,0.013588044380376006
2019-04-25,-0.005001557118490263,1039.1045355717984,-0.030316500714720584,735.6169345667305,0.02063801600620812
2019-04-26,0.0024053008156630362,1041.6038945587684,-0.027984120202954686,747.1507436470637,-0.013273795923900971
2019-04-27,-0.00048517917633272845,1041.0985300391415,-0.028455722066896904,744.2628368639574,0.0033800472289968264
2019-04-28,0.0002895958698285739,1041.4000278735255,-0.028174366856651825,743.7932930244114,0.0009204803051238322
2019-04-29,-0.0017910922018801179,1039.5347844045634,-0.02991499616976211,726.4621609306151,0.021509913946379737
2019-04-30,0.0021083335791713953,1041.7264704972404,-0.027869733381536105,747.7670619986168,-0.02721859108915495
2019-05-01,0.0015842818860620778,1043.3768588746805,-0.026329605009239837,743.2204504002111,0.007664533115975306
2019-05-02,0.0027906196694063024,1046.2885268596594,-0.023612461253460084,754.1732744565999,-0.011946359177839832
2019-05-03,0.007121394911627776,1053.7395606509324,-0.01665922000325366,768.4528296069318,-0.011812655967622314
2019-05-04,0.0014225264140590443,1055.2385330094974,-0.015260391769686823,756.3852805906841,0.017126221619944784
2019-05-05,-0.001375761907315698,1053.7867760326512,-0.016615159011315037,753.0901468162706,0.002980660486097543
2019-05-06,-0.0007192391623194183,1053.0288513145942,-0.017322447900585333,757.8176570582312,-0.0069967216947178935
2019-05-07,0.002482372498830099,1055.6428611755723,-0.014883076170036008,743.5716921123227,0.021281043674175697
2019-05-08,0.0035475946476091202,1059.3878541396655,-0.011388280643787729,748.6737514371016,-0.0033139620508244915
2019-05-09,0.005573145748211994,1065.2919770546714,-0.005878603443425084,736.5525832692003,0.021763332922043403
2019-05-10,0.004095598753708796,1069.6549855482324,-0.0018070810906528287,748.7916810916581,-0.01252113452571892
2019-05-11,0.01751623901661259,1088.3913179404065,0.0,802.5977681921761,-0.0543409790311018
2019-05-12,-0.0012307904239861056,1087.0517363287358,-0.0012307904239860514,791.7869605884492,0.012238979904528238
2019-05-13,0.003699674477638526,1091.073473893504,0.0,833.1030297989705,-0.048481115642743856
2019-05-14,0.011972621597763355,1104.1364837317878,0.0,899.1392143360117,-0.06729270594878971
2019-05-15,0.03068402338690346,1138.0158334209473,0.0,968.1912249228047,-0.04611388452970977
2019-05-16,-0.006157304388899387,1131.0087235351875,-0.0061573043888993465,949.0344207542347,0.013628873873661788
2019-05-17,-0.015494895717001356,1113.483861308991,-0.02155679331649687,909.4844518831651,0.026179007785505637
2019-05-18,-0.00015262694549877942,1113.3139136683772,-0.02170613011447705,905.4344421963738,0.0043004559834126654
2019-05-19,0.0006231712555910818,1114.0076988978249,-0.021096485495243456,964.6352033403001,-0.06476064714689748
2019-05-20,0.0003534785443530808,1114.4014767176293,-0.020750464105874288,947.5677995604411,0.018046595818902635
2019-05-21,0.007280275023891836,1122.5146259551648,-0.013621258167546661,962.1446591965395,-0.008103172622662183
2019-05-22,-0.003675547521116207,1118.3887701043186,-0.017246740106970634,926.4679296108272,0.033404874060712096
2019-05-23,0.0013564639541117085,1119.9058241576483,-0.015913670734140056,940.9779883874813,-0.014305231732158998
2019-05-24,0.0059116987758394135,1126.5263700473765,-0.010096048786098778,957.8445334748714,-0.012012785426276058
2019-05-25,0.0024687413862041208,1129.3074723197628,-0.0076522319333699905,963.8394519852625,-0.003790018048004654
2019-05-26,-0.004438712283286295,1124.29480137077,-0.012056978160779112,989.5636260239693,-0.03112798505140305
2019-05-27,0.002135526725603576,1126.6957629665544,-0.00994719943426799,1015.9279040209399,-0.02450680056253805
2019-05-28,-0.0013004572489938582,1125.230543294194,-0.01123472077565034,1023.0461144710894,-0.00830706709008227
2019-05-29,0.0005321802492679328,1125.829368765208,-0.010708519422885287,1017.7798615971807,0.005679800478128645
2019-05-30,-0.007757295761552596,1117.0959773746542,-0.018382746032106274,976.0334462484658,0.033259840579898614
2019-05-31,0.005318895929419032,1123.0376946214826,-0.013161626015728999,1009.0767229210487,-0.028535760178514398
2019-06-01,0.0009682744585755021,1124.125103337202,-0.012206095623457893,1008.0186338534578,0.0020168459334263256
2019-06-02,0.0011041505498616822,1125.3663066881652,-0.01111542244079048,1027.0245791593936,-0.017750605371941015
2019-06-03,-0.010845267581551798,1113.1614079648693,-0.021840140291689937,973.5187444308064,0.04125264303747273
2019-06-04,-0.007271419837163728,1105.0671440210285,-0.028952751299490195,940.566152554573,0.02657753485913228
2019-06-05,-0.00014363118413829312,1104.9084219185804,-0.02909222396567532,952.497158153489,-0.012828550332580489
2019-06-06,0.0,1104.9084219185804,-0.02909222396567532,962.7684705428962,-0.010783562241087705
2019-06-07,0.0,1104.9084219185804,-0.02909222396567532,970.1866647186405,-0.007705065550766539
2019-06-08,0.0,1104.9084219185804,-0.02909222396567532,961.200891552627,0.00926190133588299
2019-06-09,0.0,1104.9084219185804,-0.02909222396567532,927.5317659012024,0.03502818812104802
2019-06-10,0.0,1104.9084219185804,-0.02909222396567532,966.5721452182496,-0.04209061161276243
2019-06-11,0.0,1104.9084219185804,-0.02909222396567532,964.0825372273106,0.0025757083972007505
2019-06-12,0.0,1104.9084219185804,-0.02909222396567532,1007.4483312507625,-0.04498141222241338
2019-06-13,0.0,1104.9084219185804,-0.02909222396567532,996.7230350078555,0.010646001298737955
2019-06-14,0.0,1104.9084219185804,-0.02909222396567532,998.7912194047756,-0.00207498404700127
2019-06-15,0.0,1104.9084219185804,-0.02909222396567532,1010.15625841183,-0.011378793471800153
2019-06-16,0.0,1104.9084219185804,-0.02909222396567532,1017.4907879757342,-0.007260787133503136
2019-06-17,0.0,1104.9084219185804,-0.02909222396567532,1042.8067392335372,-0.024880767036887224
2019-06-18,0.0,1104.9084219185804,-0.02909222396567532,1023.6004337440152,0.01841789544210139
2019-06-19,0.0,1104.9084219185804,-0.02909222396567532,1034.791810087098,-0.010933344666676106
2019-06-20,0.0,1104.9084219185804,-0.02909222396567532,1042.467557421797,-0.007417673062229735
2019-06-21,0.011933170237696356,1118.0934822143993,-0.017506216189154555,1079.8705859081253,-0.023946151109082568
2019-06-22,0.011177395495176157,1130.5908552656883,-0.006524494595948625,1116.673012117417,-0.022903008851000446
2019-06-23,-0.00039764766435113064,1130.1412784527552,-0.006919547810262628,1116.4064126834467,-0.00015890325925003803
2019-06-24,0.0032128270262943293,1133.772226895699,-0.003728952094182774,1123.5651345283034,-0.003199463124968295
2019-06-25,0.008337468409881144,1143.2250170214427,0.0,1128.1763394800487,0.004233385068347821
2019-06-26,0.022481912006850457,1168.9269012581487,0.0,1159.0002513626737,-0.004839979796722602
2019-06-27,-0.018229883732112095,1147.6174997568746,-0.018229883732112092,1068.627252789871,0.05974507655503927
2019-06-28,-0.00027744592182066263,1147.299097961757,-0.018502271847036,1100.490034922519,-0.030093999869386608
2019-06-29,0.0,1147.299097961757,-0.018502271847036,1103.302353088536,-0.0025555144315458278
2019-06-30,0.0,1147.299097961757,-0.018502271847036,1037.7641529165815,0.059401849355699775
2019-07-01,0.0,1147.299097961757,-0.018502271847036,1047.6290639966585,-0.009505927770151088
2019-07-02,0.0,1147.299097961757,-0.018502271847036,1034.2540422439774,0.012766944152595367
2019-07-03,0.0,1147.299097961757,-0.018502271847036,1062.3209302470923,-0.0271373249286215
2019-07-04,0.0,1147.299097961757,-0.018502271847036,1029.9828756804293,0.03044094646534125
2019-07-05,0.0,1147.299097961757,-0.018502271847036,1022.5582815384795,0.007208463671830224
2019-07-06,0.0,1147.299097961757,-0.018502271847036,1033.5414780152228,-0.010740900225480068
2019-07-07,0.0,1147.299097961757,-0.018502271847036,1052.1209129425108,-0.017976477308842505
2019-07-08,0.0,1147.299097961757,-0.018502271847036,1071.0929419402642,-0.01803217554595817
2019-07-09,0.0,1147.299097961757,-0.018502271847036,1061.4808238280184,0.00897412141922395
2019-07-10,0.0,1147.299097961757,-0.018502271847036,1017.2060725567898,0.04171036374596087
2019-07-11,0.0,1147.299097961757,-0.018502271847036,962.6721785034645,0.05361145152845196
2019-07-12,0.0,1147.299097961757,-0.018502271847036,997.3320117048718,-0.036003775714478596
2019-07-13,0.0,1147.299097961757,-0.018502271847036,977.5236062895477,0.019861395385738088
2019-07-14,0.0,1147.299097961757,-0.018502271847036,900.0076927184699,0.07929825231056072
2019-07-15,0.0,1147.299097961757,-0.018502271847036,913.6479242513426,-0.015155683271631177
2019-07-16,0.0,1147.299097961757,-0.018502271847036,840.4667667139737,0.08009776588430899
2019-07-17,0.0,1147.299097961757,-0.018502271847036,876.4398690745077,-0.0428013382387268
2019-07-18,0.0,1147.299097961757,-0.018502271847036,915.4710195154121,-0.044533745917013264
2019-07-19,0.0,1147.299097961757,-0.018502271847036,913.2924136443823,0.0023797649784510805
2019-07-20,0.0,1147.299097961757,-0.018502271847036,942.3458765534881,-0.03181178609945027
2019-07-21,0.0,1147.299097961757,-0.018502271847036,931.8016648182388,0.011189322304686453
2019-07-22,0.0,1147.299097961757,-0.018502271847036,918.6492973344951,0.014114986032257313
2019-07-23,0.0,1147.299097961757,-0.018502271847036,890.2745784567193,0.030887433278517142
2019-07-24,0.0,1147.299097961757,-0.018502271847036,898.1215406388411,-0.008814092159886695
2019-07-25,0.0,1147.299097961757,-0.018502271847036,900.3719587416491,-0.00250569438653855
2019-07-26,0.0,1147.299097961757,-0.018502271847036,912.313069750808,-0.013262419929034272
2019-07-27,0.0,1147.299097961757,-0.018502271847036,884.579260249836,0.03039944337150337
2019-07-28,0.0,1147.299097961757,-0.018502271847036,888.0407982038133,-0.003913202704978159
2019-07-29,0.0,1147.299097961757,-0.018502271847036,884.7283058278196,0.003730112831182662
2019-07-30,0.0,1147.299097961757,-0.018502271847036,887.0706630376466,-0.0026475441041024267
2019-07-31,0.0,1147.299097961757,-0.018502271847036,904.006917751255,-0.019092340012251702
2019-08-01,0.0,1147.299097961757,-0.018502271847036,906.5328037369685,-0.0027941002840960382
2019-08-02,0.0,1147.299097961757,-0.018502271847036,901.7829394426699,0.00523959450195136
2019-08-03,0.0,1147.299097961757,-0.018502271847036,908.8846738125798,-0.007875214820873675
2019-08-04,0.0,1147.299097961757,-0.018502271847036,905.4822053419487,0.0037435645782851585
2019-08-05,0.0,1147.299097961757,-0.018502271847036,928.5469819795993,-0.02547236875730793
2019-08-06,0.0,1147.299097961757,-0.018502271847036,907.5134796764254,0.022652060381836377
2019-08-07,0.0,1147.299097961757,-0.018502271847036,918.5180309999728,-0.01212604723785585
2019-08-08,0.0,1147.299097961757,-0.018502271847036,921.6214971562454,-0.003378775431217007
2019-08-09,0.0,1147.299097961757,-0.018502271847036,892.1582678710162,0.03196890412836617
2019-08-10,0.0,1147.299097961757,-0.018502271847036,895.4725785236299,-0.0037149357596862886
2019-08-11,0.0,1147.299097961757,-0.018502271847036,915.3674685465004,-0.022217196260405286
2019-08-12,0.0,1147.299097961757,-0.018502271847036,905.22688683835,0.011078153918068148
2019-08-13,0.0,1147.299097961757,-0.018502271847036,893.0816855751668,0.01341674826473844
2019-08-14,0.0,1147.299097961757,-0.018502271847036,831.0491024058337,0.06945902504918434
2019-08-15,0.0,1147.299097961757,-0.018502271847036,839.8021219013898,-0.010532493772289486
2019-08-16,0.0,1147.299097961757,-0.018502271847036,832.5390251905841,0.008648581042354917
2019-08-17,0.0,1147.299097961757,-0.018502271847036,835.7218578746562,-0.0038230432301278477
2019-08-18,0.0,1147.299097961757,-0.018502271847036,860.2052867352164,-0.029296145158659304
2019-08-19,0.0,1147.299097961757,-0.018502271847036,874.4902514514297,-0.016606460035173427
2019-08-20,0.0,1147.299097961757,-0.018502271847036,860.357201301172,0.01616147249989394
2019-08-21,0.0,1147.299097961757,-0.018502271847036,834.4378944424383,0.030126215971150457
2019-08-22,0.0,1147.299097961757,-0.018502271847036,842.591734225619,-0.00977165567082632
2019-08-23,0.0,1147.299097961757,-0.018502271847036,852.1252768344182,-0.011314545611536204
2019-08-24,0.0,1147.299097961757,-0.018502271847036,842.9695904445127,0.010744530926154636
2019-08-25,0.0,1147.299097961757,-0.018502271847036,837.2003782858509,0.006843914921793989
2019-08-26,0.0,1147.299097961757,-0.018502271847036,842.2350084230981,-0.006013650098385647
2019-08-27,0.0,1147.299097961757,-0.018502271847036,836.9042291745437,0.006329325182688679
2019-08-28,0.0,1147.299097961757,-0.018502271847036,796.3953157516452,0.0484032844031071
2019-08-29,0.0,1147.299097961757,-0.018502271847036,780.3652175452128,0.0201283180468019
2019-08-30,0.0,1147.299097961757,-0.018502271847036,782.8300315008677,-0.00315853897667105
2019-08-31,0.0,1147.299097961757,-0.018502271847036,780.3112838753152,0.0032174897796440733
2019-09-01,0.0,1147.299097961757,-0.018502271847036,781.4366360910234,-0.0014421837015085196
2019-09-02,0.0,1147.299097961757,-0.018502271847036,804.8654891540656,-0.029981769449971236
2019-09-03,0.0,1147.299097961757,-0.018502271847036,810.642108221362,-0.007177123563053762
2019-09-04,0.0,1147.299097961757,-0.018502271847036,799.1712526139333,0.014150332793095284
2019-09-05,0.0,1147.299097961757,-0.018502271847036,799.9921150319276,-0.0010271420741289697
2019-09-06,0.0,1147.299097961757,-0.018502271847036,788.0737980313113,0.014898043089013038
2019-09-07,0.0,1147.299097961757,-0.018502271847036,805.959891822944,-0.022695963038377936
2019-09-08,0.0,1147.299097961757,-0.018502271847036,809.952411837565,-0.004953745285749466
2019-09-09,0.0,1147.299097961757,-0.018502271847036,806.075762238745,0.0047862683562173
2019-09-10,0.0,1147.299097961757,-0.018502271847036,800.7813719461993,0.0065681050598040336
2019-09-11,0.0,1147.299097961757,-0.018502271847036,789.6339466786027,0.013920685043539827
2019-09-12,0.0,1147.299097961757,-0.018502271847036,795.3574163775988,-0.007248256895578683
2019-09-13,0.0,1147.299097961757,-0.018502271847036,795.7670001037668,-0.0005149681360028405
2019-09-14,0.0,1147.299097961757,-0.018502271847036,805.5980104623768,-0.012354131746262431
2019-09-15,0.0,1147.299097961757,-0.018502271847036,802.2227632914796,0.004189741194817346
2019-09-16,0.0,1147.299097961757,-0.018502271847036,807.6220030021334,-0.006730349670584025
2019-09-17,0.0,1147.299097961757,-0.018502271847036,833.1369155315913,-0.031592641649946004
2019-09-18,0.0,1147.299097961757,-0.018502271847036,862.5129622267483,-0.035259566762101006
2019-09-19,0.0,1147.299097961757,-0.018502271847036,858.9378938140188,0.004144944562339888
2019-09-20,0.0,1147.299097961757,-0.018502271847036,852.9231160565057,0.0070025758565676844
2019-09-21,0.0,1147.299097961757,-0.018502271847036,843.966945511952,0.010500560221609057
2019-09-22,0.0,1147.299097961757,-0.018502271847036,826.7076401152264,0.020450214891124734
2019-09-23,0.0,1147.299097961757,-0.018502271847036,801.346719063037,0.030677013035290863
2019-09-24,0.0,1147.299097961757,-0.018502271847036,708.7425231631404,0.11556071011081533
2019-09-25,0.0,1147.299097961757,-0.018502271847036,722.5628654634235,-0.01949980683902302
2019-09-26,0.0,1147.299097961757,-0.018502271847036,706.4520062180517,0.022296827051911765
2019-09-27,0.0,1147.299097961757,-0.018502271847036,718.0294286295191,-0.016388123056577535
2019-09-28,0.0,1147.299097961757,-0.018502271847036,717.0314554352951,0.00138987784404435
2019-09-29,0.0,1147.299097961757,-0.018502271847036,704.6676974690539,0.017242978494904953
2019-09-30,0.0,1147.299097961757,-0.018502271847036,730.3947870633381,-0.03650953447516879
2019-10-01,0.0,1147.299097961757,-0.018502271847036,722.3170219766702,0.011059450628263412
2019-10-02,0.0,1147.299097961757,-0.018502271847036,730.5460779441693,-0.011392582089481573
2019-10-03,0.0,1147.299097961757,-0.018502271847036,718.9181504084022,0.015916761292441954
2019-10-04,0.0,1147.299097961757,-0.018502271847036,723.5603017223724,-0.006457134670105558
2019-10-05,0.0,1147.299097961757,-0.018502271847036,725.6296973078619,-0.002860018136102086
2019-10-06,0.0,1147.299097961757,-0.018502271847036,713.1409951192243,0.017210847674745948
2019-10-07,0.0,1147.299097961757,-0.018502271847036,744.6321755028288,-0.04415842112447867
2019-10-08,0.0,1147.299097961757,-0.018502271847036,744.9251263081259,-0.0003934167968221753
2019-10-09,0.0,1147.299097961757,-0.018502271847036,772.7472530839495,-0.037348890235064304
2019-10-10,0.0,1147.299097961757,-0.018502271847036,764.5105517078814,0.010658984995671401
2019-10-11,0.0,1147.299097961757,-0.018502271847036,743.546976958566,0.027420909629675774
2019-10-12,0.0,1147.299097961757,-0.018502271847036,750.1594482071364,-0.008893145226167623
2019-10-13,0.0,1147.299097961757,-0.018502271847036,761.6710083735578,-0.01534548447524553
2019-10-14,0.0,1147.299097961757,-0.018502271847036,776.2263195209154,-0.019109708768406928
2019-10-15,0.0,1147.299097961757,-0.018502271847036,761.801502069235,0.018583262495638353
2019-10-16,0.0,1147.299097961757,-0.018502271847036,745.8687514030047,0.020914569770410063
2019-10-17,0.0,1147.299097961757,-0.018502271847036,762.7263025549933,-0.02260122993526546
2019-10-18,0.0,1147.299097961757,-0.018502271847036,750.0220088732459,0.01665642529855127
2019-10-19,0.0,1147.299097961757,-0.018502271847036,751.4063808478986,-0.0018457751349622972
2019-10-20,0.0,1147.299097961757,-0.018502271847036,761.1361622847575,-0.01294876073035153
2019-10-21,0.0,1147.299097961757,-0.018502271847036,756.6905037637126,0.005840818951105838
2019-10-22,0.0,1147.299097961757,-0.018502271847036,750.7003745203056,0.007916220982835906
2019-10-23,0.0,1147.299097961757,-0.018502271847036,715.9942752114079,0.0462316264742438
2019-10-24,0.0,1147.299097961757,-0.018502271847036,719.2405349082951,-0.004533918509234712
2019-10-25,0.0,1147.299097961757,-0.018502271847036,779.235673225142,-0.08341456773497405
2019-10-26,0.0,1147.299097961757,-0.018502271847036,783.836730583777,-0.005904577416985928
2019-10-27,0.0,1147.299097961757,-0.018502271847036,798.5057669491833,-0.018714402876324993
2019-10-28,0.0,1147.299097961757,-0.018502271847036,795.8108164235437,0.003374991937673829
2019-10-29,0.0,1147.299097961757,-0.018502271847036,814.5953828768506,-0.02360431155953207
2019-10-30,0.0,1147.299097961757,-0.018502271847036,795.7636628247925,0.023117882138677697
2019-10-31,0.0,1147.299097961757,-0.018502271847036,792.8963338559971,0.003603241895485649
2019-11-01,0.0,1147.299097961757,-0.018502271847036,796.1062478035001,-0.004048340004162353
2019-11-02,0.0,1147.299097961757,-0.018502271847036,799.7616955042279,-0.00459165809942262
2019-11-03,0.0,1147.299097961757,-0.018502271847036,794.2767268940272,0.006858253703614259
2019-11-04,0.0,1147.299097961757,-0.018502271847036,809.149712007235,-0.018725193134347378
2019-11-05,0.0,1147.299097961757,-0.018502271847036,813.409302537327,-0.005264279856845395
2019-11-06,0.0,1147.299097961757,-0.018502271847036,820.8982475829683,-0.00920685935393222
2019-11-07,0.0,1147.299097961757,-0.018502271847036,804.1731057062336,0.020374196102842097
2019-11-08,0.0,1147.299097961757,-0.018502271847036,783.1707688408545,0.026116686465079603
2019-11-09,0.0,1147.299097961757,-0.018502271847036,787.0956277769667,-0.005011498248231693
2019-11-10,0.0,1147.299097961757,-0.018502271847036,800.0990802386987,-0.016520803829717972
2019-11-11,0.0,1147.299097961757,-0.018502271847036,788.1638350626363,0.014917208969296316
2019-11-12,0.0,1147.299097961757,-0.018502271847036,796.1951635401051,-0.010189922602615404
2019-11-13,0.0,1147.299097961757,-0.018502271847036,797.2032383834791,-0.0012661152560784483
2019-11-14,0.0,1147.299097961757,-0.018502271847036,790.2759905965187,0.00868943759060373
2019-11-15,0.0,1147.299097961757,-0.018502271847036,779.2805014153063,0.013913479989329727
2019-11-16,0.0,1147.299097961757,-0.018502271847036,780.9791026266333,-0.0021797044943921823
2019-11-17,0.0,1147.299097961757,-0.018502271847036,785.5077307344532,-0.005798654653612083
2019-11-18,0.0,1147.299097961757,-0.018502271847036,762.2704484493,0.02958249979720259
2019-11-19,0.0,1147.299097961757,-0.018502271847036,755.2038114230251,0.009270511588965238
2019-11-20,0.0,1147.299097961757,-0.018502271847036,746.7945922514506,0.011135032747953164
2019-11-21,0.0,1147.299097961757,-0.018502271847036,715.1991074293431,0.04230813285197055
2019-11-22,0.0,1147.299097961757,-0.018502271847036,685.809522594257,0.04109287124353641
2019-11-23,0.0,1147.299097961757,-0.018502271847036,696.9693609991599,-0.016272504299281065
2019-11-24,0.0,1147.299097961757,-0.018502271847036,662.1435706806462,0.04996746236963461
2019-11-25,0.0,1147.299097961757,-0.018502271847036,670.7839960766145,-0.013049172080741347
2019-11-26,0.0,1147.299097961757,-0.018502271847036,677.8584636941638,-0.01054656589740913
2019-11-27,0.0,1147.299097961757,-0.018502271847036,698.1636941650298,-0.029954970776948833
2019-11-28,0.0,1147.299097961757,-0.018502271847036,691.9851604304455,0.008849692108343854
2019-11-29,0.0,1147.299097961757,-0.018502271847036,711.9600512749198,-0.028866068214597394
2019-11-30,0.0,1147.299097961757,-0.018502271847036,699.6968245627027,0.01722459945646842
2019-12-01,0.0,1147.299097961757,-0.018502271847036,693.2705418212905,0.009184381743376355
2019-12-02,0.0,1147.299097961757,-0.018502271847036,682.1164704694362,0.016089060011913077
2019-12-03,0.0,1147.299097961757,-0.018502271847036,681.6351058197735,0.0007056927526343713
2019-12-04,0.0,1147.299097961757,-0.018502271847036,674.0388945257747,0.011144102217069882
2019-12-05,0.0,1147.299097961757,-0.018502271847036,686.5368207903263,-0.01854184731185961
2019-12-06,0.0,1147.299097961757,-0.018502271847036,692.2429037970209,-0.008311401273606427
2019-12-07,0.0,1147.299097961757,-0.018502271847036,691.5869607489564,0.0009475619677234981
2019-12-08,0.0,1147.299097961757,-0.018502271847036,695.8113877683164,-0.006108309235305999
2019-12-09,0.0,1147.299097961757,-0.018502271847036,683.8752920561127,0.017154211503330612
2019-12-10,0.0,1147.299097961757,-0.018502271847036,674.674567003891,0.01345380533424331
2019-12-11,0.0,1147.299097961757,-0.018502271847036,672.9515273927652,0.0025538825611545824
2019-12-12,0.0,1147.299097961757,-0.018502271847036,671.9380109020174,0.0015060765144178884
2019-12-13,0.0,1147.299097961757,-0.018502271847036,676.4294268459397,-0.0066842712736149435
2019-12-14,0.0,1147.299097961757,-0.018502271847036,664.2075410143962,0.018068234979858575
2019-12-15,0.0,1147.299097961757,-0.018502271847036,666.707010253918,-0.0037630847064829
2019-12-16,0.0,1147.299097961757,-0.018502271847036,639.5648679509726,0.04071074982788671
2019-12-17,0.0,1147.299097961757,-0.018502271847036,604.7622179554705,0.05441613781413938
2019-12-18,0.0,1147.299097961757,-0.018502271847036,642.9306694755951,-0.06311315486797651
2019-12-19,0.0,1147.299097961757,-0.018502271847036,628.9490770921603,0.02174665643939306
2019-12-20,0.0,1147.299097961757,-0.018502271847036,636.4725379308334,-0.011961955447103005
2019-12-21,0.0,1147.299097961757,-0.018502271847036,629.4122410624797,0.011092853890140555
2019-12-22,0.0,1147.299097961757,-0.018502271847036,646.959070169195,-0.027878118603310513
2019-12-23,0.0,1147.299097961757,-0.018502271847036,631.8574872718971,0.023342408497879847
2019-12-24,0.0,1147.299097961757,-0.018502271847036,633.979378301501,-0.003358179767348154
2019-12-25,0.0,1147.299097961757,-0.018502271847036,627.1079389926482,0.010838584887827376
2019-12-26,0.0,1147.299097961757,-0.018502271847036,630.47980120012,-0.0053768450338679595
2019-12-27,0.0,1147.299097961757,-0.018502271847036,629.7174256443604,0.0012091990168574698
2019-12-28,0.0,1147.299097961757,-0.018502271847036,637.9606906142997,-0.013090419026445557
2019-12-29,0.0,1147.299097961757,-0.018502271847036,648.98801442573,-0.01728527160633034
2019-12-30,0.0,1147.299097961757,-0.018502271847036,640.2954559530834,0.01339402004263249
2019-12-31,0.0,1147.299097961757,-0.018502271847036,635.2570949377224,0.007868806452579749
2020-01-01,0.0,1147.299097961757,-0.018502271847036,638.2618854842843,-0.004730038547395399
2020-01-02,0.0,1147.299097961757,-0.018502271847036,623.3103071180623,0.023425460153989115
2020-01-03,0.0,1147.299097961757,-0.018502271847036,644.3537583716661,-0.03376079460469764
2020-01-04,0.0,1147.299097961757,-0.018502271847036,645.7578644205297,-0.0021790918895420335
2020-01-05,0.0,1147.299097961757,-0.018502271847036,649.6560651111009,-0.00603662906075364
2020-01-06,0.0,1147.299097961757,-0.018502271847036,687.5405010489264,-0.05831460363776759
2020-01-07,0.0,1147.299097961757,-0.018502271847036,686.8852865902966,0.0009529830717321623
2020-01-08,0.0,1147.299097961757,-0.018502271847036,676.6642488303316,0.014880268888422785
2020-01-09,0.0,1147.299097961757,-0.018502271847036,668.7011300322624,0.011768197908836018
2020-01-10,0.0,1147.299097961757,-0.018502271847036,689.0255358003639,-0.030393855872684044
2020-01-11,0.0,1147.299097961757,-0.018502271847036,683.0797438757919,0.008629276587935617
2020-01-12,0.0,1147.299097961757,-0.018502271847036,695.6341600192787,-0.018379136925145718
2020-01-13,0.0,1147.299097961757,-0.018502271847036,686.9130823725377,0.012536873759188756
2020-01-14,0.0,1147.299097961757,-0.018502271847036,743.5052113271271,-0.08238615686154237
2020-01-15,-3.296396761143239e-05,1147.2612784314513,-0.018534625906357495,753.1664424790886,-0.013027131331571962
2020-01-16,-0.0016471224105643056,1145.3715986689742,-0.020151219519219967,741.8196912273577,0.013418274308894402
2020-01-17,0.003103430124052897,1148.9261793915182,-0.017110327296859382,767.1851233733325,-0.031090097556517496
2020-01-18,-5.4212365200423385e-05,1148.8638933858927,-0.017163612070747722,770.3608778154381,-0.004193701447237979
2020-01-19,-0.010342860891035421,1136.981353953869,-0.027328952109747652,749.7756733968407,0.016378647185766586
2020-01-20,0.003288360219715125,1140.720158208769,-0.024130459328996646,752.1292428610087,0.0001493287097899293
2020-01-21,0.006857399439634149,1148.5425319824492,-0.017438532087643194,767.2963514738686,-0.013308162206614522
2020-01-22,-0.0015305494751479687,1146.7846308129383,-0.018942391026657096,763.3863789633059,0.0035652293631746835
2020-01-23,-0.010623416966112242,1134.6018595094833,-0.029364575074558037,740.3049514230747,0.019612159900711332
2020-01-24,0.004799247437077048,1140.047094575837,-0.024706255499148462,743.5811720396518,0.00037374601326611856
2020-01-25,-0.004457558566475783,1134.9652678832247,-0.02905368448477849,734.3256103796901,0.007989719562653772
2020-01-26,0.003913141595692338,1139.4065476826447,-0.025254234070351576,755.6810017611893,-0.02516849614053927
2020-01-27,0.007637892775607336,1148.1092127216698,-0.01780923042670358,769.2699133393617,-0.010344445732972489
2020-01-28,0.0117433890556502,1161.5919058850366,-0.006274982092735925,796.3509947746819,-0.023460225391927346
2020-01-29,-0.0002618874410783567,1161.287699553227,-0.0065352261948112425,792.355381680556,0.004755514584339553
2020-01-30,0.009648304715181188,1172.4921571405082,0.0,816.2153278283077,-0.020464377926218486
2020-01-31,-0.011507677129979133,1158.9994959587025,-0.011507677129979124,802.7443904070468,0.004996469462198734
2020-02-01,0.007496980917801821,1167.6884930636468,-0.004096969048029006,811.1157642014153,-0.002931461677883782
2020-02-02,0.0015379885121324932,1169.484384551728,-0.0025652816272269154,818.2604641157066,-0.007270495097264042
2020-02-03,0.0031215339160739486,1173.134969722425,0.0,823.0345896022282,-0.0027129475184910646
2020-02-04,-0.0053796669180321555,1166.8238943354227,-0.005379666918032124,823.5191464715809,-0.005968411152447665
2020-02-05,0.03018968455790083,1202.0499396400305,0.0,856.641643360594,-0.010030991586580384
2020-02-06,0.017247676053581573,1222.782507599169,0.0,877.2336241941033,-0.0067903578116962834
2020-02-07,0.010306108519936075,1235.3846368187658,0.0,890.0617296797752,-0.004317254210210897
2020-02-08,-0.0007961719757344499,1234.4010581916777,-0.0007961719757344933,888.7453285314616,0.0006828278558697054
2020-02-09,0.02411785123488608,1264.1721592773306,0.0,916.5586837386115,-0.007177227697464365
2020-02-10,-0.013288490220787819,1247.3732199013816,-0.013288490220787777,905.9749829925834,-0.0017412746045902174
2020-02-11,0.02304039984265538,1276.11319764093,0.0,931.8715215389994,-0.005543765319251888
2020-02-12,0.036057132851237794,1322.1261807414867,0.0,974.4812598317727,-0.009667773756491416
2020-02-13,0.0029288220377527985,1325.9984530363324,0.0,980.8979740842161,-0.003655926706980418
2020-02-14,0.012234268722754571,1342.2210744367358,0.0,1004.2106679954388,-0.011532417035759641
2020-02-15,-0.04343741656718347,1283.9184585011747,-0.0434374165671835,951.1246300927637,0.009426030909074755
2020-02-16,-0.008258175495867937,1273.3156345484877,-0.05133687825395257,930.3727027549992,0.013560129572880695
2020-02-17,-0.0003730453474262152,1272.8406300752142,-0.051690772617794804,927.9728907555618,0.002206363949870584
2020-02-18,0.0,1272.8406300752142,-0.051690772617794804,955.7341939228703,-0.029916071303230707
2020-02-19,0.0,1272.8406300752142,-0.051690772617794804,904.1982159934865,0.05392291942370623
2020-02-20,0.0,1272.8406300752142,-0.051690772617794804,902.2740947659128,0.0021279860914785098
2020-02-21,0.0,1272.8406300752142,-0.051690772617794804,910.080897594953,-0.008652362817825856
2020-02-22,0.0,1272.8406300752142,-0.051690772617794804,906.2422916280493,0.0042178733528499225
2020-02-23,0.0,1272.8406300752142,-0.051690772617794804,932.6506608165987,-0.029140517312546965
2020-02-24,0.0,1272.8406300752142,-0.051690772617794804,909.0717154496151,0.02528164762821128
2020-02-25,0.0,1272.8406300752142,-0.051690772617794804,869.373738240497,0.04366869690746449
2020-02-26,0.0,1272.8406300752142,-0.051690772617794804,814.6706826047537,0.06292236955127661
2020-02-27,0.0,1272.8406300752142,-0.051690772617794804,826.4402614585508,-0.01444703866863877
2020-02-28,0.0,1272.8406300752142,-0.051690772617794804,819.5161816835639,0.008378197551468514
2020-02-29,0.0,1272.8406300752142,-0.051690772617794804,805.8152567769021,0.016718309183981633
2020-03-01,0.0,1272.8406300752142,-0.051690772617794804,799.6541205387116,0.007645842128670762
2020-03-02,0.0,1272.8406300752142,-0.051690772617794804,833.8386599153482,-0.04274915678994714
2020-03-03,0.0,1272.8406300752142,-0.051690772617794804,822.1733535503071,0.013989884285558854
2020-03-04,0.0,1272.8406300752142,-0.051690772617794804,824.6931452325629,-0.0030647936610627147
2020-03-05,0.0,1272.8406300752142,-0.051690772617794804,842.7028887581399,-0.021838114733569527
2020-03-06,0.0,1272.8406300752142,-0.051690772617794804,860.5689050398381,-0.021200848507861032
2020-03-07,0.0,1272.8406300752142,-0.051690772617794804,835.8498696006335,0.028724062994189108
2020-03-08,0.0,1272.8406300752142,-0.051690772617794804,754.8150414896016,0.09694902285472633
2020-03-09,0.0,1272.8406300752142,-0.051690772617794804,752.9128755571766,0.002520042431416379
2020-03-10,0.0,1272.8406300752142,-0.051690772617794804,754.0566863582585,-0.0015191808218652752
2020-03-11,0.0,1272.8406300752142,-0.051690772617794804,742.9485742289885,0.014731136703948575
2020-03-12,0.0,1272.8406300752142,-0.051690772617794804,525.9425237693737,0.2920875791232492
2020-03-13,0.0,1272.8406300752142,-0.051690772617794804,599.3841067653391,-0.13963803966566038
2020-03-14,0.0,1272.8406300752142,-0.051690772617794804,564.9474257009593,0.05745344375282497
2020-03-15,0.0,1272.8406300752142,-0.051690772617794804,578.0873239879382,-0.023258621403001407
2020-03-16,0.0,1272.8406300752142,-0.051690772617794804,542.0279992455963,0.06237695110418005
2020-03-17,0.0,1272.8406300752142,-0.051690772617794804,564.5561578208143,-0.0415627211261652
2020-03-18,0.0,1272.8406300752142,-0.051690772617794804,569.85678096317,-0.009389009523545124
2020-03-19,0.0,1272.8406300752142,-0.051690772617794804,631.273592288638,-0.10777587172282417
2020-03-20,0.0,1272.8406300752142,-0.051690772617794804,620.8515648527032,0.016509525447041713
2020-03-21,0.0,1272.8406300752142,-0.051690772617794804,622.0172582428324,-0.0018775717999613179
2020-03-22,0.0,1272.8406300752142,-0.051690772617794804,589.78597111853,0.051817351845436246
2020-03-23,0.0,1272.8406300752142,-0.051690772617794804,629.3617267880161,-0.06710189391997656
2020-03-24,0.0,1272.8406300752142,-0.051690772617794804,641.7387112604885,-0.01966593128507989
2020-03-25,0.0,1272.8406300752142,-0.051690772617794804,635.8555599120142,0.009167518251966886
2020-03-26,0.0,1272.8406300752142,-0.051690772617794804,657.0016867184007,-0.0332561797671672
2020-03-27,0.0,1272.8406300752142,-0.051690772617794804,632.8637649376708,0.03673951265071218
2020-03-28,0.0,1272.8406300752142,-0.051690772617794804,634.1592271283573,-0.002046984299715758
2020-03-29,0.0,1272.8406300752142,-0.051690772617794804,606.2380399080417,0.04402866981333718
2020-03-30,0.0,1272.8406300752142,-0.051690772617794804,634.7996051297495,-0.04711278960000609
2020-03-31,0.0,1272.8406300752142,-0.051690772617794804,642.2577278893325,-0.011748782921909109
2020-04-01,0.0,1272.8406300752142,-0.051690772617794804,651.229889442358,-0.013969721442684411
2020-04-02,0.0,1272.8406300752142,-0.051690772617794804,663.8587766006873,-0.019392364145237977
2020-04-03,0.0,1272.8406300752142,-0.051690772617794804,667.5198093532465,-0.0055147764578871005
2020-04-04,0.0,1272.8406300752142,-0.051690772617794804,675.2085666112152,-0.011518395634458032
2020-04-05,0.0,1272.8406300752142,-0.051690772617794804,669.9580486485843,0.007776142398462994
2020-04-06,0.0,1272.8406300752142,-0.051690772617794804,729.6888991283441,-0.08915610552070631
2020-04-07,0.0,1272.8406300752142,-0.051690772617794804,715.8225040151053,0.01900316029173954
2020-04-08,0.0,1272.8406300752142,-0.051690772617794804,734.0511178454802,-0.025465270689492354
2020-04-09,0.0,1272.8406300752142,-0.051690772617794804,727.4112175566041,0.009045555721466638
2020-04-10,0.0,1272.8406300752142,-0.051690772617794804,691.3943463543299,0.049513769286176186
2020-04-11,0.0,1272.8406300752142,-0.051690772617794804,693.7427652893376,-0.0033966417969583584
2020-04-12,0.0,1272.8406300752142,-0.051690772617794804,698.2814775329423,-0.006542356145093242
2020-04-13,0.0,1272.8406300752142,-0.051690772617794804,699.1001334482731,-0.0011723866974435568
2020-04-14,0.0,1272.8406300752142,-0.051690772617794804,704.063616649552,-0.007099817270520115
2020-04-15,0.0,1272.8406300752142,-0.051690772617794804,683.2154231102035,0.029611235471248314
2020-04-16,0.0,1272.8406300752142,-0.051690772617794804,724.0167071619019,-0.05971950086542065
2020-04-17,0.0,1272.8406300752142,-0.051690772617794804,719.8679366744637,0.005730213745620708
2020-04-18,0.0,1272.8406300752142,-0.051690772617794804,749.9374700202885,-0.04177090243070885
2020-04-19,0.0,1272.8406300752142,-0.051690772617794804,733.7140734713423,0.021632999013247587
2020-04-20,0.0,1272.8406300752142,-0.051690772617794804,707.799888619477,0.035319187390341775
2020-04-21,0.0,1272.8406300752142,-0.051690772617794804,712.211394801738,-0.006232702566350319
2020-04-22,0.0,1272.8406300752142,-0.051690772617794804,736.2278933802207,-0.033721025462065776
2020-04-23,0.0,1272.8406300752142,-0.051690772617794804,760.0068211366112,-0.032298324975456864
2020-04-24,0.0,1272.8406300752142,-0.051690772617794804,763.2723384677523,-0.004296694766841073
2020-04-25,0.0,1272.8406300752142,-0.051690772617794804,771.6550475200388,-0.010982592490007517
2020-04-26,0.0,1272.8406300752142,-0.051690772617794804,787.4212674153479,-0.02043169411770061
2020-04-27,0.0,1272.8406300752142,-0.051690772617794804,790.5480275789445,-0.003970886097425289
2020-04-28,0.0,1272.8406300752142,-0.051690772617794804,799.7011514015895,-0.011578200821873472
2020-04-29,0.0,1272.8406300752142,-0.051690772617794804,851.3311879212529,-0.06456166335283434
2020-04-30,0.0,1272.8406300752142,-0.051690772617794804,823.5685923536204,0.032610805244222406
2020-05-01,0.0,1272.8406300752142,-0.051690772617794804,845.3532310712374,-0.026451517116941207
2020-05-02,0.0,1272.8406300752142,-0.051690772617794804,852.0824010896899,-0.007960187257964641
2020-05-03,0.0,1272.8406300752142,-0.051690772617794804,838.8197465234367,0.015564990603364344
2020-05-04,0.0,1272.8406300752142,-0.051690772617794804,836.0947000898196,0.0032486674817935957
2020-05-05,0.0,1272.8406300752142,-0.051690772617794804,836.17950130445,-0.00010142537038095232
2020-05-06,0.0,1272.8406300752142,-0.051690772617794804,826.1957126905484,0.011939767236970973
2020-05-07,0.0,1272.8406300752142,-0.051690772617794804,858.9023113843151,-0.03958698670470714
2020-05-08,-0.0021713651098719255,1270.0768283406414,-0.05374989818750217,859.0851955540318,-0.002384292898390578
2020-05-09,-0.0028998890121882948,1266.3937465015015,-0.05649391846053027,849.9358333173718,0.007750233099111159
2020-05-10,-0.009089787117345982,1254.8824969390646,-0.06507018788564535,796.1208387186672,0.054226751013138605
2020-05-11,-7.811163282445133e-05,1254.7844760182259,-0.06514321677984586,788.9119439142232,0.008976914255012505
2020-05-12,0.0,1254.7844760182259,-0.06514321677984586,808.8311973293828,-0.025249019955673697
2020-05-13,0.0,1254.7844760182259,-0.06514321677984586,829.5901675727321,-0.025665392620724363
2020-05-14,0.0,1254.7844760182259,-0.06514321677984586,839.215226104395,-0.011602184919602696
2020-05-15,0.0,1254.7844760182259,-0.06514321677984586,818.5892929860673,0.024577644061669974
2020-05-16,0.0,1254.7844760182259,-0.06514321677984586,827.8684936710324,-0.01133559987220981
2020-05-17,0.0,1254.7844760182259,-0.06514321677984586,838.8836237338209,-0.01330541039669694
2020-05-18,0.0,1254.7844760182259,-0.06514321677984586,856.1655096020702,-0.020601052850845538
2020-05-19,0.0,1254.7844760182259,-0.06514321677984586,865.9551096698312,-0.011434237840661412
2020-05-20,0.00011831608607848487,1254.9329372063003,-0.06503260818421142,856.0808342574012,0.01152107276730517
2020-05-21,-0.006858010404379056,1246.3265940661415,-0.07144462428503921,823.0954857279496,0.031672636713850566
2020-05-22,0.005272789684646728,1252.8982120750343,-0.06654854707834616,845.1094486373485,-0.021472543379511037
2020-05-23,-0.0012321085558082423,1251.3545054683798,-0.06769866059992256,841.2409446994187,0.0033454097102190794
2020-05-24,-0.005209842337165815,1244.8351457869874,-0.07255580358892554,815.7825291139789,0.025053087380949864
2020-05-25,0.0037892434005124542,1249.5521291478867,-0.06904149178833126,831.9609984528947,-0.016042597514844475
2020-05-26,-0.0005072368071421529,1248.91831031554,-0.06951370820961833,825.7912194942485,0.006908710539091002
2020-05-27,0.002248576952114778,1251.7265992431899,-0.06742143817963965,842.8598051613297,-0.01842079475364747
2020-05-28,0.014083282990075885,1269.355019166537,-0.05428767038304557,882.2423395193645,-0.032641610185363455
2020-05-29,-0.0001713252171006152,1269.1375466423005,-0.0544496947532319,877.5187273095153,0.005182773082491947
2020-05-30,0.0,1269.1375466423005,-0.0544496947532319,929.1774698998552,-0.05886910556168577
2020-05-31,-0.008703322980622263,1258.091832667038,-0.06267912445422051,906.2948638512192,0.015923410651976683
2020-06-01,0.015067638427676888,1277.0483055104783,-0.048555912410783234,950.190353616645,-0.03336636634963771
2020-06-02,-0.013958885510873209,1259.222134422003,-0.061837011499438294,921.3566105136082,0.016386342677656485
2020-06-03,0.01212222569406296,1274.486709334426,-0.05046438801501798,941.7243340001565,-0.009984006848398983
2020-06-04,0.0042461266457360924,1279.8983413105673,-0.046432539551893325,947.4522112762423,-0.001836202406711277
2020-06-05,-0.007100141626520617,1270.8108818197134,-0.05320300357151653,938.1326229909893,0.0027363315742746173
2020-06-06,0.0023233071944934736,1273.7633658842858,-0.05100330329798934,940.8664581719493,-0.0005908172202868656
2020-06-07,0.0023816841917840836,1276.7970679568862,-0.048743092867398786,942.8499345599222,0.0002735461337787237
2020-06-08,0.0010072259225193392,1278.083091061529,-0.047784962251559204,944.9713502182243,-0.0012427775833857408
2020-06-09,-0.005177131476308494,1271.4662868614569,-0.052714704695700894,935.4308395828141,0.004918953059171782
2020-06-10,0.003579474674328953,1276.0174682345405,-0.04932392097179495,941.4382591829215,-0.00284261378577206
2020-06-11,-0.022715135765551286,1247.032558204378,-0.07091865717598259,891.7334237259869,0.03008156648455023
2020-06-12,0.0028950562662788393,1250.6427876262612,-0.06822891441255714,911.8039746177183,-0.01961228769742426
2020-06-13,0.00023290282634169657,1250.9340658662431,-0.06801190229322043,912.3929272497401,-0.0004130174025856867
2020-06-14,-0.002763310746303982,1247.4773463191173,-0.07058727501904095,899.4884279392269,0.011380265913602543
2020-06-15,-0.00040633024235958715,1246.9704585466493,-0.07096492351683456,903.138707521823,-0.004464503165116421
2020-06-16,-8.064200361312945e-05,1246.8699003504257,-0.07103984276682904,909.0888523725347,-0.0066689376897083
2020-06-17,0.0,1246.8699003504257,-0.07103984276682904,914.6424286129576,-0.006108947685288754
2020-06-18,0.0,1246.8699003504257,-0.07103984276682904,905.2294021782633,0.01029148237630866
2020-06-19,0.0,1246.8699003504257,-0.07103984276682904,896.5209307921077,0.00962018176298778
2020-06-20,0.0,1246.8699003504257,-0.07103984276682904,897.9288164545817,-0.0015703879453544836
2020-06-21,0.0,1246.8699003504257,-0.07103984276682904,892.8172686261464,0.005692598048716072
2020-06-22,0.0,1246.8699003504257,-0.07103984276682904,921.4306498820912,-0.032048418261414816
2020-06-23,0.0,1246.8699003504257,-0.07103984276682904,918.1743473132695,0.003533963808603919
2020-06-24,0.0,1246.8699003504257,-0.07103984276682904,901.8303783389014,0.01780050708473107
2020-06-25,0.0,1246.8699003504257,-0.07103984276682904,896.5993218303614,0.005800488245001345
2020-06-26,0.0,1246.8699003504257,-0.07103984276682904,891.724438320269,0.005437081415743902
2020-06-27,0.0,1246.8699003504257,-0.07103984276682904,869.3124361868772,0.025133327259269627
2020-06-28,0.0,1246.8699003504257,-0.07103984276682904,881.0380637882694,-0.013488392795604083
2020-06-29,0.0,1246.8699003504257,-0.07103984276682904,890.4257770825208,-0.010655286848659287
2020-06-30,0.0,1246.8699003504257,-0.07103984276682904,884.9106143752011,0.006193848885855597
2020-07-01,0.0,1246.8699003504257,-0.07103984276682904,914.6355647552857,-0.03359090725911588
2020-07-02,-0.003914578617865705,1241.9889300992536,-0.07467633033518317,899.7656710300325,0.012343146642611824
2020-07-03,0.0035341999594245,1246.3783673256162,-0.07140605145939916,903.905628810511,-0.0010669511110969077
2020-07-04,0.003385601556646467,1250.5981078662041,-0.0682622023417277,915.802299577902,-0.009775806435741385
2020-07-05,-0.0018657712811803728,1248.264777832249,-0.07000061196618873,910.0388105692633,0.004427605587708383
2020-07-06,0.006760484045233106,1256.7036519470103,-0.06371336594130961,946.8327231153233,-0.03367066253745384
2020-07-07,0.012034391427424795,1271.8273156028147,-0.05244572609878137,961.9137005604719,-0.003893424623892465
2020-07-08,-9.062727207354015e-05,1271.712053362653,-0.05253160035776663,1002.3315536161415,-0.04210879691880964
2020-07-09,-0.004113622594808297,1266.4807099258503,-0.056429127774401816,984.0851547442549,0.014090332779098245
2020-07-10,-0.003830005876374276,1261.6300813645196,-0.0600430097598015,979.799845759371,0.0005246060840079026
2020-07-11,-8.638289829709933e-05,1261.5210981015125,-0.06012420596889307,989.6848126527086,-0.010175144328624113
2020-07-12,0.0,1261.5210981015125,-0.06012420596889307,1000.2678085249066,-0.010693299257398798
2020-07-13,0.0006244542859512592,1262.30886035804,-0.05953729650104848,993.4700374925635,0.007420405304676739
2020-07-14,-0.0024709054110029216,1259.1898145646244,-0.06186109088397045,1001.4871517685971,-0.010540715242679426
2020-07-15,-0.0033716964691326012,1254.9442087128891,-0.06502421053139286,992.615764281388,0.005486517509491584
2020-07-16,-0.003583911933493722,1250.4465991874142,-0.06837508142079708,977.7944432188513,0.01134766743071953
2020-07-17,-0.00010452787365156091,1250.3158926632864,-0.06847246219257694,972.5624366577428,0.005246296726951506
2020-07-18,0.0,1250.3158926632864,-0.06847246219257694,979.7262456583202,-0.00736591166855703
2020-07-19,0.0,1250.3158926632864,-0.06847246219257694,990.6841743945339,-0.01118468427764804
2020-07-20,0.0,1250.3158926632864,-0.06847246219257694,973.0977953537869,0.017751751259673876
2020-07-21,0.0,1250.3158926632864,-0.06847246219257694,994.2723909765099,-0.02175998725289942
2020-07-22,0.0,1250.3158926632864,-0.06847246219257694,1013.1255985230307,-0.018961813400052683
2020-07-23,0.006750520017537065,1258.7561751249546,-0.06218416690172096,1030.1127605826978,-0.010016564028539263
2020-07-24,0.002270746111959543,1261.6144908155247,-0.06005462524497885,1028.6789784879197,0.003662615186532452
2020-07-25,0.01901274297581601,1285.6012428639654,-0.04218368542345453,1083.626423793521,-0.03440279914634343
2020-07-26,0.0005638221435702029,1286.3260933124934,-0.04164364737582348,1093.8758461531381,-0.00889462417572143
2020-07-27,0.0010587434445132882,1287.6879826312943,-0.04062899386997506,1114.3322519069723,-0.017642104394639233
2020-07-28,0.0024091873407485753,1290.7902642178838,-0.03831768938692531,1129.6315967933497,-0.011320420556891848
2020-07-29,0.004425461707439293,1296.5026071045154,-0.034061801146585455,1129.795732543996,0.004280161459896467
2020-07-30,0.008622724351662558,1307.6819917067894,-0.025732782317131112,1140.6296027330282,-0.0009665048133625943
2020-07-31,0.01980470272812651,1333.5802448154668,-0.006437709693162939,1163.4223938987266,-0.00017793765845047077
2020-08-01,0.048501580981913595,1398.2609950552644,0.0,1224.0074933371225,-0.003573314392388456
2020-08-02,-0.021087572604049032,1368.7750648026267,-0.02108757260404899,1187.2558510484826,0.008938095121595935
2020-08-03,-0.00027227850081501526,1368.4023767800293,-0.02135410941220956,1221.7907694845517,-0.029360295549179738
2020-08-04,0.0,1368.4023767800293,-0.02135410941220956,1227.599195711368,-0.0047540269347974605
2020-08-05,0.0,1368.4023767800293,-0.02135410941220956,1248.2664903220832,-0.01683553938689161
2020-08-06,-0.002394703552242805,1365.1254587474566,-0.023697676202787992,1245.07888613782,0.00015892118171968945
2020-08-07,-0.0018504077808372266,1362.5994199767713,-0.025504233619191845,1220.3515159873639,0.01800967532374374
2020-08-08,0.0026074234376292083,1366.1522936405186,-0.022963310518060175,1246.2854426674794,-0.018643770452299195
2020-08-09,-0.0022244841222588407,1363.1133095547277,-0.0251367131206771,1231.4214827435155,0.009702125477023696
2020-08-10,0.0009412647227891036,1364.396360026176,-0.024219108699195354,1241.2636369000857,-0.007051249858524344
2020-08-11,-0.005965167768499535,1356.2575068358897,-0.030039805421100657,1200.2954231977747,0.027040079855304544
2020-08-12,-3.5398923104446034e-05,1356.2094967806954,-0.03007414096744289,1231.331617506344,-0.02589252851698722
2020-08-13,0.0,1356.2094967806954,-0.03007414096744289,1263.5478093330269,-0.02616370063811562
2020-08-14,0.002258528897943979,1359.2725351208408,-0.027883535385954665,1266.624821063341,-0.000176687013623738
2020-08-15,-0.0009999605324880756,1357.9133162328249,-0.028855613483550587,1252.4200481682826,0.010214704346046004
2020-08-16,0.0002156345230535095,1358.2061292231188,-0.028646201226948005,1273.411280613334,-0.01654490238766734
2020-08-17,-0.00047574942658112906,1357.559963435962,-0.029108322239721676,1271.2453673920238,0.0012251254237396006
2020-08-18,-0.0048176545621833045,1351.0197084846773,-0.03378574296046925,1259.9980068044476,0.004029858967522218
2020-08-19,-0.004316278378288407,1345.1883313283033,-0.037956192666922996,1204.7087071698024,0.03956418757170743
2020-08-20,0.0023894452480748285,1348.4025851943613,-0.03565744166305124,1241.495887866915,-0.02814671712725644
2020-08-21,-0.007901068252699428,1337.7487643366244,-0.04327677803545421,1179.7621861643843,0.04182418843630875
2020-08-22,0.0025041368539069353,1341.0986703186682,-0.04088101215634423,1197.0134523455274,-0.012118527258790321
2020-08-23,-0.0002088201118032318,1340.818621944393,-0.04108129549061835,1199.844390090953,-0.0025738208892620096
2020-08-24,0.0009414383547936556,1342.080920021913,-0.04017853264306421,1224.6094272119085,-0.019698769096672848
2020-08-25,-0.00409823183478264,1336.5807612706249,-0.044112103536294175,1170.2534381591456,0.04028815605749118
2020-08-26,-8.659614502204427e-05,1336.4650185291882,-0.04419487974320114,1199.4310369059554,-0.025019313961008267
2020-08-27,0.0,1336.4650185291882,-0.04419487974320114,1179.7331633892888,0.01642268118013606
2020-08-28,0.0,1336.4650185291882,-0.04419487974320114,1222.4651880141237,-0.03622177111819834
2020-08-29,0.0,1336.4650185291882,-0.04419487974320114,1232.1814404046754,-0.00794808104624686
2020-08-30,0.0,1336.4650185291882,-0.04419487974320114,1283.6091805667993,-0.041737148828693504
2020-08-31,0.0,1336.4650185291882,-0.04419487974320114,1300.6685844996664,-0.013290185354808779
2020-09-01,0.0,1336.4650185291882,-0.04419487974320114,1331.7068526871435,-0.023863318109906353
2020-09-02,-0.006743236229580063,1327.4529191966758,-0.05064009945853493,1274.8436269160693,0.03595627053974737
2020-09-03,-0.017157317595491994,1304.6773878689555,-0.06692856878454949,1115.9635726775834,0.10746977460939829
2020-09-04,0.00010700240639716085,1304.8169914890295,-0.06682872789606895,1146.6650622739944,-0.027404190922922407
2020-09-05,0.0,1304.8169914890295,-0.06682872789606895,1036.9954501992727,0.09564223737420914
2020-09-06,0.0,1304.8169914890295,-0.06682872789606895,1107.735812562666,-0.06821665644704598
2020-09-07,0.0,1304.8169914890295,-0.06682872789606895,1099.5090264686662,0.007426667984099903
2020-09-08,0.0,1304.8169914890295,-0.06682872789606895,1062.1224504683098,0.03400297323654749
2020-09-09,0.0,1304.8169914890295,-0.06682872789606895,1152.3042007184133,-0.08490711236763764
2020-09-10,0.0,1304.8169914890295,-0.06682872789606895,1166.4938914395486,-0.012314188139111846
2020-09-11,0.0,1304.8169914890295,-0.06682872789606895,1171.3725025891758,-0.004182286067187909
2020-09-12,0.0,1304.8169914890295,-0.06682872789606895,1200.4877451424873,-0.024855665033075187
2020-09-13,0.0056760008210217094,1312.2231338040044,-0.0615320469894531,1193.269182198199,0.01168902592144172
2020-09-14,0.0001791678495977056,1312.4582420010804,-0.06136390370439587,1209.7443108945606,-0.013627548138836567
2020-09-15,-0.008867135587288466,1300.8204968166026,-0.06968691723737212,1157.1219124825204,0.03463164174783943
2020-09-16,0.0016189468950829067,1302.926456120984,-0.06818078976057854,1141.910698974357,0.01476467799227464
2020-09-17,-8.162356151875105e-05,1302.8201066232384,-0.06825684816320991,1178.6300805694614,-0.03223771214890563
2020-09-18,0.0,1302.8201066232384,-0.06825684816320991,1186.5858559799753,-0.006750018976836247
2020-09-19,0.0,1302.8201066232384,-0.06825684816320991,1183.3110036850142,0.0027598949359266705
2020-09-20,0.0,1302.8201066232384,-0.06825684816320991,1152.8457831635792,0.025745742604067257
2020-09-21,0.0,1302.8201066232384,-0.06825684816320991,1078.241033465466,0.0647135556096556
2020-09-22,0.0,1302.8201066232384,-0.06825684816320991,1100.1251165324784,-0.020296095573989544
2020-09-23,0.0,1302.8201066232384,-0.06825684816320991,1004.5695089146916,0.08685885467188643
2020-09-24,0.0,1302.8201066232384,-0.06825684816320991,1112.7647380460771,-0.10770307895197484
2020-09-25,0.0,1302.8201066232384,-0.06825684816320991,1152.8719418414532,-0.036042842142716566
2020-09-26,0.0,1302.8201066232384,-0.06825684816320991,1151.9110190274691,0.0008335035133644039
2020-09-27,0.0,1302.8201066232384,-0.06825684816320991,1172.080073370697,-0.01750921209196865
2020-09-28,0.0,1302.8201066232384,-0.06825684816320991,1144.1129052119854,0.02386114122585741
2020-09-29,0.0,1302.8201066232384,-0.06825684816320991,1160.1264972146485,-0.013996513744153847
2020-09-30,0.0,1302.8201066232384,-0.06825684816320991,1165.5255215317939,-0.0046538238115480125
2020-10-01,0.0,1302.8201066232384,-0.06825684816320991,1133.144324701503,0.027782486296596822
2020-10-02,0.0,1302.8201066232384,-0.06825684816320991,1093.747768768651,0.03476746525049222
2020-10-03,0.0,1302.8201066232384,-0.06825684816320991,1097.7788855330748,-0.0036855999888914764
2020-10-04,0.0,1302.8201066232384,-0.06825684816320991,1119.6282649689751,-0.019903260778503986
2020-10-05,0.0,1302.8201066232384,-0.06825684816320991,1131.5973041039388,-0.01069019022603487
2020-10-06,0.0,1302.8201066232384,-0.06825684816320991,1059.9954607228278,0.06327502117708662
2020-10-07,0.0,1302.8201066232384,-0.06825684816320991,1069.2747924896148,-0.008754124060549555
2020-10-08,0.0,1302.8201066232384,-0.06825684816320991,1108.5168752252014,-0.036699717426442256
2020-10-09,0.0,1302.8201066232384,-0.06825684816320991,1154.3596721124172,-0.041355073532734724
2020-10-10,0.0,1302.8201066232384,-0.06825684816320991,1149.9559986516415,0.0038148192172352707
2020-10-11,0.0,1302.8201066232384,-0.06825684816320991,1161.0542499382761,-0.009651022560556737
2020-10-12,0.0,1302.8201066232384,-0.06825684816320991,1209.9373395203027,-0.042102330347290114
2020-10-13,0.0,1302.8201066232384,-0.06825684816320991,1197.201306435652,0.010526192281742517
2020-10-14,0.0,1302.8201066232384,-0.06825684816320991,1169.2551262404909,0.023342924907393647
2020-10-15,0.0,1302.8201066232384,-0.06825684816320991,1165.6673349464286,0.0030684417913122075
2020-10-16,0.0,1302.8201066232384,-0.06825684816320991,1130.1572954119124,0.030463270669026894
2020-10-17,0.0,1302.8201066232384,-0.06825684816320991,1147.1512066174982,-0.015036766363917518
2020-10-18,0.0,1302.8201066232384,-0.06825684816320991,1156.8561238640696,-0.008460015724681453
2020-10-19,0.0,1302.8201066232384,-0.06825684816320991,1146.7044607570933,0.008775216638926664
2020-10-20,0.0,1302.8201066232384,-0.06825684816320991,1103.5489704010513,0.03763436162753685
2020-10-21,0.0,1302.8201066232384,-0.06825684816320991,1146.490135849143,-0.03891188030603294
2020-10-22,0.002601245487634962,1306.2090615467923,-0.0658331554938596,1197.1413978175951,-0.04157816817207153
2020-10-23,-0.0006930423975142208,1305.3038032871232,-0.06648057272345441,1185.5862122127428,0.008959272379936148
2020-10-24,0.0027797243242313474,1308.9321880196321,-0.06388564606431124,1183.4779626913087,0.004557958163084035
2020-10-25,-0.001245868387978466,1307.301430784571,-0.06505192134541256,1160.2553924229283,0.01837644060337018
2020-10-26,0.00032673026554475015,1307.7285657281982,-0.06474644551140328,1141.2605341447677,0.01669800369569374
2020-10-27,0.008628343667997918,1319.0120972177592,-0.05667675642655896,1159.6202630160178,-0.007458893489474119
2020-10-28,-0.0054487965971198316,1311.8250685908793,-0.06181673290612593,1110.5956765030908,0.036827617567479556
2020-10-29,0.002774846687234156,1315.4651820366894,-0.059213418175411967,1082.5987348109709,0.027983788415040487
2020-10-30,0.0015170701449049862,1317.4608349910193,-0.05778617893939865,1067.8065053196226,0.015180701013576983
2020-10-31,0.0033740139761575527,1321.9059662613192,-0.05460713633861133,1080.6691145197744,-0.00867180999669954
2020-11-01,-0.00045236076718913054,1321.3079878642693,-0.05503479497971237,1100.8301719098424,-0.01910844811084102
2020-11-02,-0.0031291438580963726,1317.17342508939,-0.05799172704711643,1060.258851170733,0.033726060309065775
2020-11-03,0.0069511707228893105,1326.3293224388392,-0.0514436667194469,1048.753831598314,0.017802312931902757
2020-11-04,0.0017385904215649894,1328.635265894672,-0.049794515764090545,1049.0447539181582,0.0014611923219550104
2020-11-05,0.02105520092410651,1356.609948372938,-0.02978774837431555,1090.6573001842498,-0.018611882973572573
2020-11-06,-0.00017801415970730705,1356.368452592928,-0.02996045989302641,1207.1374078904216,-0.10697609609295462
2020-11-07,-0.004916409968881208,1349.6999892111241,-0.03472957195821725,1167.0186637074116,0.028318202694743437
2020-11-08,0.004447599237063615,1355.7029138534042,-0.030436435938898627,1211.51830003924,-0.03368344160718558
2020-11-09,-0.0023307031591064398,1352.5431727892762,-0.03269620080061035,1187.235072434697,0.01771292936692029
2020-11-10,0.0013924384973087456,1354.4265059723402,-0.031349289752012045,1220.206785643352,-0.02637941054438028
2020-11-11,0.0029564204482908085,1358.430760190304,-0.028485550984983433,1205.1076196226982,0.015330688644720156
2020-11-12,-0.0001731538512297348,1358.195542672548,-0.028653772453355746,1195.825972869407,0.007528769696641608
2020-11-13,0.003330094032783615,1362.718461544555,-0.025419098177235873,1236.491125946325,-0.030675818198191776
2020-11-14,-0.0052609435225419166,1355.549276681244,-0.030546313259873396,1206.975524700835,0.018609507810378782
2020-11-15,-0.0033305276848129006,1351.034582287129,-0.03377510560270529,1207.97137266211,-0.004155604864005854
2020-11-16,0.015852283839603798,1372.4515659626652,-0.018458234323828163,1266.671347757088,-0.032741562358601914
2020-11-17,0.017143910232977122,1395.980752408638,-0.0016307704031580487,1309.7147533860725,-0.016837600207913507
2020-11-18,-0.003909040627031235,1390.523806932919,-0.005533436282430028,1284.2653223813622,0.015522237014847989
2020-11-19,0.00277025214144877,1394.3759084868102,-0.002778513154692301,1279.567345680298,0.006428356599453606
2020-11-20,0.025153090665383848,1429.4487721346059,0.0,1351.4110600796298,-0.03099378948271446
2020-11-21,0.020309485627033386,1458.480141426854,0.0,1522.4191307164679,-0.10623089552595319
2020-11-22,-0.004107603787878444,1452.4892828733837,-0.004107603787878413,1502.7664263575007,0.008801262083846668
2020-11-23,0.014860995436876134,1474.0747194782764,0.0,1644.8172684145602,-0.07966523270183135
2020-11-24,0.022423173544675823,1507.128152730957,0.0,1736.2098812451673,-0.03314081802181623
2020-11-25,-0.02576371865028515,1468.2989270340727,-0.02576371865028514,1641.0605783958024,0.02903916196753869
2020-11-26,-0.029527665511991152,1424.943487444995,-0.05453064169562563,1452.7525187497415,0.085220115359169
2020-11-27,-0.00028897259369720096,1424.531717829556,-0.054803856428356106,1466.2707419126937,-0.009594221070971425
2020-11-28,0.0,1424.531717829556,-0.054803856428356106,1548.8567982034242,-0.05632387930144483
2020-11-29,0.0,1424.531717829556,-0.054803856428356106,1580.6699542742242,-0.020539765914899984
2020-11-30,0.0,1424.531717829556,-0.054803856428356106,1661.0074026513091,-0.05082493543946209
2020-12-01,-0.004539073816073991,1418.065663208989,-0.059094171494696306,1577.6638256569795,0.045637449696883374
2020-12-02,0.0020971522794315245,1421.0395628469712,-0.05712094869171608,1627.6944048732325,-0.029614660086817617
2020-12-03,0.0010332807629072072,1422.507895690591,-0.056146689906250984,1651.165204066883,-0.013386378801799872
2020-12-04,-0.003697422601053879,1417.2482828468872,-0.05963651446707111,1513.726248419403,0.07954013310140554
2020-12-05,0.002376804461460713,1420.6168048885552,-0.057401454339261686,1587.072091087816,-0.046077031061969524
2020-12-06,0.0010045546492263302,1422.043892104675,-0.05645456258786422,1585.0562895702749,0.0022746932452364366
2020-12-07,-0.0009299448017900946,1420.721469779295,-0.0573320077626384,1550.075358450485,0.021139259522349962
2020-12-08,-0.004043805743651152,1414.9763481396728,-0.06114397400400399,1439.876713175597,0.06704863803601581
2020-12-09,0.0010350551535858177,1416.440926701017,-0.060172206235821694,1480.4434538751113,-0.027138704674813656
2020-12-10,-0.0013853102253238436,1414.4787166016908,-0.061474159288566727,1437.2012883046564,0.02782361731410175
2020-12-11,-0.0010574811979494614,1412.982931953985,-0.06246663271890875,1403.4535019131247,0.022424119233498234
2020-12-12,-6.982429454827077e-05,1412.8842714175526,-0.06253209532489458,1431.6747009902306,-0.0201782205033547
2020-12-13,0.0,1412.8842714175526,-0.06253209532489458,1478.8925750621574,-0.03298086781813524
2020-12-14,0.0,1412.8842714175526,-0.06253209532489458,1475.3492065335781,0.0023959607265122695
2020-12-15,0.0,1412.8842714175526,-0.06253209532489458,1487.3672512716566,-0.008145898398058555
2020-12-16,0.0,1412.8842714175526,-0.06253209532489458,1604.7038734092555,-0.0788888030426106
2020-12-17,0.008172603293603142,1424.4312140676197,-0.05487054203949955,1594.0440486688722,0.01481546427064833
2020-12-18,0.00305766378897121,1428.7866458107546,-0.05198065392000372,1628.8201384554209,-0.018758602716078623
2020-12-19,0.004217908130047965,1434.8131366202238,-0.04798199541273016,1651.0280743530247,-0.009416461542384704
2020-12-20,-0.00450316431175557,1428.3519373093575,-0.05226908891513632,1609.4173485933673,0.020699754043199188
2020-12-21,-0.007847311516362199,1417.1432147022915,-0.059706228608105004,1526.361158783871,0.04375906011998649
2020-12-22,0.009489373910836596,1430.5910165518064,-0.05078342942533668,1526.5242354442935,0.009382533757387814
2020-12-23,-0.00968628127424731,1416.7339095770742,-0.05997780811809932,1317.8517821833434,0.1270114850735081
2020-12-24,0.002500590386929513,1420.2765807721998,-0.05762719766157893,1453.3571513556894,-0.10032233022091641
2020-12-25,0.005096398050304041,1427.51487556934,-0.05282449074908177,1467.7981187645066,-0.004839884573238742
2020-12-26,0.009193345514487694,1440.6385130475198,-0.04411677902967718,1455.2694057231665,0.017729065026027748
2020-12-27,-0.0010980986907905832,1439.0565497824398,-0.04516643314317342,1452.3845025723183,0.0008842855601959299
2020-12-28,0.009335423631340545,1452.4907523041143,-0.03625265729914096,1527.307158555891,-0.04225054127731652
2020-12-29,0.00876817320219958,1465.2264427949099,-0.027802353675180257,1562.8448262714298,-0.014500013237220215
2020-12-30,0.005482446348599401,1473.259468156082,-0.022472332238969897,1539.1266172066992,0.020658750909376935
2020-12-31,-0.004228040995251536,1467.0304667280757,-0.026605359292256107,1552.1539496083822,-0.012692148012857436
2021-01-01,7.572805683286887e-05,1467.1415620946357,-0.026531646007583738,1647.4327436197068,-0.061309158432915165
2021-01-02,0.0213435207518482,1498.4555284711014,-0.005754403992879177,1658.9920337873,0.014326973210007168
2021-01-03,0.04285063856142357,1562.6653047219836,0.0,1837.592234380602,-0.06480521327867048
2021-01-04,0.0006468253306119998,1563.6760762243464,0.0,1929.6259507337859,-0.04943703692743987
2021-01-05,0.015547658521109398,1587.987577895111,0.0,2009.4184167245226,-0.025803602307650775
2021-01-06,0.00851765944483196,1601.513515286245,0.0,2168.7924092903345,-0.07079583307585546
2021-01-07,0.0032455309244920905,1606.7112769260984,0.0,2327.7415377249345,-0.07004370033328929
2021-01-08,-0.0005612923444988649,1605.8094421865399,-0.0005612923444988436,2539.5984395332207,-0.09157522081327067
2021-01-09,0.00837116858435305,1619.2519437414294,0.0,2714.740206679743,-0.06059318594514232
2021-01-10,-0.007951081197008603,1606.3771400583273,-0.007951081197008578,2604.0929378679684,0.03280687735074558
2021-01-11,-0.025296708702906456,1565.7410854792638,-0.03304665371500118,2384.75587156449,0.058931109403713905
2021-01-12,-0.00017412537896388525,1565.4684502193954,-0.03321502483286343,2507.672137877337,-0.051716619844952696
2021-01-13,0.0,1565.4684502193954,-0.03321502483286343,2656.32058985049,-0.05927746682984599
2021-01-14,0.0,1565.4684502193954,-0.03321502483286343,2726.1455911036614,-0.026286360735208385
2021-01-15,0.0,1565.4684502193954,-0.03321502483286343,2635.9105898170574,0.0330998467510582
2021-01-16,0.0,1565.4684502193954,-0.03321502483286343,2887.89970464354,-0.09559850618604337
2021-01-17,0.0,1565.4684502193954,-0.03321502483286343,3005.5075215016223,-0.040724342562512277
2021-01-18,-0.0018506155617800113,1562.5713699439439,-0.035004172152802784,3000.7163747707327,-0.0002564932058673555
2021-01-19,-0.004391029565886662,1555.710072859712,-0.03924149736383709,2959.710476108293,0.009274340146228537
2021-01-20,0.0013000596410361887,1557.7325887385903,-0.03799245400977753,3003.8575346613857,-0.013615946133671104
2021-01-21,-0.021233853502519162,1524.655923153215,-0.05841958130965188,2587.7054608137955,0.11730536450154033
2021-01-22,0.008373603545586805,1537.4227873971308,-0.050535160177251244,2817.6360860072477,-0.08048141827793345
2021-01-23,-8.912238885494528e-05,1537.285768605638,-0.050619778751910045,2829.3347801472232,-0.004241075935330455
2021-01-24,0.0,1537.285768605638,-0.050619778751910045,2905.8673248095024,-0.027049660294458718
2021-01-25,0.0,1537.285768605638,-0.050619778751910045,2861.380110937782,0.015309444272249275
2021-01-26,0.0,1537.285768605638,-0.050619778751910045,2918.6169207156277,-0.020003217873450354
2021-01-27,0.0,1537.285768605638,-0.050619778751910045,2703.1098459393584,0.07383876700181272
2021-01-28,0.0,1537.285768605638,-0.050619778751910045,2888.5900647345206,-0.06861734423179014
2021-01-29,0.0,1537.285768605638,-0.050619778751910045,2941.9898627362636,-0.018486457685248068
2021-01-30,0.0,1537.285768605638,-0.050619778751910045,3278.6127117441147,-0.11442012539593419
2021-01-31,0.00018933569645085413,1537.5768316772808,-0.050440027186523434,3323.240523919414,-0.013422461761492564
2021-02-01,0.0033790228433350222,1542.772338914901,-0.047231442347270135,3428.991450907529,-0.028442606144082637
2021-02-02,0.006725906621253719,1553.1488816042959,-0.04082320999683123,3598.415365680769,-0.04268334889858706
2021-02-03,0.012920033117186591,1573.2156165905446,-0.028430614104753588,3848.412278363193,-0.056554134614177604
2021-02-04,0.008990402857703028,1587.3594587657233,-0.019695813921344205,4000.7118696310827,-0.030584252935845782
2021-02-05,0.0332613916317972,1640.1572433841677,0.0,4448.7121991858,-0.07871876193922926
2021-02-06,-0.006664813042945861,1629.2259019959788,-0.00666481304294585,4548.585433181902,-0.029114733272530748
2021-02-07,0.0003950720832364141,1629.8695636671432,-0.0062723740412826134,4729.517247080078,-0.039382528350137745
2021-02-08,0.02851288980071276,1676.3418549255202,0.0,5398.966135739143,-0.1130340913573264
2021-02-09,0.0031830121338134454,1681.6776713901675,0.0,5793.044069662123,-0.06980835769796427
2021-02-10,0.033050318512060084,1737.257654064232,0.0,6967.832933714423,-0.16974269495811384
2021-02-11,0.0066035558574473185,1748.7297320216228,0.0,6932.120088025657,0.011728943625567756
2021-02-12,0.0005523347067606377,1749.6956161453625,0.0,7224.190479208959,-0.04158057520745392
2021-02-13,-0.0038720028906418236,1742.9207896619043,-0.0038720028906417993,7069.460460415445,0.0175463164682985
2021-02-14,0.0015027428220222294,1745.539951367922,-0.0023750786931704005,6853.013020997328,0.0321199929827789
2021-02-15,-0.0007568325699196521,1744.2188698806308,-0.003130113726178915,6732.335838940085,0.01685252869752483
2021-02-16,-0.0016564792468557465,1741.3296075206993,-0.004781408004606998,6610.568170520046,0.01643050739984862
2021-02-17,0.006012116778621124,1751.7986844711843,0.0,7021.84374179685,-0.056202742922984474
2021-02-18,0.012002521515010134,1772.824685871516,0.0,7452.378300140215,-0.04931108416673551
2021-02-19,0.053109187583412654,1866.977964665971,0.0,8617.686640249578,-0.10325812137182883
2021-02-20,-0.0077569094700497,1852.4959856114795,-0.007756909470049709,8182.7987740337885,0.042707662330996335
2021-02-21,0.006651846254720706,1864.8185040952544,-0.001156660984535511,8614.759502542109,-0.046137027141390084
2021-02-22,0.005342013162779047,1874.7803890903251,0.0,8610.053745276065,0.00588825676536074
2021-02-23,-0.00018469701521151016,1874.434122748283,-0.00018469701521153299,7733.495304294573,0.10162168734823337
2021-02-24,0.005632023473066017,1884.9909797263174,0.0,8203.967753999714,-0.05520365705600568
2021-02-25,-0.00972804679266115,1866.6536992717956,-0.009728046792661128,7552.995854097632,0.06962037575382071
2021-02-26,-0.000736440929978821,1865.2790190855555,-0.010457323590813063,7544.525519287582,0.00038501272545443666
2021-02-27,0.002143308344568773,1869.2768871721105,-0.008336428515158431,7609.517949899766,-0.006471206968028545
2021-02-28,-6.737868865180907e-05,1869.1509377467257,-0.008403245506188832,7347.64725278188,0.03434619374024767
2021-03-01,-0.0005047580888813963,1868.2074686915578,-0.008903761988928147,8156.3495282248105,-0.1105675098270993
2021-03-02,-0.0023389509377950146,1863.837823080666,-0.0112218874642692,7808.615504276227,0.04029458539426879
2021-03-03,-0.00031255962659060277,1863.2552626266586,-0.011530939581904329,7956.183676020165,-0.019210682048308718
2021-03-04,-0.0032131922073445063,1857.268265336493,-0.0147070806640409,7684.45119136636,0.030940429141645027
2021-03-05,0.0014889623504070748,1860.033667858185,-0.013240016603026889,7542.602415406713,0.019948156433000457
2021-03-06,-0.0009638245430967363,1858.240921758117,-0.014191080093170596,7700.609452406385,-0.021912434624535262
2021-03-07,4.1761257688843756e-05,1858.3185242360987,-0.014149911472834351,8016.547496892393,-0.04098590628455755
2021-03-08,-0.00038507688263800244,1857.6029287318374,-0.014529539551672781,8066.458545298422,-0.0066110798378225455
2021-03-09,0.0025123790531391688,1862.2699314190331,-0.012053664209355072,9000.571922185312,-0.11328978761532323
2021-03-10,-0.0020629917729785285,1858.4280838714503,-0.01409178937223548,8543.286000603786,0.048743326484906015
2021-03-11,-0.00026909498757765604,1857.927990189307,-0.0143570923299271,8829.341881867156,-0.033752216264701373
2021-03-12,-0.002950821916347879,1852.4455755568601,-0.017265549023572795,8288.783012953607,0.058272186111430244
2021-03-13,0.002173833543503534,1856.4724838865202,-0.015129247909683795,8846.583822437167,-0.06512202986754698
2021-03-14,-0.002600943939660594,1851.6439030304089,-0.017690841523682093,8432.655699752964,0.04418865654254805
2021-03-15,-0.0038168628100647695,1844.576432279449,-0.02144018081865638,8234.003475015086,0.019740629848350805
2021-03-16,0.0014670718303095853,1847.2825584020989,-0.020004563273662686,8725.788972221146,-0.058259098883403714
2021-03-17,0.0022786322534948944,1851.4918360209927,-0.017771514063260132,9028.203423106463,-0.032378915831619684
2021-03-18,-0.001439739518212857,1848.8261700570247,-0.019185667230377672,8807.71331753632,0.022982628392309405
2021-03-19,0.00042672838403068347,1849.6151166609266,-0.01876712591512086,9058.105218167166,-0.028001978546326467
2021-03-20,7.53846572727479e-05,1849.7545492625825,-0.018693156011203246,9030.57741295102,0.0031144093266854806
2021-03-21,-0.0008579748691094347,1848.1675063452944,-0.019535092622230674,8920.539782648842,0.011327030061402137
2021-03-22,-0.003716254626417337,1841.2992452994445,-0.0231787498703132,8604.601371547133,0.03170070654405304
2021-03-23,0.0002873666529918939,1841.8283733007227,-0.022898044017092074,8550.993322131713,0.006517527365919913
2021-03-24,-0.0023265483841422574,1837.5432704749526,-0.025171318993926307,8041.336524072076,0.05727550939557101
2021-03-25,-4.7641129446551744e-05,1837.4557278381403,-0.02521776093330629,8002.951529859781,0.004725818369156531
2021-03-26,0.0,1837.4557278381403,-0.02521776093330629,8778.953069243606,-0.09696441825100284
2021-03-27,0.0,1837.4557278381403,-0.02521776093330629,8917.44022202814,-0.015774905241231152
2021-03-28,0.0,1837.4557278381403,-0.02521776093330629,9077.920303251041,-0.017996204877995945
2021-03-29,0.0,1837.4557278381403,-0.02521776093330629,9413.921238271965,-0.037012985771707516
2021-03-30,0.0,1837.4557278381403,-0.02521776093330629,9649.05767535897,-0.024977523301455196
2021-03-31,0.0,1837.4557278381403,-0.02521776093330629,9646.72946030301,0.00024128937086858354
2021-04-01,0.0,1837.4557278381403,-0.02521776093330629,9774.980601693747,-0.013294779533156942
2021-04-02,0.0,1837.4557278381403,-0.02521776093330629,10099.066741323933,-0.03315465808433747
2021-04-03,-0.005635677251413229,1827.100420392284,-0.030711319023096133,9954.916826187246,0.008637910479901176
2021-04-04,0.006858966477793826,1839.6324409273177,-0.024063000452970502,10443.513483782239,-0.0422219717285101
2021-04-05,-0.0010225387670770303,1837.751345439297,-0.025060933869232176,11326.34901110624,-0.08555687950355029
2021-04-06,0.02683845495270365,1887.0737521381402,0.0,11984.82092629291,-0.031297835438930374
2021-04-07,-0.007493939427924756,1872.9321357435904,-0.0074939394279247085,11290.82018448559,0.05041270315567749
2021-04-08,0.014565710596526671,1900.212723199766,0.0,12036.259896702653,-0.051456039819918045
2021-04-09,0.008078224327574102,1915.5630678478842,0.0,12170.602907881239,-0.003083300293158715
2021-04-10,0.0037259792443460338,1922.7004160799213,0.0,12934.632404276985,-0.05905065574889548
2021-04-11,0.013060242918067733,1947.811350572595,0.0,13274.333368651016,-0.013202657623404477
2021-04-12,0.019433645961483448,1985.664426759382,0.0,13933.275527763159,-0.030206674257407307
2021-04-13,0.008887889008764471,2003.3127917930715,0.0,14564.16062843265,-0.03639113381773462
2021-04-14,0.0008296251097785756,2004.9747903878838,0.0,14971.011585776076,-0.02710545249085951
2021-04-15,0.005968509279738132,2016.941501029955,0.0,15006.014743160276,0.0036304470062805366
2021-04-16,-0.02009300765447286,1976.415080011136,-0.020093007654472847,14096.036049385519,0.0405479226224699
2021-04-17,-0.008328755134891286,1959.9540027648168,-0.028254413048686516,13796.983197377518,0.012886631301428086
2021-04-18,0.009867189967839751,1979.2932412383252,-0.018666014741827934,13500.867612296932,0.03132953291951268
2021-04-19,-0.0002432369638543097,1978.811803959749,-0.018904711440929145,12991.06596655418,0.03751742111995734
2021-04-20,0.0,1978.811803959749,-0.018904711440929145,13785.599947902987,-0.061160029776952306
2021-04-21,0.0,1978.811803959749,-0.018904711440929145,13279.134939407339,0.03673869910701214
2021-04-22,0.0,1978.811803959749,-0.018904711440929145,13044.664815878295,0.017657032976841496
2021-04-23,-0.0018644516157900748,1975.1224050945118,-0.020733916136927176,13022.038380622607,-0.00012991603553152184
2021-04-24,0.0042318372517584635,1983.4808016651734,-0.016589821443851845,12512.27538759571,0.04337801223043536
2021-04-25,0.008020544841799593,1999.3893983777775,-0.008702336008860133,12819.906983109213,-0.016565838208758947
2021-04-26,-0.0042831718655493844,1990.825669958368,-0.012948234273651842,14379.379282481445,-0.1259277595701954
2021-04-27,-0.0008956895143952259,1989.0425082807974,-0.013832326190378275,14909.282239596101,-0.03774727724323706
2021-04-28,0.004006220131487437,1997.0110504198562,-0.009881521402540004,15035.374984458727,-0.004451111538560941
2021-04-29,-0.002648566592528767,1991.7218336668034,-0.012503916127598673,15008.505169981996,-0.0008614602180948877
2021-04-30,0.0007338658306526025,1993.1834902646963,-0.01177922649374142,16044.238583513234,-0.06827589908602762
2021-05-01,0.012597167581982038,2018.2919567132003,0.0,16552.553058415775,-0.019084889017754292
2021-05-02,-0.003228391765598304,2011.776119579574,-0.003228391765598357,16168.959225403665,0.01994590839573423
2021-05-03,0.01052024133580054,2032.9404898711514,0.0,17115.707722578463,-0.048033218041308126
2021-05-04,-0.00955745427072996,2013.5107541040925,-0.009557454270729964,15583.895813996924,0.07993997892981629
2021-05-05,0.006298965182054639,2026.1937882378866,-0.0033186911603558197,17327.85541721583,-0.10560884169974856
2021-05-06,-0.003204870146541028,2019.7001002548561,-0.006512925332671417,17571.77070893261,-0.017281354849572796
2021-05-07,-0.0011155383923526774,2017.4470472519833,-0.007621198306768938,17509.621159242575,0.0024213589823917875
2021-05-08,0.0036172074329514636,2024.7445717068892,-0.004031558328980697,18072.4090236993,-0.028524428261985077
2021-05-09,0.004932321705422682,2034.7312633058557,0.0,18269.711214200088,-0.005984993758279591
2021-05-10,-0.008138766941835351,2018.171059764543,-0.008138766941835362,17250.77930276505,0.04763288152533228
2021-05-11,0.013974210834560408,2046.373407653901,0.0,18176.9442027581,-0.039714082531096206
2021-05-12,-0.020631816462954866,2004.1530070925141,-0.02063181646295491,16353.998034591203,0.0796571071224675
2021-05-13,0.0052597546556119035,2014.6943602021277,-0.015480580100037734,16929.771028054613,-0.02994710988268401
2021-05-14,-0.00021168090295498043,2014.2678878807817,-0.015688984059818903,17694.469883458387,-0.04538056441216344
2021-05-15,0.00458526208010257,2023.5038340462497,-0.011175660083401163,17354.0361181679,0.02382481927128672
2021-05-16,0.0034716556081535455,2030.5287424798364,-0.007742802518251061,17719.472149711906,-0.017586041232838374
2021-05-17,-0.007430731883596997,2015.4404278125314,-0.01511599971230727,16687.31890106071,0.050818929276201054
2021-05-18,-0.0007577976441898171,2013.91313180433,-0.015862342487525573,17515.939936125025,-0.05041352963907867
2021-05-19,-0.03204410367131583,1949.3790906237678,-0.04739815161170123,12224.165186562304,0.27006784515130605
2021-05-20,-2.2492614020097612e-05,1949.3352439923035,-0.04741957811739186,14162.613609952929,-0.15859760950801532
2021-05-21,0.0,1949.3352439923035,-0.04741957811739186,12322.603922573024,0.12992020668323664
2021-05-22,0.0,1949.3352439923035,-0.04741957811739186,11224.029360568336,0.08915117039445501
2021-05-23,0.0,1949.3352439923035,-0.04741957811739186,9773.582187338052,0.12922695821929303
2021-05-24,0.0,1949.3352439923035,-0.04741957811739186,12103.470989422129,-0.23838637230702503
2021-05-25,0.0,1949.3352439923035,-0.04741957811739186,12003.810043120226,0.00823407982627473
2021-05-26,0.0,1949.3352439923035,-0.04741957811739186,13119.681483831026,-0.09295977166435929
2021-05-27,0.0,1949.3352439923035,-0.04741957811739186,12471.808682062172,0.04938174776325975
2021-05-28,0.0,1949.3352439923035,-0.04741957811739186,11161.821292983146,0.10503587911536363
2021-05-29,0.0,1949.3352439923035,-0.04741957811739186,10534.977068108723,0.05615967219153449
2021-05-30,0.0,1949.3352439923035,-0.04741957811739186,11169.298414177509,-0.060210984985339104
2021-05-31,0.0,1949.3352439923035,-0.04741957811739186,12382.932818553872,-0.10865806959153874
2021-06-01,0.0,1949.3352439923035,-0.04741957811739186,12166.60069570515,0.017470184650003225
2021-06-02,0.0,1949.3352439923035,-0.04741957811739186,12746.744882831634,-0.04768334242540538
2021-06-03,0.0,1949.3352439923035,-0.04741957811739186,13638.949901251239,-0.06999473407687799
2021-06-04,0.0,1949.3352439923035,-0.04741957811739186,12638.379594177954,0.0733612422010211
2021-06-05,0.0,1949.3352439923035,-0.04741957811739186,12400.178269212089,0.018847457713297038
2021-06-06,0.0,1949.3352439923035,-0.04741957811739186,12687.929316137932,-0.02320539597727305
2021-06-07,0.0,1949.3352439923035,-0.04741957811739186,11683.1975618713,0.0791880005974419
2021-06-08,0.0,1949.3352439923035,-0.04741957811739186,11684.971531595253,-0.00015183940137602253
2021-06-09,0.0,1949.3352439923035,-0.04741957811739186,12305.127671863043,-0.053072969719347496
2021-06-10,0.0,1949.3352439923035,-0.04741957811739186,11686.802149035424,0.05024941953601062
2021-06-11,0.0,1949.3352439923035,-0.04741957811739186,11169.33495008333,0.04427791215707398
2021-06-12,0.0,1949.3352439923035,-0.04741957811739186,11144.363333570105,0.002235729936010035
2021-06-13,0.0,1949.3352439923035,-0.04741957811739186,11916.074514742746,-0.06924677149102089
2021-06-14,0.0,1949.3352439923035,-0.04741957811739186,12170.72897662193,-0.021370667123986258
2021-06-15,0.0,1949.3352439923035,-0.04741957811739186,11988.058182315139,0.015009026547026976
2021-06-16,0.0,1949.3352439923035,-0.04741957811739186,11492.502465343547,0.04133744676870516
2021-06-17,0.0,1949.3352439923035,-0.04741957811739186,11598.868460633697,-0.009255251030913894
2021-06-18,0.0,1949.3352439923035,-0.04741957811739186,10929.479815406508,0.05771154725127541
2021-06-19,0.0,1949.3352439923035,-0.04741957811739186,10641.084848337618,0.026386888666225548
2021-06-20,0.0,1949.3352439923035,-0.04741957811739186,10866.489716081744,-0.021182508264590956
2021-06-21,0.0,1949.3352439923035,-0.04741957811739186,8837.003309346126,0.1867655940199437
2021-06-22,0.0,1949.3352439923035,-0.04741957811739186,8632.556169592615,0.023135347198216638
2021-06-23,0.0,1949.3352439923035,-0.04741957811739186,9482.800737463218,-0.09849279299977365
2021-06-24,0.0,1949.3352439923035,-0.04741957811739186,9803.523288753704,-0.033821500648370986
2021-06-25,0.0,1949.3352439923035,-0.04741957811739186,8919.510401664153,0.09017297771951675
2021-06-26,0.0,1949.3352439923035,-0.04741957811739186,9025.113589728813,-0.011839572275733321
2021-06-27,0.0,1949.3352439923035,-0.04741957811739186,9610.059126077005,-0.06481309409932533
2021-06-28,0.0,1949.3352439923035,-0.04741957811739186,9743.098956746586,-0.01384380979598516
2021-06-29,0.0,1949.3352439923035,-0.04741957811739186,10203.510363742778,-0.047255129917097
2021-06-30,0.0,1949.3352439923035,-0.04741957811739186,10339.450940539831,-0.013322922401304806
2021-07-01,0.0,1949.3352439923035,-0.04741957811739186,9741.133572575603,0.05786742172336173
2021-07-02,0.0,1949.3352439923035,-0.04741957811739186,9863.787905144129,-0.012591381860714448
2021-07-03,0.0,1949.3352439923035,-0.04741957811739186,10120.852060066207,-0.026061403326405212
2021-07-04,0.0,1949.3352439923035,-0.04741957811739186,10458.286840065883,-0.03334055057785991
2021-07-05,0.0,1949.3352439923035,-0.04741957811739186,10033.835151860281,0.0405852024042331
2021-07-06,0.0,1949.3352439923035,-0.04741957811739186,10479.53643980518,-0.044419833612899806
2021-07-07,0.0,1949.3352439923035,-0.04741957811739186,10530.654023155861,-0.004877847760184946
2021-07-08,0.0,1949.3352439923035,-0.04741957811739186,9863.245387256855,0.063377700419313
2021-07-09,0.0,1949.3352439923035,-0.04741957811739186,10075.51864075647,-0.021521643755702265
2021-07-10,0.0,1949.3352439923035,-0.04741957811739186,9858.230689541999,0.021565932133311705
2021-07-11,0.0,1949.3352439923035,-0.04741957811739186,10047.712823182457,-0.01922070395872035
2021-07-12,0.0,1949.3352439923035,-0.04741957811739186,9748.47631335202,0.029781554777325057
2021-07-13,0.0,1949.3352439923035,-0.04741957811739186,9465.136620375595,0.029065023483551587
2021-07-14,0.0,1949.3352439923035,-0.04741957811739186,9598.462890031413,-0.014086037529432636
2021-07-15,0.0,1949.3352439923035,-0.04741957811739186,9278.141969881564,0.033372105911095504
2021-07-16,0.0,1949.3352439923035,-0.04741957811739186,8920.911262128668,0.03850239723777993
2021-07-17,0.0,1949.3352439923035,-0.04741957811739186,8960.931992382439,-0.004486170647573585
2021-07-18,0.0,1949.3352439923035,-0.04741957811739186,8955.277574340282,0.0006310078066616828
2021-07-19,0.0,1949.3352439923035,-0.04741957811739186,8484.166074884059,0.052607135350679415
2021-07-20,0.0,1949.3352439923035,-0.04741957811739186,8099.342335072,0.04535787447056976
2021-07-21,0.0,1949.3352439923035,-0.04741957811739186,8929.865217139322,-0.1025420148585359
2021-07-22,0.0,1949.3352439923035,-0.04741957811739186,9112.853875717603,-0.02049176041616683
2021-07-23,0.0,1949.3352439923035,-0.04741957811739186,9388.136932998947,-0.030208215893252937
2021-07-24,0.0,1949.3352439923035,-0.04741957811739186,9499.4002365152,-0.011851478553233144
2021-07-25,0.0,1949.3352439923035,-0.04741957811739186,9538.546160698148,-0.004120883761953139
2021-07-26,0.0,1949.3352439923035,-0.04741957811739186,9729.745843670775,-0.020044950221075854
2021-07-27,0.0,1949.3352439923035,-0.04741957811739186,10027.797143262565,-0.030632999502826004
2021-07-28,0.0,1949.3352439923035,-0.04741957811739186,10290.388260296168,-0.026186321211137478
2021-07-29,0.0,1949.3352439923035,-0.04741957811739186,10578.62369327911,-0.02801016110296395
2021-07-30,0.0,1949.3352439923035,-0.04741957811739186,10894.48072169856,-0.029858045581120405
2021-07-31,0.0,1949.3352439923035,-0.04741957811739186,11232.32468267963,-0.031010561183350945
2021-08-01,0.0,1949.3352439923035,-0.04741957811739186,10940.957506602177,0.025940059988360527
2021-08-02,0.0,1949.3352439923035,-0.04741957811739186,10929.477088531066,0.0010493065222292636
2021-08-03,0.0,1949.3352439923035,-0.04741957811739186,10812.993786086947,0.010657719623782527
2021-08-04,0.0,1949.3352439923035,-0.04741957811739186,11321.796223283536,-0.04705472390553519
2021-08-05,0.00324567162258238,1955.6621460766291,-0.044327814873859867,11547.178820212781,-0.01666129300426184
2021-08-06,0.002086192869808823,1959.7420345015291,-0.04233409837537514,11946.82983008775,-0.032524080002678514
2021-08-07,0.008690361299201088,1976.7729008345789,-0.03401163568633196,12606.39076399416,-0.04651766821883262
2021-08-08,-0.004774902157078653,1967.3340036463292,-0.0386241356108062,12079.70441941134,0.0370044107678482
2021-08-09,0.0047846771230271035,1976.747061646929,-0.03402426250583282,12670.976781031923,-0.0441629081068272
2021-08-10,-0.0019996346496353734,1972.794289728895,-0.03595586106123327,13170.801962672096,-0.04144609487742114
2021-08-11,0.007078799012569137,1986.7593039990297,-0.02913158636244052,13833.269292452382,-0.043219378095993584
2021-08-12,-0.008590507361315391,1969.6920335728641,-0.0374718386166626,13604.49996196364,0.007947111161990698
2021-08-13,0.049659603864015134,2067.506159694199,0.0,14977.640149391942,-0.05127318979010065
2021-08-14,0.00918949098632682,2086.505488912884,0.0,15290.529976565987,-0.011700971333049228
2021-08-15,0.015289451401128584,2118.4070131838057,0.0,15876.930674235555,-0.023061128897152568
2021-08-16,-0.01045502682831434,2096.2590110276797,-0.010455026828314389,15847.447013941277,-0.00859801422939169
2021-08-17,-0.013736405695735532,2067.463946808862,-0.024047818033976376,15882.783229219574,-0.01596617906220965
2021-08-18,0.026943886171485687,2123.1694600553305,0.0,17095.63353449794,-0.0494186938483112
2021-08-19,0.017068029725259892,2159.407779511319,0.0,18205.53142413694,-0.0478548575956045
2021-08-20,0.013466947779096072,2188.488411311772,0.0,19579.404190212364,-0.0619976313132746
2021-08-21,0.003178344780623732,2195.44418203132,0.0,19482.510788273223,0.008127085865787935
2021-08-22,0.009352694258078609,2215.9775002265364,0.0,19811.979542418543,-0.007558306471028398
2021-08-23,0.025633631709892857,2272.7810513447525,0.0,20773.929147115025,-0.02292030519665863
2021-08-24,-0.0038428358936414275,2264.0471267422568,-0.0038428358936414605,20280.736808294947,0.019898091271721912
2021-08-25,0.011391590001261998,2289.83822335364,0.0,20299.622309757735,0.010460386088835085
2021-08-26,-0.019095994720743747,2246.1114847291215,-0.019095994720743803,19244.578636475853,0.03287756701270461
2021-08-27,0.01257365404535249,2274.3533134853983,-0.006762447106661892,21459.9127477943,-0.10254105712424098
2021-08-28,0.0017193555033940822,2278.263735371602,-0.005054718653917144,21440.12194418689,0.0026415775012184855
2021-08-29,-0.003437802627550446,2270.4315143158883,-0.008475144156397671,21127.23048346184,0.011155932498563568
2021-08-30,0.002029043139231357,2275.0383178031057,-0.006463297450270833,20803.380615812646,0.017357595923407274
2021-08-31,0.005394007939776957,2287.3098925526324,-0.0011041525882577903,21091.77759157803,-0.008468978134042857
2021-09-01,0.020962389751813193,2335.2573740034986,0.0,22250.274037389434,-0.03396405922961326
2021-09-02,0.009230121098799504,2356.8120823624154,0.0,23237.858118674518,-0.03515513364572842
2021-09-03,0.012378878257805148,2385.9867722065037,0.0,23913.34212560542,-0.01668937766669711
2021-09-04,-0.0037374822451201606,2377.0691890082903,-0.003737482245120165,23593.01433141949,0.009657876400417709
2021-09-05,0.007805543351504074,2395.6235056126193,0.0,24205.90542303142,-0.018172107617652804
2021-09-06,0.011184625279948124,2422.417656834732,0.0,24776.83621534387,-0.012401800525434652
2021-09-07,-0.045432306185378524,2312.3616361405493,-0.04543230618537852,21839.71925301398,0.07311055121588174
2021-09-08,-0.000311142787111085,2311.642161496272,-0.04572931303811815,21919.90009765321,-0.003982474076233105
2021-09-09,0.0,2311.642161496272,-0.04572931303811815,22216.492256893194,-0.013530725866389037
2021-09-10,0.0,2311.642161496272,-0.04572931303811815,22022.108719811287,0.008749515217533596
2021-09-11,0.0,2311.642161496272,-0.04572931303811815,23020.50109991438,-0.04533591186955361
2021-09-12,0.0,2311.642161496272,-0.04572931303811815,23400.012503339225,-0.01648580114645096
2021-09-13,0.0,2311.642161496272,-0.04572931303811815,22239.78777211201,0.049582226977940805
2021-09-14,0.0,2311.642161496272,-0.04572931303811815,22447.735733533365,-0.009350267347520138
2021-09-15,0.0,2311.642161496272,-0.04572931303811815,23425.595411134822,-0.043561617492702896
2021-09-16,0.0,2311.642161496272,-0.04572931303811815,23519.15785918408,-0.003994026465802729
2021-09-17,0.0014627341443087527,2315.023479415316,-0.04433346872138605,23045.312009283254,0.02160996274568459
2021-09-18,-0.0006532935167672393,2313.5110895850503,-0.044957799470461766,23671.07298547043,-0.027806797706040127
2021-09-19,0.0006215924462142919,2314.9491506025693,-0.04436415245279677,22987.56748909871,0.02949673033249716
2021-09-20,-0.0075913546430878,2297.3755506196303,-0.05161872308117537,20272.36551748835,0.11052475193921929
2021-09-21,0.0009867171639632577,2299.642410507496,-0.05068293899725821,19376.667337405222,0.04516992702718498
2021-09-22,-1.720814878880539e-05,2299.602837918735,-0.0506992749864917,22179.787062576193,-0.14468190597119263
2021-09-23,0.0,2299.602837918735,-0.0506992749864917,22626.15439751146,-0.02012496033780336
2021-09-24,-0.0020630989184747817,2294.8585297909035,-0.05265777628557435,21345.864382922,0.05452141792413434
2021-09-25,-0.0019887273863019583,2290.2946817850197,-0.0545417817100754,21063.074149483986,0.01125928301819888
2021-09-26,-0.0007486738479628441,2288.579998052639,-0.055249621552450584,21005.221340564134,0.001997972178598698
2021-09-27,-0.0002206356249195851,2288.07505577459,-0.055458067142592424,20551.305528145374,0.021389030136715687
2021-09-28,-0.002384633090480648,2282.6188362830867,-0.05771045309103072,19806.99735720017,0.033832441777384044
2021-09-29,0.001953144204015045,2287.0771200331487,-0.055870025723981434,20577.148677425033,-0.036929645869408265
2021-09-30,0.0005750633084651291,2288.39233416851,-0.05532709121735315,21392.43288097613,-0.03904579069476883
2021-10-01,0.0005104564678035661,2289.5604588363585,-0.05484487682110617,23249.562048998105,-0.08630197755289568
2021-10-02,0.0006928272471486974,2291.1467287062346,-0.05419004759898565,23525.269005050443,-0.01116575982951497
2021-10-03,-0.00019583269501477485,2290.698047267678,-0.05437526811093614,23750.801338189744,-0.00978264477741345
2021-10-04,-0.00168126112698741,2286.8467856871407,-0.055965110213379105,23344.68853806173,0.015417648267493034
2021-10-05,-0.00034431031729276196,2286.0594007447608,-0.056290151165817,23858.570284936803,-0.022357101194207956
2021-10-06,-0.002272916756607679,2280.8633780262076,-0.05843512509460789,23590.69625533576,0.008954664209137422
2021-10-07,-0.002089331211346246,2276.097898981681,-0.06040236597525502,23708.623287445313,-0.007088210041931038
2021-10-08,-0.00021648264985474341,2275.6051632771805,-0.060605772560865925,23518.150375794612,0.007817425913345824
2021-10-09,0.0018361808998339502,2279.7835860135538,-0.05888087482302785,23929.255056685455,-0.015644134274694372
2021-10-10,-0.002575862655179284,2273.9111766124506,-0.06130506843164626,22985.277790226177,0.03687280652499839
2021-10-11,0.005007173864935988,2285.29704522717,-0.05660485970314937,23194.661419944,-0.004102293143849134
2021-10-12,-0.002641669860972695,2279.2600448994235,-0.059096998212259715,23245.224093551842,-0.004821597073204493
2021-10-13,0.0024416325566507524,2284.825160430123,-0.05679965881044439,23773.59838901171,-0.020288812774114602
2021-10-14,-4.426507834287552e-05,2284.724022465397,-0.056841409647440146,24066.956920030254,-0.012383942321066608
2021-10-15,0.007709639136579405,2302.3384202052794,-0.049569997267256964,24818.991998046222,-0.02353797893640059
2021-10-16,-0.00142254599335212,2299.063237910276,-0.050922027659606024,24544.406533357072,0.009640976034890019
2021-10-17,0.0011472109991155222,2301.7007485444688,-0.049833234970718815,24444.245955632454,0.0052280013652828495
2021-10-18,0.0008423273431570344,2303.6395340207328,-0.04903288352397559,24293.003580725563,0.007029565647885356
2021-10-19,0.004009381268613055,2312.875703218072,-0.04522009378010965,24615.920520096453,-0.009283208850918125
2021-10-20,0.003023207341031009,2319.868006022933,-0.0423335961585568,26021.28585223739,-0.054068516325918435
2021-10-21,-0.00938799853134753,2298.0890885894696,-0.051324166951341156,25613.399578100256,0.0062871020940915255
2021-10-22,-0.004634361635986628,2287.438912681231,-0.05572067383700949,25902.236812176892,-0.015911163576936067
2021-10-23,0.0057556200268376045,2300.6045418972267,-0.05028576083641715,26220.48462191681,-0.006530879090887565
2021-10-24,-0.0021334692409347156,2295.6962728715343,-0.05231194695335033,25959.06596999695,0.007836546786204093
2021-10-25,0.0033129194027403663,2303.3017295967293,-0.049172332814666805,26816.703837155408,-0.029725167104289518
2021-10-26,-0.002141763726345891,2298.368601501449,-0.05120878102225049,26305.895440050383,0.016906378812234286
2021-10-27,-0.0050474052444945405,2286.767803768449,-0.05599771479684917,24310.620161463805,0.0708015725306088
2021-10-28,0.008787021829394392,2306.861682378919,-0.04770274610977082,25813.671586565324,-0.05303992520522275
2021-10-29,0.003172552394588246,2314.1803219333337,-0.04468153317658167,26580.266458230268,-0.026524690366643528
2021-10-30,-0.0027272062445243828,2307.8690749084017,-0.047286883664811964,26116.757318033982,0.014710886068232072
2021-10-31,-0.001483121337990334,2304.446225038117,-0.04869987281663193,26398.55921887342,-0.012273201339417323
2021-11-01,0.005196011412892387,2316.420153923812,-0.04375690649870113,26545.34307959454,-0.0003642867649026804
2021-11-02,0.006945658666275056,2332.509217640647,-0.037115168369258225,27620.24900205382,-0.03354754269248101
2021-11-03,0.009363675222268775,2354.350076407582,-0.028099027529419084,29014.752558073767,-0.04112477460728391
2021-11-04,-0.0021645024754028963,2349.254079839233,-0.03020270959017812,28837.801038242735,0.00393417162070943
2021-11-05,0.0032292400288891354,2356.840385151881,-0.02707100136007842,28532.4532083317,0.013817697501985027
2021-11-06,0.012649352715042195,2386.652890476723,-0.014764079289589331,29469.672484631086,-0.020198130445841955
2021-11-07,0.001481713479182467,2390.189226234672,-0.013304241945698025,30375.696894549023,-0.029262585100669068
2021-11-08,0.0076537486525358744,2408.4831338042713,-0.005752320617027013,31474.197043356773,-0.028510035593180695
2021-11-09,-0.012566243716177317,2378.2175477585843,-0.018246279270397223,31151.335629901674,-0.0023082723051720388
2021-11-10,-0.01817499728446914,2334.993450286195,-0.036089650478675205,29927.269332494612,0.021119186180078735
2021-11-11,0.003997640319163942,2344.327914248043,-0.03223628360136943,30290.606115895345,-0.008143019069570299
2021-11-12,-0.005047340975017578,2332.4952919075813,-0.037120917061283475,29781.235007985644,0.011768800173191436
2021-11-13,0.01086070929550309,2357.827845206119,-0.026663367254765518,30830.46794862765,-0.024370634883496126
2021-11-14,-0.00033818387697448493,2357.0304658441887,-0.026992534010828642,30723.639714136803,0.003126837629311287
2021-11-15,-0.006008141306366843,2342.869093741985,-0.032838500358641526,30236.043560664933,0.009862248986210149
2021-11-16,-0.011048568849022278,2316.9837432555305,-0.04352425077555266,28569.559221989424,0.04406725129232362
2021-11-17,0.008282847138236571,2336.174965422695,-0.035601908353296324,29029.86979949597,-0.007829077233080111
2021-11-18,-0.006007537135841012,2322.140307562096,-0.04139556570259815,27050.647530678936,0.0621712829032139
2021-11-19,0.009732838116331965,2344.741323259007,-0.03206562392598365,28957.093371165884,-0.060744064084430116
2021-11-20,0.011857863526197443,2372.544945874448,-0.02058799019218291,30072.222258142487,-0.0266518333098459
2021-11-21,0.002216924108146001,2377.804697962617,-0.018416708095832204,29694.768630816197,0.014768494926098552
2021-11-22,0.005352083402212049,2390.5309070202848,-0.01316319245134314,28884.887875569453,0.03262559966750732
2021-11-23,-0.009231261279723624,2368.463291620326,-0.022272940862273098,29315.654141031562,-0.024144466666490727
2021-11-24,-0.00727090811167741,2351.2424126610736,-0.029381904467564064,28284.492700823797,0.027903522424549444
2021-11-25,0.0034213722166678284,2359.286888126403,-0.026061058682514415,29280.02096412099,-0.031775591498654325
2021-11-26,-0.012737734764862174,2329.2349175112317,-0.03846683459418725,26473.943621608734,0.08309817143038109
2021-11-27,-4.671740492401266e-05,2329.126101700427,-0.03851175492842341,27065.52845908503,-0.022392645383460214
2021-11-28,0.0,2329.126101700427,-0.03851175492842341,27785.62560399515,-0.026605693142060422
2021-11-29,0.0,2329.126101700427,-0.03851175492842341,28566.88572698101,-0.02811742064477845
2021-11-30,0.0,2329.126101700427,-0.03851175492842341,28677.911987431835,-0.003886537073446566
2021-12-01,0.0,2329.126101700427,-0.03851175492842341,29027.681622765755,-0.012196481929619116
2021-12-02,0.0,2329.126101700427,-0.03851175492842341,28899.92930949306,0.004401051208047536
2021-12-03,0.0,2329.126101700427,-0.03851175492842341,27279.890192632065,0.05605685396361304
2021-12-04,0.0,2329.126101700427,-0.03851175492842341,25277.919529091207,0.0733863167851594
2021-12-05,0.0,2329.126101700427,-0.03851175492842341,24680.904535393216,0.0236180431309195
2021-12-06,0.0,2329.126101700427,-0.03851175492842341,25488.558705203046,-0.032723848052312224
2021-12-07,0.0,2329.126101700427,-0.03851175492842341,25061.32628191697,0.01676173330267077
2021-12-08,0.0,2329.126101700427,-0.03851175492842341,25817.961299558272,-0.030191339801008805
2021-12-09,0.0,2329.126101700427,-0.03851175492842341,24242.871271207925,0.06100752921871089
2021-12-10,0.0,2329.126101700427,-0.03851175492842341,23023.104761788338,0.05031444071842439
2021-12-11,0.0,2329.126101700427,-0.03851175492842341,24302.504993825394,-0.05557027365659598
2021-12-12,0.0,2329.126101700427,-0.03851175492842341,24470.512143816737,-0.0069131618338944545
2021-12-13,0.0,2329.126101700427,-0.03851175492842341,22369.31708363991,0.08586641128832127
2021-12-14,0.0,2329.126101700427,-0.03851175492842341,23271.8984401564,-0.040349079640728425
2021-12-15,0.0,2329.126101700427,-0.03851175492842341,24603.38787392846,-0.0572144742379302
2021-12-16,0.0,2329.126101700427,-0.03851175492842341,23946.637166717574,0.026693507031477864
2021-12-17,0.0,2329.126101700427,-0.03851175492842341,24078.77535489357,-0.0055180269052413754
2021-12-18,0.0,2329.126101700427,-0.03851175492842341,24757.300236609542,-0.028179376721419253
2021-12-19,0.0,2329.126101700427,-0.03851175492842341,24418.999126729523,0.013664701184976582
2021-12-20,0.0,2329.126101700427,-0.03851175492842341,24662.495769966103,-0.009971606206007202
2021-12-21,0.0,2329.126101700427,-0.03851175492842341,25708.911854550646,-0.04242944811201393
2021-12-22,0.0,2329.126101700427,-0.03851175492842341,25633.064702651893,0.002950228011510712
2021-12-23,0.0,2329.126101700427,-0.03851175492842341,26979.79422588783,-0.05253876346266976
2021-12-24,0.0,2329.126101700427,-0.03851175492842341,26133.409200640734,0.03137107044482078
2021-12-25,0.0,2329.126101700427,-0.03851175492842341,26456.794160920694,-0.012374388576597752
2021-12-26,0.0,2329.126101700427,-0.03851175492842341,26528.295097220795,-0.002702554809369793
2021-12-27,0.0,2329.126101700427,-0.03851175492842341,26725.959916944747,-0.007451093973417826
2021-12-28,0.0,2329.126101700427,-0.03851175492842341,24868.684191931756,0.06949332150406472
2021-12-29,0.0,2329.126101700427,-0.03851175492842341,23923.238642988403,0.03801751398049792
2021-12-30,0.0,2329.126101700427,-0.03851175492842341,24224.830890247842,-0.012606664664436353
2021-12-31,0.0,2329.126101700427,-0.03851175492842341,24124.088255215116,0.0041586517358633045
2022-01-01,0.0,2329.126101700427,-0.03851175492842341,25036.070362425453,-0.03780379583933852
2022-01-02,0.0,2329.126101700427,-0.03851175492842341,25024.87460847736,0.00044718495299067573
2022-01-03,0.0,2329.126101700427,-0.03851175492842341,24233.547784115228,0.031621609967790336
2022-01-04,0.0,2329.126101700427,-0.03851175492842341,23902.948365272223,0.01364222117983511
2022-01-05,0.0,2329.126101700427,-0.03851175492842341,22405.580482848072,0.06264364795263609
2022-01-06,0.0,2329.126101700427,-0.03851175492842341,22240.21118919197,0.007380719003584739
2022-01-07,0.0,2329.126101700427,-0.03851175492842341,20960.753959647936,0.057529005397476234
2022-01-08,0.0,2329.126101700427,-0.03851175492842341,20620.248088707056,0.01624492475778299
2022-01-09,0.0,2329.126101700427,-0.03851175492842341,20928.20581015296,-0.014934724360302964
2022-01-10,0.0,2329.126101700427,-0.03851175492842341,20320.305479620733,0.02904693962046732
2022-01-11,0.0,2329.126101700427,-0.03851175492842341,21354.42486997246,-0.05089093721493728
2022-01-12,0.0,2329.126101700427,-0.03851175492842341,22617.35047662603,-0.059141166963922166
2022-01-13,0.0,2329.126101700427,-0.03851175492842341,21664.771144244063,0.042117193760887774
2022-01-14,0.0,2329.126101700427,-0.03851175492842341,22056.553907780562,-0.018083863472547628
2022-01-15,0.0,2329.126101700427,-0.03851175492842341,22248.589271768044,-0.008706498974880263
2022-01-16,0.0,2329.126101700427,-0.03851175492842341,22566.064242314405,-0.014269442734924967
2022-01-17,0.0,2329.126101700427,-0.03851175492842341,22216.7217541749,0.015480878029427849
2022-01-18,0.0,2329.126101700427,-0.03851175492842341,21829.00957014537,0.0174513678624379
2022-01-19,0.0,2329.126101700427,-0.03851175492842341,21073.656631327987,0.034603170445737685
2022-01-20,0.0,2329.126101700427,-0.03851175492842341,20239.882094102064,0.039564777570990674
2022-01-21,0.0,2329.126101700427,-0.03851175492842341,17668.76067477181,0.1270324306918509
2022-01-22,0.0,2329.126101700427,-0.03851175492842341,16343.654435408922,0.07499712423265384
2022-01-23,0.0,2329.126101700427,-0.03851175492842341,17277.579467478397,-0.05714297470987284
2022-01-24,0.0,2329.126101700427,-0.03851175492842341,16671.99579737834,0.035050261018330024
2022-01-25,0.0,2329.126101700427,-0.03851175492842341,17031.834161388386,-0.02158340059482438
2022-01-26,0.0,2329.126101700427,-0.03851175492842341,16905.296769636603,0.007429463588757005
2022-01-27,0.0,2329.126101700427,-0.03851175492842341,16754.861906628354,0.00889868217388791
2022-01-28,0.0,2329.126101700427,-0.03851175492842341,17042.578040244818,-0.017172098177821598
2022-01-29,0.0,2329.126101700427,-0.03851175492842341,17502.722389208488,-0.02699969147138805
2022-01-30,0.0,2329.126101700427,-0.03851175492842341,17074.14371725928,0.02448640059636945
2022-01-31,0.0,2329.126101700427,-0.03851175492842341,17506.675292022344,-0.025332548555617587
2022-02-01,0.0,2329.126101700427,-0.03851175492842341,18221.16475346004,-0.04081240152796365
2022-02-02,0.0,2329.126101700427,-0.03851175492842341,17215.1911576492,0.055209071945843534
2022-02-03,0.0,2329.126101700427,-0.03851175492842341,17434.287827029497,-0.012726937933706701
2022-02-04,0.0,2329.126101700427,-0.03851175492842341,19148.26591508617,-0.09831076009880839
2022-02-05,0.0,2329.126101700427,-0.03851175492842341,19260.629992651826,-0.005868107225162685
2022-02-06,0.0,2329.126101700427,-0.03851175492842341,19626.408525659073,-0.018990995265824484
2022-02-07,0.0,2329.126101700427,-0.03851175492842341,20847.5099784536,-0.062217264620681396
2022-02-08,0.0,2329.126101700427,-0.03851175492842341,20775.076728221626,0.003474431733422196
2022-02-09,0.0,2329.126101700427,-0.03851175492842341,21194.046110103493,-0.020166923442103198
2022-02-10,0.0,2329.126101700427,-0.03851175492842341,20477.967318247447,0.03378679031535568
2022-02-11,0.0,2329.126101700427,-0.03851175492842341,19177.942772957584,0.06348406192305242
2022-02-12,0.0,2329.126101700427,-0.03851175492842341,19330.810994233023,-0.007971043770711292
2022-02-13,0.0,2329.126101700427,-0.03851175492842341,18930.839212938805,0.020690895038679206
2022-02-14,0.0,2329.126101700427,-0.03851175492842341,19297.152575563523,-0.019350085778254984
2022-02-15,0.0,2329.126101700427,-0.03851175492842341,20825.69019310561,-0.0792105266078328
2022-02-16,0.0,2329.126101700427,-0.03851175492842341,20541.31358013799,0.013655087074221457
2022-02-17,0.0,2329.126101700427,-0.03851175492842341,19065.663971879825,0.07183813257614725
2022-02-18,0.0,2329.126101700427,-0.03851175492842341,18640.48273784912,0.02230088785042106
2022-02-19,0.0,2329.126101700427,-0.03851175492842341,18850.75658518867,-0.011280493659780249
2022-02-20,0.0,2329.126101700427,-0.03851175492842341,17889.506130273683,0.05099267239333273
2022-02-21,0.0,2329.126101700427,-0.03851175492842341,16670.30848317453,0.0681515542251866
2022-02-22,0.0,2329.126101700427,-0.03851175492842341,17331.414235944292,-0.0396576796066505
2022-02-23,0.0,2329.126101700427,-0.03851175492842341,16929.871282015098,0.023168504800746233
2022-02-24,0.0,2329.126101700427,-0.03851175492842341,17180.973605137882,-0.014831909761153022
2022-02-25,0.0,2329.126101700427,-0.03851175492842341,18123.159423647652,-0.05483890727985357
2022-02-26,0.0,2329.126101700427,-0.03851175492842341,17979.025043120215,0.00795304930879597
2022-02-27,0.0,2329.126101700427,-0.03851175492842341,17109.598795862876,0.04835780834456479
2022-02-28,0.0,2329.126101700427,-0.03851175492842341,19202.00682291933,-0.12229439462732482
2022-03-01,0.0,2329.126101700427,-0.03851175492842341,19486.58416561916,-0.014820187562904137
2022-03-02,0.0,2329.126101700427,-0.03851175492842341,19250.96132130419,0.012091541663350438
2022-03-03,0.0,2329.126101700427,-0.03851175492842341,18544.52726693743,0.03669604039903079
2022-03-04,0.0,2329.126101700427,-0.03851175492842341,17349.730336915756,0.06442854610545139
2022-03-05,0.0,2329.126101700427,-0.03851175492842341,17743.982543704584,-0.022723823317873766
2022-03-06,0.0,2329.126101700427,-0.03851175492842341,17010.50442599249,0.0413367244870473
2022-03-07,0.0,2329.126101700427,-0.03851175492842341,16744.330840472114,0.01564760096788533
2022-03-08,0.0,2329.126101700427,-0.03851175492842341,16971.11171370266,-0.013543740588450457
2022-03-09,0.0,2329.126101700427,-0.03851175492842341,18005.87273032624,-0.06097190532238993
2022-03-10,0.0,2329.126101700427,-0.03851175492842341,17097.984558888234,0.05042178099531382
2022-03-11,0.0,2329.126101700427,-0.03851175492842341,17017.49534022457,0.004707526690438184
2022-03-12,0.0,2329.126101700427,-0.03851175492842341,16999.844019421056,0.0010372455200146227
2022-03-13,0.0,2329.126101700427,-0.03851175492842341,16543.566852876567,0.026840079592684734
2022-03-14,0.0,2329.126101700427,-0.03851175492842341,17013.901760642784,-0.028430078709685263
2022-03-15,0.0,2329.126101700427,-0.03851175492842341,17049.286803091672,-0.0020797723500873993
2022-03-16,0.0,2329.126101700427,-0.03851175492842341,17890.564128746384,-0.04934384267042507
2022-03-17,0.0,2329.126101700427,-0.03851175492842341,18136.36066209302,-0.013738892277392969
2022-03-18,0.0,2329.126101700427,-0.03851175492842341,18666.614123213032,-0.02923703773868496
2022-03-19,0.0,2329.126101700427,-0.03851175492842341,19156.886016212666,-0.026264639626848756
2022-03-20,0.0,2329.126101700427,-0.03851175492842341,18579.49790086112,0.030139977596718888
2022-03-21,0.0,2329.126101700427,-0.03851175492842341,18886.732182151012,-0.016536199359599175
2022-03-22,0.0,2329.126101700427,-0.03851175492842341,19260.6503305343,-0.01979792717856513
2022-03-23,0.0,2329.126101700427,-0.03851175492842341,19964.236814842436,-0.03652973665134903
2022-03-24,0.0,2329.126101700427,-0.03851175492842341,20500.668853669802,-0.026869649153257655
2022-03-25,0.0,2329.126101700427,-0.03851175492842341,20089.152474698523,0.02007331477370868
2022-03-26,0.0,2329.126101700427,-0.03851175492842341,20528.195516272946,-0.021854731907051957
2022-03-27,0.0,2329.126101700427,-0.03851175492842341,21385.910467813916,-0.041782286750973584
2022-03-28,0.0,2329.126101700427,-0.03851175492842341,21376.121216583615,0.0004577430194066613
2022-03-29,0.0007099338595886184,2330.779627183276,-0.037829161867650715,21796.123188854843,-0.018938250580223977
2022-03-30,-0.0009928772819109977,2328.4654490423045,-0.03878447943414961,22175.05330892578,-0.018378084586332007
2022-03-31,-0.004179125889451574,2318.7344988015184,-0.04280152010148899,21690.93177338632,0.01765268343226897
2022-04-01,0.00206454053560412,2323.5216201655976,-0.04082534503911997,22435.779622413047,-0.03227459513677936
2022-04-02,-0.001278953402502947,2320.5499442836976,-0.042052084727676776,22207.87300882687,0.008879223287666533
2022-04-03,0.001588311865798886,2324.2357012953826,-0.04053056468703237,22740.94960076474,-0.022415634470078803
2022-04-04,0.00045158872645156833,2325.2852999357037,-0.040097279106670214,22560.02417519243,0.008407519712122693
2022-04-05,-0.0029132331693157987,2318.5112016718085,-0.04289369955249318,21915.242490050805,0.025667484658577377
2022-04-06,-0.006263619600065495,2303.9889294660456,-0.04888864933532233,20203.74912357004,0.07183240727519057
2022-04-07,-9.343391049021488e-05,2303.7736587706395,-0.04897751538812655,20892.873571655866,-0.03420217500953101
2022-04-08,0.0,2303.7736587706395,-0.04897751538812655,20031.013915846008,0.0412513698919374
2022-04-09,0.0,2303.7736587706395,-0.04897751538812655,20354.895613465662,-0.01616901166263191
2022-04-10,0.0,2303.7736587706395,-0.04897751538812655,19956.300912457835,0.0195822522786183
2022-04-11,0.0,2303.7736587706395,-0.04897751538812655,18370.67328950541,0.07945498666852578
2022-04-12,0.0,2303.7736587706395,-0.04897751538812655,18914.943037374975,-0.029627098544095874
2022-04-13,0.0,2303.7736587706395,-0.04897751538812655,19398.94097551627,-0.025588125599159368
2022-04-14,0.0,2303.7736587706395,-0.04897751538812655,18842.807847995504,0.028668221024161666
2022-04-15,0.0,2303.7736587706395,-0.04897751538812655,19240.744210070643,-0.02111874012011802
2022-04-16,0.0,2303.7736587706395,-0.04897751538812655,19245.43368483783,-0.00024372626734108543
2022-04-17,0.0,2303.7736587706395,-0.04897751538812655,18720.981428597373,0.027250737230912092
2022-04-18,0.0,2303.7736587706395,-0.04897751538812655,19195.633963851393,-0.025354041243209675
2022-04-19,0.0,2303.7736587706395,-0.04897751538812655,19637.084648400167,-0.022997452721806515
2022-04-20,0.0,2303.7736587706395,-0.04897751538812655,19302.765876030175,0.017024867914760926
2022-04-21,0.0,2303.7736587706395,-0.04897751538812655,18711.587276496335,0.030626626429114782
2022-04-22,0.0,2303.7736587706395,-0.04897751538812655,18519.24333105117,0.010279402949784435
2022-04-23,0.0,2303.7736587706395,-0.04897751538812655,18295.268156115697,0.012094186081562684
2022-04-24,0.0,2303.7736587706395,-0.04897751538812655,18158.247777362783,0.007489388927437383
2022-04-25,0.0,2303.7736587706395,-0.04897751538812655,18444.736504161512,-0.015777333270883376
2022-04-26,0.0,2303.7736587706395,-0.04897751538812655,17308.067187294706,0.061625673894031965
2022-04-27,0.0,2303.7736587706395,-0.04897751538812655,17677.575119662128,-0.021348884792789753
2022-04-28,0.0,2303.7736587706395,-0.04897751538812655,17729.921273499454,-0.0029611614422785848
2022-04-29,0.0,2303.7736587706395,-0.04897751538812655,16971.85187095687,0.04275650133177141
2022-04-30,0.0,2303.7736587706395,-0.04897751538812655,15993.338730112095,0.057655060171675244
2022-05-01,0.0,2303.7736587706395,-0.04897751538812655,16602.55286758065,-0.038091742302783275
2022-05-02,0.0,2303.7736587706395,-0.04897751538812655,16638.657619132486,-0.002174650599808433
2022-05-03,0.0,2303.7736587706395,-0.04897751538812655,16353.587767706,0.017132983799046837
2022-05-04,0.0,2303.7736587706395,-0.04897751538812655,17754.810843553892,-0.08568291531812568
2022-05-05,0.0,2303.7736587706395,-0.04897751538812655,16201.309098276866,0.08749751033484213
2022-05-06,0.0,2303.7736587706395,-0.04897751538812655,15967.883645829104,0.01440781427178547
2022-05-07,0.0,2303.7736587706395,-0.04897751538812655,15498.377172405382,0.029403174762383792
2022-05-08,0.0,2303.7736587706395,-0.04897751538812655,14904.11566191267,0.038343466795400065
2022-05-09,0.0,2303.7736587706395,-0.04897751538812655,12554.55119880478,0.15764534551433868
2022-05-10,0.0,2303.7736587706395,-0.04897751538812655,13299.357683894628,-0.05932561612881521
2022-05-11,0.0,2303.7736587706395,-0.04897751538812655,10977.37159057707,0.17459385246322526
2022-05-12,0.0,2303.7736587706395,-0.04897751538812655,10373.420329500186,0.055017838841796486
2022-05-13,0.0,2303.7736587706395,-0.04897751538812655,11094.770616742971,-0.06953832625401223
2022-05-14,0.0,2303.7736587706395,-0.04897751538812655,11444.982848712929,-0.03156552253919141
2022-05-15,0.0,2303.7736587706395,-0.04897751538812655,12264.61022269551,-0.0716145567727744
2022-05-16,0.0,2303.7736587706395,-0.04897751538812655,11437.992996886607,0.06739857286938132
2022-05-17,0.0,2303.7736587706395,-0.04897751538812655,11881.6715189312,-0.03878989278672946
2022-05-18,0.0,2303.7736587706395,-0.04897751538812655,10754.876906475589,0.09483468808746957
2022-05-19,0.0,2303.7736587706395,-0.04897751538812655,11279.965202645257,-0.04882327345406529
2022-05-20,0.0,2303.7736587706395,-0.04897751538812655,10884.936020993908,0.035020425555808546
2022-05-21,0.0,2303.7736587706395,-0.04897751538812655,11103.681292579464,-0.02009614674479116
2022-05-22,0.0,2303.7736587706395,-0.04897751538812655,11471.615611218058,-0.03313624634421756
2022-05-23,0.0,2303.7736587706395,-0.04897751538812655,10950.052326604979,0.045465547512160746
2022-05-24,0.0,2303.7736587706395,-0.04897751538812655,11094.939530873678,-0.013231644922524202
2022-05-25,0.0,2303.7736587706395,-0.04897751538812655,10860.999313334165,0.02108530802610788
2022-05-26,0.0,2303.7736587706395,-0.04897751538812655,10089.377769932724,0.07104517007510644
2022-05-27,0.0,2303.7736587706395,-0.04897751538812655,9770.404762174017,0.0316147353218627
2022-05-28,0.0,2303.7736587706395,-0.04897751538812655,10149.481728498156,-0.03879849152122424
2022-05-29,0.0,2303.7736587706395,-0.04897751538812655,10351.3227221401,-0.0198868276273856
2022-05-30,0.0,2303.7736587706395,-0.04897751538812655,11236.487847663317,-0.08551227213020478
2022-05-31,0.0,2303.7736587706395,-0.04897751538812655,11237.757093670552,-0.00011295753837357671
2022-06-01,0.0,2303.7736587706395,-0.04897751538812655,10284.154527172528,0.08485701893620042
2022-06-02,0.0,2303.7736587706395,-0.04897751538812655,10575.990884385452,-0.028377282395148726
2022-06-03,0.0,2303.7736587706395,-0.04897751538812655,10121.514950271567,0.04297242112650433
2022-06-04,0.0,2303.7736587706395,-0.04897751538812655,10317.019629936853,-0.019315752693724843
2022-06-05,0.0,2303.7736587706395,-0.04897751538812655,10281.649603100113,0.00342831826490916
2022-06-06,0.0,2303.7736587706395,-0.04897751538812655,10769.563332491975,-0.04745481009630465
2022-06-07,0.0,2303.7736587706395,-0.04897751538812655,10531.581557134874,0.02209762531774197
2022-06-08,0.0,2303.7736587706395,-0.04897751538812655,10475.047166215843,0.0053680817655285306
2022-06-09,0.0,2303.7736587706395,-0.04897751538812655,10491.75347495602,-0.0015948671614634297
2022-06-10,0.0,2303.7736587706395,-0.04897751538812655,9862.494348759576,0.059976545169355786
2022-06-11,0.0,2303.7736587706395,-0.04897751538812655,9247.12204055517,0.06239520008260403
2022-06-12,0.0,2303.7736587706395,-0.04897751538812655,8487.62859957986,0.0821329531117244
2022-06-13,0.0,2303.7736587706395,-0.04897751538812655,7621.751295487954,0.10201639880128213
2022-06-14,0.0,2303.7736587706395,-0.04897751538812655,7748.723589774675,-0.01665920198181852
2022-06-15,0.0,2303.7736587706395,-0.04897751538812655,8355.969599026714,-0.07836723070795415
2022-06-16,0.0,2303.7736587706395,-0.04897751538812655,7397.954830885211,0.11465034150592068
2022-06-17,0.0,2303.7736587706395,-0.04897751538812655,7532.667417601474,-0.01820943622876167
2022-06-18,0.0,2303.7736587706395,-0.04897751538812655,7120.5108587548375,0.05471588429399606
2022-06-19,0.0,2303.7736587706395,-0.04897751538812655,7725.84152875731,-0.08501225291415773
2022-06-20,0.0,2303.7736587706395,-0.04897751538812655,7833.572518673781,-0.013944240186065358
2022-06-21,0.0,2303.7736587706395,-0.04897751538812655,7882.343146782949,-0.0062258475290690885
2022-06-22,0.0,2303.7736587706395,-0.04897751538812655,7536.950563484047,0.043818516507983886
2022-06-23,0.0,2303.7736587706395,-0.04897751538812655,8134.904834070891,-0.0793363662863715
2022-06-24,0.0,2303.7736587706395,-0.04897751538812655,8686.361667319745,-0.06778897165941299
2022-06-25,0.0,2303.7736587706395,-0.04897751538812655,8781.385842244043,-0.010939467934175662
2022-06-26,0.0,2303.7736587706395,-0.04897751538812655,8449.697374142903,0.03777176792591292
2022-06-27,0.0,2303.7736587706395,-0.04897751538812655,8346.081682004466,0.012262651258436095
2022-06-28,0.0,2303.7736587706395,-0.04897751538812655,7969.367856421791,0.045136609002393545
2022-06-29,0.0,2303.7736587706395,-0.04897751538812655,7783.718097788186,0.023295418404360176
2022-06-30,0.0,2303.7736587706395,-0.04897751538812655,7677.642893010636,0.013627832283352228
2022-07-01,0.0,2303.7736587706395,-0.04897751538812655,7443.302210040185,0.03052247756714274
2022-07-02,0.0,2303.7736587706395,-0.04897751538812655,7509.492400401536,-0.008892584029715616
2022-07-03,0.0,2303.7736587706395,-0.04897751538812655,7567.2287062179075,-0.007688443204667677
2022-07-04,0.0,2303.7736587706395,-0.04897751538812655,8002.566005877572,-0.05752929065061193
2022-07-05,0.0,2303.7736587706395,-0.04897751538812655,7901.149576339594,0.012672988821771971
2022-07-06,0.0,2303.7736587706395,-0.04897751538812655,8176.4210936636755,-0.03483942617013559
2022-07-07,0.0,2303.7736587706395,-0.04897751538812655,8479.90422218721,-0.03711686629725065
2022-07-08,0.0,2303.7736587706395,-0.04897751538812655,8377.169234942246,0.012115111745739109
2022-07-09,0.0,2303.7736587706395,-0.04897751538812655,8448.040561695394,-0.008460056704779355
2022-07-10,0.0,2303.7736587706395,-0.04897751538812655,8122.317557585815,0.038556041691661984
2022-07-11,0.0,2303.7736587706395,-0.04897751538812655,7636.039049984323,0.05986942817168396
2022-07-12,0.0,2303.7736587706395,-0.04897751538812655,7401.139451705393,0.030761969227935376
2022-07-13,0.0,2303.7736587706395,-0.04897751538812655,7875.163146906883,-0.06404739409311702
2022-07-14,0.0,2303.7736587706395,-0.04897751538812655,8183.310908644828,-0.03912906386694659
2022-07-15,0.0,2303.7736587706395,-0.04897751538812655,8219.14006200477,-0.0043783199440818555
2022-07-16,0.0,2303.7736587706395,-0.04897751538812655,8698.228630918527,-0.05828937885223235
2022-07-17,0.0,2303.7736587706395,-0.04897751538812655,8530.153923440384,0.01932286613859597
2022-07-18,0.0,2303.7736587706395,-0.04897751538812655,9471.465874614383,-0.1103511096777898
2022-07-19,0.0,2303.7736587706395,-0.04897751538812655,9701.582038658375,-0.024295728569402843
2022-07-20,0.0,2303.7736587706395,-0.04897751538812655,9368.211542764631,0.03436248794942352
2022-07-21,0.0,2303.7736587706395,-0.04897751538812655,9598.48063883204,-0.024579835224285973
2022-07-22,0.0,2303.7736587706395,-0.04897751538812655,9283.617818688872,0.03280340212067993
2022-07-23,0.0,2303.7736587706395,-0.04897751538812655,9344.157784528868,-0.006521160933415799
2022-07-24,0.0,2303.7736587706395,-0.04897751538812655,9433.06456005764,-0.00951469116627893
2022-07-25,0.0,2303.7736587706395,-0.04897751538812655,8653.868742060815,0.08260261689463767
2022-07-26,0.0,2303.7736587706395,-0.04897751538812655,8640.27743224954,0.0015705472565370946
2022-07-27,0.0,2303.7736587706395,-0.04897751538812655,9498.754693298255,-0.099357603708936
2022-07-28,0.0,2303.7736587706395,-0.04897751538812655,9850.208676275832,-0.03700000624561268
2022-07-29,0.0,2303.7736587706395,-0.04897751538812655,9912.687902366251,-0.006342934260966516
2022-07-30,0.0,2303.7736587706395,-0.04897751538812655,9996.029761531123,-0.008407594386682546
2022-07-31,0.0,2303.7736587706395,-0.04897751538812655,9798.865615969757,0.019724245551982694
2022-08-01,0.0,2303.7736587706395,-0.04897751538812655,9714.055096280199,0.008655136524307225
2022-08-02,0.0,2303.7736587706395,-0.04897751538812655,9524.66535269299,0.019496465864161174
2022-08-03,0.0,2303.7736587706395,-0.04897751538812655,9542.806746721993,-0.0019046752150586757
2022-08-04,0.0,2303.7736587706395,-0.04897751538812655,9620.615535141864,-0.008153658612713523
2022-08-05,0.0,2303.7736587706395,-0.04897751538812655,10013.816245428643,-0.04087063960206178
2022-08-06,0.0,2303.7736587706395,-0.04897751538812655,9994.230084846451,0.0019559137198200682
2022-08-07,0.0,2303.7736587706395,-0.04897751538812655,10185.918583105855,-0.019179916475011587
2022-08-08,0.0,2303.7736587706395,-0.04897751538812655,10409.84002729469,-0.021983431573881575
2022-08-09,0.0,2303.7736587706395,-0.04897751538812655,10100.659403387981,0.029700804536480337
2022-08-10,0.0,2303.7736587706395,-0.04897751538812655,10592.0614928216,-0.048650495953639475
2022-08-11,0.0,2303.7736587706395,-0.04897751538812655,10540.850187962913,0.004834876090305322
2022-08-12,0.0,2303.7736587706395,-0.04897751538812655,10816.82816209883,-0.026181756614952114
2022-08-13,0.0,2303.7736587706395,-0.04897751538812655,10898.887131827929,-0.007586232165231831
2022-08-14,0.0,2303.7736587706395,-0.04897751538812655,10728.973954294936,0.015589956614634106
2022-08-15,0.0,2303.7736587706395,-0.04897751538812655,10585.367416361945,0.013384927444576613
2022-08-16,0.0,2303.7736587706395,-0.04897751538812655,10499.120053715102,0.008147791120932748
2022-08-17,0.0,2303.7736587706395,-0.04897751538812655,10175.008170023717,0.030870385521184644
2022-08-18,0.0,2303.7736587706395,-0.04897751538812655,9914.31105093128,0.025621317913087287
2022-08-19,0.0,2303.7736587706395,-0.04897751538812655,8952.583707317603,0.09700395102323696
2022-08-20,0.0,2303.7736587706395,-0.04897751538812655,8950.765309445585,0.0002031143110708955
2022-08-21,0.0,2303.7736587706395,-0.04897751538812655,9235.429552049165,-0.03180334114035805
2022-08-22,0.0,2303.7736587706395,-0.04897751538812655,9156.300151757963,0.008568025974887658
2022-08-23,0.0,2303.7736587706395,-0.04897751538812655,9283.394582802686,-0.013880544427141959
2022-08-24,0.0,2303.7736587706395,-0.04897751538812655,9167.672095305541,0.012465535797812446
2022-08-25,0.0,2303.7736587706395,-0.04897751538812655,9276.619210477751,-0.011883836380666177
2022-08-26,0.0,2303.7736587706395,-0.04897751538812655,8555.660616470104,0.0777178169815721
2022-08-27,0.0,2303.7736587706395,-0.04897751538812655,8512.371176616169,0.005059742525387386
2022-08-28,0.0,2303.7736587706395,-0.04897751538812655,8191.426736710579,0.03770329479842682
2022-08-29,0.0,2303.7736587706395,-0.04897751538812655,8601.992809344049,-0.050121436207624645
2022-08-30,0.0,2303.7736587706395,-0.04897751538812655,8483.27757323462,0.013800899249819547
2022-08-31,0.0,2303.7736587706395,-0.04897751538812655,8481.771337872282,0.00017755346908486316
2022-09-01,0.0,2303.7736587706395,-0.04897751538812655,8574.69522529777,-0.010955717116608778
2022-09-02,0.0,2303.7736587706395,-0.04897751538812655,8492.567634329895,0.00957790204899367
2022-09-03,0.0,2303.7736587706395,-0.04897751538812655,8533.674049869162,-0.004840281209312839
2022-09-04,0.0,2303.7736587706395,-0.04897751538812655,8681.577057005046,-0.01733169163382255
2022-09-05,0.0,2303.7736587706395,-0.04897751538812655,8710.183758514568,-0.003295104256022038
2022-09-06,0.0,2303.7736587706395,-0.04897751538812655,8274.653205194658,0.05000245292117506
2022-09-07,0.0,2303.7736587706395,-0.04897751538812655,8654.331334764562,-0.04588447638283503
2022-09-08,0.0,2303.7736587706395,-0.04897751538812655,8720.504492756312,-0.007646247345064282
2022-09-09,0.0,2303.7736587706395,-0.04897751538812655,9216.6119270271,-0.0568897630501629
2022-09-10,0.0,2303.7736587706395,-0.04897751538812655,9337.36433476644,-0.013101604873396193
2022-09-11,0.0,2303.7736587706395,-0.04897751538812655,9336.356455216232,0.00010794047592803986
2022-09-12,0.0,2303.7736587706395,-0.04897751538812655,9461.444692095707,-0.01339797141202643
2022-09-13,0.0,2303.7736587706395,-0.04897751538812655,8615.959492120397,0.08936111000909248
2022-09-14,0.0,2303.7736587706395,-0.04897751538812655,8814.883249392335,-0.02308782410755986
2022-09-15,0.0,2303.7736587706395,-0.04897751538812655,8423.960213363096,0.04434806735031771
2022-09-16,0.0,2303.7736587706395,-0.04897751538812655,8503.93687933661,-0.009493951057205297
2022-09-17,0.0,2303.7736587706395,-0.04897751538812655,8754.685760953365,-0.029486211524692836
2022-09-18,0.0,2303.7736587706395,-0.04897751538812655,8162.713425928452,0.06761777077883932
2022-09-19,0.0,2303.7736587706395,-0.04897751538812655,8430.388848161392,-0.03279245616815153
2022-09-20,0.0,2303.7736587706395,-0.04897751538812655,8293.216433489613,0.016271184774791805
2022-09-21,-0.004562382407614085,2293.2629623587395,-0.05331644364116523,8084.9272427885135,0.020553227726469343
2022-09-22,0.02047842204423045,2340.225369160324,-0.03392985823171591,8736.969604867905,-0.060170709667003316
2022-09-23,-0.00010644196247677762,2339.9762709793927,-0.03403268863349599,8867.08228737901,-0.014998640103879286
2022-09-24,-0.002854242366993387,2333.297411569004,-0.036789793458728993,8708.936562212533,0.01498090566039913
2022-09-25,0.0005621792453192054,2334.609142946945,-0.03624829667173183,8618.220427203347,0.010978621524023782
2022-09-26,-0.0034210586011014232,2326.6223082582565,-0.03954534772572919,8713.615463519172,-0.01449005331081096
2022-09-27,-0.0033153451737829576,2318.908752217357,-0.04272958642178404,8539.084989098707,0.01671428261403518
2022-09-28,-3.77381119042175e-05,2318.82124097937,-0.042765711999774206,8622.403323110993,-0.009795028748858403
2022-09-29,0.0,2318.82124097937,-0.042765711999774206,8788.159763792262,-0.01922392568171611
2022-09-30,0.0,2318.82124097937,-0.042765711999774206,8708.031955974564,0.009117700402743003
2022-10-01,0.0,2318.82124097937,-0.042765711999774206,8603.228679205511,0.012035242555253471
2022-10-02,0.0,2318.82124097937,-0.042765711999774206,8417.324579360895,0.02160864331015138
2022-10-03,0.0,2318.82124097937,-0.042765711999774206,8641.879426517524,-0.02667769848239335
2022-10-04,0.0,2318.82124097937,-0.042765711999774206,8898.250220678974,-0.02966609246766175
2022-10-05,0.0,2318.82124097937,-0.042765711999774206,8875.224002543337,0.0025877242788841276
2022-10-06,0.0,2318.82124097937,-0.042765711999774206,8786.80420828218,0.009962542267757961
2022-10-07,0.0,2318.82124097937,-0.042765711999774206,8742.869213572618,0.005000110810270313
2022-10-08,0.0,2318.82124097937,-0.042765711999774206,8663.78595516304,0.009045458244623692
2022-10-09,0.0,2318.82124097937,-0.042765711999774206,8741.744571647389,-0.008998215894044577
2022-10-10,0.0,2318.82124097937,-0.042765711999774206,8418.405626037069,0.03698791962636642
2022-10-11,0.0,2318.82124097937,-0.042765711999774206,8291.090010762084,0.015123483107206728
2022-10-12,0.0,2318.82124097937,-0.042765711999774206,8299.073791509869,-0.0009629349985856216
2022-10-13,0.0,2318.82124097937,-0.042765711999774206,8225.050302724754,0.008919487962722001
2022-10-14,0.0,2318.82124097937,-0.042765711999774206,8184.837050330357,0.0048891193262462496
2022-10-15,0.0,2318.82124097937,-0.042765711999774206,8096.070426287268,0.010845252446352038
2022-10-16,0.0,2318.82124097937,-0.042765711999774206,8208.373252495663,-0.013871275853006182
2022-10-17,0.0,2318.82124097937,-0.042765711999774206,8350.14801368496,-0.017271968126716386
2022-10-18,0.0,2318.82124097937,-0.042765711999774206,8176.612976417077,0.02078227080328121
2022-10-19,0.0,2318.82124097937,-0.042765711999774206,7946.930860700257,0.028090129296723165
2022-10-20,0.0,2318.82124097937,-0.042765711999774206,7859.234948604791,0.011035192533150853
2022-10-21,0.0,2318.82124097937,-0.042765711999774206,7997.648631782869,-0.01761159757701988
2022-10-22,0.0,2318.82124097937,-0.042765711999774206,8026.353205456511,-0.003589126628990421
2022-10-23,0.0,2318.82124097937,-0.042765711999774206,8257.2881103293,-0.028772083530512242
2022-10-24,0.0,2318.82124097937,-0.042765711999774206,8081.228082237367,0.021321773654923715
2022-10-25,0.0,2318.82124097937,-0.042765711999774206,8595.370961321616,-0.06362187452849402
2022-10-26,0.0,2318.82124097937,-0.042765711999774206,8828.332360512037,-0.02710312332518591
2022-10-27,0.0,2318.82124097937,-0.042765711999774206,8639.160392294123,0.021427825833116247
2022-10-28,0.0,2318.82124097937,-0.042765711999774206,8989.805489674085,-0.040587867507671974
2022-10-29,0.0,2318.82124097937,-0.042765711999774206,9152.365886863889,-0.018082749106921807
2022-10-30,0.005323667126409193,2331.165873391991,-0.037669715288475715,9079.219610952347,0.013315729158864238
2022-10-31,0.0074099125872006955,2348.4396087400914,-0.030538931998747278,9180.491324053794,-0.003744318441563279
2022-11-01,-0.0011077096049729729,2345.838219628791,-0.03161281333541957,9102.575872837386,0.007379358076498714
2022-11-02,-0.0022585687235663343,2340.539982795391,-0.03379998234752258,8821.753173756671,0.02859233579003468
2022-11-03,0.0056209904424651125,2353.696135668891,-0.02836898128278848,8909.901949847223,-0.00437121568191182
2022-11-04,0.01511808383527291,2389.2795111706914,-0.013679782084870038,9624.554808518837,-0.06509075153623962
2022-11-05,-0.00010883924789417687,2389.0194637856866,-0.01378713243557074,9722.906117433195,-0.01032762971364173
2022-11-06,0.0,2389.0194637856866,-0.01378713243557074,9201.899002213111,0.05358553388537979
2022-11-07,0.0,2389.0194637856866,-0.01378713243557074,9036.26160790567,0.01800034908746587
2022-11-08,0.0,2389.0194637856866,-0.01378713243557074,8038.331321424588,0.11043618808114306
2022-11-09,0.0,2389.0194637856866,-0.01378713243557074,6382.621355850936,0.2059768252100636
2022-11-10,0.0,2389.0194637856866,-0.01378713243557074,7489.83808973247,-0.17347366734618358
2022-11-11,0.0,2389.0194637856866,-0.01378713243557074,7173.754926848774,0.04220160156959899
2022-11-12,0.0,2389.0194637856866,-0.01378713243557074,6813.018599267484,0.050285566103071555
2022-11-13,0.0,2389.0194637856866,-0.01378713243557074,6547.333667683557,0.03899665437761941
2022-11-14,0.0,2389.0194637856866,-0.01378713243557074,6764.306855184004,-0.033139167562421176
2022-11-15,0.0,2389.0194637856866,-0.01378713243557074,6873.958369930621,-0.01621031054535668
2022-11-16,0.0,2389.0194637856866,-0.01378713243557074,6727.476477314142,0.02130968573467776
2022-11-17,0.0,2389.0194637856866,-0.01378713243557074,6643.402394426804,0.012497120305191076
2022-11-18,0.0,2389.0194637856866,-0.01378713243557074,6663.991811707517,-0.0030992277839417826
2022-11-19,0.0,2389.0194637856866,-0.01378713243557074,6632.711479441742,0.0046939331784322524
2022-11-20,0.0,2389.0194637856866,-0.01378713243557074,6323.721142859579,0.046585825049059774
2022-11-21,0.0,2389.0194637856866,-0.01378713243557074,6161.258721481172,0.025690952796337613
2022-11-22,0.0,2389.0194637856866,-0.01378713243557074,6391.8883996755185,-0.03743223399956545
2022-11-23,0.0,2389.0194637856866,-0.01378713243557074,6782.931406800874,-0.06117800916943539
2022-11-24,0.0,2389.0194637856866,-0.01378713243557074,6855.1696957901495,-0.010650010247316584
2022-11-25,0.0,2389.0194637856866,-0.01378713243557074,6810.932437093643,0.006453123797018868
2022-11-26,0.0,2389.0194637856866,-0.01378713243557074,6822.632343857259,-0.001717812776984018
2022-11-27,0.0,2389.0194637856866,-0.01378713243557074,6798.926526722668,0.003474585165934304
2022-11-28,0.0,2389.0194637856866,-0.01378713243557074,6597.621298395796,0.029608384137651274
2022-11-29,0.0,2389.0194637856866,-0.01378713243557074,6689.860484394946,-0.013980673007342561
2022-11-30,0.0,2389.0194637856866,-0.01378713243557074,6973.361676130429,-0.04237774351151139
2022-12-01,0.0,2389.0194637856866,-0.01378713243557074,6816.729250506505,0.02246153761966366
2022-12-02,0.0,2389.0194637856866,-0.01378713243557074,6919.674610026837,-0.015101870081268684
2022-12-03,0.0,2389.0194637856866,-0.01378713243557074,6791.740245272933,0.018488494324360758
2022-12-04,0.0,2389.0194637856866,-0.01378713243557074,6921.652028891953,-0.01912790815423742
2022-12-05,0.0,2389.0194637856866,-0.01378713243557074,6862.0235809576725,0.00861477111033355
2022-12-06,0.0,2389.0194637856866,-0.01378713243557074,6925.80763461058,-0.009295225074700915
2022-12-07,0.0,2389.0194637856866,-0.01378713243557074,6730.085699465057,0.02825979950228982
2022-12-08,0.0,2389.0194637856866,-0.01378713243557074,6875.741955634441,-0.021642555930745728
2022-12-09,0.0,2389.0194637856866,-0.01378713243557074,6816.665659037832,0.00859198861414488
2022-12-10,0.0,2389.0194637856866,-0.01378713243557074,6824.544127031399,-0.001155765646672302
2022-12-11,0.0,2389.0194637856866,-0.01378713243557074,6728.013706878096,0.01414459608678528
2022-12-12,0.0,2389.0194637856866,-0.01378713243557074,6724.853005399691,0.00046978225909004897
2022-12-13,0.0,2389.0194637856866,-0.01378713243557074,6917.151047956459,-0.028595129499836225
2022-12-14,0.0,2389.0194637856866,-0.01378713243557074,6860.686756473432,0.008162940362522329
2022-12-15,0.0,2389.0194637856866,-0.01378713243557074,6685.926867622893,0.02547265238216036
2022-12-16,0.0,2389.0194637856866,-0.01378713243557074,6064.817628115516,0.09289800080152623
2022-12-17,0.0,2389.0194637856866,-0.01378713243557074,6176.277755573993,-0.01837814989551651
2022-12-18,0.0,2389.0194637856866,-0.01378713243557074,6177.264090196939,-0.00015969725811883415
2022-12-19,0.0,2389.0194637856866,-0.01378713243557074,5970.65286513345,0.03344704420058253
2022-12-20,0.0,2389.0194637856866,-0.01378713243557074,6177.016645683694,-0.03456301768192484
2022-12-21,0.0,2389.0194637856866,-0.01378713243557074,6099.969309405689,0.012473227886125704
2022-12-22,0.0,2389.0194637856866,-0.01378713243557074,6110.524554319636,-0.001730376724629057
2022-12-23,0.0,2389.0194637856866,-0.01378713243557074,6126.252132193314,-0.0025738506954462925
2022-12-24,0.0,2389.0194637856866,-0.01378713243557074,6082.994091259274,0.007061093797742747
2022-12-25,0.0,2389.0194637856866,-0.01378713243557074,6057.085366742141,0.004259205931888491
2022-12-26,0.0,2389.0194637856866,-0.01378713243557074,6140.646186999178,-0.013795549376907936
2022-12-27,0.0,2389.0194637856866,-0.01378713243557074,6091.191073731642,0.008053731115829632
2022-12-28,0.0,2389.0194637856866,-0.01378713243557074,5855.120552563826,0.03875605252080732
2022-12-29,0.0,2389.0194637856866,-0.01378713243557074,5799.093522937517,0.009568894290618104
2022-12-30,0.0,2389.0194637856866,-0.01378713243557074,5823.192982253069,-0.004155728687635188
2022-12-31,0.0,2389.0194637856866,-0.01378713243557074,5812.181785329802,0.0018909208327501567
