timestamp,ADA-USDT,AVAX-USDT,BNB-USDT,BTC-USDT,ETH-USDT,SOL-USDT,XRP-USDT
2018-01-01 00:00:00,0.0,0.0,0.0,0.0,0.0,0.0,0.0
2018-01-01 04:00:00,0.0,0.0,0.0,0.0,0.0,0.0,0.0
2018-01-01 08:00:00,0.0,0.0,0.0,0.0,0.0,0.0,0.0
2018-01-01 12:00:00,0.0,0.0,0.0,0.0,0.0,0.0,0.0
2018-01-01 16:00:00,0.0,0.0,0.0,0.0,0.0,0.0,0.0
2018-01-01 20:00:00,0.0,0.0,0.0,0.0,0.0,0.0,0.0
2018-01-02 00:00:00,0.0,0.0,0.0,0.0,0.0,0.0,0.0
2018-01-02 04:00:00,0.0,0.0,0.0,0.0,0.0,0.0,0.0
2018-01-02 08:00:00,0.0,0.0,0.0,0.0,0.0,0.0,0.0
2018-01-02 12:00:00,0.0,0.0,0.0,0.0,0.0,0.0,0.0
2018-01-02 16:00:00,0.0,0.0,0.0,0.0,0.0,0.0,0.0
2018-01-02 20:00:00,0.0,0.0,0.0,0.0,0.0,0.0,0.0
2018-01-03 00:00:00,0.0,0.0,0.0,0.0,0.0,0.0,0.0
2018-01-03 04:00:00,0.0,0.0,0.0,0.0,0.0,0.0,0.0
2018-01-03 08:00:00,0.0,0.0,0.0,0.0,0.0,0.0,0.0
2018-01-03 12:00:00,0.0,0.0,0.0,0.0,0.0,0.0,0.0
2018-01-03 16:00:00,0.0,0.0,0.0,0.0,0.0,0.0,0.0
2018-01-03 20:00:00,0.0,0.0,0.0,0.0,0.0,0.0,0.0
2018-01-04 00:00:00,0.0,0.0,0.0,0.0,0.0,0.0,0.0
2018-01-04 04:00:00,0.0,0.0,0.0,0.0,0.0,0.0,0.0
2018-01-04 08:00:00,0.0,0.0,0.0,0.0,0.0,0.0,0.0
2018-01-04 12:00:00,0.0,0.0,0.0,0.0,0.0,0.0,0.0
2018-01-04 16:00:00,0.0,0.0,0.0,0.0,0.0,0.0,0.0
2018-01-04 20:00:00,0.0,0.0,0.0,0.0,0.0,0.0,0.0
2018-01-05 00:00:00,0.0,0.0,0.0,0.0,0.0,0.0,0.0
2018-01-05 04:00:00,0.0,0.0,0.0,0.0,0.0,0.0,0.0
2018-01-05 08:00:00,0.0,0.0,0.0,0.0,0.0,0.0,0.0
2018-01-05 12:00:00,0.0,0.0,0.0,0.0,0.0,0.0,0.0
2018-01-05 16:00:00,0.0,0.0,0.0,0.0,0.0,0.0,0.0
2018-01-05 20:00:00,0.0,0.0,0.0,0.0,0.0,0.0,0.0
2018-01-06 00:00:00,0.0,0.0,0.0,0.0,0.0,0.0,0.0
2018-01-06 04:00:00,0.0,0.0,0.0,0.0,0.0,0.0,0.0
2018-01-06 08:00:00,0.0,0.0,0.0,0.0,0.0,0.0,0.0
2018-01-06 12:00:00,0.0,0.0,0.0,0.0,0.0,0.0,0.0
2018-01-06 16:00:00,0.0,0.0,0.0,0.0,0.0,0.0,0.0
2018-01-06 20:00:00,0.0,0.0,0.0,0.0,0.0,0.0,0.0
2018-01-07 00:00:00,0.0,0.0,0.0,0.0,0.0,0.0,0.0
2018-01-07 04:00:00,0.0,0.0,0.0,0.0,0.0,0.0,0.0
2018-01-07 08:00:00,0.0,0.0,0.0,0.0,0.0,0.0,0.0
2018-01-07 12:00:00,0.0,0.0,0.0,0.0,0.0,0.0,0.0
2018-01-07 16:00:00,0.0,0.0,0.0,0.0,0.0,0.0,0.0
2018-01-07 20:00:00,0.0,0.0,0.0,0.0,0.0,0.0,0.0
2018-01-08 00:00:00,0.0,0.0,0.0,0.0,0.0,0.0,0.0
2018-01-08 04:00:00,0.0,0.0,0.0,0.0,0.0,0.0,0.0
2018-01-08 08:00:00,0.0,0.0,0.0,0.0,0.0,0.0,0.0
2018-01-08 12:00:00,0.0,0.0,0.0,0.0,0.0,0.0,0.0
2018-01-08 16:00:00,0.0,0.0,0.0,0.0,0.0,0.0,0.0
2018-01-08 20:00:00,0.0,0.0,0.0,0.0,0.0,0.0,0.0
2018-01-09 00:00:00,0.0,0.0,0.0,0.0,0.0,0.0,0.0
2018-01-09 04:00:00,0.0,0.0,0.0,0.0,0.0,0.0,0.0
2018-01-09 08:00:00,0.0,0.0,0.0,0.0,0.0,0.0,0.0
2018-01-09 12:00:00,0.0,0.0,0.0,0.0,0.0,0.0,0.0
2018-01-09 16:00:00,0.0,0.0,0.0,0.0,0.0,0.0,0.0
2018-01-09 20:00:00,0.0,0.0,0.0,0.0,0.0,0.0,0.0
2018-01-10 00:00:00,0.0,0.0,0.0,0.0,0.0,0.0,0.0
2018-01-10 04:00:00,0.0,0.0,0.0,0.0,0.0,0.0,0.0
2018-01-10 08:00:00,0.0,0.0,0.0,0.0,0.0,0.0,0.0
2018-01-10 12:00:00,0.0,0.0,0.0,0.0,0.0,0.0,0.0
2018-01-10 16:00:00,0.0,0.0,0.0,0.0,0.0,0.0,0.0
2018-01-10 20:00:00,0.0,0.0,0.0,0.0,0.0,0.0,0.0
2018-01-11 00:00:00,0.0,0.0,0.0,0.0,0.0,0.0,0.0
2018-01-11 04:00:00,0.0,0.0,0.0,0.0,0.0,0.0,0.0
2018-01-11 08:00:00,0.0,0.0,0.0,0.0,0.0,0.0,0.0
2018-01-11 12:00:00,0.0,0.0,0.0,0.0,0.0,0.0,0.0
2018-01-11 16:00:00,0.0,0.0,0.0,0.0,0.0,0.0,0.0
2018-01-11 20:00:00,0.0,0.0,0.0,0.0,0.0,0.0,0.0
2018-01-12 00:00:00,0.0,0.0,0.0,0.0,0.0,0.0,0.0
2018-01-12 04:00:00,0.0,0.0,0.0,0.0,0.0,0.0,0.0
2018-01-12 08:00:00,0.0,0.0,0.0,0.0,0.0,0.0,0.0
2018-01-12 12:00:00,0.0,0.0,0.0,0.0,0.0,0.0,0.0
2018-01-12 16:00:00,0.0,0.0,0.0,0.0,0.0,0.0,0.0
2018-01-12 20:00:00,0.0,0.0,0.0,0.0,0.0,0.0,0.0
2018-01-13 00:00:00,0.0,0.0,0.0,0.0,0.0,0.0,0.0
2018-01-13 04:00:00,0.0,0.0,0.0,0.0,0.0,0.0,0.0
2018-01-13 08:00:00,0.0,0.0,0.0,0.0,0.0,0.0,0.0
2018-01-13 12:00:00,0.0,0.0,0.0,0.0,0.0,0.0,0.0
2018-01-13 16:00:00,0.0,0.0,0.0,0.0,0.0,0.0,0.0
2018-01-13 20:00:00,0.0,0.0,0.0,0.0,0.0,0.0,0.0
2018-01-14 00:00:00,0.0,0.0,0.0,0.0,0.0,0.0,0.0
2018-01-14 04:00:00,0.0,0.0,0.0,0.0,0.0,0.0,0.0
2018-01-14 08:00:00,0.0,0.0,0.0,0.0,0.0,0.0,0.0
2018-01-14 12:00:00,0.0,0.0,0.0,0.0,0.0,0.0,0.0
2018-01-14 16:00:00,0.0,0.0,0.0,0.0,0.0,0.0,0.0
2018-01-14 20:00:00,0.0,0.0,0.0,0.0,0.0,0.0,0.0
2018-01-15 00:00:00,0.0,0.0,0.0,0.0,0.0,0.0,0.0
2018-01-15 04:00:00,0.0,0.0,0.0,0.0,0.0,0.0,0.0
2018-01-15 08:00:00,0.0,0.0,0.0,0.0,0.0,0.0,0.0
2018-01-15 12:00:00,0.0,0.0,0.0,0.0,0.0,0.0,0.0
2018-01-15 16:00:00,0.0,0.0,0.0,0.0,0.0,0.0,0.0
2018-01-15 20:00:00,0.0,0.0,0.0,0.0,0.0,0.0,0.0
2018-01-16 00:00:00,0.0,0.0,0.0,0.0,0.0,0.0,0.0
2018-01-16 04:00:00,0.0,0.0,0.0,0.0,0.0,0.0,0.0
2018-01-16 08:00:00,0.0,0.0,0.0,0.0,0.0,0.0,0.0
2018-01-16 12:00:00,0.0,0.0,0.0,0.0,0.0,0.0,0.0
2018-01-16 16:00:00,0.0,0.0,0.0,0.0,0.0,0.0,0.0
2018-01-16 20:00:00,0.0,0.0,0.0,0.0,0.0,0.0,0.0
2018-01-17 00:00:00,0.0,0.0,0.0,0.0,0.0,0.0,0.0
2018-01-17 04:00:00,0.0,0.0,0.0,0.0,0.0,0.0,0.0
2018-01-17 08:00:00,0.0,0.0,0.0,0.0,0.0,0.0,0.0
2018-01-17 12:00:00,0.0,0.0,0.0,0.0,0.0,0.0,0.0
2018-01-17 16:00:00,0.0,0.0,0.0,0.0,0.0,0.0,0.0
2018-01-17 20:00:00,0.0,0.0,0.0,0.0,0.0,0.0,0.0
2018-01-18 00:00:00,0.0,0.0,0.0,0.0,0.0,0.0,0.0
2018-01-18 04:00:00,0.0,0.0,0.0,0.0,0.0,0.0,0.0
2018-01-18 08:00:00,0.0,0.0,0.0,0.0,0.0,0.0,0.0
2018-01-18 12:00:00,0.0,0.0,0.0,0.0,0.0,0.0,0.0
2018-01-18 16:00:00,0.0,0.0,0.0,0.0,0.0,0.0,0.0
2018-01-18 20:00:00,0.0,0.0,0.0,0.0,0.0,0.0,0.0
2018-01-19 00:00:00,0.0,0.0,0.0,0.0,0.0,0.0,0.0
2018-01-19 04:00:00,0.0,0.0,0.0,0.0,0.0,0.0,0.0
2018-01-19 08:00:00,0.0,0.0,0.0,0.0,0.0,0.0,0.0
2018-01-19 12:00:00,0.0,0.0,0.0,0.0,0.0,0.0,0.0
2018-01-19 16:00:00,0.0,0.0,0.0,0.0,0.0,0.0,0.0
2018-01-19 20:00:00,0.0,0.0,0.0,0.0,0.0,0.0,0.0
2018-01-20 00:00:00,0.0,0.0,0.0,0.0,0.0,0.0,0.0
2018-01-20 04:00:00,0.0,0.0,0.0,0.0,0.0,0.0,0.0
2018-01-20 08:00:00,0.0,0.0,0.0,0.0,0.0,0.0,0.0
2018-01-20 12:00:00,0.0,0.0,0.0,0.0,0.0,0.0,0.0
2018-01-20 16:00:00,0.0,0.0,0.0,0.0,0.0,0.0,0.0
2018-01-20 20:00:00,0.0,0.0,0.0,0.0,0.0,0.0,0.0
2018-01-21 00:00:00,0.0,0.0,0.0,0.0,0.0,0.0,0.0
2018-01-21 04:00:00,0.0,0.0,0.0,0.0,0.0,0.0,0.0
2018-01-21 08:00:00,0.0,0.0,0.0,0.0,0.0,0.0,0.0
2018-01-21 12:00:00,0.0,0.0,0.0,0.0,0.0,0.0,0.0
2018-01-21 16:00:00,0.0,0.0,0.0,0.0,0.0,0.0,0.0
2018-01-21 20:00:00,0.0,0.0,0.0,0.0,0.0,0.0,0.0
2018-01-22 00:00:00,0.0,0.0,0.0,0.0,0.0,0.0,0.0
2018-01-22 04:00:00,0.0,0.0,0.0,0.0,0.0,0.0,0.0
2018-01-22 08:00:00,0.0,0.0,0.0,0.0,0.0,0.0,0.0
2018-01-22 12:00:00,0.0,0.0,0.0,0.0,0.0,0.0,0.0
2018-01-22 16:00:00,0.0,0.0,0.0,0.0,0.0,0.0,0.0
2018-01-22 20:00:00,0.0,0.0,0.0,0.0,0.0,0.0,0.0
2018-01-23 00:00:00,0.0,0.0,0.0,0.0,0.0,0.0,0.0
2018-01-23 04:00:00,0.0,0.0,0.0,0.0,0.0,0.0,0.0
2018-01-23 08:00:00,0.0,0.0,0.0,0.0,0.0,0.0,0.0
2018-01-23 12:00:00,0.0,0.0,0.0,0.0,0.0,0.0,0.0
2018-01-23 16:00:00,0.0,0.0,0.0,0.0,0.0,0.0,0.0
2018-01-23 20:00:00,0.0,0.0,0.0,0.0,0.0,0.0,0.0
2018-01-24 00:00:00,0.0,0.0,0.0,0.0,0.0,0.0,0.0
2018-01-24 04:00:00,0.0,0.0,0.0,0.0,0.0,0.0,0.0
2018-01-24 08:00:00,0.0,0.0,0.0,0.0,0.0,0.0,0.0
2018-01-24 12:00:00,0.0,0.0,0.0,0.0,0.0,0.0,0.0
2018-01-24 16:00:00,0.0,0.0,0.0,0.0,0.0,0.0,0.0
2018-01-24 20:00:00,0.0,0.0,0.0,0.0,0.0,0.0,0.0
2018-01-25 00:00:00,0.0,0.0,0.0,0.0,0.0,0.0,0.0
2018-01-25 04:00:00,0.0,0.0,0.0,0.0,0.0,0.0,0.0
2018-01-25 08:00:00,0.0,0.0,0.0,0.0,0.0,0.0,0.0
2018-01-25 12:00:00,0.0,0.0,0.0,0.0,0.0,0.0,0.0
2018-01-25 16:00:00,0.0,0.0,0.0,0.0,0.0,0.0,0.0
2018-01-25 20:00:00,0.0,0.0,0.0,0.0,0.0,0.0,0.0
2018-01-26 00:00:00,0.0,0.0,0.0,0.0,0.0,0.0,0.0
2018-01-26 04:00:00,0.0,0.0,0.0,0.0,0.0,0.0,0.0
2018-01-26 08:00:00,0.0,0.0,0.0,0.0,0.0,0.0,0.0
2018-01-26 12:00:00,0.0,0.0,0.0,0.0,0.0,0.0,0.0
2018-01-26 16:00:00,0.0,0.0,0.0,0.0,0.0,0.0,0.0
2018-01-26 20:00:00,0.0,0.0,0.0,0.0,0.0,0.0,0.0
2018-01-27 00:00:00,0.0,0.0,0.0,0.0,0.0,0.0,0.0
2018-01-27 04:00:00,0.0,0.0,0.0,0.0,0.0,0.0,0.0
2018-01-27 08:00:00,0.0,0.0,0.0,0.0,0.0,0.0,0.0
2018-01-27 12:00:00,0.0,0.0,0.0,0.0,0.0,0.0,0.0
2018-01-27 16:00:00,0.0,0.0,0.0,0.0,0.0,0.0,0.0
2018-01-27 20:00:00,0.0,0.0,0.0,0.0,0.0,0.0,0.0
2018-01-28 00:00:00,0.0,0.0,0.0,0.0,0.0,0.0,0.0
2018-01-28 04:00:00,0.0,0.0,0.0,0.0,0.0,0.0,0.0
2018-01-28 08:00:00,0.0,0.0,0.0,0.0,0.13767525041315282,0.0,0.0
2018-01-28 12:00:00,0.0,0.0,0.0,0.0,0.0,0.0,0.0
2018-01-28 16:00:00,0.0,0.0,0.0,0.0,0.0,0.0,0.0
2018-01-28 20:00:00,0.0,0.0,0.0,0.0,0.0,0.0,0.0
2018-01-29 00:00:00,0.0,0.0,0.0,0.0,0.0,0.0,0.0
2018-01-29 04:00:00,0.0,0.0,0.0,0.0,0.0,0.0,0.0
2018-01-29 08:00:00,0.0,0.0,0.0,0.0,0.0,0.0,0.0
2018-01-29 12:00:00,0.0,0.0,0.0,0.0,0.0,0.0,0.0
2018-01-29 16:00:00,0.0,0.0,0.0,0.0,0.0,0.0,0.0
2018-01-29 20:00:00,0.0,0.0,0.0,0.0,0.0,0.0,0.0
2018-01-30 00:00:00,0.0,0.0,0.0,0.0,0.0,0.0,0.0
2018-01-30 04:00:00,0.0,0.0,0.0,0.0,0.0,0.0,0.0
2018-01-30 08:00:00,0.0,0.0,0.0,0.0,0.0,0.0,0.0
2018-01-30 12:00:00,0.0,0.0,0.0,0.0,0.0,0.0,0.0
2018-01-30 16:00:00,0.0,0.0,0.0,0.0,0.0,0.0,0.0
2018-01-30 20:00:00,0.0,0.0,0.0,0.0,0.0,0.0,0.0
2018-01-31 00:00:00,0.0,0.0,0.0,0.0,0.0,0.0,0.0
2018-01-31 04:00:00,0.0,0.0,0.0,0.0,0.0,0.0,0.0
2018-01-31 08:00:00,0.0,0.0,0.0,0.0,0.0,0.0,0.0
2018-01-31 12:00:00,0.0,0.0,0.0,0.0,0.0,0.0,0.0
2018-01-31 16:00:00,0.0,0.0,0.0,0.0,0.0,0.0,0.0
2018-01-31 20:00:00,0.0,0.0,0.0,0.0,0.0,0.0,0.0
2018-02-01 00:00:00,0.0,0.0,0.0,0.0,0.0,0.0,0.0
2018-02-01 04:00:00,0.0,0.0,0.0,0.0,0.0,0.0,0.0
2018-02-01 08:00:00,0.0,0.0,0.0,0.0,0.0,0.0,0.0
2018-02-01 12:00:00,0.0,0.0,0.0,0.0,0.0,0.0,0.0
2018-02-01 16:00:00,0.0,0.0,0.0,0.0,0.0,0.0,0.0
2018-02-01 20:00:00,0.0,0.0,0.0,0.0,0.0,0.0,0.0
2018-02-02 00:00:00,0.0,0.0,0.0,0.0,0.0,0.0,0.0
2018-02-02 04:00:00,0.0,0.0,0.0,0.0,0.0,0.0,0.0
2018-02-02 08:00:00,0.0,0.0,0.0,0.0,0.0,0.0,0.0
2018-02-02 12:00:00,0.0,0.0,0.0,0.0,0.0,0.0,0.0
2018-02-02 16:00:00,0.0,0.0,0.0,0.0,0.0,0.0,0.0
2018-02-02 20:00:00,0.0,0.0,0.0,0.0,0.0,0.0,0.0
2018-02-03 00:00:00,0.0,0.0,0.0,0.0,0.0,0.0,0.0
2018-02-03 04:00:00,0.0,0.0,0.0,0.0,0.0,0.0,0.0
2018-02-03 08:00:00,0.0,0.0,0.0,0.0,0.0,0.0,0.0
2018-02-03 12:00:00,0.0,0.0,0.0,0.0,0.0,0.0,0.0
2018-02-03 16:00:00,0.0,0.0,0.0,0.0,0.0,0.0,0.0
2018-02-03 20:00:00,0.0,0.0,0.0,0.0,0.0,0.0,0.0
2018-02-04 00:00:00,0.0,0.0,0.0,0.0,0.0,0.0,0.0
2018-02-04 04:00:00,0.0,0.0,0.0,0.0,0.0,0.0,0.0
2018-02-04 08:00:00,0.0,0.0,0.0,0.0,0.0,0.0,0.0
2018-02-04 12:00:00,0.0,0.0,0.0,0.0,0.0,0.0,0.0
2018-02-04 16:00:00,0.0,0.0,0.0,0.0,0.0,0.0,0.0
2018-02-04 20:00:00,0.0,0.0,0.0,0.0,0.0,0.0,0.0
2018-02-05 00:00:00,0.0,0.0,0.0,0.0,0.0,0.0,0.0
2018-02-05 04:00:00,0.0,0.0,0.0,0.0,0.0,0.0,0.0
2018-02-05 08:00:00,0.0,0.0,0.0,0.0,0.0,0.0,0.0
2018-02-05 12:00:00,0.0,0.0,0.0,0.0,0.0,0.0,0.0
2018-02-05 16:00:00,0.0,0.0,0.0,0.0,0.0,0.0,0.0
2018-02-05 20:00:00,0.0,0.0,0.0,0.0,0.0,0.0,0.0
2018-02-06 00:00:00,0.0,0.0,0.0,0.0,0.0,0.0,0.0
2018-02-06 04:00:00,0.0,0.0,0.0,0.0,0.0,0.0,0.0
2018-02-06 08:00:00,0.0,0.0,0.0,0.0,0.0,0.0,0.0
2018-02-06 12:00:00,0.0,0.0,0.0,0.0,0.0,0.0,0.0
2018-02-06 16:00:00,0.0,0.0,0.0,0.0,0.0,0.0,0.0
2018-02-06 20:00:00,0.0,0.0,0.0,0.0,0.0,0.0,0.0
2018-02-07 00:00:00,0.0,0.0,0.0,0.0,0.0,0.0,0.0
2018-02-07 04:00:00,0.0,0.0,0.0,0.0,0.0,0.0,0.0
2018-02-07 08:00:00,0.0,0.0,0.0,0.0,0.0,0.0,0.0
2018-02-07 12:00:00,0.0,0.0,0.0,0.0,0.0,0.0,0.0
2018-02-07 16:00:00,0.0,0.0,0.0,0.0,0.0,0.0,0.0
2018-02-07 20:00:00,0.0,0.0,0.0,0.0,0.0,0.0,0.0
2018-02-08 00:00:00,0.0,0.0,0.0,0.0,0.0,0.0,0.0
2018-02-09 08:00:00,0.0,0.0,0.0,0.0,0.0,0.0,0.0
2018-02-09 12:00:00,0.0,0.0,0.0,0.0,0.0,0.0,0.0
2018-02-09 16:00:00,0.0,0.0,0.0,0.0,0.0,0.0,0.0
2018-02-09 20:00:00,0.0,0.0,0.0,0.0,0.0,0.0,0.0
2018-02-10 00:00:00,0.0,0.0,0.0,0.0,0.0,0.0,0.0
2018-02-10 04:00:00,0.0,0.0,0.0,0.0,0.0,0.0,0.0
2018-02-10 08:00:00,0.0,0.0,0.0,0.0,0.0,0.0,0.0
2018-02-10 12:00:00,0.0,0.0,0.0,0.0,0.0,0.0,0.0
2018-02-10 16:00:00,0.0,0.0,0.0,0.0,0.0,0.0,0.0
2018-02-10 20:00:00,0.0,0.0,0.0,0.0,0.0,0.0,0.0
2018-02-11 00:00:00,0.0,0.0,0.0,0.0,0.0,0.0,0.0
2018-02-11 04:00:00,0.0,0.0,0.0,0.0,0.0,0.0,0.0
2018-02-11 08:00:00,0.0,0.0,0.0,0.0,0.0,0.0,0.0
2018-02-11 12:00:00,0.0,0.0,0.0,0.0,0.0,0.0,0.0
2018-02-11 16:00:00,0.0,0.0,0.0,0.0,0.0,0.0,0.0
2018-02-11 20:00:00,0.0,0.0,0.0,0.0,0.0,0.0,0.0
2018-02-12 00:00:00,0.0,0.0,0.0,0.0,0.0,0.0,0.0
2018-02-12 04:00:00,0.0,0.0,0.0,0.0,0.0,0.0,0.0
2018-02-12 08:00:00,0.0,0.0,0.0,0.0,0.0,0.0,0.0
2018-02-12 12:00:00,0.0,0.0,0.0,0.0,0.0,0.0,0.0
2018-02-12 16:00:00,0.0,0.0,0.0,0.0,0.0,0.0,0.0
2018-02-12 20:00:00,0.0,0.0,0.0,0.0,0.0,0.0,0.0
2018-02-13 00:00:00,0.0,0.0,0.0,0.0,0.0,0.0,0.0
2018-02-13 04:00:00,0.0,0.0,0.0,0.0,0.0,0.0,0.0
2018-02-13 08:00:00,0.0,0.0,0.0,0.0,0.0,0.0,0.0
2018-02-13 12:00:00,0.0,0.0,0.0,0.0,0.0,0.0,0.0
2018-02-13 16:00:00,0.0,0.0,0.0,0.0,0.0,0.0,0.0
2018-02-13 20:00:00,0.0,0.0,0.0,0.0,0.0,0.0,0.0
2018-02-14 00:00:00,0.0,0.0,0.0,0.0,0.0,0.0,0.0
2018-02-14 04:00:00,0.0,0.0,0.0,0.0,0.0,0.0,0.0
2018-02-14 08:00:00,0.0,0.0,0.0,0.0,0.0,0.0,0.0
2018-02-14 12:00:00,0.0,0.0,0.0,0.0,0.0,0.0,0.0
2018-02-14 16:00:00,0.0,0.0,0.0,0.0,0.0,0.0,0.0
2018-02-14 20:00:00,0.0,0.0,0.0,0.0,0.0,0.0,0.0
2018-02-15 00:00:00,0.0,0.0,0.0,0.0,0.0,0.0,0.0
2018-02-15 04:00:00,0.0,0.0,0.0,0.1471512164134889,0.0,0.0,0.0
2018-02-15 08:00:00,0.0,0.0,0.11806715416901058,0.1471512164134889,0.0,0.0,0.0
2018-02-15 12:00:00,0.0,0.0,0.11806715416901058,0.1471512164134889,0.0,0.0,0.0
2018-02-15 16:00:00,0.0,0.0,0.11806715416901058,0.1471512164134889,0.0,0.0,0.0
2018-02-15 20:00:00,0.0,0.0,0.11806715416901058,0.1471512164134889,0.0,0.0,0.0
2018-02-16 00:00:00,0.0,0.0,0.11806715416901058,0.1471512164134889,0.0,0.0,0.0
2018-02-16 04:00:00,0.0,0.0,0.11806715416901058,0.1471512164134889,0.0,0.0,0.0
2018-02-16 08:00:00,0.0,0.0,0.11806715416901058,0.1471512164134889,0.0,0.0,0.0
2018-02-16 12:00:00,0.0,0.0,0.11806715416901058,0.1471512164134889,0.0,0.0,0.0
2018-02-16 16:00:00,0.0,0.0,0.11806715416901058,0.1471512164134889,0.0,0.0,0.0
2018-02-16 20:00:00,0.0,0.0,0.11806715416901058,0.1471512164134889,0.0,0.0,0.0
2018-02-17 00:00:00,0.0,0.0,0.11806715416901058,0.1471512164134889,0.0,0.0,0.0
2018-02-17 04:00:00,0.0,0.0,0.11806715416901058,0.1471512164134889,0.2006819421713038,0.0,0.0
2018-02-17 08:00:00,0.0,0.0,0.11806715416901058,0.1471512164134889,0.2006819421713038,0.0,0.0
2018-02-17 12:00:00,0.0,0.0,0.11806715416901058,0.1471512164134889,0.2006819421713038,0.0,0.0
2018-02-17 16:00:00,0.0,0.0,0.11806715416901058,0.1471512164134889,0.2006819421713038,0.0,0.0
2018-02-17 20:00:00,0.0,0.0,0.11806715416901058,0.1471512164134889,0.2006819421713038,0.0,0.0
2018-02-18 00:00:00,0.0,0.0,0.11806715416901058,0.1471512164134889,0.2006819421713038,0.0,0.0
2018-02-18 04:00:00,0.0,0.0,0.11806715416901058,0.1471512164134889,0.2006819421713038,0.0,0.0
2018-02-18 08:00:00,0.0,0.0,0.0,0.0,0.0,0.0,0.0
2018-02-18 12:00:00,0.0,0.0,0.0,0.0,0.0,0.0,0.0
2018-02-18 16:00:00,0.0,0.0,0.0,0.0,0.0,0.0,0.0
2018-02-18 20:00:00,0.0,0.0,0.0,0.0,0.0,0.0,0.0
2018-02-19 00:00:00,0.0,0.0,0.0,0.0,0.0,0.0,0.0
2018-02-19 04:00:00,0.0,0.0,0.0,0.0,0.0,0.0,0.0
2018-02-19 08:00:00,0.0,0.0,0.0,0.0,0.0,0.0,0.0
2018-02-19 12:00:00,0.0,0.0,0.0,0.0,0.0,0.0,0.0
2018-02-19 16:00:00,0.0,0.0,0.0,0.0,0.0,0.0,0.0
2018-02-19 20:00:00,0.0,0.0,0.0,0.0,0.0,0.0,0.0
2018-02-20 00:00:00,0.0,0.0,0.0,0.0,0.0,0.0,0.0
2018-02-20 04:00:00,0.0,0.0,0.0,0.14739062560476848,0.0,0.0,0.0
2018-02-20 08:00:00,0.0,0.0,0.0,0.14739062560476848,0.0,0.0,0.0
2018-02-20 12:00:00,0.0,0.0,0.0,0.14739062560476848,0.0,0.0,0.0
2018-02-20 16:00:00,0.0,0.0,0.0,0.14739062560476848,0.0,0.0,0.0
2018-02-20 20:00:00,0.0,0.0,0.0,0.14739062560476848,0.0,0.0,0.0
2018-02-21 00:00:00,0.0,0.0,0.0,0.14739062560476848,0.0,0.0,0.0
2018-02-21 04:00:00,0.0,0.0,0.0,0.0,0.0,0.0,0.0
2018-02-21 08:00:00,0.0,0.0,0.0,0.0,0.0,0.0,0.0
2018-02-21 12:00:00,0.0,0.0,0.0,0.0,0.0,0.0,0.0
2018-02-21 16:00:00,0.0,0.0,0.0,0.0,0.0,0.0,0.0
2018-02-21 20:00:00,0.0,0.0,0.0,0.0,0.0,0.0,0.0
2018-02-22 00:00:00,0.0,0.0,0.0,0.0,0.0,0.0,0.0
2018-02-22 04:00:00,0.0,0.0,0.0,0.0,0.0,0.0,0.0
2018-02-22 08:00:00,0.0,0.0,0.0,0.0,0.0,0.0,0.0
2018-02-22 12:00:00,0.0,0.0,0.0,0.0,0.0,0.0,0.0
2018-02-22 16:00:00,0.0,0.0,0.0,0.0,0.0,0.0,0.0
2018-02-22 20:00:00,0.0,0.0,0.0,0.0,0.0,0.0,0.0
2018-02-23 00:00:00,0.0,0.0,0.0,0.0,0.0,0.0,0.0
2018-02-23 04:00:00,0.0,0.0,0.0,0.0,0.0,0.0,0.0
2018-02-23 08:00:00,0.0,0.0,0.0,0.0,0.0,0.0,0.0
2018-02-23 12:00:00,0.0,0.0,0.0,0.0,0.0,0.0,0.0
2018-02-23 16:00:00,0.0,0.0,0.0,0.0,0.0,0.0,0.0
2018-02-23 20:00:00,0.0,0.0,0.0,0.0,0.0,0.0,0.0
2018-02-24 00:00:00,0.0,0.0,0.0,0.0,0.0,0.0,0.0
2018-02-24 04:00:00,0.0,0.0,0.0,0.0,0.0,0.0,0.0
2018-02-24 08:00:00,0.0,0.0,0.0,0.0,0.0,0.0,0.0
2018-02-24 12:00:00,0.0,0.0,0.0,0.0,0.0,0.0,0.0
2018-02-24 16:00:00,0.0,0.0,0.0,0.0,0.0,0.0,0.0
2018-02-24 20:00:00,0.0,0.0,0.0,0.0,0.0,0.0,0.0
2018-02-25 00:00:00,0.0,0.0,0.0,0.0,0.0,0.0,0.0
2018-02-25 04:00:00,0.0,0.0,0.0,0.0,0.0,0.0,0.0
2018-02-25 08:00:00,0.0,0.0,0.0,0.0,0.0,0.0,0.0
2018-02-25 12:00:00,0.0,0.0,0.0,0.0,0.0,0.0,0.0
2018-02-25 16:00:00,0.0,0.0,0.0,0.0,0.0,0.0,0.0
2018-02-25 20:00:00,0.0,0.0,0.0,0.0,0.0,0.0,0.0
2018-02-26 00:00:00,0.0,0.0,0.0,0.0,0.0,0.0,0.0
2018-02-26 04:00:00,0.0,0.0,0.0,0.0,0.0,0.0,0.0
2018-02-26 08:00:00,0.0,0.0,0.0,0.0,0.0,0.0,0.0
2018-02-26 12:00:00,0.0,0.0,0.0,0.0,0.0,0.0,0.0
2018-02-26 16:00:00,0.0,0.0,0.0,0.0,0.0,0.0,0.0
2018-02-26 20:00:00,0.0,0.0,0.0,0.0,0.0,0.0,0.0
2018-02-27 00:00:00,0.0,0.0,0.0,0.0,0.0,0.0,0.0
2018-02-27 04:00:00,0.0,0.0,0.0,0.0,0.0,0.0,0.0
2018-02-27 08:00:00,0.0,0.0,0.0,0.0,0.0,0.0,0.0
2018-02-27 12:00:00,0.0,0.0,0.0,0.0,0.0,0.0,0.0
2018-02-27 16:00:00,0.0,0.0,0.0,0.0,0.0,0.0,0.0
2018-02-27 20:00:00,0.0,0.0,0.0,0.0,0.0,0.0,0.0
2018-02-28 00:00:00,0.0,0.0,0.0,0.0,0.0,0.0,0.0
2018-02-28 04:00:00,0.0,0.0,0.0,0.0,0.0,0.0,0.0
2018-02-28 08:00:00,0.0,0.0,0.0,0.0,0.0,0.0,0.0
2018-02-28 12:00:00,0.0,0.0,0.0,0.0,0.0,0.0,0.0
2018-02-28 16:00:00,0.0,0.0,0.0,0.0,0.0,0.0,0.0
2018-02-28 20:00:00,0.0,0.0,0.0,0.0,0.0,0.0,0.0
2018-03-01 00:00:00,0.0,0.0,0.0,0.0,0.0,0.0,0.0
2018-03-01 04:00:00,0.0,0.0,0.0,0.0,0.0,0.0,0.0
2018-03-01 08:00:00,0.0,0.0,0.0,0.0,0.0,0.0,0.0
2018-03-01 12:00:00,0.0,0.0,0.0,0.0,0.0,0.0,0.0
2018-03-01 16:00:00,0.0,0.0,0.0,0.0,0.0,0.0,0.0
2018-03-01 20:00:00,0.0,0.0,0.0,0.0,0.0,0.0,0.0
2018-03-02 00:00:00,0.0,0.0,0.0,0.0,0.0,0.0,0.0
2018-03-02 04:00:00,0.0,0.0,0.0,0.0,0.0,0.0,0.0
2018-03-02 08:00:00,0.0,0.0,0.0,0.0,0.0,0.0,0.0
2018-03-02 12:00:00,0.0,0.0,0.0,0.0,0.0,0.0,0.0
2018-03-02 16:00:00,0.0,0.0,0.0,0.0,0.0,0.0,0.0
2018-03-02 20:00:00,0.0,0.0,0.0,0.0,0.0,0.0,0.0
2018-03-03 00:00:00,0.0,0.0,0.0,0.0,0.0,0.0,0.0
2018-03-03 04:00:00,0.0,0.0,0.0,0.18537252937575077,0.0,0.0,0.0
2018-03-03 08:00:00,0.0,0.0,0.0,0.18537252937575077,0.0,0.0,0.0
2018-03-03 12:00:00,0.0,0.0,0.0,0.18537252937575077,0.0,0.0,0.0
2018-03-03 16:00:00,0.0,0.0,0.0,0.18537252937575077,0.0,0.0,0.0
2018-03-03 20:00:00,0.0,0.0,0.0,0.18537252937575077,0.0,0.0,0.0
2018-03-04 00:00:00,0.0,0.0,0.0,0.18537252937575077,0.0,0.0,0.0
2018-03-04 04:00:00,0.0,0.0,0.0,0.18537252937575077,0.0,0.0,0.0
2018-03-04 08:00:00,0.0,0.0,0.0,0.18537252937575077,0.0,0.0,0.0
2018-03-04 12:00:00,0.0,0.0,0.0,0.18537252937575077,0.0,0.0,0.0
2018-03-04 16:00:00,0.0,0.0,0.0,0.18537252937575077,0.0,0.0,0.0
2018-03-04 20:00:00,0.0,0.0,0.0,0.18537252937575077,0.0,0.0,0.0
2018-03-05 00:00:00,0.0,0.0,0.0,0.18537252937575077,0.0,0.0,0.0
2018-03-05 04:00:00,0.0,0.0,0.0,0.18537252937575077,0.0,0.0,0.0
2018-03-05 08:00:00,0.0,0.0,0.0,0.18537252937575077,0.0,0.0,0.0
2018-03-05 12:00:00,0.0,0.0,0.0,0.18537252937575077,0.0,0.0,0.0
2018-03-05 16:00:00,0.0,0.0,0.0,0.18537252937575077,0.0,0.0,0.0
2018-03-05 20:00:00,0.0,0.0,0.0,0.18537252937575077,0.0,0.0,0.0
2018-03-06 00:00:00,0.0,0.0,0.0,0.18537252937575077,0.0,0.0,0.0
2018-03-06 04:00:00,0.0,0.0,0.0,0.0,0.0,0.0,0.0
2018-03-06 08:00:00,0.0,0.0,0.0,0.0,0.0,0.0,0.0
2018-03-06 12:00:00,0.0,0.0,0.0,0.0,0.0,0.0,0.0
2018-03-06 16:00:00,0.0,0.0,0.0,0.0,0.0,0.0,0.0
2018-03-06 20:00:00,0.0,0.0,0.0,0.0,0.0,0.0,0.0
2018-03-07 00:00:00,0.0,0.0,0.0,0.0,0.0,0.0,0.0
2018-03-07 04:00:00,0.0,0.0,0.0,0.0,0.0,0.0,0.0
2018-03-07 08:00:00,0.0,0.0,0.0,0.0,0.0,0.0,0.0
2018-03-07 12:00:00,0.0,0.0,0.0,0.0,0.0,0.0,0.0
2018-03-07 16:00:00,0.0,0.0,0.0,0.0,0.0,0.0,0.0
2018-03-07 20:00:00,0.0,0.0,0.0,0.0,0.0,0.0,0.0
2018-03-08 00:00:00,0.0,0.0,0.0,0.0,0.0,0.0,0.0
2018-03-08 04:00:00,0.0,0.0,0.0,0.0,0.0,0.0,0.0
2018-03-08 08:00:00,0.0,0.0,0.0,0.0,0.0,0.0,0.0
2018-03-08 12:00:00,0.0,0.0,0.0,0.0,0.0,0.0,0.0
2018-03-08 16:00:00,0.0,0.0,0.0,0.0,0.0,0.0,0.0
2018-03-08 20:00:00,0.0,0.0,0.0,0.0,0.0,0.0,0.0
2018-03-09 00:00:00,0.0,0.0,0.0,0.0,0.0,0.0,0.0
2018-03-09 04:00:00,0.0,0.0,0.0,0.0,0.0,0.0,0.0
2018-03-09 08:00:00,0.0,0.0,0.0,0.0,0.0,0.0,0.0
2018-03-09 12:00:00,0.0,0.0,0.0,0.0,0.0,0.0,0.0
2018-03-09 16:00:00,0.0,0.0,0.0,0.0,0.0,0.0,0.0
2018-03-09 20:00:00,0.0,0.0,0.0,0.0,0.0,0.0,0.0
2018-03-10 00:00:00,0.0,0.0,0.0,0.0,0.0,0.0,0.0
2018-03-10 04:00:00,0.0,0.0,0.0,0.0,0.0,0.0,0.0
2018-03-10 08:00:00,0.0,0.0,0.0,0.0,0.0,0.0,0.0
2018-03-10 12:00:00,0.0,0.0,0.0,0.0,0.0,0.0,0.0
2018-03-10 16:00:00,0.0,0.0,0.0,0.0,0.0,0.0,0.0
2018-03-10 20:00:00,0.0,0.0,0.0,0.0,0.0,0.0,0.0
2018-03-11 00:00:00,0.0,0.0,0.0,0.0,0.0,0.0,0.0
2018-03-11 04:00:00,0.0,0.0,0.0,0.0,0.0,0.0,0.0
2018-03-11 08:00:00,0.0,0.0,0.0,0.0,0.0,0.0,0.0
2018-03-11 12:00:00,0.0,0.0,0.0,0.0,0.0,0.0,0.0
2018-03-11 16:00:00,0.0,0.0,0.0,0.0,0.0,0.0,0.0
2018-03-11 20:00:00,0.0,0.0,0.0,0.0,0.0,0.0,0.0
2018-03-12 00:00:00,0.0,0.0,0.0,0.0,0.0,0.0,0.0
2018-03-12 04:00:00,0.0,0.0,0.0,0.0,0.0,0.0,0.0
2018-03-12 08:00:00,0.0,0.0,0.0,0.0,0.0,0.0,0.0
2018-03-12 12:00:00,0.0,0.0,0.0,0.0,0.0,0.0,0.0
2018-03-12 16:00:00,0.0,0.0,0.0,0.0,0.0,0.0,0.0
2018-03-12 20:00:00,0.0,0.0,0.0,0.0,0.0,0.0,0.0
2018-03-13 00:00:00,0.0,0.0,0.0,0.0,0.0,0.0,0.0
2018-03-13 04:00:00,0.0,0.0,0.0,0.0,0.0,0.0,0.0
2018-03-13 08:00:00,0.0,0.0,0.0,0.0,0.0,0.0,0.0
2018-03-13 12:00:00,0.0,0.0,0.0,0.0,0.0,0.0,0.0
2018-03-13 16:00:00,0.0,0.0,0.0,0.0,0.0,0.0,0.0
2018-03-13 20:00:00,0.0,0.0,0.0,0.0,0.0,0.0,0.0
2018-03-14 00:00:00,0.0,0.0,0.0,0.0,0.0,0.0,0.0
2018-03-14 04:00:00,0.0,0.0,0.0,0.0,0.0,0.0,0.0
2018-03-14 08:00:00,0.0,0.0,0.0,0.0,0.0,0.0,0.0
2018-03-14 12:00:00,0.0,0.0,0.0,0.0,0.0,0.0,0.0
2018-03-14 16:00:00,0.0,0.0,0.0,0.0,0.0,0.0,0.0
2018-03-14 20:00:00,0.0,0.0,0.0,0.0,0.0,0.0,0.0
2018-03-15 00:00:00,0.0,0.0,0.0,0.0,0.0,0.0,0.0
2018-03-15 04:00:00,0.0,0.0,0.0,0.0,0.0,0.0,0.0
2018-03-15 08:00:00,0.0,0.0,0.0,0.0,0.0,0.0,0.0
2018-03-15 12:00:00,0.0,0.0,0.0,0.0,0.0,0.0,0.0
2018-03-15 16:00:00,0.0,0.0,0.0,0.0,0.0,0.0,0.0
2018-03-15 20:00:00,0.0,0.0,0.0,0.0,0.0,0.0,0.0
2018-03-16 00:00:00,0.0,0.0,0.0,0.0,0.0,0.0,0.0
2018-03-16 04:00:00,0.0,0.0,0.0,0.0,0.0,0.0,0.0
2018-03-16 08:00:00,0.0,0.0,0.0,0.0,0.0,0.0,0.0
2018-03-16 12:00:00,0.0,0.0,0.0,0.0,0.0,0.0,0.0
2018-03-16 16:00:00,0.0,0.0,0.0,0.0,0.0,0.0,0.0
2018-03-16 20:00:00,0.0,0.0,0.0,0.0,0.0,0.0,0.0
2018-03-17 00:00:00,0.0,0.0,0.0,0.0,0.0,0.0,0.0
2018-03-17 04:00:00,0.0,0.0,0.0,0.0,0.0,0.0,0.0
2018-03-17 08:00:00,0.0,0.0,0.0,0.0,0.0,0.0,0.0
2018-03-17 12:00:00,0.0,0.0,0.0,0.0,0.0,0.0,0.0
2018-03-17 16:00:00,0.0,0.0,0.0,0.0,0.0,0.0,0.0
2018-03-17 20:00:00,0.0,0.0,0.0,0.0,0.0,0.0,0.0
2018-03-18 00:00:00,0.0,0.0,0.0,0.0,0.0,0.0,0.0
2018-03-18 04:00:00,0.0,0.0,0.0,0.0,0.0,0.0,0.0
2018-03-18 08:00:00,0.0,0.0,0.0,0.0,0.0,0.0,0.0
2018-03-18 12:00:00,0.0,0.0,0.0,0.0,0.0,0.0,0.0
2018-03-18 16:00:00,0.0,0.0,0.0,0.0,0.0,0.0,0.0
2018-03-18 20:00:00,0.0,0.0,0.0,0.0,0.0,0.0,0.0
2018-03-19 00:00:00,0.0,0.0,0.0,0.0,0.0,0.0,0.0
2018-03-19 04:00:00,0.0,0.0,0.0,0.0,0.0,0.0,0.0
2018-03-19 08:00:00,0.0,0.0,0.0,0.0,0.0,0.0,0.0
2018-03-19 12:00:00,0.0,0.0,0.0,0.0,0.0,0.0,0.0
2018-03-19 16:00:00,0.0,0.0,0.0,0.0,0.0,0.0,0.0
2018-03-19 20:00:00,0.0,0.0,0.0,0.0,0.0,0.0,0.0
2018-03-20 00:00:00,0.0,0.0,0.0,0.0,0.0,0.0,0.0
2018-03-20 04:00:00,0.0,0.0,0.0,0.0,0.0,0.0,0.0
2018-03-20 08:00:00,0.0,0.0,0.0,0.0,0.0,0.0,0.0
2018-03-20 12:00:00,0.0,0.0,0.0,0.0,0.0,0.0,0.0
2018-03-20 16:00:00,0.0,0.0,0.0,0.0,0.0,0.0,0.0
2018-03-20 20:00:00,0.0,0.0,0.0,0.0,0.0,0.0,0.0
2018-03-21 00:00:00,0.0,0.0,0.0,0.0,0.0,0.0,0.0
2018-03-21 04:00:00,0.0,0.0,0.0,0.0,0.0,0.0,0.0
2018-03-21 08:00:00,0.0,0.0,0.0,0.0,0.0,0.0,0.0
2018-03-21 12:00:00,0.0,0.0,0.0,0.0,0.0,0.0,0.0
2018-03-21 16:00:00,0.0,0.0,0.0,0.0,0.0,0.0,0.0
2018-03-21 20:00:00,0.0,0.0,0.0,0.0,0.0,0.0,0.0
2018-03-22 00:00:00,0.0,0.0,0.0,0.0,0.0,0.0,0.0
2018-03-22 04:00:00,0.0,0.0,0.0,0.0,0.0,0.0,0.0
2018-03-22 08:00:00,0.0,0.0,0.0,0.0,0.0,0.0,0.0
2018-03-22 12:00:00,0.0,0.0,0.0,0.0,0.0,0.0,0.0
2018-03-22 16:00:00,0.0,0.0,0.0,0.0,0.0,0.0,0.0
2018-03-22 20:00:00,0.0,0.0,0.0,0.0,0.0,0.0,0.0
2018-03-23 00:00:00,0.0,0.0,0.0,0.0,0.0,0.0,0.0
2018-03-23 04:00:00,0.0,0.0,0.0,0.0,0.0,0.0,0.0
2018-03-23 08:00:00,0.0,0.0,0.0,0.0,0.0,0.0,0.0
2018-03-23 12:00:00,0.0,0.0,0.0,0.0,0.0,0.0,0.0
2018-03-23 16:00:00,0.0,0.0,0.0,0.0,0.0,0.0,0.0
2018-03-23 20:00:00,0.0,0.0,0.10208870363260754,0.0,0.0,0.0,0.0
2018-03-24 00:00:00,0.0,0.0,0.10208870363260754,0.0,0.0,0.0,0.0
2018-03-24 04:00:00,0.0,0.0,0.10208870363260754,0.0,0.0,0.0,0.0
2018-03-24 08:00:00,0.0,0.0,0.10208870363260754,0.0,0.0,0.0,0.0
2018-03-24 12:00:00,0.0,0.0,0.10208870363260754,0.0,0.0,0.0,0.0
2018-03-24 16:00:00,0.0,0.0,0.10208870363260754,0.0,0.0,0.0,0.0
2018-03-24 20:00:00,0.0,0.0,0.10208870363260754,0.0,0.0,0.0,0.0
2018-03-25 00:00:00,0.0,0.0,0.10208870363260754,0.0,0.0,0.0,0.0
2018-03-25 04:00:00,0.0,0.0,0.10208870363260754,0.0,0.0,0.0,0.0
2018-03-25 08:00:00,0.0,0.0,0.10208870363260754,0.0,0.0,0.0,0.0
2018-03-25 12:00:00,0.0,0.0,0.10208870363260754,0.0,0.0,0.0,0.0
2018-03-25 16:00:00,0.0,0.0,0.10208870363260754,0.0,0.0,0.0,0.0
2018-03-25 20:00:00,0.0,0.0,0.10208870363260754,0.0,0.0,0.0,0.0
2018-03-26 00:00:00,0.0,0.0,0.10208870363260754,0.0,0.0,0.0,0.0
2018-03-26 04:00:00,0.0,0.0,0.10208870363260754,0.0,0.0,0.0,0.0
2018-03-26 08:00:00,0.0,0.0,0.0,0.0,0.0,0.0,0.0
2018-03-26 12:00:00,0.0,0.0,0.0,0.0,0.0,0.0,0.0
2018-03-26 16:00:00,0.0,0.0,0.0,0.0,0.0,0.0,0.0
2018-03-26 20:00:00,0.0,0.0,0.0,0.0,0.0,0.0,0.0
2018-03-27 00:00:00,0.0,0.0,0.0,0.0,0.0,0.0,0.0
2018-03-27 04:00:00,0.0,0.0,0.0,0.0,0.0,0.0,0.0
2018-03-27 08:00:00,0.0,0.0,0.0,0.0,0.0,0.0,0.0
2018-03-27 12:00:00,0.0,0.0,0.0,0.0,0.0,0.0,0.0
2018-03-27 16:00:00,0.0,0.0,0.0,0.0,0.0,0.0,0.0
2018-03-27 20:00:00,0.0,0.0,0.0,0.0,0.0,0.0,0.0
2018-03-28 00:00:00,0.0,0.0,0.0,0.0,0.0,0.0,0.0
2018-03-28 04:00:00,0.0,0.0,0.0,0.0,0.0,0.0,0.0
2018-03-28 08:00:00,0.0,0.0,0.0,0.0,0.0,0.0,0.0
2018-03-28 12:00:00,0.0,0.0,0.0,0.0,0.0,0.0,0.0
2018-03-28 16:00:00,0.0,0.0,0.0,0.0,0.0,0.0,0.0
2018-03-28 20:00:00,0.0,0.0,0.0,0.0,0.0,0.0,0.0
2018-03-29 00:00:00,0.0,0.0,0.0,0.0,0.0,0.0,0.0
2018-03-29 04:00:00,0.0,0.0,0.0,0.0,0.0,0.0,0.0
2018-03-29 08:00:00,0.0,0.0,0.0,0.0,0.0,0.0,0.0
2018-03-29 12:00:00,0.0,0.0,0.0,0.0,0.0,0.0,0.0
2018-03-29 16:00:00,0.0,0.0,0.0,0.0,0.0,0.0,0.0
2018-03-29 20:00:00,0.0,0.0,0.0,0.0,0.0,0.0,0.0
2018-03-30 00:00:00,0.0,0.0,0.0,0.0,0.0,0.0,0.0
2018-03-30 04:00:00,0.0,0.0,0.0,0.0,0.0,0.0,0.0
2018-03-30 08:00:00,0.0,0.0,0.0,0.0,0.0,0.0,0.0
2018-03-30 12:00:00,0.0,0.0,0.0,0.0,0.0,0.0,0.0
2018-03-30 16:00:00,0.0,0.0,0.0,0.0,0.0,0.0,0.0
2018-03-30 20:00:00,0.0,0.0,0.0,0.0,0.0,0.0,0.0
2018-03-31 00:00:00,0.0,0.0,0.0,0.0,0.0,0.0,0.0
2018-03-31 04:00:00,0.0,0.0,0.0,0.0,0.0,0.0,0.0
2018-03-31 08:00:00,0.0,0.0,0.0,0.0,0.0,0.0,0.0
2018-03-31 12:00:00,0.0,0.0,0.0,0.0,0.0,0.0,0.0
2018-03-31 16:00:00,0.0,0.0,0.0,0.0,0.0,0.0,0.0
2018-03-31 20:00:00,0.0,0.0,0.0,0.0,0.0,0.0,0.0
2018-04-01 00:00:00,0.0,0.0,0.0,0.0,0.0,0.0,0.0
2018-04-01 04:00:00,0.0,0.0,0.0,0.0,0.0,0.0,0.0
2018-04-01 08:00:00,0.0,0.0,0.0,0.0,0.0,0.0,0.0
2018-04-01 12:00:00,0.0,0.0,0.0,0.0,0.0,0.0,0.0
2018-04-01 16:00:00,0.0,0.0,0.0,0.0,0.0,0.0,0.0
2018-04-01 20:00:00,0.0,0.0,0.0,0.0,0.0,0.0,0.0
2018-04-02 00:00:00,0.0,0.0,0.0,0.0,0.0,0.0,0.0
2018-04-02 04:00:00,0.0,0.0,0.0,0.0,0.0,0.0,0.0
2018-04-02 08:00:00,0.0,0.0,0.0,0.0,0.0,0.0,0.0
2018-04-02 12:00:00,0.0,0.0,0.0,0.0,0.0,0.0,0.0
2018-04-02 16:00:00,0.0,0.0,0.0,0.0,0.0,0.0,0.0
2018-04-02 20:00:00,0.0,0.0,0.0,0.0,0.0,0.0,0.0
2018-04-03 00:00:00,0.0,0.0,0.0,0.0,0.0,0.0,0.0
2018-04-03 04:00:00,0.0,0.0,0.0,0.0,0.0,0.0,0.0
2018-04-03 08:00:00,0.0,0.0,0.0,0.0,0.0,0.0,0.0
2018-04-03 12:00:00,0.0,0.0,0.0,0.0,0.0,0.0,0.0
2018-04-03 16:00:00,0.0,0.0,0.0,0.0,0.0,0.0,0.0
2018-04-03 20:00:00,0.0,0.0,0.0,0.0,0.0,0.0,0.0
2018-04-04 00:00:00,0.0,0.0,0.0,0.0,0.0,0.0,0.0
2018-04-04 04:00:00,0.0,0.0,0.0,0.0,0.0,0.0,0.0
2018-04-04 08:00:00,0.0,0.0,0.0,0.0,0.0,0.0,0.0
2018-04-04 12:00:00,0.0,0.0,0.0,0.0,0.0,0.0,0.0
2018-04-04 16:00:00,0.0,0.0,0.0,0.0,0.0,0.0,0.0
2018-04-04 20:00:00,0.0,0.0,0.0,0.0,0.0,0.0,0.0
2018-04-05 00:00:00,0.0,0.0,0.0,0.0,0.0,0.0,0.0
2018-04-05 04:00:00,0.0,0.0,0.0,0.0,0.0,0.0,0.0
2018-04-05 08:00:00,0.0,0.0,0.0,0.0,0.0,0.0,0.0
2018-04-05 12:00:00,0.0,0.0,0.0,0.0,0.0,0.0,0.0
2018-04-05 16:00:00,0.0,0.0,0.0,0.0,0.0,0.0,0.0
2018-04-05 20:00:00,0.0,0.0,0.0,0.0,0.0,0.0,0.0
2018-04-06 00:00:00,0.0,0.0,0.0,0.0,0.0,0.0,0.0
2018-04-06 04:00:00,0.0,0.0,0.0,0.0,0.0,0.0,0.0
2018-04-06 08:00:00,0.0,0.0,0.0,0.0,0.0,0.0,0.0
2018-04-06 12:00:00,0.0,0.0,0.0,0.0,0.0,0.0,0.0
2018-04-06 16:00:00,0.0,0.0,0.0,0.0,0.0,0.0,0.0
2018-04-06 20:00:00,0.0,0.0,0.0,0.0,0.0,0.0,0.0
2018-04-07 00:00:00,0.0,0.0,0.0,0.0,0.0,0.0,0.0
2018-04-07 04:00:00,0.0,0.0,0.0,0.0,0.0,0.0,0.0
2018-04-07 08:00:00,0.0,0.0,0.0,0.0,0.0,0.0,0.0
2018-04-07 12:00:00,0.0,0.0,0.0,0.0,0.0,0.0,0.0
2018-04-07 16:00:00,0.0,0.0,0.0,0.0,0.0,0.0,0.0
2018-04-07 20:00:00,0.0,0.0,0.0,0.0,0.0,0.0,0.0
2018-04-08 00:00:00,0.0,0.0,0.0,0.0,0.0,0.0,0.0
2018-04-08 04:00:00,0.0,0.0,0.0,0.0,0.0,0.0,0.0
2018-04-08 08:00:00,0.0,0.0,0.0,0.0,0.0,0.0,0.0
2018-04-08 12:00:00,0.0,0.0,0.0,0.0,0.0,0.0,0.0
2018-04-08 16:00:00,0.0,0.0,0.0,0.0,0.0,0.0,0.0
2018-04-08 20:00:00,0.0,0.0,0.0,0.0,0.0,0.0,0.0
2018-04-09 00:00:00,0.0,0.0,0.0,0.0,0.0,0.0,0.0
2018-04-09 04:00:00,0.0,0.0,0.0,0.0,0.0,0.0,0.0
2018-04-09 08:00:00,0.0,0.0,0.0,0.0,0.0,0.0,0.0
2018-04-09 12:00:00,0.0,0.0,0.0,0.0,0.0,0.0,0.0
2018-04-09 16:00:00,0.0,0.0,0.0,0.0,0.0,0.0,0.0
2018-04-09 20:00:00,0.0,0.0,0.0,0.0,0.0,0.0,0.0
2018-04-10 00:00:00,0.0,0.0,0.0,0.0,0.0,0.0,0.0
2018-04-10 04:00:00,0.0,0.0,0.0,0.0,0.0,0.0,0.0
2018-04-10 08:00:00,0.0,0.0,0.0,0.0,0.0,0.0,0.0
2018-04-10 12:00:00,0.0,0.0,0.0,0.0,0.0,0.0,0.0
2018-04-10 16:00:00,0.0,0.0,0.0,0.0,0.0,0.0,0.0
2018-04-10 20:00:00,0.0,0.0,0.0,0.0,0.0,0.0,0.0
2018-04-11 00:00:00,0.0,0.0,0.0,0.0,0.0,0.0,0.0
2018-04-11 04:00:00,0.0,0.0,0.0,0.0,0.0,0.0,0.0
2018-04-11 08:00:00,0.0,0.0,0.0,0.0,0.0,0.0,0.0
2018-04-11 12:00:00,0.0,0.0,0.0,0.0,0.0,0.0,0.0
2018-04-11 16:00:00,0.0,0.0,0.0,0.0,0.0,0.0,0.0
2018-04-11 20:00:00,0.0,0.0,0.0,0.0,0.0,0.0,0.0
2018-04-12 00:00:00,0.0,0.0,0.0,0.0,0.0,0.0,0.0
2018-04-12 04:00:00,0.0,0.0,0.0,0.0,0.21522038793527815,0.0,0.0
2018-04-12 08:00:00,0.0,0.0,0.0,0.0,0.0,0.0,0.0
2018-04-12 12:00:00,0.0,0.0,0.0,0.21838112096629173,0.18308320517579665,0.0,0.0
2018-04-12 16:00:00,0.0,0.0,0.0,0.21838112096629173,0.18308320517579665,0.0,0.0
2018-04-12 20:00:00,0.0,0.0,0.0,0.21838112096629173,0.18308320517579665,0.0,0.0
2018-04-13 00:00:00,0.0,0.0,0.0,0.21838112096629173,0.0,0.0,0.0
2018-04-13 04:00:00,0.0,0.0,0.0,0.21838112096629173,0.0,0.0,0.0
2018-04-13 08:00:00,0.0,0.0,0.0,0.21838112096629173,0.1661932742134818,0.0,0.0
2018-04-13 12:00:00,0.0,0.0,0.0,0.21838112096629173,0.1661932742134818,0.0,0.0
2018-04-13 16:00:00,0.0,0.0,0.0,0.21838112096629173,0.1661932742134818,0.0,0.0
2018-04-13 20:00:00,0.0,0.0,0.0,0.21838112096629173,0.1661932742134818,0.0,0.0
2018-04-14 00:00:00,0.0,0.0,0.0,0.21838112096629173,0.0,0.0,0.0
2018-04-14 04:00:00,0.0,0.0,0.0,0.21838112096629173,0.0,0.0,0.0
2018-04-14 08:00:00,0.0,0.0,0.0,0.21838112096629173,0.0,0.0,0.0
2018-04-14 12:00:00,0.0,0.0,0.0,0.21838112096629173,0.0,0.0,0.0
2018-04-14 16:00:00,0.0,0.0,0.0,0.21838112096629173,0.0,0.0,0.0
2018-04-14 20:00:00,0.0,0.0,0.0,0.21838112096629173,0.0,0.0,0.0
2018-04-15 00:00:00,0.0,0.0,0.0,0.21838112096629173,0.0,0.0,0.0
2018-04-15 04:00:00,0.0,0.0,0.0,0.21838112096629173,0.0,0.0,0.0
2018-04-15 08:00:00,0.0,0.0,0.0,0.21838112096629173,0.0,0.0,0.0
2018-04-15 12:00:00,0.0,0.0,0.0,0.21838112096629173,0.0,0.0,0.0
2018-04-15 16:00:00,0.0,0.0,0.0,0.21838112096629173,0.0,0.0,0.0
2018-04-15 20:00:00,0.0,0.0,0.0,0.21838112096629173,0.0,0.0,0.0
2018-04-16 00:00:00,0.0,0.0,0.0,0.21838112096629173,0.1467617197522266,0.0,0.0
2018-04-16 04:00:00,0.0,0.0,0.0,0.21838112096629173,0.1467617197522266,0.0,0.0
2018-04-16 08:00:00,0.0,0.0,0.0,0.21838112096629173,0.1467617197522266,0.0,0.0
2018-04-16 12:00:00,0.0,0.0,0.0,0.21838112096629173,0.1467617197522266,0.0,0.0
2018-04-16 16:00:00,0.0,0.0,0.0,0.0,0.0,0.0,0.0
2018-04-16 20:00:00,0.0,0.0,0.0,0.0,0.0,0.0,0.0
2018-04-17 00:00:00,0.0,0.0,0.0,0.0,0.0,0.0,0.0
2018-04-17 04:00:00,0.0,0.0,0.0,0.0,0.0,0.0,0.0
2018-04-17 08:00:00,0.0,0.0,0.0,0.0,0.0,0.0,0.0
2018-04-17 12:00:00,0.0,0.0,0.0,0.0,0.0,0.0,0.0
2018-04-17 16:00:00,0.0,0.0,0.0,0.0,0.0,0.0,0.0
2018-04-17 20:00:00,0.0,0.0,0.0,0.0,0.0,0.0,0.0
2018-04-18 00:00:00,0.0,0.0,0.0,0.0,0.0,0.0,0.0
2018-04-18 04:00:00,0.0,0.0,0.0,0.0,0.0,0.0,0.0
2018-04-18 08:00:00,0.0,0.0,0.0,0.0,0.0,0.0,0.0
2018-04-18 12:00:00,0.0,0.0,0.0,0.0,0.0,0.0,0.0
2018-04-18 16:00:00,0.0,0.0,0.0,0.0,0.0,0.0,0.0
2018-04-18 20:00:00,0.0,0.0,0.0,0.0,0.0,0.0,0.0
2018-04-19 00:00:00,0.0,0.0,0.0,0.0,0.0,0.0,0.0
2018-04-19 04:00:00,0.0,0.0,0.0,0.0,0.0,0.0,0.0
2018-04-19 08:00:00,0.0,0.0,0.0,0.0,0.0,0.0,0.0
2018-04-19 12:00:00,0.0,0.0,0.0,0.0,0.0,0.0,0.0
2018-04-19 16:00:00,0.0,0.0,0.0,0.0,0.22608821343024646,0.0,0.0
2018-04-19 20:00:00,0.0,0.0,0.0,0.0,0.22608821343024646,0.0,0.0
2018-04-20 00:00:00,0.0,0.0,0.0,0.0,0.22608821343024646,0.0,0.0
2018-04-20 04:00:00,0.0,0.0,0.0,0.0,0.22608821343024646,0.0,0.0
2018-04-20 08:00:00,0.0,0.0,0.0,0.0,0.22608821343024646,0.0,0.0
2018-04-20 12:00:00,0.0,0.0,0.0,0.27273982285011494,0.22608821343024646,0.0,0.0
2018-04-20 16:00:00,0.0,0.0,0.0,0.27273982285011494,0.22608821343024646,0.0,0.0
2018-04-20 20:00:00,0.0,0.0,0.0,0.27273982285011494,0.22608821343024646,0.0,0.0
2018-04-21 00:00:00,0.0,0.0,0.0,0.0,0.0,0.0,0.0
2018-04-21 04:00:00,0.0,0.0,0.0,0.0,0.0,0.0,0.0
2018-04-21 08:00:00,0.0,0.0,0.0,0.0,0.0,0.0,0.0
2018-04-21 12:00:00,0.0,0.0,0.0,0.0,0.0,0.0,0.0
2018-04-21 16:00:00,0.0,0.0,0.0,0.0,0.0,0.0,0.0
2018-04-21 20:00:00,0.0,0.0,0.0,0.0,0.0,0.0,0.0
2018-04-22 00:00:00,0.0,0.0,0.0,0.0,0.0,0.0,0.0
2018-04-22 04:00:00,0.0,0.0,0.0,0.0,0.0,0.0,0.0
2018-04-22 08:00:00,0.0,0.0,0.0,0.0,0.0,0.0,0.0
2018-04-22 12:00:00,0.0,0.0,0.0,0.0,0.18602773424326013,0.0,0.0
2018-04-22 16:00:00,0.0,0.0,0.0,0.0,0.18602773424326013,0.0,0.0
2018-04-22 20:00:00,0.0,0.0,0.0,0.0,0.18602773424326013,0.0,0.0
2018-04-23 00:00:00,0.0,0.0,0.0,0.0,0.18602773424326013,0.0,0.0
2018-04-23 04:00:00,0.0,0.0,0.0,0.0,0.18602773424326013,0.0,0.0
2018-04-23 08:00:00,0.0,0.0,0.0,0.0,0.18602773424326013,0.0,0.0
2018-04-23 12:00:00,0.0,0.0,0.0,0.0,0.18602773424326013,0.0,0.0
2018-04-23 16:00:00,0.0,0.0,0.0,0.0,0.18602773424326013,0.0,0.0
2018-04-23 20:00:00,0.0,0.0,0.0,0.0,0.18602773424326013,0.0,0.0
2018-04-24 00:00:00,0.0,0.0,0.0,0.0,0.18602773424326013,0.0,0.0
2018-04-24 04:00:00,0.0,0.0,0.19106778808794628,0.2654885428720514,0.18602773424326013,0.0,0.0
2018-04-24 08:00:00,0.0,0.0,0.19106778808794628,0.2654885428720514,0.18602773424326013,0.0,0.0
2018-04-24 12:00:00,0.0,0.0,0.19106778808794628,0.2654885428720514,0.18602773424326013,0.0,0.0
2018-04-24 16:00:00,0.0,0.0,0.19106778808794628,0.2654885428720514,0.18602773424326013,0.0,0.0
2018-04-24 20:00:00,0.0,0.0,0.19106778808794628,0.2654885428720514,0.18602773424326013,0.0,0.0
2018-04-25 00:00:00,0.0,0.0,0.19106778808794628,0.2654885428720514,0.18602773424326013,0.0,0.0
2018-04-25 04:00:00,0.0,0.0,0.0,0.2654885428720514,0.0,0.0,0.0
2018-04-25 08:00:00,0.0,0.0,0.0,0.0,0.0,0.0,0.0
2018-04-25 12:00:00,0.0,0.0,0.0,0.0,0.0,0.0,0.0
2018-04-25 16:00:00,0.0,0.0,0.0,0.0,0.0,0.0,0.0
2018-04-25 20:00:00,0.0,0.0,0.0,0.0,0.0,0.0,0.0
2018-04-26 00:00:00,0.0,0.0,0.0,0.0,0.0,0.0,0.0
2018-04-26 04:00:00,0.0,0.0,0.0,0.0,0.0,0.0,0.0
2018-04-26 08:00:00,0.0,0.0,0.0,0.0,0.0,0.0,0.0
2018-04-26 12:00:00,0.0,0.0,0.0,0.0,0.0,0.0,0.0
2018-04-26 16:00:00,0.0,0.0,0.0,0.0,0.0,0.0,0.0
2018-04-26 20:00:00,0.0,0.0,0.0,0.0,0.0,0.0,0.0
2018-04-27 00:00:00,0.0,0.0,0.0,0.0,0.0,0.0,0.0
2018-04-27 04:00:00,0.0,0.0,0.0,0.0,0.0,0.0,0.0
2018-04-27 08:00:00,0.0,0.0,0.0,0.0,0.0,0.0,0.0
2018-04-27 12:00:00,0.0,0.0,0.0,0.0,0.0,0.0,0.0
2018-04-27 16:00:00,0.0,0.0,0.0,0.0,0.0,0.0,0.0
2018-04-27 20:00:00,0.0,0.0,0.0,0.0,0.0,0.0,0.0
2018-04-28 00:00:00,0.0,0.0,0.0,0.0,0.0,0.0,0.0
2018-04-28 04:00:00,0.0,0.0,0.0,0.0,0.0,0.0,0.0
2018-04-28 08:00:00,0.0,0.0,0.0,0.0,0.0,0.0,0.0
2018-04-28 12:00:00,0.0,0.0,0.0,0.0,0.0,0.0,0.0
2018-04-28 16:00:00,0.0,0.0,0.0,0.0,0.0,0.0,0.0
2018-04-28 20:00:00,0.0,0.0,0.0,0.0,0.0,0.0,0.0
2018-04-29 00:00:00,0.0,0.0,0.0,0.0,0.0,0.0,0.0
2018-04-29 04:00:00,0.0,0.0,0.0,0.0,0.0,0.0,0.0
2018-04-29 08:00:00,0.0,0.0,0.0,0.0,0.0,0.0,0.0
2018-04-29 12:00:00,0.0,0.0,0.0,0.0,0.0,0.0,0.0
2018-04-29 16:00:00,0.0,0.0,0.0,0.0,0.0,0.0,0.0
2018-04-29 20:00:00,0.0,0.0,0.0,0.0,0.0,0.0,0.0
2018-04-30 00:00:00,0.0,0.0,0.0,0.0,0.0,0.0,0.0
2018-04-30 04:00:00,0.0,0.0,0.0,0.0,0.0,0.0,0.0
2018-04-30 08:00:00,0.0,0.0,0.0,0.0,0.0,0.0,0.0
2018-04-30 12:00:00,0.0,0.0,0.0,0.0,0.0,0.0,0.0
2018-04-30 16:00:00,0.0,0.0,0.0,0.0,0.0,0.0,0.0
2018-04-30 20:00:00,0.0,0.0,0.0,0.0,0.0,0.0,0.0
2018-05-01 00:00:00,0.0,0.0,0.0,0.0,0.0,0.0,0.0
2018-05-01 04:00:00,0.0,0.0,0.0,0.0,0.0,0.0,0.0
2018-05-01 08:00:00,0.0,0.0,0.0,0.0,0.0,0.0,0.0
2018-05-01 12:00:00,0.0,0.0,0.0,0.0,0.0,0.0,0.0
2018-05-01 16:00:00,0.0,0.0,0.0,0.0,0.0,0.0,0.0
2018-05-01 20:00:00,0.0,0.0,0.0,0.0,0.0,0.0,0.0
2018-05-02 00:00:00,0.0,0.0,0.0,0.0,0.0,0.0,0.0
2018-05-02 04:00:00,0.0,0.0,0.0,0.0,0.0,0.0,0.0
2018-05-02 08:00:00,0.0,0.0,0.0,0.0,0.0,0.0,0.0
2018-05-02 12:00:00,0.0,0.0,0.0,0.0,0.0,0.0,0.0
2018-05-02 16:00:00,0.0,0.0,0.0,0.0,0.0,0.0,0.0
2018-05-02 20:00:00,0.0,0.0,0.0,0.0,0.0,0.0,0.0
2018-05-03 00:00:00,0.0,0.0,0.0,0.0,0.0,0.0,0.0
2018-05-03 04:00:00,0.0,0.0,0.0,0.0,0.19739461143695014,0.0,0.0
2018-05-03 08:00:00,0.0,0.0,0.0,0.0,0.19739461143695014,0.0,0.0
2018-05-03 12:00:00,0.0,0.0,0.0,0.0,0.19739461143695014,0.0,0.0
2018-05-03 16:00:00,0.0,0.0,0.0,0.0,0.19739461143695014,0.0,0.0
2018-05-03 20:00:00,0.0,0.0,0.0,0.0,0.19739461143695014,0.0,0.0
2018-05-04 00:00:00,0.0,0.0,0.0,0.0,0.19739461143695014,0.0,0.0
2018-05-04 04:00:00,0.0,0.0,0.0,0.0,0.19739461143695014,0.0,0.0
2018-05-04 08:00:00,0.0,0.0,0.0,0.0,0.19739461143695014,0.0,0.0
2018-05-04 12:00:00,0.0,0.0,0.0,0.0,0.19739461143695014,0.0,0.0
2018-05-04 16:00:00,0.0,0.0,0.0,0.0,0.19739461143695014,0.0,0.0
2018-05-04 20:00:00,0.0,0.0,0.0,0.0,0.19739461143695014,0.0,0.0
2018-05-05 00:00:00,0.0,0.0,0.0,0.0,0.19739461143695014,0.0,0.0
2018-05-05 04:00:00,0.0,0.0,0.0,0.0,0.19739461143695014,0.0,0.0
2018-05-05 08:00:00,0.0,0.0,0.0,0.0,0.19739461143695014,0.0,0.0
2018-05-05 12:00:00,0.0,0.0,0.0,0.29630013907151226,0.19739461143695014,0.0,0.0
2018-05-05 16:00:00,0.0,0.0,0.0,0.29630013907151226,0.19739461143695014,0.0,0.0
2018-05-05 20:00:00,0.0,0.0,0.0,0.29630013907151226,0.19739461143695014,0.0,0.0
2018-05-06 00:00:00,0.0,0.0,0.0,0.29630013907151226,0.19739461143695014,0.0,0.0
2018-05-06 04:00:00,0.0,0.0,0.0,0.29630013907151226,0.19739461143695014,0.0,0.0
2018-05-06 08:00:00,0.0,0.0,0.0,0.0,0.0,0.0,0.0
2018-05-06 12:00:00,0.0,0.0,0.0,0.0,0.0,0.0,0.0
2018-05-06 16:00:00,0.0,0.0,0.0,0.0,0.0,0.0,0.0
2018-05-06 20:00:00,0.0,0.0,0.0,0.0,0.0,0.0,0.0
2018-05-07 00:00:00,0.0,0.0,0.0,0.0,0.0,0.0,0.0
2018-05-07 04:00:00,0.0,0.0,0.0,0.0,0.0,0.0,0.0
2018-05-07 08:00:00,0.0,0.0,0.0,0.0,0.0,0.0,0.0
2018-05-07 12:00:00,0.0,0.0,0.0,0.0,0.0,0.0,0.0
2018-05-07 16:00:00,0.0,0.0,0.0,0.0,0.0,0.0,0.0
2018-05-07 20:00:00,0.0,0.0,0.0,0.0,0.0,0.0,0.0
2018-05-08 00:00:00,0.0,0.0,0.0,0.0,0.0,0.0,0.0
2018-05-08 04:00:00,0.0,0.0,0.0,0.0,0.0,0.0,0.0
2018-05-08 08:00:00,0.0,0.0,0.0,0.0,0.0,0.0,0.0
2018-05-08 12:00:00,0.0,0.0,0.0,0.0,0.0,0.0,0.0
2018-05-08 16:00:00,0.0,0.0,0.0,0.0,0.0,0.0,0.0
2018-05-08 20:00:00,0.0,0.0,0.0,0.0,0.0,0.0,0.0
2018-05-09 00:00:00,0.0,0.0,0.0,0.0,0.0,0.0,0.0
2018-05-09 04:00:00,0.0,0.0,0.0,0.0,0.0,0.0,0.0
2018-05-09 08:00:00,0.0,0.0,0.0,0.0,0.0,0.0,0.0
2018-05-09 12:00:00,0.0,0.0,0.0,0.0,0.0,0.0,0.0
2018-05-09 16:00:00,0.0,0.0,0.0,0.0,0.0,0.0,0.0
2018-05-09 20:00:00,0.0,0.0,0.0,0.0,0.0,0.0,0.0
2018-05-10 00:00:00,0.0,0.0,0.0,0.0,0.0,0.0,0.0
2018-05-10 04:00:00,0.0,0.0,0.0,0.0,0.0,0.0,0.0
2018-05-10 08:00:00,0.0,0.0,0.0,0.0,0.0,0.0,0.0
2018-05-10 12:00:00,0.0,0.0,0.0,0.0,0.0,0.0,0.0
2018-05-10 16:00:00,0.0,0.0,0.0,0.0,0.0,0.0,0.0
2018-05-10 20:00:00,0.0,0.0,0.0,0.0,0.0,0.0,0.0
2018-05-11 00:00:00,0.0,0.0,0.0,0.0,0.0,0.0,0.0
2018-05-11 04:00:00,0.0,0.0,0.0,0.0,0.0,0.0,0.0
2018-05-11 08:00:00,0.0,0.0,0.0,0.0,0.0,0.0,0.0
2018-05-11 12:00:00,0.0,0.0,0.0,0.0,0.0,0.0,0.0
2018-05-11 16:00:00,0.0,0.0,0.0,0.0,0.0,0.0,0.0
2018-05-11 20:00:00,0.0,0.0,0.0,0.0,0.0,0.0,0.0
2018-05-12 00:00:00,0.0,0.0,0.0,0.0,0.0,0.0,0.0
2018-05-12 04:00:00,0.0,0.0,0.0,0.0,0.0,0.0,0.0
2018-05-12 08:00:00,0.0,0.0,0.0,0.0,0.0,0.0,0.0
2018-05-12 12:00:00,0.0,0.0,0.0,0.0,0.0,0.0,0.0
2018-05-12 16:00:00,0.0,0.0,0.0,0.0,0.0,0.0,0.0
2018-05-12 20:00:00,0.0,0.0,0.0,0.0,0.0,0.0,0.0
2018-05-13 00:00:00,0.0,0.0,0.0,0.0,0.0,0.0,0.0
2018-05-13 04:00:00,0.0,0.0,0.0,0.0,0.0,0.0,0.0
2018-05-13 08:00:00,0.0,0.0,0.0,0.0,0.0,0.0,0.0
2018-05-13 12:00:00,0.0,0.0,0.0,0.0,0.0,0.0,0.0
2018-05-13 16:00:00,0.0,0.0,0.0,0.0,0.0,0.0,0.0
2018-05-13 20:00:00,0.0,0.0,0.0,0.0,0.0,0.0,0.0
2018-05-14 00:00:00,0.0,0.0,0.0,0.0,0.0,0.0,0.0
2018-05-14 04:00:00,0.0,0.0,0.0,0.0,0.0,0.0,0.0
2018-05-14 08:00:00,0.0,0.0,0.0,0.0,0.0,0.0,0.0
2018-05-14 12:00:00,0.0,0.0,0.0,0.0,0.0,0.0,0.0
2018-05-14 16:00:00,0.0,0.0,0.0,0.0,0.0,0.0,0.0
2018-05-14 20:00:00,0.0,0.0,0.0,0.0,0.0,0.0,0.0
2018-05-15 00:00:00,0.0,0.0,0.0,0.0,0.0,0.0,0.0
2018-05-15 04:00:00,0.0,0.0,0.0,0.0,0.0,0.0,0.0
2018-05-15 08:00:00,0.0,0.0,0.0,0.0,0.0,0.0,0.0
2018-05-15 12:00:00,0.0,0.0,0.0,0.0,0.0,0.0,0.0
2018-05-15 16:00:00,0.0,0.0,0.0,0.0,0.0,0.0,0.0
2018-05-15 20:00:00,0.0,0.0,0.0,0.0,0.0,0.0,0.0
2018-05-16 00:00:00,0.0,0.0,0.0,0.0,0.0,0.0,0.0
2018-05-16 04:00:00,0.0,0.0,0.0,0.0,0.0,0.0,0.0
2018-05-16 08:00:00,0.0,0.0,0.0,0.0,0.0,0.0,0.0
2018-05-16 12:00:00,0.0,0.0,0.0,0.0,0.0,0.0,0.0
2018-05-16 16:00:00,0.0,0.0,0.0,0.0,0.0,0.0,0.0
2018-05-16 20:00:00,0.0,0.0,0.0,0.0,0.0,0.0,0.0
2018-05-17 00:00:00,0.0,0.0,0.0,0.0,0.0,0.0,0.0
2018-05-17 04:00:00,0.0,0.0,0.0,0.0,0.0,0.0,0.0
2018-05-17 08:00:00,0.0,0.0,0.0,0.0,0.0,0.0,0.0
2018-05-17 12:00:00,0.0,0.0,0.0,0.0,0.0,0.0,0.0
2018-05-17 16:00:00,0.0,0.0,0.0,0.0,0.0,0.0,0.0
2018-05-17 20:00:00,0.0,0.0,0.0,0.0,0.0,0.0,0.0
2018-05-18 00:00:00,0.0,0.0,0.0,0.0,0.0,0.0,0.0
2018-05-18 04:00:00,0.0,0.0,0.0,0.0,0.0,0.0,0.0
2018-05-18 08:00:00,0.0,0.0,0.0,0.0,0.0,0.0,0.0
2018-05-18 12:00:00,0.0,0.0,0.0,0.0,0.0,0.0,0.0
2018-05-18 16:00:00,0.0,0.0,0.0,0.0,0.0,0.0,0.0
2018-05-18 20:00:00,0.0,0.0,0.0,0.0,0.0,0.0,0.0
2018-05-19 00:00:00,0.0,0.0,0.0,0.0,0.0,0.0,0.0
2018-05-19 04:00:00,0.0,0.0,0.0,0.0,0.0,0.0,0.0
2018-05-19 08:00:00,0.0,0.0,0.0,0.0,0.0,0.0,0.0
2018-05-19 12:00:00,0.0,0.0,0.0,0.0,0.0,0.0,0.0
2018-05-19 16:00:00,0.0,0.0,0.0,0.0,0.0,0.0,0.0
2018-05-19 20:00:00,0.0,0.0,0.0,0.0,0.0,0.0,0.0
2018-05-20 00:00:00,0.0,0.0,0.0,0.0,0.0,0.0,0.0
2018-05-20 04:00:00,0.0,0.0,0.0,0.0,0.0,0.0,0.0
2018-05-20 08:00:00,0.0,0.0,0.0,0.0,0.0,0.0,0.0
2018-05-20 12:00:00,0.0,0.0,0.0,0.0,0.0,0.0,0.0
2018-05-20 16:00:00,0.0,0.0,0.0,0.0,0.0,0.0,0.0
2018-05-20 20:00:00,0.0,0.0,0.0,0.0,0.0,0.0,0.0
2018-05-21 00:00:00,0.0,0.0,0.0,0.0,0.0,0.0,0.0
2018-05-21 04:00:00,0.0,0.0,0.0,0.0,0.0,0.0,0.0
2018-05-21 08:00:00,0.0,0.0,0.0,0.0,0.0,0.0,0.0
2018-05-21 12:00:00,0.0,0.0,0.0,0.0,0.0,0.0,0.0
2018-05-21 16:00:00,0.0,0.0,0.0,0.0,0.0,0.0,0.0
2018-05-21 20:00:00,0.0,0.0,0.0,0.0,0.0,0.0,0.0
2018-05-22 00:00:00,0.0,0.0,0.0,0.0,0.0,0.0,0.0
2018-05-22 04:00:00,0.0,0.0,0.0,0.0,0.0,0.0,0.0
2018-05-22 08:00:00,0.0,0.0,0.0,0.0,0.0,0.0,0.0
2018-05-22 12:00:00,0.0,0.0,0.0,0.0,0.0,0.0,0.0
2018-05-22 16:00:00,0.0,0.0,0.0,0.0,0.0,0.0,0.0
2018-05-22 20:00:00,0.0,0.0,0.0,0.0,0.0,0.0,0.0
2018-05-23 00:00:00,0.0,0.0,0.0,0.0,0.0,0.0,0.0
2018-05-23 04:00:00,0.0,0.0,0.0,0.0,0.0,0.0,0.0
2018-05-23 08:00:00,0.0,0.0,0.0,0.0,0.0,0.0,0.0
2018-05-23 12:00:00,0.0,0.0,0.0,0.0,0.0,0.0,0.0
2018-05-23 16:00:00,0.0,0.0,0.0,0.0,0.0,0.0,0.0
2018-05-23 20:00:00,0.0,0.0,0.0,0.0,0.0,0.0,0.0
2018-05-24 00:00:00,0.0,0.0,0.0,0.0,0.0,0.0,0.0
2018-05-24 04:00:00,0.0,0.0,0.0,0.0,0.0,0.0,0.0
2018-05-24 08:00:00,0.0,0.0,0.0,0.0,0.0,0.0,0.0
2018-05-24 12:00:00,0.0,0.0,0.0,0.0,0.0,0.0,0.0
2018-05-24 16:00:00,0.0,0.0,0.0,0.0,0.0,0.0,0.0
2018-05-24 20:00:00,0.0,0.0,0.0,0.0,0.0,0.0,0.0
2018-05-25 00:00:00,0.0,0.0,0.0,0.0,0.0,0.0,0.0
2018-05-25 04:00:00,0.0,0.0,0.0,0.0,0.0,0.0,0.0
2018-05-25 08:00:00,0.0,0.0,0.0,0.0,0.0,0.0,0.0
2018-05-25 12:00:00,0.0,0.0,0.0,0.0,0.0,0.0,0.0
2018-05-25 16:00:00,0.0,0.0,0.0,0.0,0.0,0.0,0.0
2018-05-25 20:00:00,0.0,0.0,0.0,0.0,0.0,0.0,0.0
2018-05-26 00:00:00,0.0,0.0,0.0,0.0,0.0,0.0,0.0
2018-05-26 04:00:00,0.0,0.0,0.0,0.0,0.0,0.0,0.0
2018-05-26 08:00:00,0.0,0.0,0.0,0.0,0.0,0.0,0.0
2018-05-26 12:00:00,0.0,0.0,0.0,0.0,0.0,0.0,0.0
2018-05-26 16:00:00,0.0,0.0,0.0,0.0,0.0,0.0,0.0
2018-05-26 20:00:00,0.0,0.0,0.0,0.0,0.0,0.0,0.0
2018-05-27 00:00:00,0.0,0.0,0.0,0.0,0.0,0.0,0.0
2018-05-27 04:00:00,0.0,0.0,0.0,0.0,0.0,0.0,0.0
2018-05-27 08:00:00,0.0,0.0,0.0,0.0,0.0,0.0,0.0
2018-05-27 12:00:00,0.0,0.0,0.0,0.0,0.0,0.0,0.0
2018-05-27 16:00:00,0.0,0.0,0.0,0.0,0.0,0.0,0.0
2018-05-27 20:00:00,0.0,0.0,0.0,0.0,0.0,0.0,0.0
2018-05-28 00:00:00,0.0,0.0,0.0,0.0,0.0,0.0,0.0
2018-05-28 04:00:00,0.0,0.0,0.0,0.0,0.0,0.0,0.0
2018-05-28 08:00:00,0.0,0.0,0.0,0.0,0.0,0.0,0.0
2018-05-28 12:00:00,0.0,0.0,0.0,0.0,0.0,0.0,0.0
2018-05-28 16:00:00,0.0,0.0,0.0,0.0,0.0,0.0,0.0
2018-05-28 20:00:00,0.0,0.0,0.0,0.0,0.0,0.0,0.0
2018-05-29 00:00:00,0.0,0.0,0.0,0.0,0.0,0.0,0.0
2018-05-29 04:00:00,0.0,0.0,0.0,0.0,0.0,0.0,0.0
2018-05-29 08:00:00,0.0,0.0,0.0,0.0,0.0,0.0,0.0
2018-05-29 12:00:00,0.0,0.0,0.0,0.0,0.0,0.0,0.0
2018-05-29 16:00:00,0.0,0.0,0.0,0.0,0.0,0.0,0.0
2018-05-29 20:00:00,0.0,0.0,0.0,0.0,0.0,0.0,0.0
2018-05-30 00:00:00,0.0,0.0,0.0,0.0,0.0,0.0,0.0
2018-05-30 04:00:00,0.0,0.0,0.0,0.0,0.0,0.0,0.0
2018-05-30 08:00:00,0.0,0.0,0.0,0.0,0.0,0.0,0.0
2018-05-30 12:00:00,0.0,0.0,0.0,0.0,0.0,0.0,0.0
2018-05-30 16:00:00,0.0,0.0,0.0,0.0,0.0,0.0,0.0
2018-05-30 20:00:00,0.0,0.0,0.0,0.0,0.0,0.0,0.0
2018-05-31 00:00:00,0.0,0.0,0.0,0.0,0.0,0.0,0.0
2018-05-31 04:00:00,0.0,0.0,0.0,0.0,0.0,0.0,0.0
2018-05-31 08:00:00,0.0,0.0,0.0,0.0,0.0,0.0,0.0
2018-05-31 12:00:00,0.0,0.0,0.0,0.0,0.0,0.0,0.0
2018-05-31 16:00:00,0.0,0.0,0.0,0.0,0.0,0.0,0.0
2018-05-31 20:00:00,0.0,0.0,0.0,0.0,0.0,0.0,0.0
2018-06-01 00:00:00,0.0,0.0,0.0,0.0,0.0,0.0,0.0
2018-06-01 04:00:00,0.0,0.0,0.0,0.0,0.0,0.0,0.0
2018-06-01 08:00:00,0.0,0.0,0.0,0.0,0.0,0.0,0.0
2018-06-01 12:00:00,0.0,0.0,0.0,0.0,0.0,0.0,0.0
2018-06-01 16:00:00,0.0,0.0,0.0,0.0,0.0,0.0,0.0
2018-06-01 20:00:00,0.0,0.0,0.0,0.0,0.0,0.0,0.0
2018-06-02 00:00:00,0.0,0.0,0.0,0.0,0.0,0.0,0.0
2018-06-02 04:00:00,0.0,0.0,0.0,0.0,0.0,0.0,0.0
2018-06-02 08:00:00,0.0,0.0,0.0,0.0,0.0,0.0,0.0
2018-06-02 12:00:00,0.0,0.0,0.16898585180523507,0.0,0.0,0.0,0.0
2018-06-02 16:00:00,0.0,0.0,0.16898585180523507,0.0,0.0,0.0,0.0
2018-06-02 20:00:00,0.0,0.0,0.16898585180523507,0.0,0.0,0.0,0.0
2018-06-03 00:00:00,0.0,0.0,0.16898585180523507,0.0,0.0,0.0,0.0
2018-06-03 04:00:00,0.0,0.0,0.16898585180523507,0.0,0.0,0.0,0.0
2018-06-03 08:00:00,0.1305762636051886,0.0,0.16898585180523507,0.0,0.0,0.0,0.1958838640301093
2018-06-03 12:00:00,0.1305762636051886,0.0,0.16898585180523507,0.0,0.0,0.0,0.1958838640301093
2018-06-03 16:00:00,0.1305762636051886,0.0,0.16898585180523507,0.0,0.0,0.0,0.1958838640301093
2018-06-03 20:00:00,0.1305762636051886,0.0,0.16898585180523507,0.0,0.0,0.0,0.1958838640301093
2018-06-04 00:00:00,0.1305762636051886,0.0,0.16898585180523507,0.0,0.0,0.0,0.0
2018-06-04 04:00:00,0.1305762636051886,0.0,0.16898585180523507,0.0,0.0,0.0,0.21495889332974397
2018-06-04 08:00:00,0.0,0.0,0.0,0.0,0.0,0.0,0.0
2018-06-04 12:00:00,0.0,0.0,0.0,0.0,0.0,0.0,0.0
2018-06-04 16:00:00,0.0,0.0,0.0,0.0,0.0,0.0,0.0
2018-06-04 20:00:00,0.0,0.0,0.0,0.0,0.0,0.0,0.0
2018-06-05 00:00:00,0.0,0.0,0.0,0.0,0.0,0.0,0.0
2018-06-05 04:00:00,0.0,0.0,0.0,0.0,0.0,0.0,0.0
2018-06-05 08:00:00,0.0,0.0,0.0,0.0,0.0,0.0,0.0
2018-06-05 12:00:00,0.0,0.0,0.0,0.0,0.0,0.0,0.0
2018-06-05 16:00:00,0.0,0.0,0.0,0.0,0.0,0.0,0.0
2018-06-05 20:00:00,0.0,0.0,0.1836208573837474,0.0,0.0,0.0,0.0
2018-06-06 00:00:00,0.0,0.0,0.1836208573837474,0.0,0.0,0.0,0.0
2018-06-06 04:00:00,0.0,0.0,0.1836208573837474,0.0,0.0,0.0,0.0
2018-06-06 08:00:00,0.0,0.0,0.1836208573837474,0.0,0.0,0.0,0.0
2018-06-06 12:00:00,0.0,0.0,0.1836208573837474,0.0,0.0,0.0,0.0
2018-06-06 16:00:00,0.0,0.0,0.1836208573837474,0.0,0.0,0.0,0.0
2018-06-06 20:00:00,0.0,0.0,0.1836208573837474,0.0,0.0,0.0,0.0
2018-06-07 00:00:00,0.0,0.0,0.1836208573837474,0.0,0.0,0.0,0.0
2018-06-07 04:00:00,0.0,0.0,0.1836208573837474,0.0,0.0,0.0,0.0
2018-06-07 08:00:00,0.0,0.0,0.1836208573837474,0.0,0.0,0.0,0.0
2018-06-07 12:00:00,0.0,0.0,0.1836208573837474,0.0,0.0,0.0,0.0
2018-06-07 16:00:00,0.0,0.0,0.1836208573837474,0.0,0.0,0.0,0.0
2018-06-07 20:00:00,0.0,0.0,0.1836208573837474,0.0,0.0,0.0,0.0
2018-06-08 00:00:00,0.0,0.0,0.0,0.0,0.0,0.0,0.0
2018-06-08 04:00:00,0.0,0.0,0.0,0.0,0.0,0.0,0.0
2018-06-08 08:00:00,0.0,0.0,0.0,0.0,0.0,0.0,0.0
2018-06-08 12:00:00,0.0,0.0,0.0,0.0,0.0,0.0,0.0
2018-06-08 16:00:00,0.0,0.0,0.0,0.0,0.0,0.0,0.0
2018-06-08 20:00:00,0.0,0.0,0.0,0.0,0.0,0.0,0.0
2018-06-09 00:00:00,0.0,0.0,0.0,0.0,0.0,0.0,0.0
2018-06-09 04:00:00,0.0,0.0,0.0,0.0,0.0,0.0,0.0
2018-06-09 08:00:00,0.0,0.0,0.0,0.0,0.0,0.0,0.0
2018-06-09 12:00:00,0.0,0.0,0.0,0.0,0.0,0.0,0.0
2018-06-09 16:00:00,0.0,0.0,0.0,0.0,0.0,0.0,0.0
2018-06-09 20:00:00,0.0,0.0,0.0,0.0,0.0,0.0,0.0
2018-06-10 00:00:00,0.0,0.0,0.0,0.0,0.0,0.0,0.0
2018-06-10 04:00:00,0.0,0.0,0.0,0.0,0.0,0.0,0.0
2018-06-10 08:00:00,0.0,0.0,0.0,0.0,0.0,0.0,0.0
2018-06-10 12:00:00,0.0,0.0,0.0,0.0,0.0,0.0,0.0
2018-06-10 16:00:00,0.0,0.0,0.0,0.0,0.0,0.0,0.0
2018-06-10 20:00:00,0.0,0.0,0.0,0.0,0.0,0.0,0.0
2018-06-11 00:00:00,0.0,0.0,0.0,0.0,0.0,0.0,0.0
2018-06-11 04:00:00,0.0,0.0,0.0,0.0,0.0,0.0,0.0
2018-06-11 08:00:00,0.0,0.0,0.0,0.0,0.0,0.0,0.0
2018-06-11 12:00:00,0.0,0.0,0.0,0.0,0.0,0.0,0.0
2018-06-11 16:00:00,0.0,0.0,0.0,0.0,0.0,0.0,0.0
2018-06-11 20:00:00,0.0,0.0,0.0,0.0,0.0,0.0,0.0
2018-06-12 00:00:00,0.0,0.0,0.0,0.0,0.0,0.0,0.0
2018-06-12 04:00:00,0.0,0.0,0.0,0.0,0.0,0.0,0.0
2018-06-12 08:00:00,0.0,0.0,0.0,0.0,0.0,0.0,0.0
2018-06-12 12:00:00,0.0,0.0,0.0,0.0,0.0,0.0,0.0
2018-06-12 16:00:00,0.0,0.0,0.0,0.0,0.0,0.0,0.0
2018-06-12 20:00:00,0.0,0.0,0.0,0.0,0.0,0.0,0.0
2018-06-13 00:00:00,0.0,0.0,0.0,0.0,0.0,0.0,0.0
2018-06-13 04:00:00,0.0,0.0,0.0,0.0,0.0,0.0,0.0
2018-06-13 08:00:00,0.0,0.0,0.0,0.0,0.0,0.0,0.0
2018-06-13 12:00:00,0.0,0.0,0.0,0.0,0.0,0.0,0.0
2018-06-13 16:00:00,0.0,0.0,0.0,0.0,0.0,0.0,0.0
2018-06-13 20:00:00,0.0,0.0,0.0,0.0,0.0,0.0,0.0
2018-06-14 00:00:00,0.0,0.0,0.0,0.0,0.0,0.0,0.0
2018-06-14 04:00:00,0.0,0.0,0.0,0.0,0.0,0.0,0.0
2018-06-14 08:00:00,0.0,0.0,0.0,0.0,0.0,0.0,0.0
2018-06-14 12:00:00,0.0,0.0,0.0,0.0,0.0,0.0,0.0
2018-06-14 16:00:00,0.0,0.0,0.0,0.0,0.0,0.0,0.0
2018-06-14 20:00:00,0.0,0.0,0.0,0.0,0.0,0.0,0.0
2018-06-15 00:00:00,0.0,0.0,0.0,0.0,0.0,0.0,0.0
2018-06-15 04:00:00,0.0,0.0,0.0,0.0,0.0,0.0,0.0
2018-06-15 08:00:00,0.0,0.0,0.0,0.0,0.0,0.0,0.0
2018-06-15 12:00:00,0.0,0.0,0.0,0.0,0.0,0.0,0.0
2018-06-15 16:00:00,0.0,0.0,0.0,0.0,0.0,0.0,0.0
2018-06-15 20:00:00,0.0,0.0,0.0,0.0,0.0,0.0,0.0
2018-06-16 00:00:00,0.0,0.0,0.0,0.0,0.0,0.0,0.0
2018-06-16 04:00:00,0.0,0.0,0.0,0.0,0.0,0.0,0.0
2018-06-16 08:00:00,0.0,0.0,0.0,0.0,0.0,0.0,0.0
2018-06-16 12:00:00,0.0,0.0,0.0,0.0,0.0,0.0,0.0
2018-06-16 16:00:00,0.0,0.0,0.0,0.0,0.0,0.0,0.0
2018-06-16 20:00:00,0.0,0.0,0.0,0.0,0.0,0.0,0.0
2018-06-17 00:00:00,0.0,0.0,0.0,0.0,0.0,0.0,0.0
2018-06-17 04:00:00,0.0,0.0,0.0,0.0,0.0,0.0,0.0
2018-06-17 08:00:00,0.0,0.0,0.0,0.0,0.0,0.0,0.0
2018-06-17 12:00:00,0.0,0.0,0.0,0.0,0.0,0.0,0.0
2018-06-17 16:00:00,0.0,0.0,0.0,0.0,0.0,0.0,0.0
2018-06-17 20:00:00,0.0,0.0,0.0,0.0,0.0,0.0,0.0
2018-06-18 00:00:00,0.0,0.0,0.0,0.0,0.0,0.0,0.0
2018-06-18 04:00:00,0.0,0.0,0.0,0.0,0.0,0.0,0.0
2018-06-18 08:00:00,0.0,0.0,0.0,0.0,0.0,0.0,0.0
2018-06-18 12:00:00,0.0,0.0,0.0,0.0,0.0,0.0,0.0
2018-06-18 16:00:00,0.0,0.0,0.0,0.0,0.0,0.0,0.0
2018-06-18 20:00:00,0.0,0.0,0.0,0.0,0.0,0.0,0.0
2018-06-19 00:00:00,0.0,0.0,0.0,0.0,0.0,0.0,0.0
2018-06-19 04:00:00,0.0,0.0,0.0,0.0,0.0,0.0,0.0
2018-06-19 08:00:00,0.0,0.0,0.0,0.0,0.0,0.0,0.0
2018-06-19 12:00:00,0.0,0.0,0.0,0.0,0.0,0.0,0.0
2018-06-19 16:00:00,0.0,0.0,0.0,0.0,0.0,0.0,0.0
2018-06-19 20:00:00,0.0,0.0,0.0,0.0,0.0,0.0,0.0
2018-06-20 00:00:00,0.0,0.0,0.0,0.0,0.0,0.0,0.0
2018-06-20 04:00:00,0.0,0.0,0.0,0.0,0.0,0.0,0.0
2018-06-20 08:00:00,0.0,0.0,0.0,0.0,0.0,0.0,0.0
2018-06-20 12:00:00,0.0,0.0,0.0,0.0,0.0,0.0,0.0
2018-06-20 16:00:00,0.0,0.0,0.0,0.0,0.0,0.0,0.0
2018-06-20 20:00:00,0.0,0.0,0.0,0.0,0.0,0.0,0.0
2018-06-21 00:00:00,0.0,0.0,0.0,0.0,0.0,0.0,0.0
2018-06-21 04:00:00,0.0,0.0,0.0,0.0,0.0,0.0,0.0
2018-06-21 08:00:00,0.0,0.0,0.0,0.0,0.0,0.0,0.0
2018-06-21 12:00:00,0.0,0.0,0.0,0.0,0.0,0.0,0.0
2018-06-21 16:00:00,0.0,0.0,0.0,0.0,0.0,0.0,0.0
2018-06-21 20:00:00,0.0,0.0,0.0,0.0,0.0,0.0,0.0
2018-06-22 00:00:00,0.0,0.0,0.0,0.0,0.0,0.0,0.0
2018-06-22 04:00:00,0.0,0.0,0.0,0.0,0.0,0.0,0.0
2018-06-22 08:00:00,0.0,0.0,0.0,0.0,0.0,0.0,0.0
2018-06-22 12:00:00,0.0,0.0,0.0,0.0,0.0,0.0,0.0
2018-06-22 16:00:00,0.0,0.0,0.0,0.0,0.0,0.0,0.0
2018-06-22 20:00:00,0.0,0.0,0.0,0.0,0.0,0.0,0.0
2018-06-23 00:00:00,0.0,0.0,0.0,0.0,0.0,0.0,0.0
2018-06-23 04:00:00,0.0,0.0,0.0,0.0,0.0,0.0,0.0
2018-06-23 08:00:00,0.0,0.0,0.0,0.0,0.0,0.0,0.0
2018-06-23 12:00:00,0.0,0.0,0.0,0.0,0.0,0.0,0.0
2018-06-23 16:00:00,0.0,0.0,0.0,0.0,0.0,0.0,0.0
2018-06-23 20:00:00,0.0,0.0,0.0,0.0,0.0,0.0,0.0
2018-06-24 00:00:00,0.0,0.0,0.0,0.0,0.0,0.0,0.0
2018-06-24 04:00:00,0.0,0.0,0.0,0.0,0.0,0.0,0.0
2018-06-24 08:00:00,0.0,0.0,0.0,0.0,0.0,0.0,0.0
2018-06-24 12:00:00,0.0,0.0,0.0,0.0,0.0,0.0,0.0
2018-06-24 16:00:00,0.0,0.0,0.0,0.0,0.0,0.0,0.0
2018-06-24 20:00:00,0.0,0.0,0.0,0.0,0.0,0.0,0.0
2018-06-25 00:00:00,0.0,0.0,0.0,0.0,0.0,0.0,0.0
2018-06-25 04:00:00,0.0,0.0,0.0,0.0,0.0,0.0,0.0
2018-06-25 08:00:00,0.0,0.0,0.0,0.0,0.0,0.0,0.0
2018-06-25 12:00:00,0.0,0.0,0.0,0.0,0.0,0.0,0.0
2018-06-25 16:00:00,0.0,0.0,0.0,0.0,0.0,0.0,0.0
2018-06-25 20:00:00,0.0,0.0,0.0,0.0,0.0,0.0,0.0
2018-06-26 00:00:00,0.0,0.0,0.0,0.0,0.0,0.0,0.0
2018-06-26 12:00:00,0.0,0.0,0.0,0.0,0.0,0.0,0.0
2018-06-26 16:00:00,0.0,0.0,0.0,0.0,0.0,0.0,0.0
2018-06-26 20:00:00,0.0,0.0,0.0,0.0,0.0,0.0,0.0
2018-06-27 00:00:00,0.0,0.0,0.0,0.0,0.0,0.0,0.0
2018-06-27 04:00:00,0.0,0.0,0.0,0.0,0.0,0.0,0.0
2018-06-27 08:00:00,0.0,0.0,0.0,0.0,0.0,0.0,0.0
2018-06-27 12:00:00,0.0,0.0,0.0,0.0,0.0,0.0,0.0
2018-06-27 16:00:00,0.0,0.0,0.0,0.0,0.0,0.0,0.0
2018-06-27 20:00:00,0.0,0.0,0.0,0.0,0.0,0.0,0.0
2018-06-28 00:00:00,0.0,0.0,0.0,0.0,0.0,0.0,0.0
2018-06-28 04:00:00,0.0,0.0,0.0,0.0,0.0,0.0,0.0
2018-06-28 08:00:00,0.0,0.0,0.0,0.0,0.0,0.0,0.0
2018-06-28 12:00:00,0.0,0.0,0.0,0.0,0.0,0.0,0.0
2018-06-28 16:00:00,0.0,0.0,0.0,0.0,0.0,0.0,0.0
2018-06-28 20:00:00,0.0,0.0,0.0,0.0,0.0,0.0,0.0
2018-06-29 00:00:00,0.0,0.0,0.0,0.0,0.0,0.0,0.0
2018-06-29 04:00:00,0.0,0.0,0.0,0.0,0.0,0.0,0.0
2018-06-29 08:00:00,0.0,0.0,0.0,0.0,0.0,0.0,0.0
2018-06-29 12:00:00,0.0,0.0,0.0,0.0,0.0,0.0,0.0
2018-06-29 16:00:00,0.0,0.0,0.0,0.0,0.0,0.0,0.0
2018-06-29 20:00:00,0.0,0.0,0.0,0.0,0.0,0.0,0.0
2018-06-30 00:00:00,0.0,0.0,0.0,0.0,0.0,0.0,0.0
2018-06-30 04:00:00,0.0,0.0,0.0,0.0,0.0,0.0,0.0
2018-06-30 08:00:00,0.0,0.0,0.0,0.0,0.0,0.0,0.0
2018-06-30 12:00:00,0.0,0.0,0.0,0.0,0.0,0.0,0.0
2018-06-30 16:00:00,0.0,0.0,0.0,0.0,0.0,0.0,0.0
2018-06-30 20:00:00,0.0,0.0,0.0,0.0,0.0,0.0,0.0
2018-07-01 00:00:00,0.0,0.0,0.0,0.0,0.0,0.0,0.0
2018-07-01 04:00:00,0.0,0.0,0.0,0.0,0.0,0.0,0.0
2018-07-01 08:00:00,0.0,0.0,0.0,0.0,0.0,0.0,0.0
2018-07-01 12:00:00,0.0,0.0,0.0,0.0,0.0,0.0,0.0
2018-07-01 16:00:00,0.0,0.0,0.0,0.0,0.0,0.0,0.0
2018-07-01 20:00:00,0.0,0.0,0.0,0.0,0.0,0.0,0.0
2018-07-02 00:00:00,0.0,0.0,0.0,0.0,0.0,0.0,0.0
2018-07-02 04:00:00,0.0,0.0,0.0,0.0,0.0,0.0,0.0
2018-07-02 08:00:00,0.0,0.0,0.0,0.0,0.0,0.0,0.0
2018-07-02 12:00:00,0.0,0.0,0.0,0.0,0.0,0.0,0.0
2018-07-02 16:00:00,0.0,0.0,0.0,0.0,0.0,0.0,0.0
2018-07-02 20:00:00,0.1456326883847438,0.0,0.0,0.0,0.0,0.0,0.0
2018-07-03 00:00:00,0.1456326883847438,0.0,0.0,0.0,0.0,0.0,0.0
2018-07-03 04:00:00,0.1456326883847438,0.0,0.0,0.0,0.0,0.0,0.0
2018-07-03 08:00:00,0.1456326883847438,0.0,0.0,0.0,0.0,0.0,0.19960343343160533
2018-07-03 12:00:00,0.1456326883847438,0.0,0.0,0.0,0.0,0.0,0.19960343343160533
2018-07-03 16:00:00,0.1456326883847438,0.0,0.0,0.0,0.0,0.0,0.19960343343160533
2018-07-03 20:00:00,0.1456326883847438,0.0,0.0,0.0,0.0,0.0,0.19960343343160533
2018-07-04 00:00:00,0.1456326883847438,0.0,0.0,0.0,0.0,0.0,0.0
2018-07-04 08:00:00,0.1456326883847438,0.0,0.0,0.0,0.0,0.0,0.0
2018-07-04 12:00:00,0.0,0.0,0.0,0.0,0.0,0.0,0.0
2018-07-04 16:00:00,0.0,0.0,0.0,0.0,0.0,0.0,0.0
2018-07-04 20:00:00,0.0,0.0,0.0,0.0,0.0,0.0,0.0
2018-07-05 00:00:00,0.0,0.0,0.0,0.0,0.0,0.0,0.0
2018-07-05 04:00:00,0.0,0.0,0.0,0.0,0.0,0.0,0.0
2018-07-05 08:00:00,0.0,0.0,0.0,0.0,0.0,0.0,0.0
2018-07-05 12:00:00,0.0,0.0,0.0,0.0,0.0,0.0,0.0
2018-07-05 16:00:00,0.0,0.0,0.0,0.0,0.0,0.0,0.0
2018-07-05 20:00:00,0.0,0.0,0.0,0.0,0.0,0.0,0.0
2018-07-06 00:00:00,0.0,0.0,0.0,0.0,0.0,0.0,0.0
2018-07-06 04:00:00,0.0,0.0,0.0,0.0,0.0,0.0,0.0
2018-07-06 08:00:00,0.0,0.0,0.0,0.0,0.0,0.0,0.0
2018-07-06 12:00:00,0.0,0.0,0.0,0.0,0.0,0.0,0.0
2018-07-06 16:00:00,0.0,0.0,0.0,0.0,0.0,0.0,0.0
2018-07-06 20:00:00,0.0,0.0,0.0,0.0,0.0,0.0,0.0
2018-07-07 00:00:00,0.0,0.0,0.0,0.0,0.0,0.0,0.0
2018-07-07 04:00:00,0.0,0.0,0.0,0.0,0.0,0.0,0.0
2018-07-07 08:00:00,0.0,0.0,0.0,0.0,0.0,0.0,0.0
2018-07-07 12:00:00,0.0,0.0,0.0,0.0,0.0,0.0,0.0
2018-07-07 16:00:00,0.0,0.0,0.0,0.0,0.0,0.0,0.0
2018-07-07 20:00:00,0.0,0.0,0.0,0.0,0.0,0.0,0.0
2018-07-08 00:00:00,0.0,0.0,0.0,0.0,0.0,0.0,0.0
2018-07-08 04:00:00,0.0,0.0,0.0,0.0,0.0,0.0,0.0
2018-07-08 08:00:00,0.0,0.0,0.0,0.0,0.0,0.0,0.0
2018-07-08 12:00:00,0.0,0.0,0.0,0.0,0.0,0.0,0.0
2018-07-08 16:00:00,0.0,0.0,0.0,0.0,0.0,0.0,0.0
2018-07-08 20:00:00,0.0,0.0,0.0,0.0,0.0,0.0,0.0
2018-07-09 00:00:00,0.0,0.0,0.0,0.0,0.0,0.0,0.0
2018-07-09 04:00:00,0.0,0.0,0.0,0.0,0.0,0.0,0.0
2018-07-09 08:00:00,0.0,0.0,0.0,0.0,0.0,0.0,0.0
2018-07-09 12:00:00,0.0,0.0,0.0,0.0,0.0,0.0,0.0
2018-07-09 16:00:00,0.0,0.0,0.0,0.0,0.0,0.0,0.0
2018-07-09 20:00:00,0.0,0.0,0.0,0.0,0.0,0.0,0.0
2018-07-10 00:00:00,0.0,0.0,0.0,0.0,0.0,0.0,0.0
2018-07-10 04:00:00,0.0,0.0,0.0,0.0,0.0,0.0,0.0
2018-07-10 08:00:00,0.0,0.0,0.0,0.0,0.0,0.0,0.0
2018-07-10 12:00:00,0.0,0.0,0.0,0.0,0.0,0.0,0.0
2018-07-10 16:00:00,0.0,0.0,0.0,0.0,0.0,0.0,0.0
2018-07-10 20:00:00,0.0,0.0,0.0,0.0,0.0,0.0,0.0
2018-07-11 00:00:00,0.0,0.0,0.0,0.0,0.0,0.0,0.0
2018-07-11 04:00:00,0.0,0.0,0.0,0.0,0.0,0.0,0.0
2018-07-11 08:00:00,0.0,0.0,0.0,0.0,0.0,0.0,0.0
2018-07-11 12:00:00,0.0,0.0,0.0,0.0,0.0,0.0,0.0
2018-07-11 16:00:00,0.0,0.0,0.0,0.0,0.0,0.0,0.0
2018-07-11 20:00:00,0.0,0.0,0.0,0.0,0.0,0.0,0.0
2018-07-12 00:00:00,0.0,0.0,0.0,0.0,0.0,0.0,0.0
2018-07-12 04:00:00,0.0,0.0,0.0,0.0,0.0,0.0,0.0
2018-07-12 08:00:00,0.0,0.0,0.0,0.0,0.0,0.0,0.0
2018-07-12 12:00:00,0.0,0.0,0.0,0.0,0.0,0.0,0.0
2018-07-12 16:00:00,0.0,0.0,0.0,0.0,0.0,0.0,0.0
2018-07-12 20:00:00,0.0,0.0,0.0,0.0,0.0,0.0,0.0
2018-07-13 00:00:00,0.0,0.0,0.0,0.0,0.0,0.0,0.0
2018-07-13 04:00:00,0.0,0.0,0.0,0.0,0.0,0.0,0.0
2018-07-13 08:00:00,0.0,0.0,0.0,0.0,0.0,0.0,0.0
2018-07-13 12:00:00,0.0,0.0,0.0,0.0,0.0,0.0,0.0
2018-07-13 16:00:00,0.0,0.0,0.0,0.0,0.0,0.0,0.0
2018-07-13 20:00:00,0.0,0.0,0.0,0.0,0.0,0.0,0.0
2018-07-14 00:00:00,0.0,0.0,0.0,0.0,0.0,0.0,0.0
2018-07-14 04:00:00,0.0,0.0,0.0,0.0,0.0,0.0,0.0
2018-07-14 08:00:00,0.0,0.0,0.0,0.0,0.0,0.0,0.0
2018-07-14 12:00:00,0.0,0.0,0.0,0.0,0.0,0.0,0.0
2018-07-14 16:00:00,0.0,0.0,0.0,0.0,0.0,0.0,0.0
2018-07-14 20:00:00,0.0,0.0,0.0,0.0,0.0,0.0,0.0
2018-07-15 00:00:00,0.0,0.0,0.0,0.0,0.0,0.0,0.0
2018-07-15 04:00:00,0.0,0.0,0.0,0.0,0.0,0.0,0.0
2018-07-15 08:00:00,0.0,0.0,0.0,0.0,0.0,0.0,0.0
2018-07-15 12:00:00,0.0,0.0,0.0,0.0,0.0,0.0,0.0
2018-07-15 16:00:00,0.0,0.0,0.0,0.0,0.0,0.0,0.0
2018-07-15 20:00:00,0.0,0.0,0.0,0.0,0.0,0.0,0.0
2018-07-16 00:00:00,0.0,0.0,0.0,0.0,0.0,0.0,0.0
2018-07-16 04:00:00,0.0,0.0,0.0,0.0,0.0,0.0,0.0
2018-07-16 08:00:00,0.0,0.0,0.0,0.0,0.0,0.0,0.0
2018-07-16 12:00:00,0.18003788775751817,0.0,0.0,0.0,0.0,0.0,0.0
2018-07-16 16:00:00,0.18003788775751817,0.0,0.0,0.0,0.0,0.0,0.0
2018-07-16 20:00:00,0.18003788775751817,0.0,0.0,0.0,0.0,0.0,0.0
2018-07-17 00:00:00,0.18003788775751817,0.0,0.0,0.0,0.0,0.0,0.0
2018-07-17 04:00:00,0.18003788775751817,0.0,0.0,0.0,0.0,0.0,0.0
2018-07-17 08:00:00,0.18003788775751817,0.0,0.0,0.0,0.0,0.0,0.0
2018-07-17 12:00:00,0.18003788775751817,0.0,0.0,0.0,0.0,0.0,0.0
2018-07-17 16:00:00,0.18003788775751817,0.0,0.0,0.0,0.0,0.0,0.0
2018-07-17 20:00:00,0.0,0.0,0.0,0.31843706225482643,0.26132566755207637,0.0,0.2678476715816275
2018-07-18 00:00:00,0.0,0.0,0.0,0.31843706225482643,0.26132566755207637,0.0,0.2678476715816275
2018-07-18 04:00:00,0.1628048966543914,0.0,0.0,0.31452415969267844,0.25811454047133076,0.0,0.2645564031815993
2018-07-18 08:00:00,0.1628048966543914,0.0,0.0,0.31452415969267844,0.25811454047133076,0.0,0.2645564031815993
2018-07-18 12:00:00,0.1628048966543914,0.0,0.0,0.31452415969267844,0.25811454047133076,0.0,0.2645564031815993
2018-07-18 16:00:00,0.1628048966543914,0.0,0.0,0.31452415969267844,0.25811454047133076,0.0,0.2645564031815993
2018-07-18 20:00:00,0.164830304489108,0.0,0.0,0.31843706225482643,0.0,0.0,0.0
2018-07-19 00:00:00,0.0,0.0,0.0,0.31843706225482643,0.0,0.0,0.0
2018-07-19 04:00:00,0.0,0.0,0.0,0.31843706225482643,0.0,0.0,0.0
2018-07-19 08:00:00,0.0,0.0,0.0,0.31843706225482643,0.0,0.0,0.0
2018-07-19 12:00:00,0.0,0.0,0.0,0.31843706225482643,0.0,0.0,0.0
2018-07-19 16:00:00,0.0,0.0,0.0,0.31843706225482643,0.0,0.0,0.0
2018-07-19 20:00:00,0.0,0.0,0.0,0.31843706225482643,0.0,0.0,0.0
2018-07-20 00:00:00,0.0,0.0,0.0,0.31843706225482643,0.0,0.0,0.0
2018-07-20 04:00:00,0.0,0.0,0.0,0.31843706225482643,0.0,0.0,0.0
2018-07-20 08:00:00,0.0,0.0,0.0,0.31843706225482643,0.0,0.0,0.0
2018-07-20 12:00:00,0.0,0.0,0.0,0.31843706225482643,0.0,0.0,0.0
2018-07-20 16:00:00,0.0,0.0,0.0,0.31843706225482643,0.0,0.0,0.0
2018-07-20 20:00:00,0.0,0.0,0.0,0.31843706225482643,0.0,0.0,0.0
2018-07-21 00:00:00,0.0,0.0,0.0,0.31843706225482643,0.0,0.0,0.0
2018-07-21 04:00:00,0.0,0.0,0.0,0.0,0.0,0.0,0.0
2018-07-21 08:00:00,0.0,0.0,0.0,0.0,0.0,0.0,0.0
2018-07-21 12:00:00,0.0,0.0,0.0,0.0,0.0,0.0,0.0
2018-07-21 16:00:00,0.0,0.0,0.0,0.0,0.0,0.0,0.0
2018-07-21 20:00:00,0.0,0.0,0.0,0.0,0.0,0.0,0.0
2018-07-22 00:00:00,0.0,0.0,0.0,0.0,0.0,0.0,0.0
2018-07-22 04:00:00,0.0,0.0,0.0,0.0,0.0,0.0,0.0
2018-07-22 08:00:00,0.0,0.0,0.0,0.0,0.0,0.0,0.0
2018-07-22 12:00:00,0.0,0.0,0.0,0.0,0.0,0.0,0.0
2018-07-22 16:00:00,0.0,0.0,0.0,0.0,0.0,0.0,0.0
2018-07-22 20:00:00,0.0,0.0,0.0,0.0,0.0,0.0,0.0
2018-07-23 00:00:00,0.0,0.0,0.0,0.0,0.0,0.0,0.0
2018-07-23 04:00:00,0.0,0.0,0.0,0.0,0.0,0.0,0.0
2018-07-23 08:00:00,0.0,0.0,0.0,0.2801270371556006,0.0,0.0,0.0
2018-07-23 12:00:00,0.0,0.0,0.0,0.2801270371556006,0.0,0.0,0.0
2018-07-23 16:00:00,0.0,0.0,0.0,0.2801270371556006,0.0,0.0,0.0
2018-07-23 20:00:00,0.0,0.0,0.0,0.2801270371556006,0.0,0.0,0.0
2018-07-24 00:00:00,0.0,0.0,0.0,0.2801270371556006,0.0,0.0,0.0
2018-07-24 04:00:00,0.0,0.0,0.0,0.2801270371556006,0.0,0.0,0.0
2018-07-24 08:00:00,0.0,0.0,0.0,0.2801270371556006,0.0,0.0,0.0
2018-07-24 12:00:00,0.0,0.0,0.0,0.0,0.0,0.0,0.0
2018-07-24 16:00:00,0.0,0.0,0.0,0.0,0.0,0.0,0.0
2018-07-24 20:00:00,0.0,0.0,0.0,0.0,0.0,0.0,0.0
2018-07-25 00:00:00,0.0,0.0,0.0,0.2790491487311277,0.0,0.0,0.0
2018-07-25 04:00:00,0.0,0.0,0.0,0.2790491487311277,0.0,0.0,0.0
2018-07-25 08:00:00,0.0,0.0,0.0,0.2790491487311277,0.0,0.0,0.0
2018-07-25 12:00:00,0.0,0.0,0.0,0.2790491487311277,0.0,0.0,0.0
2018-07-25 16:00:00,0.0,0.0,0.0,0.0,0.0,0.0,0.0
2018-07-25 20:00:00,0.0,0.0,0.0,0.0,0.0,0.0,0.0
2018-07-26 00:00:00,0.0,0.0,0.0,0.0,0.0,0.0,0.0
2018-07-26 04:00:00,0.0,0.0,0.0,0.0,0.0,0.0,0.0
2018-07-26 08:00:00,0.0,0.0,0.0,0.0,0.0,0.0,0.0
2018-07-26 12:00:00,0.0,0.0,0.0,0.0,0.0,0.0,0.0
2018-07-26 16:00:00,0.0,0.0,0.0,0.0,0.0,0.0,0.0
2018-07-26 20:00:00,0.0,0.0,0.0,0.0,0.0,0.0,0.0
2018-07-27 00:00:00,0.0,0.0,0.0,0.0,0.0,0.0,0.0
2018-07-27 04:00:00,0.0,0.0,0.0,0.0,0.0,0.0,0.0
2018-07-27 08:00:00,0.0,0.0,0.0,0.0,0.0,0.0,0.0
2018-07-27 12:00:00,0.0,0.0,0.0,0.0,0.0,0.0,0.0
2018-07-27 16:00:00,0.0,0.0,0.0,0.0,0.0,0.0,0.0
2018-07-27 20:00:00,0.0,0.0,0.0,0.0,0.0,0.0,0.0
2018-07-28 00:00:00,0.0,0.0,0.19358449320678484,0.0,0.0,0.0,0.0
2018-07-28 04:00:00,0.0,0.0,0.19358449320678484,0.0,0.0,0.0,0.0
2018-07-28 08:00:00,0.0,0.0,0.19358449320678484,0.0,0.0,0.0,0.0
2018-07-28 12:00:00,0.0,0.0,0.19358449320678484,0.0,0.0,0.0,0.0
2018-07-28 16:00:00,0.0,0.0,0.19358449320678484,0.0,0.0,0.0,0.0
2018-07-28 20:00:00,0.0,0.0,0.19358449320678484,0.0,0.0,0.0,0.0
2018-07-29 00:00:00,0.0,0.0,0.19358449320678484,0.0,0.0,0.0,0.0
2018-07-29 04:00:00,0.0,0.0,0.19358449320678484,0.0,0.0,0.0,0.0
2018-07-29 08:00:00,0.0,0.0,0.19358449320678484,0.0,0.0,0.0,0.0
2018-07-29 12:00:00,0.0,0.0,0.0,0.0,0.0,0.0,0.0
2018-07-29 16:00:00,0.0,0.0,0.0,0.0,0.0,0.0,0.0
2018-07-29 20:00:00,0.0,0.0,0.0,0.0,0.0,0.0,0.0
2018-07-30 00:00:00,0.0,0.0,0.0,0.0,0.0,0.0,0.0
2018-07-30 04:00:00,0.0,0.0,0.0,0.0,0.0,0.0,0.0
2018-07-30 08:00:00,0.0,0.0,0.0,0.0,0.0,0.0,0.0
2018-07-30 12:00:00,0.0,0.0,0.0,0.0,0.0,0.0,0.0
2018-07-30 16:00:00,0.0,0.0,0.0,0.0,0.0,0.0,0.0
2018-07-30 20:00:00,0.0,0.0,0.0,0.0,0.0,0.0,0.0
2018-07-31 00:00:00,0.0,0.0,0.0,0.0,0.0,0.0,0.0
2018-07-31 04:00:00,0.0,0.0,0.0,0.0,0.0,0.0,0.0
2018-07-31 08:00:00,0.0,0.0,0.0,0.0,0.0,0.0,0.0
2018-07-31 12:00:00,0.0,0.0,0.0,0.0,0.0,0.0,0.0
2018-07-31 16:00:00,0.0,0.0,0.0,0.0,0.0,0.0,0.0
2018-07-31 20:00:00,0.0,0.0,0.0,0.0,0.0,0.0,0.0
2018-08-01 00:00:00,0.0,0.0,0.0,0.0,0.0,0.0,0.0
2018-08-01 04:00:00,0.0,0.0,0.0,0.0,0.0,0.0,0.0
2018-08-01 08:00:00,0.0,0.0,0.0,0.0,0.0,0.0,0.0
2018-08-01 12:00:00,0.0,0.0,0.0,0.0,0.0,0.0,0.0
2018-08-01 16:00:00,0.0,0.0,0.0,0.0,0.0,0.0,0.0
2018-08-01 20:00:00,0.0,0.0,0.0,0.0,0.0,0.0,0.0
2018-08-02 00:00:00,0.0,0.0,0.0,0.0,0.0,0.0,0.0
2018-08-02 04:00:00,0.0,0.0,0.0,0.0,0.0,0.0,0.0
2018-08-02 08:00:00,0.0,0.0,0.0,0.0,0.0,0.0,0.0
2018-08-02 12:00:00,0.0,0.0,0.0,0.0,0.0,0.0,0.0
2018-08-02 16:00:00,0.0,0.0,0.0,0.0,0.0,0.0,0.0
2018-08-02 20:00:00,0.0,0.0,0.0,0.0,0.0,0.0,0.0
2018-08-03 00:00:00,0.0,0.0,0.0,0.0,0.0,0.0,0.0
2018-08-03 04:00:00,0.0,0.0,0.0,0.0,0.0,0.0,0.0
2018-08-03 08:00:00,0.0,0.0,0.0,0.0,0.0,0.0,0.0
2018-08-03 12:00:00,0.0,0.0,0.0,0.0,0.0,0.0,0.0
2018-08-03 16:00:00,0.0,0.0,0.0,0.0,0.0,0.0,0.0
2018-08-03 20:00:00,0.0,0.0,0.0,0.0,0.0,0.0,0.0
2018-08-04 00:00:00,0.0,0.0,0.0,0.0,0.0,0.0,0.0
2018-08-04 04:00:00,0.0,0.0,0.0,0.0,0.0,0.0,0.0
2018-08-04 08:00:00,0.0,0.0,0.0,0.0,0.0,0.0,0.0
2018-08-04 12:00:00,0.0,0.0,0.0,0.0,0.0,0.0,0.0
2018-08-04 16:00:00,0.0,0.0,0.0,0.0,0.0,0.0,0.0
2018-08-04 20:00:00,0.0,0.0,0.0,0.0,0.0,0.0,0.0
2018-08-05 00:00:00,0.0,0.0,0.0,0.0,0.0,0.0,0.0
2018-08-05 04:00:00,0.0,0.0,0.0,0.0,0.0,0.0,0.0
2018-08-05 08:00:00,0.0,0.0,0.0,0.0,0.0,0.0,0.0
2018-08-05 12:00:00,0.0,0.0,0.0,0.0,0.0,0.0,0.0
2018-08-05 16:00:00,0.0,0.0,0.0,0.0,0.0,0.0,0.0
2018-08-05 20:00:00,0.0,0.0,0.0,0.0,0.0,0.0,0.0
2018-08-06 00:00:00,0.0,0.0,0.0,0.0,0.0,0.0,0.0
2018-08-06 04:00:00,0.0,0.0,0.0,0.0,0.0,0.0,0.0
2018-08-06 08:00:00,0.0,0.0,0.0,0.0,0.0,0.0,0.0
2018-08-06 12:00:00,0.0,0.0,0.0,0.0,0.0,0.0,0.0
2018-08-06 16:00:00,0.0,0.0,0.0,0.0,0.0,0.0,0.0
2018-08-06 20:00:00,0.0,0.0,0.0,0.0,0.0,0.0,0.0
2018-08-07 00:00:00,0.0,0.0,0.0,0.0,0.0,0.0,0.0
2018-08-07 04:00:00,0.0,0.0,0.0,0.0,0.0,0.0,0.0
2018-08-07 08:00:00,0.0,0.0,0.0,0.0,0.0,0.0,0.0
2018-08-07 12:00:00,0.0,0.0,0.0,0.0,0.0,0.0,0.0
2018-08-07 16:00:00,0.0,0.0,0.0,0.0,0.0,0.0,0.0
2018-08-07 20:00:00,0.0,0.0,0.0,0.0,0.0,0.0,0.0
2018-08-08 00:00:00,0.0,0.0,0.0,0.0,0.0,0.0,0.0
2018-08-08 04:00:00,0.0,0.0,0.0,0.0,0.0,0.0,0.0
2018-08-08 08:00:00,0.0,0.0,0.0,0.0,0.0,0.0,0.0
2018-08-08 12:00:00,0.0,0.0,0.0,0.0,0.0,0.0,0.0
2018-08-08 16:00:00,0.0,0.0,0.0,0.0,0.0,0.0,0.0
2018-08-08 20:00:00,0.0,0.0,0.0,0.0,0.0,0.0,0.0
2018-08-09 00:00:00,0.0,0.0,0.0,0.0,0.0,0.0,0.0
2018-08-09 04:00:00,0.0,0.0,0.0,0.0,0.0,0.0,0.0
2018-08-09 08:00:00,0.0,0.0,0.0,0.0,0.0,0.0,0.0
2018-08-09 12:00:00,0.0,0.0,0.0,0.0,0.0,0.0,0.0
2018-08-09 16:00:00,0.0,0.0,0.0,0.0,0.0,0.0,0.0
2018-08-09 20:00:00,0.0,0.0,0.0,0.0,0.0,0.0,0.0
2018-08-10 00:00:00,0.0,0.0,0.0,0.0,0.0,0.0,0.0
2018-08-10 04:00:00,0.0,0.0,0.0,0.0,0.0,0.0,0.0
2018-08-10 08:00:00,0.0,0.0,0.0,0.0,0.0,0.0,0.0
2018-08-10 12:00:00,0.0,0.0,0.0,0.0,0.0,0.0,0.0
2018-08-10 16:00:00,0.0,0.0,0.0,0.0,0.0,0.0,0.0
2018-08-10 20:00:00,0.0,0.0,0.0,0.0,0.0,0.0,0.0
2018-08-11 00:00:00,0.0,0.0,0.0,0.0,0.0,0.0,0.0
2018-08-11 04:00:00,0.0,0.0,0.0,0.0,0.0,0.0,0.0
2018-08-11 08:00:00,0.0,0.0,0.0,0.0,0.0,0.0,0.0
2018-08-11 12:00:00,0.0,0.0,0.0,0.0,0.0,0.0,0.0
2018-08-11 16:00:00,0.0,0.0,0.0,0.0,0.0,0.0,0.0
2018-08-11 20:00:00,0.0,0.0,0.0,0.0,0.0,0.0,0.0
2018-08-12 00:00:00,0.0,0.0,0.0,0.0,0.0,0.0,0.0
2018-08-12 04:00:00,0.0,0.0,0.0,0.0,0.0,0.0,0.0
2018-08-12 08:00:00,0.0,0.0,0.0,0.0,0.0,0.0,0.0
2018-08-12 12:00:00,0.0,0.0,0.0,0.0,0.0,0.0,0.0
2018-08-12 16:00:00,0.0,0.0,0.0,0.0,0.0,0.0,0.0
2018-08-12 20:00:00,0.0,0.0,0.0,0.0,0.0,0.0,0.0
2018-08-13 00:00:00,0.0,0.0,0.0,0.0,0.0,0.0,0.0
2018-08-13 04:00:00,0.0,0.0,0.0,0.0,0.0,0.0,0.0
2018-08-13 08:00:00,0.0,0.0,0.0,0.0,0.0,0.0,0.0
2018-08-13 12:00:00,0.0,0.0,0.0,0.0,0.0,0.0,0.0
2018-08-13 16:00:00,0.0,0.0,0.0,0.0,0.0,0.0,0.0
2018-08-13 20:00:00,0.0,0.0,0.0,0.0,0.0,0.0,0.0
2018-08-14 00:00:00,0.0,0.0,0.0,0.0,0.0,0.0,0.0
2018-08-14 04:00:00,0.0,0.0,0.0,0.0,0.0,0.0,0.0
2018-08-14 08:00:00,0.0,0.0,0.0,0.0,0.0,0.0,0.0
2018-08-14 12:00:00,0.0,0.0,0.0,0.0,0.0,0.0,0.0
2018-08-14 16:00:00,0.0,0.0,0.0,0.0,0.0,0.0,0.0
2018-08-14 20:00:00,0.0,0.0,0.0,0.0,0.0,0.0,0.0
2018-08-15 00:00:00,0.0,0.0,0.0,0.0,0.0,0.0,0.0
2018-08-15 04:00:00,0.0,0.0,0.0,0.0,0.0,0.0,0.0
2018-08-15 08:00:00,0.0,0.0,0.0,0.0,0.0,0.0,0.0
2018-08-15 12:00:00,0.0,0.0,0.0,0.0,0.0,0.0,0.0
2018-08-15 16:00:00,0.0,0.0,0.0,0.0,0.0,0.0,0.0
2018-08-15 20:00:00,0.0,0.0,0.0,0.0,0.0,0.0,0.0
2018-08-16 00:00:00,0.0,0.0,0.0,0.0,0.0,0.0,0.0
2018-08-16 04:00:00,0.0,0.0,0.0,0.0,0.0,0.0,0.0
2018-08-16 08:00:00,0.0,0.0,0.0,0.0,0.0,0.0,0.0
2018-08-16 12:00:00,0.0,0.0,0.0,0.0,0.0,0.0,0.0
2018-08-16 16:00:00,0.0,0.0,0.0,0.0,0.0,0.0,0.0
2018-08-16 20:00:00,0.0,0.0,0.0,0.0,0.0,0.0,0.0
2018-08-17 00:00:00,0.0,0.0,0.0,0.0,0.0,0.0,0.0
2018-08-17 04:00:00,0.0,0.0,0.0,0.0,0.0,0.0,0.0
2018-08-17 08:00:00,0.0,0.0,0.0,0.0,0.0,0.0,0.0
2018-08-17 12:00:00,0.0,0.0,0.0,0.0,0.0,0.0,0.0
2018-08-17 16:00:00,0.0,0.0,0.0,0.0,0.0,0.0,0.0
2018-08-17 20:00:00,0.0,0.0,0.0,0.0,0.0,0.0,0.0
2018-08-18 00:00:00,0.0,0.0,0.0,0.0,0.0,0.0,0.0
2018-08-18 04:00:00,0.0,0.0,0.0,0.0,0.0,0.0,0.0
2018-08-18 08:00:00,0.0,0.0,0.0,0.0,0.0,0.0,0.0
2018-08-18 12:00:00,0.0,0.0,0.0,0.0,0.0,0.0,0.0
2018-08-18 16:00:00,0.0,0.0,0.0,0.0,0.0,0.0,0.0
2018-08-18 20:00:00,0.0,0.0,0.0,0.0,0.0,0.0,0.0
2018-08-19 00:00:00,0.0,0.0,0.0,0.0,0.0,0.0,0.0
2018-08-19 04:00:00,0.0,0.0,0.0,0.0,0.0,0.0,0.0
2018-08-19 08:00:00,0.0,0.0,0.0,0.0,0.0,0.0,0.0
2018-08-19 12:00:00,0.0,0.0,0.0,0.0,0.0,0.0,0.0
2018-08-19 16:00:00,0.0,0.0,0.0,0.0,0.0,0.0,0.0
2018-08-19 20:00:00,0.0,0.0,0.0,0.0,0.0,0.0,0.0
2018-08-20 00:00:00,0.0,0.0,0.0,0.0,0.0,0.0,0.0
2018-08-20 04:00:00,0.0,0.0,0.0,0.0,0.0,0.0,0.0
2018-08-20 08:00:00,0.0,0.0,0.0,0.0,0.0,0.0,0.0
2018-08-20 12:00:00,0.0,0.0,0.0,0.0,0.0,0.0,0.0
2018-08-20 16:00:00,0.0,0.0,0.0,0.0,0.0,0.0,0.0
2018-08-20 20:00:00,0.0,0.0,0.0,0.0,0.0,0.0,0.0
2018-08-21 00:00:00,0.0,0.0,0.0,0.0,0.0,0.0,0.0
2018-08-21 04:00:00,0.0,0.0,0.0,0.0,0.0,0.0,0.0
2018-08-21 08:00:00,0.0,0.0,0.0,0.0,0.0,0.0,0.0
2018-08-21 12:00:00,0.0,0.0,0.0,0.0,0.0,0.0,0.0
2018-08-21 16:00:00,0.0,0.0,0.0,0.0,0.0,0.0,0.0
2018-08-21 20:00:00,0.0,0.0,0.0,0.0,0.0,0.0,0.0
2018-08-22 00:00:00,0.0,0.0,0.0,0.0,0.0,0.0,0.0
2018-08-22 04:00:00,0.0,0.0,0.0,0.2703488886209254,0.0,0.0,0.0
2018-08-22 08:00:00,0.0,0.0,0.0,0.2703488886209254,0.0,0.0,0.0
2018-08-22 12:00:00,0.0,0.0,0.0,0.2703488886209254,0.0,0.0,0.0
2018-08-22 16:00:00,0.0,0.0,0.0,0.0,0.0,0.0,0.0
2018-08-22 20:00:00,0.0,0.0,0.0,0.0,0.0,0.0,0.0
2018-08-23 00:00:00,0.0,0.0,0.0,0.0,0.0,0.0,0.0
2018-08-23 04:00:00,0.0,0.0,0.0,0.0,0.0,0.0,0.0
2018-08-23 08:00:00,0.0,0.0,0.0,0.0,0.0,0.0,0.0
2018-08-23 12:00:00,0.0,0.0,0.0,0.0,0.0,0.0,0.0
2018-08-23 16:00:00,0.0,0.0,0.0,0.0,0.0,0.0,0.0
2018-08-23 20:00:00,0.0,0.0,0.0,0.0,0.0,0.0,0.0
2018-08-24 00:00:00,0.0,0.0,0.0,0.0,0.0,0.0,0.0
2018-08-24 04:00:00,0.0,0.0,0.0,0.0,0.0,0.0,0.0
2018-08-24 08:00:00,0.0,0.0,0.0,0.0,0.0,0.0,0.0
2018-08-24 12:00:00,0.0,0.0,0.0,0.0,0.0,0.0,0.0
2018-08-24 16:00:00,0.0,0.0,0.0,0.0,0.0,0.0,0.0
2018-08-24 20:00:00,0.0,0.0,0.0,0.0,0.0,0.0,0.0
2018-08-25 00:00:00,0.0,0.0,0.0,0.0,0.0,0.0,0.0
2018-08-25 04:00:00,0.0,0.0,0.0,0.0,0.0,0.0,0.0
2018-08-25 08:00:00,0.0,0.0,0.0,0.0,0.0,0.0,0.0
2018-08-25 12:00:00,0.0,0.0,0.0,0.0,0.0,0.0,0.0
2018-08-25 16:00:00,0.0,0.0,0.0,0.0,0.0,0.0,0.0
2018-08-25 20:00:00,0.0,0.0,0.0,0.0,0.0,0.0,0.0
2018-08-26 00:00:00,0.0,0.0,0.0,0.0,0.0,0.0,0.0
2018-08-26 04:00:00,0.0,0.0,0.0,0.0,0.0,0.0,0.0
2018-08-26 08:00:00,0.0,0.0,0.0,0.0,0.0,0.0,0.0
2018-08-26 12:00:00,0.0,0.0,0.0,0.0,0.0,0.0,0.0
2018-08-26 16:00:00,0.0,0.0,0.0,0.0,0.0,0.0,0.0
2018-08-26 20:00:00,0.0,0.0,0.0,0.0,0.0,0.0,0.0
2018-08-27 00:00:00,0.0,0.0,0.0,0.0,0.0,0.0,0.0
2018-08-27 04:00:00,0.0,0.0,0.0,0.0,0.0,0.0,0.0
2018-08-27 08:00:00,0.0,0.0,0.0,0.0,0.0,0.0,0.0
2018-08-27 12:00:00,0.0,0.0,0.0,0.0,0.0,0.0,0.0
2018-08-27 16:00:00,0.0,0.0,0.0,0.0,0.0,0.0,0.0
2018-08-27 20:00:00,0.0,0.0,0.0,0.0,0.0,0.0,0.0
2018-08-28 00:00:00,0.0,0.0,0.0,0.36752385917500974,0.0,0.0,0.0
2018-08-28 04:00:00,0.0,0.0,0.0,0.36752385917500974,0.0,0.0,0.0
2018-08-28 08:00:00,0.0,0.0,0.0,0.36752385917500974,0.0,0.0,0.0
2018-08-28 12:00:00,0.0,0.0,0.0,0.36752385917500974,0.0,0.0,0.0
2018-08-28 16:00:00,0.0,0.0,0.0,0.36752385917500974,0.0,0.0,0.0
2018-08-28 20:00:00,0.20931057124097147,0.0,0.2083069303324958,0.36752385917500974,0.0,0.0,0.0
2018-08-29 00:00:00,0.20931057124097147,0.0,0.2083069303324958,0.36752385917500974,0.0,0.0,0.0
2018-08-29 04:00:00,0.20931057124097147,0.0,0.0,0.36752385917500974,0.0,0.0,0.0
2018-08-29 08:00:00,0.20931057124097147,0.0,0.0,0.36752385917500974,0.0,0.0,0.0
2018-08-29 12:00:00,0.20931057124097147,0.0,0.0,0.36752385917500974,0.0,0.0,0.0
2018-08-29 16:00:00,0.20931057124097147,0.0,0.0,0.36752385917500974,0.0,0.0,0.0
2018-08-29 20:00:00,0.20931057124097147,0.0,0.0,0.36752385917500974,0.0,0.0,0.0
2018-08-30 00:00:00,0.20931057124097147,0.0,0.0,0.36752385917500974,0.0,0.0,0.0
2018-08-30 04:00:00,0.20931057124097147,0.0,0.0,0.36752385917500974,0.0,0.0,0.0
2018-08-30 08:00:00,0.20931057124097147,0.0,0.0,0.36752385917500974,0.0,0.0,0.0
2018-08-30 12:00:00,0.0,0.0,0.0,0.0,0.0,0.0,0.0
2018-08-30 16:00:00,0.0,0.0,0.0,0.0,0.0,0.0,0.0
2018-08-30 20:00:00,0.0,0.0,0.0,0.0,0.0,0.0,0.0
2018-08-31 00:00:00,0.0,0.0,0.0,0.0,0.0,0.0,0.0
2018-08-31 04:00:00,0.0,0.0,0.0,0.0,0.0,0.0,0.0
2018-08-31 08:00:00,0.0,0.0,0.0,0.0,0.0,0.0,0.0
2018-08-31 12:00:00,0.0,0.0,0.0,0.0,0.0,0.0,0.0
2018-08-31 16:00:00,0.0,0.0,0.0,0.0,0.0,0.0,0.0
2018-08-31 20:00:00,0.0,0.0,0.0,0.0,0.0,0.0,0.0
2018-09-01 00:00:00,0.0,0.0,0.0,0.0,0.0,0.0,0.0
2018-09-01 04:00:00,0.0,0.0,0.0,0.0,0.0,0.0,0.0
2018-09-01 08:00:00,0.0,0.0,0.0,0.0,0.0,0.0,0.0
2018-09-01 12:00:00,0.0,0.0,0.0,0.0,0.0,0.0,0.0
2018-09-01 16:00:00,0.0,0.0,0.0,0.3415463288629626,0.0,0.0,0.0
2018-09-01 20:00:00,0.14727419210455642,0.0,0.18624791789801706,0.3415463288629626,0.2206558336993123,0.0,0.0
2018-09-02 00:00:00,0.14727419210455642,0.0,0.18624791789801706,0.3415463288629626,0.2206558336993123,0.0,0.0
2018-09-02 04:00:00,0.14727419210455642,0.0,0.18624791789801706,0.3415463288629626,0.2206558336993123,0.0,0.0
2018-09-02 08:00:00,0.14727419210455642,0.0,0.18624791789801706,0.3415463288629626,0.2206558336993123,0.0,0.0
2018-09-02 12:00:00,0.14727419210455642,0.0,0.18624791789801706,0.3415463288629626,0.2206558336993123,0.0,0.0
2018-09-02 16:00:00,0.0,0.0,0.18624791789801706,0.3415463288629626,0.2206558336993123,0.0,0.0
2018-09-02 20:00:00,0.0,0.0,0.18624791789801706,0.3415463288629626,0.2206558336993123,0.0,0.0
2018-09-03 00:00:00,0.0,0.0,0.18624791789801706,0.3415463288629626,0.2206558336993123,0.0,0.0
2018-09-03 04:00:00,0.0,0.0,0.18624791789801706,0.3415463288629626,0.2206558336993123,0.0,0.0
2018-09-03 08:00:00,0.0,0.0,0.18624791789801706,0.3415463288629626,0.0,0.0,0.0
2018-09-03 12:00:00,0.0,0.0,0.18624791789801706,0.3415463288629626,0.0,0.0,0.0
2018-09-03 16:00:00,0.0,0.0,0.18624791789801706,0.3415463288629626,0.0,0.0,0.0
2018-09-03 20:00:00,0.0,0.0,0.18624791789801706,0.3415463288629626,0.0,0.0,0.0
2018-09-04 00:00:00,0.0,0.0,0.18624791789801706,0.3415463288629626,0.0,0.0,0.0
2018-09-04 04:00:00,0.0,0.0,0.18624791789801706,0.3415463288629626,0.0,0.0,0.0
2018-09-04 08:00:00,0.0,0.0,0.18624791789801706,0.3415463288629626,0.0,0.0,0.0
2018-09-04 12:00:00,0.0,0.0,0.18624791789801706,0.3415463288629626,0.0,0.0,0.0
2018-09-04 16:00:00,0.0,0.0,0.18624791789801706,0.3415463288629626,0.0,0.0,0.0
2018-09-04 20:00:00,0.0,0.0,0.18624791789801706,0.3415463288629626,0.0,0.0,0.0
2018-09-05 00:00:00,0.0,0.0,0.18624791789801706,0.3415463288629626,0.0,0.0,0.0
2018-09-05 04:00:00,0.0,0.0,0.18624791789801706,0.3415463288629626,0.0,0.0,0.0
2018-09-05 08:00:00,0.0,0.0,0.18624791789801706,0.3415463288629626,0.0,0.0,0.0
2018-09-05 12:00:00,0.0,0.0,0.0,0.0,0.0,0.0,0.0
2018-09-05 16:00:00,0.0,0.0,0.0,0.0,0.0,0.0,0.0
2018-09-05 20:00:00,0.0,0.0,0.0,0.0,0.0,0.0,0.0
2018-09-06 00:00:00,0.0,0.0,0.0,0.0,0.0,0.0,0.0
2018-09-06 04:00:00,0.0,0.0,0.0,0.0,0.0,0.0,0.0
2018-09-06 08:00:00,0.0,0.0,0.0,0.0,0.0,0.0,0.0
2018-09-06 12:00:00,0.0,0.0,0.0,0.0,0.0,0.0,0.0
2018-09-06 16:00:00,0.0,0.0,0.0,0.0,0.0,0.0,0.0
2018-09-06 20:00:00,0.0,0.0,0.0,0.0,0.0,0.0,0.0
2018-09-07 00:00:00,0.0,0.0,0.0,0.0,0.0,0.0,0.0
2018-09-07 04:00:00,0.0,0.0,0.0,0.0,0.0,0.0,0.0
2018-09-07 08:00:00,0.0,0.0,0.0,0.0,0.0,0.0,0.0
2018-09-07 12:00:00,0.0,0.0,0.0,0.0,0.0,0.0,0.0
2018-09-07 16:00:00,0.0,0.0,0.0,0.0,0.0,0.0,0.0
2018-09-07 20:00:00,0.0,0.0,0.0,0.0,0.0,0.0,0.0
2018-09-08 00:00:00,0.0,0.0,0.0,0.0,0.0,0.0,0.0
2018-09-08 04:00:00,0.0,0.0,0.0,0.0,0.0,0.0,0.0
2018-09-08 08:00:00,0.0,0.0,0.0,0.0,0.0,0.0,0.0
2018-09-08 12:00:00,0.0,0.0,0.0,0.0,0.0,0.0,0.0
2018-09-08 16:00:00,0.0,0.0,0.0,0.0,0.0,0.0,0.0
2018-09-08 20:00:00,0.0,0.0,0.0,0.0,0.0,0.0,0.0
2018-09-09 00:00:00,0.0,0.0,0.0,0.0,0.0,0.0,0.0
2018-09-09 04:00:00,0.0,0.0,0.0,0.0,0.0,0.0,0.0
2018-09-09 08:00:00,0.0,0.0,0.0,0.0,0.0,0.0,0.0
2018-09-09 12:00:00,0.0,0.0,0.0,0.0,0.0,0.0,0.0
2018-09-09 16:00:00,0.0,0.0,0.0,0.0,0.0,0.0,0.0
2018-09-09 20:00:00,0.0,0.0,0.0,0.0,0.0,0.0,0.0
2018-09-10 00:00:00,0.0,0.0,0.0,0.0,0.0,0.0,0.0
2018-09-10 04:00:00,0.0,0.0,0.0,0.0,0.0,0.0,0.0
2018-09-10 08:00:00,0.0,0.0,0.0,0.0,0.0,0.0,0.0
2018-09-10 12:00:00,0.0,0.0,0.0,0.0,0.0,0.0,0.0
2018-09-10 16:00:00,0.0,0.0,0.0,0.0,0.0,0.0,0.0
2018-09-10 20:00:00,0.0,0.0,0.0,0.0,0.0,0.0,0.0
2018-09-11 00:00:00,0.0,0.0,0.0,0.0,0.0,0.0,0.0
2018-09-11 04:00:00,0.0,0.0,0.0,0.0,0.0,0.0,0.0
2018-09-11 08:00:00,0.0,0.0,0.0,0.0,0.0,0.0,0.0
2018-09-11 12:00:00,0.0,0.0,0.0,0.0,0.0,0.0,0.0
2018-09-11 16:00:00,0.0,0.0,0.0,0.0,0.0,0.0,0.0
2018-09-11 20:00:00,0.0,0.0,0.0,0.0,0.0,0.0,0.0
2018-09-12 00:00:00,0.0,0.0,0.0,0.0,0.0,0.0,0.0
2018-09-12 04:00:00,0.0,0.0,0.0,0.0,0.0,0.0,0.0
2018-09-12 08:00:00,0.0,0.0,0.0,0.0,0.0,0.0,0.0
2018-09-12 12:00:00,0.0,0.0,0.0,0.0,0.0,0.0,0.0
2018-09-12 16:00:00,0.0,0.0,0.0,0.0,0.0,0.0,0.0
2018-09-12 20:00:00,0.0,0.0,0.0,0.0,0.0,0.0,0.0
2018-09-13 00:00:00,0.0,0.0,0.0,0.0,0.0,0.0,0.0
2018-09-13 04:00:00,0.0,0.0,0.0,0.0,0.0,0.0,0.0
2018-09-13 08:00:00,0.0,0.0,0.0,0.0,0.0,0.0,0.0
2018-09-13 12:00:00,0.0,0.0,0.0,0.0,0.0,0.0,0.0
2018-09-13 16:00:00,0.0,0.0,0.0,0.0,0.0,0.0,0.0
2018-09-13 20:00:00,0.0,0.0,0.0,0.0,0.0,0.0,0.0
2018-09-14 00:00:00,0.0,0.0,0.0,0.0,0.0,0.0,0.0
2018-09-14 04:00:00,0.0,0.0,0.0,0.0,0.0,0.0,0.0
2018-09-14 08:00:00,0.0,0.0,0.0,0.0,0.0,0.0,0.0
2018-09-14 12:00:00,0.0,0.0,0.0,0.0,0.0,0.0,0.0
2018-09-14 16:00:00,0.0,0.0,0.0,0.0,0.0,0.0,0.0
2018-09-14 20:00:00,0.0,0.0,0.0,0.0,0.0,0.0,0.0
2018-09-15 00:00:00,0.0,0.0,0.0,0.0,0.0,0.0,0.0
2018-09-15 04:00:00,0.0,0.0,0.0,0.0,0.0,0.0,0.0
2018-09-15 08:00:00,0.0,0.0,0.0,0.0,0.0,0.0,0.0
2018-09-15 12:00:00,0.0,0.0,0.0,0.0,0.0,0.0,0.0
2018-09-15 16:00:00,0.0,0.0,0.0,0.0,0.0,0.0,0.0
2018-09-15 20:00:00,0.0,0.0,0.0,0.0,0.0,0.0,0.0
2018-09-16 00:00:00,0.0,0.0,0.0,0.0,0.0,0.0,0.0
2018-09-16 04:00:00,0.0,0.0,0.0,0.0,0.0,0.0,0.0
2018-09-16 08:00:00,0.0,0.0,0.0,0.0,0.0,0.0,0.0
2018-09-16 12:00:00,0.0,0.0,0.0,0.0,0.0,0.0,0.0
2018-09-16 16:00:00,0.0,0.0,0.0,0.0,0.0,0.0,0.0
2018-09-16 20:00:00,0.0,0.0,0.0,0.0,0.0,0.0,0.0
2018-09-17 00:00:00,0.0,0.0,0.0,0.0,0.0,0.0,0.0
2018-09-17 04:00:00,0.0,0.0,0.0,0.0,0.0,0.0,0.0
2018-09-17 08:00:00,0.0,0.0,0.0,0.0,0.0,0.0,0.0
2018-09-17 12:00:00,0.0,0.0,0.0,0.0,0.0,0.0,0.0
2018-09-17 16:00:00,0.0,0.0,0.0,0.0,0.0,0.0,0.0
2018-09-17 20:00:00,0.0,0.0,0.0,0.0,0.0,0.0,0.0
2018-09-18 00:00:00,0.0,0.0,0.0,0.0,0.0,0.0,0.0
2018-09-18 04:00:00,0.0,0.0,0.0,0.0,0.0,0.0,0.0
2018-09-18 08:00:00,0.0,0.0,0.0,0.0,0.0,0.0,0.0
2018-09-18 12:00:00,0.0,0.0,0.0,0.0,0.0,0.0,0.1984178825924673
2018-09-18 16:00:00,0.0,0.0,0.0,0.0,0.0,0.0,0.0
2018-09-18 20:00:00,0.0,0.0,0.0,0.0,0.0,0.0,0.0
2018-09-19 00:00:00,0.0,0.0,0.0,0.0,0.0,0.0,0.0
2018-09-19 04:00:00,0.0,0.0,0.0,0.0,0.0,0.0,0.0
2018-09-19 08:00:00,0.0,0.0,0.0,0.0,0.0,0.0,0.0
2018-09-19 12:00:00,0.0,0.0,0.0,0.0,0.0,0.0,0.0
2018-09-19 16:00:00,0.0,0.0,0.0,0.0,0.0,0.0,0.0
2018-09-19 20:00:00,0.0,0.0,0.0,0.0,0.0,0.0,0.0
2018-09-20 00:00:00,0.0,0.0,0.0,0.0,0.0,0.0,0.0
2018-09-20 04:00:00,0.0,0.0,0.0,0.0,0.0,0.0,0.0
2018-09-20 08:00:00,0.0,0.0,0.0,0.0,0.0,0.0,0.0
2018-09-20 12:00:00,0.0,0.0,0.0,0.0,0.0,0.0,0.14759934453093002
2018-09-20 16:00:00,0.0,0.0,0.0,0.0,0.0,0.0,0.14759934453093002
2018-09-20 20:00:00,0.0,0.0,0.0,0.0,0.0,0.0,0.0
2018-09-21 00:00:00,0.13365829477858554,0.0,0.0,0.0,0.0,0.0,0.13064478516877512
2018-09-21 04:00:00,0.13365829477858554,0.0,0.0,0.0,0.0,0.0,0.0
2018-09-21 08:00:00,0.13365829477858554,0.0,0.0,0.34981267298807567,0.0,0.0,0.0
2018-09-21 12:00:00,0.13365829477858554,0.0,0.21925156456213546,0.34981267298807567,0.14442942245130783,0.0,0.11989296054748048
2018-09-21 16:00:00,0.13365829477858554,0.0,0.21925156456213546,0.34981267298807567,0.14442942245130783,0.0,0.11989296054748048
2018-09-21 20:00:00,0.13365829477858554,0.0,0.21925156456213546,0.34981267298807567,0.0,0.0,0.11989296054748048
2018-09-22 00:00:00,0.13365829477858554,0.0,0.21925156456213546,0.34981267298807567,0.0,0.0,0.11989296054748048
2018-09-22 04:00:00,0.13365829477858554,0.0,0.21925156456213546,0.34981267298807567,0.0,0.0,0.0
2018-09-22 08:00:00,0.13365829477858554,0.0,0.21925156456213546,0.34981267298807567,0.0,0.0,0.0
2018-09-22 12:00:00,0.0,0.0,0.21925156456213546,0.34981267298807567,0.0,0.0,0.0
2018-09-22 16:00:00,0.0,0.0,0.21925156456213546,0.34981267298807567,0.0,0.0,0.0
2018-09-22 20:00:00,0.0,0.0,0.21925156456213546,0.34981267298807567,0.0,0.0,0.0
2018-09-23 00:00:00,0.0,0.0,0.21925156456213546,0.34981267298807567,0.0,0.0,0.0
2018-09-23 04:00:00,0.0,0.0,0.21925156456213546,0.34981267298807567,0.0,0.0,0.0
2018-09-23 08:00:00,0.0,0.0,0.21925156456213546,0.34981267298807567,0.0,0.0,0.0
2018-09-23 12:00:00,0.1053771584368373,0.0,0.21925156456213546,0.34981267298807567,0.0,0.0,0.0
2018-09-23 16:00:00,0.1053771584368373,0.0,0.21925156456213546,0.34981267298807567,0.0,0.0,0.0
2018-09-23 20:00:00,0.1053771584368373,0.0,0.21925156456213546,0.34981267298807567,0.0,0.0,0.0
2018-09-24 00:00:00,0.1053771584368373,0.0,0.21925156456213546,0.34981267298807567,0.0,0.0,0.0
2018-09-24 04:00:00,0.1053771584368373,0.0,0.21925156456213546,0.34981267298807567,0.0,0.0,0.0
2018-09-24 08:00:00,0.1053771584368373,0.0,0.21925156456213546,0.34981267298807567,0.0,0.0,0.0
2018-09-24 12:00:00,0.0,0.0,0.0,0.34981267298807567,0.0,0.0,0.0
2018-09-24 16:00:00,0.0,0.0,0.0,0.34981267298807567,0.0,0.0,0.0
2018-09-24 20:00:00,0.0,0.0,0.0,0.34981267298807567,0.0,0.0,0.0
2018-09-25 00:00:00,0.0,0.0,0.0,0.0,0.0,0.0,0.0
2018-09-25 04:00:00,0.0,0.0,0.0,0.0,0.0,0.0,0.0
2018-09-25 08:00:00,0.0,0.0,0.0,0.0,0.0,0.0,0.0
2018-09-25 12:00:00,0.0,0.0,0.0,0.0,0.0,0.0,0.0
2018-09-25 16:00:00,0.0,0.0,0.0,0.0,0.0,0.0,0.0
2018-09-25 20:00:00,0.0,0.0,0.0,0.0,0.0,0.0,0.0
2018-09-26 00:00:00,0.0,0.0,0.0,0.0,0.0,0.0,0.0
2018-09-26 04:00:00,0.0,0.0,0.0,0.0,0.0,0.0,0.0
2018-09-26 08:00:00,0.0,0.0,0.0,0.0,0.0,0.0,0.0
2018-09-26 12:00:00,0.0,0.0,0.0,0.0,0.0,0.0,0.0
2018-09-26 16:00:00,0.0,0.0,0.0,0.0,0.0,0.0,0.0
2018-09-26 20:00:00,0.0,0.0,0.0,0.0,0.0,0.0,0.0
2018-09-27 00:00:00,0.0,0.0,0.0,0.0,0.0,0.0,0.0
2018-09-27 04:00:00,0.0,0.0,0.0,0.0,0.0,0.0,0.0
2018-09-27 08:00:00,0.0,0.0,0.0,0.0,0.0,0.0,0.0
2018-09-27 12:00:00,0.0,0.0,0.0,0.0,0.0,0.0,0.0
2018-09-27 16:00:00,0.0,0.0,0.0,0.0,0.0,0.0,0.0
2018-09-27 20:00:00,0.0,0.0,0.0,0.0,0.0,0.0,0.0
2018-09-28 00:00:00,0.0,0.0,0.0,0.0,0.0,0.0,0.0
2018-09-28 04:00:00,0.0,0.0,0.0,0.0,0.0,0.0,0.0
2018-09-28 08:00:00,0.0,0.0,0.0,0.0,0.0,0.0,0.0
2018-09-28 12:00:00,0.0,0.0,0.0,0.0,0.0,0.0,0.0
2018-09-28 16:00:00,0.0,0.0,0.0,0.0,0.0,0.0,0.0
2018-09-28 20:00:00,0.0,0.0,0.0,0.0,0.0,0.0,0.0
2018-09-29 00:00:00,0.0,0.0,0.0,0.0,0.0,0.0,0.0
2018-09-29 04:00:00,0.0,0.0,0.0,0.0,0.0,0.0,0.0
2018-09-29 08:00:00,0.0,0.0,0.0,0.0,0.0,0.0,0.0
2018-09-29 12:00:00,0.0,0.0,0.0,0.0,0.0,0.0,0.0
2018-09-29 16:00:00,0.0,0.0,0.0,0.0,0.0,0.0,0.0
2018-09-29 20:00:00,0.0,0.0,0.0,0.0,0.0,0.0,0.0
2018-09-30 00:00:00,0.0,0.0,0.0,0.0,0.0,0.0,0.0
2018-09-30 04:00:00,0.0,0.0,0.0,0.0,0.0,0.0,0.0
2018-09-30 08:00:00,0.0,0.0,0.0,0.0,0.0,0.0,0.0
2018-09-30 12:00:00,0.0,0.0,0.0,0.0,0.0,0.0,0.0
2018-09-30 16:00:00,0.0,0.0,0.0,0.0,0.0,0.0,0.0
2018-09-30 20:00:00,0.0,0.0,0.0,0.0,0.0,0.0,0.0
2018-10-01 00:00:00,0.0,0.0,0.0,0.0,0.0,0.0,0.0
2018-10-01 04:00:00,0.0,0.0,0.0,0.0,0.0,0.0,0.0
2018-10-01 08:00:00,0.0,0.0,0.0,0.0,0.0,0.0,0.0
2018-10-01 12:00:00,0.0,0.0,0.0,0.0,0.0,0.0,0.0
2018-10-01 16:00:00,0.0,0.0,0.0,0.0,0.0,0.0,0.0
2018-10-01 20:00:00,0.0,0.0,0.0,0.0,0.0,0.0,0.0
2018-10-02 00:00:00,0.0,0.0,0.0,0.0,0.0,0.0,0.0
2018-10-02 04:00:00,0.0,0.0,0.0,0.0,0.0,0.0,0.0
2018-10-02 08:00:00,0.0,0.0,0.0,0.0,0.0,0.0,0.0
2018-10-02 12:00:00,0.0,0.0,0.0,0.0,0.0,0.0,0.0
2018-10-02 16:00:00,0.0,0.0,0.0,0.0,0.0,0.0,0.0
2018-10-02 20:00:00,0.0,0.0,0.0,0.0,0.0,0.0,0.0
2018-10-03 00:00:00,0.0,0.0,0.0,0.0,0.0,0.0,0.0
2018-10-03 04:00:00,0.0,0.0,0.0,0.0,0.0,0.0,0.0
2018-10-03 08:00:00,0.0,0.0,0.0,0.0,0.0,0.0,0.0
2018-10-03 12:00:00,0.0,0.0,0.0,0.0,0.0,0.0,0.0
2018-10-03 16:00:00,0.0,0.0,0.0,0.0,0.0,0.0,0.0
2018-10-03 20:00:00,0.0,0.0,0.0,0.0,0.0,0.0,0.0
2018-10-04 00:00:00,0.0,0.0,0.0,0.0,0.0,0.0,0.0
2018-10-04 04:00:00,0.0,0.0,0.0,0.0,0.0,0.0,0.0
2018-10-04 08:00:00,0.0,0.0,0.0,0.0,0.0,0.0,0.0
2018-10-04 12:00:00,0.0,0.0,0.0,0.0,0.0,0.0,0.0
2018-10-04 16:00:00,0.0,0.0,0.0,0.0,0.0,0.0,0.0
2018-10-04 20:00:00,0.0,0.0,0.0,0.0,0.0,0.0,0.0
2018-10-05 00:00:00,0.0,0.0,0.0,0.0,0.0,0.0,0.0
2018-10-05 04:00:00,0.0,0.0,0.0,0.0,0.0,0.0,0.0
2018-10-05 08:00:00,0.0,0.0,0.0,0.0,0.0,0.0,0.0
2018-10-05 12:00:00,0.0,0.0,0.0,0.0,0.0,0.0,0.0
2018-10-05 16:00:00,0.0,0.0,0.0,0.0,0.0,0.0,0.0
2018-10-05 20:00:00,0.0,0.0,0.0,0.0,0.0,0.0,0.0
2018-10-06 00:00:00,0.0,0.0,0.0,0.0,0.0,0.0,0.0
2018-10-06 04:00:00,0.0,0.0,0.0,0.0,0.0,0.0,0.0
2018-10-06 08:00:00,0.0,0.0,0.0,0.0,0.0,0.0,0.0
2018-10-06 12:00:00,0.0,0.0,0.0,0.0,0.0,0.0,0.0
2018-10-06 16:00:00,0.0,0.0,0.0,0.0,0.0,0.0,0.0
2018-10-06 20:00:00,0.0,0.0,0.0,0.0,0.0,0.0,0.0
2018-10-07 00:00:00,0.0,0.0,0.0,0.0,0.0,0.0,0.0
2018-10-07 04:00:00,0.0,0.0,0.0,0.0,0.0,0.0,0.0
2018-10-07 08:00:00,0.0,0.0,0.0,0.0,0.0,0.0,0.0
2018-10-07 12:00:00,0.0,0.0,0.0,0.0,0.0,0.0,0.0
2018-10-07 16:00:00,0.0,0.0,0.0,0.0,0.0,0.0,0.0
2018-10-07 20:00:00,0.0,0.0,0.0,0.0,0.0,0.0,0.0
2018-10-08 00:00:00,0.0,0.0,0.0,0.0,0.0,0.0,0.0
2018-10-08 04:00:00,0.0,0.0,0.0,0.0,0.0,0.0,0.0
2018-10-08 08:00:00,0.0,0.0,0.0,0.0,0.0,0.0,0.0
2018-10-08 12:00:00,0.0,0.0,0.0,0.0,0.0,0.0,0.0
2018-10-08 16:00:00,0.2800297745640146,0.0,0.0,0.0,0.0,0.0,0.0
2018-10-08 20:00:00,0.2800297745640146,0.0,0.0,0.0,0.0,0.0,0.0
2018-10-09 00:00:00,0.2800297745640146,0.0,0.0,0.0,0.0,0.0,0.0
2018-10-09 04:00:00,0.2800297745640146,0.0,0.0,0.0,0.0,0.0,0.0
2018-10-09 08:00:00,0.2800297745640146,0.0,0.0,0.0,0.0,0.0,0.0
2018-10-09 12:00:00,0.2800297745640146,0.0,0.0,0.0,0.0,0.0,0.0
2018-10-09 16:00:00,0.2800297745640146,0.0,0.0,0.0,0.0,0.0,0.0
2018-10-09 20:00:00,0.2800297745640146,0.0,0.0,0.0,0.0,0.0,0.0
2018-10-10 00:00:00,0.2800297745640146,0.0,0.0,0.0,0.0,0.0,0.0
2018-10-10 04:00:00,0.2800297745640146,0.0,0.0,0.0,0.0,0.0,0.0
2018-10-10 08:00:00,0.0,0.0,0.0,0.0,0.0,0.0,0.0
2018-10-10 12:00:00,0.0,0.0,0.0,0.0,0.0,0.0,0.0
2018-10-10 16:00:00,0.0,0.0,0.0,0.0,0.0,0.0,0.0
2018-10-10 20:00:00,0.0,0.0,0.0,0.0,0.0,0.0,0.0
2018-10-11 00:00:00,0.0,0.0,0.0,0.0,0.0,0.0,0.0
2018-10-11 04:00:00,0.0,0.0,0.0,0.0,0.0,0.0,0.0
2018-10-11 08:00:00,0.0,0.0,0.0,0.0,0.0,0.0,0.0
2018-10-11 12:00:00,0.0,0.0,0.0,0.0,0.0,0.0,0.0
2018-10-11 16:00:00,0.0,0.0,0.0,0.0,0.0,0.0,0.0
2018-10-11 20:00:00,0.0,0.0,0.0,0.0,0.0,0.0,0.0
2018-10-12 00:00:00,0.0,0.0,0.0,0.0,0.0,0.0,0.0
2018-10-12 04:00:00,0.0,0.0,0.0,0.0,0.0,0.0,0.0
2018-10-12 08:00:00,0.0,0.0,0.0,0.0,0.0,0.0,0.0
2018-10-12 12:00:00,0.0,0.0,0.0,0.0,0.0,0.0,0.0
2018-10-12 16:00:00,0.0,0.0,0.0,0.0,0.0,0.0,0.0
2018-10-12 20:00:00,0.0,0.0,0.0,0.0,0.0,0.0,0.0
2018-10-13 00:00:00,0.0,0.0,0.0,0.0,0.0,0.0,0.0
2018-10-13 04:00:00,0.0,0.0,0.0,0.0,0.0,0.0,0.0
2018-10-13 08:00:00,0.0,0.0,0.0,0.0,0.0,0.0,0.0
2018-10-13 12:00:00,0.0,0.0,0.0,0.0,0.0,0.0,0.0
2018-10-13 16:00:00,0.0,0.0,0.0,0.0,0.0,0.0,0.0
2018-10-13 20:00:00,0.0,0.0,0.0,0.0,0.0,0.0,0.0
2018-10-14 00:00:00,0.0,0.0,0.0,0.0,0.0,0.0,0.0
2018-10-14 04:00:00,0.0,0.0,0.0,0.0,0.0,0.0,0.0
2018-10-14 08:00:00,0.0,0.0,0.0,0.0,0.0,0.0,0.0
2018-10-14 12:00:00,0.0,0.0,0.0,0.0,0.0,0.0,0.0
2018-10-14 16:00:00,0.0,0.0,0.0,0.0,0.0,0.0,0.0
2018-10-14 20:00:00,0.0,0.0,0.0,0.0,0.0,0.0,0.0
2018-10-15 00:00:00,0.0,0.0,0.0,0.0,0.0,0.0,0.0
2018-10-15 04:00:00,0.0,0.0,0.0,0.0,0.0,0.0,0.0
2018-10-15 08:00:00,0.0,0.0,0.0,0.31447494682541566,0.0,0.0,0.0
2018-10-15 12:00:00,0.0,0.0,0.0,0.0,0.0,0.0,0.0
2018-10-15 16:00:00,0.0,0.0,0.0,0.0,0.0,0.0,0.0
2018-10-15 20:00:00,0.0,0.0,0.0,0.0,0.0,0.0,0.0
2018-10-16 00:00:00,0.0,0.0,0.0,0.0,0.0,0.0,0.0
2018-10-16 04:00:00,0.0,0.0,0.0,0.0,0.0,0.0,0.0
2018-10-16 08:00:00,0.0,0.0,0.0,0.0,0.0,0.0,0.0
2018-10-16 12:00:00,0.0,0.0,0.0,0.0,0.0,0.0,0.0
2018-10-16 16:00:00,0.0,0.0,0.0,0.0,0.0,0.0,0.0
2018-10-16 20:00:00,0.0,0.0,0.0,0.0,0.0,0.0,0.0
2018-10-17 00:00:00,0.0,0.0,0.0,0.0,0.0,0.0,0.0
2018-10-17 04:00:00,0.0,0.0,0.0,0.0,0.0,0.0,0.0
2018-10-17 08:00:00,0.0,0.0,0.0,0.0,0.0,0.0,0.0
2018-10-17 12:00:00,0.0,0.0,0.0,0.0,0.0,0.0,0.0
2018-10-17 16:00:00,0.0,0.0,0.0,0.0,0.0,0.0,0.0
2018-10-17 20:00:00,0.0,0.0,0.0,0.0,0.0,0.0,0.0
2018-10-18 00:00:00,0.0,0.0,0.0,0.0,0.0,0.0,0.0
2018-10-18 04:00:00,0.0,0.0,0.0,0.0,0.0,0.0,0.0
2018-10-18 08:00:00,0.0,0.0,0.0,0.0,0.0,0.0,0.0
2018-10-18 12:00:00,0.0,0.0,0.0,0.0,0.0,0.0,0.0
2018-10-18 16:00:00,0.0,0.0,0.0,0.0,0.0,0.0,0.0
2018-10-18 20:00:00,0.0,0.0,0.0,0.0,0.0,0.0,0.0
2018-10-19 00:00:00,0.0,0.0,0.0,0.0,0.0,0.0,0.0
2018-10-19 04:00:00,0.0,0.0,0.0,0.0,0.0,0.0,0.0
2018-10-19 08:00:00,0.0,0.0,0.0,0.0,0.0,0.0,0.0
2018-10-19 12:00:00,0.0,0.0,0.0,0.0,0.0,0.0,0.0
2018-10-19 16:00:00,0.0,0.0,0.0,0.0,0.0,0.0,0.0
2018-10-19 20:00:00,0.0,0.0,0.0,0.0,0.0,0.0,0.0
2018-10-20 00:00:00,0.0,0.0,0.0,0.0,0.0,0.0,0.0
2018-10-20 04:00:00,0.0,0.0,0.0,0.0,0.0,0.0,0.0
2018-10-20 08:00:00,0.0,0.0,0.0,0.0,0.0,0.0,0.0
2018-10-20 12:00:00,0.0,0.0,0.0,0.0,0.0,0.0,0.0
2018-10-20 16:00:00,0.0,0.0,0.0,0.0,0.0,0.0,0.0
2018-10-20 20:00:00,0.0,0.0,0.0,0.0,0.0,0.0,0.0
2018-10-21 00:00:00,0.0,0.0,0.0,0.0,0.0,0.0,0.0
2018-10-21 04:00:00,0.0,0.0,0.0,0.0,0.0,0.0,0.0
2018-10-21 08:00:00,0.0,0.0,0.0,0.0,0.0,0.0,0.0
2018-10-21 12:00:00,0.0,0.0,0.0,0.0,0.0,0.0,0.0
2018-10-21 16:00:00,0.0,0.0,0.0,0.0,0.0,0.0,0.0
2018-10-21 20:00:00,0.0,0.0,0.0,0.0,0.0,0.0,0.0
2018-10-22 00:00:00,0.0,0.0,0.0,0.0,0.0,0.0,0.0
2018-10-22 04:00:00,0.0,0.0,0.0,0.0,0.0,0.0,0.0
2018-10-22 08:00:00,0.0,0.0,0.0,0.0,0.0,0.0,0.0
2018-10-22 12:00:00,0.0,0.0,0.0,0.0,0.0,0.0,0.0
2018-10-22 16:00:00,0.0,0.0,0.0,0.0,0.0,0.0,0.0
2018-10-22 20:00:00,0.0,0.0,0.0,0.0,0.0,0.0,0.0
2018-10-23 00:00:00,0.0,0.0,0.0,0.0,0.0,0.0,0.0
2018-10-23 04:00:00,0.0,0.0,0.0,0.0,0.0,0.0,0.0
2018-10-23 08:00:00,0.0,0.0,0.0,0.0,0.0,0.0,0.0
2018-10-23 12:00:00,0.0,0.0,0.0,0.0,0.0,0.0,0.0
2018-10-23 16:00:00,0.0,0.0,0.0,0.0,0.0,0.0,0.0
2018-10-23 20:00:00,0.0,0.0,0.0,0.0,0.0,0.0,0.0
2018-10-24 00:00:00,0.0,0.0,0.0,0.0,0.0,0.0,0.0
2018-10-24 04:00:00,0.0,0.0,0.0,0.0,0.0,0.0,0.0
2018-10-24 08:00:00,0.0,0.0,0.0,0.0,0.0,0.0,0.0
2018-10-24 12:00:00,0.0,0.0,0.0,0.0,0.0,0.0,0.0
2018-10-24 16:00:00,0.0,0.0,0.0,0.0,0.0,0.0,0.0
2018-10-24 20:00:00,0.0,0.0,0.0,0.0,0.0,0.0,0.0
2018-10-25 00:00:00,0.0,0.0,0.0,0.0,0.0,0.0,0.0
2018-10-25 04:00:00,0.0,0.0,0.0,0.0,0.0,0.0,0.0
2018-10-25 08:00:00,0.0,0.0,0.0,0.0,0.0,0.0,0.0
2018-10-25 12:00:00,0.0,0.0,0.0,0.0,0.0,0.0,0.0
2018-10-25 16:00:00,0.0,0.0,0.0,0.0,0.0,0.0,0.0
2018-10-25 20:00:00,0.0,0.0,0.0,0.0,0.0,0.0,0.0
2018-10-26 00:00:00,0.0,0.0,0.0,0.0,0.0,0.0,0.0
2018-10-26 04:00:00,0.0,0.0,0.0,0.0,0.0,0.0,0.0
2018-10-26 08:00:00,0.0,0.0,0.0,0.0,0.0,0.0,0.0
2018-10-26 12:00:00,0.0,0.0,0.0,0.0,0.0,0.0,0.0
2018-10-26 16:00:00,0.0,0.0,0.0,0.0,0.0,0.0,0.0
2018-10-26 20:00:00,0.0,0.0,0.0,0.0,0.0,0.0,0.0
2018-10-27 00:00:00,0.0,0.0,0.0,0.0,0.0,0.0,0.0
2018-10-27 04:00:00,0.0,0.0,0.0,0.0,0.0,0.0,0.0
2018-10-27 08:00:00,0.0,0.0,0.0,0.0,0.0,0.0,0.0
2018-10-27 12:00:00,0.0,0.0,0.0,0.0,0.0,0.0,0.0
2018-10-27 16:00:00,0.0,0.0,0.0,0.0,0.0,0.0,0.0
2018-10-27 20:00:00,0.0,0.0,0.0,0.0,0.0,0.0,0.0
2018-10-28 00:00:00,0.0,0.0,0.0,0.0,0.0,0.0,0.0
2018-10-28 04:00:00,0.0,0.0,0.0,0.0,0.0,0.0,0.0
2018-10-28 08:00:00,0.0,0.0,0.0,0.0,0.0,0.0,0.0
2018-10-28 12:00:00,0.0,0.0,0.0,0.0,0.0,0.0,0.0
2018-10-28 16:00:00,0.0,0.0,0.0,0.0,0.0,0.0,0.0
2018-10-28 20:00:00,0.0,0.0,0.0,0.0,0.0,0.0,0.0
2018-10-29 00:00:00,0.0,0.0,0.0,0.0,0.0,0.0,0.0
2018-10-29 04:00:00,0.0,0.0,0.0,0.0,0.0,0.0,0.0
2018-10-29 08:00:00,0.0,0.0,0.0,0.0,0.0,0.0,0.0
2018-10-29 12:00:00,0.0,0.0,0.0,0.0,0.0,0.0,0.0
2018-10-29 16:00:00,0.0,0.0,0.0,0.0,0.0,0.0,0.0
2018-10-29 20:00:00,0.0,0.0,0.0,0.0,0.0,0.0,0.0
2018-10-30 00:00:00,0.0,0.0,0.0,0.0,0.0,0.0,0.0
2018-10-30 04:00:00,0.0,0.0,0.0,0.0,0.0,0.0,0.0
2018-10-30 08:00:00,0.0,0.0,0.0,0.0,0.0,0.0,0.0
2018-10-30 12:00:00,0.0,0.0,0.0,0.0,0.0,0.0,0.0
2018-10-30 16:00:00,0.0,0.0,0.0,0.0,0.0,0.0,0.0
2018-10-30 20:00:00,0.0,0.0,0.0,0.0,0.0,0.0,0.0
2018-10-31 00:00:00,0.0,0.0,0.0,0.0,0.0,0.0,0.0
2018-10-31 04:00:00,0.0,0.0,0.0,0.0,0.0,0.0,0.0
2018-10-31 08:00:00,0.0,0.0,0.0,0.0,0.0,0.0,0.0
2018-10-31 12:00:00,0.0,0.0,0.0,0.0,0.0,0.0,0.0
2018-10-31 16:00:00,0.0,0.0,0.0,0.0,0.0,0.0,0.0
2018-10-31 20:00:00,0.0,0.0,0.0,0.0,0.0,0.0,0.0
2018-11-01 00:00:00,0.0,0.0,0.0,0.0,0.0,0.0,0.0
2018-11-01 04:00:00,0.0,0.0,0.0,0.0,0.0,0.0,0.0
2018-11-01 08:00:00,0.0,0.0,0.0,0.0,0.0,0.0,0.0
2018-11-01 12:00:00,0.0,0.0,0.0,0.0,0.0,0.0,0.0
2018-11-01 16:00:00,0.0,0.0,0.0,0.0,0.0,0.0,0.0
2018-11-01 20:00:00,0.0,0.0,0.0,0.0,0.0,0.0,0.0
2018-11-02 00:00:00,0.0,0.0,0.0,0.0,0.0,0.0,0.0
2018-11-02 04:00:00,0.0,0.0,0.0,0.0,0.0,0.0,0.0
2018-11-02 08:00:00,0.0,0.0,0.0,0.0,0.0,0.0,0.0
2018-11-02 12:00:00,0.0,0.0,0.0,0.0,0.0,0.0,0.0
2018-11-02 16:00:00,0.0,0.0,0.0,0.0,0.0,0.0,0.0
2018-11-02 20:00:00,0.0,0.0,0.0,0.0,0.0,0.0,0.0
2018-11-03 00:00:00,0.0,0.0,0.0,0.0,0.0,0.0,0.0
2018-11-03 04:00:00,0.0,0.0,0.0,0.0,0.0,0.0,0.0
2018-11-03 08:00:00,0.0,0.0,0.0,0.0,0.0,0.0,0.0
2018-11-03 12:00:00,0.0,0.0,0.0,0.0,0.0,0.0,0.0
2018-11-03 16:00:00,0.0,0.0,0.0,0.0,0.0,0.0,0.0
2018-11-03 20:00:00,0.0,0.0,0.0,0.0,0.0,0.0,0.0
2018-11-04 00:00:00,0.0,0.0,0.0,0.0,0.0,0.0,0.0
2018-11-04 04:00:00,0.0,0.0,0.0,0.0,0.0,0.0,0.0
2018-11-04 08:00:00,0.0,0.0,0.0,0.0,0.0,0.0,0.0
2018-11-04 12:00:00,0.0,0.0,0.0,0.0,0.0,0.0,0.0
2018-11-04 16:00:00,0.3315789473684213,0.0,0.0,0.0,0.0,0.0,0.0
2018-11-04 20:00:00,0.3315789473684213,0.0,0.0,0.0,0.4376485047111835,0.0,0.0
2018-11-05 00:00:00,0.3315789473684213,0.0,0.0,0.0,0.4376485047111835,0.0,0.0
2018-11-05 04:00:00,0.3315789473684213,0.0,0.0,0.0,0.0,0.0,0.0
2018-11-05 08:00:00,0.3315789473684213,0.0,0.0,0.0,0.0,0.0,0.0
2018-11-05 12:00:00,0.3315789473684213,0.0,0.0,0.0,0.0,0.0,0.0
2018-11-05 16:00:00,0.3315789473684213,0.0,0.0,0.0,0.0,0.0,0.3391501650165016
2018-11-05 20:00:00,0.3315789473684213,0.0,0.0,0.0,0.0,0.0,0.3391501650165016
2018-11-06 00:00:00,0.3315789473684213,0.0,0.0,0.0,0.0,0.0,0.0
2018-11-06 04:00:00,0.3315789473684213,0.0,0.0,0.0,0.0,0.0,0.29704136234035056
2018-11-06 08:00:00,0.3315789473684213,0.0,0.0,0.0,0.0,0.0,0.0
2018-11-06 12:00:00,0.3315789473684213,0.0,0.0,0.0,0.0,0.0,0.25321690886738285
2018-11-06 16:00:00,0.3315789473684213,0.0,0.0,0.0,0.0,0.0,0.0
2018-11-06 20:00:00,0.3315789473684213,0.0,0.0,0.0,0.0,0.0,0.0
2018-11-07 00:00:00,0.3315789473684213,0.0,0.0,0.0,0.3369390454869238,0.0,0.0
2018-11-07 04:00:00,0.16977444389646368,0.0,0.23970670416347847,0.4179999404453901,0.17251891149466775,0.0,0.0
2018-11-07 08:00:00,0.16977444389646368,0.0,0.23970670416347847,0.4179999404453901,0.17251891149466775,0.0,0.0
2018-11-07 12:00:00,0.16977444389646368,0.0,0.23970670416347847,0.4179999404453901,0.17251891149466775,0.0,0.0
2018-11-07 16:00:00,0.0,0.0,0.28872479581149507,0.5034775638648997,0.2077976403236052,0.0,0.0
2018-11-07 20:00:00,0.0,0.0,0.28872479581149507,0.5034775638648997,0.2077976403236052,0.0,0.0
2018-11-08 00:00:00,0.0,0.0,0.28872479581149507,0.5034775638648997,0.2077976403236052,0.0,0.0
2018-11-08 04:00:00,0.0,0.0,0.36445838905281186,0.6355416109471882,0.0,0.0,0.0
2018-11-08 08:00:00,0.0,0.0,0.36445838905281186,0.6355416109471882,0.0,0.0,0.0
2018-11-08 12:00:00,0.0,0.0,0.36445838905281186,0.6355416109471882,0.0,0.0,0.0
2018-11-08 16:00:00,0.0,0.0,0.36445838905281186,0.6355416109471882,0.0,0.0,0.0
2018-11-08 20:00:00,0.0,0.0,0.0,0.0,0.0,0.0,0.0
2018-11-09 00:00:00,0.0,0.0,0.0,0.0,0.0,0.0,0.0
2018-11-09 04:00:00,0.0,0.0,0.0,0.0,0.0,0.0,0.0
2018-11-09 08:00:00,0.0,0.0,0.0,0.0,0.0,0.0,0.0
2018-11-09 12:00:00,0.0,0.0,0.0,0.0,0.0,0.0,0.0
2018-11-09 16:00:00,0.0,0.0,0.0,0.0,0.0,0.0,0.0
2018-11-09 20:00:00,0.0,0.0,0.0,0.0,0.0,0.0,0.0
2018-11-10 00:00:00,0.0,0.0,0.0,0.0,0.0,0.0,0.0
2018-11-10 04:00:00,0.0,0.0,0.0,0.0,0.0,0.0,0.0
2018-11-10 08:00:00,0.0,0.0,0.0,0.0,0.0,0.0,0.0
2018-11-10 12:00:00,0.0,0.0,0.0,0.0,0.0,0.0,0.0
2018-11-10 16:00:00,0.0,0.0,0.0,0.0,0.0,0.0,0.0
2018-11-10 20:00:00,0.0,0.0,0.0,0.0,0.0,0.0,0.0
2018-11-11 00:00:00,0.0,0.0,0.0,0.0,0.0,0.0,0.0
2018-11-11 04:00:00,0.0,0.0,0.0,0.0,0.0,0.0,0.0
2018-11-11 08:00:00,0.0,0.0,0.0,0.0,0.0,0.0,0.0
2018-11-11 12:00:00,0.0,0.0,0.0,0.0,0.0,0.0,0.0
2018-11-11 16:00:00,0.0,0.0,0.0,0.0,0.0,0.0,0.0
2018-11-11 20:00:00,0.0,0.0,0.0,0.0,0.0,0.0,0.0
2018-11-12 00:00:00,0.0,0.0,0.0,0.0,0.0,0.0,0.0
2018-11-12 04:00:00,0.0,0.0,0.0,0.0,0.0,0.0,0.0
2018-11-12 08:00:00,0.0,0.0,0.0,0.0,0.0,0.0,0.0
2018-11-12 12:00:00,0.0,0.0,0.0,0.0,0.0,0.0,0.0
2018-11-12 16:00:00,0.0,0.0,0.0,0.0,0.0,0.0,0.0
2018-11-12 20:00:00,0.0,0.0,0.0,0.0,0.0,0.0,0.0
2018-11-13 00:00:00,0.0,0.0,0.0,0.0,0.0,0.0,0.0
2018-11-13 04:00:00,0.0,0.0,0.0,0.0,0.0,0.0,0.0
2018-11-13 08:00:00,0.0,0.0,0.0,0.0,0.0,0.0,0.0
2018-11-13 12:00:00,0.0,0.0,0.0,0.0,0.0,0.0,0.0
2018-11-13 16:00:00,0.0,0.0,0.0,0.0,0.0,0.0,0.0
2018-11-13 20:00:00,0.0,0.0,0.0,0.0,0.0,0.0,0.0
2018-11-14 00:00:00,0.0,0.0,0.0,0.0,0.0,0.0,0.0
2018-11-14 08:00:00,0.0,0.0,0.0,0.0,0.0,0.0,0.0
2018-11-14 12:00:00,0.0,0.0,0.0,0.0,0.0,0.0,0.0
2018-11-14 16:00:00,0.0,0.0,0.0,0.0,0.0,0.0,0.0
2018-11-14 20:00:00,0.0,0.0,0.0,0.0,0.0,0.0,0.0
2018-11-15 00:00:00,0.0,0.0,0.0,0.0,0.0,0.0,0.0
2018-11-15 04:00:00,0.0,0.0,0.0,0.0,0.0,0.0,0.0
2018-11-15 08:00:00,0.0,0.0,0.0,0.0,0.0,0.0,0.0
2018-11-15 12:00:00,0.0,0.0,0.0,0.0,0.0,0.0,0.0
2018-11-15 16:00:00,0.0,0.0,0.0,0.0,0.0,0.0,0.0
2018-11-15 20:00:00,0.0,0.0,0.0,0.0,0.0,0.0,0.0
2018-11-16 00:00:00,0.0,0.0,0.0,0.0,0.0,0.0,0.0
2018-11-16 04:00:00,0.0,0.0,0.0,0.0,0.0,0.0,0.0
2018-11-16 08:00:00,0.0,0.0,0.0,0.0,0.0,0.0,0.0
2018-11-16 12:00:00,0.0,0.0,0.0,0.0,0.0,0.0,0.0
2018-11-16 16:00:00,0.0,0.0,0.0,0.0,0.0,0.0,0.0
2018-11-16 20:00:00,0.0,0.0,0.0,0.0,0.0,0.0,0.0
2018-11-17 00:00:00,0.0,0.0,0.0,0.0,0.0,0.0,0.0
2018-11-17 04:00:00,0.0,0.0,0.0,0.0,0.0,0.0,0.0
2018-11-17 08:00:00,0.0,0.0,0.0,0.0,0.0,0.0,0.0
2018-11-17 12:00:00,0.0,0.0,0.0,0.0,0.0,0.0,0.0
2018-11-17 16:00:00,0.0,0.0,0.0,0.0,0.0,0.0,0.0
2018-11-17 20:00:00,0.0,0.0,0.0,0.0,0.0,0.0,0.0
2018-11-18 00:00:00,0.0,0.0,0.0,0.0,0.0,0.0,0.0
2018-11-18 04:00:00,0.0,0.0,0.0,0.0,0.0,0.0,0.0
2018-11-18 08:00:00,0.0,0.0,0.0,0.0,0.0,0.0,0.0
2018-11-18 12:00:00,0.0,0.0,0.0,0.0,0.0,0.0,0.0
2018-11-18 16:00:00,0.0,0.0,0.0,0.0,0.0,0.0,0.0
2018-11-18 20:00:00,0.0,0.0,0.0,0.0,0.0,0.0,0.0
2018-11-19 00:00:00,0.0,0.0,0.0,0.0,0.0,0.0,0.0
2018-11-19 04:00:00,0.0,0.0,0.0,0.0,0.0,0.0,0.0
2018-11-19 08:00:00,0.0,0.0,0.0,0.0,0.0,0.0,0.0
2018-11-19 12:00:00,0.0,0.0,0.0,0.0,0.0,0.0,0.0
2018-11-19 16:00:00,0.0,0.0,0.0,0.0,0.0,0.0,0.0
2018-11-19 20:00:00,0.0,0.0,0.0,0.0,0.0,0.0,0.0
2018-11-20 00:00:00,0.0,0.0,0.0,0.0,0.0,0.0,0.0
2018-11-20 04:00:00,0.0,0.0,0.0,0.0,0.0,0.0,0.0
2018-11-20 08:00:00,0.0,0.0,0.0,0.0,0.0,0.0,0.0
2018-11-20 12:00:00,0.0,0.0,0.0,0.0,0.0,0.0,0.0
2018-11-20 16:00:00,0.0,0.0,0.0,0.0,0.0,0.0,0.0
2018-11-20 20:00:00,0.0,0.0,0.0,0.0,0.0,0.0,0.0
2018-11-21 00:00:00,0.0,0.0,0.0,0.0,0.0,0.0,0.0
2018-11-21 04:00:00,0.0,0.0,0.0,0.0,0.0,0.0,0.0
2018-11-21 08:00:00,0.0,0.0,0.0,0.0,0.0,0.0,0.0
2018-11-21 12:00:00,0.0,0.0,0.0,0.0,0.0,0.0,0.0
2018-11-21 16:00:00,0.0,0.0,0.0,0.0,0.0,0.0,0.0
2018-11-21 20:00:00,0.0,0.0,0.0,0.0,0.0,0.0,0.0
2018-11-22 00:00:00,0.0,0.0,0.0,0.0,0.0,0.0,0.0
2018-11-22 04:00:00,0.0,0.0,0.0,0.0,0.0,0.0,0.0
2018-11-22 08:00:00,0.0,0.0,0.0,0.0,0.0,0.0,0.0
2018-11-22 12:00:00,0.0,0.0,0.0,0.0,0.0,0.0,0.0
2018-11-22 16:00:00,0.0,0.0,0.0,0.0,0.0,0.0,0.0
2018-11-22 20:00:00,0.0,0.0,0.0,0.0,0.0,0.0,0.0
2018-11-23 00:00:00,0.0,0.0,0.0,0.0,0.0,0.0,0.0
2018-11-23 04:00:00,0.0,0.0,0.0,0.0,0.0,0.0,0.0
2018-11-23 08:00:00,0.0,0.0,0.0,0.0,0.0,0.0,0.0
2018-11-23 12:00:00,0.0,0.0,0.0,0.0,0.0,0.0,0.0
2018-11-23 16:00:00,0.0,0.0,0.0,0.0,0.0,0.0,0.0
2018-11-23 20:00:00,0.0,0.0,0.0,0.0,0.0,0.0,0.0
2018-11-24 00:00:00,0.0,0.0,0.0,0.0,0.0,0.0,0.0
2018-11-24 04:00:00,0.0,0.0,0.0,0.0,0.0,0.0,0.0
2018-11-24 08:00:00,0.0,0.0,0.0,0.0,0.0,0.0,0.0
2018-11-24 12:00:00,0.0,0.0,0.0,0.0,0.0,0.0,0.0
2018-11-24 16:00:00,0.0,0.0,0.0,0.0,0.0,0.0,0.0
2018-11-24 20:00:00,0.0,0.0,0.0,0.0,0.0,0.0,0.0
2018-11-25 00:00:00,0.0,0.0,0.0,0.0,0.0,0.0,0.0
2018-11-25 04:00:00,0.0,0.0,0.0,0.0,0.0,0.0,0.0
2018-11-25 08:00:00,0.0,0.0,0.0,0.0,0.0,0.0,0.0
2018-11-25 12:00:00,0.0,0.0,0.0,0.0,0.0,0.0,0.0
2018-11-25 16:00:00,0.0,0.0,0.0,0.0,0.0,0.0,0.0
2018-11-25 20:00:00,0.0,0.0,0.0,0.0,0.0,0.0,0.0
2018-11-26 00:00:00,0.0,0.0,0.0,0.0,0.0,0.0,0.0
2018-11-26 04:00:00,0.0,0.0,0.0,0.0,0.0,0.0,0.0
2018-11-26 08:00:00,0.0,0.0,0.0,0.0,0.0,0.0,0.0
2018-11-26 12:00:00,0.0,0.0,0.0,0.0,0.0,0.0,0.0
2018-11-26 16:00:00,0.0,0.0,0.0,0.0,0.0,0.0,0.0
2018-11-26 20:00:00,0.0,0.0,0.0,0.0,0.0,0.0,0.0
2018-11-27 00:00:00,0.0,0.0,0.0,0.0,0.0,0.0,0.0
2018-11-27 04:00:00,0.0,0.0,0.0,0.0,0.0,0.0,0.0
2018-11-27 08:00:00,0.0,0.0,0.0,0.0,0.0,0.0,0.0
2018-11-27 12:00:00,0.0,0.0,0.0,0.0,0.0,0.0,0.0
2018-11-27 16:00:00,0.0,0.0,0.0,0.0,0.0,0.0,0.0
2018-11-27 20:00:00,0.0,0.0,0.0,0.0,0.0,0.0,0.0
2018-11-28 00:00:00,0.0,0.0,0.0,0.0,0.0,0.0,0.0
2018-11-28 04:00:00,0.0,0.0,0.0,0.0,0.0,0.0,0.0
2018-11-28 08:00:00,0.0,0.0,0.0,0.0,0.0,0.0,0.0
2018-11-28 12:00:00,0.0,0.0,0.0,0.0,0.0,0.0,0.0
2018-11-28 16:00:00,0.0,0.0,0.0,0.0,0.0,0.0,0.0
2018-11-28 20:00:00,0.0,0.0,0.0,0.0,0.0,0.0,0.0
2018-11-29 00:00:00,0.0,0.0,0.0,0.0,0.0,0.0,0.0
2018-11-29 04:00:00,0.0,0.0,0.0,0.0,0.0,0.0,0.0
2018-11-29 08:00:00,0.0,0.0,0.0,0.0,0.0,0.0,0.0
2018-11-29 12:00:00,0.0,0.0,0.0,0.0,0.0,0.0,0.0
2018-11-29 16:00:00,0.0,0.0,0.0,0.0,0.0,0.0,0.0
2018-11-29 20:00:00,0.0,0.0,0.0,0.0,0.0,0.0,0.0
2018-11-30 00:00:00,0.0,0.0,0.0,0.0,0.0,0.0,0.0
2018-11-30 04:00:00,0.0,0.0,0.0,0.0,0.0,0.0,0.0
2018-11-30 08:00:00,0.0,0.0,0.0,0.0,0.0,0.0,0.0
2018-11-30 12:00:00,0.0,0.0,0.0,0.0,0.0,0.0,0.0
2018-11-30 16:00:00,0.0,0.0,0.0,0.0,0.0,0.0,0.0
2018-11-30 20:00:00,0.0,0.0,0.0,0.0,0.0,0.0,0.0
2018-12-01 00:00:00,0.0,0.0,0.0,0.0,0.0,0.0,0.0
2018-12-01 04:00:00,0.0,0.0,0.0,0.0,0.0,0.0,0.0
2018-12-01 08:00:00,0.0,0.0,0.0,0.0,0.0,0.0,0.0
2018-12-01 12:00:00,0.0,0.0,0.0,0.0,0.0,0.0,0.0
2018-12-01 16:00:00,0.0,0.0,0.0,0.0,0.0,0.0,0.0
2018-12-01 20:00:00,0.0,0.0,0.0,0.0,0.0,0.0,0.0
2018-12-02 00:00:00,0.0,0.0,0.0,0.0,0.0,0.0,0.0
2018-12-02 04:00:00,0.0,0.0,0.0,0.0,0.0,0.0,0.0
2018-12-02 08:00:00,0.0,0.0,0.0,0.0,0.0,0.0,0.0
2018-12-02 12:00:00,0.0,0.0,0.0,0.0,0.0,0.0,0.0
2018-12-02 16:00:00,0.0,0.0,0.0,0.0,0.0,0.0,0.0
2018-12-02 20:00:00,0.0,0.0,0.0,0.0,0.0,0.0,0.0
2018-12-03 00:00:00,0.0,0.0,0.0,0.0,0.0,0.0,0.0
2018-12-03 04:00:00,0.0,0.0,0.0,0.0,0.0,0.0,0.0
2018-12-03 08:00:00,0.0,0.0,0.0,0.0,0.0,0.0,0.0
2018-12-03 12:00:00,0.0,0.0,0.0,0.0,0.0,0.0,0.0
2018-12-03 16:00:00,0.0,0.0,0.0,0.0,0.0,0.0,0.0
2018-12-03 20:00:00,0.0,0.0,0.0,0.0,0.0,0.0,0.0
2018-12-04 00:00:00,0.0,0.0,0.0,0.0,0.0,0.0,0.0
2018-12-04 04:00:00,0.0,0.0,0.0,0.0,0.0,0.0,0.0
2018-12-04 08:00:00,0.0,0.0,0.0,0.0,0.0,0.0,0.0
2018-12-04 12:00:00,0.0,0.0,0.0,0.0,0.0,0.0,0.0
2018-12-04 16:00:00,0.0,0.0,0.0,0.0,0.0,0.0,0.0
2018-12-04 20:00:00,0.0,0.0,0.16489554055747516,0.0,0.0,0.0,0.0
2018-12-05 00:00:00,0.0,0.0,0.0,0.0,0.0,0.0,0.0
2018-12-05 04:00:00,0.0,0.0,0.0,0.0,0.0,0.0,0.0
2018-12-05 08:00:00,0.0,0.0,0.0,0.0,0.0,0.0,0.0
2018-12-05 12:00:00,0.0,0.0,0.14367048156956022,0.0,0.0,0.0,0.0
2018-12-05 16:00:00,0.0,0.0,0.14367048156956022,0.0,0.0,0.0,0.0
2018-12-05 20:00:00,0.0,0.0,0.0,0.0,0.0,0.0,0.0
2018-12-06 00:00:00,0.0,0.0,0.0,0.0,0.0,0.0,0.0
2018-12-06 04:00:00,0.0,0.0,0.0,0.0,0.0,0.0,0.0
2018-12-06 08:00:00,0.0,0.0,0.0,0.0,0.0,0.0,0.0
2018-12-06 12:00:00,0.0,0.0,0.0,0.0,0.0,0.0,0.0
2018-12-06 16:00:00,0.0,0.0,0.0,0.0,0.0,0.0,0.0
2018-12-06 20:00:00,0.0,0.0,0.0,0.0,0.0,0.0,0.0
2018-12-07 00:00:00,0.0,0.0,0.0,0.0,0.0,0.0,0.0
2018-12-07 04:00:00,0.0,0.0,0.0,0.0,0.0,0.0,0.0
2018-12-07 08:00:00,0.0,0.0,0.0,0.0,0.0,0.0,0.0
2018-12-07 12:00:00,0.0,0.0,0.0,0.0,0.0,0.0,0.0
2018-12-07 16:00:00,0.0,0.0,0.0,0.0,0.0,0.0,0.0
2018-12-07 20:00:00,0.0,0.0,0.0,0.0,0.0,0.0,0.0
2018-12-08 00:00:00,0.0,0.0,0.0,0.0,0.0,0.0,0.0
2018-12-08 04:00:00,0.0,0.0,0.0,0.0,0.0,0.0,0.0
2018-12-08 08:00:00,0.0,0.0,0.0,0.0,0.0,0.0,0.0
2018-12-08 12:00:00,0.0,0.0,0.0,0.0,0.0,0.0,0.0
2018-12-08 16:00:00,0.0,0.0,0.0,0.0,0.0,0.0,0.0
2018-12-08 20:00:00,0.0,0.0,0.0,0.0,0.0,0.0,0.0
2018-12-09 00:00:00,0.0,0.0,0.0,0.0,0.0,0.0,0.0
2018-12-09 04:00:00,0.0,0.0,0.0,0.0,0.0,0.0,0.0
2018-12-09 08:00:00,0.0,0.0,0.0,0.0,0.0,0.0,0.0
2018-12-09 12:00:00,0.0,0.0,0.0,0.0,0.0,0.0,0.0
2018-12-09 16:00:00,0.0,0.0,0.0,0.0,0.0,0.0,0.0
2018-12-09 20:00:00,0.0,0.0,0.0,0.0,0.0,0.0,0.0
2018-12-10 00:00:00,0.0,0.0,0.0,0.0,0.0,0.0,0.0
2018-12-10 04:00:00,0.0,0.0,0.0,0.0,0.0,0.0,0.0
2018-12-10 08:00:00,0.0,0.0,0.0,0.0,0.0,0.0,0.0
2018-12-10 12:00:00,0.0,0.0,0.0,0.0,0.0,0.0,0.0
2018-12-10 16:00:00,0.0,0.0,0.0,0.0,0.0,0.0,0.0
2018-12-10 20:00:00,0.0,0.0,0.0,0.0,0.0,0.0,0.0
2018-12-11 00:00:00,0.0,0.0,0.0,0.0,0.0,0.0,0.0
2018-12-11 04:00:00,0.0,0.0,0.0,0.0,0.0,0.0,0.0
2018-12-11 08:00:00,0.0,0.0,0.0,0.0,0.0,0.0,0.0
2018-12-11 12:00:00,0.0,0.0,0.0,0.0,0.0,0.0,0.0
2018-12-11 16:00:00,0.0,0.0,0.0,0.0,0.0,0.0,0.0
2018-12-11 20:00:00,0.0,0.0,0.0,0.0,0.0,0.0,0.0
2018-12-12 00:00:00,0.0,0.0,0.0,0.0,0.0,0.0,0.0
2018-12-12 04:00:00,0.0,0.0,0.0,0.0,0.0,0.0,0.0
2018-12-12 08:00:00,0.0,0.0,0.0,0.0,0.0,0.0,0.0
2018-12-12 12:00:00,0.0,0.0,0.0,0.0,0.0,0.0,0.0
2018-12-12 16:00:00,0.0,0.0,0.0,0.0,0.0,0.0,0.0
2018-12-12 20:00:00,0.0,0.0,0.0,0.0,0.0,0.0,0.0
2018-12-13 00:00:00,0.0,0.0,0.0,0.0,0.0,0.0,0.0
2018-12-13 04:00:00,0.0,0.0,0.0,0.0,0.0,0.0,0.0
2018-12-13 08:00:00,0.0,0.0,0.0,0.0,0.0,0.0,0.0
2018-12-13 12:00:00,0.0,0.0,0.0,0.0,0.0,0.0,0.0
2018-12-13 16:00:00,0.0,0.0,0.0,0.0,0.0,0.0,0.0
2018-12-13 20:00:00,0.0,0.0,0.0,0.0,0.0,0.0,0.0
2018-12-14 00:00:00,0.0,0.0,0.0,0.0,0.0,0.0,0.0
2018-12-14 04:00:00,0.0,0.0,0.0,0.0,0.0,0.0,0.0
2018-12-14 08:00:00,0.0,0.0,0.0,0.0,0.0,0.0,0.0
2018-12-14 12:00:00,0.0,0.0,0.0,0.0,0.0,0.0,0.0
2018-12-14 16:00:00,0.0,0.0,0.0,0.0,0.0,0.0,0.0
2018-12-14 20:00:00,0.0,0.0,0.0,0.0,0.0,0.0,0.0
2018-12-15 00:00:00,0.0,0.0,0.0,0.0,0.0,0.0,0.0
2018-12-15 04:00:00,0.0,0.0,0.0,0.0,0.0,0.0,0.0
2018-12-15 08:00:00,0.0,0.0,0.0,0.0,0.0,0.0,0.0
2018-12-15 12:00:00,0.0,0.0,0.0,0.0,0.0,0.0,0.0
2018-12-15 16:00:00,0.0,0.0,0.0,0.0,0.0,0.0,0.0
2018-12-15 20:00:00,0.0,0.0,0.0,0.0,0.0,0.0,0.0
2018-12-16 00:00:00,0.0,0.0,0.0,0.0,0.0,0.0,0.0
2018-12-16 04:00:00,0.0,0.0,0.0,0.0,0.0,0.0,0.0
2018-12-16 08:00:00,0.0,0.0,0.0,0.0,0.0,0.0,0.0
2018-12-16 12:00:00,0.0,0.0,0.0,0.0,0.0,0.0,0.0
2018-12-16 16:00:00,0.0,0.0,0.0,0.0,0.0,0.0,0.0
2018-12-16 20:00:00,0.0,0.0,0.0,0.0,0.0,0.0,0.0
2018-12-17 00:00:00,0.0,0.0,0.0,0.0,0.0,0.0,0.0
2018-12-17 04:00:00,0.0,0.0,0.0,0.0,0.0,0.0,0.0
2018-12-17 08:00:00,0.0,0.0,0.0,0.0,0.0,0.0,0.0
2018-12-17 12:00:00,0.0,0.0,0.0,0.0,0.0,0.0,0.0
2018-12-17 16:00:00,0.0,0.0,0.0,0.0,0.0,0.0,0.0
2018-12-17 20:00:00,0.0,0.0,0.0,0.0,0.0,0.0,0.2478165938864626
2018-12-18 00:00:00,0.0,0.0,0.0,0.0,0.0,0.0,0.0
2018-12-18 04:00:00,0.0,0.0,0.0,0.0,0.0,0.0,0.22888122227698338
2018-12-18 08:00:00,0.0,0.0,0.0,0.0,0.0,0.0,0.22888122227698338
2018-12-18 12:00:00,0.0,0.0,0.0,0.0,0.0,0.0,0.0
2018-12-18 16:00:00,0.0,0.0,0.0,0.0,0.0,0.0,0.0
2018-12-18 20:00:00,0.0,0.0,0.20182679121277172,0.0,0.0,0.0,0.0
2018-12-19 00:00:00,0.171271637816245,0.0,0.0,0.0,0.19584471322668784,0.0,0.1915607886089814
2018-12-19 04:00:00,0.171271637816245,0.0,0.0,0.24961721142428636,0.19584471322668784,0.0,0.0
2018-12-19 08:00:00,0.171271637816245,0.0,0.0,0.24961721142428636,0.19584471322668784,0.0,0.0
2018-12-19 12:00:00,0.171271637816245,0.0,0.193699744364397,0.24961721142428636,0.19584471322668784,0.0,0.0
2018-12-19 16:00:00,0.171271637816245,0.0,0.193699744364397,0.24961721142428636,0.19584471322668784,0.0,0.0
2018-12-19 20:00:00,0.171271637816245,0.0,0.193699744364397,0.24961721142428636,0.19584471322668784,0.0,0.0
2018-12-20 00:00:00,0.0,0.0,0.193699744364397,0.0,0.0,0.0,0.0
2018-12-20 04:00:00,0.0,0.0,0.0,0.0,0.0,0.0,0.0
2018-12-20 08:00:00,0.0,0.0,0.0,0.0,0.0,0.0,0.0
2018-12-20 12:00:00,0.0,0.0,0.0,0.20257991519204105,0.0,0.0,0.0
2018-12-20 16:00:00,0.0,0.0,0.0,0.20257991519204105,0.0,0.0,0.0
2018-12-20 20:00:00,0.12266624040920722,0.0,0.0,0.20257991519204105,0.14901245551601439,0.0,0.0
2018-12-21 00:00:00,0.12266624040920722,0.0,0.0,0.20257991519204105,0.14901245551601439,0.0,0.0
2018-12-21 04:00:00,0.12266624040920722,0.0,0.0,0.20257991519204105,0.14901245551601439,0.0,0.0
2018-12-21 08:00:00,0.12266624040920722,0.0,0.0,0.20257991519204105,0.14901245551601439,0.0,0.0
2018-12-21 12:00:00,0.12266624040920722,0.0,0.0,0.20257991519204105,0.14901245551601439,0.0,0.0
2018-12-21 16:00:00,0.12266624040920722,0.0,0.0,0.20257991519204105,0.14901245551601439,0.0,0.0
2018-12-21 20:00:00,0.12266624040920722,0.0,0.0,0.0,0.14901245551601439,0.0,0.0
2018-12-22 00:00:00,0.12266624040920722,0.0,0.0,0.0,0.0,0.0,0.0
2018-12-22 04:00:00,0.12266624040920722,0.0,0.0,0.0,0.0,0.0,0.0
2018-12-22 08:00:00,0.12266624040920722,0.0,0.0,0.0,0.0,0.0,0.0
2018-12-22 12:00:00,0.12266624040920722,0.0,0.0,0.0,0.0,0.0,0.0
2018-12-22 16:00:00,0.12266624040920722,0.0,0.0,0.0,0.0,0.0,0.0
2018-12-22 20:00:00,0.12266624040920722,0.0,0.0,0.0,0.0,0.0,0.0
2018-12-23 00:00:00,0.12266624040920722,0.0,0.1366141609482221,0.0,0.0,0.0,0.0
2018-12-23 04:00:00,0.12266624040920722,0.0,0.1366141609482221,0.0,0.1256352176482175,0.0,0.0
2018-12-23 08:00:00,0.12266624040920722,0.0,0.1366141609482221,0.0,0.1256352176482175,0.0,0.0
2018-12-23 12:00:00,0.12266624040920722,0.0,0.1366141609482221,0.0,0.1256352176482175,0.0,0.0
2018-12-23 16:00:00,0.12266624040920722,0.0,0.1366141609482221,0.0,0.1256352176482175,0.0,0.0
2018-12-23 20:00:00,0.12266624040920722,0.0,0.1366141609482221,0.0,0.1256352176482175,0.0,0.0
2018-12-24 00:00:00,0.12266624040920722,0.0,0.1366141609482221,0.0,0.1256352176482175,0.0,0.0
2018-12-24 04:00:00,0.12266624040920722,0.0,0.1366141609482221,0.15700630905258048,0.0,0.0,0.0
2018-12-24 08:00:00,0.12266624040920722,0.0,0.1366141609482221,0.15700630905258048,0.0,0.0,0.12710502648146285
2018-12-24 12:00:00,0.12266624040920722,0.0,0.1366141609482221,0.15700630905258048,0.0,0.0,0.12710502648146285
2018-12-24 16:00:00,0.12266624040920722,0.0,0.1366141609482221,0.15700630905258048,0.0,0.0,0.12710502648146285
2018-12-24 20:00:00,0.12266624040920722,0.0,0.0,0.15700630905258048,0.0,0.0,0.12710502648146285
2018-12-25 00:00:00,0.12266624040920722,0.0,0.0,0.15700630905258048,0.0,0.0,0.12710502648146285
2018-12-25 04:00:00,0.0,0.0,0.0,0.0,0.0,0.0,0.0
2018-12-25 08:00:00,0.0,0.0,0.0,0.0,0.0,0.0,0.0
2018-12-25 12:00:00,0.0,0.0,0.0,0.0,0.0,0.0,0.0
2018-12-25 16:00:00,0.0,0.0,0.0,0.0,0.0,0.0,0.0
2018-12-25 20:00:00,0.0,0.0,0.0,0.0,0.0,0.0,0.0
2018-12-26 00:00:00,0.0,0.0,0.0,0.0,0.0,0.0,0.0
2018-12-26 04:00:00,0.0,0.0,0.0,0.0,0.0,0.0,0.0
2018-12-26 08:00:00,0.0,0.0,0.0,0.0,0.0,0.0,0.0
2018-12-26 12:00:00,0.0,0.0,0.0,0.0,0.0,0.0,0.0
2018-12-26 16:00:00,0.0,0.0,0.0,0.0,0.0,0.0,0.0
2018-12-26 20:00:00,0.0,0.0,0.0,0.0,0.0,0.0,0.0
2018-12-27 00:00:00,0.0,0.0,0.0,0.0,0.0,0.0,0.0
2018-12-27 04:00:00,0.0,0.0,0.0,0.0,0.0,0.0,0.0
2018-12-27 08:00:00,0.0,0.0,0.0,0.0,0.0,0.0,0.0
2018-12-27 12:00:00,0.0,0.0,0.0,0.0,0.0,0.0,0.0
2018-12-27 16:00:00,0.0,0.0,0.0,0.0,0.0,0.0,0.0
2018-12-27 20:00:00,0.0,0.0,0.0,0.0,0.0,0.0,0.0
2018-12-28 00:00:00,0.0,0.0,0.0,0.0,0.0,0.0,0.0
2018-12-28 04:00:00,0.0,0.0,0.0,0.0,0.0,0.0,0.0
2018-12-28 08:00:00,0.0,0.0,0.0,0.0,0.0,0.0,0.0
2018-12-28 12:00:00,0.0,0.0,0.0,0.0,0.0,0.0,0.0
2018-12-28 16:00:00,0.0,0.0,0.0,0.0,0.0,0.0,0.0
2018-12-28 20:00:00,0.0,0.0,0.0,0.0,0.0,0.0,0.0
2018-12-29 00:00:00,0.0,0.0,0.0,0.0,0.0,0.0,0.0
2018-12-29 04:00:00,0.0,0.0,0.0,0.0,0.0,0.0,0.0
2018-12-29 08:00:00,0.0,0.0,0.0,0.0,0.0,0.0,0.0
2018-12-29 12:00:00,0.0,0.0,0.0,0.0,0.0,0.0,0.0
2018-12-29 16:00:00,0.0,0.0,0.0,0.0,0.0,0.0,0.0
2018-12-29 20:00:00,0.0,0.0,0.0,0.0,0.0,0.0,0.0
2018-12-30 00:00:00,0.0,0.0,0.0,0.0,0.0,0.0,0.0
2018-12-30 04:00:00,0.0,0.0,0.0,0.0,0.0,0.0,0.0
2018-12-30 08:00:00,0.0,0.0,0.0,0.0,0.0,0.0,0.0
2018-12-30 12:00:00,0.0,0.0,0.0,0.0,0.0,0.0,0.0
2018-12-30 16:00:00,0.0,0.0,0.0,0.0,0.0,0.0,0.0
2018-12-30 20:00:00,0.0,0.0,0.0,0.0,0.0,0.0,0.0
2018-12-31 00:00:00,0.0,0.0,0.0,0.0,0.0,0.0,0.0
2018-12-31 04:00:00,0.0,0.0,0.0,0.0,0.0,0.0,0.0
2018-12-31 08:00:00,0.0,0.0,0.0,0.0,0.0,0.0,0.0
2018-12-31 12:00:00,0.0,0.0,0.0,0.0,0.0,0.0,0.0
2018-12-31 16:00:00,0.0,0.0,0.0,0.0,0.0,0.0,0.0
2018-12-31 20:00:00,0.0,0.0,0.0,0.0,0.0,0.0,0.0
2019-01-01 00:00:00,0.0,0.0,0.0,0.0,0.0,0.0,0.0
2019-01-01 04:00:00,0.0,0.0,0.0,0.0,0.0,0.0,0.0
2019-01-01 08:00:00,0.0,0.0,0.0,0.0,0.0,0.0,0.0
2019-01-01 12:00:00,0.0,0.0,0.0,0.0,0.0,0.0,0.0
2019-01-01 16:00:00,0.0,0.0,0.0,0.0,0.0,0.0,0.0
2019-01-01 20:00:00,0.0,0.0,0.0,0.0,0.0,0.0,0.0
2019-01-02 00:00:00,0.0,0.0,0.0,0.0,0.0,0.0,0.0
2019-01-02 04:00:00,0.0,0.0,0.0,0.0,0.0,0.0,0.0
2019-01-02 08:00:00,0.0,0.0,0.0,0.0,0.0,0.0,0.0
2019-01-02 12:00:00,0.0,0.0,0.0,0.0,0.0,0.0,0.0
2019-01-02 16:00:00,0.0,0.0,0.0,0.0,0.0,0.0,0.0
2019-01-02 20:00:00,0.0,0.0,0.0,0.0,0.0,0.0,0.0
2019-01-03 00:00:00,0.0,0.0,0.0,0.0,0.0,0.0,0.0
2019-01-03 04:00:00,0.0,0.0,0.0,0.0,0.0,0.0,0.0
2019-01-03 08:00:00,0.0,0.0,0.0,0.0,0.0,0.0,0.0
2019-01-03 12:00:00,0.0,0.0,0.0,0.0,0.0,0.0,0.0
2019-01-03 16:00:00,0.0,0.0,0.0,0.0,0.0,0.0,0.0
2019-01-03 20:00:00,0.0,0.0,0.0,0.0,0.0,0.0,0.0
2019-01-04 00:00:00,0.0,0.0,0.0,0.0,0.0,0.0,0.0
2019-01-04 04:00:00,0.0,0.0,0.0,0.0,0.0,0.0,0.0
2019-01-04 08:00:00,0.0,0.0,0.0,0.0,0.0,0.0,0.0
2019-01-04 12:00:00,0.0,0.0,0.0,0.0,0.0,0.0,0.0
2019-01-04 16:00:00,0.0,0.0,0.0,0.0,0.0,0.0,0.0
2019-01-04 20:00:00,0.0,0.0,0.0,0.0,0.0,0.0,0.0
2019-01-05 00:00:00,0.0,0.0,0.0,0.0,0.0,0.0,0.0
2019-01-05 04:00:00,0.0,0.0,0.0,0.0,0.17422779211205328,0.0,0.0
2019-01-05 08:00:00,0.0,0.0,0.0,0.0,0.17422779211205328,0.0,0.0
2019-01-05 12:00:00,0.0,0.0,0.0,0.0,0.17422779211205328,0.0,0.0
2019-01-05 16:00:00,0.0,0.0,0.0,0.0,0.17422779211205328,0.0,0.0
2019-01-05 20:00:00,0.0,0.0,0.0,0.0,0.17422779211205328,0.0,0.0
2019-01-06 00:00:00,0.0,0.0,0.0,0.0,0.17422779211205328,0.0,0.0
2019-01-06 04:00:00,0.18658142664872127,0.0,0.0,0.0,0.0,0.0,0.0
2019-01-06 08:00:00,0.18658142664872127,0.0,0.0,0.0,0.0,0.0,0.0
2019-01-06 12:00:00,0.18658142664872127,0.0,0.0,0.0,0.0,0.0,0.0
2019-01-06 16:00:00,0.18658142664872127,0.0,0.0,0.0,0.0,0.0,0.0
2019-01-06 20:00:00,0.18658142664872127,0.0,0.3090516395052037,0.33882781195327083,0.0,0.0,0.0
2019-01-07 00:00:00,0.18658142664872127,0.0,0.3090516395052037,0.33882781195327083,0.0,0.0,0.0
2019-01-07 04:00:00,0.18658142664872127,0.0,0.3090516395052037,0.33882781195327083,0.0,0.0,0.0
2019-01-07 08:00:00,0.18658142664872127,0.0,0.3090516395052037,0.33882781195327083,0.0,0.0,0.0
2019-01-07 12:00:00,0.0,0.0,0.0,0.33882781195327083,0.0,0.0,0.0
2019-01-07 16:00:00,0.0,0.0,0.0,0.33882781195327083,0.0,0.0,0.0
2019-01-07 20:00:00,0.0,0.0,0.0,0.33882781195327083,0.0,0.0,0.0
2019-01-08 00:00:00,0.0,0.0,0.0,0.33882781195327083,0.0,0.0,0.0
2019-01-08 04:00:00,0.0,0.0,0.0,0.33882781195327083,0.0,0.0,0.0
2019-01-08 08:00:00,0.0,0.0,0.0,0.33882781195327083,0.0,0.0,0.0
2019-01-08 12:00:00,0.0,0.0,0.2828406057792736,0.33882781195327083,0.0,0.0,0.0
2019-01-08 16:00:00,0.0,0.0,0.2828406057792736,0.33882781195327083,0.0,0.0,0.0
2019-01-08 20:00:00,0.0,0.0,0.2828406057792736,0.33882781195327083,0.0,0.0,0.0
2019-01-09 00:00:00,0.0,0.0,0.2828406057792736,0.33882781195327083,0.0,0.0,0.0
2019-01-09 04:00:00,0.0,0.0,0.2828406057792736,0.33882781195327083,0.0,0.0,0.0
2019-01-09 08:00:00,0.0,0.0,0.2828406057792736,0.33882781195327083,0.0,0.0,0.0
2019-01-09 12:00:00,0.16461671719359028,0.0,0.2828406057792736,0.33882781195327083,0.0,0.0,0.0
2019-01-09 16:00:00,0.16461671719359028,0.0,0.0,0.33882781195327083,0.0,0.0,0.0
2019-01-09 20:00:00,0.16461671719359028,0.0,0.0,0.33882781195327083,0.0,0.0,0.0
2019-01-10 00:00:00,0.16461671719359028,0.0,0.0,0.33882781195327083,0.0,0.0,0.0
2019-01-10 04:00:00,0.16461671719359028,0.0,0.0,0.33882781195327083,0.0,0.0,0.0
2019-01-10 08:00:00,0.0,0.0,0.0,0.0,0.0,0.0,0.0
2019-01-10 12:00:00,0.0,0.0,0.0,0.0,0.0,0.0,0.0
2019-01-10 16:00:00,0.0,0.0,0.0,0.0,0.0,0.0,0.0
2019-01-10 20:00:00,0.0,0.0,0.0,0.0,0.0,0.0,0.0
2019-01-11 00:00:00,0.0,0.0,0.0,0.0,0.0,0.0,0.0
2019-01-11 04:00:00,0.0,0.0,0.0,0.0,0.0,0.0,0.0
2019-01-11 08:00:00,0.0,0.0,0.0,0.0,0.0,0.0,0.0
2019-01-11 12:00:00,0.0,0.0,0.0,0.0,0.0,0.0,0.0
2019-01-11 16:00:00,0.0,0.0,0.0,0.0,0.0,0.0,0.0
2019-01-11 20:00:00,0.0,0.0,0.0,0.0,0.0,0.0,0.0
2019-01-12 00:00:00,0.0,0.0,0.0,0.0,0.0,0.0,0.0
2019-01-12 04:00:00,0.0,0.0,0.0,0.0,0.0,0.0,0.0
2019-01-12 08:00:00,0.0,0.0,0.0,0.0,0.0,0.0,0.0
2019-01-12 12:00:00,0.0,0.0,0.0,0.0,0.0,0.0,0.0
2019-01-12 16:00:00,0.0,0.0,0.0,0.0,0.0,0.0,0.0
2019-01-12 20:00:00,0.0,0.0,0.0,0.0,0.0,0.0,0.0
2019-01-13 00:00:00,0.0,0.0,0.0,0.0,0.0,0.0,0.0
2019-01-13 04:00:00,0.0,0.0,0.0,0.0,0.0,0.0,0.0
2019-01-13 08:00:00,0.0,0.0,0.0,0.0,0.0,0.0,0.0
2019-01-13 12:00:00,0.0,0.0,0.0,0.0,0.0,0.0,0.0
2019-01-13 16:00:00,0.0,0.0,0.0,0.0,0.0,0.0,0.0
2019-01-13 20:00:00,0.0,0.0,0.0,0.0,0.0,0.0,0.0
2019-01-14 00:00:00,0.0,0.0,0.0,0.0,0.0,0.0,0.0
2019-01-14 04:00:00,0.0,0.0,0.0,0.0,0.0,0.0,0.0
2019-01-14 08:00:00,0.0,0.0,0.0,0.0,0.0,0.0,0.0
2019-01-14 12:00:00,0.0,0.0,0.0,0.0,0.0,0.0,0.0
2019-01-14 16:00:00,0.0,0.0,0.0,0.0,0.0,0.0,0.0
2019-01-14 20:00:00,0.0,0.0,0.0,0.0,0.0,0.0,0.0
2019-01-15 00:00:00,0.0,0.0,0.0,0.0,0.0,0.0,0.0
2019-01-15 04:00:00,0.0,0.0,0.0,0.0,0.0,0.0,0.0
2019-01-15 08:00:00,0.0,0.0,0.0,0.0,0.0,0.0,0.0
2019-01-15 12:00:00,0.0,0.0,0.0,0.0,0.0,0.0,0.0
2019-01-15 16:00:00,0.0,0.0,0.0,0.0,0.0,0.0,0.0
2019-01-15 20:00:00,0.0,0.0,0.0,0.0,0.0,0.0,0.0
2019-01-16 00:00:00,0.0,0.0,0.0,0.0,0.0,0.0,0.0
2019-01-16 04:00:00,0.0,0.0,0.0,0.0,0.0,0.0,0.0
2019-01-16 08:00:00,0.0,0.0,0.0,0.0,0.0,0.0,0.0
2019-01-16 12:00:00,0.0,0.0,0.0,0.0,0.0,0.0,0.0
2019-01-16 16:00:00,0.0,0.0,0.0,0.0,0.0,0.0,0.0
2019-01-16 20:00:00,0.0,0.0,0.0,0.0,0.0,0.0,0.0
2019-01-17 00:00:00,0.0,0.0,0.0,0.0,0.0,0.0,0.0
2019-01-17 04:00:00,0.0,0.0,0.0,0.0,0.0,0.0,0.0
2019-01-17 08:00:00,0.0,0.0,0.0,0.0,0.0,0.0,0.0
2019-01-17 12:00:00,0.0,0.0,0.0,0.0,0.0,0.0,0.0
2019-01-17 16:00:00,0.0,0.0,0.0,0.0,0.0,0.0,0.0
2019-01-17 20:00:00,0.0,0.0,0.0,0.0,0.0,0.0,0.0
2019-01-18 00:00:00,0.0,0.0,0.0,0.0,0.0,0.0,0.0
2019-01-18 04:00:00,0.0,0.0,0.0,0.0,0.0,0.0,0.0
2019-01-18 08:00:00,0.0,0.0,0.0,0.0,0.0,0.0,0.0
2019-01-18 12:00:00,0.0,0.0,0.0,0.0,0.0,0.0,0.0
2019-01-18 16:00:00,0.0,0.0,0.0,0.0,0.0,0.0,0.0
2019-01-18 20:00:00,0.0,0.0,0.0,0.0,0.0,0.0,0.0
2019-01-19 00:00:00,0.0,0.0,0.0,0.0,0.0,0.0,0.0
2019-01-19 04:00:00,0.0,0.0,0.0,0.0,0.0,0.0,0.0
2019-01-19 08:00:00,0.0,0.0,0.0,0.0,0.0,0.0,0.0
2019-01-19 12:00:00,0.0,0.0,0.0,0.0,0.0,0.0,0.0
2019-01-19 16:00:00,0.0,0.0,0.0,0.0,0.0,0.0,0.0
2019-01-19 20:00:00,0.0,0.0,0.0,0.0,0.0,0.0,0.0
2019-01-20 00:00:00,0.0,0.0,0.0,0.0,0.0,0.0,0.0
2019-01-20 04:00:00,0.0,0.0,0.0,0.0,0.0,0.0,0.0
2019-01-20 08:00:00,0.0,0.0,0.0,0.0,0.0,0.0,0.0
2019-01-20 12:00:00,0.0,0.0,0.0,0.0,0.0,0.0,0.0
2019-01-20 16:00:00,0.0,0.0,0.0,0.0,0.0,0.0,0.0
2019-01-20 20:00:00,0.0,0.0,0.0,0.0,0.0,0.0,0.0
2019-01-21 00:00:00,0.0,0.0,0.0,0.0,0.0,0.0,0.0
2019-01-21 04:00:00,0.0,0.0,0.0,0.0,0.0,0.0,0.0
2019-01-21 08:00:00,0.0,0.0,0.0,0.0,0.0,0.0,0.0
2019-01-21 12:00:00,0.0,0.0,0.0,0.0,0.0,0.0,0.0
2019-01-21 16:00:00,0.0,0.0,0.0,0.0,0.0,0.0,0.0
2019-01-21 20:00:00,0.0,0.0,0.0,0.0,0.0,0.0,0.0
2019-01-22 00:00:00,0.0,0.0,0.0,0.0,0.0,0.0,0.0
2019-01-22 04:00:00,0.0,0.0,0.0,0.0,0.0,0.0,0.0
2019-01-22 08:00:00,0.0,0.0,0.0,0.0,0.0,0.0,0.0
2019-01-22 12:00:00,0.0,0.0,0.0,0.0,0.0,0.0,0.0
2019-01-22 16:00:00,0.0,0.0,0.0,0.0,0.0,0.0,0.0
2019-01-22 20:00:00,0.0,0.0,0.0,0.0,0.0,0.0,0.0
2019-01-23 00:00:00,0.0,0.0,0.0,0.0,0.0,0.0,0.0
2019-01-23 04:00:00,0.0,0.0,0.0,0.0,0.0,0.0,0.0
2019-01-23 08:00:00,0.0,0.0,0.0,0.0,0.0,0.0,0.0
2019-01-23 12:00:00,0.0,0.0,0.0,0.0,0.0,0.0,0.0
2019-01-23 16:00:00,0.0,0.0,0.0,0.0,0.0,0.0,0.0
2019-01-23 20:00:00,0.0,0.0,0.0,0.0,0.0,0.0,0.0
2019-01-24 00:00:00,0.0,0.0,0.0,0.0,0.0,0.0,0.0
2019-01-24 04:00:00,0.0,0.0,0.0,0.0,0.0,0.0,0.0
2019-01-24 08:00:00,0.0,0.0,0.0,0.0,0.0,0.0,0.0
2019-01-24 12:00:00,0.0,0.0,0.0,0.0,0.0,0.0,0.0
2019-01-24 16:00:00,0.0,0.0,0.0,0.0,0.0,0.0,0.0
2019-01-24 20:00:00,0.0,0.0,0.0,0.0,0.0,0.0,0.0
2019-01-25 00:00:00,0.0,0.0,0.0,0.0,0.0,0.0,0.0
2019-01-25 04:00:00,0.0,0.0,0.0,0.0,0.0,0.0,0.0
2019-01-25 08:00:00,0.0,0.0,0.0,0.0,0.0,0.0,0.0
2019-01-25 12:00:00,0.0,0.0,0.0,0.0,0.0,0.0,0.0
2019-01-25 16:00:00,0.0,0.0,0.0,0.0,0.0,0.0,0.0
2019-01-25 20:00:00,0.0,0.0,0.3670609661871289,0.0,0.0,0.0,0.0
2019-01-26 00:00:00,0.0,0.0,0.3670609661871289,0.0,0.0,0.0,0.0
2019-01-26 04:00:00,0.0,0.0,0.3670609661871289,0.0,0.0,0.0,0.0
2019-01-26 08:00:00,0.0,0.0,0.3670609661871289,0.0,0.0,0.0,0.0
2019-01-26 12:00:00,0.0,0.0,0.3670609661871289,0.0,0.0,0.0,0.0
2019-01-26 16:00:00,0.0,0.0,0.3670609661871289,0.0,0.0,0.0,0.0
2019-01-26 20:00:00,0.0,0.0,0.0,0.0,0.0,0.0,0.0
2019-01-27 00:00:00,0.0,0.0,0.0,0.0,0.0,0.0,0.0
2019-01-27 04:00:00,0.0,0.0,0.0,0.0,0.0,0.0,0.0
2019-01-27 08:00:00,0.0,0.0,0.33090776759167534,0.0,0.0,0.0,0.0
2019-01-27 12:00:00,0.0,0.0,0.0,0.0,0.0,0.0,0.0
2019-01-27 16:00:00,0.0,0.0,0.0,0.0,0.0,0.0,0.0
2019-01-27 20:00:00,0.0,0.0,0.0,0.0,0.0,0.0,0.0
2019-01-28 00:00:00,0.0,0.0,0.0,0.0,0.0,0.0,0.0
2019-01-28 04:00:00,0.0,0.0,0.0,0.0,0.0,0.0,0.0
2019-01-28 08:00:00,0.0,0.0,0.0,0.0,0.0,0.0,0.0
2019-01-28 12:00:00,0.0,0.0,0.0,0.0,0.0,0.0,0.0
2019-01-28 16:00:00,0.0,0.0,0.0,0.0,0.0,0.0,0.0
2019-01-28 20:00:00,0.0,0.0,0.0,0.0,0.0,0.0,0.0
2019-01-29 00:00:00,0.0,0.0,0.0,0.0,0.0,0.0,0.0
2019-01-29 04:00:00,0.0,0.0,0.0,0.0,0.0,0.0,0.0
2019-01-29 08:00:00,0.0,0.0,0.0,0.0,0.0,0.0,0.0
2019-01-29 12:00:00,0.0,0.0,0.0,0.0,0.0,0.0,0.0
2019-01-29 16:00:00,0.0,0.0,0.0,0.0,0.0,0.0,0.0
2019-01-29 20:00:00,0.0,0.0,0.0,0.0,0.0,0.0,0.0
2019-01-30 00:00:00,0.0,0.0,0.0,0.0,0.0,0.0,0.0
2019-01-30 04:00:00,0.0,0.0,0.0,0.0,0.0,0.0,0.0
2019-01-30 08:00:00,0.0,0.0,0.0,0.0,0.0,0.0,0.0
2019-01-30 12:00:00,0.0,0.0,0.0,0.0,0.0,0.0,0.0
2019-01-30 16:00:00,0.0,0.0,0.0,0.0,0.0,0.0,0.0
2019-01-30 20:00:00,0.0,0.0,0.0,0.0,0.0,0.0,0.0
2019-01-31 00:00:00,0.0,0.0,0.0,0.0,0.0,0.0,0.0
2019-01-31 04:00:00,0.0,0.0,0.0,0.0,0.0,0.0,0.0
2019-01-31 08:00:00,0.0,0.0,0.0,0.0,0.0,0.0,0.0
2019-01-31 12:00:00,0.0,0.0,0.0,0.0,0.0,0.0,0.0
2019-01-31 16:00:00,0.0,0.0,0.0,0.0,0.0,0.0,0.0
2019-01-31 20:00:00,0.0,0.0,0.0,0.0,0.0,0.0,0.0
2019-02-01 00:00:00,0.0,0.0,0.0,0.0,0.0,0.0,0.0
2019-02-01 04:00:00,0.0,0.0,0.0,0.0,0.0,0.0,0.0
2019-02-01 08:00:00,0.0,0.0,0.0,0.0,0.0,0.0,0.0
2019-02-01 12:00:00,0.0,0.0,0.0,0.0,0.0,0.0,0.0
2019-02-01 16:00:00,0.0,0.0,0.0,0.0,0.0,0.0,0.0
2019-02-01 20:00:00,0.0,0.0,0.0,0.0,0.0,0.0,0.0
2019-02-02 00:00:00,0.0,0.0,0.0,0.0,0.0,0.0,0.0
2019-02-02 04:00:00,0.0,0.0,0.0,0.0,0.0,0.0,0.0
2019-02-02 08:00:00,0.0,0.0,0.0,0.0,0.0,0.0,0.0
2019-02-02 12:00:00,0.0,0.0,0.0,0.0,0.0,0.0,0.0
2019-02-02 16:00:00,0.0,0.0,0.0,0.0,0.0,0.0,0.0
2019-02-02 20:00:00,0.0,0.0,0.0,0.0,0.0,0.0,0.0
2019-02-03 00:00:00,0.0,0.0,0.0,0.0,0.0,0.0,0.0
2019-02-03 04:00:00,0.0,0.0,0.0,0.0,0.0,0.0,0.0
2019-02-03 08:00:00,0.0,0.0,0.0,0.0,0.0,0.0,0.0
2019-02-03 12:00:00,0.0,0.0,0.0,0.0,0.0,0.0,0.0
2019-02-03 16:00:00,0.0,0.0,0.0,0.0,0.0,0.0,0.0
2019-02-03 20:00:00,0.0,0.0,0.0,0.0,0.0,0.0,0.0
2019-02-04 00:00:00,0.0,0.0,0.0,0.0,0.0,0.0,0.0
2019-02-04 04:00:00,0.0,0.0,0.0,0.0,0.0,0.0,0.0
2019-02-04 08:00:00,0.0,0.0,0.0,0.0,0.0,0.0,0.0
2019-02-04 12:00:00,0.0,0.0,0.0,0.0,0.0,0.0,0.0
2019-02-04 16:00:00,0.0,0.0,0.0,0.0,0.0,0.0,0.0
2019-02-04 20:00:00,0.0,0.0,0.0,0.0,0.0,0.0,0.0
2019-02-05 00:00:00,0.0,0.0,0.0,0.0,0.0,0.0,0.0
2019-02-05 04:00:00,0.0,0.0,0.0,0.0,0.0,0.0,0.0
2019-02-05 08:00:00,0.0,0.0,0.0,0.0,0.0,0.0,0.0
2019-02-05 12:00:00,0.0,0.0,0.0,0.0,0.0,0.0,0.0
2019-02-05 16:00:00,0.0,0.0,0.0,0.0,0.0,0.0,0.0
2019-02-05 20:00:00,0.0,0.0,0.2213049189326954,0.0,0.0,0.0,0.0
2019-02-06 00:00:00,0.0,0.0,0.0,0.0,0.0,0.0,0.0
2019-02-06 04:00:00,0.0,0.0,0.0,0.0,0.0,0.0,0.0
2019-02-06 08:00:00,0.0,0.0,0.18710389550659964,0.0,0.0,0.0,0.0
2019-02-06 12:00:00,0.0,0.0,0.18710389550659964,0.0,0.0,0.0,0.0
2019-02-06 16:00:00,0.0,0.0,0.18710389550659964,0.0,0.0,0.0,0.0
2019-02-06 20:00:00,0.0,0.0,0.18710389550659964,0.0,0.0,0.0,0.0
2019-02-07 00:00:00,0.0,0.0,0.18710389550659964,0.0,0.0,0.0,0.0
2019-02-07 04:00:00,0.0,0.0,0.18710389550659964,0.0,0.0,0.0,0.0
2019-02-07 08:00:00,0.0,0.0,0.18710389550659964,0.0,0.0,0.0,0.0
2019-02-07 12:00:00,0.0,0.0,0.18710389550659964,0.0,0.0,0.0,0.0
2019-02-07 16:00:00,0.0,0.0,0.18710389550659964,0.0,0.0,0.0,0.0
2019-02-07 20:00:00,0.0,0.0,0.18710389550659964,0.0,0.0,0.0,0.0
2019-02-08 00:00:00,0.0,0.0,0.0,0.0,0.0,0.0,0.0
2019-02-08 04:00:00,0.0,0.0,0.0,0.0,0.0,0.0,0.0
2019-02-08 08:00:00,0.0,0.0,0.0,0.0,0.0,0.0,0.0
2019-02-08 12:00:00,0.0,0.0,0.0,0.0,0.0,0.0,0.0
2019-02-08 16:00:00,0.0,0.0,0.0,0.0,0.31832579185520354,0.0,0.0
2019-02-08 20:00:00,0.255918874172186,0.0,0.13432585337020544,0.4971763919258374,0.0,0.0,0.0
2019-02-09 00:00:00,0.255918874172186,0.0,0.13432585337020544,0.4971763919258374,0.0,0.0,0.0
2019-02-09 04:00:00,0.255918874172186,0.0,0.13432585337020544,0.4971763919258374,0.0,0.0,0.0
2019-02-09 08:00:00,0.255918874172186,0.0,0.13432585337020544,0.4971763919258374,0.0,0.0,0.0
2019-02-09 12:00:00,0.255918874172186,0.0,0.13432585337020544,0.4971763919258374,0.0,0.0,0.0
2019-02-09 16:00:00,0.255918874172186,0.0,0.13432585337020544,0.4971763919258374,0.0,0.0,0.0
2019-02-09 20:00:00,0.255918874172186,0.0,0.13432585337020544,0.4971763919258374,0.0,0.0,0.0
2019-02-10 00:00:00,0.255918874172186,0.0,0.13432585337020544,0.4971763919258374,0.0,0.0,0.0
2019-02-10 04:00:00,0.255918874172186,0.0,0.13432585337020544,0.4971763919258374,0.0,0.0,0.0
2019-02-10 08:00:00,0.0,0.0,0.13432585337020544,0.4971763919258374,0.0,0.0,0.0
2019-02-10 12:00:00,0.0,0.0,0.13432585337020544,0.4971763919258374,0.0,0.0,0.0
2019-02-10 16:00:00,0.0,0.0,0.13432585337020544,0.4971763919258374,0.0,0.0,0.0
2019-02-10 20:00:00,0.0,0.0,0.13432585337020544,0.4971763919258374,0.0,0.0,0.0
2019-02-11 00:00:00,0.19789925661022068,0.0,0.12541716719721724,0.4642029297280659,0.21248064646449621,0.0,0.0
2019-02-11 04:00:00,0.19789925661022068,0.0,0.12541716719721724,0.4642029297280659,0.21248064646449621,0.0,0.0
2019-02-11 08:00:00,0.21195652173913065,0.0,0.13432585337020544,0.4971763919258374,0.0,0.0,0.0
2019-02-11 12:00:00,0.21195652173913065,0.0,0.13432585337020544,0.4971763919258374,0.0,0.0,0.0
2019-02-11 16:00:00,0.21195652173913065,0.0,0.13432585337020544,0.4971763919258374,0.0,0.0,0.0
2019-02-11 20:00:00,0.21195652173913065,0.0,0.13432585337020544,0.4971763919258374,0.0,0.0,0.0
2019-02-12 00:00:00,0.21195652173913065,0.0,0.13432585337020544,0.4971763919258374,0.0,0.0,0.0
2019-02-12 04:00:00,0.0,0.0,0.13432585337020544,0.0,0.0,0.0,0.0
2019-02-12 08:00:00,0.0,0.0,0.13432585337020544,0.0,0.0,0.0,0.0
2019-02-12 12:00:00,0.0,0.0,0.13432585337020544,0.0,0.0,0.0,0.0
2019-02-12 16:00:00,0.0,0.0,0.0,0.0,0.0,0.0,0.0
2019-02-12 20:00:00,0.0,0.0,0.0,0.0,0.0,0.0,0.0
2019-02-13 00:00:00,0.0,0.0,0.0,0.0,0.0,0.0,0.0
2019-02-13 04:00:00,0.0,0.0,0.0,0.0,0.0,0.0,0.0
2019-02-13 08:00:00,0.0,0.0,0.0,0.0,0.0,0.0,0.0
2019-02-13 12:00:00,0.0,0.0,0.0,0.0,0.0,0.0,0.0
2019-02-13 16:00:00,0.0,0.0,0.0,0.0,0.0,0.0,0.0
2019-02-13 20:00:00,0.0,0.0,0.0,0.0,0.0,0.0,0.0
2019-02-14 00:00:00,0.0,0.0,0.0,0.0,0.0,0.0,0.0
2019-02-14 04:00:00,0.0,0.0,0.0,0.0,0.0,0.0,0.0
2019-02-14 08:00:00,0.0,0.0,0.0,0.0,0.0,0.0,0.0
2019-02-14 12:00:00,0.0,0.0,0.0,0.0,0.0,0.0,0.0
2019-02-14 16:00:00,0.0,0.0,0.0,0.0,0.0,0.0,0.0
2019-02-14 20:00:00,0.0,0.0,0.0,0.0,0.0,0.0,0.0
2019-02-15 00:00:00,0.0,0.0,0.0,0.0,0.0,0.0,0.0
2019-02-15 04:00:00,0.0,0.0,0.0,0.0,0.0,0.0,0.0
2019-02-15 08:00:00,0.0,0.0,0.0,0.0,0.0,0.0,0.0
2019-02-15 12:00:00,0.0,0.0,0.0,0.0,0.0,0.0,0.0
2019-02-15 16:00:00,0.0,0.0,0.0,0.0,0.0,0.0,0.0
2019-02-15 20:00:00,0.0,0.0,0.0,0.0,0.0,0.0,0.0
2019-02-16 00:00:00,0.0,0.0,0.0,0.0,0.0,0.0,0.0
2019-02-16 04:00:00,0.0,0.0,0.0,0.0,0.0,0.0,0.0
2019-02-16 08:00:00,0.0,0.0,0.0,0.0,0.0,0.0,0.0
2019-02-16 12:00:00,0.0,0.0,0.0,0.0,0.0,0.0,0.0
2019-02-16 16:00:00,0.0,0.0,0.0,0.0,0.0,0.0,0.0
2019-02-16 20:00:00,0.0,0.0,0.0,0.0,0.0,0.0,0.0
2019-02-17 00:00:00,0.0,0.0,0.0,0.0,0.0,0.0,0.0
2019-02-17 04:00:00,0.0,0.0,0.0,0.0,0.0,0.0,0.0
2019-02-17 08:00:00,0.0,0.0,0.0,0.0,0.0,0.0,0.0
2019-02-17 12:00:00,0.0,0.0,0.0,0.0,0.29459480358799905,0.0,0.0
2019-02-17 16:00:00,0.0,0.0,0.0,0.0,0.29459480358799905,0.0,0.0
2019-02-17 20:00:00,0.0,0.0,0.0,0.0,0.29459480358799905,0.0,0.0
2019-02-18 00:00:00,0.0,0.0,0.0,0.0,0.0,0.0,0.0
2019-02-18 04:00:00,0.0,0.0,0.0,0.5430284407049105,0.27945260887151085,0.0,0.0
2019-02-18 08:00:00,0.0,0.0,0.0,0.5430284407049105,0.27945260887151085,0.0,0.0
2019-02-18 12:00:00,0.0,0.0,0.0,0.5430284407049105,0.27945260887151085,0.0,0.0
2019-02-18 16:00:00,0.30555555555555536,0.0,0.0,0.0,0.27945260887151085,0.0,0.0
2019-02-18 20:00:00,0.21334101681561232,0.0,0.0,0.3330835460025672,0.19511575765665962,0.0,0.258459679525161
2019-02-19 00:00:00,0.21334101681561232,0.0,0.0,0.3330835460025672,0.19511575765665962,0.0,0.258459679525161
2019-02-19 04:00:00,0.21334101681561232,0.0,0.0,0.3330835460025672,0.19511575765665962,0.0,0.258459679525161
2019-02-19 08:00:00,0.21334101681561232,0.0,0.0,0.3330835460025672,0.19511575765665962,0.0,0.258459679525161
2019-02-19 12:00:00,0.2876998201244151,0.0,0.0,0.4491779297844249,0.2631222500911601,0.0,0.0
2019-02-19 16:00:00,0.23928027062586452,0.0,0.16829885217728546,0.37358179977833683,0.2188390774185132,0.0,0.0
2019-02-19 20:00:00,0.2876998201244151,0.0,0.0,0.4491779297844249,0.2631222500911601,0.0,0.0
2019-02-20 00:00:00,0.0,0.0,0.0,0.4770556054543978,0.27945260887151085,0.0,0.0
2019-02-20 04:00:00,0.0,0.0,0.0,0.0,0.0,0.0,0.0
2019-02-20 08:00:00,0.0,0.0,0.0,0.0,0.0,0.0,0.0
2019-02-20 12:00:00,0.0,0.0,0.0,0.0,0.0,0.0,0.0
2019-02-20 16:00:00,0.0,0.0,0.0,0.0,0.0,0.0,0.0
2019-02-20 20:00:00,0.0,0.0,0.0,0.0,0.0,0.0,0.0
2019-02-21 00:00:00,0.0,0.0,0.0,0.0,0.0,0.0,0.0
2019-02-21 04:00:00,0.0,0.0,0.0,0.0,0.0,0.0,0.0
2019-02-21 08:00:00,0.0,0.0,0.0,0.0,0.0,0.0,0.0
2019-02-21 12:00:00,0.0,0.0,0.0,0.0,0.0,0.0,0.0
2019-02-21 16:00:00,0.0,0.0,0.0,0.0,0.0,0.0,0.0
2019-02-21 20:00:00,0.0,0.0,0.0,0.0,0.0,0.0,0.0
2019-02-22 00:00:00,0.0,0.0,0.0,0.0,0.0,0.0,0.0
2019-02-22 04:00:00,0.0,0.0,0.0,0.0,0.0,0.0,0.0
2019-02-22 08:00:00,0.0,0.0,0.0,0.0,0.0,0.0,0.0
2019-02-22 12:00:00,0.0,0.0,0.0,0.0,0.0,0.0,0.0
2019-02-22 16:00:00,0.0,0.0,0.0,0.0,0.0,0.0,0.0
2019-02-22 20:00:00,0.0,0.0,0.0,0.0,0.0,0.0,0.0
2019-02-23 00:00:00,0.0,0.0,0.0,0.0,0.0,0.0,0.0
2019-02-23 04:00:00,0.0,0.0,0.0,0.0,0.0,0.0,0.0
2019-02-23 08:00:00,0.0,0.0,0.0,0.0,0.0,0.0,0.0
2019-02-23 12:00:00,0.0,0.0,0.0,0.0,0.0,0.0,0.0
2019-02-23 16:00:00,0.0,0.0,0.0,0.0,0.0,0.0,0.0
2019-02-23 20:00:00,0.0,0.0,0.0,0.39278525311484225,0.23432076600837834,0.0,0.0
2019-02-24 00:00:00,0.0,0.0,0.0,0.39278525311484225,0.23432076600837834,0.0,0.0
2019-02-24 04:00:00,0.19821997874601469,0.0,0.0,0.39278525311484225,0.23432076600837834,0.0,0.0
2019-02-24 08:00:00,0.19821997874601469,0.0,0.0,0.39278525311484225,0.23432076600837834,0.0,0.0
2019-02-24 12:00:00,0.19821997874601469,0.0,0.0,0.39278525311484225,0.23432076600837834,0.0,0.0
2019-02-24 16:00:00,0.0,0.0,0.0,0.0,0.0,0.0,0.0
2019-02-24 20:00:00,0.0,0.0,0.0,0.0,0.0,0.0,0.0
2019-02-25 00:00:00,0.0,0.0,0.0,0.0,0.0,0.0,0.0
2019-02-25 04:00:00,0.0,0.0,0.0,0.0,0.0,0.0,0.0
2019-02-25 08:00:00,0.0,0.0,0.0,0.0,0.0,0.0,0.0
2019-02-25 12:00:00,0.0,0.0,0.0,0.0,0.0,0.0,0.0
2019-02-25 16:00:00,0.0,0.0,0.0,0.0,0.0,0.0,0.0
2019-02-25 20:00:00,0.0,0.0,0.0,0.0,0.0,0.0,0.0
2019-02-26 00:00:00,0.0,0.0,0.0,0.0,0.0,0.0,0.0
2019-02-26 04:00:00,0.0,0.0,0.0,0.0,0.0,0.0,0.0
2019-02-26 08:00:00,0.0,0.0,0.0,0.0,0.0,0.0,0.0
2019-02-26 12:00:00,0.0,0.0,0.0,0.0,0.0,0.0,0.0
2019-02-26 16:00:00,0.0,0.0,0.0,0.0,0.0,0.0,0.0
2019-02-26 20:00:00,0.0,0.0,0.0,0.0,0.0,0.0,0.0
2019-02-27 00:00:00,0.0,0.0,0.0,0.0,0.0,0.0,0.0
2019-02-27 04:00:00,0.0,0.0,0.0,0.0,0.0,0.0,0.0
2019-02-27 08:00:00,0.0,0.0,0.0,0.0,0.0,0.0,0.0
2019-02-27 12:00:00,0.0,0.0,0.0,0.0,0.0,0.0,0.0
2019-02-27 16:00:00,0.0,0.0,0.0,0.0,0.0,0.0,0.0
2019-02-27 20:00:00,0.0,0.0,0.0,0.0,0.0,0.0,0.0
2019-02-28 00:00:00,0.0,0.0,0.0,0.0,0.0,0.0,0.0
2019-02-28 04:00:00,0.0,0.0,0.0,0.0,0.0,0.0,0.0
2019-02-28 08:00:00,0.0,0.0,0.0,0.0,0.0,0.0,0.0
2019-02-28 12:00:00,0.0,0.0,0.0,0.0,0.0,0.0,0.0
2019-02-28 16:00:00,0.0,0.0,0.0,0.0,0.0,0.0,0.0
2019-02-28 20:00:00,0.0,0.0,0.0,0.0,0.0,0.0,0.0
2019-03-01 00:00:00,0.0,0.0,0.0,0.0,0.0,0.0,0.0
2019-03-01 04:00:00,0.0,0.0,0.0,0.0,0.0,0.0,0.0
2019-03-01 08:00:00,0.0,0.0,0.0,0.0,0.0,0.0,0.0
2019-03-01 12:00:00,0.0,0.0,0.0,0.0,0.0,0.0,0.0
2019-03-01 16:00:00,0.0,0.0,0.0,0.0,0.0,0.0,0.0
2019-03-01 20:00:00,0.0,0.0,0.0,0.0,0.0,0.0,0.0
2019-03-02 00:00:00,0.0,0.0,0.0,0.0,0.0,0.0,0.0
2019-03-02 04:00:00,0.0,0.0,0.19563396795265459,0.0,0.0,0.0,0.0
2019-03-02 08:00:00,0.0,0.0,0.0,0.0,0.0,0.0,0.0
2019-03-02 12:00:00,0.0,0.0,0.0,0.0,0.0,0.0,0.0
2019-03-02 16:00:00,0.0,0.0,0.0,0.0,0.0,0.0,0.0
2019-03-02 20:00:00,0.0,0.0,0.0,0.0,0.0,0.0,0.0
2019-03-03 00:00:00,0.0,0.0,0.0,0.0,0.0,0.0,0.0
2019-03-03 04:00:00,0.0,0.0,0.0,0.0,0.0,0.0,0.0
2019-03-03 08:00:00,0.0,0.0,0.0,0.0,0.0,0.0,0.0
2019-03-03 12:00:00,0.0,0.0,0.0,0.0,0.0,0.0,0.0
2019-03-03 16:00:00,0.0,0.0,0.0,0.0,0.0,0.0,0.0
2019-03-03 20:00:00,0.0,0.0,0.0,0.0,0.0,0.0,0.0
2019-03-04 00:00:00,0.0,0.0,0.0,0.0,0.0,0.0,0.0
2019-03-04 04:00:00,0.0,0.0,0.0,0.0,0.0,0.0,0.0
2019-03-04 08:00:00,0.0,0.0,0.0,0.0,0.0,0.0,0.0
2019-03-04 12:00:00,0.0,0.0,0.0,0.0,0.0,0.0,0.0
2019-03-04 16:00:00,0.0,0.0,0.0,0.0,0.0,0.0,0.0
2019-03-04 20:00:00,0.0,0.0,0.0,0.0,0.0,0.0,0.0
2019-03-05 00:00:00,0.0,0.0,0.0,0.0,0.0,0.0,0.0
2019-03-05 04:00:00,0.0,0.0,0.15511053481846795,0.0,0.0,0.0,0.0
2019-03-05 08:00:00,0.0,0.0,0.15511053481846795,0.0,0.0,0.0,0.0
2019-03-05 12:00:00,0.0,0.0,0.15511053481846795,0.0,0.0,0.0,0.0
2019-03-05 16:00:00,0.0,0.0,0.15511053481846795,0.0,0.0,0.0,0.0
2019-03-05 20:00:00,0.0,0.0,0.15511053481846795,0.0,0.0,0.0,0.0
2019-03-06 00:00:00,0.0,0.0,0.15511053481846795,0.0,0.0,0.0,0.0
2019-03-06 04:00:00,0.0,0.0,0.15511053481846795,0.0,0.0,0.0,0.0
2019-03-06 08:00:00,0.0,0.0,0.15511053481846795,0.0,0.0,0.0,0.0
2019-03-06 12:00:00,0.0,0.0,0.15511053481846795,0.0,0.0,0.0,0.0
2019-03-06 16:00:00,0.0,0.0,0.15511053481846795,0.0,0.0,0.0,0.0
2019-03-06 20:00:00,0.0,0.0,0.15511053481846795,0.0,0.0,0.0,0.0
2019-03-07 00:00:00,0.0,0.0,0.15511053481846795,0.0,0.0,0.0,0.0
2019-03-07 04:00:00,0.0,0.0,0.15511053481846795,0.0,0.0,0.0,0.0
2019-03-07 08:00:00,0.0,0.0,0.15511053481846795,0.0,0.0,0.0,0.0
2019-03-07 12:00:00,0.0,0.0,0.15511053481846795,0.0,0.0,0.0,0.0
2019-03-07 16:00:00,0.0,0.0,0.15511053481846795,0.0,0.0,0.0,0.0
2019-03-07 20:00:00,0.0,0.0,0.15511053481846795,0.0,0.0,0.0,0.0
2019-03-08 00:00:00,0.0,0.0,0.15511053481846795,0.0,0.0,0.0,0.0
2019-03-08 04:00:00,0.0,0.0,0.15511053481846795,0.0,0.0,0.0,0.0
2019-03-08 08:00:00,0.0,0.0,0.0,0.0,0.0,0.0,0.0
2019-03-08 12:00:00,0.0,0.0,0.0,0.0,0.0,0.0,0.0
2019-03-08 16:00:00,0.0,0.0,0.0,0.0,0.0,0.0,0.0
2019-03-08 20:00:00,0.0,0.0,0.0,0.0,0.0,0.0,0.0
2019-03-09 00:00:00,0.0,0.0,0.0,0.0,0.0,0.0,0.0
2019-03-09 04:00:00,0.0,0.0,0.0,0.0,0.0,0.0,0.0
2019-03-09 08:00:00,0.2421680117388118,0.0,0.0,0.0,0.0,0.0,0.0
2019-03-09 12:00:00,0.2421680117388118,0.0,0.0,0.0,0.0,0.0,0.0
2019-03-09 16:00:00,0.0,0.0,0.0,0.45652073413157107,0.0,0.0,0.0
2019-03-09 20:00:00,0.0,0.0,0.0,0.45652073413157107,0.0,0.0,0.0
2019-03-10 00:00:00,0.0,0.0,0.0,0.45652073413157107,0.0,0.0,0.0
2019-03-10 04:00:00,0.0,0.0,0.0,0.45652073413157107,0.0,0.0,0.0
2019-03-10 08:00:00,0.0,0.0,0.0,0.45652073413157107,0.0,0.0,0.0
2019-03-10 12:00:00,0.0,0.0,0.0,0.45652073413157107,0.0,0.0,0.0
2019-03-10 16:00:00,0.0,0.0,0.0,0.45652073413157107,0.0,0.0,0.0
2019-03-10 20:00:00,0.0,0.0,0.0,0.45652073413157107,0.0,0.0,0.0
2019-03-11 00:00:00,0.0,0.0,0.0,0.45652073413157107,0.0,0.0,0.0
2019-03-11 04:00:00,0.0,0.0,0.0,0.45652073413157107,0.0,0.0,0.0
2019-03-11 08:00:00,0.0,0.0,0.0,0.0,0.0,0.0,0.0
2019-03-11 12:00:00,0.0,0.0,0.0,0.0,0.0,0.0,0.0
2019-03-11 16:00:00,0.0,0.0,0.0,0.0,0.0,0.0,0.0
2019-03-11 20:00:00,0.0,0.0,0.0,0.0,0.0,0.0,0.0
2019-03-12 00:00:00,0.0,0.0,0.0,0.0,0.0,0.0,0.0
2019-03-12 08:00:00,0.0,0.0,0.0,0.0,0.0,0.0,0.0
2019-03-12 12:00:00,0.0,0.0,0.0,0.0,0.0,0.0,0.0
2019-03-12 16:00:00,0.0,0.0,0.0,0.0,0.0,0.0,0.0
2019-03-12 20:00:00,0.0,0.0,0.0,0.0,0.0,0.0,0.0
2019-03-13 00:00:00,0.0,0.0,0.0,0.0,0.0,0.0,0.0
2019-03-13 04:00:00,0.0,0.0,0.0,0.0,0.0,0.0,0.0
2019-03-13 08:00:00,0.0,0.0,0.0,0.0,0.0,0.0,0.0
2019-03-13 12:00:00,0.0,0.0,0.0,0.0,0.0,0.0,0.0
2019-03-13 16:00:00,0.0,0.0,0.0,0.0,0.0,0.0,0.0
2019-03-13 20:00:00,0.0,0.0,0.0,0.0,0.0,0.0,0.0
2019-03-14 00:00:00,0.0,0.0,0.0,0.0,0.0,0.0,0.0
2019-03-14 04:00:00,0.0,0.0,0.0,0.0,0.0,0.0,0.0
2019-03-14 08:00:00,0.0,0.0,0.0,0.0,0.0,0.0,0.0
2019-03-14 12:00:00,0.0,0.0,0.0,0.0,0.0,0.0,0.0
2019-03-14 16:00:00,0.0,0.0,0.0,0.0,0.0,0.0,0.0
2019-03-14 20:00:00,0.0,0.0,0.0,0.0,0.0,0.0,0.0
2019-03-15 00:00:00,0.0,0.0,0.0,0.0,0.0,0.0,0.0
2019-03-15 04:00:00,0.0,0.0,0.0,0.0,0.0,0.0,0.0
2019-03-15 08:00:00,0.1975195470477219,0.0,0.0,0.0,0.0,0.0,0.0
2019-03-15 12:00:00,0.1975195470477219,0.0,0.0,0.0,0.0,0.0,0.0
2019-03-15 16:00:00,0.1975195470477219,0.0,0.0,0.0,0.0,0.0,0.0
2019-03-15 20:00:00,0.1975195470477219,0.0,0.0,0.0,0.0,0.0,0.0
2019-03-16 00:00:00,0.1975195470477219,0.0,0.0,0.0,0.0,0.0,0.0
2019-03-16 04:00:00,0.1975195470477219,0.0,0.0,0.565612810997082,0.0,0.0,0.0
2019-03-16 08:00:00,0.17964153225874713,0.0,0.0,0.5144177047355418,0.30594076300571094,0.0,0.0
2019-03-16 12:00:00,0.14565433727752167,0.0,0.18919452842493004,0.4170926896746662,0.24805844462288226,0.0,0.0
2019-03-16 16:00:00,0.0,0.0,0.25656371280724405,0.565612810997082,0.0,0.0,0.0
2019-03-16 20:00:00,0.0,0.0,0.25656371280724405,0.565612810997082,0.0,0.0,0.0
2019-03-17 00:00:00,0.0,0.0,0.25656371280724405,0.565612810997082,0.0,0.0,0.0
2019-03-17 04:00:00,0.0,0.0,0.25656371280724405,0.565612810997082,0.0,0.0,0.0
2019-03-17 08:00:00,0.0,0.0,0.25656371280724405,0.565612810997082,0.0,0.0,0.0
2019-03-17 12:00:00,0.0,0.0,0.25656371280724405,0.565612810997082,0.0,0.0,0.0
2019-03-17 16:00:00,0.0,0.0,0.25656371280724405,0.565612810997082,0.0,0.0,0.0
2019-03-17 20:00:00,0.0,0.0,0.25656371280724405,0.565612810997082,0.0,0.0,0.0
2019-03-18 00:00:00,0.0,0.0,0.25656371280724405,0.565612810997082,0.0,0.0,0.0
2019-03-18 04:00:00,0.0,0.0,0.25656371280724405,0.565612810997082,0.0,0.0,0.0
2019-03-18 08:00:00,0.0,0.0,0.25656371280724405,0.565612810997082,0.0,0.0,0.0
2019-03-18 12:00:00,0.0,0.0,0.0,0.565612810997082,0.0,0.0,0.0
2019-03-18 16:00:00,0.0,0.0,0.0,0.565612810997082,0.0,0.0,0.0
2019-03-18 20:00:00,0.0,0.0,0.0,0.565612810997082,0.0,0.0,0.0
2019-03-19 00:00:00,0.0,0.0,0.0,0.565612810997082,0.0,0.0,0.0
2019-03-19 04:00:00,0.0,0.0,0.0,0.565612810997082,0.0,0.0,0.0
2019-03-19 08:00:00,0.0,0.0,0.0,0.565612810997082,0.0,0.0,0.0
2019-03-19 12:00:00,0.0,0.0,0.0,0.565612810997082,0.0,0.0,0.0
2019-03-19 16:00:00,0.0,0.0,0.0,0.565612810997082,0.0,0.0,0.0
2019-03-19 20:00:00,0.24142945544554464,0.0,0.0,0.565612810997082,0.0,0.0,0.0
2019-03-20 00:00:00,0.24142945544554464,0.0,0.0,0.565612810997082,0.0,0.0,0.0
2019-03-20 04:00:00,0.24142945544554464,0.0,0.0,0.565612810997082,0.0,0.0,0.0
2019-03-20 08:00:00,0.24142945544554464,0.0,0.0,0.565612810997082,0.0,0.0,0.0
2019-03-20 12:00:00,0.24142945544554464,0.0,0.0,0.565612810997082,0.0,0.0,0.0
2019-03-20 16:00:00,0.24142945544554464,0.0,0.0,0.565612810997082,0.0,0.0,0.0
2019-03-20 20:00:00,0.24142945544554464,0.0,0.0,0.565612810997082,0.0,0.0,0.0
2019-03-21 00:00:00,0.24142945544554464,0.0,0.0,0.565612810997082,0.0,0.0,0.0
2019-03-21 04:00:00,0.24142945544554464,0.0,0.0,0.565612810997082,0.0,0.0,0.0
2019-03-21 08:00:00,0.24142945544554464,0.0,0.0,0.565612810997082,0.0,0.0,0.0
2019-03-21 12:00:00,0.24142945544554464,0.0,0.0,0.565612810997082,0.0,0.0,0.0
2019-03-21 16:00:00,0.0,0.0,0.0,0.0,0.0,0.0,0.0
2019-03-21 20:00:00,0.0,0.0,0.0,0.0,0.0,0.0,0.0
2019-03-22 00:00:00,0.0,0.0,0.0,0.0,0.0,0.0,0.0
2019-03-22 04:00:00,0.0,0.0,0.0,0.0,0.0,0.0,0.0
2019-03-22 08:00:00,0.20787518573551264,0.0,0.0,0.0,0.0,0.0,0.0
2019-03-22 12:00:00,0.20787518573551264,0.0,0.0,0.0,0.0,0.0,0.0
2019-03-22 16:00:00,0.20787518573551264,0.0,0.0,0.0,0.0,0.0,0.0
2019-03-22 20:00:00,0.20787518573551264,0.0,0.0,0.0,0.0,0.0,0.0
2019-03-23 00:00:00,0.20787518573551264,0.0,0.0,0.0,0.0,0.0,0.0
2019-03-23 04:00:00,0.0,0.0,0.0,0.0,0.0,0.0,0.0
2019-03-23 08:00:00,0.0,0.0,0.0,0.0,0.0,0.0,0.0
2019-03-23 12:00:00,0.0,0.0,0.0,0.0,0.0,0.0,0.0
2019-03-23 16:00:00,0.1710660360196469,0.0,0.0,0.0,0.0,0.0,0.0
2019-03-23 20:00:00,0.1710660360196469,0.0,0.0,0.0,0.0,0.0,0.0
2019-03-24 00:00:00,0.1710660360196469,0.0,0.0,0.0,0.0,0.0,0.0
2019-03-24 04:00:00,0.1710660360196469,0.0,0.0,0.0,0.0,0.0,0.0
2019-03-24 08:00:00,0.1710660360196469,0.0,0.0,0.0,0.0,0.0,0.0
2019-03-24 12:00:00,0.1710660360196469,0.0,0.21408182922232877,0.0,0.0,0.0,0.0
2019-03-24 16:00:00,0.1710660360196469,0.0,0.21408182922232877,0.0,0.0,0.0,0.0
2019-03-24 20:00:00,0.0,0.0,0.21408182922232877,0.0,0.0,0.0,0.0
2019-03-25 00:00:00,0.0,0.0,0.21408182922232877,0.0,0.0,0.0,0.0
2019-03-25 04:00:00,0.0,0.0,0.21408182922232877,0.0,0.0,0.0,0.0
2019-03-25 08:00:00,0.0,0.0,0.21408182922232877,0.0,0.0,0.0,0.0
2019-03-25 12:00:00,0.0,0.0,0.21408182922232877,0.0,0.0,0.0,0.0
2019-03-25 16:00:00,0.0,0.0,0.21408182922232877,0.0,0.0,0.0,0.0
2019-03-25 20:00:00,0.0,0.0,0.0,0.0,0.0,0.0,0.0
2019-03-26 00:00:00,0.0,0.0,0.0,0.0,0.0,0.0,0.0
2019-03-26 04:00:00,0.0,0.0,0.0,0.0,0.0,0.0,0.0
2019-03-26 08:00:00,0.0,0.0,0.0,0.0,0.0,0.0,0.0
2019-03-26 12:00:00,0.0,0.0,0.0,0.0,0.0,0.0,0.0
2019-03-26 16:00:00,0.0,0.0,0.0,0.0,0.0,0.0,0.0
2019-03-26 20:00:00,0.0,0.0,0.0,0.0,0.0,0.0,0.0
2019-03-27 00:00:00,0.0,0.0,0.0,0.0,0.0,0.0,0.0
2019-03-27 04:00:00,0.0,0.0,0.0,0.0,0.0,0.0,0.0
2019-03-27 08:00:00,0.13579467471863835,0.0,0.0,0.0,0.0,0.0,0.0
2019-03-27 12:00:00,0.13579467471863835,0.0,0.0,0.0,0.0,0.0,0.0
2019-03-27 16:00:00,0.13579467471863835,0.0,0.0,0.0,0.0,0.0,0.0
2019-03-27 20:00:00,0.13579467471863835,0.0,0.0,0.0,0.0,0.0,0.0
2019-03-28 00:00:00,0.13579467471863835,0.0,0.0,0.0,0.0,0.0,0.0
2019-03-28 04:00:00,0.13579467471863835,0.0,0.0,0.0,0.0,0.0,0.0
2019-03-28 08:00:00,0.13579467471863835,0.0,0.0,0.0,0.0,0.0,0.0
2019-03-28 12:00:00,0.13579467471863835,0.0,0.0,0.0,0.0,0.0,0.0
2019-03-28 16:00:00,0.13579467471863835,0.0,0.0,0.0,0.0,0.0,0.0
2019-03-28 20:00:00,0.13579467471863835,0.0,0.0,0.0,0.0,0.0,0.0
2019-03-29 00:00:00,0.13579467471863835,0.0,0.0,0.0,0.0,0.0,0.0
2019-03-29 04:00:00,0.13579467471863835,0.0,0.0,0.0,0.0,0.0,0.0
2019-03-29 08:00:00,0.13579467471863835,0.0,0.0,0.0,0.0,0.0,0.0
2019-03-29 12:00:00,0.11160808917347073,0.0,0.0,0.5151865145757317,0.3732053962507974,0.0,0.0
2019-03-29 16:00:00,0.11160808917347073,0.0,0.0,0.5151865145757317,0.3732053962507974,0.0,0.0
2019-03-29 20:00:00,0.11160808917347073,0.0,0.0,0.5151865145757317,0.3732053962507974,0.0,0.0
2019-03-30 00:00:00,0.11160808917347073,0.0,0.0,0.5151865145757317,0.3732053962507974,0.0,0.0
2019-03-30 04:00:00,0.11160808917347073,0.0,0.0,0.5151865145757317,0.3732053962507974,0.0,0.0
2019-03-30 08:00:00,0.13579467471863835,0.0,0.0,0.0,0.454082726103728,0.0,0.0
2019-03-30 12:00:00,0.13579467471863835,0.0,0.0,0.0,0.454082726103728,0.0,0.0
2019-03-30 16:00:00,0.13579467471863835,0.0,0.0,0.0,0.454082726103728,0.0,0.0
2019-03-30 20:00:00,0.13579467471863835,0.0,0.0,0.0,0.0,0.0,0.0
2019-03-31 00:00:00,0.13579467471863835,0.0,0.0,0.0,0.0,0.0,0.0
2019-03-31 04:00:00,0.13579467471863835,0.0,0.0,0.0,0.0,0.0,0.0
2019-03-31 08:00:00,0.13579467471863835,0.0,0.0,0.0,0.0,0.0,0.0
2019-03-31 12:00:00,0.13579467471863835,0.0,0.0,0.0,0.0,0.0,0.0
2019-03-31 16:00:00,0.13579467471863835,0.0,0.0,0.0,0.0,0.0,0.0
2019-03-31 20:00:00,0.13579467471863835,0.0,0.0,0.0,0.0,0.0,0.0
2019-04-01 00:00:00,0.13579467471863835,0.0,0.0,0.0,0.0,0.0,0.0
2019-04-01 04:00:00,0.13579467471863835,0.0,0.0,0.0,0.0,0.0,0.0
2019-04-01 08:00:00,0.13579467471863835,0.0,0.0,0.0,0.0,0.0,0.0
2019-04-01 12:00:00,0.13579467471863835,0.0,0.32377043303699293,0.0,0.0,0.0,0.0
2019-04-01 16:00:00,0.12134611245818391,0.0,0.2893212378124971,0.5893326497293189,0.0,0.0,0.0
2019-04-01 20:00:00,0.12134611245818391,0.0,0.2893212378124971,0.5893326497293189,0.0,0.0,0.0
2019-04-02 00:00:00,0.12134611245818391,0.0,0.2893212378124971,0.5893326497293189,0.0,0.0,0.0
2019-04-02 04:00:00,0.08465908137028137,0.0,0.20184964905702504,0.41115747127697183,0.0,0.0,0.30233379829572177
2019-04-02 08:00:00,0.0,0.0,0.0,0.0,0.4087499999999998,0.0,0.0
2019-04-02 12:00:00,0.0,0.0,0.0,0.0,0.4087499999999998,0.0,0.0
2019-04-02 16:00:00,0.0,0.0,0.0,0.0,0.4087499999999998,0.0,0.37558685446009354
2019-04-02 20:00:00,0.0,0.0,0.25987286989450825,0.0,0.0,0.0,0.0
2019-04-03 00:00:00,0.12001321195327676,0.0,0.182563756220584,0.2465430339165324,0.22297331146152172,0.0,0.22790668644808507
2019-04-03 04:00:00,0.0,0.0,0.0,0.0,0.0,0.0,0.3244168826360613
2019-04-03 08:00:00,0.0,0.0,0.0,0.0,0.0,0.0,0.0
2019-04-03 12:00:00,0.0,0.0,0.0,0.0,0.0,0.0,0.0
2019-04-03 16:00:00,0.0,0.0,0.0,0.0,0.0,0.0,0.0
2019-04-03 20:00:00,0.15682911189483825,0.0,0.0,0.2940714488560048,0.0,0.0,0.0
2019-04-04 00:00:00,0.0,0.0,0.0,0.0,0.0,0.0,0.0
2019-04-04 04:00:00,0.0,0.0,0.0,0.0,0.0,0.0,0.0
2019-04-04 08:00:00,0.0,0.0,0.0,0.0,0.0,0.0,0.0
2019-04-04 12:00:00,0.0,0.0,0.0,0.0,0.0,0.0,0.0
2019-04-04 16:00:00,0.0,0.0,0.0,0.0,0.0,0.0,0.0
2019-04-04 20:00:00,0.0,0.0,0.0,0.0,0.0,0.0,0.0
2019-04-05 00:00:00,0.0,0.0,0.0,0.0,0.0,0.0,0.0
2019-04-05 04:00:00,0.0,0.0,0.0,0.0,0.0,0.0,0.0
2019-04-05 08:00:00,0.0,0.0,0.0,0.0,0.0,0.0,0.0
2019-04-05 12:00:00,0.0,0.0,0.0,0.0,0.0,0.0,0.0
2019-04-05 16:00:00,0.0,0.0,0.0,0.0,0.0,0.0,0.0
2019-04-05 20:00:00,0.0,0.0,0.0,0.0,0.0,0.0,0.0
2019-04-06 00:00:00,0.0,0.0,0.0,0.0,0.0,0.0,0.0
2019-04-06 04:00:00,0.0,0.0,0.0,0.0,0.0,0.0,0.0
2019-04-06 08:00:00,0.0,0.0,0.0,0.0,0.0,0.0,0.0
2019-04-06 12:00:00,0.0,0.0,0.0,0.0,0.0,0.0,0.0
2019-04-06 16:00:00,0.0,0.0,0.0,0.0,0.0,0.0,0.0
2019-04-06 20:00:00,0.0,0.0,0.0,0.0,0.0,0.0,0.0
2019-04-07 00:00:00,0.0,0.0,0.0,0.0,0.0,0.0,0.0
2019-04-07 04:00:00,0.0,0.0,0.0,0.0,0.0,0.0,0.0
2019-04-07 08:00:00,0.0,0.0,0.0,0.0,0.0,0.0,0.0
2019-04-07 12:00:00,0.0,0.0,0.0,0.0,0.0,0.0,0.0
2019-04-07 16:00:00,0.0,0.0,0.0,0.0,0.0,0.0,0.0
2019-04-07 20:00:00,0.0,0.0,0.0,0.0,0.0,0.0,0.0
2019-04-08 00:00:00,0.0,0.0,0.0,0.0,0.0,0.0,0.0
2019-04-08 04:00:00,0.0,0.0,0.0,0.0,0.1481304562675013,0.0,0.0
2019-04-08 08:00:00,0.0,0.0,0.0,0.0,0.1481304562675013,0.0,0.0
2019-04-08 12:00:00,0.0,0.0,0.0,0.0,0.1481304562675013,0.0,0.0
2019-04-08 16:00:00,0.0,0.0,0.0,0.0,0.1481304562675013,0.0,0.0
2019-04-08 20:00:00,0.0,0.0,0.0,0.0,0.1481304562675013,0.0,0.0
2019-04-09 00:00:00,0.0,0.0,0.0,0.0,0.1481304562675013,0.0,0.0
2019-04-09 04:00:00,0.0,0.0,0.0,0.0,0.1481304562675013,0.0,0.0
2019-04-09 08:00:00,0.0,0.0,0.0,0.0,0.1481304562675013,0.0,0.0
2019-04-09 12:00:00,0.0,0.0,0.0,0.0,0.1481304562675013,0.0,0.0
2019-04-09 16:00:00,0.0,0.0,0.0,0.0,0.1481304562675013,0.0,0.0
2019-04-09 20:00:00,0.0,0.0,0.0,0.0,0.1481304562675013,0.0,0.0
2019-04-10 00:00:00,0.0,0.0,0.0,0.0,0.1481304562675013,0.0,0.0
2019-04-10 04:00:00,0.0,0.0,0.0,0.0,0.1481304562675013,0.0,0.0
2019-04-10 08:00:00,0.0,0.0,0.0,0.0,0.1481304562675013,0.0,0.0
2019-04-10 12:00:00,0.0,0.0,0.0,0.0,0.1481304562675013,0.0,0.0
2019-04-10 16:00:00,0.0,0.0,0.0,0.0,0.1481304562675013,0.0,0.0
2019-04-10 20:00:00,0.0,0.0,0.0,0.28106424229721216,0.1481304562675013,0.0,0.0
2019-04-11 00:00:00,0.0,0.0,0.0,0.28106424229721216,0.0,0.0,0.0
2019-04-11 04:00:00,0.0,0.0,0.0,0.0,0.0,0.0,0.0
2019-04-11 08:00:00,0.0,0.0,0.0,0.0,0.0,0.0,0.0
2019-04-11 12:00:00,0.0,0.0,0.0,0.0,0.0,0.0,0.0
2019-04-11 16:00:00,0.0,0.0,0.0,0.0,0.0,0.0,0.0
2019-04-11 20:00:00,0.0,0.0,0.0,0.0,0.0,0.0,0.0
2019-04-12 00:00:00,0.0,0.0,0.0,0.0,0.0,0.0,0.0
2019-04-12 04:00:00,0.0,0.0,0.0,0.0,0.0,0.0,0.0
2019-04-12 08:00:00,0.0,0.0,0.0,0.0,0.0,0.0,0.0
2019-04-12 12:00:00,0.0,0.0,0.0,0.0,0.0,0.0,0.0
2019-04-12 16:00:00,0.0,0.0,0.0,0.0,0.0,0.0,0.0
2019-04-12 20:00:00,0.0,0.0,0.0,0.0,0.0,0.0,0.0
2019-04-13 00:00:00,0.0,0.0,0.0,0.0,0.0,0.0,0.0
2019-04-13 04:00:00,0.0,0.0,0.0,0.0,0.0,0.0,0.0
2019-04-13 08:00:00,0.0,0.0,0.0,0.0,0.0,0.0,0.0
2019-04-13 12:00:00,0.0,0.0,0.0,0.0,0.0,0.0,0.0
2019-04-13 16:00:00,0.0,0.0,0.0,0.0,0.0,0.0,0.0
2019-04-13 20:00:00,0.0,0.0,0.0,0.0,0.0,0.0,0.0
2019-04-14 00:00:00,0.0,0.0,0.0,0.0,0.0,0.0,0.0
2019-04-14 04:00:00,0.0,0.0,0.0,0.0,0.0,0.0,0.0
2019-04-14 08:00:00,0.0,0.0,0.0,0.0,0.0,0.0,0.0
2019-04-14 12:00:00,0.0,0.0,0.0,0.0,0.0,0.0,0.0
2019-04-14 16:00:00,0.0,0.0,0.0,0.0,0.0,0.0,0.0
2019-04-14 20:00:00,0.0,0.0,0.203846338354418,0.0,0.0,0.0,0.0
2019-04-15 00:00:00,0.0,0.0,0.203846338354418,0.0,0.0,0.0,0.0
2019-04-15 04:00:00,0.0,0.0,0.203846338354418,0.0,0.0,0.0,0.0
2019-04-15 08:00:00,0.0,0.0,0.203846338354418,0.0,0.0,0.0,0.0
2019-04-15 12:00:00,0.0,0.0,0.203846338354418,0.0,0.0,0.0,0.0
2019-04-15 16:00:00,0.0,0.0,0.203846338354418,0.0,0.0,0.0,0.0
2019-04-15 20:00:00,0.0,0.0,0.0,0.0,0.0,0.0,0.0
2019-04-16 00:00:00,0.0,0.0,0.0,0.0,0.0,0.0,0.0
2019-04-16 04:00:00,0.0,0.0,0.0,0.0,0.0,0.0,0.0
2019-04-16 08:00:00,0.0,0.0,0.0,0.0,0.0,0.0,0.0
2019-04-16 12:00:00,0.0,0.0,0.0,0.0,0.0,0.0,0.0
2019-04-16 16:00:00,0.0,0.0,0.0,0.0,0.0,0.0,0.0
2019-04-16 20:00:00,0.0,0.0,0.0,0.0,0.0,0.0,0.0
2019-04-17 00:00:00,0.0,0.0,0.0,0.0,0.0,0.0,0.0
2019-04-17 04:00:00,0.0,0.0,0.0,0.0,0.0,0.0,0.0
2019-04-17 08:00:00,0.0,0.0,0.0,0.0,0.0,0.0,0.0
2019-04-17 12:00:00,0.0,0.0,0.0,0.0,0.0,0.0,0.0
2019-04-17 16:00:00,0.0,0.0,0.0,0.0,0.0,0.0,0.0
2019-04-17 20:00:00,0.0,0.0,0.0,0.0,0.0,0.0,0.0
2019-04-18 00:00:00,0.0,0.0,0.0,0.0,0.0,0.0,0.0
2019-04-18 04:00:00,0.0,0.0,0.0,0.0,0.0,0.0,0.0
2019-04-18 08:00:00,0.0,0.0,0.23060929442275052,0.0,0.0,0.0,0.0
2019-04-18 12:00:00,0.0,0.0,0.23060929442275052,0.0,0.0,0.0,0.0
2019-04-18 16:00:00,0.0,0.0,0.0,0.0,0.0,0.0,0.0
2019-04-18 20:00:00,0.0,0.0,0.0,0.0,0.0,0.0,0.0
2019-04-19 00:00:00,0.0,0.0,0.2251640732689153,0.0,0.0,0.0,0.0
2019-04-19 04:00:00,0.0,0.0,0.2251640732689153,0.0,0.0,0.0,0.0
2019-04-19 08:00:00,0.0,0.0,0.2251640732689153,0.0,0.0,0.0,0.0
2019-04-19 12:00:00,0.0,0.0,0.0,0.0,0.0,0.0,0.0
2019-04-19 16:00:00,0.0,0.0,0.20793638873805725,0.0,0.0,0.0,0.0
2019-04-19 20:00:00,0.0,0.0,0.20793638873805725,0.0,0.0,0.0,0.0
2019-04-20 00:00:00,0.0,0.0,0.20793638873805725,0.0,0.0,0.0,0.0
2019-04-20 04:00:00,0.0,0.0,0.20793638873805725,0.0,0.0,0.0,0.0
2019-04-20 08:00:00,0.0,0.0,0.20793638873805725,0.0,0.0,0.0,0.0
2019-04-20 12:00:00,0.0,0.0,0.20793638873805725,0.0,0.0,0.0,0.0
2019-04-20 16:00:00,0.0,0.0,0.20793638873805725,0.0,0.0,0.0,0.0
2019-04-20 20:00:00,0.0,0.0,0.20793638873805725,0.0,0.0,0.0,0.0
2019-04-21 00:00:00,0.0,0.0,0.20793638873805725,0.0,0.0,0.0,0.0
2019-04-21 04:00:00,0.0,0.0,0.0,0.0,0.0,0.0,0.0
2019-04-21 08:00:00,0.0,0.0,0.0,0.0,0.0,0.0,0.0
2019-04-21 12:00:00,0.0,0.0,0.0,0.0,0.0,0.0,0.0
2019-04-21 16:00:00,0.0,0.0,0.0,0.0,0.0,0.0,0.0
2019-04-21 20:00:00,0.0,0.0,0.0,0.0,0.0,0.0,0.0
2019-04-22 00:00:00,0.0,0.0,0.0,0.0,0.0,0.0,0.0
2019-04-22 04:00:00,0.0,0.0,0.0,0.0,0.0,0.0,0.0
2019-04-22 08:00:00,0.0,0.0,0.0,0.0,0.0,0.0,0.0
2019-04-22 12:00:00,0.0,0.0,0.0,0.0,0.0,0.0,0.0
2019-04-22 16:00:00,0.0,0.0,0.0,0.0,0.0,0.0,0.0
2019-04-22 20:00:00,0.0,0.0,0.0,0.44663936340584576,0.0,0.0,0.0
2019-04-23 00:00:00,0.0,0.0,0.0,0.44663936340584576,0.0,0.0,0.0
2019-04-23 04:00:00,0.0,0.0,0.0,0.44663936340584576,0.0,0.0,0.0
2019-04-23 08:00:00,0.0,0.0,0.0,0.44663936340584576,0.0,0.0,0.0
2019-04-23 12:00:00,0.0,0.0,0.0,0.44663936340584576,0.0,0.0,0.0
2019-04-23 16:00:00,0.0,0.0,0.0,0.44663936340584576,0.0,0.0,0.0
2019-04-23 20:00:00,0.0,0.0,0.0,0.44663936340584576,0.0,0.0,0.0
2019-04-24 00:00:00,0.0,0.0,0.0,0.44663936340584576,0.0,0.0,0.0
2019-04-24 04:00:00,0.0,0.0,0.0,0.0,0.0,0.0,0.0
2019-04-24 08:00:00,0.0,0.0,0.0,0.0,0.0,0.0,0.0
2019-04-24 12:00:00,0.0,0.0,0.0,0.0,0.0,0.0,0.0
2019-04-24 16:00:00,0.0,0.0,0.0,0.0,0.0,0.0,0.0
2019-04-24 20:00:00,0.0,0.0,0.0,0.0,0.0,0.0,0.0
2019-04-25 00:00:00,0.0,0.0,0.0,0.0,0.0,0.0,0.0
2019-04-25 04:00:00,0.0,0.0,0.0,0.0,0.0,0.0,0.0
2019-04-25 08:00:00,0.0,0.0,0.0,0.0,0.0,0.0,0.0
2019-04-25 12:00:00,0.0,0.0,0.0,0.0,0.0,0.0,0.0
2019-04-25 16:00:00,0.0,0.0,0.0,0.0,0.0,0.0,0.0
2019-04-25 20:00:00,0.0,0.0,0.0,0.0,0.0,0.0,0.0
2019-04-26 00:00:00,0.0,0.0,0.0,0.0,0.0,0.0,0.0
2019-04-26 04:00:00,0.0,0.0,0.0,0.0,0.0,0.0,0.0
2019-04-26 08:00:00,0.0,0.0,0.0,0.0,0.0,0.0,0.0
2019-04-26 12:00:00,0.0,0.0,0.0,0.0,0.0,0.0,0.0
2019-04-26 16:00:00,0.0,0.0,0.0,0.0,0.0,0.0,0.0
2019-04-26 20:00:00,0.0,0.0,0.0,0.0,0.0,0.0,0.0
2019-04-27 00:00:00,0.0,0.0,0.0,0.0,0.0,0.0,0.0
2019-04-27 04:00:00,0.0,0.0,0.0,0.0,0.0,0.0,0.0
2019-04-27 08:00:00,0.0,0.0,0.0,0.0,0.0,0.0,0.0
2019-04-27 12:00:00,0.0,0.0,0.0,0.0,0.0,0.0,0.0
2019-04-27 16:00:00,0.0,0.0,0.0,0.0,0.0,0.0,0.0
2019-04-27 20:00:00,0.0,0.0,0.0,0.0,0.0,0.0,0.0
2019-04-28 00:00:00,0.0,0.0,0.0,0.0,0.0,0.0,0.0
2019-04-28 04:00:00,0.0,0.0,0.0,0.0,0.0,0.0,0.0
2019-04-28 08:00:00,0.0,0.0,0.0,0.0,0.0,0.0,0.0
2019-04-28 12:00:00,0.0,0.0,0.0,0.0,0.0,0.0,0.0
2019-04-28 16:00:00,0.0,0.0,0.0,0.0,0.0,0.0,0.0
2019-04-28 20:00:00,0.0,0.0,0.0,0.0,0.0,0.0,0.0
2019-04-29 00:00:00,0.0,0.0,0.0,0.0,0.0,0.0,0.0
2019-04-29 04:00:00,0.0,0.0,0.0,0.0,0.0,0.0,0.0
2019-04-29 08:00:00,0.0,0.0,0.0,0.0,0.0,0.0,0.0
2019-04-29 12:00:00,0.0,0.0,0.0,0.0,0.0,0.0,0.0
2019-04-29 16:00:00,0.0,0.0,0.0,0.0,0.0,0.0,0.0
2019-04-29 20:00:00,0.0,0.0,0.0,0.0,0.0,0.0,0.0
2019-04-30 00:00:00,0.0,0.0,0.0,0.0,0.0,0.0,0.0
2019-04-30 04:00:00,0.0,0.0,0.0,0.0,0.0,0.0,0.0
2019-04-30 08:00:00,0.0,0.0,0.0,0.0,0.0,0.0,0.0
2019-04-30 12:00:00,0.0,0.0,0.0,0.0,0.0,0.0,0.0
2019-04-30 16:00:00,0.0,0.0,0.0,0.0,0.0,0.0,0.0
2019-04-30 20:00:00,0.0,0.0,0.0,0.0,0.0,0.0,0.0
2019-05-01 00:00:00,0.0,0.0,0.0,0.0,0.0,0.0,0.0
2019-05-01 04:00:00,0.0,0.0,0.0,0.0,0.0,0.0,0.0
2019-05-01 08:00:00,0.0,0.0,0.0,0.0,0.0,0.0,0.0
2019-05-01 12:00:00,0.0,0.0,0.0,0.0,0.0,0.0,0.0
2019-05-01 16:00:00,0.0,0.0,0.0,0.0,0.0,0.0,0.0
2019-05-01 20:00:00,0.0,0.0,0.0,0.0,0.0,0.0,0.0
2019-05-02 00:00:00,0.0,0.0,0.0,0.0,0.0,0.0,0.0
2019-05-02 04:00:00,0.0,0.0,0.0,0.0,0.0,0.0,0.0
2019-05-02 08:00:00,0.0,0.0,0.0,0.0,0.0,0.0,0.0
2019-05-02 12:00:00,0.0,0.0,0.0,0.0,0.0,0.0,0.0
2019-05-02 16:00:00,0.0,0.0,0.0,0.0,0.0,0.0,0.0
2019-05-02 20:00:00,0.0,0.0,0.0,0.0,0.0,0.0,0.0
2019-05-03 00:00:00,0.0,0.0,0.0,0.0,0.0,0.0,0.0
2019-05-03 04:00:00,0.0,0.0,0.0,0.0,0.0,0.0,0.0
2019-05-03 08:00:00,0.0,0.0,0.0,0.48217436458974117,0.0,0.0,0.0
2019-05-03 12:00:00,0.0,0.0,0.0,0.48217436458974117,0.0,0.0,0.0
2019-05-03 16:00:00,0.0,0.0,0.0,0.48217436458974117,0.0,0.0,0.0
2019-05-03 20:00:00,0.0,0.0,0.0,0.48217436458974117,0.0,0.0,0.0
2019-05-04 00:00:00,0.0,0.0,0.0,0.48217436458974117,0.0,0.0,0.0
2019-05-04 04:00:00,0.0,0.0,0.0,0.48217436458974117,0.0,0.0,0.0
2019-05-04 08:00:00,0.0,0.0,0.0,0.48217436458974117,0.0,0.0,0.0
2019-05-04 12:00:00,0.0,0.0,0.0,0.48217436458974117,0.0,0.0,0.0
2019-05-04 16:00:00,0.0,0.0,0.0,0.0,0.0,0.0,0.0
2019-05-04 20:00:00,0.0,0.0,0.0,0.0,0.0,0.0,0.0
2019-05-05 00:00:00,0.0,0.0,0.0,0.0,0.0,0.0,0.0
2019-05-05 04:00:00,0.0,0.0,0.0,0.0,0.0,0.0,0.0
2019-05-05 08:00:00,0.0,0.0,0.0,0.0,0.0,0.0,0.0
2019-05-05 12:00:00,0.0,0.0,0.0,0.0,0.0,0.0,0.0
2019-05-05 16:00:00,0.0,0.0,0.0,0.0,0.0,0.0,0.0
2019-05-05 20:00:00,0.0,0.0,0.0,0.0,0.0,0.0,0.0
2019-05-06 00:00:00,0.0,0.0,0.0,0.0,0.0,0.0,0.0
2019-05-06 04:00:00,0.0,0.0,0.0,0.0,0.0,0.0,0.0
2019-05-06 08:00:00,0.0,0.0,0.0,0.0,0.0,0.0,0.0
2019-05-06 12:00:00,0.0,0.0,0.0,0.0,0.0,0.0,0.0
2019-05-06 16:00:00,0.0,0.0,0.0,0.0,0.0,0.0,0.0
2019-05-06 20:00:00,0.0,0.0,0.0,0.0,0.26247749549909966,0.0,0.0
2019-05-07 00:00:00,0.0,0.0,0.0,0.0,0.26247749549909966,0.0,0.0
2019-05-07 04:00:00,0.0,0.0,0.0,0.2943453282911462,0.26247749549909966,0.0,0.0
2019-05-07 08:00:00,0.0,0.0,0.0,0.2943453282911462,0.26247749549909966,0.0,0.0
2019-05-07 12:00:00,0.0,0.0,0.0,0.2943453282911462,0.26247749549909966,0.0,0.0
2019-05-07 16:00:00,0.0,0.0,0.0,0.2943453282911462,0.0,0.0,0.0
2019-05-07 20:00:00,0.0,0.0,0.0,0.2943453282911462,0.0,0.0,0.0
2019-05-08 00:00:00,0.0,0.0,0.0,0.2943453282911462,0.0,0.0,0.0
2019-05-08 04:00:00,0.0,0.0,0.0,0.2943453282911462,0.0,0.0,0.0
2019-05-08 08:00:00,0.0,0.0,0.0,0.2943453282911462,0.0,0.0,0.0
2019-05-08 12:00:00,0.0,0.0,0.0,0.2943453282911462,0.0,0.0,0.0
2019-05-08 16:00:00,0.0,0.0,0.0,0.2943453282911462,0.0,0.0,0.0
2019-05-08 20:00:00,0.0,0.0,0.0,0.2943453282911462,0.0,0.0,0.0
2019-05-09 00:00:00,0.0,0.0,0.0,0.2943453282911462,0.0,0.0,0.0
2019-05-09 04:00:00,0.0,0.0,0.0,0.2943453282911462,0.0,0.0,0.0
2019-05-09 08:00:00,0.0,0.0,0.0,0.2943453282911462,0.0,0.0,0.0
2019-05-09 12:00:00,0.0,0.0,0.0,0.2943453282911462,0.0,0.0,0.0
2019-05-09 16:00:00,0.0,0.0,0.0,0.2943453282911462,0.0,0.0,0.0
2019-05-09 20:00:00,0.0,0.0,0.0,0.2943453282911462,0.0,0.0,0.0
2019-05-10 00:00:00,0.0,0.0,0.0,0.2943453282911462,0.0,0.0,0.0
2019-05-10 04:00:00,0.0,0.0,0.0,0.2943453282911462,0.0,0.0,0.0
2019-05-10 08:00:00,0.0,0.0,0.0,0.2943453282911462,0.0,0.0,0.0
2019-05-10 12:00:00,0.0,0.0,0.0,0.2943453282911462,0.0,0.0,0.0
2019-05-10 16:00:00,0.0,0.0,0.0,0.2943453282911462,0.0,0.0,0.0
2019-05-10 20:00:00,0.0,0.0,0.0,0.2943453282911462,0.0,0.0,0.0
2019-05-11 00:00:00,0.0,0.0,0.0,0.2943453282911462,0.0,0.0,0.0
2019-05-11 04:00:00,0.0,0.0,0.0,0.2943453282911462,0.0,0.0,0.0
2019-05-11 08:00:00,0.0,0.0,0.0,0.2943453282911462,0.0,0.0,0.0
2019-05-11 12:00:00,0.0,0.0,0.0,0.2943453282911462,0.187345638029478,0.0,0.0
2019-05-11 16:00:00,0.0,0.0,0.0,0.2943453282911462,0.187345638029478,0.0,0.32802420718101294
2019-05-11 20:00:00,0.16674387328153026,0.0,0.0,0.2943453282911462,0.187345638029478,0.0,0.32802420718101294
2019-05-12 00:00:00,0.16674387328153026,0.0,0.0,0.2943453282911462,0.187345638029478,0.0,0.32802420718101294
2019-05-12 04:00:00,0.16674387328153026,0.0,0.0,0.2943453282911462,0.187345638029478,0.0,0.0
2019-05-12 08:00:00,0.16674387328153026,0.0,0.0,0.0,0.187345638029478,0.0,0.0
2019-05-12 12:00:00,0.0,0.0,0.0,0.0,0.0,0.0,0.0
2019-05-12 16:00:00,0.0,0.0,0.0,0.0,0.0,0.0,0.0
2019-05-12 20:00:00,0.0,0.0,0.0,0.0,0.0,0.0,0.0
2019-05-13 00:00:00,0.0,0.0,0.0,0.0,0.0,0.0,0.0
2019-05-13 04:00:00,0.0,0.0,0.0,0.0,0.0,0.0,0.0
2019-05-13 08:00:00,0.0,0.0,0.0,0.0,0.0,0.0,0.0
2019-05-13 12:00:00,0.0,0.0,0.0,0.0,0.0,0.0,0.0
2019-05-13 16:00:00,0.0,0.0,0.0,0.16968000873298872,0.0,0.0,0.0
2019-05-13 20:00:00,0.0,0.0,0.0,0.16968000873298872,0.0,0.0,0.0
2019-05-14 00:00:00,0.0,0.0,0.0,0.16968000873298872,0.0,0.0,0.0
2019-05-14 04:00:00,0.0,0.0,0.0,0.16968000873298872,0.1357502277360865,0.0,0.17110524681775838
2019-05-14 08:00:00,0.12128107457898958,0.0,0.0,0.16968000873298872,0.1357502277360865,0.0,0.0
2019-05-14 12:00:00,0.12128107457898958,0.0,0.0,0.16968000873298872,0.1357502277360865,0.0,0.0
2019-05-14 16:00:00,0.12128107457898958,0.0,0.0,0.16968000873298872,0.1357502277360865,0.0,0.0
2019-05-14 20:00:00,0.12128107457898958,0.0,0.0,0.0,0.1357502277360865,0.0,0.0
2019-05-15 00:00:00,0.12128107457898958,0.0,0.0,0.0,0.1357502277360865,0.0,0.0
2019-05-15 12:00:00,0.12128107457898958,0.0,0.1307088773707069,0.0,0.1357502277360865,0.0,0.0
2019-05-15 16:00:00,0.12128107457898958,0.0,0.1307088773707069,0.0,0.1357502277360865,0.0,0.0
2019-05-15 20:00:00,0.12128107457898958,0.0,0.1307088773707069,0.0,0.1357502277360865,0.0,0.0
2019-05-16 00:00:00,0.12128107457898958,0.0,0.1307088773707069,0.0,0.1357502277360865,0.0,0.11468862325503636
2019-05-16 04:00:00,0.12128107457898958,0.0,0.1307088773707069,0.0,0.0,0.0,0.11468862325503636
2019-05-16 08:00:00,0.12128107457898958,0.0,0.1307088773707069,0.0,0.0,0.0,0.11468862325503636
2019-05-16 12:00:00,0.0,0.0,0.0,0.0,0.0,0.0,0.0
2019-05-16 16:00:00,0.0,0.0,0.0,0.0,0.10742175395103823,0.0,0.0
2019-05-16 20:00:00,0.0,0.0,0.0,0.0,0.10742175395103823,0.0,0.0
2019-05-17 00:00:00,0.0,0.0,0.0,0.0,0.10742175395103823,0.0,0.0
2019-05-17 04:00:00,0.0,0.0,0.0,0.0,0.0,0.0,0.0
2019-05-17 08:00:00,0.0,0.0,0.0,0.0,0.0,0.0,0.0
2019-05-17 12:00:00,0.0,0.0,0.0,0.0,0.0,0.0,0.0
2019-05-17 16:00:00,0.0,0.0,0.0,0.0,0.0,0.0,0.0
2019-05-17 20:00:00,0.0,0.0,0.0,0.0,0.0,0.0,0.0
2019-05-18 00:00:00,0.0,0.0,0.0,0.0,0.0,0.0,0.0
2019-05-18 04:00:00,0.0,0.0,0.0,0.0,0.0,0.0,0.0
2019-05-18 08:00:00,0.0,0.0,0.0,0.0,0.0,0.0,0.0
2019-05-18 12:00:00,0.0,0.0,0.0,0.0,0.0,0.0,0.0
2019-05-18 16:00:00,0.0,0.0,0.0,0.0,0.0,0.0,0.0
2019-05-18 20:00:00,0.0,0.0,0.0,0.0,0.0,0.0,0.0
2019-05-19 00:00:00,0.0,0.0,0.11046028472642813,0.0,0.0,0.0,0.0
2019-05-19 04:00:00,0.0,0.0,0.11046028472642813,0.0,0.0,0.0,0.0
2019-05-19 08:00:00,0.0,0.0,0.11046028472642813,0.0,0.0,0.0,0.0
2019-05-19 12:00:00,0.0,0.0,0.11046028472642813,0.0,0.0,0.0,0.0
2019-05-19 16:00:00,0.0,0.0,0.11046028472642813,0.0,0.0,0.0,0.0
2019-05-19 20:00:00,0.0,0.0,0.11046028472642813,0.0,0.0,0.0,0.0
2019-05-20 00:00:00,0.0,0.0,0.11046028472642813,0.0,0.0,0.0,0.0
2019-05-20 04:00:00,0.0,0.0,0.11046028472642813,0.0,0.0,0.0,0.0
2019-05-20 08:00:00,0.0,0.0,0.11046028472642813,0.0,0.0,0.0,0.0
2019-05-20 12:00:00,0.0,0.0,0.11046028472642813,0.0,0.0,0.0,0.0
2019-05-20 16:00:00,0.0,0.0,0.11046028472642813,0.0,0.0,0.0,0.0
2019-05-20 20:00:00,0.0,0.0,0.11046028472642813,0.0,0.0,0.0,0.0
2019-05-21 00:00:00,0.0,0.0,0.11046028472642813,0.0,0.0,0.0,0.0
2019-05-21 04:00:00,0.0,0.0,0.11046028472642813,0.0,0.0,0.0,0.0
2019-05-21 08:00:00,0.0,0.0,0.11046028472642813,0.0,0.0,0.0,0.0
2019-05-21 12:00:00,0.0,0.0,0.11046028472642813,0.0,0.0,0.0,0.0
2019-05-21 16:00:00,0.0,0.0,0.0,0.0,0.0,0.0,0.0
2019-05-21 20:00:00,0.0,0.0,0.1305006935728911,0.0,0.0,0.0,0.0
2019-05-22 00:00:00,0.0,0.0,0.1305006935728911,0.0,0.0,0.0,0.0
2019-05-22 04:00:00,0.0,0.0,0.1305006935728911,0.0,0.0,0.0,0.0
2019-05-22 08:00:00,0.0,0.0,0.1305006935728911,0.0,0.0,0.0,0.0
2019-05-22 12:00:00,0.0,0.0,0.1305006935728911,0.0,0.0,0.0,0.0
2019-05-22 16:00:00,0.0,0.0,0.1305006935728911,0.0,0.0,0.0,0.0
2019-05-22 20:00:00,0.0,0.0,0.1305006935728911,0.0,0.0,0.0,0.0
2019-05-23 00:00:00,0.0,0.0,0.1305006935728911,0.0,0.0,0.0,0.0
2019-05-23 04:00:00,0.0,0.0,0.0,0.0,0.0,0.0,0.0
2019-05-23 08:00:00,0.0,0.0,0.0,0.0,0.0,0.0,0.0
2019-05-23 12:00:00,0.0,0.0,0.0,0.0,0.0,0.0,0.0
2019-05-23 16:00:00,0.0,0.0,0.0,0.0,0.0,0.0,0.0
2019-05-23 20:00:00,0.0,0.0,0.0,0.0,0.0,0.0,0.0
2019-05-24 00:00:00,0.0,0.0,0.0,0.0,0.0,0.0,0.0
2019-05-24 04:00:00,0.0,0.0,0.0,0.0,0.0,0.0,0.0
2019-05-24 08:00:00,0.0,0.0,0.16151104626927876,0.0,0.0,0.0,0.0
2019-05-24 12:00:00,0.0,0.0,0.16151104626927876,0.0,0.0,0.0,0.0
2019-05-24 16:00:00,0.0,0.0,0.16151104626927876,0.0,0.0,0.0,0.0
2019-05-24 20:00:00,0.0,0.0,0.16151104626927876,0.0,0.0,0.0,0.0
2019-05-25 00:00:00,0.0,0.0,0.16151104626927876,0.0,0.0,0.0,0.0
2019-05-25 04:00:00,0.0,0.0,0.16151104626927876,0.0,0.0,0.0,0.0
2019-05-25 08:00:00,0.0,0.0,0.16151104626927876,0.0,0.0,0.0,0.0
2019-05-25 12:00:00,0.0,0.0,0.16151104626927876,0.0,0.0,0.0,0.0
2019-05-25 16:00:00,0.0,0.0,0.16151104626927876,0.0,0.0,0.0,0.0
2019-05-25 20:00:00,0.0,0.0,0.16151104626927876,0.0,0.0,0.0,0.0
2019-05-26 00:00:00,0.0,0.0,0.16151104626927876,0.0,0.0,0.0,0.0
2019-05-26 04:00:00,0.0,0.0,0.0,0.0,0.0,0.0,0.0
2019-05-26 08:00:00,0.0,0.0,0.0,0.0,0.0,0.0,0.0
2019-05-26 12:00:00,0.0,0.0,0.0,0.0,0.0,0.0,0.0
2019-05-26 16:00:00,0.0,0.0,0.0,0.0,0.0,0.0,0.0
2019-05-26 20:00:00,0.0,0.0,0.0,0.2489646047491174,0.0,0.0,0.0
2019-05-27 00:00:00,0.0,0.0,0.0,0.2489646047491174,0.0,0.0,0.0
2019-05-27 04:00:00,0.0,0.0,0.0,0.2489646047491174,0.0,0.0,0.0
2019-05-27 08:00:00,0.0,0.0,0.0,0.2489646047491174,0.0,0.0,0.0
2019-05-27 12:00:00,0.0,0.0,0.0,0.2489646047491174,0.0,0.0,0.0
2019-05-27 16:00:00,0.1568679378531073,0.0,0.0,0.2489646047491174,0.0,0.0,0.0
2019-05-27 20:00:00,0.1568679378531073,0.0,0.0,0.2489646047491174,0.0,0.0,0.0
2019-05-28 00:00:00,0.1568679378531073,0.0,0.0,0.2489646047491174,0.0,0.0,0.0
2019-05-28 04:00:00,0.1568679378531073,0.0,0.0,0.2489646047491174,0.0,0.0,0.0
2019-05-28 08:00:00,0.1568679378531073,0.0,0.0,0.2489646047491174,0.0,0.0,0.0
2019-05-28 12:00:00,0.1568679378531073,0.0,0.0,0.2489646047491174,0.0,0.0,0.0
2019-05-28 16:00:00,0.1568679378531073,0.0,0.0,0.2489646047491174,0.0,0.0,0.0
2019-05-28 20:00:00,0.1568679378531073,0.0,0.0,0.2489646047491174,0.0,0.0,0.16888111888111884
2019-05-29 00:00:00,0.1568679378531073,0.0,0.0,0.2489646047491174,0.0,0.0,0.16888111888111884
2019-05-29 04:00:00,0.1568679378531073,0.0,0.0,0.2489646047491174,0.0,0.0,0.16888111888111884
2019-05-29 08:00:00,0.0,0.0,0.0,0.0,0.0,0.0,0.0
2019-05-29 12:00:00,0.0,0.0,0.0,0.0,0.0,0.0,0.0
2019-05-29 16:00:00,0.0,0.0,0.0,0.0,0.0,0.0,0.0
2019-05-29 20:00:00,0.0,0.0,0.0,0.0,0.0,0.0,0.0
2019-05-30 00:00:00,0.0,0.0,0.0,0.0,0.0,0.0,0.0
2019-05-30 04:00:00,0.0,0.0,0.0,0.0,0.20233676154030136,0.0,0.0
2019-05-30 08:00:00,0.15045847386172004,0.0,0.0,0.0,0.20233676154030136,0.0,0.15280706378492362
2019-05-30 12:00:00,0.15045847386172004,0.0,0.0,0.0,0.20233676154030136,0.0,0.15280706378492362
2019-05-30 16:00:00,0.15045847386172004,0.0,0.0,0.26538041445794536,0.20233676154030136,0.0,0.15280706378492362
2019-05-30 20:00:00,0.0,0.0,0.0,0.0,0.0,0.0,0.0
2019-05-31 00:00:00,0.0,0.0,0.0,0.0,0.0,0.0,0.0
2019-05-31 04:00:00,0.0,0.0,0.0,0.0,0.0,0.0,0.0
2019-05-31 08:00:00,0.0,0.0,0.0,0.0,0.0,0.0,0.0
2019-05-31 12:00:00,0.0,0.0,0.0,0.0,0.0,0.0,0.0
2019-05-31 16:00:00,0.0,0.0,0.0,0.0,0.0,0.0,0.0
2019-05-31 20:00:00,0.0,0.0,0.0,0.0,0.0,0.0,0.0
2019-06-01 00:00:00,0.0,0.0,0.0,0.0,0.0,0.0,0.0
2019-06-01 04:00:00,0.0,0.0,0.0,0.0,0.0,0.0,0.0
2019-06-01 08:00:00,0.0,0.0,0.0,0.0,0.0,0.0,0.0
2019-06-01 12:00:00,0.0,0.0,0.0,0.0,0.0,0.0,0.0
2019-06-01 16:00:00,0.0,0.0,0.0,0.0,0.0,0.0,0.0
2019-06-01 20:00:00,0.0,0.0,0.0,0.0,0.0,0.0,0.0
2019-06-02 00:00:00,0.0,0.0,0.0,0.0,0.0,0.0,0.0
2019-06-02 04:00:00,0.0,0.0,0.0,0.0,0.0,0.0,0.0
2019-06-02 08:00:00,0.0,0.0,0.0,0.0,0.0,0.0,0.0
2019-06-02 12:00:00,0.0,0.0,0.0,0.0,0.0,0.0,0.0
2019-06-02 16:00:00,0.0,0.0,0.0,0.0,0.0,0.0,0.0
2019-06-02 20:00:00,0.0,0.0,0.0,0.0,0.0,0.0,0.0
2019-06-03 00:00:00,0.0,0.0,0.0,0.0,0.0,0.0,0.0
2019-06-03 04:00:00,0.1308194084532213,0.0,0.0,0.0,0.0,0.0,0.0
2019-06-03 08:00:00,0.0,0.0,0.0,0.0,0.0,0.0,0.0
2019-06-03 12:00:00,0.0,0.0,0.0,0.0,0.0,0.0,0.0
2019-06-03 16:00:00,0.0,0.0,0.0,0.0,0.0,0.0,0.0
2019-06-03 20:00:00,0.0,0.0,0.0,0.0,0.0,0.0,0.0
2019-06-04 00:00:00,0.0,0.0,0.0,0.0,0.0,0.0,0.0
2019-06-04 04:00:00,0.0,0.0,0.0,0.0,0.0,0.0,0.0
2019-06-04 08:00:00,0.0,0.0,0.0,0.0,0.0,0.0,0.0
2019-06-04 12:00:00,0.0,0.0,0.0,0.0,0.0,0.0,0.0
2019-06-04 16:00:00,0.0,0.0,0.0,0.0,0.0,0.0,0.0
2019-06-04 20:00:00,0.0,0.0,0.0,0.0,0.0,0.0,0.0
2019-06-05 00:00:00,0.0,0.0,0.0,0.0,0.0,0.0,0.0
2019-06-05 04:00:00,0.0,0.0,0.0,0.0,0.0,0.0,0.0
2019-06-05 08:00:00,0.0,0.0,0.0,0.0,0.0,0.0,0.0
2019-06-05 12:00:00,0.0,0.0,0.0,0.0,0.0,0.0,0.0
2019-06-05 16:00:00,0.0,0.0,0.0,0.0,0.0,0.0,0.0
2019-06-05 20:00:00,0.0,0.0,0.0,0.0,0.0,0.0,0.0
2019-06-06 00:00:00,0.0,0.0,0.0,0.0,0.0,0.0,0.0
2019-06-06 04:00:00,0.0,0.0,0.0,0.0,0.0,0.0,0.0
2019-06-06 08:00:00,0.0,0.0,0.0,0.0,0.0,0.0,0.0
2019-06-06 12:00:00,0.0,0.0,0.0,0.0,0.0,0.0,0.0
2019-06-06 16:00:00,0.0,0.0,0.0,0.0,0.0,0.0,0.0
2019-06-06 20:00:00,0.0,0.0,0.0,0.0,0.0,0.0,0.0
2019-06-07 00:00:00,0.0,0.0,0.0,0.0,0.0,0.0,0.0
2019-06-07 04:00:00,0.0,0.0,0.0,0.0,0.0,0.0,0.0
2019-06-07 08:00:00,0.0,0.0,0.0,0.0,0.0,0.0,0.0
2019-06-07 12:00:00,0.0,0.0,0.0,0.0,0.0,0.0,0.0
2019-06-07 16:00:00,0.0,0.0,0.0,0.0,0.0,0.0,0.0
2019-06-07 20:00:00,0.0,0.0,0.0,0.0,0.0,0.0,0.0
2019-06-08 00:00:00,0.0,0.0,0.0,0.0,0.0,0.0,0.0
2019-06-08 04:00:00,0.0,0.0,0.0,0.0,0.0,0.0,0.0
2019-06-08 08:00:00,0.0,0.0,0.0,0.0,0.0,0.0,0.0
2019-06-08 12:00:00,0.0,0.0,0.0,0.0,0.0,0.0,0.0
2019-06-08 16:00:00,0.0,0.0,0.0,0.0,0.0,0.0,0.0
2019-06-08 20:00:00,0.0,0.0,0.0,0.0,0.0,0.0,0.0
2019-06-09 00:00:00,0.0,0.0,0.0,0.0,0.0,0.0,0.0
2019-06-09 04:00:00,0.0,0.0,0.0,0.0,0.0,0.0,0.0
2019-06-09 08:00:00,0.0,0.0,0.0,0.0,0.0,0.0,0.0
2019-06-09 12:00:00,0.0,0.0,0.0,0.0,0.0,0.0,0.0
2019-06-09 16:00:00,0.0,0.0,0.0,0.0,0.0,0.0,0.0
2019-06-09 20:00:00,0.0,0.0,0.0,0.0,0.0,0.0,0.0
2019-06-10 00:00:00,0.0,0.0,0.0,0.0,0.0,0.0,0.0
2019-06-10 04:00:00,0.0,0.0,0.0,0.0,0.0,0.0,0.0
2019-06-10 08:00:00,0.0,0.0,0.0,0.0,0.0,0.0,0.0
2019-06-10 12:00:00,0.0,0.0,0.0,0.0,0.0,0.0,0.0
2019-06-10 16:00:00,0.0,0.0,0.0,0.0,0.0,0.0,0.0
2019-06-10 20:00:00,0.0,0.0,0.0,0.0,0.0,0.0,0.0
2019-06-11 00:00:00,0.0,0.0,0.0,0.0,0.0,0.0,0.0
2019-06-11 04:00:00,0.0,0.0,0.0,0.0,0.0,0.0,0.0
2019-06-11 08:00:00,0.0,0.0,0.0,0.0,0.0,0.0,0.0
2019-06-11 12:00:00,0.0,0.0,0.0,0.0,0.0,0.0,0.0
2019-06-11 16:00:00,0.0,0.0,0.0,0.0,0.0,0.0,0.0
2019-06-11 20:00:00,0.0,0.0,0.0,0.0,0.0,0.0,0.0
2019-06-12 00:00:00,0.0,0.0,0.0,0.0,0.0,0.0,0.0
2019-06-12 04:00:00,0.0,0.0,0.0,0.0,0.0,0.0,0.0
2019-06-12 08:00:00,0.0,0.0,0.0,0.0,0.0,0.0,0.0
2019-06-12 12:00:00,0.0,0.0,0.0,0.0,0.0,0.0,0.0
2019-06-12 16:00:00,0.0,0.0,0.23993318674681688,0.0,0.0,0.0,0.0
2019-06-12 20:00:00,0.0,0.0,0.23993318674681688,0.0,0.0,0.0,0.0
2019-06-13 00:00:00,0.0,0.0,0.23993318674681688,0.0,0.0,0.0,0.0
2019-06-13 04:00:00,0.0,0.0,0.23993318674681688,0.0,0.0,0.0,0.0
2019-06-13 08:00:00,0.0,0.0,0.23993318674681688,0.0,0.0,0.0,0.0
2019-06-13 12:00:00,0.0,0.0,0.23993318674681688,0.0,0.0,0.0,0.0
2019-06-13 16:00:00,0.0,0.0,0.23993318674681688,0.0,0.0,0.0,0.0
2019-06-13 20:00:00,0.0,0.0,0.0,0.0,0.0,0.0,0.0
2019-06-14 00:00:00,0.0,0.0,0.0,0.0,0.0,0.0,0.0
2019-06-14 04:00:00,0.0,0.0,0.0,0.0,0.0,0.0,0.0
2019-06-14 08:00:00,0.0,0.0,0.0,0.0,0.0,0.0,0.0
2019-06-14 12:00:00,0.0,0.0,0.0,0.0,0.0,0.0,0.0
2019-06-14 16:00:00,0.0,0.0,0.0,0.28441239519170797,0.0,0.0,0.0
2019-06-14 20:00:00,0.0,0.0,0.0,0.28441239519170797,0.0,0.0,0.0
2019-06-15 00:00:00,0.0,0.0,0.0,0.28441239519170797,0.0,0.0,0.0
2019-06-15 04:00:00,0.0,0.0,0.0,0.28441239519170797,0.0,0.0,0.0
2019-06-15 08:00:00,0.0,0.0,0.0,0.28441239519170797,0.0,0.0,0.0
2019-06-15 12:00:00,0.0,0.0,0.0,0.28441239519170797,0.0,0.0,0.0
2019-06-15 16:00:00,0.0,0.0,0.0,0.28441239519170797,0.0,0.0,0.0
2019-06-15 20:00:00,0.0,0.0,0.0,0.28441239519170797,0.24749077490774965,0.0,0.0
2019-06-16 00:00:00,0.0,0.0,0.0,0.28441239519170797,0.24749077490774965,0.0,0.0
2019-06-16 04:00:00,0.0,0.0,0.0,0.28441239519170797,0.24749077490774965,0.0,0.0
2019-06-16 08:00:00,0.0,0.0,0.0,0.28441239519170797,0.24749077490774965,0.0,0.0
2019-06-16 12:00:00,0.0,0.0,0.0,0.0,0.24749077490774965,0.0,0.0
2019-06-16 16:00:00,0.0,0.0,0.0,0.0,0.24749077490774965,0.0,0.0
2019-06-16 20:00:00,0.0,0.0,0.0,0.0,0.0,0.0,0.0
2019-06-17 00:00:00,0.0,0.0,0.0,0.0,0.0,0.0,0.0
2019-06-17 04:00:00,0.0,0.0,0.0,0.0,0.0,0.0,0.0
2019-06-17 08:00:00,0.0,0.0,0.0,0.0,0.0,0.0,0.0
2019-06-17 12:00:00,0.0,0.0,0.0,0.0,0.0,0.0,0.0
2019-06-17 16:00:00,0.0,0.0,0.0,0.0,0.0,0.0,0.0
2019-06-17 20:00:00,0.0,0.0,0.0,0.0,0.0,0.0,0.0
2019-06-18 00:00:00,0.0,0.0,0.0,0.0,0.0,0.0,0.24162252729434633
2019-06-18 04:00:00,0.0,0.0,0.0,0.0,0.0,0.0,0.24162252729434633
2019-06-18 08:00:00,0.0,0.0,0.0,0.0,0.0,0.0,0.0
2019-06-18 12:00:00,0.0,0.0,0.0,0.0,0.0,0.0,0.0
2019-06-18 16:00:00,0.0,0.0,0.0,0.0,0.0,0.0,0.0
2019-06-18 20:00:00,0.0,0.0,0.0,0.0,0.0,0.0,0.0
2019-06-19 00:00:00,0.0,0.0,0.0,0.0,0.0,0.0,0.0
2019-06-19 04:00:00,0.0,0.0,0.0,0.0,0.0,0.0,0.0
2019-06-19 08:00:00,0.0,0.0,0.0,0.0,0.0,0.0,0.0
2019-06-19 12:00:00,0.0,0.0,0.0,0.0,0.0,0.0,0.0
2019-06-19 16:00:00,0.0,0.0,0.0,0.0,0.0,0.0,0.0
2019-06-19 20:00:00,0.0,0.0,0.0,0.0,0.0,0.0,0.0
2019-06-20 00:00:00,0.0,0.0,0.0,0.0,0.0,0.0,0.0
2019-06-20 04:00:00,0.0,0.0,0.0,0.0,0.0,0.0,0.0
2019-06-20 08:00:00,0.0,0.0,0.0,0.0,0.0,0.0,0.0
2019-06-20 12:00:00,0.0,0.0,0.0,0.0,0.0,0.0,0.0
2019-06-20 16:00:00,0.0,0.0,0.0,0.0,0.0,0.0,0.0
2019-06-20 20:00:00,0.0,0.0,0.0,0.22459444120382796,0.0,0.0,0.0
2019-06-21 00:00:00,0.0,0.0,0.0,0.22459444120382796,0.0,0.0,0.0
2019-06-21 04:00:00,0.0,0.0,0.0,0.22459444120382796,0.27798292634504634,0.0,0.0
2019-06-21 08:00:00,0.0,0.0,0.2400935637536578,0.22459444120382796,0.27798292634504634,0.0,0.0
2019-06-21 12:00:00,0.0,0.0,0.2400935637536578,0.22459444120382796,0.27798292634504634,0.0,0.0
2019-06-21 16:00:00,0.0,0.0,0.2400935637536578,0.22459444120382796,0.27798292634504634,0.0,0.0
2019-06-21 20:00:00,0.0,0.0,0.2400935637536578,0.22459444120382796,0.27798292634504634,0.0,0.0
2019-06-22 00:00:00,0.0,0.0,0.2400935637536578,0.22459444120382796,0.27798292634504634,0.0,0.0
2019-06-22 04:00:00,0.0,0.0,0.2400935637536578,0.0,0.0,0.0,0.0
2019-06-22 08:00:00,0.0,0.0,0.2400935637536578,0.0,0.0,0.0,0.0
2019-06-22 12:00:00,0.0,0.0,0.2400935637536578,0.0,0.0,0.0,0.0
2019-06-22 16:00:00,0.0,0.0,0.0,0.0,0.0,0.0,0.19849403400479507
2019-06-22 20:00:00,0.0,0.0,0.0,0.0,0.0,0.0,0.19849403400479507
2019-06-23 00:00:00,0.0,0.0,0.0,0.0,0.0,0.0,0.19849403400479507
2019-06-23 04:00:00,0.0,0.0,0.0,0.0,0.2406637843336721,0.0,0.19849403400479507
2019-06-23 08:00:00,0.0,0.0,0.0,0.0,0.2406637843336721,0.0,0.19849403400479507
2019-06-23 12:00:00,0.0,0.0,0.0,0.0,0.2406637843336721,0.0,0.19849403400479507
2019-06-23 16:00:00,0.20050171639820427,0.0,0.0,0.0,0.2406637843336721,0.0,0.19849403400479507
2019-06-23 20:00:00,0.20050171639820427,0.0,0.0,0.0,0.2406637843336721,0.0,0.19849403400479507
2019-06-24 00:00:00,0.0,0.0,0.0,0.0,0.2406637843336721,0.0,0.19849403400479507
2019-06-24 04:00:00,0.0,0.0,0.0,0.0,0.0,0.0,0.0
2019-06-24 08:00:00,0.0,0.0,0.0,0.0,0.0,0.0,0.0
2019-06-24 12:00:00,0.0,0.0,0.0,0.0,0.0,0.0,0.0
2019-06-24 16:00:00,0.0,0.0,0.0,0.0,0.0,0.0,0.0
2019-06-24 20:00:00,0.0,0.0,0.0,0.0,0.0,0.0,0.0
2019-06-25 00:00:00,0.0,0.0,0.0,0.0,0.0,0.0,0.0
2019-06-25 04:00:00,0.0,0.0,0.0,0.0,0.0,0.0,0.0
2019-06-25 08:00:00,0.0,0.0,0.0,0.0,0.0,0.0,0.0
2019-06-25 12:00:00,0.0,0.0,0.0,0.0,0.0,0.0,0.0
2019-06-25 16:00:00,0.0,0.0,0.0,0.0,0.0,0.0,0.0
2019-06-25 20:00:00,0.0,0.0,0.0,0.0,0.0,0.0,0.0
2019-06-26 00:00:00,0.0,0.0,0.0,0.18216804267332978,0.0,0.0,0.0
2019-06-26 04:00:00,0.0,0.0,0.0,0.18216804267332978,0.19362607884301347,0.0,0.0
2019-06-26 08:00:00,0.0,0.0,0.0,0.18216804267332978,0.19362607884301347,0.0,0.0
2019-06-26 12:00:00,0.0,0.0,0.0,0.18216804267332978,0.19362607884301347,0.0,0.0
2019-06-26 16:00:00,0.15458470793712406,0.0,0.0,0.18216804267332978,0.19362607884301347,0.0,0.0
2019-06-26 20:00:00,0.15458470793712406,0.0,0.0,0.0,0.19362607884301347,0.0,0.0
2019-06-27 00:00:00,0.0,0.0,0.0,0.0,0.0,0.0,0.0
2019-06-27 04:00:00,0.0,0.0,0.0,0.0,0.0,0.0,0.0
2019-06-27 08:00:00,0.0,0.0,0.0,0.0,0.0,0.0,0.0
2019-06-27 12:00:00,0.0,0.0,0.0,0.0,0.0,0.0,0.0
2019-06-27 16:00:00,0.0,0.0,0.0,0.0,0.0,0.0,0.0
2019-06-27 20:00:00,0.0,0.0,0.0,0.0,0.0,0.0,0.0
2019-06-28 00:00:00,0.0,0.0,0.0,0.0,0.0,0.0,0.0
2019-06-28 04:00:00,0.0,0.0,0.0,0.0,0.0,0.0,0.0
2019-06-28 08:00:00,0.0,0.0,0.0,0.0,0.0,0.0,0.0
2019-06-28 12:00:00,0.0,0.0,0.0,0.0,0.0,0.0,0.0
2019-06-28 16:00:00,0.0,0.0,0.0,0.0,0.0,0.0,0.0
2019-06-28 20:00:00,0.0,0.0,0.0,0.0,0.0,0.0,0.0
2019-06-29 00:00:00,0.0,0.0,0.0,0.0,0.0,0.0,0.0
2019-06-29 04:00:00,0.0,0.0,0.0,0.0,0.0,0.0,0.0
2019-06-29 08:00:00,0.0,0.0,0.0,0.0,0.0,0.0,0.0
2019-06-29 12:00:00,0.0,0.0,0.0,0.0,0.0,0.0,0.0
2019-06-29 16:00:00,0.0,0.0,0.0,0.0,0.0,0.0,0.0
2019-06-29 20:00:00,0.0,0.0,0.0,0.0,0.0,0.0,0.0
2019-06-30 00:00:00,0.0,0.0,0.0,0.0,0.0,0.0,0.0
2019-06-30 04:00:00,0.0,0.0,0.0,0.0,0.0,0.0,0.0
2019-06-30 08:00:00,0.0,0.0,0.0,0.0,0.0,0.0,0.0
2019-06-30 12:00:00,0.0,0.0,0.0,0.0,0.0,0.0,0.0
2019-06-30 16:00:00,0.0,0.0,0.0,0.0,0.0,0.0,0.0
2019-06-30 20:00:00,0.0,0.0,0.0,0.0,0.0,0.0,0.0
2019-07-01 00:00:00,0.0,0.0,0.0,0.0,0.0,0.0,0.0
2019-07-01 04:00:00,0.0,0.0,0.0,0.0,0.0,0.0,0.0
2019-07-01 08:00:00,0.0,0.0,0.0,0.0,0.0,0.0,0.0
2019-07-01 12:00:00,0.0,0.0,0.0,0.0,0.0,0.0,0.0
2019-07-01 16:00:00,0.0,0.0,0.0,0.0,0.0,0.0,0.0
2019-07-01 20:00:00,0.0,0.0,0.0,0.0,0.0,0.0,0.0
2019-07-02 00:00:00,0.0,0.0,0.0,0.0,0.0,0.0,0.0
2019-07-02 04:00:00,0.0,0.0,0.0,0.0,0.0,0.0,0.0
2019-07-02 08:00:00,0.0,0.0,0.0,0.0,0.0,0.0,0.0
2019-07-02 12:00:00,0.0,0.0,0.0,0.0,0.0,0.0,0.0
2019-07-02 16:00:00,0.0,0.0,0.0,0.0,0.0,0.0,0.0
2019-07-02 20:00:00,0.0,0.0,0.0,0.0,0.0,0.0,0.0
2019-07-03 00:00:00,0.0,0.0,0.0,0.0,0.0,0.0,0.0
2019-07-03 04:00:00,0.0,0.0,0.0,0.0,0.0,0.0,0.0
2019-07-03 08:00:00,0.0,0.0,0.0,0.0,0.0,0.0,0.0
2019-07-03 12:00:00,0.0,0.0,0.0,0.0,0.0,0.0,0.0
2019-07-03 16:00:00,0.0,0.0,0.0,0.0,0.0,0.0,0.0
2019-07-03 20:00:00,0.0,0.0,0.0,0.0,0.0,0.0,0.0
2019-07-04 00:00:00,0.0,0.0,0.0,0.0,0.0,0.0,0.0
2019-07-04 04:00:00,0.0,0.0,0.0,0.0,0.0,0.0,0.0
2019-07-04 08:00:00,0.0,0.0,0.0,0.0,0.0,0.0,0.0
2019-07-04 12:00:00,0.0,0.0,0.0,0.0,0.0,0.0,0.0
2019-07-04 16:00:00,0.0,0.0,0.0,0.0,0.0,0.0,0.0
2019-07-04 20:00:00,0.0,0.0,0.0,0.0,0.0,0.0,0.0
2019-07-05 00:00:00,0.0,0.0,0.0,0.0,0.0,0.0,0.0
2019-07-05 04:00:00,0.0,0.0,0.0,0.0,0.0,0.0,0.0
2019-07-05 08:00:00,0.0,0.0,0.0,0.0,0.0,0.0,0.0
2019-07-05 12:00:00,0.0,0.0,0.0,0.0,0.0,0.0,0.0
2019-07-05 16:00:00,0.0,0.0,0.0,0.0,0.0,0.0,0.0
2019-07-05 20:00:00,0.0,0.0,0.0,0.0,0.0,0.0,0.0
2019-07-06 00:00:00,0.0,0.0,0.0,0.0,0.0,0.0,0.0
2019-07-06 04:00:00,0.0,0.0,0.0,0.0,0.0,0.0,0.0
2019-07-06 08:00:00,0.0,0.0,0.0,0.0,0.0,0.0,0.0
2019-07-06 12:00:00,0.0,0.0,0.0,0.0,0.0,0.0,0.0
2019-07-06 16:00:00,0.0,0.0,0.0,0.0,0.0,0.0,0.0
2019-07-06 20:00:00,0.0,0.0,0.0,0.0,0.0,0.0,0.0
2019-07-07 00:00:00,0.0,0.0,0.0,0.0,0.0,0.0,0.0
2019-07-07 04:00:00,0.0,0.0,0.0,0.0,0.0,0.0,0.0
2019-07-07 08:00:00,0.0,0.0,0.0,0.0,0.0,0.0,0.0
2019-07-07 12:00:00,0.0,0.0,0.0,0.0,0.0,0.0,0.0
2019-07-07 16:00:00,0.0,0.0,0.0,0.0,0.0,0.0,0.0
2019-07-07 20:00:00,0.0,0.0,0.0,0.0,0.0,0.0,0.0
2019-07-08 00:00:00,0.0,0.0,0.0,0.0,0.0,0.0,0.0
2019-07-08 04:00:00,0.0,0.0,0.0,0.0,0.0,0.0,0.0
2019-07-08 08:00:00,0.0,0.0,0.0,0.0,0.0,0.0,0.0
2019-07-08 12:00:00,0.0,0.0,0.0,0.0,0.0,0.0,0.0
2019-07-08 16:00:00,0.0,0.0,0.0,0.0,0.0,0.0,0.0
2019-07-08 20:00:00,0.0,0.0,0.0,0.0,0.0,0.0,0.0
2019-07-09 00:00:00,0.0,0.0,0.0,0.0,0.0,0.0,0.0
2019-07-09 04:00:00,0.0,0.0,0.0,0.18642345149559691,0.0,0.0,0.0
2019-07-09 08:00:00,0.0,0.0,0.0,0.18642345149559691,0.0,0.0,0.0
2019-07-09 12:00:00,0.0,0.0,0.0,0.18642345149559691,0.0,0.0,0.0
2019-07-09 16:00:00,0.0,0.0,0.0,0.18642345149559691,0.0,0.0,0.0
2019-07-09 20:00:00,0.0,0.0,0.0,0.18642345149559691,0.0,0.0,0.0
2019-07-10 00:00:00,0.0,0.0,0.0,0.18642345149559691,0.0,0.0,0.0
2019-07-10 04:00:00,0.0,0.0,0.0,0.18642345149559691,0.0,0.0,0.0
2019-07-10 08:00:00,0.0,0.0,0.0,0.18642345149559691,0.0,0.0,0.0
2019-07-10 12:00:00,0.0,0.0,0.0,0.18642345149559691,0.0,0.0,0.0
2019-07-10 16:00:00,0.0,0.0,0.0,0.0,0.0,0.0,0.0
2019-07-10 20:00:00,0.0,0.0,0.0,0.0,0.0,0.0,0.0
2019-07-11 00:00:00,0.0,0.0,0.0,0.0,0.0,0.0,0.0
2019-07-11 04:00:00,0.0,0.0,0.0,0.0,0.0,0.0,0.0
2019-07-11 08:00:00,0.0,0.0,0.0,0.0,0.0,0.0,0.0
2019-07-11 12:00:00,0.0,0.0,0.0,0.0,0.0,0.0,0.0
2019-07-11 16:00:00,0.0,0.0,0.0,0.0,0.0,0.0,0.0
2019-07-11 20:00:00,0.0,0.0,0.0,0.0,0.0,0.0,0.0
2019-07-12 00:00:00,0.0,0.0,0.0,0.0,0.0,0.0,0.0
2019-07-12 04:00:00,0.0,0.0,0.0,0.0,0.0,0.0,0.0
2019-07-12 08:00:00,0.0,0.0,0.0,0.0,0.0,0.0,0.0
2019-07-12 12:00:00,0.0,0.0,0.0,0.0,0.0,0.0,0.0
2019-07-12 16:00:00,0.0,0.0,0.0,0.0,0.0,0.0,0.0
2019-07-12 20:00:00,0.0,0.0,0.0,0.0,0.0,0.0,0.0
2019-07-13 00:00:00,0.0,0.0,0.0,0.0,0.0,0.0,0.0
2019-07-13 04:00:00,0.0,0.0,0.0,0.0,0.0,0.0,0.0
2019-07-13 08:00:00,0.0,0.0,0.0,0.0,0.0,0.0,0.0
2019-07-13 12:00:00,0.0,0.0,0.0,0.0,0.0,0.0,0.0
2019-07-13 16:00:00,0.0,0.0,0.0,0.0,0.0,0.0,0.0
2019-07-13 20:00:00,0.0,0.0,0.0,0.0,0.0,0.0,0.0
2019-07-14 00:00:00,0.0,0.0,0.0,0.0,0.0,0.0,0.0
2019-07-14 04:00:00,0.0,0.0,0.0,0.0,0.0,0.0,0.0
2019-07-14 08:00:00,0.0,0.0,0.0,0.0,0.0,0.0,0.0
2019-07-14 12:00:00,0.0,0.0,0.0,0.0,0.0,0.0,0.0
2019-07-14 16:00:00,0.0,0.0,0.0,0.0,0.0,0.0,0.0
2019-07-14 20:00:00,0.0,0.0,0.0,0.0,0.0,0.0,0.0
2019-07-15 00:00:00,0.0,0.0,0.0,0.0,0.0,0.0,0.0
2019-07-15 04:00:00,0.0,0.0,0.0,0.0,0.0,0.0,0.0
2019-07-15 08:00:00,0.0,0.0,0.0,0.0,0.0,0.0,0.0
2019-07-15 12:00:00,0.0,0.0,0.0,0.0,0.0,0.0,0.0
2019-07-15 16:00:00,0.0,0.0,0.0,0.0,0.0,0.0,0.0
2019-07-15 20:00:00,0.0,0.0,0.0,0.0,0.0,0.0,0.0
2019-07-16 00:00:00,0.0,0.0,0.0,0.0,0.0,0.0,0.0
2019-07-16 04:00:00,0.0,0.0,0.0,0.0,0.0,0.0,0.0
2019-07-16 08:00:00,0.0,0.0,0.0,0.0,0.0,0.0,0.0
2019-07-16 12:00:00,0.0,0.0,0.0,0.0,0.0,0.0,0.0
2019-07-16 16:00:00,0.0,0.0,0.0,0.0,0.0,0.0,0.0
2019-07-16 20:00:00,0.0,0.0,0.0,0.0,0.0,0.0,0.0
2019-07-17 00:00:00,0.0,0.0,0.0,0.0,0.0,0.0,0.0
2019-07-17 04:00:00,0.0,0.0,0.0,0.0,0.0,0.0,0.0
2019-07-17 08:00:00,0.0,0.0,0.0,0.0,0.0,0.0,0.0
2019-07-17 12:00:00,0.0,0.0,0.0,0.0,0.0,0.0,0.0
2019-07-17 16:00:00,0.0,0.0,0.0,0.0,0.0,0.0,0.0
2019-07-17 20:00:00,0.0,0.0,0.0,0.0,0.0,0.0,0.0
2019-07-18 00:00:00,0.0,0.0,0.0,0.0,0.0,0.0,0.0
2019-07-18 04:00:00,0.0,0.0,0.0,0.0,0.0,0.0,0.0
2019-07-18 08:00:00,0.0,0.0,0.0,0.0,0.0,0.0,0.0
2019-07-18 12:00:00,0.0,0.0,0.0,0.0,0.0,0.0,0.0
2019-07-18 16:00:00,0.0,0.0,0.0,0.0,0.0,0.0,0.0
2019-07-18 20:00:00,0.0,0.0,0.0,0.0,0.0,0.0,0.0
2019-07-19 00:00:00,0.0,0.0,0.0,0.0,0.0,0.0,0.0
2019-07-19 04:00:00,0.0,0.0,0.0,0.0,0.0,0.0,0.0
2019-07-19 08:00:00,0.0,0.0,0.0,0.0,0.0,0.0,0.0
2019-07-19 12:00:00,0.0,0.0,0.0,0.0,0.0,0.0,0.0
2019-07-19 16:00:00,0.0,0.0,0.0,0.0,0.0,0.0,0.0
2019-07-19 20:00:00,0.0,0.0,0.0,0.0,0.0,0.0,0.0
2019-07-20 00:00:00,0.0,0.0,0.0,0.0,0.0,0.0,0.0
2019-07-20 04:00:00,0.0,0.0,0.0,0.0,0.0,0.0,0.0
2019-07-20 08:00:00,0.0,0.0,0.0,0.0,0.0,0.0,0.0
2019-07-20 12:00:00,0.0,0.0,0.0,0.0,0.0,0.0,0.0
2019-07-20 16:00:00,0.0,0.0,0.0,0.0,0.0,0.0,0.0
2019-07-20 20:00:00,0.0,0.0,0.0,0.0,0.0,0.0,0.0
2019-07-21 00:00:00,0.0,0.0,0.0,0.0,0.0,0.0,0.0
2019-07-21 04:00:00,0.0,0.0,0.0,0.0,0.0,0.0,0.0
2019-07-21 08:00:00,0.0,0.0,0.0,0.0,0.0,0.0,0.0
2019-07-21 12:00:00,0.0,0.0,0.0,0.0,0.0,0.0,0.0
2019-07-21 16:00:00,0.0,0.0,0.0,0.0,0.0,0.0,0.0
2019-07-21 20:00:00,0.0,0.0,0.0,0.0,0.0,0.0,0.0
2019-07-22 00:00:00,0.0,0.0,0.0,0.0,0.0,0.0,0.0
2019-07-22 04:00:00,0.0,0.0,0.0,0.0,0.0,0.0,0.0
2019-07-22 08:00:00,0.0,0.0,0.0,0.0,0.0,0.0,0.0
2019-07-22 12:00:00,0.0,0.0,0.0,0.0,0.0,0.0,0.0
2019-07-22 16:00:00,0.0,0.0,0.0,0.0,0.0,0.0,0.0
2019-07-22 20:00:00,0.0,0.0,0.0,0.0,0.0,0.0,0.0
2019-07-23 00:00:00,0.0,0.0,0.0,0.0,0.0,0.0,0.0
2019-07-23 04:00:00,0.0,0.0,0.0,0.0,0.0,0.0,0.0
2019-07-23 08:00:00,0.0,0.0,0.0,0.0,0.0,0.0,0.0
2019-07-23 12:00:00,0.0,0.0,0.0,0.0,0.0,0.0,0.0
2019-07-23 16:00:00,0.0,0.0,0.0,0.0,0.0,0.0,0.0
2019-07-23 20:00:00,0.0,0.0,0.0,0.0,0.0,0.0,0.0
2019-07-24 00:00:00,0.0,0.0,0.0,0.0,0.0,0.0,0.0
2019-07-24 04:00:00,0.0,0.0,0.0,0.0,0.0,0.0,0.0
2019-07-24 08:00:00,0.0,0.0,0.0,0.0,0.0,0.0,0.0
2019-07-24 12:00:00,0.0,0.0,0.0,0.0,0.0,0.0,0.0
2019-07-24 16:00:00,0.0,0.0,0.0,0.0,0.0,0.0,0.0
2019-07-24 20:00:00,0.0,0.0,0.0,0.0,0.0,0.0,0.0
2019-07-25 00:00:00,0.0,0.0,0.0,0.0,0.0,0.0,0.0
2019-07-25 04:00:00,0.0,0.0,0.0,0.0,0.0,0.0,0.0
2019-07-25 08:00:00,0.0,0.0,0.0,0.0,0.0,0.0,0.0
2019-07-25 12:00:00,0.0,0.0,0.0,0.0,0.0,0.0,0.0
2019-07-25 16:00:00,0.0,0.0,0.0,0.0,0.0,0.0,0.0
2019-07-25 20:00:00,0.0,0.0,0.0,0.0,0.0,0.0,0.0
2019-07-26 00:00:00,0.0,0.0,0.0,0.0,0.0,0.0,0.0
2019-07-26 04:00:00,0.0,0.0,0.0,0.0,0.0,0.0,0.0
2019-07-26 08:00:00,0.0,0.0,0.0,0.0,0.0,0.0,0.0
2019-07-26 12:00:00,0.0,0.0,0.0,0.0,0.0,0.0,0.0
2019-07-26 16:00:00,0.0,0.0,0.0,0.0,0.0,0.0,0.0
2019-07-26 20:00:00,0.0,0.0,0.0,0.0,0.0,0.0,0.0
2019-07-27 00:00:00,0.0,0.0,0.0,0.0,0.0,0.0,0.0
2019-07-27 04:00:00,0.0,0.0,0.0,0.0,0.0,0.0,0.0
2019-07-27 08:00:00,0.0,0.0,0.0,0.0,0.0,0.0,0.0
2019-07-27 12:00:00,0.0,0.0,0.0,0.0,0.0,0.0,0.0
2019-07-27 16:00:00,0.0,0.0,0.0,0.0,0.0,0.0,0.0
2019-07-27 20:00:00,0.0,0.0,0.0,0.0,0.0,0.0,0.0
2019-07-28 00:00:00,0.0,0.0,0.0,0.0,0.0,0.0,0.0
2019-07-28 04:00:00,0.0,0.0,0.0,0.0,0.0,0.0,0.0
2019-07-28 08:00:00,0.0,0.0,0.0,0.0,0.0,0.0,0.0
2019-07-28 12:00:00,0.0,0.0,0.0,0.0,0.0,0.0,0.0
2019-07-28 16:00:00,0.0,0.0,0.0,0.0,0.0,0.0,0.0
2019-07-28 20:00:00,0.0,0.0,0.0,0.0,0.0,0.0,0.0
2019-07-29 00:00:00,0.0,0.0,0.0,0.0,0.0,0.0,0.0
2019-07-29 04:00:00,0.0,0.0,0.0,0.0,0.0,0.0,0.0
2019-07-29 08:00:00,0.0,0.0,0.0,0.0,0.0,0.0,0.0
2019-07-29 12:00:00,0.0,0.0,0.0,0.0,0.0,0.0,0.0
2019-07-29 16:00:00,0.0,0.0,0.0,0.0,0.0,0.0,0.0
2019-07-29 20:00:00,0.0,0.0,0.0,0.0,0.0,0.0,0.0
2019-07-30 00:00:00,0.0,0.0,0.0,0.0,0.0,0.0,0.0
2019-07-30 04:00:00,0.0,0.0,0.0,0.0,0.0,0.0,0.0
2019-07-30 08:00:00,0.0,0.0,0.0,0.0,0.0,0.0,0.0
2019-07-30 12:00:00,0.0,0.0,0.0,0.0,0.0,0.0,0.0
2019-07-30 16:00:00,0.0,0.0,0.0,0.0,0.0,0.0,0.0
2019-07-30 20:00:00,0.0,0.0,0.0,0.0,0.0,0.0,0.0
2019-07-31 00:00:00,0.0,0.0,0.0,0.0,0.0,0.0,0.0
2019-07-31 04:00:00,0.0,0.0,0.0,0.0,0.0,0.0,0.0
2019-07-31 08:00:00,0.0,0.0,0.0,0.0,0.0,0.0,0.0
2019-07-31 12:00:00,0.0,0.0,0.0,0.0,0.0,0.0,0.0
2019-07-31 16:00:00,0.0,0.0,0.0,0.0,0.0,0.0,0.0
2019-07-31 20:00:00,0.0,0.0,0.0,0.0,0.0,0.0,0.0
2019-08-01 00:00:00,0.0,0.0,0.0,0.0,0.0,0.0,0.0
2019-08-01 04:00:00,0.0,0.0,0.0,0.0,0.0,0.0,0.0
2019-08-01 08:00:00,0.0,0.0,0.0,0.0,0.0,0.0,0.0
2019-08-01 12:00:00,0.0,0.0,0.0,0.0,0.0,0.0,0.0
2019-08-01 16:00:00,0.0,0.0,0.0,0.0,0.0,0.0,0.0
2019-08-01 20:00:00,0.0,0.0,0.0,0.0,0.0,0.0,0.0
2019-08-02 00:00:00,0.0,0.0,0.0,0.0,0.0,0.0,0.0
2019-08-02 04:00:00,0.0,0.0,0.0,0.0,0.0,0.0,0.0
2019-08-02 08:00:00,0.0,0.0,0.0,0.2991113101335446,0.0,0.0,0.0
2019-08-02 12:00:00,0.0,0.0,0.0,0.2991113101335446,0.0,0.0,0.0
2019-08-02 16:00:00,0.0,0.0,0.0,0.2991113101335446,0.0,0.0,0.0
2019-08-02 20:00:00,0.0,0.0,0.0,0.2991113101335446,0.0,0.0,0.0
2019-08-03 00:00:00,0.0,0.0,0.0,0.2991113101335446,0.0,0.0,0.0
2019-08-03 04:00:00,0.0,0.0,0.0,0.2991113101335446,0.0,0.0,0.0
2019-08-03 08:00:00,0.0,0.0,0.0,0.2991113101335446,0.0,0.0,0.0
2019-08-03 12:00:00,0.0,0.0,0.0,0.2991113101335446,0.0,0.0,0.0
2019-08-03 16:00:00,0.0,0.0,0.0,0.2991113101335446,0.0,0.0,0.0
2019-08-03 20:00:00,0.0,0.0,0.0,0.2991113101335446,0.0,0.0,0.0
2019-08-04 00:00:00,0.0,0.0,0.0,0.2991113101335446,0.0,0.0,0.0
2019-08-04 04:00:00,0.0,0.0,0.0,0.2991113101335446,0.0,0.0,0.0
2019-08-04 08:00:00,0.0,0.0,0.0,0.2991113101335446,0.0,0.0,0.0
2019-08-04 12:00:00,0.0,0.0,0.0,0.2991113101335446,0.0,0.0,0.0
2019-08-04 16:00:00,0.0,0.0,0.0,0.2991113101335446,0.0,0.0,0.0
2019-08-04 20:00:00,0.0,0.0,0.0,0.2991113101335446,0.0,0.0,0.0
2019-08-05 00:00:00,0.0,0.0,0.0,0.2991113101335446,0.0,0.0,0.0
2019-08-05 04:00:00,0.0,0.0,0.0,0.0,0.30826909286482634,0.0,0.0
2019-08-05 08:00:00,0.0,0.0,0.0,0.27071268747303545,0.30826909286482634,0.0,0.0
2019-08-05 12:00:00,0.0,0.0,0.0,0.27071268747303545,0.30826909286482634,0.0,0.39571301822874594
2019-08-05 16:00:00,0.0,0.0,0.0,0.27071268747303545,0.30826909286482634,0.0,0.39571301822874594
2019-08-05 20:00:00,0.0,0.0,0.0,0.27071268747303545,0.30826909286482634,0.0,0.39571301822874594
2019-08-06 00:00:00,0.0,0.0,0.0,0.27071268747303545,0.30826909286482634,0.0,0.39571301822874594
2019-08-06 04:00:00,0.0,0.0,0.0,0.27071268747303545,0.30826909286482634,0.0,0.0
2019-08-06 08:00:00,0.0,0.0,0.0,0.0,0.30826909286482634,0.0,0.0
2019-08-06 12:00:00,0.0,0.0,0.0,0.0,0.30826909286482634,0.0,0.0
2019-08-06 16:00:00,0.0,0.0,0.0,0.0,0.30826909286482634,0.0,0.0
2019-08-06 20:00:00,0.0,0.0,0.0,0.0,0.30826909286482634,0.0,0.0
2019-08-07 00:00:00,0.0,0.0,0.0,0.0,0.0,0.0,0.0
2019-08-07 04:00:00,0.0,0.0,0.0,0.0,0.0,0.0,0.0
2019-08-07 08:00:00,0.0,0.0,0.0,0.0,0.0,0.0,0.0
2019-08-07 12:00:00,0.0,0.0,0.0,0.0,0.0,0.0,0.0
2019-08-07 16:00:00,0.0,0.0,0.0,0.0,0.0,0.0,0.0
2019-08-07 20:00:00,0.0,0.0,0.31292095334883313,0.0,0.0,0.0,0.0
2019-08-08 00:00:00,0.0,0.0,0.31292095334883313,0.0,0.0,0.0,0.0
2019-08-08 04:00:00,0.0,0.0,0.0,0.0,0.0,0.0,0.0
2019-08-08 08:00:00,0.0,0.0,0.29303695650807865,0.0,0.0,0.0,0.0
2019-08-08 12:00:00,0.0,0.0,0.29303695650807865,0.0,0.0,0.0,0.0
2019-08-08 16:00:00,0.0,0.0,0.29303695650807865,0.0,0.0,0.0,0.0
2019-08-08 20:00:00,0.0,0.0,0.29303695650807865,0.0,0.0,0.0,0.0
2019-08-09 00:00:00,0.0,0.0,0.29303695650807865,0.0,0.0,0.0,0.0
2019-08-09 04:00:00,0.0,0.0,0.29303695650807865,0.0,0.0,0.0,0.0
2019-08-09 08:00:00,0.0,0.0,0.29303695650807865,0.0,0.0,0.0,0.0
2019-08-09 12:00:00,0.0,0.0,0.0,0.0,0.0,0.0,0.0
2019-08-09 16:00:00,0.0,0.0,0.0,0.0,0.0,0.0,0.0
2019-08-09 20:00:00,0.0,0.0,0.0,0.0,0.0,0.0,0.0
2019-08-10 00:00:00,0.0,0.0,0.0,0.0,0.0,0.0,0.0
2019-08-10 04:00:00,0.0,0.0,0.0,0.0,0.0,0.0,0.0
2019-08-10 08:00:00,0.0,0.0,0.0,0.0,0.0,0.0,0.0
2019-08-10 12:00:00,0.0,0.0,0.0,0.0,0.0,0.0,0.0
2019-08-10 16:00:00,0.0,0.0,0.0,0.0,0.0,0.0,0.0
2019-08-10 20:00:00,0.0,0.0,0.0,0.0,0.0,0.0,0.0
2019-08-11 00:00:00,0.0,0.0,0.0,0.0,0.0,0.0,0.0
2019-08-11 04:00:00,0.0,0.0,0.0,0.0,0.0,0.0,0.0
2019-08-11 08:00:00,0.0,0.0,0.0,0.0,0.0,0.0,0.0
2019-08-11 12:00:00,0.0,0.0,0.0,0.0,0.0,0.0,0.0
2019-08-11 16:00:00,0.0,0.0,0.0,0.0,0.0,0.0,0.0
2019-08-11 20:00:00,0.0,0.0,0.0,0.0,0.0,0.0,0.0
2019-08-12 00:00:00,0.0,0.0,0.0,0.0,0.0,0.0,0.0
2019-08-12 04:00:00,0.0,0.0,0.0,0.0,0.0,0.0,0.0
2019-08-12 08:00:00,0.0,0.0,0.0,0.0,0.0,0.0,0.0
2019-08-12 12:00:00,0.0,0.0,0.0,0.0,0.0,0.0,0.0
2019-08-12 16:00:00,0.0,0.0,0.0,0.0,0.0,0.0,0.0
2019-08-12 20:00:00,0.0,0.0,0.0,0.0,0.0,0.0,0.0
2019-08-13 00:00:00,0.0,0.0,0.0,0.0,0.0,0.0,0.0
2019-08-13 04:00:00,0.0,0.0,0.0,0.0,0.0,0.0,0.0
2019-08-13 08:00:00,0.0,0.0,0.0,0.0,0.0,0.0,0.0
2019-08-13 12:00:00,0.0,0.0,0.0,0.0,0.0,0.0,0.0
2019-08-13 16:00:00,0.0,0.0,0.0,0.0,0.0,0.0,0.0
2019-08-13 20:00:00,0.0,0.0,0.0,0.0,0.0,0.0,0.0
2019-08-14 00:00:00,0.0,0.0,0.0,0.0,0.0,0.0,0.0
2019-08-14 04:00:00,0.0,0.0,0.0,0.0,0.0,0.0,0.0
2019-08-14 08:00:00,0.0,0.0,0.0,0.0,0.0,0.0,0.0
2019-08-14 12:00:00,0.0,0.0,0.0,0.0,0.0,0.0,0.0
2019-08-14 16:00:00,0.0,0.0,0.0,0.0,0.0,0.0,0.0
2019-08-14 20:00:00,0.0,0.0,0.0,0.0,0.0,0.0,0.0
2019-08-15 00:00:00,0.0,0.0,0.0,0.0,0.0,0.0,0.0
2019-08-15 08:00:00,0.0,0.0,0.0,0.0,0.0,0.0,0.0
2019-08-15 12:00:00,0.0,0.0,0.0,0.0,0.0,0.0,0.0
2019-08-15 16:00:00,0.0,0.0,0.0,0.0,0.0,0.0,0.0
2019-08-15 20:00:00,0.0,0.0,0.0,0.0,0.0,0.0,0.0
2019-08-16 00:00:00,0.0,0.0,0.0,0.0,0.0,0.0,0.0
2019-08-16 04:00:00,0.0,0.0,0.0,0.0,0.0,0.0,0.0
2019-08-16 08:00:00,0.0,0.0,0.0,0.0,0.0,0.0,0.0
2019-08-16 12:00:00,0.0,0.0,0.0,0.0,0.0,0.0,0.0
2019-08-16 16:00:00,0.0,0.0,0.0,0.0,0.0,0.0,0.0
2019-08-16 20:00:00,0.0,0.0,0.0,0.0,0.0,0.0,0.0
2019-08-17 00:00:00,0.0,0.0,0.0,0.0,0.0,0.0,0.0
2019-08-17 04:00:00,0.0,0.0,0.0,0.0,0.0,0.0,0.0
2019-08-17 08:00:00,0.0,0.0,0.0,0.0,0.0,0.0,0.0
2019-08-17 12:00:00,0.0,0.0,0.0,0.0,0.0,0.0,0.0
2019-08-17 16:00:00,0.0,0.0,0.0,0.0,0.0,0.0,0.0
2019-08-17 20:00:00,0.0,0.0,0.0,0.0,0.0,0.0,0.0
2019-08-18 00:00:00,0.0,0.0,0.0,0.0,0.0,0.0,0.0
2019-08-18 04:00:00,0.0,0.0,0.0,0.0,0.0,0.0,0.0
2019-08-18 08:00:00,0.0,0.0,0.0,0.0,0.0,0.0,0.0
2019-08-18 12:00:00,0.0,0.0,0.0,0.0,0.0,0.0,0.0
2019-08-18 16:00:00,0.0,0.0,0.0,0.0,0.0,0.0,0.0
2019-08-18 20:00:00,0.0,0.0,0.0,0.0,0.0,0.0,0.0
2019-08-19 00:00:00,0.0,0.0,0.0,0.0,0.0,0.0,0.0
2019-08-19 04:00:00,0.0,0.0,0.0,0.0,0.0,0.0,0.0
2019-08-19 08:00:00,0.0,0.0,0.0,0.0,0.0,0.0,0.0
2019-08-19 12:00:00,0.0,0.0,0.0,0.0,0.0,0.0,0.0
2019-08-19 16:00:00,0.0,0.0,0.0,0.0,0.0,0.0,0.0
2019-08-19 20:00:00,0.0,0.0,0.0,0.0,0.0,0.0,0.0
2019-08-20 00:00:00,0.0,0.0,0.0,0.0,0.0,0.0,0.0
2019-08-20 04:00:00,0.0,0.0,0.0,0.0,0.0,0.0,0.0
2019-08-20 08:00:00,0.0,0.0,0.0,0.0,0.0,0.0,0.0
2019-08-20 12:00:00,0.0,0.0,0.0,0.0,0.0,0.0,0.0
2019-08-20 16:00:00,0.0,0.0,0.0,0.0,0.0,0.0,0.0
2019-08-20 20:00:00,0.0,0.0,0.0,0.0,0.0,0.0,0.0
2019-08-21 00:00:00,0.0,0.0,0.0,0.0,0.0,0.0,0.0
2019-08-21 04:00:00,0.0,0.0,0.0,0.0,0.0,0.0,0.0
2019-08-21 08:00:00,0.0,0.0,0.0,0.0,0.0,0.0,0.0
2019-08-21 12:00:00,0.0,0.0,0.0,0.0,0.0,0.0,0.0
2019-08-21 16:00:00,0.0,0.0,0.0,0.0,0.0,0.0,0.0
2019-08-21 20:00:00,0.0,0.0,0.0,0.0,0.0,0.0,0.0
2019-08-22 00:00:00,0.0,0.0,0.0,0.0,0.0,0.0,0.0
2019-08-22 04:00:00,0.0,0.0,0.0,0.0,0.0,0.0,0.0
2019-08-22 08:00:00,0.0,0.0,0.0,0.0,0.0,0.0,0.0
2019-08-22 12:00:00,0.0,0.0,0.0,0.0,0.0,0.0,0.0
2019-08-22 16:00:00,0.0,0.0,0.0,0.0,0.0,0.0,0.0
2019-08-22 20:00:00,0.0,0.0,0.0,0.0,0.0,0.0,0.0
2019-08-23 00:00:00,0.0,0.0,0.0,0.0,0.0,0.0,0.0
2019-08-23 04:00:00,0.0,0.0,0.0,0.0,0.0,0.0,0.0
2019-08-23 08:00:00,0.0,0.0,0.0,0.0,0.0,0.0,0.0
2019-08-23 12:00:00,0.0,0.0,0.0,0.0,0.0,0.0,0.0
2019-08-23 16:00:00,0.0,0.0,0.0,0.0,0.0,0.0,0.0
2019-08-23 20:00:00,0.0,0.0,0.0,0.0,0.0,0.0,0.0
2019-08-24 00:00:00,0.0,0.0,0.0,0.0,0.0,0.0,0.0
2019-08-24 04:00:00,0.0,0.0,0.0,0.0,0.0,0.0,0.0
2019-08-24 08:00:00,0.0,0.0,0.0,0.0,0.0,0.0,0.0
2019-08-24 12:00:00,0.0,0.0,0.0,0.0,0.0,0.0,0.0
2019-08-24 16:00:00,0.0,0.0,0.0,0.0,0.0,0.0,0.0
2019-08-24 20:00:00,0.0,0.0,0.0,0.0,0.0,0.0,0.0
2019-08-25 00:00:00,0.0,0.0,0.0,0.0,0.0,0.0,0.0
2019-08-25 04:00:00,0.2091717547119726,0.0,0.0,0.0,0.0,0.0,0.0
2019-08-25 08:00:00,0.2091717547119726,0.0,0.0,0.0,0.0,0.0,0.0
2019-08-25 12:00:00,0.2091717547119726,0.0,0.0,0.0,0.0,0.0,0.0
2019-08-25 16:00:00,0.2091717547119726,0.0,0.0,0.0,0.0,0.0,0.0
2019-08-25 20:00:00,0.0,0.0,0.0,0.0,0.0,0.0,0.0
2019-08-26 00:00:00,0.0,0.0,0.0,0.0,0.0,0.0,0.0
2019-08-26 04:00:00,0.0,0.0,0.0,0.0,0.0,0.0,0.0
2019-08-26 08:00:00,0.0,0.0,0.0,0.0,0.0,0.0,0.0
2019-08-26 12:00:00,0.0,0.0,0.0,0.0,0.0,0.0,0.0
2019-08-26 16:00:00,0.0,0.0,0.0,0.0,0.0,0.0,0.0
2019-08-26 20:00:00,0.0,0.0,0.0,0.0,0.0,0.0,0.0
2019-08-27 00:00:00,0.0,0.0,0.0,0.0,0.0,0.0,0.0
2019-08-27 04:00:00,0.0,0.0,0.0,0.0,0.0,0.0,0.0
2019-08-27 08:00:00,0.0,0.0,0.0,0.0,0.0,0.0,0.0
2019-08-27 12:00:00,0.0,0.0,0.0,0.0,0.0,0.0,0.0
2019-08-27 16:00:00,0.0,0.0,0.0,0.0,0.0,0.0,0.0
2019-08-27 20:00:00,0.0,0.0,0.0,0.0,0.0,0.0,0.0
2019-08-28 00:00:00,0.0,0.0,0.0,0.0,0.0,0.0,0.0
2019-08-28 04:00:00,0.0,0.0,0.0,0.0,0.0,0.0,0.0
2019-08-28 08:00:00,0.0,0.0,0.0,0.0,0.0,0.0,0.0
2019-08-28 12:00:00,0.0,0.0,0.0,0.0,0.0,0.0,0.0
2019-08-28 16:00:00,0.0,0.0,0.0,0.0,0.0,0.0,0.0
2019-08-28 20:00:00,0.0,0.0,0.0,0.0,0.0,0.0,0.0
2019-08-29 00:00:00,0.0,0.0,0.0,0.0,0.0,0.0,0.0
2019-08-29 04:00:00,0.0,0.0,0.0,0.0,0.0,0.0,0.0
2019-08-29 08:00:00,0.0,0.0,0.0,0.0,0.0,0.0,0.0
2019-08-29 12:00:00,0.0,0.0,0.0,0.0,0.0,0.0,0.0
2019-08-29 16:00:00,0.0,0.0,0.0,0.0,0.0,0.0,0.0
2019-08-29 20:00:00,0.0,0.0,0.0,0.0,0.0,0.0,0.0
2019-08-30 00:00:00,0.0,0.0,0.0,0.0,0.0,0.0,0.0
2019-08-30 04:00:00,0.0,0.0,0.0,0.0,0.0,0.0,0.0
2019-08-30 08:00:00,0.0,0.0,0.0,0.0,0.0,0.0,0.0
2019-08-30 12:00:00,0.0,0.0,0.0,0.0,0.0,0.0,0.0
2019-08-30 16:00:00,0.0,0.0,0.0,0.0,0.0,0.0,0.0
2019-08-30 20:00:00,0.0,0.0,0.0,0.0,0.0,0.0,0.0
2019-08-31 00:00:00,0.0,0.0,0.0,0.0,0.0,0.0,0.0
2019-08-31 04:00:00,0.0,0.0,0.0,0.0,0.0,0.0,0.0
2019-08-31 08:00:00,0.0,0.0,0.0,0.0,0.0,0.0,0.0
2019-08-31 12:00:00,0.0,0.0,0.0,0.0,0.0,0.0,0.0
2019-08-31 16:00:00,0.0,0.0,0.0,0.0,0.0,0.0,0.0
2019-08-31 20:00:00,0.0,0.0,0.0,0.0,0.0,0.0,0.0
2019-09-01 00:00:00,0.0,0.0,0.0,0.0,0.0,0.0,0.0
2019-09-01 04:00:00,0.0,0.0,0.0,0.0,0.0,0.0,0.0
2019-09-01 08:00:00,0.0,0.0,0.0,0.0,0.0,0.0,0.0
2019-09-01 12:00:00,0.0,0.0,0.0,0.0,0.0,0.0,0.0
2019-09-01 16:00:00,0.0,0.0,0.0,0.0,0.0,0.0,0.0
2019-09-01 20:00:00,0.0,0.0,0.0,0.0,0.0,0.0,0.0
2019-09-02 00:00:00,0.0,0.0,0.0,0.0,0.0,0.0,0.0
2019-09-02 04:00:00,0.0,0.0,0.0,0.0,0.0,0.0,0.0
2019-09-02 08:00:00,0.0,0.0,0.0,0.0,0.0,0.0,0.0
2019-09-02 12:00:00,0.0,0.0,0.0,0.0,0.0,0.0,0.0
2019-09-02 16:00:00,0.0,0.0,0.0,0.0,0.0,0.0,0.0
2019-09-02 20:00:00,0.0,0.0,0.0,0.0,0.0,0.0,0.0
2019-09-03 00:00:00,0.0,0.0,0.0,0.0,0.0,0.0,0.0
2019-09-03 04:00:00,0.0,0.0,0.0,0.0,0.0,0.0,0.0
2019-09-03 08:00:00,0.0,0.0,0.0,0.0,0.0,0.0,0.0
2019-09-03 12:00:00,0.0,0.0,0.0,0.0,0.0,0.0,0.0
2019-09-03 16:00:00,0.0,0.0,0.0,0.3874449557470794,0.0,0.0,0.0
2019-09-03 20:00:00,0.0,0.0,0.0,0.3874449557470794,0.0,0.0,0.0
2019-09-04 00:00:00,0.0,0.0,0.0,0.3874449557470794,0.0,0.0,0.0
2019-09-04 04:00:00,0.0,0.0,0.0,0.0,0.0,0.0,0.0
2019-09-04 08:00:00,0.0,0.0,0.0,0.0,0.0,0.0,0.0
2019-09-04 12:00:00,0.0,0.0,0.0,0.0,0.0,0.0,0.0
2019-09-04 16:00:00,0.0,0.0,0.0,0.0,0.0,0.0,0.0
2019-09-04 20:00:00,0.0,0.0,0.0,0.0,0.0,0.0,0.0
2019-09-05 00:00:00,0.0,0.0,0.0,0.0,0.0,0.0,0.0
2019-09-05 04:00:00,0.0,0.0,0.0,0.0,0.0,0.0,0.0
2019-09-05 08:00:00,0.0,0.0,0.0,0.0,0.0,0.0,0.0
2019-09-05 12:00:00,0.0,0.0,0.0,0.0,0.0,0.0,0.0
2019-09-05 16:00:00,0.0,0.0,0.0,0.0,0.0,0.0,0.0
2019-09-05 20:00:00,0.0,0.0,0.0,0.0,0.0,0.0,0.0
2019-09-06 00:00:00,0.0,0.0,0.0,0.0,0.0,0.0,0.0
2019-09-06 04:00:00,0.0,0.0,0.0,0.0,0.0,0.0,0.0
2019-09-06 08:00:00,0.0,0.0,0.0,0.0,0.0,0.0,0.0
2019-09-06 12:00:00,0.0,0.0,0.0,0.0,0.0,0.0,0.0
2019-09-06 16:00:00,0.0,0.0,0.0,0.0,0.0,0.0,0.0
2019-09-06 20:00:00,0.0,0.0,0.0,0.0,0.0,0.0,0.0
2019-09-07 00:00:00,0.0,0.0,0.0,0.0,0.0,0.0,0.0
2019-09-07 04:00:00,0.0,0.0,0.0,0.0,0.0,0.0,0.0
2019-09-07 08:00:00,0.0,0.0,0.0,0.0,0.0,0.0,0.0
2019-09-07 12:00:00,0.0,0.0,0.0,0.0,0.0,0.0,0.0
2019-09-07 16:00:00,0.0,0.0,0.0,0.0,0.0,0.0,0.0
2019-09-07 20:00:00,0.0,0.0,0.0,0.0,0.0,0.0,0.0
2019-09-08 00:00:00,0.0,0.0,0.0,0.0,0.0,0.0,0.0
2019-09-08 04:00:00,0.0,0.0,0.0,0.0,0.0,0.0,0.0
2019-09-08 08:00:00,0.0,0.0,0.0,0.0,0.0,0.0,0.0
2019-09-08 12:00:00,0.0,0.0,0.0,0.0,0.0,0.0,0.0
2019-09-08 16:00:00,0.0,0.0,0.0,0.0,0.0,0.0,0.0
2019-09-08 20:00:00,0.0,0.0,0.0,0.0,0.0,0.0,0.0
2019-09-09 00:00:00,0.0,0.0,0.0,0.0,0.0,0.0,0.0
2019-09-09 04:00:00,0.0,0.0,0.0,0.0,0.0,0.0,0.0
2019-09-09 08:00:00,0.0,0.0,0.0,0.0,0.0,0.0,0.0
2019-09-09 12:00:00,0.0,0.0,0.0,0.0,0.0,0.0,0.0
2019-09-09 16:00:00,0.0,0.0,0.0,0.0,0.0,0.0,0.0
2019-09-09 20:00:00,0.0,0.0,0.0,0.0,0.0,0.0,0.0
2019-09-10 00:00:00,0.0,0.0,0.0,0.0,0.0,0.0,0.0
2019-09-10 04:00:00,0.0,0.0,0.0,0.0,0.0,0.0,0.0
2019-09-10 08:00:00,0.25954873646209436,0.0,0.0,0.0,0.0,0.0,0.0
2019-09-10 12:00:00,0.25954873646209436,0.0,0.0,0.0,0.0,0.0,0.0
2019-09-10 16:00:00,0.25954873646209436,0.0,0.0,0.0,0.0,0.0,0.0
2019-09-10 20:00:00,0.0,0.0,0.0,0.0,0.0,0.0,0.0
2019-09-11 00:00:00,0.0,0.0,0.0,0.0,0.0,0.0,0.0
2019-09-11 04:00:00,0.0,0.0,0.0,0.0,0.0,0.0,0.0
2019-09-11 08:00:00,0.0,0.0,0.0,0.0,0.0,0.0,0.0
2019-09-11 12:00:00,0.0,0.0,0.0,0.0,0.0,0.0,0.0
2019-09-11 16:00:00,0.0,0.0,0.0,0.0,0.0,0.0,0.0
2019-09-11 20:00:00,0.0,0.0,0.0,0.0,0.0,0.0,0.0
2019-09-12 00:00:00,0.0,0.0,0.0,0.0,0.0,0.0,0.0
2019-09-12 04:00:00,0.0,0.0,0.0,0.0,0.0,0.0,0.0
2019-09-12 08:00:00,0.0,0.0,0.0,0.0,0.0,0.0,0.0
2019-09-12 12:00:00,0.0,0.0,0.0,0.0,0.0,0.0,0.0
2019-09-12 16:00:00,0.0,0.0,0.0,0.0,0.0,0.0,0.0
2019-09-12 20:00:00,0.0,0.0,0.0,0.0,0.0,0.0,0.0
2019-09-13 00:00:00,0.0,0.0,0.0,0.0,0.0,0.0,0.0
2019-09-13 04:00:00,0.0,0.0,0.0,0.0,0.0,0.0,0.0
2019-09-13 08:00:00,0.0,0.0,0.0,0.0,0.0,0.0,0.0
2019-09-13 12:00:00,0.0,0.0,0.0,0.0,0.0,0.0,0.0
2019-09-13 16:00:00,0.0,0.0,0.0,0.0,0.0,0.0,0.0
2019-09-13 20:00:00,0.0,0.0,0.0,0.0,0.0,0.0,0.0
2019-09-14 00:00:00,0.0,0.0,0.0,0.0,0.0,0.0,0.0
2019-09-14 04:00:00,0.0,0.0,0.0,0.0,0.0,0.0,0.0
2019-09-14 08:00:00,0.0,0.0,0.0,0.0,0.0,0.0,0.0
2019-09-14 12:00:00,0.0,0.0,0.0,0.0,0.0,0.0,0.0
2019-09-14 16:00:00,0.0,0.0,0.0,0.0,0.0,0.0,0.0
2019-09-14 20:00:00,0.0,0.0,0.0,0.0,0.3388741081146454,0.0,0.0
2019-09-15 00:00:00,0.0,0.0,0.0,0.0,0.3388741081146454,0.0,0.0
2019-09-15 04:00:00,0.0,0.0,0.0,0.0,0.3388741081146454,0.0,0.0
2019-09-15 08:00:00,0.0,0.0,0.0,0.0,0.3388741081146454,0.0,0.0
2019-09-15 12:00:00,0.0,0.0,0.0,0.0,0.3388741081146454,0.0,0.0
2019-09-15 16:00:00,0.0,0.0,0.0,0.0,0.3388741081146454,0.0,0.0
2019-09-15 20:00:00,0.0,0.0,0.0,0.0,0.3388741081146454,0.0,0.0
2019-09-16 00:00:00,0.0,0.0,0.0,0.0,0.3388741081146454,0.0,0.0
2019-09-16 04:00:00,0.0,0.0,0.0,0.0,0.3388741081146454,0.0,0.0
2019-09-16 08:00:00,0.0,0.0,0.0,0.0,0.3388741081146454,0.0,0.0
2019-09-16 12:00:00,0.0,0.0,0.0,0.0,0.3388741081146454,0.0,0.0
2019-09-16 16:00:00,0.0,0.0,0.0,0.0,0.0,0.0,0.0
2019-09-16 20:00:00,0.0,0.0,0.0,0.0,0.0,0.0,0.0
2019-09-17 00:00:00,0.0,0.0,0.0,0.0,0.36414327917282147,0.0,0.0
2019-09-17 04:00:00,0.0,0.0,0.0,0.0,0.36414327917282147,0.0,0.0
2019-09-17 08:00:00,0.0,0.0,0.0,0.0,0.36414327917282147,0.0,0.4118636223387851
2019-09-17 12:00:00,0.0,0.0,0.0,0.0,0.36414327917282147,0.0,0.4118636223387851
2019-09-17 16:00:00,0.30298260149130124,0.0,0.0,0.0,0.36414327917282147,0.0,0.0
2019-09-17 20:00:00,0.30298260149130124,0.0,0.0,0.0,0.0,0.0,0.34961150272348696
2019-09-18 00:00:00,0.30298260149130124,0.0,0.0,0.0,0.0,0.0,0.34961150272348696
2019-09-18 04:00:00,0.30298260149130124,0.0,0.0,0.0,0.0,0.0,0.0
2019-09-18 08:00:00,0.30298260149130124,0.0,0.0,0.0,0.30104515050167274,0.0,0.0
2019-09-18 12:00:00,0.30298260149130124,0.0,0.0,0.0,0.30104515050167274,0.0,0.0
2019-09-18 16:00:00,0.0,0.0,0.0,0.0,0.30104515050167274,0.0,0.2504796036681773
2019-09-18 20:00:00,0.0,0.0,0.0,0.0,0.30104515050167274,0.0,0.2504796036681773
2019-09-19 00:00:00,0.0,0.0,0.0,0.0,0.30104515050167274,0.0,0.2504796036681773
2019-09-19 04:00:00,0.0,0.0,0.0,0.0,0.0,0.0,0.0
2019-09-19 08:00:00,0.0,0.0,0.0,0.0,0.0,0.0,0.0
2019-09-19 12:00:00,0.0,0.0,0.0,0.0,0.0,0.0,0.0
2019-09-19 16:00:00,0.0,0.0,0.0,0.0,0.0,0.0,0.0
2019-09-19 20:00:00,0.0,0.0,0.0,0.0,0.23892764672036856,0.0,0.0
2019-09-20 00:00:00,0.0,0.0,0.0,0.0,0.23892764672036856,0.0,0.0
2019-09-20 04:00:00,0.0,0.0,0.0,0.0,0.23892764672036856,0.0,0.0
2019-09-20 08:00:00,0.0,0.0,0.0,0.0,0.23892764672036856,0.0,0.0
2019-09-20 12:00:00,0.0,0.0,0.0,0.0,0.23892764672036856,0.0,0.0
2019-09-20 16:00:00,0.0,0.0,0.0,0.0,0.23892764672036856,0.0,0.0
2019-09-20 20:00:00,0.0,0.0,0.0,0.0,0.0,0.0,0.0
2019-09-21 00:00:00,0.0,0.0,0.0,0.0,0.0,0.0,0.0
2019-09-21 04:00:00,0.0,0.0,0.0,0.0,0.0,0.0,0.0
2019-09-21 08:00:00,0.0,0.0,0.0,0.0,0.0,0.0,0.0
2019-09-21 12:00:00,0.0,0.0,0.0,0.0,0.0,0.0,0.0
2019-09-21 16:00:00,0.0,0.0,0.0,0.0,0.0,0.0,0.0
2019-09-21 20:00:00,0.0,0.0,0.0,0.0,0.0,0.0,0.0
2019-09-22 00:00:00,0.0,0.0,0.0,0.0,0.0,0.0,0.0
2019-09-22 04:00:00,0.0,0.0,0.0,0.0,0.0,0.0,0.0
2019-09-22 08:00:00,0.0,0.0,0.0,0.0,0.0,0.0,0.0
2019-09-22 12:00:00,0.0,0.0,0.0,0.0,0.0,0.0,0.0
2019-09-22 16:00:00,0.0,0.0,0.0,0.0,0.0,0.0,0.0
2019-09-22 20:00:00,0.0,0.0,0.0,0.0,0.0,0.0,0.0
2019-09-23 00:00:00,0.0,0.0,0.0,0.0,0.0,0.0,0.0
2019-09-23 04:00:00,0.0,0.0,0.0,0.0,0.0,0.0,0.0
2019-09-23 08:00:00,0.0,0.0,0.0,0.0,0.0,0.0,0.0
2019-09-23 12:00:00,0.0,0.0,0.0,0.0,0.0,0.0,0.0
2019-09-23 16:00:00,0.0,0.0,0.0,0.0,0.0,0.0,0.0
2019-09-23 20:00:00,0.0,0.0,0.0,0.0,0.0,0.0,0.0
2019-09-24 00:00:00,0.0,0.0,0.0,0.0,0.0,0.0,0.0
2019-09-24 04:00:00,0.0,0.0,0.0,0.0,0.0,0.0,0.0
2019-09-24 08:00:00,0.0,0.0,0.0,0.0,0.0,0.0,0.0
2019-09-24 12:00:00,0.0,0.0,0.0,0.0,0.0,0.0,0.0
2019-09-24 16:00:00,0.0,0.0,0.0,0.0,0.0,0.0,0.0
2019-09-24 20:00:00,0.0,0.0,0.0,0.0,0.0,0.0,0.0
2019-09-25 00:00:00,0.0,0.0,0.0,0.0,0.0,0.0,0.0
2019-09-25 04:00:00,0.0,0.0,0.0,0.0,0.0,0.0,0.0
2019-09-25 08:00:00,0.0,0.0,0.0,0.0,0.0,0.0,0.0
2019-09-25 12:00:00,0.0,0.0,0.0,0.0,0.0,0.0,0.0
2019-09-25 16:00:00,0.0,0.0,0.0,0.0,0.0,0.0,0.0
2019-09-25 20:00:00,0.0,0.0,0.0,0.0,0.0,0.0,0.0
2019-09-26 00:00:00,0.0,0.0,0.0,0.0,0.0,0.0,0.0
2019-09-26 04:00:00,0.0,0.0,0.0,0.0,0.0,0.0,0.0
2019-09-26 08:00:00,0.0,0.0,0.0,0.0,0.0,0.0,0.0
2019-09-26 12:00:00,0.0,0.0,0.0,0.0,0.0,0.0,0.0
2019-09-26 16:00:00,0.0,0.0,0.0,0.0,0.0,0.0,0.0
2019-09-26 20:00:00,0.0,0.0,0.0,0.0,0.0,0.0,0.0
2019-09-27 00:00:00,0.0,0.0,0.0,0.0,0.0,0.0,0.0
2019-09-27 04:00:00,0.0,0.0,0.0,0.0,0.0,0.0,0.0
2019-09-27 08:00:00,0.0,0.0,0.0,0.0,0.0,0.0,0.0
2019-09-27 12:00:00,0.0,0.0,0.0,0.0,0.0,0.0,0.0
2019-09-27 16:00:00,0.0,0.0,0.0,0.0,0.0,0.0,0.0
2019-09-27 20:00:00,0.0,0.0,0.0,0.0,0.0,0.0,0.0
2019-09-28 00:00:00,0.0,0.0,0.0,0.0,0.0,0.0,0.0
2019-09-28 04:00:00,0.0,0.0,0.0,0.0,0.0,0.0,0.0
2019-09-28 08:00:00,0.0,0.0,0.0,0.0,0.0,0.0,0.0
2019-09-28 12:00:00,0.0,0.0,0.0,0.0,0.0,0.0,0.0
2019-09-28 16:00:00,0.0,0.0,0.0,0.0,0.0,0.0,0.0
2019-09-28 20:00:00,0.0,0.0,0.0,0.0,0.0,0.0,0.0
2019-09-29 00:00:00,0.0,0.0,0.0,0.0,0.0,0.0,0.0
2019-09-29 04:00:00,0.0,0.0,0.0,0.0,0.0,0.0,0.0
2019-09-29 08:00:00,0.0,0.0,0.0,0.0,0.0,0.0,0.0
2019-09-29 12:00:00,0.0,0.0,0.0,0.0,0.0,0.0,0.0
2019-09-29 16:00:00,0.0,0.0,0.0,0.0,0.0,0.0,0.0
2019-09-29 20:00:00,0.0,0.0,0.0,0.0,0.0,0.0,0.0
2019-09-30 00:00:00,0.0,0.0,0.0,0.0,0.0,0.0,0.0
2019-09-30 04:00:00,0.0,0.0,0.0,0.0,0.0,0.0,0.0
2019-09-30 08:00:00,0.0,0.0,0.0,0.0,0.0,0.0,0.0
2019-09-30 12:00:00,0.0,0.0,0.0,0.0,0.0,0.0,0.0
2019-09-30 16:00:00,0.0,0.0,0.0,0.0,0.0,0.0,0.0
2019-09-30 20:00:00,0.0,0.0,0.0,0.0,0.0,0.0,0.0
2019-10-01 00:00:00,0.0,0.0,0.0,0.0,0.0,0.0,0.0
2019-10-01 04:00:00,0.0,0.0,0.0,0.0,0.0,0.0,0.0
2019-10-01 08:00:00,0.0,0.0,0.0,0.0,0.0,0.0,0.0
2019-10-01 12:00:00,0.0,0.0,0.0,0.0,0.0,0.0,0.0
2019-10-01 16:00:00,0.0,0.0,0.0,0.0,0.0,0.0,0.0
2019-10-01 20:00:00,0.0,0.0,0.0,0.0,0.0,0.0,0.0
2019-10-02 00:00:00,0.0,0.0,0.0,0.0,0.0,0.0,0.0
2019-10-02 04:00:00,0.0,0.0,0.0,0.0,0.0,0.0,0.0
2019-10-02 08:00:00,0.0,0.0,0.0,0.0,0.0,0.0,0.0
2019-10-02 12:00:00,0.0,0.0,0.0,0.0,0.0,0.0,0.0
2019-10-02 16:00:00,0.0,0.0,0.0,0.0,0.0,0.0,0.0
2019-10-02 20:00:00,0.0,0.0,0.0,0.0,0.0,0.0,0.0
2019-10-03 00:00:00,0.0,0.0,0.0,0.0,0.0,0.0,0.0
2019-10-03 04:00:00,0.0,0.0,0.0,0.0,0.0,0.0,0.0
2019-10-03 08:00:00,0.0,0.0,0.0,0.0,0.0,0.0,0.0
2019-10-03 12:00:00,0.0,0.0,0.0,0.0,0.0,0.0,0.0
2019-10-03 16:00:00,0.0,0.0,0.0,0.0,0.0,0.0,0.0
2019-10-03 20:00:00,0.0,0.0,0.0,0.0,0.0,0.0,0.0
2019-10-04 00:00:00,0.0,0.0,0.0,0.0,0.0,0.0,0.0
2019-10-04 04:00:00,0.0,0.0,0.0,0.0,0.0,0.0,0.0
2019-10-04 08:00:00,0.0,0.0,0.0,0.0,0.0,0.0,0.0
2019-10-04 12:00:00,0.0,0.0,0.0,0.0,0.0,0.0,0.0
2019-10-04 16:00:00,0.0,0.0,0.0,0.0,0.0,0.0,0.0
2019-10-04 20:00:00,0.0,0.0,0.0,0.0,0.0,0.0,0.0
2019-10-05 00:00:00,0.0,0.0,0.0,0.0,0.0,0.0,0.0
2019-10-05 04:00:00,0.0,0.0,0.0,0.0,0.0,0.0,0.0
2019-10-05 08:00:00,0.0,0.0,0.0,0.0,0.0,0.0,0.0
2019-10-05 12:00:00,0.0,0.0,0.0,0.0,0.0,0.0,0.0
2019-10-05 16:00:00,0.0,0.0,0.0,0.0,0.0,0.0,0.0
2019-10-05 20:00:00,0.0,0.0,0.0,0.0,0.0,0.0,0.0
2019-10-06 00:00:00,0.0,0.0,0.0,0.0,0.0,0.0,0.0
2019-10-06 04:00:00,0.0,0.0,0.0,0.0,0.0,0.0,0.0
2019-10-06 08:00:00,0.0,0.0,0.0,0.0,0.0,0.0,0.0
2019-10-06 12:00:00,0.0,0.0,0.0,0.0,0.0,0.0,0.0
2019-10-06 16:00:00,0.0,0.0,0.0,0.0,0.0,0.0,0.0
2019-10-06 20:00:00,0.0,0.0,0.0,0.0,0.0,0.0,0.0
2019-10-07 00:00:00,0.0,0.0,0.0,0.0,0.0,0.0,0.0
2019-10-07 04:00:00,0.0,0.0,0.0,0.0,0.0,0.0,0.27130637636080873
2019-10-07 08:00:00,0.0,0.0,0.0,0.0,0.0,0.0,0.27130637636080873
2019-10-07 12:00:00,0.0,0.0,0.0,0.0,0.0,0.0,0.27130637636080873
2019-10-07 16:00:00,0.0,0.0,0.0,0.0,0.0,0.0,0.27130637636080873
2019-10-07 20:00:00,0.0,0.0,0.0,0.0,0.0,0.0,0.27130637636080873
2019-10-08 00:00:00,0.0,0.0,0.0,0.0,0.0,0.0,0.27130637636080873
2019-10-08 04:00:00,0.0,0.0,0.0,0.0,0.0,0.0,0.27130637636080873
2019-10-08 08:00:00,0.0,0.0,0.0,0.0,0.0,0.0,0.27130637636080873
2019-10-08 12:00:00,0.0,0.0,0.0,0.0,0.0,0.0,0.27130637636080873
2019-10-08 16:00:00,0.0,0.0,0.0,0.0,0.0,0.0,0.27130637636080873
2019-10-08 20:00:00,0.0,0.0,0.0,0.0,0.0,0.0,0.27130637636080873
2019-10-09 00:00:00,0.0,0.0,0.0,0.0,0.0,0.0,0.27130637636080873
2019-10-09 04:00:00,0.0,0.0,0.0,0.0,0.0,0.0,0.27130637636080873
2019-10-09 08:00:00,0.0,0.0,0.2932054665084183,0.0,0.0,0.0,0.27130637636080873
2019-10-09 12:00:00,0.2331103074141046,0.0,0.0,0.0,0.0,0.0,0.27130637636080873
2019-10-09 16:00:00,0.2331103074141046,0.0,0.0,0.0,0.25775504686373457,0.0,0.27130637636080873
2019-10-09 20:00:00,0.2331103074141046,0.0,0.0,0.0,0.25775504686373457,0.0,0.27130637636080873
2019-10-10 00:00:00,0.2331103074141046,0.0,0.0,0.0,0.25775504686373457,0.0,0.27130637636080873
2019-10-10 04:00:00,0.2331103074141046,0.0,0.0,0.0,0.25775504686373457,0.0,0.27130637636080873
2019-10-10 08:00:00,0.2331103074141046,0.0,0.0,0.0,0.25775504686373457,0.0,0.27130637636080873
2019-10-10 12:00:00,0.0,0.0,0.0,0.0,0.25775504686373457,0.0,0.0
2019-10-10 16:00:00,0.0,0.0,0.0,0.0,0.25775504686373457,0.0,0.0
2019-10-10 20:00:00,0.0,0.0,0.0,0.0,0.25775504686373457,0.0,0.0
2019-10-11 00:00:00,0.0,0.0,0.0,0.0,0.25775504686373457,0.0,0.0
2019-10-11 04:00:00,0.0,0.0,0.0,0.0,0.25775504686373457,0.0,0.0
2019-10-11 08:00:00,0.0,0.0,0.0,0.0,0.0,0.0,0.0
2019-10-11 12:00:00,0.0,0.0,0.0,0.0,0.0,0.0,0.0
2019-10-11 16:00:00,0.0,0.0,0.0,0.0,0.0,0.0,0.0
2019-10-11 20:00:00,0.0,0.0,0.0,0.0,0.0,0.0,0.0
2019-10-12 00:00:00,0.0,0.0,0.0,0.0,0.0,0.0,0.0
2019-10-12 04:00:00,0.0,0.0,0.0,0.0,0.0,0.0,0.0
2019-10-12 08:00:00,0.0,0.0,0.0,0.0,0.0,0.0,0.0
2019-10-12 12:00:00,0.0,0.0,0.0,0.0,0.0,0.0,0.0
2019-10-12 16:00:00,0.0,0.0,0.0,0.0,0.0,0.0,0.0
2019-10-12 20:00:00,0.0,0.0,0.0,0.0,0.0,0.0,0.0
2019-10-13 00:00:00,0.0,0.0,0.0,0.0,0.0,0.0,0.0
2019-10-13 04:00:00,0.0,0.0,0.0,0.0,0.0,0.0,0.0
2019-10-13 08:00:00,0.0,0.0,0.0,0.0,0.0,0.0,0.0
2019-10-13 12:00:00,0.0,0.0,0.0,0.0,0.0,0.0,0.0
2019-10-13 16:00:00,0.0,0.0,0.1933976924386925,0.0,0.0,0.0,0.0
2019-10-13 20:00:00,0.0,0.0,0.1933976924386925,0.0,0.0,0.0,0.0
2019-10-14 00:00:00,0.0,0.0,0.1933976924386925,0.0,0.0,0.0,0.0
2019-10-14 04:00:00,0.0,0.0,0.1933976924386925,0.0,0.0,0.0,0.0
2019-10-14 08:00:00,0.0,0.0,0.1933976924386925,0.0,0.0,0.0,0.26087309705758477
2019-10-14 12:00:00,0.0,0.0,0.1933976924386925,0.0,0.0,0.0,0.26087309705758477
2019-10-14 16:00:00,0.0,0.0,0.1933976924386925,0.0,0.0,0.0,0.26087309705758477
2019-10-14 20:00:00,0.0,0.0,0.1933976924386925,0.0,0.0,0.0,0.26087309705758477
2019-10-15 00:00:00,0.0,0.0,0.1933976924386925,0.0,0.0,0.0,0.26087309705758477
2019-10-15 04:00:00,0.0,0.0,0.1933976924386925,0.0,0.0,0.0,0.26087309705758477
2019-10-15 08:00:00,0.0,0.0,0.1933976924386925,0.0,0.0,0.0,0.26087309705758477
2019-10-15 12:00:00,0.0,0.0,0.1933976924386925,0.0,0.0,0.0,0.26087309705758477
2019-10-15 16:00:00,0.0,0.0,0.1933976924386925,0.0,0.0,0.0,0.26087309705758477
2019-10-15 20:00:00,0.0,0.0,0.1933976924386925,0.0,0.0,0.0,0.0
2019-10-16 00:00:00,0.0,0.0,0.1933976924386925,0.0,0.0,0.0,0.0
2019-10-16 04:00:00,0.0,0.0,0.1933976924386925,0.0,0.0,0.0,0.0
2019-10-16 08:00:00,0.0,0.0,0.1933976924386925,0.0,0.0,0.0,0.0
2019-10-16 12:00:00,0.0,0.0,0.1933976924386925,0.0,0.0,0.0,0.0
2019-10-16 16:00:00,0.0,0.0,0.0,0.0,0.0,0.0,0.0
2019-10-16 20:00:00,0.0,0.0,0.0,0.0,0.0,0.0,0.0
2019-10-17 00:00:00,0.0,0.0,0.0,0.0,0.0,0.0,0.0
2019-10-17 04:00:00,0.0,0.0,0.0,0.0,0.0,0.0,0.0
2019-10-17 08:00:00,0.0,0.0,0.0,0.0,0.0,0.0,0.0
2019-10-17 12:00:00,0.0,0.0,0.0,0.0,0.0,0.0,0.0
2019-10-17 16:00:00,0.0,0.0,0.0,0.0,0.0,0.0,0.0
2019-10-17 20:00:00,0.0,0.0,0.0,0.0,0.0,0.0,0.0
2019-10-18 00:00:00,0.0,0.0,0.0,0.0,0.0,0.0,0.0
2019-10-18 04:00:00,0.0,0.0,0.0,0.0,0.0,0.0,0.0
2019-10-18 08:00:00,0.0,0.0,0.0,0.0,0.0,0.0,0.0
2019-10-18 12:00:00,0.0,0.0,0.0,0.0,0.0,0.0,0.0
2019-10-18 16:00:00,0.0,0.0,0.0,0.0,0.0,0.0,0.0
2019-10-18 20:00:00,0.0,0.0,0.0,0.0,0.0,0.0,0.0
2019-10-19 00:00:00,0.0,0.0,0.0,0.0,0.0,0.0,0.0
2019-10-19 04:00:00,0.0,0.0,0.0,0.0,0.0,0.0,0.0
2019-10-19 08:00:00,0.0,0.0,0.0,0.0,0.0,0.0,0.0
2019-10-19 12:00:00,0.0,0.0,0.0,0.0,0.0,0.0,0.0
2019-10-19 16:00:00,0.0,0.0,0.0,0.0,0.0,0.0,0.0
2019-10-19 20:00:00,0.0,0.0,0.0,0.0,0.0,0.0,0.0
2019-10-20 00:00:00,0.0,0.0,0.0,0.0,0.0,0.0,0.0
2019-10-20 04:00:00,0.0,0.0,0.0,0.0,0.0,0.0,0.0
2019-10-20 08:00:00,0.0,0.0,0.0,0.0,0.0,0.0,0.0
2019-10-20 12:00:00,0.0,0.0,0.0,0.0,0.0,0.0,0.0
2019-10-20 16:00:00,0.0,0.0,0.0,0.0,0.0,0.0,0.0
2019-10-20 20:00:00,0.0,0.0,0.0,0.0,0.0,0.0,0.0
2019-10-21 00:00:00,0.0,0.0,0.0,0.0,0.0,0.0,0.0
2019-10-21 04:00:00,0.0,0.0,0.0,0.0,0.0,0.0,0.0
2019-10-21 08:00:00,0.0,0.0,0.0,0.0,0.0,0.0,0.0
2019-10-21 12:00:00,0.0,0.0,0.0,0.0,0.0,0.0,0.0
2019-10-21 16:00:00,0.0,0.0,0.0,0.0,0.0,0.0,0.0
2019-10-21 20:00:00,0.0,0.0,0.0,0.0,0.0,0.0,0.0
2019-10-22 00:00:00,0.0,0.0,0.0,0.0,0.0,0.0,0.0
2019-10-22 04:00:00,0.0,0.0,0.0,0.0,0.0,0.0,0.0
2019-10-22 08:00:00,0.0,0.0,0.0,0.0,0.0,0.0,0.0
2019-10-22 12:00:00,0.0,0.0,0.0,0.0,0.0,0.0,0.0
2019-10-22 16:00:00,0.0,0.0,0.0,0.0,0.0,0.0,0.0
2019-10-22 20:00:00,0.0,0.0,0.0,0.0,0.0,0.0,0.0
2019-10-23 00:00:00,0.0,0.0,0.0,0.0,0.0,0.0,0.0
2019-10-23 04:00:00,0.0,0.0,0.0,0.0,0.0,0.0,0.0
2019-10-23 08:00:00,0.0,0.0,0.0,0.0,0.0,0.0,0.0
2019-10-23 12:00:00,0.0,0.0,0.0,0.0,0.0,0.0,0.0
2019-10-23 16:00:00,0.0,0.0,0.0,0.0,0.0,0.0,0.0
2019-10-23 20:00:00,0.0,0.0,0.0,0.0,0.0,0.0,0.0
2019-10-24 00:00:00,0.0,0.0,0.0,0.0,0.0,0.0,0.0
2019-10-24 04:00:00,0.0,0.0,0.0,0.0,0.0,0.0,0.0
2019-10-24 08:00:00,0.0,0.0,0.0,0.0,0.0,0.0,0.0
2019-10-24 12:00:00,0.0,0.0,0.0,0.0,0.0,0.0,0.0
2019-10-24 16:00:00,0.0,0.0,0.0,0.0,0.0,0.0,0.0
2019-10-24 20:00:00,0.0,0.0,0.0,0.0,0.0,0.0,0.0
2019-10-25 00:00:00,0.0,0.0,0.0,0.0,0.0,0.0,0.0
2019-10-25 04:00:00,0.0,0.0,0.0,0.0,0.0,0.0,0.0
2019-10-25 08:00:00,0.0,0.0,0.0,0.0,0.0,0.0,0.0
2019-10-25 12:00:00,0.0,0.0,0.0,0.0,0.0,0.0,0.0
2019-10-25 16:00:00,0.0,0.0,0.0,0.0,0.0,0.0,0.0
2019-10-25 20:00:00,0.2381437355880089,0.0,0.0,0.2832231620010577,0.0,0.0,0.0
2019-10-26 00:00:00,0.2381437355880089,0.0,0.0,0.2832231620010577,0.0,0.0,0.0
2019-10-26 04:00:00,0.2381437355880089,0.0,0.2087501713032752,0.0,0.0,0.0,0.0
2019-10-26 08:00:00,0.2381437355880089,0.0,0.2087501713032752,0.0,0.0,0.0,0.0
2019-10-26 12:00:00,0.2381437355880089,0.0,0.0,0.0,0.0,0.0,0.0
2019-10-26 16:00:00,0.2381437355880089,0.0,0.0,0.0,0.0,0.0,0.0
2019-10-26 20:00:00,0.0,0.0,0.0,0.0,0.0,0.0,0.0
2019-10-27 00:00:00,0.0,0.0,0.0,0.0,0.0,0.0,0.0
2019-10-27 04:00:00,0.0,0.0,0.0,0.0,0.0,0.0,0.0
2019-10-27 08:00:00,0.0,0.0,0.0,0.0,0.0,0.0,0.0
2019-10-27 12:00:00,0.0,0.0,0.0,0.0,0.0,0.0,0.0
2019-10-27 16:00:00,0.0,0.0,0.0,0.0,0.0,0.0,0.0
2019-10-27 20:00:00,0.0,0.0,0.0,0.0,0.0,0.0,0.0
2019-10-28 00:00:00,0.0,0.0,0.0,0.0,0.0,0.0,0.0
2019-10-28 04:00:00,0.0,0.0,0.1630945816986535,0.0,0.0,0.0,0.0
2019-10-28 08:00:00,0.0,0.0,0.1630945816986535,0.0,0.0,0.0,0.0
2019-10-28 12:00:00,0.0,0.0,0.1630945816986535,0.0,0.0,0.0,0.0
2019-10-28 16:00:00,0.0,0.0,0.1630945816986535,0.0,0.0,0.0,0.0
2019-10-28 20:00:00,0.0,0.0,0.1630945816986535,0.0,0.0,0.0,0.0
2019-10-29 00:00:00,0.0,0.0,0.1630945816986535,0.0,0.0,0.0,0.0
2019-10-29 04:00:00,0.0,0.0,0.1630945816986535,0.0,0.0,0.0,0.0
2019-10-29 08:00:00,0.0,0.0,0.1630945816986535,0.0,0.0,0.0,0.0
2019-10-29 12:00:00,0.0,0.0,0.1630945816986535,0.0,0.0,0.0,0.0
2019-10-29 16:00:00,0.0,0.0,0.1630945816986535,0.0,0.0,0.0,0.0
2019-10-29 20:00:00,0.0,0.0,0.1630945816986535,0.0,0.0,0.0,0.0
2019-10-30 00:00:00,0.0,0.0,0.1630945816986535,0.0,0.0,0.0,0.0
2019-10-30 04:00:00,0.0,0.0,0.1630945816986535,0.0,0.0,0.0,0.0
2019-10-30 08:00:00,0.0,0.0,0.1630945816986535,0.0,0.0,0.0,0.0
2019-10-30 12:00:00,0.0,0.0,0.0,0.0,0.0,0.0,0.0
2019-10-30 16:00:00,0.0,0.0,0.0,0.0,0.0,0.0,0.0
2019-10-30 20:00:00,0.0,0.0,0.0,0.0,0.0,0.0,0.0
2019-10-31 00:00:00,0.0,0.0,0.0,0.0,0.0,0.0,0.0
2019-10-31 04:00:00,0.0,0.0,0.0,0.0,0.0,0.0,0.0
2019-10-31 08:00:00,0.0,0.0,0.0,0.0,0.0,0.0,0.0
2019-10-31 12:00:00,0.0,0.0,0.0,0.0,0.0,0.0,0.0
2019-10-31 16:00:00,0.0,0.0,0.0,0.0,0.0,0.0,0.0
2019-10-31 20:00:00,0.0,0.0,0.0,0.0,0.0,0.0,0.0
2019-11-01 00:00:00,0.0,0.0,0.0,0.0,0.0,0.0,0.0
2019-11-01 04:00:00,0.0,0.0,0.0,0.0,0.0,0.0,0.0
2019-11-01 08:00:00,0.0,0.0,0.0,0.0,0.0,0.0,0.0
2019-11-01 12:00:00,0.0,0.0,0.0,0.0,0.0,0.0,0.0
2019-11-01 16:00:00,0.0,0.0,0.0,0.0,0.0,0.0,0.0
2019-11-01 20:00:00,0.0,0.0,0.0,0.0,0.0,0.0,0.0
2019-11-02 00:00:00,0.0,0.0,0.0,0.0,0.0,0.0,0.0
2019-11-02 04:00:00,0.0,0.0,0.0,0.0,0.0,0.0,0.0
2019-11-02 08:00:00,0.0,0.0,0.0,0.0,0.0,0.0,0.0
2019-11-02 12:00:00,0.0,0.0,0.0,0.0,0.0,0.0,0.0
2019-11-02 16:00:00,0.0,0.0,0.0,0.0,0.0,0.0,0.0
2019-11-02 20:00:00,0.0,0.0,0.0,0.0,0.0,0.0,0.0
2019-11-03 00:00:00,0.0,0.0,0.0,0.0,0.0,0.0,0.0
2019-11-03 04:00:00,0.0,0.0,0.0,0.0,0.0,0.0,0.0
2019-11-03 08:00:00,0.0,0.0,0.0,0.0,0.0,0.0,0.0
2019-11-03 12:00:00,0.0,0.0,0.0,0.0,0.0,0.0,0.0
2019-11-03 16:00:00,0.0,0.0,0.0,0.0,0.0,0.0,0.0
2019-11-03 20:00:00,0.0,0.0,0.0,0.0,0.0,0.0,0.0
2019-11-04 00:00:00,0.0,0.0,0.0,0.0,0.0,0.0,0.0
2019-11-04 04:00:00,0.0,0.0,0.0,0.0,0.0,0.0,0.0
2019-11-04 08:00:00,0.0,0.0,0.0,0.0,0.0,0.0,0.0
2019-11-04 12:00:00,0.0,0.0,0.0,0.0,0.0,0.0,0.0
2019-11-04 16:00:00,0.0,0.0,0.0,0.0,0.0,0.0,0.0
2019-11-04 20:00:00,0.0,0.0,0.0,0.0,0.0,0.0,0.0
2019-11-05 00:00:00,0.0,0.0,0.0,0.0,0.0,0.0,0.0
2019-11-05 04:00:00,0.0,0.0,0.0,0.0,0.0,0.0,0.0
2019-11-05 08:00:00,0.0,0.0,0.0,0.0,0.0,0.0,0.0
2019-11-05 12:00:00,0.0,0.0,0.0,0.0,0.0,0.0,0.0
2019-11-05 16:00:00,0.0,0.0,0.0,0.0,0.0,0.0,0.0
2019-11-05 20:00:00,0.0,0.0,0.0,0.0,0.0,0.0,0.0
2019-11-06 00:00:00,0.0,0.0,0.0,0.0,0.0,0.0,0.0
2019-11-06 04:00:00,0.0,0.0,0.0,0.0,0.0,0.0,0.0
2019-11-06 08:00:00,0.0,0.0,0.0,0.0,0.0,0.0,0.0
2019-11-06 12:00:00,0.3195898161244699,0.0,0.0,0.0,0.0,0.0,0.0
2019-11-06 16:00:00,0.3195898161244699,0.0,0.0,0.0,0.0,0.0,0.0
2019-11-06 20:00:00,0.3195898161244699,0.0,0.0,0.0,0.0,0.0,0.0
2019-11-07 00:00:00,0.3195898161244699,0.0,0.0,0.0,0.0,0.0,0.3760185933710584
2019-11-07 04:00:00,0.3195898161244699,0.0,0.0,0.0,0.0,0.0,0.0
2019-11-07 08:00:00,0.0,0.0,0.0,0.0,0.0,0.0,0.0
2019-11-07 12:00:00,0.0,0.0,0.0,0.0,0.0,0.0,0.0
2019-11-07 16:00:00,0.0,0.0,0.0,0.0,0.0,0.0,0.0
2019-11-07 20:00:00,0.0,0.0,0.0,0.0,0.0,0.0,0.0
2019-11-08 00:00:00,0.0,0.0,0.0,0.0,0.0,0.0,0.0
2019-11-08 04:00:00,0.0,0.0,0.0,0.0,0.0,0.0,0.0
2019-11-08 08:00:00,0.0,0.0,0.0,0.0,0.0,0.0,0.0
2019-11-08 12:00:00,0.0,0.0,0.0,0.0,0.0,0.0,0.0
2019-11-08 16:00:00,0.0,0.0,0.0,0.0,0.0,0.0,0.0
2019-11-08 20:00:00,0.0,0.0,0.0,0.0,0.0,0.0,0.0
2019-11-09 00:00:00,0.0,0.0,0.0,0.0,0.0,0.0,0.0
2019-11-09 04:00:00,0.0,0.0,0.0,0.0,0.0,0.0,0.0
2019-11-09 08:00:00,0.0,0.0,0.0,0.0,0.0,0.0,0.0
2019-11-09 12:00:00,0.0,0.0,0.0,0.0,0.0,0.0,0.0
2019-11-09 16:00:00,0.0,0.0,0.0,0.0,0.0,0.0,0.0
2019-11-09 20:00:00,0.0,0.0,0.0,0.0,0.0,0.0,0.0
2019-11-10 00:00:00,0.0,0.0,0.0,0.0,0.0,0.0,0.0
2019-11-10 04:00:00,0.0,0.0,0.0,0.0,0.0,0.0,0.0
2019-11-10 08:00:00,0.0,0.0,0.0,0.0,0.0,0.0,0.0
2019-11-10 12:00:00,0.0,0.0,0.0,0.0,0.0,0.0,0.0
2019-11-10 16:00:00,0.0,0.0,0.0,0.0,0.0,0.0,0.0
2019-11-10 20:00:00,0.0,0.0,0.0,0.0,0.0,0.0,0.0
2019-11-11 00:00:00,0.0,0.0,0.0,0.0,0.0,0.0,0.0
2019-11-11 04:00:00,0.0,0.0,0.0,0.0,0.0,0.0,0.0
2019-11-11 08:00:00,0.0,0.0,0.0,0.0,0.0,0.0,0.0
2019-11-11 12:00:00,0.0,0.0,0.0,0.0,0.0,0.0,0.0
2019-11-11 16:00:00,0.0,0.0,0.0,0.0,0.0,0.0,0.0
2019-11-11 20:00:00,0.0,0.0,0.0,0.0,0.0,0.0,0.0
2019-11-12 00:00:00,0.0,0.0,0.0,0.0,0.0,0.0,0.0
2019-11-12 04:00:00,0.0,0.0,0.0,0.0,0.0,0.0,0.0
2019-11-12 08:00:00,0.0,0.0,0.0,0.0,0.0,0.0,0.0
2019-11-12 12:00:00,0.0,0.0,0.0,0.0,0.0,0.0,0.0
2019-11-12 16:00:00,0.0,0.0,0.0,0.0,0.0,0.0,0.0
2019-11-12 20:00:00,0.0,0.0,0.0,0.0,0.0,0.0,0.0
2019-11-13 00:00:00,0.0,0.0,0.3033545725329914,0.0,0.0,0.0,0.0
2019-11-13 04:00:00,0.0,0.0,0.3033545725329914,0.0,0.0,0.0,0.0
2019-11-13 08:00:00,0.0,0.0,0.3033545725329914,0.0,0.0,0.0,0.0
2019-11-13 12:00:00,0.0,0.0,0.3033545725329914,0.0,0.0,0.0,0.0
2019-11-13 16:00:00,0.0,0.0,0.3033545725329914,0.0,0.0,0.0,0.0
2019-11-13 20:00:00,0.0,0.0,0.3033545725329914,0.0,0.0,0.0,0.0
2019-11-14 00:00:00,0.0,0.0,0.3033545725329914,0.0,0.0,0.0,0.0
2019-11-14 04:00:00,0.0,0.0,0.3033545725329914,0.0,0.0,0.0,0.0
2019-11-14 08:00:00,0.0,0.0,0.3033545725329914,0.0,0.0,0.0,0.0
2019-11-14 12:00:00,0.0,0.0,0.0,0.0,0.0,0.0,0.0
2019-11-14 16:00:00,0.0,0.0,0.0,0.0,0.0,0.0,0.0
2019-11-14 20:00:00,0.0,0.0,0.0,0.0,0.0,0.0,0.0
2019-11-15 00:00:00,0.0,0.0,0.0,0.0,0.0,0.0,0.0
2019-11-15 04:00:00,0.0,0.0,0.0,0.0,0.0,0.0,0.0
2019-11-15 08:00:00,0.0,0.0,0.0,0.0,0.0,0.0,0.0
2019-11-15 12:00:00,0.0,0.0,0.0,0.0,0.0,0.0,0.0
2019-11-15 16:00:00,0.0,0.0,0.0,0.0,0.0,0.0,0.0
2019-11-15 20:00:00,0.0,0.0,0.0,0.0,0.0,0.0,0.0
2019-11-16 00:00:00,0.0,0.0,0.0,0.0,0.0,0.0,0.0
2019-11-16 04:00:00,0.0,0.0,0.0,0.0,0.0,0.0,0.0
2019-11-16 08:00:00,0.0,0.0,0.0,0.0,0.0,0.0,0.0
2019-11-16 12:00:00,0.0,0.0,0.0,0.0,0.0,0.0,0.0
2019-11-16 16:00:00,0.0,0.0,0.0,0.0,0.0,0.0,0.0
2019-11-16 20:00:00,0.0,0.0,0.0,0.0,0.0,0.0,0.0
2019-11-17 00:00:00,0.0,0.0,0.0,0.0,0.0,0.0,0.0
2019-11-17 04:00:00,0.0,0.0,0.0,0.0,0.0,0.0,0.0
2019-11-17 08:00:00,0.0,0.0,0.0,0.0,0.0,0.0,0.0
2019-11-17 12:00:00,0.0,0.0,0.0,0.0,0.0,0.0,0.0
2019-11-17 16:00:00,0.0,0.0,0.0,0.0,0.0,0.0,0.0
2019-11-17 20:00:00,0.2891857506361329,0.0,0.0,0.0,0.0,0.0,0.0
2019-11-18 00:00:00,0.2891857506361329,0.0,0.0,0.0,0.0,0.0,0.0
2019-11-18 04:00:00,0.2891857506361329,0.0,0.0,0.0,0.0,0.0,0.0
2019-11-18 08:00:00,0.2891857506361329,0.0,0.0,0.0,0.0,0.0,0.0
2019-11-18 12:00:00,0.2891857506361329,0.0,0.0,0.0,0.0,0.0,0.0
2019-11-18 16:00:00,0.2891857506361329,0.0,0.0,0.0,0.0,0.0,0.0
2019-11-18 20:00:00,0.0,0.0,0.0,0.0,0.0,0.0,0.0
2019-11-19 00:00:00,0.0,0.0,0.0,0.0,0.0,0.0,0.0
2019-11-19 04:00:00,0.0,0.0,0.0,0.0,0.0,0.0,0.0
2019-11-19 08:00:00,0.0,0.0,0.0,0.0,0.0,0.0,0.0
2019-11-19 12:00:00,0.0,0.0,0.0,0.0,0.0,0.0,0.0
2019-11-19 16:00:00,0.0,0.0,0.0,0.0,0.0,0.0,0.0
2019-11-19 20:00:00,0.0,0.0,0.0,0.0,0.0,0.0,0.0
2019-11-20 00:00:00,0.0,0.0,0.0,0.0,0.0,0.0,0.0
2019-11-20 04:00:00,0.0,0.0,0.0,0.0,0.0,0.0,0.0
2019-11-20 08:00:00,0.0,0.0,0.0,0.0,0.0,0.0,0.0
2019-11-20 12:00:00,0.0,0.0,0.0,0.0,0.0,0.0,0.0
2019-11-20 16:00:00,0.0,0.0,0.0,0.0,0.0,0.0,0.0
2019-11-20 20:00:00,0.0,0.0,0.0,0.0,0.0,0.0,0.0
2019-11-21 00:00:00,0.0,0.0,0.0,0.0,0.0,0.0,0.0
2019-11-21 04:00:00,0.0,0.0,0.0,0.0,0.0,0.0,0.0
2019-11-21 08:00:00,0.0,0.0,0.0,0.0,0.0,0.0,0.0
2019-11-21 12:00:00,0.0,0.0,0.0,0.0,0.0,0.0,0.0
2019-11-21 16:00:00,0.0,0.0,0.0,0.0,0.0,0.0,0.0
2019-11-21 20:00:00,0.0,0.0,0.0,0.0,0.0,0.0,0.0
2019-11-22 00:00:00,0.0,0.0,0.0,0.0,0.0,0.0,0.0
2019-11-22 04:00:00,0.0,0.0,0.0,0.0,0.0,0.0,0.0
2019-11-22 08:00:00,0.0,0.0,0.0,0.0,0.0,0.0,0.0
2019-11-22 12:00:00,0.0,0.0,0.0,0.0,0.0,0.0,0.0
2019-11-22 16:00:00,0.0,0.0,0.0,0.0,0.0,0.0,0.0
2019-11-22 20:00:00,0.0,0.0,0.0,0.0,0.0,0.0,0.0
2019-11-23 00:00:00,0.0,0.0,0.0,0.0,0.0,0.0,0.0
2019-11-23 04:00:00,0.0,0.0,0.0,0.0,0.0,0.0,0.0
2019-11-23 08:00:00,0.0,0.0,0.0,0.0,0.0,0.0,0.0
2019-11-23 12:00:00,0.0,0.0,0.0,0.0,0.0,0.0,0.0
2019-11-23 16:00:00,0.0,0.0,0.0,0.0,0.0,0.0,0.0
2019-11-23 20:00:00,0.0,0.0,0.0,0.0,0.0,0.0,0.0
2019-11-24 00:00:00,0.0,0.0,0.0,0.0,0.0,0.0,0.0
2019-11-24 04:00:00,0.0,0.0,0.0,0.0,0.0,0.0,0.0
2019-11-24 08:00:00,0.0,0.0,0.0,0.0,0.0,0.0,0.0
2019-11-24 12:00:00,0.0,0.0,0.0,0.0,0.0,0.0,0.0
2019-11-24 16:00:00,0.0,0.0,0.0,0.0,0.0,0.0,0.0
2019-11-24 20:00:00,0.0,0.0,0.0,0.0,0.0,0.0,0.0
2019-11-25 00:00:00,0.0,0.0,0.0,0.0,0.0,0.0,0.0
2019-11-25 04:00:00,0.0,0.0,0.0,0.0,0.0,0.0,0.0
2019-11-25 08:00:00,0.0,0.0,0.0,0.0,0.0,0.0,0.0
2019-11-25 12:00:00,0.0,0.0,0.0,0.0,0.0,0.0,0.0
2019-11-25 16:00:00,0.0,0.0,0.0,0.0,0.0,0.0,0.0
2019-11-25 20:00:00,0.0,0.0,0.0,0.0,0.0,0.0,0.0
2019-11-26 00:00:00,0.0,0.0,0.0,0.0,0.0,0.0,0.0
2019-11-26 04:00:00,0.0,0.0,0.0,0.0,0.0,0.0,0.0
2019-11-26 08:00:00,0.0,0.0,0.0,0.0,0.0,0.0,0.0
2019-11-26 12:00:00,0.0,0.0,0.0,0.0,0.0,0.0,0.0
2019-11-26 16:00:00,0.0,0.0,0.0,0.0,0.0,0.0,0.0
2019-11-26 20:00:00,0.0,0.0,0.0,0.0,0.0,0.0,0.0
2019-11-27 00:00:00,0.0,0.0,0.0,0.0,0.0,0.0,0.0
2019-11-27 04:00:00,0.0,0.0,0.0,0.0,0.0,0.0,0.0
2019-11-27 08:00:00,0.0,0.0,0.0,0.0,0.0,0.0,0.0
2019-11-27 12:00:00,0.0,0.0,0.0,0.0,0.0,0.0,0.0
2019-11-27 16:00:00,0.0,0.0,0.0,0.0,0.0,0.0,0.0
2019-11-27 20:00:00,0.0,0.0,0.0,0.0,0.0,0.0,0.0
2019-11-28 00:00:00,0.0,0.0,0.0,0.0,0.0,0.0,0.0
2019-11-28 04:00:00,0.0,0.0,0.0,0.0,0.0,0.0,0.0
2019-11-28 08:00:00,0.0,0.0,0.0,0.0,0.0,0.0,0.0
2019-11-28 12:00:00,0.0,0.0,0.0,0.0,0.0,0.0,0.0
2019-11-28 16:00:00,0.0,0.0,0.0,0.0,0.0,0.0,0.0
2019-11-28 20:00:00,0.0,0.0,0.0,0.0,0.0,0.0,0.0
2019-11-29 00:00:00,0.0,0.0,0.0,0.0,0.0,0.0,0.0
2019-11-29 04:00:00,0.0,0.0,0.0,0.0,0.0,0.0,0.0
2019-11-29 08:00:00,0.0,0.0,0.0,0.0,0.0,0.0,0.0
2019-11-29 12:00:00,0.0,0.0,0.0,0.0,0.0,0.0,0.0
2019-11-29 16:00:00,0.0,0.0,0.0,0.0,0.0,0.0,0.0
2019-11-29 20:00:00,0.0,0.0,0.0,0.0,0.0,0.0,0.0
2019-11-30 00:00:00,0.0,0.0,0.0,0.0,0.0,0.0,0.0
2019-11-30 04:00:00,0.0,0.0,0.0,0.0,0.0,0.0,0.0
2019-11-30 08:00:00,0.0,0.0,0.0,0.0,0.0,0.0,0.0
2019-11-30 12:00:00,0.0,0.0,0.0,0.0,0.0,0.0,0.0
2019-11-30 16:00:00,0.0,0.0,0.0,0.0,0.0,0.0,0.0
2019-11-30 20:00:00,0.0,0.0,0.0,0.0,0.0,0.0,0.0
2019-12-01 00:00:00,0.0,0.0,0.0,0.0,0.0,0.0,0.0
2019-12-01 04:00:00,0.0,0.0,0.0,0.0,0.0,0.0,0.0
2019-12-01 08:00:00,0.0,0.0,0.0,0.0,0.0,0.0,0.0
2019-12-01 12:00:00,0.0,0.0,0.0,0.0,0.0,0.0,0.0
2019-12-01 16:00:00,0.0,0.0,0.0,0.0,0.0,0.0,0.0
2019-12-01 20:00:00,0.0,0.0,0.0,0.0,0.0,0.0,0.0
2019-12-02 00:00:00,0.0,0.0,0.0,0.0,0.0,0.0,0.0
2019-12-02 04:00:00,0.0,0.0,0.0,0.0,0.0,0.0,0.0
2019-12-02 08:00:00,0.0,0.0,0.0,0.0,0.0,0.0,0.0
2019-12-02 12:00:00,0.0,0.0,0.0,0.0,0.0,0.0,0.0
2019-12-02 16:00:00,0.0,0.0,0.0,0.0,0.0,0.0,0.0
2019-12-02 20:00:00,0.0,0.0,0.0,0.0,0.0,0.0,0.0
2019-12-03 00:00:00,0.0,0.0,0.0,0.0,0.0,0.0,0.0
2019-12-03 04:00:00,0.0,0.0,0.0,0.0,0.0,0.0,0.0
2019-12-03 08:00:00,0.0,0.0,0.0,0.0,0.0,0.0,0.0
2019-12-03 12:00:00,0.0,0.0,0.0,0.0,0.0,0.0,0.0
2019-12-03 16:00:00,0.0,0.0,0.0,0.0,0.0,0.0,0.0
2019-12-03 20:00:00,0.0,0.0,0.0,0.0,0.0,0.0,0.0
2019-12-04 00:00:00,0.0,0.0,0.0,0.0,0.0,0.0,0.0
2019-12-04 04:00:00,0.0,0.0,0.0,0.0,0.0,0.0,0.0
2019-12-04 08:00:00,0.0,0.0,0.0,0.0,0.0,0.0,0.0
2019-12-04 12:00:00,0.0,0.0,0.0,0.0,0.0,0.0,0.0
2019-12-04 16:00:00,0.0,0.0,0.0,0.0,0.0,0.0,0.0
2019-12-04 20:00:00,0.0,0.0,0.0,0.0,0.0,0.0,0.0
2019-12-05 00:00:00,0.0,0.0,0.0,0.0,0.0,0.0,0.0
2019-12-05 04:00:00,0.0,0.0,0.0,0.0,0.0,0.0,0.0
2019-12-05 08:00:00,0.0,0.0,0.0,0.0,0.0,0.0,0.0
2019-12-05 12:00:00,0.0,0.0,0.0,0.0,0.0,0.0,0.0
2019-12-05 16:00:00,0.0,0.0,0.0,0.0,0.0,0.0,0.0
2019-12-05 20:00:00,0.0,0.0,0.0,0.0,0.0,0.0,0.0
2019-12-06 00:00:00,0.0,0.0,0.0,0.0,0.0,0.0,0.0
2019-12-06 04:00:00,0.0,0.0,0.0,0.0,0.0,0.0,0.0
2019-12-06 08:00:00,0.0,0.0,0.0,0.0,0.0,0.0,0.0
2019-12-06 12:00:00,0.0,0.0,0.0,0.0,0.0,0.0,0.0
2019-12-06 16:00:00,0.0,0.0,0.0,0.0,0.0,0.0,0.0
2019-12-06 20:00:00,0.0,0.0,0.0,0.0,0.0,0.0,0.0
2019-12-07 00:00:00,0.0,0.0,0.0,0.0,0.0,0.0,0.0
2019-12-07 04:00:00,0.0,0.0,0.0,0.0,0.0,0.0,0.0
2019-12-07 08:00:00,0.0,0.0,0.0,0.0,0.0,0.0,0.0
2019-12-07 12:00:00,0.0,0.0,0.0,0.0,0.0,0.0,0.0
2019-12-07 16:00:00,0.0,0.0,0.0,0.0,0.0,0.0,0.0
2019-12-07 20:00:00,0.0,0.0,0.0,0.0,0.0,0.0,0.0
2019-12-08 00:00:00,0.0,0.0,0.0,0.0,0.0,0.0,0.0
2019-12-08 04:00:00,0.0,0.0,0.0,0.0,0.0,0.0,0.0
2019-12-08 08:00:00,0.0,0.0,0.0,0.0,0.0,0.0,0.0
2019-12-08 12:00:00,0.0,0.0,0.0,0.0,0.0,0.0,0.0
2019-12-08 16:00:00,0.0,0.0,0.0,0.0,0.0,0.0,0.0
2019-12-08 20:00:00,0.0,0.0,0.0,0.0,0.0,0.0,0.0
2019-12-09 00:00:00,0.0,0.0,0.0,0.0,0.0,0.0,0.0
2019-12-09 04:00:00,0.0,0.0,0.0,0.0,0.0,0.0,0.0
2019-12-09 08:00:00,0.0,0.0,0.0,0.0,0.0,0.0,0.0
2019-12-09 12:00:00,0.0,0.0,0.0,0.0,0.0,0.0,0.0
2019-12-09 16:00:00,0.0,0.0,0.0,0.0,0.0,0.0,0.0
2019-12-09 20:00:00,0.0,0.0,0.0,0.0,0.0,0.0,0.0
2019-12-10 00:00:00,0.0,0.0,0.0,0.0,0.0,0.0,0.0
2019-12-10 04:00:00,0.0,0.0,0.0,0.0,0.0,0.0,0.0
2019-12-10 08:00:00,0.0,0.0,0.0,0.0,0.0,0.0,0.0
2019-12-10 12:00:00,0.0,0.0,0.0,0.0,0.0,0.0,0.0
2019-12-10 16:00:00,0.0,0.0,0.0,0.0,0.0,0.0,0.0
2019-12-10 20:00:00,0.0,0.0,0.0,0.0,0.0,0.0,0.0
2019-12-11 00:00:00,0.0,0.0,0.0,0.0,0.0,0.0,0.0
2019-12-11 04:00:00,0.0,0.0,0.0,0.0,0.0,0.0,0.0
2019-12-11 08:00:00,0.0,0.0,0.0,0.0,0.0,0.0,0.0
2019-12-11 12:00:00,0.0,0.0,0.0,0.0,0.0,0.0,0.0
2019-12-11 16:00:00,0.0,0.0,0.0,0.0,0.0,0.0,0.0
2019-12-11 20:00:00,0.0,0.0,0.0,0.0,0.0,0.0,0.0
2019-12-12 00:00:00,0.0,0.0,0.0,0.0,0.0,0.0,0.0
2019-12-12 04:00:00,0.0,0.0,0.0,0.0,0.0,0.0,0.0
2019-12-12 08:00:00,0.0,0.0,0.0,0.0,0.0,0.0,0.0
2019-12-12 12:00:00,0.0,0.0,0.0,0.0,0.0,0.0,0.0
2019-12-12 16:00:00,0.0,0.0,0.0,0.0,0.0,0.0,0.0
2019-12-12 20:00:00,0.0,0.0,0.0,0.0,0.0,0.0,0.0
2019-12-13 00:00:00,0.0,0.0,0.0,0.0,0.0,0.0,0.0
2019-12-13 04:00:00,0.0,0.0,0.0,0.0,0.0,0.0,0.0
2019-12-13 08:00:00,0.0,0.0,0.0,0.0,0.0,0.0,0.0
2019-12-13 12:00:00,0.0,0.0,0.0,0.0,0.0,0.0,0.0
2019-12-13 16:00:00,0.0,0.0,0.0,0.0,0.0,0.0,0.0
2019-12-13 20:00:00,0.0,0.0,0.0,0.0,0.0,0.0,0.0
2019-12-14 00:00:00,0.0,0.0,0.0,0.0,0.0,0.0,0.0
2019-12-14 04:00:00,0.0,0.0,0.0,0.0,0.0,0.0,0.0
2019-12-14 08:00:00,0.0,0.0,0.0,0.0,0.0,0.0,0.0
2019-12-14 12:00:00,0.0,0.0,0.0,0.0,0.0,0.0,0.0
2019-12-14 16:00:00,0.0,0.0,0.0,0.0,0.0,0.0,0.0
2019-12-14 20:00:00,0.0,0.0,0.0,0.0,0.0,0.0,0.0
2019-12-15 00:00:00,0.0,0.0,0.0,0.0,0.0,0.0,0.0
2019-12-15 04:00:00,0.0,0.0,0.0,0.0,0.0,0.0,0.0
2019-12-15 08:00:00,0.0,0.0,0.0,0.0,0.0,0.0,0.0
2019-12-15 12:00:00,0.0,0.0,0.0,0.0,0.0,0.0,0.0
2019-12-15 16:00:00,0.0,0.0,0.0,0.0,0.0,0.0,0.0
2019-12-15 20:00:00,0.0,0.0,0.0,0.0,0.0,0.0,0.0
2019-12-16 00:00:00,0.0,0.0,0.0,0.0,0.0,0.0,0.0
2019-12-16 04:00:00,0.0,0.0,0.0,0.0,0.0,0.0,0.0
2019-12-16 08:00:00,0.0,0.0,0.0,0.0,0.0,0.0,0.0
2019-12-16 12:00:00,0.0,0.0,0.0,0.0,0.0,0.0,0.0
2019-12-16 16:00:00,0.0,0.0,0.0,0.0,0.0,0.0,0.0
2019-12-16 20:00:00,0.0,0.0,0.0,0.0,0.0,0.0,0.0
2019-12-17 00:00:00,0.0,0.0,0.0,0.0,0.0,0.0,0.0
2019-12-17 04:00:00,0.0,0.0,0.0,0.0,0.0,0.0,0.0
2019-12-17 08:00:00,0.0,0.0,0.0,0.0,0.0,0.0,0.0
2019-12-17 12:00:00,0.0,0.0,0.0,0.0,0.0,0.0,0.0
2019-12-17 16:00:00,0.0,0.0,0.0,0.0,0.0,0.0,0.0
2019-12-17 20:00:00,0.0,0.0,0.0,0.0,0.0,0.0,0.0
2019-12-18 00:00:00,0.0,0.0,0.0,0.0,0.0,0.0,0.0
2019-12-18 04:00:00,0.0,0.0,0.0,0.0,0.0,0.0,0.0
2019-12-18 08:00:00,0.0,0.0,0.0,0.0,0.0,0.0,0.0
2019-12-18 12:00:00,0.0,0.0,0.0,0.0,0.0,0.0,0.0
2019-12-18 16:00:00,0.0,0.0,0.0,0.0,0.0,0.0,0.0
2019-12-18 20:00:00,0.0,0.0,0.0,0.0,0.0,0.0,0.0
2019-12-19 00:00:00,0.0,0.0,0.0,0.0,0.0,0.0,0.0
2019-12-19 04:00:00,0.0,0.0,0.0,0.0,0.0,0.0,0.0
2019-12-19 08:00:00,0.0,0.0,0.0,0.0,0.0,0.0,0.0
2019-12-19 12:00:00,0.0,0.0,0.0,0.0,0.0,0.0,0.0
2019-12-19 16:00:00,0.0,0.0,0.0,0.0,0.0,0.0,0.0
2019-12-19 20:00:00,0.0,0.0,0.0,0.0,0.0,0.0,0.0
2019-12-20 00:00:00,0.0,0.0,0.0,0.0,0.0,0.0,0.0
2019-12-20 04:00:00,0.0,0.0,0.0,0.0,0.0,0.0,0.0
2019-12-20 08:00:00,0.0,0.0,0.0,0.0,0.0,0.0,0.0
2019-12-20 12:00:00,0.0,0.0,0.0,0.0,0.0,0.0,0.0
2019-12-20 16:00:00,0.0,0.0,0.0,0.0,0.0,0.0,0.0
2019-12-20 20:00:00,0.0,0.0,0.0,0.0,0.0,0.0,0.0
2019-12-21 00:00:00,0.0,0.0,0.0,0.0,0.0,0.0,0.0
2019-12-21 04:00:00,0.0,0.0,0.0,0.0,0.0,0.0,0.0
2019-12-21 08:00:00,0.0,0.0,0.0,0.0,0.0,0.0,0.0
2019-12-21 12:00:00,0.0,0.0,0.0,0.0,0.0,0.0,0.0
2019-12-21 16:00:00,0.0,0.0,0.0,0.0,0.0,0.0,0.0
2019-12-21 20:00:00,0.0,0.0,0.0,0.0,0.0,0.0,0.0
2019-12-22 00:00:00,0.0,0.0,0.0,0.0,0.0,0.0,0.0
2019-12-22 04:00:00,0.0,0.0,0.0,0.0,0.0,0.0,0.0
2019-12-22 08:00:00,0.0,0.0,0.0,0.0,0.0,0.0,0.0
2019-12-22 12:00:00,0.0,0.0,0.0,0.0,0.0,0.0,0.0
2019-12-22 16:00:00,0.0,0.0,0.0,0.0,0.0,0.0,0.0
2019-12-22 20:00:00,0.0,0.0,0.0,0.0,0.0,0.0,0.0
2019-12-23 00:00:00,0.0,0.0,0.0,0.3132822897235292,0.0,0.0,0.0
2019-12-23 04:00:00,0.0,0.0,0.0,0.3132822897235292,0.0,0.0,0.0
2019-12-23 08:00:00,0.0,0.0,0.0,0.3132822897235292,0.0,0.0,0.0
2019-12-23 12:00:00,0.0,0.0,0.0,0.3132822897235292,0.0,0.0,0.0
2019-12-23 16:00:00,0.0,0.0,0.0,0.3132822897235292,0.0,0.0,0.0
2019-12-23 20:00:00,0.0,0.0,0.0,0.0,0.0,0.0,0.0
2019-12-24 00:00:00,0.0,0.0,0.0,0.0,0.0,0.0,0.0
2019-12-24 04:00:00,0.0,0.0,0.0,0.0,0.0,0.0,0.0
2019-12-24 08:00:00,0.0,0.0,0.0,0.0,0.0,0.0,0.0
2019-12-24 12:00:00,0.0,0.0,0.0,0.0,0.0,0.0,0.0
2019-12-24 16:00:00,0.0,0.0,0.0,0.0,0.0,0.0,0.0
2019-12-24 20:00:00,0.0,0.0,0.0,0.0,0.0,0.0,0.0
2019-12-25 00:00:00,0.0,0.0,0.0,0.0,0.0,0.0,0.0
2019-12-25 04:00:00,0.0,0.0,0.0,0.0,0.0,0.0,0.0
2019-12-25 08:00:00,0.0,0.0,0.0,0.0,0.0,0.0,0.0
2019-12-25 12:00:00,0.0,0.0,0.0,0.0,0.0,0.0,0.0
2019-12-25 16:00:00,0.0,0.0,0.0,0.0,0.0,0.0,0.0
2019-12-25 20:00:00,0.0,0.0,0.0,0.0,0.0,0.0,0.0
2019-12-26 00:00:00,0.0,0.0,0.0,0.0,0.0,0.0,0.0
2019-12-26 04:00:00,0.0,0.0,0.0,0.0,0.0,0.0,0.0
2019-12-26 08:00:00,0.0,0.0,0.0,0.0,0.0,0.0,0.0
2019-12-26 12:00:00,0.0,0.0,0.0,0.0,0.0,0.0,0.0
2019-12-26 16:00:00,0.0,0.0,0.0,0.0,0.0,0.0,0.0
2019-12-26 20:00:00,0.0,0.0,0.0,0.0,0.0,0.0,0.0
2019-12-27 00:00:00,0.0,0.0,0.0,0.0,0.0,0.0,0.0
2019-12-27 04:00:00,0.0,0.0,0.0,0.0,0.0,0.0,0.0
2019-12-27 08:00:00,0.0,0.0,0.0,0.0,0.0,0.0,0.0
2019-12-27 12:00:00,0.0,0.0,0.0,0.0,0.0,0.0,0.0
2019-12-27 16:00:00,0.0,0.0,0.0,0.0,0.0,0.0,0.0
2019-12-27 20:00:00,0.0,0.0,0.0,0.0,0.0,0.0,0.0
2019-12-28 00:00:00,0.0,0.0,0.0,0.0,0.0,0.0,0.0
2019-12-28 04:00:00,0.0,0.0,0.0,0.0,0.0,0.0,0.0
2019-12-28 08:00:00,0.0,0.0,0.0,0.0,0.0,0.0,0.0
2019-12-28 12:00:00,0.0,0.0,0.0,0.0,0.0,0.0,0.0
2019-12-28 16:00:00,0.0,0.0,0.0,0.0,0.0,0.0,0.0
2019-12-28 20:00:00,0.0,0.0,0.0,0.0,0.0,0.0,0.0
2019-12-29 00:00:00,0.0,0.0,0.0,0.0,0.0,0.0,0.0
2019-12-29 04:00:00,0.0,0.0,0.0,0.0,0.0,0.0,0.0
2019-12-29 08:00:00,0.0,0.0,0.0,0.0,0.0,0.0,0.0
2019-12-29 12:00:00,0.0,0.0,0.0,0.0,0.0,0.0,0.0
2019-12-29 16:00:00,0.0,0.0,0.34960740972898074,0.0,0.0,0.0,0.0
2019-12-29 20:00:00,0.0,0.0,0.34960740972898074,0.0,0.0,0.0,0.0
2019-12-30 00:00:00,0.0,0.0,0.34960740972898074,0.0,0.0,0.0,0.0
2019-12-30 04:00:00,0.0,0.0,0.34960740972898074,0.0,0.0,0.0,0.0
2019-12-30 08:00:00,0.0,0.0,0.34960740972898074,0.0,0.0,0.0,0.0
2019-12-30 12:00:00,0.0,0.0,0.34960740972898074,0.0,0.0,0.0,0.0
2019-12-30 16:00:00,0.0,0.0,0.34960740972898074,0.0,0.0,0.0,0.0
2019-12-30 20:00:00,0.0,0.0,0.0,0.0,0.0,0.0,0.0
2019-12-31 00:00:00,0.0,0.0,0.0,0.0,0.0,0.0,0.0
2019-12-31 04:00:00,0.0,0.0,0.0,0.0,0.0,0.0,0.0
2019-12-31 08:00:00,0.0,0.0,0.0,0.0,0.0,0.0,0.0
2019-12-31 12:00:00,0.0,0.0,0.0,0.0,0.0,0.0,0.0
2019-12-31 16:00:00,0.0,0.0,0.0,0.0,0.0,0.0,0.0
2019-12-31 20:00:00,0.0,0.0,0.0,0.0,0.0,0.0,0.0
2020-01-01 00:00:00,0.0,0.0,0.0,0.0,0.0,0.0,0.0
2020-01-01 04:00:00,0.0,0.0,0.0,0.0,0.0,0.0,0.0
2020-01-01 08:00:00,0.0,0.0,0.0,0.0,0.0,0.0,0.0
2020-01-01 12:00:00,0.0,0.0,0.0,0.0,0.0,0.0,0.0
2020-01-01 16:00:00,0.0,0.0,0.0,0.0,0.0,0.0,0.0
2020-01-01 20:00:00,0.0,0.0,0.0,0.0,0.0,0.0,0.0
2020-01-02 00:00:00,0.0,0.0,0.0,0.0,0.0,0.0,0.0
2020-01-02 04:00:00,0.0,0.0,0.0,0.0,0.0,0.0,0.0
2020-01-02 08:00:00,0.0,0.0,0.0,0.0,0.0,0.0,0.0
2020-01-02 12:00:00,0.0,0.0,0.0,0.0,0.0,0.0,0.0
2020-01-02 16:00:00,0.0,0.0,0.0,0.0,0.0,0.0,0.0
2020-01-02 20:00:00,0.0,0.0,0.0,0.0,0.0,0.0,0.0
2020-01-03 00:00:00,0.0,0.0,0.0,0.0,0.0,0.0,0.0
2020-01-03 04:00:00,0.0,0.0,0.0,0.0,0.0,0.0,0.0
2020-01-03 08:00:00,0.0,0.0,0.0,0.0,0.0,0.0,0.0
2020-01-03 12:00:00,0.0,0.0,0.0,0.0,0.0,0.0,0.0
2020-01-03 16:00:00,0.0,0.0,0.0,0.0,0.0,0.0,0.0
2020-01-03 20:00:00,0.0,0.0,0.0,0.0,0.0,0.0,0.0
2020-01-04 00:00:00,0.0,0.0,0.0,0.0,0.0,0.0,0.0
2020-01-04 04:00:00,0.0,0.0,0.0,0.0,0.0,0.0,0.0
2020-01-04 08:00:00,0.0,0.0,0.0,0.0,0.0,0.0,0.0
2020-01-04 12:00:00,0.0,0.0,0.0,0.0,0.0,0.0,0.0
2020-01-04 16:00:00,0.0,0.0,0.0,0.0,0.0,0.0,0.0
2020-01-04 20:00:00,0.0,0.0,0.0,0.0,0.0,0.0,0.0
2020-01-05 00:00:00,0.0,0.0,0.0,0.0,0.0,0.0,0.0
2020-01-05 04:00:00,0.0,0.0,0.0,0.0,0.0,0.0,0.0
2020-01-05 08:00:00,0.0,0.0,0.0,0.0,0.0,0.0,0.0
2020-01-05 12:00:00,0.0,0.0,0.0,0.0,0.0,0.0,0.0
2020-01-05 16:00:00,0.0,0.0,0.0,0.0,0.0,0.0,0.0
2020-01-05 20:00:00,0.36067994505494444,0.0,0.0,0.0,0.0,0.0,0.0
2020-01-06 00:00:00,0.36067994505494444,0.0,0.0,0.0,0.0,0.0,0.0
2020-01-06 04:00:00,0.25397620556693856,0.0,0.24755956229438975,0.2719346956314461,0.22652953650722554,0.0,0.0
2020-01-06 08:00:00,0.25397620556693856,0.0,0.24755956229438975,0.2719346956314461,0.22652953650722554,0.0,0.0
2020-01-06 12:00:00,0.1998421322492098,0.0,0.19479317236493146,0.21397283767673678,0.17824561750568269,0.0,0.2131462402034393
2020-01-06 16:00:00,0.1998421322492098,0.0,0.19479317236493146,0.21397283767673678,0.17824561750568269,0.0,0.2131462402034393
2020-01-06 20:00:00,0.25397620556693856,0.0,0.24755956229438975,0.2719346956314461,0.22652953650722554,0.0,0.0
2020-01-07 00:00:00,0.2626013003113211,0.0,0.25596674624652666,0.0,0.23422253558331785,0.0,0.24720941785883438
2020-01-07 04:00:00,0.2097690536018718,0.0,0.20446929261214153,0.20118806208048176,0.18709975755373345,0.0,0.19747383415177144
2020-01-07 08:00:00,0.26138593671915583,0.0,0.25478208850178496,0.25069346102607937,0.23313851375297992,0.0,0.0
2020-01-07 12:00:00,0.26138593671915583,0.0,0.25478208850178496,0.25069346102607937,0.23313851375297992,0.0,0.0
2020-01-07 16:00:00,0.36067994505494444,0.0,0.0,0.34592566410973885,0.0,0.0,0.0
2020-01-07 20:00:00,0.36067994505494444,0.0,0.0,0.0,0.0,0.0,0.0
2020-01-08 00:00:00,0.36067994505494444,0.0,0.0,0.30393516272752413,0.0,0.0,0.0
2020-01-08 04:00:00,0.36067994505494444,0.0,0.0,0.30393516272752413,0.0,0.0,0.0
2020-01-08 08:00:00,0.36067994505494444,0.0,0.0,0.30393516272752413,0.0,0.0,0.0
2020-01-08 12:00:00,0.36067994505494444,0.0,0.0,0.30393516272752413,0.0,0.0,0.0
2020-01-08 16:00:00,0.36067994505494444,0.0,0.0,0.30393516272752413,0.0,0.0,0.0
2020-01-08 20:00:00,0.0,0.0,0.0,0.0,0.0,0.0,0.0
2020-01-09 00:00:00,0.0,0.0,0.0,0.0,0.0,0.0,0.0
2020-01-09 04:00:00,0.0,0.0,0.0,0.0,0.0,0.0,0.0
2020-01-09 08:00:00,0.0,0.0,0.0,0.0,0.0,0.0,0.0
2020-01-09 12:00:00,0.0,0.0,0.0,0.0,0.0,0.0,0.0
2020-01-09 16:00:00,0.0,0.0,0.0,0.0,0.0,0.0,0.0
2020-01-09 20:00:00,0.0,0.0,0.0,0.0,0.0,0.0,0.0
2020-01-10 00:00:00,0.0,0.0,0.0,0.0,0.0,0.0,0.0
2020-01-10 04:00:00,0.0,0.0,0.0,0.0,0.0,0.0,0.0
2020-01-10 08:00:00,0.0,0.0,0.0,0.0,0.0,0.0,0.0
2020-01-10 12:00:00,0.0,0.0,0.0,0.0,0.0,0.0,0.0
2020-01-10 16:00:00,0.0,0.0,0.0,0.0,0.0,0.0,0.0
2020-01-10 20:00:00,0.0,0.0,0.0,0.0,0.0,0.0,0.0
2020-01-11 00:00:00,0.0,0.0,0.0,0.0,0.0,0.0,0.0
2020-01-11 04:00:00,0.0,0.0,0.0,0.0,0.0,0.0,0.0
2020-01-11 08:00:00,0.0,0.0,0.0,0.0,0.0,0.0,0.0
2020-01-11 12:00:00,0.0,0.0,0.0,0.0,0.0,0.0,0.0
2020-01-11 16:00:00,0.0,0.0,0.0,0.0,0.0,0.0,0.0
2020-01-11 20:00:00,0.0,0.0,0.0,0.0,0.0,0.0,0.0
2020-01-12 00:00:00,0.0,0.0,0.0,0.0,0.0,0.0,0.0
2020-01-12 04:00:00,0.0,0.0,0.0,0.0,0.0,0.0,0.0
2020-01-12 08:00:00,0.0,0.0,0.0,0.0,0.0,0.0,0.0
2020-01-12 12:00:00,0.0,0.0,0.0,0.0,0.0,0.0,0.0
2020-01-12 16:00:00,0.0,0.0,0.0,0.0,0.0,0.0,0.0
2020-01-12 20:00:00,0.0,0.0,0.0,0.0,0.0,0.0,0.0
2020-01-13 00:00:00,0.0,0.0,0.0,0.0,0.0,0.0,0.0
2020-01-13 04:00:00,0.0,0.0,0.0,0.0,0.0,0.0,0.0
2020-01-13 08:00:00,0.0,0.0,0.0,0.0,0.0,0.0,0.0
2020-01-13 12:00:00,0.0,0.0,0.0,0.0,0.0,0.0,0.0
2020-01-13 16:00:00,0.0,0.0,0.0,0.0,0.0,0.0,0.0
2020-01-13 20:00:00,0.0,0.0,0.0,0.0,0.0,0.0,0.0
2020-01-14 00:00:00,0.0,0.0,0.0,0.0,0.0,0.0,0.0
2020-01-14 04:00:00,0.0,0.0,0.2990972551938308,0.3063952435783238,0.27255093326826924,0.0,0.0
2020-01-14 08:00:00,0.0,0.0,0.2990972551938308,0.3063952435783238,0.27255093326826924,0.0,0.0
2020-01-14 12:00:00,0.0,0.0,0.2990972551938308,0.3063952435783238,0.27255093326826924,0.0,0.0
2020-01-14 16:00:00,0.25923623445825933,0.0,0.0,0.3063952435783238,0.27255093326826924,0.0,0.0
2020-01-14 20:00:00,0.0,0.0,0.2709972092419531,0.3063952435783238,0.0,0.0,0.22709262326411023
2020-01-15 00:00:00,0.0,0.0,0.2709972092419531,0.3063952435783238,0.0,0.0,0.22709262326411023
2020-01-15 04:00:00,0.0,0.0,0.2709972092419531,0.3063952435783238,0.0,0.0,0.22709262326411023
2020-01-15 08:00:00,0.0,0.0,0.2709972092419531,0.3063952435783238,0.0,0.0,0.0
2020-01-15 12:00:00,0.0,0.0,0.0,0.3063952435783238,0.0,0.0,0.0
2020-01-15 16:00:00,0.0,0.0,0.0,0.3063952435783238,0.0,0.0,0.0
2020-01-15 20:00:00,0.0,0.0,0.0,0.3063952435783238,0.0,0.0,0.0
2020-01-16 00:00:00,0.0,0.0,0.0,0.3063952435783238,0.0,0.0,0.0
2020-01-16 04:00:00,0.0,0.0,0.0,0.3063952435783238,0.0,0.0,0.0
2020-01-16 08:00:00,0.0,0.0,0.0,0.3063952435783238,0.0,0.0,0.0
2020-01-16 12:00:00,0.0,0.0,0.0,0.3063952435783238,0.0,0.0,0.0
2020-01-16 16:00:00,0.0,0.0,0.0,0.3063952435783238,0.0,0.0,0.0
2020-01-16 20:00:00,0.0,0.0,0.0,0.3063952435783238,0.0,0.0,0.0
2020-01-17 00:00:00,0.0,0.0,0.0,0.3063952435783238,0.0,0.0,0.0
2020-01-17 04:00:00,0.0,0.0,0.0,0.3063952435783238,0.0,0.0,0.0
2020-01-17 08:00:00,0.0,0.0,0.0,0.3063952435783238,0.0,0.0,0.0
2020-01-17 12:00:00,0.0,0.0,0.0,0.3063952435783238,0.0,0.0,0.0
2020-01-17 16:00:00,0.0,0.0,0.0,0.3063952435783238,0.0,0.0,0.0
2020-01-17 20:00:00,0.16641791044776108,0.0,0.0,0.3063952435783238,0.0,0.0,0.0
2020-01-18 00:00:00,0.16641791044776108,0.0,0.0,0.3063952435783238,0.0,0.0,0.0
2020-01-18 04:00:00,0.16641791044776108,0.0,0.0,0.3063952435783238,0.0,0.0,0.0
2020-01-18 08:00:00,0.16641791044776108,0.0,0.0,0.3063952435783238,0.0,0.0,0.0
2020-01-18 12:00:00,0.16641791044776108,0.0,0.0,0.3063952435783238,0.0,0.0,0.0
2020-01-18 16:00:00,0.16641791044776108,0.0,0.0,0.3063952435783238,0.15292733925771027,0.0,0.16277171521605202
2020-01-18 20:00:00,0.16641791044776108,0.0,0.0,0.3063952435783238,0.15292733925771027,0.0,0.16277171521605202
2020-01-19 00:00:00,0.16641791044776108,0.0,0.0,0.3063952435783238,0.15292733925771027,0.0,0.16277171521605202
2020-01-19 04:00:00,0.16641791044776108,0.0,0.0,0.3063952435783238,0.15292733925771027,0.0,0.16277171521605202
2020-01-19 08:00:00,0.16641791044776108,0.0,0.0,0.3063952435783238,0.15292733925771027,0.0,0.16277171521605202
2020-01-19 12:00:00,0.0,0.0,0.0,0.0,0.0,0.0,0.0
2020-01-19 16:00:00,0.0,0.0,0.0,0.0,0.0,0.0,0.0
2020-01-19 20:00:00,0.0,0.0,0.0,0.0,0.0,0.0,0.0
2020-01-20 00:00:00,0.0,0.0,0.0,0.0,0.0,0.0,0.0
2020-01-20 04:00:00,0.0,0.0,0.0,0.0,0.0,0.0,0.0
2020-01-20 08:00:00,0.0,0.0,0.0,0.0,0.0,0.0,0.0
2020-01-20 12:00:00,0.0,0.0,0.0,0.0,0.0,0.0,0.0
2020-01-20 16:00:00,0.0,0.0,0.0,0.0,0.0,0.0,0.0
2020-01-20 20:00:00,0.0,0.0,0.0,0.0,0.0,0.0,0.0
2020-01-21 00:00:00,0.0,0.0,0.0,0.0,0.0,0.0,0.0
2020-01-21 04:00:00,0.0,0.0,0.0,0.0,0.0,0.0,0.0
2020-01-21 08:00:00,0.0,0.0,0.0,0.0,0.0,0.0,0.0
2020-01-21 12:00:00,0.0,0.0,0.0,0.0,0.0,0.0,0.0
2020-01-21 16:00:00,0.0,0.0,0.0,0.0,0.0,0.0,0.0
2020-01-21 20:00:00,0.0,0.0,0.0,0.0,0.0,0.0,0.0
2020-01-22 00:00:00,0.0,0.0,0.0,0.0,0.0,0.0,0.0
2020-01-22 04:00:00,0.0,0.0,0.0,0.0,0.0,0.0,0.0
2020-01-22 08:00:00,0.0,0.0,0.0,0.0,0.0,0.0,0.0
2020-01-22 12:00:00,0.0,0.0,0.0,0.0,0.0,0.0,0.0
2020-01-22 16:00:00,0.0,0.0,0.0,0.0,0.0,0.0,0.0
2020-01-22 20:00:00,0.0,0.0,0.0,0.0,0.0,0.0,0.0
2020-01-23 00:00:00,0.0,0.0,0.0,0.0,0.0,0.0,0.0
2020-01-23 04:00:00,0.0,0.0,0.0,0.0,0.0,0.0,0.0
2020-01-23 08:00:00,0.0,0.0,0.0,0.0,0.0,0.0,0.0
2020-01-23 12:00:00,0.0,0.0,0.0,0.0,0.0,0.0,0.0
2020-01-23 16:00:00,0.0,0.0,0.0,0.0,0.0,0.0,0.0
2020-01-23 20:00:00,0.0,0.0,0.0,0.0,0.0,0.0,0.0
2020-01-24 00:00:00,0.0,0.0,0.0,0.0,0.0,0.0,0.0
2020-01-24 04:00:00,0.0,0.0,0.0,0.0,0.0,0.0,0.0
2020-01-24 08:00:00,0.0,0.0,0.0,0.0,0.0,0.0,0.0
2020-01-24 12:00:00,0.0,0.0,0.0,0.0,0.0,0.0,0.0
2020-01-24 16:00:00,0.0,0.0,0.0,0.0,0.0,0.0,0.0
2020-01-24 20:00:00,0.0,0.0,0.0,0.0,0.0,0.0,0.0
2020-01-25 00:00:00,0.0,0.0,0.0,0.0,0.0,0.0,0.0
2020-01-25 04:00:00,0.0,0.0,0.0,0.0,0.0,0.0,0.0
2020-01-25 08:00:00,0.0,0.0,0.0,0.0,0.0,0.0,0.0
2020-01-25 12:00:00,0.0,0.0,0.0,0.0,0.0,0.0,0.0
2020-01-25 16:00:00,0.0,0.0,0.0,0.0,0.0,0.0,0.0
2020-01-25 20:00:00,0.0,0.0,0.0,0.0,0.0,0.0,0.0
2020-01-26 00:00:00,0.0,0.0,0.0,0.0,0.0,0.0,0.0
2020-01-26 04:00:00,0.0,0.0,0.0,0.0,0.0,0.0,0.0
2020-01-26 08:00:00,0.0,0.0,0.0,0.0,0.0,0.0,0.0
2020-01-26 12:00:00,0.0,0.0,0.0,0.0,0.0,0.0,0.0
2020-01-26 16:00:00,0.0,0.0,0.0,0.0,0.0,0.0,0.0
2020-01-26 20:00:00,0.0,0.0,0.0,0.0,0.0,0.0,0.0
2020-01-27 00:00:00,0.0,0.0,0.0,0.0,0.0,0.0,0.0
2020-01-27 04:00:00,0.0,0.0,0.0,0.0,0.0,0.0,0.0
2020-01-27 08:00:00,0.0,0.0,0.0,0.0,0.0,0.0,0.0
2020-01-27 12:00:00,0.0,0.0,0.0,0.0,0.0,0.0,0.0
2020-01-27 16:00:00,0.0,0.0,0.0,0.0,0.0,0.0,0.0
2020-01-27 20:00:00,0.21972799511002442,0.0,0.0,0.0,0.0,0.0,0.0
2020-01-28 00:00:00,0.21972799511002442,0.0,0.0,0.0,0.0,0.0,0.0
2020-01-28 04:00:00,0.21972799511002442,0.0,0.0,0.0,0.0,0.0,0.0
2020-01-28 08:00:00,0.0,0.0,0.0,0.0,0.0,0.0,0.0
2020-01-28 12:00:00,0.0,0.0,0.0,0.0,0.0,0.0,0.0
2020-01-28 16:00:00,0.0,0.0,0.0,0.0,0.0,0.0,0.0
2020-01-28 20:00:00,0.0,0.0,0.0,0.0,0.0,0.0,0.0
2020-01-29 00:00:00,0.18727873495397668,0.0,0.0,0.34738767160853107,0.0,0.0,0.0
2020-01-29 04:00:00,0.18727873495397668,0.0,0.0,0.34738767160853107,0.0,0.0,0.0
2020-01-29 08:00:00,0.18727873495397668,0.0,0.0,0.34738767160853107,0.3008446897173108,0.0,0.0
2020-01-29 12:00:00,0.18727873495397668,0.0,0.0,0.34738767160853107,0.3008446897173108,0.0,0.0
2020-01-29 16:00:00,0.18727873495397668,0.0,0.0,0.34738767160853107,0.3008446897173108,0.0,0.0
2020-01-29 20:00:00,0.18727873495397668,0.0,0.0,0.34738767160853107,0.3008446897173108,0.0,0.0
2020-01-30 00:00:00,0.18727873495397668,0.0,0.0,0.34738767160853107,0.3008446897173108,0.0,0.0
2020-01-30 04:00:00,0.0,0.0,0.0,0.34738767160853107,0.0,0.0,0.0
2020-01-30 08:00:00,0.0,0.0,0.0,0.34738767160853107,0.0,0.0,0.0
2020-01-30 12:00:00,0.0,0.0,0.0,0.34738767160853107,0.0,0.0,0.0
2020-01-30 16:00:00,0.0,0.0,0.0,0.34738767160853107,0.0,0.0,0.0
2020-01-30 20:00:00,0.0,0.0,0.0,0.34738767160853107,0.29983480176211413,0.0,0.0
2020-01-31 00:00:00,0.0,0.0,0.2507293203704458,0.2800871582044411,0.24174685637945975,0.0,0.22743666504565332
2020-01-31 04:00:00,0.0,0.0,0.2507293203704458,0.2800871582044411,0.24174685637945975,0.0,0.22743666504565332
2020-01-31 08:00:00,0.0,0.0,0.2507293203704458,0.2800871582044411,0.24174685637945975,0.0,0.22743666504565332
2020-01-31 12:00:00,0.0,0.0,0.0,0.34738767160853107,0.29983480176211413,0.0,0.28208609782440974
2020-01-31 16:00:00,0.0,0.0,0.0,0.0,0.0,0.0,0.0
2020-01-31 20:00:00,0.0,0.0,0.0,0.0,0.0,0.0,0.0
2020-02-01 00:00:00,0.0,0.0,0.0,0.0,0.0,0.0,0.0
2020-02-01 04:00:00,0.0,0.0,0.0,0.0,0.0,0.0,0.0
2020-02-01 08:00:00,0.0,0.0,0.0,0.0,0.0,0.0,0.0
2020-02-01 12:00:00,0.0,0.0,0.0,0.0,0.0,0.0,0.0
2020-02-01 16:00:00,0.0,0.0,0.0,0.0,0.0,0.0,0.0
2020-02-01 20:00:00,0.0,0.0,0.0,0.0,0.0,0.0,0.0
2020-02-02 00:00:00,0.0,0.0,0.0,0.0,0.0,0.0,0.0
2020-02-02 04:00:00,0.0,0.0,0.0,0.0,0.0,0.0,0.0
2020-02-02 08:00:00,0.0,0.0,0.0,0.0,0.25539434185390714,0.0,0.0
2020-02-02 12:00:00,0.0,0.0,0.0,0.0,0.25539434185390714,0.0,0.26656903765690415
2020-02-02 16:00:00,0.0,0.0,0.0,0.0,0.25539434185390714,0.0,0.26656903765690415
2020-02-02 20:00:00,0.0,0.0,0.0,0.0,0.25539434185390714,0.0,0.26656903765690415
2020-02-03 00:00:00,0.0,0.0,0.0,0.0,0.25539434185390714,0.0,0.26656903765690415
2020-02-03 04:00:00,0.0,0.0,0.0,0.0,0.25539434185390714,0.0,0.26656903765690415
2020-02-03 08:00:00,0.0,0.0,0.0,0.0,0.25539434185390714,0.0,0.26656903765690415
2020-02-03 12:00:00,0.0,0.0,0.0,0.0,0.25539434185390714,0.0,0.26656903765690415
2020-02-03 16:00:00,0.0,0.0,0.0,0.0,0.25539434185390714,0.0,0.0
2020-02-03 20:00:00,0.0,0.0,0.0,0.0,0.25539434185390714,0.0,0.0
2020-02-04 00:00:00,0.0,0.0,0.0,0.0,0.25539434185390714,0.0,0.0
2020-02-04 04:00:00,0.0,0.0,0.0,0.0,0.25539434185390714,0.0,0.0
2020-02-04 08:00:00,0.0,0.0,0.0,0.0,0.25539434185390714,0.0,0.0
2020-02-04 12:00:00,0.0,0.0,0.0,0.0,0.0,0.0,0.0
2020-02-04 16:00:00,0.0,0.0,0.0,0.0,0.0,0.0,0.22429608938547455
2020-02-04 20:00:00,0.0,0.0,0.0,0.0,0.0,0.0,0.22429608938547455
2020-02-05 00:00:00,0.0,0.0,0.0,0.0,0.0,0.0,0.22429608938547455
2020-02-05 04:00:00,0.0,0.0,0.0,0.0,0.0,0.0,0.22429608938547455
2020-02-05 08:00:00,0.0,0.0,0.0,0.0,0.0,0.0,0.22429608938547455
2020-02-05 12:00:00,0.0,0.0,0.30296797334837594,0.0,0.25233776188042917,0.0,0.22429608938547455
2020-02-05 16:00:00,0.18464615384615368,0.0,0.30296797334837594,0.0,0.25233776188042917,0.0,0.22429608938547455
2020-02-05 20:00:00,0.1360322031519541,0.0,0.22320205452749864,0.2896208550107144,0.1859018504963189,0.0,0.16524303681351393
2020-02-06 00:00:00,0.1360322031519541,0.0,0.22320205452749864,0.2896208550107144,0.1859018504963189,0.0,0.16524303681351393
2020-02-06 04:00:00,0.1360322031519541,0.0,0.22320205452749864,0.2896208550107144,0.1859018504963189,0.0,0.16524303681351393
2020-02-06 08:00:00,0.1360322031519541,0.0,0.22320205452749864,0.2896208550107144,0.1859018504963189,0.0,0.16524303681351393
2020-02-06 12:00:00,0.1360322031519541,0.0,0.22320205452749864,0.2896208550107144,0.1859018504963189,0.0,0.16524303681351393
2020-02-06 16:00:00,0.17511915929336047,0.0,0.0,0.37283936794470696,0.2393181541993404,0.0,0.21272331856259208
2020-02-06 20:00:00,0.17511915929336047,0.0,0.0,0.37283936794470696,0.2393181541993404,0.0,0.21272331856259208
2020-02-07 00:00:00,0.17511915929336047,0.0,0.0,0.37283936794470696,0.2393181541993404,0.0,0.21272331856259208
2020-02-07 04:00:00,0.13830322837584352,0.0,0.21023359788886783,0.29445600618707984,0.1890054376018902,0.0,0.16800172994631857
2020-02-07 08:00:00,0.17511915929336047,0.0,0.0,0.37283936794470696,0.2393181541993404,0.0,0.21272331856259208
2020-02-07 12:00:00,0.1402895067503929,0.0,0.19889115893150666,0.2986849139588938,0.19171988915728458,0.0,0.17041453120192207
2020-02-07 16:00:00,0.1402895067503929,0.0,0.19889115893150666,0.2986849139588938,0.19171988915728458,0.0,0.17041453120192207
2020-02-07 20:00:00,0.1402895067503929,0.0,0.19889115893150666,0.2986849139588938,0.19171988915728458,0.0,0.17041453120192207
2020-02-08 00:00:00,0.1402895067503929,0.0,0.19889115893150666,0.2986849139588938,0.19171988915728458,0.0,0.17041453120192207
2020-02-08 04:00:00,0.0,0.0,0.0,0.39312292025165757,0.0,0.0,0.0
2020-02-08 08:00:00,0.0,0.0,0.0,0.39312292025165757,0.0,0.0,0.0
2020-02-08 12:00:00,0.0,0.0,0.0,0.39312292025165757,0.226195079671978,0.0,0.0
2020-02-08 16:00:00,0.0,0.0,0.0,0.39312292025165757,0.226195079671978,0.0,0.0
2020-02-08 20:00:00,0.0,0.0,0.0,0.39312292025165757,0.226195079671978,0.0,0.0
2020-02-09 00:00:00,0.0,0.0,0.0,0.39312292025165757,0.226195079671978,0.0,0.0
2020-02-09 04:00:00,0.0,0.0,0.20890270260614838,0.39312292025165757,0.226195079671978,0.0,0.0
2020-02-09 08:00:00,0.0,0.0,0.20890270260614838,0.39312292025165757,0.226195079671978,0.0,0.0
2020-02-09 12:00:00,0.0,0.0,0.20890270260614838,0.39312292025165757,0.226195079671978,0.0,0.0
2020-02-09 16:00:00,0.0,0.0,0.20890270260614838,0.39312292025165757,0.226195079671978,0.0,0.0
2020-02-09 20:00:00,0.0,0.0,0.20890270260614838,0.39312292025165757,0.226195079671978,0.0,0.0
2020-02-10 00:00:00,0.0,0.0,0.20890270260614838,0.39312292025165757,0.226195079671978,0.0,0.0
2020-02-10 04:00:00,0.0,0.0,0.20890270260614838,0.39312292025165757,0.226195079671978,0.0,0.0
2020-02-10 08:00:00,0.0,0.0,0.0,0.0,0.0,0.0,0.0
2020-02-10 12:00:00,0.0,0.0,0.0,0.0,0.0,0.0,0.0
2020-02-10 16:00:00,0.0,0.0,0.0,0.0,0.0,0.0,0.0
2020-02-10 20:00:00,0.0,0.0,0.0,0.0,0.0,0.0,0.0
2020-02-11 00:00:00,0.0,0.0,0.0,0.0,0.0,0.0,0.0
2020-02-11 04:00:00,0.0,0.0,0.0,0.0,0.0,0.0,0.0
2020-02-11 08:00:00,0.0,0.0,0.0,0.0,0.0,0.0,0.0
2020-02-11 12:00:00,0.0,0.0,0.0,0.0,0.0,0.0,0.0
2020-02-11 16:00:00,0.0,0.0,0.0,0.0,0.0,0.0,0.0
2020-02-11 20:00:00,0.0,0.0,0.0,0.38650746156070376,0.21808439179286737,0.0,0.0
2020-02-12 00:00:00,0.22140027958993475,0.0,0.0,0.38650746156070376,0.21808439179286737,0.0,0.0
2020-02-12 04:00:00,0.22140027958993475,0.0,0.0,0.38650746156070376,0.21808439179286737,0.0,0.0
2020-02-12 08:00:00,0.22140027958993475,0.0,0.0,0.38650746156070376,0.21808439179286737,0.0,0.0
2020-02-12 12:00:00,0.0,0.0,0.0,0.38650746156070376,0.21808439179286737,0.0,0.23758416159025356
2020-02-12 16:00:00,0.0,0.0,0.0,0.38650746156070376,0.21808439179286737,0.0,0.23758416159025356
2020-02-12 20:00:00,0.20366473591997086,0.0,0.0,0.3654693508356148,0.20621377081332537,0.0,0.22465214243108877
2020-02-13 00:00:00,0.17527257181545833,0.0,0.13940638263302052,0.31452059067238347,0.17746625497512492,0.0,0.19333419990401257
2020-02-13 04:00:00,0.21538862262971462,0.0,0.17131344870509307,0.38650746156070376,0.21808439179286737,0.0,0.0
2020-02-13 08:00:00,0.21538862262971462,0.0,0.17131344870509307,0.38650746156070376,0.21808439179286737,0.0,0.0
2020-02-13 12:00:00,0.0,0.0,0.0,0.0,0.21808439179286737,0.0,0.0
2020-02-13 16:00:00,0.0,0.0,0.0,0.0,0.21808439179286737,0.0,0.0
2020-02-13 20:00:00,0.0,0.0,0.0,0.0,0.21808439179286737,0.0,0.0
2020-02-14 00:00:00,0.0,0.0,0.0,0.0,0.21808439179286737,0.0,0.0
2020-02-14 04:00:00,0.0,0.0,0.0,0.0,0.21808439179286737,0.0,0.0
2020-02-14 08:00:00,0.0,0.0,0.0,0.0,0.21808439179286737,0.0,0.0
2020-02-14 12:00:00,0.0,0.0,0.0,0.0,0.21808439179286737,0.0,0.0
2020-02-14 16:00:00,0.0,0.0,0.0,0.0,0.21808439179286737,0.0,0.0
2020-02-14 20:00:00,0.0,0.0,0.0,0.0,0.21808439179286737,0.0,0.0
2020-02-15 00:00:00,0.0,0.0,0.0,0.0,0.21808439179286737,0.0,0.0
2020-02-15 04:00:00,0.0,0.0,0.0,0.0,0.21808439179286737,0.0,0.0
2020-02-15 08:00:00,0.0,0.0,0.0,0.0,0.21808439179286737,0.0,0.0
2020-02-15 12:00:00,0.0,0.0,0.0,0.0,0.21808439179286737,0.0,0.0
2020-02-15 16:00:00,0.0,0.0,0.0,0.0,0.0,0.0,0.0
2020-02-15 20:00:00,0.0,0.0,0.0,0.0,0.0,0.0,0.0
2020-02-16 00:00:00,0.0,0.0,0.0,0.0,0.0,0.0,0.0
2020-02-16 04:00:00,0.0,0.0,0.0,0.0,0.0,0.0,0.0
2020-02-16 08:00:00,0.0,0.0,0.0,0.0,0.0,0.0,0.0
2020-02-16 12:00:00,0.0,0.0,0.0,0.0,0.0,0.0,0.0
2020-02-16 16:00:00,0.0,0.0,0.0,0.0,0.0,0.0,0.0
2020-02-16 20:00:00,0.0,0.0,0.0,0.0,0.0,0.0,0.0
2020-02-17 00:00:00,0.0,0.0,0.0,0.0,0.0,0.0,0.0
2020-02-17 04:00:00,0.0,0.0,0.0,0.0,0.0,0.0,0.0
2020-02-17 08:00:00,0.0,0.0,0.0,0.0,0.0,0.0,0.0
2020-02-17 12:00:00,0.0,0.0,0.0,0.0,0.0,0.0,0.0
2020-02-17 16:00:00,0.0,0.0,0.0,0.0,0.0,0.0,0.0
2020-02-17 20:00:00,0.0,0.0,0.0,0.0,0.0,0.0,0.0
2020-02-18 00:00:00,0.0,0.0,0.0,0.0,0.0,0.0,0.0
2020-02-18 04:00:00,0.0,0.0,0.0,0.0,0.0,0.0,0.0
2020-02-18 08:00:00,0.0,0.0,0.0,0.0,0.0,0.0,0.0
2020-02-18 12:00:00,0.0,0.0,0.0,0.0,0.0,0.0,0.0
2020-02-18 16:00:00,0.0,0.0,0.0,0.0,0.0,0.0,0.0
2020-02-18 20:00:00,0.0,0.0,0.0,0.0,0.0,0.0,0.0
2020-02-19 00:00:00,0.0,0.0,0.0,0.0,0.0,0.0,0.0
2020-02-19 04:00:00,0.0,0.0,0.0,0.0,0.0,0.0,0.0
2020-02-19 08:00:00,0.0,0.0,0.0,0.0,0.0,0.0,0.0
2020-02-19 16:00:00,0.0,0.0,0.0,0.0,0.0,0.0,0.0
2020-02-19 20:00:00,0.0,0.0,0.0,0.0,0.0,0.0,0.0
2020-02-20 00:00:00,0.0,0.0,0.0,0.0,0.0,0.0,0.0
2020-02-20 04:00:00,0.0,0.0,0.0,0.0,0.0,0.0,0.0
2020-02-20 08:00:00,0.0,0.0,0.0,0.0,0.0,0.0,0.0
2020-02-20 12:00:00,0.0,0.0,0.0,0.0,0.0,0.0,0.0
2020-02-20 16:00:00,0.0,0.0,0.0,0.0,0.0,0.0,0.0
2020-02-20 20:00:00,0.0,0.0,0.0,0.0,0.0,0.0,0.0
2020-02-21 00:00:00,0.0,0.0,0.0,0.0,0.0,0.0,0.0
2020-02-21 04:00:00,0.0,0.0,0.0,0.0,0.0,0.0,0.0
2020-02-21 08:00:00,0.0,0.0,0.0,0.0,0.0,0.0,0.0
2020-02-21 12:00:00,0.0,0.0,0.0,0.0,0.0,0.0,0.0
2020-02-21 16:00:00,0.0,0.0,0.0,0.0,0.0,0.0,0.0
2020-02-21 20:00:00,0.0,0.0,0.0,0.0,0.0,0.0,0.0
2020-02-22 00:00:00,0.0,0.0,0.0,0.0,0.0,0.0,0.0
2020-02-22 04:00:00,0.0,0.0,0.0,0.0,0.0,0.0,0.0
2020-02-22 08:00:00,0.0,0.0,0.0,0.0,0.0,0.0,0.0
2020-02-22 12:00:00,0.0,0.0,0.0,0.0,0.0,0.0,0.0
2020-02-22 16:00:00,0.0,0.0,0.0,0.0,0.0,0.0,0.0
2020-02-22 20:00:00,0.0,0.0,0.0,0.0,0.0,0.0,0.0
2020-02-23 00:00:00,0.0,0.0,0.0,0.0,0.0,0.0,0.0
2020-02-23 04:00:00,0.0,0.0,0.0,0.0,0.0,0.0,0.0
2020-02-23 08:00:00,0.0,0.0,0.0,0.0,0.0,0.0,0.0
2020-02-23 12:00:00,0.0,0.0,0.0,0.0,0.0,0.0,0.0
2020-02-23 16:00:00,0.0,0.0,0.0,0.0,0.0,0.0,0.0
2020-02-23 20:00:00,0.0,0.0,0.0,0.0,0.0,0.0,0.0
2020-02-24 00:00:00,0.0,0.0,0.0,0.0,0.0,0.0,0.0
2020-02-24 04:00:00,0.0,0.0,0.0,0.0,0.0,0.0,0.0
2020-02-24 08:00:00,0.0,0.0,0.0,0.0,0.0,0.0,0.0
2020-02-24 12:00:00,0.0,0.0,0.0,0.0,0.0,0.0,0.0
2020-02-24 16:00:00,0.0,0.0,0.0,0.0,0.0,0.0,0.0
2020-02-24 20:00:00,0.0,0.0,0.0,0.0,0.0,0.0,0.0
2020-02-25 00:00:00,0.0,0.0,0.0,0.0,0.0,0.0,0.0
2020-02-25 04:00:00,0.0,0.0,0.0,0.0,0.0,0.0,0.0
2020-02-25 08:00:00,0.0,0.0,0.0,0.0,0.0,0.0,0.0
2020-02-25 12:00:00,0.0,0.0,0.0,0.0,0.0,0.0,0.0
2020-02-25 16:00:00,0.0,0.0,0.0,0.0,0.0,0.0,0.0
2020-02-25 20:00:00,0.0,0.0,0.0,0.0,0.0,0.0,0.0
2020-02-26 00:00:00,0.0,0.0,0.0,0.0,0.0,0.0,0.0
2020-02-26 04:00:00,0.0,0.0,0.0,0.0,0.0,0.0,0.0
2020-02-26 08:00:00,0.0,0.0,0.0,0.0,0.0,0.0,0.0
2020-02-26 12:00:00,0.0,0.0,0.0,0.0,0.0,0.0,0.0
2020-02-26 16:00:00,0.0,0.0,0.0,0.0,0.0,0.0,0.0
2020-02-26 20:00:00,0.0,0.0,0.0,0.0,0.0,0.0,0.0
2020-02-27 00:00:00,0.0,0.0,0.0,0.0,0.0,0.0,0.0
2020-02-27 04:00:00,0.0,0.0,0.0,0.0,0.0,0.0,0.0
2020-02-27 08:00:00,0.0,0.0,0.0,0.0,0.0,0.0,0.0
2020-02-27 12:00:00,0.0,0.0,0.0,0.0,0.0,0.0,0.0
2020-02-27 16:00:00,0.0,0.0,0.0,0.0,0.0,0.0,0.0
2020-02-27 20:00:00,0.0,0.0,0.0,0.0,0.0,0.0,0.0
2020-02-28 00:00:00,0.0,0.0,0.0,0.0,0.0,0.0,0.0
2020-02-28 04:00:00,0.0,0.0,0.0,0.0,0.0,0.0,0.0
2020-02-28 08:00:00,0.0,0.0,0.0,0.0,0.0,0.0,0.0
2020-02-28 12:00:00,0.0,0.0,0.0,0.0,0.0,0.0,0.0
2020-02-28 16:00:00,0.0,0.0,0.0,0.0,0.0,0.0,0.0
2020-02-28 20:00:00,0.0,0.0,0.0,0.0,0.0,0.0,0.0
2020-02-29 00:00:00,0.0,0.0,0.0,0.0,0.0,0.0,0.0
2020-02-29 04:00:00,0.0,0.0,0.0,0.0,0.0,0.0,0.0
2020-02-29 08:00:00,0.0,0.0,0.0,0.0,0.0,0.0,0.0
2020-02-29 12:00:00,0.0,0.0,0.0,0.0,0.0,0.0,0.0
2020-02-29 16:00:00,0.0,0.0,0.0,0.0,0.0,0.0,0.0
2020-02-29 20:00:00,0.0,0.0,0.0,0.0,0.0,0.0,0.0
2020-03-01 00:00:00,0.0,0.0,0.0,0.0,0.0,0.0,0.0
2020-03-01 04:00:00,0.0,0.0,0.0,0.0,0.0,0.0,0.0
2020-03-01 08:00:00,0.0,0.0,0.0,0.0,0.0,0.0,0.0
2020-03-01 12:00:00,0.0,0.0,0.0,0.0,0.0,0.0,0.0
2020-03-01 16:00:00,0.0,0.0,0.0,0.0,0.0,0.0,0.0
2020-03-01 20:00:00,0.0,0.0,0.0,0.0,0.0,0.0,0.0
2020-03-02 00:00:00,0.0,0.0,0.0,0.0,0.0,0.0,0.0
2020-03-02 04:00:00,0.0,0.0,0.0,0.0,0.0,0.0,0.0
2020-03-02 08:00:00,0.0,0.0,0.0,0.0,0.0,0.0,0.0
2020-03-02 12:00:00,0.0,0.0,0.0,0.0,0.0,0.0,0.0
2020-03-02 16:00:00,0.0,0.0,0.0,0.0,0.0,0.0,0.0
2020-03-02 20:00:00,0.0,0.0,0.0,0.0,0.0,0.0,0.0
2020-03-03 00:00:00,0.0,0.0,0.0,0.0,0.0,0.0,0.0
2020-03-03 04:00:00,0.0,0.0,0.0,0.0,0.0,0.0,0.0
2020-03-03 08:00:00,0.0,0.0,0.0,0.0,0.0,0.0,0.0
2020-03-03 12:00:00,0.0,0.0,0.0,0.0,0.0,0.0,0.0
2020-03-03 16:00:00,0.0,0.0,0.0,0.0,0.0,0.0,0.0
2020-03-03 20:00:00,0.0,0.0,0.0,0.0,0.0,0.0,0.0
2020-03-04 00:00:00,0.0,0.0,0.0,0.0,0.0,0.0,0.0
2020-03-04 04:00:00,0.0,0.0,0.0,0.0,0.0,0.0,0.0
2020-03-04 08:00:00,0.0,0.0,0.0,0.0,0.0,0.0,0.0
2020-03-04 12:00:00,0.0,0.0,0.0,0.0,0.0,0.0,0.0
2020-03-04 16:00:00,0.0,0.0,0.0,0.0,0.0,0.0,0.0
2020-03-04 20:00:00,0.0,0.0,0.0,0.0,0.0,0.0,0.0
2020-03-05 00:00:00,0.0,0.0,0.0,0.0,0.0,0.0,0.0
2020-03-05 04:00:00,0.0,0.0,0.0,0.0,0.0,0.0,0.0
2020-03-05 08:00:00,0.0,0.0,0.0,0.0,0.0,0.0,0.0
2020-03-05 12:00:00,0.0,0.0,0.0,0.0,0.0,0.0,0.0
2020-03-05 16:00:00,0.0,0.0,0.0,0.0,0.0,0.0,0.0
2020-03-05 20:00:00,0.0,0.0,0.0,0.0,0.0,0.0,0.0
2020-03-06 00:00:00,0.0,0.0,0.0,0.0,0.0,0.0,0.0
2020-03-06 04:00:00,0.0,0.0,0.0,0.0,0.0,0.0,0.0
2020-03-06 08:00:00,0.0,0.0,0.0,0.0,0.0,0.0,0.0
2020-03-06 12:00:00,0.0,0.0,0.0,0.0,0.0,0.0,0.0
2020-03-06 16:00:00,0.0,0.0,0.0,0.0,0.0,0.0,0.0
2020-03-06 20:00:00,0.0,0.0,0.0,0.0,0.0,0.0,0.0
2020-03-07 00:00:00,0.0,0.0,0.0,0.0,0.0,0.0,0.0
2020-03-07 04:00:00,0.0,0.0,0.0,0.0,0.0,0.0,0.0
2020-03-07 08:00:00,0.0,0.0,0.0,0.0,0.0,0.0,0.0
2020-03-07 12:00:00,0.0,0.0,0.0,0.0,0.0,0.0,0.0
2020-03-07 16:00:00,0.0,0.0,0.0,0.0,0.24124910405942518,0.0,0.0
2020-03-07 20:00:00,0.0,0.0,0.0,0.0,0.0,0.0,0.0
2020-03-08 00:00:00,0.0,0.0,0.0,0.0,0.0,0.0,0.0
2020-03-08 04:00:00,0.0,0.0,0.0,0.0,0.0,0.0,0.0
2020-03-08 08:00:00,0.0,0.0,0.0,0.0,0.0,0.0,0.0
2020-03-08 12:00:00,0.0,0.0,0.0,0.0,0.0,0.0,0.0
2020-03-08 16:00:00,0.0,0.0,0.0,0.0,0.0,0.0,0.0
2020-03-08 20:00:00,0.0,0.0,0.0,0.0,0.0,0.0,0.0
2020-03-09 00:00:00,0.0,0.0,0.0,0.0,0.0,0.0,0.0
2020-03-09 04:00:00,0.0,0.0,0.0,0.0,0.0,0.0,0.0
2020-03-09 08:00:00,0.0,0.0,0.0,0.0,0.0,0.0,0.0
2020-03-09 12:00:00,0.0,0.0,0.0,0.0,0.0,0.0,0.0
2020-03-09 16:00:00,0.0,0.0,0.0,0.0,0.0,0.0,0.0
2020-03-09 20:00:00,0.0,0.0,0.0,0.0,0.0,0.0,0.0
2020-03-10 00:00:00,0.0,0.0,0.0,0.0,0.0,0.0,0.0
2020-03-10 04:00:00,0.0,0.0,0.0,0.0,0.0,0.0,0.0
2020-03-10 08:00:00,0.0,0.0,0.0,0.0,0.0,0.0,0.0
2020-03-10 12:00:00,0.0,0.0,0.0,0.0,0.0,0.0,0.0
2020-03-10 16:00:00,0.0,0.0,0.0,0.0,0.0,0.0,0.0
2020-03-10 20:00:00,0.0,0.0,0.0,0.0,0.0,0.0,0.0
2020-03-11 00:00:00,0.0,0.0,0.0,0.0,0.0,0.0,0.0
2020-03-11 04:00:00,0.0,0.0,0.0,0.0,0.0,0.0,0.0
2020-03-11 08:00:00,0.0,0.0,0.0,0.0,0.0,0.0,0.0
2020-03-11 12:00:00,0.0,0.0,0.0,0.0,0.0,0.0,0.0
2020-03-11 16:00:00,0.0,0.0,0.0,0.0,0.0,0.0,0.0
2020-03-11 20:00:00,0.0,0.0,0.0,0.0,0.0,0.0,0.0
2020-03-12 00:00:00,0.0,0.0,0.0,0.0,0.0,0.0,0.0
2020-03-12 04:00:00,0.0,0.0,0.0,0.0,0.0,0.0,0.0
2020-03-12 08:00:00,0.0,0.0,0.0,0.0,0.0,0.0,0.0
2020-03-12 12:00:00,0.0,0.0,0.0,0.0,0.0,0.0,0.0
2020-03-12 16:00:00,0.0,0.0,0.0,0.0,0.0,0.0,0.0
2020-03-12 20:00:00,0.0,0.0,0.0,0.0,0.0,0.0,0.0
2020-03-13 00:00:00,0.0,0.0,0.0,0.0,0.0,0.0,0.0
2020-03-13 04:00:00,0.0,0.0,0.0,0.0,0.0,0.0,0.0
2020-03-13 08:00:00,0.0,0.0,0.0,0.0,0.0,0.0,0.0
2020-03-13 12:00:00,0.0,0.0,0.0,0.0,0.0,0.0,0.0
2020-03-13 16:00:00,0.0,0.0,0.0,0.0,0.0,0.0,0.0
2020-03-13 20:00:00,0.0,0.0,0.0,0.0,0.0,0.0,0.0
2020-03-14 00:00:00,0.0,0.0,0.0,0.0,0.0,0.0,0.0
2020-03-14 04:00:00,0.0,0.0,0.0,0.0,0.0,0.0,0.0
2020-03-14 08:00:00,0.0,0.0,0.0,0.0,0.0,0.0,0.0
2020-03-14 12:00:00,0.0,0.0,0.0,0.0,0.0,0.0,0.0
2020-03-14 16:00:00,0.0,0.0,0.0,0.0,0.0,0.0,0.0
2020-03-14 20:00:00,0.0,0.0,0.0,0.0,0.0,0.0,0.0
2020-03-15 00:00:00,0.0,0.0,0.0,0.0,0.0,0.0,0.0
2020-03-15 04:00:00,0.0,0.0,0.0,0.0,0.0,0.0,0.0
2020-03-15 08:00:00,0.0,0.0,0.0,0.0,0.0,0.0,0.0
2020-03-15 12:00:00,0.0,0.0,0.0,0.0,0.0,0.0,0.0
2020-03-15 16:00:00,0.0,0.0,0.0,0.0,0.0,0.0,0.0
2020-03-15 20:00:00,0.0,0.0,0.0,0.0,0.0,0.0,0.0
2020-03-16 00:00:00,0.0,0.0,0.0,0.0,0.0,0.0,0.0
2020-03-16 04:00:00,0.0,0.0,0.0,0.0,0.0,0.0,0.0
2020-03-16 08:00:00,0.0,0.0,0.0,0.0,0.0,0.0,0.0
2020-03-16 12:00:00,0.0,0.0,0.0,0.0,0.0,0.0,0.0
2020-03-16 16:00:00,0.0,0.0,0.0,0.0,0.0,0.0,0.0
2020-03-16 20:00:00,0.0,0.0,0.0,0.0,0.0,0.0,0.0
2020-03-17 00:00:00,0.0,0.0,0.0,0.0,0.0,0.0,0.0
2020-03-17 04:00:00,0.0,0.0,0.0,0.0,0.0,0.0,0.0
2020-03-17 08:00:00,0.0,0.0,0.0,0.0,0.0,0.0,0.0
2020-03-17 12:00:00,0.0,0.0,0.0,0.0,0.0,0.0,0.0
2020-03-17 16:00:00,0.0,0.0,0.0,0.0,0.0,0.0,0.0
2020-03-17 20:00:00,0.0,0.0,0.0,0.0,0.0,0.0,0.0
2020-03-18 00:00:00,0.0,0.0,0.0,0.0,0.0,0.0,0.0
2020-03-18 04:00:00,0.0,0.0,0.0,0.0,0.0,0.0,0.0
2020-03-18 08:00:00,0.0,0.0,0.0,0.0,0.0,0.0,0.0
2020-03-18 12:00:00,0.0,0.0,0.0,0.0,0.0,0.0,0.0
2020-03-18 16:00:00,0.0,0.0,0.0,0.0,0.0,0.0,0.0
2020-03-18 20:00:00,0.0,0.0,0.0,0.0,0.0,0.0,0.0
2020-03-19 00:00:00,0.0,0.0,0.0,0.0,0.0,0.0,0.0
2020-03-19 04:00:00,0.0,0.0,0.0,0.0,0.0,0.0,0.0
2020-03-19 08:00:00,0.0,0.0,0.0,0.0,0.0,0.0,0.0
2020-03-19 12:00:00,0.0,0.0,0.0,0.0,0.0,0.0,0.0
2020-03-19 16:00:00,0.0,0.0,0.0,0.0,0.0,0.0,0.0
2020-03-19 20:00:00,0.0,0.0,0.0,0.0,0.0,0.0,0.0
2020-03-20 00:00:00,0.0,0.0,0.0,0.0,0.0,0.0,0.0
2020-03-20 04:00:00,0.0,0.0,0.0,0.0,0.0,0.0,0.0
2020-03-20 08:00:00,0.0,0.0,0.0,0.0,0.0,0.0,0.0
2020-03-20 12:00:00,0.0,0.0,0.0,0.0,0.0,0.0,0.0
2020-03-20 16:00:00,0.0,0.0,0.0,0.0,0.0,0.0,0.0
2020-03-20 20:00:00,0.0,0.0,0.0,0.0,0.0,0.0,0.0
2020-03-21 00:00:00,0.0,0.0,0.0,0.0,0.0,0.0,0.0
2020-03-21 04:00:00,0.0,0.0,0.0,0.0,0.0,0.0,0.0
2020-03-21 08:00:00,0.0,0.0,0.0,0.0,0.0,0.0,0.0
2020-03-21 12:00:00,0.0,0.0,0.0,0.0,0.0,0.0,0.0
2020-03-21 16:00:00,0.0,0.0,0.0,0.0,0.0,0.0,0.0
2020-03-21 20:00:00,0.0,0.0,0.0,0.0,0.0,0.0,0.0
2020-03-22 00:00:00,0.0,0.0,0.0,0.0,0.0,0.0,0.0
2020-03-22 04:00:00,0.0,0.0,0.0,0.0,0.0,0.0,0.0
2020-03-22 08:00:00,0.0,0.0,0.0,0.0,0.0,0.0,0.0
2020-03-22 12:00:00,0.0,0.0,0.0,0.0,0.0,0.0,0.0
2020-03-22 16:00:00,0.0,0.0,0.0,0.0,0.0,0.0,0.0
2020-03-22 20:00:00,0.0,0.0,0.0,0.0,0.0,0.0,0.0
2020-03-23 00:00:00,0.0,0.0,0.0,0.0,0.0,0.0,0.0
2020-03-23 04:00:00,0.0,0.0,0.0,0.0,0.0,0.0,0.0
2020-03-23 08:00:00,0.0,0.0,0.0,0.0,0.0,0.0,0.0
2020-03-23 12:00:00,0.0,0.0,0.0,0.0,0.0,0.0,0.0
2020-03-23 16:00:00,0.0,0.0,0.0,0.0,0.0,0.0,0.0
2020-03-23 20:00:00,0.0,0.0,0.0,0.0,0.0,0.0,0.0
2020-03-24 00:00:00,0.0,0.0,0.0,0.0,0.0,0.0,0.0
2020-03-24 04:00:00,0.0,0.0,0.0,0.0,0.0,0.0,0.0
2020-03-24 08:00:00,0.0,0.0,0.0,0.0,0.0,0.0,0.0
2020-03-24 12:00:00,0.0,0.0,0.0,0.0,0.0,0.0,0.0
2020-03-24 16:00:00,0.0,0.0,0.0,0.0,0.0,0.0,0.0
2020-03-24 20:00:00,0.0,0.0,0.0,0.0,0.0,0.0,0.0
2020-03-25 00:00:00,0.0,0.0,0.0,0.0,0.0,0.0,0.0
2020-03-25 04:00:00,0.0,0.0,0.0,0.0,0.0,0.0,0.0
2020-03-25 08:00:00,0.0,0.0,0.0,0.0,0.0,0.0,0.0
2020-03-25 12:00:00,0.0,0.0,0.0,0.0,0.0,0.0,0.0
2020-03-25 16:00:00,0.0,0.0,0.0,0.0,0.0,0.0,0.0
2020-03-25 20:00:00,0.0,0.0,0.0,0.0,0.0,0.0,0.0
2020-03-26 00:00:00,0.0,0.0,0.0,0.0,0.0,0.0,0.0
2020-03-26 04:00:00,0.0,0.0,0.0,0.0,0.0,0.0,0.0
2020-03-26 08:00:00,0.0,0.0,0.0,0.0,0.0,0.0,0.0
2020-03-26 12:00:00,0.0,0.0,0.0,0.0,0.0,0.0,0.0
2020-03-26 16:00:00,0.0,0.0,0.0,0.0,0.0,0.0,0.0
2020-03-26 20:00:00,0.0,0.0,0.0,0.0,0.0,0.0,0.0
2020-03-27 00:00:00,0.0,0.0,0.0,0.0,0.0,0.0,0.1933296703296704
2020-03-27 04:00:00,0.0,0.0,0.0,0.0,0.0,0.0,0.1933296703296704
2020-03-27 08:00:00,0.0,0.0,0.0,0.0,0.0,0.0,0.1933296703296704
2020-03-27 12:00:00,0.0,0.0,0.0,0.0,0.0,0.0,0.1933296703296704
2020-03-27 16:00:00,0.0,0.0,0.0,0.0,0.0,0.0,0.1933296703296704
2020-03-27 20:00:00,0.0,0.0,0.0,0.0,0.0,0.0,0.1933296703296704
2020-03-28 00:00:00,0.0,0.0,0.0,0.0,0.0,0.0,0.0
2020-03-28 04:00:00,0.0,0.0,0.0,0.0,0.0,0.0,0.0
2020-03-28 08:00:00,0.0,0.0,0.0,0.0,0.0,0.0,0.0
2020-03-28 12:00:00,0.0,0.0,0.0,0.0,0.0,0.0,0.0
2020-03-28 16:00:00,0.0,0.0,0.0,0.0,0.0,0.0,0.0
2020-03-28 20:00:00,0.0,0.0,0.0,0.0,0.0,0.0,0.0
2020-03-29 00:00:00,0.0,0.0,0.0,0.0,0.0,0.0,0.0
2020-03-29 04:00:00,0.0,0.0,0.0,0.0,0.0,0.0,0.0
2020-03-29 08:00:00,0.0,0.0,0.0,0.0,0.0,0.0,0.0
2020-03-29 12:00:00,0.0,0.0,0.0,0.0,0.0,0.0,0.0
2020-03-29 16:00:00,0.0,0.0,0.0,0.0,0.0,0.0,0.0
2020-03-29 20:00:00,0.0,0.0,0.0,0.0,0.0,0.0,0.0
2020-03-30 00:00:00,0.0,0.0,0.0,0.0,0.0,0.0,0.0
2020-03-30 04:00:00,0.0,0.0,0.0,0.0,0.0,0.0,0.0
2020-03-30 08:00:00,0.0,0.0,0.0,0.0,0.0,0.0,0.0
2020-03-30 12:00:00,0.0,0.0,0.0,0.0,0.0,0.0,0.0
2020-03-30 16:00:00,0.0,0.0,0.0,0.0,0.0,0.0,0.0
2020-03-30 20:00:00,0.0,0.0,0.0,0.0,0.0,0.0,0.0
2020-03-31 00:00:00,0.0,0.0,0.0,0.0,0.0,0.0,0.0
2020-03-31 04:00:00,0.0,0.0,0.0,0.0,0.0,0.0,0.0
2020-03-31 08:00:00,0.0,0.0,0.0,0.0,0.0,0.0,0.0
2020-03-31 12:00:00,0.0,0.0,0.0,0.0,0.0,0.0,0.0
2020-03-31 16:00:00,0.0,0.0,0.0,0.0,0.0,0.0,0.0
2020-03-31 20:00:00,0.0,0.0,0.0,0.0,0.0,0.0,0.0
2020-04-01 00:00:00,0.0,0.0,0.0,0.0,0.0,0.0,0.0
2020-04-01 04:00:00,0.0,0.0,0.0,0.0,0.0,0.0,0.0
2020-04-01 08:00:00,0.0,0.0,0.0,0.0,0.0,0.0,0.0
2020-04-01 12:00:00,0.0,0.0,0.0,0.0,0.0,0.0,0.0
2020-04-01 16:00:00,0.0,0.0,0.0,0.0,0.0,0.0,0.0
2020-04-01 20:00:00,0.0,0.0,0.0,0.0,0.0,0.0,0.0
2020-04-02 00:00:00,0.0,0.0,0.0,0.0,0.0,0.0,0.0
2020-04-02 04:00:00,0.0,0.0,0.0,0.0,0.0,0.0,0.0
2020-04-02 08:00:00,0.0,0.0,0.0,0.0,0.0,0.0,0.0
2020-04-02 12:00:00,0.23064516129032248,0.0,0.0,0.0,0.0,0.0,0.0
2020-04-02 16:00:00,0.23064516129032248,0.0,0.0,0.0,0.0,0.0,0.0
2020-04-02 20:00:00,0.23064516129032248,0.0,0.0,0.0,0.0,0.0,0.0
2020-04-03 00:00:00,0.23064516129032248,0.0,0.0,0.0,0.0,0.0,0.0
2020-04-03 04:00:00,0.23064516129032248,0.0,0.0,0.0,0.0,0.0,0.0
2020-04-03 08:00:00,0.23064516129032248,0.0,0.0,0.0,0.0,0.0,0.0
2020-04-03 12:00:00,0.23064516129032248,0.0,0.0,0.0,0.0,0.0,0.0
2020-04-03 16:00:00,0.23064516129032248,0.0,0.0,0.0,0.0,0.0,0.0
2020-04-03 20:00:00,0.23064516129032248,0.0,0.0,0.0,0.0,0.0,0.0
2020-04-04 00:00:00,0.23064516129032248,0.0,0.0,0.0,0.0,0.0,0.0
2020-04-04 04:00:00,0.23064516129032248,0.0,0.0,0.0,0.0,0.0,0.0
2020-04-04 08:00:00,0.23064516129032248,0.0,0.0,0.0,0.0,0.0,0.0
2020-04-04 12:00:00,0.23064516129032248,0.0,0.0,0.0,0.0,0.0,0.0
2020-04-04 16:00:00,0.23064516129032248,0.0,0.0,0.0,0.0,0.0,0.0
2020-04-04 20:00:00,0.23064516129032248,0.0,0.0,0.0,0.0,0.0,0.0
2020-04-05 00:00:00,0.23064516129032248,0.0,0.0,0.0,0.0,0.0,0.0
2020-04-05 04:00:00,0.23064516129032248,0.0,0.0,0.0,0.0,0.0,0.0
2020-04-05 08:00:00,0.23064516129032248,0.0,0.0,0.0,0.0,0.0,0.0
2020-04-05 12:00:00,0.23064516129032248,0.0,0.0,0.0,0.0,0.0,0.0
2020-04-05 16:00:00,0.23064516129032248,0.0,0.0,0.0,0.0,0.0,0.0
2020-04-05 20:00:00,0.23064516129032248,0.0,0.0,0.0,0.0,0.0,0.0
2020-04-06 00:00:00,0.23064516129032248,0.0,0.0,0.0,0.0,0.0,0.0
2020-04-06 04:00:00,0.23064516129032248,0.0,0.0,0.0,0.0,0.0,0.0
2020-04-06 08:00:00,0.23064516129032248,0.0,0.0,0.0,0.0,0.0,0.0
2020-04-06 12:00:00,0.23064516129032248,0.0,0.2018484026208553,0.0,0.20425531914893622,0.0,0.27952986780638184
2020-04-06 16:00:00,0.23064516129032248,0.0,0.2018484026208553,0.0,0.20425531914893622,0.0,0.27952986780638184
2020-04-06 20:00:00,0.20646716859551265,0.0,0.18068910677123176,0.17977260707625226,0.1828437118703306,0.0,0.2502274056866728
2020-04-07 00:00:00,0.23064516129032248,0.0,0.2018484026208553,0.2008245777609077,0.0,0.0,0.27952986780638184
2020-04-07 04:00:00,0.23064516129032248,0.0,0.2018484026208553,0.2008245777609077,0.0,0.0,0.27952986780638184
2020-04-07 08:00:00,0.23064516129032248,0.0,0.2018484026208553,0.2008245777609077,0.0,0.0,0.27952986780638184
2020-04-07 12:00:00,0.23064516129032248,0.0,0.2018484026208553,0.2008245777609077,0.0,0.0,0.27952986780638184
2020-04-07 16:00:00,0.23064516129032248,0.0,0.2018484026208553,0.2008245777609077,0.0,0.0,0.27952986780638184
2020-04-07 20:00:00,0.23064516129032248,0.0,0.2018484026208553,0.2008245777609077,0.0,0.0,0.27952986780638184
2020-04-08 00:00:00,0.0,0.0,0.0,0.2008245777609077,0.0,0.0,0.0
2020-04-08 04:00:00,0.0,0.0,0.0,0.2008245777609077,0.0,0.0,0.0
2020-04-08 08:00:00,0.0,0.0,0.0,0.2008245777609077,0.0,0.0,0.0
2020-04-08 12:00:00,0.0,0.0,0.0,0.2008245777609077,0.0,0.0,0.0
2020-04-08 16:00:00,0.0,0.0,0.0,0.2008245777609077,0.0,0.0,0.0
2020-04-08 20:00:00,0.0,0.0,0.0,0.2008245777609077,0.0,0.0,0.0
2020-04-09 00:00:00,0.0,0.0,0.0,0.2008245777609077,0.0,0.0,0.0
2020-04-09 04:00:00,0.0,0.0,0.0,0.2008245777609077,0.0,0.0,0.0
2020-04-09 08:00:00,0.0,0.0,0.0,0.2008245777609077,0.0,0.0,0.0
2020-04-09 12:00:00,0.0,0.0,0.0,0.2008245777609077,0.0,0.0,0.0
2020-04-09 16:00:00,0.0,0.0,0.0,0.2008245777609077,0.0,0.0,0.0
2020-04-09 20:00:00,0.0,0.0,0.0,0.2008245777609077,0.0,0.0,0.0
2020-04-10 00:00:00,0.0,0.0,0.0,0.2008245777609077,0.0,0.0,0.0
2020-04-10 04:00:00,0.0,0.0,0.0,0.2008245777609077,0.0,0.0,0.0
2020-04-10 08:00:00,0.0,0.0,0.0,0.0,0.0,0.0,0.0
2020-04-10 12:00:00,0.0,0.0,0.0,0.0,0.0,0.0,0.0
2020-04-10 16:00:00,0.0,0.0,0.0,0.0,0.0,0.0,0.0
2020-04-10 20:00:00,0.0,0.0,0.0,0.0,0.0,0.0,0.0
2020-04-11 00:00:00,0.0,0.0,0.0,0.0,0.0,0.0,0.0
2020-04-11 04:00:00,0.0,0.0,0.0,0.0,0.0,0.0,0.0
2020-04-11 08:00:00,0.0,0.0,0.0,0.0,0.0,0.0,0.0
2020-04-11 12:00:00,0.0,0.0,0.0,0.0,0.0,0.0,0.0
2020-04-11 16:00:00,0.0,0.0,0.0,0.0,0.0,0.0,0.0
2020-04-11 20:00:00,0.0,0.0,0.0,0.0,0.0,0.0,0.0
2020-04-12 00:00:00,0.0,0.0,0.0,0.0,0.0,0.0,0.0
2020-04-12 04:00:00,0.0,0.0,0.0,0.0,0.0,0.0,0.0
2020-04-12 08:00:00,0.0,0.0,0.0,0.0,0.0,0.0,0.0
2020-04-12 12:00:00,0.0,0.0,0.0,0.0,0.0,0.0,0.0
2020-04-12 16:00:00,0.0,0.0,0.0,0.0,0.0,0.0,0.0
2020-04-12 20:00:00,0.0,0.0,0.0,0.0,0.0,0.0,0.0
2020-04-13 00:00:00,0.0,0.0,0.0,0.0,0.0,0.0,0.0
2020-04-13 04:00:00,0.0,0.0,0.0,0.0,0.0,0.0,0.0
2020-04-13 08:00:00,0.0,0.0,0.0,0.0,0.0,0.0,0.0
2020-04-13 12:00:00,0.0,0.0,0.0,0.0,0.0,0.0,0.0
2020-04-13 16:00:00,0.0,0.0,0.0,0.0,0.0,0.0,0.0
2020-04-13 20:00:00,0.0,0.0,0.0,0.0,0.0,0.0,0.0
2020-04-14 00:00:00,0.0,0.0,0.0,0.0,0.0,0.0,0.0
2020-04-14 04:00:00,0.0,0.0,0.0,0.0,0.0,0.0,0.0
2020-04-14 08:00:00,0.0,0.0,0.0,0.0,0.0,0.0,0.0
2020-04-14 12:00:00,0.0,0.0,0.0,0.0,0.0,0.0,0.0
2020-04-14 16:00:00,0.0,0.0,0.0,0.0,0.0,0.0,0.0
2020-04-14 20:00:00,0.0,0.0,0.0,0.0,0.0,0.0,0.0
2020-04-15 00:00:00,0.0,0.0,0.0,0.0,0.0,0.0,0.0
2020-04-15 04:00:00,0.0,0.0,0.0,0.0,0.0,0.0,0.0
2020-04-15 08:00:00,0.0,0.0,0.0,0.0,0.0,0.0,0.0
2020-04-15 12:00:00,0.0,0.0,0.0,0.0,0.0,0.0,0.0
2020-04-15 16:00:00,0.0,0.0,0.0,0.0,0.0,0.0,0.0
2020-04-15 20:00:00,0.0,0.0,0.0,0.0,0.0,0.0,0.0
2020-04-16 00:00:00,0.0,0.0,0.0,0.0,0.0,0.0,0.0
2020-04-16 04:00:00,0.0,0.0,0.0,0.0,0.0,0.0,0.0
2020-04-16 08:00:00,0.0,0.0,0.0,0.0,0.0,0.0,0.0
2020-04-16 12:00:00,0.0,0.0,0.0,0.0,0.0,0.0,0.0
2020-04-16 16:00:00,0.0,0.0,0.0,0.0,0.0,0.0,0.0
2020-04-16 20:00:00,0.0,0.0,0.0,0.0,0.0,0.0,0.0
2020-04-17 00:00:00,0.0,0.0,0.0,0.0,0.0,0.0,0.0
2020-04-17 04:00:00,0.0,0.0,0.0,0.0,0.0,0.0,0.0
2020-04-17 08:00:00,0.0,0.0,0.0,0.0,0.0,0.0,0.0
2020-04-17 12:00:00,0.0,0.0,0.0,0.0,0.0,0.0,0.0
2020-04-17 16:00:00,0.0,0.0,0.0,0.0,0.0,0.0,0.0
2020-04-17 20:00:00,0.0,0.0,0.0,0.0,0.0,0.0,0.0
2020-04-18 00:00:00,0.0,0.0,0.0,0.0,0.0,0.0,0.0
2020-04-18 04:00:00,0.0,0.0,0.17043353567844938,0.0,0.0,0.0,0.0
2020-04-18 08:00:00,0.0,0.0,0.17043353567844938,0.0,0.0,0.0,0.0
2020-04-18 12:00:00,0.0,0.0,0.17043353567844938,0.0,0.0,0.0,0.0
2020-04-18 16:00:00,0.0,0.0,0.17043353567844938,0.0,0.20798887719825648,0.0,0.0
2020-04-18 20:00:00,0.0,0.0,0.17043353567844938,0.0,0.20798887719825648,0.0,0.0
2020-04-19 00:00:00,0.0,0.0,0.17043353567844938,0.0,0.20798887719825648,0.0,0.0
2020-04-19 04:00:00,0.0,0.0,0.17043353567844938,0.0,0.20798887719825648,0.0,0.0
2020-04-19 08:00:00,0.0,0.0,0.17043353567844938,0.0,0.20798887719825648,0.0,0.0
2020-04-19 12:00:00,0.0,0.0,0.17043353567844938,0.0,0.20798887719825648,0.0,0.0
2020-04-19 16:00:00,0.0,0.0,0.17043353567844938,0.0,0.0,0.0,0.0
2020-04-19 20:00:00,0.0,0.0,0.17043353567844938,0.0,0.0,0.0,0.0
2020-04-20 00:00:00,0.0,0.0,0.17043353567844938,0.0,0.0,0.0,0.0
2020-04-20 04:00:00,0.0,0.0,0.17043353567844938,0.0,0.0,0.0,0.0
2020-04-20 08:00:00,0.0,0.0,0.17043353567844938,0.0,0.0,0.0,0.0
2020-04-20 12:00:00,0.0,0.0,0.0,0.0,0.0,0.0,0.0
2020-04-20 16:00:00,0.0,0.0,0.0,0.0,0.0,0.0,0.0
2020-04-20 20:00:00,0.0,0.0,0.0,0.0,0.0,0.0,0.0
2020-04-21 00:00:00,0.0,0.0,0.0,0.0,0.0,0.0,0.0
2020-04-21 04:00:00,0.0,0.0,0.0,0.0,0.0,0.0,0.0
2020-04-21 08:00:00,0.0,0.0,0.0,0.0,0.0,0.0,0.0
2020-04-21 12:00:00,0.0,0.0,0.0,0.0,0.0,0.0,0.0
2020-04-21 16:00:00,0.0,0.0,0.0,0.0,0.0,0.0,0.0
2020-04-21 20:00:00,0.0,0.0,0.0,0.0,0.0,0.0,0.0
2020-04-22 00:00:00,0.0,0.0,0.0,0.0,0.0,0.0,0.0
2020-04-22 04:00:00,0.0,0.0,0.0,0.0,0.0,0.0,0.0
2020-04-22 08:00:00,0.0,0.0,0.0,0.0,0.0,0.0,0.0
2020-04-22 12:00:00,0.0,0.0,0.0,0.0,0.0,0.0,0.0
2020-04-22 16:00:00,0.0,0.0,0.0,0.0,0.0,0.0,0.0
2020-04-22 20:00:00,0.0,0.0,0.0,0.0,0.0,0.0,0.0
2020-04-23 00:00:00,0.0,0.0,0.0,0.0,0.0,0.0,0.0
2020-04-23 04:00:00,0.0,0.0,0.0,0.0,0.0,0.0,0.0
2020-04-23 08:00:00,0.0,0.0,0.0,0.0,0.0,0.0,0.0
2020-04-23 12:00:00,0.21240266963292537,0.0,0.0,0.0,0.0,0.0,0.0
2020-04-23 16:00:00,0.21240266963292537,0.0,0.0,0.2834445013249822,0.0,0.0,0.0
2020-04-23 20:00:00,0.21240266963292537,0.0,0.0,0.2834445013249822,0.0,0.0,0.0
2020-04-24 00:00:00,0.21240266963292537,0.0,0.0,0.2834445013249822,0.0,0.0,0.0
2020-04-24 04:00:00,0.0,0.0,0.0,0.2834445013249822,0.0,0.0,0.0
2020-04-24 08:00:00,0.0,0.0,0.0,0.2834445013249822,0.0,0.0,0.0
2020-04-24 12:00:00,0.0,0.0,0.0,0.2834445013249822,0.0,0.0,0.0
2020-04-24 16:00:00,0.0,0.0,0.0,0.2834445013249822,0.0,0.0,0.0
2020-04-24 20:00:00,0.0,0.0,0.0,0.2834445013249822,0.0,0.0,0.0
2020-04-25 00:00:00,0.0,0.0,0.0,0.2834445013249822,0.0,0.0,0.0
2020-04-25 04:00:00,0.0,0.0,0.0,0.2834445013249822,0.0,0.0,0.0
2020-04-25 08:00:00,0.0,0.0,0.0,0.2834445013249822,0.1869648684968323,0.0,0.0
2020-04-25 12:00:00,0.0,0.0,0.0,0.2834445013249822,0.1869648684968323,0.0,0.0
2020-04-25 16:00:00,0.0,0.0,0.0,0.2834445013249822,0.1869648684968323,0.0,0.0
2020-04-25 20:00:00,0.0,0.0,0.0,0.2834445013249822,0.1869648684968323,0.0,0.0
2020-04-26 00:00:00,0.0,0.0,0.0,0.2834445013249822,0.1869648684968323,0.0,0.0
2020-04-26 04:00:00,0.0,0.0,0.0,0.2834445013249822,0.1869648684968323,0.0,0.0
2020-04-26 08:00:00,0.0,0.0,0.0,0.2834445013249822,0.1869648684968323,0.0,0.0
2020-04-26 12:00:00,0.0,0.0,0.0,0.2834445013249822,0.1869648684968323,0.0,0.0
2020-04-26 16:00:00,0.0,0.0,0.0,0.2834445013249822,0.1869648684968323,0.0,0.0
2020-04-26 20:00:00,0.18679859040390345,0.0,0.0,0.2834445013249822,0.1869648684968323,0.0,0.0
2020-04-27 00:00:00,0.18679859040390345,0.0,0.0,0.2834445013249822,0.1869648684968323,0.0,0.0
2020-04-27 04:00:00,0.18679859040390345,0.0,0.0,0.2834445013249822,0.1869648684968323,0.0,0.0
2020-04-27 08:00:00,0.18679859040390345,0.0,0.0,0.2834445013249822,0.1869648684968323,0.0,0.0
2020-04-27 12:00:00,0.18679859040390345,0.0,0.0,0.2834445013249822,0.1869648684968323,0.0,0.0
2020-04-27 16:00:00,0.0,0.0,0.0,0.2834445013249822,0.1869648684968323,0.0,0.0
2020-04-27 20:00:00,0.0,0.0,0.0,0.2834445013249822,0.1869648684968323,0.0,0.0
2020-04-28 00:00:00,0.0,0.0,0.0,0.2834445013249822,0.1869648684968323,0.0,0.0
2020-04-28 04:00:00,0.0,0.0,0.0,0.2834445013249822,0.1869648684968323,0.0,0.0
2020-04-28 08:00:00,0.0,0.0,0.0,0.2834445013249822,0.1869648684968323,0.0,0.0
2020-04-28 12:00:00,0.0,0.0,0.0,0.2834445013249822,0.1869648684968323,0.0,0.2963703915404399
2020-04-28 16:00:00,0.0,0.0,0.0,0.2834445013249822,0.1869648684968323,0.0,0.2963703915404399
2020-04-28 20:00:00,0.0,0.0,0.0,0.2834445013249822,0.1869648684968323,0.0,0.2963703915404399
2020-04-29 00:00:00,0.0,0.0,0.0,0.2834445013249822,0.1869648684968323,0.0,0.2963703915404399
2020-04-29 04:00:00,0.0,0.0,0.0,0.2834445013249822,0.1869648684968323,0.0,0.2963703915404399
2020-04-29 08:00:00,0.0,0.0,0.31649139507161933,0.2526628445840407,0.1666607582467404,0.0,0.2641850020975995
2020-04-29 12:00:00,0.1459057724144265,0.0,0.2703134736111753,0.21579787708458006,0.14234399158357575,0.0,0.22563888530624235
2020-04-29 16:00:00,0.186056334395008,0.0,0.3446987271677278,0.0,0.18151441755141517,0.0,0.287730520885849
2020-04-29 20:00:00,0.140970913978829,0.0,0.2611708694260795,0.24232134080670484,0.13752960051460816,0.0,0.21800727527377844
2020-04-30 00:00:00,0.140970913978829,0.0,0.2611708694260795,0.24232134080670484,0.13752960051460816,0.0,0.21800727527377844
2020-04-30 04:00:00,0.1916431684183542,0.0,0.0,0.0,0.0,0.0,0.0
2020-04-30 08:00:00,0.0,0.0,0.0,0.0,0.0,0.0,0.0
2020-04-30 12:00:00,0.0,0.0,0.0,0.0,0.0,0.0,0.0
2020-04-30 16:00:00,0.0,0.0,0.0,0.0,0.0,0.0,0.0
2020-04-30 20:00:00,0.0,0.0,0.0,0.0,0.0,0.0,0.0
2020-05-01 00:00:00,0.0,0.0,0.0,0.0,0.0,0.0,0.0
2020-05-01 04:00:00,0.0,0.0,0.0,0.0,0.0,0.0,0.0
2020-05-01 08:00:00,0.0,0.0,0.0,0.0,0.0,0.0,0.0
2020-05-01 12:00:00,0.0,0.0,0.0,0.0,0.0,0.0,0.0
2020-05-01 16:00:00,0.0,0.0,0.0,0.0,0.0,0.0,0.0
2020-05-01 20:00:00,0.0,0.0,0.0,0.0,0.0,0.0,0.0
2020-05-02 00:00:00,0.0,0.0,0.0,0.0,0.0,0.0,0.0
2020-05-02 04:00:00,0.0,0.0,0.0,0.0,0.0,0.0,0.0
2020-05-02 08:00:00,0.0,0.0,0.0,0.0,0.0,0.0,0.0
2020-05-02 12:00:00,0.0,0.0,0.0,0.0,0.0,0.0,0.0
2020-05-02 16:00:00,0.0,0.0,0.0,0.0,0.0,0.0,0.0
2020-05-02 20:00:00,0.0,0.0,0.0,0.0,0.0,0.0,0.0
2020-05-03 00:00:00,0.0,0.0,0.0,0.0,0.0,0.0,0.0
2020-05-03 04:00:00,0.0,0.0,0.0,0.0,0.0,0.0,0.0
2020-05-03 08:00:00,0.0,0.0,0.0,0.0,0.0,0.0,0.0
2020-05-03 12:00:00,0.0,0.0,0.0,0.0,0.0,0.0,0.0
2020-05-03 16:00:00,0.0,0.0,0.0,0.0,0.0,0.0,0.0
2020-05-03 20:00:00,0.0,0.0,0.0,0.0,0.0,0.0,0.0
2020-05-04 00:00:00,0.0,0.0,0.0,0.0,0.0,0.0,0.0
2020-05-04 04:00:00,0.0,0.0,0.0,0.0,0.0,0.0,0.0
2020-05-04 08:00:00,0.0,0.0,0.0,0.0,0.0,0.0,0.0
2020-05-04 12:00:00,0.0,0.0,0.0,0.0,0.0,0.0,0.0
2020-05-04 16:00:00,0.0,0.0,0.0,0.0,0.0,0.0,0.0
2020-05-04 20:00:00,0.0,0.0,0.0,0.0,0.0,0.0,0.0
2020-05-05 00:00:00,0.0,0.0,0.0,0.0,0.0,0.0,0.0
2020-05-05 04:00:00,0.0,0.0,0.0,0.0,0.0,0.0,0.0
2020-05-05 08:00:00,0.0,0.0,0.0,0.0,0.0,0.0,0.0
2020-05-05 12:00:00,0.0,0.0,0.0,0.0,0.0,0.0,0.0
2020-05-05 16:00:00,0.0,0.0,0.0,0.0,0.0,0.0,0.0
2020-05-05 20:00:00,0.0,0.0,0.0,0.0,0.0,0.0,0.0
2020-05-06 00:00:00,0.0,0.0,0.0,0.0,0.0,0.0,0.0
2020-05-06 04:00:00,0.0,0.0,0.0,0.0,0.0,0.0,0.0
2020-05-06 08:00:00,0.0,0.0,0.0,0.0,0.0,0.0,0.0
2020-05-06 12:00:00,0.0,0.0,0.0,0.0,0.0,0.0,0.0
2020-05-06 16:00:00,0.0,0.0,0.0,0.0,0.0,0.0,0.0
2020-05-06 20:00:00,0.0,0.0,0.0,0.0,0.0,0.0,0.0
2020-05-07 00:00:00,0.0,0.0,0.0,0.0,0.0,0.0,0.0
2020-05-07 04:00:00,0.0,0.0,0.0,0.0,0.0,0.0,0.0
2020-05-07 08:00:00,0.0,0.0,0.0,0.0,0.0,0.0,0.0
2020-05-07 12:00:00,0.0,0.0,0.0,0.0,0.0,0.0,0.0
2020-05-07 16:00:00,0.0,0.0,0.0,0.2340954044479436,0.0,0.0,0.0
2020-05-07 20:00:00,0.0,0.0,0.0,0.2340954044479436,0.0,0.0,0.0
2020-05-08 00:00:00,0.0,0.0,0.0,0.2340954044479436,0.0,0.0,0.0
2020-05-08 04:00:00,0.0,0.0,0.0,0.2340954044479436,0.0,0.0,0.0
2020-05-08 08:00:00,0.0,0.0,0.0,0.2340954044479436,0.0,0.0,0.0
2020-05-08 12:00:00,0.0,0.0,0.0,0.2340954044479436,0.0,0.0,0.0
2020-05-08 16:00:00,0.0,0.0,0.0,0.2340954044479436,0.0,0.0,0.0
2020-05-08 20:00:00,0.0,0.0,0.0,0.2340954044479436,0.0,0.0,0.0
2020-05-09 00:00:00,0.0,0.0,0.0,0.2340954044479436,0.0,0.0,0.0
2020-05-09 04:00:00,0.0,0.0,0.0,0.2340954044479436,0.0,0.0,0.0
2020-05-09 08:00:00,0.0,0.0,0.0,0.2340954044479436,0.0,0.0,0.0
2020-05-09 12:00:00,0.0,0.0,0.0,0.0,0.0,0.0,0.0
2020-05-09 16:00:00,0.0,0.0,0.0,0.0,0.0,0.0,0.0
2020-05-09 20:00:00,0.0,0.0,0.0,0.0,0.0,0.0,0.0
2020-05-10 00:00:00,0.0,0.0,0.0,0.0,0.0,0.0,0.0
2020-05-10 04:00:00,0.0,0.0,0.0,0.0,0.0,0.0,0.0
2020-05-10 08:00:00,0.0,0.0,0.0,0.0,0.0,0.0,0.0
2020-05-10 12:00:00,0.0,0.0,0.0,0.0,0.0,0.0,0.0
2020-05-10 16:00:00,0.0,0.0,0.0,0.0,0.0,0.0,0.0
2020-05-10 20:00:00,0.0,0.0,0.0,0.0,0.0,0.0,0.0
2020-05-11 00:00:00,0.0,0.0,0.0,0.0,0.0,0.0,0.0
2020-05-11 04:00:00,0.0,0.0,0.0,0.0,0.0,0.0,0.0
2020-05-11 08:00:00,0.0,0.0,0.0,0.0,0.0,0.0,0.0
2020-05-11 12:00:00,0.0,0.0,0.0,0.0,0.0,0.0,0.0
2020-05-11 16:00:00,0.0,0.0,0.0,0.0,0.0,0.0,0.0
2020-05-11 20:00:00,0.0,0.0,0.0,0.0,0.0,0.0,0.0
2020-05-12 00:00:00,0.0,0.0,0.0,0.0,0.0,0.0,0.0
2020-05-12 04:00:00,0.0,0.0,0.0,0.0,0.0,0.0,0.0
2020-05-12 08:00:00,0.0,0.0,0.0,0.0,0.0,0.0,0.0
2020-05-12 12:00:00,0.0,0.0,0.0,0.0,0.0,0.0,0.0
2020-05-12 16:00:00,0.0,0.0,0.0,0.0,0.0,0.0,0.0
2020-05-12 20:00:00,0.0,0.0,0.0,0.0,0.0,0.0,0.0
2020-05-13 00:00:00,0.0,0.0,0.0,0.0,0.0,0.0,0.0
2020-05-13 04:00:00,0.0,0.0,0.0,0.0,0.0,0.0,0.0
2020-05-13 08:00:00,0.0,0.0,0.0,0.0,0.0,0.0,0.0
2020-05-13 12:00:00,0.0,0.0,0.0,0.0,0.0,0.0,0.0
2020-05-13 16:00:00,0.0,0.0,0.0,0.0,0.0,0.0,0.0
2020-05-13 20:00:00,0.0,0.0,0.0,0.0,0.0,0.0,0.0
2020-05-14 00:00:00,0.0,0.0,0.0,0.0,0.0,0.0,0.0
2020-05-14 04:00:00,0.0,0.0,0.0,0.0,0.0,0.0,0.0
2020-05-14 08:00:00,0.0,0.0,0.0,0.0,0.0,0.0,0.0
2020-05-14 12:00:00,0.0,0.0,0.0,0.0,0.0,0.0,0.0
2020-05-14 16:00:00,0.0,0.0,0.0,0.0,0.0,0.0,0.0
2020-05-14 20:00:00,0.0,0.0,0.0,0.0,0.0,0.0,0.0
2020-05-15 00:00:00,0.0,0.0,0.0,0.0,0.0,0.0,0.0
2020-05-15 04:00:00,0.0,0.0,0.0,0.0,0.0,0.0,0.0
2020-05-15 08:00:00,0.0,0.0,0.0,0.0,0.0,0.0,0.0
2020-05-15 12:00:00,0.0,0.0,0.0,0.0,0.0,0.0,0.0
2020-05-15 16:00:00,0.0,0.0,0.0,0.0,0.0,0.0,0.0
2020-05-15 20:00:00,0.0,0.0,0.0,0.0,0.0,0.0,0.0
2020-05-16 00:00:00,0.0,0.0,0.0,0.0,0.0,0.0,0.0
2020-05-16 04:00:00,0.0,0.0,0.0,0.0,0.0,0.0,0.0
2020-05-16 08:00:00,0.0,0.0,0.0,0.0,0.0,0.0,0.0
2020-05-16 12:00:00,0.0,0.0,0.0,0.0,0.0,0.0,0.0
2020-05-16 16:00:00,0.0,0.0,0.0,0.0,0.0,0.0,0.0
2020-05-16 20:00:00,0.0,0.0,0.0,0.0,0.0,0.0,0.0
2020-05-17 00:00:00,0.0,0.0,0.0,0.0,0.0,0.0,0.0
2020-05-17 04:00:00,0.0,0.0,0.0,0.0,0.0,0.0,0.0
2020-05-17 08:00:00,0.0,0.0,0.0,0.0,0.0,0.0,0.0
2020-05-17 12:00:00,0.0,0.0,0.0,0.0,0.0,0.0,0.0
2020-05-17 16:00:00,0.0,0.0,0.0,0.0,0.0,0.0,0.0
2020-05-17 20:00:00,0.0,0.0,0.0,0.0,0.0,0.0,0.0
2020-05-18 00:00:00,0.0,0.0,0.0,0.0,0.0,0.0,0.0
2020-05-18 04:00:00,0.26777996070726967,0.0,0.0,0.0,0.0,0.0,0.0
2020-05-18 08:00:00,0.26777996070726967,0.0,0.0,0.0,0.0,0.0,0.0
2020-05-18 12:00:00,0.26777996070726967,0.0,0.0,0.0,0.0,0.0,0.0
2020-05-18 16:00:00,0.26777996070726967,0.0,0.0,0.0,0.0,0.0,0.0
2020-05-18 20:00:00,0.26777996070726967,0.0,0.0,0.0,0.0,0.0,0.0
2020-05-19 00:00:00,0.26777996070726967,0.0,0.0,0.0,0.0,0.0,0.0
2020-05-19 04:00:00,0.26777996070726967,0.0,0.0,0.0,0.0,0.0,0.0
2020-05-19 08:00:00,0.26777996070726967,0.0,0.0,0.0,0.0,0.0,0.0
2020-05-19 12:00:00,0.26777996070726967,0.0,0.0,0.0,0.0,0.0,0.0
2020-05-19 16:00:00,0.26777996070726967,0.0,0.0,0.0,0.0,0.0,0.0
2020-05-19 20:00:00,0.26777996070726967,0.0,0.0,0.0,0.0,0.0,0.0
2020-05-20 00:00:00,0.26777996070726967,0.0,0.0,0.0,0.0,0.0,0.0
2020-05-20 04:00:00,0.26777996070726967,0.0,0.0,0.0,0.0,0.0,0.0
2020-05-20 08:00:00,0.26777996070726967,0.0,0.0,0.0,0.0,0.0,0.0
2020-05-20 12:00:00,0.26777996070726967,0.0,0.0,0.0,0.0,0.0,0.0
2020-05-20 16:00:00,0.0,0.0,0.0,0.0,0.0,0.0,0.0
2020-05-20 20:00:00,0.0,0.0,0.0,0.0,0.0,0.0,0.0
2020-05-21 00:00:00,0.0,0.0,0.0,0.0,0.0,0.0,0.0
2020-05-21 04:00:00,0.0,0.0,0.0,0.0,0.0,0.0,0.0
2020-05-21 08:00:00,0.0,0.0,0.0,0.0,0.0,0.0,0.0
2020-05-21 12:00:00,0.0,0.0,0.0,0.0,0.0,0.0,0.0
2020-05-21 16:00:00,0.0,0.0,0.0,0.0,0.0,0.0,0.0
2020-05-21 20:00:00,0.0,0.0,0.0,0.0,0.0,0.0,0.0
2020-05-22 00:00:00,0.0,0.0,0.0,0.0,0.0,0.0,0.0
2020-05-22 04:00:00,0.0,0.0,0.0,0.0,0.0,0.0,0.0
2020-05-22 08:00:00,0.0,0.0,0.0,0.0,0.0,0.0,0.0
2020-05-22 12:00:00,0.0,0.0,0.0,0.0,0.0,0.0,0.0
2020-05-22 16:00:00,0.0,0.0,0.0,0.0,0.0,0.0,0.0
2020-05-22 20:00:00,0.0,0.0,0.0,0.0,0.0,0.0,0.0
2020-05-23 00:00:00,0.0,0.0,0.0,0.0,0.0,0.0,0.0
2020-05-23 04:00:00,0.0,0.0,0.0,0.0,0.0,0.0,0.0
2020-05-23 08:00:00,0.0,0.0,0.0,0.0,0.0,0.0,0.0
2020-05-23 12:00:00,0.0,0.0,0.0,0.0,0.0,0.0,0.0
2020-05-23 16:00:00,0.0,0.0,0.0,0.0,0.0,0.0,0.0
2020-05-23 20:00:00,0.0,0.0,0.0,0.0,0.0,0.0,0.0
2020-05-24 00:00:00,0.0,0.0,0.0,0.0,0.0,0.0,0.0
2020-05-24 04:00:00,0.0,0.0,0.0,0.0,0.0,0.0,0.0
2020-05-24 08:00:00,0.0,0.0,0.0,0.0,0.0,0.0,0.0
2020-05-24 12:00:00,0.0,0.0,0.0,0.0,0.0,0.0,0.0
2020-05-24 16:00:00,0.0,0.0,0.0,0.0,0.0,0.0,0.0
2020-05-24 20:00:00,0.0,0.0,0.0,0.0,0.0,0.0,0.0
2020-05-25 00:00:00,0.0,0.0,0.0,0.0,0.0,0.0,0.0
2020-05-25 04:00:00,0.0,0.0,0.0,0.0,0.0,0.0,0.0
2020-05-25 08:00:00,0.0,0.0,0.0,0.0,0.0,0.0,0.0
2020-05-25 12:00:00,0.0,0.0,0.0,0.0,0.0,0.0,0.0
2020-05-25 16:00:00,0.0,0.0,0.0,0.0,0.0,0.0,0.0
2020-05-25 20:00:00,0.0,0.0,0.0,0.0,0.0,0.0,0.0
2020-05-26 00:00:00,0.0,0.0,0.0,0.0,0.0,0.0,0.0
2020-05-26 04:00:00,0.0,0.0,0.0,0.0,0.0,0.0,0.0
2020-05-26 08:00:00,0.0,0.0,0.0,0.0,0.0,0.0,0.0
2020-05-26 12:00:00,0.0,0.0,0.0,0.0,0.0,0.0,0.0
2020-05-26 16:00:00,0.0,0.0,0.0,0.0,0.0,0.0,0.0
2020-05-26 20:00:00,0.0,0.0,0.0,0.0,0.0,0.0,0.0
2020-05-27 00:00:00,0.0,0.0,0.0,0.0,0.0,0.0,0.0
2020-05-27 04:00:00,0.0,0.0,0.0,0.0,0.0,0.0,0.0
2020-05-27 08:00:00,0.0,0.0,0.0,0.0,0.0,0.0,0.0
2020-05-27 12:00:00,0.0,0.0,0.0,0.0,0.0,0.0,0.0
2020-05-27 16:00:00,0.0,0.0,0.0,0.0,0.0,0.0,0.0
2020-05-27 20:00:00,0.0,0.0,0.0,0.0,0.0,0.0,0.0
2020-05-28 00:00:00,0.0,0.0,0.0,0.0,0.0,0.0,0.0
2020-05-28 04:00:00,0.0,0.0,0.0,0.0,0.0,0.0,0.0
2020-05-28 08:00:00,0.0,0.0,0.0,0.0,0.0,0.0,0.0
2020-05-28 12:00:00,0.0,0.0,0.0,0.0,0.0,0.0,0.0
2020-05-28 16:00:00,0.21983532934131733,0.0,0.0,0.0,0.0,0.0,0.0
2020-05-28 20:00:00,0.0,0.0,0.0,0.0,0.0,0.0,0.0
2020-05-29 00:00:00,0.20263868688967387,0.0,0.0,0.0,0.3021265892252811,0.0,0.0
2020-05-29 04:00:00,0.20263868688967387,0.0,0.0,0.0,0.3021265892252811,0.0,0.0
2020-05-29 08:00:00,0.20263868688967387,0.0,0.0,0.0,0.3021265892252811,0.0,0.0
2020-05-29 12:00:00,0.20263868688967387,0.0,0.0,0.0,0.3021265892252811,0.0,0.0
2020-05-29 16:00:00,0.20263868688967387,0.0,0.0,0.0,0.3021265892252811,0.0,0.0
2020-05-29 20:00:00,0.20263868688967387,0.0,0.0,0.0,0.3021265892252811,0.0,0.0
2020-05-30 00:00:00,0.20263868688967387,0.0,0.0,0.0,0.3021265892252811,0.0,0.0
2020-05-30 04:00:00,0.20263868688967387,0.0,0.0,0.0,0.3021265892252811,0.0,0.0
2020-05-30 08:00:00,0.20263868688967387,0.0,0.37021089881708097,0.0,0.0,0.0,0.0
2020-05-30 12:00:00,0.20263868688967387,0.0,0.37021089881708097,0.0,0.312842420505593,0.0,0.0
2020-05-30 16:00:00,0.20263868688967387,0.0,0.37021089881708097,0.0,0.312842420505593,0.0,0.0
2020-05-30 20:00:00,0.0,0.0,0.37021089881708097,0.0,0.312842420505593,0.0,0.0
2020-05-31 00:00:00,0.13742889982236492,0.0,0.2955681429218665,0.27028450628973283,0.0,0.0,0.2967184509660358
2020-05-31 04:00:00,0.13742889982236492,0.0,0.2955681429218665,0.27028450628973283,0.0,0.0,0.2967184509660358
2020-05-31 08:00:00,0.0,0.0,0.3426594548101579,0.31334750982738846,0.0,0.0,0.3439930353624537
2020-05-31 12:00:00,0.0,0.0,0.37021089881708097,0.33854213455035453,0.0,0.0,0.0
2020-05-31 16:00:00,0.0,0.0,0.0,0.33854213455035453,0.0,0.0,0.0
2020-05-31 20:00:00,0.0,0.0,0.0,0.33854213455035453,0.0,0.0,0.0
2020-06-01 00:00:00,0.0,0.0,0.0,0.0,0.0,0.0,0.0
2020-06-01 04:00:00,0.0,0.0,0.0,0.0,0.0,0.0,0.0
2020-06-01 08:00:00,0.0,0.0,0.0,0.0,0.0,0.0,0.0
2020-06-01 12:00:00,0.0,0.0,0.0,0.0,0.0,0.0,0.0
2020-06-01 16:00:00,0.0,0.0,0.0,0.0,0.0,0.0,0.0
2020-06-01 20:00:00,0.0,0.0,0.0,0.0,0.0,0.0,0.0
2020-06-02 00:00:00,0.0,0.0,0.0,0.3217793475312129,0.21865347348640557,0.0,0.0
2020-06-02 04:00:00,0.0,0.0,0.0,0.3217793475312129,0.21865347348640557,0.0,0.0
2020-06-02 08:00:00,0.0,0.0,0.0,0.3217793475312129,0.21865347348640557,0.0,0.0
2020-06-02 12:00:00,0.0,0.0,0.0,0.3217793475312129,0.21865347348640557,0.0,0.0
2020-06-02 16:00:00,0.0,0.0,0.0,0.0,0.0,0.0,0.0
2020-06-02 20:00:00,0.0,0.0,0.0,0.0,0.0,0.0,0.0
2020-06-03 00:00:00,0.0,0.0,0.0,0.0,0.0,0.0,0.0
2020-06-03 04:00:00,0.0,0.0,0.0,0.0,0.0,0.0,0.0
2020-06-03 08:00:00,0.0,0.0,0.0,0.0,0.0,0.0,0.0
2020-06-03 12:00:00,0.0,0.0,0.0,0.0,0.0,0.0,0.0
2020-06-03 16:00:00,0.0,0.0,0.0,0.0,0.0,0.0,0.0
2020-06-03 20:00:00,0.0,0.0,0.0,0.0,0.0,0.0,0.0
2020-06-04 00:00:00,0.0,0.0,0.0,0.0,0.0,0.0,0.0
2020-06-04 04:00:00,0.09896214440379301,0.0,0.0,0.0,0.0,0.0,0.0
2020-06-04 08:00:00,0.09896214440379301,0.0,0.0,0.0,0.0,0.0,0.0
2020-06-04 12:00:00,0.09896214440379301,0.0,0.0,0.0,0.0,0.0,0.0
2020-06-04 16:00:00,0.09896214440379301,0.0,0.0,0.0,0.0,0.0,0.0
2020-06-04 20:00:00,0.09896214440379301,0.0,0.0,0.0,0.0,0.0,0.0
2020-06-05 00:00:00,0.09896214440379301,0.0,0.0,0.0,0.0,0.0,0.0
2020-06-05 04:00:00,0.09896214440379301,0.0,0.0,0.0,0.0,0.0,0.0
2020-06-05 08:00:00,0.09896214440379301,0.0,0.0,0.0,0.0,0.0,0.0
2020-06-05 12:00:00,0.09896214440379301,0.0,0.0,0.0,0.0,0.0,0.0
2020-06-05 16:00:00,0.09896214440379301,0.0,0.0,0.0,0.0,0.0,0.0
2020-06-05 20:00:00,0.09896214440379301,0.0,0.0,0.0,0.0,0.0,0.0
2020-06-06 00:00:00,0.09896214440379301,0.0,0.0,0.0,0.0,0.0,0.0
2020-06-06 04:00:00,0.09896214440379301,0.0,0.0,0.0,0.0,0.0,0.0
2020-06-06 08:00:00,0.09896214440379301,0.0,0.0,0.0,0.0,0.0,0.0
2020-06-06 12:00:00,0.09896214440379301,0.0,0.0,0.0,0.0,0.0,0.0
2020-06-06 16:00:00,0.09896214440379301,0.0,0.0,0.0,0.0,0.0,0.0
2020-06-06 20:00:00,0.09896214440379301,0.0,0.0,0.0,0.0,0.0,0.0
2020-06-07 00:00:00,0.09896214440379301,0.0,0.0,0.0,0.0,0.0,0.0
2020-06-07 04:00:00,0.09896214440379301,0.0,0.0,0.0,0.0,0.0,0.0
2020-06-07 08:00:00,0.09896214440379301,0.0,0.0,0.0,0.0,0.0,0.0
2020-06-07 12:00:00,0.09896214440379301,0.0,0.0,0.0,0.0,0.0,0.0
2020-06-07 16:00:00,0.09896214440379301,0.0,0.0,0.0,0.0,0.0,0.0
2020-06-07 20:00:00,0.09896214440379301,0.0,0.0,0.0,0.0,0.0,0.0
2020-06-08 00:00:00,0.09896214440379301,0.0,0.0,0.0,0.0,0.0,0.0
2020-06-08 04:00:00,0.09896214440379301,0.0,0.0,0.0,0.0,0.0,0.0
2020-06-08 08:00:00,0.09896214440379301,0.0,0.0,0.0,0.0,0.0,0.0
2020-06-08 12:00:00,0.09896214440379301,0.0,0.0,0.0,0.0,0.0,0.0
2020-06-08 16:00:00,0.09896214440379301,0.0,0.0,0.0,0.0,0.0,0.0
2020-06-08 20:00:00,0.09896214440379301,0.0,0.0,0.0,0.0,0.0,0.0
2020-06-09 00:00:00,0.09896214440379301,0.0,0.0,0.0,0.0,0.0,0.0
2020-06-09 04:00:00,0.09896214440379301,0.0,0.0,0.0,0.0,0.0,0.0
2020-06-09 08:00:00,0.09896214440379301,0.0,0.0,0.0,0.0,0.0,0.0
2020-06-09 12:00:00,0.09896214440379301,0.0,0.0,0.0,0.0,0.0,0.0
2020-06-09 16:00:00,0.09896214440379301,0.0,0.0,0.0,0.0,0.0,0.0
2020-06-09 20:00:00,0.09896214440379301,0.0,0.0,0.0,0.0,0.0,0.0
2020-06-10 00:00:00,0.09896214440379301,0.0,0.0,0.0,0.0,0.0,0.0
2020-06-10 04:00:00,0.0,0.0,0.0,0.0,0.0,0.0,0.0
2020-06-10 08:00:00,0.0,0.0,0.0,0.0,0.0,0.0,0.0
2020-06-10 12:00:00,0.0,0.0,0.0,0.0,0.0,0.0,0.0
2020-06-10 16:00:00,0.0,0.0,0.0,0.0,0.0,0.0,0.0
2020-06-10 20:00:00,0.0,0.0,0.0,0.0,0.0,0.0,0.0
2020-06-11 00:00:00,0.0,0.0,0.0,0.0,0.0,0.0,0.0
2020-06-11 04:00:00,0.0,0.0,0.0,0.0,0.0,0.0,0.0
2020-06-11 08:00:00,0.0,0.0,0.0,0.0,0.0,0.0,0.0
2020-06-11 12:00:00,0.0,0.0,0.0,0.0,0.0,0.0,0.0
2020-06-11 16:00:00,0.0,0.0,0.0,0.0,0.0,0.0,0.0
2020-06-11 20:00:00,0.0,0.0,0.0,0.0,0.0,0.0,0.0
2020-06-12 00:00:00,0.0,0.0,0.0,0.0,0.0,0.0,0.0
2020-06-12 04:00:00,0.0,0.0,0.0,0.0,0.0,0.0,0.0
2020-06-12 08:00:00,0.0,0.0,0.0,0.0,0.0,0.0,0.0
2020-06-12 12:00:00,0.0,0.0,0.0,0.0,0.0,0.0,0.0
2020-06-12 16:00:00,0.0,0.0,0.0,0.0,0.0,0.0,0.0
2020-06-12 20:00:00,0.0,0.0,0.0,0.0,0.0,0.0,0.0
2020-06-13 00:00:00,0.0,0.0,0.0,0.0,0.0,0.0,0.0
2020-06-13 04:00:00,0.0,0.0,0.0,0.0,0.0,0.0,0.0
2020-06-13 08:00:00,0.0,0.0,0.0,0.0,0.0,0.0,0.0
2020-06-13 12:00:00,0.0,0.0,0.0,0.0,0.0,0.0,0.0
2020-06-13 16:00:00,0.0,0.0,0.0,0.0,0.0,0.0,0.0
2020-06-13 20:00:00,0.0,0.0,0.0,0.0,0.0,0.0,0.0
2020-06-14 00:00:00,0.0,0.0,0.0,0.0,0.0,0.0,0.0
2020-06-14 04:00:00,0.0,0.0,0.0,0.0,0.0,0.0,0.0
2020-06-14 08:00:00,0.0,0.0,0.0,0.0,0.0,0.0,0.0
2020-06-14 12:00:00,0.0,0.0,0.0,0.0,0.0,0.0,0.0
2020-06-14 16:00:00,0.0,0.0,0.0,0.0,0.0,0.0,0.0
2020-06-14 20:00:00,0.0,0.0,0.0,0.0,0.0,0.0,0.0
2020-06-15 00:00:00,0.0,0.0,0.0,0.0,0.0,0.0,0.0
2020-06-15 04:00:00,0.0,0.0,0.0,0.0,0.0,0.0,0.0
2020-06-15 08:00:00,0.0,0.0,0.0,0.0,0.0,0.0,0.0
2020-06-15 12:00:00,0.0,0.0,0.0,0.0,0.0,0.0,0.0
2020-06-15 16:00:00,0.0,0.0,0.0,0.0,0.0,0.0,0.0
2020-06-15 20:00:00,0.0,0.0,0.0,0.0,0.0,0.0,0.0
2020-06-16 00:00:00,0.0,0.0,0.0,0.0,0.0,0.0,0.0
2020-06-16 04:00:00,0.0,0.0,0.0,0.0,0.0,0.0,0.0
2020-06-16 08:00:00,0.0,0.0,0.0,0.0,0.0,0.0,0.0
2020-06-16 12:00:00,0.0,0.0,0.0,0.0,0.0,0.0,0.0
2020-06-16 16:00:00,0.0,0.0,0.0,0.0,0.0,0.0,0.0
2020-06-16 20:00:00,0.0,0.0,0.0,0.0,0.0,0.0,0.0
2020-06-17 00:00:00,0.0,0.0,0.0,0.0,0.0,0.0,0.0
2020-06-17 04:00:00,0.0,0.0,0.0,0.0,0.0,0.0,0.0
2020-06-17 08:00:00,0.0,0.0,0.0,0.0,0.0,0.0,0.0
2020-06-17 12:00:00,0.0,0.0,0.0,0.0,0.0,0.0,0.0
2020-06-17 16:00:00,0.0,0.0,0.0,0.0,0.0,0.0,0.0
2020-06-17 20:00:00,0.0,0.0,0.0,0.0,0.0,0.0,0.0
2020-06-18 00:00:00,0.0,0.0,0.0,0.0,0.0,0.0,0.0
2020-06-18 04:00:00,0.0,0.0,0.0,0.0,0.0,0.0,0.0
2020-06-18 08:00:00,0.0,0.0,0.0,0.0,0.0,0.0,0.0
2020-06-18 12:00:00,0.0,0.0,0.0,0.0,0.0,0.0,0.0
2020-06-18 16:00:00,0.0,0.0,0.0,0.0,0.0,0.0,0.0
2020-06-18 20:00:00,0.0,0.0,0.0,0.0,0.0,0.0,0.0
2020-06-19 00:00:00,0.0,0.0,0.0,0.0,0.0,0.0,0.0
2020-06-19 04:00:00,0.0,0.0,0.0,0.0,0.0,0.0,0.0
2020-06-19 08:00:00,0.0,0.0,0.0,0.0,0.0,0.0,0.0
2020-06-19 12:00:00,0.0,0.0,0.0,0.0,0.0,0.0,0.0
2020-06-19 16:00:00,0.0,0.0,0.0,0.0,0.0,0.0,0.0
2020-06-19 20:00:00,0.0,0.0,0.0,0.0,0.0,0.0,0.0
2020-06-20 00:00:00,0.0,0.0,0.0,0.0,0.0,0.0,0.0
2020-06-20 04:00:00,0.0,0.0,0.0,0.0,0.0,0.0,0.0
2020-06-20 08:00:00,0.0,0.0,0.0,0.0,0.0,0.0,0.0
2020-06-20 12:00:00,0.0,0.0,0.0,0.0,0.0,0.0,0.0
2020-06-20 16:00:00,0.0,0.0,0.0,0.0,0.0,0.0,0.0
2020-06-20 20:00:00,0.0,0.0,0.0,0.0,0.0,0.0,0.0
2020-06-21 00:00:00,0.0,0.0,0.0,0.0,0.0,0.0,0.0
2020-06-21 04:00:00,0.0,0.0,0.0,0.0,0.0,0.0,0.0
2020-06-21 08:00:00,0.0,0.0,0.0,0.0,0.0,0.0,0.0
2020-06-21 12:00:00,0.0,0.0,0.0,0.0,0.0,0.0,0.0
2020-06-21 16:00:00,0.0,0.0,0.0,0.0,0.0,0.0,0.0
2020-06-21 20:00:00,0.0,0.0,0.0,0.0,0.0,0.0,0.0
2020-06-22 00:00:00,0.0,0.0,0.0,0.0,0.0,0.0,0.0
2020-06-22 04:00:00,0.0,0.0,0.0,0.0,0.0,0.0,0.0
2020-06-22 08:00:00,0.0,0.0,0.0,0.0,0.0,0.0,0.0
2020-06-22 12:00:00,0.0,0.0,0.0,0.0,0.0,0.0,0.0
2020-06-22 16:00:00,0.0,0.0,0.0,0.0,0.4132272416153324,0.0,0.0
2020-06-22 20:00:00,0.0,0.0,0.0,0.0,0.4132272416153324,0.0,0.0
2020-06-23 00:00:00,0.0,0.0,0.0,0.49669865505193067,0.4132272416153324,0.0,0.0
2020-06-23 04:00:00,0.0,0.0,0.0,0.49669865505193067,0.4132272416153324,0.0,0.0
2020-06-23 08:00:00,0.0,0.0,0.0,0.49669865505193067,0.4132272416153324,0.0,0.0
2020-06-23 12:00:00,0.0,0.0,0.0,0.49669865505193067,0.4132272416153324,0.0,0.0
2020-06-23 16:00:00,0.0,0.0,0.0,0.49669865505193067,0.4132272416153324,0.0,0.0
2020-06-23 20:00:00,0.0,0.0,0.0,0.49669865505193067,0.4132272416153324,0.0,0.0
2020-06-24 00:00:00,0.0,0.0,0.0,0.49669865505193067,0.4132272416153324,0.0,0.0
2020-06-24 04:00:00,0.2464952174714744,0.0,0.0,0.41131350742727063,0.342191275101255,0.0,0.0
2020-06-24 08:00:00,0.2464952174714744,0.0,0.0,0.41131350742727063,0.342191275101255,0.0,0.0
2020-06-24 12:00:00,0.0,0.0,0.0,0.0,0.0,0.0,0.0
2020-06-24 16:00:00,0.0,0.0,0.0,0.0,0.0,0.0,0.0
2020-06-24 20:00:00,0.0,0.0,0.0,0.0,0.0,0.0,0.0
2020-06-25 00:00:00,0.0,0.0,0.0,0.0,0.0,0.0,0.0
2020-06-25 04:00:00,0.0,0.0,0.0,0.0,0.0,0.0,0.0
2020-06-25 08:00:00,0.0,0.0,0.0,0.0,0.0,0.0,0.0
2020-06-25 12:00:00,0.0,0.0,0.0,0.0,0.0,0.0,0.0
2020-06-25 16:00:00,0.0,0.0,0.0,0.0,0.0,0.0,0.0
2020-06-25 20:00:00,0.0,0.0,0.0,0.0,0.0,0.0,0.0
2020-06-26 00:00:00,0.0,0.0,0.0,0.0,0.0,0.0,0.0
2020-06-26 04:00:00,0.0,0.0,0.0,0.0,0.0,0.0,0.0
2020-06-26 08:00:00,0.0,0.0,0.0,0.0,0.0,0.0,0.0
2020-06-26 12:00:00,0.0,0.0,0.0,0.0,0.0,0.0,0.0
2020-06-26 16:00:00,0.0,0.0,0.0,0.0,0.0,0.0,0.0
2020-06-26 20:00:00,0.0,0.0,0.0,0.0,0.0,0.0,0.0
2020-06-27 00:00:00,0.0,0.0,0.0,0.0,0.0,0.0,0.0
2020-06-27 04:00:00,0.0,0.0,0.0,0.0,0.0,0.0,0.0
2020-06-27 08:00:00,0.0,0.0,0.0,0.0,0.0,0.0,0.0
2020-06-27 12:00:00,0.0,0.0,0.0,0.0,0.0,0.0,0.0
2020-06-27 16:00:00,0.0,0.0,0.0,0.0,0.0,0.0,0.0
2020-06-27 20:00:00,0.0,0.0,0.0,0.0,0.0,0.0,0.0
2020-06-28 00:00:00,0.0,0.0,0.0,0.0,0.0,0.0,0.0
2020-06-28 04:00:00,0.0,0.0,0.0,0.0,0.0,0.0,0.0
2020-06-28 08:00:00,0.0,0.0,0.0,0.0,0.0,0.0,0.0
2020-06-28 12:00:00,0.0,0.0,0.0,0.0,0.0,0.0,0.0
2020-06-28 16:00:00,0.0,0.0,0.0,0.0,0.0,0.0,0.0
2020-06-28 20:00:00,0.0,0.0,0.0,0.0,0.0,0.0,0.0
2020-06-29 00:00:00,0.0,0.0,0.0,0.0,0.0,0.0,0.0
2020-06-29 04:00:00,0.0,0.0,0.0,0.0,0.0,0.0,0.0
2020-06-29 08:00:00,0.0,0.0,0.0,0.0,0.0,0.0,0.0
2020-06-29 12:00:00,0.0,0.0,0.0,0.0,0.0,0.0,0.0
2020-06-29 16:00:00,0.0,0.0,0.0,0.0,0.0,0.0,0.0
2020-06-29 20:00:00,0.0,0.0,0.0,0.0,0.0,0.0,0.0
2020-06-30 00:00:00,0.0,0.0,0.0,0.0,0.0,0.0,0.0
2020-06-30 04:00:00,0.0,0.0,0.0,0.0,0.0,0.0,0.0
2020-06-30 08:00:00,0.0,0.0,0.0,0.0,0.0,0.0,0.0
2020-06-30 12:00:00,0.0,0.0,0.0,0.0,0.0,0.0,0.0
2020-06-30 16:00:00,0.0,0.0,0.0,0.0,0.0,0.0,0.0
2020-06-30 20:00:00,0.0,0.0,0.0,0.0,0.0,0.0,0.0
2020-07-01 00:00:00,0.0,0.0,0.0,0.0,0.0,0.0,0.0
2020-07-01 04:00:00,0.0,0.0,0.0,0.0,0.0,0.0,0.0
2020-07-01 08:00:00,0.0,0.0,0.0,0.0,0.0,0.0,0.0
2020-07-01 12:00:00,0.0,0.0,0.0,0.0,0.0,0.0,0.0
2020-07-01 16:00:00,0.25705323193916313,0.0,0.0,0.0,0.0,0.0,0.0
2020-07-01 20:00:00,0.25705323193916313,0.0,0.0,0.0,0.0,0.0,0.0
2020-07-02 00:00:00,0.0,0.0,0.0,0.0,0.0,0.0,0.0
2020-07-02 04:00:00,0.0,0.0,0.0,0.0,0.0,0.0,0.0
2020-07-02 08:00:00,0.0,0.0,0.0,0.0,0.0,0.0,0.0
2020-07-02 12:00:00,0.0,0.0,0.0,0.0,0.0,0.0,0.0
2020-07-02 16:00:00,0.0,0.0,0.0,0.0,0.0,0.0,0.0
2020-07-02 20:00:00,0.0,0.0,0.0,0.0,0.0,0.0,0.0
2020-07-03 00:00:00,0.0,0.0,0.0,0.0,0.0,0.0,0.0
2020-07-03 04:00:00,0.0,0.0,0.0,0.0,0.0,0.0,0.0
2020-07-03 08:00:00,0.0,0.0,0.0,0.0,0.0,0.0,0.0
2020-07-03 12:00:00,0.0,0.0,0.0,0.0,0.0,0.0,0.0
2020-07-03 16:00:00,0.18694099962420166,0.0,0.0,0.0,0.0,0.0,0.0
2020-07-03 20:00:00,0.18694099962420166,0.0,0.0,0.0,0.0,0.0,0.0
2020-07-04 00:00:00,0.18694099962420166,0.0,0.0,0.0,0.0,0.0,0.0
2020-07-04 04:00:00,0.18694099962420166,0.0,0.0,0.0,0.0,0.0,0.0
2020-07-04 08:00:00,0.18694099962420166,0.0,0.0,0.0,0.0,0.0,0.0
2020-07-04 12:00:00,0.18694099962420166,0.0,0.0,0.0,0.0,0.0,0.0
2020-07-04 16:00:00,0.18694099962420166,0.0,0.0,0.0,0.0,0.0,0.0
2020-07-04 20:00:00,0.18694099962420166,0.0,0.0,0.0,0.0,0.0,0.0
2020-07-05 00:00:00,0.18694099962420166,0.0,0.0,0.0,0.0,0.0,0.0
2020-07-05 04:00:00,0.18694099962420166,0.0,0.0,0.0,0.0,0.0,0.0
2020-07-05 08:00:00,0.18694099962420166,0.0,0.0,0.0,0.0,0.0,0.0
2020-07-05 12:00:00,0.18694099962420166,0.0,0.0,0.0,0.0,0.0,0.0
2020-07-05 16:00:00,0.0,0.0,0.0,0.0,0.0,0.0,0.0
2020-07-05 20:00:00,0.0,0.0,0.0,0.0,0.0,0.0,0.0
2020-07-06 00:00:00,0.0,0.0,0.0,0.0,0.0,0.0,0.0
2020-07-06 04:00:00,0.0,0.0,0.0,0.0,0.0,0.0,0.0
2020-07-06 08:00:00,0.0,0.0,0.0,0.0,0.0,0.0,0.0
2020-07-06 12:00:00,0.0,0.0,0.0,0.0,0.4155324400564177,0.0,0.0
2020-07-06 16:00:00,0.0,0.0,0.0,0.41850104127896404,0.30052029861908247,0.0,0.2809786601019535
2020-07-06 20:00:00,0.0,0.0,0.0,0.41850104127896404,0.30052029861908247,0.0,0.2809786601019535
2020-07-07 00:00:00,0.08663718141779451,0.0,0.20126862730869727,0.298012160536665,0.21399875900642873,0.0,0.2000832717304145
2020-07-07 04:00:00,0.08663718141779451,0.0,0.20126862730869727,0.298012160536665,0.21399875900642873,0.0,0.2000832717304145
2020-07-07 08:00:00,0.08663718141779451,0.0,0.20126862730869727,0.298012160536665,0.21399875900642873,0.0,0.2000832717304145
2020-07-07 12:00:00,0.11022524761955577,0.0,0.2560665515671157,0.3791497328426005,0.0,0.0,0.25455846797072806
2020-07-07 16:00:00,0.11022524761955577,0.0,0.2560665515671157,0.3791497328426005,0.0,0.0,0.25455846797072806
2020-07-07 20:00:00,0.11022524761955577,0.0,0.2560665515671157,0.3791497328426005,0.0,0.0,0.25455846797072806
2020-07-08 00:00:00,0.14786571834748194,0.0,0.3435099073029117,0.5086243743496064,0.0,0.0,0.0
2020-07-08 04:00:00,0.0,0.0,0.2994694593966232,0.44341506077176024,0.0,0.0,0.2571154798316166
2020-07-08 08:00:00,0.0,0.0,0.2994694593966232,0.44341506077176024,0.0,0.0,0.2571154798316166
2020-07-08 12:00:00,0.0,0.0,0.23098533603068885,0.34201276156772686,0.22868483318438376,0.0,0.19831706921720055
2020-07-08 16:00:00,0.0,0.0,0.23098533603068885,0.34201276156772686,0.22868483318438376,0.0,0.19831706921720055
2020-07-08 20:00:00,0.0,0.0,0.23098533603068885,0.34201276156772686,0.22868483318438376,0.0,0.19831706921720055
2020-07-09 00:00:00,0.0,0.0,0.23098533603068885,0.34201276156772686,0.22868483318438376,0.0,0.19831706921720055
2020-07-09 04:00:00,0.0,0.0,0.0,0.5786655997877315,0.38692136968928215,0.0,0.0
2020-07-09 08:00:00,0.0,0.0,0.0,0.5786655997877315,0.38692136968928215,0.0,0.0
2020-07-09 12:00:00,0.0,0.0,0.0,0.4712071969900607,0.31506993699594565,0.0,0.2137228660139937
2020-07-09 16:00:00,0.0,0.0,0.0,0.0,0.0,0.0,0.0
2020-07-09 20:00:00,0.0,0.0,0.0,0.0,0.0,0.0,0.0
2020-07-10 00:00:00,0.0,0.0,0.0,0.0,0.0,0.0,0.0
2020-07-10 04:00:00,0.0,0.0,0.0,0.0,0.0,0.0,0.0
2020-07-10 08:00:00,0.0,0.0,0.0,0.0,0.0,0.0,0.0
2020-07-10 12:00:00,0.0,0.0,0.0,0.0,0.0,0.0,0.0
2020-07-10 16:00:00,0.0,0.0,0.0,0.0,0.0,0.0,0.0
2020-07-10 20:00:00,0.0,0.0,0.0,0.0,0.0,0.0,0.0
2020-07-11 00:00:00,0.0,0.0,0.0,0.0,0.0,0.0,0.0
2020-07-11 04:00:00,0.0,0.0,0.0,0.0,0.0,0.0,0.0
2020-07-11 08:00:00,0.0,0.0,0.0,0.0,0.0,0.0,0.0
2020-07-11 12:00:00,0.0,0.0,0.0,0.0,0.0,0.0,0.0
2020-07-11 16:00:00,0.0,0.0,0.0,0.0,0.0,0.0,0.0
2020-07-11 20:00:00,0.0,0.0,0.0,0.0,0.0,0.0,0.0
2020-07-12 00:00:00,0.0,0.0,0.0,0.0,0.0,0.0,0.0
2020-07-12 04:00:00,0.0,0.0,0.25521556276403173,0.0,0.0,0.0,0.0
2020-07-12 08:00:00,0.0,0.0,0.25521556276403173,0.0,0.0,0.0,0.0
2020-07-12 12:00:00,0.0,0.0,0.25521556276403173,0.0,0.0,0.0,0.0
2020-07-12 16:00:00,0.0,0.0,0.25521556276403173,0.0,0.0,0.0,0.0
2020-07-12 20:00:00,0.0,0.0,0.25521556276403173,0.0,0.0,0.0,0.0
2020-07-13 00:00:00,0.0,0.0,0.25521556276403173,0.0,0.0,0.0,0.0
2020-07-13 04:00:00,0.0,0.0,0.25521556276403173,0.0,0.0,0.0,0.0
2020-07-13 08:00:00,0.0,0.0,0.25521556276403173,0.0,0.0,0.0,0.0
2020-07-13 12:00:00,0.0,0.0,0.25521556276403173,0.0,0.0,0.0,0.0
2020-07-13 16:00:00,0.0,0.0,0.25521556276403173,0.0,0.0,0.0,0.0
2020-07-13 20:00:00,0.0,0.0,0.0,0.0,0.0,0.0,0.0
2020-07-14 00:00:00,0.0,0.0,0.0,0.0,0.0,0.0,0.0
2020-07-14 04:00:00,0.0,0.0,0.0,0.0,0.0,0.0,0.0
2020-07-14 08:00:00,0.0,0.0,0.0,0.0,0.0,0.0,0.0
2020-07-14 12:00:00,0.0,0.0,0.0,0.0,0.0,0.0,0.0
2020-07-14 16:00:00,0.0,0.0,0.0,0.0,0.0,0.0,0.0
2020-07-14 20:00:00,0.0,0.0,0.0,0.0,0.0,0.0,0.0
2020-07-15 00:00:00,0.0,0.0,0.0,0.0,0.0,0.0,0.0
2020-07-15 04:00:00,0.0,0.0,0.0,0.0,0.0,0.0,0.0
2020-07-15 08:00:00,0.0,0.0,0.0,0.0,0.0,0.0,0.0
2020-07-15 12:00:00,0.0,0.0,0.0,0.0,0.0,0.0,0.0
2020-07-15 16:00:00,0.0,0.0,0.0,0.0,0.0,0.0,0.0
2020-07-15 20:00:00,0.0,0.0,0.0,0.0,0.0,0.0,0.0
2020-07-16 00:00:00,0.0,0.0,0.0,0.0,0.0,0.0,0.0
2020-07-16 04:00:00,0.0,0.0,0.0,0.0,0.0,0.0,0.0
2020-07-16 08:00:00,0.0,0.0,0.0,0.0,0.0,0.0,0.0
2020-07-16 12:00:00,0.0,0.0,0.0,0.0,0.0,0.0,0.0
2020-07-16 16:00:00,0.0,0.0,0.0,0.0,0.0,0.0,0.0
2020-07-16 20:00:00,0.0,0.0,0.0,0.0,0.0,0.0,0.0
2020-07-17 00:00:00,0.0,0.0,0.0,0.0,0.0,0.0,0.0
2020-07-17 04:00:00,0.0,0.0,0.0,0.0,0.0,0.0,0.0
2020-07-17 08:00:00,0.0,0.0,0.0,0.0,0.0,0.0,0.0
2020-07-17 12:00:00,0.0,0.0,0.0,0.0,0.0,0.0,0.0
2020-07-17 16:00:00,0.0,0.0,0.0,0.0,0.0,0.0,0.0
2020-07-17 20:00:00,0.0,0.0,0.0,0.0,0.0,0.0,0.0
2020-07-18 00:00:00,0.0,0.0,0.0,0.0,0.0,0.0,0.0
2020-07-18 04:00:00,0.0,0.0,0.0,0.0,0.0,0.0,0.0
2020-07-18 08:00:00,0.0,0.0,0.0,0.0,0.0,0.0,0.0
2020-07-18 12:00:00,0.0,0.0,0.0,0.0,0.0,0.0,0.0
2020-07-18 16:00:00,0.0,0.0,0.0,0.0,0.0,0.0,0.0
2020-07-18 20:00:00,0.0,0.0,0.0,0.0,0.0,0.0,0.0
2020-07-19 00:00:00,0.0,0.0,0.0,0.0,0.0,0.0,0.0
2020-07-19 04:00:00,0.0,0.0,0.0,0.0,0.0,0.0,0.0
2020-07-19 08:00:00,0.0,0.0,0.0,0.0,0.0,0.0,0.0
2020-07-19 12:00:00,0.0,0.0,0.0,0.0,0.0,0.0,0.0
2020-07-19 16:00:00,0.0,0.0,0.0,0.0,0.0,0.0,0.0
2020-07-19 20:00:00,0.0,0.0,0.0,0.0,0.0,0.0,0.0
2020-07-20 00:00:00,0.0,0.0,0.0,0.0,0.0,0.0,0.0
2020-07-20 04:00:00,0.0,0.0,0.0,0.0,0.0,0.0,0.0
2020-07-20 08:00:00,0.0,0.0,0.0,0.0,0.0,0.0,0.0
2020-07-20 12:00:00,0.0,0.0,0.0,0.0,0.0,0.0,0.0
2020-07-20 16:00:00,0.0,0.0,0.0,0.0,0.0,0.0,0.0
2020-07-20 20:00:00,0.0,0.0,0.0,0.0,0.0,0.0,0.0
2020-07-21 00:00:00,0.0,0.0,0.0,0.0,0.0,0.0,0.0
2020-07-21 04:00:00,0.0,0.0,0.0,0.0,0.0,0.0,0.0
2020-07-21 08:00:00,0.0,0.0,0.0,0.0,0.0,0.0,0.0
2020-07-21 12:00:00,0.0,0.0,0.0,0.0,0.0,0.0,0.0
2020-07-21 16:00:00,0.0,0.0,0.0,0.0,0.0,0.0,0.0
2020-07-21 20:00:00,0.0,0.0,0.0,0.0,0.0,0.0,0.0
2020-07-22 00:00:00,0.0,0.0,0.0,0.0,0.0,0.0,0.0
2020-07-22 04:00:00,0.0,0.0,0.0,0.0,0.0,0.0,0.0
2020-07-22 08:00:00,0.0,0.0,0.0,0.0,0.0,0.0,0.0
2020-07-22 12:00:00,0.0,0.0,0.0,0.0,0.0,0.0,0.0
2020-07-22 16:00:00,0.0,0.0,0.0,0.0,0.0,0.0,0.0
2020-07-22 20:00:00,0.0,0.0,0.0,0.0,0.0,0.0,0.0
2020-07-23 00:00:00,0.0,0.0,0.0,0.6460646956225651,0.3539353043774349,0.0,0.0
2020-07-23 04:00:00,0.0,0.0,0.0,0.6460646956225651,0.3539353043774349,0.0,0.0
2020-07-23 08:00:00,0.0,0.0,0.0,0.6460646956225651,0.3539353043774349,0.0,0.0
2020-07-23 12:00:00,0.0,0.0,0.0,0.6460646956225651,0.3539353043774349,0.0,0.0
2020-07-23 16:00:00,0.0,0.0,0.0,0.5049441531730334,0.2766248701682836,0.0,0.21843097665868305
2020-07-23 20:00:00,0.0,0.0,0.0,0.5049441531730334,0.2766248701682836,0.0,0.21843097665868305
2020-07-24 00:00:00,0.0,0.0,0.0,0.5049441531730334,0.2766248701682836,0.0,0.21843097665868305
2020-07-24 04:00:00,0.0,0.0,0.0,0.5049441531730334,0.2766248701682836,0.0,0.21843097665868305
2020-07-24 08:00:00,0.0,0.0,0.0,0.0,0.0,0.0,0.0
2020-07-24 12:00:00,0.0,0.0,0.0,0.0,0.0,0.0,0.0
2020-07-24 16:00:00,0.0,0.0,0.28898270785482333,0.0,0.0,0.0,0.0
2020-07-24 20:00:00,0.0,0.0,0.28898270785482333,0.0,0.29445638607682717,0.0,0.0
2020-07-25 00:00:00,0.0,0.0,0.28898270785482333,0.0,0.29445638607682717,0.0,0.0
2020-07-25 04:00:00,0.0,0.0,0.28898270785482333,0.0,0.29445638607682717,0.0,0.0
2020-07-25 08:00:00,0.0,0.0,0.28898270785482333,0.0,0.29445638607682717,0.0,0.0
2020-07-25 12:00:00,0.0,0.0,0.28898270785482333,0.0,0.29445638607682717,0.0,0.0
2020-07-25 16:00:00,0.2519195612431443,0.0,0.28898270785482333,0.0,0.29445638607682717,0.0,0.0
2020-07-25 20:00:00,0.17529378264555023,0.0,0.20108351939424676,0.4069928088663678,0.0,0.0,0.21662988909383515
2020-07-26 00:00:00,0.0,0.0,0.20099404754820416,0.406811717954268,0.1756607345863747,0.0,0.21653349991115317
2020-07-26 04:00:00,0.14344876284678523,0.0,0.17216170008784634,0.34845508030215294,0.15046241952920175,0.0,0.18547203723401376
2020-07-26 08:00:00,0.14344876284678523,0.0,0.17216170008784634,0.34845508030215294,0.15046241952920175,0.0,0.18547203723401376
2020-07-26 12:00:00,0.0,0.0,0.28898270785482333,0.0,0.25255929398786586,0.0,0.0
2020-07-26 16:00:00,0.0,0.0,0.28898270785482333,0.0,0.25255929398786586,0.0,0.0
2020-07-26 20:00:00,0.0,0.0,0.28898270785482333,0.0,0.25255929398786586,0.0,0.0
2020-07-27 00:00:00,0.0,0.0,0.28898270785482333,0.0,0.25255929398786586,0.0,0.0
2020-07-27 04:00:00,0.0,0.0,0.0,0.46306952702824705,0.25255929398786586,0.0,0.0
2020-07-27 08:00:00,0.0,0.0,0.0,0.46306952702824705,0.25255929398786586,0.0,0.0
2020-07-27 12:00:00,0.0,0.0,0.0,0.46306952702824705,0.25255929398786586,0.0,0.0
2020-07-27 16:00:00,0.0,0.0,0.0,0.46306952702824705,0.25255929398786586,0.0,0.0
2020-07-27 20:00:00,0.0,0.0,0.0,0.0,0.25255929398786586,0.0,0.0
2020-07-28 00:00:00,0.0,0.0,0.0,0.34186232475488915,0.25255929398786586,0.0,0.0
2020-07-28 04:00:00,0.0,0.0,0.0,0.34186232475488915,0.25255929398786586,0.0,0.0
2020-07-28 08:00:00,0.0,0.0,0.0,0.34186232475488915,0.25255929398786586,0.0,0.0
2020-07-28 12:00:00,0.0,0.0,0.0,0.0,0.0,0.0,0.0
2020-07-28 16:00:00,0.0,0.0,0.0,0.0,0.0,0.0,0.0
2020-07-28 20:00:00,0.0,0.0,0.0,0.0,0.0,0.0,0.0
2020-07-29 00:00:00,0.0,0.0,0.0,0.0,0.0,0.0,0.20280338167087428
2020-07-29 04:00:00,0.0,0.0,0.0,0.0,0.0,0.0,0.0
2020-07-29 08:00:00,0.0,0.0,0.0,0.0,0.0,0.0,0.0
2020-07-29 12:00:00,0.0,0.0,0.0,0.0,0.0,0.0,0.0
2020-07-29 16:00:00,0.0,0.0,0.0,0.0,0.0,0.0,0.0
2020-07-29 20:00:00,0.0,0.0,0.0,0.0,0.0,0.0,0.0
2020-07-30 00:00:00,0.0,0.0,0.0,0.0,0.0,0.0,0.0
2020-07-30 04:00:00,0.0,0.0,0.0,0.0,0.0,0.0,0.0
2020-07-30 08:00:00,0.0,0.0,0.0,0.0,0.0,0.0,0.0
2020-07-30 12:00:00,0.0,0.0,0.0,0.0,0.0,0.0,0.0
2020-07-30 16:00:00,0.0,0.0,0.0,0.0,0.0,0.0,0.0
2020-07-30 20:00:00,0.0,0.0,0.0,0.0,0.0,0.0,0.0
2020-07-31 00:00:00,0.0,0.0,0.0,0.0,0.0,0.0,0.0
2020-07-31 04:00:00,0.0,0.0,0.0,0.0,0.0,0.0,0.0
2020-07-31 08:00:00,0.0,0.0,0.0,0.0,0.0,0.0,0.0
2020-07-31 12:00:00,0.0,0.0,0.0,0.0,0.18339852083629607,0.0,0.0
2020-07-31 16:00:00,0.0,0.0,0.0,0.0,0.18339852083629607,0.0,0.0
2020-07-31 20:00:00,0.0,0.0,0.0,0.0,0.18339852083629607,0.0,0.1869607604192054
2020-08-01 00:00:00,0.0,0.0,0.0,0.0,0.18339852083629607,0.0,0.1869607604192054
2020-08-01 04:00:00,0.0,0.0,0.0,0.0,0.18339852083629607,0.0,0.1869607604192054
2020-08-01 08:00:00,0.0,0.0,0.22206969042881575,0.22340333788588684,0.18339852083629607,0.0,0.1869607604192054
2020-08-01 12:00:00,0.0,0.0,0.22206969042881575,0.22340333788588684,0.18339852083629607,0.0,0.1869607604192054
2020-08-01 16:00:00,0.0,0.0,0.22206969042881575,0.22340333788588684,0.18339852083629607,0.0,0.1869607604192054
2020-08-01 20:00:00,0.0,0.0,0.22206969042881575,0.22340333788588684,0.0,0.0,0.0
2020-08-02 00:00:00,0.0,0.0,0.22206969042881575,0.22340333788588684,0.0,0.0,0.0
2020-08-02 04:00:00,0.0,0.0,0.22206969042881575,0.22340333788588684,0.21921835204648968,0.0,0.18335153866435636
2020-08-02 08:00:00,0.0,0.0,0.0,0.0,0.0,0.0,0.0
2020-08-02 12:00:00,0.0,0.0,0.0,0.0,0.0,0.0,0.0
2020-08-02 16:00:00,0.0,0.0,0.0,0.0,0.0,0.0,0.0
2020-08-02 20:00:00,0.0,0.0,0.0,0.0,0.0,0.0,0.0
2020-08-03 00:00:00,0.0,0.0,0.0,0.0,0.0,0.0,0.0
2020-08-03 04:00:00,0.0,0.0,0.0,0.0,0.0,0.0,0.0
2020-08-03 08:00:00,0.0,0.0,0.0,0.0,0.0,0.0,0.0
2020-08-03 12:00:00,0.0,0.0,0.2018134979493065,0.0,0.0,0.0,0.0
2020-08-03 16:00:00,0.0,0.0,0.2018134979493065,0.0,0.0,0.0,0.0
2020-08-03 20:00:00,0.0,0.0,0.2018134979493065,0.0,0.0,0.0,0.0
2020-08-04 00:00:00,0.0,0.0,0.2018134979493065,0.0,0.0,0.0,0.0
2020-08-04 04:00:00,0.0,0.0,0.2018134979493065,0.0,0.0,0.0,0.0
2020-08-04 08:00:00,0.0,0.0,0.2018134979493065,0.0,0.0,0.0,0.0
2020-08-04 12:00:00,0.0,0.0,0.2018134979493065,0.0,0.0,0.0,0.0
2020-08-04 16:00:00,0.0,0.0,0.2018134979493065,0.0,0.0,0.0,0.0
2020-08-04 20:00:00,0.0,0.0,0.2018134979493065,0.0,0.0,0.0,0.0
2020-08-05 00:00:00,0.0,0.0,0.2018134979493065,0.0,0.0,0.0,0.0
2020-08-05 04:00:00,0.0,0.0,0.2018134979493065,0.0,0.0,0.0,0.0
2020-08-05 08:00:00,0.0,0.0,0.2018134979493065,0.0,0.0,0.0,0.0
2020-08-05 12:00:00,0.0,0.0,0.2018134979493065,0.0,0.0,0.0,0.0
2020-08-05 16:00:00,0.0,0.0,0.2018134979493065,0.0,0.0,0.0,0.0
2020-08-05 20:00:00,0.0,0.0,0.2018134979493065,0.0,0.0,0.0,0.0
2020-08-06 00:00:00,0.0,0.0,0.2018134979493065,0.0,0.0,0.0,0.0
2020-08-06 04:00:00,0.0,0.0,0.2018134979493065,0.0,0.0,0.0,0.0
2020-08-06 08:00:00,0.0,0.0,0.2018134979493065,0.0,0.0,0.0,0.0
2020-08-06 12:00:00,0.0,0.0,0.2018134979493065,0.0,0.0,0.0,0.0
2020-08-06 16:00:00,0.0,0.0,0.2018134979493065,0.0,0.0,0.0,0.0
2020-08-06 20:00:00,0.0,0.0,0.2018134979493065,0.0,0.0,0.0,0.0
2020-08-07 00:00:00,0.0,0.0,0.2018134979493065,0.0,0.0,0.0,0.0
2020-08-07 04:00:00,0.0,0.0,0.2018134979493065,0.0,0.0,0.0,0.0
2020-08-07 08:00:00,0.0,0.0,0.2018134979493065,0.0,0.0,0.0,0.0
2020-08-07 12:00:00,0.0,0.0,0.2018134979493065,0.0,0.0,0.0,0.0
2020-08-07 16:00:00,0.0,0.0,0.2018134979493065,0.0,0.0,0.0,0.0
2020-08-07 20:00:00,0.0,0.0,0.0,0.0,0.0,0.0,0.0
2020-08-08 00:00:00,0.0,0.0,0.0,0.0,0.0,0.0,0.0
2020-08-08 04:00:00,0.0,0.0,0.0,0.0,0.0,0.0,0.0
2020-08-08 08:00:00,0.0,0.0,0.0,0.0,0.0,0.0,0.0
2020-08-08 12:00:00,0.0,0.0,0.0,0.0,0.0,0.0,0.0
2020-08-08 16:00:00,0.0,0.0,0.0,0.0,0.0,0.0,0.0
2020-08-08 20:00:00,0.0,0.0,0.0,0.0,0.0,0.0,0.0
2020-08-09 00:00:00,0.0,0.0,0.0,0.0,0.0,0.0,0.0
2020-08-09 04:00:00,0.0,0.0,0.0,0.0,0.0,0.0,0.0
2020-08-09 08:00:00,0.0,0.0,0.0,0.0,0.0,0.0,0.0
2020-08-09 12:00:00,0.0,0.0,0.0,0.0,0.0,0.0,0.0
2020-08-09 16:00:00,0.0,0.0,0.0,0.0,0.0,0.0,0.0
2020-08-09 20:00:00,0.0,0.0,0.0,0.0,0.0,0.0,0.0
2020-08-10 00:00:00,0.0,0.0,0.0,0.0,0.0,0.0,0.0
2020-08-10 04:00:00,0.0,0.0,0.0,0.0,0.0,0.0,0.0
2020-08-10 08:00:00,0.0,0.0,0.0,0.0,0.0,0.0,0.0
2020-08-10 12:00:00,0.0,0.0,0.0,0.0,0.0,0.0,0.0
2020-08-10 16:00:00,0.0,0.0,0.0,0.0,0.0,0.0,0.0
2020-08-10 20:00:00,0.0,0.0,0.0,0.0,0.0,0.0,0.0
2020-08-11 00:00:00,0.0,0.0,0.0,0.0,0.0,0.0,0.0
2020-08-11 04:00:00,0.0,0.0,0.0,0.0,0.0,0.0,0.0
2020-08-11 08:00:00,0.0,0.0,0.0,0.0,0.0,0.0,0.0
2020-08-11 12:00:00,0.0,0.0,0.0,0.0,0.0,0.0,0.0
2020-08-11 16:00:00,0.0,0.0,0.0,0.0,0.0,0.0,0.0
2020-08-11 20:00:00,0.0,0.0,0.0,0.0,0.0,0.0,0.0
2020-08-12 00:00:00,0.0,0.0,0.0,0.0,0.0,0.0,0.0
2020-08-12 04:00:00,0.0,0.0,0.0,0.0,0.0,0.0,0.0
2020-08-12 08:00:00,0.0,0.0,0.0,0.0,0.0,0.0,0.0
2020-08-12 12:00:00,0.0,0.0,0.0,0.0,0.0,0.0,0.0
2020-08-12 16:00:00,0.0,0.0,0.0,0.0,0.0,0.0,0.0
2020-08-12 20:00:00,0.0,0.0,0.0,0.0,0.0,0.0,0.0
2020-08-13 00:00:00,0.0,0.0,0.0,0.0,0.0,0.0,0.0
2020-08-13 04:00:00,0.0,0.0,0.0,0.0,0.0,0.0,0.0
2020-08-13 08:00:00,0.0,0.0,0.0,0.0,0.0,0.0,0.0
2020-08-13 12:00:00,0.0,0.0,0.0,0.0,0.0,0.0,0.0
2020-08-13 16:00:00,0.0,0.0,0.0,0.0,0.0,0.0,0.0
2020-08-13 20:00:00,0.0,0.0,0.0,0.0,0.0,0.0,0.0
2020-08-14 00:00:00,0.0,0.0,0.0,0.0,0.2179139718714708,0.0,0.0
2020-08-14 04:00:00,0.0,0.0,0.0,0.0,0.2179139718714708,0.0,0.0
2020-08-14 08:00:00,0.0,0.0,0.0,0.0,0.2179139718714708,0.0,0.0
2020-08-14 12:00:00,0.0,0.0,0.0,0.0,0.2179139718714708,0.0,0.0
2020-08-14 16:00:00,0.0,0.0,0.0,0.0,0.2179139718714708,0.0,0.0
2020-08-14 20:00:00,0.0,0.0,0.0,0.0,0.2179139718714708,0.0,0.0
2020-08-15 00:00:00,0.0,0.0,0.0,0.0,0.2179139718714708,0.0,0.0
2020-08-15 04:00:00,0.0,0.0,0.0,0.0,0.2179139718714708,0.0,0.0
2020-08-15 08:00:00,0.0,0.0,0.0,0.0,0.2179139718714708,0.0,0.0
2020-08-15 12:00:00,0.0,0.0,0.0,0.0,0.2179139718714708,0.0,0.0
2020-08-15 16:00:00,0.0,0.0,0.0,0.0,0.2179139718714708,0.0,0.0
2020-08-15 20:00:00,0.0,0.0,0.0,0.0,0.2179139718714708,0.0,0.0
2020-08-16 00:00:00,0.0,0.0,0.0,0.0,0.2179139718714708,0.0,0.0
2020-08-16 04:00:00,0.0,0.0,0.0,0.0,0.2179139718714708,0.0,0.0
2020-08-16 08:00:00,0.0,0.0,0.0,0.0,0.2179139718714708,0.0,0.0
2020-08-16 12:00:00,0.0,0.0,0.0,0.0,0.0,0.0,0.0
2020-08-16 16:00:00,0.0,0.0,0.0,0.0,0.0,0.0,0.0
2020-08-16 20:00:00,0.0,0.0,0.0,0.0,0.0,0.0,0.0
2020-08-17 00:00:00,0.0,0.0,0.0,0.0,0.0,0.0,0.0
2020-08-17 04:00:00,0.0,0.0,0.0,0.0,0.0,0.0,0.0
2020-08-17 08:00:00,0.0,0.0,0.0,0.0,0.0,0.0,0.0
2020-08-17 12:00:00,0.0,0.0,0.0,0.0,0.0,0.0,0.0
2020-08-17 16:00:00,0.0,0.0,0.0,0.36750292900563736,0.0,0.0,0.19720847315436266
2020-08-17 20:00:00,0.0,0.0,0.0,0.36750292900563736,0.0,0.0,0.19720847315436266
2020-08-18 00:00:00,0.0,0.0,0.0,0.36750292900563736,0.0,0.0,0.19720847315436266
2020-08-18 04:00:00,0.0,0.0,0.0,0.36750292900563736,0.0,0.0,0.19720847315436266
2020-08-18 08:00:00,0.0,0.0,0.0,0.36750292900563736,0.0,0.0,0.19720847315436266
2020-08-18 12:00:00,0.0,0.0,0.0,0.36750292900563736,0.0,0.0,0.19720847315436266
2020-08-18 16:00:00,0.0,0.0,0.0,0.0,0.0,0.0,0.0
2020-08-18 20:00:00,0.0,0.0,0.0,0.0,0.0,0.0,0.0
2020-08-19 00:00:00,0.0,0.0,0.0,0.0,0.0,0.0,0.0
2020-08-19 04:00:00,0.0,0.0,0.0,0.0,0.0,0.0,0.0
2020-08-19 08:00:00,0.0,0.0,0.0,0.0,0.0,0.0,0.0
2020-08-19 12:00:00,0.0,0.0,0.0,0.0,0.0,0.0,0.0
2020-08-19 16:00:00,0.0,0.0,0.0,0.0,0.0,0.0,0.0
2020-08-19 20:00:00,0.0,0.0,0.0,0.0,0.0,0.0,0.0
2020-08-20 00:00:00,0.0,0.0,0.0,0.0,0.0,0.0,0.0
2020-08-20 04:00:00,0.0,0.0,0.0,0.0,0.0,0.0,0.0
2020-08-20 08:00:00,0.0,0.0,0.0,0.0,0.0,0.0,0.0
2020-08-20 12:00:00,0.0,0.0,0.0,0.0,0.0,0.0,0.0
2020-08-20 16:00:00,0.0,0.0,0.0,0.0,0.0,0.0,0.0
2020-08-20 20:00:00,0.0,0.0,0.0,0.0,0.0,0.0,0.0
2020-08-21 00:00:00,0.0,0.0,0.0,0.0,0.0,0.0,0.0
2020-08-21 04:00:00,0.0,0.0,0.0,0.0,0.0,0.0,0.0
2020-08-21 08:00:00,0.0,0.0,0.0,0.0,0.0,0.0,0.0
2020-08-21 12:00:00,0.0,0.0,0.0,0.0,0.0,0.0,0.0
2020-08-21 16:00:00,0.0,0.0,0.0,0.0,0.0,0.0,0.0
2020-08-21 20:00:00,0.0,0.0,0.0,0.0,0.0,0.0,0.0
2020-08-22 00:00:00,0.0,0.0,0.0,0.0,0.0,0.0,0.0
2020-08-22 04:00:00,0.0,0.0,0.0,0.0,0.0,0.0,0.0
2020-08-22 08:00:00,0.0,0.0,0.0,0.0,0.0,0.0,0.0
2020-08-22 12:00:00,0.0,0.0,0.0,0.0,0.0,0.0,0.0
2020-08-22 16:00:00,0.0,0.0,0.0,0.0,0.0,0.0,0.0
2020-08-22 20:00:00,0.0,0.0,0.0,0.0,0.0,0.0,0.0
2020-08-23 00:00:00,0.0,0.0,0.0,0.0,0.0,0.0,0.0
2020-08-23 04:00:00,0.0,0.0,0.0,0.0,0.0,0.0,0.0
2020-08-23 08:00:00,0.0,0.0,0.0,0.0,0.0,0.0,0.0
2020-08-23 12:00:00,0.0,0.0,0.0,0.0,0.0,0.0,0.0
2020-08-23 16:00:00,0.0,0.0,0.0,0.0,0.0,0.0,0.0
2020-08-23 20:00:00,0.0,0.0,0.0,0.0,0.0,0.0,0.0
2020-08-24 00:00:00,0.0,0.0,0.0,0.0,0.0,0.0,0.0
2020-08-24 04:00:00,0.0,0.0,0.0,0.0,0.0,0.0,0.0
2020-08-24 08:00:00,0.0,0.0,0.0,0.0,0.0,0.0,0.0
2020-08-24 12:00:00,0.0,0.0,0.0,0.0,0.0,0.0,0.0
2020-08-24 16:00:00,0.0,0.0,0.0,0.0,0.0,0.0,0.0
2020-08-24 20:00:00,0.0,0.0,0.0,0.0,0.0,0.0,0.0
2020-08-25 00:00:00,0.0,0.0,0.0,0.0,0.0,0.0,0.0
2020-08-25 04:00:00,0.0,0.0,0.0,0.0,0.0,0.0,0.0
2020-08-25 08:00:00,0.0,0.0,0.0,0.0,0.0,0.0,0.0
2020-08-25 12:00:00,0.0,0.0,0.0,0.0,0.0,0.0,0.0
2020-08-25 16:00:00,0.0,0.0,0.0,0.0,0.0,0.0,0.0
2020-08-25 20:00:00,0.0,0.0,0.0,0.0,0.0,0.0,0.0
2020-08-26 00:00:00,0.0,0.0,0.0,0.0,0.0,0.0,0.0
2020-08-26 04:00:00,0.0,0.0,0.0,0.0,0.0,0.0,0.0
2020-08-26 08:00:00,0.0,0.0,0.0,0.0,0.0,0.0,0.0
2020-08-26 12:00:00,0.0,0.0,0.0,0.0,0.0,0.0,0.0
2020-08-26 16:00:00,0.0,0.0,0.0,0.0,0.0,0.0,0.0
2020-08-26 20:00:00,0.0,0.0,0.0,0.0,0.0,0.0,0.0
2020-08-27 00:00:00,0.0,0.0,0.0,0.0,0.0,0.0,0.0
2020-08-27 04:00:00,0.0,0.0,0.0,0.0,0.0,0.0,0.0
2020-08-27 08:00:00,0.0,0.0,0.0,0.0,0.0,0.0,0.0
2020-08-27 12:00:00,0.0,0.0,0.0,0.0,0.0,0.0,0.0
2020-08-27 16:00:00,0.0,0.0,0.0,0.0,0.0,0.0,0.0
2020-08-27 20:00:00,0.0,0.0,0.0,0.0,0.0,0.0,0.0
2020-08-28 00:00:00,0.0,0.0,0.0,0.0,0.0,0.0,0.0
2020-08-28 04:00:00,0.0,0.0,0.0,0.0,0.0,0.0,0.0
2020-08-28 08:00:00,0.0,0.0,0.0,0.0,0.0,0.0,0.0
2020-08-28 12:00:00,0.0,0.0,0.0,0.0,0.0,0.0,0.0
2020-08-28 16:00:00,0.0,0.0,0.0,0.0,0.0,0.0,0.0
2020-08-28 20:00:00,0.0,0.0,0.0,0.0,0.0,0.0,0.0
2020-08-29 00:00:00,0.0,0.0,0.0,0.0,0.0,0.0,0.0
2020-08-29 04:00:00,0.0,0.0,0.0,0.0,0.0,0.0,0.0
2020-08-29 08:00:00,0.0,0.0,0.0,0.0,0.0,0.0,0.0
2020-08-29 12:00:00,0.0,0.0,0.0,0.0,0.0,0.0,0.0
2020-08-29 16:00:00,0.0,0.0,0.0,0.0,0.0,0.0,0.0
2020-08-29 20:00:00,0.0,0.0,0.0,0.0,0.0,0.0,0.0
2020-08-30 00:00:00,0.0,0.0,0.0,0.0,0.0,0.0,0.0
2020-08-30 04:00:00,0.0,0.0,0.0,0.0,0.0,0.0,0.0
2020-08-30 08:00:00,0.0,0.0,0.0,0.0,0.0,0.0,0.0
2020-08-30 12:00:00,0.0,0.0,0.0,0.0,0.0,0.0,0.0
2020-08-30 16:00:00,0.0,0.0,0.0,0.0,0.0,0.0,0.0
2020-08-30 20:00:00,0.0,0.0,0.2464596621719886,0.0,0.26329905847373625,0.0,0.0
2020-08-31 00:00:00,0.0,0.0,0.2464596621719886,0.0,0.26329905847373625,0.0,0.0
2020-08-31 04:00:00,0.0,0.0,0.2464596621719886,0.0,0.26329905847373625,0.0,0.0
2020-08-31 08:00:00,0.0,0.0,0.2464596621719886,0.0,0.26329905847373625,0.0,0.0
2020-08-31 12:00:00,0.0,0.0,0.2464596621719886,0.0,0.26329905847373625,0.0,0.0
2020-08-31 16:00:00,0.0,0.0,0.2464596621719886,0.0,0.26329905847373625,0.0,0.0
2020-08-31 20:00:00,0.0,0.0,0.2464596621719886,0.0,0.26329905847373625,0.08397641514935908,0.0
2020-09-01 00:00:00,0.0,0.0,0.2464596621719886,0.0,0.26329905847373625,0.08397641514935908,0.0
2020-09-01 04:00:00,0.0,0.0,0.2464596621719886,0.0,0.26329905847373625,0.08397641514935908,0.0
2020-09-01 08:00:00,0.0,0.0,0.2268605999640381,0.43674337285277703,0.0,0.07729840962907063,0.25909761755411426
2020-09-01 12:00:00,0.0,0.0,0.18538360610441684,0.35689344652393695,0.18283031018253573,0.06316591741997094,0.21172671976913954
2020-09-01 16:00:00,0.0,0.0,0.2268605999640381,0.43674337285277703,0.0,0.07729840962907063,0.25909761755411426
2020-09-01 20:00:00,0.0,0.0,0.0,0.4744747397574251,0.0,0.08397641514935908,0.2814817174162315
2020-09-02 00:00:00,0.0,0.0,0.0,0.4744747397574251,0.0,0.08397641514935908,0.2814817174162315
2020-09-02 04:00:00,0.0,0.0,0.0,0.4744747397574251,0.0,0.0,0.2814817174162315
2020-09-02 08:00:00,0.0,0.0,0.0,0.0,0.0,0.0,0.2814817174162315
2020-09-02 12:00:00,0.0,0.0,0.0,0.0,0.0,0.0,0.0
2020-09-02 16:00:00,0.0,0.0,0.0,0.0,0.0,0.0,0.0
2020-09-02 20:00:00,0.0,0.0,0.0,0.0,0.0,0.0,0.0
2020-09-03 00:00:00,0.0,0.0,0.0,0.0,0.0,0.0,0.0
2020-09-03 04:00:00,0.0,0.0,0.0,0.0,0.0,0.0,0.0
2020-09-03 08:00:00,0.0,0.0,0.0,0.0,0.0,0.0,0.0
2020-09-03 12:00:00,0.0,0.0,0.0,0.0,0.0,0.0,0.0
2020-09-03 16:00:00,0.0,0.0,0.0,0.0,0.0,0.0,0.0
2020-09-03 20:00:00,0.0,0.0,0.0,0.0,0.0,0.0,0.0
2020-09-04 00:00:00,0.0,0.0,0.0,0.0,0.0,0.0,0.0
2020-09-04 04:00:00,0.0,0.0,0.0,0.0,0.0,0.0,0.0
2020-09-04 08:00:00,0.0,0.0,0.0,0.0,0.0,0.0,0.0
2020-09-04 12:00:00,0.0,0.0,0.0,0.0,0.0,0.0,0.0
2020-09-04 16:00:00,0.0,0.0,0.0,0.0,0.0,0.0,0.0
2020-09-04 20:00:00,0.0,0.0,0.0,0.0,0.0,0.0,0.0
2020-09-05 00:00:00,0.0,0.0,0.0,0.0,0.0,0.0,0.0
2020-09-05 04:00:00,0.0,0.0,0.0,0.0,0.0,0.0,0.0
2020-09-05 08:00:00,0.0,0.0,0.0,0.0,0.0,0.0,0.0
2020-09-05 12:00:00,0.0,0.0,0.0,0.0,0.0,0.0,0.0
2020-09-05 16:00:00,0.0,0.0,0.0,0.0,0.0,0.0,0.0
2020-09-05 20:00:00,0.0,0.0,0.0,0.0,0.0,0.0,0.0
2020-09-06 00:00:00,0.0,0.0,0.0,0.0,0.0,0.0,0.0
2020-09-06 04:00:00,0.0,0.0,0.0,0.0,0.0,0.0,0.0
2020-09-06 08:00:00,0.0,0.0,0.0,0.0,0.0,0.0,0.0
2020-09-06 12:00:00,0.0,0.0,0.0,0.0,0.0,0.0,0.0
2020-09-06 16:00:00,0.0,0.0,0.0,0.0,0.0,0.0,0.0
2020-09-06 20:00:00,0.0,0.0,0.0,0.0,0.0,0.0,0.0
2020-09-07 00:00:00,0.0,0.0,0.0,0.0,0.0,0.0,0.0
2020-09-07 04:00:00,0.0,0.0,0.0,0.0,0.0,0.0,0.0
2020-09-07 08:00:00,0.0,0.0,0.0,0.0,0.0,0.0,0.0
2020-09-07 12:00:00,0.0,0.0,0.0,0.0,0.0,0.0,0.0
2020-09-07 16:00:00,0.0,0.0,0.0,0.0,0.0,0.0,0.0
2020-09-07 20:00:00,0.0,0.0,0.0,0.0,0.0,0.0,0.0
2020-09-08 00:00:00,0.0,0.0,0.0,0.0,0.0,0.0,0.0
2020-09-08 04:00:00,0.0,0.0,0.0,0.0,0.0,0.0,0.0
2020-09-08 08:00:00,0.0,0.0,0.0,0.0,0.0,0.0,0.0
2020-09-08 12:00:00,0.0,0.0,0.0,0.0,0.0,0.0,0.0
2020-09-08 16:00:00,0.0,0.0,0.0,0.0,0.0,0.0,0.0
2020-09-08 20:00:00,0.0,0.0,0.0,0.0,0.0,0.0,0.0
2020-09-09 00:00:00,0.0,0.0,0.0,0.0,0.0,0.0,0.0
2020-09-09 04:00:00,0.0,0.0,0.0,0.0,0.0,0.0,0.0
2020-09-09 08:00:00,0.0,0.0,0.0,0.0,0.0,0.0,0.0
2020-09-09 12:00:00,0.0,0.0,0.0,0.0,0.0,0.0,0.0
2020-09-09 16:00:00,0.0,0.0,0.0,0.0,0.0,0.0,0.0
2020-09-09 20:00:00,0.0,0.0,0.0,0.0,0.0,0.0,0.0
2020-09-10 00:00:00,0.0,0.0,0.0,0.0,0.0,0.0,0.0
2020-09-10 04:00:00,0.0,0.0,0.0,0.0,0.0,0.0,0.0
2020-09-10 08:00:00,0.0,0.0,0.0,0.0,0.0,0.0,0.0
2020-09-10 12:00:00,0.0,0.0,0.0,0.0,0.0,0.0,0.0
2020-09-10 16:00:00,0.0,0.0,0.0,0.0,0.0,0.0,0.0
2020-09-10 20:00:00,0.0,0.0,0.0,0.0,0.0,0.0,0.0
2020-09-11 00:00:00,0.0,0.0,0.0,0.0,0.0,0.0,0.0
2020-09-11 04:00:00,0.0,0.0,0.0,0.0,0.0,0.0,0.0
2020-09-11 08:00:00,0.0,0.0,0.0,0.0,0.0,0.0,0.0
2020-09-11 12:00:00,0.0,0.0,0.0,0.0,0.0,0.0,0.0
2020-09-11 16:00:00,0.0,0.0,0.0,0.0,0.0,0.0,0.0
2020-09-11 20:00:00,0.0,0.0,0.0,0.0,0.0,0.0,0.0
2020-09-12 00:00:00,0.0,0.0,0.0,0.0,0.0,0.0,0.0
2020-09-12 04:00:00,0.0,0.0,0.12448142878538268,0.0,0.0,0.0,0.0
2020-09-12 08:00:00,0.0,0.0,0.12448142878538268,0.0,0.0,0.0,0.0
2020-09-12 12:00:00,0.0,0.0,0.12448142878538268,0.0,0.0,0.0,0.0
2020-09-12 16:00:00,0.0,0.0,0.12448142878538268,0.0,0.0,0.0,0.0
2020-09-12 20:00:00,0.0,0.0,0.12448142878538268,0.0,0.0,0.0,0.0
2020-09-13 00:00:00,0.0,0.0,0.12448142878538268,0.0,0.0,0.0,0.0
2020-09-13 04:00:00,0.0,0.0,0.0,0.0,0.0,0.0,0.0
2020-09-13 08:00:00,0.0,0.0,0.0,0.0,0.0,0.0,0.0
2020-09-13 12:00:00,0.0,0.0,0.0,0.0,0.0,0.0,0.0
2020-09-13 16:00:00,0.0,0.0,0.0,0.0,0.0,0.0,0.0
2020-09-13 20:00:00,0.0,0.0,0.0,0.0,0.0,0.0,0.0
2020-09-14 00:00:00,0.0,0.0,0.0,0.0,0.0,0.0,0.0
2020-09-14 04:00:00,0.0,0.0,0.0,0.0,0.0,0.0,0.0
2020-09-14 08:00:00,0.0,0.0,0.0,0.0,0.0,0.0,0.0
2020-09-14 12:00:00,0.0,0.0,0.11924493867602431,0.0,0.0,0.0,0.0
2020-09-14 16:00:00,0.0,0.0,0.11924493867602431,0.0,0.0,0.0,0.0
2020-09-14 20:00:00,0.0,0.0,0.0,0.0,0.0,0.0,0.0
2020-09-15 00:00:00,0.0,0.0,0.0,0.0,0.0,0.0,0.0
2020-09-15 04:00:00,0.0,0.0,0.0,0.0,0.0,0.0,0.0
2020-09-15 08:00:00,0.0,0.0,0.0,0.0,0.0,0.0,0.0
2020-09-15 12:00:00,0.0,0.0,0.0,0.0,0.0,0.0,0.0
2020-09-15 16:00:00,0.0,0.0,0.0,0.0,0.0,0.0,0.0
2020-09-15 20:00:00,0.0,0.0,0.0,0.0,0.0,0.0,0.0
2020-09-16 00:00:00,0.0,0.0,0.0,0.0,0.0,0.0,0.0
2020-09-16 04:00:00,0.0,0.0,0.0,0.0,0.0,0.0,0.0
2020-09-16 08:00:00,0.0,0.0,0.0,0.0,0.0,0.0,0.0
2020-09-16 12:00:00,0.0,0.0,0.0,0.0,0.0,0.0,0.0
2020-09-16 16:00:00,0.0,0.0,0.0,0.4129483148091174,0.0,0.0,0.0
2020-09-16 20:00:00,0.0,0.0,0.0,0.4129483148091174,0.0,0.0,0.0
2020-09-17 00:00:00,0.0,0.0,0.0,0.4129483148091174,0.0,0.0,0.0
2020-09-17 04:00:00,0.0,0.0,0.0,0.4129483148091174,0.0,0.0,0.0
2020-09-17 08:00:00,0.0,0.0,0.0,0.4129483148091174,0.0,0.0,0.0
2020-09-17 12:00:00,0.0,0.0,0.0,0.4129483148091174,0.0,0.0,0.0
2020-09-17 16:00:00,0.0,0.0,0.0,0.4129483148091174,0.0,0.0,0.0
2020-09-17 20:00:00,0.0,0.0,0.0,0.4129483148091174,0.0,0.0,0.0
2020-09-18 00:00:00,0.0,0.0,0.0,0.4129483148091174,0.0,0.0,0.0
2020-09-18 04:00:00,0.0,0.0,0.0,0.4129483148091174,0.0,0.0,0.0
2020-09-18 08:00:00,0.0,0.0,0.0,0.4129483148091174,0.0,0.0,0.0
2020-09-18 12:00:00,0.0,0.0,0.0,0.4129483148091174,0.0,0.0,0.0
2020-09-18 16:00:00,0.0,0.0,0.0,0.4129483148091174,0.0,0.0,0.0
2020-09-18 20:00:00,0.0,0.0,0.0,0.4129483148091174,0.0,0.0,0.0
2020-09-19 00:00:00,0.0,0.0,0.0,0.4129483148091174,0.0,0.0,0.0
2020-09-19 04:00:00,0.0,0.0,0.0,0.4129483148091174,0.0,0.0,0.0
2020-09-19 08:00:00,0.0,0.0,0.0,0.4129483148091174,0.0,0.0,0.0
2020-09-19 12:00:00,0.0,0.0,0.0,0.4129483148091174,0.0,0.0,0.0
2020-09-19 16:00:00,0.0,0.0,0.0,0.4129483148091174,0.0,0.0,0.0
2020-09-19 20:00:00,0.0,0.0,0.0,0.4129483148091174,0.0,0.0,0.0
2020-09-20 00:00:00,0.0,0.0,0.0,0.4129483148091174,0.0,0.0,0.0
2020-09-20 04:00:00,0.0,0.0,0.0,0.4129483148091174,0.0,0.0,0.0
2020-09-20 08:00:00,0.0,0.0,0.0,0.4129483148091174,0.0,0.0,0.0
2020-09-20 12:00:00,0.0,0.0,0.0,0.4129483148091174,0.0,0.0,0.0
2020-09-20 16:00:00,0.0,0.0,0.0,0.0,0.0,0.0,0.0
2020-09-20 20:00:00,0.0,0.0,0.0,0.0,0.0,0.0,0.0
2020-09-21 00:00:00,0.0,0.0,0.0,0.0,0.0,0.0,0.0
2020-09-21 04:00:00,0.0,0.0,0.0,0.0,0.0,0.0,0.0
2020-09-21 08:00:00,0.0,0.0,0.0,0.0,0.0,0.0,0.0
2020-09-21 12:00:00,0.0,0.0,0.0,0.0,0.0,0.0,0.0
2020-09-21 16:00:00,0.0,0.0,0.0,0.0,0.0,0.0,0.0
2020-09-21 20:00:00,0.0,0.0,0.0,0.0,0.0,0.0,0.0
2020-09-22 00:00:00,0.0,0.0,0.0,0.0,0.0,0.0,0.0
2020-09-22 04:00:00,0.0,0.0,0.0,0.0,0.0,0.0,0.0
2020-09-22 08:00:00,0.0,0.0,0.0,0.0,0.0,0.0,0.0
2020-09-22 12:00:00,0.0,0.0,0.0,0.0,0.0,0.0,0.0
2020-09-22 16:00:00,0.0,0.0,0.0,0.0,0.0,0.0,0.0
2020-09-22 20:00:00,0.0,0.0,0.0,0.0,0.0,0.0,0.0
2020-09-23 00:00:00,0.0,0.0,0.0,0.0,0.0,0.0,0.0
2020-09-23 04:00:00,0.0,0.0,0.0,0.0,0.0,0.0,0.0
2020-09-23 08:00:00,0.0,0.0,0.0,0.0,0.0,0.0,0.0
2020-09-23 12:00:00,0.0,0.0,0.0,0.0,0.0,0.0,0.0
2020-09-23 16:00:00,0.0,0.0,0.0,0.0,0.0,0.0,0.0
2020-09-23 20:00:00,0.0,0.0,0.0,0.0,0.0,0.0,0.0
2020-09-24 00:00:00,0.0,0.0,0.0,0.0,0.0,0.0,0.0
2020-09-24 04:00:00,0.0,0.0,0.0,0.0,0.0,0.0,0.0
2020-09-24 08:00:00,0.0,0.0,0.0,0.0,0.0,0.0,0.0
2020-09-24 12:00:00,0.0,0.0,0.0,0.0,0.0,0.0,0.0
2020-09-24 16:00:00,0.0,0.0,0.0,0.0,0.0,0.0,0.0
2020-09-24 20:00:00,0.0,0.0,0.0,0.0,0.0,0.0,0.0
2020-09-25 00:00:00,0.0,0.0,0.0,0.0,0.0,0.0,0.0
2020-09-25 04:00:00,0.0,0.0,0.0,0.0,0.0,0.0,0.0
2020-09-25 08:00:00,0.0,0.0,0.0,0.0,0.0,0.0,0.0
2020-09-25 12:00:00,0.0,0.0,0.0,0.0,0.0,0.0,0.0
2020-09-25 16:00:00,0.0,0.0,0.0,0.0,0.0,0.0,0.0
2020-09-25 20:00:00,0.16145164859482203,0.0,0.0,0.0,0.0,0.0,0.0
2020-09-26 00:00:00,0.16145164859482203,0.0,0.0,0.0,0.0,0.0,0.0
2020-09-26 04:00:00,0.16145164859482203,0.0,0.0,0.0,0.0,0.0,0.0
2020-09-26 08:00:00,0.16145164859482203,0.0,0.0,0.0,0.0,0.0,0.0
2020-09-26 12:00:00,0.16145164859482203,0.0,0.0,0.0,0.0,0.0,0.0
2020-09-26 16:00:00,0.16145164859482203,0.0,0.0,0.0,0.0,0.0,0.0
2020-09-26 20:00:00,0.16145164859482203,0.0,0.0,0.0,0.0,0.0,0.0
2020-09-27 00:00:00,0.16145164859482203,0.0,0.0,0.0,0.0,0.0,0.0
2020-09-27 04:00:00,0.16145164859482203,0.0,0.0,0.0,0.0,0.0,0.0
2020-09-27 08:00:00,0.16145164859482203,0.0,0.0,0.0,0.0,0.0,0.0
2020-09-27 12:00:00,0.16145164859482203,0.0,0.0,0.0,0.0,0.0,0.0
2020-09-27 16:00:00,0.16145164859482203,0.0,0.0,0.0,0.0,0.0,0.0
2020-09-27 20:00:00,0.16145164859482203,0.0,0.0,0.0,0.0,0.0,0.0
2020-09-28 00:00:00,0.16145164859482203,0.0,0.0,0.0,0.0,0.0,0.0
2020-09-28 04:00:00,0.16145164859482203,0.0,0.0,0.0,0.0,0.0,0.0
2020-09-28 08:00:00,0.16145164859482203,0.0,0.0,0.0,0.0,0.0,0.0
2020-09-28 12:00:00,0.16145164859482203,0.0,0.0,0.0,0.0,0.0,0.0
2020-09-28 16:00:00,0.16145164859482203,0.0,0.0,0.0,0.0,0.0,0.0
2020-09-28 20:00:00,0.16145164859482203,0.0,0.0,0.0,0.0,0.0,0.0
2020-09-29 00:00:00,0.16145164859482203,0.0,0.0,0.0,0.0,0.0,0.0
2020-09-29 04:00:00,0.16145164859482203,0.0,0.0,0.0,0.0,0.0,0.0
2020-09-29 08:00:00,0.16145164859482203,0.0,0.2117037856827376,0.0,0.0,0.0,0.0
2020-09-29 12:00:00,0.16145164859482203,0.0,0.2117037856827376,0.0,0.0,0.0,0.0
2020-09-29 16:00:00,0.16145164859482203,0.0,0.2117037856827376,0.0,0.0,0.0,0.0
2020-09-29 20:00:00,0.0,0.0,0.2117037856827376,0.0,0.0,0.0,0.0
2020-09-30 00:00:00,0.0,0.0,0.2117037856827376,0.0,0.0,0.0,0.0
2020-09-30 04:00:00,0.0,0.0,0.2117037856827376,0.0,0.0,0.0,0.0
2020-09-30 08:00:00,0.0,0.0,0.2117037856827376,0.0,0.0,0.0,0.0
2020-09-30 12:00:00,0.0,0.0,0.2117037856827376,0.0,0.0,0.0,0.0
2020-09-30 16:00:00,0.0,0.0,0.2117037856827376,0.0,0.0,0.0,0.0
2020-09-30 20:00:00,0.0,0.0,0.2117037856827376,0.0,0.0,0.0,0.0
2020-10-01 00:00:00,0.0,0.0,0.2117037856827376,0.0,0.0,0.0,0.0
2020-10-01 04:00:00,0.0,0.0,0.2117037856827376,0.0,0.0,0.0,0.0
2020-10-01 08:00:00,0.0,0.0,0.2117037856827376,0.0,0.0,0.0,0.0
2020-10-01 12:00:00,0.0,0.0,0.2117037856827376,0.0,0.0,0.0,0.0
2020-10-01 16:00:00,0.0,0.0,0.0,0.0,0.0,0.0,0.0
2020-10-01 20:00:00,0.0,0.0,0.0,0.0,0.0,0.0,0.0
2020-10-02 00:00:00,0.0,0.0,0.0,0.0,0.0,0.0,0.0
2020-10-02 04:00:00,0.0,0.0,0.0,0.0,0.0,0.0,0.0
2020-10-02 08:00:00,0.0,0.0,0.0,0.0,0.0,0.0,0.0
2020-10-02 12:00:00,0.0,0.0,0.0,0.0,0.0,0.0,0.0
2020-10-02 16:00:00,0.0,0.0,0.0,0.0,0.0,0.0,0.0
2020-10-02 20:00:00,0.0,0.0,0.0,0.0,0.0,0.0,0.0
2020-10-03 00:00:00,0.0,0.0,0.0,0.0,0.0,0.0,0.0
2020-10-03 04:00:00,0.0,0.0,0.0,0.0,0.0,0.0,0.0
2020-10-03 08:00:00,0.0,0.0,0.0,0.0,0.0,0.0,0.0
2020-10-03 12:00:00,0.0,0.0,0.0,0.0,0.0,0.0,0.0
2020-10-03 16:00:00,0.0,0.0,0.0,0.0,0.0,0.0,0.0
2020-10-03 20:00:00,0.0,0.0,0.0,0.0,0.0,0.0,0.0
2020-10-04 00:00:00,0.0,0.0,0.0,0.0,0.0,0.0,0.0
2020-10-04 04:00:00,0.0,0.0,0.0,0.0,0.0,0.0,0.0
2020-10-04 08:00:00,0.0,0.0,0.0,0.0,0.0,0.0,0.0
2020-10-04 12:00:00,0.0,0.0,0.0,0.0,0.0,0.0,0.0
2020-10-04 16:00:00,0.0,0.0,0.0,0.0,0.0,0.0,0.0
2020-10-04 20:00:00,0.0,0.0,0.0,0.0,0.0,0.0,0.0
2020-10-05 00:00:00,0.0,0.0,0.0,0.0,0.0,0.0,0.0
2020-10-05 04:00:00,0.0,0.0,0.0,0.0,0.0,0.0,0.0
2020-10-05 08:00:00,0.0,0.0,0.0,0.0,0.0,0.0,0.0
2020-10-05 12:00:00,0.0,0.0,0.0,0.0,0.0,0.0,0.0
2020-10-05 16:00:00,0.0,0.0,0.0,0.0,0.0,0.0,0.0
2020-10-05 20:00:00,0.0,0.0,0.0,0.0,0.0,0.0,0.0
2020-10-06 00:00:00,0.0,0.0,0.0,0.0,0.0,0.0,0.0
2020-10-06 04:00:00,0.0,0.0,0.0,0.0,0.0,0.0,0.3126475343573156
2020-10-06 08:00:00,0.0,0.0,0.0,0.0,0.0,0.0,0.3126475343573156
2020-10-06 12:00:00,0.0,0.0,0.0,0.0,0.0,0.0,0.0
2020-10-06 16:00:00,0.0,0.0,0.0,0.0,0.0,0.0,0.0
2020-10-06 20:00:00,0.0,0.0,0.0,0.0,0.0,0.0,0.0
2020-10-07 00:00:00,0.0,0.0,0.0,0.0,0.0,0.0,0.0
2020-10-07 04:00:00,0.0,0.0,0.0,0.0,0.0,0.0,0.0
2020-10-07 08:00:00,0.0,0.0,0.0,0.0,0.0,0.0,0.0
2020-10-07 12:00:00,0.0,0.0,0.0,0.0,0.0,0.0,0.0
2020-10-07 16:00:00,0.0,0.0,0.0,0.0,0.0,0.0,0.0
2020-10-07 20:00:00,0.0,0.0,0.0,0.0,0.0,0.0,0.0
2020-10-08 00:00:00,0.0,0.0,0.0,0.0,0.0,0.0,0.0
2020-10-08 04:00:00,0.0,0.0,0.0,0.0,0.0,0.0,0.0
2020-10-08 08:00:00,0.0,0.0,0.0,0.0,0.0,0.0,0.0
2020-10-08 12:00:00,0.0,0.0,0.0,0.0,0.0,0.0,0.0
2020-10-08 16:00:00,0.0,0.0,0.0,0.0,0.0,0.0,0.0
2020-10-08 20:00:00,0.0,0.0,0.0,0.0,0.0,0.0,0.0
2020-10-09 00:00:00,0.0,0.0,0.0,0.0,0.0,0.0,0.0
2020-10-09 04:00:00,0.0,0.0,0.0,0.0,0.0,0.0,0.0
2020-10-09 08:00:00,0.0,0.0,0.0,0.0,0.0,0.0,0.0
2020-10-09 12:00:00,0.0,0.0,0.0,0.5767066547444637,0.0,0.0,0.0
2020-10-09 16:00:00,0.0,0.0,0.0,0.5767066547444637,0.0,0.0,0.0
2020-10-09 20:00:00,0.0,0.0,0.0,0.5767066547444637,0.0,0.0,0.0
2020-10-10 00:00:00,0.0,0.0,0.0,0.5767066547444637,0.0,0.0,0.0
2020-10-10 04:00:00,0.20790634323517984,0.0,0.0,0.0,0.30632530120481954,0.0,0.0
2020-10-10 08:00:00,0.20790634323517984,0.0,0.0,0.0,0.30632530120481954,0.0,0.0
2020-10-10 12:00:00,0.20790634323517984,0.0,0.0,0.0,0.30632530120481954,0.0,0.0
2020-10-10 16:00:00,0.20790634323517984,0.0,0.0,0.0,0.30632530120481954,0.0,0.0
2020-10-10 20:00:00,0.20790634323517984,0.0,0.0,0.0,0.30632530120481954,0.0,0.0
2020-10-11 00:00:00,0.20790634323517984,0.0,0.0,0.0,0.30632530120481954,0.0,0.0
2020-10-11 04:00:00,0.20790634323517984,0.0,0.0,0.0,0.30632530120481954,0.0,0.0
2020-10-11 08:00:00,0.20790634323517984,0.0,0.0,0.0,0.30632530120481954,0.0,0.0
2020-10-11 12:00:00,0.20790634323517984,0.0,0.0,0.0,0.30632530120481954,0.0,0.0
2020-10-11 16:00:00,0.20790634323517984,0.0,0.0,0.0,0.30632530120481954,0.0,0.0
2020-10-11 20:00:00,0.20790634323517984,0.0,0.0,0.0,0.30632530120481954,0.0,0.0
2020-10-12 00:00:00,0.20790634323517984,0.0,0.0,0.0,0.30632530120481954,0.0,0.0
2020-10-12 04:00:00,0.20790634323517984,0.0,0.0,0.0,0.30632530120481954,0.0,0.0
2020-10-12 08:00:00,0.20790634323517984,0.0,0.27894251575877343,0.0,0.30632530120481954,0.0,0.0
2020-10-12 12:00:00,0.0,0.0,0.27894251575877343,0.0,0.30632530120481954,0.0,0.0
2020-10-12 16:00:00,0.0,0.13414486434108533,0.27894251575877343,0.4332360531764835,0.0,0.0,0.0
2020-10-12 20:00:00,0.0,0.1158767294759451,0.24095552667400333,0.3742370397834298,0.26893070406662173,0.0,0.0
2020-10-13 00:00:00,0.0,0.1158767294759451,0.24095552667400333,0.3742370397834298,0.26893070406662173,0.0,0.0
2020-10-13 04:00:00,0.0,0.1158767294759451,0.24095552667400333,0.3742370397834298,0.26893070406662173,0.0,0.0
2020-10-13 08:00:00,0.0,0.1158767294759451,0.24095552667400333,0.3742370397834298,0.26893070406662173,0.0,0.0
2020-10-13 12:00:00,0.0,0.1158767294759451,0.24095552667400333,0.3742370397834298,0.26893070406662173,0.0,0.0
2020-10-13 16:00:00,0.0,0.13414486434108533,0.27894251575877343,0.4332360531764835,0.0,0.0,0.0
2020-10-13 20:00:00,0.0,0.13414486434108533,0.27894251575877343,0.4332360531764835,0.0,0.0,0.0
2020-10-14 00:00:00,0.0,0.13414486434108533,0.27894251575877343,0.4332360531764835,0.0,0.0,0.0
2020-10-14 04:00:00,0.0,0.13414486434108533,0.27894251575877343,0.4332360531764835,0.0,0.0,0.0
2020-10-14 08:00:00,0.0,0.13414486434108533,0.27894251575877343,0.4332360531764835,0.0,0.0,0.0
2020-10-14 12:00:00,0.0,0.0,0.27894251575877343,0.4332360531764835,0.0,0.0,0.0
2020-10-14 16:00:00,0.0,0.0,0.27894251575877343,0.0,0.0,0.0,0.0
2020-10-14 20:00:00,0.0,0.0,0.27894251575877343,0.0,0.0,0.0,0.0
2020-10-15 00:00:00,0.0,0.0,0.27894251575877343,0.0,0.0,0.0,0.0
2020-10-15 04:00:00,0.0,0.0,0.27894251575877343,0.0,0.0,0.0,0.0
2020-10-15 08:00:00,0.0,0.0,0.27894251575877343,0.0,0.0,0.0,0.0
2020-10-15 12:00:00,0.0,0.0,0.27894251575877343,0.0,0.0,0.0,0.0
2020-10-15 16:00:00,0.0,0.0,0.27894251575877343,0.0,0.0,0.0,0.0
2020-10-15 20:00:00,0.0,0.0,0.27894251575877343,0.0,0.0,0.0,0.0
2020-10-16 00:00:00,0.0,0.0,0.27894251575877343,0.0,0.0,0.0,0.0
2020-10-16 04:00:00,0.0,0.0,0.27894251575877343,0.0,0.0,0.0,0.0
2020-10-16 08:00:00,0.0,0.0,0.0,0.0,0.0,0.0,0.0
2020-10-16 12:00:00,0.0,0.0,0.0,0.0,0.0,0.0,0.0
2020-10-16 16:00:00,0.0,0.0,0.0,0.0,0.0,0.0,0.0
2020-10-16 20:00:00,0.0,0.0,0.0,0.0,0.0,0.0,0.0
2020-10-17 00:00:00,0.0,0.0,0.0,0.0,0.0,0.0,0.0
2020-10-17 04:00:00,0.0,0.0,0.0,0.0,0.0,0.0,0.0
2020-10-17 08:00:00,0.0,0.0,0.0,0.0,0.0,0.0,0.0
2020-10-17 12:00:00,0.0,0.0,0.0,0.0,0.0,0.0,0.0
2020-10-17 16:00:00,0.0,0.0,0.0,0.0,0.0,0.0,0.0
2020-10-17 20:00:00,0.0,0.0,0.0,0.0,0.0,0.0,0.0
2020-10-18 00:00:00,0.0,0.0,0.0,0.0,0.0,0.0,0.0
2020-10-18 04:00:00,0.0,0.0,0.0,0.0,0.0,0.0,0.0
2020-10-18 08:00:00,0.0,0.0,0.0,0.0,0.0,0.0,0.0
2020-10-18 12:00:00,0.0,0.0,0.0,0.0,0.0,0.0,0.0
2020-10-18 16:00:00,0.0,0.0,0.0,0.0,0.0,0.0,0.0
2020-10-18 20:00:00,0.0,0.0,0.0,0.0,0.0,0.0,0.0
2020-10-19 00:00:00,0.0,0.0,0.0,0.0,0.0,0.0,0.0
2020-10-19 04:00:00,0.0,0.0,0.0,0.0,0.0,0.0,0.0
2020-10-19 08:00:00,0.0,0.0,0.0,0.0,0.0,0.0,0.0
2020-10-19 12:00:00,0.0,0.0,0.0,0.0,0.0,0.0,0.0
2020-10-19 16:00:00,0.0,0.0,0.0,0.5335342878673714,0.0,0.0,0.0
2020-10-19 20:00:00,0.0,0.0,0.0,0.5335342878673714,0.0,0.0,0.0
2020-10-20 00:00:00,0.0,0.0,0.0,0.5335342878673714,0.0,0.0,0.0
2020-10-20 04:00:00,0.0,0.0,0.0,0.5335342878673714,0.0,0.0,0.0
2020-10-20 08:00:00,0.0,0.0,0.0,0.5335342878673714,0.0,0.0,0.0
2020-10-20 12:00:00,0.0,0.0,0.0,0.5335342878673714,0.0,0.0,0.0
2020-10-20 16:00:00,0.0,0.0,0.0,0.5335342878673714,0.0,0.0,0.0
2020-10-20 20:00:00,0.0,0.0,0.0,0.5335342878673714,0.0,0.0,0.0
2020-10-21 00:00:00,0.0,0.0,0.0,0.5335342878673714,0.0,0.0,0.0
2020-10-21 04:00:00,0.0,0.0,0.0,0.0,0.0,0.0,0.0
2020-10-21 08:00:00,0.0,0.0,0.0,0.0,0.0,0.0,0.0
2020-10-21 12:00:00,0.0,0.0,0.0,0.49223962711900476,0.0,0.0,0.0
2020-10-21 16:00:00,0.0,0.0,0.0,0.0,0.0,0.0,0.0
2020-10-21 20:00:00,0.0,0.0,0.0,0.0,0.0,0.0,0.0
2020-10-22 00:00:00,0.0,0.0,0.0,0.0,0.0,0.0,0.0
2020-10-22 04:00:00,0.0,0.0,0.0,0.0,0.0,0.0,0.0
2020-10-22 08:00:00,0.0,0.0,0.0,0.0,0.0,0.0,0.0
2020-10-22 12:00:00,0.0,0.0,0.0,0.0,0.316425415206461,0.0,0.36412851703965177
2020-10-22 16:00:00,0.0,0.0,0.0,0.0,0.316425415206461,0.0,0.36412851703965177
2020-10-22 20:00:00,0.0,0.0,0.0,0.0,0.316425415206461,0.0,0.36412851703965177
2020-10-23 00:00:00,0.0,0.0,0.0,0.0,0.316425415206461,0.0,0.0
2020-10-23 04:00:00,0.0,0.0,0.0,0.0,0.316425415206461,0.0,0.0
2020-10-23 08:00:00,0.0,0.0,0.0,0.0,0.316425415206461,0.0,0.0
2020-10-23 12:00:00,0.0,0.0,0.0,0.0,0.316425415206461,0.0,0.0
2020-10-23 16:00:00,0.0,0.0,0.0,0.0,0.316425415206461,0.0,0.0
2020-10-23 20:00:00,0.0,0.0,0.0,0.0,0.0,0.0,0.0
2020-10-24 00:00:00,0.0,0.0,0.0,0.0,0.0,0.0,0.0
2020-10-24 04:00:00,0.0,0.0,0.0,0.0,0.0,0.0,0.0
2020-10-24 08:00:00,0.0,0.0,0.0,0.0,0.0,0.0,0.0
2020-10-24 12:00:00,0.0,0.0,0.0,0.0,0.0,0.0,0.0
2020-10-24 16:00:00,0.0,0.0,0.0,0.0,0.0,0.0,0.0
2020-10-24 20:00:00,0.0,0.0,0.0,0.0,0.0,0.0,0.0
2020-10-25 00:00:00,0.0,0.0,0.0,0.0,0.0,0.0,0.0
2020-10-25 04:00:00,0.0,0.0,0.0,0.30915309885551395,0.0,0.0,0.0
2020-10-25 08:00:00,0.0,0.0,0.0,0.30915309885551395,0.0,0.0,0.0
2020-10-25 12:00:00,0.0,0.0,0.0,0.30915309885551395,0.0,0.0,0.0
2020-10-25 16:00:00,0.0,0.0,0.0,0.30915309885551395,0.0,0.0,0.0
2020-10-25 20:00:00,0.0,0.0,0.0,0.30915309885551395,0.0,0.0,0.0
2020-10-26 00:00:00,0.0,0.0,0.0,0.30915309885551395,0.0,0.0,0.0
2020-10-26 04:00:00,0.0,0.0,0.0,0.30915309885551395,0.0,0.0,0.0
2020-10-26 08:00:00,0.0,0.0,0.0,0.30915309885551395,0.0,0.0,0.0
2020-10-26 12:00:00,0.0,0.0,0.0,0.30915309885551395,0.0,0.0,0.0
2020-10-26 16:00:00,0.0,0.0,0.0,0.30915309885551395,0.0,0.0,0.0
2020-10-26 20:00:00,0.0,0.0,0.0,0.0,0.0,0.0,0.0
2020-10-27 00:00:00,0.0,0.0,0.0,0.0,0.0,0.0,0.0
2020-10-27 04:00:00,0.0,0.0,0.0,0.0,0.0,0.0,0.0
2020-10-27 08:00:00,0.0,0.0,0.0,0.0,0.0,0.0,0.0
2020-10-27 12:00:00,0.0,0.0,0.0,0.3711634376040602,0.0,0.0,0.0
2020-10-27 16:00:00,0.0,0.0,0.33305273222340054,0.3711634376040602,0.0,0.0,0.0
2020-10-27 20:00:00,0.0,0.0,0.33305273222340054,0.3711634376040602,0.0,0.0,0.0
2020-10-28 00:00:00,0.0,0.0,0.33305273222340054,0.3711634376040602,0.0,0.0,0.0
2020-10-28 04:00:00,0.0,0.0,0.33305273222340054,0.3711634376040602,0.0,0.0,0.0
2020-10-28 08:00:00,0.0,0.0,0.0,0.3711634376040602,0.0,0.0,0.0
2020-10-28 12:00:00,0.0,0.0,0.0,0.0,0.0,0.0,0.0
2020-10-28 16:00:00,0.0,0.0,0.0,0.0,0.0,0.0,0.0
2020-10-28 20:00:00,0.0,0.0,0.0,0.0,0.0,0.0,0.0
2020-10-29 00:00:00,0.0,0.0,0.0,0.0,0.0,0.0,0.0
2020-10-29 04:00:00,0.0,0.0,0.0,0.0,0.0,0.0,0.0
2020-10-29 08:00:00,0.0,0.0,0.0,0.0,0.0,0.0,0.0
2020-10-29 12:00:00,0.0,0.0,0.0,0.0,0.0,0.0,0.0
2020-10-29 16:00:00,0.0,0.0,0.0,0.0,0.0,0.0,0.0
2020-10-29 20:00:00,0.0,0.0,0.0,0.0,0.0,0.0,0.0
2020-10-30 00:00:00,0.0,0.0,0.0,0.0,0.0,0.0,0.0
2020-10-30 04:00:00,0.0,0.0,0.0,0.0,0.0,0.0,0.0
2020-10-30 08:00:00,0.0,0.0,0.0,0.0,0.0,0.0,0.0
2020-10-30 12:00:00,0.0,0.0,0.0,0.0,0.0,0.0,0.0
2020-10-30 16:00:00,0.0,0.0,0.0,0.0,0.0,0.0,0.0
2020-10-30 20:00:00,0.0,0.0,0.0,0.0,0.0,0.0,0.0
2020-10-31 00:00:00,0.0,0.0,0.0,0.0,0.0,0.0,0.0
2020-10-31 04:00:00,0.0,0.0,0.0,0.0,0.0,0.0,0.0
2020-10-31 08:00:00,0.0,0.0,0.0,0.0,0.0,0.0,0.0
2020-10-31 12:00:00,0.0,0.0,0.0,0.2553038738791539,0.0,0.0,0.0
2020-10-31 16:00:00,0.0,0.0,0.0,0.2553038738791539,0.0,0.0,0.0
2020-10-31 20:00:00,0.0,0.0,0.0,0.2553038738791539,0.0,0.0,0.0
2020-11-01 00:00:00,0.0,0.0,0.0,0.2553038738791539,0.0,0.0,0.0
2020-11-01 04:00:00,0.0,0.0,0.0,0.2553038738791539,0.0,0.0,0.0
2020-11-01 08:00:00,0.0,0.0,0.0,0.2553038738791539,0.0,0.0,0.0
2020-11-01 12:00:00,0.0,0.0,0.0,0.2553038738791539,0.0,0.0,0.0
2020-11-01 16:00:00,0.0,0.0,0.0,0.2553038738791539,0.0,0.0,0.0
2020-11-01 20:00:00,0.0,0.0,0.0,0.2553038738791539,0.0,0.0,0.0
2020-11-02 00:00:00,0.0,0.0,0.0,0.2553038738791539,0.0,0.0,0.0
2020-11-02 04:00:00,0.0,0.0,0.0,0.2553038738791539,0.0,0.0,0.0
2020-11-02 08:00:00,0.0,0.0,0.0,0.2553038738791539,0.0,0.0,0.0
2020-11-02 12:00:00,0.0,0.0,0.0,0.0,0.0,0.0,0.0
2020-11-02 16:00:00,0.0,0.0,0.0,0.0,0.0,0.0,0.0
2020-11-02 20:00:00,0.0,0.0,0.0,0.0,0.0,0.0,0.0
2020-11-03 00:00:00,0.0,0.0,0.0,0.0,0.0,0.0,0.0
2020-11-03 04:00:00,0.0,0.0,0.0,0.0,0.0,0.0,0.0
2020-11-03 08:00:00,0.0,0.0,0.0,0.0,0.0,0.0,0.0
2020-11-03 12:00:00,0.0,0.0,0.0,0.0,0.0,0.0,0.0
2020-11-03 16:00:00,0.0,0.0,0.0,0.0,0.0,0.0,0.0
2020-11-03 20:00:00,0.0,0.0,0.0,0.0,0.0,0.0,0.0
2020-11-04 00:00:00,0.0,0.0,0.0,0.0,0.0,0.0,0.0
2020-11-04 04:00:00,0.0,0.0,0.0,0.0,0.0,0.0,0.0
2020-11-04 08:00:00,0.0,0.0,0.0,0.0,0.0,0.0,0.0
2020-11-04 12:00:00,0.0,0.0,0.0,0.0,0.0,0.0,0.0
2020-11-04 16:00:00,0.0,0.0,0.0,0.0,0.0,0.0,0.0
2020-11-04 20:00:00,0.0,0.0,0.0,0.29085500417306626,0.0,0.0,0.0
2020-11-05 00:00:00,0.0,0.0,0.0,0.29085500417306626,0.0,0.0,0.0
2020-11-05 04:00:00,0.0,0.0,0.0,0.29085500417306626,0.0,0.0,0.0
2020-11-05 08:00:00,0.0,0.0,0.0,0.29085500417306626,0.0,0.0,0.0
2020-11-05 12:00:00,0.0,0.0,0.0,0.29085500417306626,0.0,0.0,0.0
2020-11-05 16:00:00,0.0,0.0,0.0,0.29085500417306626,0.259967361285463,0.0,0.0
2020-11-05 20:00:00,0.0,0.0,0.0,0.0,0.259967361285463,0.0,0.0
2020-11-06 00:00:00,0.0,0.0,0.0,0.2655980292276716,0.259967361285463,0.0,0.0
2020-11-06 04:00:00,0.0,0.0,0.0,0.2655980292276716,0.259967361285463,0.0,0.0
2020-11-06 08:00:00,0.0,0.0,0.0,0.2655980292276716,0.259967361285463,0.0,0.0
2020-11-06 12:00:00,0.19077181208053667,0.0,0.0,0.2655980292276716,0.259967361285463,0.0,0.26649756632618105
2020-11-06 16:00:00,0.19077181208053667,0.0,0.0,0.2655980292276716,0.259967361285463,0.0,0.26649756632618105
2020-11-06 20:00:00,0.19077181208053667,0.0,0.0,0.2655980292276716,0.259967361285463,0.0,0.26649756632618105
2020-11-07 00:00:00,0.1727952322883352,0.0,0.0,0.2405705153984951,0.23547042978101576,0.10977853413237662,0.24138528839977735
2020-11-07 04:00:00,0.19077181208053667,0.0,0.0,0.2655980292276716,0.259967361285463,0.0,0.26649756632618105
2020-11-07 08:00:00,0.19077181208053667,0.0,0.0,0.2655980292276716,0.259967361285463,0.0,0.26649756632618105
2020-11-07 12:00:00,0.17367541437170353,0.0,0.0,0.24179593032827226,0.2366698659616995,0.10524393572876409,0.24261485360956075
2020-11-07 16:00:00,0.0,0.0,0.0,0.2655980292276716,0.0,0.0,0.0
2020-11-07 20:00:00,0.0,0.0,0.0,0.0,0.0,0.0,0.0
2020-11-08 00:00:00,0.0,0.0,0.0,0.0,0.0,0.0,0.0
2020-11-08 04:00:00,0.0,0.0,0.0,0.0,0.0,0.0,0.0
2020-11-08 08:00:00,0.0,0.0,0.0,0.0,0.0,0.0,0.0
2020-11-08 12:00:00,0.0,0.0,0.0,0.0,0.0,0.0,0.0
2020-11-08 16:00:00,0.0,0.0,0.0,0.0,0.0,0.0,0.0
2020-11-08 20:00:00,0.0,0.0,0.0,0.0,0.0,0.0,0.0
2020-11-09 00:00:00,0.0,0.0,0.0,0.0,0.0,0.0,0.0
2020-11-09 04:00:00,0.0,0.0,0.0,0.0,0.0,0.0,0.0
2020-11-09 08:00:00,0.0,0.0,0.0,0.0,0.0,0.0,0.0
2020-11-09 12:00:00,0.0,0.0,0.0,0.0,0.0,0.0,0.0
2020-11-09 16:00:00,0.0,0.0,0.0,0.0,0.0,0.0,0.0
2020-11-09 20:00:00,0.0,0.0,0.0,0.0,0.0,0.0,0.0
2020-11-10 00:00:00,0.0,0.0,0.0,0.0,0.0,0.0,0.0
2020-11-10 04:00:00,0.0,0.0,0.0,0.0,0.0,0.0,0.0
2020-11-10 08:00:00,0.0,0.0,0.0,0.0,0.0,0.0,0.0
2020-11-10 12:00:00,0.0,0.0,0.0,0.0,0.0,0.0,0.0
2020-11-10 16:00:00,0.0,0.0,0.0,0.0,0.0,0.0,0.0
2020-11-10 20:00:00,0.0,0.0,0.0,0.0,0.0,0.0,0.0
2020-11-11 00:00:00,0.0,0.0,0.0,0.0,0.0,0.0,0.0
2020-11-11 04:00:00,0.0,0.0,0.0,0.0,0.0,0.0,0.0
2020-11-11 08:00:00,0.0,0.0,0.0,0.0,0.0,0.0,0.0
2020-11-11 12:00:00,0.0,0.0,0.0,0.0,0.0,0.0,0.0
2020-11-11 16:00:00,0.0,0.0,0.0,0.0,0.0,0.0,0.0
2020-11-11 20:00:00,0.0,0.0,0.0,0.0,0.18485518112224775,0.0,0.0
2020-11-12 00:00:00,0.0,0.0,0.0,0.0,0.18485518112224775,0.0,0.0
2020-11-12 04:00:00,0.0,0.0,0.0,0.0,0.18485518112224775,0.0,0.0
2020-11-12 08:00:00,0.0,0.0,0.0,0.0,0.18485518112224775,0.0,0.0
2020-11-12 12:00:00,0.0,0.0,0.0,0.0,0.18485518112224775,0.0,0.0
2020-11-12 16:00:00,0.0,0.0,0.0,0.0,0.18485518112224775,0.0,0.0
2020-11-12 20:00:00,0.0,0.0,0.0,0.0,0.18485518112224775,0.0,0.0
2020-11-13 00:00:00,0.0,0.0,0.0,0.24231915644682775,0.18485518112224775,0.0,0.0
2020-11-13 04:00:00,0.0,0.0,0.0,0.24231915644682775,0.18485518112224775,0.0,0.0
2020-11-13 08:00:00,0.0,0.0,0.0,0.24231915644682775,0.18485518112224775,0.0,0.0
2020-11-13 12:00:00,0.0,0.0,0.0,0.24231915644682775,0.18485518112224775,0.0,0.0
2020-11-13 16:00:00,0.0,0.0,0.0,0.24231915644682775,0.18485518112224775,0.0,0.0
2020-11-13 20:00:00,0.0,0.0,0.0,0.24231915644682775,0.18485518112224775,0.0,0.0
2020-11-14 00:00:00,0.0,0.0,0.0,0.24231915644682775,0.18485518112224775,0.0,0.0
2020-11-14 04:00:00,0.0,0.0,0.0,0.24231915644682775,0.18485518112224775,0.0,0.2536753823384319
2020-11-14 08:00:00,0.0,0.0,0.0,0.24231915644682775,0.18485518112224775,0.0,0.2536753823384319
2020-11-14 12:00:00,0.0,0.0,0.0,0.0,0.0,0.0,0.0
2020-11-14 16:00:00,0.0,0.0,0.0,0.0,0.0,0.0,0.0
2020-11-14 20:00:00,0.0,0.0,0.0,0.0,0.0,0.0,0.0
2020-11-15 00:00:00,0.0,0.0,0.0,0.0,0.0,0.0,0.0
2020-11-15 04:00:00,0.0,0.0,0.0,0.0,0.0,0.0,0.0
2020-11-15 08:00:00,0.0,0.0,0.0,0.0,0.0,0.0,0.0
2020-11-15 12:00:00,0.0,0.0,0.0,0.0,0.0,0.0,0.0
2020-11-15 16:00:00,0.0,0.0,0.0,0.0,0.0,0.0,0.0
2020-11-15 20:00:00,0.0,0.0,0.0,0.0,0.0,0.0,0.0
2020-11-16 00:00:00,0.0,0.0,0.0,0.0,0.0,0.0,0.0
2020-11-16 04:00:00,0.0,0.0,0.0,0.0,0.0,0.0,0.0
2020-11-16 08:00:00,0.0,0.0,0.0,0.0,0.0,0.0,0.0
2020-11-16 12:00:00,0.0,0.0,0.0,0.0,0.0,0.0,0.0
2020-11-16 16:00:00,0.0,0.0,0.0,0.0,0.0,0.0,0.24601255521971643
2020-11-16 20:00:00,0.0,0.0,0.0,0.2994006281003532,0.0,0.0,0.24601255521971643
2020-11-17 00:00:00,0.0,0.0,0.0,0.2994006281003532,0.0,0.0,0.24601255521971643
2020-11-17 04:00:00,0.0,0.0,0.0,0.2994006281003532,0.0,0.0,0.24601255521971643
2020-11-17 08:00:00,0.0,0.0,0.0,0.2994006281003532,0.0,0.0,0.24601255521971643
2020-11-17 12:00:00,0.0,0.0,0.0,0.2994006281003532,0.0,0.0,0.24601255521971643
2020-11-17 16:00:00,0.0,0.0,0.0,0.2994006281003532,0.0,0.0,0.24601255521971643
2020-11-17 20:00:00,0.0,0.0,0.0,0.2994006281003532,0.28799045915325017,0.0,0.24601255521971643
2020-11-18 00:00:00,0.0,0.0,0.0,0.2994006281003532,0.28799045915325017,0.0,0.24601255521971643
2020-11-18 04:00:00,0.0,0.0,0.0,0.2994006281003532,0.28799045915325017,0.0,0.24601255521971643
2020-11-18 08:00:00,0.0,0.0,0.0,0.0,0.0,0.0,0.0
2020-11-18 12:00:00,0.0,0.0,0.0,0.0,0.0,0.0,0.0
2020-11-18 16:00:00,0.0,0.0,0.0,0.0,0.0,0.0,0.0
2020-11-18 20:00:00,0.0,0.0,0.0,0.0,0.0,0.0,0.0
2020-11-19 00:00:00,0.0,0.0,0.0,0.0,0.0,0.0,0.0
2020-11-19 04:00:00,0.0,0.0,0.0,0.0,0.0,0.0,0.0
2020-11-19 08:00:00,0.0,0.0,0.0,0.0,0.0,0.0,0.0
2020-11-19 12:00:00,0.0,0.0,0.0,0.0,0.0,0.0,0.0
2020-11-19 16:00:00,0.0,0.0,0.0,0.0,0.0,0.0,0.0
2020-11-19 20:00:00,0.0,0.0,0.0,0.0,0.0,0.0,0.0
2020-11-20 00:00:00,0.0,0.0,0.0,0.0,0.0,0.0,0.0
2020-11-20 04:00:00,0.0,0.0,0.0,0.0,0.0,0.0,0.0
2020-11-20 08:00:00,0.0,0.0,0.0,0.0,0.0,0.0,0.0
2020-11-20 12:00:00,0.0,0.0,0.309345714224443,0.0,0.24526167589086303,0.0,0.0
2020-11-20 16:00:00,0.0,0.0,0.309345714224443,0.22728913765506853,0.24526167589086303,0.0,0.18568550776158307
2020-11-20 20:00:00,0.0,0.0,0.309345714224443,0.22728913765506853,0.24526167589086303,0.0,0.18568550776158307
2020-11-21 00:00:00,0.1753735258097883,0.0,0.2636413826001939,0.19370826795392934,0.2090254506768226,0.0,0.15825137295926583
2020-11-21 04:00:00,0.1753735258097883,0.0,0.2636413826001939,0.19370826795392934,0.2090254506768226,0.0,0.15825137295926583
2020-11-21 08:00:00,0.0,0.0,0.309345714224443,0.22728913765506853,0.24526167589086303,0.0,0.0
2020-11-21 12:00:00,0.0,0.0,0.309345714224443,0.22728913765506853,0.24526167589086303,0.0,0.17713219953214884
2020-11-21 16:00:00,0.18787471176018458,0.1440016936394428,0.0,0.22728913765506853,0.0,0.1273710335046978,0.0
2020-11-21 20:00:00,0.18787471176018458,0.1440016936394428,0.0,0.22728913765506853,0.23002406568516465,0.1273710335046978,0.0
2020-11-22 00:00:00,0.1761189725140065,0.13499118687366704,0.0,0.2130671499765335,0.2156309474671459,0.11940114419192674,0.14079059897672033
2020-11-22 04:00:00,0.0,0.0,0.0,0.22728913765506853,0.23002406568516465,0.0,0.0
2020-11-22 08:00:00,0.0,0.0,0.0,0.22728913765506853,0.23002406568516465,0.0,0.0
2020-11-22 12:00:00,0.0,0.0,0.0,0.0,0.0,0.0,0.0
2020-11-22 16:00:00,0.0,0.0,0.0,0.0,0.0,0.0,0.0
2020-11-22 20:00:00,0.1357570653191091,0.0,0.0,0.0,0.18960272643049364,0.0,0.0
2020-11-23 00:00:00,0.1357570653191091,0.0,0.0,0.0,0.18960272643049364,0.0,0.0
2020-11-23 04:00:00,0.1357570653191091,0.0,0.0,0.0,0.18960272643049364,0.0,0.0
2020-11-23 08:00:00,0.1357570653191091,0.1363939863405267,0.0,0.0,0.18960272643049364,0.0,0.0
2020-11-23 12:00:00,0.1357570653191091,0.1363939863405267,0.0,0.0,0.18960272643049364,0.0,0.0
2020-11-23 16:00:00,0.1357570653191091,0.1363939863405267,0.0,0.0,0.18960272643049364,0.0,0.09398248411432926
2020-11-23 20:00:00,0.1357570653191091,0.1363939863405267,0.0,0.0,0.18960272643049364,0.0,0.09398248411432926
2020-11-24 00:00:00,0.1357570653191091,0.1363939863405267,0.0,0.0,0.18960272643049364,0.0,0.0
2020-11-24 04:00:00,0.0,0.1363939863405267,0.21319493436400383,0.0,0.18960272643049364,0.0,0.09408802557167449
2020-11-24 08:00:00,0.0,0.1363939863405267,0.21319493436400383,0.0,0.18960272643049364,0.0,0.09408802557167449
2020-11-24 12:00:00,0.0,0.1363939863405267,0.21319493436400383,0.23964098455855717,0.18960272643049364,0.0,0.0
2020-11-24 16:00:00,0.0,0.0,0.21319493436400383,0.23964098455855717,0.18960272643049364,0.0,0.0
2020-11-24 20:00:00,0.0,0.0,0.21319493436400383,0.23964098455855717,0.18960272643049364,0.0,0.0
2020-11-25 00:00:00,0.0,0.0,0.21319493436400383,0.23964098455855717,0.18960272643049364,0.0,0.0
2020-11-25 04:00:00,0.0,0.0,0.21319493436400383,0.23964098455855717,0.18960272643049364,0.0,0.0
2020-11-25 08:00:00,0.0,0.0,0.21319493436400383,0.23964098455855717,0.18960272643049364,0.0,0.0
2020-11-25 12:00:00,0.0,0.0,0.21319493436400383,0.23964098455855717,0.18960272643049364,0.0,0.0
2020-11-25 16:00:00,0.0,0.0,0.21319493436400383,0.23964098455855717,0.18960272643049364,0.0,0.0
2020-11-25 20:00:00,0.0,0.0,0.21319493436400383,0.23964098455855717,0.18960272643049364,0.0,0.0
2020-11-26 00:00:00,0.0,0.0,0.0,0.0,0.0,0.0,0.0
2020-11-26 04:00:00,0.0,0.0,0.0,0.0,0.0,0.0,0.0
2020-11-26 08:00:00,0.0,0.0,0.0,0.0,0.0,0.0,0.0
2020-11-26 12:00:00,0.0,0.0,0.0,0.0,0.0,0.0,0.0
2020-11-26 16:00:00,0.0,0.0,0.0,0.0,0.0,0.0,0.0
2020-11-26 20:00:00,0.0,0.0,0.0,0.0,0.0,0.0,0.0
2020-11-27 00:00:00,0.0,0.0,0.0,0.0,0.0,0.0,0.0
2020-11-27 04:00:00,0.0,0.0,0.0,0.0,0.0,0.0,0.0
2020-11-27 08:00:00,0.0,0.0,0.0,0.0,0.0,0.0,0.0
2020-11-27 12:00:00,0.0,0.0,0.0,0.0,0.0,0.0,0.0
2020-11-27 16:00:00,0.0,0.0,0.0,0.0,0.0,0.0,0.0
2020-11-27 20:00:00,0.0,0.0,0.0,0.0,0.0,0.0,0.0
2020-11-28 00:00:00,0.0,0.0,0.0,0.0,0.0,0.0,0.0
2020-11-28 04:00:00,0.0,0.0,0.0,0.0,0.0,0.0,0.0
2020-11-28 08:00:00,0.0,0.0,0.0,0.0,0.0,0.0,0.0
2020-11-28 12:00:00,0.0,0.0,0.0,0.0,0.0,0.0,0.0
2020-11-28 16:00:00,0.0,0.0,0.0,0.0,0.0,0.0,0.0
2020-11-28 20:00:00,0.0,0.0,0.0,0.0,0.0,0.0,0.0
2020-11-29 00:00:00,0.0,0.0,0.0,0.0,0.0,0.0,0.0
2020-11-29 04:00:00,0.0,0.0,0.0,0.0,0.0,0.0,0.0
2020-11-29 08:00:00,0.0,0.0,0.0,0.0,0.0,0.0,0.0
2020-11-29 12:00:00,0.0,0.0,0.0,0.0,0.0,0.0,0.0
2020-11-29 16:00:00,0.0,0.0,0.0,0.0,0.0,0.0,0.0
2020-11-29 20:00:00,0.0,0.0,0.0,0.0,0.0,0.0,0.0
2020-11-30 00:00:00,0.0,0.0,0.0,0.0,0.0,0.0,0.0
2020-11-30 04:00:00,0.0,0.0,0.0,0.0,0.0,0.0,0.0
2020-11-30 08:00:00,0.0,0.0,0.0,0.0,0.0,0.0,0.0
2020-11-30 12:00:00,0.0,0.0,0.0,0.0,0.0,0.0,0.0
2020-11-30 16:00:00,0.0,0.0,0.0,0.0,0.0,0.0,0.0
2020-11-30 20:00:00,0.0,0.0,0.0,0.0,0.0,0.0,0.0
2020-12-01 00:00:00,0.0,0.0,0.0,0.0,0.0,0.0,0.0
2020-12-01 04:00:00,0.0,0.0,0.0,0.0,0.0,0.0,0.0
2020-12-01 08:00:00,0.0,0.0,0.0,0.0,0.0,0.0,0.0
2020-12-01 12:00:00,0.0,0.0,0.0,0.0,0.0,0.0,0.0
2020-12-01 16:00:00,0.0,0.0,0.0,0.0,0.0,0.0,0.0
2020-12-01 20:00:00,0.0,0.0,0.0,0.0,0.0,0.0,0.0
2020-12-02 00:00:00,0.0,0.0,0.0,0.0,0.0,0.0,0.0
2020-12-02 04:00:00,0.0,0.0,0.0,0.0,0.0,0.0,0.0
2020-12-02 08:00:00,0.0,0.0,0.0,0.0,0.0,0.0,0.0
2020-12-02 12:00:00,0.0,0.0,0.0,0.0,0.0,0.0,0.0
2020-12-02 16:00:00,0.0,0.0,0.0,0.0,0.0,0.0,0.0
2020-12-02 20:00:00,0.0,0.0,0.0,0.0,0.0,0.0,0.0
2020-12-03 00:00:00,0.0,0.0,0.0,0.0,0.0,0.0,0.0
2020-12-03 04:00:00,0.0,0.0,0.0,0.0,0.0,0.0,0.0
2020-12-03 08:00:00,0.0,0.0,0.0,0.0,0.0,0.0,0.0
2020-12-03 12:00:00,0.0,0.0,0.0,0.0,0.0,0.0,0.0
2020-12-03 16:00:00,0.0,0.0,0.0,0.0,0.0,0.0,0.0
2020-12-03 20:00:00,0.0,0.0,0.0,0.0,0.0,0.0,0.0
2020-12-04 00:00:00,0.0,0.0,0.0,0.0,0.0,0.0,0.0
2020-12-04 04:00:00,0.0,0.0,0.0,0.0,0.0,0.0,0.0
2020-12-04 08:00:00,0.0,0.0,0.0,0.0,0.0,0.0,0.0
2020-12-04 12:00:00,0.0,0.0,0.0,0.0,0.0,0.0,0.0
2020-12-04 16:00:00,0.0,0.0,0.0,0.0,0.0,0.0,0.0
2020-12-04 20:00:00,0.0,0.0,0.0,0.0,0.0,0.0,0.0
2020-12-05 00:00:00,0.0,0.0,0.0,0.0,0.0,0.0,0.0
2020-12-05 04:00:00,0.0,0.0,0.0,0.0,0.0,0.0,0.0
2020-12-05 08:00:00,0.0,0.0,0.0,0.0,0.0,0.0,0.0
2020-12-05 12:00:00,0.0,0.0,0.0,0.0,0.0,0.0,0.0
2020-12-05 16:00:00,0.0,0.0,0.0,0.0,0.0,0.0,0.0
2020-12-05 20:00:00,0.0,0.0,0.0,0.0,0.0,0.0,0.0
2020-12-06 00:00:00,0.0,0.0,0.0,0.0,0.0,0.0,0.0
2020-12-06 04:00:00,0.0,0.0,0.0,0.0,0.0,0.0,0.0
2020-12-06 08:00:00,0.0,0.0,0.0,0.0,0.0,0.0,0.0
2020-12-06 12:00:00,0.0,0.0,0.0,0.0,0.0,0.0,0.0
2020-12-06 16:00:00,0.0,0.0,0.0,0.0,0.0,0.0,0.0
2020-12-06 20:00:00,0.0,0.0,0.0,0.0,0.0,0.0,0.0
2020-12-07 00:00:00,0.0,0.0,0.0,0.0,0.0,0.0,0.0
2020-12-07 04:00:00,0.0,0.0,0.0,0.0,0.0,0.0,0.0
2020-12-07 08:00:00,0.0,0.0,0.0,0.0,0.0,0.0,0.0
2020-12-07 12:00:00,0.0,0.0,0.0,0.0,0.0,0.0,0.0
2020-12-07 16:00:00,0.0,0.0,0.0,0.0,0.0,0.0,0.0
2020-12-07 20:00:00,0.0,0.0,0.0,0.0,0.0,0.0,0.0
2020-12-08 00:00:00,0.0,0.0,0.0,0.0,0.0,0.0,0.0
2020-12-08 04:00:00,0.0,0.0,0.0,0.0,0.0,0.0,0.0
2020-12-08 08:00:00,0.0,0.0,0.0,0.0,0.0,0.0,0.0
2020-12-08 12:00:00,0.0,0.0,0.0,0.0,0.0,0.0,0.0
2020-12-08 16:00:00,0.0,0.0,0.0,0.0,0.0,0.0,0.0
2020-12-08 20:00:00,0.0,0.0,0.0,0.0,0.0,0.0,0.0
2020-12-09 00:00:00,0.0,0.0,0.0,0.0,0.0,0.0,0.0
2020-12-09 04:00:00,0.0,0.0,0.0,0.0,0.0,0.0,0.0
2020-12-09 08:00:00,0.0,0.0,0.0,0.0,0.0,0.0,0.0
2020-12-09 12:00:00,0.0,0.0,0.0,0.0,0.0,0.0,0.0
2020-12-09 16:00:00,0.0,0.0,0.0,0.0,0.0,0.0,0.0
2020-12-09 20:00:00,0.0,0.0,0.0,0.0,0.0,0.0,0.0
2020-12-10 00:00:00,0.0,0.0,0.0,0.0,0.0,0.0,0.0
2020-12-10 04:00:00,0.0,0.0,0.0,0.0,0.0,0.0,0.0
2020-12-10 08:00:00,0.0,0.0,0.0,0.0,0.0,0.0,0.0
2020-12-10 12:00:00,0.0,0.0,0.0,0.0,0.0,0.0,0.0
2020-12-10 16:00:00,0.0,0.0,0.0,0.0,0.0,0.0,0.0
2020-12-10 20:00:00,0.0,0.0,0.0,0.0,0.0,0.0,0.0
2020-12-11 00:00:00,0.0,0.0,0.0,0.0,0.0,0.0,0.0
2020-12-11 04:00:00,0.0,0.0,0.0,0.0,0.0,0.0,0.0
2020-12-11 08:00:00,0.0,0.0,0.0,0.0,0.0,0.0,0.0
2020-12-11 12:00:00,0.0,0.0,0.0,0.0,0.0,0.0,0.0
2020-12-11 16:00:00,0.0,0.0,0.0,0.0,0.0,0.0,0.0
2020-12-11 20:00:00,0.0,0.0,0.0,0.0,0.0,0.0,0.0
2020-12-12 00:00:00,0.0,0.0,0.0,0.0,0.0,0.0,0.0
2020-12-12 04:00:00,0.0,0.0,0.0,0.0,0.0,0.0,0.0
2020-12-12 08:00:00,0.0,0.0,0.0,0.0,0.0,0.0,0.0
2020-12-12 12:00:00,0.0,0.0,0.0,0.0,0.0,0.0,0.0
2020-12-12 16:00:00,0.0,0.0,0.0,0.0,0.0,0.0,0.0
2020-12-12 20:00:00,0.0,0.0,0.0,0.0,0.0,0.0,0.0
2020-12-13 00:00:00,0.0,0.0,0.0,0.0,0.0,0.0,0.0
2020-12-13 04:00:00,0.0,0.0,0.0,0.0,0.0,0.0,0.0
2020-12-13 08:00:00,0.0,0.0,0.0,0.0,0.0,0.0,0.0
2020-12-13 12:00:00,0.0,0.0,0.0,0.0,0.0,0.0,0.0
2020-12-13 16:00:00,0.0,0.0,0.0,0.0,0.0,0.0,0.0
2020-12-13 20:00:00,0.0,0.0,0.0,0.0,0.0,0.0,0.0
2020-12-14 00:00:00,0.0,0.0,0.0,0.0,0.0,0.0,0.0
2020-12-14 04:00:00,0.0,0.0,0.0,0.0,0.0,0.0,0.0
2020-12-14 08:00:00,0.0,0.0,0.0,0.0,0.0,0.0,0.0
2020-12-14 12:00:00,0.0,0.0,0.0,0.0,0.0,0.0,0.0
2020-12-14 16:00:00,0.0,0.0,0.0,0.0,0.0,0.0,0.0
2020-12-14 20:00:00,0.0,0.0,0.0,0.0,0.0,0.0,0.0
2020-12-15 00:00:00,0.0,0.0,0.0,0.0,0.0,0.0,0.0
2020-12-15 04:00:00,0.0,0.0,0.0,0.32475909439498535,0.0,0.0,0.0
2020-12-15 08:00:00,0.0,0.0,0.0,0.32475909439498535,0.0,0.0,0.0
2020-12-15 12:00:00,0.0,0.0,0.0,0.32475909439498535,0.0,0.0,0.0
2020-12-15 16:00:00,0.0,0.0,0.0,0.32475909439498535,0.0,0.0,0.0
2020-12-15 20:00:00,0.0,0.0,0.0,0.32475909439498535,0.0,0.0,0.0
2020-12-16 00:00:00,0.0,0.0,0.0,0.32475909439498535,0.0,0.0,0.0
2020-12-16 04:00:00,0.0,0.0,0.0,0.32475909439498535,0.0,0.0,0.0
2020-12-16 08:00:00,0.0,0.0,0.0,0.32475909439498535,0.0,0.0,0.0
2020-12-16 12:00:00,0.0,0.0,0.0,0.32475909439498535,0.0,0.0,0.0
2020-12-16 16:00:00,0.19773726192414098,0.0,0.0,0.0,0.291447368421053,0.0,0.0
2020-12-16 20:00:00,0.19773726192414098,0.0,0.0,0.0,0.291447368421053,0.0,0.0
2020-12-17 00:00:00,0.17053744517839972,0.0,0.29022456262944213,0.2878807662912458,0.2513572259009124,0.0,0.0
2020-12-17 04:00:00,0.17053744517839972,0.0,0.29022456262944213,0.2878807662912458,0.2513572259009124,0.0,0.0
2020-12-17 08:00:00,0.19773726192414098,0.0,0.33651383892518905,0.0,0.291447368421053,0.0,0.0
2020-12-17 12:00:00,0.0,0.0,0.0,0.27111897755943803,0.0,0.0,0.0
2020-12-17 16:00:00,0.0,0.0,0.0,0.27111897755943803,0.0,0.0,0.0
2020-12-17 20:00:00,0.0,0.0,0.0,0.27111897755943803,0.0,0.0,0.0
2020-12-18 00:00:00,0.0,0.0,0.0,0.0,0.0,0.0,0.0
2020-12-18 04:00:00,0.0,0.0,0.0,0.0,0.0,0.0,0.0
2020-12-18 08:00:00,0.0,0.0,0.0,0.0,0.0,0.0,0.0
2020-12-18 12:00:00,0.0,0.0,0.0,0.0,0.0,0.0,0.0
2020-12-18 16:00:00,0.0,0.0,0.0,0.0,0.0,0.0,0.0
2020-12-18 20:00:00,0.0,0.0,0.0,0.0,0.0,0.0,0.0
2020-12-19 00:00:00,0.0,0.0,0.0,0.0,0.0,0.0,0.0
2020-12-19 04:00:00,0.0,0.0,0.2564284715198725,0.0,0.0,0.0,0.0
2020-12-19 08:00:00,0.0,0.0,0.2564284715198725,0.0,0.0,0.0,0.0
2020-12-19 12:00:00,0.0,0.1750466189027382,0.2564284715198725,0.0,0.0,0.0,0.0
2020-12-19 16:00:00,0.0,0.1750466189027382,0.0,0.0,0.0,0.0,0.0
2020-12-19 20:00:00,0.0,0.1750466189027382,0.0,0.0,0.0,0.0,0.0
2020-12-20 00:00:00,0.0,0.1750466189027382,0.0,0.0,0.0,0.0,0.0
2020-12-20 04:00:00,0.0,0.1750466189027382,0.0,0.0,0.0,0.0,0.0
2020-12-20 08:00:00,0.0,0.1750466189027382,0.0,0.0,0.0,0.0,0.0
2020-12-20 12:00:00,0.0,0.1750466189027382,0.22164749007229428,0.0,0.0,0.0,0.0
2020-12-20 16:00:00,0.0,0.0,0.22164749007229428,0.0,0.0,0.0,0.0
2020-12-20 20:00:00,0.0,0.0,0.22164749007229428,0.0,0.0,0.0,0.0
2020-12-21 00:00:00,0.0,0.0,0.0,0.0,0.0,0.0,0.0
2020-12-21 04:00:00,0.0,0.0,0.0,0.0,0.0,0.0,0.0
2020-12-21 08:00:00,0.0,0.0,0.0,0.0,0.0,0.0,0.0
2020-12-21 12:00:00,0.0,0.0,0.0,0.0,0.0,0.0,0.0
2020-12-21 16:00:00,0.0,0.0,0.0,0.0,0.0,0.0,0.0
2020-12-21 20:00:00,0.0,0.0,0.0,0.0,0.0,0.0,0.0
2020-12-22 00:00:00,0.0,0.0,0.0,0.0,0.0,0.0,0.0
2020-12-22 04:00:00,0.0,0.0,0.0,0.0,0.0,0.0,0.0
2020-12-22 08:00:00,0.0,0.0,0.0,0.0,0.0,0.0,0.0
2020-12-22 12:00:00,0.0,0.0,0.0,0.0,0.0,0.0,0.0
2020-12-22 16:00:00,0.0,0.0,0.0,0.0,0.0,0.0,0.0
2020-12-22 20:00:00,0.0,0.0,0.0,0.0,0.0,0.0,0.0
2020-12-23 00:00:00,0.0,0.0,0.0,0.0,0.0,0.0,0.0
2020-12-23 04:00:00,0.0,0.0,0.0,0.0,0.0,0.0,0.0
2020-12-23 08:00:00,0.0,0.0,0.0,0.0,0.0,0.0,0.0
2020-12-23 12:00:00,0.0,0.0,0.0,0.0,0.0,0.0,0.0
2020-12-23 16:00:00,0.0,0.0,0.0,0.0,0.0,0.0,0.0
2020-12-23 20:00:00,0.0,0.0,0.0,0.0,0.0,0.0,0.0
2020-12-24 00:00:00,0.0,0.0,0.0,0.0,0.0,0.0,0.0
2020-12-24 04:00:00,0.0,0.0,0.0,0.0,0.0,0.0,0.0
2020-12-24 08:00:00,0.0,0.0,0.0,0.0,0.0,0.0,0.0
2020-12-24 12:00:00,0.0,0.0,0.0,0.0,0.0,0.0,0.0
2020-12-24 16:00:00,0.0,0.0,0.0,0.0,0.0,0.0,0.0
2020-12-24 20:00:00,0.0,0.0,0.0,0.0,0.0,0.0,0.0
2020-12-25 00:00:00,0.0,0.0,0.0,0.0,0.0,0.0,0.0
2020-12-25 04:00:00,0.0,0.0,0.0,0.0,0.0,0.0,0.0
2020-12-25 08:00:00,0.0,0.0,0.0,0.0,0.0,0.0,0.0
2020-12-25 12:00:00,0.0,0.0,0.0,0.19385527538507716,0.0,0.0,0.0
2020-12-25 16:00:00,0.0,0.0,0.0,0.19385527538507716,0.0,0.0,0.0
2020-12-25 20:00:00,0.0,0.0,0.0,0.19385527538507716,0.0,0.0,0.0
2020-12-26 00:00:00,0.0,0.0,0.0,0.19385527538507716,0.0,0.0,0.0
2020-12-26 04:00:00,0.0,0.0,0.0,0.19385527538507716,0.0,0.0,0.0
2020-12-26 08:00:00,0.0,0.0,0.0,0.19385527538507716,0.0,0.0,0.0
2020-12-26 12:00:00,0.0,0.0,0.0,0.19385527538507716,0.0,0.0,0.0
2020-12-26 16:00:00,0.0,0.0,0.0,0.19385527538507716,0.0,0.0,0.0
2020-12-26 20:00:00,0.0,0.0,0.0,0.19385527538507716,0.0,0.0,0.0
2020-12-27 00:00:00,0.0,0.0,0.0,0.19385527538507716,0.0,0.0,0.0
2020-12-27 04:00:00,0.0,0.0,0.0,0.19385527538507716,0.0,0.0,0.0
2020-12-27 08:00:00,0.0,0.0,0.0,0.19385527538507716,0.0,0.0,0.0
2020-12-27 12:00:00,0.0,0.0,0.0,0.19385527538507716,0.0,0.0,0.0
2020-12-27 16:00:00,0.0,0.0,0.0,0.19385527538507716,0.16580835762260807,0.0,0.0
2020-12-27 20:00:00,0.0,0.0,0.0,0.19385527538507716,0.16580835762260807,0.0,0.0
2020-12-28 00:00:00,0.0,0.0,0.0,0.0,0.0,0.0,0.0
2020-12-28 04:00:00,0.0,0.0,0.0,0.0,0.0,0.0,0.0
2020-12-28 08:00:00,0.0,0.0,0.0,0.0,0.15170428691587504,0.0,0.0
2020-12-28 12:00:00,0.0,0.0,0.0,0.0,0.15170428691587504,0.0,0.0
2020-12-28 16:00:00,0.0,0.0,0.0,0.0,0.15170428691587504,0.0,0.0
2020-12-28 20:00:00,0.10885598753211743,0.0,0.0,0.0,0.15170428691587504,0.0,0.0
2020-12-29 00:00:00,0.10885598753211743,0.0,0.0,0.0,0.15170428691587504,0.0,0.0
2020-12-29 04:00:00,0.10885598753211743,0.0,0.17017185071994606,0.0,0.15170428691587504,0.0,0.0
2020-12-29 08:00:00,0.10885598753211743,0.0,0.17017185071994606,0.0,0.0,0.0,0.0
2020-12-29 12:00:00,0.10885598753211743,0.0,0.17017185071994606,0.0,0.0,0.0,0.0
2020-12-29 16:00:00,0.10885598753211743,0.0,0.17017185071994606,0.0,0.0,0.0,0.0
2020-12-29 20:00:00,0.10885598753211743,0.0,0.17017185071994606,0.0,0.0,0.0,0.0
2020-12-30 00:00:00,0.10885598753211743,0.0,0.17017185071994606,0.0,0.0,0.0,0.0
2020-12-30 04:00:00,0.10885598753211743,0.0,0.17017185071994606,0.0,0.0,0.0,0.0
2020-12-30 08:00:00,0.10885598753211743,0.0,0.17017185071994606,0.0,0.0,0.0,0.0
2020-12-30 12:00:00,0.10885598753211743,0.0,0.0,0.0,0.0,0.0,0.0
2020-12-30 16:00:00,0.10885598753211743,0.0,0.0,0.0,0.0,0.0,0.0
2020-12-30 20:00:00,0.10885598753211743,0.0,0.0,0.1774262020490584,0.14536848743822084,0.0,0.0
2020-12-31 00:00:00,0.10885598753211743,0.0,0.0,0.1774262020490584,0.14536848743822084,0.0,0.0
2020-12-31 04:00:00,0.10885598753211743,0.0,0.0,0.1774262020490584,0.14536848743822084,0.0,0.0
2020-12-31 08:00:00,0.10885598753211743,0.0,0.0,0.1774262020490584,0.14536848743822084,0.0,0.0
2020-12-31 12:00:00,0.10885598753211743,0.0,0.0,0.1774262020490584,0.14536848743822084,0.0,0.0
2020-12-31 16:00:00,0.10885598753211743,0.0,0.0,0.1774262020490584,0.14536848743822084,0.0,0.0
2020-12-31 20:00:00,0.10885598753211743,0.0,0.0,0.1774262020490584,0.14536848743822084,0.0,0.0
2021-01-01 00:00:00,0.10885598753211743,0.0,0.0,0.1774262020490584,0.14536848743822084,0.0,0.0
2021-01-01 04:00:00,0.10885598753211743,0.0,0.0,0.1774262020490584,0.14536848743822084,0.0,0.0
2021-01-01 08:00:00,0.10885598753211743,0.0,0.0,0.1774262020490584,0.14536848743822084,0.0,0.0
2021-01-01 12:00:00,0.10885598753211743,0.0,0.0,0.1774262020490584,0.14536848743822084,0.0,0.0
2021-01-01 16:00:00,0.10885598753211743,0.0,0.0,0.1774262020490584,0.14536848743822084,0.0,0.0
2021-01-01 20:00:00,0.0,0.0,0.0,0.1774262020490584,0.14536848743822084,0.0,0.0
2021-01-02 00:00:00,0.0,0.0,0.0,0.1774262020490584,0.14536848743822084,0.10453805992736079,0.0
2021-01-02 04:00:00,0.0,0.1362159891725392,0.0,0.1774262020490584,0.14536848743822084,0.10453805992736079,0.0
2021-01-02 08:00:00,0.0,0.1362159891725392,0.0,0.1774262020490584,0.14536848743822084,0.10453805992736079,0.0
2021-01-02 12:00:00,0.0,0.0,0.0,0.1774262020490584,0.14536848743822084,0.10453805992736079,0.0
2021-01-02 16:00:00,0.0,0.0,0.0,0.0,0.14536848743822084,0.10453805992736079,0.0
2021-01-02 20:00:00,0.0,0.0,0.0,0.2117998938024948,0.14536848743822084,0.10453805992736079,0.0
2021-01-03 00:00:00,0.0,0.0,0.0,0.0,0.14536848743822084,0.10453805992736079,0.0
2021-01-03 04:00:00,0.0,0.0,0.0,0.0,0.14536848743822084,0.10453805992736079,0.0
2021-01-03 08:00:00,0.0,0.0,0.0,0.18953719389575824,0.14536848743822084,0.10453805992736079,0.0
2021-01-03 12:00:00,0.0,0.0,0.0,0.18953719389575824,0.14536848743822084,0.10453805992736079,0.0
2021-01-03 16:00:00,0.0,0.0,0.19416477442437818,0.18953719389575824,0.0,0.0,0.0
2021-01-03 20:00:00,0.0,0.0,0.19416477442437818,0.0,0.0,0.0,0.0
2021-01-04 00:00:00,0.13198386614878985,0.0,0.19416477442437818,0.0,0.1724591011658519,0.0,0.0
2021-01-04 04:00:00,0.0,0.0,0.19416477442437818,0.0,0.0,0.0,0.0
2021-01-04 08:00:00,0.0,0.0,0.19416477442437818,0.0,0.1508871379446527,0.0,0.0
2021-01-04 12:00:00,0.0,0.0,0.0,0.0,0.0,0.0,0.0
2021-01-04 16:00:00,0.0,0.0,0.0,0.0,0.0,0.0,0.0
2021-01-04 20:00:00,0.0,0.0,0.0,0.0,0.0,0.07063541083595512,0.0
2021-01-05 00:00:00,0.0,0.0,0.0,0.0,0.0,0.07063541083595512,0.0
2021-01-05 04:00:00,0.0,0.0,0.0,0.0,0.0,0.07063541083595512,0.0
2021-01-05 08:00:00,0.0,0.0,0.0,0.0,0.0,0.0,0.0
2021-01-05 12:00:00,0.0,0.07972189046237842,0.0,0.0,0.0,0.0,0.0
2021-01-05 16:00:00,0.09984697470342882,0.07972189046237842,0.0,0.0,0.0,0.0,0.0
2021-01-05 20:00:00,0.09984697470342882,0.07972189046237842,0.0,0.0,0.0,0.0,0.0
2021-01-06 00:00:00,0.09984697470342882,0.07972189046237842,0.0,0.0,0.0,0.0,0.0
2021-01-06 04:00:00,0.09984697470342882,0.07972189046237842,0.0,0.0,0.0,0.0,0.0
2021-01-06 08:00:00,0.09984697470342882,0.07972189046237842,0.0,0.0,0.0,0.0,0.0
2021-01-06 12:00:00,0.09984697470342882,0.07972189046237842,0.0,0.0,0.0,0.0,0.0
2021-01-06 16:00:00,0.09984697470342882,0.07972189046237842,0.0,0.0,0.0,0.0,0.0
2021-01-06 20:00:00,0.09984697470342882,0.0,0.0,0.0,0.0,0.0,0.0
2021-01-07 00:00:00,0.0,0.0,0.0,0.11569609334553917,0.0,0.0,0.0
2021-01-07 04:00:00,0.0,0.0,0.0,0.11569609334553917,0.09140180015470088,0.0,0.0
2021-01-07 08:00:00,0.0,0.0,0.0,0.11569609334553917,0.09140180015470088,0.0,0.0
2021-01-07 12:00:00,0.0,0.0,0.0,0.11569609334553917,0.09140180015470088,0.0,0.0976530389553705
2021-01-07 16:00:00,0.0,0.0,0.0,0.11569609334553917,0.09140180015470088,0.0,0.0976530389553705
2021-01-07 20:00:00,0.0,0.0,0.0,0.11569609334553917,0.09140180015470088,0.0,0.0
2021-01-08 00:00:00,0.0,0.0,0.0,0.11569609334553917,0.09140180015470088,0.0,0.0
2021-01-08 04:00:00,0.0,0.0,0.0,0.11569609334553917,0.0,0.0,0.0
2021-01-08 08:00:00,0.0,0.0,0.0,0.11569609334553917,0.0,0.0,0.0
2021-01-08 12:00:00,0.0,0.07049218329840697,0.0,0.11569609334553917,0.0,0.05489584784728996,0.0
2021-01-08 16:00:00,0.0,0.07049218329840697,0.0,0.11569609334553917,0.0,0.05489584784728996,0.0
2021-01-08 20:00:00,0.0,0.07049218329840697,0.0,0.11569609334553917,0.0,0.05489584784728996,0.0
2021-01-09 00:00:00,0.0,0.07049218329840697,0.0,0.11569609334553917,0.0,0.05489584784728996,0.0
2021-01-09 04:00:00,0.0,0.0,0.0,0.11569609334553917,0.0,0.05489584784728996,0.0
2021-01-09 08:00:00,0.0,0.0,0.0,0.11569609334553917,0.0,0.05489584784728996,0.0
2021-01-09 12:00:00,0.0,0.0,0.0,0.11569609334553917,0.0,0.05489584784728996,0.0
2021-01-09 16:00:00,0.0,0.07449098968941383,0.0,0.11569609334553917,0.0,0.05489584784728996,0.0
2021-01-09 20:00:00,0.0,0.07449098968941383,0.0,0.11569609334553917,0.0,0.0,0.0
2021-01-10 00:00:00,0.0,0.07449098968941383,0.0,0.11569609334553917,0.0,0.0,0.0
2021-01-10 04:00:00,0.0,0.07449098968941383,0.0,0.11569609334553917,0.094456186025064,0.0,0.0
2021-01-10 08:00:00,0.0,0.07449098968941383,0.0,0.11569609334553917,0.094456186025064,0.0,0.0
2021-01-10 12:00:00,0.0,0.07449098968941383,0.0,0.11569609334553917,0.094456186025064,0.0,0.0
2021-01-10 16:00:00,0.0,0.07449098968941383,0.0,0.11569609334553917,0.094456186025064,0.0,0.0
2021-01-10 20:00:00,0.0,0.07449098968941383,0.0,0.0,0.094456186025064,0.0,0.0
2021-01-11 00:00:00,0.0,0.0,0.0,0.0,0.0,0.0,0.0
2021-01-11 04:00:00,0.0,0.0,0.0,0.0,0.0,0.0,0.0
2021-01-11 08:00:00,0.0,0.0,0.0,0.0,0.0,0.0,0.0
2021-01-11 12:00:00,0.0,0.0,0.0,0.0,0.0,0.0,0.0
2021-01-11 16:00:00,0.0,0.0,0.0,0.0,0.0,0.0,0.0
2021-01-11 20:00:00,0.0,0.0,0.0,0.0,0.0,0.0,0.0
2021-01-12 00:00:00,0.0,0.0,0.0,0.0,0.0,0.0,0.0
2021-01-12 04:00:00,0.0,0.0,0.0,0.0,0.0,0.0,0.0
2021-01-12 08:00:00,0.0,0.06109071502601358,0.0,0.0,0.0,0.0,0.0
2021-01-12 12:00:00,0.0,0.06109071502601358,0.0,0.0,0.0,0.0,0.0
2021-01-12 16:00:00,0.0,0.06109071502601358,0.0,0.0,0.0,0.0,0.0
2021-01-12 20:00:00,0.0,0.06109071502601358,0.0,0.0,0.0,0.0,0.0
2021-01-13 00:00:00,0.0,0.06109071502601358,0.0,0.0,0.0,0.0,0.0
2021-01-13 04:00:00,0.0,0.06109071502601358,0.0,0.0,0.0,0.0,0.0
2021-01-13 08:00:00,0.0,0.06109071502601358,0.0,0.0,0.0,0.0,0.0
2021-01-13 12:00:00,0.0,0.06109071502601358,0.0,0.0,0.0,0.0,0.0
2021-01-13 16:00:00,0.0,0.06109071502601358,0.0,0.0,0.0,0.0,0.0
2021-01-13 20:00:00,0.0,0.06109071502601358,0.0,0.0,0.0,0.0,0.0
2021-01-14 00:00:00,0.0,0.06109071502601358,0.0,0.0,0.0,0.0,0.0
2021-01-14 04:00:00,0.0,0.06109071502601358,0.0,0.0,0.0,0.0,0.0
2021-01-14 08:00:00,0.0,0.06109071502601358,0.0,0.0,0.0,0.0,0.0
2021-01-14 12:00:00,0.0,0.06109071502601358,0.0,0.0,0.0,0.0,0.0
2021-01-14 16:00:00,0.0,0.06109071502601358,0.0,0.0,0.0,0.0,0.0
2021-01-14 20:00:00,0.0,0.06109071502601358,0.0,0.0,0.0,0.0,0.0
2021-01-15 00:00:00,0.0,0.06109071502601358,0.0,0.0,0.0,0.0,0.0
2021-01-15 04:00:00,0.0,0.06109071502601358,0.0,0.0,0.0,0.0,0.0
2021-01-15 08:00:00,0.0,0.06109071502601358,0.0,0.0,0.0,0.0,0.0
2021-01-15 12:00:00,0.0,0.06109071502601358,0.0,0.0,0.0,0.0,0.0
2021-01-15 16:00:00,0.0,0.06109071502601358,0.0,0.0,0.0,0.0,0.0
2021-01-15 20:00:00,0.0,0.06109071502601358,0.0,0.0,0.0,0.0,0.0
2021-01-16 00:00:00,0.0,0.06109071502601358,0.0,0.0,0.0,0.0,0.0
2021-01-16 04:00:00,0.0,0.06109071502601358,0.0,0.0,0.0,0.0,0.0
2021-01-16 08:00:00,0.0,0.06109071502601358,0.0,0.0,0.0,0.0,0.0
2021-01-16 12:00:00,0.0,0.0,0.0,0.0,0.0,0.0,0.0
2021-01-16 16:00:00,0.08511972905933989,0.08572697859966709,0.0,0.0,0.0,0.0,0.0
2021-01-16 20:00:00,0.08511972905933989,0.08572697859966709,0.0,0.0,0.0,0.0,0.0
2021-01-17 00:00:00,0.08511972905933989,0.08572697859966709,0.0,0.0,0.0,0.0,0.0
2021-01-17 04:00:00,0.08511972905933989,0.08572697859966709,0.0,0.0,0.0,0.0,0.0
2021-01-17 08:00:00,0.08511972905933989,0.08572697859966709,0.0,0.0,0.0,0.0,0.0
2021-01-17 12:00:00,0.08511972905933989,0.08572697859966709,0.0,0.0,0.0,0.0,0.0
2021-01-17 16:00:00,0.08511972905933989,0.08572697859966709,0.0,0.0,0.0,0.0,0.0
2021-01-17 20:00:00,0.08511972905933989,0.08572697859966709,0.15190007623865598,0.0,0.0,0.0,0.0
2021-01-18 00:00:00,0.08511972905933989,0.08572697859966709,0.15190007623865598,0.0,0.0,0.0,0.0
2021-01-18 04:00:00,0.08511972905933989,0.08572697859966709,0.15190007623865598,0.0,0.0,0.0,0.0
2021-01-18 08:00:00,0.08511972905933989,0.08572697859966709,0.15190007623865598,0.0,0.0,0.08414322250639386,0.0
2021-01-18 12:00:00,0.08511972905933989,0.08572697859966709,0.15190007623865598,0.0,0.0,0.08414322250639386,0.0
2021-01-18 16:00:00,0.08511972905933989,0.08572697859966709,0.15190007623865598,0.0,0.0,0.08414322250639386,0.0
2021-01-18 20:00:00,0.08511972905933989,0.08572697859966709,0.15190007623865598,0.0,0.0,0.08414322250639386,0.0
2021-01-19 00:00:00,0.08511972905933989,0.08572697859966709,0.15190007623865598,0.0,0.0,0.08414322250639386,0.0
2021-01-19 04:00:00,0.08511972905933989,0.08572697859966709,0.15190007623865598,0.0,0.0,0.08414322250639386,0.0
2021-01-19 08:00:00,0.08511972905933989,0.08572697859966709,0.15190007623865598,0.0,0.11468591351152979,0.08414322250639386,0.0
2021-01-19 12:00:00,0.08511972905933989,0.08572697859966709,0.15190007623865598,0.0,0.11468591351152979,0.08414322250639386,0.0
2021-01-19 16:00:00,0.08511972905933989,0.08572697859966709,0.15190007623865598,0.0,0.11468591351152979,0.08414322250639386,0.0
2021-01-19 20:00:00,0.08511972905933989,0.0,0.0,0.0,0.11468591351152979,0.08414322250639386,0.0
2021-01-20 00:00:00,0.08511972905933989,0.0,0.0,0.0,0.11468591351152979,0.08414322250639386,0.0
2021-01-20 04:00:00,0.08511972905933989,0.0,0.0,0.0,0.11468591351152979,0.0,0.0
2021-01-20 08:00:00,0.08511972905933989,0.0,0.0,0.0,0.11468591351152979,0.0,0.0
2021-01-20 12:00:00,0.0,0.0,0.0,0.0,0.0,0.0,0.0
2021-01-20 16:00:00,0.0,0.0,0.0,0.0,0.0,0.0,0.0
2021-01-20 20:00:00,0.0,0.0,0.0,0.0,0.0,0.0,0.0
2021-01-21 00:00:00,0.0,0.0,0.0,0.0,0.0,0.0,0.0
2021-01-21 04:00:00,0.0,0.0,0.0,0.0,0.0,0.0,0.0
2021-01-21 08:00:00,0.0,0.0,0.0,0.0,0.0,0.0,0.0
2021-01-21 12:00:00,0.0,0.0,0.0,0.0,0.0,0.0,0.0
2021-01-21 16:00:00,0.0,0.0,0.0,0.0,0.0,0.0,0.0
2021-01-21 20:00:00,0.0,0.0,0.0,0.0,0.0,0.0,0.0
2021-01-22 00:00:00,0.0,0.0,0.0,0.0,0.0,0.0,0.0
2021-01-22 04:00:00,0.0,0.0,0.0,0.0,0.0,0.0,0.0
2021-01-22 08:00:00,0.0,0.0,0.0,0.0,0.0,0.0,0.0
2021-01-22 12:00:00,0.0,0.0,0.0,0.0,0.0,0.0,0.0
2021-01-22 16:00:00,0.0,0.0,0.0,0.0,0.0,0.0,0.0
2021-01-22 20:00:00,0.0,0.0,0.0,0.0,0.0,0.0,0.0
2021-01-23 00:00:00,0.0,0.0,0.0,0.0,0.0,0.0,0.0
2021-01-23 04:00:00,0.0,0.0,0.0,0.0,0.0,0.0,0.0
2021-01-23 08:00:00,0.0,0.0,0.0,0.0,0.0,0.0,0.0
2021-01-23 12:00:00,0.0,0.0,0.0,0.0,0.0,0.0,0.0
2021-01-23 16:00:00,0.0,0.0,0.0,0.0,0.0,0.0,0.0
2021-01-23 20:00:00,0.0,0.0,0.0,0.0,0.0,0.0,0.0
2021-01-24 00:00:00,0.0,0.0,0.0,0.0,0.0,0.0,0.0
2021-01-24 04:00:00,0.0,0.0,0.0,0.0,0.0,0.0,0.0
2021-01-24 08:00:00,0.0,0.0,0.0,0.0,0.0,0.0,0.0
2021-01-24 12:00:00,0.0,0.0,0.0,0.0,0.0,0.0,0.0
2021-01-24 16:00:00,0.0,0.0,0.0,0.0,0.0,0.0,0.0
2021-01-24 20:00:00,0.0,0.0,0.0,0.0,0.0,0.0,0.0
2021-01-25 00:00:00,0.0,0.0,0.0,0.0,0.0,0.0,0.0
2021-01-25 04:00:00,0.0,0.0,0.0,0.0,0.0,0.0,0.0
2021-01-25 08:00:00,0.0,0.0,0.0,0.0,0.0,0.0,0.0
2021-01-25 12:00:00,0.0,0.0,0.0,0.0,0.0,0.0,0.0
2021-01-25 16:00:00,0.0,0.0,0.0,0.0,0.0,0.0,0.0
2021-01-25 20:00:00,0.0,0.0,0.0,0.0,0.0,0.0,0.0
2021-01-26 00:00:00,0.0,0.0,0.0,0.0,0.0,0.0,0.0
2021-01-26 04:00:00,0.0,0.0,0.0,0.0,0.0,0.0,0.0
2021-01-26 08:00:00,0.0,0.0,0.0,0.0,0.0,0.0,0.0
2021-01-26 12:00:00,0.0,0.0,0.0,0.0,0.0,0.0,0.0
2021-01-26 16:00:00,0.0,0.0,0.0,0.0,0.0,0.0,0.0
2021-01-26 20:00:00,0.0,0.0,0.0,0.0,0.0,0.0,0.0
2021-01-27 00:00:00,0.0,0.0,0.0,0.0,0.0,0.0,0.0
2021-01-27 04:00:00,0.0,0.0,0.0,0.0,0.0,0.0,0.0
2021-01-27 08:00:00,0.0,0.0,0.0,0.0,0.0,0.0,0.0
2021-01-27 12:00:00,0.0,0.0,0.0,0.0,0.0,0.0,0.0
2021-01-27 16:00:00,0.0,0.0,0.0,0.0,0.0,0.0,0.0
2021-01-27 20:00:00,0.0,0.0,0.0,0.0,0.0,0.0,0.0
2021-01-28 00:00:00,0.0,0.0,0.0,0.0,0.0,0.0,0.0
2021-01-28 04:00:00,0.0,0.0,0.0,0.0,0.0,0.0,0.0
2021-01-28 08:00:00,0.0,0.0,0.0,0.0,0.0,0.0,0.0
2021-01-28 12:00:00,0.0,0.0,0.0,0.0,0.0,0.0,0.0
2021-01-28 16:00:00,0.0,0.0,0.0,0.0,0.0,0.0,0.0
2021-01-28 20:00:00,0.0,0.0,0.0,0.0,0.0,0.0,0.0
2021-01-29 00:00:00,0.0,0.0,0.0,0.0,0.0,0.0,0.0
2021-01-29 04:00:00,0.0,0.0,0.0,0.0,0.0,0.0,0.0
2021-01-29 08:00:00,0.0,0.0,0.0,0.0,0.0,0.0,0.0
2021-01-29 12:00:00,0.0,0.0,0.0,0.0,0.0,0.0,0.0
2021-01-29 16:00:00,0.0,0.0,0.0,0.0,0.0,0.0,0.0
2021-01-29 20:00:00,0.0,0.0,0.0,0.0,0.0,0.0,0.0
2021-01-30 00:00:00,0.0,0.0,0.0,0.0,0.0,0.0,0.0
2021-01-30 04:00:00,0.0,0.0,0.0,0.0,0.0,0.0,0.0
2021-01-30 08:00:00,0.0,0.0,0.0,0.0,0.0,0.0,0.0
2021-01-30 12:00:00,0.0,0.0,0.0,0.0,0.0,0.0,0.12468828583403181
2021-01-30 16:00:00,0.0,0.0,0.20646916510284424,0.0,0.0,0.0,0.0
2021-01-30 20:00:00,0.0,0.0,0.20646916510284424,0.0,0.0,0.0,0.10559341331611333
2021-01-31 00:00:00,0.0,0.0,0.20646916510284424,0.0,0.0,0.12139193017379986,0.0
2021-01-31 04:00:00,0.0,0.0,0.20646916510284424,0.0,0.0,0.12139193017379986,0.0
2021-01-31 08:00:00,0.0,0.0,0.20646916510284424,0.0,0.0,0.12139193017379986,0.0
2021-01-31 12:00:00,0.0,0.10512572981990062,0.20646916510284424,0.0,0.0,0.12139193017379986,0.0
2021-01-31 16:00:00,0.0,0.10512572981990062,0.20646916510284424,0.0,0.0,0.0,0.0
2021-01-31 20:00:00,0.0,0.10512572981990062,0.20646916510284424,0.0,0.0,0.0,0.0
2021-02-01 00:00:00,0.0,0.10512572981990062,0.20646916510284424,0.0,0.0,0.0,0.0
2021-02-01 04:00:00,0.0,0.10512572981990062,0.20646916510284424,0.0,0.0,0.0,0.0725975386226761
2021-02-01 08:00:00,0.0,0.10512572981990062,0.20646916510284424,0.0,0.0,0.0,0.0
2021-02-01 12:00:00,0.0,0.10512572981990062,0.0,0.0,0.0,0.0,0.0
2021-02-01 16:00:00,0.0,0.10512572981990062,0.0,0.0,0.0,0.0,0.0
2021-02-01 20:00:00,0.0,0.10512572981990062,0.0,0.0,0.0,0.0,0.0
2021-02-02 00:00:00,0.12347006584909093,0.10512572981990062,0.18952947240528667,0.0,0.0,0.0,0.0
2021-02-02 04:00:00,0.12347006584909093,0.10512572981990062,0.18952947240528667,0.0,0.0,0.12592696089561115,0.0
2021-02-02 08:00:00,0.12347006584909093,0.10512572981990062,0.18952947240528667,0.0,0.0,0.12592696089561115,0.0
2021-02-02 12:00:00,0.12347006584909093,0.10512572981990062,0.18952947240528667,0.0,0.0,0.12592696089561115,0.0
2021-02-02 16:00:00,0.12347006584909093,0.10512572981990062,0.18952947240528667,0.0,0.0,0.12592696089561115,0.0
2021-02-02 20:00:00,0.12347006584909093,0.10512572981990062,0.18952947240528667,0.0,0.14957774547654903,0.12592696089561115,0.0
2021-02-03 00:00:00,0.12347006584909093,0.10512572981990062,0.18952947240528667,0.0,0.14957774547654903,0.12592696089561115,0.0
2021-02-03 04:00:00,0.12347006584909093,0.10512572981990062,0.18952947240528667,0.0,0.14957774547654903,0.12592696089561115,0.0
2021-02-03 08:00:00,0.12347006584909093,0.10512572981990062,0.18952947240528667,0.0,0.14957774547654903,0.12592696089561115,0.0
2021-02-03 12:00:00,0.12347006584909093,0.10512572981990062,0.18952947240528667,0.0,0.14957774547654903,0.12592696089561115,0.0
2021-02-03 16:00:00,0.12347006584909093,0.10512572981990062,0.18952947240528667,0.0,0.14957774547654903,0.12592696089561115,0.0
2021-02-03 20:00:00,0.12347006584909093,0.10512572981990062,0.18952947240528667,0.0,0.14957774547654903,0.12592696089561115,0.0
2021-02-04 00:00:00,0.12347006584909093,0.10512572981990062,0.18952947240528667,0.0,0.14957774547654903,0.12592696089561115,0.0
2021-02-04 04:00:00,0.12347006584909093,0.10512572981990062,0.18952947240528667,0.0,0.14957774547654903,0.12592696089561115,0.0
2021-02-04 08:00:00,0.12347006584909093,0.10512572981990062,0.18952947240528667,0.0,0.14957774547654903,0.12592696089561115,0.0
2021-02-04 12:00:00,0.12347006584909093,0.0,0.18952947240528667,0.0,0.0,0.12592696089561115,0.0
2021-02-04 16:00:00,0.12347006584909093,0.0,0.18952947240528667,0.0,0.0,0.12592696089561115,0.0
2021-02-04 20:00:00,0.12347006584909093,0.0,0.18952947240528667,0.0,0.0,0.12592696089561115,0.0
2021-02-05 00:00:00,0.12347006584909093,0.0,0.18952947240528667,0.0,0.0,0.12592696089561115,0.0
2021-02-05 04:00:00,0.0,0.0,0.18952947240528667,0.0,0.0,0.12592696089561115,0.0
2021-02-05 08:00:00,0.11443907757067366,0.09448653874001514,0.18952947240528667,0.0,0.0,0.12592696089561115,0.0
2021-02-05 12:00:00,0.11443907757067366,0.09448653874001514,0.18952947240528667,0.0,0.0,0.12592696089561115,0.0
2021-02-05 16:00:00,0.11443907757067366,0.09448653874001514,0.18952947240528667,0.0,0.15037204778785493,0.12592696089561115,0.0
2021-02-05 20:00:00,0.11443907757067366,0.09448653874001514,0.18952947240528667,0.0,0.15037204778785493,0.12592696089561115,0.0
2021-02-06 00:00:00,0.11443907757067366,0.09448653874001514,0.0,0.0,0.15037204778785493,0.12592696089561115,0.0
2021-02-06 04:00:00,0.11443907757067366,0.0,0.0,0.1976967602314249,0.15037204778785493,0.0,0.0
2021-02-06 08:00:00,0.11443907757067366,0.0,0.13571725066761953,0.1976967602314249,0.15037204778785493,0.0,0.0
2021-02-06 12:00:00,0.11443907757067366,0.0,0.13571725066761953,0.1976967602314249,0.15037204778785493,0.0,0.0
2021-02-06 16:00:00,0.11443907757067366,0.0,0.13571725066761953,0.1976967602314249,0.15037204778785493,0.0,0.0
2021-02-06 20:00:00,0.0,0.0,0.13571725066761953,0.1976967602314249,0.15037204778785493,0.0,0.0
2021-02-07 00:00:00,0.10886067261496227,0.0,0.13571725066761953,0.1976967602314249,0.15037204778785493,0.0,0.0
2021-02-07 04:00:00,0.10886067261496227,0.0,0.0,0.0,0.0,0.0,0.0
2021-02-07 08:00:00,0.10886067261496227,0.0,0.0,0.0,0.0,0.0,0.0
2021-02-07 12:00:00,0.10886067261496227,0.1105320238875402,0.0,0.0,0.0,0.0,0.0
2021-02-07 16:00:00,0.0,0.0,0.0,0.0,0.0,0.0,0.0
2021-02-07 20:00:00,0.0,0.0,0.0,0.0,0.0,0.0,0.0
2021-02-08 00:00:00,0.0,0.0,0.0,0.0,0.0,0.0,0.0
2021-02-08 04:00:00,0.0,0.0,0.0,0.0,0.0,0.0,0.0
2021-02-08 08:00:00,0.0,0.09109279395974296,0.0,0.0,0.0,0.09600706205121255,0.0
2021-02-08 12:00:00,0.0,0.09109279395974296,0.0,0.0,0.0,0.09600706205121255,0.0
2021-02-08 16:00:00,0.0,0.0,0.0,0.1754270207105848,0.0,0.09600706205121255,0.0
2021-02-08 20:00:00,0.08907920493901524,0.0,0.10510511162566363,0.1754270207105848,0.0,0.09600706205121255,0.0
2021-02-09 00:00:00,0.08907920493901524,0.0,0.10510511162566363,0.0,0.0,0.09600706205121255,0.0
2021-02-09 04:00:00,0.08907920493901524,0.0,0.10510511162566363,0.0,0.0,0.09600706205121255,0.0
2021-02-09 08:00:00,0.08907920493901524,0.0,0.0,0.16351345304599535,0.0,0.09600706205121255,0.0
2021-02-09 12:00:00,0.08907920493901524,0.0,0.0,0.16351345304599535,0.0,0.09600706205121255,0.0
2021-02-09 16:00:00,0.08907920493901524,0.0,0.10909522838005592,0.16351345304599535,0.0,0.09600706205121255,0.0
2021-02-09 20:00:00,0.08907920493901524,0.0,0.10909522838005592,0.16351345304599535,0.0,0.09600706205121255,0.0
2021-02-10 00:00:00,0.08907920493901524,0.0,0.10909522838005592,0.16351345304599535,0.0,0.09600706205121255,0.0
2021-02-10 04:00:00,0.08907920493901524,0.07436416667075511,0.10909522838005592,0.16351345304599535,0.0,0.09600706205121255,0.0
2021-02-10 08:00:00,0.08907920493901524,0.07436416667075511,0.0,0.16351345304599535,0.0,0.09600706205121255,0.0
2021-02-10 12:00:00,0.08907920493901524,0.0,0.0,0.16351345304599535,0.0,0.09600706205121255,0.0
2021-02-10 16:00:00,0.0,0.0,0.0,0.0,0.0,0.0,0.0
2021-02-10 20:00:00,0.0,0.0,0.0,0.0,0.0,0.0,0.0
2021-02-11 00:00:00,0.08525622414168543,0.0,0.0,0.0,0.0,0.0887146621555678,0.0
2021-02-11 04:00:00,0.08525622414168543,0.0,0.0,0.0,0.0,0.0887146621555678,0.0
2021-02-11 08:00:00,0.08525622414168543,0.0,0.0,0.0,0.0,0.0887146621555678,0.0
2021-02-11 12:00:00,0.08525622414168543,0.0,0.0,0.0,0.0,0.0887146621555678,0.0
2021-02-11 16:00:00,0.08525622414168543,0.0,0.0,0.0,0.0,0.0887146621555678,0.0
2021-02-11 20:00:00,0.08525622414168543,0.0,0.0,0.0,0.0,0.0887146621555678,0.0
2021-02-12 00:00:00,0.08525622414168543,0.0,0.0,0.0,0.0,0.0887146621555678,0.0
2021-02-12 04:00:00,0.08525622414168543,0.0,0.0,0.0,0.0,0.0887146621555678,0.10455208801077674
2021-02-12 08:00:00,0.08525622414168543,0.0,0.0,0.0,0.0,0.0887146621555678,0.10455208801077674
2021-02-12 12:00:00,0.08525622414168543,0.0,0.0,0.0,0.0,0.0887146621555678,0.10455208801077674
2021-02-12 16:00:00,0.08525622414168543,0.0,0.0,0.0,0.0,0.0887146621555678,0.10455208801077674
2021-02-12 20:00:00,0.08525622414168543,0.0,0.0,0.0,0.15408066442660848,0.0887146621555678,0.10455208801077674
2021-02-13 00:00:00,0.08525622414168543,0.0,0.0,0.0,0.15408066442660848,0.0887146621555678,0.10455208801077674
2021-02-13 04:00:00,0.08525622414168543,0.0,0.0,0.0,0.15408066442660848,0.0887146621555678,0.10455208801077674
2021-02-13 08:00:00,0.08525622414168543,0.0,0.0,0.0,0.15408066442660848,0.0887146621555678,0.10455208801077674
2021-02-13 12:00:00,0.0,0.0,0.0,0.0,0.15408066442660848,0.0,0.0
2021-02-13 16:00:00,0.0,0.0,0.0,0.0,0.15408066442660848,0.0,0.0
2021-02-13 20:00:00,0.0,0.0,0.0,0.0,0.15408066442660848,0.0,0.0
2021-02-14 00:00:00,0.0,0.0,0.0,0.0,0.15408066442660848,0.0,0.0
2021-02-14 04:00:00,0.0,0.0,0.0,0.0,0.15408066442660848,0.0,0.0
2021-02-14 08:00:00,0.0,0.0,0.0,0.0,0.15408066442660848,0.0,0.0
2021-02-14 12:00:00,0.0,0.0,0.0,0.0,0.15408066442660848,0.0,0.0
2021-02-14 16:00:00,0.0,0.0,0.0,0.0,0.15408066442660848,0.0,0.0
2021-02-14 20:00:00,0.0,0.0,0.0,0.0,0.15408066442660848,0.0,0.0
2021-02-15 00:00:00,0.0,0.0,0.0,0.0,0.15408066442660848,0.0,0.0
2021-02-15 04:00:00,0.0,0.0,0.0,0.0,0.0,0.0,0.0
2021-02-15 08:00:00,0.0,0.0,0.0,0.0,0.0,0.0,0.0
2021-02-15 12:00:00,0.0,0.0,0.0,0.0,0.0,0.0,0.0
2021-02-15 16:00:00,0.0,0.0,0.0,0.0,0.0,0.0,0.0
2021-02-15 20:00:00,0.0,0.0,0.0,0.0,0.0,0.0,0.0
2021-02-16 00:00:00,0.0,0.0,0.0,0.0,0.0,0.0,0.0
2021-02-16 04:00:00,0.0,0.0,0.0,0.0,0.0,0.0,0.0
2021-02-16 08:00:00,0.0,0.0,0.0,0.0,0.0,0.0,0.0
2021-02-16 12:00:00,0.0,0.0,0.0,0.0,0.0,0.0,0.0
2021-02-16 16:00:00,0.0,0.0,0.0,0.0,0.0,0.0,0.0
2021-02-16 20:00:00,0.0,0.0,0.0,0.0,0.0,0.0,0.0
2021-02-17 00:00:00,0.0,0.0,0.0,0.0,0.0,0.0,0.0
2021-02-17 04:00:00,0.0,0.0,0.0,0.0,0.0,0.0,0.0
2021-02-17 08:00:00,0.0,0.0,0.0,0.19490121933083593,0.0,0.0,0.0
2021-02-17 12:00:00,0.0,0.0,0.0,0.19490121933083593,0.0,0.0,0.0
2021-02-17 16:00:00,0.0,0.0,0.0,0.19490121933083593,0.0,0.0,0.0
2021-02-17 20:00:00,0.0,0.0,0.12545939964650152,0.19490121933083593,0.0,0.0,0.0
2021-02-18 00:00:00,0.0,0.0,0.12545939964650152,0.19490121933083593,0.0,0.0,0.0
2021-02-18 04:00:00,0.0,0.0,0.12545939964650152,0.19490121933083593,0.17803501750247813,0.0,0.0
2021-02-18 08:00:00,0.0,0.0,0.0,0.19490121933083593,0.17803501750247813,0.0,0.0
2021-02-18 12:00:00,0.0,0.0,0.11754717083996637,0.19490121933083593,0.17803501750247813,0.0,0.0
2021-02-18 16:00:00,0.0,0.0,0.11754717083996637,0.19490121933083593,0.17803501750247813,0.0,0.0
2021-02-18 20:00:00,0.0,0.0,0.11754717083996637,0.19490121933083593,0.17803501750247813,0.0,0.0
2021-02-19 00:00:00,0.0,0.0,0.11754717083996637,0.19490121933083593,0.17803501750247813,0.0,0.0
2021-02-19 04:00:00,0.0,0.0,0.0,0.19490121933083593,0.17803501750247813,0.0,0.0
2021-02-19 08:00:00,0.0,0.0,0.11238856396570336,0.19490121933083593,0.17803501750247813,0.0,0.0
2021-02-19 12:00:00,0.0,0.0,0.11238856396570336,0.19490121933083593,0.17803501750247813,0.0,0.0
2021-02-19 16:00:00,0.0,0.0,0.0,0.19490121933083593,0.17803501750247813,0.10919560477545273,0.0
2021-02-19 20:00:00,0.0,0.0,0.0,0.19490121933083593,0.17803501750247813,0.10919560477545273,0.0
2021-02-20 00:00:00,0.0,0.0,0.0,0.19490121933083593,0.17803501750247813,0.10919560477545273,0.0
2021-02-20 04:00:00,0.11765245682823061,0.0,0.0,0.19490121933083593,0.17803501750247813,0.10919560477545273,0.0
2021-02-20 08:00:00,0.11765245682823061,0.0,0.0,0.19490121933083593,0.17803501750247813,0.10919560477545273,0.0
2021-02-20 12:00:00,0.11765245682823061,0.0,0.0,0.19490121933083593,0.17803501750247813,0.10919560477545273,0.0
2021-02-20 16:00:00,0.11765245682823061,0.0,0.0,0.19490121933083593,0.17803501750247813,0.0,0.0
2021-02-20 20:00:00,0.11765245682823061,0.0,0.0,0.19490121933083593,0.17803501750247813,0.0,0.0
2021-02-21 00:00:00,0.0,0.0,0.0,0.0,0.0,0.0,0.0
2021-02-21 04:00:00,0.0,0.0,0.0,0.0,0.0,0.0,0.0
2021-02-21 08:00:00,0.0,0.0,0.0,0.0,0.0,0.0,0.0
2021-02-21 12:00:00,0.0,0.0,0.0,0.0,0.0,0.0,0.0
2021-02-21 16:00:00,0.0,0.0,0.0,0.0,0.0,0.0,0.0
2021-02-21 20:00:00,0.0,0.0,0.0,0.2159741779876194,0.0,0.0,0.0
2021-02-22 00:00:00,0.0,0.0,0.0,0.2159741779876194,0.0,0.0,0.0
2021-02-22 04:00:00,0.0,0.0,0.0,0.0,0.0,0.0,0.0
2021-02-22 08:00:00,0.0,0.0,0.0,0.0,0.0,0.0,0.0
2021-02-22 12:00:00,0.0,0.0,0.0,0.0,0.0,0.0,0.0
2021-02-22 16:00:00,0.0,0.0,0.0,0.0,0.0,0.0,0.0
2021-02-22 20:00:00,0.0,0.0,0.0,0.0,0.0,0.08526327917962899,0.0
2021-02-23 00:00:00,0.0,0.0,0.0,0.0,0.0,0.08526327917962899,0.0
2021-02-23 04:00:00,0.0,0.0,0.0,0.0,0.0,0.08526327917962899,0.0
2021-02-23 08:00:00,0.0,0.0,0.0,0.0,0.0,0.0,0.0
2021-02-23 12:00:00,0.0,0.0,0.0,0.0,0.0,0.0,0.0
2021-02-23 16:00:00,0.0,0.0,0.0,0.0,0.0,0.07039875336208003,0.0
2021-02-23 20:00:00,0.0,0.0,0.0,0.0,0.0,0.07039875336208003,0.0
2021-02-24 00:00:00,0.0,0.0,0.0,0.0,0.0,0.07039875336208003,0.0
2021-02-24 04:00:00,0.0,0.0,0.0,0.0,0.0,0.07039875336208003,0.0
2021-02-24 08:00:00,0.0,0.0,0.0,0.0,0.0,0.07039875336208003,0.0
2021-02-24 12:00:00,0.0,0.0,0.0,0.0,0.0,0.07039875336208003,0.0
2021-02-24 16:00:00,0.0,0.0,0.0,0.0,0.0,0.07039875336208003,0.0
2021-02-24 20:00:00,0.0,0.0,0.0,0.0,0.0,0.07039875336208003,0.0
2021-02-25 00:00:00,0.0,0.0,0.0,0.0,0.0,0.07039875336208003,0.0
2021-02-25 04:00:00,0.0,0.0,0.0,0.0,0.0,0.07039875336208003,0.0
2021-02-25 08:00:00,0.0,0.0,0.0,0.0,0.0,0.07039875336208003,0.0
2021-02-25 12:00:00,0.0,0.0,0.0,0.0,0.0,0.07039875336208003,0.0
2021-02-25 16:00:00,0.0,0.0,0.0,0.0,0.0,0.07039875336208003,0.0
2021-02-25 20:00:00,0.0,0.0,0.0,0.0,0.0,0.07039875336208003,0.0
2021-02-26 00:00:00,0.0,0.0,0.0,0.0,0.0,0.0,0.0
2021-02-26 04:00:00,0.0,0.0,0.0,0.0,0.0,0.0,0.0
2021-02-26 08:00:00,0.0,0.0,0.0,0.0,0.0,0.0,0.0
2021-02-26 12:00:00,0.0,0.0,0.0,0.0,0.0,0.0,0.0
2021-02-26 16:00:00,0.0,0.0,0.0,0.0,0.0,0.0,0.0
2021-02-26 20:00:00,0.06634629509159969,0.0,0.0,0.0,0.0,0.0,0.0
2021-02-27 00:00:00,0.06634629509159969,0.0,0.0,0.0,0.0,0.0,0.0
2021-02-27 04:00:00,0.06634629509159969,0.0,0.0,0.0,0.0,0.0,0.0
2021-02-27 08:00:00,0.06634629509159969,0.0,0.0,0.0,0.0,0.0,0.0
2021-02-27 12:00:00,0.06634629509159969,0.0,0.0,0.0,0.0,0.0,0.0
2021-02-27 16:00:00,0.06634629509159969,0.0,0.0,0.0,0.0,0.0,0.0
2021-02-27 20:00:00,0.06634629509159969,0.0,0.0,0.0,0.0,0.0,0.0
2021-02-28 00:00:00,0.0,0.0,0.0,0.0,0.0,0.0,0.0
2021-02-28 04:00:00,0.0,0.0,0.0,0.0,0.0,0.0,0.0
2021-02-28 08:00:00,0.0,0.0,0.0,0.0,0.0,0.0,0.0
2021-02-28 12:00:00,0.0,0.0,0.0,0.0,0.0,0.0,0.0
2021-02-28 16:00:00,0.0,0.0,0.0,0.0,0.0,0.0,0.0
2021-02-28 20:00:00,0.0,0.0,0.0,0.0,0.0,0.0,0.0
2021-03-01 00:00:00,0.0,0.0,0.0,0.0,0.0,0.0,0.0
2021-03-01 04:00:00,0.0,0.0,0.0,0.0,0.0,0.0,0.0
2021-03-01 08:00:00,0.0,0.0,0.0,0.0,0.0,0.0,0.0
2021-03-01 12:00:00,0.0,0.0,0.0,0.0,0.0,0.0,0.0
2021-03-01 16:00:00,0.0,0.0,0.0,0.0,0.0,0.0,0.0
2021-03-01 20:00:00,0.0,0.0,0.0,0.0,0.0,0.0,0.0
2021-03-02 00:00:00,0.0,0.0,0.0,0.0,0.0,0.0,0.0
2021-03-02 04:00:00,0.0,0.0,0.0,0.0,0.0,0.0,0.0
2021-03-02 08:00:00,0.0,0.0,0.0,0.0,0.0,0.0,0.0
2021-03-02 12:00:00,0.0,0.0,0.0,0.0,0.0,0.0,0.0
2021-03-02 16:00:00,0.0,0.0,0.0,0.0,0.0,0.0,0.0
2021-03-02 20:00:00,0.0,0.0,0.0,0.0,0.0,0.0,0.0
2021-03-03 00:00:00,0.0,0.0,0.0,0.0,0.0,0.0,0.0
2021-03-03 04:00:00,0.0,0.0,0.0,0.0,0.0,0.0,0.0
2021-03-03 08:00:00,0.0,0.0,0.0,0.0,0.0,0.0,0.0
2021-03-03 12:00:00,0.0,0.0,0.0,0.0,0.0,0.0,0.0
2021-03-03 16:00:00,0.0,0.0,0.0,0.0,0.0,0.0,0.0
2021-03-03 20:00:00,0.0,0.0,0.0,0.0,0.0,0.0,0.0
2021-03-04 00:00:00,0.0,0.0,0.0,0.0,0.0,0.0,0.0
2021-03-04 04:00:00,0.0,0.0,0.0,0.0,0.0,0.0,0.0
2021-03-04 08:00:00,0.0,0.0,0.0,0.0,0.0,0.0,0.0
2021-03-04 12:00:00,0.0,0.0,0.0,0.0,0.0,0.0,0.0
2021-03-04 16:00:00,0.0,0.0,0.0,0.0,0.0,0.0,0.0
2021-03-04 20:00:00,0.0,0.0,0.0,0.0,0.0,0.0,0.0
2021-03-05 00:00:00,0.0,0.0,0.0,0.0,0.0,0.0,0.0
2021-03-05 04:00:00,0.0,0.0,0.0,0.0,0.0,0.0,0.0
2021-03-05 08:00:00,0.0,0.0,0.0,0.0,0.0,0.0,0.0
2021-03-05 12:00:00,0.0,0.0,0.0,0.0,0.0,0.0,0.0
2021-03-05 16:00:00,0.0,0.0,0.0,0.0,0.0,0.0,0.0
2021-03-05 20:00:00,0.0,0.0,0.0,0.0,0.0,0.0,0.0
2021-03-06 00:00:00,0.0,0.0,0.0,0.0,0.0,0.0,0.0
2021-03-06 04:00:00,0.0,0.0,0.0,0.0,0.0,0.0,0.0
2021-03-06 08:00:00,0.0,0.0,0.0,0.0,0.0,0.0,0.0
2021-03-06 12:00:00,0.0,0.0,0.0,0.0,0.0,0.0,0.0
2021-03-06 16:00:00,0.0,0.0,0.0,0.0,0.0,0.0,0.0
2021-03-06 20:00:00,0.0,0.0,0.0,0.0,0.0,0.0,0.0
2021-03-07 00:00:00,0.0,0.0,0.0,0.0,0.0,0.0,0.0
2021-03-07 04:00:00,0.0,0.0,0.0,0.0,0.0,0.0,0.0
2021-03-07 08:00:00,0.0,0.0,0.0,0.0,0.0,0.0,0.0
2021-03-07 12:00:00,0.0,0.0,0.0,0.0,0.0,0.0,0.0
2021-03-07 16:00:00,0.0,0.0,0.0,0.0,0.0,0.0,0.0
2021-03-07 20:00:00,0.0,0.0,0.0,0.0,0.0,0.0,0.0
2021-03-08 00:00:00,0.0,0.0,0.0,0.0,0.15495338065087547,0.0,0.0
2021-03-08 04:00:00,0.0,0.0,0.0,0.0,0.15495338065087547,0.0,0.0
2021-03-08 08:00:00,0.0,0.0,0.0,0.0,0.15495338065087547,0.0,0.0
2021-03-08 12:00:00,0.0,0.0,0.0,0.0,0.15495338065087547,0.0,0.0
2021-03-08 16:00:00,0.0,0.0,0.0,0.0,0.15495338065087547,0.0,0.0
2021-03-08 20:00:00,0.0,0.0,0.0,0.0,0.15495338065087547,0.0,0.0
2021-03-09 00:00:00,0.0,0.0,0.0,0.0,0.15495338065087547,0.0,0.0
2021-03-09 04:00:00,0.0,0.0,0.0,0.1943800596660003,0.15495338065087547,0.0,0.0
2021-03-09 08:00:00,0.0,0.0,0.0,0.1943800596660003,0.15495338065087547,0.0,0.0
2021-03-09 12:00:00,0.0,0.0,0.14813940666793293,0.1943800596660003,0.15495338065087547,0.0,0.0
2021-03-09 16:00:00,0.0,0.0,0.14813940666793293,0.1943800596660003,0.15495338065087547,0.0,0.0
2021-03-09 20:00:00,0.0,0.0,0.14813940666793293,0.1943800596660003,0.15495338065087547,0.0,0.0
2021-03-10 00:00:00,0.0,0.11016249026171379,0.14813940666793293,0.1943800596660003,0.15495338065087547,0.0,0.0
2021-03-10 04:00:00,0.0,0.0,0.0,0.1943800596660003,0.0,0.0,0.0
2021-03-10 08:00:00,0.0,0.0,0.0,0.1943800596660003,0.0,0.0,0.0
2021-03-10 12:00:00,0.0,0.0,0.0,0.1943800596660003,0.0,0.0,0.0
2021-03-10 16:00:00,0.0,0.0,0.0,0.1943800596660003,0.0,0.0,0.0
2021-03-10 20:00:00,0.0,0.0,0.0,0.1943800596660003,0.0,0.0,0.0
2021-03-11 00:00:00,0.0,0.0,0.0,0.1943800596660003,0.0,0.0,0.0
2021-03-11 04:00:00,0.0,0.0,0.0,0.1943800596660003,0.0,0.0,0.0
2021-03-11 08:00:00,0.0,0.0,0.0,0.1943800596660003,0.0,0.0,0.0
2021-03-11 12:00:00,0.0,0.0,0.0,0.1943800596660003,0.0,0.0,0.0
2021-03-11 16:00:00,0.0,0.0,0.0,0.1943800596660003,0.0,0.0,0.0
2021-03-11 20:00:00,0.0,0.0,0.0,0.1943800596660003,0.0,0.14808836903007314,0.0
2021-03-12 00:00:00,0.0,0.0,0.0,0.1943800596660003,0.0,0.14808836903007314,0.0
2021-03-12 04:00:00,0.0,0.0,0.0,0.1943800596660003,0.0,0.14808836903007314,0.0
2021-03-12 08:00:00,0.0,0.0,0.0,0.1943800596660003,0.0,0.14808836903007314,0.0
2021-03-12 12:00:00,0.0,0.0,0.0,0.1943800596660003,0.0,0.14808836903007314,0.0
2021-03-12 16:00:00,0.0,0.0,0.0,0.0,0.0,0.0,0.0
2021-03-12 20:00:00,0.0,0.0,0.0,0.0,0.0,0.0,0.0
2021-03-13 00:00:00,0.0,0.0,0.0,0.0,0.0,0.0,0.0
2021-03-13 04:00:00,0.0,0.0,0.0,0.0,0.0,0.0,0.0
2021-03-13 08:00:00,0.0,0.0,0.0,0.0,0.0,0.0,0.0
2021-03-13 12:00:00,0.0,0.0,0.0,0.20635232326947153,0.0,0.0,0.0
2021-03-13 16:00:00,0.0,0.0,0.0,0.20635232326947153,0.0,0.0,0.0
2021-03-13 20:00:00,0.0,0.0,0.0,0.20635232326947153,0.1785500281074137,0.0,0.0
2021-03-14 00:00:00,0.0,0.0,0.0,0.20635232326947153,0.1785500281074137,0.0,0.0
2021-03-14 04:00:00,0.0,0.0,0.0,0.20635232326947153,0.1785500281074137,0.0,0.0
2021-03-14 08:00:00,0.0,0.0,0.0,0.20635232326947153,0.1785500281074137,0.0,0.0
2021-03-14 12:00:00,0.0,0.0,0.0,0.20635232326947153,0.1785500281074137,0.0,0.0
2021-03-14 16:00:00,0.0,0.0,0.0,0.20635232326947153,0.1785500281074137,0.0,0.0
2021-03-14 20:00:00,0.0,0.0,0.0,0.20635232326947153,0.1785500281074137,0.0,0.0
2021-03-15 00:00:00,0.0,0.0,0.0,0.20635232326947153,0.1785500281074137,0.0,0.0
2021-03-15 04:00:00,0.0,0.0,0.0,0.20635232326947153,0.1785500281074137,0.0,0.0
2021-03-15 08:00:00,0.0,0.0,0.0,0.0,0.0,0.0,0.0
2021-03-15 12:00:00,0.0,0.0,0.0,0.0,0.0,0.0,0.0
2021-03-15 16:00:00,0.0,0.0,0.0,0.0,0.0,0.0,0.0
2021-03-15 20:00:00,0.0,0.0,0.0,0.0,0.0,0.0,0.0
2021-03-16 00:00:00,0.0,0.0,0.0,0.0,0.0,0.0,0.0
2021-03-16 04:00:00,0.0,0.0,0.0,0.0,0.0,0.0,0.0
2021-03-16 08:00:00,0.0,0.0,0.0,0.0,0.0,0.0,0.0
2021-03-16 12:00:00,0.0,0.0,0.0,0.0,0.0,0.0,0.0
2021-03-16 16:00:00,0.0,0.0,0.0,0.0,0.0,0.0,0.0
2021-03-16 20:00:00,0.12651026332443657,0.0,0.0,0.0,0.0,0.0,0.0
2021-03-17 00:00:00,0.12651026332443657,0.0,0.0,0.0,0.0,0.0,0.0
2021-03-17 04:00:00,0.12651026332443657,0.0,0.0,0.0,0.0,0.0,0.0
2021-03-17 08:00:00,0.12651026332443657,0.0,0.0,0.0,0.0,0.0,0.0
2021-03-17 12:00:00,0.12651026332443657,0.0,0.0,0.0,0.0,0.0,0.0
2021-03-17 16:00:00,0.12651026332443657,0.0,0.0,0.0,0.0,0.0,0.0
2021-03-17 20:00:00,0.12651026332443657,0.0,0.0,0.0,0.0,0.0,0.0
2021-03-18 00:00:00,0.12651026332443657,0.0,0.0,0.0,0.0,0.0,0.0
2021-03-18 04:00:00,0.12651026332443657,0.0,0.0,0.0,0.0,0.0,0.0
2021-03-18 08:00:00,0.12651026332443657,0.0,0.0,0.0,0.0,0.0,0.0
2021-03-18 12:00:00,0.12651026332443657,0.0,0.0,0.0,0.0,0.0,0.0
2021-03-18 16:00:00,0.12651026332443657,0.0,0.0,0.0,0.0,0.0,0.0
2021-03-18 20:00:00,0.0,0.0,0.0,0.0,0.0,0.0,0.0
2021-03-19 00:00:00,0.0,0.0,0.0,0.0,0.0,0.0,0.0
2021-03-19 04:00:00,0.0,0.0,0.0,0.0,0.0,0.0,0.0
2021-03-19 08:00:00,0.0,0.0,0.0,0.0,0.0,0.0,0.0
2021-03-19 12:00:00,0.0,0.09788058505168687,0.0,0.0,0.0,0.0,0.0
2021-03-19 16:00:00,0.0,0.09788058505168687,0.0,0.0,0.0,0.0,0.0
2021-03-19 20:00:00,0.0,0.09788058505168687,0.0,0.0,0.0,0.0,0.0
2021-03-20 00:00:00,0.0,0.09788058505168687,0.0,0.0,0.0,0.0,0.0
2021-03-20 04:00:00,0.0,0.09788058505168687,0.0,0.0,0.0,0.0,0.0
2021-03-20 08:00:00,0.0,0.09788058505168687,0.0,0.0,0.0,0.0,0.0
2021-03-20 12:00:00,0.0,0.09788058505168687,0.0,0.0,0.0,0.0,0.0
2021-03-20 16:00:00,0.0,0.09788058505168687,0.0,0.0,0.0,0.0,0.0
2021-03-20 20:00:00,0.0,0.09788058505168687,0.0,0.0,0.0,0.0,0.15506495030910106
2021-03-21 00:00:00,0.0,0.0,0.0,0.0,0.0,0.0,0.15506495030910106
2021-03-21 04:00:00,0.0,0.0,0.0,0.0,0.0,0.0,0.15506495030910106
2021-03-21 08:00:00,0.0,0.0,0.0,0.0,0.0,0.0,0.15506495030910106
2021-03-21 12:00:00,0.0,0.0,0.0,0.0,0.0,0.0,0.15506495030910106
2021-03-21 16:00:00,0.0,0.0,0.0,0.0,0.0,0.0,0.15506495030910106
2021-03-21 20:00:00,0.0,0.0,0.0,0.0,0.0,0.0,0.15506495030910106
2021-03-22 00:00:00,0.0,0.0,0.0,0.0,0.0,0.0,0.15506495030910106
2021-03-22 04:00:00,0.0,0.0,0.0,0.0,0.0,0.0,0.15506495030910106
2021-03-22 08:00:00,0.0,0.0,0.0,0.0,0.0,0.0,0.15506495030910106
2021-03-22 12:00:00,0.0,0.0,0.0,0.0,0.0,0.20095909547656587,0.0
2021-03-22 16:00:00,0.0,0.0,0.0,0.0,0.0,0.20095909547656587,0.15883641404805904
2021-03-22 20:00:00,0.0,0.0,0.0,0.0,0.0,0.0,0.15883641404805904
2021-03-23 00:00:00,0.0,0.0,0.0,0.0,0.0,0.0,0.0
2021-03-23 04:00:00,0.0,0.0,0.0,0.0,0.0,0.0,0.0
2021-03-23 08:00:00,0.0,0.0,0.0,0.0,0.0,0.0,0.0
2021-03-23 12:00:00,0.0,0.0,0.0,0.0,0.0,0.0,0.0
2021-03-23 16:00:00,0.0,0.0,0.0,0.0,0.0,0.0,0.0
2021-03-23 20:00:00,0.0,0.0,0.0,0.0,0.0,0.0,0.0
2021-03-24 00:00:00,0.0,0.0,0.0,0.0,0.0,0.0,0.0
2021-03-24 04:00:00,0.0,0.0,0.0,0.0,0.0,0.0,0.0
2021-03-24 08:00:00,0.0,0.0,0.0,0.0,0.0,0.0,0.0
2021-03-24 12:00:00,0.0,0.0,0.0,0.0,0.0,0.0,0.0
2021-03-24 16:00:00,0.0,0.0,0.0,0.0,0.0,0.0,0.0
2021-03-24 20:00:00,0.0,0.0,0.0,0.0,0.0,0.0,0.0
2021-03-25 00:00:00,0.0,0.0,0.0,0.0,0.0,0.0,0.0
2021-03-25 04:00:00,0.0,0.0,0.0,0.0,0.0,0.0,0.0
2021-03-25 08:00:00,0.0,0.0,0.0,0.0,0.0,0.0,0.0
2021-03-25 12:00:00,0.0,0.0,0.0,0.0,0.0,0.0,0.0
2021-03-25 16:00:00,0.0,0.0,0.0,0.0,0.0,0.0,0.0
2021-03-25 20:00:00,0.0,0.0,0.0,0.0,0.0,0.0,0.0
2021-03-26 00:00:00,0.0,0.0,0.0,0.0,0.0,0.0,0.0
2021-03-26 04:00:00,0.0,0.0,0.0,0.0,0.0,0.0,0.0
2021-03-26 08:00:00,0.0,0.0,0.0,0.0,0.0,0.0,0.0
2021-03-26 12:00:00,0.0,0.0,0.0,0.0,0.0,0.0,0.0
2021-03-26 16:00:00,0.0,0.0,0.0,0.0,0.0,0.0,0.0
2021-03-26 20:00:00,0.0,0.0,0.0,0.0,0.0,0.0,0.0
2021-03-27 00:00:00,0.0,0.0,0.0,0.0,0.0,0.0,0.0
2021-03-27 04:00:00,0.0,0.0,0.0,0.0,0.0,0.0,0.0
2021-03-27 08:00:00,0.0,0.0,0.0,0.0,0.0,0.0,0.0
2021-03-27 12:00:00,0.0,0.0,0.0,0.0,0.0,0.0,0.0
2021-03-27 16:00:00,0.0,0.0,0.0,0.0,0.0,0.0,0.0
2021-03-27 20:00:00,0.0,0.0,0.0,0.0,0.0,0.0,0.0
2021-03-28 00:00:00,0.0,0.0,0.0,0.0,0.0,0.0,0.0
2021-03-28 04:00:00,0.0,0.0,0.16624700127464495,0.0,0.0,0.12803130172764127,0.0
2021-03-28 08:00:00,0.0,0.0,0.16624700127464495,0.0,0.0,0.12803130172764127,0.0
2021-03-28 12:00:00,0.0,0.0,0.16624700127464495,0.0,0.0,0.12803130172764127,0.0
2021-03-28 16:00:00,0.0,0.0,0.16624700127464495,0.0,0.0,0.12803130172764127,0.0
2021-03-28 20:00:00,0.0,0.0,0.0,0.0,0.0,0.12803130172764127,0.0
2021-03-29 00:00:00,0.0,0.0,0.0,0.0,0.0,0.12803130172764127,0.0
2021-03-29 04:00:00,0.0,0.0,0.0,0.0,0.0,0.12803130172764127,0.0
2021-03-29 08:00:00,0.0,0.0,0.0,0.0,0.0,0.12803130172764127,0.0
2021-03-29 12:00:00,0.0,0.0,0.0,0.0,0.0,0.12803130172764127,0.0
2021-03-29 16:00:00,0.0,0.0,0.0,0.0,0.0,0.12803130172764127,0.0
2021-03-29 20:00:00,0.0,0.0,0.0,0.0,0.0,0.12803130172764127,0.0
2021-03-30 00:00:00,0.0,0.0,0.0,0.0,0.0,0.12803130172764127,0.0
2021-03-30 04:00:00,0.0,0.0,0.0,0.0,0.0,0.12803130172764127,0.0
2021-03-30 08:00:00,0.0,0.0,0.0,0.0,0.0,0.12803130172764127,0.0
2021-03-30 12:00:00,0.0,0.0,0.17572088008807832,0.0,0.0,0.12803130172764127,0.0
2021-03-30 16:00:00,0.0,0.0,0.17572088008807832,0.0,0.0,0.12803130172764127,0.0
2021-03-30 20:00:00,0.0,0.0,0.0,0.0,0.0,0.12803130172764127,0.0
2021-03-31 00:00:00,0.0,0.0,0.1818053438458169,0.0,0.0,0.12803130172764127,0.0
2021-03-31 04:00:00,0.0,0.0,0.1818053438458169,0.0,0.0,0.0,0.0
2021-03-31 08:00:00,0.0,0.0,0.1818053438458169,0.0,0.0,0.0,0.0
2021-03-31 12:00:00,0.0,0.0,0.0,0.0,0.0,0.0,0.0
2021-03-31 16:00:00,0.0,0.0,0.0,0.0,0.0,0.0,0.0
2021-03-31 20:00:00,0.0,0.0,0.0,0.0,0.2601512026864259,0.0,0.0
2021-04-01 00:00:00,0.0,0.0,0.0,0.0,0.2601512026864259,0.0,0.0
2021-04-01 04:00:00,0.0,0.0,0.0,0.0,0.2601512026864259,0.0,0.0
2021-04-01 08:00:00,0.0,0.0,0.0,0.0,0.2601512026864259,0.0,0.0
2021-04-01 12:00:00,0.0,0.0,0.0,0.0,0.2601512026864259,0.0,0.0
2021-04-01 16:00:00,0.0,0.0,0.15591893245736432,0.0,0.2601512026864259,0.0,0.0
2021-04-01 20:00:00,0.0,0.0,0.15591893245736432,0.0,0.0,0.0,0.0
2021-04-02 00:00:00,0.0,0.0,0.15591893245736432,0.0,0.0,0.0,0.0
2021-04-02 04:00:00,0.0,0.0,0.15591893245736432,0.25909044092699873,0.23241310539099655,0.0,0.0
2021-04-02 08:00:00,0.0,0.0,0.15591893245736432,0.25909044092699873,0.23241310539099655,0.0,0.0
2021-04-02 12:00:00,0.0,0.0,0.15591893245736432,0.25909044092699873,0.23241310539099655,0.0,0.0
2021-04-02 16:00:00,0.0,0.0,0.15591893245736432,0.25909044092699873,0.23241310539099655,0.0,0.0
2021-04-02 20:00:00,0.0,0.0,0.0,0.25909044092699873,0.23241310539099655,0.0,0.0
2021-04-03 00:00:00,0.0,0.0,0.0,0.25909044092699873,0.23241310539099655,0.0,0.0
2021-04-03 04:00:00,0.0,0.0,0.0,0.25909044092699873,0.23241310539099655,0.1442448755741413,0.1576781015988666
2021-04-03 08:00:00,0.0,0.14133668876316466,0.0,0.25909044092699873,0.23241310539099655,0.1442448755741413,0.1576781015988666
2021-04-03 12:00:00,0.0,0.14133668876316466,0.0,0.25909044092699873,0.23241310539099655,0.1442448755741413,0.1576781015988666
2021-04-03 16:00:00,0.0,0.14133668876316466,0.0,0.25909044092699873,0.23241310539099655,0.1442448755741413,0.1576781015988666
2021-04-03 20:00:00,0.0,0.0,0.0,0.25909044092699873,0.0,0.0,0.0
2021-04-04 00:00:00,0.0,0.0,0.0,0.0,0.0,0.0,0.0
2021-04-04 04:00:00,0.0,0.0,0.0,0.0,0.0,0.0,0.0
2021-04-04 08:00:00,0.0,0.0,0.0,0.0,0.0,0.0,0.0
2021-04-04 12:00:00,0.0,0.0,0.0,0.0,0.0,0.0,0.0
2021-04-04 16:00:00,0.0,0.0,0.0,0.0,0.0,0.12581084745762722,0.0
2021-04-04 20:00:00,0.0,0.0,0.0,0.0,0.0,0.12581084745762722,0.0
2021-04-05 00:00:00,0.0,0.0,0.0,0.0,0.0,0.12581084745762722,0.0
2021-04-05 04:00:00,0.0,0.0,0.0,0.0,0.0,0.12581084745762722,0.13682868045792326
2021-04-05 08:00:00,0.0,0.0,0.0,0.0,0.0,0.12581084745762722,0.13682868045792326
2021-04-05 12:00:00,0.0,0.0,0.13727319638671373,0.0,0.0,0.12581084745762722,0.13682868045792326
2021-04-05 16:00:00,0.0,0.0,0.13727319638671373,0.0,0.0,0.12581084745762722,0.0
2021-04-05 20:00:00,0.0,0.0,0.13727319638671373,0.0,0.0,0.12581084745762722,0.12539254392574056
2021-04-06 00:00:00,0.0,0.0,0.13727319638671373,0.0,0.0,0.0,0.0
2021-04-06 04:00:00,0.0,0.11408569481319662,0.13727319638671373,0.0,0.0,0.0,0.0
2021-04-06 08:00:00,0.0,0.11408569481319662,0.13727319638671373,0.0,0.0,0.0,0.0
2021-04-06 12:00:00,0.0,0.11408569481319662,0.13727319638671373,0.0,0.0,0.0,0.10546387624346655
2021-04-06 16:00:00,0.20376024065540232,0.0,0.13727319638671373,0.0,0.0,0.0,0.0
2021-04-06 20:00:00,0.20376024065540232,0.0,0.13727319638671373,0.0,0.0,0.0,0.0
2021-04-07 00:00:00,0.20376024065540232,0.0,0.13727319638671373,0.0,0.0,0.0,0.0
2021-04-07 04:00:00,0.20376024065540232,0.0,0.13727319638671373,0.0,0.0,0.0,0.0
2021-04-07 08:00:00,0.20376024065540232,0.0,0.13727319638671373,0.0,0.0,0.0,0.0
2021-04-07 12:00:00,0.0,0.0,0.0,0.0,0.0,0.0,0.0
2021-04-07 16:00:00,0.0,0.0,0.0,0.0,0.0,0.0844808563805006,0.0
2021-04-07 20:00:00,0.0,0.0,0.0,0.0,0.0,0.0844808563805006,0.0
2021-04-08 00:00:00,0.0,0.0,0.0,0.0,0.0,0.0844808563805006,0.0
2021-04-08 04:00:00,0.0,0.0,0.0,0.0,0.0,0.0844808563805006,0.0
2021-04-08 08:00:00,0.0,0.0,0.0,0.0,0.0,0.0844808563805006,0.0
2021-04-08 12:00:00,0.0,0.0,0.0,0.0,0.0,0.0844808563805006,0.0
2021-04-08 16:00:00,0.0,0.0,0.11377776374881078,0.0,0.0,0.0844808563805006,0.0
2021-04-08 20:00:00,0.0,0.0,0.11377776374881078,0.0,0.0,0.0844808563805006,0.0
2021-04-09 00:00:00,0.0,0.0,0.11377776374881078,0.0,0.0,0.0844808563805006,0.0
2021-04-09 04:00:00,0.0,0.0,0.11377776374881078,0.0,0.0,0.0844808563805006,0.0
2021-04-09 08:00:00,0.0,0.0,0.11377776374881078,0.0,0.0,0.0844808563805006,0.0
2021-04-09 12:00:00,0.0,0.0,0.11377776374881078,0.0,0.0,0.0844808563805006,0.0
2021-04-09 16:00:00,0.0,0.0,0.11377776374881078,0.0,0.0,0.0844808563805006,0.0
2021-04-09 20:00:00,0.0,0.0,0.11377776374881078,0.0,0.0,0.0844808563805006,0.0
2021-04-10 00:00:00,0.0,0.0,0.11377776374881078,0.0,0.0,0.0844808563805006,0.0
2021-04-10 04:00:00,0.0,0.0,0.11377776374881078,0.0,0.0,0.0844808563805006,0.0
2021-04-10 08:00:00,0.0,0.0,0.11377776374881078,0.2914928790033017,0.0,0.0844808563805006,0.06447697931539724
2021-04-10 12:00:00,0.0,0.0,0.11377776374881078,0.2914928790033017,0.0,0.0844808563805006,0.06447697931539724
2021-04-10 16:00:00,0.0,0.0,0.11377776374881078,0.2914928790033017,0.0,0.0844808563805006,0.06447697931539724
2021-04-10 20:00:00,0.0,0.0,0.11377776374881078,0.2914928790033017,0.0,0.0844808563805006,0.06447697931539724
2021-04-11 00:00:00,0.0,0.0,0.11377776374881078,0.0,0.0,0.0844808563805006,0.06447697931539724
2021-04-11 04:00:00,0.0,0.0,0.11377776374881078,0.0,0.0,0.0844808563805006,0.06447697931539724
2021-04-11 08:00:00,0.0,0.0,0.11377776374881078,0.0,0.0,0.0,0.06447697931539724
2021-04-11 12:00:00,0.0,0.0,0.11377776374881078,0.0,0.0,0.0,0.06447697931539724
2021-04-11 16:00:00,0.0,0.0,0.11377776374881078,0.0,0.0,0.0,0.06447697931539724
2021-04-11 20:00:00,0.0,0.0,0.11377776374881078,0.0,0.0,0.0,0.06447697931539724
2021-04-12 00:00:00,0.0,0.0,0.11377776374881078,0.0,0.0,0.0,0.06447697931539724
2021-04-12 04:00:00,0.0,0.0,0.11377776374881078,0.0,0.0,0.0,0.06447697931539724
2021-04-12 08:00:00,0.0,0.0,0.11377776374881078,0.0,0.0,0.0,0.06447697931539724
2021-04-12 12:00:00,0.0,0.0,0.0,0.0,0.0,0.0,0.06447697931539724
2021-04-12 16:00:00,0.0,0.0,0.0,0.0,0.0,0.0,0.06447697931539724
2021-04-12 20:00:00,0.0,0.13649417730041355,0.0,0.0,0.0,0.0,0.06447697931539724
2021-04-13 00:00:00,0.0,0.13649417730041355,0.0,0.0,0.0,0.0,0.06447697931539724
2021-04-13 04:00:00,0.0,0.13649417730041355,0.0,0.0,0.0,0.0,0.06447697931539724
2021-04-13 08:00:00,0.0,0.13649417730041355,0.0,0.0,0.0,0.0,0.0
2021-04-13 12:00:00,0.0,0.0,0.0,0.30996659792988573,0.2624281879826711,0.0,0.0912924610903633
2021-04-13 16:00:00,0.18997881880450046,0.0,0.0,0.30996659792988573,0.2624281879826711,0.0,0.0912924610903633
2021-04-13 20:00:00,0.18997881880450046,0.0,0.0,0.30996659792988573,0.2624281879826711,0.0,0.0912924610903633
2021-04-14 00:00:00,0.18997881880450046,0.0,0.0,0.30996659792988573,0.2624281879826711,0.0,0.0912924610903633
2021-04-14 04:00:00,0.18997881880450046,0.0,0.0,0.30996659792988573,0.2624281879826711,0.0,0.0912924610903633
2021-04-14 08:00:00,0.18997881880450046,0.0,0.0,0.30996659792988573,0.2624281879826711,0.0,0.0912924610903633
2021-04-14 12:00:00,0.0,0.0,0.0,0.30996659792988573,0.2624281879826711,0.0,0.0912924610903633
2021-04-14 16:00:00,0.0,0.11756374326269263,0.0,0.0,0.0,0.0,0.0
2021-04-14 20:00:00,0.0,0.11756374326269263,0.0,0.0,0.0,0.0,0.0
2021-04-15 00:00:00,0.0,0.11756374326269263,0.0,0.0,0.22255089718098559,0.0,0.0
2021-04-15 04:00:00,0.0,0.11756374326269263,0.0,0.0,0.22255089718098559,0.0,0.0
2021-04-15 08:00:00,0.0,0.11756374326269263,0.0,0.0,0.22255089718098559,0.0,0.0
2021-04-15 12:00:00,0.0,0.0,0.0,0.0,0.22255089718098559,0.0,0.0
2021-04-15 16:00:00,0.0,0.0,0.0,0.0,0.22255089718098559,0.0,0.0
2021-04-15 20:00:00,0.0,0.0,0.0,0.0,0.22255089718098559,0.0,0.0
2021-04-16 00:00:00,0.0,0.0,0.0,0.0,0.22255089718098559,0.0,0.0
2021-04-16 04:00:00,0.0,0.0,0.0,0.0,0.22255089718098559,0.0,0.0
2021-04-16 08:00:00,0.0,0.0,0.0,0.0,0.0,0.0,0.0
2021-04-16 12:00:00,0.0,0.0,0.0,0.0,0.0,0.0,0.0
2021-04-16 16:00:00,0.0,0.0,0.0,0.0,0.0,0.0,0.0
2021-04-16 20:00:00,0.0,0.0,0.0,0.0,0.0,0.0,0.0
2021-04-17 00:00:00,0.0,0.0,0.0,0.0,0.0,0.0,0.0
2021-04-17 04:00:00,0.0,0.0,0.0,0.0,0.0,0.0,0.0
2021-04-17 08:00:00,0.0,0.0,0.0,0.0,0.0,0.0,0.0
2021-04-17 12:00:00,0.0,0.0,0.0,0.0,0.0,0.0,0.0
2021-04-17 16:00:00,0.0,0.0,0.0,0.0,0.0,0.0,0.0
2021-04-17 20:00:00,0.0,0.0,0.0,0.0,0.0,0.0,0.0
2021-04-18 00:00:00,0.0,0.0,0.0,0.0,0.0,0.0,0.0
2021-04-18 04:00:00,0.0,0.0,0.0,0.0,0.0,0.0,0.0
2021-04-18 08:00:00,0.0,0.0,0.0,0.0,0.0,0.0,0.0
2021-04-18 12:00:00,0.0,0.0,0.0,0.0,0.0,0.0,0.0
2021-04-18 16:00:00,0.0,0.0,0.0,0.0,0.0,0.0,0.0
2021-04-18 20:00:00,0.0,0.0,0.0,0.0,0.0,0.09315773887865228,0.0
2021-04-19 00:00:00,0.0,0.0,0.0,0.0,0.0,0.09315773887865228,0.0
2021-04-19 04:00:00,0.0,0.0,0.0,0.0,0.0,0.09315773887865228,0.0
2021-04-19 08:00:00,0.0,0.0,0.0,0.0,0.0,0.09315773887865228,0.0
2021-04-19 12:00:00,0.0,0.0,0.0,0.0,0.0,0.0,0.0
2021-04-19 16:00:00,0.0,0.0,0.0,0.0,0.0,0.0,0.0
2021-04-19 20:00:00,0.0,0.0,0.0,0.0,0.0,0.0,0.0
2021-04-20 00:00:00,0.0,0.0,0.0,0.0,0.0,0.0,0.0
2021-04-20 04:00:00,0.0,0.0,0.0,0.0,0.0,0.0,0.0
2021-04-20 08:00:00,0.0,0.0,0.0,0.0,0.0,0.0,0.0
2021-04-20 12:00:00,0.0,0.0,0.0,0.0,0.0,0.0,0.0
2021-04-20 16:00:00,0.0,0.0,0.0,0.0,0.0,0.0,0.0
2021-04-20 20:00:00,0.0,0.0,0.0,0.0,0.0,0.0,0.0
2021-04-21 00:00:00,0.0,0.0,0.0,0.0,0.0,0.0,0.0
2021-04-21 04:00:00,0.0,0.0,0.0,0.0,0.0,0.0,0.0
2021-04-21 08:00:00,0.0,0.0,0.0,0.0,0.0,0.0,0.0
2021-04-21 12:00:00,0.0,0.0,0.0,0.0,0.0,0.0,0.0
2021-04-21 16:00:00,0.0,0.0,0.0,0.0,0.0,0.0,0.0
2021-04-21 20:00:00,0.0,0.0,0.0,0.0,0.0,0.0,0.0
2021-04-22 00:00:00,0.0,0.0,0.0,0.0,0.0,0.0,0.0
2021-04-22 04:00:00,0.0,0.0,0.0,0.0,0.0,0.0,0.0
2021-04-22 08:00:00,0.0,0.0,0.0,0.0,0.0,0.062311047517943266,0.0
2021-04-22 12:00:00,0.0,0.0,0.0,0.0,0.0,0.062311047517943266,0.0
2021-04-22 16:00:00,0.0,0.0,0.0,0.0,0.11766683794430768,0.062311047517943266,0.0
2021-04-22 20:00:00,0.0,0.0,0.0,0.0,0.11766683794430768,0.062311047517943266,0.0
2021-04-23 00:00:00,0.0,0.0,0.0,0.0,0.0,0.062311047517943266,0.0
2021-04-23 04:00:00,0.0,0.0,0.0,0.0,0.0,0.062311047517943266,0.0
2021-04-23 08:00:00,0.0,0.0,0.0,0.0,0.0,0.0,0.0
2021-04-23 12:00:00,0.0,0.0,0.0,0.0,0.0,0.0,0.0
2021-04-23 16:00:00,0.0,0.0,0.0,0.0,0.0,0.0,0.0
2021-04-23 20:00:00,0.0,0.0,0.0,0.0,0.0,0.0,0.0
2021-04-24 00:00:00,0.0,0.0,0.0,0.0,0.0,0.0,0.0
2021-04-24 04:00:00,0.0,0.0,0.0,0.0,0.0,0.0,0.0
2021-04-24 08:00:00,0.0,0.0,0.0,0.0,0.0,0.0,0.0
2021-04-24 12:00:00,0.0,0.0,0.0,0.0,0.0,0.0,0.0
2021-04-24 16:00:00,0.0,0.0,0.0,0.0,0.0,0.0,0.0
2021-04-24 20:00:00,0.0,0.0,0.0,0.0,0.0,0.0632061582130693,0.0
2021-04-25 00:00:00,0.0,0.0,0.0,0.0,0.0,0.0632061582130693,0.0
2021-04-25 04:00:00,0.0,0.0,0.0,0.0,0.0,0.0632061582130693,0.0
2021-04-25 08:00:00,0.0,0.0,0.0,0.0,0.0,0.0632061582130693,0.0
2021-04-25 12:00:00,0.0,0.0,0.0,0.0,0.0,0.0632061582130693,0.0
2021-04-25 16:00:00,0.0,0.0,0.0,0.0,0.0,0.0632061582130693,0.0
2021-04-25 20:00:00,0.0,0.0,0.0,0.0,0.0,0.0632061582130693,0.0
2021-04-26 00:00:00,0.0,0.0,0.0,0.0,0.0,0.0632061582130693,0.0
2021-04-26 04:00:00,0.0,0.0,0.0,0.0,0.0,0.0632061582130693,0.0
2021-04-26 08:00:00,0.0,0.0,0.0,0.0,0.0,0.0632061582130693,0.0
2021-04-26 12:00:00,0.0,0.0,0.0,0.0,0.0,0.0632061582130693,0.0
2021-04-26 16:00:00,0.0,0.0,0.0,0.0,0.0,0.0632061582130693,0.0
2021-04-26 20:00:00,0.0,0.0,0.0,0.0,0.0,0.0632061582130693,0.0
2021-04-27 00:00:00,0.0,0.0,0.0,0.0,0.0,0.0632061582130693,0.0
2021-04-27 04:00:00,0.0,0.0,0.0,0.0,0.0,0.0632061582130693,0.0
2021-04-27 08:00:00,0.0,0.0,0.0,0.0,0.0,0.0632061582130693,0.0
2021-04-27 12:00:00,0.0,0.0,0.0,0.0,0.0,0.0632061582130693,0.0
2021-04-27 16:00:00,0.0,0.0,0.0,0.0,0.11486545163850514,0.0632061582130693,0.0
2021-04-27 20:00:00,0.0,0.0,0.0,0.0,0.11486545163850514,0.0632061582130693,0.0
2021-04-28 00:00:00,0.0,0.0,0.0,0.0,0.11486545163850514,0.0632061582130693,0.0
2021-04-28 04:00:00,0.0,0.0,0.0,0.0,0.11486545163850514,0.0632061582130693,0.0
2021-04-28 08:00:00,0.0,0.0,0.0,0.0,0.11486545163850514,0.0,0.0
2021-04-28 12:00:00,0.0,0.0,0.0,0.0,0.11486545163850514,0.0,0.0
2021-04-28 16:00:00,0.0,0.0,0.0,0.0,0.11486545163850514,0.0,0.0
2021-04-28 20:00:00,0.0,0.0,0.0,0.0,0.11486545163850514,0.0,0.0
2021-04-29 00:00:00,0.0,0.0,0.0,0.0,0.11486545163850514,0.0,0.0
2021-04-29 04:00:00,0.0,0.0,0.0,0.0,0.11486545163850514,0.0,0.0
2021-04-29 08:00:00,0.1303879643783225,0.0,0.0,0.0,0.11486545163850514,0.0,0.0
2021-04-29 12:00:00,0.1303879643783225,0.0,0.0,0.0,0.11486545163850514,0.0,0.0
2021-04-29 16:00:00,0.1303879643783225,0.0,0.0,0.0,0.11486545163850514,0.0,0.0
2021-04-29 20:00:00,0.0,0.0,0.0,0.0,0.11486545163850514,0.0,0.0
2021-04-30 00:00:00,0.0,0.0,0.0,0.0,0.11486545163850514,0.0,0.0
2021-04-30 04:00:00,0.0,0.0,0.0,0.0,0.11486545163850514,0.0,0.0
2021-04-30 08:00:00,0.0,0.09808052637514209,0.14167663275262868,0.0,0.11486545163850514,0.0,0.08917544496912465
2021-04-30 12:00:00,0.0,0.09808052637514209,0.14167663275262868,0.0,0.11486545163850514,0.0,0.08917544496912465
2021-04-30 16:00:00,0.0,0.09808052637514209,0.14167663275262868,0.21018891986730467,0.11486545163850514,0.0,0.08917544496912465
2021-04-30 20:00:00,0.0,0.09808052637514209,0.14167663275262868,0.21018891986730467,0.11486545163850514,0.0,0.08917544496912465
2021-05-01 00:00:00,0.0,0.09808052637514209,0.14167663275262868,0.21018891986730467,0.11486545163850514,0.0,0.08917544496912465
2021-05-01 04:00:00,0.0,0.09808052637514209,0.14167663275262868,0.21018891986730467,0.11486545163850514,0.0,0.08917544496912465
2021-05-01 08:00:00,0.0,0.09808052637514209,0.14167663275262868,0.21018891986730467,0.11486545163850514,0.0,0.08917544496912465
2021-05-01 12:00:00,0.0,0.09808052637514209,0.14167663275262868,0.21018891986730467,0.11486545163850514,0.0,0.08917544496912465
2021-05-01 16:00:00,0.0,0.09808052637514209,0.14167663275262868,0.21018891986730467,0.11486545163850514,0.0,0.08917544496912465
2021-05-01 20:00:00,0.0,0.09808052637514209,0.14167663275262868,0.21018891986730467,0.11486545163850514,0.11464274122501966,0.08917544496912465
2021-05-02 00:00:00,0.0,0.09808052637514209,0.14167663275262868,0.21018891986730467,0.11486545163850514,0.11464274122501966,0.08917544496912465
2021-05-02 04:00:00,0.0,0.0,0.14167663275262868,0.21018891986730467,0.11486545163850514,0.11464274122501966,0.08917544496912465
2021-05-02 08:00:00,0.0,0.0,0.14167663275262868,0.21018891986730467,0.11486545163850514,0.11464274122501966,0.08917544496912465
2021-05-02 12:00:00,0.0,0.0,0.14167663275262868,0.21018891986730467,0.11486545163850514,0.11464274122501966,0.08917544496912465
2021-05-02 16:00:00,0.0,0.0,0.14167663275262868,0.21018891986730467,0.11486545163850514,0.11464274122501966,0.08917544496912465
2021-05-02 20:00:00,0.0,0.0,0.14167663275262868,0.21018891986730467,0.11486545163850514,0.11464274122501966,0.08917544496912465
2021-05-03 00:00:00,0.0,0.0,0.14167663275262868,0.21018891986730467,0.11486545163850514,0.11464274122501966,0.08917544496912465
2021-05-03 04:00:00,0.0,0.0,0.14167663275262868,0.21018891986730467,0.11486545163850514,0.11464274122501966,0.08917544496912465
2021-05-03 08:00:00,0.0,0.0,0.14167663275262868,0.21018891986730467,0.11486545163850514,0.11464274122501966,0.08917544496912465
2021-05-03 12:00:00,0.0,0.0,0.14167663275262868,0.21018891986730467,0.11486545163850514,0.11464274122501966,0.08917544496912465
2021-05-03 16:00:00,0.0,0.0,0.14167663275262868,0.21018891986730467,0.11486545163850514,0.11464274122501966,0.0
2021-05-03 20:00:00,0.0,0.10207864613420092,0.14167663275262868,0.21018891986730467,0.0,0.11464274122501966,0.0
2021-05-04 00:00:00,0.0,0.10207864613420092,0.14167663275262868,0.21018891986730467,0.22471804141942106,0.0,0.0
2021-05-04 04:00:00,0.0,0.0,0.0,0.0,0.0,0.0,0.0
2021-05-04 08:00:00,0.0,0.0,0.0,0.0,0.0,0.0,0.0
2021-05-04 12:00:00,0.0,0.0,0.0,0.0,0.19040934243307445,0.0,0.0
2021-05-04 16:00:00,0.0,0.0,0.0,0.0,0.0,0.0,0.0
2021-05-04 20:00:00,0.0,0.0,0.0,0.0,0.0,0.0,0.0
2021-05-05 00:00:00,0.0,0.0,0.0,0.0,0.0,0.0,0.0
2021-05-05 04:00:00,0.0,0.0,0.0,0.0,0.0,0.0,0.0
2021-05-05 08:00:00,0.0,0.0,0.0,0.0,0.0,0.0,0.0
2021-05-05 12:00:00,0.0,0.0,0.0,0.0,0.0,0.0,0.0
2021-05-05 16:00:00,0.0,0.0,0.0,0.0,0.0,0.0,0.0
2021-05-05 20:00:00,0.17050376465109057,0.0,0.0,0.0,0.0,0.0,0.0
2021-05-06 00:00:00,0.17050376465109057,0.0,0.0,0.0,0.0,0.0,0.0
2021-05-06 04:00:00,0.17050376465109057,0.0,0.0,0.0,0.0,0.0,0.10983971312537794
2021-05-06 08:00:00,0.17050376465109057,0.0,0.0,0.0,0.0,0.0,0.10983971312537794
2021-05-06 12:00:00,0.0,0.0,0.0,0.0,0.0,0.0,0.10983971312537794
2021-05-06 16:00:00,0.0,0.0,0.0,0.0,0.13214019046296036,0.0,0.10983971312537794
2021-05-06 20:00:00,0.0,0.0,0.0,0.0,0.13214019046296036,0.0,0.0
2021-05-07 00:00:00,0.0,0.0,0.0,0.0,0.13214019046296036,0.0,0.0
2021-05-07 04:00:00,0.0,0.0,0.0,0.0,0.13214019046296036,0.0,0.0
2021-05-07 08:00:00,0.0,0.08184279788890575,0.0,0.0,0.13214019046296036,0.0,0.0
2021-05-07 12:00:00,0.0,0.08184279788890575,0.0,0.0,0.13214019046296036,0.0,0.0
2021-05-07 16:00:00,0.0,0.08184279788890575,0.0,0.0,0.13214019046296036,0.0,0.0
2021-05-07 20:00:00,0.0,0.08184279788890575,0.0,0.0,0.13214019046296036,0.0,0.0
2021-05-08 00:00:00,0.0,0.0,0.0,0.0,0.13214019046296036,0.0,0.0
2021-05-08 04:00:00,0.0,0.0,0.0,0.0,0.13214019046296036,0.0,0.0
2021-05-08 08:00:00,0.0,0.0,0.0,0.0,0.13214019046296036,0.0,0.0
2021-05-08 12:00:00,0.0,0.0,0.0,0.0,0.13214019046296036,0.0,0.0
2021-05-08 16:00:00,0.0,0.0,0.0,0.0,0.13214019046296036,0.0,0.0
2021-05-08 20:00:00,0.0,0.0,0.0,0.0,0.13214019046296036,0.0,0.0
2021-05-09 00:00:00,0.0,0.0,0.0,0.0,0.13214019046296036,0.0,0.0
2021-05-09 04:00:00,0.0,0.0,0.0,0.0,0.13214019046296036,0.0,0.0
2021-05-09 08:00:00,0.0,0.0,0.0,0.0,0.13214019046296036,0.0,0.0
2021-05-09 12:00:00,0.0,0.0,0.0,0.0,0.13214019046296036,0.0,0.0
2021-05-09 16:00:00,0.10218796335018825,0.0,0.0,0.0,0.13214019046296036,0.0,0.0
2021-05-09 20:00:00,0.10218796335018825,0.0,0.0,0.0,0.13214019046296036,0.0,0.0
2021-05-10 00:00:00,0.10218796335018825,0.0,0.0,0.0,0.13214019046296036,0.0,0.0
2021-05-10 04:00:00,0.10218796335018825,0.0,0.0,0.0,0.13214019046296036,0.0,0.0
2021-05-10 08:00:00,0.10218796335018825,0.0,0.0,0.0,0.13214019046296036,0.0,0.0
2021-05-10 12:00:00,0.10218796335018825,0.0,0.0,0.0,0.13214019046296036,0.0,0.0
2021-05-10 16:00:00,0.10218796335018825,0.0,0.0,0.0,0.13214019046296036,0.0,0.0
2021-05-10 20:00:00,0.0,0.0,0.0,0.0,0.13214019046296036,0.0,0.0
2021-05-11 00:00:00,0.0,0.0,0.0,0.0,0.0,0.0,0.0
2021-05-11 04:00:00,0.0,0.0,0.0,0.0,0.0,0.0,0.0
2021-05-11 08:00:00,0.0,0.0,0.0,0.0,0.0,0.0,0.0
2021-05-11 12:00:00,0.0,0.0,0.0,0.0,0.0,0.0,0.0
2021-05-11 16:00:00,0.0,0.0,0.0,0.0,0.0,0.0,0.0
2021-05-11 20:00:00,0.0,0.0,0.0,0.0,0.0,0.0,0.0
2021-05-12 00:00:00,0.0,0.0,0.0,0.0,0.0,0.0,0.0
2021-05-12 04:00:00,0.0,0.0,0.0,0.0,0.14286752163055713,0.0,0.0
2021-05-12 08:00:00,0.0,0.0,0.0,0.0,0.14286752163055713,0.0,0.0
2021-05-12 12:00:00,0.0,0.0,0.0,0.0,0.14286752163055713,0.0,0.0
2021-05-12 16:00:00,0.0,0.0,0.0,0.0,0.14286752163055713,0.0,0.0
2021-05-12 20:00:00,0.0,0.0,0.0,0.0,0.0,0.0,0.0
2021-05-13 00:00:00,0.0,0.0,0.0,0.0,0.0,0.0,0.0
2021-05-13 04:00:00,0.0,0.0,0.0,0.0,0.0,0.0,0.0
2021-05-13 08:00:00,0.0,0.0,0.0,0.0,0.0,0.0,0.0
2021-05-13 12:00:00,0.0,0.0,0.0,0.0,0.0,0.0,0.0
2021-05-13 16:00:00,0.09094788365598823,0.0,0.0,0.0,0.0,0.0,0.0
2021-05-13 20:00:00,0.09094788365598823,0.0,0.0,0.0,0.0,0.0,0.0
2021-05-14 00:00:00,0.09094788365598823,0.0,0.0,0.0,0.0,0.0,0.0
2021-05-14 04:00:00,0.09094788365598823,0.0,0.0,0.0,0.0,0.0,0.0
2021-05-14 08:00:00,0.09094788365598823,0.0,0.0,0.0,0.0,0.0,0.0
2021-05-14 12:00:00,0.09094788365598823,0.0,0.0,0.0,0.0,0.0,0.0
2021-05-14 16:00:00,0.09094788365598823,0.0,0.0,0.0,0.0,0.0,0.0
2021-05-14 20:00:00,0.09094788365598823,0.0,0.0,0.0,0.0,0.0,0.0
2021-05-15 00:00:00,0.09094788365598823,0.0,0.0,0.0,0.0,0.0,0.0
2021-05-15 04:00:00,0.09094788365598823,0.0,0.0,0.0,0.0,0.0,0.0
2021-05-15 08:00:00,0.09094788365598823,0.0,0.0,0.0,0.0,0.0,0.0
2021-05-15 12:00:00,0.09094788365598823,0.0,0.0,0.0,0.0,0.0,0.0
2021-05-15 16:00:00,0.09094788365598823,0.0,0.0,0.0,0.0,0.0,0.0
2021-05-15 20:00:00,0.09094788365598823,0.0,0.0,0.0,0.0,0.0,0.0
2021-05-16 00:00:00,0.09094788365598823,0.0,0.0,0.0,0.0,0.0,0.0
2021-05-16 04:00:00,0.09094788365598823,0.0,0.0,0.0,0.0,0.0,0.0
2021-05-16 08:00:00,0.09094788365598823,0.0,0.0,0.0,0.0,0.0,0.0
2021-05-16 12:00:00,0.09094788365598823,0.0,0.0,0.0,0.0,0.0,0.0
2021-05-16 16:00:00,0.09094788365598823,0.0,0.0,0.0,0.0,0.0,0.0
2021-05-16 20:00:00,0.0,0.0,0.0,0.0,0.0,0.0,0.0
2021-05-17 00:00:00,0.0,0.0,0.0,0.0,0.0,0.0,0.0
2021-05-17 04:00:00,0.0,0.0,0.0,0.0,0.0,0.0,0.0
2021-05-17 08:00:00,0.0,0.0,0.0,0.0,0.0,0.0,0.0
2021-05-17 12:00:00,0.0,0.0,0.0,0.0,0.0,0.0,0.0
2021-05-17 16:00:00,0.0,0.0,0.0,0.0,0.0,0.0,0.0
2021-05-17 20:00:00,0.0,0.0,0.0,0.0,0.0,0.0,0.0
2021-05-18 00:00:00,0.0,0.0,0.0,0.0,0.0,0.0,0.0
2021-05-18 04:00:00,0.0,0.0,0.0,0.0,0.0,0.0,0.0
2021-05-18 08:00:00,0.0,0.0,0.0,0.0,0.0,0.0,0.0
2021-05-18 12:00:00,0.0,0.0,0.0,0.0,0.0,0.07707257304429786,0.08457446808510638
2021-05-18 16:00:00,0.0,0.0,0.0,0.0,0.0,0.07707257304429786,0.08457446808510638
2021-05-18 20:00:00,0.0,0.0,0.0,0.0,0.0,0.07707257304429786,0.08457446808510638
2021-05-19 00:00:00,0.0,0.0,0.0,0.0,0.0,0.07707257304429786,0.08457446808510638
2021-05-19 04:00:00,0.0,0.0,0.0,0.0,0.0,0.07707257304429786,0.0
2021-05-19 08:00:00,0.0,0.0,0.0,0.0,0.0,0.0,0.0
2021-05-19 12:00:00,0.0,0.0,0.0,0.0,0.0,0.0,0.0
2021-05-19 16:00:00,0.0,0.0,0.0,0.0,0.0,0.0,0.0
2021-05-19 20:00:00,0.0,0.0,0.0,0.0,0.0,0.0,0.0
2021-05-20 00:00:00,0.0,0.0,0.0,0.0,0.0,0.0,0.0
2021-05-20 04:00:00,0.0,0.0,0.0,0.0,0.0,0.0,0.0
2021-05-20 08:00:00,0.0,0.0,0.0,0.0,0.0,0.0,0.0
2021-05-20 12:00:00,0.0,0.0,0.0,0.0,0.0,0.0,0.0
2021-05-20 16:00:00,0.0,0.0,0.0,0.0,0.0,0.0,0.0
2021-05-20 20:00:00,0.0,0.0,0.0,0.0,0.0,0.0,0.0
2021-05-21 00:00:00,0.0,0.0,0.0,0.0,0.0,0.0,0.0
2021-05-21 04:00:00,0.0,0.0,0.0,0.0,0.0,0.0,0.0
2021-05-21 08:00:00,0.0,0.0,0.0,0.0,0.0,0.0,0.0
2021-05-21 12:00:00,0.0,0.0,0.0,0.0,0.0,0.0,0.0
2021-05-21 16:00:00,0.0,0.0,0.0,0.0,0.0,0.0,0.0
2021-05-21 20:00:00,0.0,0.0,0.0,0.0,0.0,0.0,0.0
2021-05-22 00:00:00,0.0,0.0,0.0,0.0,0.0,0.0,0.0
2021-05-22 04:00:00,0.0,0.0,0.0,0.0,0.0,0.0,0.0
2021-05-22 08:00:00,0.0,0.0,0.0,0.0,0.0,0.0,0.0
2021-05-22 12:00:00,0.0,0.0,0.0,0.0,0.0,0.0,0.0
2021-05-22 16:00:00,0.0,0.0,0.0,0.0,0.0,0.0,0.0
2021-05-22 20:00:00,0.0,0.0,0.0,0.0,0.0,0.0,0.0
2021-05-23 00:00:00,0.0,0.0,0.0,0.0,0.0,0.0,0.0
2021-05-23 04:00:00,0.0,0.0,0.0,0.0,0.0,0.0,0.0
2021-05-23 08:00:00,0.0,0.0,0.0,0.0,0.0,0.0,0.0
2021-05-23 12:00:00,0.0,0.0,0.0,0.0,0.0,0.0,0.0
2021-05-23 16:00:00,0.0,0.0,0.0,0.0,0.0,0.0,0.0
2021-05-23 20:00:00,0.0,0.0,0.0,0.0,0.0,0.0,0.0
2021-05-24 00:00:00,0.0,0.0,0.0,0.0,0.0,0.0,0.0
2021-05-24 04:00:00,0.0,0.0,0.0,0.0,0.0,0.0,0.0
2021-05-24 08:00:00,0.0,0.0,0.0,0.0,0.0,0.0,0.0
2021-05-24 12:00:00,0.0,0.0,0.0,0.0,0.0,0.0,0.0
2021-05-24 16:00:00,0.0,0.0,0.0,0.0,0.0,0.0,0.0
2021-05-24 20:00:00,0.0,0.0,0.0,0.0,0.0,0.0,0.0
2021-05-25 00:00:00,0.0,0.0,0.0,0.0,0.0,0.0,0.0
2021-05-25 04:00:00,0.0,0.0,0.0,0.0,0.0,0.0,0.0
2021-05-25 08:00:00,0.0,0.0,0.0,0.0,0.0,0.0,0.0
2021-05-25 12:00:00,0.0,0.0,0.0,0.0,0.0,0.0,0.0
2021-05-25 16:00:00,0.0,0.0,0.0,0.0,0.0,0.0,0.0
2021-05-25 20:00:00,0.0,0.0,0.0,0.0,0.0,0.0,0.0
2021-05-26 00:00:00,0.0,0.0,0.0,0.0,0.0,0.0,0.0
2021-05-26 04:00:00,0.0,0.0,0.0,0.0,0.0,0.0,0.0
2021-05-26 08:00:00,0.0,0.0,0.0,0.0,0.0,0.0,0.0
2021-05-26 12:00:00,0.0,0.0,0.0,0.0,0.0,0.0,0.0
2021-05-26 16:00:00,0.0,0.0,0.0,0.0,0.0,0.0,0.0
2021-05-26 20:00:00,0.0,0.0,0.0,0.0,0.0,0.0,0.0
2021-05-27 00:00:00,0.0,0.0,0.0,0.0,0.0,0.0,0.0
2021-05-27 04:00:00,0.0,0.0,0.0,0.0,0.0,0.0,0.0
2021-05-27 08:00:00,0.0,0.0,0.0,0.0,0.0,0.0,0.0
2021-05-27 12:00:00,0.0,0.0,0.0,0.0,0.0,0.0,0.0
2021-05-27 16:00:00,0.0,0.0,0.0,0.0,0.0,0.0,0.0
2021-05-27 20:00:00,0.0,0.0,0.0,0.0,0.0,0.0,0.0
2021-05-28 00:00:00,0.0,0.0,0.0,0.0,0.0,0.0,0.0
2021-05-28 04:00:00,0.0,0.0,0.0,0.0,0.0,0.0,0.0
2021-05-28 08:00:00,0.0,0.0,0.0,0.0,0.0,0.0,0.0
2021-05-28 12:00:00,0.0,0.0,0.0,0.0,0.0,0.0,0.0
2021-05-28 16:00:00,0.0,0.0,0.0,0.0,0.0,0.0,0.0
2021-05-28 20:00:00,0.0,0.0,0.0,0.0,0.0,0.0,0.0
2021-05-29 00:00:00,0.0,0.0,0.0,0.0,0.0,0.0,0.0
2021-05-29 04:00:00,0.0,0.0,0.0,0.0,0.0,0.0,0.0
2021-05-29 08:00:00,0.0,0.0,0.0,0.0,0.0,0.0,0.0
2021-05-29 12:00:00,0.0,0.0,0.0,0.0,0.0,0.0,0.0
2021-05-29 16:00:00,0.0,0.0,0.0,0.0,0.0,0.0,0.0
2021-05-29 20:00:00,0.0,0.0,0.0,0.0,0.0,0.0,0.0
2021-05-30 00:00:00,0.0,0.0,0.0,0.0,0.0,0.0,0.0
2021-05-30 04:00:00,0.0,0.0,0.0,0.0,0.0,0.0,0.0
2021-05-30 08:00:00,0.0,0.0,0.0,0.0,0.0,0.0,0.0
2021-05-30 12:00:00,0.0,0.0,0.0,0.0,0.0,0.0,0.0
2021-05-30 16:00:00,0.0,0.0,0.0,0.0,0.0,0.0,0.0
2021-05-30 20:00:00,0.0,0.0,0.0,0.0,0.0,0.0,0.0
2021-05-31 00:00:00,0.0,0.0,0.0,0.0,0.0,0.0,0.0
2021-05-31 04:00:00,0.0,0.0,0.0,0.0,0.0,0.0,0.0
2021-05-31 08:00:00,0.0,0.0,0.0,0.0,0.0,0.0,0.0
2021-05-31 12:00:00,0.0,0.0,0.0,0.0,0.0,0.0,0.0
2021-05-31 16:00:00,0.0,0.0,0.0,0.0,0.0,0.0,0.0
2021-05-31 20:00:00,0.0,0.0,0.0,0.0,0.0,0.0,0.0
2021-06-01 00:00:00,0.0,0.0,0.0,0.0,0.0,0.0,0.0
2021-06-01 04:00:00,0.0,0.0,0.0,0.0,0.0,0.0,0.0
2021-06-01 08:00:00,0.0,0.0,0.0,0.0,0.0,0.0,0.0
2021-06-01 12:00:00,0.0,0.0,0.0,0.0,0.0,0.0,0.0
2021-06-01 16:00:00,0.0,0.0,0.0,0.0,0.0,0.0,0.0
2021-06-01 20:00:00,0.0,0.0,0.0,0.0,0.0,0.0,0.0
2021-06-02 00:00:00,0.0,0.0,0.0,0.0,0.0,0.0,0.0
2021-06-02 04:00:00,0.0,0.0,0.0,0.0,0.0,0.0,0.0
2021-06-02 08:00:00,0.0,0.0,0.0,0.0,0.0,0.0,0.0
2021-06-02 12:00:00,0.0,0.0,0.0,0.0,0.0,0.0,0.0
2021-06-02 16:00:00,0.0,0.0,0.11417251902783405,0.0,0.0,0.0,0.0
2021-06-02 20:00:00,0.0,0.0,0.11417251902783405,0.0,0.0,0.0,0.0
2021-06-03 00:00:00,0.0,0.0,0.11417251902783405,0.0,0.0,0.0,0.0
2021-06-03 04:00:00,0.0,0.0,0.11417251902783405,0.0,0.0,0.0,0.0
2021-06-03 08:00:00,0.0,0.0,0.11417251902783405,0.0,0.0,0.0,0.0
2021-06-03 12:00:00,0.11081492764661083,0.0,0.11417251902783405,0.0,0.0,0.0,0.0
2021-06-03 16:00:00,0.11081492764661083,0.0,0.11417251902783405,0.0,0.0,0.1068565029891354,0.0
2021-06-03 20:00:00,0.11081492764661083,0.0,0.11417251902783405,0.0,0.0,0.1068565029891354,0.0
2021-06-04 00:00:00,0.11081492764661083,0.0,0.11417251902783405,0.0,0.0,0.1068565029891354,0.0
2021-06-04 04:00:00,0.0,0.0,0.11417251902783405,0.0,0.0,0.1068565029891354,0.0
2021-06-04 08:00:00,0.0,0.0,0.0,0.0,0.0,0.0,0.0
2021-06-04 12:00:00,0.0,0.0,0.0,0.0,0.0,0.0,0.0
2021-06-04 16:00:00,0.0,0.0,0.0,0.0,0.0,0.0,0.0
2021-06-04 20:00:00,0.0,0.0,0.0,0.0,0.0,0.0,0.0
2021-06-05 00:00:00,0.0,0.0,0.0,0.0,0.0,0.0,0.0
2021-06-05 04:00:00,0.0,0.0,0.0,0.0,0.0,0.0,0.0
2021-06-05 08:00:00,0.0,0.0,0.0,0.0,0.0,0.0,0.0
2021-06-05 12:00:00,0.0,0.0,0.0,0.0,0.0,0.0,0.0
2021-06-05 16:00:00,0.0,0.0,0.0,0.0,0.0,0.0,0.0
2021-06-05 20:00:00,0.0,0.0,0.0,0.0,0.0,0.0,0.0
2021-06-06 00:00:00,0.0,0.0,0.0,0.0,0.0,0.0,0.0
2021-06-06 04:00:00,0.0,0.0,0.0,0.0,0.0,0.0,0.0
2021-06-06 08:00:00,0.0,0.0,0.0,0.0,0.0,0.0,0.0
2021-06-06 12:00:00,0.0,0.0,0.0,0.0,0.0,0.0,0.0
2021-06-06 16:00:00,0.0,0.0,0.0,0.0,0.0,0.09587430430176515,0.0
2021-06-06 20:00:00,0.0,0.0,0.0,0.0,0.0,0.09587430430176515,0.0
2021-06-07 00:00:00,0.0,0.0,0.0,0.0,0.0,0.09587430430176515,0.0
2021-06-07 04:00:00,0.0,0.0,0.0,0.0,0.0,0.09587430430176515,0.0
2021-06-07 08:00:00,0.0,0.0,0.0,0.0,0.0,0.09587430430176515,0.0
2021-06-07 12:00:00,0.0,0.0,0.0,0.0,0.0,0.09587430430176515,0.0
2021-06-07 16:00:00,0.0,0.0,0.0,0.0,0.0,0.09587430430176515,0.0
2021-06-07 20:00:00,0.0,0.0,0.0,0.0,0.0,0.09587430430176515,0.0
2021-06-08 00:00:00,0.0,0.0,0.0,0.0,0.0,0.0,0.0
2021-06-08 04:00:00,0.0,0.0,0.0,0.0,0.0,0.0,0.0
2021-06-08 08:00:00,0.0,0.0,0.0,0.0,0.0,0.0,0.0
2021-06-08 12:00:00,0.0,0.0,0.0,0.0,0.0,0.0,0.0
2021-06-08 16:00:00,0.0,0.0,0.0,0.0,0.0,0.0,0.0
2021-06-08 20:00:00,0.0,0.0,0.0,0.0,0.0,0.0,0.0
2021-06-09 00:00:00,0.0,0.0,0.0,0.0,0.0,0.0,0.0
2021-06-09 04:00:00,0.0,0.0,0.0,0.0,0.0,0.0,0.0
2021-06-09 08:00:00,0.0,0.0,0.0,0.0,0.0,0.0,0.0
2021-06-09 12:00:00,0.0,0.0,0.0,0.0,0.0,0.0,0.0
2021-06-09 16:00:00,0.0,0.0,0.0,0.0,0.0,0.0,0.0
2021-06-09 20:00:00,0.0,0.0,0.0,0.0,0.0,0.0,0.0
2021-06-10 00:00:00,0.0,0.0,0.0,0.0,0.0,0.0,0.0
2021-06-10 04:00:00,0.0,0.0,0.0,0.0,0.0,0.0,0.0
2021-06-10 08:00:00,0.0,0.0,0.0,0.0,0.0,0.0,0.0
2021-06-10 12:00:00,0.0,0.0,0.0,0.0,0.0,0.0,0.0
2021-06-10 16:00:00,0.0,0.0,0.0,0.0,0.0,0.0,0.0
2021-06-10 20:00:00,0.0,0.0,0.0,0.0,0.0,0.0,0.0
2021-06-11 00:00:00,0.0,0.0,0.0,0.0,0.0,0.0,0.0
2021-06-11 04:00:00,0.0,0.0,0.0,0.0,0.0,0.0,0.0
2021-06-11 08:00:00,0.0,0.0,0.0,0.0,0.0,0.0,0.0
2021-06-11 12:00:00,0.0,0.0,0.0,0.0,0.0,0.0,0.0
2021-06-11 16:00:00,0.0,0.0,0.0,0.0,0.0,0.0,0.0
2021-06-11 20:00:00,0.0,0.0,0.0,0.0,0.0,0.0,0.0
2021-06-12 00:00:00,0.0,0.0,0.0,0.0,0.0,0.0,0.0
2021-06-12 04:00:00,0.0,0.0,0.0,0.0,0.0,0.0,0.0
2021-06-12 08:00:00,0.0,0.0,0.0,0.0,0.0,0.0,0.0
2021-06-12 12:00:00,0.0,0.0,0.0,0.0,0.0,0.0,0.0
2021-06-12 16:00:00,0.0,0.0,0.0,0.0,0.0,0.0,0.0
2021-06-12 20:00:00,0.0,0.0,0.0,0.0,0.0,0.0,0.0
2021-06-13 00:00:00,0.0,0.0,0.0,0.0,0.0,0.0,0.0
2021-06-13 04:00:00,0.0,0.0,0.0,0.0,0.0,0.0,0.0
2021-06-13 08:00:00,0.0,0.0,0.0,0.0,0.0,0.0,0.0
2021-06-13 12:00:00,0.0,0.0,0.0,0.0,0.0,0.0,0.0
2021-06-13 16:00:00,0.0,0.0,0.0,0.0,0.0,0.0,0.0
2021-06-13 20:00:00,0.0,0.0,0.0,0.0,0.0,0.0,0.0
2021-06-14 00:00:00,0.0,0.0,0.0,0.0,0.0,0.0,0.0
2021-06-14 04:00:00,0.0,0.0,0.0,0.0,0.0,0.0,0.0
2021-06-14 08:00:00,0.0,0.0,0.0,0.0,0.0,0.0,0.0
2021-06-14 12:00:00,0.0,0.0,0.0,0.0,0.0,0.0,0.0
2021-06-14 16:00:00,0.0,0.0,0.0,0.17724102469081274,0.0,0.0,0.0
2021-06-14 20:00:00,0.0,0.0,0.0,0.17724102469081274,0.0,0.0,0.0
2021-06-15 00:00:00,0.0,0.0,0.0,0.17724102469081274,0.0,0.0,0.0
2021-06-15 04:00:00,0.0,0.0,0.0,0.17724102469081274,0.0,0.0,0.0
2021-06-15 08:00:00,0.0,0.0,0.0,0.17724102469081274,0.0,0.0,0.0
2021-06-15 12:00:00,0.0,0.0,0.0,0.17724102469081274,0.0,0.0,0.0
2021-06-15 16:00:00,0.0,0.0,0.0,0.17724102469081274,0.0,0.0,0.0
2021-06-15 20:00:00,0.0,0.0,0.0,0.17724102469081274,0.0,0.0,0.0
2021-06-16 00:00:00,0.0,0.0,0.0,0.17724102469081274,0.0,0.0,0.0
2021-06-16 04:00:00,0.0,0.0,0.0,0.17724102469081274,0.0,0.0,0.0
2021-06-16 08:00:00,0.0,0.0,0.0,0.17724102469081274,0.0,0.0,0.0
2021-06-16 12:00:00,0.0,0.0,0.0,0.17724102469081274,0.0,0.0,0.0
2021-06-16 16:00:00,0.0,0.0,0.0,0.17724102469081274,0.0,0.0,0.0
2021-06-16 20:00:00,0.0,0.0,0.0,0.0,0.0,0.0,0.0
2021-06-17 00:00:00,0.0,0.0,0.0,0.0,0.0,0.0,0.0
2021-06-17 04:00:00,0.0,0.0,0.0,0.0,0.0,0.0,0.0
2021-06-17 08:00:00,0.0,0.0,0.0,0.0,0.0,0.0,0.0
2021-06-17 12:00:00,0.0,0.0,0.0,0.0,0.0,0.0,0.0
2021-06-17 16:00:00,0.0,0.0,0.0,0.0,0.0,0.0,0.0
2021-06-17 20:00:00,0.0,0.0,0.0,0.0,0.0,0.0,0.0
2021-06-18 00:00:00,0.0,0.0,0.0,0.0,0.0,0.0,0.0
2021-06-18 04:00:00,0.0,0.0,0.0,0.0,0.0,0.0,0.0
2021-06-18 08:00:00,0.0,0.0,0.0,0.0,0.0,0.0,0.0
2021-06-18 12:00:00,0.0,0.0,0.0,0.0,0.0,0.0,0.0
2021-06-18 16:00:00,0.0,0.0,0.0,0.0,0.0,0.0,0.0
2021-06-18 20:00:00,0.0,0.0,0.0,0.0,0.0,0.0,0.0
2021-06-19 00:00:00,0.0,0.0,0.0,0.0,0.0,0.0,0.0
2021-06-19 04:00:00,0.0,0.0,0.0,0.0,0.0,0.0,0.0
2021-06-19 08:00:00,0.0,0.0,0.0,0.0,0.0,0.0,0.0
2021-06-19 12:00:00,0.0,0.0,0.0,0.0,0.0,0.0,0.0
2021-06-19 16:00:00,0.0,0.0,0.0,0.0,0.0,0.0,0.0
2021-06-19 20:00:00,0.0,0.0,0.0,0.0,0.0,0.0,0.0
2021-06-20 00:00:00,0.0,0.0,0.0,0.0,0.0,0.0,0.0
2021-06-20 04:00:00,0.0,0.0,0.0,0.0,0.0,0.0,0.0
2021-06-20 08:00:00,0.0,0.0,0.0,0.0,0.0,0.0,0.0
2021-06-20 12:00:00,0.0,0.0,0.0,0.0,0.0,0.0,0.0
2021-06-20 16:00:00,0.0,0.0,0.0,0.0,0.0,0.0,0.0
2021-06-20 20:00:00,0.0,0.0,0.0,0.0,0.0,0.0,0.0
2021-06-21 00:00:00,0.0,0.0,0.0,0.0,0.0,0.0,0.0
2021-06-21 04:00:00,0.0,0.0,0.0,0.0,0.0,0.0,0.0
2021-06-21 08:00:00,0.0,0.0,0.0,0.0,0.0,0.0,0.0
2021-06-21 12:00:00,0.0,0.0,0.0,0.0,0.0,0.0,0.0
2021-06-21 16:00:00,0.0,0.0,0.0,0.0,0.0,0.0,0.0
2021-06-21 20:00:00,0.0,0.0,0.0,0.0,0.0,0.0,0.0
2021-06-22 00:00:00,0.0,0.0,0.0,0.0,0.0,0.0,0.0
2021-06-22 04:00:00,0.0,0.0,0.0,0.0,0.0,0.0,0.0
2021-06-22 08:00:00,0.0,0.0,0.0,0.0,0.0,0.0,0.0
2021-06-22 12:00:00,0.0,0.0,0.0,0.0,0.0,0.0,0.0
2021-06-22 16:00:00,0.0,0.0,0.0,0.0,0.0,0.0,0.0
2021-06-22 20:00:00,0.0,0.0,0.0,0.0,0.0,0.0,0.0
2021-06-23 00:00:00,0.0,0.0,0.0,0.0,0.0,0.0,0.0
2021-06-23 04:00:00,0.0,0.0,0.0,0.0,0.0,0.0,0.0
2021-06-23 08:00:00,0.0,0.0,0.0,0.0,0.0,0.0,0.0
2021-06-23 12:00:00,0.0,0.0,0.0,0.0,0.0,0.0,0.0
2021-06-23 16:00:00,0.0,0.0,0.0,0.0,0.0,0.0,0.0
2021-06-23 20:00:00,0.0,0.0,0.0,0.0,0.0,0.0,0.0
2021-06-24 00:00:00,0.0,0.0,0.0,0.0,0.0,0.0,0.0
2021-06-24 04:00:00,0.0,0.0,0.0,0.0,0.0,0.0,0.0
2021-06-24 08:00:00,0.0,0.0,0.0,0.0,0.0,0.0,0.0
2021-06-24 12:00:00,0.0,0.0,0.0,0.0,0.0,0.0,0.0
2021-06-24 16:00:00,0.0,0.0,0.0,0.0,0.0,0.0,0.0
2021-06-24 20:00:00,0.0,0.0,0.0,0.0,0.0,0.0,0.0
2021-06-25 00:00:00,0.0,0.0,0.0,0.0,0.0,0.0,0.0
2021-06-25 04:00:00,0.0,0.0,0.0,0.0,0.0,0.0,0.0
2021-06-25 08:00:00,0.0,0.0,0.0,0.0,0.0,0.0,0.0
2021-06-25 12:00:00,0.0,0.0,0.0,0.0,0.0,0.0,0.0
2021-06-25 16:00:00,0.0,0.0,0.0,0.0,0.0,0.0,0.0
2021-06-25 20:00:00,0.0,0.0,0.0,0.0,0.0,0.0,0.0
2021-06-26 00:00:00,0.0,0.0,0.0,0.0,0.0,0.0,0.0
2021-06-26 04:00:00,0.0,0.0,0.0,0.0,0.0,0.0,0.0
2021-06-26 08:00:00,0.0,0.0,0.0,0.0,0.0,0.0,0.0
2021-06-26 12:00:00,0.0,0.0,0.0,0.0,0.0,0.0,0.0
2021-06-26 16:00:00,0.0,0.0,0.0,0.0,0.0,0.0,0.0
2021-06-26 20:00:00,0.0,0.0,0.0,0.0,0.0,0.0,0.0
2021-06-27 00:00:00,0.0,0.0,0.0,0.0,0.0,0.0,0.0
2021-06-27 04:00:00,0.0,0.0,0.0,0.0,0.0,0.0,0.0
2021-06-27 08:00:00,0.0,0.0,0.0,0.0,0.0,0.0,0.0
2021-06-27 12:00:00,0.0,0.0,0.0,0.0,0.0,0.0,0.0
2021-06-27 16:00:00,0.0,0.0,0.0,0.0,0.0,0.0,0.0
2021-06-27 20:00:00,0.0,0.0,0.0,0.0,0.0,0.0,0.0
2021-06-28 00:00:00,0.0,0.0,0.0,0.0,0.0,0.0,0.0
2021-06-28 04:00:00,0.0,0.0,0.0,0.0,0.0,0.0,0.0
2021-06-28 08:00:00,0.0,0.0,0.0,0.0,0.0,0.0,0.0
2021-06-28 12:00:00,0.0,0.0,0.0,0.0,0.0,0.0,0.0
2021-06-28 16:00:00,0.0,0.0,0.0,0.0,0.0,0.0,0.0
2021-06-28 20:00:00,0.0,0.0,0.0,0.0,0.0,0.0,0.0
2021-06-29 00:00:00,0.0,0.0,0.0,0.0,0.0,0.0,0.0
2021-06-29 04:00:00,0.0,0.0,0.0,0.0,0.0,0.0,0.0
2021-06-29 08:00:00,0.0,0.0,0.0,0.0,0.0,0.0,0.0
2021-06-29 12:00:00,0.0,0.0,0.0,0.0,0.0,0.0,0.0
2021-06-29 16:00:00,0.0,0.0,0.0,0.0,0.0,0.0,0.0
2021-06-29 20:00:00,0.0,0.0,0.0,0.0,0.0,0.0,0.0
2021-06-30 00:00:00,0.0,0.0,0.0,0.0,0.0,0.0,0.0
2021-06-30 04:00:00,0.0,0.0,0.0,0.0,0.0,0.0,0.0
2021-06-30 08:00:00,0.0,0.0,0.0,0.0,0.0,0.0,0.0
2021-06-30 12:00:00,0.0,0.0,0.0,0.0,0.0,0.0,0.0
2021-06-30 16:00:00,0.0,0.0,0.0,0.0,0.0,0.0,0.0
2021-06-30 20:00:00,0.0,0.0,0.0,0.0,0.0,0.0,0.0
2021-07-01 00:00:00,0.0,0.0,0.0,0.0,0.0,0.0,0.0
2021-07-01 04:00:00,0.0,0.0,0.0,0.0,0.0,0.0,0.0
2021-07-01 08:00:00,0.0,0.0,0.0,0.0,0.0,0.0,0.0
2021-07-01 12:00:00,0.0,0.0,0.0,0.0,0.0,0.0,0.0
2021-07-01 16:00:00,0.0,0.0,0.0,0.0,0.0,0.0,0.0
2021-07-01 20:00:00,0.0,0.0,0.0,0.0,0.0,0.0,0.0
2021-07-02 00:00:00,0.0,0.0,0.0,0.0,0.0,0.0,0.0
2021-07-02 04:00:00,0.0,0.0,0.0,0.0,0.0,0.0,0.0
2021-07-02 08:00:00,0.0,0.0,0.0,0.0,0.0,0.0,0.0
2021-07-02 12:00:00,0.0,0.0,0.0,0.0,0.0,0.0,0.0
2021-07-02 16:00:00,0.0,0.0,0.0,0.0,0.0,0.0,0.0
2021-07-02 20:00:00,0.0,0.0,0.0,0.0,0.0,0.0,0.0
2021-07-03 00:00:00,0.0,0.0,0.0,0.0,0.0,0.0,0.0
2021-07-03 04:00:00,0.0,0.0,0.0,0.0,0.0,0.0,0.0
2021-07-03 08:00:00,0.0,0.0,0.0,0.0,0.0,0.0,0.0
2021-07-03 12:00:00,0.0,0.0,0.0,0.0,0.0,0.0,0.0
2021-07-03 16:00:00,0.0,0.0,0.0,0.0,0.0,0.0,0.0
2021-07-03 20:00:00,0.0,0.0,0.0,0.0,0.0,0.0,0.0
2021-07-04 00:00:00,0.0,0.0,0.0,0.0,0.0,0.0,0.0
2021-07-04 04:00:00,0.0,0.0,0.0,0.0,0.0,0.0,0.0
2021-07-04 08:00:00,0.0,0.0,0.0,0.0,0.16700234594037902,0.0,0.0
2021-07-04 12:00:00,0.0,0.0,0.0,0.0,0.16700234594037902,0.0,0.0
2021-07-04 16:00:00,0.0,0.1490881458966566,0.0,0.0,0.16700234594037902,0.0,0.0
2021-07-04 20:00:00,0.17879502398568983,0.1490881458966566,0.0,0.0,0.16700234594037902,0.0,0.0
2021-07-05 00:00:00,0.17879502398568983,0.1490881458966566,0.0,0.0,0.16700234594037902,0.0,0.0
2021-07-05 04:00:00,0.17879502398568983,0.1490881458966566,0.0,0.0,0.16700234594037902,0.0,0.0
2021-07-05 08:00:00,0.17879502398568983,0.1490881458966566,0.0,0.0,0.16700234594037902,0.0,0.0
2021-07-05 12:00:00,0.0,0.0,0.0,0.0,0.0,0.0,0.0
2021-07-05 16:00:00,0.0,0.0,0.0,0.0,0.0,0.0,0.0
2021-07-05 20:00:00,0.0,0.0,0.0,0.0,0.0,0.0,0.0
2021-07-06 00:00:00,0.0,0.0,0.0,0.0,0.0,0.0,0.0
2021-07-06 04:00:00,0.0,0.0,0.0,0.0,0.0,0.0,0.0
2021-07-06 08:00:00,0.0,0.1543429594806358,0.19693994671039164,0.0,0.0,0.0,0.0
2021-07-06 12:00:00,0.0,0.1543429594806358,0.19693994671039164,0.0,0.0,0.0,0.0
2021-07-06 16:00:00,0.0,0.1543429594806358,0.19693994671039164,0.0,0.0,0.0,0.0
2021-07-06 20:00:00,0.0,0.1543429594806358,0.19693994671039164,0.0,0.0,0.0,0.0
2021-07-07 00:00:00,0.0,0.1543429594806358,0.19693994671039164,0.0,0.0,0.0,0.0
2021-07-07 04:00:00,0.0,0.1543429594806358,0.19693994671039164,0.0,0.0,0.0,0.0
2021-07-07 08:00:00,0.0,0.1543429594806358,0.19693994671039164,0.0,0.0,0.0,0.0
2021-07-07 12:00:00,0.0,0.1543429594806358,0.19693994671039164,0.0,0.0,0.1686552857403686,0.0
2021-07-07 16:00:00,0.0,0.1543429594806358,0.19693994671039164,0.0,0.0,0.1686552857403686,0.0
2021-07-07 20:00:00,0.0,0.1543429594806358,0.19693994671039164,0.0,0.0,0.1686552857403686,0.0
2021-07-08 00:00:00,0.0,0.1543429594806358,0.19693994671039164,0.0,0.0,0.1686552857403686,0.0
2021-07-08 04:00:00,0.0,0.0,0.0,0.0,0.0,0.1686552857403686,0.0
2021-07-08 08:00:00,0.0,0.0,0.0,0.0,0.0,0.0,0.0
2021-07-08 12:00:00,0.0,0.0,0.0,0.0,0.0,0.0,0.0
2021-07-08 16:00:00,0.0,0.0,0.0,0.0,0.0,0.0,0.0
2021-07-08 20:00:00,0.0,0.0,0.0,0.0,0.0,0.0,0.0
2021-07-09 00:00:00,0.0,0.0,0.0,0.0,0.0,0.0,0.0
2021-07-09 04:00:00,0.0,0.0,0.0,0.0,0.0,0.0,0.0
2021-07-09 08:00:00,0.0,0.0,0.0,0.0,0.0,0.0,0.0
2021-07-09 12:00:00,0.0,0.0,0.0,0.0,0.0,0.0,0.0
2021-07-09 16:00:00,0.0,0.0,0.0,0.0,0.0,0.0,0.0
2021-07-09 20:00:00,0.0,0.0,0.0,0.0,0.0,0.0,0.0
2021-07-10 00:00:00,0.0,0.0,0.0,0.0,0.0,0.0,0.0
2021-07-10 04:00:00,0.0,0.0,0.0,0.0,0.0,0.0,0.0
2021-07-10 08:00:00,0.0,0.0,0.0,0.0,0.0,0.0,0.0
2021-07-10 12:00:00,0.0,0.0,0.0,0.0,0.0,0.0,0.0
2021-07-10 16:00:00,0.0,0.0,0.0,0.0,0.0,0.0,0.0
2021-07-10 20:00:00,0.0,0.0,0.0,0.0,0.0,0.0,0.0
2021-07-11 00:00:00,0.0,0.0,0.0,0.0,0.0,0.0,0.0
2021-07-11 04:00:00,0.0,0.0,0.0,0.0,0.0,0.0,0.0
2021-07-11 08:00:00,0.0,0.0,0.0,0.0,0.0,0.0,0.0
2021-07-11 12:00:00,0.0,0.0,0.0,0.0,0.0,0.0,0.0
2021-07-11 16:00:00,0.0,0.0,0.0,0.0,0.0,0.0,0.0
2021-07-11 20:00:00,0.0,0.0,0.0,0.0,0.0,0.0,0.0
2021-07-12 00:00:00,0.0,0.0,0.0,0.0,0.0,0.0,0.0
2021-07-12 04:00:00,0.0,0.0,0.0,0.0,0.0,0.0,0.0
2021-07-12 08:00:00,0.0,0.0,0.0,0.0,0.0,0.0,0.0
2021-07-12 12:00:00,0.0,0.0,0.0,0.0,0.0,0.0,0.0
2021-07-12 16:00:00,0.0,0.0,0.0,0.0,0.0,0.0,0.0
2021-07-12 20:00:00,0.0,0.0,0.0,0.0,0.0,0.0,0.0
2021-07-13 00:00:00,0.0,0.0,0.0,0.0,0.0,0.0,0.0
2021-07-13 04:00:00,0.0,0.0,0.0,0.0,0.0,0.0,0.0
2021-07-13 08:00:00,0.0,0.0,0.0,0.0,0.0,0.0,0.0
2021-07-13 12:00:00,0.0,0.0,0.0,0.0,0.0,0.0,0.0
2021-07-13 16:00:00,0.0,0.0,0.0,0.0,0.0,0.0,0.0
2021-07-13 20:00:00,0.0,0.0,0.0,0.0,0.0,0.0,0.0
2021-07-14 00:00:00,0.0,0.0,0.0,0.0,0.0,0.0,0.0
2021-07-14 04:00:00,0.0,0.0,0.0,0.0,0.0,0.0,0.0
2021-07-14 08:00:00,0.0,0.0,0.0,0.0,0.0,0.0,0.0
2021-07-14 12:00:00,0.0,0.0,0.0,0.0,0.0,0.0,0.0
2021-07-14 16:00:00,0.0,0.0,0.0,0.0,0.0,0.0,0.0
2021-07-14 20:00:00,0.0,0.0,0.0,0.0,0.0,0.0,0.0
2021-07-15 00:00:00,0.0,0.0,0.0,0.0,0.0,0.0,0.0
2021-07-15 04:00:00,0.0,0.0,0.0,0.0,0.0,0.0,0.0
2021-07-15 08:00:00,0.0,0.0,0.0,0.0,0.0,0.0,0.0
2021-07-15 12:00:00,0.0,0.0,0.0,0.0,0.0,0.0,0.0
2021-07-15 16:00:00,0.0,0.0,0.0,0.0,0.0,0.0,0.0
2021-07-15 20:00:00,0.0,0.0,0.0,0.0,0.0,0.0,0.0
2021-07-16 00:00:00,0.0,0.0,0.0,0.0,0.0,0.0,0.0
2021-07-16 04:00:00,0.0,0.0,0.0,0.0,0.0,0.0,0.0
2021-07-16 08:00:00,0.0,0.0,0.0,0.0,0.0,0.0,0.0
2021-07-16 12:00:00,0.0,0.0,0.0,0.0,0.0,0.0,0.0
2021-07-16 16:00:00,0.0,0.0,0.0,0.0,0.0,0.0,0.0
2021-07-16 20:00:00,0.0,0.0,0.0,0.0,0.0,0.0,0.0
2021-07-17 00:00:00,0.0,0.0,0.0,0.0,0.0,0.0,0.0
2021-07-17 04:00:00,0.0,0.0,0.0,0.0,0.0,0.0,0.0
2021-07-17 08:00:00,0.0,0.0,0.0,0.0,0.0,0.0,0.0
2021-07-17 12:00:00,0.0,0.0,0.0,0.0,0.0,0.0,0.0
2021-07-17 16:00:00,0.0,0.0,0.0,0.0,0.0,0.0,0.0
2021-07-17 20:00:00,0.0,0.0,0.0,0.0,0.0,0.0,0.0
2021-07-18 00:00:00,0.0,0.0,0.0,0.0,0.0,0.0,0.0
2021-07-18 04:00:00,0.0,0.0,0.0,0.0,0.0,0.0,0.0
2021-07-18 08:00:00,0.0,0.0,0.0,0.0,0.0,0.0,0.0
2021-07-18 12:00:00,0.0,0.0,0.0,0.0,0.0,0.0,0.0
2021-07-18 16:00:00,0.0,0.0,0.0,0.0,0.0,0.0,0.0
2021-07-18 20:00:00,0.0,0.0,0.0,0.0,0.0,0.0,0.0
2021-07-19 00:00:00,0.0,0.0,0.0,0.0,0.0,0.0,0.0
2021-07-19 04:00:00,0.0,0.0,0.0,0.0,0.0,0.0,0.0
2021-07-19 08:00:00,0.0,0.0,0.0,0.0,0.0,0.0,0.0
2021-07-19 12:00:00,0.0,0.0,0.0,0.0,0.0,0.0,0.0
2021-07-19 16:00:00,0.0,0.0,0.0,0.0,0.0,0.0,0.0
2021-07-19 20:00:00,0.0,0.0,0.0,0.0,0.0,0.0,0.0
2021-07-20 00:00:00,0.0,0.0,0.0,0.0,0.0,0.0,0.0
2021-07-20 04:00:00,0.0,0.0,0.0,0.0,0.0,0.0,0.0
2021-07-20 08:00:00,0.0,0.0,0.0,0.0,0.0,0.0,0.0
2021-07-20 12:00:00,0.0,0.0,0.0,0.0,0.0,0.0,0.0
2021-07-20 16:00:00,0.0,0.0,0.0,0.0,0.0,0.0,0.0
2021-07-20 20:00:00,0.0,0.0,0.0,0.0,0.0,0.0,0.0
2021-07-21 00:00:00,0.0,0.0,0.0,0.0,0.0,0.0,0.0
2021-07-21 04:00:00,0.0,0.0,0.0,0.0,0.0,0.0,0.0
2021-07-21 08:00:00,0.0,0.0,0.0,0.0,0.0,0.0,0.0
2021-07-21 12:00:00,0.0,0.0,0.0,0.0,0.0,0.0,0.0
2021-07-21 16:00:00,0.0,0.0,0.0,0.0,0.0,0.0,0.0
2021-07-21 20:00:00,0.0,0.0,0.0,0.0,0.0,0.0,0.0
2021-07-22 00:00:00,0.0,0.0,0.0,0.0,0.0,0.0,0.0
2021-07-22 04:00:00,0.0,0.0,0.0,0.0,0.0,0.0,0.0
2021-07-22 08:00:00,0.0,0.0,0.0,0.0,0.0,0.0,0.0
2021-07-22 12:00:00,0.0,0.0,0.0,0.0,0.0,0.0,0.0
2021-07-22 16:00:00,0.0,0.0,0.0,0.0,0.0,0.0,0.0
2021-07-22 20:00:00,0.0,0.0,0.0,0.0,0.0,0.0,0.0
2021-07-23 00:00:00,0.0,0.0,0.0,0.0,0.0,0.0,0.0
2021-07-23 04:00:00,0.0,0.0,0.0,0.0,0.18442771192207139,0.0,0.0
2021-07-23 08:00:00,0.0,0.0,0.0,0.0,0.18442771192207139,0.0,0.0
2021-07-23 12:00:00,0.0,0.0,0.0,0.0,0.18442771192207139,0.0,0.0
2021-07-23 16:00:00,0.0,0.0,0.0,0.0,0.18442771192207139,0.0,0.0
2021-07-23 20:00:00,0.0,0.0,0.0,0.0,0.18442771192207139,0.0,0.0
2021-07-24 00:00:00,0.0,0.0,0.0,0.2631111133130706,0.18442771192207139,0.0,0.0
2021-07-24 04:00:00,0.0,0.0,0.0,0.2631111133130706,0.18442771192207139,0.0,0.0
2021-07-24 08:00:00,0.0,0.0,0.0,0.2631111133130706,0.18442771192207139,0.0,0.0
2021-07-24 12:00:00,0.0,0.0,0.0,0.2631111133130706,0.18442771192207139,0.0,0.0
2021-07-24 16:00:00,0.0,0.0,0.0,0.2631111133130706,0.18442771192207139,0.0,0.0
2021-07-24 20:00:00,0.0,0.0,0.0,0.2631111133130706,0.18442771192207139,0.0,0.0
2021-07-25 00:00:00,0.0,0.0,0.0,0.2631111133130706,0.18442771192207139,0.0,0.0
2021-07-25 04:00:00,0.0,0.0,0.0,0.2631111133130706,0.18442771192207139,0.0,0.0
2021-07-25 08:00:00,0.0,0.0,0.0,0.2631111133130706,0.18442771192207139,0.0,0.0
2021-07-25 12:00:00,0.0,0.0,0.0,0.2631111133130706,0.18442771192207139,0.0,0.0
2021-07-25 16:00:00,0.0,0.0,0.0,0.2631111133130706,0.18442771192207139,0.0,0.0
2021-07-25 20:00:00,0.0,0.0,0.0,0.2631111133130706,0.18442771192207139,0.0,0.0
2021-07-26 00:00:00,0.0,0.0,0.0,0.2631111133130706,0.18442771192207139,0.0,0.0
2021-07-26 04:00:00,0.18609370616291018,0.1748541423570593,0.0,0.0,0.0,0.12475345984917548,0.20145402416547215
2021-07-26 08:00:00,0.18609370616291018,0.1748541423570593,0.0,0.0,0.0,0.12475345984917548,0.20145402416547215
2021-07-26 12:00:00,0.18609370616291018,0.1748541423570593,0.0,0.0,0.0,0.12475345984917548,0.20145402416547215
2021-07-26 16:00:00,0.18609370616291018,0.1748541423570593,0.0,0.0,0.0,0.12475345984917548,0.20145402416547215
2021-07-26 20:00:00,0.18609370616291018,0.1748541423570593,0.0,0.0,0.0,0.12475345984917548,0.20145402416547215
2021-07-27 00:00:00,0.0,0.0,0.0,0.0,0.0,0.12475345984917548,0.0
2021-07-27 04:00:00,0.0,0.0,0.0,0.0,0.0,0.0,0.0
2021-07-27 08:00:00,0.0,0.0,0.0,0.0,0.0,0.0,0.0
2021-07-27 12:00:00,0.0,0.0,0.0,0.0,0.0,0.0,0.0
2021-07-27 16:00:00,0.0,0.0,0.0,0.0,0.0,0.0,0.0
2021-07-27 20:00:00,0.0,0.0,0.0,0.0,0.0,0.0,0.0
2021-07-28 00:00:00,0.0,0.0,0.0,0.0,0.0,0.0,0.0
2021-07-28 04:00:00,0.0,0.0,0.0,0.0,0.0,0.0,0.0
2021-07-28 08:00:00,0.0,0.0,0.0,0.0,0.0,0.0,0.17570048309178748
2021-07-28 12:00:00,0.0,0.0,0.0,0.18575079912980794,0.0,0.0,0.17570048309178748
2021-07-28 16:00:00,0.0,0.0,0.0,0.18575079912980794,0.0,0.0,0.17570048309178748
2021-07-28 20:00:00,0.0,0.0,0.0,0.18575079912980794,0.0,0.0,0.17570048309178748
2021-07-29 00:00:00,0.0,0.0,0.0,0.18575079912980794,0.0,0.0,0.17570048309178748
2021-07-29 04:00:00,0.0,0.0,0.0,0.18575079912980794,0.0,0.0,0.17570048309178748
2021-07-29 08:00:00,0.0,0.0,0.0,0.18575079912980794,0.0,0.0,0.17570048309178748
2021-07-29 12:00:00,0.0,0.0,0.0,0.18575079912980794,0.0,0.0,0.17570048309178748
2021-07-29 16:00:00,0.0,0.0,0.0,0.18575079912980794,0.0,0.0,0.17570048309178748
2021-07-29 20:00:00,0.0,0.0,0.0,0.18575079912980794,0.0,0.13307170131523127,0.17570048309178748
2021-07-30 00:00:00,0.0,0.0,0.0,0.18575079912980794,0.0,0.13307170131523127,0.17570048309178748
2021-07-30 04:00:00,0.0,0.0,0.0,0.18575079912980794,0.0,0.13307170131523127,0.17570048309178748
2021-07-30 08:00:00,0.0,0.0,0.0,0.18575079912980794,0.0,0.13307170131523127,0.17570048309178748
2021-07-30 12:00:00,0.0,0.0,0.0,0.0,0.0,0.0,0.17570048309178748
2021-07-30 16:00:00,0.0,0.0,0.0,0.0,0.0,0.0,0.17570048309178748
2021-07-30 20:00:00,0.0,0.0,0.0,0.0,0.0,0.0,0.17570048309178748
2021-07-31 00:00:00,0.0,0.13864397122712052,0.0,0.158549089081373,0.1695017832798581,0.0,0.17570048309178748
2021-07-31 04:00:00,0.0,0.13864397122712052,0.0,0.158549089081373,0.1695017832798581,0.0,0.17570048309178748
2021-07-31 08:00:00,0.0,0.13864397122712052,0.0,0.158549089081373,0.1695017832798581,0.0,0.17570048309178748
2021-07-31 12:00:00,0.0,0.13864397122712052,0.20924221409658272,0.158549089081373,0.1695017832798581,0.13568554182236256,0.17570048309178748
2021-07-31 16:00:00,0.0,0.13864397122712052,0.20924221409658272,0.158549089081373,0.1695017832798581,0.13568554182236256,0.17570048309178748
2021-07-31 20:00:00,0.0,0.13864397122712052,0.20924221409658272,0.158549089081373,0.1695017832798581,0.13568554182236256,0.17570048309178748
2021-08-01 00:00:00,0.0,0.13864397122712052,0.20924221409658272,0.158549089081373,0.1695017832798581,0.13568554182236256,0.17570048309178748
2021-08-01 04:00:00,0.0,0.13864397122712052,0.0,0.158549089081373,0.1695017832798581,0.13568554182236256,0.17570048309178748
2021-08-01 08:00:00,0.0,0.13864397122712052,0.0,0.158549089081373,0.1695017832798581,0.13568554182236256,0.17570048309178748
2021-08-01 12:00:00,0.0,0.13864397122712052,0.0,0.158549089081373,0.1695017832798581,0.13568554182236256,0.17570048309178748
2021-08-01 16:00:00,0.0,0.13864397122712052,0.0,0.158549089081373,0.1695017832798581,0.13568554182236256,0.17570048309178748
2021-08-01 20:00:00,0.0,0.13864397122712052,0.0,0.158549089081373,0.0,0.13568554182236256,0.17570048309178748
2021-08-02 00:00:00,0.0,0.0,0.0,0.0,0.0,0.0,0.0
2021-08-02 04:00:00,0.0,0.0,0.0,0.0,0.0,0.0,0.0
2021-08-02 08:00:00,0.0,0.0,0.0,0.0,0.0,0.0,0.0
2021-08-02 12:00:00,0.0,0.0,0.0,0.0,0.0,0.0,0.0
2021-08-02 16:00:00,0.0,0.0,0.0,0.0,0.0,0.0,0.0
2021-08-02 20:00:00,0.0,0.0,0.0,0.0,0.0,0.0,0.0
2021-08-03 00:00:00,0.0,0.0,0.0,0.0,0.0,0.0,0.0
2021-08-03 04:00:00,0.0,0.0,0.0,0.0,0.0,0.0,0.0
2021-08-03 08:00:00,0.0,0.0,0.0,0.0,0.0,0.0,0.0
2021-08-03 12:00:00,0.0,0.0,0.0,0.0,0.0,0.0,0.0
2021-08-03 16:00:00,0.0,0.0,0.0,0.0,0.0,0.0,0.0
2021-08-03 20:00:00,0.0,0.0,0.0,0.0,0.0,0.0,0.0
2021-08-04 00:00:00,0.0,0.0,0.0,0.0,0.0,0.0,0.0
2021-08-04 04:00:00,0.0,0.0,0.0,0.0,0.0,0.0,0.0
2021-08-04 08:00:00,0.0,0.0,0.0,0.0,0.0,0.0,0.0
2021-08-04 12:00:00,0.0,0.0,0.0,0.0,0.0,0.0,0.0
2021-08-04 16:00:00,0.0,0.0,0.0,0.0,0.0,0.0,0.0
2021-08-04 20:00:00,0.0,0.0,0.0,0.0,0.0,0.0,0.0
2021-08-05 00:00:00,0.0,0.0,0.0,0.0,0.0,0.0,0.0
2021-08-05 04:00:00,0.0,0.0,0.0,0.0,0.0,0.13296193129062192,0.0
2021-08-05 08:00:00,0.0,0.0,0.0,0.0,0.0,0.13296193129062192,0.0
2021-08-05 12:00:00,0.0,0.0,0.0,0.0,0.0,0.13296193129062192,0.0
2021-08-05 16:00:00,0.0,0.0,0.0,0.0,0.0,0.13296193129062192,0.0
2021-08-05 20:00:00,0.0,0.0,0.0,0.0,0.0,0.13296193129062192,0.0
2021-08-06 00:00:00,0.0,0.0,0.0,0.0,0.0,0.13296193129062192,0.0
2021-08-06 04:00:00,0.0,0.0,0.0,0.0,0.0,0.13296193129062192,0.0
2021-08-06 08:00:00,0.0,0.0,0.0,0.0,0.0,0.13296193129062192,0.0
2021-08-06 12:00:00,0.0,0.0,0.0,0.0,0.0,0.13296193129062192,0.0
2021-08-06 16:00:00,0.0,0.15686068425630617,0.0,0.0,0.0,0.0,0.0
2021-08-06 20:00:00,0.21597364119329776,0.15686068425630617,0.0,0.2042471942564782,0.15869765475984057,0.144995032591049,0.0
2021-08-07 00:00:00,0.21597364119329776,0.15686068425630617,0.0,0.2042471942564782,0.15869765475984057,0.144995032591049,0.0
2021-08-07 04:00:00,0.1903131652578733,0.13822359599250897,0.22387321760028017,0.1799799726449042,0.13984231052212182,0.12776773798231156,0.0
2021-08-07 08:00:00,0.1903131652578733,0.13822359599250897,0.22387321760028017,0.1799799726449042,0.13984231052212182,0.12776773798231156,0.0
2021-08-07 12:00:00,0.159003713759816,0.11548368218386358,0.18704261978707912,0.15037049073380357,0.11683609320270541,0.10674797411073052,0.16451542622200188
2021-08-07 16:00:00,0.159003713759816,0.11548368218386358,0.18704261978707912,0.15037049073380357,0.11683609320270541,0.10674797411073052,0.16451542622200188
2021-08-07 20:00:00,0.0,0.0,0.25405869270934056,0.2042471942564782,0.15869765475984057,0.144995032591049,0.22346016198907553
2021-08-08 00:00:00,0.0,0.0,0.25405869270934056,0.2042471942564782,0.15869765475984057,0.144995032591049,0.22346016198907553
2021-08-08 04:00:00,0.0,0.0,0.25405869270934056,0.2042471942564782,0.15869765475984057,0.144995032591049,0.22346016198907553
2021-08-08 08:00:00,0.0,0.0,0.25405869270934056,0.2042471942564782,0.15869765475984057,0.144995032591049,0.22346016198907553
2021-08-08 12:00:00,0.0,0.0,0.25405869270934056,0.2042471942564782,0.15869765475984057,0.144995032591049,0.22346016198907553
2021-08-08 16:00:00,0.0,0.0,0.25405869270934056,0.2042471942564782,0.15869765475984057,0.0,0.22346016198907553
2021-08-08 20:00:00,0.0,0.0,0.0,0.2042471942564782,0.0,0.0,0.0
2021-08-09 00:00:00,0.0,0.0,0.0,0.2042471942564782,0.0,0.0,0.0
2021-08-09 04:00:00,0.0,0.0,0.0,0.2042471942564782,0.0,0.0,0.0
2021-08-09 08:00:00,0.0,0.0,0.0,0.2042471942564782,0.0,0.0,0.0
2021-08-09 12:00:00,0.0,0.0,0.0,0.2042471942564782,0.0,0.0,0.0
2021-08-09 16:00:00,0.0,0.1376740716180371,0.0,0.2042471942564782,0.0,0.0,0.0
2021-08-09 20:00:00,0.0,0.1376740716180371,0.0,0.2042471942564782,0.0,0.0,0.0
2021-08-10 00:00:00,0.0,0.1376740716180371,0.0,0.2042471942564782,0.0,0.0,0.0
2021-08-10 04:00:00,0.0,0.1376740716180371,0.0,0.2042471942564782,0.0,0.0,0.0
2021-08-10 08:00:00,0.0,0.1376740716180371,0.0,0.2042471942564782,0.0,0.0,0.0
2021-08-10 12:00:00,0.20303824666953127,0.1376740716180371,0.0,0.2042471942564782,0.0,0.1452227258703751,0.0
2021-08-10 16:00:00,0.20303824666953127,0.1376740716180371,0.21225146534880995,0.2042471942564782,0.0,0.1452227258703751,0.0
2021-08-10 20:00:00,0.20303824666953127,0.1376740716180371,0.21225146534880995,0.2042471942564782,0.0,0.1452227258703751,0.0
2021-08-11 00:00:00,0.0,0.1376740716180371,0.21225146534880995,0.2042471942564782,0.0,0.1452227258703751,0.0
2021-08-11 04:00:00,0.18047673406183892,0.1297718704469218,0.20006867916156273,0.192523836338159,0.0,0.13688724787543877,0.16027163211607873
2021-08-11 08:00:00,0.18047673406183892,0.1297718704469218,0.20006867916156273,0.192523836338159,0.0,0.13688724787543877,0.16027163211607873
2021-08-11 12:00:00,0.18047673406183892,0.1297718704469218,0.20006867916156273,0.192523836338159,0.0,0.13688724787543877,0.16027163211607873
2021-08-11 16:00:00,0.1914665075339401,0.1376740716180371,0.21225146534880995,0.2042471942564782,0.0,0.1452227258703751,0.0
2021-08-11 20:00:00,0.18220348448443005,0.13101349105414023,0.20198287978185492,0.19436585003307588,0.0,0.13819694640442068,0.15223734824207813
2021-08-12 00:00:00,0.1914665075339401,0.1376740716180371,0.21225146534880995,0.2042471942564782,0.0,0.1452227258703751,0.0
2021-08-12 04:00:00,0.1914665075339401,0.1376740716180371,0.21225146534880995,0.2042471942564782,0.0,0.1452227258703751,0.0
2021-08-12 08:00:00,0.0,0.1376740716180371,0.0,0.2042471942564782,0.0,0.0,0.0
2021-08-12 12:00:00,0.0,0.1376740716180371,0.0,0.2042471942564782,0.0,0.0,0.0
2021-08-12 16:00:00,0.0,0.0,0.0,0.0,0.0,0.0,0.0
2021-08-12 20:00:00,0.0,0.0,0.0,0.0,0.0,0.0,0.0
2021-08-13 00:00:00,0.0,0.0,0.0,0.0,0.0,0.0,0.0
2021-08-13 04:00:00,0.0,0.0,0.0,0.0,0.0,0.0,0.0
2021-08-13 08:00:00,0.1401537804357112,0.12634913186297522,0.0,0.0,0.0,0.0,0.0
2021-08-13 12:00:00,0.1401537804357112,0.12634913186297522,0.0,0.0,0.0,0.0,0.0
2021-08-13 16:00:00,0.1401537804357112,0.12634913186297522,0.0,0.0,0.0,0.0,0.0
2021-08-13 20:00:00,0.1401537804357112,0.12634913186297522,0.0,0.0,0.0,0.0,0.0
2021-08-14 00:00:00,0.13699754327030822,0.12350377282547678,0.174675785657532,0.2428847905858852,0.17844332507240504,0.1434947825883929,0.0
2021-08-14 04:00:00,0.13699754327030822,0.12350377282547678,0.174675785657532,0.2428847905858852,0.17844332507240504,0.1434947825883929,0.0
2021-08-14 08:00:00,0.12215150929810703,0.110120020363257,0.1557466677617756,0.216564056897586,0.15910592964984324,0.1279446612775488,0.1083671547518824
2021-08-14 12:00:00,0.12215150929810703,0.110120020363257,0.1557466677617756,0.216564056897586,0.15910592964984324,0.1279446612775488,0.1083671547518824
2021-08-14 16:00:00,0.12215150929810703,0.110120020363257,0.1557466677617756,0.216564056897586,0.15910592964984324,0.1279446612775488,0.1083671547518824
2021-08-14 20:00:00,0.12215150929810703,0.110120020363257,0.1557466677617756,0.216564056897586,0.15910592964984324,0.1279446612775488,0.1083671547518824
2021-08-15 00:00:00,0.12215150929810703,0.110120020363257,0.1557466677617756,0.216564056897586,0.15910592964984324,0.1279446612775488,0.1083671547518824
2021-08-15 04:00:00,0.12215150929810703,0.110120020363257,0.1557466677617756,0.216564056897586,0.15910592964984324,0.1279446612775488,0.1083671547518824
2021-08-15 08:00:00,0.1401537804357112,0.12634913186297522,0.1787000783085357,0.0,0.18255441671001452,0.14680070731547568,0.12433793492041142
2021-08-15 12:00:00,0.1401537804357112,0.12634913186297522,0.1787000783085357,0.0,0.0,0.0,0.12433793492041142
2021-08-15 16:00:00,0.1401537804357112,0.12634913186297522,0.1787000783085357,0.0,0.0,0.14762068338418635,0.12433793492041142
2021-08-15 20:00:00,0.1401537804357112,0.12634913186297522,0.1787000783085357,0.0,0.0,0.0,0.12433793492041142
2021-08-16 00:00:00,0.1401537804357112,0.12634913186297522,0.1787000783085357,0.0,0.0,0.0,0.12433793492041142
2021-08-16 04:00:00,0.1401537804357112,0.12634913186297522,0.1787000783085357,0.0,0.0,0.14268844955200627,0.12433793492041142
2021-08-16 08:00:00,0.1401537804357112,0.12634913186297522,0.1787000783085357,0.0,0.0,0.14268844955200627,0.12433793492041142
2021-08-16 12:00:00,0.1401537804357112,0.12634913186297522,0.1787000783085357,0.0,0.0,0.14268844955200627,0.12433793492041142
2021-08-16 16:00:00,0.1401537804357112,0.12634913186297522,0.1787000783085357,0.0,0.0,0.0,0.12433793492041142
2021-08-16 20:00:00,0.1401537804357112,0.12634913186297522,0.1787000783085357,0.0,0.0,0.0,0.12433793492041142
2021-08-17 00:00:00,0.1401537804357112,0.12634913186297522,0.1787000783085357,0.0,0.0,0.0,0.0
2021-08-17 04:00:00,0.1401537804357112,0.0,0.1787000783085357,0.0,0.0,0.11392774447299131,0.0
2021-08-17 08:00:00,0.1401537804357112,0.0,0.1787000783085357,0.0,0.0,0.11392774447299131,0.0
2021-08-17 12:00:00,0.1401537804357112,0.11969987123188172,0.1787000783085357,0.0,0.0,0.11392774447299131,0.0
2021-08-17 16:00:00,0.1401537804357112,0.11969987123188172,0.1787000783085357,0.0,0.0,0.0,0.0
2021-08-17 20:00:00,0.0,0.11969987123188172,0.1787000783085357,0.0,0.0,0.0,0.0
2021-08-18 00:00:00,0.0,0.0,0.0,0.0,0.0,0.0,0.0
2021-08-18 04:00:00,0.0,0.0,0.0,0.0,0.0,0.0,0.0
2021-08-18 08:00:00,0.0,0.0,0.0,0.0,0.0,0.0,0.0
2021-08-18 12:00:00,0.0,0.0,0.0,0.0,0.0,0.0,0.0
2021-08-18 16:00:00,0.0,0.08952295884610295,0.0,0.0,0.0,0.0,0.0
2021-08-18 20:00:00,0.0,0.08952295884610295,0.0,0.0,0.0,0.0,0.0
2021-08-19 00:00:00,0.0,0.0,0.0,0.0,0.0,0.0,0.0
2021-08-19 04:00:00,0.0,0.0,0.0,0.0,0.0,0.0,0.0
2021-08-19 08:00:00,0.0,0.08742305392381021,0.0,0.0,0.0,0.0,0.0
2021-08-19 12:00:00,0.0,0.08742305392381021,0.0,0.0,0.0,0.0,0.0
2021-08-19 16:00:00,0.0,0.0,0.0,0.0,0.0,0.0,0.0
2021-08-19 20:00:00,0.12819369112189552,0.0,0.0,0.0,0.0,0.0,0.0
2021-08-20 00:00:00,0.12819369112189552,0.0,0.0,0.0,0.0,0.0,0.0
2021-08-20 04:00:00,0.12819369112189552,0.0,0.0,0.0,0.0,0.0,0.0
2021-08-20 08:00:00,0.12819369112189552,0.07347466898563731,0.0,0.0,0.0,0.0,0.0
2021-08-20 12:00:00,0.12819369112189552,0.07347466898563731,0.0,0.0,0.0,0.0,0.0
2021-08-20 16:00:00,0.12819369112189552,0.07347466898563731,0.16631234668847095,0.23996459517927057,0.0,0.0,0.0
2021-08-20 20:00:00,0.12819369112189552,0.07347466898563731,0.16631234668847095,0.23996459517927057,0.0,0.0,0.0
2021-08-21 00:00:00,0.12819369112189552,0.07347466898563731,0.16631234668847095,0.23996459517927057,0.0,0.0,0.0
2021-08-21 04:00:00,0.12819369112189552,0.07347466898563731,0.16631234668847095,0.23996459517927057,0.0,0.0,0.0
2021-08-21 08:00:00,0.12819369112189552,0.07347466898563731,0.16631234668847095,0.23996459517927057,0.0,0.0,0.0
2021-08-21 12:00:00,0.12819369112189552,0.07347466898563731,0.16631234668847095,0.23996459517927057,0.0,0.0,0.0
2021-08-21 16:00:00,0.12819369112189552,0.07347466898563731,0.16631234668847095,0.23996459517927057,0.0,0.0,0.0
2021-08-21 20:00:00,0.12819369112189552,0.07347466898563731,0.16631234668847095,0.23996459517927057,0.0,0.0,0.0
2021-08-22 00:00:00,0.12819369112189552,0.07347466898563731,0.16631234668847095,0.23996459517927057,0.0,0.0,0.0
2021-08-22 04:00:00,0.12819369112189552,0.0,0.16631234668847095,0.23996459517927057,0.0,0.0,0.0
2021-08-22 08:00:00,0.12819369112189552,0.0,0.16631234668847095,0.23996459517927057,0.0,0.0,0.0
2021-08-22 12:00:00,0.12819369112189552,0.0,0.16631234668847095,0.23996459517927057,0.0,0.0,0.0
2021-08-22 16:00:00,0.12819369112189552,0.0,0.16631234668847095,0.23996459517927057,0.0,0.0,0.0
2021-08-22 20:00:00,0.12819369112189552,0.0,0.16631234668847095,0.23996459517927057,0.0,0.0,0.0
2021-08-23 00:00:00,0.12819369112189552,0.0,0.16631234668847095,0.23996459517927057,0.0,0.0,0.0
2021-08-23 04:00:00,0.12819369112189552,0.0,0.16631234668847095,0.23996459517927057,0.22937815603096626,0.0,0.0
2021-08-23 08:00:00,0.12819369112189552,0.0,0.16631234668847095,0.23996459517927057,0.22937815603096626,0.0,0.0
2021-08-23 12:00:00,0.12819369112189552,0.0,0.16631234668847095,0.23996459517927057,0.22937815603096626,0.0,0.0
2021-08-23 16:00:00,0.12819369112189552,0.0,0.16631234668847095,0.23996459517927057,0.22937815603096626,0.0,0.0
2021-08-23 20:00:00,0.12819369112189552,0.0,0.16631234668847095,0.23996459517927057,0.22937815603096626,0.0,0.0
2021-08-24 00:00:00,0.12819369112189552,0.0,0.16631234668847095,0.23996459517927057,0.22937815603096626,0.0,0.0
2021-08-24 04:00:00,0.12819369112189552,0.0,0.16631234668847095,0.23996459517927057,0.22937815603096626,0.0,0.0
2021-08-24 08:00:00,0.12819369112189552,0.0,0.16631234668847095,0.23996459517927057,0.22937815603096626,0.0,0.0
2021-08-24 12:00:00,0.12819369112189552,0.0,0.16631234668847095,0.23996459517927057,0.22937815603096626,0.0,0.0
2021-08-24 16:00:00,0.0,0.0,0.0,0.0,0.0,0.0,0.0
2021-08-24 20:00:00,0.0,0.0,0.0,0.0,0.0,0.0,0.0
2021-08-25 00:00:00,0.0,0.06828185518282678,0.0,0.0,0.0,0.0,0.0
2021-08-25 04:00:00,0.0,0.06828185518282678,0.0,0.0,0.0,0.0,0.0
2021-08-25 08:00:00,0.0,0.06828185518282678,0.0,0.0,0.0,0.0,0.0
2021-08-25 12:00:00,0.0,0.06828185518282678,0.0,0.0,0.0,0.0,0.0
2021-08-25 16:00:00,0.0,0.06828185518282678,0.0,0.0,0.0,0.0,0.0
2021-08-25 20:00:00,0.0,0.0,0.0,0.0,0.0,0.0,0.0
2021-08-26 00:00:00,0.0,0.0,0.0,0.0,0.0,0.0,0.0
2021-08-26 04:00:00,0.0,0.0,0.0,0.0,0.0,0.0,0.0
2021-08-26 08:00:00,0.0,0.0,0.0,0.0,0.0,0.0,0.0
2021-08-26 12:00:00,0.0,0.0,0.0,0.0,0.0,0.0,0.0
2021-08-26 16:00:00,0.0,0.0,0.0,0.0,0.0,0.0,0.0
2021-08-26 20:00:00,0.0,0.0,0.0,0.0,0.0,0.0,0.0
2021-08-27 00:00:00,0.0,0.0,0.0,0.0,0.0,0.0,0.0
2021-08-27 04:00:00,0.0,0.0,0.0,0.0,0.0,0.0,0.0
2021-08-27 08:00:00,0.0,0.0,0.0,0.0,0.0,0.0,0.0
2021-08-27 12:00:00,0.0,0.0,0.0,0.0,0.0,0.0,0.0
2021-08-27 16:00:00,0.0,0.0,0.0,0.0,0.0,0.0,0.0
2021-08-27 20:00:00,0.0,0.0,0.0,0.0,0.0,0.1068950022467422,0.0
2021-08-28 00:00:00,0.0,0.0,0.0,0.0,0.0,0.1068950022467422,0.0
2021-08-28 04:00:00,0.0,0.0,0.0,0.0,0.0,0.1068950022467422,0.0
2021-08-28 08:00:00,0.0,0.0,0.0,0.0,0.0,0.1068950022467422,0.0
2021-08-28 12:00:00,0.0,0.0,0.0,0.0,0.0,0.1068950022467422,0.0
2021-08-28 16:00:00,0.0,0.0,0.0,0.0,0.0,0.1068950022467422,0.0
2021-08-28 20:00:00,0.0,0.0,0.0,0.0,0.0,0.1068950022467422,0.0
2021-08-29 00:00:00,0.0,0.0,0.0,0.0,0.0,0.1068950022467422,0.0
2021-08-29 04:00:00,0.0,0.0,0.0,0.0,0.0,0.1068950022467422,0.0
2021-08-29 08:00:00,0.0,0.0,0.0,0.0,0.0,0.1068950022467422,0.0
2021-08-29 12:00:00,0.0,0.0,0.0,0.0,0.0,0.1068950022467422,0.0
2021-08-29 16:00:00,0.0,0.0,0.0,0.0,0.0,0.1068950022467422,0.0
2021-08-29 20:00:00,0.0,0.0,0.0,0.0,0.0,0.1068950022467422,0.0
2021-08-30 00:00:00,0.0,0.0,0.0,0.0,0.0,0.1068950022467422,0.0
2021-08-30 04:00:00,0.0,0.0,0.0,0.0,0.0,0.1068950022467422,0.0
2021-08-30 08:00:00,0.0,0.0,0.0,0.0,0.0,0.1068950022467422,0.0
2021-08-30 12:00:00,0.0,0.0,0.0,0.0,0.0,0.1068950022467422,0.0
2021-08-30 16:00:00,0.0,0.0,0.0,0.0,0.0,0.1068950022467422,0.0
2021-08-30 20:00:00,0.0,0.0,0.0,0.0,0.0,0.1068950022467422,0.0
2021-08-31 00:00:00,0.0,0.0,0.0,0.0,0.0,0.1068950022467422,0.0
2021-08-31 04:00:00,0.0,0.0,0.0,0.0,0.0,0.1068950022467422,0.0
2021-08-31 08:00:00,0.0,0.0,0.0,0.0,0.0,0.1068950022467422,0.0
2021-08-31 12:00:00,0.0,0.0,0.0,0.0,0.24822213430725962,0.1068950022467422,0.0
2021-08-31 16:00:00,0.0,0.0,0.0,0.0,0.24822213430725962,0.1068950022467422,0.0
2021-08-31 20:00:00,0.0,0.0,0.0,0.0,0.24822213430725962,0.0,0.0
2021-09-01 00:00:00,0.0,0.0,0.0,0.0,0.24822213430725962,0.0,0.0
2021-09-01 04:00:00,0.0,0.0,0.0,0.0,0.24822213430725962,0.0,0.0
2021-09-01 08:00:00,0.0,0.0,0.0,0.0,0.24822213430725962,0.0,0.0
2021-09-01 12:00:00,0.0,0.0,0.0,0.0,0.24822213430725962,0.0,0.0
2021-09-01 16:00:00,0.0,0.0,0.0,0.0,0.24822213430725962,0.0,0.0
2021-09-01 20:00:00,0.0,0.0,0.0,0.0,0.24822213430725962,0.0,0.0
2021-09-02 00:00:00,0.0,0.0,0.0,0.0,0.24822213430725962,0.0,0.0
2021-09-02 04:00:00,0.18041666666666653,0.0,0.0,0.0,0.24822213430725962,0.0,0.0
2021-09-02 08:00:00,0.18041666666666653,0.0,0.0,0.0,0.24822213430725962,0.0,0.0
2021-09-02 12:00:00,0.18041666666666653,0.0,0.0,0.0,0.24822213430725962,0.0,0.0
2021-09-02 16:00:00,0.18041666666666653,0.0,0.0,0.0,0.24822213430725962,0.0,0.0
2021-09-02 20:00:00,0.18041666666666653,0.0,0.0,0.0,0.24822213430725962,0.0,0.0
2021-09-03 00:00:00,0.18041666666666653,0.0,0.0,0.0,0.24822213430725962,0.0,0.0
2021-09-03 04:00:00,0.18041666666666653,0.0,0.0,0.0,0.24822213430725962,0.09765042566495113,0.0
2021-09-03 08:00:00,0.18041666666666653,0.0,0.0,0.0,0.24822213430725962,0.09765042566495113,0.0
2021-09-03 12:00:00,0.18041666666666653,0.0,0.0,0.0,0.24822213430725962,0.09765042566495113,0.0
2021-09-03 16:00:00,0.18041666666666653,0.0,0.0,0.288572294104081,0.24822213430725962,0.09765042566495113,0.17013949433304268
2021-09-03 20:00:00,0.18041666666666653,0.0,0.0,0.288572294104081,0.24822213430725962,0.09765042566495113,0.17013949433304268
2021-09-04 00:00:00,0.18041666666666653,0.0,0.0,0.288572294104081,0.24822213430725962,0.09765042566495113,0.17013949433304268
2021-09-04 04:00:00,0.18041666666666653,0.0,0.0,0.288572294104081,0.24822213430725962,0.09765042566495113,0.17013949433304268
2021-09-04 08:00:00,0.18041666666666653,0.0,0.0,0.288572294104081,0.24822213430725962,0.09765042566495113,0.17013949433304268
2021-09-04 12:00:00,0.18041666666666653,0.0,0.0,0.288572294104081,0.24822213430725962,0.09765042566495113,0.17013949433304268
2021-09-04 16:00:00,0.0,0.0,0.0,0.288572294104081,0.24822213430725962,0.09765042566495113,0.17013949433304268
2021-09-04 20:00:00,0.0,0.0,0.0,0.288572294104081,0.24822213430725962,0.09765042566495113,0.0
2021-09-05 00:00:00,0.0,0.0,0.0,0.288572294104081,0.24822213430725962,0.09765042566495113,0.0
2021-09-05 04:00:00,0.0,0.0,0.0,0.288572294104081,0.24822213430725962,0.09765042566495113,0.0
2021-09-05 08:00:00,0.0,0.0,0.0,0.288572294104081,0.24822213430725962,0.09765042566495113,0.0
2021-09-05 12:00:00,0.0,0.0,0.0,0.288572294104081,0.24822213430725962,0.09765042566495113,0.0
2021-09-05 16:00:00,0.0,0.0,0.0,0.288572294104081,0.24822213430725962,0.09765042566495113,0.0
2021-09-05 20:00:00,0.0,0.0,0.0,0.288572294104081,0.24822213430725962,0.09765042566495113,0.0
2021-09-06 00:00:00,0.0,0.0,0.0,0.288572294104081,0.24822213430725962,0.09765042566495113,0.0
2021-09-06 04:00:00,0.0,0.0,0.0,0.288572294104081,0.24822213430725962,0.09765042566495113,0.0
2021-09-06 08:00:00,0.0,0.0,0.0,0.288572294104081,0.24822213430725962,0.09765042566495113,0.0
2021-09-06 12:00:00,0.0,0.0,0.0,0.288572294104081,0.24822213430725962,0.09765042566495113,0.20184743742550634
2021-09-06 16:00:00,0.0,0.0,0.0,0.288572294104081,0.24822213430725962,0.0,0.20184743742550634
2021-09-06 20:00:00,0.0,0.0,0.0,0.288572294104081,0.24822213430725962,0.11949514277303508,0.20184743742550634
2021-09-07 00:00:00,0.0,0.0,0.0,0.288572294104081,0.24822213430725962,0.11949514277303508,0.20184743742550634
2021-09-07 04:00:00,0.0,0.0,0.0,0.288572294104081,0.24822213430725962,0.11949514277303508,0.20184743742550634
2021-09-07 08:00:00,0.0,0.0,0.0,0.288572294104081,0.24822213430725962,0.11949514277303508,0.20184743742550634
2021-09-07 12:00:00,0.0,0.0,0.0,0.0,0.0,0.11949514277303508,0.0
2021-09-07 16:00:00,0.0,0.0,0.0,0.0,0.0,0.0,0.0
2021-09-07 20:00:00,0.0,0.0,0.0,0.0,0.0,0.0,0.0
2021-09-08 00:00:00,0.0,0.0,0.0,0.0,0.0,0.0,0.0
2021-09-08 04:00:00,0.0,0.0,0.0,0.0,0.0,0.0,0.0
2021-09-08 08:00:00,0.0,0.0,0.0,0.0,0.0,0.0,0.0
2021-09-08 12:00:00,0.0,0.0,0.0,0.0,0.0,0.0,0.0
2021-09-08 16:00:00,0.0,0.0,0.0,0.0,0.0,0.0,0.0
2021-09-08 20:00:00,0.0,0.0,0.0,0.0,0.0,0.0,0.0
2021-09-09 00:00:00,0.0,0.0,0.0,0.0,0.0,0.0,0.0
2021-09-09 04:00:00,0.0,0.0,0.0,0.0,0.0,0.076576848719188,0.0
2021-09-09 08:00:00,0.0,0.0,0.0,0.0,0.0,0.076576848719188,0.0
2021-09-09 12:00:00,0.0,0.0,0.0,0.0,0.0,0.076576848719188,0.0
2021-09-09 16:00:00,0.0,0.0,0.0,0.0,0.0,0.076576848719188,0.0
2021-09-09 20:00:00,0.0,0.0,0.0,0.0,0.0,0.0,0.0
2021-09-10 00:00:00,0.0,0.0,0.0,0.0,0.0,0.0,0.0
2021-09-10 04:00:00,0.0,0.0,0.0,0.0,0.0,0.0,0.0
2021-09-10 08:00:00,0.0,0.0,0.0,0.0,0.0,0.0,0.0
2021-09-10 12:00:00,0.0,0.0,0.0,0.0,0.0,0.0,0.0
2021-09-10 16:00:00,0.0,0.0,0.0,0.0,0.0,0.0,0.0
2021-09-10 20:00:00,0.0,0.0,0.0,0.0,0.0,0.0,0.0
2021-09-11 00:00:00,0.0,0.0,0.0,0.0,0.0,0.0,0.0
2021-09-11 04:00:00,0.0,0.06715598672453406,0.0,0.0,0.0,0.0,0.0
2021-09-11 08:00:00,0.0,0.06715598672453406,0.0,0.0,0.0,0.0,0.0
2021-09-11 12:00:00,0.0,0.06715598672453406,0.0,0.0,0.0,0.0,0.0
2021-09-11 16:00:00,0.0,0.06715598672453406,0.0,0.0,0.0,0.0,0.0
2021-09-11 20:00:00,0.0,0.06715598672453406,0.0,0.0,0.0,0.0,0.0
2021-09-12 00:00:00,0.0,0.06715598672453406,0.0,0.0,0.0,0.0,0.0
2021-09-12 04:00:00,0.0,0.06715598672453406,0.0,0.0,0.0,0.0,0.0
2021-09-12 08:00:00,0.0,0.06715598672453406,0.0,0.0,0.0,0.0,0.0
2021-09-12 12:00:00,0.0,0.06715598672453406,0.0,0.0,0.0,0.0,0.0
2021-09-12 16:00:00,0.0,0.06715598672453406,0.0,0.0,0.0,0.0,0.0
2021-09-12 20:00:00,0.0,0.06715598672453406,0.0,0.0,0.0,0.0,0.0
2021-09-13 00:00:00,0.0,0.06715598672453406,0.0,0.0,0.0,0.0,0.0
2021-09-13 04:00:00,0.0,0.0,0.0,0.0,0.0,0.0,0.0
2021-09-13 08:00:00,0.0,0.0,0.0,0.0,0.0,0.0,0.0
2021-09-13 12:00:00,0.0,0.0,0.0,0.0,0.0,0.0,0.0
2021-09-13 16:00:00,0.0,0.0,0.0,0.0,0.0,0.0,0.0
2021-09-13 20:00:00,0.0,0.0,0.0,0.0,0.0,0.0,0.0
2021-09-14 00:00:00,0.0,0.0,0.0,0.0,0.0,0.0,0.0
2021-09-14 04:00:00,0.0,0.0,0.0,0.0,0.0,0.0,0.0
2021-09-14 08:00:00,0.0,0.0,0.0,0.0,0.0,0.0,0.0
2021-09-14 12:00:00,0.0,0.0,0.0,0.0,0.0,0.0,0.0
2021-09-14 16:00:00,0.0,0.0,0.0,0.0,0.0,0.0,0.0
2021-09-14 20:00:00,0.0,0.0,0.0,0.0,0.0,0.0,0.0
2021-09-15 00:00:00,0.0,0.0,0.0,0.0,0.0,0.0,0.0
2021-09-15 04:00:00,0.0,0.0,0.0,0.0,0.0,0.0,0.0
2021-09-15 08:00:00,0.0,0.0,0.0,0.0,0.0,0.0,0.0
2021-09-15 12:00:00,0.0,0.0,0.0,0.0,0.0,0.0,0.0
2021-09-15 16:00:00,0.0,0.0,0.0,0.0,0.0,0.0,0.0
2021-09-15 20:00:00,0.0,0.0,0.0,0.0,0.0,0.0,0.0
2021-09-16 00:00:00,0.0,0.0,0.0,0.0,0.0,0.0,0.0
2021-09-16 04:00:00,0.0,0.0,0.0,0.0,0.0,0.0,0.0
2021-09-16 08:00:00,0.0,0.0,0.0,0.0,0.0,0.0,0.0
2021-09-16 12:00:00,0.0,0.0,0.0,0.0,0.0,0.0,0.0
2021-09-16 16:00:00,0.0,0.07211644490185985,0.0,0.0,0.0,0.0,0.0
2021-09-16 20:00:00,0.0,0.07211644490185985,0.0,0.0,0.0,0.0,0.0
2021-09-17 00:00:00,0.0,0.07211644490185985,0.0,0.0,0.0,0.0,0.0
2021-09-17 04:00:00,0.0,0.07211644490185985,0.0,0.0,0.0,0.0,0.0
2021-09-17 08:00:00,0.0,0.07211644490185985,0.0,0.0,0.0,0.0,0.0
2021-09-17 12:00:00,0.0,0.07211644490185985,0.0,0.0,0.0,0.0,0.0
2021-09-17 16:00:00,0.0,0.07211644490185985,0.0,0.0,0.0,0.0,0.0
2021-09-17 20:00:00,0.0,0.07211644490185985,0.0,0.0,0.0,0.0,0.0
2021-09-18 00:00:00,0.0,0.07211644490185985,0.0,0.0,0.0,0.0,0.0
2021-09-18 04:00:00,0.0,0.07211644490185985,0.0,0.0,0.0,0.0,0.0
2021-09-18 08:00:00,0.0,0.07211644490185985,0.0,0.28110050170491835,0.0,0.0,0.0
2021-09-18 12:00:00,0.0,0.07211644490185985,0.0,0.28110050170491835,0.0,0.0,0.0
2021-09-18 16:00:00,0.0,0.07211644490185985,0.0,0.28110050170491835,0.0,0.0,0.0
2021-09-18 20:00:00,0.0,0.07211644490185985,0.0,0.28110050170491835,0.0,0.0,0.0
2021-09-19 00:00:00,0.0,0.07211644490185985,0.0,0.28110050170491835,0.0,0.0,0.0
2021-09-19 04:00:00,0.0,0.07211644490185985,0.0,0.28110050170491835,0.0,0.0,0.0
2021-09-19 08:00:00,0.0,0.07211644490185985,0.0,0.28110050170491835,0.0,0.0,0.0
2021-09-19 12:00:00,0.0,0.07211644490185985,0.0,0.28110050170491835,0.0,0.0,0.0
2021-09-19 16:00:00,0.0,0.07211644490185985,0.0,0.28110050170491835,0.0,0.0,0.0
2021-09-19 20:00:00,0.0,0.07211644490185985,0.0,0.28110050170491835,0.0,0.0,0.0
2021-09-20 00:00:00,0.0,0.07211644490185985,0.0,0.0,0.0,0.0,0.0
2021-09-20 04:00:00,0.0,0.0,0.0,0.0,0.0,0.0,0.0
2021-09-20 08:00:00,0.0,0.0,0.0,0.0,0.0,0.0,0.0
2021-09-20 12:00:00,0.0,0.0,0.0,0.0,0.0,0.0,0.0
2021-09-20 16:00:00,0.0,0.0,0.0,0.0,0.0,0.0,0.0
2021-09-20 20:00:00,0.0,0.0,0.0,0.0,0.0,0.0,0.0
2021-09-21 00:00:00,0.0,0.0,0.0,0.0,0.0,0.0,0.0
2021-09-21 04:00:00,0.0,0.0,0.0,0.0,0.0,0.0,0.0
2021-09-21 08:00:00,0.0,0.0,0.0,0.0,0.0,0.0,0.0
2021-09-21 12:00:00,0.0,0.0,0.0,0.0,0.0,0.0,0.0
2021-09-21 16:00:00,0.0,0.0,0.0,0.0,0.0,0.0,0.0
2021-09-21 20:00:00,0.0,0.0,0.0,0.0,0.0,0.0,0.0
2021-09-22 00:00:00,0.0,0.0,0.0,0.0,0.0,0.0,0.0
2021-09-22 04:00:00,0.0,0.0,0.0,0.0,0.0,0.0,0.0
2021-09-22 08:00:00,0.0,0.0,0.0,0.0,0.0,0.0,0.0
2021-09-22 12:00:00,0.0,0.0,0.0,0.0,0.0,0.0,0.0
2021-09-22 16:00:00,0.0,0.0,0.0,0.0,0.0,0.0,0.0
2021-09-22 20:00:00,0.0,0.0,0.0,0.0,0.0,0.0,0.0
2021-09-23 00:00:00,0.0,0.0,0.0,0.0,0.0,0.0,0.0
2021-09-23 04:00:00,0.0,0.0,0.0,0.0,0.0,0.0,0.0
2021-09-23 08:00:00,0.0,0.07172290326495936,0.0,0.0,0.0,0.0,0.0
2021-09-23 12:00:00,0.0,0.07172290326495936,0.0,0.0,0.0,0.0,0.0
2021-09-23 16:00:00,0.0,0.07172290326495936,0.0,0.0,0.0,0.0,0.0
2021-09-23 20:00:00,0.0,0.07172290326495936,0.0,0.0,0.0,0.0,0.0
2021-09-24 00:00:00,0.0,0.07172290326495936,0.0,0.0,0.0,0.0,0.0
2021-09-24 04:00:00,0.0,0.07172290326495936,0.0,0.0,0.0,0.0,0.0
2021-09-24 08:00:00,0.0,0.07172290326495936,0.0,0.0,0.0,0.0,0.0
2021-09-24 12:00:00,0.0,0.0,0.0,0.0,0.0,0.0,0.0
2021-09-24 16:00:00,0.0,0.0,0.0,0.0,0.0,0.0,0.0
2021-09-24 20:00:00,0.0,0.0,0.0,0.0,0.0,0.0,0.0
2021-09-25 00:00:00,0.0,0.0,0.0,0.0,0.0,0.0,0.0
2021-09-25 04:00:00,0.0,0.0,0.0,0.0,0.0,0.0,0.0
2021-09-25 08:00:00,0.0,0.0,0.0,0.0,0.0,0.0,0.0
2021-09-25 12:00:00,0.0,0.0,0.0,0.0,0.0,0.0,0.0
2021-09-25 16:00:00,0.0,0.0,0.0,0.0,0.0,0.0,0.0
2021-09-25 20:00:00,0.0,0.0,0.0,0.0,0.0,0.0,0.0
2021-09-26 00:00:00,0.0,0.0,0.0,0.0,0.0,0.0,0.0
2021-09-26 04:00:00,0.0,0.0,0.0,0.0,0.0,0.0,0.0
2021-09-26 08:00:00,0.0,0.0,0.0,0.0,0.0,0.0,0.0
2021-09-26 12:00:00,0.0,0.0,0.0,0.0,0.0,0.0,0.0
2021-09-26 16:00:00,0.0,0.0,0.0,0.0,0.0,0.0,0.0
2021-09-26 20:00:00,0.0,0.0,0.0,0.0,0.0,0.0,0.0
2021-09-27 00:00:00,0.0,0.0,0.0,0.0,0.0,0.0,0.0
2021-09-27 04:00:00,0.0,0.0,0.0,0.0,0.0,0.0,0.0
2021-09-27 08:00:00,0.0,0.0,0.0,0.0,0.0,0.0,0.0
2021-09-27 12:00:00,0.0,0.0,0.0,0.0,0.0,0.0,0.0
2021-09-27 16:00:00,0.0,0.0,0.0,0.0,0.0,0.0,0.0
2021-09-27 20:00:00,0.0,0.0,0.0,0.0,0.0,0.0,0.0
2021-09-28 00:00:00,0.0,0.0,0.0,0.0,0.0,0.0,0.0
2021-09-28 04:00:00,0.0,0.0,0.0,0.0,0.0,0.0,0.0
2021-09-28 08:00:00,0.0,0.0,0.0,0.0,0.0,0.0,0.0
2021-09-28 12:00:00,0.0,0.0,0.0,0.0,0.0,0.0,0.0
2021-09-28 16:00:00,0.0,0.0,0.0,0.0,0.0,0.0,0.0
2021-09-28 20:00:00,0.0,0.0,0.0,0.0,0.0,0.0,0.0
2021-09-29 00:00:00,0.0,0.0,0.0,0.0,0.0,0.0,0.0
2021-09-29 04:00:00,0.0,0.0,0.0,0.0,0.0,0.0,0.0
2021-09-29 08:00:00,0.0,0.0,0.0,0.0,0.0,0.0,0.0
2021-09-29 12:00:00,0.0,0.0,0.0,0.0,0.0,0.0,0.0
2021-09-29 16:00:00,0.0,0.0,0.0,0.0,0.0,0.0,0.0
2021-09-29 20:00:00,0.0,0.0,0.0,0.0,0.0,0.0,0.0
2021-09-30 00:00:00,0.0,0.0,0.0,0.0,0.0,0.0,0.0
2021-09-30 04:00:00,0.0,0.0,0.0,0.0,0.0,0.0,0.0
2021-09-30 08:00:00,0.0,0.0,0.0,0.0,0.0,0.0,0.0
2021-09-30 12:00:00,0.0,0.0,0.0,0.0,0.0,0.0,0.0
2021-09-30 16:00:00,0.0,0.0,0.0,0.0,0.0,0.0,0.0
2021-09-30 20:00:00,0.0,0.0,0.0,0.0,0.0,0.0,0.0
2021-10-01 00:00:00,0.0,0.0,0.0,0.0,0.0,0.0,0.0
2021-10-01 04:00:00,0.0,0.0,0.0,0.0,0.0,0.0,0.0
2021-10-01 08:00:00,0.0,0.0,0.19124040920716096,0.0,0.0,0.0,0.0
2021-10-01 12:00:00,0.0,0.0,0.19124040920716096,0.23442560853240363,0.18504234073136397,0.13454087903084214,0.19826070089227982
2021-10-01 16:00:00,0.0,0.0,0.19124040920716096,0.23442560853240363,0.18504234073136397,0.13454087903084214,0.19826070089227982
2021-10-01 20:00:00,0.0,0.0,0.19124040920716096,0.23442560853240363,0.18504234073136397,0.13454087903084214,0.19826070089227982
2021-10-02 00:00:00,0.0,0.0,0.19124040920716096,0.23442560853240363,0.18504234073136397,0.13454087903084214,0.19826070089227982
2021-10-02 04:00:00,0.0,0.0,0.19124040920716096,0.23442560853240363,0.18504234073136397,0.13454087903084214,0.19826070089227982
2021-10-02 08:00:00,0.0,0.0,0.19124040920716096,0.23442560853240363,0.18504234073136397,0.13454087903084214,0.19826070089227982
2021-10-02 12:00:00,0.0,0.0,0.19124040920716096,0.23442560853240363,0.18504234073136397,0.13454087903084214,0.19826070089227982
2021-10-02 16:00:00,0.0,0.0,0.19124040920716096,0.23442560853240363,0.18504234073136397,0.0,0.19826070089227982
2021-10-02 20:00:00,0.0,0.0,0.19124040920716096,0.23442560853240363,0.18504234073136397,0.15159574468085113,0.19826070089227982
2021-10-03 00:00:00,0.0,0.0,0.19124040920716096,0.23442560853240363,0.18504234073136397,0.15159574468085113,0.19826070089227982
2021-10-03 04:00:00,0.0,0.0,0.19124040920716096,0.23442560853240363,0.18504234073136397,0.15159574468085113,0.19826070089227982
2021-10-03 08:00:00,0.0,0.0,0.19124040920716096,0.23442560853240363,0.18504234073136397,0.15159574468085113,0.19826070089227982
2021-10-03 12:00:00,0.0,0.0,0.19124040920716096,0.23442560853240363,0.18504234073136397,0.15159574468085113,0.19826070089227982
2021-10-03 16:00:00,0.0,0.0,0.19124040920716096,0.23442560853240363,0.18504234073136397,0.15159574468085113,0.19826070089227982
2021-10-03 20:00:00,0.0,0.0,0.19124040920716096,0.23442560853240363,0.18504234073136397,0.15159574468085113,0.19826070089227982
2021-10-04 00:00:00,0.0,0.0,0.19124040920716096,0.23442560853240363,0.18504234073136397,0.15159574468085113,0.19826070089227982
2021-10-04 04:00:00,0.0,0.0,0.0,0.23442560853240363,0.18504234073136397,0.15159574468085113,0.19826070089227982
2021-10-04 08:00:00,0.0,0.0,0.0,0.23442560853240363,0.18504234073136397,0.15159574468085113,0.0
2021-10-04 12:00:00,0.0,0.0,0.0,0.23442560853240363,0.0,0.15159574468085113,0.0
2021-10-04 16:00:00,0.0,0.0,0.0,0.0,0.0,0.0,0.0
2021-10-04 20:00:00,0.0,0.0,0.0,0.250193463353768,0.0,0.0,0.0
2021-10-05 00:00:00,0.0,0.0,0.0,0.250193463353768,0.0,0.0,0.0
2021-10-05 04:00:00,0.0,0.0,0.0,0.250193463353768,0.0,0.0,0.0
2021-10-05 08:00:00,0.0,0.0,0.0,0.250193463353768,0.0,0.0,0.0
2021-10-05 12:00:00,0.0,0.0,0.2103053435114506,0.250193463353768,0.0,0.0,0.0
2021-10-05 16:00:00,0.0,0.0,0.2103053435114506,0.250193463353768,0.0,0.0,0.0
2021-10-05 20:00:00,0.0,0.0,0.2103053435114506,0.250193463353768,0.21087453834412026,0.0,0.0
2021-10-06 00:00:00,0.0,0.0,0.2103053435114506,0.250193463353768,0.21087453834412026,0.0,0.0
2021-10-06 04:00:00,0.0,0.0,0.2103053435114506,0.250193463353768,0.21087453834412026,0.0,0.0
2021-10-06 08:00:00,0.0,0.0,0.2103053435114506,0.250193463353768,0.21087453834412026,0.0,0.0
2021-10-06 12:00:00,0.0,0.0,0.0,0.250193463353768,0.0,0.0,0.0
2021-10-06 16:00:00,0.0,0.0,0.0,0.0,0.21342386938235433,0.0,0.18628675218526533
2021-10-06 20:00:00,0.0,0.0,0.0,0.0,0.21342386938235433,0.0,0.18628675218526533
2021-10-07 00:00:00,0.0,0.0,0.0,0.0,0.21342386938235433,0.0,0.18628675218526533
2021-10-07 04:00:00,0.0,0.0,0.0,0.0,0.21342386938235433,0.0,0.18628675218526533
2021-10-07 08:00:00,0.0,0.0,0.20669144981412657,0.0,0.21342386938235433,0.0,0.18628675218526533
2021-10-07 12:00:00,0.2023519163763062,0.0,0.20669144981412657,0.0,0.21342386938235433,0.0,0.18628675218526533
2021-10-07 16:00:00,0.2023519163763062,0.0,0.20669144981412657,0.0,0.21342386938235433,0.0,0.18628675218526533
2021-10-07 20:00:00,0.2023519163763062,0.0,0.20669144981412657,0.0,0.21342386938235433,0.0,0.18628675218526533
2021-10-08 00:00:00,0.2023519163763062,0.0,0.20669144981412657,0.0,0.21342386938235433,0.0,0.18628675218526533
2021-10-08 04:00:00,0.2023519163763062,0.0,0.20669144981412657,0.0,0.21342386938235433,0.0,0.18628675218526533
2021-10-08 08:00:00,0.2023519163763062,0.0,0.20669144981412657,0.0,0.21342386938235433,0.0,0.18628675218526533
2021-10-08 12:00:00,0.2023519163763062,0.0,0.0,0.0,0.21342386938235433,0.0,0.18628675218526533
2021-10-08 16:00:00,0.2023519163763062,0.0,0.0,0.0,0.21342386938235433,0.0,0.18628675218526533
2021-10-08 20:00:00,0.2023519163763062,0.0,0.0,0.0,0.21342386938235433,0.0,0.18628675218526533
2021-10-09 00:00:00,0.2023519163763062,0.0,0.0,0.0,0.21342386938235433,0.0,0.18628675218526533
2021-10-09 04:00:00,0.2023519163763062,0.0,0.0,0.0,0.21342386938235433,0.0,0.18628675218526533
2021-10-09 08:00:00,0.2023519163763062,0.0,0.0,0.0,0.21342386938235433,0.0,0.18628675218526533
2021-10-09 12:00:00,0.2023519163763062,0.0,0.0,0.0,0.21342386938235433,0.0,0.18628675218526533
2021-10-09 16:00:00,0.2023519163763062,0.0,0.0,0.0,0.21342386938235433,0.0,0.18628675218526533
2021-10-09 20:00:00,0.2023519163763062,0.0,0.0,0.0,0.21342386938235433,0.0,0.18628675218526533
2021-10-10 00:00:00,0.2023519163763062,0.0,0.0,0.0,0.21342386938235433,0.0,0.18628675218526533
2021-10-10 04:00:00,0.2023519163763062,0.0,0.0,0.0,0.21342386938235433,0.0,0.18628675218526533
2021-10-10 08:00:00,0.2023519163763062,0.0,0.0,0.0,0.21342386938235433,0.0,0.18628675218526533
2021-10-10 12:00:00,0.2023519163763062,0.0,0.0,0.0,0.21342386938235433,0.0,0.18628675218526533
2021-10-10 16:00:00,0.2023519163763062,0.0,0.0,0.0,0.21342386938235433,0.0,0.18628675218526533
2021-10-10 20:00:00,0.2023519163763062,0.0,0.0,0.0,0.21342386938235433,0.0,0.18628675218526533
2021-10-11 00:00:00,0.0,0.0,0.0,0.0,0.0,0.0,0.0
2021-10-11 04:00:00,0.0,0.0,0.0,0.0,0.0,0.0,0.0
2021-10-11 08:00:00,0.0,0.0,0.0,0.24271009035458027,0.0,0.0,0.0
2021-10-11 12:00:00,0.0,0.0,0.0,0.24271009035458027,0.0,0.0,0.0
2021-10-11 16:00:00,0.0,0.0,0.0,0.24271009035458027,0.0,0.0,0.0
2021-10-11 20:00:00,0.0,0.0,0.0,0.24271009035458027,0.0,0.0,0.0
2021-10-12 00:00:00,0.0,0.0,0.0,0.24271009035458027,0.0,0.0,0.0
2021-10-12 04:00:00,0.0,0.0,0.0,0.24271009035458027,0.0,0.0,0.0
2021-10-12 08:00:00,0.0,0.0,0.0,0.24271009035458027,0.0,0.0,0.0
2021-10-12 12:00:00,0.0,0.0,0.0,0.24271009035458027,0.0,0.0,0.0
2021-10-12 16:00:00,0.0,0.0,0.0,0.24271009035458027,0.0,0.0,0.0
2021-10-12 20:00:00,0.0,0.0,0.0,0.0,0.0,0.0,0.0
2021-10-13 00:00:00,0.0,0.0,0.0,0.0,0.0,0.0,0.0
2021-10-13 04:00:00,0.0,0.0,0.22441596365996153,0.0,0.0,0.0,0.0
2021-10-13 08:00:00,0.0,0.0,0.0,0.0,0.0,0.0,0.0
2021-10-13 12:00:00,0.0,0.0,0.0,0.0,0.0,0.0,0.0
2021-10-13 16:00:00,0.0,0.0,0.0,0.0,0.0,0.0,0.0
2021-10-13 20:00:00,0.0,0.0,0.0,0.0,0.0,0.0,0.0
2021-10-14 00:00:00,0.0,0.0,0.1942244224422446,0.0,0.0,0.0,0.0
2021-10-14 04:00:00,0.0,0.0,0.1942244224422446,0.24182246026541354,0.0,0.0,0.0
2021-10-14 08:00:00,0.0,0.0,0.1942244224422446,0.24182246026541354,0.0,0.0,0.0
2021-10-14 12:00:00,0.0,0.0,0.1942244224422446,0.24182246026541354,0.2271976273206804,0.0,0.0
2021-10-14 16:00:00,0.0,0.0,0.1942244224422446,0.24182246026541354,0.2271976273206804,0.0,0.0
2021-10-14 20:00:00,0.0,0.0,0.1942244224422446,0.24182246026541354,0.2271976273206804,0.0,0.0
2021-10-15 00:00:00,0.0,0.0,0.1942244224422446,0.24182246026541354,0.2271976273206804,0.0,0.0
2021-10-15 04:00:00,0.0,0.0,0.1942244224422446,0.0,0.2271976273206804,0.0,0.0
2021-10-15 08:00:00,0.0,0.0,0.1942244224422446,0.0,0.2271976273206804,0.0,0.0
2021-10-15 12:00:00,0.0,0.0,0.0,0.0,0.2271976273206804,0.0,0.0
2021-10-15 16:00:00,0.0,0.0,0.0,0.23670095148181314,0.2271976273206804,0.0,0.0
2021-10-15 20:00:00,0.0,0.0,0.0,0.23670095148181314,0.2271976273206804,0.0,0.0
2021-10-16 00:00:00,0.0,0.0,0.0,0.23670095148181314,0.2271976273206804,0.0,0.0
2021-10-16 04:00:00,0.0,0.0,0.0,0.23670095148181314,0.2271976273206804,0.0,0.0
2021-10-16 08:00:00,0.0,0.0,0.0,0.23670095148181314,0.2271976273206804,0.0,0.0
2021-10-16 12:00:00,0.0,0.0,0.0,0.23670095148181314,0.2271976273206804,0.0,0.0
2021-10-16 16:00:00,0.0,0.0,0.0,0.23670095148181314,0.2271976273206804,0.0,0.0
2021-10-16 20:00:00,0.0,0.0,0.0,0.23670095148181314,0.2271976273206804,0.0,0.0
2021-10-17 00:00:00,0.0,0.0,0.0,0.23670095148181314,0.2271976273206804,0.0,0.0
2021-10-17 04:00:00,0.0,0.0,0.0,0.23670095148181314,0.2271976273206804,0.0,0.0
2021-10-17 08:00:00,0.0,0.0,0.0,0.23670095148181314,0.2271976273206804,0.0,0.0
2021-10-17 12:00:00,0.0,0.0,0.0,0.23670095148181314,0.2271976273206804,0.0,0.0
2021-10-17 16:00:00,0.0,0.0,0.0,0.23670095148181314,0.0,0.0,0.0
2021-10-17 20:00:00,0.0,0.0,0.0,0.23670095148181314,0.0,0.0,0.0
2021-10-18 00:00:00,0.0,0.0,0.0,0.0,0.0,0.0,0.0
2021-10-18 04:00:00,0.0,0.0,0.0,0.0,0.0,0.0,0.0
2021-10-18 08:00:00,0.0,0.0,0.0,0.0,0.0,0.0,0.0
2021-10-18 12:00:00,0.0,0.0,0.0,0.0,0.0,0.0,0.0
2021-10-18 16:00:00,0.0,0.0,0.0,0.0,0.0,0.0,0.0
2021-10-18 20:00:00,0.0,0.0,0.0,0.0,0.0,0.0,0.0
2021-10-19 00:00:00,0.0,0.0,0.21875187969924795,0.0,0.0,0.0,0.0
2021-10-19 04:00:00,0.0,0.0,0.21875187969924795,0.0,0.0,0.0,0.0
2021-10-19 08:00:00,0.0,0.0,0.21875187969924795,0.0,0.0,0.0,0.0
2021-10-19 12:00:00,0.0,0.0,0.21875187969924795,0.0,0.0,0.0,0.0
2021-10-19 16:00:00,0.0,0.0,0.21875187969924795,0.0,0.0,0.0,0.0
2021-10-19 20:00:00,0.0,0.0,0.21875187969924795,0.25005864053701443,0.0,0.0,0.0
2021-10-20 00:00:00,0.0,0.0,0.21875187969924795,0.25005864053701443,0.0,0.0,0.0
2021-10-20 04:00:00,0.0,0.0,0.21875187969924795,0.25005864053701443,0.0,0.0,0.0
2021-10-20 08:00:00,0.0,0.0,0.21875187969924795,0.25005864053701443,0.0,0.0,0.0
2021-10-20 12:00:00,0.0,0.0,0.21875187969924795,0.25005864053701443,0.0,0.0,0.0
2021-10-20 16:00:00,0.0,0.0,0.21875187969924795,0.0,0.23406435208197893,0.20801282051282066,0.0
2021-10-20 20:00:00,0.0,0.0,0.21875187969924795,0.0,0.23406435208197893,0.20801282051282066,0.0
2021-10-21 00:00:00,0.0,0.0,0.21875187969924795,0.0,0.23406435208197893,0.20801282051282066,0.0
2021-10-21 04:00:00,0.0,0.0,0.21875187969924795,0.0,0.23406435208197893,0.20801282051282066,0.0
2021-10-21 08:00:00,0.0,0.0,0.21875187969924795,0.0,0.23406435208197893,0.20801282051282066,0.0
2021-10-21 12:00:00,0.0,0.0,0.21875187969924795,0.0,0.23406435208197893,0.20801282051282066,0.0
2021-10-21 16:00:00,0.0,0.0,0.0,0.0,0.0,0.20801282051282066,0.0
2021-10-21 20:00:00,0.0,0.0,0.0,0.0,0.0,0.20801282051282066,0.0
2021-10-22 00:00:00,0.0,0.0,0.0,0.0,0.0,0.20801282051282066,0.0
2021-10-22 04:00:00,0.0,0.1837414578587699,0.0,0.0,0.0,0.0,0.0
2021-10-22 08:00:00,0.0,0.1837414578587699,0.0,0.0,0.0,0.0,0.0
2021-10-22 12:00:00,0.0,0.1837414578587699,0.0,0.0,0.0,0.0,0.0
2021-10-22 16:00:00,0.0,0.1837414578587699,0.0,0.0,0.0,0.0,0.0
2021-10-22 20:00:00,0.0,0.1837414578587699,0.0,0.0,0.0,0.0,0.0
2021-10-23 00:00:00,0.0,0.1837414578587699,0.0,0.0,0.0,0.0,0.0
2021-10-23 04:00:00,0.0,0.1837414578587699,0.0,0.0,0.0,0.0,0.0
2021-10-23 08:00:00,0.0,0.1837414578587699,0.0,0.0,0.0,0.0,0.0
2021-10-23 12:00:00,0.0,0.1837414578587699,0.0,0.0,0.0,0.0,0.0
2021-10-23 16:00:00,0.0,0.1837414578587699,0.0,0.0,0.0,0.0,0.0
2021-10-23 20:00:00,0.0,0.1837414578587699,0.0,0.0,0.0,0.0,0.0
2021-10-24 00:00:00,0.0,0.1837414578587699,0.0,0.0,0.0,0.0,0.0
2021-10-24 04:00:00,0.0,0.1837414578587699,0.0,0.0,0.0,0.0,0.0
2021-10-24 08:00:00,0.0,0.1837414578587699,0.0,0.0,0.0,0.0,0.0
2021-10-24 12:00:00,0.0,0.1837414578587699,0.0,0.0,0.0,0.0,0.0
2021-10-24 16:00:00,0.0,0.0,0.0,0.0,0.0,0.0,0.0
2021-10-24 20:00:00,0.0,0.0,0.0,0.0,0.0,0.0,0.0
2021-10-25 00:00:00,0.0,0.0,0.0,0.0,0.0,0.0,0.0
2021-10-25 04:00:00,0.0,0.0,0.0,0.0,0.0,0.0,0.0
2021-10-25 08:00:00,0.0,0.0,0.0,0.0,0.0,0.0,0.0
2021-10-25 12:00:00,0.0,0.0,0.0,0.0,0.0,0.0,0.0
2021-10-25 16:00:00,0.0,0.0,0.0,0.0,0.0,0.12096827738841763,0.0
2021-10-25 20:00:00,0.0,0.0,0.0,0.0,0.0,0.12096827738841763,0.0
2021-10-26 00:00:00,0.0,0.1448283024093049,0.0,0.0,0.0,0.12096827738841763,0.0
2021-10-26 04:00:00,0.0,0.1448283024093049,0.0,0.0,0.0,0.12096827738841763,0.0
2021-10-26 08:00:00,0.0,0.1448283024093049,0.0,0.0,0.0,0.12096827738841763,0.0
2021-10-26 12:00:00,0.0,0.1448283024093049,0.0,0.0,0.0,0.12096827738841763,0.0
2021-10-26 16:00:00,0.0,0.1448283024093049,0.0,0.0,0.0,0.12096827738841763,0.0
2021-10-26 20:00:00,0.0,0.1448283024093049,0.0,0.0,0.0,0.12096827738841763,0.0
2021-10-27 00:00:00,0.0,0.1448283024093049,0.0,0.0,0.0,0.0,0.0
2021-10-27 04:00:00,0.0,0.1448283024093049,0.0,0.0,0.0,0.0,0.0
2021-10-27 08:00:00,0.0,0.0,0.0,0.0,0.0,0.0,0.0
2021-10-27 12:00:00,0.0,0.0,0.0,0.0,0.0,0.0,0.0
2021-10-27 16:00:00,0.0,0.0,0.0,0.0,0.0,0.0,0.0
2021-10-27 20:00:00,0.0,0.0,0.0,0.0,0.0,0.0,0.0
2021-10-28 00:00:00,0.0,0.0,0.0,0.0,0.0,0.0,0.0
2021-10-28 04:00:00,0.0,0.0,0.0,0.0,0.0,0.0,0.0
2021-10-28 08:00:00,0.0,0.0,0.0,0.0,0.0,0.0,0.0
2021-10-28 12:00:00,0.0,0.0,0.0,0.0,0.0,0.0,0.0
2021-10-28 16:00:00,0.0,0.0,0.0,0.0,0.0,0.0,0.0
2021-10-28 20:00:00,0.0,0.0,0.0,0.0,0.0,0.0,0.0
2021-10-29 00:00:00,0.0,0.0,0.0,0.0,0.0,0.0,0.0
2021-10-29 04:00:00,0.0,0.0,0.0,0.0,0.22548702970229018,0.0,0.0
2021-10-29 08:00:00,0.0,0.0,0.0,0.0,0.22548702970229018,0.0,0.0
2021-10-29 12:00:00,0.0,0.0,0.0,0.0,0.22548702970229018,0.0,0.0
2021-10-29 16:00:00,0.0,0.0,0.2484809721778059,0.0,0.22548702970229018,0.0,0.0
2021-10-29 20:00:00,0.0,0.0,0.2484809721778059,0.0,0.22548702970229018,0.0,0.0
2021-10-30 00:00:00,0.0,0.0,0.2484809721778059,0.0,0.22548702970229018,0.0,0.0
2021-10-30 04:00:00,0.0,0.0,0.2484809721778059,0.0,0.22548702970229018,0.0,0.0
2021-10-30 08:00:00,0.0,0.0,0.2484809721778059,0.0,0.22548702970229018,0.0,0.0
2021-10-30 12:00:00,0.0,0.0,0.2484809721778059,0.0,0.22548702970229018,0.0,0.0
2021-10-30 16:00:00,0.0,0.0,0.2484809721778059,0.0,0.0,0.0,0.0
2021-10-30 20:00:00,0.0,0.0,0.2484809721778059,0.0,0.0,0.0,0.0
2021-10-31 00:00:00,0.0,0.0,0.2484809721778059,0.0,0.0,0.0,0.0
2021-10-31 04:00:00,0.0,0.0,0.2484809721778059,0.0,0.0,0.0,0.0
2021-10-31 08:00:00,0.0,0.0,0.2484809721778059,0.0,0.0,0.0,0.0
2021-10-31 12:00:00,0.0,0.0,0.2484809721778059,0.0,0.0,0.0,0.0
2021-10-31 16:00:00,0.0,0.0,0.0,0.0,0.0,0.0,0.0
2021-10-31 20:00:00,0.0,0.0,0.0,0.0,0.0,0.0,0.0
2021-11-01 00:00:00,0.0,0.0,0.0,0.0,0.0,0.0,0.0
2021-11-01 04:00:00,0.0,0.0,0.0,0.0,0.0,0.0,0.0
2021-11-01 08:00:00,0.0,0.0,0.0,0.0,0.0,0.0,0.0
2021-11-01 12:00:00,0.0,0.0,0.0,0.0,0.0,0.0,0.0
2021-11-01 16:00:00,0.0,0.0,0.0,0.0,0.0,0.0,0.0
2021-11-01 20:00:00,0.0,0.0,0.21038721100305324,0.0,0.0,0.0,0.0
2021-11-02 00:00:00,0.0,0.0,0.21038721100305324,0.0,0.0,0.0,0.0
2021-11-02 04:00:00,0.0,0.0,0.21038721100305324,0.0,0.0,0.0,0.0
2021-11-02 08:00:00,0.0,0.0,0.21038721100305324,0.0,0.0,0.0,0.0
2021-11-02 12:00:00,0.0,0.0,0.21038721100305324,0.0,0.0,0.0,0.0
2021-11-02 16:00:00,0.0,0.0,0.21038721100305324,0.24893164392762482,0.22723893377390028,0.0,0.0
2021-11-02 20:00:00,0.0,0.0,0.21038721100305324,0.24893164392762482,0.22723893377390028,0.0,0.0
2021-11-03 00:00:00,0.0,0.0,0.21038721100305324,0.24893164392762482,0.22723893377390028,0.16451276447799754,0.0
2021-11-03 04:00:00,0.0,0.0,0.21038721100305324,0.24893164392762482,0.22723893377390028,0.0,0.0
2021-11-03 08:00:00,0.0,0.0,0.19656316009876346,0.23257492860763282,0.21230759563338306,0.1552501363466898,0.20330417931353084
2021-11-03 12:00:00,0.0,0.0,0.19656316009876346,0.23257492860763282,0.21230759563338306,0.1552501363466898,0.20330417931353084
2021-11-03 16:00:00,0.0,0.0,0.21038721100305324,0.24893164392762482,0.22723893377390028,0.1661686919228019,0.0
2021-11-03 20:00:00,0.0,0.19265010351966852,0.21038721100305324,0.0,0.22723893377390028,0.1661686919228019,0.0
2021-11-04 00:00:00,0.0,0.19265010351966852,0.0,0.0,0.22723893377390028,0.1661686919228019,0.0
2021-11-04 04:00:00,0.0,0.19265010351966852,0.0,0.0,0.22723893377390028,0.1661686919228019,0.0
2021-11-04 08:00:00,0.0,0.19265010351966852,0.0,0.0,0.22723893377390028,0.1661686919228019,0.0
2021-11-04 12:00:00,0.0,0.19265010351966852,0.0,0.0,0.22723893377390028,0.1661686919228019,0.0
2021-11-04 16:00:00,0.0,0.0,0.0,0.0,0.22723893377390028,0.1661686919228019,0.0
2021-11-04 20:00:00,0.0,0.0,0.0,0.0,0.0,0.1661686919228019,0.0
2021-11-05 00:00:00,0.0,0.0,0.0,0.0,0.0,0.1661686919228019,0.0
2021-11-05 04:00:00,0.0,0.0,0.22296362704918052,0.0,0.0,0.1661686919228019,0.0
2021-11-05 08:00:00,0.0,0.0,0.22296362704918052,0.0,0.0,0.1661686919228019,0.0
2021-11-05 12:00:00,0.0,0.0,0.22296362704918052,0.0,0.0,0.1661686919228019,0.0
2021-11-05 16:00:00,0.0,0.0,0.22296362704918052,0.0,0.0,0.1661686919228019,0.0
2021-11-05 20:00:00,0.0,0.0,0.22296362704918052,0.0,0.0,0.1661686919228019,0.0
2021-11-06 00:00:00,0.0,0.0,0.22296362704918052,0.0,0.0,0.1661686919228019,0.0
2021-11-06 04:00:00,0.0,0.0,0.22296362704918052,0.0,0.0,0.1661686919228019,0.0
2021-11-06 08:00:00,0.0,0.0,0.22296362704918052,0.0,0.0,0.1661686919228019,0.0
2021-11-06 12:00:00,0.0,0.0,0.22296362704918052,0.0,0.0,0.1661686919228019,0.0
2021-11-06 16:00:00,0.0,0.0,0.22296362704918052,0.0,0.0,0.1661686919228019,0.0
2021-11-06 20:00:00,0.0,0.0,0.22296362704918052,0.0,0.0,0.1661686919228019,0.0
2021-11-07 00:00:00,0.0,0.0,0.22296362704918052,0.0,0.0,0.1661686919228019,0.0
2021-11-07 04:00:00,0.0,0.1464762782128052,0.22296362704918052,0.0,0.0,0.1661686919228019,0.0
2021-11-07 08:00:00,0.0,0.1464762782128052,0.22296362704918052,0.0,0.0,0.1661686919228019,0.0
2021-11-07 12:00:00,0.0,0.1464762782128052,0.22296362704918052,0.0,0.0,0.1661686919228019,0.0
2021-11-07 16:00:00,0.0,0.1464762782128052,0.22296362704918052,0.0,0.0,0.1661686919228019,0.0
2021-11-07 20:00:00,0.0,0.1464762782128052,0.22296362704918052,0.0,0.0,0.1661686919228019,0.0
2021-11-08 00:00:00,0.0,0.1464762782128052,0.22296362704918052,0.0,0.0,0.1661686919228019,0.0
2021-11-08 04:00:00,0.0,0.1464762782128052,0.0,0.32862511697611124,0.29454955011169265,0.0,0.17670002806098598
2021-11-08 08:00:00,0.0,0.1464762782128052,0.0,0.32862511697611124,0.29454955011169265,0.0,0.17670002806098598
2021-11-08 12:00:00,0.0,0.1464762782128052,0.0,0.32862511697611124,0.29454955011169265,0.0,0.17670002806098598
2021-11-08 16:00:00,0.0,0.1464762782128052,0.0,0.32862511697611124,0.29454955011169265,0.0,0.17670002806098598
2021-11-08 20:00:00,0.0,0.1464762782128052,0.0,0.32862511697611124,0.29454955011169265,0.0,0.17670002806098598
2021-11-09 00:00:00,0.0,0.1464762782128052,0.0,0.0,0.29454955011169265,0.0,0.17670002806098598
2021-11-09 04:00:00,0.0,0.1464762782128052,0.0,0.33667876483937964,0.29454955011169265,0.0,0.17670002806098598
2021-11-09 08:00:00,0.21658565660307788,0.12023371929197052,0.0,0.27635969862952514,0.24177831631039787,0.0,0.14504260916502862
2021-11-09 12:00:00,0.21658565660307788,0.12023371929197052,0.0,0.27635969862952514,0.24177831631039787,0.0,0.14504260916502862
2021-11-09 16:00:00,0.21658565660307788,0.12023371929197052,0.0,0.27635969862952514,0.24177831631039787,0.0,0.14504260916502862
2021-11-09 20:00:00,0.2638582677165354,0.1464762782128052,0.0,0.0,0.29454955011169265,0.0,0.17670002806098598
2021-11-10 00:00:00,0.2638582677165354,0.1464762782128052,0.0,0.0,0.29454955011169265,0.0,0.17670002806098598
2021-11-10 04:00:00,0.0,0.1464762782128052,0.0,0.0,0.29454955011169265,0.0,0.17670002806098598
2021-11-10 08:00:00,0.0,0.1464762782128052,0.0,0.0,0.29454955011169265,0.0,0.17670002806098598
2021-11-10 12:00:00,0.0,0.1464762782128052,0.0,0.0,0.29454955011169265,0.0,0.17670002806098598
2021-11-10 16:00:00,0.0,0.1464762782128052,0.0,0.0,0.0,0.0,0.0
2021-11-10 20:00:00,0.0,0.0,0.0,0.0,0.0,0.0,0.0
2021-11-11 00:00:00,0.0,0.0,0.0,0.0,0.0,0.0,0.0
2021-11-11 04:00:00,0.0,0.0,0.0,0.0,0.0,0.0,0.0
2021-11-11 08:00:00,0.0,0.0,0.0,0.0,0.0,0.0,0.0
2021-11-11 12:00:00,0.0,0.0,0.0,0.0,0.0,0.0,0.0
2021-11-11 16:00:00,0.0,0.0,0.0,0.0,0.0,0.0,0.0
2021-11-11 20:00:00,0.0,0.0,0.0,0.0,0.0,0.0,0.0
2021-11-12 00:00:00,0.0,0.0,0.0,0.0,0.0,0.0,0.0
2021-11-12 04:00:00,0.0,0.0,0.0,0.0,0.0,0.0,0.0
2021-11-12 08:00:00,0.0,0.0,0.0,0.0,0.0,0.0,0.0
2021-11-12 12:00:00,0.0,0.0,0.0,0.0,0.0,0.0,0.0
2021-11-12 16:00:00,0.0,0.0,0.0,0.0,0.0,0.0,0.0
2021-11-12 20:00:00,0.0,0.0,0.0,0.0,0.0,0.0,0.0
2021-11-13 00:00:00,0.0,0.0,0.0,0.0,0.0,0.0,0.0
2021-11-13 04:00:00,0.0,0.0,0.0,0.0,0.0,0.0,0.0
2021-11-13 08:00:00,0.0,0.0,0.0,0.0,0.0,0.0,0.0
2021-11-13 12:00:00,0.0,0.0,0.0,0.0,0.0,0.0,0.0
2021-11-13 16:00:00,0.0,0.0,0.0,0.0,0.0,0.0,0.0
2021-11-13 20:00:00,0.0,0.0,0.0,0.0,0.0,0.0,0.0
2021-11-14 00:00:00,0.0,0.13821084451161916,0.0,0.0,0.0,0.0,0.0
2021-11-14 04:00:00,0.0,0.13821084451161916,0.0,0.0,0.0,0.0,0.0
2021-11-14 08:00:00,0.0,0.13821084451161916,0.0,0.0,0.0,0.0,0.0
2021-11-14 12:00:00,0.0,0.13821084451161916,0.0,0.0,0.0,0.0,0.0
2021-11-14 16:00:00,0.0,0.13821084451161916,0.0,0.0,0.0,0.0,0.0
2021-11-14 20:00:00,0.0,0.13821084451161916,0.0,0.0,0.0,0.0,0.0
2021-11-15 00:00:00,0.0,0.13821084451161916,0.0,0.0,0.0,0.0,0.0
2021-11-15 04:00:00,0.0,0.13821084451161916,0.0,0.0,0.0,0.0,0.0
2021-11-15 08:00:00,0.0,0.13821084451161916,0.0,0.0,0.0,0.0,0.0
2021-11-15 12:00:00,0.0,0.13821084451161916,0.0,0.0,0.0,0.0,0.0
2021-11-15 16:00:00,0.0,0.13821084451161916,0.0,0.0,0.0,0.0,0.0
2021-11-15 20:00:00,0.0,0.13821084451161916,0.0,0.0,0.0,0.0,0.0
2021-11-16 00:00:00,0.0,0.0,0.0,0.0,0.0,0.0,0.0
2021-11-16 04:00:00,0.0,0.0,0.0,0.0,0.0,0.0,0.0
2021-11-16 08:00:00,0.0,0.0,0.0,0.0,0.0,0.0,0.0
2021-11-16 12:00:00,0.0,0.0,0.0,0.0,0.0,0.0,0.0
2021-11-16 16:00:00,0.0,0.0,0.0,0.0,0.0,0.0,0.0
2021-11-16 20:00:00,0.0,0.0,0.0,0.0,0.0,0.0,0.0
2021-11-17 00:00:00,0.0,0.0,0.0,0.0,0.0,0.0,0.0
2021-11-17 04:00:00,0.0,0.0,0.0,0.0,0.0,0.0,0.0
2021-11-17 08:00:00,0.0,0.0,0.0,0.0,0.0,0.0,0.0
2021-11-17 12:00:00,0.0,0.0,0.0,0.0,0.0,0.0,0.0
2021-11-17 16:00:00,0.0,0.11164833595200689,0.0,0.0,0.0,0.0,0.0
2021-11-17 20:00:00,0.0,0.11164833595200689,0.0,0.0,0.0,0.0,0.0
2021-11-18 00:00:00,0.0,0.11164833595200689,0.0,0.0,0.0,0.0,0.0
2021-11-18 04:00:00,0.0,0.11164833595200689,0.0,0.0,0.0,0.0,0.0
2021-11-18 08:00:00,0.0,0.11164833595200689,0.0,0.0,0.0,0.0,0.0
2021-11-18 12:00:00,0.0,0.11164833595200689,0.0,0.0,0.0,0.0,0.0
2021-11-18 16:00:00,0.0,0.0,0.0,0.0,0.0,0.0,0.0
2021-11-18 20:00:00,0.0,0.0,0.0,0.0,0.0,0.0,0.0
2021-11-19 00:00:00,0.0,0.0,0.0,0.0,0.0,0.0,0.0
2021-11-19 04:00:00,0.0,0.0,0.0,0.0,0.0,0.0,0.0
2021-11-19 08:00:00,0.0,0.0,0.0,0.0,0.0,0.0,0.0
2021-11-19 12:00:00,0.0,0.0,0.0,0.0,0.0,0.0,0.0
2021-11-19 16:00:00,0.0,0.0,0.0,0.0,0.0,0.0,0.0
2021-11-19 20:00:00,0.0,0.0,0.0,0.0,0.0,0.0,0.0
2021-11-20 00:00:00,0.0,0.09520555713070604,0.0,0.0,0.0,0.0,0.0
2021-11-20 04:00:00,0.0,0.09520555713070604,0.0,0.0,0.0,0.0,0.0
2021-11-20 08:00:00,0.0,0.09520555713070604,0.0,0.0,0.0,0.0,0.0
2021-11-20 12:00:00,0.0,0.09520555713070604,0.0,0.0,0.0,0.0,0.0
2021-11-20 16:00:00,0.0,0.09520555713070604,0.0,0.0,0.0,0.0,0.0
2021-11-20 20:00:00,0.0,0.09520555713070604,0.0,0.0,0.0,0.0,0.0
2021-11-21 00:00:00,0.0,0.09520555713070604,0.0,0.0,0.0,0.0,0.0
2021-11-21 04:00:00,0.0,0.09520555713070604,0.0,0.0,0.0,0.0,0.0
2021-11-21 08:00:00,0.0,0.09520555713070604,0.0,0.0,0.0,0.0,0.0
2021-11-21 12:00:00,0.0,0.09520555713070604,0.0,0.0,0.0,0.0,0.0
2021-11-21 16:00:00,0.0,0.09520555713070604,0.0,0.0,0.0,0.0,0.0
2021-11-21 20:00:00,0.0,0.09520555713070604,0.0,0.0,0.0,0.0,0.0
2021-11-22 00:00:00,0.0,0.09520555713070604,0.0,0.0,0.0,0.0,0.0
2021-11-22 04:00:00,0.0,0.09520555713070604,0.0,0.0,0.0,0.0,0.0
2021-11-22 08:00:00,0.0,0.09520555713070604,0.0,0.0,0.0,0.0,0.0
2021-11-22 12:00:00,0.0,0.09520555713070604,0.0,0.0,0.0,0.0,0.0
2021-11-22 16:00:00,0.0,0.09520555713070604,0.0,0.0,0.0,0.0,0.0
2021-11-22 20:00:00,0.0,0.09520555713070604,0.0,0.0,0.0,0.0,0.0
2021-11-23 00:00:00,0.0,0.09520555713070604,0.0,0.0,0.0,0.0,0.0
2021-11-23 04:00:00,0.0,0.09520555713070604,0.0,0.0,0.0,0.0,0.0
2021-11-23 08:00:00,0.0,0.09520555713070604,0.0,0.0,0.0,0.0,0.0
2021-11-23 12:00:00,0.0,0.09520555713070604,0.0,0.0,0.0,0.0,0.0
2021-11-23 16:00:00,0.0,0.0,0.0,0.0,0.0,0.0,0.0
2021-11-23 20:00:00,0.0,0.0,0.0,0.0,0.0,0.0,0.0
2021-11-24 00:00:00,0.0,0.0,0.0,0.0,0.0,0.0,0.0
2021-11-24 04:00:00,0.0,0.0,0.0,0.0,0.0,0.0,0.0
2021-11-24 08:00:00,0.0,0.0,0.0,0.0,0.0,0.0,0.0
2021-11-24 12:00:00,0.0,0.0,0.0,0.0,0.0,0.0,0.0
2021-11-24 16:00:00,0.0,0.0,0.0,0.0,0.0,0.0,0.0
2021-11-24 20:00:00,0.0,0.0,0.0,0.0,0.0,0.0,0.0
2021-11-25 00:00:00,0.0,0.0,0.0,0.0,0.0,0.0,0.0
2021-11-25 04:00:00,0.0,0.0,0.0,0.0,0.0,0.0,0.0
2021-11-25 08:00:00,0.0,0.0,0.0,0.0,0.0,0.0,0.0
2021-11-25 12:00:00,0.0,0.0,0.0,0.0,0.0,0.0,0.0
2021-11-25 16:00:00,0.0,0.0,0.0,0.0,0.0,0.0,0.0
2021-11-25 20:00:00,0.0,0.0,0.0,0.0,0.0,0.0,0.0
2021-11-26 00:00:00,0.0,0.0,0.0,0.0,0.0,0.0,0.0
2021-11-26 04:00:00,0.0,0.0,0.0,0.0,0.0,0.0,0.0
2021-11-26 08:00:00,0.0,0.0,0.0,0.0,0.0,0.0,0.0
2021-11-26 12:00:00,0.0,0.0,0.0,0.0,0.0,0.0,0.0
2021-11-26 16:00:00,0.0,0.0,0.0,0.0,0.0,0.0,0.0
2021-11-26 20:00:00,0.0,0.0,0.0,0.0,0.0,0.0,0.0
2021-11-27 00:00:00,0.0,0.0,0.0,0.0,0.0,0.0,0.0
2021-11-27 04:00:00,0.0,0.0,0.0,0.0,0.0,0.0,0.0
2021-11-27 08:00:00,0.0,0.0,0.0,0.0,0.0,0.0,0.0
2021-11-27 12:00:00,0.0,0.0,0.0,0.0,0.0,0.0,0.0
2021-11-27 16:00:00,0.0,0.0,0.0,0.0,0.0,0.0,0.0
2021-11-27 20:00:00,0.0,0.0,0.0,0.0,0.0,0.0,0.0
2021-11-28 00:00:00,0.0,0.0,0.0,0.0,0.0,0.0,0.0
2021-11-28 04:00:00,0.0,0.0,0.0,0.0,0.0,0.0,0.0
2021-11-28 08:00:00,0.0,0.0,0.0,0.0,0.0,0.0,0.0
2021-11-28 12:00:00,0.0,0.0,0.0,0.0,0.0,0.0,0.0
2021-11-28 16:00:00,0.0,0.0,0.0,0.0,0.0,0.0,0.0
2021-11-28 20:00:00,0.0,0.0,0.0,0.0,0.0,0.0,0.0
2021-11-29 00:00:00,0.0,0.0,0.0,0.0,0.0,0.0,0.0
2021-11-29 04:00:00,0.0,0.0,0.0,0.0,0.0,0.0,0.0
2021-11-29 08:00:00,0.0,0.0,0.0,0.0,0.0,0.0,0.0
2021-11-29 12:00:00,0.0,0.0,0.0,0.0,0.0,0.0,0.0
2021-11-29 16:00:00,0.0,0.0,0.0,0.0,0.0,0.0,0.0
2021-11-29 20:00:00,0.0,0.0,0.0,0.0,0.0,0.0,0.0
2021-11-30 00:00:00,0.0,0.0,0.0,0.0,0.0,0.0,0.0
2021-11-30 04:00:00,0.0,0.0,0.0,0.0,0.0,0.0,0.0
2021-11-30 08:00:00,0.0,0.0,0.0,0.0,0.0,0.0,0.0
2021-11-30 12:00:00,0.0,0.0,0.0,0.0,0.2000274519373223,0.0,0.0
2021-11-30 16:00:00,0.0,0.0,0.0,0.0,0.2000274519373223,0.0,0.0
2021-11-30 20:00:00,0.0,0.0,0.0,0.0,0.2000274519373223,0.0,0.0
2021-12-01 00:00:00,0.0,0.0,0.0,0.0,0.2000274519373223,0.0,0.0
2021-12-01 04:00:00,0.0,0.0,0.0,0.0,0.2000274519373223,0.0,0.0
2021-12-01 08:00:00,0.0,0.0,0.0,0.0,0.2000274519373223,0.0,0.0
2021-12-01 12:00:00,0.0,0.0,0.0,0.0,0.2000274519373223,0.0,0.0
2021-12-01 16:00:00,0.0,0.0,0.0,0.0,0.2000274519373223,0.0,0.0
2021-12-01 20:00:00,0.0,0.0,0.0,0.0,0.2000274519373223,0.0,0.0
2021-12-02 00:00:00,0.0,0.0,0.0,0.0,0.0,0.0,0.0
2021-12-02 04:00:00,0.0,0.0,0.0,0.0,0.0,0.0,0.0
2021-12-02 08:00:00,0.0,0.0,0.0,0.0,0.0,0.0,0.0
2021-12-02 12:00:00,0.0,0.0,0.0,0.0,0.0,0.0,0.0
2021-12-02 16:00:00,0.0,0.0,0.0,0.0,0.0,0.0,0.0
2021-12-02 20:00:00,0.0,0.0,0.0,0.0,0.0,0.0,0.0
2021-12-03 00:00:00,0.0,0.0,0.0,0.0,0.0,0.0,0.0
2021-12-03 04:00:00,0.0,0.0,0.0,0.0,0.0,0.0,0.0
2021-12-03 08:00:00,0.0,0.0,0.0,0.0,0.0,0.0,0.0
2021-12-03 12:00:00,0.0,0.0,0.0,0.0,0.0,0.0,0.0
2021-12-03 16:00:00,0.0,0.0,0.0,0.0,0.0,0.0,0.0
2021-12-03 20:00:00,0.0,0.0,0.0,0.0,0.0,0.0,0.0
2021-12-04 00:00:00,0.0,0.0,0.0,0.0,0.0,0.0,0.0
2021-12-04 04:00:00,0.0,0.0,0.0,0.0,0.0,0.0,0.0
2021-12-04 08:00:00,0.0,0.0,0.0,0.0,0.0,0.0,0.0
2021-12-04 12:00:00,0.0,0.0,0.0,0.0,0.0,0.0,0.0
2021-12-04 16:00:00,0.0,0.0,0.0,0.0,0.0,0.0,0.0
2021-12-04 20:00:00,0.0,0.0,0.0,0.0,0.0,0.0,0.0
2021-12-05 00:00:00,0.0,0.0,0.0,0.0,0.0,0.0,0.0
2021-12-05 04:00:00,0.0,0.0,0.0,0.0,0.0,0.0,0.0
2021-12-05 08:00:00,0.0,0.0,0.0,0.0,0.0,0.0,0.0
2021-12-05 12:00:00,0.0,0.0,0.0,0.0,0.0,0.0,0.0
2021-12-05 16:00:00,0.0,0.0,0.0,0.0,0.0,0.0,0.0
2021-12-05 20:00:00,0.0,0.0,0.0,0.0,0.0,0.0,0.0
2021-12-06 00:00:00,0.0,0.0,0.0,0.0,0.0,0.0,0.0
2021-12-06 04:00:00,0.0,0.0,0.0,0.0,0.0,0.0,0.0
2021-12-06 08:00:00,0.0,0.0,0.0,0.0,0.0,0.0,0.0
2021-12-06 12:00:00,0.0,0.0,0.0,0.0,0.0,0.0,0.0
2021-12-06 16:00:00,0.0,0.0,0.0,0.0,0.0,0.0,0.0
2021-12-06 20:00:00,0.0,0.0,0.0,0.0,0.0,0.0,0.0
2021-12-07 00:00:00,0.0,0.0,0.0,0.0,0.0,0.0,0.0
2021-12-07 04:00:00,0.0,0.0,0.0,0.0,0.0,0.0,0.0
2021-12-07 08:00:00,0.0,0.0,0.0,0.0,0.0,0.0,0.0
2021-12-07 12:00:00,0.0,0.0,0.0,0.0,0.0,0.0,0.0
2021-12-07 16:00:00,0.0,0.0,0.0,0.0,0.0,0.0,0.0
2021-12-07 20:00:00,0.0,0.0,0.0,0.0,0.0,0.0,0.0
2021-12-08 00:00:00,0.0,0.0,0.0,0.0,0.0,0.0,0.0
2021-12-08 04:00:00,0.0,0.0,0.0,0.0,0.0,0.0,0.0
2021-12-08 08:00:00,0.0,0.0,0.0,0.0,0.0,0.0,0.0
2021-12-08 12:00:00,0.0,0.0,0.0,0.0,0.0,0.0,0.0
2021-12-08 16:00:00,0.0,0.0,0.0,0.0,0.0,0.0,0.0
2021-12-08 20:00:00,0.0,0.0,0.0,0.0,0.0,0.0,0.0
2021-12-09 00:00:00,0.0,0.0,0.0,0.0,0.0,0.0,0.0
2021-12-09 04:00:00,0.0,0.0,0.0,0.0,0.0,0.0,0.0
2021-12-09 08:00:00,0.0,0.0,0.0,0.0,0.0,0.0,0.0
2021-12-09 12:00:00,0.0,0.0,0.0,0.0,0.0,0.0,0.0
2021-12-09 16:00:00,0.0,0.0,0.0,0.0,0.0,0.0,0.0
2021-12-09 20:00:00,0.0,0.0,0.0,0.0,0.0,0.0,0.0
2021-12-10 00:00:00,0.0,0.0,0.0,0.0,0.0,0.0,0.0
2021-12-10 04:00:00,0.0,0.0,0.0,0.0,0.0,0.0,0.0
2021-12-10 08:00:00,0.0,0.0,0.0,0.0,0.0,0.0,0.0
2021-12-10 12:00:00,0.0,0.0,0.0,0.0,0.0,0.0,0.0
2021-12-10 16:00:00,0.0,0.0,0.0,0.0,0.0,0.0,0.0
2021-12-10 20:00:00,0.0,0.0,0.0,0.0,0.0,0.0,0.0
2021-12-11 00:00:00,0.0,0.0,0.0,0.0,0.0,0.0,0.0
2021-12-11 04:00:00,0.0,0.0,0.0,0.0,0.0,0.0,0.0
2021-12-11 08:00:00,0.0,0.0,0.0,0.0,0.0,0.0,0.0
2021-12-11 12:00:00,0.0,0.0,0.0,0.0,0.0,0.0,0.0
2021-12-11 16:00:00,0.0,0.0,0.0,0.0,0.0,0.0,0.0
2021-12-11 20:00:00,0.0,0.0,0.0,0.0,0.0,0.0,0.0
2021-12-12 00:00:00,0.0,0.0,0.0,0.0,0.0,0.0,0.0
2021-12-12 04:00:00,0.0,0.0,0.0,0.0,0.0,0.0,0.0
2021-12-12 08:00:00,0.0,0.0,0.0,0.0,0.0,0.0,0.0
2021-12-12 12:00:00,0.0,0.0,0.0,0.0,0.0,0.0,0.0
2021-12-12 16:00:00,0.0,0.0,0.0,0.0,0.0,0.0,0.0
2021-12-12 20:00:00,0.0,0.0,0.0,0.0,0.0,0.0,0.0
2021-12-13 00:00:00,0.0,0.0,0.0,0.0,0.0,0.0,0.0
2021-12-13 04:00:00,0.0,0.0,0.0,0.0,0.0,0.0,0.0
2021-12-13 08:00:00,0.0,0.0,0.0,0.0,0.0,0.0,0.0
2021-12-13 12:00:00,0.0,0.0,0.0,0.0,0.0,0.0,0.0
2021-12-13 16:00:00,0.0,0.0,0.0,0.0,0.0,0.0,0.0
2021-12-13 20:00:00,0.0,0.0,0.0,0.0,0.0,0.0,0.0
2021-12-14 00:00:00,0.0,0.0,0.0,0.0,0.0,0.0,0.0
2021-12-14 04:00:00,0.0,0.0,0.0,0.0,0.0,0.0,0.0
2021-12-14 08:00:00,0.0,0.0,0.0,0.0,0.0,0.0,0.0
2021-12-14 12:00:00,0.0,0.0,0.0,0.0,0.0,0.0,0.0
2021-12-14 16:00:00,0.0,0.0,0.0,0.0,0.0,0.0,0.0
2021-12-14 20:00:00,0.0,0.0,0.0,0.0,0.0,0.0,0.0
2021-12-15 00:00:00,0.0,0.0,0.0,0.0,0.0,0.0,0.0
2021-12-15 04:00:00,0.0,0.0,0.0,0.0,0.0,0.0,0.0
2021-12-15 08:00:00,0.0,0.0,0.0,0.0,0.0,0.0,0.0
2021-12-15 12:00:00,0.0,0.0,0.0,0.0,0.0,0.0,0.0
2021-12-15 16:00:00,0.0,0.0,0.0,0.0,0.0,0.0,0.0
2021-12-15 20:00:00,0.0,0.1293910088865656,0.0,0.0,0.0,0.0,0.0
2021-12-16 00:00:00,0.0,0.1293910088865656,0.0,0.0,0.0,0.0,0.0
2021-12-16 04:00:00,0.0,0.1293910088865656,0.0,0.0,0.0,0.0,0.0
2021-12-16 08:00:00,0.0,0.1293910088865656,0.0,0.0,0.0,0.0,0.0
2021-12-16 12:00:00,0.0,0.1293910088865656,0.0,0.0,0.0,0.0,0.0
2021-12-16 16:00:00,0.0,0.1293910088865656,0.0,0.0,0.0,0.0,0.0
2021-12-16 20:00:00,0.0,0.1293910088865656,0.0,0.0,0.0,0.0,0.0
2021-12-17 00:00:00,0.0,0.0,0.0,0.0,0.0,0.0,0.0
2021-12-17 04:00:00,0.0,0.0,0.0,0.0,0.0,0.0,0.0
2021-12-17 08:00:00,0.0,0.0,0.0,0.0,0.0,0.0,0.0
2021-12-17 12:00:00,0.0,0.0,0.0,0.0,0.0,0.0,0.0
2021-12-17 16:00:00,0.0,0.10895675140310337,0.0,0.0,0.0,0.0,0.0
2021-12-17 20:00:00,0.0,0.10895675140310337,0.0,0.0,0.0,0.0,0.0
2021-12-18 00:00:00,0.0,0.10895675140310337,0.0,0.0,0.0,0.0,0.0
2021-12-18 04:00:00,0.0,0.10895675140310337,0.0,0.0,0.0,0.0,0.0
2021-12-18 08:00:00,0.0,0.10895675140310337,0.0,0.0,0.0,0.0,0.0
2021-12-18 12:00:00,0.0,0.10895675140310337,0.0,0.0,0.0,0.0,0.0
2021-12-18 16:00:00,0.0,0.10895675140310337,0.0,0.0,0.0,0.0,0.0
2021-12-18 20:00:00,0.0,0.10895675140310337,0.0,0.0,0.0,0.0,0.0
2021-12-19 00:00:00,0.0,0.10895675140310337,0.0,0.0,0.0,0.0,0.0
2021-12-19 04:00:00,0.0,0.10895675140310337,0.0,0.0,0.0,0.0,0.0
2021-12-19 08:00:00,0.0,0.10895675140310337,0.0,0.0,0.0,0.0,0.0
2021-12-19 12:00:00,0.0,0.10895675140310337,0.0,0.0,0.0,0.0,0.0
2021-12-19 16:00:00,0.0,0.10895675140310337,0.0,0.0,0.0,0.0,0.0
2021-12-19 20:00:00,0.0,0.10895675140310337,0.0,0.0,0.0,0.0,0.0
2021-12-20 00:00:00,0.0,0.10895675140310337,0.0,0.0,0.0,0.0,0.0
2021-12-20 04:00:00,0.0,0.0,0.0,0.0,0.0,0.0,0.22405094494659014
2021-12-20 08:00:00,0.0,0.0,0.0,0.0,0.0,0.0,0.0
2021-12-20 12:00:00,0.0,0.0,0.0,0.0,0.0,0.0,0.0
2021-12-20 16:00:00,0.0,0.0,0.0,0.0,0.0,0.0,0.0
2021-12-20 20:00:00,0.0,0.0,0.0,0.0,0.0,0.0,0.0
2021-12-21 00:00:00,0.0,0.0,0.0,0.0,0.0,0.0,0.0
2021-12-21 04:00:00,0.0,0.0,0.0,0.0,0.0,0.0,0.0
2021-12-21 08:00:00,0.0,0.11450270897832819,0.0,0.0,0.0,0.0,0.0
2021-12-21 12:00:00,0.0,0.11450270897832819,0.0,0.0,0.0,0.0,0.0
2021-12-21 16:00:00,0.0,0.11450270897832819,0.0,0.0,0.0,0.0,0.0
2021-12-21 20:00:00,0.0,0.11450270897832819,0.0,0.0,0.0,0.0,0.18909290216497673
2021-12-22 00:00:00,0.0,0.11450270897832819,0.0,0.0,0.0,0.0,0.18909290216497673
2021-12-22 04:00:00,0.0,0.11450270897832819,0.0,0.0,0.0,0.0,0.18909290216497673
2021-12-22 08:00:00,0.0,0.11450270897832819,0.0,0.0,0.0,0.0,0.18909290216497673
2021-12-22 12:00:00,0.0,0.11450270897832819,0.0,0.0,0.0,0.0,0.18909290216497673
2021-12-22 16:00:00,0.0,0.11450270897832819,0.0,0.0,0.0,0.0,0.18909290216497673
2021-12-22 20:00:00,0.0,0.11450270897832819,0.0,0.0,0.0,0.0,0.18909290216497673
2021-12-23 00:00:00,0.0,0.0,0.0,0.0,0.0,0.0,0.18909290216497673
2021-12-23 04:00:00,0.0,0.0,0.0,0.0,0.0,0.0,0.0
2021-12-23 08:00:00,0.0,0.0,0.0,0.0,0.0,0.0,0.0
2021-12-23 12:00:00,0.0,0.0,0.0,0.0,0.0,0.0,0.0
2021-12-23 16:00:00,0.20470763131813702,0.0,0.0,0.0,0.0,0.0,0.0
2021-12-23 20:00:00,0.0,0.0,0.2946811549131353,0.2831020978803986,0.24673708016838922,0.17547966703807677,0.0
2021-12-24 00:00:00,0.16357465763025134,0.0,0.2464787858881322,0.23679376914520656,0.20637714675515714,0.14677564058125292,0.0
2021-12-24 04:00:00,0.16357465763025134,0.0,0.2464787858881322,0.23679376914520656,0.20637714675515714,0.14677564058125292,0.0
2021-12-24 08:00:00,0.16357465763025134,0.0,0.2464787858881322,0.23679376914520656,0.20637714675515714,0.14677564058125292,0.0
2021-12-24 12:00:00,0.16357465763025134,0.0,0.2464787858881322,0.23679376914520656,0.20637714675515714,0.14677564058125292,0.0
2021-12-24 16:00:00,0.19171353445849268,0.0,0.28887921818833684,0.2775281396167833,0.24187910773638724,0.0,0.0
2021-12-24 20:00:00,0.19171353445849268,0.0,0.28887921818833684,0.2775281396167833,0.24187910773638724,0.0,0.0
2021-12-25 00:00:00,0.0,0.0,0.2968705035971228,0.2852054193690471,0.2485702259015014,0.0,0.0
2021-12-25 04:00:00,0.0,0.0,0.2968705035971228,0.2852054193690471,0.2485702259015014,0.0,0.0
2021-12-25 08:00:00,0.0,0.0,0.2968705035971228,0.2852054193690471,0.2485702259015014,0.0,0.0
2021-12-25 12:00:00,0.0,0.0,0.2968705035971228,0.2852054193690471,0.2485702259015014,0.0,0.0
2021-12-25 16:00:00,0.0,0.0,0.2968705035971228,0.2852054193690471,0.2485702259015014,0.0,0.0
2021-12-25 20:00:00,0.0,0.0,0.2968705035971228,0.2852054193690471,0.2485702259015014,0.0,0.0
2021-12-26 00:00:00,0.0,0.0,0.2968705035971228,0.2852054193690471,0.2485702259015014,0.0,0.0
2021-12-26 04:00:00,0.0,0.0,0.2968705035971228,0.2852054193690471,0.2485702259015014,0.0,0.0
2021-12-26 08:00:00,0.0,0.0,0.2968705035971228,0.2852054193690471,0.2485702259015014,0.0,0.0
2021-12-26 12:00:00,0.0,0.0,0.2968705035971228,0.0,0.2485702259015014,0.0,0.0
2021-12-26 16:00:00,0.0,0.0,0.2968705035971228,0.0,0.2485702259015014,0.0,0.0
2021-12-26 20:00:00,0.0,0.0,0.2968705035971228,0.0,0.2485702259015014,0.0,0.0
2021-12-27 00:00:00,0.0,0.0,0.2968705035971228,0.0,0.2485702259015014,0.0,0.0
2021-12-27 04:00:00,0.0,0.0,0.2968705035971228,0.0,0.2485702259015014,0.19231456087760718,0.0
2021-12-27 08:00:00,0.18310260586319202,0.0,0.2968705035971228,0.0,0.2485702259015014,0.19231456087760718,0.0
2021-12-27 12:00:00,0.18310260586319202,0.0,0.2968705035971228,0.0,0.2485702259015014,0.19231456087760718,0.0
2021-12-27 16:00:00,0.18310260586319202,0.0,0.2968705035971228,0.0,0.2485702259015014,0.19231456087760718,0.0
2021-12-27 20:00:00,0.18310260586319202,0.0,0.2968705035971228,0.0,0.2485702259015014,0.19231456087760718,0.0
2021-12-28 00:00:00,0.18310260586319202,0.0,0.2968705035971228,0.0,0.2485702259015014,0.19231456087760718,0.0
2021-12-28 04:00:00,0.0,0.0,0.0,0.0,0.0,0.0,0.0
2021-12-28 08:00:00,0.0,0.0,0.0,0.0,0.0,0.0,0.0
2021-12-28 12:00:00,0.0,0.0,0.0,0.0,0.0,0.0,0.0
2021-12-28 16:00:00,0.0,0.0,0.0,0.0,0.0,0.0,0.0
2021-12-28 20:00:00,0.0,0.0,0.0,0.0,0.0,0.0,0.0
2021-12-29 00:00:00,0.0,0.0,0.0,0.0,0.0,0.0,0.0
2021-12-29 04:00:00,0.0,0.0,0.0,0.0,0.0,0.0,0.0
2021-12-29 08:00:00,0.0,0.0,0.0,0.0,0.0,0.0,0.0
2021-12-29 12:00:00,0.0,0.0,0.0,0.0,0.0,0.0,0.0
2021-12-29 16:00:00,0.0,0.0,0.0,0.0,0.0,0.0,0.0
2021-12-29 20:00:00,0.0,0.0,0.0,0.0,0.0,0.0,0.0
2021-12-30 00:00:00,0.0,0.0,0.0,0.0,0.0,0.0,0.0
2021-12-30 04:00:00,0.0,0.0,0.0,0.0,0.0,0.0,0.0
2021-12-30 08:00:00,0.0,0.0,0.0,0.0,0.0,0.0,0.0
2021-12-30 12:00:00,0.0,0.0,0.0,0.0,0.0,0.0,0.0
2021-12-30 16:00:00,0.0,0.0,0.0,0.0,0.0,0.0,0.0
2021-12-30 20:00:00,0.0,0.0,0.0,0.0,0.0,0.0,0.0
2021-12-31 00:00:00,0.0,0.0,0.0,0.0,0.0,0.0,0.0
2021-12-31 04:00:00,0.0,0.0,0.0,0.0,0.0,0.0,0.0
2021-12-31 08:00:00,0.0,0.0,0.0,0.0,0.0,0.0,0.0
2021-12-31 12:00:00,0.0,0.0,0.0,0.0,0.0,0.0,0.0
2021-12-31 16:00:00,0.0,0.0,0.0,0.0,0.0,0.0,0.0
2021-12-31 20:00:00,0.0,0.0,0.0,0.0,0.0,0.0,0.0
2022-01-01 00:00:00,0.0,0.0,0.0,0.0,0.0,0.0,0.0
2022-01-01 04:00:00,0.0,0.0,0.0,0.0,0.0,0.0,0.0
2022-01-01 08:00:00,0.0,0.0,0.0,0.0,0.0,0.0,0.0
2022-01-01 12:00:00,0.0,0.0,0.0,0.0,0.0,0.0,0.0
2022-01-01 16:00:00,0.0,0.0,0.0,0.0,0.0,0.0,0.0
2022-01-01 20:00:00,0.0,0.0,0.0,0.0,0.0,0.0,0.0
2022-01-02 00:00:00,0.0,0.0,0.0,0.0,0.0,0.0,0.0
2022-01-02 04:00:00,0.0,0.0,0.0,0.0,0.0,0.0,0.0
2022-01-02 08:00:00,0.0,0.0,0.0,0.0,0.0,0.0,0.0
2022-01-02 12:00:00,0.0,0.0,0.0,0.0,0.0,0.0,0.0
2022-01-02 16:00:00,0.0,0.0,0.0,0.0,0.0,0.0,0.0
2022-01-02 20:00:00,0.0,0.0,0.0,0.0,0.0,0.0,0.0
2022-01-03 00:00:00,0.0,0.0,0.0,0.0,0.0,0.0,0.0
2022-01-03 04:00:00,0.0,0.0,0.0,0.0,0.0,0.0,0.0
2022-01-03 08:00:00,0.0,0.0,0.0,0.0,0.0,0.0,0.0
2022-01-03 12:00:00,0.0,0.0,0.0,0.0,0.0,0.0,0.0
2022-01-03 16:00:00,0.0,0.0,0.0,0.0,0.0,0.0,0.0
2022-01-03 20:00:00,0.0,0.0,0.0,0.0,0.0,0.0,0.0
2022-01-04 00:00:00,0.0,0.0,0.0,0.0,0.0,0.0,0.0
2022-01-04 04:00:00,0.0,0.0,0.0,0.0,0.0,0.0,0.0
2022-01-04 08:00:00,0.0,0.0,0.0,0.0,0.0,0.0,0.0
2022-01-04 12:00:00,0.0,0.0,0.0,0.0,0.0,0.0,0.0
2022-01-04 16:00:00,0.0,0.0,0.0,0.0,0.0,0.0,0.0
2022-01-04 20:00:00,0.0,0.0,0.0,0.0,0.0,0.0,0.0
2022-01-05 00:00:00,0.0,0.0,0.0,0.0,0.0,0.0,0.0
2022-01-05 04:00:00,0.0,0.0,0.0,0.0,0.0,0.0,0.0
2022-01-05 08:00:00,0.0,0.0,0.0,0.0,0.0,0.0,0.0
2022-01-05 12:00:00,0.0,0.0,0.0,0.0,0.0,0.0,0.0
2022-01-05 16:00:00,0.0,0.0,0.0,0.0,0.0,0.0,0.0
2022-01-05 20:00:00,0.0,0.0,0.0,0.0,0.0,0.0,0.0
2022-01-06 00:00:00,0.0,0.0,0.0,0.0,0.0,0.0,0.0
2022-01-06 04:00:00,0.0,0.0,0.0,0.0,0.0,0.0,0.0
2022-01-06 08:00:00,0.0,0.0,0.0,0.0,0.0,0.0,0.0
2022-01-06 12:00:00,0.0,0.0,0.0,0.0,0.0,0.0,0.0
2022-01-06 16:00:00,0.0,0.0,0.0,0.0,0.0,0.0,0.0
2022-01-06 20:00:00,0.0,0.0,0.0,0.0,0.0,0.0,0.0
2022-01-07 00:00:00,0.0,0.0,0.0,0.0,0.0,0.0,0.0
2022-01-07 04:00:00,0.0,0.0,0.0,0.0,0.0,0.0,0.0
2022-01-07 08:00:00,0.0,0.0,0.0,0.0,0.0,0.0,0.0
2022-01-07 12:00:00,0.0,0.0,0.0,0.0,0.0,0.0,0.0
2022-01-07 16:00:00,0.0,0.0,0.0,0.0,0.0,0.0,0.0
2022-01-07 20:00:00,0.0,0.0,0.0,0.0,0.0,0.0,0.0
2022-01-08 00:00:00,0.0,0.0,0.0,0.0,0.0,0.0,0.0
2022-01-08 04:00:00,0.0,0.0,0.0,0.0,0.0,0.0,0.0
2022-01-08 08:00:00,0.0,0.0,0.0,0.0,0.0,0.0,0.0
2022-01-08 12:00:00,0.0,0.0,0.0,0.0,0.0,0.0,0.0
2022-01-08 16:00:00,0.0,0.0,0.0,0.0,0.0,0.0,0.0
2022-01-08 20:00:00,0.0,0.0,0.0,0.0,0.0,0.0,0.0
2022-01-09 00:00:00,0.0,0.0,0.0,0.0,0.0,0.0,0.0
2022-01-09 04:00:00,0.0,0.0,0.0,0.0,0.0,0.0,0.0
2022-01-09 08:00:00,0.0,0.0,0.0,0.0,0.0,0.0,0.0
2022-01-09 12:00:00,0.0,0.0,0.0,0.0,0.0,0.0,0.0
2022-01-09 16:00:00,0.0,0.0,0.0,0.0,0.0,0.0,0.0
2022-01-09 20:00:00,0.0,0.0,0.0,0.0,0.0,0.0,0.0
2022-01-10 00:00:00,0.0,0.0,0.0,0.0,0.0,0.0,0.0
2022-01-10 04:00:00,0.0,0.0,0.0,0.0,0.0,0.0,0.0
2022-01-10 08:00:00,0.0,0.0,0.0,0.0,0.0,0.0,0.0
2022-01-10 12:00:00,0.0,0.0,0.0,0.0,0.0,0.0,0.0
2022-01-10 16:00:00,0.0,0.0,0.0,0.0,0.0,0.0,0.0
2022-01-10 20:00:00,0.0,0.0,0.0,0.0,0.0,0.0,0.0
2022-01-11 00:00:00,0.0,0.0,0.0,0.0,0.0,0.0,0.0
2022-01-11 04:00:00,0.0,0.0,0.0,0.0,0.0,0.0,0.0
2022-01-11 08:00:00,0.0,0.0,0.0,0.0,0.0,0.0,0.0
2022-01-11 12:00:00,0.0,0.0,0.0,0.0,0.0,0.0,0.0
2022-01-11 16:00:00,0.0,0.0,0.0,0.0,0.0,0.0,0.0
2022-01-11 20:00:00,0.0,0.0,0.0,0.0,0.0,0.0,0.0
2022-01-12 00:00:00,0.0,0.0,0.0,0.0,0.0,0.0,0.0
2022-01-12 04:00:00,0.0,0.0,0.0,0.0,0.0,0.0,0.0
2022-01-12 08:00:00,0.0,0.0,0.0,0.0,0.0,0.0,0.0
2022-01-12 12:00:00,0.0,0.0,0.0,0.0,0.0,0.0,0.0
2022-01-12 16:00:00,0.0,0.0,0.0,0.0,0.0,0.0,0.0
2022-01-12 20:00:00,0.0,0.0,0.0,0.0,0.0,0.0,0.0
2022-01-13 00:00:00,0.0,0.0,0.0,0.0,0.0,0.0,0.0
2022-01-13 04:00:00,0.0,0.0,0.0,0.0,0.0,0.0,0.0
2022-01-13 08:00:00,0.0,0.0,0.0,0.0,0.0,0.0,0.0
2022-01-13 12:00:00,0.0,0.0,0.0,0.0,0.0,0.0,0.0
2022-01-13 16:00:00,0.0,0.0,0.0,0.0,0.0,0.0,0.0
2022-01-13 20:00:00,0.0,0.0,0.0,0.0,0.0,0.0,0.0
2022-01-14 00:00:00,0.0,0.0,0.0,0.0,0.0,0.0,0.0
2022-01-14 04:00:00,0.0,0.0,0.0,0.0,0.0,0.0,0.0
2022-01-14 08:00:00,0.0,0.0,0.0,0.0,0.0,0.0,0.0
2022-01-14 12:00:00,0.0,0.0,0.0,0.0,0.0,0.0,0.0
2022-01-14 16:00:00,0.0,0.0,0.0,0.0,0.0,0.0,0.0
2022-01-14 20:00:00,0.0,0.0,0.0,0.0,0.0,0.0,0.0
2022-01-15 00:00:00,0.0,0.0,0.0,0.0,0.0,0.0,0.0
2022-01-15 04:00:00,0.0,0.0,0.0,0.0,0.0,0.0,0.0
2022-01-15 08:00:00,0.0,0.0,0.0,0.0,0.0,0.0,0.0
2022-01-15 12:00:00,0.0,0.0,0.0,0.0,0.0,0.0,0.0
2022-01-15 16:00:00,0.0,0.0,0.0,0.0,0.0,0.0,0.0
2022-01-15 20:00:00,0.0,0.0,0.0,0.0,0.0,0.0,0.0
2022-01-16 00:00:00,0.0,0.0,0.0,0.0,0.0,0.0,0.0
2022-01-16 04:00:00,0.0,0.0,0.0,0.0,0.0,0.0,0.0
2022-01-16 08:00:00,0.1761149228130363,0.0,0.0,0.0,0.0,0.0,0.0
2022-01-16 12:00:00,0.1761149228130363,0.0,0.0,0.0,0.0,0.0,0.0
2022-01-16 16:00:00,0.1761149228130363,0.0,0.2538656313301823,0.0,0.0,0.0,0.0
2022-01-16 20:00:00,0.1761149228130363,0.0,0.2538656313301823,0.0,0.0,0.0,0.0
2022-01-17 00:00:00,0.1761149228130363,0.0,0.2538656313301823,0.0,0.0,0.0,0.0
2022-01-17 04:00:00,0.1761149228130363,0.0,0.2538656313301823,0.0,0.0,0.0,0.0
2022-01-17 08:00:00,0.0,0.0,0.0,0.0,0.0,0.0,0.0
2022-01-17 12:00:00,0.0,0.0,0.0,0.0,0.0,0.0,0.0
2022-01-17 16:00:00,0.0,0.0,0.0,0.0,0.0,0.0,0.0
2022-01-17 20:00:00,0.0,0.0,0.0,0.0,0.0,0.0,0.0
2022-01-18 00:00:00,0.1542334830019245,0.0,0.0,0.0,0.0,0.0,0.0
2022-01-18 04:00:00,0.1542334830019245,0.0,0.0,0.0,0.0,0.0,0.0
2022-01-18 08:00:00,0.1542334830019245,0.0,0.0,0.0,0.0,0.0,0.0
2022-01-18 12:00:00,0.0,0.0,0.0,0.0,0.0,0.0,0.0
2022-01-18 16:00:00,0.0,0.0,0.0,0.0,0.0,0.0,0.0
2022-01-18 20:00:00,0.0,0.0,0.0,0.0,0.0,0.0,0.0
2022-01-19 00:00:00,0.0,0.0,0.0,0.0,0.0,0.0,0.0
2022-01-19 04:00:00,0.0,0.0,0.0,0.0,0.0,0.0,0.0
2022-01-19 08:00:00,0.0,0.0,0.0,0.0,0.0,0.0,0.0
2022-01-19 12:00:00,0.0,0.0,0.0,0.0,0.0,0.0,0.0
2022-01-19 16:00:00,0.0,0.0,0.0,0.0,0.0,0.0,0.0
2022-01-19 20:00:00,0.0,0.0,0.0,0.0,0.0,0.0,0.0
2022-01-20 00:00:00,0.0,0.0,0.0,0.0,0.0,0.0,0.0
2022-01-20 04:00:00,0.0,0.0,0.0,0.0,0.0,0.0,0.0
2022-01-20 08:00:00,0.0,0.0,0.0,0.0,0.0,0.0,0.0
2022-01-20 12:00:00,0.0,0.0,0.0,0.0,0.0,0.0,0.0
2022-01-20 16:00:00,0.0,0.0,0.0,0.0,0.0,0.0,0.0
2022-01-20 20:00:00,0.0,0.0,0.0,0.0,0.0,0.0,0.0
2022-01-21 00:00:00,0.0,0.0,0.0,0.0,0.0,0.0,0.0
2022-01-21 04:00:00,0.0,0.0,0.0,0.0,0.0,0.0,0.0
2022-01-21 08:00:00,0.0,0.0,0.0,0.0,0.0,0.0,0.0
2022-01-21 12:00:00,0.0,0.0,0.0,0.0,0.0,0.0,0.0
2022-01-21 16:00:00,0.0,0.0,0.0,0.0,0.0,0.0,0.0
2022-01-21 20:00:00,0.0,0.0,0.0,0.0,0.0,0.0,0.0
2022-01-22 00:00:00,0.0,0.0,0.0,0.0,0.0,0.0,0.0
2022-01-22 04:00:00,0.0,0.0,0.0,0.0,0.0,0.0,0.0
2022-01-22 08:00:00,0.0,0.0,0.0,0.0,0.0,0.0,0.0
2022-01-22 12:00:00,0.0,0.0,0.0,0.0,0.0,0.0,0.0
2022-01-22 16:00:00,0.0,0.0,0.0,0.0,0.0,0.0,0.0
2022-01-22 20:00:00,0.0,0.0,0.0,0.0,0.0,0.0,0.0
2022-01-23 00:00:00,0.0,0.0,0.0,0.0,0.0,0.0,0.0
2022-01-23 04:00:00,0.0,0.0,0.0,0.0,0.0,0.0,0.0
2022-01-23 08:00:00,0.0,0.0,0.0,0.0,0.0,0.0,0.0
2022-01-23 12:00:00,0.0,0.0,0.0,0.0,0.0,0.0,0.0
2022-01-23 16:00:00,0.0,0.0,0.0,0.0,0.0,0.0,0.0
2022-01-23 20:00:00,0.0,0.0,0.0,0.0,0.0,0.0,0.0
2022-01-24 00:00:00,0.0,0.0,0.0,0.0,0.0,0.0,0.0
2022-01-24 04:00:00,0.0,0.0,0.0,0.0,0.0,0.0,0.0
2022-01-24 08:00:00,0.0,0.0,0.0,0.0,0.0,0.0,0.0
2022-01-24 12:00:00,0.0,0.0,0.0,0.0,0.0,0.0,0.0
2022-01-24 16:00:00,0.0,0.0,0.0,0.0,0.0,0.0,0.0
2022-01-24 20:00:00,0.0,0.0,0.0,0.0,0.0,0.0,0.0
2022-01-25 00:00:00,0.0,0.0,0.0,0.0,0.0,0.0,0.0
2022-01-25 04:00:00,0.0,0.0,0.0,0.0,0.0,0.0,0.0
2022-01-25 08:00:00,0.0,0.0,0.0,0.0,0.0,0.0,0.0
2022-01-25 12:00:00,0.0,0.0,0.0,0.0,0.0,0.0,0.0
2022-01-25 16:00:00,0.0,0.0,0.0,0.0,0.0,0.0,0.0
2022-01-25 20:00:00,0.0,0.0,0.0,0.0,0.0,0.0,0.0
2022-01-26 00:00:00,0.0,0.0,0.0,0.0,0.0,0.0,0.0
2022-01-26 04:00:00,0.0,0.0,0.0,0.0,0.0,0.0,0.0
2022-01-26 08:00:00,0.0,0.0,0.0,0.0,0.0,0.0,0.0
2022-01-26 12:00:00,0.0,0.0,0.0,0.0,0.0,0.0,0.0
2022-01-26 16:00:00,0.0,0.0,0.0,0.0,0.0,0.0,0.0
2022-01-26 20:00:00,0.0,0.0,0.0,0.0,0.0,0.0,0.0
2022-01-27 00:00:00,0.0,0.0,0.0,0.0,0.0,0.0,0.0
2022-01-27 04:00:00,0.0,0.0,0.0,0.0,0.0,0.0,0.0
2022-01-27 08:00:00,0.0,0.0,0.0,0.0,0.0,0.0,0.0
2022-01-27 12:00:00,0.0,0.0,0.0,0.0,0.0,0.0,0.0
2022-01-27 16:00:00,0.0,0.0,0.0,0.0,0.0,0.0,0.0
2022-01-27 20:00:00,0.0,0.0,0.0,0.0,0.0,0.0,0.0
2022-01-28 00:00:00,0.0,0.0,0.0,0.0,0.0,0.0,0.0
2022-01-28 04:00:00,0.0,0.0,0.0,0.0,0.0,0.0,0.0
2022-01-28 08:00:00,0.0,0.0,0.0,0.0,0.0,0.0,0.0
2022-01-28 12:00:00,0.0,0.0,0.0,0.0,0.0,0.0,0.0
2022-01-28 16:00:00,0.0,0.0,0.0,0.0,0.0,0.0,0.0
2022-01-28 20:00:00,0.0,0.0,0.0,0.0,0.0,0.0,0.0
2022-01-29 00:00:00,0.0,0.0,0.0,0.0,0.0,0.0,0.0
2022-01-29 04:00:00,0.0,0.0,0.0,0.0,0.0,0.0,0.0
2022-01-29 08:00:00,0.0,0.0,0.0,0.0,0.0,0.0,0.0
2022-01-29 12:00:00,0.0,0.0,0.0,0.0,0.0,0.0,0.0
2022-01-29 16:00:00,0.0,0.0,0.0,0.0,0.0,0.0,0.0
2022-01-29 20:00:00,0.0,0.0,0.0,0.0,0.0,0.0,0.0
2022-01-30 00:00:00,0.0,0.0,0.0,0.0,0.0,0.0,0.0
2022-01-30 04:00:00,0.0,0.0,0.0,0.0,0.0,0.0,0.0
2022-01-30 08:00:00,0.0,0.0,0.0,0.0,0.0,0.0,0.0
2022-01-30 12:00:00,0.0,0.0,0.0,0.0,0.0,0.0,0.0
2022-01-30 16:00:00,0.0,0.0,0.0,0.0,0.0,0.0,0.0
2022-01-30 20:00:00,0.0,0.0,0.0,0.0,0.0,0.0,0.0
2022-01-31 00:00:00,0.0,0.0,0.0,0.0,0.0,0.0,0.0
2022-01-31 04:00:00,0.0,0.0,0.0,0.0,0.0,0.0,0.0
2022-01-31 08:00:00,0.0,0.0,0.0,0.0,0.0,0.0,0.0
2022-01-31 12:00:00,0.0,0.0,0.0,0.0,0.0,0.0,0.0
2022-01-31 16:00:00,0.0,0.0,0.0,0.0,0.0,0.0,0.0
2022-01-31 20:00:00,0.0,0.0,0.0,0.0,0.0,0.0,0.0
2022-02-01 00:00:00,0.0,0.0,0.0,0.0,0.0,0.0,0.0
2022-02-01 04:00:00,0.0,0.0,0.0,0.0,0.0,0.0,0.0
2022-02-01 08:00:00,0.0,0.0,0.0,0.0,0.0,0.0,0.0
2022-02-01 12:00:00,0.0,0.0,0.0,0.0,0.0,0.0,0.0
2022-02-01 16:00:00,0.0,0.0,0.0,0.0,0.0,0.0,0.0
2022-02-01 20:00:00,0.0,0.0,0.0,0.0,0.0,0.0,0.0
2022-02-02 00:00:00,0.0,0.0,0.0,0.0,0.0,0.0,0.0
2022-02-02 04:00:00,0.0,0.0,0.0,0.0,0.0,0.0,0.0
2022-02-02 08:00:00,0.0,0.0,0.0,0.0,0.0,0.0,0.0
2022-02-02 12:00:00,0.0,0.0,0.0,0.0,0.0,0.0,0.0
2022-02-02 16:00:00,0.0,0.0,0.0,0.0,0.0,0.0,0.0
2022-02-02 20:00:00,0.0,0.0,0.0,0.0,0.0,0.0,0.0
2022-02-03 00:00:00,0.0,0.0,0.0,0.0,0.0,0.0,0.0
2022-02-03 04:00:00,0.0,0.0,0.0,0.0,0.0,0.0,0.0
2022-02-03 08:00:00,0.0,0.0,0.0,0.0,0.0,0.0,0.0
2022-02-03 12:00:00,0.0,0.0,0.0,0.0,0.0,0.0,0.0
2022-02-03 16:00:00,0.0,0.0,0.0,0.0,0.0,0.0,0.0
2022-02-03 20:00:00,0.0,0.0,0.0,0.0,0.0,0.0,0.0
2022-02-04 00:00:00,0.0,0.0,0.0,0.0,0.0,0.0,0.0
2022-02-04 04:00:00,0.0,0.0,0.0,0.0,0.0,0.0,0.0
2022-02-04 08:00:00,0.0,0.0,0.0,0.0,0.0,0.0,0.0
2022-02-04 12:00:00,0.0,0.0,0.0,0.0,0.18400346124318515,0.0,0.0
2022-02-04 16:00:00,0.0,0.0,0.0,0.252557840589566,0.18400346124318515,0.0,0.0
2022-02-04 20:00:00,0.0,0.14288110324263886,0.0,0.252557840589566,0.18400346124318515,0.0,0.0
2022-02-05 00:00:00,0.0,0.14288110324263886,0.0,0.252557840589566,0.18400346124318515,0.0,0.0
2022-02-05 04:00:00,0.0,0.12036899905717989,0.21356789505224658,0.2127652557678235,0.15501218810780604,0.09514606180108559,0.20313960021385838
2022-02-05 08:00:00,0.0,0.14288110324263886,0.0,0.252557840589566,0.18400346124318515,0.11294082683925505,0.2411319394376353
2022-02-05 12:00:00,0.0,0.14288110324263886,0.0,0.252557840589566,0.18400346124318515,0.11294082683925505,0.2411319394376353
2022-02-05 16:00:00,0.0,0.14288110324263886,0.0,0.252557840589566,0.18400346124318515,0.11294082683925505,0.2411319394376353
2022-02-05 20:00:00,0.0,0.14288110324263886,0.0,0.252557840589566,0.18400346124318515,0.11294082683925505,0.2411319394376353
2022-02-06 00:00:00,0.0,0.14288110324263886,0.0,0.252557840589566,0.18400346124318515,0.11294082683925505,0.2411319394376353
2022-02-06 04:00:00,0.0,0.14288110324263886,0.0,0.252557840589566,0.18400346124318515,0.11294082683925505,0.2411319394376353
2022-02-06 08:00:00,0.0,0.14288110324263886,0.0,0.252557840589566,0.18400346124318515,0.11294082683925505,0.2411319394376353
2022-02-06 12:00:00,0.0,0.14288110324263886,0.0,0.252557840589566,0.18400346124318515,0.11294082683925505,0.2411319394376353
2022-02-06 16:00:00,0.0,0.14288110324263886,0.0,0.252557840589566,0.18400346124318515,0.11294082683925505,0.2411319394376353
2022-02-06 20:00:00,0.0,0.14288110324263886,0.0,0.252557840589566,0.18400346124318515,0.11294082683925505,0.2411319394376353
2022-02-07 00:00:00,0.0,0.14288110324263886,0.0,0.252557840589566,0.18400346124318515,0.11294082683925505,0.2411319394376353
2022-02-07 04:00:00,0.0,0.14288110324263886,0.0,0.252557840589566,0.18400346124318515,0.11294082683925505,0.0
2022-02-07 08:00:00,0.0,0.14288110324263886,0.0,0.252557840589566,0.18400346124318515,0.11294082683925505,0.22558255327623966
2022-02-07 12:00:00,0.1836677494666943,0.12706187360184762,0.0,0.2245956371407028,0.16363132705576006,0.10043646597526472,0.20060694675973054
2022-02-07 16:00:00,0.15168523454004357,0.10493627843950143,0.17413244850833395,0.18548624892110288,0.13513780342287254,0.08294721823546788,0.16567476793267766
2022-02-07 20:00:00,0.15168523454004357,0.10493627843950143,0.17413244850833395,0.18548624892110288,0.13513780342287254,0.08294721823546788,0.16567476793267766
2022-02-08 00:00:00,0.18180588181924237,0.1257738282461941,0.20871051457578726,0.22231887732976516,0.16197257164094514,0.09941832638806591,0.0
2022-02-08 04:00:00,0.15442349729583993,0.10683061643392835,0.17727593442357065,0.18883469670293984,0.13757734749013173,0.08444460378574789,0.15061330386784158
2022-02-08 08:00:00,0.17289385433173723,0.0,0.19847963632136387,0.21142092438166396,0.15403276245412698,0.09454489298389744,0.16862792952721053
2022-02-08 12:00:00,0.0,0.0,0.2370985203897514,0.252557840589566,0.18400346124318515,0.0,0.0
2022-02-08 16:00:00,0.0,0.0,0.0,0.0,0.0,0.0,0.0
2022-02-08 20:00:00,0.0,0.0,0.0,0.0,0.0,0.0,0.0
2022-02-09 00:00:00,0.0,0.0,0.0,0.0,0.0,0.0,0.0
2022-02-09 04:00:00,0.0,0.0,0.0,0.0,0.0,0.0,0.0
2022-02-09 08:00:00,0.0,0.0,0.0,0.0,0.0,0.0,0.0
2022-02-09 12:00:00,0.0,0.0,0.0,0.0,0.0,0.0,0.0
2022-02-09 16:00:00,0.0,0.0,0.0,0.0,0.0,0.0,0.0
2022-02-09 20:00:00,0.0,0.0,0.0,0.0,0.2465830616253878,0.0,0.0
2022-02-10 00:00:00,0.0,0.0,0.0,0.0,0.2465830616253878,0.0,0.0
2022-02-10 04:00:00,0.0,0.0,0.0,0.0,0.2465830616253878,0.0,0.0
2022-02-10 08:00:00,0.0,0.0,0.0,0.0,0.2465830616253878,0.0,0.0
2022-02-10 12:00:00,0.0,0.0,0.0,0.0,0.2465830616253878,0.0,0.0
2022-02-10 16:00:00,0.0,0.0,0.0,0.0,0.0,0.0,0.0
2022-02-10 20:00:00,0.0,0.0,0.0,0.0,0.0,0.0,0.0
2022-02-11 00:00:00,0.0,0.0,0.0,0.0,0.0,0.0,0.0
2022-02-11 04:00:00,0.0,0.0,0.0,0.0,0.0,0.0,0.0
2022-02-11 08:00:00,0.0,0.0,0.0,0.0,0.0,0.0,0.0
2022-02-11 12:00:00,0.0,0.0,0.0,0.0,0.0,0.0,0.0
2022-02-11 16:00:00,0.0,0.0,0.0,0.0,0.0,0.0,0.0
2022-02-11 20:00:00,0.0,0.0,0.0,0.0,0.0,0.0,0.0
2022-02-12 00:00:00,0.0,0.0,0.0,0.0,0.0,0.0,0.0
2022-02-12 04:00:00,0.0,0.0,0.0,0.0,0.0,0.0,0.0
2022-02-12 08:00:00,0.0,0.0,0.0,0.0,0.0,0.0,0.0
2022-02-12 12:00:00,0.0,0.0,0.0,0.0,0.0,0.0,0.0
2022-02-12 16:00:00,0.0,0.0,0.0,0.0,0.0,0.0,0.0
2022-02-12 20:00:00,0.0,0.0,0.0,0.0,0.0,0.0,0.0
2022-02-13 00:00:00,0.0,0.0,0.0,0.0,0.0,0.0,0.0
2022-02-13 04:00:00,0.0,0.0,0.0,0.0,0.0,0.0,0.0
2022-02-13 08:00:00,0.0,0.0,0.0,0.0,0.0,0.0,0.0
2022-02-13 12:00:00,0.0,0.0,0.0,0.0,0.0,0.0,0.0
2022-02-13 16:00:00,0.0,0.0,0.0,0.0,0.0,0.0,0.0
2022-02-13 20:00:00,0.0,0.0,0.0,0.0,0.0,0.0,0.0
2022-02-14 00:00:00,0.0,0.0,0.0,0.0,0.0,0.0,0.0
2022-02-14 04:00:00,0.0,0.0,0.0,0.0,0.0,0.0,0.0
2022-02-14 08:00:00,0.0,0.0,0.0,0.0,0.0,0.0,0.0
2022-02-14 12:00:00,0.0,0.0,0.0,0.0,0.0,0.0,0.0
2022-02-14 16:00:00,0.0,0.0,0.0,0.0,0.0,0.0,0.0
2022-02-14 20:00:00,0.0,0.0,0.0,0.0,0.0,0.0,0.0
2022-02-15 00:00:00,0.0,0.0,0.0,0.0,0.0,0.0,0.0
2022-02-15 04:00:00,0.0,0.0,0.0,0.0,0.0,0.0,0.0
2022-02-15 08:00:00,0.0,0.0,0.0,0.0,0.0,0.0,0.0
2022-02-15 12:00:00,0.0,0.0,0.0,0.0,0.0,0.0,0.0
2022-02-15 16:00:00,0.0,0.0,0.0,0.0,0.0,0.0,0.0
2022-02-15 20:00:00,0.0,0.0,0.0,0.0,0.0,0.0,0.0
2022-02-16 00:00:00,0.0,0.0,0.0,0.0,0.0,0.0,0.0
2022-02-16 04:00:00,0.0,0.0,0.0,0.0,0.0,0.0,0.0
2022-02-16 08:00:00,0.0,0.14964509824092176,0.0,0.0,0.0,0.0,0.0
2022-02-16 12:00:00,0.0,0.14964509824092176,0.0,0.0,0.0,0.0,0.0
2022-02-16 16:00:00,0.0,0.14964509824092176,0.0,0.0,0.0,0.0,0.0
2022-02-16 20:00:00,0.0,0.14964509824092176,0.0,0.0,0.0,0.0,0.0
2022-02-17 00:00:00,0.0,0.14964509824092176,0.0,0.0,0.0,0.0,0.0
2022-02-17 04:00:00,0.0,0.14964509824092176,0.0,0.0,0.0,0.0,0.0
2022-02-17 08:00:00,0.0,0.14964509824092176,0.0,0.0,0.0,0.0,0.0
2022-02-17 12:00:00,0.0,0.14964509824092176,0.0,0.0,0.0,0.0,0.0
2022-02-17 16:00:00,0.0,0.0,0.0,0.0,0.0,0.0,0.0
2022-02-17 20:00:00,0.0,0.0,0.0,0.0,0.0,0.0,0.0
2022-02-18 00:00:00,0.0,0.0,0.0,0.0,0.0,0.0,0.0
2022-02-18 04:00:00,0.0,0.0,0.0,0.0,0.0,0.0,0.0
2022-02-18 08:00:00,0.0,0.0,0.0,0.0,0.0,0.0,0.0
2022-02-18 12:00:00,0.0,0.0,0.0,0.0,0.0,0.0,0.0
2022-02-18 16:00:00,0.0,0.0,0.0,0.0,0.0,0.0,0.0
2022-02-18 20:00:00,0.0,0.0,0.0,0.0,0.0,0.0,0.0
2022-02-19 00:00:00,0.0,0.0,0.0,0.0,0.0,0.0,0.0
2022-02-19 04:00:00,0.0,0.0,0.0,0.0,0.0,0.0,0.0
2022-02-19 08:00:00,0.0,0.0,0.0,0.0,0.0,0.0,0.0
2022-02-19 12:00:00,0.0,0.0,0.0,0.0,0.0,0.0,0.0
2022-02-19 16:00:00,0.0,0.0,0.0,0.0,0.0,0.0,0.0
2022-02-19 20:00:00,0.0,0.0,0.0,0.0,0.0,0.0,0.0
2022-02-20 00:00:00,0.0,0.0,0.0,0.0,0.0,0.0,0.0
2022-02-20 04:00:00,0.0,0.0,0.0,0.0,0.0,0.0,0.0
2022-02-20 08:00:00,0.0,0.0,0.0,0.0,0.0,0.0,0.0
2022-02-20 12:00:00,0.0,0.0,0.0,0.0,0.0,0.0,0.0
2022-02-20 16:00:00,0.0,0.0,0.0,0.0,0.0,0.0,0.0
2022-02-20 20:00:00,0.0,0.0,0.0,0.0,0.0,0.0,0.0
2022-02-21 00:00:00,0.0,0.0,0.0,0.0,0.0,0.0,0.0
2022-02-21 04:00:00,0.0,0.0,0.0,0.0,0.0,0.0,0.0
2022-02-21 08:00:00,0.0,0.0,0.0,0.0,0.0,0.0,0.0
2022-02-21 12:00:00,0.0,0.0,0.0,0.0,0.0,0.0,0.0
2022-02-21 16:00:00,0.0,0.0,0.0,0.0,0.0,0.0,0.0
2022-02-21 20:00:00,0.0,0.0,0.0,0.0,0.0,0.0,0.0
2022-02-22 00:00:00,0.0,0.0,0.0,0.0,0.0,0.0,0.0
2022-02-22 04:00:00,0.0,0.0,0.0,0.0,0.0,0.0,0.0
2022-02-22 08:00:00,0.0,0.0,0.0,0.0,0.0,0.0,0.0
2022-02-22 12:00:00,0.0,0.0,0.0,0.0,0.0,0.0,0.0
2022-02-22 16:00:00,0.0,0.0,0.0,0.0,0.0,0.0,0.0
2022-02-22 20:00:00,0.0,0.0,0.0,0.0,0.0,0.0,0.0
2022-02-23 00:00:00,0.0,0.0,0.0,0.0,0.0,0.0,0.0
2022-02-23 04:00:00,0.0,0.0,0.0,0.0,0.0,0.0,0.0
2022-02-23 08:00:00,0.0,0.0,0.0,0.0,0.0,0.0,0.0
2022-02-23 12:00:00,0.0,0.0,0.0,0.0,0.0,0.0,0.0
2022-02-23 16:00:00,0.0,0.0,0.0,0.0,0.0,0.0,0.0
2022-02-23 20:00:00,0.0,0.0,0.0,0.0,0.0,0.0,0.0
2022-02-24 00:00:00,0.0,0.0,0.0,0.0,0.0,0.0,0.0
2022-02-24 04:00:00,0.0,0.0,0.0,0.0,0.0,0.0,0.0
2022-02-24 08:00:00,0.0,0.0,0.0,0.0,0.0,0.0,0.0
2022-02-24 12:00:00,0.0,0.0,0.0,0.0,0.0,0.0,0.0
2022-02-24 16:00:00,0.0,0.0,0.0,0.0,0.0,0.0,0.0
2022-02-24 20:00:00,0.0,0.0,0.0,0.0,0.0,0.0,0.0
2022-02-25 00:00:00,0.0,0.0,0.0,0.0,0.0,0.0,0.0
2022-02-25 04:00:00,0.0,0.0,0.0,0.0,0.0,0.0,0.0
2022-02-25 08:00:00,0.0,0.0,0.0,0.0,0.0,0.0,0.0
2022-02-25 12:00:00,0.0,0.0,0.0,0.0,0.0,0.0,0.0
2022-02-25 16:00:00,0.0,0.0,0.0,0.0,0.0,0.0,0.0
2022-02-25 20:00:00,0.0,0.0,0.0,0.0,0.0,0.0,0.0
2022-02-26 00:00:00,0.0,0.0,0.0,0.0,0.0,0.0,0.0
2022-02-26 04:00:00,0.0,0.0,0.0,0.0,0.0,0.0,0.0
2022-02-26 08:00:00,0.0,0.0,0.0,0.0,0.0,0.0,0.0
2022-02-26 12:00:00,0.0,0.0,0.0,0.0,0.0,0.0,0.0
2022-02-26 16:00:00,0.0,0.0,0.0,0.0,0.0,0.0,0.0
2022-02-26 20:00:00,0.0,0.0,0.0,0.0,0.0,0.0,0.0
2022-02-27 00:00:00,0.0,0.0,0.0,0.0,0.0,0.0,0.0
2022-02-27 04:00:00,0.0,0.0,0.0,0.0,0.0,0.0,0.0
2022-02-27 08:00:00,0.0,0.0,0.0,0.0,0.0,0.0,0.0
2022-02-27 12:00:00,0.0,0.0,0.0,0.0,0.0,0.0,0.0
2022-02-27 16:00:00,0.0,0.0,0.0,0.0,0.0,0.0,0.0
2022-02-27 20:00:00,0.0,0.0,0.0,0.0,0.0,0.0,0.0
2022-02-28 00:00:00,0.0,0.0,0.0,0.0,0.0,0.0,0.0
2022-02-28 04:00:00,0.0,0.0,0.0,0.0,0.0,0.0,0.0
2022-02-28 08:00:00,0.0,0.0,0.0,0.0,0.0,0.0,0.0
2022-02-28 12:00:00,0.0,0.0,0.0,0.0,0.0,0.0,0.0
2022-02-28 16:00:00,0.0,0.0,0.0,0.17470644723410803,0.0,0.0,0.0
2022-02-28 20:00:00,0.0,0.0,0.0,0.17470644723410803,0.0,0.0,0.0
2022-03-01 00:00:00,0.0,0.0,0.0,0.17470644723410803,0.1324601766165921,0.10877346137058053,0.0
2022-03-01 04:00:00,0.0,0.10277514231499049,0.0,0.17470644723410803,0.1324601766165921,0.10877346137058053,0.0
2022-03-01 08:00:00,0.0,0.10277514231499049,0.18959926583052905,0.17470644723410803,0.1324601766165921,0.10877346137058053,0.0
2022-03-01 12:00:00,0.0,0.10277514231499049,0.18959926583052905,0.17470644723410803,0.1324601766165921,0.10877346137058053,0.0
2022-03-01 16:00:00,0.0,0.10277514231499049,0.18959926583052905,0.17470644723410803,0.1324601766165921,0.10877346137058053,0.0
2022-03-01 20:00:00,0.0,0.10277514231499049,0.18959926583052905,0.17470644723410803,0.1324601766165921,0.10877346137058053,0.0
2022-03-02 00:00:00,0.0,0.10277514231499049,0.18959926583052905,0.17470644723410803,0.1324601766165921,0.10877346137058053,0.0
2022-03-02 04:00:00,0.0,0.10277514231499049,0.18959926583052905,0.17470644723410803,0.1324601766165921,0.10877346137058053,0.0
2022-03-02 08:00:00,0.0,0.10277514231499049,0.18959926583052905,0.17470644723410803,0.1324601766165921,0.10877346137058053,0.0
2022-03-02 12:00:00,0.0,0.10277514231499049,0.18959926583052905,0.17470644723410803,0.1324601766165921,0.10877346137058053,0.0
2022-03-02 16:00:00,0.0,0.10277514231499049,0.18959926583052905,0.17470644723410803,0.1324601766165921,0.10877346137058053,0.0
2022-03-02 20:00:00,0.0,0.10277514231499049,0.18959926583052905,0.17470644723410803,0.1324601766165921,0.10877346137058053,0.0
2022-03-03 00:00:00,0.0,0.10277514231499049,0.18959926583052905,0.17470644723410803,0.1324601766165921,0.10877346137058053,0.0
2022-03-03 04:00:00,0.0,0.0,0.18959926583052905,0.17470644723410803,0.1324601766165921,0.10877346137058053,0.0
2022-03-03 08:00:00,0.0,0.0,0.18959926583052905,0.17470644723410803,0.1324601766165921,0.10877346137058053,0.0
2022-03-03 12:00:00,0.0,0.0,0.18959926583052905,0.17470644723410803,0.1324601766165921,0.10877346137058053,0.0
2022-03-03 16:00:00,0.0,0.0,0.18959926583052905,0.17470644723410803,0.0,0.0,0.0
2022-03-03 20:00:00,0.0,0.0,0.18959926583052905,0.0,0.0,0.0,0.0
2022-03-04 00:00:00,0.0,0.0,0.18959926583052905,0.0,0.0,0.0,0.0
2022-03-04 04:00:00,0.0,0.0,0.0,0.0,0.0,0.0,0.0
2022-03-04 08:00:00,0.0,0.0,0.0,0.0,0.0,0.0,0.0
2022-03-04 12:00:00,0.0,0.0,0.0,0.0,0.0,0.0,0.0
2022-03-04 16:00:00,0.0,0.0,0.0,0.0,0.0,0.0,0.0
2022-03-04 20:00:00,0.0,0.0,0.0,0.0,0.0,0.0,0.0
2022-03-05 00:00:00,0.0,0.0,0.0,0.0,0.0,0.0,0.0
2022-03-05 04:00:00,0.0,0.0,0.0,0.0,0.0,0.0,0.0
2022-03-05 08:00:00,0.0,0.0,0.0,0.0,0.0,0.0,0.0
2022-03-05 12:00:00,0.0,0.0,0.0,0.0,0.0,0.0,0.0
2022-03-05 16:00:00,0.0,0.0,0.0,0.0,0.0,0.0,0.0
2022-03-05 20:00:00,0.0,0.0,0.0,0.0,0.0,0.0,0.0
2022-03-06 00:00:00,0.0,0.0,0.0,0.0,0.0,0.0,0.0
2022-03-06 04:00:00,0.0,0.0,0.0,0.0,0.0,0.0,0.0
2022-03-06 08:00:00,0.0,0.0,0.0,0.0,0.0,0.0,0.0
2022-03-06 12:00:00,0.0,0.0,0.0,0.0,0.0,0.0,0.0
2022-03-06 16:00:00,0.0,0.0,0.0,0.0,0.0,0.0,0.0
2022-03-06 20:00:00,0.0,0.0,0.0,0.0,0.0,0.0,0.0
2022-03-07 00:00:00,0.0,0.0,0.0,0.0,0.0,0.0,0.0
2022-03-07 04:00:00,0.0,0.0,0.0,0.0,0.0,0.0,0.0
2022-03-07 08:00:00,0.0,0.0,0.0,0.0,0.0,0.0,0.0
2022-03-07 12:00:00,0.0,0.0,0.0,0.0,0.0,0.0,0.0
2022-03-07 16:00:00,0.0,0.0,0.0,0.0,0.0,0.0,0.0
2022-03-07 20:00:00,0.0,0.0,0.0,0.0,0.0,0.0,0.0
2022-03-08 00:00:00,0.0,0.0,0.0,0.0,0.0,0.0,0.0
2022-03-08 04:00:00,0.0,0.0,0.0,0.0,0.0,0.0,0.0
2022-03-08 08:00:00,0.0,0.0,0.0,0.0,0.0,0.0,0.0
2022-03-08 12:00:00,0.0,0.0,0.0,0.0,0.0,0.0,0.0
2022-03-08 16:00:00,0.0,0.0,0.0,0.0,0.0,0.0,0.0
2022-03-08 20:00:00,0.0,0.0,0.0,0.0,0.0,0.0,0.0
2022-03-09 00:00:00,0.0,0.0,0.0,0.0,0.0,0.0,0.0
2022-03-09 04:00:00,0.0,0.0,0.0,0.0,0.0,0.0,0.0
2022-03-09 08:00:00,0.0,0.0,0.0,0.0,0.0,0.0,0.0
2022-03-09 12:00:00,0.0,0.0,0.0,0.0,0.0,0.0,0.0
2022-03-09 16:00:00,0.0,0.0,0.0,0.0,0.0,0.0,0.0
2022-03-09 20:00:00,0.0,0.0,0.0,0.0,0.0,0.0,0.0
2022-03-10 00:00:00,0.0,0.0,0.0,0.0,0.0,0.0,0.0
2022-03-10 04:00:00,0.0,0.0,0.0,0.0,0.0,0.0,0.0
2022-03-10 08:00:00,0.0,0.0,0.0,0.0,0.0,0.0,0.0
2022-03-10 12:00:00,0.0,0.0,0.0,0.0,0.0,0.0,0.0
2022-03-10 16:00:00,0.0,0.0,0.0,0.0,0.0,0.0,0.0
2022-03-10 20:00:00,0.0,0.0,0.0,0.0,0.0,0.0,0.0
2022-03-11 00:00:00,0.0,0.0,0.0,0.0,0.0,0.0,0.0
2022-03-11 04:00:00,0.0,0.0,0.0,0.0,0.0,0.0,0.0
2022-03-11 08:00:00,0.0,0.0,0.0,0.0,0.0,0.0,0.0
2022-03-11 12:00:00,0.0,0.0,0.0,0.0,0.0,0.0,0.0
2022-03-11 16:00:00,0.0,0.0,0.0,0.0,0.0,0.0,0.0
2022-03-11 20:00:00,0.0,0.0,0.0,0.0,0.0,0.0,0.0
2022-03-12 00:00:00,0.0,0.0,0.0,0.0,0.0,0.0,0.1974020652352073
2022-03-12 04:00:00,0.0,0.0,0.0,0.0,0.0,0.0,0.1974020652352073
2022-03-12 08:00:00,0.0,0.0,0.0,0.0,0.0,0.0,0.1974020652352073
2022-03-12 12:00:00,0.0,0.0,0.0,0.0,0.0,0.0,0.1974020652352073
2022-03-12 16:00:00,0.0,0.0,0.0,0.0,0.0,0.0,0.1974020652352073
2022-03-12 20:00:00,0.0,0.0,0.0,0.0,0.0,0.0,0.1974020652352073
2022-03-13 00:00:00,0.0,0.0,0.0,0.0,0.0,0.0,0.1974020652352073
2022-03-13 04:00:00,0.0,0.0,0.0,0.0,0.0,0.0,0.1974020652352073
2022-03-13 08:00:00,0.0,0.0,0.0,0.0,0.0,0.0,0.1974020652352073
2022-03-13 12:00:00,0.0,0.0,0.0,0.0,0.0,0.0,0.1974020652352073
2022-03-13 16:00:00,0.0,0.0,0.0,0.0,0.0,0.0,0.1974020652352073
2022-03-13 20:00:00,0.0,0.0,0.0,0.0,0.0,0.0,0.1974020652352073
2022-03-14 00:00:00,0.0,0.0,0.0,0.0,0.0,0.0,0.0
2022-03-14 04:00:00,0.0,0.0,0.0,0.0,0.0,0.0,0.0
2022-03-14 08:00:00,0.0,0.0,0.0,0.0,0.0,0.0,0.0
2022-03-14 12:00:00,0.0,0.0,0.0,0.0,0.0,0.0,0.0
2022-03-14 16:00:00,0.0,0.0,0.0,0.0,0.0,0.0,0.0
2022-03-14 20:00:00,0.0,0.0,0.0,0.0,0.0,0.0,0.0
2022-03-15 00:00:00,0.0,0.0,0.0,0.0,0.0,0.0,0.0
2022-03-15 04:00:00,0.0,0.0,0.0,0.0,0.0,0.0,0.0
2022-03-15 08:00:00,0.0,0.0,0.0,0.0,0.0,0.0,0.0
2022-03-15 12:00:00,0.0,0.0,0.0,0.0,0.0,0.0,0.0
2022-03-15 16:00:00,0.0,0.0,0.0,0.0,0.0,0.0,0.0
2022-03-15 20:00:00,0.0,0.0,0.0,0.0,0.0,0.0,0.0
2022-03-16 00:00:00,0.0,0.0,0.0,0.0,0.0,0.0,0.0
2022-03-16 04:00:00,0.0,0.0,0.0,0.0,0.0,0.0,0.0
2022-03-16 08:00:00,0.0,0.0,0.0,0.0,0.0,0.0,0.0
2022-03-16 12:00:00,0.0,0.0,0.0,0.0,0.0,0.0,0.0
2022-03-16 16:00:00,0.0,0.0,0.0,0.0,0.0,0.0,0.0
2022-03-16 20:00:00,0.0,0.0,0.0,0.0,0.0,0.0,0.0
2022-03-17 00:00:00,0.0,0.0,0.0,0.0,0.0,0.0,0.0
2022-03-17 04:00:00,0.0,0.0,0.0,0.0,0.0,0.0,0.0
2022-03-17 08:00:00,0.0,0.0,0.0,0.0,0.0,0.0,0.0
2022-03-17 12:00:00,0.0,0.0,0.0,0.0,0.0,0.0,0.0
2022-03-17 16:00:00,0.0,0.0,0.0,0.0,0.2527564241374335,0.0,0.0
2022-03-17 20:00:00,0.0,0.0,0.0,0.0,0.2527564241374335,0.21095710082081484,0.0
2022-03-18 00:00:00,0.0,0.0,0.0,0.0,0.2527564241374335,0.21095710082081484,0.0
2022-03-18 04:00:00,0.0,0.0,0.0,0.0,0.2527564241374335,0.0,0.0
2022-03-18 08:00:00,0.0,0.0,0.0,0.0,0.2527564241374335,0.0,0.0
2022-03-18 12:00:00,0.0,0.0,0.0,0.0,0.2527564241374335,0.0,0.0
2022-03-18 16:00:00,0.0,0.0,0.0,0.0,0.2527564241374335,0.0,0.0
2022-03-18 20:00:00,0.0,0.15686594202898563,0.0,0.0,0.2527564241374335,0.18497766950872913,0.0
2022-03-19 00:00:00,0.0,0.15686594202898563,0.0,0.0,0.2527564241374335,0.18497766950872913,0.0
2022-03-19 04:00:00,0.23747714808043888,0.15686594202898563,0.0,0.0,0.2527564241374335,0.18497766950872913,0.0
2022-03-19 08:00:00,0.23747714808043888,0.15686594202898563,0.0,0.0,0.2527564241374335,0.18497766950872913,0.0
2022-03-19 12:00:00,0.20701244763742713,0.13674243131541927,0.27466564330578774,0.0,0.22033162533622203,0.1612478524051438,0.0
2022-03-19 16:00:00,0.20701244763742713,0.13674243131541927,0.27466564330578774,0.0,0.22033162533622203,0.1612478524051438,0.0
2022-03-19 20:00:00,0.20701244763742713,0.13674243131541927,0.27466564330578774,0.0,0.22033162533622203,0.1612478524051438,0.0
2022-03-20 00:00:00,0.20701244763742713,0.13674243131541927,0.27466564330578774,0.0,0.22033162533622203,0.1612478524051438,0.0
2022-03-20 04:00:00,0.20701244763742713,0.13674243131541927,0.27466564330578774,0.0,0.22033162533622203,0.1612478524051438,0.0
2022-03-20 08:00:00,0.20701244763742713,0.13674243131541927,0.27466564330578774,0.0,0.22033162533622203,0.1612478524051438,0.0
2022-03-20 12:00:00,0.20701244763742713,0.13674243131541927,0.27466564330578774,0.0,0.22033162533622203,0.1612478524051438,0.0
2022-03-20 16:00:00,0.23747714808043888,0.15686594202898563,0.0,0.0,0.0,0.18497766950872913,0.0
2022-03-20 20:00:00,0.0,0.0,0.0,0.0,0.0,0.0,0.0
2022-03-21 00:00:00,0.0,0.0,0.0,0.0,0.0,0.0,0.0
2022-03-21 04:00:00,0.0,0.0,0.0,0.0,0.0,0.0,0.0
2022-03-21 08:00:00,0.0,0.0,0.0,0.0,0.0,0.0,0.0
2022-03-21 12:00:00,0.0,0.0,0.0,0.0,0.0,0.0,0.0
2022-03-21 16:00:00,0.0,0.0,0.0,0.0,0.0,0.0,0.0
2022-03-21 20:00:00,0.0,0.0,0.0,0.0,0.0,0.0,0.0
2022-03-22 00:00:00,0.0,0.0,0.0,0.0,0.0,0.0,0.0
2022-03-22 04:00:00,0.0,0.0,0.0,0.0,0.2729957690980738,0.0,0.0
2022-03-22 08:00:00,0.24051282051282027,0.0,0.0,0.0,0.2729957690980738,0.0,0.0
2022-03-22 12:00:00,0.24051282051282027,0.0,0.0,0.0,0.2729957690980738,0.0,0.0
2022-03-22 16:00:00,0.24051282051282027,0.0,0.0,0.0,0.2729957690980738,0.0,0.0
2022-03-22 20:00:00,0.24051282051282027,0.0,0.0,0.0,0.2729957690980738,0.0,0.0
2022-03-23 00:00:00,0.24051282051282027,0.0,0.0,0.0,0.2729957690980738,0.0,0.0
2022-03-23 04:00:00,0.24051282051282027,0.0,0.0,0.0,0.2729957690980738,0.0,0.0
2022-03-23 08:00:00,0.24051282051282027,0.0,0.0,0.0,0.2729957690980738,0.0,0.0
2022-03-23 12:00:00,0.24051282051282027,0.0,0.0,0.0,0.2729957690980738,0.0,0.0
2022-03-23 16:00:00,0.0,0.0,0.0,0.0,0.2729957690980738,0.19826609560652114,0.0
2022-03-23 20:00:00,0.0,0.0,0.0,0.0,0.2729957690980738,0.19826609560652114,0.0
2022-03-24 00:00:00,0.1919168591224016,0.0,0.0,0.0,0.2729957690980738,0.19826609560652114,0.0
2022-03-24 04:00:00,0.1919168591224016,0.0,0.0,0.0,0.2729957690980738,0.19826609560652114,0.0
2022-03-24 08:00:00,0.1919168591224016,0.0,0.0,0.0,0.2729957690980738,0.19826609560652114,0.0
2022-03-24 12:00:00,0.1919168591224016,0.0,0.0,0.0,0.2729957690980738,0.19826609560652114,0.0
2022-03-24 16:00:00,0.14527439267841355,0.0,0.2512906264842202,0.24670612699658645,0.2066483097985936,0.15008054404218618,0.0
2022-03-24 20:00:00,0.14527439267841355,0.0,0.2512906264842202,0.24670612699658645,0.2066483097985936,0.15008054404218618,0.0
2022-03-25 00:00:00,0.14527439267841355,0.0,0.2512906264842202,0.24670612699658645,0.2066483097985936,0.15008054404218618,0.0
2022-03-25 04:00:00,0.14527439267841355,0.0,0.2512906264842202,0.24670612699658645,0.2066483097985936,0.15008054404218618,0.0
2022-03-25 08:00:00,0.14527439267841355,0.0,0.2512906264842202,0.24670612699658645,0.2066483097985936,0.15008054404218618,0.0
2022-03-25 12:00:00,0.14527439267841355,0.0,0.2512906264842202,0.24670612699658645,0.2066483097985936,0.15008054404218618,0.0
2022-03-25 16:00:00,0.0,0.0,0.29400151853608064,0.28863780947160095,0.24177152062421264,0.1755891513681058,0.0
2022-03-25 20:00:00,0.0,0.0,0.0,0.3259147338116702,0.2729957690980738,0.0,0.0
2022-03-26 00:00:00,0.0,0.0,0.0,0.3259147338116702,0.2729957690980738,0.0,0.0
2022-03-26 04:00:00,0.0,0.0,0.0,0.3259147338116702,0.2729957690980738,0.0,0.0
2022-03-26 08:00:00,0.0,0.0,0.0,0.3259147338116702,0.2729957690980738,0.0,0.0
2022-03-26 12:00:00,0.0,0.0,0.0,0.3259147338116702,0.2729957690980738,0.0,0.0
2022-03-26 16:00:00,0.0,0.0,0.0,0.3259147338116702,0.2729957690980738,0.0,0.0
2022-03-26 20:00:00,0.0,0.0,0.0,0.3259147338116702,0.2729957690980738,0.0,0.0
2022-03-27 00:00:00,0.0,0.0,0.0,0.3259147338116702,0.2729957690980738,0.0,0.0
2022-03-27 04:00:00,0.0,0.0,0.0,0.3259147338116702,0.2729957690980738,0.0,0.0
2022-03-27 08:00:00,0.0,0.0,0.0,0.3259147338116702,0.2729957690980738,0.0,0.0
2022-03-27 12:00:00,0.0,0.0,0.0,0.3259147338116702,0.2729957690980738,0.0,0.0
2022-03-27 16:00:00,0.0,0.0,0.0,0.3259147338116702,0.2729957690980738,0.0,0.0
2022-03-27 20:00:00,0.0,0.0,0.0,0.3259147338116702,0.2729957690980738,0.0,0.0
2022-03-28 00:00:00,0.0,0.0,0.37675029171528557,0.0,0.0,0.18816360014063063,0.0
2022-03-28 04:00:00,0.0,0.0,0.228542328813753,0.2346569044022467,0.19246689019628843,0.11414283762948658,0.23019103895822526
2022-03-28 08:00:00,0.0,0.0,0.228542328813753,0.2346569044022467,0.19246689019628843,0.11414283762948658,0.23019103895822526
2022-03-28 12:00:00,0.0,0.0,0.228542328813753,0.2346569044022467,0.19246689019628843,0.11414283762948658,0.23019103895822526
2022-03-28 16:00:00,0.08560369432381654,0.10436593177436042,0.1851262280613977,0.19007922001159624,0.15590402702942063,0.09245916544322809,0.1864617333561803
2022-03-28 20:00:00,0.1052239308631013,0.1282864446007105,0.22755687796361398,0.2336450881354989,0.19163699290088584,0.1136506655361895,0.0
2022-03-29 00:00:00,0.12070929746515568,0.0,0.26104547365835246,0.2680296603033521,0.21983940907412675,0.13037615949901302,0.0
2022-03-29 04:00:00,0.12070929746515568,0.0,0.26104547365835246,0.2680296603033521,0.21983940907412675,0.13037615949901302,0.0
2022-03-29 08:00:00,0.12070929746515568,0.0,0.26104547365835246,0.2680296603033521,0.21983940907412675,0.13037615949901302,0.0
2022-03-29 12:00:00,0.12070929746515568,0.0,0.26104547365835246,0.2680296603033521,0.21983940907412675,0.13037615949901302,0.0
2022-03-29 16:00:00,0.12070929746515568,0.0,0.26104547365835246,0.2680296603033521,0.21983940907412675,0.13037615949901302,0.0
2022-03-29 20:00:00,0.12070929746515568,0.0,0.26104547365835246,0.2680296603033521,0.21983940907412675,0.13037615949901302,0.0
2022-03-30 00:00:00,0.15472365416702372,0.0,0.3346047938009158,0.3435570361036333,0.0,0.1671145159284272,0.0
2022-03-30 04:00:00,0.1742120343839545,0.0,0.0,0.0,0.0,0.0,0.0
2022-03-30 08:00:00,0.1742120343839545,0.0,0.0,0.0,0.0,0.0,0.0
2022-03-30 12:00:00,0.1742120343839545,0.0,0.0,0.0,0.0,0.0,0.0
2022-03-30 16:00:00,0.1742120343839545,0.17852060843964654,0.0,0.0,0.0,0.16210892746981578,0.0
2022-03-30 20:00:00,0.1742120343839545,0.17852060843964654,0.3616260162601623,0.0,0.0,0.16210892746981578,0.0
2022-03-31 00:00:00,0.1742120343839545,0.17852060843964654,0.3616260162601623,0.0,0.0,0.16210892746981578,0.0
2022-03-31 04:00:00,0.1742120343839545,0.17852060843964654,0.3616260162601623,0.0,0.0,0.16210892746981578,0.0
2022-03-31 08:00:00,0.1742120343839545,0.17852060843964654,0.3616260162601623,0.0,0.0,0.16210892746981578,0.0
2022-03-31 12:00:00,0.1742120343839545,0.17852060843964654,0.3616260162601623,0.0,0.0,0.16210892746981578,0.0
2022-03-31 16:00:00,0.1742120343839545,0.17852060843964654,0.0,0.0,0.0,0.16210892746981578,0.0
2022-03-31 20:00:00,0.0,0.0,0.0,0.0,0.0,0.16210892746981578,0.0
2022-04-01 00:00:00,0.0,0.0,0.0,0.0,0.0,0.16210892746981578,0.0
2022-04-01 04:00:00,0.0,0.0,0.0,0.0,0.0,0.0,0.0
2022-04-01 08:00:00,0.0,0.0,0.0,0.0,0.0,0.0,0.0
2022-04-01 12:00:00,0.0,0.0,0.0,0.0,0.0,0.0,0.0
2022-04-01 16:00:00,0.0,0.0,0.0,0.0,0.0,0.128975322235896,0.0
2022-04-01 20:00:00,0.0,0.0,0.0,0.0,0.0,0.128975322235896,0.0
2022-04-02 00:00:00,0.0,0.0,0.0,0.0,0.0,0.128975322235896,0.0
2022-04-02 04:00:00,0.0,0.0,0.0,0.0,0.0,0.128975322235896,0.0
2022-04-02 08:00:00,0.0,0.0,0.0,0.0,0.0,0.128975322235896,0.0
2022-04-02 12:00:00,0.0,0.0,0.0,0.0,0.0,0.128975322235896,0.0
2022-04-02 16:00:00,0.0,0.0,0.0,0.0,0.0,0.128975322235896,0.0
2022-04-02 20:00:00,0.0,0.0,0.0,0.0,0.0,0.128975322235896,0.0
2022-04-03 00:00:00,0.0,0.0,0.0,0.0,0.0,0.128975322235896,0.0
2022-04-03 04:00:00,0.0,0.0,0.0,0.0,0.0,0.128975322235896,0.0
2022-04-03 08:00:00,0.0,0.0,0.0,0.0,0.0,0.128975322235896,0.0
2022-04-03 12:00:00,0.0,0.0,0.0,0.0,0.0,0.128975322235896,0.0
2022-04-03 16:00:00,0.0,0.0,0.0,0.0,0.0,0.128975322235896,0.0
2022-04-03 20:00:00,0.0,0.0,0.0,0.0,0.0,0.128975322235896,0.0
2022-04-04 00:00:00,0.0,0.0,0.0,0.0,0.0,0.128975322235896,0.0
2022-04-04 04:00:00,0.0,0.0,0.0,0.0,0.0,0.128975322235896,0.0
2022-04-04 08:00:00,0.0,0.0,0.0,0.0,0.0,0.128975322235896,0.0
2022-04-04 12:00:00,0.0,0.0,0.0,0.0,0.0,0.128975322235896,0.0
2022-04-04 16:00:00,0.0,0.0,0.0,0.0,0.0,0.0,0.0
2022-04-04 20:00:00,0.0,0.0,0.0,0.0,0.0,0.0,0.0
2022-04-05 00:00:00,0.0,0.0,0.0,0.0,0.0,0.0,0.0
2022-04-05 04:00:00,0.0,0.0,0.0,0.0,0.0,0.0,0.0
2022-04-05 08:00:00,0.0,0.0,0.0,0.0,0.0,0.0,0.0
2022-04-05 12:00:00,0.0,0.0,0.0,0.0,0.0,0.0,0.0
2022-04-05 16:00:00,0.0,0.0,0.0,0.0,0.0,0.0,0.0
2022-04-05 20:00:00,0.0,0.0,0.0,0.0,0.0,0.0,0.0
2022-04-06 00:00:00,0.0,0.0,0.0,0.0,0.0,0.0,0.0
2022-04-06 04:00:00,0.0,0.0,0.0,0.0,0.0,0.0,0.0
2022-04-06 08:00:00,0.0,0.0,0.0,0.0,0.0,0.0,0.0
2022-04-06 12:00:00,0.0,0.0,0.0,0.0,0.0,0.0,0.0
2022-04-06 16:00:00,0.0,0.0,0.0,0.0,0.0,0.0,0.0
2022-04-06 20:00:00,0.0,0.0,0.0,0.0,0.0,0.0,0.0
2022-04-07 00:00:00,0.0,0.0,0.0,0.0,0.0,0.0,0.0
2022-04-07 04:00:00,0.0,0.0,0.0,0.0,0.0,0.0,0.0
2022-04-07 08:00:00,0.0,0.0,0.0,0.0,0.0,0.0,0.0
2022-04-07 12:00:00,0.0,0.0,0.0,0.0,0.0,0.0,0.0
2022-04-07 16:00:00,0.0,0.0,0.0,0.0,0.0,0.0,0.0
2022-04-07 20:00:00,0.0,0.0,0.0,0.0,0.0,0.0,0.0
2022-04-08 00:00:00,0.0,0.0,0.0,0.0,0.0,0.0,0.0
2022-04-08 04:00:00,0.0,0.0,0.0,0.0,0.0,0.0,0.0
2022-04-08 08:00:00,0.0,0.0,0.0,0.0,0.0,0.0,0.0
2022-04-08 12:00:00,0.0,0.0,0.0,0.0,0.0,0.0,0.0
2022-04-08 16:00:00,0.0,0.0,0.0,0.0,0.0,0.0,0.0
2022-04-08 20:00:00,0.0,0.0,0.0,0.0,0.0,0.0,0.0
2022-04-09 00:00:00,0.0,0.0,0.0,0.0,0.0,0.0,0.0
2022-04-09 04:00:00,0.0,0.0,0.0,0.0,0.0,0.0,0.0
2022-04-09 08:00:00,0.0,0.0,0.0,0.0,0.0,0.0,0.0
2022-04-09 12:00:00,0.0,0.0,0.0,0.0,0.0,0.0,0.0
2022-04-09 16:00:00,0.0,0.0,0.0,0.0,0.0,0.0,0.0
2022-04-09 20:00:00,0.0,0.0,0.0,0.0,0.0,0.0,0.0
2022-04-10 00:00:00,0.0,0.0,0.0,0.0,0.0,0.0,0.0
2022-04-10 04:00:00,0.0,0.0,0.0,0.0,0.0,0.0,0.0
2022-04-10 08:00:00,0.0,0.0,0.0,0.0,0.0,0.0,0.0
2022-04-10 12:00:00,0.0,0.0,0.0,0.0,0.0,0.0,0.0
2022-04-10 16:00:00,0.0,0.0,0.0,0.0,0.0,0.0,0.0
2022-04-10 20:00:00,0.0,0.0,0.0,0.0,0.0,0.0,0.0
2022-04-11 00:00:00,0.0,0.0,0.0,0.0,0.0,0.0,0.0
2022-04-11 04:00:00,0.0,0.0,0.0,0.0,0.0,0.0,0.0
2022-04-11 08:00:00,0.0,0.0,0.0,0.0,0.0,0.0,0.0
2022-04-11 12:00:00,0.0,0.0,0.0,0.0,0.0,0.0,0.0
2022-04-11 16:00:00,0.0,0.0,0.0,0.0,0.0,0.0,0.0
2022-04-11 20:00:00,0.0,0.0,0.0,0.0,0.0,0.0,0.0
2022-04-12 00:00:00,0.0,0.0,0.0,0.0,0.0,0.0,0.0
2022-04-12 04:00:00,0.0,0.0,0.0,0.0,0.0,0.0,0.0
2022-04-12 08:00:00,0.0,0.0,0.0,0.0,0.0,0.0,0.0
2022-04-12 12:00:00,0.0,0.0,0.0,0.0,0.0,0.0,0.0
2022-04-12 16:00:00,0.0,0.0,0.0,0.0,0.0,0.0,0.0
2022-04-12 20:00:00,0.0,0.0,0.0,0.0,0.0,0.0,0.0
2022-04-13 00:00:00,0.0,0.0,0.0,0.0,0.0,0.0,0.0
2022-04-13 04:00:00,0.0,0.0,0.0,0.0,0.0,0.0,0.0
2022-04-13 08:00:00,0.0,0.0,0.0,0.0,0.0,0.0,0.0
2022-04-13 12:00:00,0.0,0.0,0.0,0.0,0.0,0.0,0.0
2022-04-13 16:00:00,0.0,0.0,0.0,0.0,0.0,0.0,0.0
2022-04-13 20:00:00,0.0,0.0,0.0,0.0,0.0,0.0,0.0
2022-04-14 00:00:00,0.0,0.0,0.0,0.0,0.0,0.0,0.0
2022-04-14 04:00:00,0.0,0.0,0.0,0.0,0.0,0.0,0.0
2022-04-14 08:00:00,0.0,0.0,0.0,0.0,0.0,0.0,0.0
2022-04-14 12:00:00,0.0,0.0,0.0,0.0,0.0,0.0,0.0
2022-04-14 16:00:00,0.0,0.0,0.0,0.0,0.0,0.0,0.0
2022-04-14 20:00:00,0.0,0.0,0.0,0.0,0.0,0.0,0.0
2022-04-15 00:00:00,0.0,0.0,0.0,0.0,0.0,0.0,0.0
2022-04-15 04:00:00,0.0,0.0,0.0,0.0,0.0,0.0,0.0
2022-04-15 08:00:00,0.0,0.0,0.0,0.0,0.0,0.0,0.0
2022-04-15 12:00:00,0.0,0.0,0.0,0.0,0.0,0.0,0.0
2022-04-15 16:00:00,0.0,0.0,0.0,0.0,0.0,0.0,0.0
2022-04-15 20:00:00,0.0,0.0,0.0,0.0,0.0,0.0,0.0
2022-04-16 00:00:00,0.0,0.0,0.0,0.0,0.0,0.0,0.0
2022-04-16 04:00:00,0.0,0.0,0.0,0.0,0.0,0.0,0.0
2022-04-16 08:00:00,0.0,0.0,0.0,0.0,0.0,0.0,0.0
2022-04-16 12:00:00,0.0,0.0,0.0,0.0,0.0,0.0,0.0
2022-04-16 16:00:00,0.0,0.0,0.0,0.0,0.0,0.0,0.0
2022-04-16 20:00:00,0.0,0.0,0.0,0.0,0.0,0.0,0.0
2022-04-17 00:00:00,0.0,0.0,0.0,0.0,0.0,0.0,0.0
2022-04-17 04:00:00,0.0,0.0,0.0,0.0,0.0,0.0,0.0
2022-04-17 08:00:00,0.0,0.0,0.0,0.0,0.0,0.0,0.0
2022-04-17 12:00:00,0.0,0.0,0.0,0.0,0.0,0.0,0.0
2022-04-17 16:00:00,0.0,0.0,0.0,0.0,0.0,0.0,0.0
2022-04-17 20:00:00,0.0,0.0,0.0,0.0,0.0,0.0,0.0
2022-04-18 00:00:00,0.0,0.0,0.0,0.0,0.0,0.0,0.0
2022-04-18 04:00:00,0.0,0.0,0.0,0.0,0.0,0.0,0.0
2022-04-18 08:00:00,0.0,0.0,0.0,0.0,0.0,0.0,0.0
2022-04-18 12:00:00,0.0,0.0,0.0,0.0,0.0,0.0,0.0
2022-04-18 16:00:00,0.0,0.0,0.0,0.0,0.0,0.0,0.0
2022-04-18 20:00:00,0.0,0.0,0.0,0.0,0.0,0.0,0.0
2022-04-19 00:00:00,0.0,0.0,0.0,0.0,0.0,0.0,0.0
2022-04-19 04:00:00,0.0,0.0,0.0,0.0,0.0,0.0,0.0
2022-04-19 08:00:00,0.0,0.0,0.0,0.0,0.0,0.0,0.0
2022-04-19 12:00:00,0.0,0.0,0.0,0.0,0.0,0.0,0.0
2022-04-19 16:00:00,0.0,0.0,0.0,0.0,0.0,0.0,0.0
2022-04-19 20:00:00,0.0,0.0,0.0,0.0,0.0,0.0,0.0
2022-04-20 00:00:00,0.0,0.0,0.0,0.0,0.0,0.0,0.0
2022-04-20 04:00:00,0.0,0.0,0.0,0.0,0.0,0.0,0.0
2022-04-20 08:00:00,0.0,0.0,0.0,0.0,0.0,0.0,0.0
2022-04-20 12:00:00,0.0,0.0,0.0,0.0,0.0,0.0,0.0
2022-04-20 16:00:00,0.0,0.0,0.0,0.0,0.0,0.0,0.0
2022-04-20 20:00:00,0.0,0.0,0.0,0.0,0.0,0.0,0.0
2022-04-21 00:00:00,0.0,0.0,0.0,0.0,0.0,0.0,0.0
2022-04-21 04:00:00,0.0,0.0,0.0,0.0,0.0,0.0,0.0
2022-04-21 08:00:00,0.0,0.0,0.0,0.0,0.0,0.0,0.0
2022-04-21 12:00:00,0.0,0.0,0.0,0.0,0.0,0.0,0.0
2022-04-21 16:00:00,0.0,0.0,0.0,0.0,0.0,0.0,0.0
2022-04-21 20:00:00,0.0,0.0,0.0,0.0,0.0,0.0,0.0
2022-04-22 00:00:00,0.0,0.0,0.0,0.0,0.0,0.0,0.0
2022-04-22 04:00:00,0.0,0.0,0.0,0.0,0.0,0.0,0.0
2022-04-22 08:00:00,0.0,0.0,0.0,0.0,0.0,0.0,0.0
2022-04-22 12:00:00,0.0,0.0,0.0,0.0,0.0,0.0,0.0
2022-04-22 16:00:00,0.0,0.0,0.0,0.0,0.0,0.0,0.0
2022-04-22 20:00:00,0.0,0.0,0.0,0.0,0.0,0.0,0.0
2022-04-23 00:00:00,0.0,0.0,0.0,0.0,0.0,0.0,0.0
2022-04-23 04:00:00,0.0,0.0,0.0,0.0,0.0,0.0,0.0
2022-04-23 08:00:00,0.0,0.0,0.0,0.0,0.0,0.0,0.0
2022-04-23 12:00:00,0.0,0.0,0.0,0.0,0.0,0.0,0.0
2022-04-23 16:00:00,0.0,0.0,0.0,0.0,0.0,0.0,0.0
2022-04-23 20:00:00,0.0,0.0,0.0,0.0,0.0,0.0,0.0
2022-04-24 00:00:00,0.0,0.0,0.0,0.0,0.0,0.0,0.0
2022-04-24 04:00:00,0.0,0.0,0.0,0.0,0.0,0.0,0.0
2022-04-24 08:00:00,0.0,0.0,0.0,0.0,0.0,0.0,0.0
2022-04-24 12:00:00,0.0,0.0,0.0,0.0,0.0,0.0,0.0
2022-04-24 16:00:00,0.0,0.0,0.0,0.0,0.0,0.0,0.0
2022-04-24 20:00:00,0.0,0.0,0.0,0.0,0.0,0.0,0.0
2022-04-25 00:00:00,0.0,0.0,0.0,0.0,0.0,0.0,0.0
2022-04-25 04:00:00,0.0,0.0,0.0,0.0,0.0,0.0,0.0
2022-04-25 08:00:00,0.0,0.0,0.0,0.0,0.0,0.0,0.0
2022-04-25 12:00:00,0.0,0.0,0.0,0.0,0.0,0.0,0.0
2022-04-25 16:00:00,0.0,0.0,0.0,0.0,0.0,0.0,0.0
2022-04-25 20:00:00,0.0,0.0,0.0,0.0,0.0,0.0,0.0
2022-04-26 00:00:00,0.0,0.0,0.0,0.0,0.0,0.0,0.0
2022-04-26 04:00:00,0.0,0.0,0.0,0.0,0.0,0.0,0.0
2022-04-26 08:00:00,0.0,0.0,0.0,0.0,0.0,0.0,0.0
2022-04-26 12:00:00,0.0,0.0,0.0,0.0,0.0,0.0,0.0
2022-04-26 16:00:00,0.0,0.0,0.0,0.0,0.0,0.0,0.0
2022-04-26 20:00:00,0.0,0.0,0.0,0.0,0.0,0.0,0.0
2022-04-27 00:00:00,0.0,0.0,0.0,0.0,0.0,0.0,0.0
2022-04-27 04:00:00,0.0,0.0,0.0,0.0,0.0,0.0,0.0
2022-04-27 08:00:00,0.0,0.0,0.0,0.0,0.0,0.0,0.0
2022-04-27 12:00:00,0.0,0.0,0.0,0.0,0.0,0.0,0.0
2022-04-27 16:00:00,0.0,0.0,0.0,0.0,0.0,0.0,0.0
2022-04-27 20:00:00,0.0,0.0,0.0,0.0,0.0,0.0,0.0
2022-04-28 00:00:00,0.0,0.0,0.0,0.0,0.0,0.0,0.0
2022-04-28 04:00:00,0.0,0.0,0.0,0.0,0.0,0.0,0.0
2022-04-28 08:00:00,0.0,0.0,0.0,0.0,0.0,0.0,0.0
2022-04-28 12:00:00,0.0,0.0,0.0,0.0,0.0,0.0,0.0
2022-04-28 16:00:00,0.0,0.0,0.0,0.0,0.0,0.0,0.0
2022-04-28 20:00:00,0.0,0.0,0.0,0.0,0.0,0.0,0.0
2022-04-29 00:00:00,0.0,0.0,0.0,0.0,0.0,0.0,0.0
2022-04-29 04:00:00,0.0,0.0,0.0,0.0,0.0,0.0,0.0
2022-04-29 08:00:00,0.0,0.0,0.0,0.0,0.0,0.0,0.0
2022-04-29 12:00:00,0.0,0.0,0.0,0.0,0.0,0.0,0.0
2022-04-29 16:00:00,0.0,0.0,0.0,0.0,0.0,0.0,0.0
2022-04-29 20:00:00,0.0,0.0,0.0,0.0,0.0,0.0,0.0
2022-04-30 00:00:00,0.0,0.0,0.0,0.0,0.0,0.0,0.0
2022-04-30 04:00:00,0.0,0.0,0.0,0.0,0.0,0.0,0.0
2022-04-30 08:00:00,0.0,0.0,0.0,0.0,0.0,0.0,0.0
2022-04-30 12:00:00,0.0,0.0,0.0,0.0,0.0,0.0,0.0
2022-04-30 16:00:00,0.0,0.0,0.0,0.0,0.0,0.0,0.0
2022-04-30 20:00:00,0.0,0.0,0.0,0.0,0.0,0.0,0.0
2022-05-01 00:00:00,0.0,0.0,0.0,0.0,0.0,0.0,0.0
2022-05-01 04:00:00,0.0,0.0,0.0,0.0,0.0,0.0,0.0
2022-05-01 08:00:00,0.0,0.0,0.0,0.0,0.0,0.0,0.0
2022-05-01 12:00:00,0.0,0.0,0.0,0.0,0.0,0.0,0.0
2022-05-01 16:00:00,0.0,0.0,0.0,0.0,0.0,0.0,0.0
2022-05-01 20:00:00,0.0,0.0,0.0,0.0,0.0,0.0,0.0
2022-05-02 00:00:00,0.0,0.0,0.0,0.0,0.0,0.0,0.0
2022-05-02 04:00:00,0.0,0.0,0.0,0.0,0.0,0.0,0.0
2022-05-02 08:00:00,0.0,0.0,0.0,0.0,0.0,0.0,0.0
2022-05-02 12:00:00,0.0,0.0,0.0,0.0,0.0,0.0,0.0
2022-05-02 16:00:00,0.0,0.0,0.0,0.0,0.0,0.0,0.0
2022-05-02 20:00:00,0.0,0.0,0.0,0.0,0.0,0.0,0.0
2022-05-03 00:00:00,0.0,0.0,0.0,0.0,0.0,0.0,0.0
2022-05-03 04:00:00,0.0,0.0,0.0,0.0,0.0,0.0,0.0
2022-05-03 08:00:00,0.0,0.0,0.0,0.0,0.0,0.0,0.0
2022-05-03 12:00:00,0.0,0.0,0.0,0.0,0.0,0.0,0.0
2022-05-03 16:00:00,0.0,0.0,0.0,0.0,0.0,0.0,0.0
2022-05-03 20:00:00,0.0,0.0,0.0,0.0,0.0,0.0,0.0
2022-05-04 00:00:00,0.0,0.0,0.0,0.0,0.0,0.0,0.0
2022-05-04 04:00:00,0.0,0.0,0.0,0.0,0.0,0.0,0.0
2022-05-04 08:00:00,0.0,0.0,0.0,0.0,0.0,0.0,0.0
2022-05-04 12:00:00,0.0,0.0,0.0,0.0,0.0,0.0,0.0
2022-05-04 16:00:00,0.0,0.0,0.0,0.0,0.0,0.0,0.0
2022-05-04 20:00:00,0.0,0.0,0.0,0.0,0.0,0.0,0.0
2022-05-05 00:00:00,0.0,0.0,0.0,0.0,0.0,0.0,0.0
2022-05-05 04:00:00,0.0,0.0,0.0,0.0,0.0,0.0,0.0
2022-05-05 08:00:00,0.0,0.0,0.0,0.0,0.0,0.0,0.0
2022-05-05 12:00:00,0.0,0.0,0.0,0.0,0.0,0.0,0.0
2022-05-05 16:00:00,0.0,0.0,0.0,0.0,0.0,0.0,0.0
2022-05-05 20:00:00,0.0,0.0,0.0,0.0,0.0,0.0,0.0
2022-05-06 00:00:00,0.0,0.0,0.0,0.0,0.0,0.0,0.0
2022-05-06 04:00:00,0.0,0.0,0.0,0.0,0.0,0.0,0.0
2022-05-06 08:00:00,0.0,0.0,0.0,0.0,0.0,0.0,0.0
2022-05-06 12:00:00,0.0,0.0,0.0,0.0,0.0,0.0,0.0
2022-05-06 16:00:00,0.0,0.0,0.0,0.0,0.0,0.0,0.0
2022-05-06 20:00:00,0.0,0.0,0.0,0.0,0.0,0.0,0.0
2022-05-07 00:00:00,0.0,0.0,0.0,0.0,0.0,0.0,0.0
2022-05-07 04:00:00,0.0,0.0,0.0,0.0,0.0,0.0,0.0
2022-05-07 08:00:00,0.0,0.0,0.0,0.0,0.0,0.0,0.0
2022-05-07 12:00:00,0.0,0.0,0.0,0.0,0.0,0.0,0.0
2022-05-07 16:00:00,0.0,0.0,0.0,0.0,0.0,0.0,0.0
2022-05-07 20:00:00,0.0,0.0,0.0,0.0,0.0,0.0,0.0
2022-05-08 00:00:00,0.0,0.0,0.0,0.0,0.0,0.0,0.0
2022-05-08 04:00:00,0.0,0.0,0.0,0.0,0.0,0.0,0.0
2022-05-08 08:00:00,0.0,0.0,0.0,0.0,0.0,0.0,0.0
2022-05-08 12:00:00,0.0,0.0,0.0,0.0,0.0,0.0,0.0
2022-05-08 16:00:00,0.0,0.0,0.0,0.0,0.0,0.0,0.0
2022-05-08 20:00:00,0.0,0.0,0.0,0.0,0.0,0.0,0.0
2022-05-09 00:00:00,0.0,0.0,0.0,0.0,0.0,0.0,0.0
2022-05-09 04:00:00,0.0,0.0,0.0,0.0,0.0,0.0,0.0
2022-05-09 08:00:00,0.0,0.0,0.0,0.0,0.0,0.0,0.0
2022-05-09 12:00:00,0.0,0.0,0.0,0.0,0.0,0.0,0.0
2022-05-09 16:00:00,0.0,0.0,0.0,0.0,0.0,0.0,0.0
2022-05-09 20:00:00,0.0,0.0,0.0,0.0,0.0,0.0,0.0
2022-05-10 00:00:00,0.0,0.0,0.0,0.0,0.0,0.0,0.0
2022-05-10 04:00:00,0.0,0.0,0.0,0.0,0.0,0.0,0.0
2022-05-10 08:00:00,0.0,0.0,0.0,0.0,0.0,0.0,0.0
2022-05-10 12:00:00,0.0,0.0,0.0,0.0,0.0,0.0,0.0
2022-05-10 16:00:00,0.0,0.0,0.0,0.0,0.0,0.0,0.0
2022-05-10 20:00:00,0.0,0.0,0.0,0.0,0.0,0.0,0.0
2022-05-11 00:00:00,0.0,0.0,0.0,0.0,0.0,0.0,0.0
2022-05-11 04:00:00,0.0,0.0,0.0,0.0,0.0,0.0,0.0
2022-05-11 08:00:00,0.0,0.0,0.0,0.0,0.0,0.0,0.0
2022-05-11 12:00:00,0.0,0.0,0.0,0.0,0.0,0.0,0.0
2022-05-11 16:00:00,0.0,0.0,0.0,0.0,0.0,0.0,0.0
2022-05-11 20:00:00,0.0,0.0,0.0,0.0,0.0,0.0,0.0
2022-05-12 00:00:00,0.0,0.0,0.0,0.0,0.0,0.0,0.0
2022-05-12 04:00:00,0.0,0.0,0.0,0.0,0.0,0.0,0.0
2022-05-12 08:00:00,0.0,0.0,0.0,0.0,0.0,0.0,0.0
2022-05-12 12:00:00,0.0,0.0,0.0,0.0,0.0,0.0,0.0
2022-05-12 16:00:00,0.0,0.0,0.0,0.0,0.0,0.0,0.0
2022-05-12 20:00:00,0.0,0.0,0.0,0.0,0.0,0.0,0.0
2022-05-13 00:00:00,0.0,0.0,0.0,0.0,0.0,0.0,0.0
2022-05-13 04:00:00,0.0,0.0,0.0,0.0,0.0,0.0,0.0
2022-05-13 08:00:00,0.0,0.0,0.0,0.0,0.0,0.0,0.0
2022-05-13 12:00:00,0.0,0.0,0.0,0.0,0.0,0.0,0.0
2022-05-13 16:00:00,0.0,0.0,0.0,0.0,0.0,0.0,0.0
2022-05-13 20:00:00,0.0,0.0,0.0,0.0,0.0,0.0,0.0
2022-05-14 00:00:00,0.0,0.0,0.0,0.0,0.0,0.0,0.0
2022-05-14 04:00:00,0.0,0.0,0.0,0.0,0.0,0.0,0.0
2022-05-14 08:00:00,0.0,0.0,0.0,0.0,0.0,0.0,0.0
2022-05-14 12:00:00,0.0,0.0,0.0,0.0,0.0,0.0,0.0
2022-05-14 16:00:00,0.0,0.0,0.0,0.0,0.0,0.0,0.0
2022-05-14 20:00:00,0.0,0.0,0.0,0.0,0.0,0.0,0.0
2022-05-15 00:00:00,0.0,0.0,0.0,0.0,0.0,0.0,0.0
2022-05-15 04:00:00,0.0,0.0,0.0,0.0,0.0,0.0,0.0
2022-05-15 08:00:00,0.0,0.0,0.0,0.0,0.0,0.0,0.0
2022-05-15 12:00:00,0.0,0.0,0.0,0.0,0.0,0.0,0.0
2022-05-15 16:00:00,0.0,0.0,0.0,0.0,0.0,0.0,0.0
2022-05-15 20:00:00,0.0,0.0,0.0,0.0,0.0,0.0,0.0
2022-05-16 00:00:00,0.0,0.0,0.0,0.0,0.0,0.0,0.0
2022-05-16 04:00:00,0.0,0.0,0.0,0.0,0.0,0.0,0.0
2022-05-16 08:00:00,0.0,0.0,0.0,0.0,0.0,0.0,0.0
2022-05-16 12:00:00,0.0,0.0,0.0,0.0,0.0,0.0,0.0
2022-05-16 16:00:00,0.0,0.0,0.0,0.0,0.0,0.0,0.0
2022-05-16 20:00:00,0.0,0.0,0.0,0.0,0.0,0.0,0.0
2022-05-17 00:00:00,0.0,0.0,0.0,0.0,0.0,0.0,0.0
2022-05-17 04:00:00,0.0,0.0,0.0,0.0,0.0,0.0,0.0
2022-05-17 08:00:00,0.0,0.0,0.0,0.0,0.0,0.0,0.0
2022-05-17 12:00:00,0.0,0.0,0.0,0.0,0.0,0.0,0.0
2022-05-17 16:00:00,0.0,0.0,0.0,0.0,0.0,0.0,0.0
2022-05-17 20:00:00,0.0,0.0,0.0,0.0,0.0,0.0,0.0
2022-05-18 00:00:00,0.0,0.0,0.0,0.0,0.0,0.0,0.0
2022-05-18 04:00:00,0.0,0.0,0.0,0.0,0.0,0.0,0.0
2022-05-18 08:00:00,0.0,0.0,0.0,0.0,0.0,0.0,0.0
2022-05-18 12:00:00,0.0,0.0,0.0,0.0,0.0,0.0,0.0
2022-05-18 16:00:00,0.0,0.0,0.0,0.0,0.0,0.0,0.0
2022-05-18 20:00:00,0.0,0.0,0.0,0.0,0.0,0.0,0.0
2022-05-19 00:00:00,0.0,0.0,0.0,0.0,0.0,0.0,0.0
2022-05-19 04:00:00,0.0,0.0,0.0,0.0,0.0,0.0,0.0
2022-05-19 08:00:00,0.0,0.0,0.0,0.0,0.0,0.0,0.0
2022-05-19 12:00:00,0.0,0.0,0.0,0.0,0.0,0.0,0.0
2022-05-19 16:00:00,0.0,0.0,0.0,0.0,0.0,0.0,0.0
2022-05-19 20:00:00,0.0,0.0,0.0,0.0,0.0,0.0,0.0
2022-05-20 00:00:00,0.0,0.0,0.0,0.0,0.0,0.0,0.0
2022-05-20 04:00:00,0.0,0.0,0.0,0.0,0.0,0.0,0.0
2022-05-20 08:00:00,0.0,0.0,0.0,0.0,0.0,0.0,0.0
2022-05-20 12:00:00,0.0,0.0,0.0,0.0,0.0,0.0,0.0
2022-05-20 16:00:00,0.0,0.0,0.0,0.0,0.0,0.0,0.0
2022-05-20 20:00:00,0.0,0.0,0.0,0.0,0.0,0.0,0.0
2022-05-21 00:00:00,0.0,0.0,0.0,0.0,0.0,0.0,0.0
2022-05-21 04:00:00,0.0,0.0,0.0,0.0,0.0,0.0,0.0
2022-05-21 08:00:00,0.0,0.0,0.0,0.0,0.0,0.0,0.0
2022-05-21 12:00:00,0.0,0.0,0.0,0.0,0.0,0.0,0.0
2022-05-21 16:00:00,0.0,0.0,0.0,0.0,0.0,0.0,0.0
2022-05-21 20:00:00,0.0,0.0,0.0,0.0,0.0,0.0,0.0
2022-05-22 00:00:00,0.0,0.0,0.0,0.0,0.0,0.0,0.0
2022-05-22 04:00:00,0.0,0.0,0.0,0.0,0.0,0.0,0.0
2022-05-22 08:00:00,0.0,0.0,0.0,0.0,0.0,0.0,0.0
2022-05-22 12:00:00,0.0,0.0,0.0,0.0,0.0,0.0,0.0
2022-05-22 16:00:00,0.0,0.0,0.0,0.0,0.0,0.0,0.0
2022-05-22 20:00:00,0.0,0.0,0.0,0.0,0.0,0.0,0.0
2022-05-23 00:00:00,0.0,0.0,0.0,0.0,0.0,0.0,0.0
2022-05-23 04:00:00,0.0,0.0,0.0,0.0,0.0,0.0,0.0
2022-05-23 08:00:00,0.0,0.0,0.23637236084453,0.0,0.0,0.0,0.0
2022-05-23 12:00:00,0.0,0.0,0.23637236084453,0.0,0.0,0.0,0.0
2022-05-23 16:00:00,0.0,0.0,0.23637236084453,0.0,0.0,0.0,0.0
2022-05-23 20:00:00,0.0,0.0,0.23637236084453,0.0,0.0,0.0,0.0
2022-05-24 00:00:00,0.0,0.0,0.0,0.0,0.0,0.0,0.0
2022-05-24 04:00:00,0.0,0.0,0.0,0.0,0.0,0.0,0.0
2022-05-24 08:00:00,0.0,0.0,0.0,0.0,0.0,0.0,0.0
2022-05-24 12:00:00,0.0,0.0,0.0,0.0,0.0,0.0,0.0
2022-05-24 16:00:00,0.0,0.0,0.0,0.0,0.0,0.0,0.0
2022-05-24 20:00:00,0.0,0.0,0.0,0.0,0.0,0.0,0.0
2022-05-25 00:00:00,0.0,0.0,0.0,0.0,0.0,0.0,0.0
2022-05-25 04:00:00,0.0,0.0,0.0,0.0,0.0,0.0,0.0
2022-05-25 08:00:00,0.0,0.0,0.0,0.0,0.0,0.0,0.0
2022-05-25 12:00:00,0.0,0.0,0.0,0.0,0.0,0.0,0.0
2022-05-25 16:00:00,0.0,0.0,0.0,0.0,0.0,0.0,0.0
2022-05-25 20:00:00,0.0,0.0,0.0,0.0,0.0,0.0,0.0
2022-05-26 00:00:00,0.0,0.0,0.0,0.0,0.0,0.0,0.0
2022-05-26 04:00:00,0.0,0.0,0.0,0.0,0.0,0.0,0.0
2022-05-26 08:00:00,0.0,0.0,0.0,0.0,0.0,0.0,0.0
2022-05-26 12:00:00,0.0,0.0,0.0,0.0,0.0,0.0,0.0
2022-05-26 16:00:00,0.0,0.0,0.0,0.0,0.0,0.0,0.0
2022-05-26 20:00:00,0.0,0.0,0.0,0.0,0.0,0.0,0.0
2022-05-27 00:00:00,0.0,0.0,0.0,0.0,0.0,0.0,0.0
2022-05-27 04:00:00,0.0,0.0,0.0,0.0,0.0,0.0,0.0
2022-05-27 08:00:00,0.0,0.0,0.0,0.0,0.0,0.0,0.0
2022-05-27 12:00:00,0.0,0.0,0.0,0.0,0.0,0.0,0.0
2022-05-27 16:00:00,0.0,0.0,0.0,0.0,0.0,0.0,0.0
2022-05-27 20:00:00,0.0,0.0,0.0,0.0,0.0,0.0,0.0
2022-05-28 00:00:00,0.0,0.0,0.0,0.0,0.0,0.0,0.0
2022-05-28 04:00:00,0.0,0.0,0.0,0.0,0.0,0.0,0.0
2022-05-28 08:00:00,0.0,0.0,0.0,0.0,0.0,0.0,0.0
2022-05-28 12:00:00,0.0,0.0,0.0,0.0,0.0,0.0,0.0
2022-05-28 16:00:00,0.0,0.0,0.0,0.0,0.0,0.0,0.0
2022-05-28 20:00:00,0.0,0.0,0.0,0.0,0.0,0.0,0.0
2022-05-29 00:00:00,0.0,0.0,0.0,0.0,0.0,0.0,0.0
2022-05-29 04:00:00,0.0,0.0,0.0,0.0,0.0,0.0,0.0
2022-05-29 08:00:00,0.0,0.0,0.0,0.0,0.0,0.0,0.0
2022-05-29 12:00:00,0.0,0.0,0.0,0.0,0.0,0.0,0.0
2022-05-29 16:00:00,0.0,0.0,0.0,0.0,0.0,0.0,0.0
2022-05-29 20:00:00,0.0,0.0,0.0,0.0,0.0,0.0,0.0
2022-05-30 00:00:00,0.0,0.0,0.0,0.0,0.0,0.0,0.0
2022-05-30 04:00:00,0.0,0.0,0.0,0.0,0.0,0.0,0.0
2022-05-30 08:00:00,0.0,0.0,0.0,0.0,0.0,0.0,0.0
2022-05-30 12:00:00,0.0,0.0,0.0,0.0,0.0,0.0,0.0
2022-05-30 16:00:00,0.0,0.0,0.0,0.0,0.0,0.0,0.0
2022-05-30 20:00:00,0.0,0.0,0.0,0.0,0.0,0.0,0.0
2022-05-31 00:00:00,0.16804954777821482,0.0,0.0,0.3000607038622279,0.0,0.0,0.0
2022-05-31 04:00:00,0.16804954777821482,0.0,0.0,0.3000607038622279,0.0,0.0,0.0
2022-05-31 08:00:00,0.0,0.0,0.0,0.3000607038622279,0.0,0.0,0.0
2022-05-31 12:00:00,0.0,0.0,0.0,0.3000607038622279,0.0,0.0,0.0
2022-05-31 16:00:00,0.0,0.0,0.0,0.3000607038622279,0.0,0.0,0.0
2022-05-31 20:00:00,0.0,0.0,0.0,0.3000607038622279,0.0,0.0,0.0
2022-06-01 00:00:00,0.0,0.0,0.0,0.3000607038622279,0.0,0.0,0.0
2022-06-01 04:00:00,0.0,0.0,0.0,0.3000607038622279,0.0,0.0,0.0
2022-06-01 08:00:00,0.0,0.0,0.0,0.3000607038622279,0.0,0.0,0.0
2022-06-01 12:00:00,0.0,0.0,0.0,0.3000607038622279,0.0,0.0,0.0
2022-06-01 16:00:00,0.0,0.0,0.0,0.0,0.0,0.0,0.0
2022-06-01 20:00:00,0.0,0.0,0.0,0.0,0.0,0.0,0.0
2022-06-02 00:00:00,0.0,0.0,0.0,0.0,0.0,0.0,0.0
2022-06-02 04:00:00,0.0,0.0,0.0,0.0,0.0,0.0,0.0
2022-06-02 08:00:00,0.0,0.0,0.0,0.0,0.0,0.0,0.0
2022-06-02 12:00:00,0.0,0.0,0.0,0.0,0.0,0.0,0.0
2022-06-02 16:00:00,0.0,0.0,0.0,0.0,0.0,0.0,0.0
2022-06-02 20:00:00,0.0,0.0,0.0,0.0,0.0,0.0,0.0
2022-06-03 00:00:00,0.0,0.0,0.0,0.0,0.0,0.0,0.0
2022-06-03 04:00:00,0.0,0.0,0.0,0.0,0.0,0.0,0.0
2022-06-03 08:00:00,0.0,0.0,0.0,0.0,0.0,0.0,0.0
2022-06-03 12:00:00,0.0,0.0,0.0,0.0,0.0,0.0,0.0
2022-06-03 16:00:00,0.0,0.0,0.0,0.0,0.0,0.0,0.0
2022-06-03 20:00:00,0.0,0.0,0.0,0.0,0.0,0.0,0.0
2022-06-04 00:00:00,0.0,0.0,0.0,0.0,0.0,0.0,0.0
2022-06-04 04:00:00,0.0,0.0,0.0,0.0,0.0,0.0,0.0
2022-06-04 08:00:00,0.0,0.0,0.0,0.0,0.0,0.0,0.0
2022-06-04 12:00:00,0.0,0.0,0.0,0.0,0.0,0.0,0.0
2022-06-04 16:00:00,0.0,0.0,0.0,0.0,0.0,0.0,0.0
2022-06-04 20:00:00,0.0,0.0,0.0,0.0,0.0,0.0,0.0
2022-06-05 00:00:00,0.0,0.0,0.0,0.0,0.0,0.0,0.0
2022-06-05 04:00:00,0.0,0.0,0.0,0.0,0.0,0.0,0.0
2022-06-05 08:00:00,0.0,0.0,0.0,0.0,0.0,0.0,0.0
2022-06-05 12:00:00,0.0,0.0,0.0,0.0,0.0,0.0,0.0
2022-06-05 16:00:00,0.0,0.0,0.0,0.0,0.0,0.0,0.0
2022-06-05 20:00:00,0.0,0.0,0.0,0.0,0.0,0.0,0.0
2022-06-06 00:00:00,0.0,0.0,0.0,0.0,0.0,0.0,0.0
2022-06-06 04:00:00,0.0,0.0,0.0,0.0,0.0,0.0,0.0
2022-06-06 08:00:00,0.0,0.0,0.0,0.0,0.0,0.0,0.0
2022-06-06 12:00:00,0.0,0.0,0.0,0.0,0.0,0.0,0.0
2022-06-06 16:00:00,0.0,0.0,0.0,0.0,0.0,0.0,0.0
2022-06-06 20:00:00,0.0,0.0,0.0,0.0,0.0,0.0,0.0
2022-06-07 00:00:00,0.0,0.0,0.0,0.0,0.0,0.0,0.0
2022-06-07 04:00:00,0.0,0.0,0.0,0.0,0.0,0.0,0.0
2022-06-07 08:00:00,0.0,0.0,0.0,0.0,0.0,0.0,0.0
2022-06-07 12:00:00,0.0,0.0,0.0,0.0,0.0,0.0,0.0
2022-06-07 16:00:00,0.0,0.0,0.0,0.0,0.0,0.0,0.0
2022-06-07 20:00:00,0.0,0.0,0.0,0.0,0.0,0.0,0.0
2022-06-08 00:00:00,0.0,0.0,0.0,0.0,0.0,0.0,0.0
2022-06-08 04:00:00,0.0,0.0,0.0,0.0,0.0,0.0,0.0
2022-06-08 08:00:00,0.0,0.0,0.0,0.0,0.0,0.0,0.0
2022-06-08 12:00:00,0.0,0.0,0.0,0.0,0.0,0.0,0.0
2022-06-08 16:00:00,0.0,0.0,0.0,0.0,0.0,0.0,0.0
2022-06-08 20:00:00,0.0,0.0,0.0,0.0,0.0,0.0,0.0
2022-06-09 00:00:00,0.0,0.0,0.0,0.0,0.0,0.0,0.0
2022-06-09 04:00:00,0.0,0.0,0.0,0.0,0.0,0.0,0.0
2022-06-09 08:00:00,0.0,0.0,0.0,0.0,0.0,0.0,0.0
2022-06-09 12:00:00,0.0,0.0,0.0,0.0,0.0,0.0,0.0
2022-06-09 16:00:00,0.0,0.0,0.0,0.0,0.0,0.0,0.0
2022-06-09 20:00:00,0.0,0.0,0.0,0.0,0.0,0.0,0.0
2022-06-10 00:00:00,0.0,0.0,0.0,0.0,0.0,0.0,0.0
2022-06-10 04:00:00,0.0,0.0,0.0,0.0,0.0,0.0,0.0
2022-06-10 08:00:00,0.0,0.0,0.0,0.0,0.0,0.0,0.0
2022-06-10 12:00:00,0.0,0.0,0.0,0.0,0.0,0.0,0.0
2022-06-10 16:00:00,0.0,0.0,0.0,0.0,0.0,0.0,0.0
2022-06-10 20:00:00,0.0,0.0,0.0,0.0,0.0,0.0,0.0
2022-06-11 00:00:00,0.0,0.0,0.0,0.0,0.0,0.0,0.0
2022-06-11 04:00:00,0.0,0.0,0.0,0.0,0.0,0.0,0.0
2022-06-11 08:00:00,0.0,0.0,0.0,0.0,0.0,0.0,0.0
2022-06-11 12:00:00,0.0,0.0,0.0,0.0,0.0,0.0,0.0
2022-06-11 16:00:00,0.0,0.0,0.0,0.0,0.0,0.0,0.0
2022-06-11 20:00:00,0.0,0.0,0.0,0.0,0.0,0.0,0.0
2022-06-12 00:00:00,0.0,0.0,0.0,0.0,0.0,0.0,0.0
2022-06-12 04:00:00,0.0,0.0,0.0,0.0,0.0,0.0,0.0
2022-06-12 08:00:00,0.0,0.0,0.0,0.0,0.0,0.0,0.0
2022-06-12 12:00:00,0.0,0.0,0.0,0.0,0.0,0.0,0.0
2022-06-12 16:00:00,0.0,0.0,0.0,0.0,0.0,0.0,0.0
2022-06-12 20:00:00,0.0,0.0,0.0,0.0,0.0,0.0,0.0
2022-06-13 00:00:00,0.0,0.0,0.0,0.0,0.0,0.0,0.0
2022-06-13 04:00:00,0.0,0.0,0.0,0.0,0.0,0.0,0.0
2022-06-13 08:00:00,0.0,0.0,0.0,0.0,0.0,0.0,0.0
2022-06-13 12:00:00,0.0,0.0,0.0,0.0,0.0,0.0,0.0
2022-06-13 16:00:00,0.0,0.0,0.0,0.0,0.0,0.0,0.0
2022-06-13 20:00:00,0.0,0.0,0.0,0.0,0.0,0.0,0.0
2022-06-14 00:00:00,0.0,0.0,0.0,0.0,0.0,0.0,0.0
2022-06-14 04:00:00,0.0,0.0,0.0,0.0,0.0,0.0,0.0
2022-06-14 08:00:00,0.0,0.0,0.0,0.0,0.0,0.0,0.0
2022-06-14 12:00:00,0.0,0.0,0.0,0.0,0.0,0.0,0.0
2022-06-14 16:00:00,0.0,0.0,0.0,0.0,0.0,0.0,0.0
2022-06-14 20:00:00,0.0,0.0,0.0,0.0,0.0,0.0,0.0
2022-06-15 00:00:00,0.0,0.0,0.0,0.0,0.0,0.0,0.0
2022-06-15 04:00:00,0.0,0.0,0.0,0.0,0.0,0.0,0.0
2022-06-15 08:00:00,0.0,0.0,0.0,0.0,0.0,0.0,0.0
2022-06-15 12:00:00,0.0,0.0,0.0,0.0,0.0,0.0,0.0
2022-06-15 16:00:00,0.0,0.0,0.0,0.0,0.0,0.0,0.0
2022-06-15 20:00:00,0.0,0.0,0.0,0.0,0.0,0.0,0.0
2022-06-16 00:00:00,0.0,0.0,0.0,0.0,0.0,0.0,0.0
2022-06-16 04:00:00,0.0,0.0,0.0,0.0,0.0,0.0,0.0
2022-06-16 08:00:00,0.0,0.0,0.0,0.0,0.0,0.0,0.0
2022-06-16 12:00:00,0.0,0.0,0.0,0.0,0.0,0.0,0.0
2022-06-16 16:00:00,0.0,0.0,0.0,0.0,0.0,0.0,0.0
2022-06-16 20:00:00,0.0,0.0,0.0,0.0,0.0,0.0,0.0
2022-06-17 00:00:00,0.0,0.0,0.0,0.0,0.0,0.0,0.0
2022-06-17 04:00:00,0.0,0.0,0.0,0.0,0.0,0.0,0.0
2022-06-17 08:00:00,0.0,0.0,0.0,0.0,0.0,0.0,0.0
2022-06-17 12:00:00,0.0,0.0,0.0,0.0,0.0,0.0,0.0
2022-06-17 16:00:00,0.0,0.0,0.0,0.0,0.0,0.0,0.0
2022-06-17 20:00:00,0.0,0.0,0.0,0.0,0.0,0.0,0.0
2022-06-18 00:00:00,0.0,0.0,0.0,0.0,0.0,0.0,0.0
2022-06-18 04:00:00,0.0,0.0,0.0,0.0,0.0,0.0,0.0
2022-06-18 08:00:00,0.0,0.0,0.0,0.0,0.0,0.0,0.0
2022-06-18 12:00:00,0.0,0.0,0.0,0.0,0.0,0.0,0.0
2022-06-18 16:00:00,0.0,0.0,0.0,0.0,0.0,0.0,0.0
2022-06-18 20:00:00,0.0,0.0,0.0,0.0,0.0,0.0,0.0
2022-06-19 00:00:00,0.0,0.0,0.0,0.0,0.0,0.0,0.0
2022-06-19 04:00:00,0.0,0.0,0.0,0.0,0.0,0.0,0.0
2022-06-19 08:00:00,0.0,0.0,0.0,0.0,0.0,0.0,0.0
2022-06-19 12:00:00,0.0,0.0,0.0,0.0,0.0,0.0,0.0
2022-06-19 16:00:00,0.0,0.0,0.0,0.0,0.0,0.0,0.0
2022-06-19 20:00:00,0.0,0.0,0.0,0.0,0.0,0.0,0.0
2022-06-20 00:00:00,0.0,0.0,0.0,0.0,0.0,0.0,0.0
2022-06-20 04:00:00,0.0,0.0,0.0,0.0,0.0,0.0,0.0
2022-06-20 08:00:00,0.0,0.0,0.0,0.0,0.0,0.0,0.0
2022-06-20 12:00:00,0.0,0.0,0.0,0.0,0.0,0.0,0.0
2022-06-20 16:00:00,0.0,0.0,0.0,0.0,0.0,0.0,0.0
2022-06-20 20:00:00,0.0,0.0,0.0,0.0,0.0,0.0,0.0
2022-06-21 00:00:00,0.0,0.0,0.0,0.0,0.0,0.0,0.0
2022-06-21 04:00:00,0.0,0.0,0.0,0.0,0.0,0.0,0.0
2022-06-21 08:00:00,0.0,0.0,0.0,0.0,0.0,0.0,0.0
2022-06-21 12:00:00,0.0,0.0,0.0,0.0,0.0,0.0,0.0
2022-06-21 16:00:00,0.0,0.0,0.0,0.0,0.0,0.0,0.0
2022-06-21 20:00:00,0.0,0.0,0.0,0.0,0.0,0.0,0.0
2022-06-22 00:00:00,0.0,0.0,0.0,0.0,0.0,0.0,0.0
2022-06-22 04:00:00,0.0,0.0,0.0,0.0,0.0,0.0,0.0
2022-06-22 08:00:00,0.0,0.0,0.0,0.0,0.0,0.0,0.0
2022-06-22 12:00:00,0.0,0.0,0.0,0.0,0.0,0.0,0.0
2022-06-22 16:00:00,0.0,0.0,0.0,0.0,0.0,0.0,0.0
2022-06-22 20:00:00,0.0,0.0,0.0,0.0,0.0,0.0,0.0
2022-06-23 00:00:00,0.0,0.0,0.0,0.0,0.0,0.0,0.0
2022-06-23 04:00:00,0.0,0.0,0.0,0.0,0.0,0.0,0.0
2022-06-23 08:00:00,0.0,0.0,0.0,0.0,0.0,0.0,0.0
2022-06-23 12:00:00,0.0,0.0,0.0,0.0,0.0,0.0,0.0
2022-06-23 16:00:00,0.0,0.0,0.0,0.0,0.0,0.0,0.0
2022-06-23 20:00:00,0.0,0.0,0.0,0.0,0.0,0.0,0.0
2022-06-24 00:00:00,0.0,0.0,0.0,0.0,0.0,0.0,0.0
2022-06-24 04:00:00,0.0,0.10512912482065989,0.0,0.0,0.0,0.0,0.19367755532139097
2022-06-24 08:00:00,0.0,0.10512912482065989,0.0,0.0,0.0,0.0,0.19367755532139097
2022-06-24 12:00:00,0.0,0.10512912482065989,0.0,0.0,0.0,0.0994404213298223,0.19367755532139097
2022-06-24 16:00:00,0.0,0.10512912482065989,0.0,0.0,0.0,0.0994404213298223,0.19367755532139097
2022-06-24 20:00:00,0.0,0.10512912482065989,0.0,0.0,0.0,0.0994404213298223,0.0
2022-06-25 00:00:00,0.0,0.10512912482065989,0.0,0.0,0.0,0.0994404213298223,0.0
2022-06-25 04:00:00,0.0,0.10512912482065989,0.0,0.0,0.0,0.0994404213298223,0.0
2022-06-25 08:00:00,0.0,0.10512912482065989,0.0,0.0,0.0,0.0994404213298223,0.0
2022-06-25 12:00:00,0.0,0.10512912482065989,0.0,0.0,0.0,0.0994404213298223,0.0
2022-06-25 16:00:00,0.0,0.10512912482065989,0.0,0.0,0.0,0.0994404213298223,0.0
2022-06-25 20:00:00,0.0,0.10512912482065989,0.0,0.0,0.0,0.0994404213298223,0.0
2022-06-26 00:00:00,0.0,0.10512912482065989,0.0,0.0,0.0,0.0994404213298223,0.0
2022-06-26 04:00:00,0.0,0.10512912482065989,0.0,0.0,0.0,0.0994404213298223,0.0
2022-06-26 08:00:00,0.0,0.10512912482065989,0.0,0.0,0.0,0.0994404213298223,0.0
2022-06-26 12:00:00,0.0,0.10512912482065989,0.19286846275752767,0.0,0.0,0.0994404213298223,0.0
2022-06-26 16:00:00,0.0,0.10512912482065989,0.19286846275752767,0.0,0.0,0.0994404213298223,0.0
2022-06-26 20:00:00,0.0,0.10512912482065989,0.19286846275752767,0.0,0.0,0.0994404213298223,0.0
2022-06-27 00:00:00,0.0,0.10512912482065989,0.19286846275752767,0.0,0.0,0.0994404213298223,0.0
2022-06-27 04:00:00,0.0,0.10512912482065989,0.19286846275752767,0.0,0.0,0.0994404213298223,0.0
2022-06-27 08:00:00,0.0,0.10512912482065989,0.19286846275752767,0.0,0.0,0.0994404213298223,0.0
2022-06-27 12:00:00,0.0,0.10512912482065989,0.19286846275752767,0.0,0.0,0.0994404213298223,0.0
2022-06-27 16:00:00,0.0,0.10512912482065989,0.0,0.0,0.0,0.0,0.0
2022-06-27 20:00:00,0.0,0.0,0.0,0.0,0.0,0.0,0.0
2022-06-28 00:00:00,0.0,0.0,0.0,0.0,0.0,0.0,0.0
2022-06-28 04:00:00,0.0,0.0,0.0,0.0,0.0,0.0,0.0
2022-06-28 08:00:00,0.0,0.0,0.0,0.0,0.0,0.0,0.0
2022-06-28 12:00:00,0.0,0.0,0.0,0.0,0.0,0.0,0.0
2022-06-28 16:00:00,0.0,0.0,0.0,0.0,0.0,0.0,0.0
2022-06-28 20:00:00,0.0,0.0,0.0,0.0,0.0,0.0,0.0
2022-06-29 00:00:00,0.0,0.0,0.0,0.0,0.0,0.0,0.0
2022-06-29 04:00:00,0.0,0.0,0.0,0.0,0.0,0.0,0.0
2022-06-29 08:00:00,0.0,0.0,0.0,0.0,0.0,0.0,0.0
2022-06-29 12:00:00,0.0,0.0,0.0,0.0,0.0,0.0,0.0
2022-06-29 16:00:00,0.0,0.0,0.0,0.0,0.0,0.0,0.0
2022-06-29 20:00:00,0.0,0.0,0.0,0.0,0.0,0.0,0.0
2022-06-30 00:00:00,0.0,0.0,0.0,0.0,0.0,0.0,0.0
2022-06-30 04:00:00,0.0,0.0,0.0,0.0,0.0,0.0,0.0
2022-06-30 08:00:00,0.0,0.0,0.0,0.0,0.0,0.0,0.0
2022-06-30 12:00:00,0.0,0.0,0.0,0.0,0.0,0.0,0.0
2022-06-30 16:00:00,0.0,0.0,0.0,0.0,0.0,0.0,0.0
2022-06-30 20:00:00,0.0,0.0,0.0,0.0,0.0,0.0,0.0
2022-07-01 00:00:00,0.0,0.0,0.0,0.0,0.0,0.0,0.0
2022-07-01 04:00:00,0.0,0.0,0.0,0.0,0.0,0.0,0.0
2022-07-01 08:00:00,0.0,0.0,0.0,0.0,0.0,0.0,0.0
2022-07-01 12:00:00,0.0,0.0,0.0,0.0,0.0,0.0,0.0
2022-07-01 16:00:00,0.0,0.0,0.0,0.0,0.0,0.0,0.0
2022-07-01 20:00:00,0.0,0.0,0.0,0.0,0.0,0.0,0.0
2022-07-02 00:00:00,0.0,0.0,0.0,0.0,0.0,0.0,0.0
2022-07-02 04:00:00,0.0,0.0,0.0,0.0,0.0,0.0,0.0
2022-07-02 08:00:00,0.0,0.0,0.0,0.0,0.0,0.0,0.0
2022-07-02 12:00:00,0.0,0.0,0.0,0.0,0.0,0.0,0.0
2022-07-02 16:00:00,0.0,0.0,0.0,0.0,0.0,0.0,0.0
2022-07-02 20:00:00,0.0,0.0,0.0,0.0,0.0,0.0,0.0
2022-07-03 00:00:00,0.0,0.0,0.0,0.0,0.0,0.0,0.0
2022-07-03 04:00:00,0.0,0.0,0.0,0.0,0.0,0.0,0.0
2022-07-03 08:00:00,0.0,0.0,0.0,0.0,0.0,0.0,0.0
2022-07-03 12:00:00,0.0,0.0,0.0,0.0,0.0,0.0,0.0
2022-07-03 16:00:00,0.0,0.0,0.0,0.0,0.0,0.0,0.0
2022-07-03 20:00:00,0.0,0.0,0.0,0.0,0.0,0.0,0.0
2022-07-04 00:00:00,0.0,0.0,0.0,0.0,0.0,0.0,0.0
2022-07-04 04:00:00,0.0,0.0,0.0,0.0,0.0,0.0,0.0
2022-07-04 08:00:00,0.0,0.0,0.0,0.0,0.0,0.0,0.0
2022-07-04 12:00:00,0.0,0.0,0.0,0.0,0.0,0.0,0.0
2022-07-04 16:00:00,0.0,0.0,0.0,0.0,0.0,0.0,0.0
2022-07-04 20:00:00,0.0,0.0,0.0,0.0,0.0,0.0,0.0
2022-07-05 00:00:00,0.0,0.0,0.0,0.0,0.0,0.0,0.0
2022-07-05 04:00:00,0.0,0.0,0.0,0.0,0.0,0.0,0.0
2022-07-05 08:00:00,0.0,0.0,0.0,0.0,0.0,0.0,0.0
2022-07-05 12:00:00,0.0,0.0,0.0,0.0,0.0,0.0,0.0
2022-07-05 16:00:00,0.0,0.0,0.0,0.0,0.0,0.0,0.0
2022-07-05 20:00:00,0.0,0.0,0.0,0.0,0.0,0.0,0.0
2022-07-06 00:00:00,0.0,0.0,0.0,0.0,0.0,0.0,0.0
2022-07-06 04:00:00,0.0,0.0,0.0,0.0,0.0,0.0,0.0
2022-07-06 08:00:00,0.0,0.0,0.0,0.0,0.0,0.0,0.0
2022-07-06 12:00:00,0.0,0.0,0.0,0.0,0.0,0.0,0.0
2022-07-06 16:00:00,0.0,0.0,0.0,0.0,0.0,0.0,0.0
2022-07-06 20:00:00,0.0,0.0,0.0,0.0,0.0,0.0,0.0
2022-07-07 00:00:00,0.0,0.0,0.0,0.0,0.0,0.0,0.0
2022-07-07 04:00:00,0.0,0.0,0.0,0.0,0.0,0.0,0.0
2022-07-07 08:00:00,0.0,0.0,0.0,0.0,0.0,0.0,0.0
2022-07-07 12:00:00,0.0,0.0,0.0,0.0,0.0,0.0,0.0
2022-07-07 16:00:00,0.0,0.0,0.0,0.0,0.0,0.0,0.0
2022-07-07 20:00:00,0.0,0.0,0.26514161220043553,0.24621597276466647,0.18561122184868917,0.0,0.0
2022-07-08 00:00:00,0.0,0.0,0.26514161220043553,0.24621597276466647,0.18561122184868917,0.0,0.0
2022-07-08 04:00:00,0.0,0.1533267619517002,0.26514161220043553,0.24621597276466647,0.18561122184868917,0.0,0.0
2022-07-08 08:00:00,0.0,0.1533267619517002,0.26514161220043553,0.24621597276466647,0.18561122184868917,0.0,0.0
2022-07-08 12:00:00,0.0,0.1533267619517002,0.26514161220043553,0.24621597276466647,0.18561122184868917,0.0,0.0
2022-07-08 16:00:00,0.0,0.1533267619517002,0.26514161220043553,0.24621597276466647,0.18561122184868917,0.0,0.0
2022-07-08 20:00:00,0.0,0.1533267619517002,0.26514161220043553,0.24621597276466647,0.18561122184868917,0.0,0.0
2022-07-09 00:00:00,0.0,0.1533267619517002,0.26514161220043553,0.24621597276466647,0.18561122184868917,0.0,0.0
2022-07-09 04:00:00,0.0,0.1533267619517002,0.26514161220043553,0.24621597276466647,0.18561122184868917,0.0,0.0
2022-07-09 08:00:00,0.0,0.1533267619517002,0.26514161220043553,0.24621597276466647,0.18561122184868917,0.0,0.0
2022-07-09 12:00:00,0.0,0.1533267619517002,0.26514161220043553,0.24621597276466647,0.18561122184868917,0.0,0.0
2022-07-09 16:00:00,0.0,0.1533267619517002,0.26514161220043553,0.24621597276466647,0.18561122184868917,0.0,0.0
2022-07-09 20:00:00,0.0,0.1533267619517002,0.26514161220043553,0.24621597276466647,0.18561122184868917,0.0,0.0
2022-07-10 00:00:00,0.0,0.1533267619517002,0.26514161220043553,0.24621597276466647,0.18561122184868917,0.0,0.0
2022-07-10 04:00:00,0.0,0.0,0.26514161220043553,0.0,0.0,0.0,0.0
2022-07-10 08:00:00,0.0,0.0,0.0,0.0,0.0,0.0,0.0
2022-07-10 12:00:00,0.0,0.0,0.0,0.0,0.0,0.0,0.0
2022-07-10 16:00:00,0.0,0.0,0.0,0.0,0.0,0.0,0.0
2022-07-10 20:00:00,0.0,0.0,0.0,0.0,0.0,0.0,0.0
2022-07-11 00:00:00,0.0,0.0,0.0,0.0,0.0,0.0,0.0
2022-07-11 04:00:00,0.0,0.0,0.0,0.0,0.0,0.0,0.0
2022-07-11 08:00:00,0.0,0.0,0.0,0.0,0.0,0.0,0.0
2022-07-11 12:00:00,0.0,0.0,0.0,0.0,0.0,0.0,0.0
2022-07-11 16:00:00,0.0,0.0,0.0,0.0,0.0,0.0,0.0
2022-07-11 20:00:00,0.0,0.0,0.0,0.0,0.0,0.0,0.0
2022-07-12 00:00:00,0.0,0.0,0.0,0.0,0.0,0.0,0.0
2022-07-12 04:00:00,0.0,0.0,0.0,0.0,0.0,0.0,0.0
2022-07-12 08:00:00,0.0,0.0,0.0,0.0,0.0,0.0,0.0
2022-07-12 12:00:00,0.0,0.0,0.0,0.0,0.0,0.0,0.0
2022-07-12 16:00:00,0.0,0.0,0.0,0.0,0.0,0.0,0.0
2022-07-12 20:00:00,0.0,0.0,0.0,0.0,0.0,0.0,0.0
2022-07-13 00:00:00,0.0,0.0,0.0,0.0,0.0,0.0,0.0
2022-07-13 04:00:00,0.0,0.0,0.0,0.0,0.0,0.0,0.0
2022-07-13 08:00:00,0.0,0.0,0.0,0.0,0.0,0.0,0.0
2022-07-13 12:00:00,0.0,0.0,0.0,0.0,0.0,0.0,0.0
2022-07-13 16:00:00,0.0,0.0,0.0,0.0,0.0,0.0,0.0
2022-07-13 20:00:00,0.0,0.0,0.0,0.0,0.0,0.0,0.0
2022-07-14 00:00:00,0.0,0.0,0.0,0.0,0.0,0.0,0.0
2022-07-14 04:00:00,0.0,0.0,0.0,0.0,0.0,0.0,0.0
2022-07-14 08:00:00,0.0,0.0,0.0,0.0,0.0,0.0,0.0
2022-07-14 12:00:00,0.0,0.0,0.0,0.0,0.0,0.0,0.0
2022-07-14 16:00:00,0.0,0.0,0.0,0.0,0.0,0.0,0.0
2022-07-14 20:00:00,0.0,0.0,0.0,0.0,0.0,0.0,0.0
2022-07-15 00:00:00,0.0,0.0,0.0,0.0,0.0,0.0,0.0
2022-07-15 04:00:00,0.0,0.0,0.0,0.0,0.0,0.0,0.0
2022-07-15 08:00:00,0.0,0.0,0.0,0.0,0.0,0.0,0.0
2022-07-15 12:00:00,0.0,0.0,0.0,0.0,0.0,0.0,0.0
2022-07-15 16:00:00,0.0,0.0,0.0,0.0,0.0,0.0,0.0
2022-07-15 20:00:00,0.0,0.0,0.0,0.0,0.0,0.0,0.0
2022-07-16 00:00:00,0.0,0.0,0.0,0.0,0.0,0.0,0.0
2022-07-16 04:00:00,0.0,0.0,0.0,0.0,0.0,0.0,0.0
2022-07-16 08:00:00,0.0,0.0,0.0,0.0,0.0,0.0,0.0
2022-07-16 12:00:00,0.0,0.0,0.0,0.0,0.0,0.0,0.0
2022-07-16 16:00:00,0.0,0.0,0.0,0.0,0.0,0.0,0.0
2022-07-16 20:00:00,0.0,0.0,0.25353982300884986,0.0,0.1573108709472346,0.0,0.0
2022-07-17 00:00:00,0.0,0.0,0.25353982300884986,0.0,0.1573108709472346,0.0,0.0
2022-07-17 04:00:00,0.0,0.0,0.25353982300884986,0.0,0.1573108709472346,0.0,0.0
2022-07-17 08:00:00,0.0,0.0,0.25353982300884986,0.0,0.1573108709472346,0.0,0.0
2022-07-17 12:00:00,0.0,0.0,0.25353982300884986,0.0,0.1573108709472346,0.0,0.0
2022-07-17 16:00:00,0.0,0.0,0.25353982300884986,0.0,0.1573108709472346,0.0,0.0
2022-07-17 20:00:00,0.0,0.0,0.25353982300884986,0.0,0.1573108709472346,0.0,0.0
2022-07-18 00:00:00,0.0,0.0,0.25353982300884986,0.0,0.1573108709472346,0.0,0.0
2022-07-18 04:00:00,0.0,0.0,0.25353982300884986,0.0,0.1573108709472346,0.0,0.0
2022-07-18 08:00:00,0.0,0.12335046360363694,0.22654124000107848,0.19789042215702204,0.1405593778015386,0.13962804644470173,0.17203044999202227
2022-07-18 12:00:00,0.14043790553879573,0.10602738284790271,0.19472626273716537,0.17009910574310175,0.12081951317925421,0.1200189760475341,0.1478708539062461
2022-07-18 16:00:00,0.14043790553879573,0.10602738284790271,0.19472626273716537,0.17009910574310175,0.12081951317925421,0.1200189760475341,0.1478708539062461
2022-07-18 20:00:00,0.0,0.0,0.25353982300884986,0.0,0.1573108709472346,0.1562685459940654,0.19253258189503367
2022-07-19 00:00:00,0.0,0.0,0.25353982300884986,0.0,0.0,0.0,0.19253258189503367
2022-07-19 04:00:00,0.0,0.0,0.25353982300884986,0.0,0.0,0.0,0.19253258189503367
2022-07-19 08:00:00,0.0,0.0,0.25353982300884986,0.0,0.0,0.0,0.19253258189503367
2022-07-19 12:00:00,0.0,0.0,0.25353982300884986,0.0,0.0,0.0,0.19253258189503367
2022-07-19 16:00:00,0.161043680088756,0.1173798476586111,0.23335088771170695,0.18241129064690315,0.0,0.12861274675456288,0.17720154713945988
2022-07-19 20:00:00,0.161043680088756,0.1173798476586111,0.23335088771170695,0.18241129064690315,0.0,0.12861274675456288,0.17720154713945988
2022-07-20 00:00:00,0.161043680088756,0.1173798476586111,0.23335088771170695,0.18241129064690315,0.0,0.12861274675456288,0.17720154713945988
2022-07-20 04:00:00,0.161043680088756,0.1173798476586111,0.23335088771170695,0.18241129064690315,0.0,0.12861274675456288,0.17720154713945988
2022-07-20 08:00:00,0.161043680088756,0.1173798476586111,0.23335088771170695,0.18241129064690315,0.0,0.12861274675456288,0.17720154713945988
2022-07-20 12:00:00,0.161043680088756,0.1173798476586111,0.23335088771170695,0.18241129064690315,0.0,0.12861274675456288,0.17720154713945988
2022-07-20 16:00:00,0.161043680088756,0.1173798476586111,0.23335088771170695,0.18241129064690315,0.0,0.12861274675456288,0.17720154713945988
2022-07-20 20:00:00,0.17497677659080357,0.12753525856279385,0.25353982300884986,0.19819305938346965,0.0,0.0,0.19253258189503367
2022-07-21 00:00:00,0.0,0.12753525856279385,0.0,0.0,0.0,0.0,0.0
2022-07-21 04:00:00,0.0,0.0,0.0,0.0,0.0,0.0,0.0
2022-07-21 08:00:00,0.0,0.0,0.0,0.0,0.0,0.0,0.0
2022-07-21 12:00:00,0.0,0.0,0.0,0.0,0.0,0.0,0.0
2022-07-21 16:00:00,0.0,0.0,0.0,0.0,0.0,0.0,0.0
2022-07-21 20:00:00,0.0,0.0,0.0,0.0,0.0,0.0,0.0
2022-07-22 00:00:00,0.0,0.0,0.0,0.0,0.0,0.0,0.0
2022-07-22 04:00:00,0.0,0.0,0.0,0.0,0.0,0.0,0.0
2022-07-22 08:00:00,0.0,0.0,0.0,0.0,0.0,0.0,0.0
2022-07-22 12:00:00,0.0,0.0,0.0,0.0,0.13006713326667615,0.0,0.0
2022-07-22 16:00:00,0.0,0.0,0.0,0.0,0.13006713326667615,0.0,0.0
2022-07-22 20:00:00,0.0,0.0,0.0,0.0,0.13006713326667615,0.0,0.0
2022-07-23 00:00:00,0.0,0.0,0.0,0.0,0.13006713326667615,0.0,0.0
2022-07-23 04:00:00,0.0,0.0,0.0,0.0,0.13006713326667615,0.0,0.0
2022-07-23 08:00:00,0.0,0.0,0.0,0.0,0.13006713326667615,0.0,0.0
2022-07-23 12:00:00,0.0,0.0,0.0,0.0,0.13006713326667615,0.0,0.0
2022-07-23 16:00:00,0.0,0.0,0.0,0.0,0.0,0.0,0.0
2022-07-23 20:00:00,0.0,0.0,0.0,0.0,0.0,0.0,0.0
2022-07-24 00:00:00,0.0,0.0,0.0,0.0,0.0,0.0,0.0
2022-07-24 04:00:00,0.0,0.0,0.0,0.0,0.0,0.0,0.0
2022-07-24 08:00:00,0.0,0.0,0.0,0.0,0.0,0.0,0.0
2022-07-24 12:00:00,0.0,0.0,0.0,0.0,0.0,0.0,0.0
2022-07-24 16:00:00,0.0,0.0,0.0,0.0,0.0,0.0,0.0
2022-07-24 20:00:00,0.0,0.0,0.0,0.0,0.0,0.0,0.0
2022-07-25 00:00:00,0.0,0.0,0.0,0.0,0.0,0.0,0.0
2022-07-25 04:00:00,0.0,0.0,0.0,0.0,0.0,0.0,0.0
2022-07-25 08:00:00,0.0,0.0,0.0,0.0,0.0,0.0,0.0
2022-07-25 12:00:00,0.0,0.0,0.0,0.0,0.0,0.0,0.0
2022-07-25 16:00:00,0.0,0.0,0.0,0.0,0.0,0.0,0.0
2022-07-25 20:00:00,0.0,0.0,0.0,0.0,0.0,0.0,0.0
2022-07-26 00:00:00,0.0,0.0,0.0,0.0,0.0,0.0,0.0
2022-07-26 04:00:00,0.0,0.0,0.0,0.0,0.0,0.0,0.0
2022-07-26 08:00:00,0.0,0.0,0.0,0.0,0.0,0.0,0.0
2022-07-26 12:00:00,0.0,0.0,0.0,0.0,0.0,0.0,0.0
2022-07-26 16:00:00,0.0,0.0,0.0,0.0,0.0,0.0,0.0
2022-07-26 20:00:00,0.0,0.0,0.0,0.0,0.0,0.0,0.0
2022-07-27 00:00:00,0.0,0.0,0.0,0.0,0.0,0.0,0.0
2022-07-27 04:00:00,0.0,0.0,0.0,0.0,0.0,0.0,0.0
2022-07-27 08:00:00,0.0,0.0,0.0,0.0,0.0,0.0,0.0
2022-07-27 12:00:00,0.0,0.0,0.0,0.0,0.0,0.0,0.0
2022-07-27 16:00:00,0.0,0.0,0.0,0.0,0.0,0.0,0.0
2022-07-27 20:00:00,0.0,0.0,0.0,0.0,0.0,0.0,0.0
2022-07-28 00:00:00,0.0,0.0,0.0,0.0,0.0,0.0,0.0
2022-07-28 04:00:00,0.0,0.0,0.0,0.0,0.0,0.0,0.0
2022-07-28 08:00:00,0.0,0.0,0.0,0.0,0.0,0.0,0.0
2022-07-28 12:00:00,0.0,0.0,0.0,0.0,0.0,0.0,0.0
2022-07-28 16:00:00,0.0,0.0,0.24268578115857262,0.0,0.1442590521342837,0.0,0.0
2022-07-28 20:00:00,0.0,0.0,0.24268578115857262,0.0,0.1442590521342837,0.0,0.0
2022-07-29 00:00:00,0.0,0.0,0.24268578115857262,0.0,0.1442590521342837,0.0,0.0
2022-07-29 04:00:00,0.0,0.0,0.24268578115857262,0.0,0.1442590521342837,0.0,0.0
2022-07-29 08:00:00,0.0,0.0,0.24268578115857262,0.0,0.1442590521342837,0.0,0.0
2022-07-29 12:00:00,0.0,0.0,0.24268578115857262,0.0,0.1442590521342837,0.0,0.0
2022-07-29 16:00:00,0.0,0.0,0.0,0.0,0.1442590521342837,0.0,0.0
2022-07-29 20:00:00,0.0,0.0,0.0,0.0,0.1442590521342837,0.0,0.0
2022-07-30 00:00:00,0.0,0.0,0.0,0.0,0.1442590521342837,0.0,0.0
2022-07-30 04:00:00,0.0,0.0,0.0,0.0,0.1442590521342837,0.0,0.0
2022-07-30 08:00:00,0.0,0.0,0.0,0.0,0.1442590521342837,0.0,0.0
2022-07-30 12:00:00,0.0,0.0,0.0,0.0,0.1442590521342837,0.0,0.0
2022-07-30 16:00:00,0.16661923155112823,0.0,0.0,0.23260164960732213,0.1442590521342837,0.0,0.20074999999999985
2022-07-30 20:00:00,0.16661923155112823,0.0,0.0,0.23260164960732213,0.1442590521342837,0.0,0.20074999999999985
2022-07-31 00:00:00,0.16661923155112823,0.0,0.0,0.23260164960732213,0.1442590521342837,0.0,0.20074999999999985
2022-07-31 04:00:00,0.16661923155112823,0.0,0.0,0.23260164960732213,0.1442590521342837,0.0,0.20074999999999985
2022-07-31 08:00:00,0.16661923155112823,0.0,0.0,0.23260164960732213,0.1442590521342837,0.0,0.20074999999999985
2022-07-31 12:00:00,0.16661923155112823,0.0,0.0,0.23260164960732213,0.1442590521342837,0.0,0.20074999999999985
2022-07-31 16:00:00,0.16661923155112823,0.0,0.0,0.23260164960732213,0.1442590521342837,0.0,0.20074999999999985
2022-07-31 20:00:00,0.16661923155112823,0.0,0.0,0.0,0.1442590521342837,0.0,0.20074999999999985
2022-08-01 00:00:00,0.0,0.0,0.0,0.0,0.1442590521342837,0.0,0.0
2022-08-01 04:00:00,0.0,0.0,0.0,0.0,0.1442590521342837,0.0,0.0
2022-08-01 08:00:00,0.0,0.0,0.0,0.0,0.1442590521342837,0.0,0.0
2022-08-01 12:00:00,0.0,0.0,0.0,0.0,0.1442590521342837,0.0,0.0
2022-08-01 16:00:00,0.0,0.0,0.0,0.0,0.1442590521342837,0.0,0.0
2022-08-01 20:00:00,0.0,0.0,0.0,0.0,0.0,0.0,0.0
2022-08-02 00:00:00,0.0,0.0,0.0,0.0,0.0,0.0,0.0
2022-08-02 04:00:00,0.0,0.0,0.0,0.0,0.0,0.0,0.0
2022-08-02 08:00:00,0.0,0.0,0.0,0.0,0.0,0.0,0.0
2022-08-02 12:00:00,0.0,0.0,0.0,0.0,0.0,0.0,0.0
2022-08-02 16:00:00,0.0,0.0,0.0,0.0,0.0,0.0,0.0
2022-08-02 20:00:00,0.0,0.0,0.0,0.0,0.0,0.0,0.0
2022-08-03 00:00:00,0.0,0.0,0.0,0.0,0.0,0.0,0.0
2022-08-03 04:00:00,0.0,0.0,0.0,0.0,0.0,0.0,0.0
2022-08-03 08:00:00,0.0,0.0,0.0,0.0,0.0,0.0,0.0
2022-08-03 12:00:00,0.0,0.0,0.0,0.0,0.0,0.0,0.0
2022-08-03 16:00:00,0.0,0.0,0.0,0.0,0.0,0.0,0.0
2022-08-03 20:00:00,0.0,0.0,0.21055684454756368,0.0,0.0,0.0,0.0
2022-08-04 00:00:00,0.0,0.0,0.21055684454756368,0.0,0.0,0.0,0.0
2022-08-04 04:00:00,0.0,0.0,0.21055684454756368,0.0,0.0,0.0,0.0
2022-08-04 08:00:00,0.0,0.0,0.21055684454756368,0.0,0.0,0.0,0.0
2022-08-04 12:00:00,0.0,0.0,0.21055684454756368,0.0,0.0,0.0,0.0
2022-08-04 16:00:00,0.0,0.0,0.21055684454756368,0.0,0.0,0.0,0.0
2022-08-04 20:00:00,0.0,0.0,0.21055684454756368,0.0,0.0,0.0,0.0
2022-08-05 00:00:00,0.0,0.0,0.21055684454756368,0.0,0.0,0.0,0.0
2022-08-05 04:00:00,0.0,0.0,0.21055684454756368,0.0,0.0,0.0,0.0
2022-08-05 08:00:00,0.0,0.0,0.21055684454756368,0.0,0.0,0.0,0.0
2022-08-05 12:00:00,0.0,0.0,0.21055684454756368,0.0,0.0,0.0,0.0
2022-08-05 16:00:00,0.0,0.0,0.21055684454756368,0.0,0.0,0.0,0.0
2022-08-05 20:00:00,0.0,0.0,0.21055684454756368,0.0,0.0,0.0,0.0
2022-08-06 00:00:00,0.0,0.0,0.21055684454756368,0.0,0.0,0.0,0.0
2022-08-06 04:00:00,0.0,0.0,0.21055684454756368,0.0,0.0,0.0,0.0
2022-08-06 08:00:00,0.0,0.0,0.21055684454756368,0.0,0.0,0.0,0.0
2022-08-06 12:00:00,0.0,0.0,0.21055684454756368,0.0,0.0,0.0,0.0
2022-08-06 16:00:00,0.0,0.0,0.21055684454756368,0.0,0.0,0.0,0.0
2022-08-06 20:00:00,0.0,0.18420444033302508,0.21055684454756368,0.0,0.0,0.0,0.0
2022-08-07 00:00:00,0.0,0.18420444033302508,0.21055684454756368,0.0,0.0,0.0,0.0
2022-08-07 04:00:00,0.0,0.18420444033302508,0.21055684454756368,0.0,0.0,0.0,0.0
2022-08-07 08:00:00,0.0,0.18420444033302508,0.21055684454756368,0.0,0.0,0.0,0.0
2022-08-07 12:00:00,0.0,0.18420444033302508,0.21055684454756368,0.0,0.0,0.0,0.0
2022-08-07 16:00:00,0.0,0.0,0.21055684454756368,0.0,0.0,0.0,0.0
2022-08-07 20:00:00,0.0,0.0,0.21055684454756368,0.0,0.0,0.0,0.0
2022-08-08 00:00:00,0.0,0.0,0.21055684454756368,0.0,0.0,0.0,0.0
2022-08-08 04:00:00,0.0,0.0,0.21055684454756368,0.0,0.0,0.0,0.0
2022-08-08 08:00:00,0.0,0.0,0.21055684454756368,0.0,0.0,0.0,0.0
2022-08-08 12:00:00,0.0,0.19341421143847476,0.21055684454756368,0.0,0.24010869079035654,0.0,0.0
2022-08-08 16:00:00,0.0,0.19341421143847476,0.21055684454756368,0.0,0.24010869079035654,0.0,0.0
2022-08-08 20:00:00,0.0,0.19341421143847476,0.21055684454756368,0.0,0.24010869079035654,0.0,0.0
2022-08-09 00:00:00,0.0,0.0,0.21055684454756368,0.0,0.24010869079035654,0.0,0.0
2022-08-09 04:00:00,0.0,0.0,0.21055684454756368,0.0,0.24010869079035654,0.0,0.0
2022-08-09 08:00:00,0.0,0.0,0.21055684454756368,0.0,0.24010869079035654,0.0,0.0
2022-08-09 12:00:00,0.0,0.0,0.0,0.0,0.0,0.0,0.0
2022-08-09 16:00:00,0.0,0.0,0.0,0.0,0.0,0.0,0.0
2022-08-09 20:00:00,0.0,0.0,0.0,0.0,0.0,0.0,0.0
2022-08-10 00:00:00,0.0,0.0,0.0,0.0,0.0,0.0,0.0
2022-08-10 04:00:00,0.0,0.0,0.0,0.0,0.0,0.0,0.0
2022-08-10 08:00:00,0.0,0.0,0.0,0.0,0.0,0.0,0.0
2022-08-10 12:00:00,0.0,0.0,0.0,0.0,0.0,0.0,0.0
2022-08-10 16:00:00,0.0,0.0,0.0,0.0,0.2390295724568551,0.0,0.0
2022-08-10 20:00:00,0.0,0.0,0.0,0.0,0.2390295724568551,0.0,0.0
2022-08-11 00:00:00,0.0,0.0,0.0,0.0,0.2390295724568551,0.0,0.0
2022-08-11 04:00:00,0.0,0.0,0.0,0.35558943832248097,0.2390295724568551,0.2175049636002643,0.0
2022-08-11 08:00:00,0.0,0.0,0.0,0.35558943832248097,0.2390295724568551,0.2175049636002643,0.0
2022-08-11 12:00:00,0.0,0.0,0.0,0.35558943832248097,0.2390295724568551,0.2175049636002643,0.0
2022-08-11 16:00:00,0.0,0.0,0.0,0.35558943832248097,0.2390295724568551,0.2175049636002643,0.0
2022-08-11 20:00:00,0.0,0.0,0.0,0.35558943832248097,0.2390295724568551,0.2175049636002643,0.0
2022-08-12 00:00:00,0.0,0.0,0.0,0.35558943832248097,0.2390295724568551,0.0,0.0
2022-08-12 04:00:00,0.0,0.0,0.0,0.0,0.2390295724568551,0.0,0.0
2022-08-12 08:00:00,0.0,0.0,0.0,0.0,0.2390295724568551,0.0,0.0
2022-08-12 12:00:00,0.0,0.0,0.0,0.0,0.2390295724568551,0.0,0.0
2022-08-12 16:00:00,0.0,0.0,0.0,0.0,0.2390295724568551,0.0,0.0
2022-08-12 20:00:00,0.0,0.0,0.0,0.0,0.2390295724568551,0.0,0.0
2022-08-13 00:00:00,0.0,0.0,0.0,0.0,0.2390295724568551,0.18417926565874745,0.0
2022-08-13 04:00:00,0.0,0.0,0.0,0.0,0.2390295724568551,0.18417926565874745,0.0
2022-08-13 08:00:00,0.2586654309545871,0.0,0.0,0.0,0.2390295724568551,0.18417926565874745,0.0
2022-08-13 12:00:00,0.2586654309545871,0.0,0.0,0.0,0.2390295724568551,0.18417926565874745,0.0
2022-08-13 16:00:00,0.2586654309545871,0.0,0.0,0.0,0.2390295724568551,0.18417926565874745,0.0
2022-08-13 20:00:00,0.2586654309545871,0.0,0.0,0.0,0.2390295724568551,0.18417926565874745,0.0
2022-08-14 00:00:00,0.2586654309545871,0.0,0.0,0.0,0.2390295724568551,0.18417926565874745,0.0
2022-08-14 04:00:00,0.0,0.0,0.0,0.0,0.2390295724568551,0.18417926565874745,0.0
2022-08-14 08:00:00,0.0,0.0,0.0,0.0,0.2390295724568551,0.18417926565874745,0.0
2022-08-14 12:00:00,0.0,0.0,0.0,0.0,0.2390295724568551,0.18417926565874745,0.0
2022-08-14 16:00:00,0.0,0.0,0.0,0.0,0.2390295724568551,0.18417926565874745,0.0
2022-08-14 20:00:00,0.0,0.0,0.0,0.0,0.0,0.0,0.0
2022-08-15 00:00:00,0.0,0.0,0.0,0.0,0.0,0.0,0.0
2022-08-15 04:00:00,0.0,0.0,0.0,0.0,0.0,0.0,0.0
2022-08-15 08:00:00,0.0,0.0,0.0,0.0,0.0,0.0,0.0
2022-08-15 12:00:00,0.0,0.0,0.0,0.0,0.0,0.0,0.0
2022-08-15 16:00:00,0.0,0.0,0.0,0.0,0.0,0.0,0.0
2022-08-15 20:00:00,0.0,0.0,0.0,0.0,0.0,0.0,0.0
2022-08-16 00:00:00,0.0,0.0,0.0,0.0,0.0,0.0,0.0
2022-08-16 04:00:00,0.0,0.0,0.0,0.0,0.0,0.0,0.0
2022-08-16 08:00:00,0.0,0.0,0.0,0.0,0.0,0.0,0.0
2022-08-16 12:00:00,0.0,0.0,0.0,0.0,0.0,0.0,0.0
2022-08-16 16:00:00,0.0,0.0,0.0,0.0,0.0,0.0,0.0
2022-08-16 20:00:00,0.0,0.0,0.0,0.0,0.0,0.0,0.0
2022-08-17 00:00:00,0.0,0.0,0.0,0.0,0.0,0.0,0.0
2022-08-17 04:00:00,0.0,0.0,0.0,0.0,0.0,0.0,0.0
2022-08-17 08:00:00,0.0,0.0,0.0,0.0,0.0,0.0,0.0
2022-08-17 12:00:00,0.0,0.0,0.0,0.0,0.0,0.0,0.0
2022-08-17 16:00:00,0.0,0.0,0.0,0.0,0.0,0.0,0.0
2022-08-17 20:00:00,0.0,0.0,0.0,0.0,0.0,0.0,0.0
2022-08-18 00:00:00,0.0,0.0,0.0,0.0,0.0,0.0,0.0
2022-08-18 04:00:00,0.0,0.0,0.0,0.0,0.0,0.0,0.0
2022-08-18 08:00:00,0.0,0.0,0.0,0.0,0.0,0.0,0.0
2022-08-18 12:00:00,0.0,0.0,0.0,0.0,0.0,0.0,0.0
2022-08-18 16:00:00,0.0,0.0,0.0,0.0,0.0,0.0,0.0
2022-08-18 20:00:00,0.0,0.0,0.0,0.0,0.0,0.0,0.0
2022-08-19 00:00:00,0.0,0.0,0.0,0.0,0.0,0.0,0.0
2022-08-19 04:00:00,0.0,0.0,0.0,0.0,0.0,0.0,0.0
2022-08-19 08:00:00,0.0,0.0,0.0,0.0,0.0,0.0,0.0
2022-08-19 12:00:00,0.0,0.0,0.0,0.0,0.0,0.0,0.0
2022-08-19 16:00:00,0.0,0.0,0.0,0.0,0.0,0.0,0.0
2022-08-19 20:00:00,0.0,0.0,0.0,0.0,0.0,0.0,0.0
2022-08-20 00:00:00,0.0,0.0,0.0,0.0,0.0,0.0,0.0
2022-08-20 04:00:00,0.0,0.0,0.0,0.0,0.0,0.0,0.0
2022-08-20 08:00:00,0.0,0.0,0.0,0.0,0.0,0.0,0.0
2022-08-20 12:00:00,0.0,0.0,0.0,0.0,0.0,0.0,0.0
2022-08-20 16:00:00,0.0,0.0,0.0,0.0,0.0,0.0,0.0
2022-08-20 20:00:00,0.0,0.0,0.0,0.0,0.0,0.0,0.0
2022-08-21 00:00:00,0.0,0.0,0.0,0.0,0.0,0.0,0.0
2022-08-21 04:00:00,0.0,0.0,0.0,0.0,0.0,0.0,0.0
2022-08-21 08:00:00,0.0,0.0,0.0,0.0,0.0,0.0,0.0
2022-08-21 12:00:00,0.0,0.0,0.0,0.0,0.0,0.0,0.0
2022-08-21 16:00:00,0.0,0.0,0.0,0.0,0.0,0.0,0.0
2022-08-21 20:00:00,0.0,0.0,0.0,0.0,0.0,0.0,0.0
2022-08-22 00:00:00,0.0,0.0,0.0,0.0,0.0,0.0,0.0
2022-08-22 04:00:00,0.0,0.0,0.0,0.0,0.0,0.0,0.0
2022-08-22 08:00:00,0.0,0.0,0.0,0.0,0.0,0.0,0.0
2022-08-22 12:00:00,0.0,0.0,0.0,0.0,0.0,0.0,0.0
2022-08-22 16:00:00,0.0,0.0,0.0,0.0,0.0,0.0,0.0
2022-08-22 20:00:00,0.0,0.0,0.0,0.0,0.0,0.0,0.0
2022-08-23 00:00:00,0.0,0.0,0.0,0.0,0.0,0.0,0.0
2022-08-23 04:00:00,0.0,0.0,0.0,0.0,0.0,0.0,0.0
2022-08-23 08:00:00,0.0,0.0,0.0,0.0,0.0,0.0,0.0
2022-08-23 12:00:00,0.0,0.0,0.0,0.0,0.0,0.0,0.0
2022-08-23 16:00:00,0.0,0.0,0.0,0.0,0.0,0.0,0.0
2022-08-23 20:00:00,0.0,0.0,0.0,0.0,0.0,0.0,0.0
2022-08-24 00:00:00,0.0,0.0,0.0,0.0,0.0,0.0,0.0
2022-08-24 04:00:00,0.0,0.0,0.0,0.0,0.0,0.0,0.0
2022-08-24 08:00:00,0.0,0.0,0.0,0.0,0.0,0.0,0.0
2022-08-24 12:00:00,0.0,0.0,0.0,0.0,0.0,0.0,0.0
2022-08-24 16:00:00,0.0,0.0,0.0,0.0,0.0,0.0,0.0
2022-08-24 20:00:00,0.0,0.0,0.0,0.0,0.0,0.0,0.0
2022-08-25 00:00:00,0.0,0.0,0.0,0.0,0.0,0.0,0.0
2022-08-25 04:00:00,0.0,0.0,0.0,0.0,0.0,0.0,0.0
2022-08-25 08:00:00,0.0,0.0,0.0,0.0,0.0,0.0,0.0
2022-08-25 12:00:00,0.0,0.0,0.0,0.0,0.0,0.0,0.0
2022-08-25 16:00:00,0.0,0.0,0.0,0.0,0.0,0.0,0.0
2022-08-25 20:00:00,0.0,0.0,0.0,0.0,0.0,0.0,0.0
2022-08-26 00:00:00,0.0,0.0,0.0,0.0,0.0,0.0,0.0
2022-08-26 04:00:00,0.0,0.0,0.0,0.0,0.0,0.0,0.0
2022-08-26 08:00:00,0.0,0.0,0.0,0.0,0.0,0.0,0.0
2022-08-26 12:00:00,0.0,0.0,0.0,0.0,0.0,0.0,0.0
2022-08-26 16:00:00,0.0,0.0,0.0,0.0,0.0,0.0,0.0
2022-08-26 20:00:00,0.0,0.0,0.0,0.0,0.0,0.0,0.0
2022-08-27 00:00:00,0.0,0.0,0.0,0.0,0.0,0.0,0.0
2022-08-27 04:00:00,0.0,0.0,0.0,0.0,0.0,0.0,0.0
2022-08-27 08:00:00,0.0,0.0,0.0,0.0,0.0,0.0,0.0
2022-08-27 12:00:00,0.0,0.0,0.0,0.0,0.0,0.0,0.0
2022-08-27 16:00:00,0.0,0.0,0.0,0.0,0.0,0.0,0.0
2022-08-27 20:00:00,0.0,0.0,0.0,0.0,0.0,0.0,0.0
2022-08-28 00:00:00,0.0,0.0,0.0,0.0,0.0,0.0,0.0
2022-08-28 04:00:00,0.0,0.0,0.0,0.0,0.0,0.0,0.0
2022-08-28 08:00:00,0.0,0.0,0.0,0.0,0.0,0.0,0.0
2022-08-28 12:00:00,0.0,0.0,0.0,0.0,0.0,0.0,0.0
2022-08-28 16:00:00,0.0,0.0,0.0,0.0,0.0,0.0,0.0
2022-08-28 20:00:00,0.0,0.0,0.0,0.0,0.0,0.0,0.0
2022-08-29 00:00:00,0.0,0.0,0.0,0.0,0.0,0.0,0.0
2022-08-29 04:00:00,0.0,0.0,0.0,0.0,0.0,0.0,0.0
2022-08-29 08:00:00,0.0,0.0,0.0,0.0,0.0,0.0,0.0
2022-08-29 12:00:00,0.0,0.0,0.0,0.0,0.0,0.0,0.0
2022-08-29 16:00:00,0.0,0.0,0.0,0.0,0.0,0.0,0.0
2022-08-29 20:00:00,0.0,0.0,0.0,0.0,0.0,0.0,0.0
2022-08-30 00:00:00,0.0,0.0,0.0,0.0,0.0,0.0,0.0
2022-08-30 04:00:00,0.0,0.0,0.0,0.0,0.0,0.0,0.0
2022-08-30 08:00:00,0.0,0.0,0.0,0.0,0.0,0.0,0.0
2022-08-30 12:00:00,0.0,0.0,0.0,0.0,0.0,0.0,0.0
2022-08-30 16:00:00,0.0,0.0,0.0,0.0,0.0,0.0,0.0
2022-08-30 20:00:00,0.0,0.0,0.0,0.0,0.0,0.0,0.0
2022-08-31 00:00:00,0.0,0.0,0.0,0.0,0.0,0.0,0.0
2022-08-31 04:00:00,0.0,0.0,0.0,0.0,0.0,0.0,0.0
2022-08-31 08:00:00,0.0,0.0,0.0,0.0,0.0,0.0,0.0
2022-08-31 12:00:00,0.0,0.0,0.0,0.0,0.0,0.0,0.0
2022-08-31 16:00:00,0.0,0.0,0.0,0.0,0.0,0.0,0.0
2022-08-31 20:00:00,0.0,0.0,0.0,0.0,0.0,0.0,0.0
2022-09-01 00:00:00,0.0,0.0,0.0,0.0,0.0,0.0,0.0
2022-09-01 04:00:00,0.0,0.0,0.0,0.0,0.0,0.0,0.0
2022-09-01 08:00:00,0.0,0.0,0.0,0.0,0.0,0.0,0.0
2022-09-01 12:00:00,0.0,0.0,0.0,0.0,0.0,0.0,0.0
2022-09-01 16:00:00,0.0,0.0,0.0,0.0,0.0,0.0,0.0
2022-09-01 20:00:00,0.0,0.0,0.0,0.0,0.0,0.0,0.0
2022-09-02 00:00:00,0.0,0.0,0.0,0.0,0.0,0.0,0.0
2022-09-02 04:00:00,0.0,0.0,0.0,0.0,0.0,0.0,0.0
2022-09-02 08:00:00,0.0,0.0,0.0,0.0,0.0,0.0,0.0
2022-09-02 12:00:00,0.0,0.0,0.0,0.0,0.0,0.0,0.0
2022-09-02 16:00:00,0.0,0.0,0.0,0.0,0.0,0.0,0.0
2022-09-02 20:00:00,0.0,0.0,0.0,0.0,0.0,0.0,0.0
2022-09-03 00:00:00,0.0,0.0,0.0,0.0,0.0,0.0,0.0
2022-09-03 04:00:00,0.0,0.0,0.0,0.0,0.0,0.0,0.0
2022-09-03 08:00:00,0.0,0.0,0.0,0.0,0.0,0.0,0.0
2022-09-03 12:00:00,0.0,0.0,0.0,0.0,0.0,0.0,0.0
2022-09-03 16:00:00,0.0,0.0,0.0,0.0,0.0,0.0,0.0
2022-09-03 20:00:00,0.0,0.0,0.0,0.0,0.0,0.0,0.0
2022-09-04 00:00:00,0.0,0.0,0.0,0.0,0.0,0.0,0.0
2022-09-04 04:00:00,0.22702205882352938,0.0,0.0,0.0,0.0,0.0,0.0
2022-09-04 08:00:00,0.22702205882352938,0.0,0.0,0.0,0.0,0.0,0.0
2022-09-04 12:00:00,0.22702205882352938,0.0,0.0,0.0,0.0,0.0,0.0
2022-09-04 16:00:00,0.22702205882352938,0.0,0.0,0.0,0.0,0.0,0.0
2022-09-04 20:00:00,0.22702205882352938,0.0,0.0,0.0,0.0,0.0,0.0
2022-09-05 00:00:00,0.22702205882352938,0.0,0.0,0.0,0.0,0.0,0.0
2022-09-05 04:00:00,0.22702205882352938,0.0,0.0,0.0,0.0,0.0,0.0
2022-09-05 08:00:00,0.22702205882352938,0.0,0.0,0.0,0.0,0.0,0.0
2022-09-05 12:00:00,0.0,0.0,0.0,0.0,0.0,0.0,0.0
2022-09-05 16:00:00,0.0,0.0,0.0,0.0,0.0,0.0,0.0
2022-09-05 20:00:00,0.0,0.0,0.0,0.0,0.0,0.0,0.0
2022-09-06 00:00:00,0.0,0.0,0.0,0.0,0.0,0.0,0.0
2022-09-06 04:00:00,0.0,0.0,0.0,0.0,0.0,0.0,0.0
2022-09-06 08:00:00,0.0,0.0,0.0,0.0,0.0,0.0,0.0
2022-09-06 12:00:00,0.0,0.0,0.0,0.0,0.0,0.0,0.0
2022-09-06 16:00:00,0.0,0.0,0.0,0.0,0.0,0.0,0.0
2022-09-06 20:00:00,0.0,0.0,0.0,0.0,0.0,0.0,0.0
2022-09-07 00:00:00,0.0,0.0,0.0,0.0,0.0,0.0,0.0
2022-09-07 04:00:00,0.0,0.0,0.0,0.0,0.0,0.0,0.0
2022-09-07 08:00:00,0.0,0.0,0.0,0.0,0.0,0.0,0.0
2022-09-07 12:00:00,0.0,0.0,0.0,0.0,0.0,0.0,0.0
2022-09-07 16:00:00,0.0,0.0,0.0,0.0,0.0,0.0,0.0
2022-09-07 20:00:00,0.0,0.0,0.0,0.0,0.0,0.0,0.0
2022-09-08 00:00:00,0.0,0.0,0.0,0.0,0.0,0.0,0.0
2022-09-08 04:00:00,0.0,0.0,0.0,0.0,0.0,0.0,0.0
2022-09-08 08:00:00,0.0,0.0,0.0,0.0,0.0,0.0,0.0
2022-09-08 12:00:00,0.0,0.0,0.0,0.0,0.0,0.0,0.0
2022-09-08 16:00:00,0.0,0.0,0.0,0.0,0.0,0.0,0.0
2022-09-08 20:00:00,0.0,0.0,0.0,0.0,0.0,0.0,0.0
2022-09-09 00:00:00,0.0,0.0,0.0,0.0,0.0,0.0,0.0
2022-09-09 04:00:00,0.0,0.0,0.0,0.0,0.0,0.20556213017751507,0.275772921108742
2022-09-09 08:00:00,0.0,0.0,0.0,0.3036463893249605,0.19995426078389963,0.20556213017751507,0.275772921108742
2022-09-09 12:00:00,0.0,0.0,0.0,0.3036463893249605,0.19995426078389963,0.20556213017751507,0.275772921108742
2022-09-09 16:00:00,0.0,0.0,0.0,0.3036463893249605,0.19995426078389963,0.20556213017751507,0.275772921108742
2022-09-09 20:00:00,0.0,0.0,0.0,0.3036463893249605,0.19995426078389963,0.20556213017751507,0.275772921108742
2022-09-10 00:00:00,0.0,0.0,0.0,0.3036463893249605,0.19995426078389963,0.20556213017751507,0.275772921108742
2022-09-10 04:00:00,0.1824420023152996,0.0,0.0,0.25204542155297116,0.16597449441974282,0.17062937540966677,0.2289087063023195
2022-09-10 08:00:00,0.1824420023152996,0.0,0.0,0.25204542155297116,0.16597449441974282,0.17062937540966677,0.2289087063023195
2022-09-10 12:00:00,0.1824420023152996,0.0,0.0,0.25204542155297116,0.16597449441974282,0.17062937540966677,0.2289087063023195
2022-09-10 16:00:00,0.1824420023152996,0.0,0.0,0.25204542155297116,0.16597449441974282,0.17062937540966677,0.2289087063023195
2022-09-10 20:00:00,0.1824420023152996,0.0,0.0,0.25204542155297116,0.16597449441974282,0.17062937540966677,0.2289087063023195
2022-09-11 00:00:00,0.1824420023152996,0.0,0.0,0.25204542155297116,0.16597449441974282,0.17062937540966677,0.2289087063023195
2022-09-11 04:00:00,0.1824420023152996,0.0,0.0,0.25204542155297116,0.16597449441974282,0.17062937540966677,0.2289087063023195
2022-09-11 08:00:00,0.1824420023152996,0.0,0.0,0.25204542155297116,0.16597449441974282,0.17062937540966677,0.2289087063023195
2022-09-11 12:00:00,0.1824420023152996,0.0,0.0,0.25204542155297116,0.16597449441974282,0.17062937540966677,0.2289087063023195
2022-09-11 16:00:00,0.1824420023152996,0.0,0.0,0.25204542155297116,0.16597449441974282,0.17062937540966677,0.2289087063023195
2022-09-11 20:00:00,0.1824420023152996,0.0,0.0,0.25204542155297116,0.16597449441974282,0.17062937540966677,0.2289087063023195
2022-09-12 00:00:00,0.1824420023152996,0.0,0.0,0.25204542155297116,0.16597449441974282,0.17062937540966677,0.2289087063023195
2022-09-12 04:00:00,0.1824420023152996,0.0,0.0,0.25204542155297116,0.16597449441974282,0.17062937540966677,0.2289087063023195
2022-09-12 08:00:00,0.1824420023152996,0.0,0.0,0.25204542155297116,0.16597449441974282,0.17062937540966677,0.2289087063023195
2022-09-12 12:00:00,0.14566952216022352,0.13440869440588546,0.203386215512901,0.2012438783523177,0.1325211573326451,0.0,0.18277053223602727
2022-09-12 16:00:00,0.14566952216022352,0.13440869440588546,0.203386215512901,0.2012438783523177,0.1325211573326451,0.0,0.18277053223602727
2022-09-12 20:00:00,0.14566952216022352,0.13440869440588546,0.203386215512901,0.2012438783523177,0.1325211573326451,0.0,0.18277053223602727
2022-09-13 00:00:00,0.14566952216022352,0.13440869440588546,0.203386215512901,0.2012438783523177,0.1325211573326451,0.0,0.18277053223602727
2022-09-13 04:00:00,0.0,0.20280226700251877,0.0,0.3036463893249605,0.0,0.190271419228254,0.275772921108742
2022-09-13 08:00:00,0.0,0.20280226700251877,0.0,0.3036463893249605,0.0,0.190271419228254,0.275772921108742
2022-09-13 12:00:00,0.0,0.20280226700251877,0.0,0.3036463893249605,0.0,0.190271419228254,0.275772921108742
2022-09-13 16:00:00,0.0,0.0,0.0,0.0,0.0,0.0,0.0
2022-09-13 20:00:00,0.0,0.0,0.0,0.0,0.0,0.0,0.0
2022-09-14 00:00:00,0.0,0.0,0.0,0.0,0.0,0.0,0.0
2022-09-14 04:00:00,0.0,0.0,0.0,0.0,0.0,0.0,0.0
2022-09-14 08:00:00,0.0,0.0,0.0,0.0,0.0,0.0,0.0
2022-09-14 12:00:00,0.0,0.0,0.0,0.0,0.0,0.0,0.0
2022-09-14 16:00:00,0.0,0.0,0.0,0.0,0.0,0.0,0.0
2022-09-14 20:00:00,0.0,0.0,0.0,0.0,0.0,0.0,0.0
2022-09-15 00:00:00,0.0,0.0,0.0,0.0,0.0,0.0,0.0
2022-09-15 04:00:00,0.0,0.0,0.0,0.0,0.0,0.0,0.0
2022-09-15 08:00:00,0.0,0.0,0.0,0.0,0.0,0.0,0.0
2022-09-15 12:00:00,0.0,0.0,0.0,0.0,0.0,0.0,0.0
2022-09-15 16:00:00,0.0,0.0,0.0,0.0,0.0,0.0,0.0
2022-09-15 20:00:00,0.0,0.0,0.0,0.0,0.0,0.0,0.0
2022-09-16 00:00:00,0.0,0.0,0.0,0.0,0.0,0.0,0.0
2022-09-16 04:00:00,0.0,0.0,0.0,0.0,0.0,0.0,0.0
2022-09-16 08:00:00,0.0,0.0,0.0,0.0,0.0,0.0,0.0
2022-09-16 12:00:00,0.0,0.0,0.0,0.0,0.0,0.0,0.0
2022-09-16 16:00:00,0.0,0.0,0.0,0.0,0.0,0.0,0.0
2022-09-16 20:00:00,0.0,0.0,0.0,0.0,0.0,0.0,0.0
2022-09-17 00:00:00,0.0,0.0,0.0,0.0,0.0,0.0,0.0
2022-09-17 04:00:00,0.0,0.0,0.0,0.0,0.0,0.0,0.0
2022-09-17 08:00:00,0.0,0.0,0.0,0.0,0.0,0.0,0.0
2022-09-17 12:00:00,0.0,0.0,0.0,0.0,0.0,0.0,0.0
2022-09-17 16:00:00,0.0,0.0,0.0,0.0,0.0,0.0,0.21946745562130143
2022-09-17 20:00:00,0.0,0.0,0.0,0.0,0.0,0.0,0.21946745562130143
2022-09-18 00:00:00,0.0,0.0,0.0,0.0,0.0,0.0,0.21946745562130143
2022-09-18 04:00:00,0.0,0.0,0.0,0.0,0.0,0.0,0.21946745562130143
2022-09-18 08:00:00,0.0,0.0,0.0,0.0,0.0,0.0,0.0
2022-09-18 12:00:00,0.0,0.0,0.0,0.0,0.0,0.0,0.0
2022-09-18 16:00:00,0.0,0.0,0.0,0.0,0.0,0.0,0.0
2022-09-18 20:00:00,0.0,0.0,0.0,0.0,0.0,0.0,0.19770687936191403
2022-09-19 00:00:00,0.0,0.0,0.0,0.0,0.0,0.0,0.0
2022-09-19 04:00:00,0.0,0.0,0.0,0.0,0.0,0.0,0.0
2022-09-19 08:00:00,0.0,0.0,0.0,0.0,0.0,0.0,0.0
2022-09-19 12:00:00,0.0,0.0,0.0,0.0,0.0,0.0,0.0
2022-09-19 16:00:00,0.0,0.0,0.0,0.0,0.0,0.0,0.0
2022-09-19 20:00:00,0.0,0.0,0.0,0.0,0.0,0.0,0.0
2022-09-20 00:00:00,0.0,0.0,0.0,0.0,0.0,0.0,0.0
2022-09-20 04:00:00,0.0,0.0,0.0,0.0,0.0,0.0,0.0
2022-09-20 08:00:00,0.0,0.0,0.0,0.0,0.0,0.0,0.0
2022-09-20 12:00:00,0.0,0.0,0.0,0.0,0.0,0.0,0.0
2022-09-20 16:00:00,0.0,0.0,0.0,0.0,0.0,0.0,0.13436034115138593
2022-09-20 20:00:00,0.0,0.0,0.0,0.0,0.0,0.0,0.13436034115138593
2022-09-21 00:00:00,0.0,0.0,0.0,0.0,0.0,0.0,0.13436034115138593
2022-09-21 04:00:00,0.0,0.0,0.0,0.0,0.0,0.0,0.13436034115138593
2022-09-21 08:00:00,0.0,0.0,0.0,0.0,0.0,0.0,0.13436034115138593
2022-09-21 12:00:00,0.0,0.0,0.0,0.0,0.0,0.0,0.13436034115138593
2022-09-21 16:00:00,0.0,0.0,0.0,0.0,0.0,0.0,0.13436034115138593
2022-09-21 20:00:00,0.0,0.0,0.0,0.0,0.0,0.0,0.0
2022-09-22 00:00:00,0.0,0.0,0.0,0.0,0.0,0.0,0.0
2022-09-22 04:00:00,0.0,0.0,0.0,0.0,0.0,0.0,0.0
2022-09-22 08:00:00,0.0,0.0,0.0,0.0,0.0,0.0,0.0
2022-09-22 12:00:00,0.0,0.0,0.0,0.0,0.0,0.0,0.0
2022-09-22 16:00:00,0.0,0.0,0.0,0.0,0.0,0.0,0.0
2022-09-22 20:00:00,0.0,0.0,0.0,0.0,0.0,0.0,0.10836570062742759
2022-09-23 00:00:00,0.0,0.0,0.0,0.0,0.0,0.0,0.10836570062742759
2022-09-23 04:00:00,0.0,0.0,0.0,0.0,0.0,0.0,0.0
2022-09-23 08:00:00,0.0,0.0,0.0,0.0,0.0,0.0,0.0
2022-09-23 12:00:00,0.0,0.0,0.0,0.0,0.0,0.0,0.0
2022-09-23 16:00:00,0.0,0.0,0.0,0.0,0.0,0.0,0.0
2022-09-23 20:00:00,0.0,0.0,0.0,0.0,0.0,0.0,0.0
2022-09-24 00:00:00,0.0,0.0,0.0,0.0,0.0,0.0,0.0
2022-09-24 04:00:00,0.0,0.0,0.0,0.0,0.0,0.0,0.0
2022-09-24 08:00:00,0.0,0.0,0.0,0.0,0.0,0.0,0.0
2022-09-24 12:00:00,0.0,0.0,0.0,0.0,0.0,0.0,0.0
2022-09-24 16:00:00,0.0,0.0,0.0,0.0,0.0,0.0,0.0
2022-09-24 20:00:00,0.0,0.0,0.0,0.0,0.0,0.0,0.0
2022-09-25 00:00:00,0.0,0.0,0.0,0.0,0.0,0.0,0.0
2022-09-25 04:00:00,0.0,0.0,0.0,0.0,0.0,0.0,0.0
2022-09-25 08:00:00,0.0,0.0,0.0,0.0,0.0,0.0,0.0
2022-09-25 12:00:00,0.0,0.0,0.0,0.0,0.0,0.0,0.0
2022-09-25 16:00:00,0.0,0.0,0.0,0.0,0.0,0.0,0.0
2022-09-25 20:00:00,0.0,0.0,0.0,0.0,0.0,0.0,0.0
2022-09-26 00:00:00,0.0,0.0,0.0,0.0,0.0,0.0,0.0
2022-09-26 04:00:00,0.0,0.0,0.0,0.0,0.0,0.0,0.0
2022-09-26 08:00:00,0.0,0.0,0.0,0.0,0.0,0.0,0.0
2022-09-26 12:00:00,0.0,0.0,0.0,0.0,0.0,0.0,0.0
2022-09-26 16:00:00,0.0,0.0,0.0,0.0,0.0,0.0,0.0
2022-09-26 20:00:00,0.0,0.0,0.0,0.0,0.0,0.0,0.0
2022-09-27 00:00:00,0.0,0.0,0.0,0.0,0.0,0.0,0.0
2022-09-27 04:00:00,0.0,0.0,0.0,0.0,0.0,0.0,0.0
2022-09-27 08:00:00,0.0,0.0,0.3205772113943035,0.0,0.0,0.0,0.0
2022-09-27 12:00:00,0.0,0.0,0.3205772113943035,0.0,0.0,0.0,0.0
2022-09-27 16:00:00,0.0,0.0,0.3205772113943035,0.0,0.0,0.0,0.0
2022-09-27 20:00:00,0.0,0.0,0.0,0.0,0.0,0.0,0.0
2022-09-28 00:00:00,0.0,0.0,0.0,0.0,0.0,0.0,0.0
2022-09-28 04:00:00,0.0,0.0,0.0,0.0,0.0,0.0,0.0
2022-09-28 08:00:00,0.0,0.0,0.0,0.0,0.0,0.0,0.0
2022-09-28 12:00:00,0.0,0.0,0.0,0.0,0.0,0.0,0.0
2022-09-28 16:00:00,0.0,0.0,0.0,0.0,0.0,0.0,0.0
2022-09-28 20:00:00,0.0,0.0,0.0,0.0,0.0,0.0,0.0
2022-09-29 00:00:00,0.0,0.0,0.0,0.0,0.0,0.0,0.0
2022-09-29 04:00:00,0.0,0.0,0.0,0.0,0.0,0.0,0.0
2022-09-29 08:00:00,0.0,0.0,0.0,0.0,0.0,0.0,0.0
2022-09-29 12:00:00,0.0,0.0,0.0,0.0,0.0,0.0,0.0
2022-09-29 16:00:00,0.0,0.0,0.0,0.0,0.0,0.0,0.0
2022-09-29 20:00:00,0.0,0.0,0.0,0.0,0.0,0.0,0.0
2022-09-30 00:00:00,0.0,0.0,0.0,0.0,0.0,0.0,0.0
2022-09-30 04:00:00,0.0,0.0,0.0,0.0,0.0,0.0,0.0
2022-09-30 08:00:00,0.0,0.0,0.31482430453879884,0.0,0.0,0.0,0.0
2022-09-30 12:00:00,0.0,0.0,0.31482430453879884,0.0,0.0,0.0,0.0
2022-09-30 16:00:00,0.0,0.0,0.31482430453879884,0.0,0.0,0.0,0.0
2022-09-30 20:00:00,0.0,0.0,0.31482430453879884,0.0,0.0,0.0,0.0
2022-10-01 00:00:00,0.0,0.0,0.31482430453879884,0.0,0.0,0.0,0.0
2022-10-01 04:00:00,0.0,0.0,0.31482430453879884,0.0,0.0,0.0,0.0
2022-10-01 08:00:00,0.0,0.0,0.31482430453879884,0.0,0.0,0.0,0.0
2022-10-01 12:00:00,0.0,0.0,0.31482430453879884,0.0,0.0,0.0,0.0
2022-10-01 16:00:00,0.0,0.0,0.31482430453879884,0.0,0.0,0.0,0.0
2022-10-01 20:00:00,0.0,0.0,0.31482430453879884,0.0,0.0,0.0,0.0
2022-10-02 00:00:00,0.0,0.0,0.31482430453879884,0.0,0.0,0.0,0.0
2022-10-02 04:00:00,0.0,0.0,0.31482430453879884,0.0,0.0,0.0,0.0
2022-10-02 08:00:00,0.0,0.0,0.31482430453879884,0.0,0.0,0.0,0.0
2022-10-02 12:00:00,0.0,0.0,0.31482430453879884,0.0,0.0,0.0,0.0
2022-10-02 16:00:00,0.0,0.0,0.31482430453879884,0.0,0.0,0.0,0.0
2022-10-02 20:00:00,0.0,0.0,0.31482430453879884,0.0,0.0,0.0,0.0
2022-10-03 00:00:00,0.0,0.0,0.31482430453879884,0.0,0.0,0.0,0.0
2022-10-03 04:00:00,0.0,0.0,0.31482430453879884,0.0,0.0,0.0,0.0
2022-10-03 08:00:00,0.0,0.0,0.31482430453879884,0.0,0.0,0.0,0.0
2022-10-03 12:00:00,0.0,0.0,0.31482430453879884,0.0,0.0,0.0,0.0
2022-10-03 16:00:00,0.0,0.0,0.31482430453879884,0.0,0.0,0.0,0.0
2022-10-03 20:00:00,0.0,0.0,0.31482430453879884,0.0,0.0,0.0,0.0
2022-10-04 00:00:00,0.0,0.0,0.31482430453879884,0.0,0.0,0.0,0.0
2022-10-04 04:00:00,0.0,0.0,0.31482430453879884,0.0,0.0,0.0,0.0
2022-10-04 08:00:00,0.0,0.0,0.31482430453879884,0.0,0.0,0.0,0.0
2022-10-04 12:00:00,0.0,0.0,0.31482430453879884,0.0,0.0,0.0,0.0
2022-10-04 16:00:00,0.0,0.0,0.31482430453879884,0.0,0.0,0.0,0.0
2022-10-04 20:00:00,0.0,0.0,0.31482430453879884,0.0,0.0,0.0,0.0
2022-10-05 00:00:00,0.0,0.0,0.31482430453879884,0.0,0.0,0.0,0.0
2022-10-05 04:00:00,0.0,0.0,0.31482430453879884,0.0,0.0,0.0,0.0
2022-10-05 08:00:00,0.0,0.0,0.31482430453879884,0.0,0.0,0.0,0.0
2022-10-05 12:00:00,0.0,0.0,0.31482430453879884,0.0,0.0,0.0,0.0
2022-10-05 16:00:00,0.0,0.0,0.0,0.0,0.0,0.0,0.0
2022-10-05 20:00:00,0.0,0.0,0.0,0.0,0.0,0.0,0.0
2022-10-06 00:00:00,0.0,0.0,0.0,0.0,0.0,0.0,0.0
2022-10-06 04:00:00,0.0,0.0,0.0,0.0,0.0,0.0,0.0
2022-10-06 08:00:00,0.0,0.0,0.0,0.0,0.0,0.0,0.0
2022-10-06 12:00:00,0.0,0.0,0.0,0.0,0.0,0.0,0.0
2022-10-06 16:00:00,0.0,0.0,0.0,0.0,0.0,0.0,0.0
2022-10-06 20:00:00,0.0,0.0,0.0,0.0,0.0,0.0,0.0
2022-10-07 00:00:00,0.0,0.0,0.0,0.0,0.0,0.0,0.0
2022-10-07 04:00:00,0.0,0.0,0.0,0.0,0.0,0.0,0.0
2022-10-07 08:00:00,0.0,0.0,0.0,0.0,0.0,0.0,0.0
2022-10-07 12:00:00,0.0,0.0,0.0,0.0,0.0,0.0,0.0
2022-10-07 16:00:00,0.0,0.0,0.0,0.0,0.0,0.0,0.0
2022-10-07 20:00:00,0.0,0.0,0.0,0.0,0.0,0.0,0.19357729648991803
2022-10-08 00:00:00,0.0,0.0,0.0,0.0,0.0,0.0,0.19357729648991803
2022-10-08 04:00:00,0.0,0.0,0.0,0.0,0.0,0.0,0.19357729648991803
2022-10-08 08:00:00,0.0,0.0,0.0,0.0,0.0,0.0,0.19357729648991803
2022-10-08 12:00:00,0.0,0.0,0.0,0.0,0.0,0.0,0.19357729648991803
2022-10-08 16:00:00,0.0,0.0,0.0,0.0,0.0,0.0,0.19357729648991803
2022-10-08 20:00:00,0.0,0.0,0.0,0.0,0.0,0.0,0.19357729648991803
2022-10-09 00:00:00,0.0,0.0,0.0,0.0,0.0,0.0,0.19357729648991803
2022-10-09 04:00:00,0.0,0.0,0.0,0.0,0.0,0.0,0.19357729648991803
2022-10-09 08:00:00,0.0,0.0,0.0,0.0,0.0,0.0,0.19357729648991803
2022-10-09 12:00:00,0.0,0.0,0.0,0.0,0.0,0.0,0.19357729648991803
2022-10-09 16:00:00,0.0,0.0,0.0,0.0,0.0,0.0,0.19357729648991803
2022-10-09 20:00:00,0.0,0.0,0.0,0.0,0.0,0.0,0.19357729648991803
2022-10-10 00:00:00,0.0,0.0,0.0,0.0,0.0,0.0,0.19357729648991803
2022-10-10 04:00:00,0.0,0.0,0.0,0.0,0.0,0.0,0.19357729648991803
2022-10-10 08:00:00,0.0,0.0,0.0,0.0,0.0,0.0,0.19357729648991803
2022-10-10 12:00:00,0.0,0.0,0.0,0.0,0.0,0.0,0.0
2022-10-10 16:00:00,0.0,0.0,0.0,0.0,0.0,0.0,0.0
2022-10-10 20:00:00,0.0,0.0,0.0,0.0,0.0,0.0,0.0
2022-10-11 00:00:00,0.0,0.0,0.0,0.0,0.0,0.0,0.0
2022-10-11 04:00:00,0.0,0.0,0.0,0.0,0.0,0.0,0.0
2022-10-11 08:00:00,0.0,0.0,0.0,0.0,0.0,0.0,0.0
2022-10-11 12:00:00,0.0,0.0,0.0,0.0,0.0,0.0,0.0
2022-10-11 16:00:00,0.0,0.0,0.0,0.0,0.0,0.0,0.0
2022-10-11 20:00:00,0.0,0.0,0.0,0.0,0.0,0.0,0.0
2022-10-12 00:00:00,0.0,0.0,0.0,0.0,0.0,0.0,0.0
2022-10-12 04:00:00,0.0,0.0,0.0,0.0,0.0,0.0,0.0
2022-10-12 08:00:00,0.0,0.0,0.0,0.0,0.0,0.0,0.0
2022-10-12 12:00:00,0.0,0.0,0.0,0.0,0.0,0.0,0.0
2022-10-12 16:00:00,0.0,0.0,0.0,0.0,0.0,0.0,0.0
2022-10-12 20:00:00,0.0,0.0,0.0,0.0,0.0,0.0,0.0
2022-10-13 00:00:00,0.0,0.0,0.0,0.0,0.0,0.0,0.0
2022-10-13 04:00:00,0.0,0.0,0.0,0.0,0.0,0.0,0.0
2022-10-13 08:00:00,0.0,0.0,0.0,0.0,0.0,0.0,0.0
2022-10-13 12:00:00,0.0,0.0,0.0,0.0,0.0,0.0,0.0
2022-10-13 16:00:00,0.0,0.0,0.0,0.0,0.0,0.0,0.0
2022-10-13 20:00:00,0.0,0.0,0.0,0.0,0.0,0.0,0.0
2022-10-14 00:00:00,0.0,0.0,0.0,0.0,0.0,0.0,0.0
2022-10-14 04:00:00,0.0,0.0,0.0,0.0,0.0,0.0,0.0
2022-10-14 08:00:00,0.0,0.0,0.0,0.0,0.0,0.0,0.0
2022-10-14 12:00:00,0.0,0.0,0.0,0.0,0.0,0.0,0.0
2022-10-14 16:00:00,0.0,0.0,0.0,0.0,0.0,0.0,0.0
2022-10-14 20:00:00,0.0,0.0,0.0,0.0,0.0,0.0,0.0
2022-10-15 00:00:00,0.0,0.0,0.0,0.0,0.0,0.0,0.0
2022-10-15 04:00:00,0.0,0.0,0.0,0.0,0.0,0.0,0.0
2022-10-15 08:00:00,0.0,0.0,0.0,0.0,0.0,0.0,0.0
2022-10-15 12:00:00,0.0,0.0,0.0,0.0,0.0,0.0,0.0
2022-10-15 16:00:00,0.0,0.0,0.0,0.0,0.0,0.0,0.0
2022-10-15 20:00:00,0.0,0.0,0.0,0.0,0.0,0.0,0.0
2022-10-16 00:00:00,0.0,0.0,0.0,0.0,0.0,0.0,0.0
2022-10-16 04:00:00,0.0,0.0,0.0,0.0,0.0,0.0,0.0
2022-10-16 08:00:00,0.0,0.0,0.0,0.0,0.0,0.0,0.0
2022-10-16 12:00:00,0.0,0.0,0.0,0.0,0.0,0.0,0.0
2022-10-16 16:00:00,0.0,0.0,0.0,0.0,0.0,0.0,0.0
2022-10-16 20:00:00,0.0,0.0,0.0,0.0,0.0,0.0,0.0
2022-10-17 00:00:00,0.0,0.0,0.0,0.0,0.0,0.0,0.0
2022-10-17 04:00:00,0.0,0.0,0.0,0.0,0.0,0.0,0.0
2022-10-17 08:00:00,0.0,0.0,0.0,0.0,0.0,0.0,0.0
2022-10-17 12:00:00,0.0,0.0,0.0,0.0,0.0,0.0,0.0
2022-10-17 16:00:00,0.0,0.0,0.0,0.0,0.0,0.0,0.0
2022-10-17 20:00:00,0.0,0.0,0.0,0.0,0.0,0.0,0.0
2022-10-18 00:00:00,0.0,0.0,0.0,0.0,0.0,0.0,0.0
2022-10-18 04:00:00,0.0,0.0,0.0,0.0,0.0,0.0,0.0
2022-10-18 08:00:00,0.0,0.0,0.0,0.0,0.0,0.0,0.0
2022-10-18 12:00:00,0.0,0.0,0.0,0.0,0.0,0.0,0.0
2022-10-18 16:00:00,0.0,0.0,0.0,0.0,0.0,0.0,0.0
2022-10-18 20:00:00,0.0,0.0,0.0,0.0,0.0,0.0,0.0
2022-10-19 00:00:00,0.0,0.0,0.0,0.0,0.0,0.0,0.0
2022-10-19 04:00:00,0.0,0.0,0.0,0.0,0.0,0.0,0.0
2022-10-19 08:00:00,0.0,0.0,0.0,0.0,0.0,0.0,0.0
2022-10-19 12:00:00,0.0,0.0,0.0,0.0,0.0,0.0,0.0
2022-10-19 16:00:00,0.0,0.0,0.0,0.0,0.0,0.0,0.0
2022-10-19 20:00:00,0.0,0.0,0.0,0.0,0.0,0.0,0.0
2022-10-20 00:00:00,0.0,0.0,0.0,0.0,0.0,0.0,0.0
2022-10-20 04:00:00,0.0,0.0,0.0,0.0,0.0,0.0,0.0
2022-10-20 08:00:00,0.0,0.0,0.0,0.0,0.0,0.0,0.0
2022-10-20 12:00:00,0.0,0.0,0.0,0.0,0.0,0.0,0.0
2022-10-20 16:00:00,0.0,0.0,0.0,0.0,0.0,0.0,0.0
2022-10-20 20:00:00,0.0,0.0,0.0,0.0,0.0,0.0,0.0
2022-10-21 00:00:00,0.0,0.0,0.0,0.0,0.0,0.0,0.0
2022-10-21 04:00:00,0.0,0.0,0.0,0.0,0.0,0.0,0.0
2022-10-21 08:00:00,0.0,0.0,0.0,0.0,0.0,0.0,0.0
2022-10-21 12:00:00,0.0,0.0,0.0,0.0,0.0,0.0,0.0
2022-10-21 16:00:00,0.0,0.0,0.0,0.0,0.0,0.0,0.0
2022-10-21 20:00:00,0.0,0.0,0.0,0.0,0.0,0.0,0.0
2022-10-22 00:00:00,0.0,0.0,0.0,0.0,0.0,0.0,0.0
2022-10-22 04:00:00,0.0,0.0,0.0,0.0,0.0,0.0,0.0
2022-10-22 08:00:00,0.0,0.0,0.0,0.0,0.0,0.0,0.0
2022-10-22 12:00:00,0.0,0.0,0.0,0.0,0.0,0.0,0.0
2022-10-22 16:00:00,0.0,0.0,0.0,0.0,0.0,0.0,0.0
2022-10-22 20:00:00,0.0,0.0,0.0,0.0,0.0,0.0,0.0
2022-10-23 00:00:00,0.0,0.0,0.0,0.0,0.0,0.0,0.0
2022-10-23 04:00:00,0.0,0.0,0.0,0.0,0.0,0.0,0.0
2022-10-23 08:00:00,0.0,0.0,0.0,0.0,0.0,0.0,0.0
2022-10-23 12:00:00,0.0,0.0,0.0,0.0,0.0,0.0,0.0
2022-10-23 16:00:00,0.0,0.0,0.0,0.0,0.0,0.0,0.0
2022-10-23 20:00:00,0.0,0.0,0.0,0.0,0.0,0.0,0.0
2022-10-24 00:00:00,0.0,0.0,0.0,0.0,0.43352895065782593,0.0,0.0
2022-10-24 04:00:00,0.0,0.0,0.0,0.0,0.43352895065782593,0.0,0.0
2022-10-24 08:00:00,0.0,0.0,0.0,0.0,0.0,0.0,0.0
2022-10-24 12:00:00,0.0,0.0,0.0,0.0,0.0,0.0,0.0
2022-10-24 16:00:00,0.0,0.0,0.0,0.0,0.0,0.0,0.0
2022-10-24 20:00:00,0.0,0.0,0.0,0.0,0.0,0.0,0.0
2022-10-25 00:00:00,0.0,0.0,0.0,0.0,0.0,0.0,0.0
2022-10-25 04:00:00,0.0,0.0,0.0,0.0,0.0,0.0,0.0
2022-10-25 08:00:00,0.0,0.0,0.0,0.0,0.0,0.0,0.0
2022-10-25 12:00:00,0.0,0.0,0.0,0.0,0.0,0.0,0.0
2022-10-25 16:00:00,0.0,0.0,0.3607886190308152,0.3863593849044697,0.25285199606471526,0.0,0.0
2022-10-25 20:00:00,0.260469995803609,0.26079545454545455,0.0,0.0,0.0,0.237198795180723,0.0
2022-10-26 00:00:00,0.260469995803609,0.26079545454545455,0.0,0.0,0.0,0.237198795180723,0.0
2022-10-26 04:00:00,0.0,0.26079545454545455,0.0,0.0,0.0,0.237198795180723,0.0
2022-10-26 08:00:00,0.0,0.26079545454545455,0.0,0.0,0.0,0.237198795180723,0.0
2022-10-26 12:00:00,0.0,0.20301531854609164,0.0,0.3847002733021222,0.22763782738106714,0.1846465807707189,0.0
2022-10-26 16:00:00,0.0,0.26079545454545455,0.0,0.0,0.0,0.237198795180723,0.0
2022-10-26 20:00:00,0.0,0.26079545454545455,0.0,0.0,0.0,0.237198795180723,0.0
2022-10-27 00:00:00,0.0,0.26079545454545455,0.0,0.0,0.0,0.237198795180723,0.0
2022-10-27 04:00:00,0.0,0.26079545454545455,0.0,0.0,0.0,0.237198795180723,0.0
2022-10-27 08:00:00,0.0,0.26079545454545455,0.0,0.0,0.0,0.237198795180723,0.0
2022-10-27 12:00:00,0.0,0.26079545454545455,0.0,0.0,0.0,0.237198795180723,0.0
2022-10-27 16:00:00,0.0,0.26079545454545455,0.0,0.0,0.0,0.237198795180723,0.0
2022-10-27 20:00:00,0.0,0.26079545454545455,0.0,0.0,0.0,0.237198795180723,0.0
2022-10-28 00:00:00,0.0,0.26079545454545455,0.0,0.0,0.0,0.237198795180723,0.0
2022-10-28 04:00:00,0.0,0.26079545454545455,0.0,0.0,0.0,0.237198795180723,0.0
2022-10-28 08:00:00,0.0,0.26079545454545455,0.0,0.0,0.0,0.0,0.0
2022-10-28 12:00:00,0.0,0.26079545454545455,0.0,0.0,0.0,0.0,0.0
2022-10-28 16:00:00,0.0,0.26079545454545455,0.39999999999999913,0.0,0.0,0.0,0.0
2022-10-28 20:00:00,0.0,0.26079545454545455,0.39999999999999913,0.0,0.0,0.0,0.0
2022-10-29 00:00:00,0.0,0.26079545454545455,0.39999999999999913,0.0,0.0,0.0,0.0
2022-10-29 04:00:00,0.0,0.26079545454545455,0.0,0.0,0.0,0.20210979106923402,0.0
2022-10-29 08:00:00,0.0,0.26079545454545455,0.0,0.0,0.0,0.20210979106923402,0.0
2022-10-29 12:00:00,0.0,0.26079545454545455,0.0,0.0,0.19853421930176723,0.20210979106923402,0.0
2022-10-29 16:00:00,0.0,0.26079545454545455,0.0,0.0,0.19853421930176723,0.20210979106923402,0.0
2022-10-29 20:00:00,0.0,0.26079545454545455,0.0,0.0,0.19853421930176723,0.20210979106923402,0.0
2022-10-30 00:00:00,0.0,0.26079545454545455,0.0,0.0,0.19853421930176723,0.20210979106923402,0.0
2022-10-30 04:00:00,0.0,0.26079545454545455,0.0,0.0,0.19853421930176723,0.20210979106923402,0.0
2022-10-30 08:00:00,0.0,0.26079545454545455,0.32407024793388406,0.0,0.19853421930176723,0.20210979106923402,0.0
2022-10-30 12:00:00,0.0,0.26079545454545455,0.32407024793388406,0.0,0.19853421930176723,0.20210979106923402,0.0
2022-10-30 16:00:00,0.0,0.26079545454545455,0.32407024793388406,0.0,0.19853421930176723,0.20210979106923402,0.0
2022-10-30 20:00:00,0.0,0.26079545454545455,0.32407024793388406,0.0,0.19853421930176723,0.20210979106923402,0.0
2022-10-31 00:00:00,0.0,0.0,0.32407024793388406,0.0,0.19853421930176723,0.20210979106923402,0.0
2022-10-31 04:00:00,0.0,0.0,0.32407024793388406,0.0,0.19853421930176723,0.20210979106923402,0.0
2022-10-31 08:00:00,0.0,0.0,0.32407024793388406,0.0,0.19853421930176723,0.20210979106923402,0.0
2022-10-31 12:00:00,0.0,0.21212563915266622,0.0,0.0,0.19853421930176723,0.20210979106923402,0.0
2022-10-31 16:00:00,0.0,0.21212563915266622,0.0,0.0,0.0,0.20210979106923402,0.0
2022-10-31 20:00:00,0.0,0.21212563915266622,0.0,0.0,0.0,0.20210979106923402,0.0
2022-11-01 00:00:00,0.0,0.21212563915266622,0.0,0.0,0.0,0.0,0.0
2022-11-01 04:00:00,0.0,0.21212563915266622,0.0,0.0,0.0,0.0,0.0
2022-11-01 08:00:00,0.0,0.21212563915266622,0.0,0.0,0.0,0.0,0.0
2022-11-01 12:00:00,0.0,0.21212563915266622,0.0,0.0,0.0,0.0,0.0
2022-11-01 16:00:00,0.0,0.21212563915266622,0.0,0.0,0.0,0.0,0.0
2022-11-01 20:00:00,0.0,0.21212563915266622,0.0,0.0,0.0,0.0,0.0
2022-11-02 00:00:00,0.0,0.21212563915266622,0.0,0.0,0.0,0.0,0.0
2022-11-02 04:00:00,0.0,0.0,0.0,0.0,0.0,0.0,0.0
2022-11-02 08:00:00,0.0,0.0,0.0,0.0,0.0,0.0,0.0
2022-11-02 12:00:00,0.0,0.0,0.0,0.0,0.0,0.0,0.0
2022-11-02 16:00:00,0.0,0.0,0.0,0.0,0.0,0.0,0.0
2022-11-02 20:00:00,0.0,0.0,0.0,0.0,0.0,0.0,0.0
2022-11-03 00:00:00,0.0,0.0,0.0,0.0,0.0,0.0,0.0
2022-11-03 04:00:00,0.0,0.0,0.0,0.0,0.0,0.0,0.0
2022-11-03 08:00:00,0.0,0.0,0.0,0.0,0.0,0.0,0.0
2022-11-03 12:00:00,0.0,0.0,0.0,0.0,0.0,0.0,0.0
2022-11-03 16:00:00,0.0,0.0,0.0,0.0,0.0,0.0,0.0
2022-11-03 20:00:00,0.0,0.0,0.0,0.0,0.0,0.0,0.0
2022-11-04 00:00:00,0.0,0.0,0.0,0.0,0.0,0.0,0.0
2022-11-04 04:00:00,0.0,0.0,0.19687861271676288,0.0,0.0,0.0,0.0
2022-11-04 08:00:00,0.0,0.0,0.19687861271676288,0.0,0.0,0.0,0.0
2022-11-04 12:00:00,0.0,0.0,0.19687861271676288,0.0,0.0,0.0,0.26609216255442647
2022-11-04 16:00:00,0.0,0.0,0.19687861271676288,0.0,0.0,0.0,0.26609216255442647
2022-11-04 20:00:00,0.0,0.0,0.19687861271676288,0.0,0.0,0.0,0.26609216255442647
2022-11-05 00:00:00,0.0,0.0,0.19687861271676288,0.0,0.0,0.0,0.26609216255442647
2022-11-05 04:00:00,0.0,0.0,0.1838926315855896,0.38150899616129924,0.0,0.18605747011444163,0.24854090213866947
2022-11-05 08:00:00,0.0,0.0,0.1838926315855896,0.38150899616129924,0.0,0.18605747011444163,0.24854090213866947
2022-11-05 12:00:00,0.0,0.0,0.1838926315855896,0.38150899616129924,0.0,0.18605747011444163,0.24854090213866947
2022-11-05 16:00:00,0.0,0.17661173127549434,0.18602669106594197,0.38593637796054653,0.0,0.0,0.25142519969801724
2022-11-05 20:00:00,0.0,0.17661173127549434,0.18602669106594197,0.38593637796054653,0.0,0.0,0.25142519969801724
2022-11-06 00:00:00,0.0,0.17661173127549434,0.18602669106594197,0.38593637796054653,0.0,0.0,0.25142519969801724
2022-11-06 04:00:00,0.0,0.17661173127549434,0.18602669106594197,0.38593637796054653,0.0,0.0,0.25142519969801724
2022-11-06 08:00:00,0.0,0.17661173127549434,0.18602669106594197,0.38593637796054653,0.0,0.0,0.25142519969801724
2022-11-06 12:00:00,0.0,0.17661173127549434,0.18602669106594197,0.38593637796054653,0.0,0.0,0.25142519969801724
2022-11-06 16:00:00,0.0,0.18691442848219852,0.19687861271676288,0.4084500899006512,0.0,0.0,0.0
2022-11-06 20:00:00,0.0,0.0,0.19687861271676288,0.4084500899006512,0.0,0.0,0.0
2022-11-07 00:00:00,0.0,0.0,0.0,0.0,0.0,0.0,0.0
2022-11-07 04:00:00,0.0,0.0,0.0,0.0,0.0,0.0,0.0
2022-11-07 08:00:00,0.0,0.0,0.0,0.0,0.0,0.0,0.0
2022-11-07 12:00:00,0.0,0.0,0.0,0.0,0.0,0.0,0.0
2022-11-07 16:00:00,0.0,0.0,0.0,0.0,0.0,0.0,0.0
2022-11-07 20:00:00,0.0,0.0,0.0,0.0,0.0,0.0,0.0
2022-11-08 00:00:00,0.0,0.0,0.0,0.0,0.0,0.0,0.0
2022-11-08 04:00:00,0.0,0.0,0.0,0.0,0.0,0.0,0.0
2022-11-08 08:00:00,0.0,0.0,0.0,0.0,0.0,0.0,0.0
2022-11-08 12:00:00,0.0,0.0,0.0,0.0,0.0,0.0,0.0
2022-11-08 16:00:00,0.0,0.0,0.0,0.0,0.0,0.0,0.0
2022-11-08 20:00:00,0.0,0.0,0.0,0.0,0.0,0.0,0.0
2022-11-09 00:00:00,0.0,0.0,0.0,0.0,0.0,0.0,0.0
2022-11-09 04:00:00,0.0,0.0,0.0,0.0,0.0,0.0,0.0
2022-11-09 08:00:00,0.0,0.0,0.0,0.0,0.0,0.0,0.0
2022-11-09 12:00:00,0.0,0.0,0.0,0.0,0.0,0.0,0.0
2022-11-09 16:00:00,0.0,0.0,0.0,0.0,0.0,0.0,0.0
2022-11-09 20:00:00,0.0,0.0,0.0,0.0,0.0,0.0,0.0
2022-11-10 00:00:00,0.0,0.0,0.0,0.0,0.0,0.0,0.0
2022-11-10 04:00:00,0.0,0.0,0.0,0.0,0.0,0.0,0.0
2022-11-10 08:00:00,0.0,0.0,0.0,0.0,0.0,0.0,0.0
2022-11-10 12:00:00,0.0,0.0,0.0,0.0,0.0,0.0,0.0
2022-11-10 16:00:00,0.0,0.0,0.0,0.0,0.0,0.0,0.0
2022-11-10 20:00:00,0.0,0.0,0.0,0.0,0.0,0.0,0.0
2022-11-11 00:00:00,0.0,0.0,0.0,0.0,0.0,0.0,0.0
2022-11-11 04:00:00,0.0,0.0,0.0,0.0,0.0,0.0,0.0
2022-11-11 08:00:00,0.0,0.0,0.0,0.0,0.0,0.0,0.0
2022-11-11 12:00:00,0.0,0.0,0.0,0.0,0.0,0.0,0.0
2022-11-11 16:00:00,0.0,0.0,0.0,0.0,0.0,0.0,0.0
2022-11-11 20:00:00,0.0,0.0,0.0,0.0,0.0,0.0,0.0
2022-11-12 00:00:00,0.0,0.0,0.0,0.0,0.0,0.0,0.0
2022-11-12 04:00:00,0.0,0.0,0.0,0.0,0.0,0.0,0.0
2022-11-12 08:00:00,0.0,0.0,0.0,0.0,0.0,0.0,0.0
2022-11-12 12:00:00,0.0,0.0,0.0,0.0,0.0,0.0,0.0
2022-11-12 16:00:00,0.0,0.0,0.0,0.0,0.0,0.0,0.0
2022-11-12 20:00:00,0.0,0.0,0.0,0.0,0.0,0.0,0.0
2022-11-13 00:00:00,0.0,0.0,0.0,0.0,0.0,0.0,0.0
2022-11-13 04:00:00,0.0,0.0,0.0,0.0,0.0,0.0,0.0
2022-11-13 08:00:00,0.0,0.0,0.0,0.0,0.0,0.0,0.0
2022-11-13 12:00:00,0.0,0.0,0.0,0.0,0.0,0.0,0.0
2022-11-13 16:00:00,0.0,0.0,0.0,0.0,0.0,0.0,0.0
2022-11-13 20:00:00,0.0,0.0,0.0,0.0,0.0,0.0,0.0
2022-11-14 00:00:00,0.0,0.0,0.0,0.0,0.0,0.0,0.0
2022-11-14 04:00:00,0.0,0.0,0.0,0.0,0.0,0.0,0.0
2022-11-14 08:00:00,0.0,0.0,0.0,0.0,0.0,0.0,0.0
2022-11-14 12:00:00,0.0,0.0,0.0,0.0,0.0,0.0,0.0
2022-11-14 16:00:00,0.0,0.0,0.0,0.0,0.0,0.0,0.0
2022-11-14 20:00:00,0.0,0.0,0.0,0.0,0.0,0.0,0.0
2022-11-15 00:00:00,0.0,0.0,0.0,0.0,0.0,0.0,0.0
2022-11-15 04:00:00,0.0,0.0,0.0,0.0,0.0,0.0,0.0
2022-11-15 08:00:00,0.0,0.0,0.0,0.0,0.0,0.0,0.0
2022-11-15 12:00:00,0.0,0.0,0.0,0.0,0.0,0.0,0.0
2022-11-15 16:00:00,0.0,0.0,0.0,0.0,0.0,0.0,0.0
2022-11-15 20:00:00,0.0,0.0,0.0,0.0,0.0,0.0,0.0
2022-11-16 00:00:00,0.0,0.0,0.0,0.0,0.0,0.0,0.0
2022-11-16 04:00:00,0.0,0.0,0.0,0.0,0.0,0.0,0.0
2022-11-16 08:00:00,0.0,0.0,0.0,0.0,0.0,0.0,0.0
2022-11-16 12:00:00,0.0,0.0,0.0,0.0,0.0,0.0,0.0
2022-11-16 16:00:00,0.0,0.0,0.0,0.0,0.0,0.0,0.0
2022-11-16 20:00:00,0.0,0.0,0.0,0.0,0.0,0.0,0.0
2022-11-17 00:00:00,0.0,0.0,0.0,0.0,0.0,0.0,0.0
2022-11-17 04:00:00,0.0,0.0,0.0,0.0,0.0,0.0,0.0
2022-11-17 08:00:00,0.0,0.0,0.0,0.0,0.0,0.0,0.0
2022-11-17 12:00:00,0.0,0.0,0.0,0.0,0.0,0.0,0.0
2022-11-17 16:00:00,0.0,0.0,0.0,0.0,0.0,0.0,0.0
2022-11-17 20:00:00,0.0,0.0,0.0,0.0,0.0,0.0,0.0
2022-11-18 00:00:00,0.0,0.0,0.0,0.0,0.0,0.0,0.0
2022-11-18 04:00:00,0.0,0.0,0.0,0.0,0.0,0.0,0.0
2022-11-18 08:00:00,0.0,0.0,0.0,0.0,0.0,0.0,0.0
2022-11-18 12:00:00,0.0,0.0,0.0,0.0,0.0,0.0,0.0
2022-11-18 16:00:00,0.0,0.0,0.0,0.0,0.0,0.0,0.0
2022-11-18 20:00:00,0.0,0.0,0.0,0.0,0.0,0.0,0.0
2022-11-19 00:00:00,0.0,0.0,0.0,0.0,0.0,0.0,0.0
2022-11-19 04:00:00,0.0,0.0,0.0,0.0,0.0,0.0,0.0
2022-11-19 08:00:00,0.0,0.0,0.0,0.0,0.0,0.0,0.0
2022-11-19 12:00:00,0.0,0.0,0.0,0.0,0.0,0.0,0.0
2022-11-19 16:00:00,0.0,0.0,0.0,0.0,0.0,0.0,0.0
2022-11-19 20:00:00,0.0,0.0,0.0,0.0,0.0,0.0,0.0
2022-11-20 00:00:00,0.0,0.0,0.0,0.0,0.0,0.0,0.0
2022-11-20 04:00:00,0.0,0.0,0.0,0.0,0.0,0.0,0.0
2022-11-20 08:00:00,0.0,0.0,0.0,0.0,0.0,0.0,0.0
2022-11-20 12:00:00,0.0,0.0,0.0,0.0,0.0,0.0,0.0
2022-11-20 16:00:00,0.0,0.0,0.0,0.0,0.0,0.0,0.0
2022-11-20 20:00:00,0.0,0.0,0.0,0.0,0.0,0.0,0.0
2022-11-21 00:00:00,0.0,0.0,0.0,0.0,0.0,0.0,0.0
2022-11-21 04:00:00,0.0,0.0,0.0,0.0,0.0,0.0,0.0
2022-11-21 08:00:00,0.0,0.0,0.0,0.0,0.0,0.0,0.0
2022-11-21 12:00:00,0.0,0.0,0.0,0.0,0.0,0.0,0.0
2022-11-21 16:00:00,0.0,0.0,0.0,0.0,0.0,0.0,0.0
2022-11-21 20:00:00,0.0,0.0,0.0,0.0,0.0,0.0,0.0
2022-11-22 00:00:00,0.0,0.0,0.0,0.0,0.0,0.0,0.0
2022-11-22 04:00:00,0.0,0.0,0.0,0.0,0.0,0.0,0.0
2022-11-22 08:00:00,0.0,0.0,0.0,0.0,0.0,0.0,0.0
2022-11-22 12:00:00,0.0,0.0,0.0,0.0,0.0,0.0,0.0
2022-11-22 16:00:00,0.0,0.0,0.0,0.0,0.0,0.0,0.0
2022-11-22 20:00:00,0.0,0.0,0.0,0.0,0.0,0.0,0.0
2022-11-23 00:00:00,0.0,0.0,0.0,0.0,0.0,0.0,0.0
2022-11-23 04:00:00,0.0,0.0,0.0,0.0,0.0,0.0,0.0
2022-11-23 08:00:00,0.0,0.0,0.0,0.0,0.0,0.0,0.0
2022-11-23 12:00:00,0.0,0.0,0.2757735148514857,0.0,0.0,0.0,0.0
2022-11-23 16:00:00,0.0,0.0,0.2757735148514857,0.0,0.0,0.0,0.0
2022-11-23 20:00:00,0.0,0.0,0.2757735148514857,0.0,0.0,0.0,0.0
2022-11-24 00:00:00,0.0,0.0,0.2757735148514857,0.0,0.0,0.0,0.0
2022-11-24 04:00:00,0.0,0.0,0.2757735148514857,0.0,0.0,0.0,0.0
2022-11-24 08:00:00,0.0,0.0,0.2757735148514857,0.0,0.0,0.0,0.0
2022-11-24 12:00:00,0.0,0.0,0.2757735148514857,0.0,0.0,0.0,0.0
2022-11-24 16:00:00,0.0,0.0,0.2757735148514857,0.0,0.0,0.0,0.0
2022-11-24 20:00:00,0.0,0.0,0.2757735148514857,0.0,0.0,0.0,0.20051375538614535
2022-11-25 00:00:00,0.0,0.0,0.2757735148514857,0.0,0.0,0.0,0.20051375538614535
2022-11-25 04:00:00,0.0,0.0,0.2757735148514857,0.0,0.0,0.0,0.20051375538614535
2022-11-25 08:00:00,0.0,0.0,0.2757735148514857,0.0,0.0,0.0,0.0
2022-11-25 12:00:00,0.0,0.0,0.2757735148514857,0.0,0.0,0.0,0.0
2022-11-25 16:00:00,0.0,0.0,0.2757735148514857,0.0,0.0,0.0,0.0
2022-11-25 20:00:00,0.0,0.0,0.2757735148514857,0.0,0.0,0.0,0.0
2022-11-26 00:00:00,0.0,0.0,0.2757735148514857,0.0,0.0,0.0,0.0
2022-11-26 04:00:00,0.0,0.0,0.2757735148514857,0.0,0.0,0.0,0.0
2022-11-26 08:00:00,0.0,0.0,0.2757735148514857,0.0,0.0,0.0,0.0
2022-11-26 12:00:00,0.0,0.0,0.2757735148514857,0.0,0.0,0.0,0.0
2022-11-26 16:00:00,0.0,0.0,0.2757735148514857,0.0,0.0,0.0,0.0
2022-11-26 20:00:00,0.0,0.0,0.2757735148514857,0.0,0.0,0.0,0.0
2022-11-27 00:00:00,0.0,0.0,0.2757735148514857,0.0,0.0,0.0,0.0
2022-11-27 04:00:00,0.0,0.0,0.2757735148514857,0.0,0.0,0.0,0.0
2022-11-27 08:00:00,0.0,0.0,0.2757735148514857,0.0,0.0,0.0,0.0
2022-11-27 12:00:00,0.0,0.0,0.2757735148514857,0.0,0.0,0.0,0.0
2022-11-27 16:00:00,0.0,0.0,0.2757735148514857,0.0,0.0,0.0,0.0
2022-11-27 20:00:00,0.0,0.0,0.2757735148514857,0.0,0.0,0.0,0.0
2022-11-28 00:00:00,0.0,0.0,0.2757735148514857,0.0,0.0,0.0,0.0
2022-11-28 04:00:00,0.0,0.0,0.0,0.0,0.0,0.0,0.0
2022-11-28 08:00:00,0.0,0.0,0.0,0.0,0.0,0.0,0.0
2022-11-28 12:00:00,0.0,0.0,0.0,0.0,0.0,0.0,0.0
2022-11-28 16:00:00,0.0,0.0,0.0,0.0,0.0,0.0,0.0
2022-11-28 20:00:00,0.0,0.0,0.0,0.0,0.0,0.0,0.0
2022-11-29 00:00:00,0.0,0.0,0.0,0.0,0.0,0.0,0.0
2022-11-29 04:00:00,0.0,0.0,0.0,0.0,0.0,0.0,0.0
2022-11-29 08:00:00,0.0,0.0,0.0,0.0,0.0,0.0,0.0
2022-11-29 12:00:00,0.0,0.0,0.0,0.0,0.0,0.0,0.0
2022-11-29 16:00:00,0.0,0.0,0.0,0.0,0.0,0.0,0.0
2022-11-29 20:00:00,0.0,0.0,0.0,0.0,0.0,0.0,0.0
2022-11-30 00:00:00,0.0,0.0,0.0,0.0,0.0,0.0,0.0
2022-11-30 04:00:00,0.0,0.0,0.0,0.47540686735653975,0.30377227104643933,0.0,0.0
2022-11-30 08:00:00,0.0,0.0,0.0,0.47540686735653975,0.30377227104643933,0.0,0.0
2022-11-30 12:00:00,0.0,0.0,0.0,0.47540686735653975,0.30377227104643933,0.0,0.0
2022-11-30 16:00:00,0.0,0.0,0.0,0.47540686735653975,0.30377227104643933,0.0,0.0
2022-11-30 20:00:00,0.0,0.0,0.0,0.47540686735653975,0.30377227104643933,0.0,0.0
2022-12-01 00:00:00,0.0,0.0,0.0,0.47540686735653975,0.30377227104643933,0.0,0.0
2022-12-01 04:00:00,0.0,0.0,0.0,0.47540686735653975,0.30377227104643933,0.0,0.0
2022-12-01 08:00:00,0.0,0.0,0.0,0.47540686735653975,0.30377227104643933,0.0,0.0
2022-12-01 12:00:00,0.0,0.0,0.0,0.47540686735653975,0.30377227104643933,0.0,0.0
2022-12-01 16:00:00,0.0,0.0,0.0,0.47540686735653975,0.30377227104643933,0.0,0.0
2022-12-01 20:00:00,0.0,0.0,0.0,0.47540686735653975,0.30377227104643933,0.0,0.0
2022-12-02 00:00:00,0.0,0.0,0.0,0.47540686735653975,0.30377227104643933,0.0,0.0
2022-12-02 04:00:00,0.0,0.0,0.0,0.47540686735653975,0.30377227104643933,0.0,0.0
2022-12-02 08:00:00,0.0,0.0,0.0,0.47540686735653975,0.30377227104643933,0.0,0.0
2022-12-02 12:00:00,0.0,0.0,0.0,0.47540686735653975,0.30377227104643933,0.0,0.0
2022-12-02 16:00:00,0.0,0.0,0.0,0.0,0.30377227104643933,0.0,0.0
2022-12-02 20:00:00,0.0,0.0,0.0,0.0,0.30377227104643933,0.0,0.0
2022-12-03 00:00:00,0.0,0.22759776536312815,0.0,0.0,0.30377227104643933,0.0,0.0
2022-12-03 04:00:00,0.0,0.22759776536312815,0.0,0.0,0.30377227104643933,0.0,0.0
2022-12-03 08:00:00,0.0,0.22759776536312815,0.0,0.0,0.30377227104643933,0.0,0.0
2022-12-03 12:00:00,0.33710910354412754,0.22759776536312815,0.0,0.0,0.30377227104643933,0.0,0.0
2022-12-03 16:00:00,0.33710910354412754,0.22759776536312815,0.0,0.0,0.30377227104643933,0.0,0.0
2022-12-03 20:00:00,0.33710910354412754,0.22759776536312815,0.0,0.0,0.30377227104643933,0.0,0.0
2022-12-04 00:00:00,0.33710910354412754,0.22759776536312815,0.0,0.0,0.0,0.0,0.0
2022-12-04 04:00:00,0.33710910354412754,0.22759776536312815,0.0,0.0,0.0,0.0,0.0
2022-12-04 08:00:00,0.33710910354412754,0.22759776536312815,0.0,0.0,0.0,0.0,0.0
2022-12-04 12:00:00,0.33710910354412754,0.22759776536312815,0.0,0.0,0.0,0.0,0.0
2022-12-04 16:00:00,0.33710910354412754,0.22759776536312815,0.0,0.0,0.0,0.0,0.0
2022-12-04 20:00:00,0.33710910354412754,0.22759776536312815,0.0,0.0,0.0,0.0,0.0
2022-12-05 00:00:00,0.33710910354412754,0.22759776536312815,0.0,0.0,0.0,0.0,0.0
2022-12-05 04:00:00,0.33710910354412754,0.22759776536312815,0.0,0.0,0.0,0.0,0.0
2022-12-05 08:00:00,0.33710910354412754,0.22759776536312815,0.0,0.0,0.0,0.0,0.0
2022-12-05 12:00:00,0.33710910354412754,0.22759776536312815,0.0,0.0,0.0,0.0,0.0
2022-12-05 16:00:00,0.33710910354412754,0.22759776536312815,0.0,0.0,0.0,0.0,0.0
2022-12-05 20:00:00,0.0,0.0,0.0,0.0,0.0,0.0,0.0
2022-12-06 00:00:00,0.0,0.0,0.0,0.0,0.0,0.0,0.0
2022-12-06 04:00:00,0.0,0.0,0.0,0.0,0.0,0.0,0.0
2022-12-06 08:00:00,0.0,0.0,0.0,0.0,0.0,0.0,0.0
2022-12-06 12:00:00,0.0,0.0,0.0,0.0,0.0,0.0,0.0
2022-12-06 16:00:00,0.0,0.0,0.0,0.0,0.0,0.0,0.0
2022-12-06 20:00:00,0.0,0.0,0.0,0.0,0.0,0.0,0.0
2022-12-07 00:00:00,0.0,0.0,0.0,0.0,0.0,0.0,0.0
2022-12-07 04:00:00,0.0,0.0,0.0,0.0,0.0,0.0,0.0
2022-12-07 08:00:00,0.0,0.0,0.0,0.0,0.0,0.0,0.0
2022-12-07 12:00:00,0.0,0.0,0.0,0.0,0.0,0.0,0.0
2022-12-07 16:00:00,0.0,0.0,0.0,0.0,0.0,0.0,0.0
2022-12-07 20:00:00,0.0,0.0,0.0,0.0,0.0,0.0,0.0
2022-12-08 00:00:00,0.0,0.0,0.0,0.0,0.0,0.0,0.0
2022-12-08 04:00:00,0.0,0.0,0.0,0.0,0.0,0.0,0.0
2022-12-08 08:00:00,0.0,0.0,0.0,0.0,0.0,0.0,0.0
2022-12-08 12:00:00,0.0,0.0,0.0,0.0,0.0,0.0,0.0
2022-12-08 16:00:00,0.0,0.0,0.0,0.0,0.0,0.0,0.0
2022-12-08 20:00:00,0.0,0.0,0.0,0.0,0.0,0.0,0.0
2022-12-09 00:00:00,0.0,0.0,0.0,0.0,0.0,0.0,0.0
2022-12-09 04:00:00,0.0,0.0,0.0,0.0,0.0,0.0,0.0
2022-12-09 08:00:00,0.0,0.0,0.0,0.0,0.0,0.0,0.0
2022-12-09 12:00:00,0.0,0.0,0.0,0.0,0.0,0.0,0.0
2022-12-09 16:00:00,0.0,0.0,0.0,0.0,0.0,0.0,0.0
2022-12-09 20:00:00,0.0,0.0,0.0,0.0,0.0,0.0,0.0
2022-12-10 00:00:00,0.0,0.0,0.0,0.0,0.0,0.0,0.0
2022-12-10 04:00:00,0.0,0.0,0.0,0.0,0.0,0.0,0.0
2022-12-10 08:00:00,0.0,0.0,0.0,0.0,0.0,0.0,0.0
2022-12-10 12:00:00,0.0,0.0,0.0,0.0,0.0,0.0,0.0
2022-12-10 16:00:00,0.0,0.0,0.0,0.0,0.0,0.0,0.0
2022-12-10 20:00:00,0.0,0.0,0.0,0.0,0.0,0.0,0.0
2022-12-11 00:00:00,0.0,0.0,0.0,0.0,0.0,0.0,0.0
2022-12-11 04:00:00,0.0,0.0,0.0,0.0,0.0,0.0,0.0
2022-12-11 08:00:00,0.0,0.0,0.0,0.0,0.0,0.0,0.0
2022-12-11 12:00:00,0.0,0.0,0.0,0.0,0.0,0.0,0.0
2022-12-11 16:00:00,0.0,0.0,0.0,0.0,0.0,0.0,0.0
2022-12-11 20:00:00,0.0,0.0,0.0,0.0,0.0,0.0,0.0
2022-12-12 00:00:00,0.0,0.0,0.0,0.0,0.0,0.0,0.0
2022-12-12 04:00:00,0.0,0.0,0.0,0.0,0.0,0.0,0.0
2022-12-12 08:00:00,0.0,0.0,0.0,0.0,0.0,0.0,0.0
2022-12-12 12:00:00,0.0,0.0,0.0,0.0,0.0,0.0,0.0
2022-12-12 16:00:00,0.0,0.0,0.0,0.0,0.0,0.0,0.0
2022-12-12 20:00:00,0.0,0.0,0.0,0.0,0.0,0.0,0.0
2022-12-13 00:00:00,0.0,0.0,0.0,0.0,0.0,0.0,0.0
2022-12-13 04:00:00,0.0,0.0,0.0,0.0,0.0,0.0,0.0
2022-12-13 08:00:00,0.0,0.0,0.0,0.0,0.0,0.0,0.0
2022-12-13 12:00:00,0.0,0.0,0.0,0.7311530766780475,0.0,0.0,0.0
2022-12-13 16:00:00,0.0,0.0,0.0,0.0,0.3936462938366069,0.0,0.0
2022-12-13 20:00:00,0.0,0.0,0.0,0.0,0.3936462938366069,0.0,0.0
2022-12-14 00:00:00,0.0,0.0,0.0,0.0,0.3936462938366069,0.0,0.0
2022-12-14 04:00:00,0.0,0.0,0.0,0.0,0.3936462938366069,0.0,0.0
2022-12-14 08:00:00,0.0,0.0,0.0,0.0,0.3936462938366069,0.0,0.0
2022-12-14 12:00:00,0.0,0.0,0.0,0.0,0.3936462938366069,0.0,0.0
2022-12-14 16:00:00,0.0,0.0,0.0,0.5038126387185294,0.2834222943656974,0.2127650669157732,0.0
2022-12-14 20:00:00,0.0,0.0,0.0,0.0,0.0,0.2955102040816326,0.0
2022-12-15 00:00:00,0.0,0.0,0.0,0.0,0.0,0.2955102040816326,0.0
2022-12-15 04:00:00,0.0,0.0,0.0,0.0,0.0,0.0,0.0
2022-12-15 08:00:00,0.0,0.0,0.0,0.0,0.0,0.0,0.0
2022-12-15 12:00:00,0.0,0.0,0.0,0.0,0.0,0.0,0.0
2022-12-15 16:00:00,0.0,0.0,0.0,0.0,0.0,0.0,0.0
2022-12-15 20:00:00,0.0,0.0,0.0,0.0,0.0,0.0,0.0
2022-12-16 00:00:00,0.0,0.0,0.0,0.0,0.0,0.0,0.0
2022-12-16 04:00:00,0.0,0.0,0.0,0.0,0.0,0.0,0.0
2022-12-16 08:00:00,0.0,0.0,0.0,0.0,0.0,0.0,0.0
2022-12-16 12:00:00,0.0,0.0,0.0,0.0,0.0,0.0,0.0
2022-12-16 16:00:00,0.0,0.0,0.0,0.0,0.0,0.0,0.0
2022-12-16 20:00:00,0.0,0.0,0.0,0.0,0.0,0.0,0.0
2022-12-17 00:00:00,0.0,0.0,0.0,0.0,0.0,0.0,0.0
2022-12-17 04:00:00,0.0,0.0,0.0,0.0,0.0,0.0,0.0
2022-12-17 08:00:00,0.0,0.0,0.0,0.0,0.0,0.0,0.0
2022-12-17 12:00:00,0.0,0.0,0.0,0.0,0.0,0.0,0.0
2022-12-17 16:00:00,0.0,0.0,0.0,0.0,0.0,0.0,0.0
2022-12-17 20:00:00,0.0,0.0,0.0,0.0,0.0,0.0,0.0
2022-12-18 00:00:00,0.0,0.0,0.0,0.0,0.0,0.0,0.0
2022-12-18 04:00:00,0.0,0.0,0.0,0.0,0.0,0.0,0.0
2022-12-18 08:00:00,0.0,0.0,0.0,0.0,0.0,0.0,0.0
2022-12-18 12:00:00,0.0,0.0,0.0,0.0,0.0,0.0,0.0
2022-12-18 16:00:00,0.0,0.0,0.0,0.0,0.0,0.0,0.0
2022-12-18 20:00:00,0.0,0.0,0.0,0.0,0.0,0.0,0.0
2022-12-19 00:00:00,0.0,0.0,0.0,0.0,0.0,0.0,0.0
2022-12-19 04:00:00,0.0,0.0,0.0,0.0,0.0,0.0,0.0
2022-12-19 08:00:00,0.0,0.0,0.0,0.0,0.0,0.0,0.0
2022-12-19 12:00:00,0.0,0.0,0.0,0.0,0.0,0.0,0.0
2022-12-19 16:00:00,0.0,0.0,0.0,0.0,0.0,0.0,0.0
2022-12-19 20:00:00,0.0,0.0,0.0,0.0,0.0,0.0,0.0
2022-12-20 00:00:00,0.0,0.0,0.0,0.0,0.0,0.0,0.0
2022-12-20 04:00:00,0.0,0.0,0.0,0.0,0.0,0.0,0.0
2022-12-20 08:00:00,0.0,0.0,0.0,0.0,0.0,0.0,0.0
2022-12-20 12:00:00,0.0,0.0,0.0,0.0,0.0,0.0,0.0
2022-12-20 16:00:00,0.0,0.0,0.0,0.0,0.0,0.0,0.0
2022-12-20 20:00:00,0.0,0.0,0.0,0.0,0.0,0.0,0.0
2022-12-21 00:00:00,0.0,0.0,0.0,0.0,0.0,0.0,0.0
2022-12-21 04:00:00,0.0,0.0,0.0,0.0,0.0,0.0,0.0
2022-12-21 08:00:00,0.0,0.0,0.0,0.0,0.0,0.0,0.0
2022-12-21 12:00:00,0.0,0.0,0.0,0.0,0.0,0.0,0.0
2022-12-21 16:00:00,0.0,0.0,0.0,0.0,0.0,0.0,0.0
2022-12-21 20:00:00,0.0,0.0,0.0,0.0,0.0,0.0,0.0
2022-12-22 00:00:00,0.0,0.0,0.0,0.0,0.0,0.0,0.0
2022-12-22 04:00:00,0.0,0.0,0.0,0.0,0.0,0.0,0.0
2022-12-22 08:00:00,0.0,0.0,0.0,0.0,0.0,0.0,0.0
2022-12-22 12:00:00,0.0,0.0,0.0,0.0,0.0,0.0,0.0
2022-12-22 16:00:00,0.0,0.0,0.0,0.0,0.0,0.0,0.0
2022-12-22 20:00:00,0.0,0.0,0.0,0.0,0.0,0.0,0.0
2022-12-23 00:00:00,0.0,0.0,0.0,0.0,0.0,0.0,0.0
2022-12-23 04:00:00,0.0,0.0,0.0,0.0,0.0,0.0,0.0
2022-12-23 08:00:00,0.0,0.0,0.0,0.0,0.0,0.0,0.0
2022-12-23 12:00:00,0.0,0.0,0.0,0.0,0.0,0.0,0.0
2022-12-23 16:00:00,0.0,0.0,0.0,0.0,0.0,0.0,0.0
2022-12-23 20:00:00,0.0,0.0,0.0,0.0,0.0,0.0,0.0
2022-12-24 00:00:00,0.0,0.0,0.0,0.0,0.0,0.0,0.0
2022-12-24 04:00:00,0.0,0.0,0.0,0.0,0.0,0.0,0.0
2022-12-24 08:00:00,0.0,0.0,0.0,0.0,0.0,0.0,0.0
2022-12-24 12:00:00,0.0,0.0,0.0,0.0,0.0,0.0,0.0
2022-12-24 16:00:00,0.0,0.0,0.0,0.0,0.0,0.0,0.0
2022-12-24 20:00:00,0.0,0.0,0.0,0.0,0.0,0.0,0.0
2022-12-25 00:00:00,0.0,0.0,0.0,0.0,0.0,0.0,0.0
2022-12-25 04:00:00,0.0,0.0,0.0,0.0,0.0,0.0,0.0
2022-12-25 08:00:00,0.0,0.0,0.0,0.0,0.0,0.0,0.0
2022-12-25 12:00:00,0.0,0.0,0.0,0.0,0.0,0.0,0.0
2022-12-25 16:00:00,0.0,0.0,0.0,0.0,0.0,0.0,0.0
2022-12-25 20:00:00,0.0,0.0,0.0,0.0,0.0,0.0,0.0
2022-12-26 00:00:00,0.0,0.0,0.0,0.0,0.0,0.0,0.0
2022-12-26 04:00:00,0.0,0.0,0.0,0.0,0.0,0.0,0.0
2022-12-26 08:00:00,0.0,0.0,0.0,0.0,0.0,0.0,0.0
2022-12-26 12:00:00,0.0,0.0,0.0,0.0,0.0,0.0,0.0
2022-12-26 16:00:00,0.0,0.0,0.0,0.0,0.0,0.0,0.0
2022-12-26 20:00:00,0.0,0.0,0.0,0.0,0.0,0.0,0.47958115183246197
2022-12-27 00:00:00,0.0,0.0,0.0,0.0,0.0,0.0,0.47958115183246197
2022-12-27 04:00:00,0.0,0.0,0.0,0.0,0.0,0.0,0.0
2022-12-27 08:00:00,0.0,0.0,0.0,0.0,0.0,0.0,0.0
2022-12-27 12:00:00,0.0,0.0,0.0,0.0,0.0,0.0,0.0
2022-12-27 16:00:00,0.0,0.0,0.0,0.0,0.0,0.0,0.0
2022-12-27 20:00:00,0.0,0.0,0.0,0.0,0.0,0.0,0.0
2022-12-28 00:00:00,0.0,0.0,0.0,0.0,0.0,0.0,0.0
2022-12-28 04:00:00,0.0,0.0,0.0,0.0,0.0,0.0,0.0
2022-12-28 08:00:00,0.0,0.0,0.0,0.0,0.0,0.0,0.0
2022-12-28 12:00:00,0.0,0.0,0.0,0.0,0.0,0.0,0.0
2022-12-28 16:00:00,0.0,0.0,0.0,0.0,0.0,0.0,0.0
2022-12-28 20:00:00,0.0,0.0,0.0,0.0,0.0,0.0,0.0
2022-12-29 00:00:00,0.0,0.0,0.0,0.0,0.0,0.0,0.0
2022-12-29 04:00:00,0.0,0.0,0.0,0.0,0.0,0.0,0.0
2022-12-29 08:00:00,0.0,0.0,0.0,0.0,0.0,0.0,0.0
2022-12-29 12:00:00,0.0,0.0,0.0,0.0,0.0,0.0,0.0
2022-12-29 16:00:00,0.0,0.0,0.0,0.0,0.0,0.0,0.0
2022-12-29 20:00:00,0.0,0.0,0.0,0.0,0.0,0.0,0.0
2022-12-30 00:00:00,0.0,0.0,0.0,0.0,0.0,0.0,0.0
2022-12-30 04:00:00,0.0,0.0,0.0,0.0,0.0,0.0,0.0
2022-12-30 08:00:00,0.0,0.0,0.0,0.0,0.0,0.0,0.0
2022-12-30 12:00:00,0.0,0.0,0.0,0.0,0.0,0.0,0.0
2022-12-30 16:00:00,0.0,0.0,0.0,0.0,0.0,0.0,0.0
2022-12-30 20:00:00,0.0,0.0,0.0,0.0,0.0,0.0,0.0
2022-12-31 00:00:00,0.0,0.0,0.0,0.0,0.0,0.0,0.0
2022-12-31 04:00:00,0.0,0.0,0.0,0.0,0.0,0.0,0.0
2022-12-31 08:00:00,0.0,0.0,0.0,0.0,0.0,0.0,0.0
2022-12-31 12:00:00,0.0,0.0,0.0,0.0,0.0,0.0,0.0
2022-12-31 16:00:00,0.0,0.0,0.0,0.0,0.0,0.0,0.0
2022-12-31 20:00:00,0.0,0.0,0.0,0.0,0.0,0.0,0.0
