timestamp,ret,equity,drawdown,benchmark_equity,active_ret
2018-01-01,0.0,1000.0,0.0,1000.0,0.0
2018-01-02,0.0,1000.0,0.0,1037.2845160869608,-0.03728451608696085
2018-01-03,0.0,1000.0,0.0,1063.411309962318,-0.0251876832924466
2018-01-04,0.0,1000.0,0.0,1063.179329736505,0.00021814722454007094
2018-01-05,0.0,1000.0,0.0,1180.9507466126854,-0.11077286171973297
2018-01-06,0.0,1000.0,0.0,1277.2618525413204,-0.08155387191623682
2018-01-07,0.0,1000.0,0.0,1256.707795354817,0.016092281426559323
2018-01-08,0.0,1000.0,0.0,1238.689939319059,0.014337347235656257
2018-01-09,0.0,1000.0,0.0,1251.4868244826612,-0.010330983369927755
2018-01-10,0.0,1000.0,0.0,1252.727120826144,-0.0009910582510492022
2018-01-11,0.0,1000.0,0.0,1255.0514413883814,-0.0018554085112360325
2018-01-12,0.0,1000.0,0.0,1288.3688588469545,-0.026546654869952002
2018-01-13,0.0,1000.0,0.0,1312.9027652810403,-0.01904261055800665
2018-01-14,0.0,1000.0,0.0,1284.2844184339947,0.02179776568672195
2018-01-15,0.0,1000.0,0.0,1264.8201280651897,0.015155747503764836
2018-01-16,0.0,1000.0,0.0,1133.6989504082462,0.10366784552798118
2018-01-17,0.0,1000.0,0.0,1147.2905262125398,-0.01198869929217047
2018-01-18,0.0,1000.0,0.0,1145.2134184947747,0.0018104461514400563
2018-01-19,0.0,1000.0,0.0,1168.5206981336667,-0.02035190931444578
2018-01-20,0.0,1000.0,0.0,1220.9370719197623,-0.044857034941541016
2018-01-21,0.0,1000.0,0.0,1165.954639811617,0.04503297784356137
2018-01-22,0.0,1000.0,0.0,1131.521824232022,0.029531865480768933
2018-01-23,0.0,1000.0,0.0,1132.3999890538016,-0.0007760918110224026
2018-01-24,0.0,1000.0,0.0,1162.63767185453,-0.026702298739859614
2018-01-25,0.0,1000.0,0.0,1152.043892698261,0.00911184921384045
2018-01-26,0.0,1000.0,0.0,1149.2182434119384,0.0024527271089510106
2018-01-27,0.0,1000.0,0.0,1169.0978390404869,-0.017298364120575886
2018-01-28,0.0,1000.0,0.0,1199.2651754639546,-0.025803945072917975
2018-01-29,0.0,1000.0,0.0,1168.011391889063,0.0260607780616999
2018-01-30,0.0,1000.0,0.0,1122.5589607852573,0.03891437311265771
2018-01-31,0.0,1000.0,0.0,1126.8506603626824,-0.003823139565357752
2018-02-01,0.0,1000.0,0.0,1072.7878305809995,0.04797692514488353
2018-02-02,0.0,1000.0,0.0,1053.129877371187,0.018324176178588867
2018-02-03,0.0,1000.0,0.0,1066.259136172906,-0.01246689423957086
2018-02-04,0.0,1000.0,0.0,1004.8001034383265,0.057639865066172025
2018-02-05,0.0,1000.0,0.0,933.2318141492187,0.07122639522449101
2018-02-06,0.0,1000.0,0.0,992.7799822087297,-0.06380854912645484
2018-02-07,0.0,1000.0,0.0,983.7958960770393,0.009049423127673031
2018-02-08,0.0,1000.0,0.0,996.1098282098328,-0.012516754930465033
2018-02-09,0.0,1000.0,0.0,1057.090325877913,-0.0612186487283957
2018-02-10,0.0,1000.0,0.0,1040.6094738050292,0.015590769936520674
2018-02-11,0.0,1000.0,0.0,1015.8784275930535,0.023765924522621957
2018-02-12,0.0,1000.0,0.0,1052.4500330530439,-0.0359999823469432
2018-02-13,0.0,1000.0,0.0,1036.76701884968,0.014901433522567184
2018-02-14,0.0,1000.0,0.0,1089.087076512582,-0.050464623885270274
2018-02-15,0.0,1000.0,0.0,1105.891085020487,-0.015429444412942679
2018-02-16,0.0,1000.0,0.0,1116.4114607137328,-0.00951303056489583
2018-02-17,0.0,1000.0,0.0,1141.3525431446974,-0.022340403434249496
2018-02-18,0.0,1000.0,0.0,1107.8055718396727,0.02939229557643503
2018-02-19,0.0,1000.0,0.0,1130.1365436079375,-0.020157843881558675
2018-02-20,0.0,1000.0,0.0,1104.2472530856421,0.022908108465941934
2018-02-21,0.0,1000.0,0.0,1076.9632682489218,0.02470822070010102
2018-02-22,0.0,1000.0,0.0,1052.8685389111808,0.02237284227615063
2018-02-23,0.0,1000.0,0.0,1081.3193678317011,-0.027022204452934146
2018-02-24,0.0,1000.0,0.0,1061.807083557348,0.018044885585911347
2018-02-25,0.0,1000.0,0.0,1065.8755975372728,-0.0038316884893007585
2018-02-26,0.0,1000.0,0.0,1091.6602963879545,-0.024191095949900352
2018-02-27,0.0,1000.0,0.0,1105.8075619805372,-0.012959402883289466
2018-02-28,0.0,1000.0,0.0,1097.5789547398172,0.007441265120291355
2018-03-01,0.0,1000.0,0.0,1110.0813976047164,-0.011390928015618649
2018-03-02,0.0,1000.0,0.0,1105.5326745349319,0.004097648226156706
2018-03-03,0.0,1000.0,0.0,1111.650693499077,-0.005534001034134055
2018-03-04,0.0,1000.0,0.0,1117.0229239530947,-0.004832660551947088
2018-03-05,0.0,1000.0,0.0,1108.0361752055876,0.008045267966125083
2018-03-06,0.0,1000.0,0.0,1080.0968720692408,0.025215154307721952
2018-03-07,0.0,1000.0,0.0,1050.7483552618553,0.027172115359578735
2018-03-08,0.0,1000.0,0.0,1017.3936260109158,0.031743784402714845
2018-03-09,0.0,1000.0,0.0,1022.7804965021608,-0.005294775152431597
2018-03-10,0.0,1000.0,0.0,995.7110812631103,0.0264664953346549
2018-03-11,0.0,1000.0,0.0,1027.9996159962602,-0.0324276141350062
2018-03-12,0.0,1000.0,0.0,1012.8107542499929,0.014775162859907496
2018-03-13,0.0,1000.0,0.0,1050.9651335146687,-0.037671775407765784
2018-03-14,0.0,1000.0,0.0,998.4915986671464,0.049928901705843125
2018-03-15,0.0,1000.0,0.0,1002.3173516265978,-0.0038315324481027796
2018-03-16,0.0,1000.0,0.0,999.7154902182682,0.0025958459205630557
2018-03-17,0.0,1000.0,0.0,977.542085589743,0.02217971497439151
2018-03-18,0.0,1000.0,0.0,982.1717688075595,-0.004736044909026508
2018-03-19,0.0,1000.0,0.0,995.4890979515872,-0.013559063258554018
2018-03-20,0.0,1000.0,0.0,1002.6415425383692,-0.007184854762849501
2018-03-21,0.0,1000.0,0.0,1015.5536785735064,-0.012878117938787681
2018-03-22,0.0,1000.0,0.0,1009.4085258120102,0.006051036878846101
2018-03-23,0.0,1000.0,0.0,1036.8674094910566,-0.027202944077530353
2018-03-24,0.0,1000.0,0.0,1043.7268816367432,-0.006615573103077302
2018-03-25,0.0,1000.0,0.0,1040.1338658505765,0.0034424865828232643
2018-03-26,0.0,1000.0,0.0,1012.9231700116139,0.02616076327512995
2018-03-27,0.0,1000.0,0.0,989.8879225532427,0.02274135703511166
2018-03-28,0.0,1000.0,0.0,993.9191602807308,-0.00407241833710857
2018-03-29,0.0,1000.0,0.0,940.4169236585262,0.05382956558267057
2018-03-30,0.0,1000.0,0.0,941.3711418220574,-0.001014675660896239
2018-03-31,0.0,1000.0,0.0,952.0068191895969,-0.011298070330638963
2018-04-01,0.0,1000.0,0.0,944.8486394885005,0.007519042465672461
2018-04-02,0.0,1000.0,0.0,970.5272718336898,-0.027177508938458623
2018-04-03,0.0,1000.0,0.0,995.9391689236622,-0.02618359919135476
2018-04-04,0.0,1000.0,0.0,959.8936862068922,0.03619245415934919
2018-04-05,0.0,1000.0,0.0,963.623140133532,-0.003885278109680011
2018-04-06,0.0,1000.0,0.0,953.2040519291994,0.01081240971744281
2018-04-07,0.0,1000.0,0.0,967.7098569752497,-0.015217943122138295
2018-04-08,0.0,1000.0,0.0,971.7927983196842,-0.0042191792457260445
2018-04-09,0.0,1000.0,0.0,964.0328551382052,0.007985182844425984
2018-04-10,0.0,1000.0,0.0,973.3440908179938,-0.009658628987757536
2018-04-11,0.0,1000.0,0.0,982.827285154177,-0.009742900199058704
2018-04-12,0.0,1000.0,0.0,1031.7485526657347,-0.04977605755408306
2018-04-13,0.0,1000.0,0.0,1036.5271031635807,-0.004631506858429406
2018-04-14,0.0,1000.0,0.0,1038.544701048188,-0.0019464979530679255
2018-04-15,0.0,1000.0,0.0,1052.2358873546689,-0.013183049600717636
2018-04-16,0.0,1000.0,0.0,1030.7812542661661,0.02038956601493599
2018-04-17,0.0,1000.0,0.0,1019.4311307872057,0.011011185381946707
2018-04-18,0.0,1000.0,0.0,1049.680539528671,-0.029672832060863814
2018-04-19,0.0,1000.0,0.0,1068.9393301503644,-0.01834728748076153
2018-04-20,0.0,1000.0,0.0,1113.1067611954934,-0.04131893157950887
2018-04-21,0.0,1000.0,0.0,1112.804846272503,0.0002712362672796985
2018-04-22,0.0,1000.0,0.0,1106.6545148587425,0.005526873318679436
2018-04-23,0.0,1000.0,0.0,1128.2542646013915,-0.01951806047202192
2018-04-24,0.0,1000.0,0.0,1183.3689046539193,-0.048849485246128914
2018-04-25,0.0,1000.0,0.0,1109.2964859212675,0.06259452858811972
2018-04-26,0.0,1000.0,0.0,1156.560887144761,-0.042607546155021526
2018-04-27,0.0,1000.0,0.0,1136.4276068100346,0.017407886224157374
2018-04-28,0.0,1000.0,0.0,1206.4791103692553,-0.0616418530660798
2018-04-29,0.0,1000.0,0.0,1210.8715440282872,-0.0036407042784914706
2018-04-30,0.0,1000.0,0.0,1184.332549413195,0.021917266737314676
2018-05-01,0.0,1000.0,0.0,1186.3149299974598,-0.0016738377960202452
2018-05-02,0.0,1000.0,0.0,1205.0806999240085,-0.01581853979245532
2018-05-03,0.0,1000.0,0.0,1237.916002725705,-0.027247389161379126
2018-05-04,0.0,1000.0,0.0,1230.375062705872,0.006091641115575649
2018-05-05,0.0,1000.0,0.0,1247.6130071839893,-0.014010316854282763
2018-05-06,0.0,1000.0,0.0,1216.5449262112,0.02490201752778587
2018-05-07,0.0,1000.0,0.0,1182.272782648302,0.028171703999156774
2018-05-08,0.0,1000.0,0.0,1167.686715962506,0.012337310728851423
2018-05-09,0.0,1000.0,0.0,1180.501081246255,-0.010974146668429219
2018-05-10,0.0,1000.0,0.0,1133.5641518733078,0.03976017482626591
2018-05-11,0.0,1000.0,0.0,1068.2229650341078,0.05764224877014523
2018-05-12,0.0,1000.0,0.0,1078.2574507494483,-0.009393624780403382
2018-05-13,0.0,1000.0,0.0,1111.7290336339922,-0.03104229222926258
2018-05-14,0.0,1000.0,0.0,1100.5526209728566,0.01005318051702077
2018-05-15,0.0,1000.0,0.0,1072.7028000772302,0.025305306047981663
2018-05-16,0.0,1000.0,0.0,1070.371888428294,0.00217293331272052
2018-05-17,0.0,1000.0,0.0,1039.5477522633637,0.02879759502110227
2018-05-18,0.0,1000.0,0.0,1088.7027921648073,-0.0472850235060589
2018-05-19,0.0,1000.0,0.0,1078.9766716954696,0.008933678263098812
2018-05-20,0.0,1000.0,0.0,1102.10828615568,-0.021438475054202884
2018-05-21,0.0,1000.0,0.0,1089.704507165834,0.011254591899596449
2018-05-22,0.0,1000.0,0.0,1036.0935126566412,0.04919773586018036
2018-05-23,0.0,1000.0,0.0,972.1762140700171,0.06169066576117656
2018-05-24,0.0,1000.0,0.0,1000.5730511507168,-0.02920955755728308
2018-05-25,0.0,1000.0,0.0,982.3699702179231,0.0181926556105614
2018-05-26,0.0,1000.0,0.0,976.6435031148881,0.005829236720015674
2018-05-27,0.0,1000.0,0.0,967.7410054876435,0.009115401473363602
2018-05-28,0.0,1000.0,0.0,914.3502548059771,0.05517049538968636
2018-05-29,0.0,1000.0,0.0,977.59186746929,-0.0691656313659941
2018-05-30,0.0,1000.0,0.0,978.241908137173,-0.000664940748295928
2018-05-31,0.0,1000.0,0.0,1015.7109595006289,-0.03830243935756826
2018-06-01,0.0,1000.0,0.0,1018.1170155685961,-0.0023688393292027004
2018-06-02,0.0,1000.0,0.0,1036.2905887986578,-0.01785018121901435
2018-06-03,0.0,1000.0,0.0,1056.2054790813534,-0.019217476736696444
2018-06-04,0.0,1000.0,0.0,1023.2239275187169,0.03122645376856256
2018-06-05,0.0,1000.0,0.0,1052.700996217162,-0.028808033027458428
2018-06-06,0.0,1000.0,0.0,1066.1565310895792,-0.012781915207422714
2018-06-07,0.0,1000.0,0.0,1055.1629423107668,0.010311420938890956
2018-06-08,0.0,1000.0,0.0,1045.9304469786869,0.008749829018692812
2018-06-09,0.0,1000.0,0.0,1034.7395903688314,0.010699427138947495
2018-06-10,0.0,1000.0,0.0,949.0192413125875,0.08284243673878275
2018-06-11,0.0,1000.0,0.0,973.9296935028832,-0.026248627115127782
2018-06-12,0.0,1000.0,0.0,931.9785250807308,0.0430741240379155
2018-06-13,0.0,1000.0,0.0,906.2342628382056,0.027623235460597355
2018-06-14,0.0,1000.0,0.0,945.2347905847358,-0.04303581242270149
2018-06-15,0.0,1000.0,0.0,919.3307900225196,0.0274048319213808
2018-06-16,0.0,1000.0,0.0,931.3415186828897,-0.013064643097699216
2018-06-17,0.0,1000.0,0.0,934.9708243573979,-0.0038968580286646215
2018-06-18,0.0,1000.0,0.0,953.6091658510497,-0.019934677113012382
2018-06-19,0.0,1000.0,0.0,964.1925694446891,-0.011098261187741645
2018-06-20,0.0,1000.0,0.0,952.0738886984735,0.012568734846395964
2018-06-21,0.0,1000.0,0.0,952.4775267723134,-0.0004239566683124085
2018-06-22,0.0,1000.0,0.0,880.1663681464289,0.07591901813256127
2018-06-23,0.0,1000.0,0.0,886.9245953581093,-0.0076783520210079404
2018-06-24,0.0,1000.0,0.0,861.638021348151,0.028510398902342304
2018-06-25,0.0,1000.0,0.0,875.4869992087098,-0.016072849058923984
2018-06-26,0.0,1000.0,0.0,839.974172832201,0.040563510832949325
2018-06-27,0.0,1000.0,0.0,851.6002132854825,-0.013840949911687448
2018-06-28,0.0,1000.0,0.0,826.1494156987407,0.029885851588214662
2018-06-29,0.0,1000.0,0.0,848.9954706166585,-0.0276536598389954
2018-06-30,0.0,1000.0,0.0,875.3992655724769,-0.03110004219061424
2018-07-01,0.0,1000.0,0.0,873.8569964798417,0.0017617893380648595
2018-07-02,0.0,1000.0,0.0,905.9141059317985,-0.03668461725556092
2018-07-03,0.0,1000.0,0.0,890.6795697284961,0.016816755698524748
2018-07-04,0.0,1000.0,0.0,895.3248868247753,-0.0052154750756158485
2018-07-05,0.0,1000.0,0.0,885.1065655566515,0.011412975801848413
2018-07-06,0.0,1000.0,0.0,882.4027020345196,0.0030548451761074186
2018-07-07,0.0,1000.0,0.0,900.5977050853837,-0.02061984058855734
2018-07-08,0.0,1000.0,0.0,894.5337992125509,0.006733201560021567
2018-07-09,0.0,1000.0,0.0,878.8355837683125,0.017549046730327405
2018-07-10,0.0,1000.0,0.0,836.4533345885318,0.0482254587349002
2018-07-11,0.0,1000.0,0.0,845.2860768854669,-0.010559755017630639
2018-07-12,0.0,1000.0,0.0,826.8974032334644,0.021754378966890316
2018-07-13,0.0,1000.0,0.0,836.6963602630251,-0.01185026944242811
2018-07-14,0.0,1000.0,0.0,835.7084793940057,0.0011806922032131992
2018-07-15,0.0,1000.0,0.0,852.0688222184066,-0.019576614606404634
2018-07-16,0.0,1000.0,0.0,898.8026022232692,-0.05484742404162705
2018-07-17,0.0,1000.0,0.0,938.3225836425197,-0.04396958945322828
2018-07-18,0.0,1000.0,0.0,927.9524597850458,0.01105176837715833
2018-07-19,0.0,1000.0,0.0,925.2849976922366,0.0028745676189349772
2018-07-20,0.0,1000.0,0.0,884.5809864942842,0.04399078262316235
2018-07-21,0.0,1000.0,0.0,894.5849500341648,-0.011309268108426711
2018-07-22,0.0,1000.0,0.0,896.4654016727764,-0.002102038088769409
2018-07-23,0.0,1000.0,0.0,893.6627692991758,0.003126314042204933
2018-07-24,0.0,1000.0,0.0,925.4997864227018,-0.035625314399628794
2018-07-25,0.0,1000.0,0.0,929.0777241235468,-0.0038659519465418235
2018-07-26,0.0,1000.0,0.0,915.9257003300194,0.014155999495020142
2018-07-27,0.0,1000.0,0.0,932.1938865493062,-0.017761469312876636
2018-07-28,0.0,1000.0,0.0,937.8259551730275,-0.00604173520657747
2018-07-29,0.0,1000.0,0.0,928.1521823485731,0.01031510460026619
2018-07-30,0.0,1000.0,0.0,907.1992710439106,0.022574866172962924
2018-07-31,0.0,1000.0,0.0,887.2902079604064,0.021945633907526147
2018-08-01,0.0,1000.0,0.0,881.725125639668,0.0062719978996845305
2018-08-02,0.0,1000.0,0.0,868.72522019854,0.014743716678933086
2018-08-03,0.0,1000.0,0.0,871.0085679875842,-0.002628388972663106
2018-08-04,0.0,1000.0,0.0,852.8757474708319,0.020818188457832454
2018-08-05,0.0,1000.0,0.0,856.6388836893227,-0.004412291274139589
2018-08-06,0.0,1000.0,0.0,847.6664951218152,0.010473945017375181
2018-08-07,0.0,1000.0,0.0,815.5527920215285,0.03788483240177097
2018-08-08,0.0,1000.0,0.0,767.6003865868048,0.05879742660908928
2018-08-09,0.0,1000.0,0.0,792.8880076645885,-0.032943731555721376
2018-08-10,0.0,1000.0,0.0,755.868613835441,0.046689309803267354
2018-08-11,0.0,1000.0,0.0,737.3196257858725,0.024539963308500105
2018-08-12,0.0,1000.0,0.0,740.008596677169,-0.003646954180055181
2018-08-13,0.0,1000.0,0.0,696.3015251457168,0.05906292403589402
2018-08-14,0.0,1000.0,0.0,677.0878224673386,0.027593940246443318
2018-08-15,0.0,1000.0,0.0,683.2603663612955,-0.00911631207819376
2018-08-16,0.0,1000.0,0.0,693.8429553882326,-0.01548836951174962
2018-08-17,0.0,1000.0,0.0,761.5585854653135,-0.09759503869170409
2018-08-18,0.0,1000.0,0.0,717.2108437552912,0.05823286948163785
2018-08-19,0.0,1000.0,0.0,730.7073638540849,-0.018818064752237223
2018-08-20,0.0,1000.0,0.0,693.6611706643223,0.050699082864532875
2018-08-21,0.0,1000.0,0.0,711.1738830318636,-0.025246782014292694
2018-08-22,0.0,1000.0,0.0,693.9169358523241,0.024265439987714386
2018-08-23,0.0,1000.0,0.0,705.6250672818586,-0.016872525837914192
2018-08-24,0.0,1000.0,0.0,716.2181393834147,-0.015012323956065934
2018-08-25,0.0,1000.0,0.0,715.2317834792121,0.0013771724701803528
2018-08-26,0.0,1000.0,0.0,712.1409002003898,0.004321512760222809
2018-08-27,0.0,1000.0,0.0,743.2425474958254,-0.04367344620521564
2018-08-28,0.0,1000.0,0.0,760.96778427314,-0.0238485227158152
2018-08-29,0.0,1000.0,0.0,752.4053007135104,0.01125209731159403
2018-08-30,0.0,1000.0,0.0,738.3569189474126,0.0186712955806873
2018-08-31,0.0,1000.0,0.0,740.9164037563013,-0.0034664601132707385
2018-09-01,0.0,1000.0,0.0,763.061269534553,-0.029888480894715772
2018-09-02,0.0,1000.0,0.0,759.9963961195916,0.004016549571217236
2018-09-03,0.0,1000.0,0.0,752.7923519137595,0.009479050483153086
2018-09-04,0.0,1000.0,0.0,754.2258035160226,-0.0019041792847905858
2018-09-05,0.0,1000.0,0.0,673.1070879504709,0.10755229426969388
2018-09-06,0.0,1000.0,0.0,684.2250798004447,-0.016517419068972767
2018-09-07,0.0,1000.0,0.0,662.005966938812,0.032473397303871145
2018-09-08,0.0,1000.0,0.0,637.3132913464995,0.037299777986132314
2018-09-09,0.0,1000.0,0.0,636.2306706867472,0.00169872600250498
2018-09-10,0.0,1000.0,0.0,632.1846595087528,0.006359346325802199
2018-09-11,0.0,1000.0,0.0,618.7444357514487,0.02125996503576666
2018-09-12,0.0,1000.0,0.0,614.3001031750046,0.0071828243126690495
2018-09-13,0.0,1000.0,0.0,640.5741411209366,-0.042770687828530426
2018-09-14,0.0,1000.0,0.0,638.9722877281542,0.0025006526020223845
2018-09-15,0.0,1000.0,0.0,650.0529233057587,-0.01734133982085709
2018-09-16,0.0,1000.0,0.0,649.5238432416235,0.0008139030610686072
2018-09-17,0.0,1000.0,0.0,618.3442996487732,0.04800369365540204
2018-09-18,0.0,1000.0,0.0,650.3411420869481,-0.05174599726454903
2018-09-19,0.0,1000.0,0.0,659.2139448150442,-0.013643305265330927
2018-09-20,0.0,1000.0,0.0,717.313245457018,-0.08813421059876801
2018-09-21,0.0,1000.0,0.0,772.0425361511457,-0.076297616195918
2018-09-22,0.0,1000.0,0.0,762.8900943446095,0.01185484138239826
2018-09-23,0.0,1000.0,0.0,772.3517836800474,-0.01240242782751877
2018-09-24,0.0,1000.0,0.0,736.1061513996711,0.046928916390502375
2018-09-25,0.0,1000.0,0.0,733.2738706453958,0.003847652609463895
2018-09-26,0.0,1000.0,0.0,724.3247771564364,0.012204298894603885
2018-09-27,0.0,1000.0,0.0,754.1395743064631,-0.04116219421220694
2018-09-28,0.0,1000.0,0.0,745.5570976860536,0.011380488324462177
2018-09-29,0.0,1000.0,0.0,756.191557677444,-0.0142637767441233
2018-09-30,0.0,1000.0,0.0,760.8142591323773,-0.006113135498538583
2018-10-01,0.0,1000.0,0.0,758.0675078915418,0.0036102783404293737
2018-10-02,0.0,1000.0,0.0,743.6402253106901,0.019031659358385085
2018-10-03,0.0,1000.0,0.0,741.2657698792467,0.0031930163950602314
2018-10-04,0.0,1000.0,0.0,744.3922494285414,-0.0042177578897295565
2018-10-05,0.0,1000.0,0.0,752.3038101466514,-0.010628214794261395
2018-10-06,0.0,1000.0,0.0,738.8411234306105,0.017895279187030093
2018-10-07,0.0,1000.0,0.0,743.6604165097365,-0.006522773200209664
2018-10-08,0.0,1000.0,0.0,751.7484205439623,-0.010875937262044642
2018-10-09,0.0,1000.0,0.0,745.9552416968573,0.007706273387196586
2018-10-10,0.0,1000.0,0.0,739.2958539060829,0.00892732890464852
2018-10-11,0.0,1000.0,0.0,669.8097734494158,0.09398954436107831
2018-10-12,0.0,1000.0,0.0,687.8238984538577,-0.02689438959911253
2018-10-13,0.0,1000.0,0.0,693.0182361877314,-0.0075518424782126115
2018-10-14,0.0,1000.0,0.0,684.3453633875852,0.012514638644800338
2018-10-15,0.0,1000.0,0.0,728.4620689857495,-0.06446555782855283
2018-10-16,0.0,1000.0,0.0,732.4264688045203,-0.005442149958872108
2018-10-17,0.0,1000.0,0.0,733.7149123765009,-0.0017591439234624679
2018-10-18,0.0,1000.0,0.0,717.445324274836,0.02217426390989896
2018-10-19,0.0,1000.0,0.0,713.9330647260615,0.00489550831253162
2018-10-20,0.0,1000.0,0.0,719.3877529588879,-0.007640335631351215
2018-10-21,0.0,1000.0,0.0,717.8043226902998,0.0022010803799138606
2018-10-22,0.0,1000.0,0.0,716.4147816451609,0.0019358215062442094
2018-10-23,0.0,1000.0,0.0,715.9863325064092,0.0005980462013469737
2018-10-24,0.0,1000.0,0.0,713.3549798107531,0.0036751437509213248
2018-10-25,0.0,1000.0,0.0,710.3277827249864,0.004243605457930392
2018-10-26,0.0,1000.0,0.0,711.807544580937,-0.0020832098813222994
2018-10-27,0.0,1000.0,0.0,707.0369158941603,0.006702132792910146
2018-10-28,0.0,1000.0,0.0,708.1063734981491,-0.0015125908986468911
2018-10-29,0.0,1000.0,0.0,689.989174331634,0.025585420276636604
2018-10-30,0.0,1000.0,0.0,690.3763193149181,-0.0005610884890462511
2018-10-31,0.0,1000.0,0.0,694.2788313288772,-0.005652731567953666
2018-11-01,0.0,1000.0,0.0,699.4401484238269,-0.007434069515083376
2018-11-02,0.0,1000.0,0.0,704.1700973434746,-0.006762478434082604
2018-11-03,0.0,1000.0,0.0,698.7486301603597,0.007699087484071998
2018-11-04,0.0,1000.0,0.0,719.0673780935817,-0.02907876603430196
2018-11-05,0.0,1000.0,0.0,723.6435579378835,-0.006364048743852292
2018-11-06,0.0,1000.0,0.0,748.3732644386511,-0.0341738777738008
2018-11-07,0.0,1000.0,0.0,742.4437659359966,0.007923183235443514
2018-11-08,0.0,1000.0,0.0,724.0320827734461,0.024798757841732164
2018-11-09,0.0,1000.0,0.0,719.9049405505483,0.005700220088436593
2018-11-10,0.0,1000.0,0.0,723.2877339285951,-0.0046989445237863225
2018-11-11,0.0,1000.0,0.0,725.1122017170134,-0.002522464716093647
2018-11-12,0.0,1000.0,0.0,727.2542272775302,-0.0029540608411287345
2018-11-13,0.0,1000.0,0.0,720.4107859394413,0.00940997120595263
2018-11-14,0.0,1000.0,0.0,675.427188578711,0.062441593377964365
2018-11-15,0.0,1000.0,0.0,665.4536040455604,0.014766335589980957
2018-11-16,0.0,1000.0,0.0,649.2569894248203,0.024339209408852053
2018-11-17,0.0,1000.0,0.0,650.2268962849042,-0.0014938720350831896
2018-11-18,0.0,1000.0,0.0,660.047109376892,-0.01510274820696573
2018-11-19,0.0,1000.0,0.0,595.6488881508582,0.0975660984059578
2018-11-20,0.0,1000.0,0.0,552.2249986697998,0.0729018224408412
2018-11-21,0.0,1000.0,0.0,567.7775450301613,-0.028163423238398298
2018-11-22,0.0,1000.0,0.0,537.4320380021161,0.053446120392861375
2018-11-23,0.0,1000.0,0.0,532.9447787121256,0.008349445088297412
2018-11-24,0.0,1000.0,0.0,497.3642896177387,0.06676205587447197
2018-11-25,0.0,1000.0,0.0,502.931740101333,-0.011193908770316816
2018-11-26,0.0,1000.0,0.0,484.26923435948396,0.03710743278618459
2018-11-27,0.0,1000.0,0.0,484.9447752759652,-0.001394969716328877
2018-11-28,0.0,1000.0,0.0,519.1815358555822,-0.07059929774505565
2018-11-29,0.0,1000.0,0.0,514.6895724538854,0.008652009155707503
2018-11-30,0.0,1000.0,0.0,495.78108998631706,0.03673764435797359
2018-12-01,0.0,1000.0,0.0,509.1532193639089,-0.02697184230637149
2018-12-02,0.0,1000.0,0.0,508.08038307888535,0.002107099089668583
2018-12-03,0.0,1000.0,0.0,486.0885056820929,0.043284248180426234
2018-12-04,0.0,1000.0,0.0,497.6271708333357,-0.023737786465556115
2018-12-05,0.0,1000.0,0.0,483.27918723626294,0.02883279780130445
2018-12-06,0.0,1000.0,0.0,443.73498520446964,0.08182475694419089
2018-12-07,0.0,1000.0,0.0,434.61523262423304,0.020552250519607424
2018-12-08,0.0,1000.0,0.0,435.83283861335656,-0.0028015722821574463
2018-12-09,0.0,1000.0,0.0,445.2881742197485,-0.021694867317650943
2018-12-10,0.0,1000.0,0.0,434.40309752645237,0.024445016336599044
2018-12-11,0.0,1000.0,0.0,434.5203803898993,-0.0002699862503622308
2018-12-12,0.0,1000.0,0.0,441.17701173197537,-0.015319491656762116
2018-12-13,0.0,1000.0,0.0,428.5281519192863,0.02867071374148013
2018-12-14,0.0,1000.0,0.0,419.78094375177807,0.020412213592809186
2018-12-15,0.0,1000.0,0.0,418.5815697407039,0.0028571425857370886
2018-12-16,0.0,1000.0,0.0,422.87374056220034,-0.010254084584171526
2018-12-17,0.0,1000.0,0.0,456.3093179208219,-0.07906751862664681
2018-12-18,0.0,1000.0,0.0,477.6937267037503,-0.0468638442019257
2018-12-19,0.0,1000.0,0.0,472.44755941796046,0.010982282145487274
2018-12-20,0.0,1000.0,0.0,509.47888330342363,-0.07838187148449778
2018-12-21,0.0,1000.0,0.0,498.5535552222646,0.0214441234744018
2018-12-22,0.0,1000.0,0.0,512.9320701514729,-0.028840462130087667
2018-12-23,0.0,1000.0,0.0,528.7742406093299,-0.030885513657156558
2018-12-24,0.0,1000.0,0.0,546.5609627343221,-0.03363764865795244
2018-12-25,0.0,1000.0,0.0,515.5963820197948,0.056653480262509937
2018-12-26,0.0,1000.0,0.0,517.782470829452,-0.004239922710654971
2018-12-27,0.0,1000.0,0.0,483.2924112729194,0.06661109925425214
2018-12-28,0.0,1000.0,0.0,528.0141057473246,-0.09253547837967273
2018-12-29,0.0,1000.0,0.0,517.0065663955057,0.020847055470685754
2018-12-30,0.0,1000.0,0.0,530.6642422466623,-0.02641683247154087
2018-12-31,0.0,1000.0,0.0,520.8821572869134,0.018433661402047035
2019-01-01,0.0,1000.0,0.0,530.91575342737,-0.019262698865935252
2019-01-02,0.0,1000.0,0.0,545.8730685729064,-0.028172671556604318
2019-01-03,0.0,1000.0,0.0,530.3445400596325,0.028447141665864945
2019-01-04,0.0,1000.0,0.0,537.9026149076496,-0.014251254188772076
2019-01-05,0.0,1000.0,0.0,538.6524211976132,-0.001393944311075915
2019-01-06,0.0,1000.0,0.0,557.4972985146313,-0.03498522716210856
2019-01-07,0.0,1000.0,0.0,552.9015075449116,0.00824361119231357
2019-01-08,0.0,1000.0,0.0,556.0775269203644,-0.005744276931990184
2019-01-09,0.0,1000.0,0.0,563.9908468235668,-0.014230605482346035
2019-01-10,0.0,1000.0,0.0,513.9216151402576,0.08877667424090728
2019-01-11,0.0,1000.0,0.0,515.1577082063593,-0.002405217118109323
2019-01-12,0.0,1000.0,0.0,512.0167328170471,0.00609711422206657
2019-01-13,0.0,1000.0,0.0,490.45123082147427,0.042118744590479075
2019-01-14,0.0,1000.0,0.0,519.8636052185368,-0.0599700287178372
2019-01-15,0.0,1000.0,0.0,506.60031517165316,0.025513019018340594
2019-01-16,0.0,1000.0,0.0,517.1176123856309,-0.020760542184846655
2019-01-17,0.0,1000.0,0.0,521.1970879340863,-0.007888873731519854
2019-01-18,0.0,1000.0,0.0,518.5031701577254,0.005168712256315449
2019-01-19,0.0,1000.0,0.0,526.3541053500433,-0.015141537495189475
2019-01-20,0.0,1000.0,0.0,513.1731594056271,0.02504197423453263
2019-01-21,0.0,1000.0,0.0,512.1741852188613,0.0019466610216378585
2019-01-22,0.0,1000.0,0.0,515.8976999019893,-0.007270016315907893
2019-01-23,0.0,1000.0,0.0,512.9706388334986,0.005673723819755045
2019-01-24,0.0,1000.0,0.0,513.5803696186658,-0.0011886270655836473
2019-01-25,0.0,1000.0,0.0,514.0707620735965,-0.0009548504653609711
2019-01-26,0.0,1000.0,0.0,516.7537977228494,-0.005219195191009297
2019-01-27,0.0,1000.0,0.0,511.2152510206207,0.010717960325855638
2019-01-28,0.0,1000.0,0.0,487.9340749109309,0.04554084813238625
2019-01-29,0.0,1000.0,0.0,484.45493783044617,0.007130342518340882
2019-01-30,0.0,1000.0,0.0,498.7511444536521,-0.02950987905547864
2019-01-31,0.0,1000.0,0.0,492.9967339838483,0.011537638627591273
2019-02-01,0.0,1000.0,0.0,497.14579861780516,-0.008416008358572211
2019-02-02,0.0,1000.0,0.0,506.4747017868829,-0.018764924082662646
2019-02-03,0.0,1000.0,0.0,498.87234454360964,0.015010339542037501
2019-02-04,0.0,1000.0,0.0,501.40426201371537,-0.0050752812774619615
2019-02-05,0.0,1000.0,0.0,509.15259791042723,-0.015453270910768408
2019-02-06,0.0,1000.0,0.0,503.1836478220102,0.011723302822992101
2019-02-07,0.0,1000.0,0.0,500.28839194201134,0.005753875135908605
2019-02-08,0.0,1000.0,0.0,536.4790389789076,-0.07233956977576869
2019-02-09,0.0,1000.0,0.0,540.1853748577341,-0.0069086312969110575
2019-02-10,0.0,1000.0,0.0,549.3125304950181,-0.01689633977907636
2019-02-11,0.0,1000.0,0.0,544.6180175719549,0.008546160268422856
2019-02-12,0.0,1000.0,0.0,544.2857021082438,0.0006101808111171574
2019-02-13,0.0,1000.0,0.0,538.8284038544901,0.010026532449070844
2019-02-14,0.0,1000.0,0.0,534.1915043375583,0.00860552169069411
2019-02-15,0.0,1000.0,0.0,540.5152507403454,-0.011837976365103753
2019-02-16,0.0,1000.0,0.0,540.4754408991658,7.365165205795523e-05
2019-02-17,0.0,1000.0,0.0,551.1150500687829,-0.019685647791722754
2019-02-18,0.0,1000.0,0.0,579.035921049667,-0.05066250863118214
2019-02-19,0.0,1000.0,0.0,585.9934245376303,-0.012015668173661715
2019-02-20,0.0032077998885149395,1003.2077998885148,0.0,599.0153251437351,-0.019014122851283042
2019-02-21,-0.003299692045295566,999.8975230914442,-0.0032996920452955957,586.0161972083018,0.01840113494492238
2019-02-22,0.0021083001862463036,1002.0056072256051,-0.0011983486004029634,591.2986485299972,-0.006905872710100696
2019-02-23,-0.00023306215653295936,1001.7720776379269,-0.0014311314672268804,608.1437443965779,-0.028721366515858708
2019-02-24,-0.005650959022924673,996.1111046768849,-0.007074003224873831,558.4134132703309,0.07612301560800923
2019-02-25,-8.25586287098723e-05,996.0288671100401,-0.007155977833577979,573.3991992557808,-0.026918923281353337
2019-02-26,0.0,996.0288671100401,-0.007155977833577979,565.933624984123,0.013019854721365878
2019-02-27,0.0,996.0288671100401,-0.007155977833577979,567.5906449819314,-0.00292794052987241
2019-02-28,0.0,996.0288671100401,-0.007155977833577979,571.9137458210736,-0.007616582262873174
2019-03-01,0.0,996.0288671100401,-0.007155977833577979,581.0149680609896,-0.015913627371990837
2019-03-02,0.0026381199367453423,998.656510721937,-0.004536736224622253,580.926365160036,0.002790616698144383
2019-03-03,-0.001968080714916942,996.6910741023589,-0.0064958882764668616,575.8651527762911,0.0067442323892585865
2019-03-04,-0.00033208493111791526,996.3600880156698,-0.006825816020973922,564.3898574206607,0.0195949679567102
2019-03-05,0.014287066159639483,1010.5951505119739,0.0,599.0870674280984,-0.04719031432697775
2019-03-06,-6.905276073432276e-05,1010.5253661268463,-6.905276073435693e-05,604.910986855604,-0.009790376661962872
2019-03-07,0.0030027778322170295,1013.5597492951449,0.0,607.8167432308028,-0.0018008320183879089
2019-03-08,-0.004348802555287579,1009.1519780674736,-0.004348802555287548,598.7561182224644,0.010558034265589449
2019-03-09,0.0009215836345497497,1010.0819960152342,-0.003431226706002557,614.4537983081564,-0.025295568237390955
2019-03-10,-0.0005152184047001462,1009.5615831806308,-0.003944677279553111,609.479766593669,0.007579827517683284
2019-03-11,0.00022555035818450087,1009.7892901573266,-0.003720016644741841,609.5170732901244,0.0001643396363522382
2019-03-12,0.00495439073505155,1014.7921808608364,0.0,615.7613040110353,-0.005290163510500665
2019-03-13,-0.0016679335070730605,1013.0995749796629,-0.0016679335070730885,611.4836264347365,0.0052790401797017895
2019-03-14,-0.0007308751700979554,1012.3591256554735,-0.0023975896259853216,613.3833924830194,-0.0038376894266946176
2019-03-15,0.00027796724459516753,1012.6405283321727,-0.002120288832772126,622.7034396660165,-0.014916521711600452
2019-03-16,0.005460821200481858,1018.1703771977561,0.0,636.9961152236997,-0.017491799015248746
2019-03-17,-0.0020948903225260773,1016.0374219278818,-0.00209489032252606,629.3166750911673,0.009960819200656057
2019-03-18,-0.00017202898302270953,1015.8626340434746,-0.00226655892369701,628.5927439339023,0.0009783158050923177
2019-03-19,-0.0002418165368878178,1015.6169816593565,-0.0025078273691552205,633.7354212141211,-0.00842307114067864
2019-03-20,-0.001975894643459597,1013.6102295054892,-0.004478766809949353,635.6540692462743,-0.005003416804801716
2019-03-21,-0.0041915293305555545,1009.3616524987658,-0.008651523258056276,622.5061582231328,0.016492537144046953
2019-03-22,-3.221578414869253e-05,1009.3291351216409,-0.008683460326599179,637.8031182080476,-0.024605402382941764
2019-03-23,0.0,1009.3291351216409,-0.008683460326599179,648.4478852627259,-0.01668973818219239
2019-03-24,0.0,1009.3291351216409,-0.008683460326599179,655.3159263740142,-0.010591508226610686
2019-03-25,-0.0017077247653194405,1007.6054787612352,-0.010376356131670237,644.728890755099,0.014447896047218096
2019-03-26,-0.0026460492692900184,1004.9393050204264,-0.012994949051400115,646.9599761005761,-0.006106550849828981
2019-03-27,0.0018716886014940037,1006.8202384628264,-0.011147582947922686,665.0277423153556,-0.026055489094535096
2019-03-28,0.0003039121321131155,1007.1262233481524,-0.010847058701511073,660.7631290321093,0.006716596914853997
2019-03-29,-0.0009037154108260115,1006.2160678594656,-0.011740971458226437,673.7467386308036,-0.020553131409132033
2019-03-30,0.003272263207738657,1009.5086716773577,-0.008507127799413552,678.5411697374362,-0.003843809986731934
2019-03-31,2.7661775841680836e-05,1009.5365964799439,-0.00847970134583409,677.3467438166703,0.0017879468904917761
2019-04-01,0.004250173750153685,1013.8273024221224,-0.004265567799749628,684.3305787059454,-0.006060401967569629
2019-04-02,0.024263817648604746,1038.4266232152697,0.0,756.3840586503171,-0.08102664018921872
2019-04-03,-0.00015066950730835416,1038.270163987574,-0.00015066950730831054,752.8309434186534,0.00454683196833594
2019-04-04,-0.003097259757298687,1035.0543715914514,-0.0032474626020053883,745.5623626791921,0.006557737560497965
2019-04-05,0.002878380734149033,1038.033652153437,-0.0003784293016447477,769.1090438053404,-0.028704062673445767
2019-04-06,-0.0004992618422847706,1037.5154015599094,-0.0008775022086191743,765.4846580058514,0.004213185409091357
2019-04-07,-7.811502030363737e-05,1037.4343560232512,-0.0009555486828199473,775.8364130404555,-0.013601253500402406
2019-04-08,-0.0033086938146809075,1034.0018033863396,-0.004261080879484402,768.1000364692725,0.006662965727392667
2019-04-09,-0.005305808349839292,1028.5155879841834,-0.009544280750814033,759.097989990682,0.006414079752197719
2019-04-10,0.007303196728965844,1036.02703966204,-0.0023107877818078523,774.1857768900016,-0.012572744319837157
2019-04-11,-0.02133423817738489,1013.9241920396789,-0.02359572706227829,739.5303057703089,0.02342952803246206
2019-04-12,-0.00028142680094112027,1013.6388465979164,-0.02387051339323636,742.4635690145468,-0.004247813602604987
2019-04-13,0.0,1013.6388465979164,-0.02387051339323636,744.7556782663906,-0.0030871673001896843
2019-04-14,0.0,1013.6388465979164,-0.02387051339323636,756.4637187044784,-0.01572064608535936
2019-04-15,0.0,1013.6388465979164,-0.02387051339323636,742.7365986182823,0.01814643550877117
2019-04-16,0.0,1013.6388465979164,-0.02387051339323636,754.5539212863142,-0.015910516177627176
2019-04-17,0.0,1013.6388465979164,-0.02387051339323636,757.7406894724768,-0.004223380326126965
2019-04-18,0.0,1013.6388465979164,-0.02387051339323636,775.8384334087589,-0.023883822246475277
2019-04-19,0.009612651385665139,1023.3826034612298,-0.014487320931217356,782.7468345471732,0.0007082186572410065
2019-04-20,-7.713676187692808e-05,1023.3036630410376,-0.014563340188069422,781.0337630830055,0.0021114015861045665
2019-04-21,-0.003152959666689936,1020.0772278646931,-0.017670382230534097,767.2003661029124,0.014558690756062549
2019-04-22,-0.0007154371623485645,1019.3474267074132,-0.018373177344762022,777.6667404914809,-0.014357733035764122
2019-04-23,-0.0044463847187702354,1014.8150158861836,-0.02273786784855128,765.8231023770059,0.010783324226979316
2019-04-24,-0.0005783560136781718,1014.2280915189749,-0.023303073279621004,754.9741494795688,0.013588039415975781
2019-04-25,-0.005001568654229627,1009.1553600881945,-0.028188090012988058,735.6169345667305,0.020638004470468756
2019-04-26,0.002405306395090623,1011.5826879294546,-0.0258505846110711,747.1507436470637,-0.013273790344473384
2019-04-27,-0.00048518029907240745,1011.0918879383885,-0.026323222715770696,744.2628368639574,0.0033800461062571474
2019-04-28,0.0002895965402995859,1011.3846966510605,-0.02604124928969906,743.7932930244114,0.0009204809755948443
2019-04-29,-0.0017910963474079278,1009.5732092150645,-0.02778570325062229,726.4621609306151,0.021509909800851927
2019-04-30,0.002108338467718296,1011.7017312480305,-0.025735946449919844,747.7670619986168,-0.02721858620060805
2019-05-01,0.0015842855517729237,1013.3045556835505,-0.024192433986268636,743.2204504002111,0.007664536781686152
2019-05-02,0.0027906261161279033,1016.1323098402324,-0.02146931990823544,754.1732744565999,-0.01194635273111823
2019-05-03,0.007121411317264181,1023.3686059713664,-0.014500800448739812,768.4528296069318,-0.011812639561985909
2019-05-04,0.0014225296679766242,1024.8243781746364,-0.013098898599611029,756.3852805906841,0.017126224873862363
2019-05-05,-0.0013757650497924212,1023.4144606129685,-0.014456642642519366,753.0901468162706,0.0029806573436208196
2019-05-06,-0.0007192408074487844,1022.6783791699625,-0.015165485642640928,757.8176570582312,-0.0069967233398472595
2019-05-07,0.0024823781808944734,1025.2170536644865,-0.012720753932408452,743.5716921123227,0.021281049356240072
2019-05-08,0.003547602747821843,1028.8541165011804,-0.009218279366191549,748.6737514371016,-0.0033139539506117687
2019-05-09,0.005573158428376246,1034.5880834921286,-0.003696495869160122,736.5525832692003,0.021763345602207655
2019-05-10,0.004095608020474817,1038.8253507447666,0.0,748.7916810916581,-0.012521125258952898
2019-05-11,0.017516278487472725,1057.0217048882585,0.0,802.5977681921761,-0.05434093956024166
2019-05-12,-0.0012307918014046182,1055.7207312399753,-0.0012307918014045813,791.7869605884492,0.012238978527109725
2019-05-13,0.0036996781113243227,1059.6265581210153,0.0,833.1030297989705,-0.04848111200905806
2019-05-14,0.011972623404499894,1072.3130678508046,0.0,899.1392143360117,-0.06729270414205317
2019-05-15,0.030684026191010405,1105.2159501097015,0.0,968.1912249228047,-0.04611388172560282
2019-05-16,-0.00615728867602694,1098.4108164555266,-0.006157288676026944,949.0344207542347,0.013628889586534236
2019-05-17,-0.015494878769909737,1081.3910740149906,-0.021556761004350333,909.4844518831651,0.026179024732597256
2019-05-18,-0.00015262672254179321,1081.2260248395778,-0.021706097589111392,905.4344421963738,0.004300456206369652
2019-05-19,0.0006231712646083132,1081.8998138288046,-0.021096452940787352,964.6352033403001,-0.06476064713788025
2019-05-20,0.0003534785494645476,1082.2822422056627,-0.020750431534907212,947.5677995604411,0.018046595824014102
2019-05-21,0.007280275129134095,1090.161554696296,-0.013621225256395553,962.1446591965395,-0.008103172517419923
2019-05-22,-0.0036755475738652343,1086.154614038811,-0.017246707368816526,926.4679296108272,0.03340487400796307
2019-05-23,0.0013564639736503015,1087.6279436425687,-0.015913637932376067,940.9779883874813,-0.014305231712620405
2019-05-24,0.005911698860877834,1094.0576725180592,-0.010096015706735566,957.8445334748714,-0.012012785341237637
2019-05-25,0.0024687414215078807,1096.758618011723,-0.007652198737395161,963.8394519852625,-0.003790018012700894
2019-05-26,-0.004438712346604534,1091.8904219927094,-0.012056945174985354,989.5636260239693,-0.03112798511472129
2019-05-27,0.0021354653493184106,1094.2221161541274,-0.009947227014306836,1015.9279040209399,-0.024506861938823215
2019-05-28,-0.0013004385102299842,1092.7991475755352,-0.01123472976745743,1023.0461144710894,-0.008307048351318395
2019-05-29,0.0005322124290199071,1093.3807488642974,-0.010708496601256355,1017.7798615971807,0.005679832657880619
2019-05-30,-0.007757124926519476,1084.8992578031057,-0.018382554381864626,976.0334462484658,0.033260011414931734
2019-05-31,0.005318765013024196,1090.6695820181646,-0.01316156185593681,1009.0767229210487,-0.028535891094909234
2019-06-01,0.0009682798015864247,1091.7256553446375,-0.012206026128852843,1008.0186338534578,0.002016851276437248
2019-06-02,0.0011040682654417378,1092.9309949952722,-0.011115434149507086,1027.0245791593936,-0.01775068765636096
2019-06-03,-0.01084499092154001,1081.0781682766788,-0.021839878288606705,973.5187444308064,0.04125291969748452
2019-06-04,-0.00727122113206724,1073.2174098540888,-0.028952296836140045,940.566152554573,0.026577733564228767
2019-06-05,-0.00014362828216663015,1073.0632654811202,-0.029091766749647294,952.497158153489,-0.012828547430608826
2019-06-06,0.0,1073.0632654811202,-0.029091766749647294,962.7684705428962,-0.010783562241087705
2019-06-07,0.0,1073.0632654811202,-0.029091766749647294,970.1866647186405,-0.007705065550766539
2019-06-08,0.0,1073.0632654811202,-0.029091766749647294,961.200891552627,0.00926190133588299
2019-06-09,0.0,1073.0632654811202,-0.029091766749647294,927.5317659012024,0.03502818812104802
2019-06-10,0.0,1073.0632654811202,-0.029091766749647294,966.5721452182496,-0.04209061161276243
2019-06-11,0.0,1073.0632654811202,-0.029091766749647294,964.0825372273106,0.0025757083972007505
2019-06-12,0.0,1073.0632654811202,-0.029091766749647294,1007.4483312507625,-0.04498141222241338
2019-06-13,0.0,1073.0632654811202,-0.029091766749647294,996.7230350078555,0.010646001298737955
2019-06-14,0.0,1073.0632654811202,-0.029091766749647294,998.7912194047756,-0.00207498404700127
2019-06-15,0.0,1073.0632654811202,-0.029091766749647294,1010.15625841183,-0.011378793471800153
2019-06-16,0.0,1073.0632654811202,-0.029091766749647294,1017.4907879757342,-0.007260787133503136
2019-06-17,0.0,1073.0632654811202,-0.029091766749647294,1042.8067392335372,-0.024880767036887224
2019-06-18,0.0,1073.0632654811202,-0.029091766749647294,1023.6004337440152,0.01841789544210139
2019-06-19,0.0,1073.0632654811202,-0.029091766749647294,1034.791810087098,-0.010933344666676106
2019-06-20,0.0,1073.0632654811202,-0.029091766749647294,1042.467557421797,-0.007417673062229735
2019-06-21,0.011933072314417537,1085.8682070260513,-0.017505848591607562,1079.8705859081253,-0.023946249032361387
2019-06-22,0.011177309805935787,1098.0052923843975,-0.006524207078795961,1116.673012117417,-0.022903094540240816
2019-06-23,-0.0003976742944707956,1097.5686439044234,-0.006919286863819665,1116.4064126834467,-0.000158929889369703
2019-06-24,0.003212805114234607,1101.0949180567832,-0.0037287120698079284,1123.5651345283034,-0.003199485037028017
2019-06-25,0.008337355313365213,1110.2751376223634,0.0,1128.1763394800487,0.004233271971831891
2019-06-26,0.022481729686079532,1135.236043143564,0.0,1159.0002513626737,-0.004840162117493527
2019-06-27,-0.01822989280795584,1114.540811765329,-0.018229892807955856,1068.627252789871,0.05974506747919553
2019-06-28,-0.0002774460695829095,1114.231586797715,-0.018502281065430247,1100.490034922519,-0.030094000017148854
2019-06-29,0.0,1114.231586797715,-0.018502281065430247,1103.302353088536,-0.0025555144315458278
2019-06-30,0.0,1114.231586797715,-0.018502281065430247,1037.7641529165815,0.059401849355699775
2019-07-01,0.0,1114.231586797715,-0.018502281065430247,1047.6290639966585,-0.009505927770151088
2019-07-02,0.0,1114.231586797715,-0.018502281065430247,1034.2540422439774,0.012766944152595367
2019-07-03,0.0,1114.231586797715,-0.018502281065430247,1062.3209302470923,-0.0271373249286215
2019-07-04,0.0,1114.231586797715,-0.018502281065430247,1029.9828756804293,0.03044094646534125
2019-07-05,0.0,1114.231586797715,-0.018502281065430247,1022.5582815384795,0.007208463671830224
2019-07-06,0.0,1114.231586797715,-0.018502281065430247,1033.5414780152228,-0.010740900225480068
2019-07-07,0.0,1114.231586797715,-0.018502281065430247,1052.1209129425108,-0.017976477308842505
2019-07-08,0.0,1114.231586797715,-0.018502281065430247,1071.0929419402642,-0.01803217554595817
2019-07-09,0.0,1114.231586797715,-0.018502281065430247,1061.4808238280184,0.00897412141922395
2019-07-10,0.0,1114.231586797715,-0.018502281065430247,1017.2060725567898,0.04171036374596087
2019-07-11,0.0,1114.231586797715,-0.018502281065430247,962.6721785034645,0.05361145152845196
2019-07-12,0.0,1114.231586797715,-0.018502281065430247,997.3320117048718,-0.036003775714478596
2019-07-13,0.0,1114.231586797715,-0.018502281065430247,977.5236062895477,0.019861395385738088
2019-07-14,0.0,1114.231586797715,-0.018502281065430247,900.0076927184699,0.07929825231056072
2019-07-15,0.0,1114.231586797715,-0.018502281065430247,913.6479242513426,-0.015155683271631177
2019-07-16,0.0,1114.231586797715,-0.018502281065430247,840.4667667139737,0.08009776588430899
2019-07-17,0.0,1114.231586797715,-0.018502281065430247,876.4398690745077,-0.0428013382387268
2019-07-18,0.0,1114.231586797715,-0.018502281065430247,915.4710195154121,-0.044533745917013264
2019-07-19,0.0,1114.231586797715,-0.018502281065430247,913.2924136443823,0.0023797649784510805
2019-07-20,0.0,1114.231586797715,-0.018502281065430247,942.3458765534881,-0.03181178609945027
2019-07-21,0.0,1114.231586797715,-0.018502281065430247,931.8016648182388,0.011189322304686453
2019-07-22,0.0,1114.231586797715,-0.018502281065430247,918.6492973344951,0.014114986032257313
2019-07-23,0.0,1114.231586797715,-0.018502281065430247,890.2745784567193,0.030887433278517142
2019-07-24,0.0,1114.231586797715,-0.018502281065430247,898.1215406388411,-0.008814092159886695
2019-07-25,0.0,1114.231586797715,-0.018502281065430247,900.3719587416491,-0.00250569438653855
2019-07-26,0.0,1114.231586797715,-0.018502281065430247,912.313069750808,-0.013262419929034272
2019-07-27,0.0,1114.231586797715,-0.018502281065430247,884.579260249836,0.03039944337150337
2019-07-28,0.0,1114.231586797715,-0.018502281065430247,888.0407982038133,-0.003913202704978159
2019-07-29,0.0,1114.231586797715,-0.018502281065430247,884.7283058278196,0.003730112831182662
2019-07-30,0.0,1114.231586797715,-0.018502281065430247,887.0706630376466,-0.0026475441041024267
2019-07-31,0.0,1114.231586797715,-0.018502281065430247,904.006917751255,-0.019092340012251702
2019-08-01,0.0,1114.231586797715,-0.018502281065430247,906.5328037369685,-0.0027941002840960382
2019-08-02,0.0,1114.231586797715,-0.018502281065430247,901.7829394426699,0.00523959450195136
2019-08-03,0.0,1114.231586797715,-0.018502281065430247,908.8846738125798,-0.007875214820873675
2019-08-04,0.0,1114.231586797715,-0.018502281065430247,905.4822053419487,0.0037435645782851585
2019-08-05,0.0,1114.231586797715,-0.018502281065430247,928.5469819795993,-0.02547236875730793
2019-08-06,0.0,1114.231586797715,-0.018502281065430247,907.5134796764254,0.022652060381836377
2019-08-07,0.0,1114.231586797715,-0.018502281065430247,918.5180309999728,-0.01212604723785585
2019-08-08,0.0,1114.231586797715,-0.018502281065430247,921.6214971562454,-0.003378775431217007
2019-08-09,0.0,1114.231586797715,-0.018502281065430247,892.1582678710162,0.03196890412836617
2019-08-10,0.0,1114.231586797715,-0.018502281065430247,895.4725785236299,-0.0037149357596862886
2019-08-11,0.0,1114.231586797715,-0.018502281065430247,915.3674685465004,-0.022217196260405286
2019-08-12,0.0,1114.231586797715,-0.018502281065430247,905.22688683835,0.011078153918068148
2019-08-13,0.0,1114.231586797715,-0.018502281065430247,893.0816855751668,0.01341674826473844
2019-08-14,0.0,1114.231586797715,-0.018502281065430247,831.0491024058337,0.06945902504918434
2019-08-15,0.0,1114.231586797715,-0.018502281065430247,839.8021219013898,-0.010532493772289486
2019-08-16,0.0,1114.231586797715,-0.018502281065430247,832.5390251905841,0.008648581042354917
2019-08-17,0.0,1114.231586797715,-0.018502281065430247,835.7218578746562,-0.0038230432301278477
2019-08-18,0.0,1114.231586797715,-0.018502281065430247,860.2052867352164,-0.029296145158659304
2019-08-19,0.0,1114.231586797715,-0.018502281065430247,874.4902514514297,-0.016606460035173427
2019-08-20,0.0,1114.231586797715,-0.018502281065430247,860.357201301172,0.01616147249989394
2019-08-21,0.0,1114.231586797715,-0.018502281065430247,834.4378944424383,0.030126215971150457
2019-08-22,0.0,1114.231586797715,-0.018502281065430247,842.591734225619,-0.00977165567082632
2019-08-23,0.0,1114.231586797715,-0.018502281065430247,852.1252768344182,-0.011314545611536204
2019-08-24,0.0,1114.231586797715,-0.018502281065430247,842.9695904445127,0.010744530926154636
2019-08-25,0.0,1114.231586797715,-0.018502281065430247,837.2003782858509,0.006843914921793989
2019-08-26,0.0,1114.231586797715,-0.018502281065430247,842.2350084230981,-0.006013650098385647
2019-08-27,0.0,1114.231586797715,-0.018502281065430247,836.9042291745437,0.006329325182688679
2019-08-28,0.0,1114.231586797715,-0.018502281065430247,796.3953157516452,0.0484032844031071
2019-08-29,0.0,1114.231586797715,-0.018502281065430247,780.3652175452128,0.0201283180468019
2019-08-30,0.0,1114.231586797715,-0.018502281065430247,782.8300315008677,-0.00315853897667105
2019-08-31,0.0,1114.231586797715,-0.018502281065430247,780.3112838753152,0.0032174897796440733
2019-09-01,0.0,1114.231586797715,-0.018502281065430247,781.4366360910234,-0.0014421837015085196
2019-09-02,0.0,1114.231586797715,-0.018502281065430247,804.8654891540656,-0.029981769449971236
2019-09-03,0.0,1114.231586797715,-0.018502281065430247,810.642108221362,-0.007177123563053762
2019-09-04,0.0,1114.231586797715,-0.018502281065430247,799.1712526139333,0.014150332793095284
2019-09-05,0.0,1114.231586797715,-0.018502281065430247,799.9921150319276,-0.0010271420741289697
2019-09-06,0.0,1114.231586797715,-0.018502281065430247,788.0737980313113,0.014898043089013038
2019-09-07,0.0,1114.231586797715,-0.018502281065430247,805.959891822944,-0.022695963038377936
2019-09-08,0.0,1114.231586797715,-0.018502281065430247,809.952411837565,-0.004953745285749466
2019-09-09,0.0,1114.231586797715,-0.018502281065430247,806.075762238745,0.0047862683562173
2019-09-10,0.0,1114.231586797715,-0.018502281065430247,800.7813719461993,0.0065681050598040336
2019-09-11,0.0,1114.231586797715,-0.018502281065430247,789.6339466786027,0.013920685043539827
2019-09-12,0.0,1114.231586797715,-0.018502281065430247,795.3574163775988,-0.007248256895578683
2019-09-13,0.0,1114.231586797715,-0.018502281065430247,795.7670001037668,-0.0005149681360028405
2019-09-14,0.0,1114.231586797715,-0.018502281065430247,805.5980104623768,-0.012354131746262431
2019-09-15,0.0,1114.231586797715,-0.018502281065430247,802.2227632914796,0.004189741194817346
2019-09-16,0.0,1114.231586797715,-0.018502281065430247,807.6220030021334,-0.006730349670584025
2019-09-17,0.0,1114.231586797715,-0.018502281065430247,833.1369155315913,-0.031592641649946004
2019-09-18,0.0,1114.231586797715,-0.018502281065430247,862.5129622267483,-0.035259566762101006
2019-09-19,0.0,1114.231586797715,-0.018502281065430247,858.9378938140188,0.004144944562339888
2019-09-20,0.0,1114.231586797715,-0.018502281065430247,852.9231160565057,0.0070025758565676844
2019-09-21,0.0,1114.231586797715,-0.018502281065430247,843.966945511952,0.010500560221609057
2019-09-22,0.0,1114.231586797715,-0.018502281065430247,826.7076401152264,0.020450214891124734
2019-09-23,0.0,1114.231586797715,-0.018502281065430247,801.346719063037,0.030677013035290863
2019-09-24,0.0,1114.231586797715,-0.018502281065430247,708.7425231631404,0.11556071011081533
2019-09-25,0.0,1114.231586797715,-0.018502281065430247,722.5628654634235,-0.01949980683902302
2019-09-26,0.0,1114.231586797715,-0.018502281065430247,706.4520062180517,0.022296827051911765
2019-09-27,0.0,1114.231586797715,-0.018502281065430247,718.0294286295191,-0.016388123056577535
2019-09-28,0.0,1114.231586797715,-0.018502281065430247,717.0314554352951,0.00138987784404435
2019-09-29,0.0,1114.231586797715,-0.018502281065430247,704.6676974690539,0.017242978494904953
2019-09-30,0.0,1114.231586797715,-0.018502281065430247,730.3947870633381,-0.03650953447516879
2019-10-01,0.0,1114.231586797715,-0.018502281065430247,722.3170219766702,0.011059450628263412
2019-10-02,0.0,1114.231586797715,-0.018502281065430247,730.5460779441693,-0.011392582089481573
2019-10-03,0.0,1114.231586797715,-0.018502281065430247,718.9181504084022,0.015916761292441954
2019-10-04,0.0,1114.231586797715,-0.018502281065430247,723.5603017223724,-0.006457134670105558
2019-10-05,0.0,1114.231586797715,-0.018502281065430247,725.6296973078619,-0.002860018136102086
2019-10-06,0.0,1114.231586797715,-0.018502281065430247,713.1409951192243,0.017210847674745948
2019-10-07,0.0,1114.231586797715,-0.018502281065430247,744.6321755028288,-0.04415842112447867
2019-10-08,0.0,1114.231586797715,-0.018502281065430247,744.9251263081259,-0.0003934167968221753
2019-10-09,0.0,1114.231586797715,-0.018502281065430247,772.7472530839495,-0.037348890235064304
2019-10-10,0.0,1114.231586797715,-0.018502281065430247,764.5105517078814,0.010658984995671401
2019-10-11,0.0,1114.231586797715,-0.018502281065430247,743.546976958566,0.027420909629675774
2019-10-12,0.0,1114.231586797715,-0.018502281065430247,750.1594482071364,-0.008893145226167623
2019-10-13,0.0,1114.231586797715,-0.018502281065430247,761.6710083735578,-0.01534548447524553
2019-10-14,0.0,1114.231586797715,-0.018502281065430247,776.2263195209154,-0.019109708768406928
2019-10-15,0.0,1114.231586797715,-0.018502281065430247,761.801502069235,0.018583262495638353
2019-10-16,0.0,1114.231586797715,-0.018502281065430247,745.8687514030047,0.020914569770410063
2019-10-17,0.0,1114.231586797715,-0.018502281065430247,762.7263025549933,-0.02260122993526546
2019-10-18,0.0,1114.231586797715,-0.018502281065430247,750.0220088732459,0.01665642529855127
2019-10-19,0.0,1114.231586797715,-0.018502281065430247,751.4063808478986,-0.0018457751349622972
2019-10-20,0.0,1114.231586797715,-0.018502281065430247,761.1361622847575,-0.01294876073035153
2019-10-21,0.0,1114.231586797715,-0.018502281065430247,756.6905037637126,0.005840818951105838
2019-10-22,0.0,1114.231586797715,-0.018502281065430247,750.7003745203056,0.007916220982835906
2019-10-23,0.0,1114.231586797715,-0.018502281065430247,715.9942752114079,0.0462316264742438
2019-10-24,0.0,1114.231586797715,-0.018502281065430247,719.2405349082951,-0.004533918509234712
2019-10-25,0.0,1114.231586797715,-0.018502281065430247,779.235673225142,-0.08341456773497405
2019-10-26,0.0,1114.231586797715,-0.018502281065430247,783.836730583777,-0.005904577416985928
2019-10-27,0.0,1114.231586797715,-0.018502281065430247,798.5057669491833,-0.018714402876324993
2019-10-28,0.0,1114.231586797715,-0.018502281065430247,795.8108164235437,0.003374991937673829
2019-10-29,0.0,1114.231586797715,-0.018502281065430247,814.5953828768506,-0.02360431155953207
2019-10-30,0.0,1114.231586797715,-0.018502281065430247,795.7636628247925,0.023117882138677697
2019-10-31,0.0,1114.231586797715,-0.018502281065430247,792.8963338559971,0.003603241895485649
2019-11-01,0.0,1114.231586797715,-0.018502281065430247,796.1062478035001,-0.004048340004162353
2019-11-02,0.0,1114.231586797715,-0.018502281065430247,799.7616955042279,-0.00459165809942262
2019-11-03,0.0,1114.231586797715,-0.018502281065430247,794.2767268940272,0.006858253703614259
2019-11-04,0.0,1114.231586797715,-0.018502281065430247,809.149712007235,-0.018725193134347378
2019-11-05,0.0,1114.231586797715,-0.018502281065430247,813.409302537327,-0.005264279856845395
2019-11-06,0.0,1114.231586797715,-0.018502281065430247,820.8982475829683,-0.00920685935393222
2019-11-07,0.0,1114.231586797715,-0.018502281065430247,804.1731057062336,0.020374196102842097
2019-11-08,0.0,1114.231586797715,-0.018502281065430247,783.1707688408545,0.026116686465079603
2019-11-09,0.0,1114.231586797715,-0.018502281065430247,787.0956277769667,-0.005011498248231693
2019-11-10,0.0,1114.231586797715,-0.018502281065430247,800.0990802386987,-0.016520803829717972
2019-11-11,0.0,1114.231586797715,-0.018502281065430247,788.1638350626363,0.014917208969296316
2019-11-12,0.0,1114.231586797715,-0.018502281065430247,796.1951635401051,-0.010189922602615404
2019-11-13,0.0,1114.231586797715,-0.018502281065430247,797.2032383834791,-0.0012661152560784483
2019-11-14,0.0,1114.231586797715,-0.018502281065430247,790.2759905965187,0.00868943759060373
2019-11-15,0.0,1114.231586797715,-0.018502281065430247,779.2805014153063,0.013913479989329727
2019-11-16,0.0,1114.231586797715,-0.018502281065430247,780.9791026266333,-0.0021797044943921823
2019-11-17,0.0,1114.231586797715,-0.018502281065430247,785.5077307344532,-0.005798654653612083
2019-11-18,0.0,1114.231586797715,-0.018502281065430247,762.2704484493,0.02958249979720259
2019-11-19,0.0,1114.231586797715,-0.018502281065430247,755.2038114230251,0.009270511588965238
2019-11-20,0.0,1114.231586797715,-0.018502281065430247,746.7945922514506,0.011135032747953164
2019-11-21,0.0,1114.231586797715,-0.018502281065430247,715.1991074293431,0.04230813285197055
2019-11-22,0.0,1114.231586797715,-0.018502281065430247,685.809522594257,0.04109287124353641
2019-11-23,0.0,1114.231586797715,-0.018502281065430247,696.9693609991599,-0.016272504299281065
2019-11-24,0.0,1114.231586797715,-0.018502281065430247,662.1435706806462,0.04996746236963461
2019-11-25,0.0,1114.231586797715,-0.018502281065430247,670.7839960766145,-0.013049172080741347
2019-11-26,0.0,1114.231586797715,-0.018502281065430247,677.8584636941638,-0.01054656589740913
2019-11-27,0.0,1114.231586797715,-0.018502281065430247,698.1636941650298,-0.029954970776948833
2019-11-28,0.0,1114.231586797715,-0.018502281065430247,691.9851604304455,0.008849692108343854
2019-11-29,0.0,1114.231586797715,-0.018502281065430247,711.9600512749198,-0.028866068214597394
2019-11-30,0.0,1114.231586797715,-0.018502281065430247,699.6968245627027,0.01722459945646842
2019-12-01,0.0,1114.231586797715,-0.018502281065430247,693.2705418212905,0.009184381743376355
2019-12-02,0.0,1114.231586797715,-0.018502281065430247,682.1164704694362,0.016089060011913077
2019-12-03,0.0,1114.231586797715,-0.018502281065430247,681.6351058197735,0.0007056927526343713
2019-12-04,0.0,1114.231586797715,-0.018502281065430247,674.0388945257747,0.011144102217069882
2019-12-05,0.0,1114.231586797715,-0.018502281065430247,686.5368207903263,-0.01854184731185961
2019-12-06,0.0,1114.231586797715,-0.018502281065430247,692.2429037970209,-0.008311401273606427
2019-12-07,0.0,1114.231586797715,-0.018502281065430247,691.5869607489564,0.0009475619677234981
2019-12-08,0.0,1114.231586797715,-0.018502281065430247,695.8113877683164,-0.006108309235305999
2019-12-09,0.0,1114.231586797715,-0.018502281065430247,683.8752920561127,0.017154211503330612
2019-12-10,0.0,1114.231586797715,-0.018502281065430247,674.674567003891,0.01345380533424331
2019-12-11,0.0,1114.231586797715,-0.018502281065430247,672.9515273927652,0.0025538825611545824
2019-12-12,0.0,1114.231586797715,-0.018502281065430247,671.9380109020174,0.0015060765144178884
2019-12-13,0.0,1114.231586797715,-0.018502281065430247,676.4294268459397,-0.0066842712736149435
2019-12-14,0.0,1114.231586797715,-0.018502281065430247,664.2075410143962,0.018068234979858575
2019-12-15,0.0,1114.231586797715,-0.018502281065430247,666.707010253918,-0.0037630847064829
2019-12-16,0.0,1114.231586797715,-0.018502281065430247,639.5648679509726,0.04071074982788671
2019-12-17,0.0,1114.231586797715,-0.018502281065430247,604.7622179554705,0.05441613781413938
2019-12-18,0.0,1114.231586797715,-0.018502281065430247,642.9306694755951,-0.06311315486797651
2019-12-19,0.0,1114.231586797715,-0.018502281065430247,628.9490770921603,0.02174665643939306
2019-12-20,0.0,1114.231586797715,-0.018502281065430247,636.4725379308334,-0.011961955447103005
2019-12-21,0.0,1114.231586797715,-0.018502281065430247,629.4122410624797,0.011092853890140555
2019-12-22,0.0,1114.231586797715,-0.018502281065430247,646.959070169195,-0.027878118603310513
2019-12-23,0.0,1114.231586797715,-0.018502281065430247,631.8574872718971,0.023342408497879847
2019-12-24,0.0,1114.231586797715,-0.018502281065430247,633.979378301501,-0.003358179767348154
2019-12-25,0.0,1114.231586797715,-0.018502281065430247,627.1079389926482,0.010838584887827376
2019-12-26,0.0,1114.231586797715,-0.018502281065430247,630.47980120012,-0.0053768450338679595
2019-12-27,0.0,1114.231586797715,-0.018502281065430247,629.7174256443604,0.0012091990168574698
2019-12-28,0.0,1114.231586797715,-0.018502281065430247,637.9606906142997,-0.013090419026445557
2019-12-29,0.0,1114.231586797715,-0.018502281065430247,648.98801442573,-0.01728527160633034
2019-12-30,0.0,1114.231586797715,-0.018502281065430247,640.2954559530834,0.01339402004263249
2019-12-31,0.0,1114.231586797715,-0.018502281065430247,635.2570949377224,0.007868806452579749
2020-01-01,0.0,1114.231586797715,-0.018502281065430247,638.2618854842843,-0.004730038547395399
2020-01-02,0.0,1114.231586797715,-0.018502281065430247,623.3103071180623,0.023425460153989115
2020-01-03,0.0,1114.231586797715,-0.018502281065430247,644.3537583716661,-0.03376079460469764
2020-01-04,0.0,1114.231586797715,-0.018502281065430247,645.7578644205297,-0.0021790918895420335
2020-01-05,0.0,1114.231586797715,-0.018502281065430247,649.6560651111009,-0.00603662906075364
2020-01-06,0.0,1114.231586797715,-0.018502281065430247,687.5405010489264,-0.05831460363776759
2020-01-07,0.0,1114.231586797715,-0.018502281065430247,686.8852865902966,0.0009529830717321623
2020-01-08,0.0,1114.231586797715,-0.018502281065430247,676.6642488303316,0.014880268888422785
2020-01-09,0.0,1114.231586797715,-0.018502281065430247,668.7011300322624,0.011768197908836018
2020-01-10,0.0,1114.231586797715,-0.018502281065430247,689.0255358003639,-0.030393855872684044
2020-01-11,0.0,1114.231586797715,-0.018502281065430247,683.0797438757919,0.008629276587935617
2020-01-12,0.0,1114.231586797715,-0.018502281065430247,695.6341600192787,-0.018379136925145718
2020-01-13,0.0,1114.231586797715,-0.018502281065430247,686.9130823725377,0.012536873759188756
2020-01-14,0.0,1114.231586797715,-0.018502281065430247,743.5052113271271,-0.08238615686154237
2020-01-15,0.0,1114.231586797715,-0.018502281065430247,753.1664424790886,-0.01299416736396053
2020-01-16,0.0,1114.231586797715,-0.018502281065430247,741.8196912273577,0.015065396719458708
2020-01-17,0.0,1114.231586797715,-0.018502281065430247,767.1851233733325,-0.03419352768057039
2020-01-18,0.0,1114.231586797715,-0.018502281065430247,770.3608778154381,-0.004139489082037555
2020-01-19,0.0,1114.231586797715,-0.018502281065430247,749.7756733968407,0.026721508076802007
2020-01-20,0.0,1114.231586797715,-0.018502281065430247,752.1292428610087,-0.003139031509925196
2020-01-21,0.0,1114.231586797715,-0.018502281065430247,767.2963514738686,-0.02016556164624867
2020-01-22,0.0,1114.231586797715,-0.018502281065430247,763.3863789633059,0.005095778838322652
2020-01-23,0.0,1114.231586797715,-0.018502281065430247,740.3049514230747,0.030235576866823575
2020-01-24,0.0,1114.231586797715,-0.018502281065430247,743.5811720396518,-0.004425501423810929
2020-01-25,0.0,1114.231586797715,-0.018502281065430247,734.3256103796901,0.012447278129129555
2020-01-26,0.0,1114.231586797715,-0.018502281065430247,755.6810017611893,-0.029081637736231607
2020-01-27,0.0,1114.231586797715,-0.018502281065430247,769.2699133393617,-0.017982338508579825
2020-01-28,0.0,1114.231586797715,-0.018502281065430247,796.3509947746819,-0.035203614447577546
2020-01-29,-0.000649871968763982,1113.5074789227438,-0.01914012892037157,792.355381680556,0.004367530056653928
2020-01-30,0.007443086600401383,1121.7954115185603,-0.011839503957067421,816.2153278283077,-0.022669596040998292
2020-01-31,-0.005761316259036531,1115.332393374866,-0.01753260908945712,802.7443904070468,0.010742830333141336
2020-02-01,0.003887917374175931,1119.6687135650493,-0.013712857050774682,811.1157642014153,-0.006540525221509672
2020-02-02,-0.0013899113292745735,1118.112473335031,-0.015083708724677684,818.2604641157066,-0.010198394938671109
2020-02-03,0.001409775230554855,1119.688760604913,-0.013695198133067752,823.0345896022282,-0.004424706204010158
2020-02-04,-0.0028401647925121454,1116.5086600084715,-0.016496466306015905,823.5191464715809,-0.0034289090269276545
2020-02-05,0.011005552596207169,1128.7964547903155,-0.00567246643739116,856.641643360594,-0.029215123548274047
2020-02-06,0.008115826874623533,1137.9575713940824,0.0,877.2336241941033,-0.015922206990654324
2020-02-07,0.0054133897872994385,1144.117779289447,0.0,890.0617296797752,-0.009209972942847533
2020-02-08,0.0011631898584358868,1145.4486054871727,0.0,888.7453285314616,0.002642189690040042
2020-02-09,0.009088262248915902,1155.8587428064952,0.0,916.5586837386115,-0.022206816683434542
2020-02-10,-0.0057361227465992926,1149.2285951800272,-0.005736122746599283,905.9749829925834,0.005811092869598309
2020-02-11,0.019259721438366517,1171.3624177922,0.0,931.8715215389994,-0.00932444372354075
2020-02-12,0.02637920005090555,1202.2620213432529,0.0,974.4812598317727,-0.01934570655682366
2020-02-13,0.002633320581388432,1205.4279626682778,0.0,980.8979740842161,-0.003951428163344785
2020-02-14,0.011458007012504767,1219.2397647176003,0.0,1004.2106679954388,-0.012308678746009445
2020-02-15,-0.040961467919816696,1169.2979142085555,-0.04096146791981666,951.1246300927637,0.011901979556441532
2020-02-16,-0.006509962258952728,1161.6858289175857,-0.04720477256854008,930.3727027549992,0.015308342809795903
2020-02-17,-0.000344909336271626,1161.2851526293775,-0.04753340053803627,927.9728907555618,0.002234499961025173
2020-02-18,0.0,1161.2851526293775,-0.04753340053803627,955.7341939228703,-0.029916071303230707
2020-02-19,0.0,1161.2851526293775,-0.04753340053803627,904.1982159934865,0.05392291942370623
2020-02-20,0.0,1161.2851526293775,-0.04753340053803627,902.2740947659128,0.0021279860914785098
2020-02-21,0.0,1161.2851526293775,-0.04753340053803627,910.080897594953,-0.008652362817825856
2020-02-22,0.0,1161.2851526293775,-0.04753340053803627,906.2422916280493,0.0042178733528499225
2020-02-23,0.0,1161.2851526293775,-0.04753340053803627,932.6506608165987,-0.029140517312546965
2020-02-24,0.0,1161.2851526293775,-0.04753340053803627,909.0717154496151,0.02528164762821128
2020-02-25,0.0,1161.2851526293775,-0.04753340053803627,869.373738240497,0.04366869690746449
2020-02-26,0.0,1161.2851526293775,-0.04753340053803627,814.6706826047537,0.06292236955127661
2020-02-27,0.0,1161.2851526293775,-0.04753340053803627,826.4402614585508,-0.01444703866863877
2020-02-28,0.0,1161.2851526293775,-0.04753340053803627,819.5161816835639,0.008378197551468514
2020-02-29,0.0,1161.2851526293775,-0.04753340053803627,805.8152567769021,0.016718309183981633
2020-03-01,0.0,1161.2851526293775,-0.04753340053803627,799.6541205387116,0.007645842128670762
2020-03-02,0.0,1161.2851526293775,-0.04753340053803627,833.8386599153482,-0.04274915678994714
2020-03-03,0.0,1161.2851526293775,-0.04753340053803627,822.1733535503071,0.013989884285558854
2020-03-04,0.0,1161.2851526293775,-0.04753340053803627,824.6931452325629,-0.0030647936610627147
2020-03-05,0.0,1161.2851526293775,-0.04753340053803627,842.7028887581399,-0.021838114733569527
2020-03-06,0.0,1161.2851526293775,-0.04753340053803627,860.5689050398381,-0.021200848507861032
2020-03-07,0.0,1161.2851526293775,-0.04753340053803627,835.8498696006335,0.028724062994189108
2020-03-08,0.0,1161.2851526293775,-0.04753340053803627,754.8150414896016,0.09694902285472633
2020-03-09,0.0,1161.2851526293775,-0.04753340053803627,752.9128755571766,0.002520042431416379
2020-03-10,0.0,1161.2851526293775,-0.04753340053803627,754.0566863582585,-0.0015191808218652752
2020-03-11,0.0,1161.2851526293775,-0.04753340053803627,742.9485742289885,0.014731136703948575
2020-03-12,0.0,1161.2851526293775,-0.04753340053803627,525.9425237693737,0.2920875791232492
2020-03-13,0.0,1161.2851526293775,-0.04753340053803627,599.3841067653391,-0.13963803966566038
2020-03-14,0.0,1161.2851526293775,-0.04753340053803627,564.9474257009593,0.05745344375282497
2020-03-15,0.0,1161.2851526293775,-0.04753340053803627,578.0873239879382,-0.023258621403001407
2020-03-16,0.0,1161.2851526293775,-0.04753340053803627,542.0279992455963,0.06237695110418005
2020-03-17,0.0,1161.2851526293775,-0.04753340053803627,564.5561578208143,-0.0415627211261652
2020-03-18,0.0,1161.2851526293775,-0.04753340053803627,569.85678096317,-0.009389009523545124
2020-03-19,0.0,1161.2851526293775,-0.04753340053803627,631.273592288638,-0.10777587172282417
2020-03-20,0.0,1161.2851526293775,-0.04753340053803627,620.8515648527032,0.016509525447041713
2020-03-21,0.0,1161.2851526293775,-0.04753340053803627,622.0172582428324,-0.0018775717999613179
2020-03-22,0.0,1161.2851526293775,-0.04753340053803627,589.78597111853,0.051817351845436246
2020-03-23,0.0,1161.2851526293775,-0.04753340053803627,629.3617267880161,-0.06710189391997656
2020-03-24,0.0,1161.2851526293775,-0.04753340053803627,641.7387112604885,-0.01966593128507989
2020-03-25,0.0,1161.2851526293775,-0.04753340053803627,635.8555599120142,0.009167518251966886
2020-03-26,0.0,1161.2851526293775,-0.04753340053803627,657.0016867184007,-0.0332561797671672
2020-03-27,0.0,1161.2851526293775,-0.04753340053803627,632.8637649376708,0.03673951265071218
2020-03-28,0.0,1161.2851526293775,-0.04753340053803627,634.1592271283573,-0.002046984299715758
2020-03-29,0.0,1161.2851526293775,-0.04753340053803627,606.2380399080417,0.04402866981333718
2020-03-30,0.0,1161.2851526293775,-0.04753340053803627,634.7996051297495,-0.04711278960000609
2020-03-31,0.0,1161.2851526293775,-0.04753340053803627,642.2577278893325,-0.011748782921909109
2020-04-01,0.0,1161.2851526293775,-0.04753340053803627,651.229889442358,-0.013969721442684411
2020-04-02,0.0,1161.2851526293775,-0.04753340053803627,663.8587766006873,-0.019392364145237977
2020-04-03,0.0,1161.2851526293775,-0.04753340053803627,667.5198093532465,-0.0055147764578871005
2020-04-04,0.0,1161.2851526293775,-0.04753340053803627,675.2085666112152,-0.011518395634458032
2020-04-05,0.0,1161.2851526293775,-0.04753340053803627,669.9580486485843,0.007776142398462994
2020-04-06,0.0,1161.2851526293775,-0.04753340053803627,729.6888991283441,-0.08915610552070631
2020-04-07,0.0,1161.2851526293775,-0.04753340053803627,715.8225040151053,0.01900316029173954
2020-04-08,0.0,1161.2851526293775,-0.04753340053803627,734.0511178454802,-0.025465270689492354
2020-04-09,0.0,1161.2851526293775,-0.04753340053803627,727.4112175566041,0.009045555721466638
2020-04-10,0.0,1161.2851526293775,-0.04753340053803627,691.3943463543299,0.049513769286176186
2020-04-11,0.0,1161.2851526293775,-0.04753340053803627,693.7427652893376,-0.0033966417969583584
2020-04-12,0.0,1161.2851526293775,-0.04753340053803627,698.2814775329423,-0.006542356145093242
2020-04-13,0.0,1161.2851526293775,-0.04753340053803627,699.1001334482731,-0.0011723866974435568
2020-04-14,0.0,1161.2851526293775,-0.04753340053803627,704.063616649552,-0.007099817270520115
2020-04-15,0.0,1161.2851526293775,-0.04753340053803627,683.2154231102035,0.029611235471248314
2020-04-16,0.0,1161.2851526293775,-0.04753340053803627,724.0167071619019,-0.05971950086542065
2020-04-17,0.0,1161.2851526293775,-0.04753340053803627,719.8679366744637,0.005730213745620708
2020-04-18,0.0,1161.2851526293775,-0.04753340053803627,749.9374700202885,-0.04177090243070885
2020-04-19,0.0,1161.2851526293775,-0.04753340053803627,733.7140734713423,0.021632999013247587
2020-04-20,0.0,1161.2851526293775,-0.04753340053803627,707.799888619477,0.035319187390341775
2020-04-21,0.0,1161.2851526293775,-0.04753340053803627,712.211394801738,-0.006232702566350319
2020-04-22,0.0,1161.2851526293775,-0.04753340053803627,736.2278933802207,-0.033721025462065776
2020-04-23,0.0,1161.2851526293775,-0.04753340053803627,760.0068211366112,-0.032298324975456864
2020-04-24,0.0,1161.2851526293775,-0.04753340053803627,763.2723384677523,-0.004296694766841073
2020-04-25,0.0,1161.2851526293775,-0.04753340053803627,771.6550475200388,-0.010982592490007517
2020-04-26,0.0,1161.2851526293775,-0.04753340053803627,787.4212674153479,-0.02043169411770061
2020-04-27,0.0,1161.2851526293775,-0.04753340053803627,790.5480275789445,-0.003970886097425289
2020-04-28,0.0,1161.2851526293775,-0.04753340053803627,799.7011514015895,-0.011578200821873472
2020-04-29,0.0,1161.2851526293775,-0.04753340053803627,851.3311879212529,-0.06456166335283434
2020-04-30,0.0,1161.2851526293775,-0.04753340053803627,823.5685923536204,0.032610805244222406
2020-05-01,0.0,1161.2851526293775,-0.04753340053803627,845.3532310712374,-0.026451517116941207
2020-05-02,0.0,1161.2851526293775,-0.04753340053803627,852.0824010896899,-0.007960187257964641
2020-05-03,0.0,1161.2851526293775,-0.04753340053803627,838.8197465234367,0.015564990603364344
2020-05-04,0.0,1161.2851526293775,-0.04753340053803627,836.0947000898196,0.0032486674817935957
2020-05-05,0.0,1161.2851526293775,-0.04753340053803627,836.17950130445,-0.00010142537038095232
2020-05-06,0.0,1161.2851526293775,-0.04753340053803627,826.1957126905484,0.011939767236970973
2020-05-07,0.0,1161.2851526293775,-0.04753340053803627,858.9023113843151,-0.03958698670470714
2020-05-08,-0.002171382019213408,1158.7635589297786,-0.04960156938600934,859.0851955540318,-0.0023843098077320607
2020-05-09,-0.002899911643997166,1155.4032469925985,-0.0523576408613835,849.9358333173718,0.007750210467302288
2020-05-10,-0.009089858263732431,1144.9007952399795,-0.060971575590662574,796.1208387186672,0.054226679866752156
2020-05-11,-7.811224981790765e-05,1144.811364463045,-0.06104492521353613,788.9119439142232,0.008976913638019049
2020-05-12,0.0,1144.811364463045,-0.06104492521353613,808.8311973293828,-0.025249019955673697
2020-05-13,0.0,1144.811364463045,-0.06104492521353613,829.5901675727321,-0.025665392620724363
2020-05-14,0.0,1144.811364463045,-0.06104492521353613,839.215226104395,-0.011602184919602696
2020-05-15,0.0,1144.811364463045,-0.06104492521353613,818.5892929860673,0.024577644061669974
2020-05-16,0.0,1144.811364463045,-0.06104492521353613,827.8684936710324,-0.01133559987220981
2020-05-17,0.0,1144.811364463045,-0.06104492521353613,838.8836237338209,-0.01330541039669694
2020-05-18,0.0,1144.811364463045,-0.06104492521353613,856.1655096020702,-0.020601052850845538
2020-05-19,0.0,1144.811364463045,-0.06104492521353613,865.9551096698312,-0.011434237840661412
2020-05-20,0.00011831608603540822,1144.9468140629372,-0.06093383172412431,856.0808342574012,0.011521072767262093
2020-05-21,-0.006858010401891379,1137.094756902481,-0.06737395727422459,823.0954857279496,0.03167263671633824
2020-05-22,0.005272789682721157,1143.0904184049527,-0.06245641629830312,845.1094486373485,-0.021472543381436608
2020-05-23,-0.0012321085553606004,1141.6820069208852,-0.06361157176880547,841.2409446994187,0.0033454097106667214
2020-05-24,-0.005209842335270776,1135.734023667812,-0.06849000784446196,815.7825291139789,0.025053087382844903
2020-05-25,0.003789243399126896,1140.037596320159,-0.06496028975546579,831.9609984528947,-0.016042597516230033
2020-05-26,-0.0005072368069573008,1139.4593272899904,-0.0654345763124685,825.7912194942485,0.006908710539275854
2020-05-27,0.0022485769512954334,1142.0214892702732,-0.06333313404128715,842.8598051613297,-0.018420794754466816
2020-05-28,0.014083282984954204,1158.1049010785653,-0.05014178950536041,882.2423395193645,-0.032641610190485136
2020-05-29,-0.00017132521703921988,1157.9064885050338,-0.05030452416942985,877.5187273095153,0.0051827730825533425
2020-05-30,0.0,1157.9064885050338,-0.05030452416942985,929.1774698998552,-0.05886910556168577
2020-05-31,-0.008703323233238303,1147.8288540617107,-0.0585700308687273,906.2948638512192,0.015923410399360644
2020-06-01,0.015067638775051684,1165.1239246102941,-0.04438490416184916,950.190353616645,-0.033366366002262914
2020-06-02,-0.013958748762908368,1148.8602524690052,-0.05772409519869653,921.3566105136082,0.016386479425621325
2020-06-03,0.012122194722909096,1162.786960158845,-0.046301643197989795,941.7243340001565,-0.009984037819552847
2020-06-04,0.004246102097570148,1167.7242723094027,-0.04225214260472351,947.4522112762423,-0.0018362269548772214
2020-06-05,-0.0071001078893240255,1159.4333039910236,-0.04905225572299885,938.1326229909893,0.0027363653114712092
2020-06-06,0.0023232982103200683,1162.1270133111716,-0.0468429205306121,940.8664581719493,-0.0005908262044602708
2020-06-07,0.002381668233007117,1164.8948143014943,-0.04457281659337397,942.8499345599222,0.00027353017500175714
2020-06-08,0.0010072191546335318,1166.068118671592,-0.04361049203338933,944.9713502182243,-0.0012427843512715481
2020-06-09,-0.005177129005974224,1160.0312335914755,-0.04856184389609266,935.4308395828141,0.004918955529506053
2020-06-10,0.00357945234847179,1164.1835101148552,-0.045156216353800835,941.4382591829215,-0.002842636111629223
2020-06-11,-0.02271501516578789,1137.739064026836,-0.06684550738028248,891.7334237259869,0.03008168708431363
2020-06-12,0.0028950576706852083,1141.0328842313852,-0.06414397130848941,911.8039746177183,-0.01961228629301789
2020-06-13,0.00023290279287779825,1141.2986339768881,-0.0639260078256756,912.3929272497401,-0.000413017436049585
2020-06-14,-0.0027633103493601707,1138.1448716499092,-0.06651267077601779,899.4884279392269,0.011380266310546354
2020-06-15,-0.00040633018382940644,1137.6824090349871,-0.06689197485410384,903.138707521823,-0.004464503106586241
2020-06-16,-8.064199199209199e-05,1137.5906640592682,-0.06696722254399541,909.0888523725347,-0.006668937678087262
2020-06-17,0.0,1137.5906640592682,-0.06696722254399541,914.6424286129576,-0.006108947685288754
2020-06-18,0.0,1137.5906640592682,-0.06696722254399541,905.2294021782633,0.01029148237630866
2020-06-19,0.0,1137.5906640592682,-0.06696722254399541,896.5209307921077,0.00962018176298778
2020-06-20,0.0,1137.5906640592682,-0.06696722254399541,897.9288164545817,-0.0015703879453544836
2020-06-21,0.0,1137.5906640592682,-0.06696722254399541,892.8172686261464,0.005692598048716072
2020-06-22,0.0,1137.5906640592682,-0.06696722254399541,921.4306498820912,-0.032048418261414816
2020-06-23,0.0,1137.5906640592682,-0.06696722254399541,918.1743473132695,0.003533963808603919
2020-06-24,0.0,1137.5906640592682,-0.06696722254399541,901.8303783389014,0.01780050708473107
2020-06-25,0.0,1137.5906640592682,-0.06696722254399541,896.5993218303614,0.005800488245001345
2020-06-26,0.0,1137.5906640592682,-0.06696722254399541,891.724438320269,0.005437081415743902
2020-06-27,0.0,1137.5906640592682,-0.06696722254399541,869.3124361868772,0.025133327259269627
2020-06-28,0.0,1137.5906640592682,-0.06696722254399541,881.0380637882694,-0.013488392795604083
2020-06-29,0.0,1137.5906640592682,-0.06696722254399541,890.4257770825208,-0.010655286848659287
2020-06-30,0.0,1137.5906640592682,-0.06696722254399541,884.9106143752011,0.006193848885855597
2020-07-01,0.0,1137.5906640592682,-0.06696722254399541,914.6355647552857,-0.03359090725911588
2020-07-02,-0.003914578616779463,1133.1374759710939,-0.07061965270337901,899.7656710300325,0.012343146643698066
2020-07-03,0.003534199958440176,1137.142210391578,-0.06733503671858816,903.905628810511,-0.0010669511120812315
2020-07-04,0.003385601555706552,1140.9921208281392,-0.0641774047679497,915.802299577902,-0.0097758064366813
2020-07-05,-0.0018657712806642301,1138.863290497634,-0.06592343568993027,910.0388105692633,0.004427605588224526
2020-07-06,0.00676048404335905,1146.5625576006105,-0.05960862598163644,946.8327231153233,-0.0336706625393279
2020-07-07,0.012034391424111446,1160.3607402110065,-0.04829158809484153,961.9137005604719,-0.0038934246272058146
2020-07-08,-9.062727204867116e-05,1160.2555798825288,-0.04837783883199828,1002.3315536161415,-0.042108796918784774
2020-07-09,-0.004113622598850397,1155.4827263086818,-0.05229245325974578,984.0851547442549,0.014090332775056145
2020-07-10,-0.0038300058801534753,1151.0572206725037,-0.05592217873642681,979.799845759371,0.0005246060802287034
2020-07-11,-8.638289838269753e-05,1150.9577890135777,-0.05600373091492641,989.6848126527086,-0.010175144328709711
2020-07-12,0.0,1150.9577890135777,-0.05600373091492641,1000.2678085249066,-0.010693299257398798
2020-07-13,0.000624454225327975,1151.6765094681014,-0.055414248456002374,993.4700374925635,0.007420405244053455
2020-07-14,-0.0024709051712714647,1148.8308260252247,-0.057748230274201805,1001.4871517685971,-0.010540715002947969
2020-07-15,-0.00337169614119448,1144.9573175622302,-0.060925216930219975,992.615764281388,0.005486517837429705
2020-07-16,-0.0035839115837359437,1140.8538917689357,-0.06429077792325806,977.7944432188513,0.011347667780477308
2020-07-17,-0.00010452786341397236,1140.7346407491616,-0.06438858560901846,972.5624366577428,0.005246296737189095
2020-07-18,0.0,1140.7346407491616,-0.06438858560901846,979.7262456583202,-0.00736591166855703
2020-07-19,0.0,1140.7346407491616,-0.06438858560901846,990.6841743945339,-0.01118468427764804
2020-07-20,0.0,1140.7346407491616,-0.06438858560901846,973.0977953537869,0.017751751259673876
2020-07-21,0.0,1140.7346407491616,-0.06438858560901846,994.2723909765099,-0.02175998725289942
2020-07-22,0.0,1140.7346407491616,-0.06438858560901846,1013.1255985230307,-0.018961813400052683
2020-07-23,0.006750520081166611,1148.4351928488213,-0.058072721968003345,1030.1127605826978,-0.010016563964909717
2020-07-24,0.0022707461332198697,1151.0429976222363,-0.055933844243637974,1028.6789784879197,0.003662615207792779
2020-07-25,0.019012743202272864,1172.9274825508023,-0.037984556858285244,1083.626423793521,-0.034402798919886575
2020-07-26,0.000563822106250278,1173.5888049944929,-0.03744215128488785,1093.8758461531381,-0.008894624213041356
2020-07-27,0.0010587465389386708,1174.831338079918,-0.036423046494032496,1114.3322519069723,-0.01764210130021385
2020-07-28,0.002409214287200756,1177.6617585246713,-0.0341015831308285,1129.6315967933497,-0.011320393610439667
2020-07-29,0.0044254211136312005,1182.8734077355625,-0.029827075883192646,1129.795732543996,0.004280120866088374
2020-07-30,0.008622729788571926,1193.0730055045535,-0.02146153691034474,1140.6296027330282,-0.0009664993764532271
2020-07-31,0.019804657361802702,1216.7014075861873,-0.002081917933509128,1163.4223938987266,-0.00017798302477427946
2020-08-01,0.04850150011892662,1275.713251050927,0.0,1224.0074933371225,-0.003573395255375429
2020-08-02,-0.021087433514266896,1248.8117326861213,-0.021087433514266916,1187.2558510484826,0.008938234211378071
2020-08-03,-0.00027227674123464496,1248.47171029713,-0.021353968637823344,1221.7907694845517,-0.029360293789599368
2020-08-04,0.0,1248.47171029713,-0.021353968637823344,1227.599195711368,-0.0047540269347974605
2020-08-05,0.0,1248.47171029713,-0.021353968637823344,1248.2664903220832,-0.01683553938689161
2020-08-06,-0.0023947035981627396,1245.481990600277,-0.023697535810454046,1245.07888613782,0.00015892113579975492
2020-08-07,-0.0018504078164052196,1243.1773409896782,-0.025504093521366105,1220.3515159873639,0.018009675288175746
2020-08-08,0.002607423487841043,1246.4188307881263,-0.022963170006008872,1246.2854426674794,-0.01864377040208736
2020-08-09,-0.0022244841649848857,1243.6461918360992,-0.025136572962937514,1231.4214827435155,0.00970212543429765
2020-08-10,0.0009412647409086095,1244.8167921466397,-0.024218968391866245,1241.2636369000857,-0.0070512498404048385
2020-08-11,-0.005965167883221212,1237.3912509976321,-0.03003966606267154,1200.2954231977747,0.027040079740582867
2020-08-12,-3.5398923789231596e-05,1237.3474486790406,-0.030074001614611216,1231.331617506344,-0.025892528517672004
2020-08-13,0.0,1237.3474486790406,-0.030074001614611216,1263.5478093330269,-0.02616370063811562
2020-08-14,0.002258528052486497,1240.1420326025548,-0.02788339653842184,1266.624821063341,-0.00017668785908121981
2020-08-15,-0.0009999601590066076,1238.9019399784427,-0.028855474411792297,1252.4200481682826,0.010214704719527472
2020-08-16,0.00021563444243422047,1239.1690899075006,-0.028646062203494017,1273.411280613334,-0.01654490246828663
2020-08-17,-0.0004757492487511561,1238.5795561439015,-0.02910818310967214,1271.2453673920238,0.0012251256015695735
2020-08-18,-0.00481784335702351,1232.6122738571885,-0.033785787800065706,1259.9980068044476,0.004029670172682012
2020-08-19,-0.004316382897722626,1227.2918473187883,-0.03795633830114205,1204.7087071698024,0.03956408305227321
2020-08-20,0.002389499035639009,1230.2244600044041,-0.03565753589927004,1241.495887866915,-0.02814666333969226
2020-08-21,-0.00790124529108771,1220.5041547828134,-0.043277042252741836,1179.7621861643843,0.04182401139792047
2020-08-22,0.0025042093860334624,1223.5605527429134,-0.04088120764211746,1197.0134523455274,-0.012118454726663794
2020-08-23,-0.00020882896314622368,1223.3050378613375,-0.04108149942505959,1199.844390090953,-0.0025738297406050015
2020-08-24,0.0009414931113940206,1224.4567711276175,-0.04017868426238007,1224.6094272119085,-0.019698714340072483
2020-08-25,-0.004098469974820329,1219.4383718156855,-0.044112483106123215,1170.2534381591456,0.04028791791745349
2020-08-26,-8.660119765868668e-05,1219.3327669922153,-0.044195264109913236,1199.4310369059554,-0.02501931901364491
2020-08-27,0.0,1219.3327669922153,-0.044195264109913236,1179.7331633892888,0.01642268118013606
2020-08-28,0.0,1219.3327669922153,-0.044195264109913236,1222.4651880141237,-0.03622177111819834
2020-08-29,0.0,1219.3327669922153,-0.044195264109913236,1232.1814404046754,-0.00794808104624686
2020-08-30,0.0,1219.3327669922153,-0.044195264109913236,1283.6091805667993,-0.041737148828693504
2020-08-31,0.0,1219.3327669922153,-0.044195264109913236,1300.6685844996664,-0.013290185354808779
2020-09-01,0.0,1219.3327669922153,-0.044195264109913236,1331.7068526871435,-0.023863318109906353
2020-09-02,-0.006743253820810535,1211.1104966523556,-0.050640498047152864,1274.8436269160693,0.0359562529485169
2020-09-03,-0.01715732067326381,1190.3310854905353,-0.06692896345636787,1115.9635726775834,0.10746977153162647
2020-09-04,0.0001070024249385515,1190.4584538031625,-0.06682912259281784,1146.6650622739944,-0.027404190904381016
2020-09-05,0.0,1190.4584538031625,-0.06682912259281784,1036.9954501992727,0.09564223737420914
2020-09-06,0.0,1190.4584538031625,-0.06682912259281784,1107.735812562666,-0.06821665644704598
2020-09-07,0.0,1190.4584538031625,-0.06682912259281784,1099.5090264686662,0.007426667984099903
2020-09-08,0.0,1190.4584538031625,-0.06682912259281784,1062.1224504683098,0.03400297323654749
2020-09-09,0.0,1190.4584538031625,-0.06682912259281784,1152.3042007184133,-0.08490711236763764
2020-09-10,0.0,1190.4584538031625,-0.06682912259281784,1166.4938914395486,-0.012314188139111846
2020-09-11,0.0,1190.4584538031625,-0.06682912259281784,1171.3725025891758,-0.004182286067187909
2020-09-12,0.0,1190.4584538031625,-0.06682912259281784,1200.4877451424873,-0.024855665033075187
2020-09-13,0.005676000216046084,1197.2154962441432,-0.061532444491046674,1193.269182198199,0.011689025316466095
2020-09-14,0.00017916783060889507,1197.4299987473767,-0.06136430129502927,1209.7443108945606,-0.013627548157825378
2020-09-15,-0.00886713464768929,1186.8122257173013,-0.0696873104205741,1157.1219124825204,0.0346316426874386
2020-09-16,0.0016189467219975828,1188.733611479753,-0.06818118374134666,1141.910698974357,0.014764677819189316
2020-09-17,-8.162355280638689e-05,1188.6365828190437,-0.06825724210370156,1178.6300805694614,-0.03223771214019327
2020-09-18,0.0,1188.6365828190437,-0.06825724210370156,1186.5858559799753,-0.006750018976836247
2020-09-19,0.0,1188.6365828190437,-0.06825724210370156,1183.3110036850142,0.0027598949359266705
2020-09-20,0.0,1188.6365828190437,-0.06825724210370156,1152.8457831635792,0.025745742604067257
2020-09-21,0.0,1188.6365828190437,-0.06825724210370156,1078.241033465466,0.0647135556096556
2020-09-22,0.0,1188.6365828190437,-0.06825724210370156,1100.1251165324784,-0.020296095573989544
2020-09-23,0.0,1188.6365828190437,-0.06825724210370156,1004.5695089146916,0.08685885467188643
2020-09-24,0.0,1188.6365828190437,-0.06825724210370156,1112.7647380460771,-0.10770307895197484
2020-09-25,0.0,1188.6365828190437,-0.06825724210370156,1152.8719418414532,-0.036042842142716566
2020-09-26,0.0,1188.6365828190437,-0.06825724210370156,1151.9110190274691,0.0008335035133644039
2020-09-27,0.0,1188.6365828190437,-0.06825724210370156,1172.080073370697,-0.01750921209196865
2020-09-28,0.0,1188.6365828190437,-0.06825724210370156,1144.1129052119854,0.02386114122585741
2020-09-29,0.0,1188.6365828190437,-0.06825724210370156,1160.1264972146485,-0.013996513744153847
2020-09-30,0.0,1188.6365828190437,-0.06825724210370156,1165.5255215317939,-0.0046538238115480125
2020-10-01,0.0,1188.6365828190437,-0.06825724210370156,1133.144324701503,0.027782486296596822
2020-10-02,0.0,1188.6365828190437,-0.06825724210370156,1093.747768768651,0.03476746525049222
2020-10-03,0.0,1188.6365828190437,-0.06825724210370156,1097.7788855330748,-0.0036855999888914764
2020-10-04,0.0,1188.6365828190437,-0.06825724210370156,1119.6282649689751,-0.019903260778503986
2020-10-05,0.0,1188.6365828190437,-0.06825724210370156,1131.5973041039388,-0.01069019022603487
2020-10-06,0.0,1188.6365828190437,-0.06825724210370156,1059.9954607228278,0.06327502117708662
2020-10-07,0.0,1188.6365828190437,-0.06825724210370156,1069.2747924896148,-0.008754124060549555
2020-10-08,0.0,1188.6365828190437,-0.06825724210370156,1108.5168752252014,-0.036699717426442256
2020-10-09,0.0,1188.6365828190437,-0.06825724210370156,1154.3596721124172,-0.041355073532734724
2020-10-10,0.0,1188.6365828190437,-0.06825724210370156,1149.9559986516415,0.0038148192172352707
2020-10-11,0.0,1188.6365828190437,-0.06825724210370156,1161.0542499382761,-0.009651022560556737
2020-10-12,0.0,1188.6365828190437,-0.06825724210370156,1209.9373395203027,-0.042102330347290114
2020-10-13,0.0,1188.6365828190437,-0.06825724210370156,1197.201306435652,0.010526192281742517
2020-10-14,0.0,1188.6365828190437,-0.06825724210370156,1169.2551262404909,0.023342924907393647
2020-10-15,0.0,1188.6365828190437,-0.06825724210370156,1165.6673349464286,0.0030684417913122075
2020-10-16,0.0,1188.6365828190437,-0.06825724210370156,1130.1572954119124,0.030463270669026894
2020-10-17,0.0,1188.6365828190437,-0.06825724210370156,1147.1512066174982,-0.015036766363917518
2020-10-18,0.0,1188.6365828190437,-0.06825724210370156,1156.8561238640696,-0.008460015724681453
2020-10-19,0.0,1188.6365828190437,-0.06825724210370156,1146.7044607570933,0.008775216638926664
2020-10-20,0.0,1188.6365828190437,-0.06825724210370156,1103.5489704010513,0.03763436162753685
2020-10-21,0.0,1188.6365828190437,-0.06825724210370156,1146.490135849143,-0.03891188030603294
2020-10-22,0.0026011555147911203,1191.7284114215258,-0.065833634290633,1197.1413978175951,-0.04157825814491537
2020-10-23,-0.0006930184884976764,1190.9025215991428,-0.06648102885340224,1185.5862122127428,0.008959296288952692
2020-10-24,0.0027796283610330708,1194.2127880234057,-0.06388619304564068,1183.4779626913087,0.004557862199885758
2020-10-25,-0.001245825496634878,1192.7250072836787,-0.06505242749409636,1160.2553924229283,0.01837648349471377
2020-10-26,0.00032671900321479264,1193.1146932091679,-0.06474696235514907,1141.2605341447677,0.016697992433363784
2020-10-27,0.008628046347780804,1203.4089420803948,-0.05667755579944652,1159.6202630160178,-0.007459190809691232
2020-10-28,-0.00544861044561018,1196.8520355482349,-0.061817352322496175,1110.5956765030908,0.03682780371898921
2020-10-29,0.0027747513686173786,1200.1730023719049,-0.05921412873683991,1082.5987348109709,0.02798369309642371
2020-10-30,0.0015170181763060064,1201.9936866312148,-0.05778693947012182,1067.8065053196226,0.015180649044978003
2020-10-31,0.003373898571352507,1206.0490914133147,-0.054608008171290294,1080.6691145197744,-0.008671925401504585
2020-11-01,-0.0004523453466646066,1205.5035407189648,-0.05503565183956801,1100.8301719098424,-0.019108432690316497
2020-11-02,-0.003129037140449431,1201.731475367112,-0.05799248038136258,1060.258851170733,0.03372616702671272
2020-11-03,0.006950932913104557,1210.0846302319549,-0.051444649308853396,1048.753831598314,0.017802075122118004
2020-11-04,0.0017385313524125312,1212.1884003006858,-0.04979555609217807,1049.0447539181582,0.0014611332528025522
2020-11-05,0.021054486808594453,1237.7104049843479,-0.02978948916245294,1090.6573001842498,-0.01861259708908463
2020-11-06,-0.00017800824661440284,1237.4900823253402,-0.029962194634334024,1207.1374078904216,-0.10697609017986172
2020-11-07,-0.004916408745651468,1231.406075261939,-0.034731296984246346,1167.0186637074116,0.028318203917973177
2020-11-08,0.004447598125009167,1236.8828746133988,-0.03043816971058342,1211.51830003924,-0.03368344271924003
2020-11-09,-0.0023307025789300884,1234.000068507703,-0.0326979299688711,1187.235072434697,0.017712929947096643
2020-11-10,0.0013924381498826577,1235.718337280051,-0.03135102166409926,1220.206785643352,-0.026379410891806367
2020-11-11,0.0029564197116629387,1239.371639330449,-0.02848728873086491,1205.1076196226982,0.015330687908092286
2020-11-12,-0.00017315380821381066,1239.1570374113066,-0.028655509856549313,1195.825972869407,0.0075287697396575325
2020-11-13,0.0033300953329296057,1243.283548478357,-0.02542084010325563,1236.491125946325,-0.030675816898045785
2020-11-14,-0.0052609847498402695,1236.7426526900852,-0.030548086200984502,1206.975524700835,0.01860946658308043
2020-11-15,-0.0033305464471224955,1232.6236238421634,-0.03377689082814387,1207.97137266211,-0.004155623626315449
2020-11-16,0.015852410948889117,1252.1636800726183,-0.018459925033238275,1266.671347757088,-0.032741435249316594
2020-11-17,0.01714406430576365,1273.630854725125,-0.0016323388693240395,1309.7147533860725,-0.016837446135126978
2020-11-18,-0.003909020565037502,1268.652205521738,-0.005534978588152236,1284.2653223813622,0.015522257076841722
2020-11-19,0.002770255720436099,1272.1666965513286,-0.0027800561738123976,1279.567345680298,0.006428360178440935
2020-11-20,0.02515322088131966,1304.165786467543,0.0,1351.4110600796298,-0.030993659266778648
2020-11-21,0.02030948698873658,1330.6527245389611,0.0,1522.4191307164679,-0.10623089416425
2020-11-22,-0.004107649487865461,1325.186869556482,-0.004107649487865418,1502.7664263575007,0.008801216383859651
2020-11-23,0.014860981875349122,1344.8804476064115,0.0,1644.8172684145602,-0.07966524626335836
2020-11-24,0.02242329601444637,1375.0370999871311,0.0,1736.2098812451673,-0.033140695552045685
2020-11-25,-0.025763776860492027,1339.6109509681646,-0.025763776860492017,1641.0605783958024,0.029039103757331812
2020-11-26,-0.029527898746192882,1300.0550544486855,-0.05453092541222878,1452.7525187497415,0.08521988212496727
2020-11-27,-0.0002889747620132832,1299.679371348722,-0.05480414211304869,1466.2707419126937,-0.009594223239287507
2020-11-28,0.0,1299.679371348722,-0.05480414211304869,1548.8567982034242,-0.05632387930144483
2020-11-29,0.0,1299.679371348722,-0.05480414211304869,1580.6699542742242,-0.020539765914899984
2020-11-30,0.0,1299.679371348722,-0.05480414211304869,1661.0074026513091,-0.05082493543946209
2020-12-01,-0.004539189216522077,1293.7798807613597,-0.05909456495867052,1577.6638256569795,0.04563733429643529
2020-12-02,0.002097205840107197,1296.4932034831056,-0.05712129258531321,1627.6944048732325,-0.029614606526141944
2020-12-03,0.0010333070973769232,1297.8328791119657,-0.05614700932497603,1651.165204066883,-0.013386352467330156
2020-12-04,-0.00369751673728258,1293.0341203192536,-0.05963692155553111,1513.726248419403,0.07954003896517683
2020-12-05,0.0023768651993849588,1296.1074881214577,-0.05740180527959002,1587.072091087816,-0.04607697032404528
2020-12-06,0.0010045802591935882,1297.4095321178174,-0.056454889740822405,1585.0562895702749,0.0022747188552036945
2020-12-07,-0.0009299684858721236,1296.2029821396777,-0.05733235695836222,1550.075358450485,0.021139235838267934
2020-12-08,-0.004043908828240461,1290.9612554570115,-0.06114441896215491,1439.876713175597,0.0670485349514265
2020-12-09,0.001035081646318492,1292.2975057586434,-0.06017262678167888,1480.4434538751113,-0.02713867818208098
2020-12-10,-0.0013853456463395197,1290.5072270352653,-0.06147461254147758,1437.2012883046564,0.027823581893086074
2020-12-11,-0.0010575082742102504,1289.1425049647473,-0.06246711090427136,1403.4535019131247,0.022424092157237445
2020-12-12,-6.982608425576409e-05,1289.052489191578,-0.06253257515477793,1431.6747009902306,-0.02017822229306219
2020-12-13,0.0,1289.052489191578,-0.06253257515477793,1478.8925750621574,-0.03298086781813524
2020-12-14,0.0,1289.052489191578,-0.06253257515477793,1475.3492065335781,0.0023959607265122695
2020-12-15,0.0,1289.052489191578,-0.06253257515477793,1487.3672512716566,-0.008145898398058555
2020-12-16,0.0,1289.052489191578,-0.06253257515477793,1604.7038734092555,-0.0788888030426106
2020-12-17,0.008172399315812706,1299.587140872294,-0.054871217013376064,1594.0440486688722,0.014815260292857894
2020-12-18,0.003057620568291286,1303.560785244512,-0.051981371806831954,1628.8201384554209,-0.018758645936758547
2020-12-19,0.004217809376656501,1309.058956147558,-0.04798280994759378,1651.0280743530247,-0.009416560295776168
2020-12-20,-0.004503113399575209,1303.164115221296,-0.05226985131274477,1609.4173485933673,0.02069980495537955
2020-12-21,-0.007847208780631831,1292.9379143337271,-0.059706887657192925,1526.361158783871,0.043759162855716856
2020-12-22,0.009489220514583119,1305.2068873145051,-0.050784238965828274,1526.5242354442935,0.009382380361134337
2020-12-23,-0.00968620056384506,1292.564391626665,-0.059978533205568084,1317.8517821833434,0.12701156578391035
2020-12-24,0.0025005213856328368,1295.796476530235,-0.05762798942489463,1453.3571513556894,-0.10032239922221309
2020-12-25,0.0050962617382877,1302.400194534184,-0.05282541500416744,1467.7981187645066,-0.004840020885255083
2020-12-26,0.009193100869272497,1314.373290894697,-0.044117943503489375,1455.2694057231665,0.01772882038081255
2020-12-27,-0.0010980697353455415,1312.930017363019,-0.04516756866028803,1452.3845025723183,0.0008843145156409715
2020-12-28,0.009335335512045129,1325.1866595789381,-0.036253887555949965,1527.307158555891,-0.042250629396611936
2020-12-29,0.00876813285961453,1336.806072273915,-0.02780363359910348,1562.8448262714298,-0.014500053579805265
2020-12-30,0.005482258924810246,1344.1347892943793,-0.022473801392734086,1539.1266172066992,0.02065856348558778
2020-12-31,-0.004228054503570666,1338.4517141450972,-0.026606835439113845,1552.1539496083822,-0.012692161521176566
2021-01-01,7.567151289844531e-05,1338.552996811248,-0.02653317730570655,1647.4327436197068,-0.06130921497684959
2021-01-02,0.021343170521498367,1367.1219616742533,-0.005756308911920937,1658.9920337873,0.014326622979657335
2021-01-03,0.04285064486256118,1425.7040193377647,0.0,1837.592234380602,-0.06480520697753286
2021-01-04,0.0006469502078405576,1426.6263788493943,0.0,1929.6259507337859,-0.049436912050211314
2021-01-05,0.015547663878657358,1448.807086268171,0.0,2009.4184167245226,-0.025803596950102814
2021-01-06,0.008517657627041597,1461.147528996635,0.0,2168.7924092903345,-0.07079583489364583
2021-01-07,0.0032469119296765214,1465.8917463395514,0.0,2327.7415377249345,-0.07004231932810485
2021-01-08,-0.0005606919300279456,1465.0698326670843,-0.0005606919300279668,2539.5984395332207,-0.09157462039879975
2021-01-09,0.0060591633841047265,1473.946930152337,0.0,2714.740206679743,-0.06290519114539064
2021-01-10,-0.008871387321240709,1460.870976044002,-0.008871387321240673,2604.0929378679684,0.03188657122651347
2021-01-11,-0.02057105903941614,1430.8193129468314,-0.029259952528310016,2384.75587156449,0.06365675906720422
2021-01-12,-0.00013806964007312406,1430.621760239283,-0.029393982257269045,2507.672137877337,-0.051680564106061935
2021-01-13,0.0,1430.621760239283,-0.029393982257269045,2656.32058985049,-0.05927746682984599
2021-01-14,0.0,1430.621760239283,-0.029393982257269045,2726.1455911036614,-0.026286360735208385
2021-01-15,0.0,1430.621760239283,-0.029393982257269045,2635.9105898170574,0.0330998467510582
2021-01-16,0.0,1430.621760239283,-0.029393982257269045,2887.89970464354,-0.09559850618604337
2021-01-17,0.0,1430.621760239283,-0.029393982257269045,3005.5075215016223,-0.040724342562512277
2021-01-18,-0.0018506156582946964,1427.9742292086871,-0.031190200951738797,3000.7163747707327,-0.00025649330238204063
2021-01-19,-0.004391030060213019,1421.7039514430223,-0.03544427390198859,2959.710476108293,0.00927433965190218
2021-01-20,0.0013000599542134506,1423.5522518170403,-0.034190293628881374,3003.8575346613857,-0.013615945820493842
2021-01-21,-0.021233861985984093,1393.3247397721204,-0.054698163638689505,2587.7054608137955,0.1173053560180754
2021-01-22,0.008373607244846148,1404.9918939074996,-0.04678257733316808,2817.6360860072477,-0.08048141457867411
2021-01-23,-8.912241872716109e-05,1404.8666776316225,-0.04686753037544907,2829.3347801472232,-0.004241075965202671
2021-01-24,0.0,1404.8666776316225,-0.04686753037544907,2905.8673248095024,-0.027049660294458718
2021-01-25,0.0,1404.8666776316225,-0.04686753037544907,2861.380110937782,0.015309444272249275
2021-01-26,0.0,1404.8666776316225,-0.04686753037544907,2918.6169207156277,-0.020003217873450354
2021-01-27,0.0,1404.8666776316225,-0.04686753037544907,2703.1098459393584,0.07383876700181272
2021-01-28,0.0,1404.8666776316225,-0.04686753037544907,2888.5900647345206,-0.06861734423179014
2021-01-29,0.0,1404.8666776316225,-0.04686753037544907,2941.9898627362636,-0.018486457685248068
2021-01-30,0.0,1404.8666776316225,-0.04686753037544907,3278.6127117441147,-0.11442012539593419
2021-01-31,0.0,1404.8666776316225,-0.04686753037544907,3323.240523919414,-0.013611797457943418
2021-02-01,0.0,1404.8666776316225,-0.04686753037544907,3428.991450907529,-0.03182162898741766
2021-02-02,0.0009706568489340484,1406.2303210941047,-0.04594236581586662,3598.415365680769,-0.04843859867090673
2021-02-03,0.008298860128786334,1417.9004298377229,-0.0380247749549718,3848.412278363193,-0.06117530760257786
2021-02-04,0.0028367681997867322,1421.9226846875504,-0.03529587422758144,4000.7118696310827,-0.03673788759376208
2021-02-05,0.03093709004950096,1465.9128348271572,-0.005450735817435067,4448.7121991858,-0.0810430635215255
2021-02-06,-0.001614074315508529,1463.5467425716884,-0.007056012240260082,4548.585433181902,-0.024063994545093417
2021-02-07,-0.004660813389637197,1456.7254243175503,-0.011683938873570464,4729.517247080078,-0.044438413823011357
2021-02-08,0.018359740101588695,1483.4705245073972,0.0,5398.966135739143,-0.12318724105645046
2021-02-09,0.003186593539343363,1488.1977420965986,0.0,5793.044069662123,-0.06980477629243435
2021-02-10,0.03324400776257064,1537.671399387098,0.0,6967.832933714423,-0.16954900570760328
2021-02-11,0.00597414013071762,1546.8576638020334,0.0,6932.120088025657,0.011099527898838057
2021-02-12,0.0005896048230102924,1547.7696985411214,0.0,7224.190479208959,-0.04154330509120426
2021-02-13,-0.0009606660291248126,1546.2828087708242,-0.0009606660291248331,7069.460460415445,0.02045765332981551
2021-02-14,0.0016795108505187617,1548.8798075261254,0.0,6853.013020997328,0.03229676101127543
2021-02-15,-0.0016306979317421977,1546.3540524274754,-0.0016306979317421628,6732.335838940085,0.015978663335702286
2021-02-16,0.0018906101824465171,1549.2776051446622,0.0,6610.568170520046,0.019977596829150884
2021-02-17,0.006437205109963262,1559.250622861251,0.0,7021.84374179685,-0.055777654591642335
2021-02-18,0.0119990835767263,1577.9602014020256,0.0,7452.378300140215,-0.04931452210501935
2021-02-19,0.05286588009352622,1661.3804562017015,0.0,8617.686640249578,-0.10350142886171526
2021-02-20,-0.0013082875077788936,1659.2068929051848,-0.001308287507778905,8182.7987740337885,0.04915628429326714
2021-02-21,0.0019414893113558485,1662.428225353088,0.0,8614.759502542109,-0.05084738408475494
2021-02-22,-0.0090039970853234,1647.4597264574495,-0.009003997085323368,8610.053745276065,-0.008457753482741708
2021-02-23,-0.00013070794821290477,1647.2443903768408,-0.00913352813955158,7733.495304294573,0.10167567641523198
2021-02-24,0.0,1647.2443903768408,-0.00913352813955158,8203.967753999714,-0.0608356805290717
2021-02-25,0.0,1647.2443903768408,-0.00913352813955158,7552.995854097632,0.07934842254648186
2021-02-26,0.0,1647.2443903768408,-0.00913352813955158,7544.525519287582,0.0011214536554332577
2021-02-27,0.0022069229835879334,1650.8797318815496,-0.006946762149136172,7609.517949899766,-0.006407592329009384
2021-02-28,-6.745533795560199e-05,1650.7683712313114,-0.007013748890903299,7347.64725278188,0.03434611709094388
2021-03-01,-0.0005053323352317562,1649.9341845953504,-0.007515536952029281,8156.3495282248105,-0.11056808407344966
2021-03-02,-0.0023416132291801395,1646.0706768814255,-0.009839551700458112,7808.615504276227,0.04029192310288367
2021-03-03,-0.0003129162300042898,1645.555594650895,-0.01014938897503941,7956.183676020165,-0.019211038651722405
2021-03-04,-0.0032168593283525837,1640.2620737859195,-0.013333599146790588,7684.45119136636,0.03093676202063695
2021-03-05,0.0014906671430743312,1642.707158565343,-0.011862807961863385,7542.602415406713,0.019949861225667713
2021-03-06,-0.0009649264348348119,1641.1220670033508,-0.012816287659704472,7700.609452406385,-0.021913536516273337
2021-03-07,4.180904733108726e-05,1641.1906807535263,-0.012775014449150737,8016.547496892393,-0.0409858584949153
2021-03-08,-0.00038551752830151553,1640.5579729788108,-0.013155606985457766,8066.458545298422,-0.0066115204834860586
2021-03-09,0.0025152550915201743,1644.6843947732798,-0.01067344160138977,9000.571922185312,-0.11328691157694222
2021-03-10,-0.0020653474514870096,1641.2875500500343,-0.012716744687466799,8543.286000603786,0.048740970806397534
2021-03-11,-0.00026940289632626513,1640.8453824303465,-0.012982721655942456,8829.341881867156,-0.03375252417344998
2021-03-12,-0.0029541992692021513,1635.997998200697,-0.01589856737831632,8288.783012953607,0.05826880875857597
2021-03-13,0.0021763289690304166,1639.558468037457,-0.013756838922037433,8846.583822437167,-0.0651195344420201
2021-03-14,-0.0026011573987979597,1635.2937183975596,-0.016322212617489243,8432.655699752964,0.04418844308341068
2021-03-15,-0.003817140861812174,1629.0515719239995,-0.020077049294563998,8234.003475015086,0.0197403517966034
2021-03-16,0.0014671791134286405,1631.4416823650245,-0.01863932680851964,8725.788972221146,-0.05825899160028466
2021-03-17,0.002278798639783197,1635.1594094516834,-0.016403003441314255,9028.203423106463,-0.03237874944533138
2021-03-18,-0.0014398444093212115,1632.8050343176353,-0.01781923007783445,8807.71331753632,0.02298252350120105
2021-03-19,0.00042675951782444876,1633.5018494067822,-0.017400075086045935,9058.105218167166,-0.0280019474125327
2021-03-20,7.53901549366276e-05,1633.6249993642982,-0.01732599672546596,9030.57741295102,0.0031144148243493603
2021-03-21,-0.0008580374349153042,1632.2232879602302,-0.018169167806593566,8920.539782648842,0.011326967495596267
2021-03-22,-0.0037165258583008454,1626.1570879040053,-0.02181816748291735,8604.601371547133,0.03170043531216953
2021-03-23,0.0002873877047668838,1626.6244254570884,-0.021537050051225623,8550.993322131713,0.006517548417694903
2021-03-24,-0.0023267187723937655,1622.8397278707432,-0.023813658164963166,8041.336524072076,0.0572753390073195
2021-03-25,-4.764462665285407e-05,1622.7624082777913,-0.02386016819876355,8002.951529859781,0.004725814871950229
2021-03-26,0.0,1622.7624082777913,-0.02386016819876355,8778.953069243606,-0.09696441825100284
2021-03-27,0.0,1622.7624082777913,-0.02386016819876355,8917.44022202814,-0.015774905241231152
2021-03-28,0.0,1622.7624082777913,-0.02386016819876355,9077.920303251041,-0.017996204877995945
2021-03-29,0.0,1622.7624082777913,-0.02386016819876355,9413.921238271965,-0.037012985771707516
2021-03-30,0.0,1622.7624082777913,-0.02386016819876355,9649.05767535897,-0.024977523301455196
2021-03-31,0.0,1622.7624082777913,-0.02386016819876355,9646.72946030301,0.00024128937086858354
2021-04-01,0.0,1622.7624082777913,-0.02386016819876355,9774.980601693747,-0.013294779533156942
2021-04-02,0.0,1622.7624082777913,-0.02386016819876355,10099.066741323933,-0.03315465808433747
2021-04-03,-0.0056356252496206904,1613.6171274755657,-0.029361326482023133,9954.916826187246,0.008637962481693715
2021-04-04,0.002981157696128278,1618.4275745937439,-0.026467699530305255,10443.513483782239,-0.04609978051017565
2021-04-05,0.0013972866373854753,1620.6889818173,-0.025107395855795803,11326.34901110624,-0.08313705409908778
2021-04-06,0.02047407757932529,1653.8710937629849,-0.005147369047037011,11984.82092629291,-0.037662212812308735
2021-04-07,-0.011867799798008338,1634.2432827304926,-0.016954080899708672,11290.82018448559,0.046038842785593906
2021-04-08,0.013495554432735535,1656.2983019089143,-0.00368733118861225,12036.259896702653,-0.05252619598370918
2021-04-09,0.0061468991007058715,1666.4794004514188,0.0,12170.602907881239,-0.005014625520026945
2021-04-10,0.006145232108890397,1676.7203031718773,0.0,12934.632404276985,-0.05663140288435112
2021-04-11,0.010123794382536522,1693.6950747582137,0.0,13274.333368651016,-0.016139106158935688
2021-04-12,0.017582709486447134,1723.4748232163136,0.0,13933.275527763159,-0.03205761073244362
2021-04-13,0.011985036129645632,1744.1307312410956,0.0,14564.16062843265,-0.03329398669685346
2021-04-14,0.0037802438488001577,1750.7239707093731,0.0,14971.011585776076,-0.02415483375183793
2021-04-15,0.00222972019665324,1754.6275953056288,0.0,15006.014743160276,-0.00010834207680435583
2021-04-16,-0.013420062181982106,1731.0803838704055,-0.013420062181982115,14096.036049385519,0.04722086809496066
2021-04-17,-0.0070965022313788095,1718.7957680635732,-0.0204213289121412,13796.983197377518,0.014118884204940563
2021-04-18,-0.011160354418187302,1699.6133981195032,-0.031353774061978625,13500.867612296932,0.010301988533485629
2021-04-19,-0.0015683081428975454,1696.9478805874546,-0.032872909825704226,12991.06596655418,0.0361923499409141
2021-04-20,0.00035927712623173846,1697.5575551453571,-0.03252544318404554,13785.599947902987,-0.06080075265072057
2021-04-21,0.0013316526986533184,1699.8181122447857,-0.031237103079583217,13279.134939407339,0.03807035180566546
2021-04-22,0.009954691076260902,1716.7392764380156,-0.021593367714596797,13044.664815878295,0.027611724053102398
2021-04-23,-0.0023534382422606415,1712.6990365728554,-0.02389598729949876,13022.038380622607,-0.0006189026620020885
2021-04-24,0.005368832193558992,1721.8942302982853,-0.01865544865185019,12512.27538759571,0.04451500717223589
2021-04-25,0.010163968545931823,1739.3955090944587,-0.008681093499225918,12819.906983109213,-0.014422414504626717
2021-04-26,-0.005416296771851514,1729.9744268135773,-0.01405037089238145,14379.379282481445,-0.12706088447649752
2021-04-27,-0.0011339370601936016,1728.0127446978263,-0.015168375716310684,14909.282239596101,-0.037985524789035434
2021-04-28,0.0045532234609595434,1735.8807728678216,-0.010684217259527236,15035.374984458727,-0.0039041082090888347
2021-04-29,-0.0034075671767852533,1729.9656425233845,-0.014055377248269336,15008.505169981996,-0.001620460802351374
2021-04-30,0.0008307792938464509,1731.4028621582586,-0.013236274870808029,16044.238583513234,-0.06817898562283377
2021-05-01,0.014830009786386933,1757.0795835482438,0.0,16552.553058415775,-0.016852046813349397
2021-05-02,-0.004108518331241595,1749.8605898697856,-0.004108518331241545,16168.959225403665,0.019065781830090937
2021-05-03,0.010196764114674073,1767.703505538252,0.0,17115.707722578463,-0.04835669526243459
2021-05-04,-0.010589237900318293,1748.9848725808808,-0.010589237900318344,15583.895813996924,0.07890819530022795
2021-05-05,0.007049860109951345,1761.314971266997,-0.0036140304362353346,17327.85541721583,-0.10485794677185185
2021-05-06,-0.003676845351672231,1754.8388885020631,-0.007277587556897331,17571.77070893261,-0.017753330054704
2021-05-07,-0.0012170477946104041,1752.7031657029152,-0.008485778179621506,17509.621159242575,0.0023198495801340607
2021-05-08,0.004393234070618757,1760.4032009661626,-0.0041298241188171755,18072.4090236993,-0.027748401624317784
2021-05-09,0.004518387827976422,1768.3573853617388,0.0,18269.711214200088,-0.006398927635725851
2021-05-10,-0.008604860729261254,1753.1409163411404,-0.008604860729261303,17250.77930276505,0.04716678773790638
2021-05-11,0.014514168620673118,1778.5862992167172,0.0,18176.9442027581,-0.039174124744983496
2021-05-12,-0.020887224690691597,1741.436567553192,-0.020887224690691618,16353.998034591203,0.07940169889473077
2021-05-13,0.004400260131277811,1749.0993414525453,-0.016578873781473408,16929.771028054613,-0.0308066044070181
2021-05-14,-0.00022178517937121445,1748.7114171413632,-0.016796982012349228,17694.469883458387,-0.045390668688579675
2021-05-15,0.004585262036054916,1756.7297172143972,-0.012288738540235898,17354.0361181679,0.023824819227239065
2021-05-16,0.0034716555749556566,1762.8284777308547,-0.008859745232942667,17719.472149711906,-0.017586041266036263
2021-05-17,-0.0074307318127863065,1749.7293720808943,-0.016224642654973406,16687.31890106071,0.050818929347011745
2021-05-18,-0.0007577976369146366,1748.4034312974914,-0.01697014529602429,17515.939936125025,-0.05041352963180349
2021-05-19,-0.03204410559576665,1692.377407120994,-0.048470457763949586,12224.165186562304,0.27006784322685523
2021-05-20,-2.249261712961026e-05,1692.3393411239367,-0.04849186015363061,14162.613609952929,-0.15859760951112484
2021-05-21,0.0,1692.3393411239367,-0.04849186015363061,12322.603922573024,0.12992020668323664
2021-05-22,0.0,1692.3393411239367,-0.04849186015363061,11224.029360568336,0.08915117039445501
2021-05-23,0.0,1692.3393411239367,-0.04849186015363061,9773.582187338052,0.12922695821929303
2021-05-24,0.0,1692.3393411239367,-0.04849186015363061,12103.470989422129,-0.23838637230702503
2021-05-25,0.0,1692.3393411239367,-0.04849186015363061,12003.810043120226,0.00823407982627473
2021-05-26,0.0,1692.3393411239367,-0.04849186015363061,13119.681483831026,-0.09295977166435929
2021-05-27,0.0,1692.3393411239367,-0.04849186015363061,12471.808682062172,0.04938174776325975
2021-05-28,0.0,1692.3393411239367,-0.04849186015363061,11161.821292983146,0.10503587911536363
2021-05-29,0.0,1692.3393411239367,-0.04849186015363061,10534.977068108723,0.05615967219153449
2021-05-30,0.0,1692.3393411239367,-0.04849186015363061,11169.298414177509,-0.060210984985339104
2021-05-31,0.0,1692.3393411239367,-0.04849186015363061,12382.932818553872,-0.10865806959153874
2021-06-01,0.0,1692.3393411239367,-0.04849186015363061,12166.60069570515,0.017470184650003225
2021-06-02,0.0,1692.3393411239367,-0.04849186015363061,12746.744882831634,-0.04768334242540538
2021-06-03,0.0,1692.3393411239367,-0.04849186015363061,13638.949901251239,-0.06999473407687799
2021-06-04,0.0,1692.3393411239367,-0.04849186015363061,12638.379594177954,0.0733612422010211
2021-06-05,0.0,1692.3393411239367,-0.04849186015363061,12400.178269212089,0.018847457713297038
2021-06-06,0.0,1692.3393411239367,-0.04849186015363061,12687.929316137932,-0.02320539597727305
2021-06-07,0.0,1692.3393411239367,-0.04849186015363061,11683.1975618713,0.0791880005974419
2021-06-08,0.0,1692.3393411239367,-0.04849186015363061,11684.971531595253,-0.00015183940137602253
2021-06-09,0.0,1692.3393411239367,-0.04849186015363061,12305.127671863043,-0.053072969719347496
2021-06-10,0.0,1692.3393411239367,-0.04849186015363061,11686.802149035424,0.05024941953601062
2021-06-11,0.0,1692.3393411239367,-0.04849186015363061,11169.33495008333,0.04427791215707398
2021-06-12,0.0,1692.3393411239367,-0.04849186015363061,11144.363333570105,0.002235729936010035
2021-06-13,0.0,1692.3393411239367,-0.04849186015363061,11916.074514742746,-0.06924677149102089
2021-06-14,0.0,1692.3393411239367,-0.04849186015363061,12170.72897662193,-0.021370667123986258
2021-06-15,0.0,1692.3393411239367,-0.04849186015363061,11988.058182315139,0.015009026547026976
2021-06-16,0.0,1692.3393411239367,-0.04849186015363061,11492.502465343547,0.04133744676870516
2021-06-17,0.0,1692.3393411239367,-0.04849186015363061,11598.868460633697,-0.009255251030913894
2021-06-18,0.0,1692.3393411239367,-0.04849186015363061,10929.479815406508,0.05771154725127541
2021-06-19,0.0,1692.3393411239367,-0.04849186015363061,10641.084848337618,0.026386888666225548
2021-06-20,0.0,1692.3393411239367,-0.04849186015363061,10866.489716081744,-0.021182508264590956
2021-06-21,0.0,1692.3393411239367,-0.04849186015363061,8837.003309346126,0.1867655940199437
2021-06-22,0.0,1692.3393411239367,-0.04849186015363061,8632.556169592615,0.023135347198216638
2021-06-23,0.0,1692.3393411239367,-0.04849186015363061,9482.800737463218,-0.09849279299977365
2021-06-24,0.0,1692.3393411239367,-0.04849186015363061,9803.523288753704,-0.033821500648370986
2021-06-25,0.0,1692.3393411239367,-0.04849186015363061,8919.510401664153,0.09017297771951675
2021-06-26,0.0,1692.3393411239367,-0.04849186015363061,9025.113589728813,-0.011839572275733321
2021-06-27,0.0,1692.3393411239367,-0.04849186015363061,9610.059126077005,-0.06481309409932533
2021-06-28,0.0,1692.3393411239367,-0.04849186015363061,9743.098956746586,-0.01384380979598516
2021-06-29,0.0,1692.3393411239367,-0.04849186015363061,10203.510363742778,-0.047255129917097
2021-06-30,0.0,1692.3393411239367,-0.04849186015363061,10339.450940539831,-0.013322922401304806
2021-07-01,0.0,1692.3393411239367,-0.04849186015363061,9741.133572575603,0.05786742172336173
2021-07-02,0.0,1692.3393411239367,-0.04849186015363061,9863.787905144129,-0.012591381860714448
2021-07-03,0.0,1692.3393411239367,-0.04849186015363061,10120.852060066207,-0.026061403326405212
2021-07-04,0.0,1692.3393411239367,-0.04849186015363061,10458.286840065883,-0.03334055057785991
2021-07-05,0.0,1692.3393411239367,-0.04849186015363061,10033.835151860281,0.0405852024042331
2021-07-06,0.0,1692.3393411239367,-0.04849186015363061,10479.53643980518,-0.044419833612899806
2021-07-07,0.0,1692.3393411239367,-0.04849186015363061,10530.654023155861,-0.004877847760184946
2021-07-08,0.0,1692.3393411239367,-0.04849186015363061,9863.245387256855,0.063377700419313
2021-07-09,0.0,1692.3393411239367,-0.04849186015363061,10075.51864075647,-0.021521643755702265
2021-07-10,0.0,1692.3393411239367,-0.04849186015363061,9858.230689541999,0.021565932133311705
2021-07-11,0.0,1692.3393411239367,-0.04849186015363061,10047.712823182457,-0.01922070395872035
2021-07-12,0.0,1692.3393411239367,-0.04849186015363061,9748.47631335202,0.029781554777325057
2021-07-13,0.0,1692.3393411239367,-0.04849186015363061,9465.136620375595,0.029065023483551587
2021-07-14,0.0,1692.3393411239367,-0.04849186015363061,9598.462890031413,-0.014086037529432636
2021-07-15,0.0,1692.3393411239367,-0.04849186015363061,9278.141969881564,0.033372105911095504
2021-07-16,0.0,1692.3393411239367,-0.04849186015363061,8920.911262128668,0.03850239723777993
2021-07-17,0.0,1692.3393411239367,-0.04849186015363061,8960.931992382439,-0.004486170647573585
2021-07-18,0.0,1692.3393411239367,-0.04849186015363061,8955.277574340282,0.0006310078066616828
2021-07-19,0.0,1692.3393411239367,-0.04849186015363061,8484.166074884059,0.052607135350679415
2021-07-20,0.0,1692.3393411239367,-0.04849186015363061,8099.342335072,0.04535787447056976
2021-07-21,0.0,1692.3393411239367,-0.04849186015363061,8929.865217139322,-0.1025420148585359
2021-07-22,0.0,1692.3393411239367,-0.04849186015363061,9112.853875717603,-0.02049176041616683
2021-07-23,0.0,1692.3393411239367,-0.04849186015363061,9388.136932998947,-0.030208215893252937
2021-07-24,0.0,1692.3393411239367,-0.04849186015363061,9499.4002365152,-0.011851478553233144
2021-07-25,0.0,1692.3393411239367,-0.04849186015363061,9538.546160698148,-0.004120883761953139
2021-07-26,0.0,1692.3393411239367,-0.04849186015363061,9729.745843670775,-0.020044950221075854
2021-07-27,0.0,1692.3393411239367,-0.04849186015363061,10027.797143262565,-0.030632999502826004
2021-07-28,0.0,1692.3393411239367,-0.04849186015363061,10290.388260296168,-0.026186321211137478
2021-07-29,0.0,1692.3393411239367,-0.04849186015363061,10578.62369327911,-0.02801016110296395
2021-07-30,0.0,1692.3393411239367,-0.04849186015363061,10894.48072169856,-0.029858045581120405
2021-07-31,-0.0019925065742637527,1688.967343860862,-0.050387746377740024,11232.32468267963,-0.0330030677576147
2021-08-01,-0.004111935805525158,1682.0224185652778,-0.05429249100477483,10940.957506602177,0.02182812418283537
2021-08-02,-0.0017875969086170729,1679.0156404896259,-0.05598303482431067,10929.477088531066,-0.0007382903863878093
2021-08-03,-0.0024112436263246106,1674.967124727996,-0.058259289714732834,10812.993786086947,0.008246475997457916
2021-08-04,-7.86168270854315e-05,1674.8354441271774,-0.058333326381312646,11321.796223283536,-0.04713334073262062
2021-08-05,0.003245662517831427,1680.2713947517166,-0.055276994154457464,11547.178820212781,-0.016661302109012795
2021-08-06,0.0020861870365576074,1683.7767551533464,-0.05330612526652465,11946.82983008775,-0.03252408583592973
2021-08-07,0.012255387040457366,1704.412090977476,-0.04170402542283564,12606.39076399416,-0.04295264247757634
2021-08-08,-0.006386152950624946,1693.5274546735993,-0.047823850088453655,12079.70441941134,0.03539315997430191
2021-08-09,0.009914710477968658,1710.3182890731791,-0.03838329923805386,12670.976781031923,-0.039032874751885646
2021-08-10,-0.00200642534133455,1706.8866631162348,-0.04031271135511313,13170.801962672096,-0.041452885569120315
2021-08-11,0.012219726357181937,1727.7443510622386,-0.02858559529940672,13833.269292452382,-0.038078450751380784
2021-08-12,-0.008686605889055454,1712.736116807519,-0.03702388938799222,13604.49996196364,0.007851012634250636
2021-08-13,0.05025646877303136,1798.812185978299,0.0,14977.640149391942,-0.05067632488108442
2021-08-14,0.009071375503996615,1815.129886778473,0.0,15290.529976565987,-0.011819086815379434
2021-08-15,0.015345891768502096,1842.984673566749,0.0,15876.930674235555,-0.023004688529779056
2021-08-16,-0.010483442675764398,1823.6638493890996,-0.010483442675764442,15847.447013941277,-0.00862643007684175
2021-08-17,-0.014032628823405169,1798.07305149196,-0.024368961239309168,15882.783229219574,-0.016262402189879288
2021-08-18,0.0268515556688802,1846.3541101308097,0.0,17095.63353449794,-0.049511024350916685
2021-08-19,0.017766941730595898,1879.1581760195502,0.0,18205.53142413694,-0.04715594559026849
2021-08-20,0.01404756365597537,1905.5557701168316,0.0,19579.404190212364,-0.0614170154363953
2021-08-21,0.003058767185101008,1911.384421575845,0.0,19482.510788273223,0.008007508270265211
2021-08-22,0.00938805965286571,1929.328612545157,0.0,19811.979542418543,-0.007522941076241296
2021-08-23,0.026358572255565482,1980.1829601836587,0.0,20773.929147115025,-0.022195364650986003
2021-08-24,-0.004350854979083829,1971.5674712918467,-0.004350854979083812,20280.736808294947,0.01939007218627951
2021-08-25,0.011942776491262519,1995.113460938929,0.0,20299.622309757735,0.011011572578835607
2021-08-26,-0.019591605222604946,1956.0259856379084,-0.019591605222604922,19244.578636475853,0.03238195651084341
2021-08-27,0.012955544907950589,1981.3673681359587,-0.0068898802359346105,21459.9127477943,-0.10215916626164288
2021-08-28,0.001595863754795257,1984.5293605037011,-0.005305011791282678,21440.12194418689,0.0025180857526196604
2021-08-29,-0.0035341656445201375,1977.5157050172675,-0.008820428645386272,21127.23048346184,0.011059569481593876
2021-08-30,0.0015816425330599237,1980.6434279661166,-0.007252736877431773,20803.380615812646,0.01691019531723584
2021-08-31,0.005381832554763655,1991.3029192461236,-0.0019099373381061132,21091.77759157803,-0.008481153519056159
2021-09-01,0.021341639710807936,2033.8005887037546,0.0,22250.274037389434,-0.033584809270618514
2021-09-02,0.009194535994078379,2052.500441421369,0.0,23237.858118674518,-0.035190718750449546
2021-09-03,0.012515113831930602,2078.187718085845,0.0,23913.34212560542,-0.016553142092571655
2021-09-04,-0.0036233966886465296,2070.657619589747,-0.003623396688646541,23593.01433141949,0.00977196195689134
2021-09-05,0.008068351393917927,2087.3644128810906,0.0,24205.90542303142,-0.01790929957523895
2021-09-06,0.01114669811158997,2110.6316338403526,0.0,24776.83621534387,-0.012439727693792806
2021-09-07,-0.046946821902138614,2011.5441864254296,-0.046946821902138655,21839.71925301398,0.07159603549912165
2021-09-08,-0.000319184460555344,2010.902132779402,-0.047251021666670424,21919.90009765321,-0.003990515749677364
2021-09-09,0.0,2010.902132779402,-0.047251021666670424,22216.492256893194,-0.013530725866389037
2021-09-10,0.0,2010.902132779402,-0.047251021666670424,22022.108719811287,0.008749515217533596
2021-09-11,0.0,2010.902132779402,-0.047251021666670424,23020.50109991438,-0.04533591186955361
2021-09-12,0.0,2010.902132779402,-0.047251021666670424,23400.012503339225,-0.01648580114645096
2021-09-13,0.0,2010.902132779402,-0.047251021666670424,22239.78777211201,0.049582226977940805
2021-09-14,0.0,2010.902132779402,-0.047251021666670424,22447.735733533365,-0.009350267347520138
2021-09-15,0.0,2010.902132779402,-0.047251021666670424,23425.595411134822,-0.043561617492702896
2021-09-16,0.0,2010.902132779402,-0.047251021666670424,23519.15785918408,-0.003994026465802729
2021-09-17,0.001462734040383884,2013.8435477808991,-0.04585740330412127,23045.312009283254,0.02160996264175972
2021-09-18,-0.0006532934704196469,2012.5279169406872,-0.046480738432391915,23671.07298547043,-0.027806797659692534
2021-09-19,0.0006215924020869235,2013.7788890028453,-0.04588803810415798,22987.56748909871,0.029496730288369792
2021-09-20,-0.007591354104505288,1998.4915803682475,-0.05313103986225356,20272.36551748835,0.1105247524778018
2021-09-21,0.0009867170934232394,2000.4635261716594,-0.05219674807405369,19376.667337405222,0.045169926956644964
2021-09-22,-1.7208147559899523e-05,2000.4291019001128,-0.05221305801227062,22179.787062576193,-0.14468190596996372
2021-09-23,0.0,2000.4291019001128,-0.05221305801227062,22626.15439751146,-0.02012496033780336
2021-09-24,-0.002063100359958714,1996.3020158999107,-0.05416843759344971,21345.864382922,0.05452141648265041
2021-09-25,-0.001988728778695492,1992.3319126299227,-0.05604944004140612,21063.074149483986,0.011259281625805346
2021-09-26,-0.0007486743731862644,1990.8403047840554,-0.056756151635201986,21005.221340564134,0.001997971653375278
2021-09-27,-0.0002206357798198999,1990.4010541809125,-0.05696426497724628,20551.305528145374,0.021389029981815372
2021-09-28,-0.0023846347650143818,1985.6546746307915,-0.05921306077563238,19806.99735720017,0.03383244010285031
2021-09-29,0.001953145578827975,1989.5329472796257,-0.057375566924667255,20577.148677425033,-0.036929644494595334
2021-09-30,0.000575063712461299,1990.6770554823524,-0.05683349781872619,21392.43288097613,-0.03904579029077266
2021-10-01,0.000510456826206207,1991.6932101740954,-0.05635205203943877,23249.562048998105,-0.08630197719449303
2021-10-02,0.0006928277333493327,1993.0731104664274,-0.0556982665705736,23525.269005050443,-0.011165759343314334
2021-10-03,-0.00019583283234780868,1992.6828013141285,-0.05588319185362202,23750.801338189744,-0.009782644914746483
2021-10-04,-0.0016812623062485432,1989.3325788319694,-0.05747049985585416,23344.68853806173,0.0154176470882319
2021-10-05,-0.0003443105592038087,1988.6476306193094,-0.05779502271511486,23858.570284936803,-0.022357101436119003
2021-10-06,-0.0022729183540994846,1984.1275969198384,-0.05993657770130953,23590.69625533576,0.008954662611645616
2021-10-07,-0.0020890668697071124,1979.9826216918416,-0.06190043305225722,23708.623287445313,-0.007087945700291904
2021-10-08,-0.00021650976917098053,1979.5539361114566,-0.06210354077295646,23518.150375794612,0.007817398794029587
2021-10-09,0.0018360148861669146,1983.1884266061277,-0.06038154891213229,23929.255056685455,-0.015644300288361408
2021-10-10,-0.002575814591941339,1978.0801009183065,-0.06280183182930171,22985.277790226177,0.03687285458823634
2021-10-11,0.005006704700357467,1987.9837638572576,-0.05810955735555513,23194.661419944,-0.004102762308427654
2021-10-12,-0.002641424928227387,1982.7326539864937,-0.06059749025041532,23245.224093551842,-0.004821352140459185
2021-10-13,0.0024414055715817895,1987.5733085348936,-0.058304027729154696,23773.59838901171,-0.020289039759183565
2021-10-14,-4.4260973285470406e-05,1987.4853366057816,-0.05834570810942641,24066.956920030254,-0.012383938216009202
2021-10-15,0.007708924127988626,2002.8067102711657,-0.05108656661844705,24818.991998046222,-0.02353869394499137
2021-10-16,-0.001422415072620864,1999.9578878189297,-0.0524363153887014,24544.406533357072,0.009641106955621275
2021-10-17,0.0011471052678102556,2002.2520500474457,-0.05134936009449801,24444.245955632454,0.005227895633977583
2021-10-18,0.0008422498000328904,2003.9384464362138,-0.05055035928273643,24293.003580725563,0.007029488104761212
2021-10-19,0.0040090124828711104,2011.9722606828818,-0.04674400382124347,24615.920520096453,-0.00928357763666007
2021-10-20,0.003022930374630528,2018.054312742614,-0.04386237731559609,26021.28585223739,-0.054068793292318916
2021-10-21,-0.009387383118093506,1999.1100637557781,-0.05283800749335776,25613.399578100256,0.006287717507345549
2021-10-22,-0.004634111742977898,1989.8459643338222,-0.05722726200533514,25902.236812176892,-0.015910913683927337
2021-10-23,0.0057555135809390645,2001.2985498055223,-0.05180112070806774,26220.48462191681,-0.006530985536786105
2021-10-24,-0.002133457523020188,1997.0288643586302,-0.053824062740412446,25959.06596999695,0.00783655850411862
2021-10-25,0.0033129133430676028,2003.6448479298551,-0.05068946385297564,26816.703837155408,-0.029725173163962282
2021-10-26,-0.002141759821773559,1999.3535218974553,-0.05272265901768171,26305.895440050383,0.01690638271680662
2021-10-27,-0.005047396023001971,1989.2619928824552,-0.0575039429012357,24310.620161463805,0.07080158175210137
2021-10-28,0.00878700569426849,2006.7416493413052,-0.049222224680683234,25813.671586565324,-0.05303994134034865
2021-10-29,0.0031725466197478625,2013.10813077763,-0.04620583786346261,26580.266458230268,-0.026524696141483912
2021-10-30,-0.002727202450879762,2007.6179773494873,-0.0488070276400762,26116.757318033982,0.014710889861876693
2021-10-31,-0.001483120358488632,2004.6404382552125,-0.05021776130223452,26398.55921887342,-0.012273200359915621
2021-11-01,0.00519601417161919,2015.0565783813875,-0.04528267933000876,26545.34307959454,-0.0003642840061758778
2021-11-02,0.0069456473992741685,2029.0524508644125,-0.03865154945465518,27620.24900205382,-0.0335475539594819
2021-11-03,0.00936367041468844,2048.051829268423,-0.029649799410077123,29014.752558073767,-0.04112477941486424
2021-11-04,-0.0021645019915491615,2043.6188170051755,-0.03175012435175408,28837.801038242735,0.003934172104563165
2021-11-05,0.0032292531555591086,2050.2181795187494,-0.028623400385447313,28532.4532083317,0.013817710628655
2021-11-06,0.012649349070869897,2076.1521049429252,-0.016336118697648304,29469.672484631086,-0.020198134090014253
2021-11-07,0.0014817137830718252,2079.2283681325725,-0.01487861036681278,30375.696894549023,-0.02926258479677971
2021-11-08,0.007653740406718068,2095.1422423085432,-0.007338746981455018,31474.197043356773,-0.0285100438389985
2021-11-09,-0.01256641688593818,2068.813811456355,-0.019812942113403773,31151.335629901674,-0.002308445474932903
2021-11-10,-0.01817557156325078,2031.2119379751882,-0.03762840212939387,29927.269332494612,0.021118611901297095
2021-11-11,0.003997606337911241,2039.3319236920786,-0.03378121933032067,30290.606115895345,-0.008143053050823
2021-11-12,-0.0050475271023405766,2029.0383405365744,-0.03865823481254137,29781.235007985644,0.011768614045868438
2021-11-13,0.010860788209109185,2051.0752962213046,-0.028217305504269166,30830.46794862765,-0.02437055596989003
2021-11-14,-0.00033786581877659483,2050.3823079869744,-0.02854563766001786,30723.639714136803,0.003127155687509177
2021-11-15,-0.0060086788657611745,2038.0622191462426,-0.03438279495606156,30236.043560664933,0.009861711426815817
2021-11-16,-0.011049568285540268,2015.5425114856064,-0.045052448200887114,28569.559221989424,0.04406625185580563
2021-11-17,0.008282848382789698,2032.2369445173088,-0.03714276241581888,29029.86979949597,-0.007829075988526984
2021-11-18,-0.0060075478915254665,2020.0281837461937,-0.04292717338330774,27050.647530678936,0.06217127214752945
2021-11-19,0.00973285564698112,2039.6888264614288,-0.033612121718199314,28957.093371165884,-0.06074404655378096
2021-11-20,0.011857884678539321,2063.8752213457137,-0.022152805702795375,30072.222258142487,-0.02665181215750402
2021-11-21,0.002216928016404607,2068.4506841462785,-0.019984988861995172,29694.768630816197,0.014768498834357158
2021-11-22,0.0053520928166335136,2079.5212241944587,-0.014739857560690338,28884.887875569453,0.03262560908192878
2021-11-23,-0.009231277431251739,2060.3245868497434,-0.023835067277502228,29315.654141031562,-0.024144482818018842
2021-11-24,-0.007270920951792825,2045.3441296437236,-0.030932685339239704,28284.492700823797,0.02790350958443403
2021-11-25,0.003421378302918443,2052.3420256708882,-0.02761713945479194,29280.02096412099,-0.03177558541240371
2021-11-26,-0.012737757346653389,2026.1997909555535,-0.040003116380461466,26473.943621608734,0.08309814884858988
2021-11-27,-4.6717488814462804e-05,2026.1051319894837,-0.040047965024133866,27065.52845908503,-0.022392645467350664
2021-11-28,0.0,2026.1051319894837,-0.040047965024133866,27785.62560399515,-0.026605693142060422
2021-11-29,0.0,2026.1051319894837,-0.040047965024133866,28566.88572698101,-0.02811742064477845
2021-11-30,0.0,2026.1051319894837,-0.040047965024133866,28677.911987431835,-0.003886537073446566
2021-12-01,0.0,2026.1051319894837,-0.040047965024133866,29027.681622765755,-0.012196481929619116
2021-12-02,0.0,2026.1051319894837,-0.040047965024133866,28899.92930949306,0.004401051208047536
2021-12-03,0.0,2026.1051319894837,-0.040047965024133866,27279.890192632065,0.05605685396361304
2021-12-04,0.0,2026.1051319894837,-0.040047965024133866,25277.919529091207,0.0733863167851594
2021-12-05,0.0,2026.1051319894837,-0.040047965024133866,24680.904535393216,0.0236180431309195
2021-12-06,0.0,2026.1051319894837,-0.040047965024133866,25488.558705203046,-0.032723848052312224
2021-12-07,0.0,2026.1051319894837,-0.040047965024133866,25061.32628191697,0.01676173330267077
2021-12-08,0.0,2026.1051319894837,-0.040047965024133866,25817.961299558272,-0.030191339801008805
2021-12-09,0.0,2026.1051319894837,-0.040047965024133866,24242.871271207925,0.06100752921871089
2021-12-10,0.0,2026.1051319894837,-0.040047965024133866,23023.104761788338,0.05031444071842439
2021-12-11,0.0,2026.1051319894837,-0.040047965024133866,24302.504993825394,-0.05557027365659598
2021-12-12,0.0,2026.1051319894837,-0.040047965024133866,24470.512143816737,-0.0069131618338944545
2021-12-13,0.0,2026.1051319894837,-0.040047965024133866,22369.31708363991,0.08586641128832127
2021-12-14,0.0,2026.1051319894837,-0.040047965024133866,23271.8984401564,-0.040349079640728425
2021-12-15,0.0,2026.1051319894837,-0.040047965024133866,24603.38787392846,-0.0572144742379302
2021-12-16,0.0,2026.1051319894837,-0.040047965024133866,23946.637166717574,0.026693507031477864
2021-12-17,0.0,2026.1051319894837,-0.040047965024133866,24078.77535489357,-0.0055180269052413754
2021-12-18,0.0,2026.1051319894837,-0.040047965024133866,24757.300236609542,-0.028179376721419253
2021-12-19,0.0,2026.1051319894837,-0.040047965024133866,24418.999126729523,0.013664701184976582
2021-12-20,0.0,2026.1051319894837,-0.040047965024133866,24662.495769966103,-0.009971606206007202
2021-12-21,0.0,2026.1051319894837,-0.040047965024133866,25708.911854550646,-0.04242944811201393
2021-12-22,0.0,2026.1051319894837,-0.040047965024133866,25633.064702651893,0.002950228011510712
2021-12-23,0.0,2026.1051319894837,-0.040047965024133866,26979.79422588783,-0.05253876346266976
2021-12-24,0.0,2026.1051319894837,-0.040047965024133866,26133.409200640734,0.03137107044482078
2021-12-25,0.0,2026.1051319894837,-0.040047965024133866,26456.794160920694,-0.012374388576597752
2021-12-26,0.0,2026.1051319894837,-0.040047965024133866,26528.295097220795,-0.002702554809369793
2021-12-27,0.0,2026.1051319894837,-0.040047965024133866,26725.959916944747,-0.007451093973417826
2021-12-28,0.0,2026.1051319894837,-0.040047965024133866,24868.684191931756,0.06949332150406472
2021-12-29,0.0,2026.1051319894837,-0.040047965024133866,23923.238642988403,0.03801751398049792
2021-12-30,0.0,2026.1051319894837,-0.040047965024133866,24224.830890247842,-0.012606664664436353
2021-12-31,0.0,2026.1051319894837,-0.040047965024133866,24124.088255215116,0.0041586517358633045
2022-01-01,0.0,2026.1051319894837,-0.040047965024133866,25036.070362425453,-0.03780379583933852
2022-01-02,0.0,2026.1051319894837,-0.040047965024133866,25024.87460847736,0.00044718495299067573
2022-01-03,0.0,2026.1051319894837,-0.040047965024133866,24233.547784115228,0.031621609967790336
2022-01-04,0.0,2026.1051319894837,-0.040047965024133866,23902.948365272223,0.01364222117983511
2022-01-05,0.0,2026.1051319894837,-0.040047965024133866,22405.580482848072,0.06264364795263609
2022-01-06,0.0,2026.1051319894837,-0.040047965024133866,22240.21118919197,0.007380719003584739
2022-01-07,0.0,2026.1051319894837,-0.040047965024133866,20960.753959647936,0.057529005397476234
2022-01-08,0.0,2026.1051319894837,-0.040047965024133866,20620.248088707056,0.01624492475778299
2022-01-09,0.0,2026.1051319894837,-0.040047965024133866,20928.20581015296,-0.014934724360302964
2022-01-10,0.0,2026.1051319894837,-0.040047965024133866,20320.305479620733,0.02904693962046732
2022-01-11,0.0,2026.1051319894837,-0.040047965024133866,21354.42486997246,-0.05089093721493728
2022-01-12,0.0,2026.1051319894837,-0.040047965024133866,22617.35047662603,-0.059141166963922166
2022-01-13,0.0,2026.1051319894837,-0.040047965024133866,21664.771144244063,0.042117193760887774
2022-01-14,0.0,2026.1051319894837,-0.040047965024133866,22056.553907780562,-0.018083863472547628
2022-01-15,0.0,2026.1051319894837,-0.040047965024133866,22248.589271768044,-0.008706498974880263
2022-01-16,0.0,2026.1051319894837,-0.040047965024133866,22566.064242314405,-0.014269442734924967
2022-01-17,0.0,2026.1051319894837,-0.040047965024133866,22216.7217541749,0.015480878029427849
2022-01-18,0.0,2026.1051319894837,-0.040047965024133866,21829.00957014537,0.0174513678624379
2022-01-19,0.0,2026.1051319894837,-0.040047965024133866,21073.656631327987,0.034603170445737685
2022-01-20,0.0,2026.1051319894837,-0.040047965024133866,20239.882094102064,0.039564777570990674
2022-01-21,0.0,2026.1051319894837,-0.040047965024133866,17668.76067477181,0.1270324306918509
2022-01-22,0.0,2026.1051319894837,-0.040047965024133866,16343.654435408922,0.07499712423265384
2022-01-23,0.0,2026.1051319894837,-0.040047965024133866,17277.579467478397,-0.05714297470987284
2022-01-24,0.0,2026.1051319894837,-0.040047965024133866,16671.99579737834,0.035050261018330024
2022-01-25,0.0,2026.1051319894837,-0.040047965024133866,17031.834161388386,-0.02158340059482438
2022-01-26,0.0,2026.1051319894837,-0.040047965024133866,16905.296769636603,0.007429463588757005
2022-01-27,0.0,2026.1051319894837,-0.040047965024133866,16754.861906628354,0.00889868217388791
2022-01-28,0.0,2026.1051319894837,-0.040047965024133866,17042.578040244818,-0.017172098177821598
2022-01-29,0.0,2026.1051319894837,-0.040047965024133866,17502.722389208488,-0.02699969147138805
2022-01-30,0.0,2026.1051319894837,-0.040047965024133866,17074.14371725928,0.02448640059636945
2022-01-31,0.0,2026.1051319894837,-0.040047965024133866,17506.675292022344,-0.025332548555617587
2022-02-01,0.0,2026.1051319894837,-0.040047965024133866,18221.16475346004,-0.04081240152796365
2022-02-02,0.0,2026.1051319894837,-0.040047965024133866,17215.1911576492,0.055209071945843534
2022-02-03,0.0,2026.1051319894837,-0.040047965024133866,17434.287827029497,-0.012726937933706701
2022-02-04,0.0,2026.1051319894837,-0.040047965024133866,19148.26591508617,-0.09831076009880839
2022-02-05,0.0,2026.1051319894837,-0.040047965024133866,19260.629992651826,-0.005868107225162685
2022-02-06,0.0,2026.1051319894837,-0.040047965024133866,19626.408525659073,-0.018990995265824484
2022-02-07,0.0,2026.1051319894837,-0.040047965024133866,20847.5099784536,-0.062217264620681396
2022-02-08,0.0,2026.1051319894837,-0.040047965024133866,20775.076728221626,0.003474431733422196
2022-02-09,0.0,2026.1051319894837,-0.040047965024133866,21194.046110103493,-0.020166923442103198
2022-02-10,0.0,2026.1051319894837,-0.040047965024133866,20477.967318247447,0.03378679031535568
2022-02-11,0.0,2026.1051319894837,-0.040047965024133866,19177.942772957584,0.06348406192305242
2022-02-12,0.0,2026.1051319894837,-0.040047965024133866,19330.810994233023,-0.007971043770711292
2022-02-13,0.0,2026.1051319894837,-0.040047965024133866,18930.839212938805,0.020690895038679206
2022-02-14,0.0,2026.1051319894837,-0.040047965024133866,19297.152575563523,-0.019350085778254984
2022-02-15,0.0,2026.1051319894837,-0.040047965024133866,20825.69019310561,-0.0792105266078328
2022-02-16,0.0,2026.1051319894837,-0.040047965024133866,20541.31358013799,0.013655087074221457
2022-02-17,0.0,2026.1051319894837,-0.040047965024133866,19065.663971879825,0.07183813257614725
2022-02-18,0.0,2026.1051319894837,-0.040047965024133866,18640.48273784912,0.02230088785042106
2022-02-19,0.0,2026.1051319894837,-0.040047965024133866,18850.75658518867,-0.011280493659780249
2022-02-20,0.0,2026.1051319894837,-0.040047965024133866,17889.506130273683,0.05099267239333273
2022-02-21,0.0,2026.1051319894837,-0.040047965024133866,16670.30848317453,0.0681515542251866
2022-02-22,0.0,2026.1051319894837,-0.040047965024133866,17331.414235944292,-0.0396576796066505
2022-02-23,0.0,2026.1051319894837,-0.040047965024133866,16929.871282015098,0.023168504800746233
2022-02-24,0.0,2026.1051319894837,-0.040047965024133866,17180.973605137882,-0.014831909761153022
2022-02-25,0.0,2026.1051319894837,-0.040047965024133866,18123.159423647652,-0.05483890727985357
2022-02-26,0.0,2026.1051319894837,-0.040047965024133866,17979.025043120215,0.00795304930879597
2022-02-27,0.0,2026.1051319894837,-0.040047965024133866,17109.598795862876,0.04835780834456479
2022-02-28,0.0,2026.1051319894837,-0.040047965024133866,19202.00682291933,-0.12229439462732482
2022-03-01,0.0,2026.1051319894837,-0.040047965024133866,19486.58416561916,-0.014820187562904137
2022-03-02,0.0,2026.1051319894837,-0.040047965024133866,19250.96132130419,0.012091541663350438
2022-03-03,0.0,2026.1051319894837,-0.040047965024133866,18544.52726693743,0.03669604039903079
2022-03-04,0.0,2026.1051319894837,-0.040047965024133866,17349.730336915756,0.06442854610545139
2022-03-05,0.0,2026.1051319894837,-0.040047965024133866,17743.982543704584,-0.022723823317873766
2022-03-06,0.0,2026.1051319894837,-0.040047965024133866,17010.50442599249,0.0413367244870473
2022-03-07,0.0,2026.1051319894837,-0.040047965024133866,16744.330840472114,0.01564760096788533
2022-03-08,0.0,2026.1051319894837,-0.040047965024133866,16971.11171370266,-0.013543740588450457
2022-03-09,0.0,2026.1051319894837,-0.040047965024133866,18005.87273032624,-0.06097190532238993
2022-03-10,0.0,2026.1051319894837,-0.040047965024133866,17097.984558888234,0.05042178099531382
2022-03-11,0.0,2026.1051319894837,-0.040047965024133866,17017.49534022457,0.004707526690438184
2022-03-12,0.0,2026.1051319894837,-0.040047965024133866,16999.844019421056,0.0010372455200146227
2022-03-13,0.0,2026.1051319894837,-0.040047965024133866,16543.566852876567,0.026840079592684734
2022-03-14,0.0,2026.1051319894837,-0.040047965024133866,17013.901760642784,-0.028430078709685263
2022-03-15,0.0,2026.1051319894837,-0.040047965024133866,17049.286803091672,-0.0020797723500873993
2022-03-16,0.0,2026.1051319894837,-0.040047965024133866,17890.564128746384,-0.04934384267042507
2022-03-17,0.0,2026.1051319894837,-0.040047965024133866,18136.36066209302,-0.013738892277392969
2022-03-18,0.0,2026.1051319894837,-0.040047965024133866,18666.614123213032,-0.02923703773868496
2022-03-19,0.0,2026.1051319894837,-0.040047965024133866,19156.886016212666,-0.026264639626848756
2022-03-20,0.0,2026.1051319894837,-0.040047965024133866,18579.49790086112,0.030139977596718888
2022-03-21,0.0,2026.1051319894837,-0.040047965024133866,18886.732182151012,-0.016536199359599175
2022-03-22,0.0,2026.1051319894837,-0.040047965024133866,19260.6503305343,-0.01979792717856513
2022-03-23,0.0,2026.1051319894837,-0.040047965024133866,19964.236814842436,-0.03652973665134903
2022-03-24,0.0,2026.1051319894837,-0.040047965024133866,20500.668853669802,-0.026869649153257655
2022-03-25,0.0,2026.1051319894837,-0.040047965024133866,20089.152474698523,0.02007331477370868
2022-03-26,0.0,2026.1051319894837,-0.040047965024133866,20528.195516272946,-0.021854731907051957
2022-03-27,0.0,2026.1051319894837,-0.040047965024133866,21385.910467813916,-0.041782286750973584
2022-03-28,0.0,2026.1051319894837,-0.040047965024133866,21376.121216583615,0.0004577430194066613
2022-03-29,0.0,2026.1051319894837,-0.040047965024133866,21796.123188854843,-0.019648184439812595
2022-03-30,0.0,2026.1051319894837,-0.040047965024133866,22175.05330892578,-0.01738520730442101
2022-03-31,0.0,2026.1051319894837,-0.040047965024133866,21690.93177338632,0.021831809321720543
2022-04-01,0.0,2026.1051319894837,-0.040047965024133866,22435.779622413047,-0.03433913567238348
2022-04-02,0.0,2026.1051319894837,-0.040047965024133866,22207.87300882687,0.01015817669016948
2022-04-03,0.0,2026.1051319894837,-0.040047965024133866,22740.94960076474,-0.02400394633587769
2022-04-04,0.0,2026.1051319894837,-0.040047965024133866,22560.02417519243,0.007955930985671125
2022-04-05,0.0,2026.1051319894837,-0.040047965024133866,21915.242490050805,0.028580717827893176
2022-04-06,0.0,2026.1051319894837,-0.040047965024133866,20203.74912357004,0.07809602687525606
2022-04-07,0.0,2026.1051319894837,-0.040047965024133866,20892.873571655866,-0.034108741099040794
2022-04-08,0.0,2026.1051319894837,-0.040047965024133866,20031.013915846008,0.0412513698919374
2022-04-09,0.0,2026.1051319894837,-0.040047965024133866,20354.895613465662,-0.01616901166263191
2022-04-10,0.0,2026.1051319894837,-0.040047965024133866,19956.300912457835,0.0195822522786183
2022-04-11,0.0,2026.1051319894837,-0.040047965024133866,18370.67328950541,0.07945498666852578
2022-04-12,0.0,2026.1051319894837,-0.040047965024133866,18914.943037374975,-0.029627098544095874
2022-04-13,0.0,2026.1051319894837,-0.040047965024133866,19398.94097551627,-0.025588125599159368
2022-04-14,0.0,2026.1051319894837,-0.040047965024133866,18842.807847995504,0.028668221024161666
2022-04-15,0.0,2026.1051319894837,-0.040047965024133866,19240.744210070643,-0.02111874012011802
2022-04-16,0.0,2026.1051319894837,-0.040047965024133866,19245.43368483783,-0.00024372626734108543
2022-04-17,0.0,2026.1051319894837,-0.040047965024133866,18720.981428597373,0.027250737230912092
2022-04-18,0.0,2026.1051319894837,-0.040047965024133866,19195.633963851393,-0.025354041243209675
2022-04-19,0.0,2026.1051319894837,-0.040047965024133866,19637.084648400167,-0.022997452721806515
2022-04-20,0.0,2026.1051319894837,-0.040047965024133866,19302.765876030175,0.017024867914760926
2022-04-21,0.0,2026.1051319894837,-0.040047965024133866,18711.587276496335,0.030626626429114782
2022-04-22,0.0,2026.1051319894837,-0.040047965024133866,18519.24333105117,0.010279402949784435
2022-04-23,0.0,2026.1051319894837,-0.040047965024133866,18295.268156115697,0.012094186081562684
2022-04-24,0.0,2026.1051319894837,-0.040047965024133866,18158.247777362783,0.007489388927437383
2022-04-25,0.0,2026.1051319894837,-0.040047965024133866,18444.736504161512,-0.015777333270883376
2022-04-26,0.0,2026.1051319894837,-0.040047965024133866,17308.067187294706,0.061625673894031965
2022-04-27,0.0,2026.1051319894837,-0.040047965024133866,17677.575119662128,-0.021348884792789753
2022-04-28,0.0,2026.1051319894837,-0.040047965024133866,17729.921273499454,-0.0029611614422785848
2022-04-29,0.0,2026.1051319894837,-0.040047965024133866,16971.85187095687,0.04275650133177141
2022-04-30,0.0,2026.1051319894837,-0.040047965024133866,15993.338730112095,0.057655060171675244
2022-05-01,0.0,2026.1051319894837,-0.040047965024133866,16602.55286758065,-0.038091742302783275
2022-05-02,0.0,2026.1051319894837,-0.040047965024133866,16638.657619132486,-0.002174650599808433
2022-05-03,0.0,2026.1051319894837,-0.040047965024133866,16353.587767706,0.017132983799046837
2022-05-04,0.0,2026.1051319894837,-0.040047965024133866,17754.810843553892,-0.08568291531812568
2022-05-05,0.0,2026.1051319894837,-0.040047965024133866,16201.309098276866,0.08749751033484213
2022-05-06,0.0,2026.1051319894837,-0.040047965024133866,15967.883645829104,0.01440781427178547
2022-05-07,0.0,2026.1051319894837,-0.040047965024133866,15498.377172405382,0.029403174762383792
2022-05-08,0.0,2026.1051319894837,-0.040047965024133866,14904.11566191267,0.038343466795400065
2022-05-09,0.0,2026.1051319894837,-0.040047965024133866,12554.55119880478,0.15764534551433868
2022-05-10,0.0,2026.1051319894837,-0.040047965024133866,13299.357683894628,-0.05932561612881521
2022-05-11,0.0,2026.1051319894837,-0.040047965024133866,10977.37159057707,0.17459385246322526
2022-05-12,0.0,2026.1051319894837,-0.040047965024133866,10373.420329500186,0.055017838841796486
2022-05-13,0.0,2026.1051319894837,-0.040047965024133866,11094.770616742971,-0.06953832625401223
2022-05-14,0.0,2026.1051319894837,-0.040047965024133866,11444.982848712929,-0.03156552253919141
2022-05-15,0.0,2026.1051319894837,-0.040047965024133866,12264.61022269551,-0.0716145567727744
2022-05-16,0.0,2026.1051319894837,-0.040047965024133866,11437.992996886607,0.06739857286938132
2022-05-17,0.0,2026.1051319894837,-0.040047965024133866,11881.6715189312,-0.03878989278672946
2022-05-18,0.0,2026.1051319894837,-0.040047965024133866,10754.876906475589,0.09483468808746957
2022-05-19,0.0,2026.1051319894837,-0.040047965024133866,11279.965202645257,-0.04882327345406529
2022-05-20,0.0,2026.1051319894837,-0.040047965024133866,10884.936020993908,0.035020425555808546
2022-05-21,0.0,2026.1051319894837,-0.040047965024133866,11103.681292579464,-0.02009614674479116
2022-05-22,0.0,2026.1051319894837,-0.040047965024133866,11471.615611218058,-0.03313624634421756
2022-05-23,0.0,2026.1051319894837,-0.040047965024133866,10950.052326604979,0.045465547512160746
2022-05-24,0.0,2026.1051319894837,-0.040047965024133866,11094.939530873678,-0.013231644922524202
2022-05-25,0.0,2026.1051319894837,-0.040047965024133866,10860.999313334165,0.02108530802610788
2022-05-26,0.0,2026.1051319894837,-0.040047965024133866,10089.377769932724,0.07104517007510644
2022-05-27,0.0,2026.1051319894837,-0.040047965024133866,9770.404762174017,0.0316147353218627
2022-05-28,0.0,2026.1051319894837,-0.040047965024133866,10149.481728498156,-0.03879849152122424
2022-05-29,0.0,2026.1051319894837,-0.040047965024133866,10351.3227221401,-0.0198868276273856
2022-05-30,0.0,2026.1051319894837,-0.040047965024133866,11236.487847663317,-0.08551227213020478
2022-05-31,0.0,2026.1051319894837,-0.040047965024133866,11237.757093670552,-0.00011295753837357671
2022-06-01,0.0,2026.1051319894837,-0.040047965024133866,10284.154527172528,0.08485701893620042
2022-06-02,0.0,2026.1051319894837,-0.040047965024133866,10575.990884385452,-0.028377282395148726
2022-06-03,0.0,2026.1051319894837,-0.040047965024133866,10121.514950271567,0.04297242112650433
2022-06-04,0.0,2026.1051319894837,-0.040047965024133866,10317.019629936853,-0.019315752693724843
2022-06-05,0.0,2026.1051319894837,-0.040047965024133866,10281.649603100113,0.00342831826490916
2022-06-06,0.0,2026.1051319894837,-0.040047965024133866,10769.563332491975,-0.04745481009630465
2022-06-07,0.0,2026.1051319894837,-0.040047965024133866,10531.581557134874,0.02209762531774197
2022-06-08,0.0,2026.1051319894837,-0.040047965024133866,10475.047166215843,0.0053680817655285306
2022-06-09,0.0,2026.1051319894837,-0.040047965024133866,10491.75347495602,-0.0015948671614634297
2022-06-10,0.0,2026.1051319894837,-0.040047965024133866,9862.494348759576,0.059976545169355786
2022-06-11,0.0,2026.1051319894837,-0.040047965024133866,9247.12204055517,0.06239520008260403
2022-06-12,0.0,2026.1051319894837,-0.040047965024133866,8487.62859957986,0.0821329531117244
2022-06-13,0.0,2026.1051319894837,-0.040047965024133866,7621.751295487954,0.10201639880128213
2022-06-14,0.0,2026.1051319894837,-0.040047965024133866,7748.723589774675,-0.01665920198181852
2022-06-15,0.0,2026.1051319894837,-0.040047965024133866,8355.969599026714,-0.07836723070795415
2022-06-16,0.0,2026.1051319894837,-0.040047965024133866,7397.954830885211,0.11465034150592068
2022-06-17,0.0,2026.1051319894837,-0.040047965024133866,7532.667417601474,-0.01820943622876167
2022-06-18,0.0,2026.1051319894837,-0.040047965024133866,7120.5108587548375,0.05471588429399606
2022-06-19,0.0,2026.1051319894837,-0.040047965024133866,7725.84152875731,-0.08501225291415773
2022-06-20,0.0,2026.1051319894837,-0.040047965024133866,7833.572518673781,-0.013944240186065358
2022-06-21,0.0,2026.1051319894837,-0.040047965024133866,7882.343146782949,-0.0062258475290690885
2022-06-22,0.0,2026.1051319894837,-0.040047965024133866,7536.950563484047,0.043818516507983886
2022-06-23,0.0,2026.1051319894837,-0.040047965024133866,8134.904834070891,-0.0793363662863715
2022-06-24,0.0,2026.1051319894837,-0.040047965024133866,8686.361667319745,-0.06778897165941299
2022-06-25,0.0,2026.1051319894837,-0.040047965024133866,8781.385842244043,-0.010939467934175662
2022-06-26,0.0,2026.1051319894837,-0.040047965024133866,8449.697374142903,0.03777176792591292
2022-06-27,0.0,2026.1051319894837,-0.040047965024133866,8346.081682004466,0.012262651258436095
2022-06-28,0.0,2026.1051319894837,-0.040047965024133866,7969.367856421791,0.045136609002393545
2022-06-29,0.0,2026.1051319894837,-0.040047965024133866,7783.718097788186,0.023295418404360176
2022-06-30,0.0,2026.1051319894837,-0.040047965024133866,7677.642893010636,0.013627832283352228
2022-07-01,0.0,2026.1051319894837,-0.040047965024133866,7443.302210040185,0.03052247756714274
2022-07-02,0.0,2026.1051319894837,-0.040047965024133866,7509.492400401536,-0.008892584029715616
2022-07-03,0.0,2026.1051319894837,-0.040047965024133866,7567.2287062179075,-0.007688443204667677
2022-07-04,0.0,2026.1051319894837,-0.040047965024133866,8002.566005877572,-0.05752929065061193
2022-07-05,0.0,2026.1051319894837,-0.040047965024133866,7901.149576339594,0.012672988821771971
2022-07-06,0.0,2026.1051319894837,-0.040047965024133866,8176.4210936636755,-0.03483942617013559
2022-07-07,0.0,2026.1051319894837,-0.040047965024133866,8479.90422218721,-0.03711686629725065
2022-07-08,0.0,2026.1051319894837,-0.040047965024133866,8377.169234942246,0.012115111745739109
2022-07-09,0.0,2026.1051319894837,-0.040047965024133866,8448.040561695394,-0.008460056704779355
2022-07-10,0.0,2026.1051319894837,-0.040047965024133866,8122.317557585815,0.038556041691661984
2022-07-11,0.0,2026.1051319894837,-0.040047965024133866,7636.039049984323,0.05986942817168396
2022-07-12,0.0,2026.1051319894837,-0.040047965024133866,7401.139451705393,0.030761969227935376
2022-07-13,0.0,2026.1051319894837,-0.040047965024133866,7875.163146906883,-0.06404739409311702
2022-07-14,0.0,2026.1051319894837,-0.040047965024133866,8183.310908644828,-0.03912906386694659
2022-07-15,0.0,2026.1051319894837,-0.040047965024133866,8219.14006200477,-0.0043783199440818555
2022-07-16,0.0,2026.1051319894837,-0.040047965024133866,8698.228630918527,-0.05828937885223235
2022-07-17,0.0,2026.1051319894837,-0.040047965024133866,8530.153923440384,0.01932286613859597
2022-07-18,0.0,2026.1051319894837,-0.040047965024133866,9471.465874614383,-0.1103511096777898
2022-07-19,0.0,2026.1051319894837,-0.040047965024133866,9701.582038658375,-0.024295728569402843
2022-07-20,0.0,2026.1051319894837,-0.040047965024133866,9368.211542764631,0.03436248794942352
2022-07-21,0.0,2026.1051319894837,-0.040047965024133866,9598.48063883204,-0.024579835224285973
2022-07-22,0.0,2026.1051319894837,-0.040047965024133866,9283.617818688872,0.03280340212067993
2022-07-23,0.0,2026.1051319894837,-0.040047965024133866,9344.157784528868,-0.006521160933415799
2022-07-24,0.0,2026.1051319894837,-0.040047965024133866,9433.06456005764,-0.00951469116627893
2022-07-25,0.0,2026.1051319894837,-0.040047965024133866,8653.868742060815,0.08260261689463767
2022-07-26,0.0,2026.1051319894837,-0.040047965024133866,8640.27743224954,0.0015705472565370946
2022-07-27,0.0,2026.1051319894837,-0.040047965024133866,9498.754693298255,-0.099357603708936
2022-07-28,0.0,2026.1051319894837,-0.040047965024133866,9850.208676275832,-0.03700000624561268
2022-07-29,0.0,2026.1051319894837,-0.040047965024133866,9912.687902366251,-0.006342934260966516
2022-07-30,0.0,2026.1051319894837,-0.040047965024133866,9996.029761531123,-0.008407594386682546
2022-07-31,0.0,2026.1051319894837,-0.040047965024133866,9798.865615969757,0.019724245551982694
2022-08-01,0.0,2026.1051319894837,-0.040047965024133866,9714.055096280199,0.008655136524307225
2022-08-02,0.0,2026.1051319894837,-0.040047965024133866,9524.66535269299,0.019496465864161174
2022-08-03,0.0,2026.1051319894837,-0.040047965024133866,9542.806746721993,-0.0019046752150586757
2022-08-04,0.0,2026.1051319894837,-0.040047965024133866,9620.615535141864,-0.008153658612713523
2022-08-05,0.0,2026.1051319894837,-0.040047965024133866,10013.816245428643,-0.04087063960206178
2022-08-06,0.0,2026.1051319894837,-0.040047965024133866,9994.230084846451,0.0019559137198200682
2022-08-07,0.0,2026.1051319894837,-0.040047965024133866,10185.918583105855,-0.019179916475011587
2022-08-08,0.0,2026.1051319894837,-0.040047965024133866,10409.84002729469,-0.021983431573881575
2022-08-09,0.0,2026.1051319894837,-0.040047965024133866,10100.659403387981,0.029700804536480337
2022-08-10,0.0,2026.1051319894837,-0.040047965024133866,10592.0614928216,-0.048650495953639475
2022-08-11,0.0,2026.1051319894837,-0.040047965024133866,10540.850187962913,0.004834876090305322
2022-08-12,0.0,2026.1051319894837,-0.040047965024133866,10816.82816209883,-0.026181756614952114
2022-08-13,0.0,2026.1051319894837,-0.040047965024133866,10898.887131827929,-0.007586232165231831
2022-08-14,0.0,2026.1051319894837,-0.040047965024133866,10728.973954294936,0.015589956614634106
2022-08-15,0.0,2026.1051319894837,-0.040047965024133866,10585.367416361945,0.013384927444576613
2022-08-16,0.0,2026.1051319894837,-0.040047965024133866,10499.120053715102,0.008147791120932748
2022-08-17,0.0,2026.1051319894837,-0.040047965024133866,10175.008170023717,0.030870385521184644
2022-08-18,0.0,2026.1051319894837,-0.040047965024133866,9914.31105093128,0.025621317913087287
2022-08-19,0.0,2026.1051319894837,-0.040047965024133866,8952.583707317603,0.09700395102323696
2022-08-20,0.0,2026.1051319894837,-0.040047965024133866,8950.765309445585,0.0002031143110708955
2022-08-21,0.0,2026.1051319894837,-0.040047965024133866,9235.429552049165,-0.03180334114035805
2022-08-22,0.0,2026.1051319894837,-0.040047965024133866,9156.300151757963,0.008568025974887658
2022-08-23,0.0,2026.1051319894837,-0.040047965024133866,9283.394582802686,-0.013880544427141959
2022-08-24,0.0,2026.1051319894837,-0.040047965024133866,9167.672095305541,0.012465535797812446
2022-08-25,0.0,2026.1051319894837,-0.040047965024133866,9276.619210477751,-0.011883836380666177
2022-08-26,0.0,2026.1051319894837,-0.040047965024133866,8555.660616470104,0.0777178169815721
2022-08-27,0.0,2026.1051319894837,-0.040047965024133866,8512.371176616169,0.005059742525387386
2022-08-28,0.0,2026.1051319894837,-0.040047965024133866,8191.426736710579,0.03770329479842682
2022-08-29,0.0,2026.1051319894837,-0.040047965024133866,8601.992809344049,-0.050121436207624645
2022-08-30,0.0,2026.1051319894837,-0.040047965024133866,8483.27757323462,0.013800899249819547
2022-08-31,0.0,2026.1051319894837,-0.040047965024133866,8481.771337872282,0.00017755346908486316
2022-09-01,0.0,2026.1051319894837,-0.040047965024133866,8574.69522529777,-0.010955717116608778
2022-09-02,0.0,2026.1051319894837,-0.040047965024133866,8492.567634329895,0.00957790204899367
2022-09-03,0.0,2026.1051319894837,-0.040047965024133866,8533.674049869162,-0.004840281209312839
2022-09-04,0.0,2026.1051319894837,-0.040047965024133866,8681.577057005046,-0.01733169163382255
2022-09-05,0.0,2026.1051319894837,-0.040047965024133866,8710.183758514568,-0.003295104256022038
2022-09-06,0.0,2026.1051319894837,-0.040047965024133866,8274.653205194658,0.05000245292117506
2022-09-07,0.0,2026.1051319894837,-0.040047965024133866,8654.331334764562,-0.04588447638283503
2022-09-08,0.0,2026.1051319894837,-0.040047965024133866,8720.504492756312,-0.007646247345064282
2022-09-09,0.0,2026.1051319894837,-0.040047965024133866,9216.6119270271,-0.0568897630501629
2022-09-10,0.0,2026.1051319894837,-0.040047965024133866,9337.36433476644,-0.013101604873396193
2022-09-11,0.0,2026.1051319894837,-0.040047965024133866,9336.356455216232,0.00010794047592803986
2022-09-12,0.0,2026.1051319894837,-0.040047965024133866,9461.444692095707,-0.01339797141202643
2022-09-13,0.0,2026.1051319894837,-0.040047965024133866,8615.959492120397,0.08936111000909248
2022-09-14,0.0,2026.1051319894837,-0.040047965024133866,8814.883249392335,-0.02308782410755986
2022-09-15,0.0,2026.1051319894837,-0.040047965024133866,8423.960213363096,0.04434806735031771
2022-09-16,0.0,2026.1051319894837,-0.040047965024133866,8503.93687933661,-0.009493951057205297
2022-09-17,0.0,2026.1051319894837,-0.040047965024133866,8754.685760953365,-0.029486211524692836
2022-09-18,0.0,2026.1051319894837,-0.040047965024133866,8162.713425928452,0.06761777077883932
2022-09-19,0.0,2026.1051319894837,-0.040047965024133866,8430.388848161392,-0.03279245616815153
2022-09-20,0.0,2026.1051319894837,-0.040047965024133866,8293.216433489613,0.016271184774791805
2022-09-21,0.0,2026.1051319894837,-0.040047965024133866,8084.9272427885135,0.02511561013408343
2022-09-22,0.0,2026.1051319894837,-0.040047965024133866,8736.969604867905,-0.08064913171123377
2022-09-23,0.0,2026.1051319894837,-0.040047965024133866,8867.08228737901,-0.014892198141402508
2022-09-24,0.0,2026.1051319894837,-0.040047965024133866,8708.936562212533,0.017835148027392517
2022-09-25,0.0,2026.1051319894837,-0.040047965024133866,8618.220427203347,0.010416442278704576
2022-09-26,0.0,2026.1051319894837,-0.040047965024133866,8713.615463519172,-0.011068994709709536
2022-09-27,0.0,2026.1051319894837,-0.040047965024133866,8539.084989098707,0.02002962778781814
2022-09-28,0.0,2026.1051319894837,-0.040047965024133866,8622.403323110993,-0.009757290636954186
2022-09-29,0.0,2026.1051319894837,-0.040047965024133866,8788.159763792262,-0.01922392568171611
2022-09-30,0.0,2026.1051319894837,-0.040047965024133866,8708.031955974564,0.009117700402743003
2022-10-01,0.0,2026.1051319894837,-0.040047965024133866,8603.228679205511,0.012035242555253471
2022-10-02,0.0,2026.1051319894837,-0.040047965024133866,8417.324579360895,0.02160864331015138
2022-10-03,0.0,2026.1051319894837,-0.040047965024133866,8641.879426517524,-0.02667769848239335
2022-10-04,0.0,2026.1051319894837,-0.040047965024133866,8898.250220678974,-0.02966609246766175
2022-10-05,0.0,2026.1051319894837,-0.040047965024133866,8875.224002543337,0.0025877242788841276
2022-10-06,0.0,2026.1051319894837,-0.040047965024133866,8786.80420828218,0.009962542267757961
2022-10-07,0.0,2026.1051319894837,-0.040047965024133866,8742.869213572618,0.005000110810270313
2022-10-08,0.0,2026.1051319894837,-0.040047965024133866,8663.78595516304,0.009045458244623692
2022-10-09,0.0,2026.1051319894837,-0.040047965024133866,8741.744571647389,-0.008998215894044577
2022-10-10,0.0,2026.1051319894837,-0.040047965024133866,8418.405626037069,0.03698791962636642
2022-10-11,0.0,2026.1051319894837,-0.040047965024133866,8291.090010762084,0.015123483107206728
2022-10-12,0.0,2026.1051319894837,-0.040047965024133866,8299.073791509869,-0.0009629349985856216
2022-10-13,0.0,2026.1051319894837,-0.040047965024133866,8225.050302724754,0.008919487962722001
2022-10-14,0.0,2026.1051319894837,-0.040047965024133866,8184.837050330357,0.0048891193262462496
2022-10-15,0.0,2026.1051319894837,-0.040047965024133866,8096.070426287268,0.010845252446352038
2022-10-16,0.0,2026.1051319894837,-0.040047965024133866,8208.373252495663,-0.013871275853006182
2022-10-17,0.0,2026.1051319894837,-0.040047965024133866,8350.14801368496,-0.017271968126716386
2022-10-18,0.0,2026.1051319894837,-0.040047965024133866,8176.612976417077,0.02078227080328121
2022-10-19,0.0,2026.1051319894837,-0.040047965024133866,7946.930860700257,0.028090129296723165
2022-10-20,0.0,2026.1051319894837,-0.040047965024133866,7859.234948604791,0.011035192533150853
2022-10-21,0.0,2026.1051319894837,-0.040047965024133866,7997.648631782869,-0.01761159757701988
2022-10-22,0.0,2026.1051319894837,-0.040047965024133866,8026.353205456511,-0.003589126628990421
2022-10-23,0.0,2026.1051319894837,-0.040047965024133866,8257.2881103293,-0.028772083530512242
2022-10-24,0.0,2026.1051319894837,-0.040047965024133866,8081.228082237367,0.021321773654923715
2022-10-25,0.0,2026.1051319894837,-0.040047965024133866,8595.370961321616,-0.06362187452849402
2022-10-26,0.0,2026.1051319894837,-0.040047965024133866,8828.332360512037,-0.02710312332518591
2022-10-27,0.0,2026.1051319894837,-0.040047965024133866,8639.160392294123,0.021427825833116247
2022-10-28,0.0,2026.1051319894837,-0.040047965024133866,8989.805489674085,-0.040587867507671974
2022-10-29,0.0,2026.1051319894837,-0.040047965024133866,9152.365886863889,-0.018082749106921807
2022-10-30,0.0,2026.1051319894837,-0.040047965024133866,9079.219610952347,0.007992062032455045
2022-10-31,0.0,2026.1051319894837,-0.040047965024133866,9180.491324053794,-0.011154231028763974
2022-11-01,-0.0011324270905886946,2023.810715649638,-0.041135040714206254,9102.575872837386,0.007354640590882993
2022-11-02,-0.0019008343349763424,2019.9637867538381,-0.0429576841514224,8821.753173756671,0.028950070178624672
2022-11-03,0.004728986990826689,2029.516169223338,-0.03843184349010385,8909.901949847223,-0.005263219133550243
2022-11-04,0.012730264275986114,2055.3524464099382,-0.026190826738360002,9624.554808518837,-0.06747857109552642
2022-11-05,-9.186476709066582e-05,2055.1636319361596,-0.02628028549125241,9722.906117433195,-0.01031065523283822
2022-11-06,0.0,2055.1636319361596,-0.02628028549125241,9201.899002213111,0.05358553388537979
2022-11-07,0.0,2055.1636319361596,-0.02628028549125241,9036.26160790567,0.01800034908746587
2022-11-08,0.0,2055.1636319361596,-0.02628028549125241,8038.331321424588,0.11043618808114306
2022-11-09,0.0,2055.1636319361596,-0.02628028549125241,6382.621355850936,0.2059768252100636
2022-11-10,0.0,2055.1636319361596,-0.02628028549125241,7489.83808973247,-0.17347366734618358
2022-11-11,0.0,2055.1636319361596,-0.02628028549125241,7173.754926848774,0.04220160156959899
2022-11-12,0.0,2055.1636319361596,-0.02628028549125241,6813.018599267484,0.050285566103071555
2022-11-13,0.0,2055.1636319361596,-0.02628028549125241,6547.333667683557,0.03899665437761941
2022-11-14,0.0,2055.1636319361596,-0.02628028549125241,6764.306855184004,-0.033139167562421176
2022-11-15,0.0,2055.1636319361596,-0.02628028549125241,6873.958369930621,-0.01621031054535668
2022-11-16,0.0,2055.1636319361596,-0.02628028549125241,6727.476477314142,0.02130968573467776
2022-11-17,0.0,2055.1636319361596,-0.02628028549125241,6643.402394426804,0.012497120305191076
2022-11-18,0.0,2055.1636319361596,-0.02628028549125241,6663.991811707517,-0.0030992277839417826
2022-11-19,0.0,2055.1636319361596,-0.02628028549125241,6632.711479441742,0.0046939331784322524
2022-11-20,0.0,2055.1636319361596,-0.02628028549125241,6323.721142859579,0.046585825049059774
2022-11-21,0.0,2055.1636319361596,-0.02628028549125241,6161.258721481172,0.025690952796337613
2022-11-22,0.0,2055.1636319361596,-0.02628028549125241,6391.8883996755185,-0.03743223399956545
2022-11-23,0.0,2055.1636319361596,-0.02628028549125241,6782.931406800874,-0.06117800916943539
2022-11-24,0.0,2055.1636319361596,-0.02628028549125241,6855.1696957901495,-0.010650010247316584
2022-11-25,0.0,2055.1636319361596,-0.02628028549125241,6810.932437093643,0.006453123797018868
2022-11-26,0.0,2055.1636319361596,-0.02628028549125241,6822.632343857259,-0.001717812776984018
2022-11-27,0.0,2055.1636319361596,-0.02628028549125241,6798.926526722668,0.003474585165934304
2022-11-28,0.0,2055.1636319361596,-0.02628028549125241,6597.621298395796,0.029608384137651274
2022-11-29,0.0,2055.1636319361596,-0.02628028549125241,6689.860484394946,-0.013980673007342561
2022-11-30,0.0,2055.1636319361596,-0.02628028549125241,6973.361676130429,-0.04237774351151139
2022-12-01,0.0,2055.1636319361596,-0.02628028549125241,6816.729250506505,0.02246153761966366
2022-12-02,0.0,2055.1636319361596,-0.02628028549125241,6919.674610026837,-0.015101870081268684
2022-12-03,0.0,2055.1636319361596,-0.02628028549125241,6791.740245272933,0.018488494324360758
2022-12-04,0.0,2055.1636319361596,-0.02628028549125241,6921.652028891953,-0.01912790815423742
2022-12-05,0.0,2055.1636319361596,-0.02628028549125241,6862.0235809576725,0.00861477111033355
2022-12-06,0.0,2055.1636319361596,-0.02628028549125241,6925.80763461058,-0.009295225074700915
2022-12-07,0.0,2055.1636319361596,-0.02628028549125241,6730.085699465057,0.02825979950228982
2022-12-08,0.0,2055.1636319361596,-0.02628028549125241,6875.741955634441,-0.021642555930745728
2022-12-09,0.0,2055.1636319361596,-0.02628028549125241,6816.665659037832,0.00859198861414488
2022-12-10,0.0,2055.1636319361596,-0.02628028549125241,6824.544127031399,-0.001155765646672302
2022-12-11,0.0,2055.1636319361596,-0.02628028549125241,6728.013706878096,0.01414459608678528
2022-12-12,0.0,2055.1636319361596,-0.02628028549125241,6724.853005399691,0.00046978225909004897
2022-12-13,0.0,2055.1636319361596,-0.02628028549125241,6917.151047956459,-0.028595129499836225
2022-12-14,0.0,2055.1636319361596,-0.02628028549125241,6860.686756473432,0.008162940362522329
2022-12-15,0.0,2055.1636319361596,-0.02628028549125241,6685.926867622893,0.02547265238216036
2022-12-16,0.0,2055.1636319361596,-0.02628028549125241,6064.817628115516,0.09289800080152623
2022-12-17,0.0,2055.1636319361596,-0.02628028549125241,6176.277755573993,-0.01837814989551651
2022-12-18,0.0,2055.1636319361596,-0.02628028549125241,6177.264090196939,-0.00015969725811883415
2022-12-19,0.0,2055.1636319361596,-0.02628028549125241,5970.65286513345,0.03344704420058253
2022-12-20,0.0,2055.1636319361596,-0.02628028549125241,6177.016645683694,-0.03456301768192484
2022-12-21,0.0,2055.1636319361596,-0.02628028549125241,6099.969309405689,0.012473227886125704
2022-12-22,0.0,2055.1636319361596,-0.02628028549125241,6110.524554319636,-0.001730376724629057
2022-12-23,0.0,2055.1636319361596,-0.02628028549125241,6126.252132193314,-0.0025738506954462925
2022-12-24,0.0,2055.1636319361596,-0.02628028549125241,6082.994091259274,0.007061093797742747
2022-12-25,0.0,2055.1636319361596,-0.02628028549125241,6057.085366742141,0.004259205931888491
2022-12-26,0.0,2055.1636319361596,-0.02628028549125241,6140.646186999178,-0.013795549376907936
2022-12-27,0.0,2055.1636319361596,-0.02628028549125241,6091.191073731642,0.008053731115829632
2022-12-28,0.0,2055.1636319361596,-0.02628028549125241,5855.120552563826,0.03875605252080732
2022-12-29,0.0,2055.1636319361596,-0.02628028549125241,5799.093522937517,0.009568894290618104
2022-12-30,0.0,2055.1636319361596,-0.02628028549125241,5823.192982253069,-0.004155728687635188
2022-12-31,0.0,2055.1636319361596,-0.02628028549125241,5812.181785329802,0.0018909208327501567
