timestamp,ret,equity,drawdown,benchmark_equity,active_ret
2023-01-01 00:00:00,0.0,1000.0,0.0,1000.0,0.0
2023-01-01 04:00:00,0.0,1000.0,0.0,994.7518233602343,0.005248176639765734
2023-01-01 08:00:00,0.0,1000.0,0.0,999.0705126626867,-0.004341474125540408
2023-01-01 12:00:00,0.0,1000.0,0.0,998.0309891026043,0.0010404906829969576
2023-01-01 16:00:00,0.0,1000.0,0.0,1004.6088357521452,-0.006590824053926018
2023-01-01 20:00:00,0.0,1000.0,0.0,1004.7924357904951,-0.0001827577379531447
2023-01-02 00:00:00,0.0,1000.0,0.0,1000.331417382601,0.004439741233107942
2023-01-02 04:00:00,0.0,1000.0,0.0,1029.5317366229506,-0.02919064495320267
2023-01-02 08:00:00,0.0,1000.0,0.0,1032.4714454225607,-0.002855384341286008
2023-01-02 12:00:00,0.0,1000.0,0.0,1037.8731713472803,-0.005231840501418069
2023-01-02 16:00:00,0.0,1000.0,0.0,1040.396110641478,-0.0024308743725618104
2023-01-02 20:00:00,0.0,1000.0,0.0,1035.897208330444,0.004324220616568707
2023-01-03 00:00:00,0.0,1000.0,0.0,1033.0090386175073,0.0027880852363640113
2023-01-03 04:00:00,0.0,1000.0,0.0,1047.8329895881106,-0.014350262598324155
2023-01-03 08:00:00,0.0,1000.0,0.0,1043.9172624248909,0.003736976409531491
2023-01-03 12:00:00,0.0,1000.0,0.0,1060.1690369836872,-0.015568067646515749
2023-01-03 16:00:00,0.0,1000.0,0.0,1055.5627614846244,0.004344850055391473
2023-01-03 20:00:00,0.0,1000.0,0.0,1063.4398786566928,-0.007462481113855676
2023-01-04 00:00:00,0.0,1000.0,0.0,1093.9048102081106,-0.028647535382912506
2023-01-04 04:00:00,0.0,1000.0,0.0,1102.0905263675884,-0.007483024192864317
2023-01-04 08:00:00,0.0,1000.0,0.0,1092.7449935656773,0.008479823189038298
2023-01-04 12:00:00,0.0,1000.0,0.0,1097.7617259991216,-0.0045909452461316514
2023-01-04 16:00:00,0.0,1000.0,0.0,1094.674269986446,0.0028125010551498996
2023-01-04 20:00:00,0.0,1000.0,0.0,1098.9896379872068,-0.0039421480152393995
2023-01-05 00:00:00,0.0,1000.0,0.0,1093.1418884689465,0.00532102334374177
2023-01-05 04:00:00,0.0,1000.0,0.0,1092.029735597598,0.00101739113932074
2023-01-05 08:00:00,0.0,1000.0,0.0,1089.8579197870984,0.0019887881618087127
2023-01-05 12:00:00,0.0,1000.0,0.0,1086.2177816798642,0.0033400116117386597
2023-01-05 16:00:00,0.0,1000.0,0.0,1092.5722235132048,-0.005850062428101076
2023-01-05 20:00:00,0.0,1000.0,0.0,1088.9971344897988,0.003272176380166541
2023-01-06 00:00:00,0.0,1000.0,0.0,1089.1457763090993,-0.00013649422444991392
2023-01-06 04:00:00,0.0,1000.0,0.0,1081.763663077364,0.00677789272318674
2023-01-06 08:00:00,0.0,1000.0,0.0,1077.2046592424763,0.004214417613102864
2023-01-06 12:00:00,0.0,1000.0,0.0,1089.686152750698,-0.01158692863155578
2023-01-06 16:00:00,0.0,1000.0,0.0,1100.1820775698989,-0.009632062215993204
2023-01-06 20:00:00,0.0,1000.0,0.0,1103.9661475029689,-0.0034394942530134387
2023-01-07 00:00:00,0.0,1000.0,0.0,1101.4502756297431,0.0022789393306275846
2023-01-07 04:00:00,0.0,1000.0,0.0,1100.5527638418992,0.0008148454884455068
2023-01-07 08:00:00,0.0,1000.0,0.0,1095.8756625696117,0.004249774682278907
2023-01-07 12:00:00,0.0,1000.0,0.0,1098.8577226132782,-0.002721166411045108
2023-01-07 16:00:00,0.0,1000.0,0.0,1100.5699116070202,-0.0015581534883973211
2023-01-07 20:00:00,0.0,1000.0,0.0,1097.9675998698897,0.0023645128852656555
2023-01-08 00:00:00,0.0,1000.0,0.0,1097.9157650166244,4.7209820463990836e-05
2023-01-08 04:00:00,0.0,1000.0,0.0,1098.1831069009363,-0.00024349944943895846
2023-01-08 08:00:00,0.0,1000.0,0.0,1105.2026817150786,-0.0063919894323922755
2023-01-08 12:00:00,0.0,1000.0,0.0,1120.7834167772678,-0.014097626905872795
2023-01-08 16:00:00,0.0,1000.0,0.0,1114.2336589535716,0.005843910362743883
2023-01-08 20:00:00,0.0,1000.0,0.0,1143.6715540553462,-0.026419858047925793
2023-01-09 00:00:00,0.0,1000.0,0.0,1193.5794043947258,-0.043638271986753
2023-01-09 04:00:00,0.0,1000.0,0.0,1192.22571065925,0.0011341463588358605
2023-01-09 08:00:00,0.0,1000.0,0.0,1192.2238398862746,1.5691432910644058e-06
2023-01-09 12:00:00,0.0,1000.0,0.0,1207.476878394044,-0.012793770764745258
2023-01-09 16:00:00,0.0,1000.0,0.0,1190.6249504765517,0.013956315204896865
2023-01-09 20:00:00,0.0,1000.0,0.0,1181.0931891189425,0.008005679163530217
2023-01-10 00:00:00,0.0,1000.0,0.0,1179.7652155842632,0.0011243596584195206
2023-01-10 04:00:00,0.0,1000.0,0.0,1179.2281366640611,0.00045524220676053585
2023-01-10 08:00:00,0.0,1000.0,0.0,1186.484163384894,-0.006153200127466071
2023-01-10 12:00:00,0.0,1000.0,0.0,1195.961266033123,-0.007987550900967795
2023-01-10 16:00:00,0.0,1000.0,0.0,1203.9460678904024,-0.0066764719594676015
2023-01-10 20:00:00,0.0,1000.0,0.0,1199.042503083384,0.004072910687445102
2023-01-11 00:00:00,0.0,1000.0,0.0,1186.6026254244439,0.010374842949228651
2023-01-11 04:00:00,0.0,1000.0,0.0,1198.036318513326,-0.00963565463610218
2023-01-11 08:00:00,0.0,1000.0,0.0,1196.094263444247,0.0016210318828139756
2023-01-11 12:00:00,0.0,1000.0,0.0,1186.2071399763013,0.00826617413871281
2023-01-11 16:00:00,0.0,1000.0,0.0,1233.7532329754677,-0.04008245389596664
2023-01-11 20:00:00,0.0,1000.0,0.0,1269.7539046527497,-0.029179799262173876
2023-01-12 00:00:00,0.0,1000.0,0.0,1281.3510221155636,-0.009133358377807519
2023-01-12 04:00:00,0.0,1000.0,0.0,1267.3816175968825,0.010902090276259404
2023-01-12 08:00:00,0.0,1000.0,0.0,1259.3701470419117,0.006321277225214694
2023-01-12 12:00:00,0.0,1000.0,0.0,1250.800537735694,0.006804678772437622
2023-01-12 16:00:00,0.0,1000.0,0.0,1285.8576388098118,-0.02802773105421043
2023-01-12 20:00:00,0.0,1000.0,0.0,1286.2428749893377,-0.00029959473576127556
2023-01-13 00:00:00,0.0,1000.0,0.0,1289.97062007308,-0.002898165778973251
2023-01-13 04:00:00,0.0,1000.0,0.0,1289.9367006868447,2.6294696722122574e-05
2023-01-13 08:00:00,0.0,1000.0,0.0,1289.665348182813,0.0002103611005776099
2023-01-13 12:00:00,0.0,1000.0,0.0,1298.118991890615,-0.006554912652118462
2023-01-13 16:00:00,0.0,1000.0,0.0,1305.3340869237572,-0.005558115302383894
2023-01-13 20:00:00,0.0,1000.0,0.0,1344.7006843050287,-0.030158254331690282
2023-01-14 00:00:00,0.0,1000.0,0.0,1440.598990707211,-0.07131572663082612
2023-01-14 04:00:00,0.0,1000.0,0.0,1470.4157906286791,-0.020697501604405928
2023-01-14 08:00:00,0.0,1000.0,0.0,1430.0732290606713,0.0274361590953531
2023-01-14 12:00:00,0.0,1000.0,0.0,1431.6605825892561,-0.0011099805914326672
2023-01-14 16:00:00,0.0,1000.0,0.0,1432.5998122090016,-0.0006560421032523507
2023-01-14 20:00:00,0.0,1000.0,0.0,1454.9920183764762,-0.01563046845088358
2023-01-15 00:00:00,0.0,1000.0,0.0,1423.6700437283416,0.021527248433351916
2023-01-15 04:00:00,0.0,1000.0,0.0,1415.8771347559027,0.005473816778521704
2023-01-15 08:00:00,0.0,1000.0,0.0,1417.2171201003391,-0.0009463994520029059
2023-01-15 12:00:00,0.0,1000.0,0.0,1445.5706024441217,-0.02000644921772838
2023-01-15 16:00:00,0.0,1000.0,0.0,1435.1911837722635,0.0071801533970800024
2023-01-15 20:00:00,0.0,1000.0,0.0,1432.5556276712334,0.0018363798014023563
2023-01-16 00:00:00,0.0,1000.0,0.0,1455.9914987390737,-0.016359484138104823
2023-01-16 04:00:00,0.0,1000.0,0.0,1460.132932139562,-0.0028444076796292034
2023-01-16 08:00:00,0.0,1000.0,0.0,1428.5923517355332,0.021601170489190795
2023-01-16 12:00:00,0.0,1000.0,0.0,1428.497028477268,6.672530351257779e-05
2023-01-16 16:00:00,0.0,1000.0,0.0,1453.6136460310167,-0.0175825479878822
2023-01-16 20:00:00,0.0,1000.0,0.0,1442.9595853382045,0.007329362050158487
2023-01-17 00:00:00,0.0,1000.0,0.0,1437.5168641897035,0.0037719151692148394
2023-01-17 04:00:00,0.0,1000.0,0.0,1444.6716137174883,-0.00497715867272113
2023-01-17 08:00:00,0.0,1000.0,0.0,1451.8987808998597,-0.005002636664102754
2023-01-17 12:00:00,0.0,1000.0,0.0,1456.6388937375457,-0.0032647681092121844
2023-01-17 16:00:00,0.0,1000.0,0.0,1463.7077522207724,-0.0048528557857528175
2023-01-17 20:00:00,0.0,1000.0,0.0,1437.716026204209,0.017757456006589085
2023-01-18 00:00:00,0.0,1000.0,0.0,1449.6548050937815,-0.00830398957233098
2023-01-18 04:00:00,0.0,1000.0,0.0,1449.0849334284362,0.00039310852717698374
2023-01-18 08:00:00,0.0,1000.0,0.0,1436.7986896648094,0.0084786222533957
2023-01-18 12:00:00,0.0,1000.0,0.0,1405.6233703910764,0.02169776427135111
2023-01-18 16:00:00,0.0,1000.0,0.0,1404.38225124099,0.0008829670708597272
2023-01-18 20:00:00,0.0,1000.0,0.0,1367.121859516301,0.026531517107798823
2023-01-19 00:00:00,0.0,1000.0,0.0,1379.5024916707275,-0.009055982879834288
2023-01-19 04:00:00,0.0,1000.0,0.0,1384.514540031046,-0.0036332289289658765
2023-01-19 08:00:00,0.0,1000.0,0.0,1379.5559749050321,0.0035814467689898283
2023-01-19 12:00:00,0.0,1000.0,0.0,1389.49675861466,-0.007205784970277906
2023-01-19 16:00:00,0.0,1000.0,0.0,1409.4887361478143,-0.014387926714623094
2023-01-19 20:00:00,0.0,1000.0,0.0,1406.1906639069173,0.0023399067735090373
2023-01-20 00:00:00,0.0,1000.0,0.0,1405.554110685417,0.00045267916921849186
2023-01-20 04:00:00,0.0,1000.0,0.0,1390.8541670185616,0.010458468695799108
2023-01-20 08:00:00,0.0,1000.0,0.0,1392.3107365124201,-0.0010472481791392596
2023-01-20 12:00:00,0.0,1000.0,0.0,1407.2027176645072,-0.010695874679089121
2023-01-20 16:00:00,0.0,1000.0,0.0,1453.3964035928263,-0.032826603692881866
2023-01-20 20:00:00,0.0,1000.0,0.0,1522.9281461154756,-0.047840865954233314
2023-01-21 00:00:00,-0.0085793597999122,991.4206402000877,-0.008579359799912254,1505.6943021879908,0.0027368956461788028
2023-01-21 04:00:00,0.004926099355107683,996.3044767764179,-0.003695523223582086,1517.7711816832018,-0.003094705052308402
2023-01-21 08:00:00,0.00044365138139967897,996.7464886338345,-0.003253511366165526,1513.4190856824732,0.003311077020554411
2023-01-21 12:00:00,0.0013536336229780233,998.0957181944345,-0.0019042818055654608,1518.2766556676984,-0.0018560325105995146
2023-01-21 16:00:00,0.010661421388987735,1008.7368372326497,0.0,1535.4643810674638,-0.0006591276925015221
2023-01-21 20:00:00,-0.022373045046430784,986.1683225332495,-0.02237304504643082,1497.1258431345823,0.0025956474257635073
2023-01-22 00:00:00,0.001553268163390742,987.7001063923849,-0.020854528221628726,1500.231124015422,-0.0005208934009692484
2023-01-22 04:00:00,0.003161637749400814,990.8228563338423,-0.01775882493589931,1511.98529076114,-0.004673266191438343
2023-01-22 08:00:00,-0.0033277414829847585,987.5256540125307,-0.021027469640455838,1516.288782575597,-0.006173993917286283
2023-01-22 12:00:00,0.0027566867422119667,990.2479528905412,-0.018328749045024004,1528.7216614581073,-0.005442858770082517
2023-01-22 16:00:00,-0.0013838590859349686,988.8775892636052,-0.019687243725059186,1524.869709305004,0.0011358619661165914
2023-01-22 20:00:00,-0.008557146047673547,980.4156193090051,-0.028075923152901274,1505.2169409197493,0.004331016308316766
2023-01-23 00:00:00,0.000875517451510488,981.2739902934436,-0.02722498666207845,1515.112482855891,-0.00569864582497697
2023-01-23 04:00:00,0.005787954226470937,986.9535592328886,-0.021594609412223895,1518.4492812905567,0.0035856105243214286
2023-01-23 08:00:00,0.006256622222883479,993.128554804539,-0.01547309650248339,1534.259878563013,-0.004155709270348236
2023-01-23 12:00:00,-0.0036544385873732432,989.4992274916391,-0.01907098960893181,1519.401323946808,0.006030071073481413
2023-01-23 16:00:00,0.0016559524521122526,991.137791163767,-0.017446617808826705,1522.5482574562568,-0.0004152143027478239
2023-01-23 20:00:00,-0.0014283881359601347,989.722061701767,-0.01885008540289608,1529.023669645069,-0.005681397626530146
2023-01-24 00:00:00,0.0015357550569545797,991.242032363005,-0.017343279459922964,1561.8349330210256,-0.019923208612046567
2023-01-24 04:00:00,-0.004913752754234113,986.3713140963687,-0.022171811626943438,1556.4113102692593,-0.0014411561071125795
2023-01-24 08:00:00,-0.009238272224147082,977.2589473826567,-0.031205254619578304,1540.3784179262,0.0010629201645702933
2023-01-24 12:00:00,0.001323160570044779,978.5520178885569,-0.029923383612024436,1540.4043011206752,0.0013063574298720626
2023-01-24 16:00:00,0.0004023016165461968,978.9456909472281,-0.0295331202210778,1538.775420282501,0.0014597388341579848
2023-01-24 20:00:00,-0.023794046856737805,955.6526113066282,-0.052624454631449595,1470.5002213853002,0.020575779953119988
2023-01-25 00:00:00,-0.00039957733572038023,955.270754182328,-0.05300300442779463,1466.0695429892364,0.0026134643025119858
2023-01-25 04:00:00,0.0,955.270754182328,-0.05300300442779463,1482.605936438043,-0.011279405897137527
2023-01-25 08:00:00,0.0,955.270754182328,-0.05300300442779463,1472.211604380868,0.0070108528515321665
2023-01-25 12:00:00,0.0,955.270754182328,-0.05300300442779463,1474.274153049174,-0.0014009865580249764
2023-01-25 16:00:00,0.0,955.270754182328,-0.05300300442779463,1492.5069317840168,-0.012367291861648042
2023-01-25 20:00:00,0.0,955.270754182328,-0.05300300442779463,1525.5833610353072,-0.022161658714545167
2023-01-26 00:00:00,0.0,955.270754182328,-0.05300300442779463,1531.418282514402,-0.0038247149438855243
2023-01-26 04:00:00,0.0,955.270754182328,-0.05300300442779463,1522.4902259284484,0.0058299268644585855
2023-01-26 08:00:00,0.0,955.270754182328,-0.05300300442779463,1519.5887763633968,0.0019057262343225023
2023-01-26 12:00:00,0.0,955.270754182328,-0.05300300442779463,1518.3387613534198,0.0008226008440049837
2023-01-26 16:00:00,0.0,955.270754182328,-0.05300300442779463,1528.2614210320933,-0.006535208038704411
2023-01-26 20:00:00,0.0,955.270754182328,-0.05300300442779463,1523.6358860507055,0.0030266647562588378
2023-01-27 00:00:00,0.0,955.270754182328,-0.05300300442779463,1500.3706339566083,0.015269561649930208
2023-01-27 04:00:00,0.0,955.270754182328,-0.05300300442779463,1520.8798477948626,-0.013669431655143529
2023-01-27 08:00:00,0.0,955.270754182328,-0.05300300442779463,1510.5540081937165,0.00678938551005034
2023-01-27 12:00:00,0.0,955.270754182328,-0.05300300442779463,1511.75609314706,-0.0007957907806162805
2023-01-27 16:00:00,0.0,955.270754182328,-0.05300300442779463,1548.8974943023973,-0.024568381978880734
2023-01-27 20:00:00,0.01633162683643352,970.8718796673921,-0.03753700288088575,1571.3274393219394,0.0018503941518623578
2023-01-28 00:00:00,-0.001010171346031541,969.8911327138843,-0.03850925542219117,1568.9026262623956,0.0005329908230133113
2023-01-28 04:00:00,-2.061697415223218e-05,969.8711364934707,-0.03852907845201975,1560.922347278553,0.005065918576402674
2023-01-28 08:00:00,-0.0009752767114219463,968.9252437609682,-0.039466778650514914,1556.526223393522,0.0018410862503201691
2023-01-28 12:00:00,-0.0016459051250536927,967.3304847364682,-0.04104772520231832,1551.941742669262,0.0012994231677551254
2023-01-28 16:00:00,-7.35868886998503e-05,967.259301895752,-0.04111829151663229,1555.135301417463,-0.0021313695105581137
2023-01-28 20:00:00,-0.0009573328570581241,966.333312784752,-0.04203626048219546,1547.6875648129512,0.0038317916633122673
2023-01-29 00:00:00,0.002268593516006945,968.5255302724371,-0.03986303015415553,1556.1095491052322,-0.0031730631101474704
2023-01-29 04:00:00,-2.0513254626708388e-05,968.5056626616222,-0.039882725688294464,1557.325409529225,-0.0008018595452475694
2023-01-29 08:00:00,0.0023694994855276708,970.8005363310295,-0.037607728300766634,1576.7664399272112,-0.010114102386648132
2023-01-29 12:00:00,-0.0009538407493052681,969.8745472200296,-0.0385256972663298,1580.0512982915263,-0.0030371285978636
2023-01-29 16:00:00,0.0037449594429184163,973.5066880640876,-0.03492501499718385,1615.7932224322997,-0.018875777098623172
2023-01-29 20:00:00,-0.001948586966165733,971.6097256202507,-0.03680554753433293,1608.8632401088935,0.002340317224789097
2023-01-30 00:00:00,-0.0034930673949453706,968.2158273670748,-0.040170050671233054,1594.4617628520332,0.0054582697341728804
2023-01-30 04:00:00,-0.0024515248055868577,965.8422222491226,-0.04252309760115766,1587.1196730676913,0.0021532201656621697
2023-01-30 08:00:00,-0.013772524115020612,952.5401369518916,-0.0557099713290209,1537.9343655428581,0.017217771298408784
2023-01-30 12:00:00,-0.00039753441177248217,952.1614694688587,-0.0560853591101112,1551.6164466049356,-0.009293935564267688
2023-01-30 16:00:00,0.0,952.1614694688587,-0.0560853591101112,1523.774304388065,0.01794395920318559
2023-01-30 20:00:00,0.0,952.1614694688587,-0.0560853591101112,1524.0622767207155,-0.00018898621129207323
2023-01-31 00:00:00,0.0,952.1614694688587,-0.0560853591101112,1526.1875018562137,-0.001394447699388568
2023-01-31 04:00:00,0.0,952.1614694688587,-0.0560853591101112,1535.2492928904078,-0.005937534557957583
2023-01-31 08:00:00,0.0,952.1614694688587,-0.0560853591101112,1525.9989581328434,0.006025298171705258
2023-01-31 12:00:00,0.0,952.1614694688587,-0.0560853591101112,1556.2460118314846,-0.019821149639348525
2023-01-31 16:00:00,0.0,952.1614694688587,-0.0560853591101112,1563.5237615476299,-0.004676477665366211
2023-01-31 20:00:00,0.0,952.1614694688587,-0.0560853591101112,1550.620908394575,0.008252418972055262
2023-02-01 00:00:00,0.0,952.1614694688587,-0.0560853591101112,1546.0752840086138,0.002931486581505866
2023-02-01 04:00:00,0.0,952.1614694688587,-0.0560853591101112,1528.723294855476,0.011223249820117433
2023-02-01 08:00:00,0.0,952.1614694688587,-0.0560853591101112,1530.1542820633838,-0.0009360668557371847
2023-02-01 12:00:00,0.0,952.1614694688587,-0.0560853591101112,1510.6453359897023,0.012749659496671142
2023-02-01 16:00:00,0.0,952.1614694688587,-0.0560853591101112,1563.3950840375867,-0.03491868461191478
2023-02-01 20:00:00,0.0,952.1614694688587,-0.0560853591101112,1598.9287877841284,-0.022728550261763156
2023-02-02 00:00:00,0.0,952.1614694688587,-0.0560853591101112,1632.1732352497586,-0.020791699867823206
2023-02-02 04:00:00,-0.0071701736325513465,945.3343064065418,-0.06285339097959901,1619.925570000154,0.000333726679679046
2023-02-02 08:00:00,0.0066619947105346355,951.6321185555091,-0.05661012522730965,1629.4313482704767,0.0007939607425778549
2023-02-02 12:00:00,0.001026743593609547,952.6092007367091,-0.055641505717110636,1631.7980734757277,-0.0004257417828153556
2023-02-02 16:00:00,-0.0021298123340925956,950.58032191141,-0.057652812086039416,1628.803570557298,-0.0002947182945146937
2023-02-02 20:00:00,-0.018896490503697017,932.6176898854098,-0.07545986677364111,1597.1269596691177,0.0005512878906873062
2023-02-03 00:00:00,-0.0019058662158674133,930.840245337937,-0.07722191657877077,1597.1285664418263,-0.001906872255305154
2023-02-03 04:00:00,-0.0021390225779668315,928.8491570366789,-0.07919575973366176,1594.7053259934785,-0.0006217743743695628
2023-02-03 08:00:00,0.0063182321555024235,934.7178416482794,-0.07337790477388793,1609.0349151712965,-0.002667496395250943
2023-02-03 12:00:00,0.004690120007840193,939.1017804990793,-0.0690319359453611,1619.5787681664144,-0.0018627850259177138
2023-02-03 16:00:00,-0.0021101459786513344,937.1201386534149,-0.07099641446197878,1604.4472857260694,0.007232704605563198
2023-02-03 20:00:00,0.002205284807740515,939.1867554582149,-0.06894769696845537,1615.0158824070545,-0.004381779021036124
2023-02-04 00:00:00,-0.003536244954899126,935.8655610325177,-0.07224012597779787,1602.9737506567003,0.003920110045403491
2023-02-04 04:00:00,0.0009473017444558973,936.75210811106,-0.07136125743070043,1604.6799683981374,-0.00011710604184641702
2023-02-04 08:00:00,0.00045579932187878036,937.1790790867055,-0.070937984521567,1607.547204196891,-0.0013309967092426061
2023-02-04 12:00:00,0.004912925553232528,941.7833701323055,-0.06637357200518529,1617.1329516002704,-0.001050039253246109
2023-02-04 16:00:00,-0.00039422217619788924,941.412098242625,-0.06674162824738526,1617.082894438439,-0.0003632679112551353
2023-02-04 20:00:00,-0.0043952842315541085,937.2743244918249,-0.0708435640527154,1603.286364188697,0.004136455419636096
2023-02-05 00:00:00,-0.00233887046949266,935.0821612524574,-0.07301674060229152,1597.771922569252,0.0011005909658545277
2023-02-05 04:00:00,0.003410549327795609,938.2713050889506,-0.06985521847007485,1605.0541754884027,-0.0011472056410365573
2023-02-05 08:00:00,-0.001992279773038841,936.4020061461991,-0.07170832710431455,1600.4639445966422,0.0008675806365723293
2023-02-05 12:00:00,-0.007756530997933275,929.1387749589992,-0.07890865024025333,1569.7875490948404,0.011410658369480377
2023-02-05 16:00:00,-0.004570217002752508,924.8924091317649,-0.08311823758801361,1554.3809160522765,0.005244253147331171
2023-02-05 20:00:00,-0.00020409073089144858,924.7036471639892,-0.08330536465704534,1562.9338426268055,-0.005706555722710457
2023-02-06 00:00:00,0.0,924.7036471639892,-0.08330536465704534,1558.131888371687,0.003072397643554714
2023-02-06 04:00:00,0.0,924.7036471639892,-0.08330536465704534,1560.873420672578,-0.0017594995143549452
2023-02-06 08:00:00,0.0,924.7036471639892,-0.08330536465704534,1560.1200657186,0.00048264961399202555
2023-02-06 12:00:00,0.0,924.7036471639892,-0.08330536465704534,1573.438984780581,-0.008537111568939342
2023-02-06 16:00:00,0.0,924.7036471639892,-0.08330536465704534,1571.3560774623131,0.0013237928756152848
2023-02-06 20:00:00,0.0,924.7036471639892,-0.08330536465704534,1534.3333830636052,0.02356098336317152
2023-02-07 00:00:00,0.0,924.7036471639892,-0.08330536465704534,1550.9715825613534,-0.01084392719431466
2023-02-07 04:00:00,0.0,924.7036471639892,-0.08330536465704534,1555.096137015745,-0.002659335929018141
2023-02-07 08:00:00,0.0,924.7036471639892,-0.08330536465704534,1562.9108596123783,-0.005025234395881238
2023-02-07 12:00:00,0.0,924.7036471639892,-0.08330536465704534,1551.9973778154356,0.006982792223767282
2023-02-07 16:00:00,0.0,924.7036471639892,-0.08330536465704534,1571.0051769282293,-0.012247313935251818
2023-02-07 20:00:00,0.0,924.7036471639892,-0.08330536465704534,1593.711257627866,-0.014453218253573073
2023-02-08 00:00:00,0.0,924.7036471639892,-0.08330536465704534,1592.8155427351921,0.0005620308499338922
2023-02-08 04:00:00,0.0,924.7036471639892,-0.08330536465704534,1590.6157845710622,0.001381050162501943
2023-02-08 08:00:00,0.0,924.7036471639892,-0.08330536465704534,1588.0310366008418,0.0016249983153017178
2023-02-08 12:00:00,0.0,924.7036471639892,-0.08330536465704534,1563.019450465585,0.015750061276380234
2023-02-08 16:00:00,0.0,924.7036471639892,-0.08330536465704534,1559.5324646219924,0.0022309292712600704
2023-02-08 20:00:00,0.0,924.7036471639892,-0.08330536465704534,1565.1766800610333,-0.003619171493431526
2023-02-09 00:00:00,0.0,924.7036471639892,-0.08330536465704534,1522.5555434917399,0.027230878860034755
2023-02-09 04:00:00,0.0,924.7036471639892,-0.08330536465704534,1540.436489485697,-0.011744035263862853
2023-02-09 08:00:00,0.0,924.7036471639892,-0.08330536465704534,1540.0023411887953,0.000281834596794428
2023-02-09 12:00:00,0.0,924.7036471639892,-0.08330536465704534,1539.7195536964286,0.00018362796263574462
2023-02-09 16:00:00,0.0,924.7036471639892,-0.08330536465704534,1486.565415417953,0.0345219609316953
2023-02-09 20:00:00,0.0,924.7036471639892,-0.08330536465704534,1446.4754030670233,0.026968212723863485
2023-02-10 00:00:00,0.0,924.7036471639892,-0.08330536465704534,1451.0043765031803,-0.0031310407536512424
2023-02-10 04:00:00,0.0,924.7036471639892,-0.08330536465704534,1462.816753799319,-0.008140828165250413
2023-02-10 08:00:00,0.0,924.7036471639892,-0.08330536465704534,1446.507410058289,0.011149273276143632
2023-02-10 12:00:00,0.0,924.7036471639892,-0.08330536465704534,1442.2884707307028,0.0029166385863285444
2023-02-10 16:00:00,0.0,924.7036471639892,-0.08330536465704534,1455.9508049400297,-0.009472677960467182
2023-02-10 20:00:00,0.0,924.7036471639892,-0.08330536465704534,1432.9681947822476,0.015785293074328015
2023-02-11 00:00:00,0.0,924.7036471639892,-0.08330536465704534,1442.4726706120573,-0.006632719319533845
2023-02-11 04:00:00,0.0,924.7036471639892,-0.08330536465704534,1439.7596035215045,0.0018808447091073685
2023-02-11 08:00:00,0.0,924.7036471639892,-0.08330536465704534,1440.485318645701,-0.0005040529838602639
2023-02-11 12:00:00,0.0,924.7036471639892,-0.08330536465704534,1446.6349748630853,-0.00426915577533693
2023-02-11 16:00:00,0.0,924.7036471639892,-0.08330536465704534,1440.616183075283,0.00416054629701739
2023-02-11 20:00:00,0.0,924.7036471639892,-0.08330536465704534,1458.1296212538155,-0.012156907845604272
2023-02-12 00:00:00,0.0,924.7036471639892,-0.08330536465704534,1448.7874177229062,0.006406977400868009
2023-02-12 04:00:00,0.0,924.7036471639892,-0.08330536465704534,1451.408855054931,-0.0018094009514145113
2023-02-12 08:00:00,0.0,924.7036471639892,-0.08330536465704534,1460.748092466321,-0.0064346013729096475
2023-02-12 12:00:00,0.0,924.7036471639892,-0.08330536465704534,1469.291909458072,-0.005848932499597456
2023-02-12 16:00:00,0.0,924.7036471639892,-0.08330536465704534,1484.789054252089,-0.01054735597076333
2023-02-12 20:00:00,0.0,924.7036471639892,-0.08330536465704534,1452.6227226107733,0.021663906767899994
2023-02-13 00:00:00,0.0,924.7036471639892,-0.08330536465704534,1441.2807572075715,0.007807922337065731
2023-02-13 04:00:00,0.0,924.7036471639892,-0.08330536465704534,1447.7389293015399,-0.004480856392255673
2023-02-13 08:00:00,0.0,924.7036471639892,-0.08330536465704534,1405.5120890682554,0.02916744129665478
2023-02-13 12:00:00,0.0,924.7036471639892,-0.08330536465704534,1399.6848637434073,0.004145980223273092
2023-02-13 16:00:00,0.0,924.7036471639892,-0.08330536465704534,1409.1098282369742,-0.006733633218237627
2023-02-13 20:00:00,0.0,924.7036471639892,-0.08330536465704534,1425.2058542667462,-0.01142283284611713
2023-02-14 00:00:00,0.0,924.7036471639892,-0.08330536465704534,1415.6617271928658,0.006696665639779347
2023-02-14 04:00:00,0.0,924.7036471639892,-0.08330536465704534,1427.1083927410407,-0.008085734980539914
2023-02-14 08:00:00,0.0,924.7036471639892,-0.08330536465704534,1432.2904121044667,-0.003631132288047773
2023-02-14 12:00:00,0.0,924.7036471639892,-0.08330536465704534,1464.4677552414448,-0.022465655613584774
2023-02-14 16:00:00,0.0,924.7036471639892,-0.08330536465704534,1478.7268324460142,-0.009736695911217412
2023-02-14 20:00:00,0.0,924.7036471639892,-0.08330536465704534,1475.5007886736794,0.0021816360544418345
2023-02-15 00:00:00,0.0,924.7036471639892,-0.08330536465704534,1469.2269511742968,0.004252005520798042
2023-02-15 04:00:00,0.0,924.7036471639892,-0.08330536465704534,1467.8360456743867,0.0009466920674158377
2023-02-15 08:00:00,0.0,924.7036471639892,-0.08330536465704534,1493.0619841911484,-0.017185801228346342
2023-02-15 12:00:00,0.0,924.7036471639892,-0.08330536465704534,1504.8549327894657,-0.007898499006192423
2023-02-15 16:00:00,0.0,924.7036471639892,-0.08330536465704534,1540.106449688963,-0.023425192775328365
2023-02-15 20:00:00,0.0,924.7036471639892,-0.08330536465704534,1595.5315714939127,-0.03598785123985637
2023-02-16 00:00:00,0.002026606812326026,926.5776578747145,-0.08144758506423654,1601.0222864592383,-0.0014147008141877399
2023-02-16 04:00:00,-0.005500711716961315,921.4808212953685,-0.0865002770957168,1591.4747302888175,0.0004627006922036502
2023-02-16 08:00:00,-0.0019987774255900703,919.6389862316491,-0.08832615972014066,1584.8324193593264,0.002174905513306188
2023-02-16 12:00:00,0.00932928302075009,928.21855861112,-0.07982089644155564,1612.3947112997466,-0.008062014383149827
2023-02-16 16:00:00,-0.0030458100931540777,925.3913811566493,-0.08262358724268339,1595.1518227429835,0.00764815239377546
2023-02-16 20:00:00,-0.013041329556058523,913.3230471866493,-0.09458739536840632,1515.742828788222,0.0367401350183992
2023-02-17 00:00:00,-0.00023938669527823198,913.1044098006619,-0.09480413909969233,1543.465522507106,-0.018529226628776225
2023-02-17 04:00:00,0.0,913.1044098006619,-0.09480413909969233,1534.3382271226235,0.005913507785814834
2023-02-17 08:00:00,0.0,913.1044098006619,-0.09480413909969233,1542.0414384524288,-0.005020543185091058
2023-02-17 12:00:00,0.0,913.1044098006619,-0.09480413909969233,1552.5937789972331,-0.006843097910127811
2023-02-17 16:00:00,0.0,913.1044098006619,-0.09480413909969233,1580.9933098514812,-0.01829166858609375
2023-02-17 20:00:00,0.0,913.1044098006619,-0.09480413909969233,1572.8027221313034,0.0051806593166084935
2023-02-18 00:00:00,0.0,913.1044098006619,-0.09480413909969233,1580.0014729761474,-0.004577020845366343
2023-02-18 04:00:00,0.0,913.1044098006619,-0.09480413909969233,1575.6752192724282,0.002738132702857578
2023-02-18 08:00:00,0.0,913.1044098006619,-0.09480413909969233,1569.822758446848,0.0037142558022094097
2023-02-18 12:00:00,0.0,913.1044098006619,-0.09480413909969233,1582.9020632389233,-0.008331707972571196
2023-02-18 16:00:00,0.0,913.1044098006619,-0.09480413909969233,1577.1617944678483,0.003626420676544887
2023-02-18 20:00:00,0.0,913.1044098006619,-0.09480413909969233,1580.7873290830164,-0.0022987715197548197
2023-02-19 00:00:00,0.0,913.1044098006619,-0.09480413909969233,1575.6475841942056,0.0032513828990469334
2023-02-19 04:00:00,0.0,913.1044098006619,-0.09480413909969233,1575.874140177815,-0.00014378594927062189
2023-02-19 08:00:00,0.0,913.1044098006619,-0.09480413909969233,1585.481056456023,-0.0060962459077626985
2023-02-19 12:00:00,0.0,913.1044098006619,-0.09480413909969233,1614.3644500023654,-0.018217432134386202
2023-02-19 16:00:00,-0.005157588629603471,908.3949928790332,-0.09947276697943584,1583.237939422478,0.014123380162692545
2023-02-19 20:00:00,-0.000138611607191641,908.2690787891054,-0.09959759050652471,1580.4854343275717,0.0015999174075375575
2023-02-20 00:00:00,0.0,908.2690787891054,-0.09959759050652471,1598.95160860669,-0.011683862361550121
2023-02-20 04:00:00,0.0020191596593515104,910.1030190728327,-0.09777953428409258,1620.900379105533,-0.011707816429667848
2023-02-20 08:00:00,0.0013362311966846896,911.3191271191148,-0.09657395915151554,1630.6299624587136,-0.00466634828235151
2023-02-20 12:00:00,0.0028741095430313557,913.9383581191148,-0.09397741374608992,1638.779643653602,-0.0021237632929370165
2023-02-20 16:00:00,-0.002714111770044214,911.4578272642489,-0.09643646031136753,1632.9221242222884,0.00086020614023598
2023-02-20 20:00:00,-0.0017996548945368174,909.8175177242489,-0.09806256285809316,1626.0236875167907,0.0024249413695277234
2023-02-21 00:00:00,-0.0035999652049519826,906.5422063175859,-0.10130950624884755,1618.722610469459,0.0008901766689844203
2023-02-21 04:00:00,0.0013042484656813347,907.7245625992509,-0.10013739055125022,1626.1981947188624,-0.0033139512190906795
2023-02-21 08:00:00,-0.012247571311231664,896.60714128786,-0.11115852203078479,1587.6062068854744,0.011483845903912875
2023-02-21 12:00:00,-0.00015571558001958863,896.4675255868046,-0.11129692849707228,1592.477560834538,-0.003224079717131393
2023-02-21 16:00:00,0.0,896.4675255868046,-0.11129692849707228,1603.5442154690454,-0.006949331599189217
2023-02-21 20:00:00,0.0,896.4675255868046,-0.11129692849707228,1593.7353144455765,0.006117013131814167
2023-02-22 00:00:00,0.0,896.4675255868046,-0.11129692849707228,1583.891246186938,0.006176727195169929
2023-02-22 04:00:00,0.0,896.4675255868046,-0.11129692849707228,1568.5442661489556,0.009689415277045477
2023-02-22 08:00:00,0.0,896.4675255868046,-0.11129692849707228,1561.1539043548298,0.004711605501749887
2023-02-22 12:00:00,0.0,896.4675255868046,-0.11129692849707228,1540.0384866083696,0.013525519609283181
2023-02-22 16:00:00,0.0,896.4675255868046,-0.11129692849707228,1552.5260309462112,-0.00810859238027414
2023-02-22 20:00:00,0.0,896.4675255868046,-0.11129692849707228,1575.0034741533918,-0.014477981534056106
2023-02-23 00:00:00,0.0,896.4675255868046,-0.11129692849707228,1587.8153799403578,-0.008134525413572624
2023-02-23 04:00:00,0.0,896.4675255868046,-0.11129692849707228,1589.5184780226946,-0.0010726046011727394
2023-02-23 08:00:00,0.0,896.4675255868046,-0.11129692849707228,1552.6803012370606,0.02317568326192681
2023-02-23 12:00:00,0.0,896.4675255868046,-0.11129692849707228,1559.117199224402,-0.004145668610732607
2023-02-23 16:00:00,0.0,896.4675255868046,-0.11129692849707228,1559.900720426953,-0.0005025415683572731
2023-02-23 20:00:00,0.0,896.4675255868046,-0.11129692849707228,1553.9866226127785,0.003791329625487862
2023-02-24 00:00:00,0.0,896.4675255868046,-0.11129692849707228,1552.2023190998648,0.0011482103429653373
2023-02-24 04:00:00,0.0,896.4675255868046,-0.11129692849707228,1553.8032718963598,-0.0010314072958113993
2023-02-24 08:00:00,0.0,896.4675255868046,-0.11129692849707228,1552.140940216181,0.0010698469428178806
2023-02-24 12:00:00,0.0,896.4675255868046,-0.11129692849707228,1511.0334646869965,0.026484370371326622
2023-02-24 16:00:00,0.0,896.4675255868046,-0.11129692849707228,1499.6491451104373,0.007534128027348208
2023-02-24 20:00:00,0.0,896.4675255868046,-0.11129692849707228,1498.8887001002824,0.0005070819482237818
2023-02-25 00:00:00,0.0,896.4675255868046,-0.11129692849707228,1490.1978570181948,0.005798191074164619
2023-02-25 04:00:00,0.0,896.4675255868046,-0.11129692849707228,1494.6782545752253,-0.0030065789827368817
2023-02-25 08:00:00,0.0,896.4675255868046,-0.11129692849707228,1487.7083669052138,0.004663135794393544
2023-02-25 12:00:00,0.0,896.4675255868046,-0.11129692849707228,1483.9734651682206,0.00251050664234869
2023-02-25 16:00:00,0.0,896.4675255868046,-0.11129692849707228,1470.04702365326,0.009384562353600983
2023-02-25 20:00:00,0.0,896.4675255868046,-0.11129692849707228,1482.7064658451716,-0.008611589961558672
2023-02-26 00:00:00,0.0,896.4675255868046,-0.11129692849707228,1488.8865111478594,-0.0041680841387341195
2023-02-26 04:00:00,0.0,896.4675255868046,-0.11129692849707228,1489.1273963863616,-0.00016178885139888393
2023-02-26 08:00:00,0.0,896.4675255868046,-0.11129692849707228,1493.5036857379996,-0.002938828042689904
2023-02-26 12:00:00,0.0,896.4675255868046,-0.11129692849707228,1493.5430866480046,-2.6381528469740117e-05
2023-02-26 16:00:00,0.0,896.4675255868046,-0.11129692849707228,1514.8457243954133,-0.014263155805714753
2023-02-26 20:00:00,0.0,896.4675255868046,-0.11129692849707228,1515.2591192292407,-0.0002728956666476926
2023-02-27 00:00:00,0.0,896.4675255868046,-0.11129692849707228,1508.4061492166684,0.004522639016393604
2023-02-27 04:00:00,0.0,896.4675255868046,-0.11129692849707228,1498.2950110932961,0.00670319338635883
2023-02-27 08:00:00,0.0,896.4675255868046,-0.11129692849707228,1497.746342287602,0.00036619544324185363
2023-02-27 12:00:00,0.0,896.4675255868046,-0.11129692849707228,1507.9303220333836,-0.006799535714590561
2023-02-27 16:00:00,0.0,896.4675255868046,-0.11129692849707228,1487.7852109632925,0.013359444250001129
2023-02-27 20:00:00,0.0,896.4675255868046,-0.11129692849707228,1497.3589098438138,-0.006434866276377856
2023-02-28 00:00:00,0.0,896.4675255868046,-0.11129692849707228,1494.9117984451086,0.0016342851287140445
2023-02-28 04:00:00,0.0,896.4675255868046,-0.11129692849707228,1473.9642770533155,0.014012546702475108
2023-02-28 08:00:00,0.0,896.4675255868046,-0.11129692849707228,1482.8967499879343,-0.006060169214193024
2023-02-28 12:00:00,0.0,896.4675255868046,-0.11129692849707228,1492.1598840010404,-0.006246647997024394
2023-02-28 16:00:00,0.0,896.4675255868046,-0.11129692849707228,1474.9319674634007,0.011545623711210611
2023-02-28 20:00:00,0.0,896.4675255868046,-0.11129692849707228,1461.7922884062014,0.008908667889134676
2023-03-01 00:00:00,0.0,896.4675255868046,-0.11129692849707228,1483.9485710687313,-0.015156929502403374
2023-03-01 04:00:00,0.0,896.4675255868046,-0.11129692849707228,1496.4862831178248,-0.008448885826322083
2023-03-01 08:00:00,0.0,896.4675255868046,-0.11129692849707228,1499.848431684562,-0.0022466952117545158
2023-03-01 12:00:00,0.0,896.4675255868046,-0.11129692849707228,1499.154618348,0.0004625889669282219
2023-03-01 16:00:00,0.0,896.4675255868046,-0.11129692849707228,1478.374871364385,0.013860976532569695
2023-03-01 20:00:00,0.0,896.4675255868046,-0.11129692849707228,1498.2041643906769,-0.013412899130240115
2023-03-02 00:00:00,0.0,896.4675255868046,-0.11129692849707228,1478.4268336614793,0.01320069133384156
2023-03-02 04:00:00,0.0,896.4675255868046,-0.11129692849707228,1474.3289038828368,0.0027718177763952356
2023-03-02 08:00:00,0.0,896.4675255868046,-0.11129692849707228,1473.3572792269479,0.0006590284252924183
2023-03-02 12:00:00,0.0,896.4675255868046,-0.11129692849707228,1463.8530111567668,0.006450755837829091
2023-03-02 16:00:00,0.0,896.4675255868046,-0.11129692849707228,1477.472964542026,-0.009304181008239678
2023-03-02 20:00:00,0.0,896.4675255868046,-0.11129692849707228,1474.7292552977176,0.0018570283925018391
2023-03-03 00:00:00,0.0,896.4675255868046,-0.11129692849707228,1401.3884461097148,0.049731711040883066
2023-03-03 04:00:00,0.0,896.4675255868046,-0.11129692849707228,1411.6179300398792,-0.007299534942336435
2023-03-03 08:00:00,0.0,896.4675255868046,-0.11129692849707228,1414.6270907025832,-0.0021317104286279038
2023-03-03 12:00:00,0.0,896.4675255868046,-0.11129692849707228,1414.3403430249068,0.0002027019555620616
2023-03-03 16:00:00,0.0,896.4675255868046,-0.11129692849707228,1420.205731114748,-0.004147083917083627
2023-03-03 20:00:00,0.0,896.4675255868046,-0.11129692849707228,1428.5475715101938,-0.005873684504074043
2023-03-04 00:00:00,0.0,896.4675255868046,-0.11129692849707228,1426.4104491132612,0.0014960106611454954
2023-03-04 04:00:00,0.0,896.4675255868046,-0.11129692849707228,1425.3859424179122,0.0007182411598189363
2023-03-04 08:00:00,0.0,896.4675255868046,-0.11129692849707228,1425.56996639992,-0.00012910467020307452
2023-03-04 12:00:00,0.0,896.4675255868046,-0.11129692849707228,1417.5381818003748,0.005634086568075435
2023-03-04 16:00:00,0.0,896.4675255868046,-0.11129692849707228,1406.1885416873258,0.008006585119727691
2023-03-04 20:00:00,0.0,896.4675255868046,-0.11129692849707228,1411.014101095378,-0.0034316588885454
2023-03-05 00:00:00,0.0,896.4675255868046,-0.11129692849707228,1420.3041868181547,-0.006583977945765865
2023-03-05 04:00:00,0.0,896.4675255868046,-0.11129692849707228,1419.1869908491908,0.0007865892245707075
2023-03-05 08:00:00,0.0,896.4675255868046,-0.11129692849707228,1416.1248328624183,0.002157684650801509
2023-03-05 12:00:00,0.0,896.4675255868046,-0.11129692849707228,1418.6484453487294,-0.0017820551040052615
2023-03-05 16:00:00,0.0,896.4675255868046,-0.11129692849707228,1412.312775911717,0.004465989764966006
2023-03-05 20:00:00,0.0,896.4675255868046,-0.11129692849707228,1407.420008200697,0.0034643655389021066
2023-03-06 00:00:00,0.0,896.4675255868046,-0.11129692849707228,1402.5412493991469,0.003466455481038157
2023-03-06 04:00:00,0.0,896.4675255868046,-0.11129692849707228,1396.9229939533705,0.00400576842084553
2023-03-06 08:00:00,0.0,896.4675255868046,-0.11129692849707228,1394.5350613271748,0.001709423237023103
2023-03-06 12:00:00,0.0,896.4675255868046,-0.11129692849707228,1415.1342184431116,-0.01477134400359405
2023-03-06 16:00:00,0.0,896.4675255868046,-0.11129692849707228,1406.9678394151385,0.005770745220872064
2023-03-06 20:00:00,0.0,896.4675255868046,-0.11129692849707228,1405.8245811523313,0.0008125688667357046
2023-03-07 00:00:00,0.0,896.4675255868046,-0.11129692849707228,1410.6187417823892,-0.003410212550223065
2023-03-07 04:00:00,0.0,896.4675255868046,-0.11129692849707228,1406.5431039215455,0.0028892554310557977
2023-03-07 08:00:00,0.0,896.4675255868046,-0.11129692849707228,1394.238466527644,0.008748140998733158
2023-03-07 12:00:00,0.0,896.4675255868046,-0.11129692849707228,1401.3140686061215,-0.005074886576683884
2023-03-07 16:00:00,0.0,896.4675255868046,-0.11129692849707228,1395.3589598138674,0.004249660319315745
2023-03-07 20:00:00,0.0,896.4675255868046,-0.11129692849707228,1402.3360918116819,-0.005000241657347518
2023-03-08 00:00:00,0.0,896.4675255868046,-0.11129692849707228,1397.1993956444574,0.0036629565460219527
2023-03-08 04:00:00,0.0,896.4675255868046,-0.11129692849707228,1375.4491262677118,0.01556704751272334
2023-03-08 08:00:00,0.0,896.4675255868046,-0.11129692849707228,1388.3197916351007,-0.00935742741886322
2023-03-08 12:00:00,0.00787304863365823,903.5254580142448,-0.10430012599424829,1396.0014337488847,0.0023399991445798773
2023-03-08 16:00:00,-0.0009457208001786288,902.6709751951098,-0.10514720799581291,1377.9717652655843,0.011969501238585867
2023-03-08 20:00:00,-0.0057316297575444874,897.4971993724098,-0.11027617288708588,1357.4714788575645,0.009145515714350247
2023-03-09 00:00:00,-0.00025987896690293777,897.2639587274386,-0.11050739339610488,1366.976320103057,-0.007261750750973065
2023-03-09 04:00:00,0.0,897.2639587274386,-0.11050739339610488,1362.7666512454045,0.0030795477549567796
2023-03-09 08:00:00,0.0,897.2639587274386,-0.11050739339610488,1367.2798344038385,-0.0033117798665747316
2023-03-09 12:00:00,0.0,897.2639587274386,-0.11050739339610488,1365.3462567518145,0.0014141784317819317
2023-03-09 16:00:00,0.0,897.2639587274386,-0.11050739339610488,1319.7096546054695,0.03342492933251632
2023-03-09 20:00:00,0.0,897.2639587274386,-0.11050739339610488,1292.570624645625,0.020564394497786465
2023-03-10 00:00:00,0.0,897.2639587274386,-0.11050739339610488,1286.1015462768419,0.005004816174401865
2023-03-10 04:00:00,0.0,897.2639587274386,-0.11050739339610488,1277.463390108132,0.006716542868420193
2023-03-10 08:00:00,0.0,897.2639587274386,-0.11050739339610488,1258.7849776397877,0.014621485525908648
2023-03-10 12:00:00,0.0,897.2639587274386,-0.11050739339610488,1294.1919245719118,-0.028127875340959254
2023-03-10 16:00:00,0.0,897.2639587274386,-0.11050739339610488,1296.6495668313303,-0.001898978206212622
2023-03-10 20:00:00,0.0,897.2639587274386,-0.11050739339610488,1305.9555573272685,-0.007176951069886727
2023-03-11 00:00:00,0.0,897.2639587274386,-0.11050739339610488,1312.3246645235274,-0.004876970859018884
2023-03-11 04:00:00,0.0,897.2639587274386,-0.11050739339610488,1270.9875060754778,0.03149918580784888
2023-03-11 08:00:00,0.0,897.2639587274386,-0.11050739339610488,1279.9219754138296,-0.007029549303705791
2023-03-11 12:00:00,0.0,897.2639587274386,-0.11050739339610488,1270.080899224487,0.007688809457436456
2023-03-11 16:00:00,0.0,897.2639587274386,-0.11050739339610488,1286.5247907546213,-0.012947121352801278
2023-03-11 20:00:00,0.0,897.2639587274386,-0.11050739339610488,1300.3181347360282,-0.010721397737944909
2023-03-12 00:00:00,0.0,897.2639587274386,-0.11050739339610488,1295.9938427979548,0.003325564584970924
2023-03-12 04:00:00,0.0,897.2639587274386,-0.11050739339610488,1288.8071901006176,0.005545283056146084
2023-03-12 08:00:00,0.0,897.2639587274386,-0.11050739339610488,1298.6656553829002,-0.00764929413647421
2023-03-12 12:00:00,0.0,897.2639587274386,-0.11050739339610488,1283.415357101999,0.011743051968525906
2023-03-12 16:00:00,0.0,897.2639587274386,-0.11050739339610488,1316.4306188302332,-0.025724533796123415
2023-03-12 20:00:00,0.0,897.2639587274386,-0.11050739339610488,1398.1551674087063,-0.06208040698042457
2023-03-13 00:00:00,0.0,897.2639587274386,-0.11050739339610488,1393.514853495686,0.0033188833551431873
2023-03-13 04:00:00,0.0,897.2639587274386,-0.11050739339610488,1415.129672559089,-0.015511007298688722
2023-03-13 08:00:00,-0.006864491792560212,891.104697646994,-0.11661330809368033,1384.465830347361,0.014804082336251776
2023-03-13 12:00:00,0.010024779045142873,900.037825346994,-0.10775755169589972,1460.4352846072336,-0.04484797591538366
2023-03-13 16:00:00,0.0016264324678068043,901.5016760883926,-0.10630637960882251,1457.6122831199577,0.0035594188294963175
2023-03-13 20:00:00,-0.0016511901325116929,900.0131254163928,-0.10778203769630103,1457.2114352184153,-0.0013761870290220596
2023-03-14 00:00:00,0.0035577757271167965,903.2151702680857,-0.10460772628671938,1458.7922393873573,0.002472961176025325
2023-03-14 04:00:00,-0.00491340509728222,898.7773082465478,-0.10900715124844934,1444.1301972084034,0.0051374039097026
2023-03-14 08:00:00,0.007447575871005752,905.4710204408523,-0.10237141440684866,1454.2294944114176,0.00045423328836548434
2023-03-14 12:00:00,0.034087380493936115,936.3361556408522,-0.0717736072675012,1542.6012500834497,-0.02668140188301571
2023-03-14 16:00:00,-0.015031576832468252,922.2615467763188,-0.08572631360778457,1496.4523550111646,0.01488470585548396
2023-03-14 20:00:00,-0.003610781487789483,918.9314618563188,-0.0890275561093826,1478.8879605293637,0.008126574815592345
2023-03-15 00:00:00,0.0018356588528161133,920.6183065294067,-0.08735532147808318,1484.8772210616296,-0.0022141817653482344
2023-03-15 04:00:00,0.002968726827174528,923.3513707935886,-0.08464592873727708,1491.1635974881003,-0.0012648733232648746
2023-03-15 08:00:00,-0.006869806953504698,917.0081251259827,-0.09093423450095653,1464.3765958483766,0.011094017864139216
2023-03-15 12:00:00,-0.009645966090850888,908.1626958459827,-0.09970305204931369,1419.288917504154,0.02114370814462225
2023-03-15 16:00:00,0.00029824369101971726,908.4335496404383,-0.09943454416454307,1414.1806232829324,0.0038974363277131585
2023-03-15 20:00:00,-7.989046307643743e-05,908.3609744634833,-0.09950649075584042,1412.3887931618788,0.001187154277569166
2023-03-16 00:00:00,0.0,908.3609744634833,-0.09950649075584042,1416.4013773901916,-0.0028409912679426513
2023-03-16 04:00:00,0.0,908.3609744634833,-0.09950649075584042,1435.976170513332,-0.013820089019687374
2023-03-16 08:00:00,-0.003820690138064964,904.8904086465476,-0.10294699742600111,1436.4531107977205,-0.0041528267669188445
2023-03-16 12:00:00,0.007313222172282918,911.5080732465476,-0.09638664951786405,1443.5034796671475,0.0024050432582412495
2023-03-16 16:00:00,-0.00017116065248434786,911.352058929986,-0.0965413125685261,1452.7557666185985,-0.006580765535171697
2023-03-16 20:00:00,-0.0003790820708280407,911.0065817042334,-0.0968837975586652,1448.2924662650732,0.002693217111238742
2023-03-17 00:00:00,0.001184352061147198,912.0855342269936,-0.09581419002284834,1474.3646121844986,-0.016817637541589096
2023-03-17 04:00:00,-0.0010422799017701934,911.1348858059735,-0.0967566047200533,1479.9050512710496,-0.004800128564688192
2023-03-17 08:00:00,0.0029299924997148175,913.8045041876135,-0.09411010834646612,1523.300126902989,-0.026392885744851213
2023-03-17 12:00:00,-0.0053247734505343924,908.9387022247365,-0.09893376679065034,1487.9487759950935,0.01788230851811761
2023-03-17 16:00:00,0.0050342658608595325,913.5145413029605,-0.09439755981443115,1512.4991917107702,-0.011465237422953516
2023-03-17 20:00:00,0.005662528012550183,918.6873429829604,-0.0892695606286466,1556.2893648283728,-0.023289668033301396
2023-03-18 00:00:00,0.004311785534839574,922.6485257794747,-0.08534268629402704,1579.796442683137,-0.010792782025677397
2023-03-18 04:00:00,-0.0035695886780489072,919.3550500480337,-0.08860763668532652,1571.9166944108524,0.0014182363729439785
2023-03-18 08:00:00,0.0011363712929781666,920.3997787349629,-0.08757195656701613,1577.5158503999025,-0.0024256215333329383
2023-03-18 12:00:00,-0.017067822616810502,904.6905585749629,-0.10314511656293376,1544.4727044517927,0.0038784936688440255
2023-03-18 16:00:00,0.0031309172822424625,907.5230698798869,-0.10033713810871707,1548.8341987998265,0.0003069798080079628
2023-03-18 20:00:00,-0.012519954402139044,896.1609224261015,-0.1116008761168938,1519.9320565891653,0.00614062413690462
2023-03-19 00:00:00,0.010962025399729347,905.9846612199814,-0.1018622223557898,1543.7884817992244,-0.004733692778354653
2023-03-19 04:00:00,-0.004537494337441994,901.8737609498864,-0.10593751743609311,1537.345481399783,-0.000363994874657928
2023-03-19 08:00:00,0.00546744092729301,906.8047024617555,-0.10104928362736605,1556.9372237414586,-0.007276436476136914
2023-03-19 12:00:00,0.006236047524509125,912.4595796817554,-0.09544338423787477,1568.2593479414681,-0.001036001744633126
2023-03-19 16:00:00,0.009590118675838921,921.2101753378095,-0.0867685789437008,1585.0321281613587,-0.0011050385007511342
2023-03-19 20:00:00,-0.01035576825505835,911.6703362478095,-0.09622579190339742,1560.7630008090075,0.004955673652749277
2023-03-20 00:00:00,-0.011526537412279714,901.1619340093835,-0.10664317912527639,1535.319207880529,0.004775612827884825
2023-03-20 04:00:00,0.021535348500941964,920.5687703140584,-0.08740442865204565,1573.3821384554346,-0.0032561934660544044
2023-03-20 08:00:00,-0.0018927064249483205,918.8264038878782,-0.08913170415331528,1572.3169916439474,-0.0012157273329313886
2023-03-20 12:00:00,-0.0050277654167066865,914.2067602704537,-0.09371133627034782,1559.091771873426,0.0033835281333895375
2023-03-20 16:00:00,-0.009214313899963855,905.7829722118528,-0.10206216450193162,1535.4641660216266,0.005940410329905046
2023-03-20 20:00:00,-0.0005256834469083982,905.3068170968695,-0.10253419555840572,1526.2878877731127,0.005450540845117646
2023-03-21 00:00:00,0.00230015640199821,907.3891643679874,-0.10046988384274501,1543.0845002582378,-0.00870472191727594
2023-03-21 04:00:00,-0.004865042205485115,902.9746777865373,-0.10484613582295493,1524.7091930781185,0.007043124312320095
2023-03-21 08:00:00,0.0063666099750310234,908.7235653773334,-0.09914704030209787,1556.1097417923008,-0.014227840990920258
2023-03-21 12:00:00,-2.7733358335280123e-05,908.6983634210671,-0.09917202398003654,1601.1722918506405,-0.028986198721091334
2023-03-21 16:00:00,0.02303461975915555,929.6298846982384,-0.078421794084007,1628.0149279408688,0.006270255157764866
2023-03-21 20:00:00,-0.0002933330412280277,929.3571935369433,-0.07869212342187784,1631.9440751716174,-0.002706792010991967
2023-03-22 00:00:00,0.0015487553337878435,930.7965404474278,-0.0772652429339667,1625.8298222093595,0.005295362252051818
2023-03-22 04:00:00,0.00037686235628164866,931.1473226248796,-0.0769174989391958,1624.9425925114792,0.000922571191093402
2023-03-22 08:00:00,-0.001937578943172813,929.3431511795699,-0.07870604415606255,1608.8689710602441,0.007954229866141551
2023-03-22 12:00:00,0.006658516613100129,935.5311979909699,-0.07257159304552696,1623.1624353584743,-0.00222565267311005
2023-03-22 16:00:00,-0.02481118192128917,912.3195632445743,-0.09558218796944583,1526.9950652632597,0.03443573508487996
2023-03-22 20:00:00,-0.00027696817659006445,912.066879758675,-0.09583268292171951,1555.8537111282928,-0.0191759459935603
2023-03-23 00:00:00,0.0,912.066879758675,-0.09583268292171951,1550.9625783765186,0.0031436970691976246
2023-03-23 04:00:00,0.0,912.066879758675,-0.09583268292171951,1590.8748712980935,-0.025733885187193613
2023-03-23 08:00:00,0.0,912.066879758675,-0.09583268292171951,1598.722081822793,-0.004932638428248172
2023-03-23 12:00:00,0.0,912.066879758675,-0.09583268292171951,1635.7709943759603,-0.02317407945659073
2023-03-23 16:00:00,0.0,912.066879758675,-0.09583268292171951,1621.1282583707439,0.008951580664751133
2023-03-23 20:00:00,0.0,912.066879758675,-0.09583268292171951,1618.2922004044399,0.0017494346617301806
2023-03-24 00:00:00,0.0,912.066879758675,-0.09583268292171951,1604.818677624903,0.008325766370355996
2023-03-24 04:00:00,0.0,912.066879758675,-0.09583268292171951,1603.601955170795,0.0007581681787931981
2023-03-24 08:00:00,0.0,912.066879758675,-0.09583268292171951,1588.276178889808,0.009557095033196334
2023-03-24 12:00:00,0.0,912.066879758675,-0.09583268292171951,1574.2816842127395,0.00881112168215654
2023-03-24 16:00:00,0.0,912.066879758675,-0.09583268292171951,1567.5556928953642,0.0042724192149506
2023-03-24 20:00:00,0.0,912.066879758675,-0.09583268292171951,1557.9854548407409,0.006105198110662775
2023-03-25 00:00:00,0.0,912.066879758675,-0.09583268292171951,1565.277643767095,-0.004680524393663018
2023-03-25 04:00:00,0.0,912.066879758675,-0.09583268292171951,1568.098746835562,-0.0018023020259061598
2023-03-25 08:00:00,0.0,912.066879758675,-0.09583268292171951,1566.8336045277626,0.0008068001523197881
2023-03-25 12:00:00,0.0,912.066879758675,-0.09583268292171951,1578.5435394227006,-0.007473630167938053
2023-03-25 16:00:00,0.0,912.066879758675,-0.09583268292171951,1543.317935948191,0.022315256180638583
2023-03-25 20:00:00,0.0,912.066879758675,-0.09583268292171951,1557.7243815443896,-0.009334723105740224
2023-03-26 00:00:00,0.0,912.066879758675,-0.09583268292171951,1569.2587835266022,-0.007404648806213546
2023-03-26 04:00:00,0.0,912.066879758675,-0.09583268292171951,1575.2075446820938,-0.0037908095324614382
2023-03-26 08:00:00,0.0,912.066879758675,-0.09583268292171951,1587.670368854465,-0.007911861655593164
2023-03-26 12:00:00,0.0,912.066879758675,-0.09583268292171951,1578.2435116403915,0.005937540561946271
2023-03-26 16:00:00,0.0,912.066879758675,-0.09583268292171951,1580.4623825077235,-0.0014059116042401002
2023-03-26 20:00:00,0.0,912.066879758675,-0.09583268292171951,1584.328128264769,-0.002445958726908654
2023-03-27 00:00:00,0.0,912.066879758675,-0.09583268292171951,1577.4569426215285,0.004336971313364302
2023-03-27 04:00:00,0.0,912.066879758675,-0.09583268292171951,1570.1222722584791,0.00464968023207032
2023-03-27 08:00:00,0.0,912.066879758675,-0.09583268292171951,1588.6616925859148,-0.01180762839620659
2023-03-27 12:00:00,0.0,912.066879758675,-0.09583268292171951,1533.3416952225837,0.034821760744595705
2023-03-27 16:00:00,0.0,912.066879758675,-0.09583268292171951,1528.5800205150194,0.0031054230915391772
2023-03-27 20:00:00,0.0,912.066879758675,-0.09583268292171951,1546.6043234490035,-0.011791533771265073
2023-03-28 00:00:00,0.0,912.066879758675,-0.09583268292171951,1537.0978519568064,0.0061466732945612635
2023-03-28 04:00:00,0.0,912.066879758675,-0.09583268292171951,1549.7745848236832,-0.008247186638598627
2023-03-28 08:00:00,0.0,912.066879758675,-0.09583268292171951,1566.5660953564454,-0.010834808298700174
2023-03-28 12:00:00,9.989991233405604e-05,912.1579951600056,-0.09574235668600814,1571.9781428544452,-0.0033548202645176583
2023-03-28 16:00:00,0.007306930714741311,918.8230704315372,-0.08913500873803747,1603.3194964921506,-0.012630594358472962
2023-03-28 20:00:00,-0.0018668683981719614,917.1077486778372,-0.09083547380522561,1596.5236285292904,0.002371755268370349
2023-03-29 00:00:00,0.00690604221560176,923.4413335064618,-0.084556745206397,1616.5767866701929,-0.00565447225631702
2023-03-29 04:00:00,0.007281593563757793,930.1654579770303,-0.07789085949430644,1652.2624103278222,-0.014793215348434093
2023-03-29 08:00:00,0.004025633531652639,933.9099632346476,-0.07417878601844335,1667.738306791959,-0.005340854725540214
2023-03-29 12:00:00,-0.01160980939044054,923.06744657366,-0.08492739384239549,1653.007139519574,-0.002776788518765569
2023-03-29 16:00:00,0.003821586829393153,926.5950289701276,-0.08143036442276505,1658.5676313956849,0.00045772242543963776
2023-03-29 20:00:00,-0.006611787745515074,920.4685793125277,-0.08750375188267687,1644.8590827525368,0.0016535059836363698
2023-03-30 00:00:00,-0.00043246326549917224,920.0705104649288,-0.08789837298989345,1639.0971374812027,0.0030705391082310263
2023-03-30 04:00:00,-0.000268622449614897,919.8233588705893,-0.08814338396323859,1646.903748780619,-0.005031373308549858
2023-03-30 08:00:00,0.0,919.8233588705893,-0.08814338396323859,1651.3955977333078,-0.002727450803372365
2023-03-30 12:00:00,0.0,919.8233588705893,-0.08814338396323859,1631.4925232387668,0.012052275373544427
2023-03-30 16:00:00,0.0,919.8233588705893,-0.08814338396323859,1630.1242253637452,0.0008386786059584159
2023-03-30 20:00:00,0.0,919.8233588705893,-0.08814338396323859,1629.5756880714882,0.0003365003008494817
2023-03-31 00:00:00,0.0,919.8233588705893,-0.08814338396323859,1635.9254660678646,-0.003896583658468059
2023-03-31 04:00:00,0.0,919.8233588705893,-0.08814338396323859,1629.00481666479,0.00423041852860752
2023-03-31 08:00:00,0.0,919.8233588705893,-0.08814338396323859,1634.8104908347348,-0.0035639392287564026
2023-03-31 12:00:00,0.0073129471627362275,926.5499784930606,-0.08147502471017021,1664.1958460073147,-0.010661830548395295
2023-03-31 16:00:00,-0.002594042019432252,924.1464689157456,-0.08385771709196999,1667.0185315920028,-0.004290167863911549
2023-03-31 20:00:00,-0.0017757906216158137,922.5053782832456,-0.0854845939660238,1667.061527870194,-0.0018015829432824918
2023-04-01 00:00:00,-0.0004245492065264589,922.113729356879,-0.08587285075601175,1663.7292259464891,0.001574358373064823
2023-04-01 04:00:00,-0.004098552080239792,918.3343982132058,-0.08961944848514934,1645.5237641879035,0.006844010852877305
2023-04-01 08:00:00,-0.0006565892147764041,917.7314297517808,-0.09021719453661622,1647.0116521944763,-0.001560792507949097
2023-04-01 12:00:00,-0.0001574547866743936,917.5869285452848,-0.09036044419417054,1646.2924195006472,0.00027923471268092345
2023-04-01 16:00:00,0.0,917.5869285452848,-0.09036044419417054,1644.679732126559,0.0009795874384074255
2023-04-01 20:00:00,0.0,917.5869285452848,-0.09036044419417054,1649.2334349871603,-0.0027687474780962373
2023-04-02 00:00:00,0.0,917.5869285452848,-0.09036044419417054,1646.4315803403172,0.0016988830006740801
2023-04-02 04:00:00,0.0,917.5869285452848,-0.09036044419417054,1648.4764938927724,-0.0012420276535466718
2023-04-02 08:00:00,0.0,917.5869285452848,-0.09036044419417054,1643.0630907207105,0.0032838825376749125
2023-04-02 12:00:00,0.0,917.5869285452848,-0.09036044419417054,1629.3763303185526,0.008330027300506217
2023-04-02 16:00:00,0.0,917.5869285452848,-0.09036044419417054,1616.332048039646,0.008005690297683674
2023-04-02 20:00:00,0.0,917.5869285452848,-0.09036044419417054,1626.7044461453024,-0.006417244599113604
2023-04-03 00:00:00,0.0,917.5869285452848,-0.09036044419417054,1603.9876583793894,0.013964914044308266
2023-04-03 04:00:00,0.0,917.5869285452848,-0.09036044419417054,1624.6203151921177,-0.012863351351203629
2023-04-03 08:00:00,0.0,917.5869285452848,-0.09036044419417054,1634.342582053745,-0.005984331705514664
2023-04-03 12:00:00,0.0,917.5869285452848,-0.09036044419417054,1618.697430091322,0.00957274939429328
2023-04-03 16:00:00,0.0,917.5869285452848,-0.09036044419417054,1634.102115016943,-0.009516716737328457
2023-04-03 20:00:00,0.0,917.5869285452848,-0.09036044419417054,1613.0354095890673,0.012891914914177151
2023-04-04 00:00:00,0.0,917.5869285452848,-0.09036044419417054,1614.4227905645853,-0.000860105715764511
2023-04-04 04:00:00,0.0,917.5869285452848,-0.09036044419417054,1618.826929460876,-0.0027279959884304
2023-04-04 08:00:00,0.0,917.5869285452848,-0.09036044419417054,1642.9232753834724,-0.014885066145162875
2023-04-04 12:00:00,-0.000763476989623757,916.8863720393609,-0.09105493306387982,1634.2223495714695,0.004532525533666184
2023-04-04 16:00:00,0.0011591532995653964,917.9491839028369,-0.09000132639041712,1644.268974107785,-0.004988495176145191
2023-04-04 20:00:00,0.00029080111914803197,918.2161245528368,-0.08973669775770826,1642.2256189823527,0.0015335145423219629
2023-04-05 00:00:00,0.008382414157406926,925.9129923948478,-0.08210649376602454,1667.2046456030232,-0.006828057736308426
2023-04-05 04:00:00,0.000316607393695989,926.2061432941591,-0.08181588189532542,1676.4303964187843,-0.0052170568988625056
2023-04-05 08:00:00,0.002292681918427464,928.3296393716261,-0.07971077776995958,1677.2357201886518,0.0018123018372812208
2023-04-05 12:00:00,-0.010494694154755901,918.587103731626,-0.08936893169118201,1648.7695822940602,0.006477361443600799
2023-04-05 16:00:00,0.003469512042070022,921.774152749713,-0.08620948623380158,1658.2374169120703,-0.002272851669441911
2023-04-05 20:00:00,-0.0003020821464265744,921.4957012351299,-0.08648552603358428,1657.8727222796765,-8.215306469540527e-05
2023-04-06 00:00:00,-0.0019977840142589853,919.654751853994,-0.08831053064646861,1651.0226588120854,0.002134055164669072
2023-04-06 04:00:00,-0.003973168071026434,916.0008089575599,-0.09193282613679511,1634.9748291551207,0.005746764948252056
2023-04-06 08:00:00,-0.002155876063519302,914.026024739364,-0.09389050642099446,1635.8096589664826,-0.0026664831973266206
2023-04-06 12:00:00,-0.0002634262690741629,913.7852462738301,-0.09412919946426071,1648.5588538233972,-0.008057239434946708
2023-04-06 16:00:00,0.0,913.7852462738301,-0.09412919946426071,1644.8225516240434,0.0022664051032744237
2023-04-06 20:00:00,0.0,913.7852462738301,-0.09412919946426071,1639.751166437266,0.003083241521567296
2023-04-07 00:00:00,0.0,913.7852462738301,-0.09412919946426071,1637.8794233216727,0.001141479972025326
2023-04-07 04:00:00,0.0,913.7852462738301,-0.09412919946426071,1625.1423755772425,0.007776547872247559
2023-04-07 08:00:00,0.0,913.7852462738301,-0.09412919946426071,1623.7507473910725,0.0008563115497346294
2023-04-07 12:00:00,0.0,913.7852462738301,-0.09412919946426071,1634.7456361606464,-0.006771290967680603
2023-04-07 16:00:00,0.0,913.7852462738301,-0.09412919946426071,1633.1358986805274,0.0009847021117608426
2023-04-07 20:00:00,0.0,913.7852462738301,-0.09412919946426071,1634.1629101762355,-0.0006288585637838232
2023-04-08 00:00:00,0.0,913.7852462738301,-0.09412919946426071,1638.2124705709784,-0.002478064071535026
2023-04-08 04:00:00,0.0,913.7852462738301,-0.09412919946426071,1643.3166628208387,-0.0031157083354891946
2023-04-08 08:00:00,0.0,913.7852462738301,-0.09412919946426071,1640.8140329314651,0.0015229139617423432
2023-04-08 12:00:00,0.0,913.7852462738301,-0.09412919946426071,1638.4066616286902,0.001467181078695304
2023-04-08 16:00:00,0.0,913.7852462738301,-0.09412919946426071,1627.0872803489717,0.006908773959980193
2023-04-08 20:00:00,0.0,913.7852462738301,-0.09412919946426071,1623.674582959343,0.0020974273665864207
2023-04-09 00:00:00,0.0,913.7852462738301,-0.09412919946426071,1628.7739689620782,-0.003140645333894814
2023-04-09 04:00:00,0.0,913.7852462738301,-0.09412919946426071,1618.5105270526542,0.006301329776263679
2023-04-09 08:00:00,0.0,913.7852462738301,-0.09412919946426071,1623.7043668975803,-0.0032090244444588872
2023-04-09 12:00:00,0.0,913.7852462738301,-0.09412919946426071,1621.795094335695,0.0011758745008080274
2023-04-09 16:00:00,0.0,913.7852462738301,-0.09412919946426071,1634.1601251591915,-0.00762428673430022
2023-04-09 20:00:00,0.0,913.7852462738301,-0.09412919946426071,1636.5864992311242,-0.0014847835500186551
2023-04-10 00:00:00,0.0,913.7852462738301,-0.09412919946426071,1633.9135241590739,0.0016332623257652803
2023-04-10 04:00:00,0.0,913.7852462738301,-0.09412919946426071,1634.4667073606195,-0.0003385633286990026
2023-04-10 08:00:00,0.0,913.7852462738301,-0.09412919946426071,1634.4535127721683,8.07271778112208e-06
2023-04-10 12:00:00,0.0,913.7852462738301,-0.09412919946426071,1635.26797423131,-0.0004983081212022496
2023-04-10 16:00:00,0.0,913.7852462738301,-0.09412919946426071,1660.063683447759,-0.015163086177422791
2023-04-10 20:00:00,0.00910183341485582,922.1023673623675,-0.0858841143424023,1680.7745437577596,-0.0033741098375057142
2023-04-11 00:00:00,-0.0004922245234049161,921.648485964062,-0.08633406459855698,1699.7578606073064,-0.01178661074554821
2023-04-11 04:00:00,0.00640595862695581,927.5525280337444,-0.08048115841751641,1730.1643683166478,-0.011482770358522871
2023-04-11 08:00:00,-0.004556555632237003,923.3260833379366,-0.08467099717407708,1722.0886937390926,0.0001110208856012207
2023-04-11 12:00:00,0.013677882579594902,935.9552290885101,-0.07215123455172641,1733.6578162383987,0.006959806709654396
2023-04-11 16:00:00,-0.005078699066974002,931.2017941398088,-0.07686349921110155,1721.344125591443,0.002024023587761532
2023-04-11 20:00:00,0.00035551056744820286,931.5328462180523,-0.0765353144298739,1714.3208928246388,0.004435596973407737
2023-04-12 00:00:00,-0.005967484667234957,925.9739382412204,-0.08204607578174657,1684.315591312788,0.01153524871100196
2023-04-12 04:00:00,0.0007316154892029747,926.6513951170359,-0.08137448647241384,1705.4891168726638,-0.011839381103764812
2023-04-12 08:00:00,-0.0019484087279629803,924.8458994510108,-0.08316434444070044,1700.2561058519805,0.0011199257274799868
2023-04-12 12:00:00,0.0004945409935552814,925.3032736610108,-0.08271093162467326,1712.9315883835138,-0.006960502095486852
2023-04-12 16:00:00,0.0026694456846672043,927.7733204918936,-0.08026227827950638,1711.6550964350963,0.003414654633509159
2023-04-12 20:00:00,-0.0009650391213290588,926.8779829418936,-0.0811498611623287,1720.4262919437185,-0.0060894333564119095
2023-04-13 00:00:00,0.002120843701304498,928.8437462738937,-0.07920112363293214,1728.2239874881734,-0.0024115768859472074
2023-04-13 04:00:00,0.0013664950219633987,930.1130066293588,-0.07794285655214704,1727.7855992062077,0.001620159063858151
2023-04-13 08:00:00,0.001899221949767771,931.8794976673137,-0.07619166538637079,1750.9663229612934,-0.011517213379786664
2023-04-13 12:00:00,0.005373975458593083,936.8873952181439,-0.0712271420677134,1762.502901456774,-0.0012147169361126043
2023-04-13 16:00:00,0.0038107424595479333,940.457631794917,-0.06768782790271506,1771.678976611051,-0.001395532745271647
2023-04-13 20:00:00,-0.0005428034588033093,939.9471481395208,-0.06819389017441387,1770.69612386946,1.1954346965183256e-05
2023-04-14 00:00:00,0.034589691040478154,972.4596295880453,-0.035963004725917,1813.96265826625,0.010154931279305383
2023-04-14 04:00:00,-0.0042173519018059435,968.3584251197727,-0.040028687981347406,1812.3002181226564,-0.0033008831222431445
2023-04-14 08:00:00,0.006371681612435953,974.5284966913558,-0.03391205642409214,1824.564863256203,-0.00039576508922112286
2023-04-14 12:00:00,-0.031705399502735765,943.6306813769559,-0.06454226062994277,1768.453196876019,-0.0009519483592976205
2023-04-14 16:00:00,0.006963940829935122,950.2020696073763,-0.05802778828406486,1796.120439851746,-0.008680941954976134
2023-04-14 20:00:00,-0.00010652311120218361,950.1008511266509,-0.05812813009472289,1806.8032023262567,-0.00605421026930421
2023-04-15 00:00:00,0.0,950.1008511266509,-0.05812813009472289,1797.0841045793172,0.005379167877512121
2023-04-15 04:00:00,0.0,950.1008511266509,-0.05812813009472289,1807.8911033561526,-0.006013629940466915
2023-04-15 08:00:00,0.00474905037550033,954.6129279304572,-0.053655133137275955,1819.5505968818277,-0.0017001729787329122
2023-04-15 12:00:00,-0.003386255722944931,951.3803644400555,-0.05685969885856942,1814.8674712479385,-0.0008124742398058255
2023-04-15 16:00:00,-0.0042364746687578725,947.3498656257516,-0.060855288853439715,1805.5031870592175,0.0009232873177643496
2023-04-15 20:00:00,0.0006769802053820939,947.9912027323517,-0.060219506474004154,1805.005097090481,0.0009528534202878675
2023-04-16 00:00:00,-0.0006835175141057803,947.3432341420659,-0.0608618629007442,1804.0084974238257,-0.00013138629394379307
2023-04-16 04:00:00,0.0036136490502209906,950.7666001203565,-0.057468147263589224,1812.5828856794749,-0.0011393153997211513
2023-04-16 08:00:00,-0.007478226478604966,943.6565521563633,-0.0645166139216512,1799.4168048292734,-0.000214514041385362
2023-04-16 12:00:00,0.0033809025458568787,946.8469629959634,-0.061353835760052,1817.6483339713727,-0.006751007466970231
2023-04-16 16:00:00,0.004610562473296165,951.2124600715069,-0.05702614897950399,1827.3454902355654,-0.0007244388484422782
2023-04-16 20:00:00,0.011633522159884224,962.2784113045069,-0.04605604178746559,1848.8950458882782,-0.00015929740700285425
2023-04-17 00:00:00,-0.0026840615487563335,959.6955968215261,-0.04861648608537229,1847.1958274022948,-0.0017650161493096839
2023-04-17 04:00:00,-0.012462528538269124,947.7353630580866,-0.060473130278372145,1830.3810924649563,-0.003359684818128761
2023-04-17 08:00:00,-0.004076455160889614,943.8719623461909,-0.06430306943524329,1822.3011128914154,0.0003379149431303541
2023-04-17 12:00:00,-0.0032754538420260992,940.7803533007434,-0.06736790154143361,1810.3904934931982,0.0032605787126151397
2023-04-17 16:00:00,-0.0009726859742447136,939.8652694462428,-0.06827505970273466,1818.7794861546677,-0.00560648884253239
2023-04-17 20:00:00,-0.0015360709635016123,938.4215696962428,-0.06970625532949552,1811.4424390558272,0.0024979788785453993
2023-04-18 00:00:00,0.0035682850937599486,941.7701253950528,-0.06638670202756962,1816.1139562231872,0.0009893915740769271
2023-04-18 04:00:00,0.006109924612968776,947.5242698639628,-0.060682395159292836,1845.686445179172,-0.010173463802527039
2023-04-18 08:00:00,-0.00012336523732714433,947.4073783075378,-0.06079827429853958,1862.3883525076963,-0.009172522732170538
2023-04-18 12:00:00,-0.003250864274987997,944.3274855075377,-0.06385149163562956,1843.4731854606348,0.006905538937903894
2023-04-18 16:00:00,-0.0018559275252197915,942.5748821343627,-0.06558891541999642,1835.7034516232754,0.002358798188524612
2023-04-18 20:00:00,0.0025527587204017266,944.9810483843628,-0.06320358937539484,1853.6333582157397,-0.007214563216378922
2023-04-19 00:00:00,-0.0013455144114571382,943.7095627652078,-0.06446406244649153,1838.5650977384817,0.006783526000160347
2023-04-19 04:00:00,-0.003692674334043966,940.2247506839929,-0.06791869199167114,1820.477480806027,0.006145224228646828
2023-04-19 08:00:00,-0.011689708829095702,929.2337971145879,-0.07881445108733115,1747.3895716562638,0.028457950189132365
2023-04-19 12:00:00,-0.0001418689793408756,929.1019676642222,-0.07894513874093893,1749.9134428823902,-0.0015862356317835216
2023-04-19 16:00:00,0.0,929.1019676642222,-0.07894513874093893,1738.0689275294178,0.006768629272006991
2023-04-19 20:00:00,0.0,929.1019676642222,-0.07894513874093893,1714.8374359676945,0.013366265971249855
2023-04-20 00:00:00,0.0,929.1019676642222,-0.07894513874093893,1723.880928646321,-0.005273673462536329
2023-04-20 04:00:00,0.0,929.1019676642222,-0.07894513874093893,1720.7353032274864,0.0018247347404119723
2023-04-20 08:00:00,0.0,929.1019676642222,-0.07894513874093893,1704.4729543870587,0.009450813736386565
2023-04-20 12:00:00,0.0,929.1019676642222,-0.07894513874093893,1696.7502029806915,0.004530873538644199
2023-04-20 16:00:00,0.0,929.1019676642222,-0.07894513874093893,1666.794059246017,0.017655011139559838
2023-04-20 20:00:00,0.0,929.1019676642222,-0.07894513874093893,1677.1498938884204,-0.0062130258894056755
2023-04-21 00:00:00,0.0,929.1019676642222,-0.07894513874093893,1684.7483172797906,-0.004530557118990324
2023-04-21 04:00:00,0.0,929.1019676642222,-0.07894513874093893,1683.6087542216123,0.0006763995823531836
2023-04-21 08:00:00,0.0,929.1019676642222,-0.07894513874093893,1666.386065259082,0.010229626639410532
2023-04-21 12:00:00,0.0,929.1019676642222,-0.07894513874093893,1658.1586495979163,0.004937280641438105
2023-04-21 16:00:00,0.0,929.1019676642222,-0.07894513874093893,1601.6081225633645,0.03410441277634373
2023-04-21 20:00:00,0.0,929.1019676642222,-0.07894513874093893,1607.1376671461437,-0.0034524953419499444
2023-04-22 00:00:00,0.0,929.1019676642222,-0.07894513874093893,1616.5427838532687,-0.0058520915161088816
2023-04-22 04:00:00,0.0,929.1019676642222,-0.07894513874093893,1611.1775390152125,0.00331896247451448
2023-04-22 08:00:00,0.0,929.1019676642222,-0.07894513874093893,1621.8653445837303,-0.0066335368447664345
2023-04-22 12:00:00,0.0,929.1019676642222,-0.07894513874093893,1643.210528072956,-0.013160885125580033
2023-04-22 16:00:00,0.0,929.1019676642222,-0.07894513874093893,1645.6517920608558,-0.0014856672022194475
2023-04-22 20:00:00,0.0,929.1019676642222,-0.07894513874093893,1651.8785425375906,-0.003783759423940428
2023-04-23 00:00:00,0.0,929.1019676642222,-0.07894513874093893,1639.3965042724885,0.007556268783495008
2023-04-23 04:00:00,0.0,929.1019676642222,-0.07894513874093893,1651.5880939639792,-0.00743663272412598
2023-04-23 08:00:00,0.0,929.1019676642222,-0.07894513874093893,1649.198570829579,0.001446803318050614
2023-04-23 12:00:00,0.0,929.1019676642222,-0.07894513874093893,1627.1096133731382,0.013393752485081076
2023-04-23 16:00:00,0.0,929.1019676642222,-0.07894513874093893,1615.5861700225157,0.007082155532676977
2023-04-23 20:00:00,0.0,929.1019676642222,-0.07894513874093893,1631.12724289198,-0.009619463918317266
2023-04-24 00:00:00,0.0,929.1019676642222,-0.07894513874093893,1643.4010703413446,-0.007524751672716283
2023-04-24 04:00:00,0.0,929.1019676642222,-0.07894513874093893,1619.443281347276,0.014578175362324816
2023-04-24 08:00:00,0.0,929.1019676642222,-0.07894513874093893,1637.0007997890536,-0.010841700134857904
2023-04-24 12:00:00,0.0,929.1019676642222,-0.07894513874093893,1619.2218093627305,0.010860709676265432
2023-04-24 16:00:00,0.0,929.1019676642222,-0.07894513874093893,1621.0135734966666,-0.0011065587948332662
2023-04-24 20:00:00,0.0,929.1019676642222,-0.07894513874093893,1623.6341238217324,-0.001616612203569044
2023-04-25 00:00:00,0.0,929.1019676642222,-0.07894513874093893,1609.7124136243433,0.008574413405786383
2023-04-25 04:00:00,0.0,929.1019676642222,-0.07894513874093893,1606.8663693921503,0.0017680451539694917
2023-04-25 08:00:00,0.0,929.1019676642222,-0.07894513874093893,1613.3935931723242,-0.0040620825132104965
2023-04-25 12:00:00,0.0,929.1019676642222,-0.07894513874093893,1609.3203789635697,0.002524625253249892
2023-04-25 16:00:00,0.0,929.1019676642222,-0.07894513874093893,1627.0850275416442,-0.011038602884973794
2023-04-25 20:00:00,0.0,929.1019676642222,-0.07894513874093893,1665.0774230439888,-0.023349975483301786
2023-04-26 00:00:00,0.0,929.1019676642222,-0.07894513874093893,1659.8957599687183,0.0031119652477166987
2023-04-26 04:00:00,0.0,929.1019676642222,-0.07894513874093893,1661.6248908544028,-0.001041710526278518
2023-04-26 08:00:00,0.0,929.1019676642222,-0.07894513874093893,1693.4319861777285,-0.01914216349212881
2023-04-26 12:00:00,0.0,929.1019676642222,-0.07894513874093893,1722.6646752996253,-0.01726239338839835
2023-04-26 16:00:00,0.0,929.1019676642222,-0.07894513874093893,1613.6720365057595,0.06326979380064701
2023-04-26 20:00:00,0.0,929.1019676642222,-0.07894513874093893,1647.7322687808407,-0.021107282957468363
2023-04-27 00:00:00,0.0,929.1019676642222,-0.07894513874093893,1665.0854806735538,-0.010531572526374664
2023-04-27 04:00:00,0.0,929.1019676642222,-0.07894513874093893,1665.6054672051341,-0.0003122881903756536
2023-04-27 08:00:00,0.0,929.1019676642222,-0.07894513874093893,1661.3655031562982,0.002545599262441578
2023-04-27 12:00:00,0.0,929.1019676642222,-0.07894513874093893,1682.3377486821337,-0.012623498854401298
2023-04-27 16:00:00,0.0,929.1019676642222,-0.07894513874093893,1698.1155680977454,-0.009378508820818667
2023-04-27 20:00:00,0.0,929.1019676642222,-0.07894513874093893,1688.6884450049342,0.005551520326364904
2023-04-28 00:00:00,0.0,929.1019676642222,-0.07894513874093893,1683.4923818588393,0.0030769815246054965
2023-04-28 04:00:00,0.0,929.1019676642222,-0.07894513874093893,1695.607581776284,-0.00719646851271608
2023-04-28 08:00:00,0.0,929.1019676642222,-0.07894513874093893,1675.2790997815393,0.011988907229023302
2023-04-28 12:00:00,0.0,929.1019676642222,-0.07894513874093893,1668.6815230710104,0.003938195558811253
2023-04-28 16:00:00,0.0,929.1019676642222,-0.07894513874093893,1689.3015431656108,-0.0123570734196492
2023-04-28 20:00:00,0.0,929.1019676642222,-0.07894513874093893,1691.802623126996,-0.001480540861105368
2023-04-29 00:00:00,0.0,929.1019676642222,-0.07894513874093893,1693.275906693831,-0.000870836554273494
2023-04-29 04:00:00,0.0,929.1019676642222,-0.07894513874093893,1691.2038878290605,0.001223674686788745
2023-04-29 08:00:00,0.0,929.1019676642222,-0.07894513874093893,1690.9081418185267,0.0001748730668502991
2023-04-29 12:00:00,0.0,929.1019676642222,-0.07894513874093893,1692.8974889081726,-0.0011764962510063695
2023-04-29 16:00:00,0.0,929.1019676642222,-0.07894513874093893,1690.9911283255544,0.0011260933370796286
2023-04-29 20:00:00,0.0,929.1019676642222,-0.07894513874093893,1687.331615175391,0.0021641232108572384
2023-04-30 00:00:00,0.0,929.1019676642222,-0.07894513874093893,1678.3483014691649,0.0053239764047759985
2023-04-30 04:00:00,0.0,929.1019676642222,-0.07894513874093893,1685.8133196070983,-0.004447836084678374
2023-04-30 08:00:00,0.0,929.1019676642222,-0.07894513874093893,1684.0460518615525,0.0010483175835611963
2023-04-30 12:00:00,0.0,929.1019676642222,-0.07894513874093893,1704.1163020508225,-0.011917874910299624
2023-04-30 16:00:00,0.0,929.1019676642222,-0.07894513874093893,1694.266271466672,0.005780139872083082
2023-04-30 20:00:00,0.0,929.1019676642222,-0.07894513874093893,1676.2576544525393,0.010629153939624223
2023-05-01 00:00:00,0.0,929.1019676642222,-0.07894513874093893,1651.7478170604663,0.01462176016137435
2023-05-01 04:00:00,0.0,929.1019676642222,-0.07894513874093893,1654.662483383922,-0.001764595232608111
2023-05-01 08:00:00,0.0,929.1019676642222,-0.07894513874093893,1651.4025627973049,0.001970142321683926
2023-05-01 12:00:00,0.0,929.1019676642222,-0.07894513874093893,1634.623084560933,0.010160743730437944
2023-05-01 16:00:00,0.0,929.1019676642222,-0.07894513874093893,1619.195888220878,0.009437769774430036
2023-05-01 20:00:00,0.0,929.1019676642222,-0.07894513874093893,1632.6212962302773,-0.008291404460117795
2023-05-02 00:00:00,0.0,929.1019676642222,-0.07894513874093893,1628.7855783680384,0.0023494229011319684
2023-05-02 04:00:00,0.0,929.1019676642222,-0.07894513874093893,1628.8014055145861,-9.717145557879598e-06
2023-05-02 08:00:00,0.0,929.1019676642222,-0.07894513874093893,1627.9722902549609,0.000509033978493667
2023-05-02 12:00:00,0.0,929.1019676642222,-0.07894513874093893,1643.303246273608,-0.009417209439262513
2023-05-02 16:00:00,0.0,929.1019676642222,-0.07894513874093893,1649.9856875202279,-0.004066468718888653
2023-05-02 20:00:00,0.0,929.1019676642222,-0.07894513874093893,1646.0045929709036,0.0024128055045783098
2023-05-03 00:00:00,0.0,929.1019676642222,-0.07894513874093893,1636.2798919104298,0.005908064352919795
2023-05-03 04:00:00,0.0,929.1019676642222,-0.07894513874093893,1631.8156845411488,0.0027282663506111543
2023-05-03 08:00:00,0.0,929.1019676642222,-0.07894513874093893,1620.7785033289163,0.006763742570188858
2023-05-03 12:00:00,0.0,929.1019676642222,-0.07894513874093893,1616.1477791112022,0.00285709873878678
2023-05-03 16:00:00,0.0,929.1019676642222,-0.07894513874093893,1626.3313518753687,-0.006301139596136889
2023-05-03 20:00:00,0.0,929.1019676642222,-0.07894513874093893,1662.5258618691146,-0.02225531098076001
2023-05-04 00:00:00,0.0,929.1019676642222,-0.07894513874093893,1661.533176331901,0.0005970947941209877
2023-05-04 04:00:00,0.0,929.1019676642222,-0.07894513874093893,1656.4054271061095,0.0030861551841605073
2023-05-04 08:00:00,0.0,929.1019676642222,-0.07894513874093893,1659.67087345355,-0.001971405245360531
2023-05-04 12:00:00,0.0,929.1019676642222,-0.07894513874093893,1642.4641730514097,0.01036753773134277
2023-05-04 16:00:00,0.0,929.1019676642222,-0.07894513874093893,1641.2310513260907,0.0007507754175412527
2023-05-04 20:00:00,0.0,929.1019676642222,-0.07894513874093893,1641.50327038745,-0.0001658627291624772
2023-05-05 00:00:00,0.0,929.1019676642222,-0.07894513874093893,1654.449909769114,-0.007887062801043518
2023-05-05 04:00:00,0.0,929.1019676642222,-0.07894513874093893,1648.4584833877968,0.0036214008933961
2023-05-05 08:00:00,0.0,929.1019676642222,-0.07894513874093893,1654.9795846328796,-0.003955878361996242
2023-05-05 12:00:00,0.0,929.1019676642222,-0.07894513874093893,1669.4794950792725,-0.008761383270845111
2023-05-05 16:00:00,0.0,929.1019676642222,-0.07894513874093893,1690.0656119066987,-0.012330859341550982
2023-05-05 20:00:00,6.29309401516398e-05,929.1604369245441,-0.07888717589258862,1688.5275937804315,0.0009729655065208334
2023-05-06 00:00:00,-0.004304470801096749,925.1608929542681,-0.08285207914847477,1674.9610085651486,0.003730094500207495
2023-05-06 04:00:00,-0.0021685170505657547,923.1546657833801,-0.08484093005273226,1668.4890612574047,0.0016954220349704335
2023-05-06 08:00:00,-0.004640500601379438,918.8707660016461,-0.08908772626718041,1663.782422861813,-0.0018196020381938366
2023-05-06 12:00:00,-0.0002525908553293599,918.6386676489245,-0.08931781437753264,1621.400517983911,0.02522063466715347
2023-05-06 16:00:00,0.0,918.6386676489245,-0.08931781437753264,1636.4153265939572,-0.009260394605471043
2023-05-06 20:00:00,0.0,918.6386676489245,-0.08931781437753264,1633.16292305484,0.0019875171579373874
2023-05-07 00:00:00,0.0,918.6386676489245,-0.08931781437753264,1630.2695588081142,0.0017716323373993775
2023-05-07 04:00:00,0.0,918.6386676489245,-0.08931781437753264,1639.9935922514828,-0.005964678289446658
2023-05-07 08:00:00,0.0,918.6386676489245,-0.08931781437753264,1637.531462341312,0.0015013045915567608
2023-05-07 12:00:00,0.0,918.6386676489245,-0.08931781437753264,1646.252332134649,-0.005325619686639709
2023-05-07 16:00:00,0.0,918.6386676489245,-0.08931781437753264,1641.2454112614955,0.0030414054853067363
2023-05-07 20:00:00,0.0,918.6386676489245,-0.08931781437753264,1614.6155737263186,0.01622538430417226
2023-05-08 00:00:00,0.0,918.6386676489245,-0.08931781437753264,1592.3475576366493,0.013791528121011254
2023-05-08 04:00:00,0.0,918.6386676489245,-0.08931781437753264,1577.8119258523975,0.009128429101135047
2023-05-08 08:00:00,0.0,918.6386676489245,-0.08931781437753264,1585.6117192460354,-0.004943424032889165
2023-05-08 12:00:00,0.0,918.6386676489245,-0.08931781437753264,1583.2864548114312,0.0014664778308462229
2023-05-08 16:00:00,0.0,918.6386676489245,-0.08931781437753264,1540.1374047229938,0.02725283852287887
2023-05-08 20:00:00,0.0,918.6386676489245,-0.08931781437753264,1558.2272931296109,-0.01174563279298489
2023-05-09 00:00:00,0.0,918.6386676489245,-0.08931781437753264,1555.1683204388285,0.001963110711941599
2023-05-09 04:00:00,0.0,918.6386676489245,-0.08931781437753264,1560.2142352151373,-0.0032446100592411486
2023-05-09 08:00:00,0.0,918.6386676489245,-0.08931781437753264,1558.7144808809435,0.0009612489748801785
2023-05-09 12:00:00,0.0,918.6386676489245,-0.08931781437753264,1545.1879285757527,0.008678017989250799
2023-05-09 16:00:00,0.0,918.6386676489245,-0.08931781437753264,1555.3966722095804,-0.006606797428994409
2023-05-09 20:00:00,0.0,918.6386676489245,-0.08931781437753264,1554.4389707226749,0.0006157281316186504
2023-05-10 00:00:00,0.0,918.6386676489245,-0.08931781437753264,1555.691479281723,-0.0008057624536174725
2023-05-10 04:00:00,0.0,918.6386676489245,-0.08931781437753264,1547.8978951911095,0.005009723453786585
2023-05-10 08:00:00,0.0,918.6386676489245,-0.08931781437753264,1550.4060394431967,-0.0016203551021545723
2023-05-10 12:00:00,0.0,918.6386676489245,-0.08931781437753264,1577.0709053875778,-0.017198633948792903
2023-05-10 16:00:00,0.0,918.6386676489245,-0.08931781437753264,1567.2373378658647,0.006235336336571743
2023-05-10 20:00:00,0.0,918.6386676489245,-0.08931781437753264,1565.391511357588,0.001177758124873656
2023-05-11 00:00:00,0.0,918.6386676489245,-0.08931781437753264,1551.3254953603007,0.008985621740779976
2023-05-11 04:00:00,0.0,918.6386676489245,-0.08931781437753264,1549.3151846684473,0.0012958664689427682
2023-05-11 08:00:00,0.0,918.6386676489245,-0.08931781437753264,1543.458643239076,0.0037800839282580634
2023-05-11 12:00:00,0.0,918.6386676489245,-0.08931781437753264,1526.299764942975,0.011117161040409686
2023-05-11 16:00:00,0.0,918.6386676489245,-0.08931781437753264,1511.4813755244188,0.00970870189389672
2023-05-11 20:00:00,0.0,918.6386676489245,-0.08931781437753264,1522.96978535329,-0.007600761752611833
2023-05-12 00:00:00,0.0,918.6386676489245,-0.08931781437753264,1504.5301172901018,0.012107704460407718
2023-05-12 04:00:00,0.0,918.6386676489245,-0.08931781437753264,1511.800559501733,-0.0048323673471731676
2023-05-12 08:00:00,0.0,918.6386676489245,-0.08931781437753264,1520.6091304605798,-0.0058265429943682445
2023-05-12 12:00:00,0.0,918.6386676489245,-0.08931781437753264,1513.8431381651033,0.004449527600447383
2023-05-12 16:00:00,0.0,918.6386676489245,-0.08931781437753264,1523.5802991199753,-0.0064320805170566975
2023-05-12 20:00:00,0.0,918.6386676489245,-0.08931781437753264,1546.7729024403136,-0.015222435820241773
2023-05-13 00:00:00,0.0,918.6386676489245,-0.08931781437753264,1544.6828597174147,0.0013512279143250705
2023-05-13 04:00:00,0.0,918.6386676489245,-0.08931781437753264,1546.4223290496202,-0.0011261012713792745
2023-05-13 08:00:00,0.0,918.6386676489245,-0.08931781437753264,1543.2348131127244,0.0020612195498074565
2023-05-13 12:00:00,0.0,918.6386676489245,-0.08931781437753264,1535.9930812678151,0.004692566408803793
2023-05-13 16:00:00,0.0,918.6386676489245,-0.08931781437753264,1536.8524461806269,-0.0005594848852458835
2023-05-13 20:00:00,0.0,918.6386676489245,-0.08931781437753264,1535.1288771967675,0.00112149282004432
2023-05-14 00:00:00,0.0,918.6386676489245,-0.08931781437753264,1541.6757689427786,-0.004264717994209339
2023-05-14 04:00:00,0.0,918.6386676489245,-0.08931781437753264,1544.5490983069064,-0.0018637702051308277
2023-05-14 08:00:00,0.0,918.6386676489245,-0.08931781437753264,1542.1880643448508,0.0015286234439836344
2023-05-14 12:00:00,0.0,918.6386676489245,-0.08931781437753264,1556.9424736523672,-0.009567191997290074
2023-05-14 16:00:00,0.0,918.6386676489245,-0.08931781437753264,1539.8845447099743,0.010956043162196925
2023-05-14 20:00:00,0.0,918.6386676489245,-0.08931781437753264,1545.0889327842917,-0.0033797261568708453
2023-05-15 00:00:00,0.0,918.6386676489245,-0.08931781437753264,1558.3340557091337,-0.008572401655206927
2023-05-15 04:00:00,0.0,918.6386676489245,-0.08931781437753264,1565.44205175807,-0.004561278772606877
2023-05-15 08:00:00,0.0,918.6386676489245,-0.08931781437753264,1559.6659814288946,0.003689737555400839
2023-05-15 12:00:00,0.0,918.6386676489245,-0.08931781437753264,1563.663454615693,-0.002563031594198049
2023-05-15 16:00:00,0.0,918.6386676489245,-0.08931781437753264,1559.8540800125038,0.002436185735456358
2023-05-15 20:00:00,0.0,918.6386676489245,-0.08931781437753264,1550.0465539397076,0.006287463807330981
2023-05-16 00:00:00,0.0,918.6386676489245,-0.08931781437753264,1542.835841296949,0.004651932952872473
2023-05-16 04:00:00,0.0,918.6386676489245,-0.08931781437753264,1551.4248356845085,-0.005567017668152723
2023-05-16 08:00:00,0.0,918.6386676489245,-0.08931781437753264,1541.1841843489658,0.006600804047992681
2023-05-16 12:00:00,0.0,918.6386676489245,-0.08931781437753264,1540.125745756099,0.0006867696954170809
2023-05-16 16:00:00,0.0,918.6386676489245,-0.08931781437753264,1533.135302440439,0.004538878292842227
2023-05-16 20:00:00,0.0,918.6386676489245,-0.08931781437753264,1551.2053637115844,-0.011786344781430147
2023-05-17 00:00:00,0.0,918.6386676489245,-0.08931781437753264,1567.183959341331,-0.01030076094600044
2023-05-17 04:00:00,0.0,918.6386676489245,-0.08931781437753264,1546.6628702841845,0.013094243936602998
2023-05-17 08:00:00,0.0,918.6386676489245,-0.08931781437753264,1536.8939080515074,0.0063161548779418885
2023-05-17 12:00:00,0.0,918.6386676489245,-0.08931781437753264,1539.1246984133675,-0.0014514927479204465
2023-05-17 16:00:00,0.0,918.6386676489245,-0.08931781437753264,1573.6546757041617,-0.02243481462313606
2023-05-17 20:00:00,0.0,918.6386676489245,-0.08931781437753264,1571.7759989038911,0.0011938304059179014
2023-05-18 00:00:00,0.0,918.6386676489245,-0.08931781437753264,1572.2596377115945,-0.00030770212042980597
2023-05-18 04:00:00,0.0,918.6386676489245,-0.08931781437753264,1569.6364725407163,0.00166840457387561
2023-05-18 08:00:00,0.0,918.6386676489245,-0.08931781437753264,1578.0860815397716,-0.005383163010590671
2023-05-18 12:00:00,-0.003302526008193918,915.6048395568813,-0.09232536598074977,1559.7796582293913,0.00829786989195783
2023-05-18 16:00:00,-0.0021886041060110717,913.6009430455435,-0.09431190641168635,1543.696750943564,0.008122408222540511
2023-05-18 20:00:00,-0.00020982877943465095,913.409243274774,-0.09450194583891246,1548.8918086012357,-0.003575164396353192
2023-05-19 00:00:00,0.0,913.409243274774,-0.09450194583891246,1550.8888241325394,-0.0012893189312603223
2023-05-19 04:00:00,0.0,913.409243274774,-0.09450194583891246,1550.5817398544818,0.00019800534588873146
2023-05-19 08:00:00,0.0,913.409243274774,-0.09450194583891246,1550.6946589144138,-7.282367451480873e-05
2023-05-19 12:00:00,0.0,913.409243274774,-0.09450194583891246,1554.2192771107036,-0.002272928571739171
2023-05-19 16:00:00,0.0,913.409243274774,-0.09450194583891246,1551.3490344876484,0.001846742390424356
2023-05-19 20:00:00,0.0,913.409243274774,-0.09450194583891246,1552.6223063617717,-0.0008207513885125481
2023-05-20 00:00:00,0.0,913.409243274774,-0.09450194583891246,1547.6313763577825,0.0032145164883559435
2023-05-20 04:00:00,0.0,913.409243274774,-0.09450194583891246,1544.2909855784508,0.0021583891554287004
2023-05-20 08:00:00,0.0,913.409243274774,-0.09450194583891246,1548.1595460563815,-0.0025050722396606773
2023-05-20 12:00:00,0.0,913.409243274774,-0.09450194583891246,1551.4176964812923,-0.0021045314310208347
2023-05-20 16:00:00,0.0,913.409243274774,-0.09450194583891246,1554.5623950179765,-0.002026983799280283
2023-05-20 20:00:00,0.0,913.409243274774,-0.09450194583891246,1554.2463746789085,0.00020328572213040058
2023-05-21 00:00:00,0.0,913.409243274774,-0.09450194583891246,1553.0793207436457,0.0007508809119815472
2023-05-21 04:00:00,0.0,913.409243274774,-0.09450194583891246,1553.5328825175866,-0.00029204031492971856
2023-05-21 08:00:00,0.0,913.409243274774,-0.09450194583891246,1541.5251882126756,0.007729282360249612
2023-05-21 12:00:00,0.0,913.409243274774,-0.09450194583891246,1534.1583781320371,0.00477890996330721
2023-05-21 16:00:00,0.0,913.409243274774,-0.09450194583891246,1534.8343197665458,-0.0004405944289350388
2023-05-21 20:00:00,0.0,913.409243274774,-0.09450194583891246,1525.5335619923094,0.006059779648171599
2023-05-22 00:00:00,0.0,913.409243274774,-0.09450194583891246,1521.6007875087057,0.002577966543369598
2023-05-22 04:00:00,0.0,913.409243274774,-0.09450194583891246,1532.537225904846,-0.007187455793872477
2023-05-22 08:00:00,0.0,913.409243274774,-0.09450194583891246,1542.6184058231918,-0.006578097907144491
2023-05-22 12:00:00,0.0,913.409243274774,-0.09450194583891246,1539.236270512955,0.0021924639933438455
2023-05-22 16:00:00,0.0,913.409243274774,-0.09450194583891246,1543.288928500995,-0.0026329018264945442
2023-05-22 20:00:00,0.0,913.409243274774,-0.09450194583891246,1541.1687011248018,0.001373836964056225
2023-05-23 00:00:00,0.0,913.409243274774,-0.09450194583891246,1569.9029433847104,-0.018644449656249482
2023-05-23 04:00:00,-0.004616140596245821,909.1928177859071,-0.09868185216654707,1559.676216654645,0.0018981007924712924
2023-05-23 08:00:00,0.00024636016582779696,909.4168066792662,-0.09845980327818331,1559.8409355275712,0.00014074922480854037
2023-05-23 12:00:00,0.0006538897737897731,910.0114650292662,-0.09787029536288658,1561.6607326161336,-0.0005127657787821521
2023-05-23 16:00:00,-0.0018716345049578642,908.3082561714102,-0.09955875244603282,1558.7945832034945,-3.6313072601974186e-05
2023-05-23 20:00:00,0.0008494154762523909,909.07978726141,-0.09879390371490446,1560.9156769447322,-0.0005113114367693969
2023-05-24 00:00:00,-0.01082913991685086,899.2352350495752,-0.10855319062549477,1532.8020852946815,0.007181821255042169
2023-05-24 04:00:00,-0.0004973546509368099,898.787996223137,-0.10899655584219993,1528.4102646273977,0.0023678689219026445
2023-05-24 08:00:00,0.0,898.787996223137,-0.10899655584219993,1529.6630056237727,-0.0008196366024016648
2023-05-24 12:00:00,0.0,898.787996223137,-0.10899655584219993,1510.2398201149017,0.012697689254079039
2023-05-24 16:00:00,0.0,898.787996223137,-0.10899655584219993,1511.5620779197295,-0.0008755283678900819
2023-05-24 20:00:00,0.0,898.787996223137,-0.10899655584219993,1514.4369767107864,-0.0019019389498139258
2023-05-25 00:00:00,0.0,898.787996223137,-0.10899655584219993,1509.3419559298843,0.0033643003038448566
2023-05-25 04:00:00,0.0,898.787996223137,-0.10899655584219993,1503.80145010644,0.003670808859236398
2023-05-25 08:00:00,0.0,898.787996223137,-0.10899655584219993,1511.2068147669813,-0.004924429790925634
2023-05-25 12:00:00,0.0,898.787996223137,-0.10899655584219993,1502.793690465562,0.005567156142501076
2023-05-25 16:00:00,0.0,898.787996223137,-0.10899655584219993,1513.0449127338088,-0.006821443511032564
2023-05-25 20:00:00,0.0,898.787996223137,-0.10899655584219993,1511.6910497666918,0.0008947936414331892
2023-05-26 00:00:00,0.0,898.787996223137,-0.10899655584219993,1515.4343147514849,-0.002476210324438249
2023-05-26 04:00:00,0.0,898.787996223137,-0.10899655584219993,1518.4787531592146,-0.0020089543823146316
2023-05-26 08:00:00,0.0,898.787996223137,-0.10899655584219993,1520.1550533383656,-0.0011039339046816801
2023-05-26 12:00:00,0.0,898.787996223137,-0.10899655584219993,1529.945186070513,-0.006440219838527288
2023-05-26 16:00:00,0.0,898.787996223137,-0.10899655584219993,1535.6800786642057,-0.0037484301044941526
2023-05-26 20:00:00,0.0,898.787996223137,-0.10899655584219993,1532.5750308355434,0.0020219366467025507
2023-05-27 00:00:00,0.0,898.787996223137,-0.10899655584219993,1541.537479084053,-0.005847967028161324
2023-05-27 04:00:00,0.0,898.787996223137,-0.10899655584219993,1539.0423462098943,0.0016186002014308817
2023-05-27 08:00:00,0.0,898.787996223137,-0.10899655584219993,1534.1376045811883,0.0031868789320738744
2023-05-27 12:00:00,0.0,898.787996223137,-0.10899655584219993,1535.6291696754884,-0.0009722498750087048
2023-05-27 16:00:00,0.0,898.787996223137,-0.10899655584219993,1538.5285875094426,-0.0018880976548308575
2023-05-27 20:00:00,0.0,898.787996223137,-0.10899655584219993,1553.9874080789373,-0.010047795468343683
2023-05-28 00:00:00,0.0,898.787996223137,-0.10899655584219993,1568.2756050324945,-0.009194538436589048
2023-05-28 04:00:00,0.0,898.787996223137,-0.10899655584219993,1567.5405682403348,0.00046869108325153785
2023-05-28 08:00:00,0.0,898.787996223137,-0.10899655584219993,1564.0696532944564,0.0022142424994936144
2023-05-28 12:00:00,0.0,898.787996223137,-0.10899655584219993,1566.084673084579,-0.0012883184491677532
2023-05-28 16:00:00,0.0,898.787996223137,-0.10899655584219993,1576.8829219578085,-0.006895060694235067
2023-05-28 20:00:00,0.009711821599424963,907.5168648981607,-0.10034328934806622,1602.3144248793865,-0.006415883614100299
2023-05-29 00:00:00,-0.004945294468424621,903.0289267661778,-0.10479235670273429,1595.3319436107322,-0.0005875472246650937
2023-05-29 04:00:00,-0.0019717837541796124,901.248348998826,-0.10655751259040527,1593.410438045119,-0.0007673287357060157
2023-05-29 08:00:00,0.0006998329205543108,901.8790722630507,-0.10593225212509402,1594.4151043107745,6.93197510232002e-05
2023-05-29 12:00:00,-0.008247656831569583,894.4406831714507,-0.11330621609374054,1581.2494204986983,9.71841310819753e-06
2023-05-29 16:00:00,0.0008021082947367031,895.1581214625726,-0.11259499165477777,1583.9626517137658,-0.0009137697823673621
2023-05-29 20:00:00,0.0021238418505253875,897.0592957437725,-0.11071028375968832,1590.3159605491715,-0.0018871800182869002
2023-05-30 00:00:00,0.00430296860989321,900.9193137345709,-0.1068836980256054,1598.717460559531,-0.000979943854531833
2023-05-30 04:00:00,-0.0033311780533149538,897.9181910888507,-0.10985882744980036,1596.907221362938,-0.002198870912590047
2023-05-30 08:00:00,0.009123532882343799,906.1103772309045,-0.10173759519211048,1614.221919766841,-0.0017191123084802553
2023-05-30 12:00:00,-0.011554777879927092,895.6404730873045,-0.1121168177575548,1598.3674422408574,-0.001733031977558348
2023-05-30 16:00:00,0.0053952158869114974,900.472646796666,-0.10732649630699884,1615.1221934031184,-0.005087199307163948
2023-05-30 20:00:00,-0.004314468999608856,896.5875854770661,-0.11117790846545447,1609.2454126209284,-0.0006758707522482072
2023-05-31 00:00:00,-0.0004477451007651734,896.1861427782619,-0.11157587420239089,1608.1460741131673,0.00023539402713872767
2023-05-31 04:00:00,-0.015263252381402137,882.507427500322,-0.12513611585616635,1580.5119851640545,0.0019205653040354244
2023-05-31 08:00:00,-0.0008014613545542781,881.8001319020734,-0.12583728544980288,1577.1192184422616,0.0013451637603706218
2023-05-31 12:00:00,0.0,881.8001319020734,-0.12583728544980288,1567.5268912098172,0.006082182703929494
2023-05-31 16:00:00,0.0,881.8001319020734,-0.12583728544980288,1578.3194529955383,-0.006885088763862449
2023-05-31 20:00:00,0.0,881.8001319020734,-0.12583728544980288,1584.5881145001447,-0.003971731763622992
2023-06-01 00:00:00,0.0,881.8001319020734,-0.12583728544980288,1565.4408810717323,0.012083413508659649
2023-06-01 04:00:00,0.0,881.8001319020734,-0.12583728544980288,1560.9596122325597,0.0028626241293153087
2023-06-01 08:00:00,0.0,881.8001319020734,-0.12583728544980288,1566.7984194496935,-0.003740524207915073
2023-06-01 12:00:00,0.0,881.8001319020734,-0.12583728544980288,1568.3616618441433,-0.000997730387677444
2023-06-01 16:00:00,0.0,881.8001319020734,-0.12583728544980288,1569.9272564840671,-0.0009982357245858736
2023-06-01 20:00:00,0.0,881.8001319020734,-0.12583728544980288,1564.2237605243527,0.003632968302294172
2023-06-02 00:00:00,0.0,881.8001319020734,-0.12583728544980288,1583.3443101305093,-0.012223666516705542
2023-06-02 04:00:00,0.0,881.8001319020734,-0.12583728544980288,1588.5187660689903,-0.0032680547783409753
2023-06-02 08:00:00,0.0,881.8001319020734,-0.12583728544980288,1596.8510768639524,-0.005245333560384416
2023-06-02 12:00:00,0.0,881.8001319020734,-0.12583728544980288,1596.668908087734,0.00011408000336270747
2023-06-02 16:00:00,0.0,881.8001319020734,-0.12583728544980288,1608.2413002592662,-0.007247834609237629
2023-06-02 20:00:00,0.0,881.8001319020734,-0.12583728544980288,1605.9225569136124,0.0014417882100652899
2023-06-03 00:00:00,0.0,881.8001319020734,-0.12583728544980288,1600.4156415486925,0.0034291288463520315
2023-06-03 04:00:00,0.0,881.8001319020734,-0.12583728544980288,1603.2197858720144,-0.0017521350395004465
2023-06-03 08:00:00,0.0,881.8001319020734,-0.12583728544980288,1601.5477436292354,0.0010429276494174436
2023-06-03 12:00:00,0.0,881.8001319020734,-0.12583728544980288,1606.1951210350842,-0.0029018038483931458
2023-06-03 16:00:00,0.0,881.8001319020734,-0.12583728544980288,1594.6969809675502,0.007158619719952987
2023-06-03 20:00:00,0.0,881.8001319020734,-0.12583728544980288,1599.0876386970144,-0.0027532865377347354
2023-06-04 00:00:00,0.0,881.8001319020734,-0.12583728544980288,1602.7356466472975,-0.0022813058284009147
2023-06-04 04:00:00,0.0,881.8001319020734,-0.12583728544980288,1612.8409027259843,-0.006305004883260436
2023-06-04 08:00:00,0.0009997872414166942,882.6817444234287,-0.12496330872087341,1614.3759004071474,4.8051903747205345e-05
2023-06-04 12:00:00,0.005111911828364901,887.1939356734285,-0.12049019830847037,1623.6491019673367,-0.0006322284043097648
2023-06-04 16:00:00,0.0032667798578867036,890.0922029525257,-0.1176170334034906,1627.851502407759,0.0006785356151312039
2023-06-04 20:00:00,-0.006898806921834755,883.9516287017257,-0.12370442312115566,1616.450566461531,0.00010486382415456508
2023-06-05 00:00:00,-0.006922713281482085,877.8322850215245,-0.12977076614971883,1599.6177708323366,0.003490717217689834
2023-06-05 04:00:00,0.0015787687266808348,879.2181791803873,-0.12839687545027254,1605.368961544745,-0.002016584374088724
2023-06-05 08:00:00,7.727302891469279e-05,879.2861190321694,-0.12832952403682715,1603.0846340017745,0.0015002029582265835
2023-06-05 12:00:00,-0.015976469667873916,865.2382310220694,-0.14225574095643395,1519.0230274109003,0.03646094056481697
2023-06-05 16:00:00,-0.00016261558014962763,865.0975298051641,-0.14239522353673836,1509.9593263073345,0.005804180801478804
2023-06-05 20:00:00,0.0,865.0975298051641,-0.14239522353673836,1512.724426612723,-0.001831241581950836
2023-06-06 00:00:00,0.0,865.0975298051641,-0.14239522353673836,1512.7425551304368,-1.1984018632052848e-05
2023-06-06 04:00:00,0.0,865.0975298051641,-0.14239522353673836,1517.3879109330462,-0.0030708171637366783
2023-06-06 08:00:00,0.0,865.0975298051641,-0.14239522353673836,1515.873798911211,0.0009978410997778678
2023-06-06 12:00:00,0.0,865.0975298051641,-0.14239522353673836,1525.0542661419236,-0.0060562213274658605
2023-06-06 16:00:00,0.0,865.0975298051641,-0.14239522353673836,1568.9149589077433,-0.02876008660123189
2023-06-06 20:00:00,0.0,865.0975298051641,-0.14239522353673836,1563.1884688136458,0.003649968445762121
2023-06-07 00:00:00,0.0,865.0975298051641,-0.14239522353673836,1549.0787973882198,0.009026212582117079
2023-06-07 04:00:00,0.0,865.0975298051641,-0.14239522353673836,1540.6300647596997,0.005454036710569464
2023-06-07 08:00:00,0.0,865.0975298051641,-0.14239522353673836,1537.5865252908154,0.001975516081700625
2023-06-07 12:00:00,0.0,865.0975298051641,-0.14239522353673836,1489.7588313694416,0.031105692677898374
2023-06-07 16:00:00,0.0,865.0975298051641,-0.14239522353673836,1489.695059443506,4.2806878934272975e-05
2023-06-07 20:00:00,0.0,865.0975298051641,-0.14239522353673836,1479.3170451492101,0.006966536022595417
2023-06-08 00:00:00,0.0,865.0975298051641,-0.14239522353673836,1474.7745744522774,0.003070653929005962
2023-06-08 04:00:00,0.0,865.0975298051641,-0.14239522353673836,1484.975209285573,-0.006916741724465896
2023-06-08 08:00:00,0.0,865.0975298051641,-0.14239522353673836,1489.3087829381282,-0.0029182801338752634
2023-06-08 12:00:00,0.0,865.0975298051641,-0.14239522353673836,1500.631405807421,-0.0076026026294934
2023-06-08 16:00:00,0.0,865.0975298051641,-0.14239522353673836,1491.6115875400403,0.006010682058548108
2023-06-08 20:00:00,0.0,865.0975298051641,-0.14239522353673836,1488.3867590627603,0.002161976015886524
2023-06-09 00:00:00,0.0,865.0975298051641,-0.14239522353673836,1481.7322407565002,0.00447096043131339
2023-06-09 04:00:00,0.0,865.0975298051641,-0.14239522353673836,1472.514417420398,0.006220977773552271
2023-06-09 08:00:00,0.0,865.0975298051641,-0.14239522353673836,1491.07544104283,-0.012604986004108516
2023-06-09 12:00:00,0.0,865.0975298051641,-0.14239522353673836,1482.0506538552124,0.006052535598940494
2023-06-09 16:00:00,0.0,865.0975298051641,-0.14239522353673836,1452.2737027173484,0.020091722951848023
2023-06-09 20:00:00,0.0,865.0975298051641,-0.14239522353673836,1453.9826062614868,-0.0011767090052933987
2023-06-10 00:00:00,0.0,865.0975298051641,-0.14239522353673836,1400.1540478209777,0.03702145968507442
2023-06-10 04:00:00,0.0,865.0975298051641,-0.14239522353673836,1283.1542609528237,0.08356208165111378
2023-06-10 08:00:00,0.0,865.0975298051641,-0.14239522353673836,1311.2099242973763,-0.02186460677278149
2023-06-10 12:00:00,0.0,865.0975298051641,-0.14239522353673836,1299.3791079861885,0.00902282395210471
2023-06-10 16:00:00,0.0,865.0975298051641,-0.14239522353673836,1330.6520206493958,-0.02406758156337834
2023-06-10 20:00:00,0.0,865.0975298051641,-0.14239522353673836,1343.0382969008447,-0.009308426289695257
2023-06-11 00:00:00,0.0,865.0975298051641,-0.14239522353673836,1332.2990279583219,0.007996249226328547
2023-06-11 04:00:00,0.0,865.0975298051641,-0.14239522353673836,1328.5774373089848,0.0027933598773543272
2023-06-11 08:00:00,0.0,865.0975298051641,-0.14239522353673836,1337.5928468789157,-0.006785761459408457
2023-06-11 12:00:00,0.0,865.0975298051641,-0.14239522353673836,1323.961948453858,0.010190618510605385
2023-06-11 16:00:00,0.0,865.0975298051641,-0.14239522353673836,1357.288579799909,-0.02517189514771959
2023-06-11 20:00:00,0.0,865.0975298051641,-0.14239522353673836,1343.0172677650066,0.010514574606533758
2023-06-12 00:00:00,0.0,865.0975298051641,-0.14239522353673836,1318.697838467989,0.018108054066563923
2023-06-12 04:00:00,0.0,865.0975298051641,-0.14239522353673836,1322.6944337026944,-0.003030713419040979
2023-06-12 08:00:00,0.0,865.0975298051641,-0.14239522353673836,1344.943464030418,-0.016820990366943973
2023-06-12 12:00:00,0.0,865.0975298051641,-0.14239522353673836,1331.9358348916692,0.009671506265228788
2023-06-12 16:00:00,0.0,865.0975298051641,-0.14239522353673836,1327.4700268352901,0.0033528702655126435
2023-06-12 20:00:00,0.0,865.0975298051641,-0.14239522353673836,1336.8395467910934,-0.0070581781632692575
2023-06-13 00:00:00,0.0,865.0975298051641,-0.14239522353673836,1347.0960323335385,-0.007672188907834355
2023-06-13 04:00:00,0.0,865.0975298051641,-0.14239522353673836,1352.8880419426282,-0.0042996263592703764
2023-06-13 08:00:00,0.0,865.0975298051641,-0.14239522353673836,1382.3491046957954,-0.0217764233549317
2023-06-13 12:00:00,-0.022337200595136886,845.7736727475487,-0.16155171345994573,1325.1255594660577,0.019058670415558768
2023-06-13 16:00:00,-0.00017149785447934107,845.6286243772975,-0.1616955055421792,1340.8252467307416,-0.012019195721698914
2023-06-13 20:00:00,0.0,845.6286243772975,-0.1616955055421792,1348.8588651709533,-0.005991547712723715
2023-06-14 00:00:00,0.0,845.6286243772975,-0.1616955055421792,1357.9693394819496,-0.006754208721341438
2023-06-14 04:00:00,0.0,845.6286243772975,-0.1616955055421792,1340.968017416869,0.012519665629244876
2023-06-14 08:00:00,0.0,845.6286243772975,-0.1616955055421792,1352.697664392713,-0.008747148942775665
2023-06-14 12:00:00,0.0,845.6286243772975,-0.1616955055421792,1345.937097483851,0.004997840305947013
2023-06-14 16:00:00,0.0,845.6286243772975,-0.1616955055421792,1338.5490349392178,0.0054891588607258734
2023-06-14 20:00:00,0.0,845.6286243772975,-0.1616955055421792,1291.1659976889282,0.035398805731790786
2023-06-15 00:00:00,0.0,845.6286243772975,-0.1616955055421792,1299.0846790269266,-0.006132969232594416
2023-06-15 04:00:00,0.0,845.6286243772975,-0.1616955055421792,1280.870315803976,0.014020920665921421
2023-06-15 08:00:00,0.0,845.6286243772975,-0.1616955055421792,1282.3440753419225,-0.0011505923119323272
2023-06-15 12:00:00,0.0,845.6286243772975,-0.1616955055421792,1276.3190403449391,0.004698454270455217
2023-06-15 16:00:00,0.0,845.6286243772975,-0.1616955055421792,1298.931522752215,-0.017716951398895002
2023-06-15 20:00:00,0.0,845.6286243772975,-0.1616955055421792,1298.6615818175103,0.0002078176793590839
2023-06-16 00:00:00,0.0,845.6286243772975,-0.1616955055421792,1302.3043650011605,-0.002805028834803967
2023-06-16 04:00:00,0.0,845.6286243772975,-0.1616955055421792,1301.5188169110431,0.0006031985388581676
2023-06-16 08:00:00,0.0,845.6286243772975,-0.1616955055421792,1281.5906212759912,0.015311492524056185
2023-06-16 12:00:00,0.0,845.6286243772975,-0.1616955055421792,1300.1367712579724,-0.014471196709847771
2023-06-16 16:00:00,0.0,845.6286243772975,-0.1616955055421792,1320.6233276999717,-0.015757231773528835
2023-06-16 20:00:00,0.0,845.6286243772975,-0.1616955055421792,1320.3121129301696,0.00023565748330684716
2023-06-17 00:00:00,0.0,845.6286243772975,-0.1616955055421792,1318.712502587314,0.0012115395497701575
2023-06-17 04:00:00,0.0,845.6286243772975,-0.1616955055421792,1346.248356337961,-0.020880861974555933
2023-06-17 08:00:00,0.0,845.6286243772975,-0.1616955055421792,1341.6370395718184,0.003425309115092407
2023-06-17 12:00:00,0.0,845.6286243772975,-0.1616955055421792,1334.3092449200835,0.005461830909255212
2023-06-17 16:00:00,0.0,845.6286243772975,-0.1616955055421792,1337.4660437468015,-0.002365867461936883
2023-06-17 20:00:00,0.0,845.6286243772975,-0.1616955055421792,1335.8604546782142,0.0012004709024906943
2023-06-18 00:00:00,0.0,845.6286243772975,-0.1616955055421792,1335.2613049651984,0.00044851220119400203
2023-06-18 04:00:00,0.0,845.6286243772975,-0.1616955055421792,1336.8110774886586,-0.0011606511157756952
2023-06-18 08:00:00,0.0,845.6286243772975,-0.1616955055421792,1340.8902814209414,-0.0030514438434681474
2023-06-18 12:00:00,0.0,845.6286243772975,-0.1616955055421792,1344.9011357024065,-0.0029911875244668412
2023-06-18 16:00:00,0.0,845.6286243772975,-0.1616955055421792,1348.2424851376106,-0.0024844572931817916
2023-06-18 20:00:00,0.0,845.6286243772975,-0.1616955055421792,1325.4299294929622,0.016920217168738927
2023-06-19 00:00:00,0.0,845.6286243772975,-0.1616955055421792,1327.2095022423448,-0.0013426381204953192
2023-06-19 04:00:00,0.0,845.6286243772975,-0.1616955055421792,1326.6656049246326,0.00040980517152213104
2023-06-19 08:00:00,0.0,845.6286243772975,-0.1616955055421792,1327.720305930194,-0.0007950013942068036
2023-06-19 12:00:00,0.0,845.6286243772975,-0.1616955055421792,1323.8372061964142,0.002924636850424148
2023-06-19 16:00:00,0.0,845.6286243772975,-0.1616955055421792,1335.5075540422731,-0.008815546043904967
2023-06-19 20:00:00,0.0,845.6286243772975,-0.1616955055421792,1344.5263461872626,-0.006753082090544212
2023-06-20 00:00:00,0.0,845.6286243772975,-0.1616955055421792,1338.339995979287,0.004601137214989099
2023-06-20 04:00:00,0.0,845.6286243772975,-0.1616955055421792,1335.0516725577775,0.002457016476671514
2023-06-20 08:00:00,0.0,845.6286243772975,-0.1616955055421792,1334.2721554187822,0.0005838853693967971
2023-06-20 12:00:00,0.0,845.6286243772975,-0.1616955055421792,1329.0994611574872,0.0038767909832244174
2023-06-20 16:00:00,0.0,845.6286243772975,-0.1616955055421792,1368.6934724803407,-0.029790104111826348
2023-06-20 20:00:00,0.00468079593827353,849.5868394075706,-0.1577715732694846,1386.842946569631,-0.008579641445415944
2023-06-21 00:00:00,0.01061617202896925,858.6061994482695,-0.14883033140362537,1408.7653780494345,-0.005191264230506785
2023-06-21 04:00:00,0.002825113095925369,861.0318590665736,-0.14642568082601926,1407.1283904885702,0.003987114651593213
2023-06-21 08:00:00,0.004837334944888472,865.1969585670986,-0.1422966559438196,1406.2300938255871,0.005475724923411355
2023-06-21 12:00:00,0.01906909068118323,881.6954778270986,-0.12594103309845817,1423.5532683849585,0.006750214392421405
2023-06-21 16:00:00,0.00733028749994169,888.1585591669697,-0.11953392957916782,1442.3216882382203,-0.005853918718456244
2023-06-21 20:00:00,-0.000284101820343996,887.9062317035563,-0.11978407159252547,1444.2694787594507,-0.0016345568104574643
2023-06-22 00:00:00,0.014087515157340524,900.4146242009773,-0.10738401635935253,1476.516202303803,-0.008239844119163914
2023-06-22 04:00:00,-0.004320956412351085,896.5239718567614,-0.11124097111763169,1471.4127079912657,-0.0008645132628792218
2023-06-22 08:00:00,-0.013573572307032822,884.3549388997753,-0.12330460605969482,1437.7492590566596,0.009304746435070937
2023-06-22 12:00:00,-0.003175490063259123,881.546678578905,-0.12608854357165725,1431.9466319409983,0.0008604202869701505
2023-06-22 16:00:00,0.0030558834248481936,884.2405824622042,-0.123417972037173,1442.8430923406993,-0.0045536602247853485
2023-06-22 20:00:00,-0.0031091624661068185,881.4913348322043,-0.1261434079769788,1423.9076609829392,0.01001453161974226
2023-06-23 00:00:00,0.0011407581358691132,882.4969032441122,-0.12514654896004573,1435.4298899895264,-0.006951219540993092
2023-06-23 04:00:00,-0.0007495490529103588,881.8354285260892,-0.12580229453570813,1433.4301864694385,0.0006435552247931067
2023-06-23 08:00:00,0.0019556242552916103,883.5599672792903,-0.12409269229898193,1433.0451681441673,0.002224223541748211
2023-06-23 12:00:00,0.010401849733301383,892.7506252892902,-0.11498163610397534,1464.998282770995,-0.011895503718724085
2023-06-23 16:00:00,-0.00023403571796920541,892.5416897557332,-0.11518876201218564,1462.9722721822961,0.0011489082844406973
2023-06-23 20:00:00,0.0003034157377792557,892.8125009510292,-0.11492029635761616,1456.7734746462943,0.00454054152195774
2023-06-24 00:00:00,0.0012444172099925765,893.9235321925091,-0.11381888794218847,1460.1337950259367,-0.001062269751381525
2023-06-24 04:00:00,-0.00400595152076022,890.3425178592792,-0.11736888651570548,1448.2151520999716,0.004156754504240341
2023-06-24 08:00:00,0.00033955483346681525,890.6448379646592,-0.11706918485495374,1453.3025039411323,-0.0031732877395334986
2023-06-24 12:00:00,-0.005631891901448527,885.6288225146592,-0.12204175576230843,1418.1223292997852,0.018575163784442066
2023-06-24 16:00:00,-0.0001880508830597316,885.4622792325222,-0.12220685658542688,1432.3261463962456,-0.010203983079454772
2023-06-24 20:00:00,0.0,885.4622792325222,-0.12220685658542688,1427.6061663802357,0.0032953249006069424
2023-06-25 00:00:00,0.0,885.4622792325222,-0.12220685658542688,1451.5276578915057,-0.016756366058521648
2023-06-25 04:00:00,0.0,885.4622792325222,-0.12220685658542688,1460.699309347533,-0.0063186198390116554
2023-06-25 08:00:00,9.953608966362104e-05,885.5504146853417,-0.12211948448839777,1461.9661284507283,-0.0007677328239918799
2023-06-25 12:00:00,-0.0034070480121362046,882.5333019053417,-0.12511046555366465,1447.4691149111477,0.006509059657843494
2023-06-25 16:00:00,0.0007561222455869654,883.2006049673837,-0.12444894211423844,1445.0191442272926,0.0024487115095765
2023-06-25 20:00:00,0.0003105556976041868,883.4748879473838,-0.12417703474466867,1446.2068995478432,-0.0005114094128897882
2023-06-26 00:00:00,-0.0014177899292929785,882.2223061484688,-0.12541876772465116,1431.540250641984,0.008723669712785107
2023-06-26 04:00:00,0.000756419879308412,882.8896366388087,-0.12475721709448809,1439.5917545423554,-0.004867944435114957
2023-06-26 08:00:00,0.0021536235372439094,884.7910485410628,-0.12287227363641993,1438.2680321991345,0.003073135849706128
2023-06-26 12:00:00,0.0,884.7910485410628,-0.12287227363641993,1440.4432269648594,-0.0015123709329748017
2023-06-26 16:00:00,-0.004205534077066808,881.0700296353397,-0.12656106417958207,1415.173220573957,0.013337681731687128
2023-06-26 20:00:00,-0.0018678400406845208,879.4243317553397,-0.1281925083970003,1412.3808353247507,0.00010533554560435534
2023-06-27 00:00:00,0.0024743576327228567,881.6003420630207,-0.12603534487588752,1423.7595408848133,-0.005582042790925128
2023-06-27 04:00:00,0.000445927453151862,881.9934718582547,-0.12564562004308324,1427.71773402982,-0.0023341720168376418
2023-06-27 08:00:00,0.0006011568628971897,882.5236882868927,-0.125119995906968,1433.1517882621429,-0.0032049555799209062
2023-06-27 12:00:00,-0.0027971451109621848,880.0551414668927,-0.12756716223309544,1418.8999345360032,0.007147268204407349
2023-06-27 16:00:00,0.0016934198636655573,881.5454443245736,-0.12608976713590694,1433.6161602108677,-0.008678154140019727
2023-06-27 20:00:00,-0.001711263327049184,880.0368879345737,-0.12758525766854031,1431.5121523166572,-0.00024364043564644475
2023-06-28 00:00:00,-0.003292800573794108,877.1391019650227,-0.13045794543267575,1414.4152913472558,0.008650416912507373
2023-06-28 04:00:00,-0.00016200613003014563,876.9970000536152,-0.13059881657583472,1391.460023273348,0.016067504547871505
2023-06-28 08:00:00,0.0,876.9970000536152,-0.13059881657583472,1398.1656075574529,-0.004819099486832726
2023-06-28 12:00:00,0.0,876.9970000536152,-0.13059881657583472,1402.409893096737,-0.0030356100281271497
2023-06-28 16:00:00,0.0,876.9970000536152,-0.13059881657583472,1365.8555226959454,0.02606539684348192
2023-06-28 20:00:00,0.0,876.9970000536152,-0.13059881657583472,1371.1222924971573,-0.0038560226273539134
2023-06-29 00:00:00,0.0,876.9970000536152,-0.13059881657583472,1378.909682556873,-0.005679573661903573
2023-06-29 04:00:00,0.0,876.9970000536152,-0.13059881657583472,1386.5303193305924,-0.0055265670189425286
2023-06-29 08:00:00,0.0,876.9970000536152,-0.13059881657583472,1427.7147187535852,-0.029703208684881983
2023-06-29 12:00:00,-0.0039946341923092765,873.4937178506484,-0.13407175626997503,1412.3236523155247,0.006785577173373929
2023-06-29 16:00:00,0.0004859058407133965,873.9181535499785,-0.13365099667870797,1419.2371674902497,-0.004409229324225812
2023-06-29 20:00:00,0.002618329177286327,876.2063589499785,-0.13138260980559896,1418.5092761642125,0.003131204222212485
2023-06-30 00:00:00,0.009623396151854813,884.6384398529285,-0.12302356055536791,1450.5290505925316,-0.012949437855198039
2023-06-30 04:00:00,-5.12356028635752e-05,884.5931148691463,-0.12306849297194002,1451.9793518553524,-0.0010510785651456991
2023-06-30 08:00:00,0.0,884.5931148691463,-0.12306849297194002,1468.259752389974,-0.011212556510406455
2023-06-30 12:00:00,0.0,884.5931148691463,-0.12306849297194002,1418.3041168642385,0.03402370421474794
2023-06-30 16:00:00,0.0,884.5931148691463,-0.12306849297194002,1457.7763716245547,-0.02783060014490132
2023-06-30 20:00:00,0.0,884.5931148691463,-0.12306849297194002,1457.5575655946868,0.00015009574453731363
2023-07-01 00:00:00,0.0,884.5931148691463,-0.12306849297194002,1447.912734167855,0.006617118702201433
2023-07-01 04:00:00,0.0,884.5931148691463,-0.12306849297194002,1450.455621543316,-0.0017562435328138631
2023-07-01 08:00:00,0.0,884.5931148691463,-0.12306849297194002,1452.0466864156526,-0.0010969414359909596
2023-07-01 12:00:00,0.0,884.5931148691463,-0.12306849297194002,1457.3239441085427,-0.0036343581389361368
2023-07-01 16:00:00,0.0,884.5931148691463,-0.12306849297194002,1456.6392663604238,0.000469818499096965
2023-07-01 20:00:00,0.0,884.5931148691463,-0.12306849297194002,1465.680568569286,-0.0062069603763002445
2023-07-02 00:00:00,0.0,884.5931148691463,-0.12306849297194002,1463.4464966392823,0.0015242556788377382
2023-07-02 04:00:00,0.0,884.5931148691463,-0.12306849297194002,1469.0873057293018,-0.0038544689559703187
2023-07-02 08:00:00,0.0,884.5931148691463,-0.12306849297194002,1468.9348862009988,0.00010375117102190412
2023-07-02 12:00:00,0.0,884.5931148691463,-0.12306849297194002,1472.5943615099,-0.0024912440594052144
2023-07-02 16:00:00,0.0,884.5931148691463,-0.12306849297194002,1472.194601503103,0.00027146647932778975
2023-07-02 20:00:00,0.0,884.5931148691463,-0.12306849297194002,1481.5229154275985,-0.006336332109200197
2023-07-03 00:00:00,0.0,884.5931148691463,-0.12306849297194002,1492.5126414778738,-0.007417857621934524
2023-07-03 04:00:00,0.0,884.5931148691463,-0.12306849297194002,1489.939903359869,0.0017237630332279017
2023-07-03 08:00:00,-0.001270557228285063,883.4691886929581,-0.12418268463690543,1490.7871084410067,-0.00183917417667829
2023-07-03 12:00:00,0.0011545922971112343,884.4892354129581,-0.12317147271091058,1493.9962383568902,-0.000998049014121657
2023-07-03 16:00:00,-0.00018099079521893824,884.3291510028781,-0.12333017060333532,1498.989636067023,-0.0035233002213955595
2023-07-03 20:00:00,-0.0022208033261967852,882.3652298828781,-0.12527708187643583,1492.832802518932,0.0018865189660671588
2023-07-04 00:00:00,0.0014269672213162998,883.6243361431501,-0.12402888094453944,1498.8970068224646,-0.002635245434582013
2023-07-04 04:00:00,-0.0027613298425098742,881.18435789419,-0.12644772613676408,1484.6477378899249,0.006745173184503819
2023-07-04 08:00:00,0.0021674571666119302,883.0942872458141,-0.12455433900036905,1492.062587126546,-0.0028268920297567545
2023-07-04 12:00:00,-0.0011888348675362925,882.0444339658142,-0.12559509932679883,1491.279727886748,-0.0006641522928557368
2023-07-04 16:00:00,-0.003772271516989001,878.7171228708462,-0.12889359202792397,1478.6861061749764,0.004672570504445472
2023-07-04 20:00:00,0.00035993462716032987,879.0334035908462,-0.12858005066775346,1476.1159893808397,0.0020980430623474783
2023-07-05 00:00:00,0.000920398830031921,879.8424649070702,-0.12777799676592164,1484.5197063945561,-0.004772728996082292
2023-07-05 04:00:00,-0.0009643009979175554,878.9940319401501,-0.12861908131404587,1482.5728671439076,0.0003471260193611547
2023-07-05 08:00:00,-0.004984938551931273,874.6123007034141,-0.13296286164902077,1447.5418223402014,0.018643609885752848
2023-07-05 12:00:00,-0.00025500316951565516,874.3892717946374,-0.13318395886738807,1438.298919014371,0.006130237783928992
2023-07-05 16:00:00,0.0,874.3892717946374,-0.13318395886738807,1442.7397989523815,-0.003087591792847994
2023-07-05 20:00:00,0.0,874.3892717946374,-0.13318395886738807,1450.7799234761665,-0.005572816754360689
2023-07-06 00:00:00,0.0,874.3892717946374,-0.13318395886738807,1457.1278868767622,-0.004375552279070462
2023-07-06 04:00:00,0.0,874.3892717946374,-0.13318395886738807,1469.5739194005448,-0.008541482621995167
2023-07-06 08:00:00,0.0,874.3892717946374,-0.13318395886738807,1470.0709748482582,-0.0003382309941346108
2023-07-06 12:00:00,0.0,874.3892717946374,-0.13318395886738807,1450.3111638579985,0.01344139931223338
2023-07-06 16:00:00,0.0,874.3892717946374,-0.13318395886738807,1461.3892619603132,-0.007638428482371792
2023-07-06 20:00:00,-0.0122700284611027,863.6604905436343,-0.14381981636262556,1425.1788126672218,0.012508071553481073
2023-07-07 00:00:00,-0.00014808249188813516,863.5325975460493,-0.14394660165772383,1445.190747503652,-0.01418978354621254
2023-07-07 04:00:00,0.0,863.5325975460493,-0.14394660165772383,1430.1599034662765,0.010400595259372298
2023-07-07 08:00:00,0.0,863.5325975460493,-0.14394660165772383,1443.6983102240113,-0.009466358779127906
2023-07-07 12:00:00,0.0,863.5325975460493,-0.14394660165772383,1463.0207642830285,-0.013383997142740332
2023-07-07 16:00:00,0.0014380595404921426,864.7744088364764,-0.14271554590106694,1461.4609313344076,0.0025042323431626917
2023-07-07 20:00:00,0.0005324845824468127,865.2348878764764,-0.14225905514648793,1466.8193322901936,-0.0031339842508278765
2023-07-08 00:00:00,0.0015040766016196638,866.5362674262363,-0.14096894706108265,1475.6709502802937,-0.004530489343376172
2023-07-08 04:00:00,0.0021848286460013355,868.4295006861083,-0.13909211140881694,1481.2099342259714,-0.001568707292769811
2023-07-08 08:00:00,-0.0003953646536613009,868.0861543573403,-0.13943248395802407,1483.0885660706,-0.0016636736227138968
2023-07-08 12:00:00,-0.0031827189342115147,865.3232801173403,-0.14217142848549824,1485.4504033708604,-0.004775231582675898
2023-07-08 16:00:00,0.0007437740214830679,865.9668850932762,-0.14153339787911975,1481.0070253000401,0.0037350405496263833
2023-07-08 20:00:00,0.0014433250295309286,867.2167567732763,-0.1402943515452623,1489.5606945373725,-0.00433225137977024
2023-07-09 00:00:00,-0.001154255068682608,866.2157674361242,-0.14128667114756627,1494.5685190498082,-0.004516202339982622
2023-07-09 04:00:00,-0.0030479018958278203,863.5756267563597,-0.14390394513054822,1486.8539273466333,0.0021138498772387115
2023-07-09 08:00:00,0.0029663868306102348,866.1373261228057,-0.14136443306764618,1490.2768455339215,0.0006642654693030459
2023-07-09 12:00:00,-0.007386152838646853,859.7399034528057,-0.14770644659770674,1482.302205943551,-0.0020350399804762087
2023-07-09 16:00:00,-0.001099655459361637,858.7944857743428,-0.14864367585668434,1480.747315318185,-5.0685405123524754e-05
2023-07-09 20:00:00,-0.002676036011022842,856.4963208043428,-0.1509219360383039,1475.1586759582528,0.0010981659085876894
2023-07-10 00:00:00,-0.005547039261557085,851.7453020854618,-0.15563180539522634,1468.2618879976358,-0.0008717537664986808
2023-07-10 04:00:00,-0.004138212376914807,848.2205991343927,-0.15912598030881303,1462.6517532301389,-0.0003172763345390089
2023-07-10 08:00:00,-0.0002062071991326686,848.0456899403986,-0.15929937458523702,1476.5019284571172,-0.009675429928597521
2023-07-10 12:00:00,0.0,848.0456899403986,-0.15929937458523702,1486.904925382949,-0.007045704936330451
2023-07-10 16:00:00,0.0,848.0456899403986,-0.15929937458523702,1510.001549589764,-0.015533356445682924
2023-07-10 20:00:00,0.0,848.0456899403986,-0.15929937458523702,1493.7473341799198,0.010764370019527443
2023-07-11 00:00:00,0.0,848.0456899403986,-0.15929937458523702,1503.9340654398086,-0.006819581214838626
2023-07-11 04:00:00,0.0,848.0456899403986,-0.15929937458523702,1507.3670565700536,-0.0022826739610030283
2023-07-11 08:00:00,0.0,848.0456899403986,-0.15929937458523702,1499.3586795253304,0.005312824776034231
2023-07-11 12:00:00,0.0,848.0456899403986,-0.15929937458523702,1503.1712102392225,-0.00254277429807467
2023-07-11 16:00:00,0.0,848.0456899403986,-0.15929937458523702,1499.6687469693084,0.0023300494621346646
2023-07-11 20:00:00,0.0,848.0456899403986,-0.15929937458523702,1505.275142946612,-0.0037384228941447378
2023-07-12 00:00:00,0.0,848.0456899403986,-0.15929937458523702,1503.3581582908976,0.0012735111349557102
2023-07-12 04:00:00,0.0,848.0456899403986,-0.15929937458523702,1507.8910849390543,-0.003015200751170344
2023-07-12 08:00:00,0.0,848.0456899403986,-0.15929937458523702,1506.9537968360405,0.0006215887290371702
2023-07-12 12:00:00,0.0,848.0456899403986,-0.15929937458523702,1498.0911978418133,0.005881135183331491
2023-07-12 16:00:00,0.0,848.0456899403986,-0.15929937458523702,1481.8865281174649,0.010816878002950028
2023-07-12 20:00:00,0.0,848.0456899403986,-0.15929937458523702,1488.7280568794047,-0.004616769659570886
2023-07-13 00:00:00,0.0,848.0456899403986,-0.15929937458523702,1482.2280790592717,0.0043661283805974515
2023-07-13 04:00:00,0.0,848.0456899403986,-0.15929937458523702,1486.0870656079196,-0.0026035038757983137
2023-07-13 08:00:00,0.0,848.0456899403986,-0.15929937458523702,1502.2588196133258,-0.010882104002964807
2023-07-13 12:00:00,0.0,848.0456899403986,-0.15929937458523702,1607.2638285841426,-0.06989808120936487
2023-07-13 16:00:00,0.14100439573184365,967.623860003439,-0.04075689090724528,1766.8094641147711,0.04173902766145399
2023-07-13 20:00:00,0.0004228921421602916,968.0330605304011,-0.04035123453398862,1772.1448024670528,-0.002596866615445686
2023-07-14 00:00:00,0.005466806594699891,973.3251100495963,-0.035105020334343345,1806.2401254784622,-0.013772774146074855
2023-07-14 04:00:00,-0.00865418000152629,964.9017793472217,-0.043455395170939035,1796.937492597934,-0.0035039052682241468
2023-07-14 08:00:00,-0.0017154214214571972,963.2465661653273,-0.04509627227664212,1802.4738449540844,-0.004796414710848811
2023-07-14 12:00:00,0.0016471006273433009,964.8331301887445,-0.04352344974765655,1798.8543660649218,0.003655162436004278
2023-07-14 16:00:00,-0.030935947990870627,934.9851026533565,-0.07311295856075042,1681.8660524560585,0.03409895189642863
2023-07-14 20:00:00,-0.00048203595671525434,934.5344062148845,-0.07355975144253758,1711.7709221273876,-0.01826280371028179
2023-07-15 00:00:00,0.0,934.5344062148845,-0.07355975144253758,1712.0707412171612,-0.00017515140951274155
2023-07-15 04:00:00,0.0,934.5344062148845,-0.07355975144253758,1745.661862295498,-0.01962017121702348
2023-07-15 08:00:00,0.0,934.5344062148845,-0.07355975144253758,1745.1960993547887,0.0002668116608200512
2023-07-15 12:00:00,0.0,934.5344062148845,-0.07355975144253758,1734.5185416996287,0.006118256658439315
2023-07-15 16:00:00,0.0,934.5344062148845,-0.07355975144253758,1736.932175996851,-0.0013915298333203596
2023-07-15 20:00:00,0.0,934.5344062148845,-0.07355975144253758,1722.4967516009344,0.008310873962382424
2023-07-16 00:00:00,0.0,934.5344062148845,-0.07355975144253758,1703.646843577419,0.010943363467011287
2023-07-16 04:00:00,0.0,934.5344062148845,-0.07355975144253758,1714.4460428412287,-0.0063388719936422
2023-07-16 08:00:00,0.0,934.5344062148845,-0.07355975144253758,1731.7340316054003,-0.01008371703289154
2023-07-16 12:00:00,0.0,934.5344062148845,-0.07355975144253758,1738.7690203656982,-0.004062395628834544
2023-07-16 16:00:00,0.0,934.5344062148845,-0.07355975144253758,1706.5362283184677,0.01853770780920126
2023-07-16 20:00:00,0.0,934.5344062148845,-0.07355975144253758,1705.1582138171073,0.0008074920874771653
2023-07-17 00:00:00,0.0,934.5344062148845,-0.07355975144253758,1722.6613031361846,-0.010264789024999324
2023-07-17 04:00:00,0.0,934.5344062148845,-0.07355975144253758,1715.5527164232528,0.004126514422765538
2023-07-17 08:00:00,0.0,934.5344062148845,-0.07355975144253758,1692.7723112049273,0.01327875558719078
2023-07-17 12:00:00,0.0,934.5344062148845,-0.07355975144253758,1696.6568662074362,-0.002294788836511447
2023-07-17 16:00:00,0.0,934.5344062148845,-0.07355975144253758,1676.9846690688357,0.011594682183778333
2023-07-17 20:00:00,0.0,934.5344062148845,-0.07355975144253758,1696.1140387736075,-0.011407003330205516
2023-07-18 00:00:00,0.0,934.5344062148845,-0.07355975144253758,1691.212130137225,0.0028900819899627833
2023-07-18 04:00:00,0.0,934.5344062148845,-0.07355975144253758,1670.8009568450077,0.012068961030075534
2023-07-18 08:00:00,0.0,934.5344062148845,-0.07355975144253758,1658.8972683179848,0.007124540166352762
2023-07-18 12:00:00,0.0,934.5344062148845,-0.07355975144253758,1670.4242943567938,-0.00694860752317515
2023-07-18 16:00:00,0.0,934.5344062148845,-0.07355975144253758,1663.239099975747,0.0043014187505058575
2023-07-18 20:00:00,0.0,934.5344062148845,-0.07355975144253758,1677.7935067707124,-0.008750640118535926
2023-07-19 00:00:00,0.0,934.5344062148845,-0.07355975144253758,1710.853191792063,-0.01970426330054236
2023-07-19 04:00:00,0.0,934.5344062148845,-0.07355975144253758,1700.6799993469688,0.005946268501529398
2023-07-19 08:00:00,0.0,934.5344062148845,-0.07355975144253758,1705.7585441164908,-0.0029861848034152183
2023-07-19 12:00:00,0.0,934.5344062148845,-0.07355975144253758,1700.4813208016544,0.0030937692401064826
2023-07-19 16:00:00,0.0,934.5344062148845,-0.07355975144253758,1729.433944948836,-0.017026134773143076
2023-07-19 20:00:00,0.0,934.5344062148845,-0.07355975144253758,1711.3403358033,0.010462156822110538
2023-07-20 00:00:00,0.0,934.5344062148845,-0.07355975144253758,1723.3476072300778,-0.007016296627602995
2023-07-20 04:00:00,0.0,934.5344062148845,-0.07355975144253758,1731.5373875822486,-0.004752250978161153
2023-07-20 08:00:00,0.0,934.5344062148845,-0.07355975144253758,1732.939446046684,-0.0008097188512880786
2023-07-20 12:00:00,0.0,934.5344062148845,-0.07355975144253758,1689.3910070671395,0.02512980997627499
2023-07-20 16:00:00,0.0,934.5344062148845,-0.07355975144253758,1687.510115830385,0.001113354592800724
2023-07-20 20:00:00,0.0,934.5344062148845,-0.07355975144253758,1689.8602364095957,-0.0013926556985727517
2023-07-21 00:00:00,0.0,934.5344062148845,-0.07355975144253758,1695.3852505294572,-0.0032695095137572627
2023-07-21 04:00:00,0.0,934.5344062148845,-0.07355975144253758,1680.6998104169234,0.008662007710606021
2023-07-21 08:00:00,0.0,934.5344062148845,-0.07355975144253758,1681.864000215881,-0.0006926815792696368
2023-07-21 12:00:00,0.0,934.5344062148845,-0.07355975144253758,1684.7124944388822,-0.001693653126908834
2023-07-21 16:00:00,0.0,934.5344062148845,-0.07355975144253758,1692.1770406930186,-0.004430753780705058
2023-07-21 20:00:00,0.0,934.5344062148845,-0.07355975144253758,1684.9213564219426,0.004287780827060812
2023-07-22 00:00:00,0.0,934.5344062148845,-0.07355975144253758,1690.458943102797,-0.0032865549835597386
2023-07-22 04:00:00,0.0,934.5344062148845,-0.07355975144253758,1687.9941099736254,0.0014580851781276852
2023-07-22 08:00:00,0.0,934.5344062148845,-0.07355975144253758,1680.0568518794832,0.004702183524957041
2023-07-22 12:00:00,0.0,934.5344062148845,-0.07355975144253758,1681.6180678425364,-0.0009292637694413575
2023-07-22 16:00:00,0.0,934.5344062148845,-0.07355975144253758,1667.6221099870204,0.008322911202703977
2023-07-22 20:00:00,0.0,934.5344062148845,-0.07355975144253758,1647.223903693478,0.012231911637164068
2023-07-23 00:00:00,0.0,934.5344062148845,-0.07355975144253758,1655.6201121817971,-0.005097187133754304
2023-07-23 04:00:00,0.0,934.5344062148845,-0.07355975144253758,1659.1494991319826,-0.002131761340791183
2023-07-23 08:00:00,0.0,934.5344062148845,-0.07355975144253758,1658.1095010875918,0.0006268260002699597
2023-07-23 12:00:00,0.0,934.5344062148845,-0.07355975144253758,1657.349698850581,0.00045823405300566514
2023-07-23 16:00:00,0.0,934.5344062148845,-0.07355975144253758,1665.1224732619294,-0.004689881934234553
2023-07-23 20:00:00,0.0,934.5344062148845,-0.07355975144253758,1663.263313549897,0.001116530310464357
2023-07-24 00:00:00,0.0,934.5344062148845,-0.07355975144253758,1641.550228947701,0.013054508222064887
2023-07-24 04:00:00,0.0,934.5344062148845,-0.07355975144253758,1649.0944303003917,-0.00459577856324673
2023-07-24 08:00:00,0.0,934.5344062148845,-0.07355975144253758,1607.4100280673968,0.025277146940216006
2023-07-24 12:00:00,0.0,934.5344062148845,-0.07355975144253758,1593.898286775258,0.008405908297327331
2023-07-24 16:00:00,0.0,934.5344062148845,-0.07355975144253758,1601.999040215221,-0.005082352812080661
2023-07-24 20:00:00,0.0,934.5344062148845,-0.07355975144253758,1606.3039871382543,-0.0026872343958802398
2023-07-25 00:00:00,0.0,934.5344062148845,-0.07355975144253758,1604.3275506049188,0.0012304249688482713
2023-07-25 04:00:00,0.0,934.5344062148845,-0.07355975144253758,1593.0542487893038,0.007026808092502319
2023-07-25 08:00:00,0.0,934.5344062148845,-0.07355975144253758,1599.6070398832003,-0.00411335087858844
2023-07-25 12:00:00,0.0,934.5344062148845,-0.07355975144253758,1607.4799261604312,-0.004921762708549731
2023-07-25 16:00:00,0.0,934.5344062148845,-0.07355975144253758,1605.3997220909703,0.0012940777894685032
2023-07-25 20:00:00,0.0,934.5344062148845,-0.07355975144253758,1610.5030635943824,-0.0031788603381374602
2023-07-26 00:00:00,0.0,934.5344062148845,-0.07355975144253758,1613.2773487244906,-0.001722620212790333
2023-07-26 04:00:00,0.0,934.5344062148845,-0.07355975144253758,1606.2827520102724,0.004335644283203067
2023-07-26 08:00:00,0.0,934.5344062148845,-0.07355975144253758,1605.4345317791613,0.0005280640846385687
2023-07-26 12:00:00,0.0,934.5344062148845,-0.07355975144253758,1626.8406643826352,-0.013333544395454977
2023-07-26 16:00:00,0.0,934.5344062148845,-0.07355975144253758,1639.80065686073,-0.007966356362878933
2023-07-26 20:00:00,0.0,934.5344062148845,-0.07355975144253758,1636.7031248574597,0.0018889686318337745
2023-07-27 00:00:00,0.0,934.5344062148845,-0.07355975144253758,1639.1766415448049,-0.0015112799931633772
2023-07-27 04:00:00,0.0,934.5344062148845,-0.07355975144253758,1640.310123267113,-0.0006914945549981574
2023-07-27 08:00:00,0.0,934.5344062148845,-0.07355975144253758,1648.3601300158887,-0.004907612673109653
2023-07-27 12:00:00,0.0,934.5344062148845,-0.07355975144253758,1639.1766160738027,0.005571303124152565
2023-07-27 16:00:00,0.0,934.5344062148845,-0.07355975144253758,1629.457819262132,0.005929072386933695
2023-07-27 20:00:00,0.0,934.5344062148845,-0.07355975144253758,1633.1092292881772,-0.0022408742238559614
2023-07-28 00:00:00,0.0,934.5344062148845,-0.07355975144253758,1633.0984506995683,6.600041452000026e-06
2023-07-28 04:00:00,0.0,934.5344062148845,-0.07355975144253758,1623.5515009736412,0.005845911936195531
2023-07-28 08:00:00,0.0,934.5344062148845,-0.07355975144253758,1629.8217126328186,-0.0038620343459491962
2023-07-28 12:00:00,0.0,934.5344062148845,-0.07355975144253758,1641.3842372988665,-0.007094349385841557
2023-07-28 16:00:00,0.0,934.5344062148845,-0.07355975144253758,1640.4789372863354,0.00055154667137604
2023-07-28 20:00:00,0.0,934.5344062148845,-0.07355975144253758,1636.4667153991045,0.002445762512420949
2023-07-29 00:00:00,0.0,934.5344062148845,-0.07355975144253758,1640.9248589611375,-0.0027242494577383353
2023-07-29 04:00:00,0.0,934.5344062148845,-0.07355975144253758,1637.8706650396205,0.0018612637287063036
2023-07-29 08:00:00,0.0,934.5344062148845,-0.07355975144253758,1633.7266217452593,0.0025301407387139535
2023-07-29 12:00:00,0.0,934.5344062148845,-0.07355975144253758,1637.599355084254,-0.0023704904403513455
2023-07-29 16:00:00,0.0,934.5344062148845,-0.07355975144253758,1644.4496013284934,-0.004183102675859799
2023-07-29 20:00:00,0.0,934.5344062148845,-0.07355975144253758,1643.8965257047028,0.0003363287165162955
2023-07-30 00:00:00,0.0,934.5344062148845,-0.07355975144253758,1643.6220308619631,0.00016697817560134314
2023-07-30 04:00:00,0.0,934.5344062148845,-0.07355975144253758,1641.391865534719,0.0013568602059163628
2023-07-30 08:00:00,0.0,934.5344062148845,-0.07355975144253758,1645.4105181862783,-0.002448320072702554
2023-07-30 12:00:00,0.0,934.5344062148845,-0.07355975144253758,1643.939013402499,0.000894308604153896
2023-07-30 16:00:00,0.0,934.5344062148845,-0.07355975144253758,1623.7685607956132,0.012269586914382355
2023-07-30 20:00:00,0.0,934.5344062148845,-0.07355975144253758,1630.0124433095286,-0.0038453032437431194
2023-07-31 00:00:00,0.0,934.5344062148845,-0.07355975144253758,1637.9636997546775,-0.004878034200159055
2023-07-31 04:00:00,0.0,934.5344062148845,-0.07355975144253758,1631.1148877718865,0.004181296559756932
2023-07-31 08:00:00,0.0,934.5344062148845,-0.07355975144253758,1633.0703062857422,-0.0011988232886078437
2023-07-31 12:00:00,0.0,934.5344062148845,-0.07355975144253758,1616.5236012122327,0.010132267428916217
2023-07-31 16:00:00,0.0,934.5344062148845,-0.07355975144253758,1614.935387690683,0.0009824870607264874
2023-07-31 20:00:00,0.0,934.5344062148845,-0.07355975144253758,1608.66261893727,0.0038842227380889555
2023-08-01 00:00:00,0.0,934.5344062148845,-0.07355975144253758,1585.6128288330335,0.014328542127412651
2023-08-01 04:00:00,0.0,934.5344062148845,-0.07355975144253758,1598.418119819641,-0.0080759254426768
2023-08-01 08:00:00,-0.002896340042628176,931.8276767929506,-0.07624303743153696,1594.6315417884814,-0.0005273866478888089
2023-08-01 12:00:00,0.0013890878455713462,933.1220672929506,-0.0749598578625712,1598.9014347447549,-0.0012885795931930144
2023-08-01 16:00:00,0.004647849246232072,937.4590779900607,-0.07066041073520336,1612.9118168590744,-0.004114655940059426
2023-08-01 20:00:00,0.0022091895514417814,939.5301027900606,-0.06860732342485835,1630.8667427223488,-0.0089228051897458
2023-08-02 00:00:00,-0.005578499649564805,934.2889344408907,-0.07380309714474,1617.518038063317,0.002606537367469122
2023-08-02 04:00:00,-0.0031157178212777303,931.3779537576306,-0.07668886534097835,1610.8539938989256,0.001004201714439078
2023-08-02 08:00:00,0.0038229478946059103,934.9385631450307,-0.07315909498266748,1615.5314151612527,0.0009192575042647555
2023-08-02 12:00:00,-0.007753008684994955,927.6899763450306,-0.08034490056887543,1595.2783627031738,0.004783455953210471
2023-08-02 16:00:00,-0.0002635011551715971,927.4455289646226,-0.08058723074993497,1588.9781872716244,0.003685762859714019
2023-08-02 20:00:00,0.0,927.4455289646226,-0.08058723074993497,1585.686497383682,0.0020715765101811945
2023-08-03 00:00:00,0.0,927.4455289646226,-0.08058723074993497,1585.0257528167804,0.0004166930651121138
2023-08-03 04:00:00,0.0,927.4455289646226,-0.08058723074993497,1567.9317533211397,0.01078468249822603
2023-08-03 08:00:00,0.0,927.4455289646226,-0.08058723074993497,1571.738425607437,-0.00242783034289229
2023-08-03 12:00:00,0.0,927.4455289646226,-0.08058723074993497,1576.9692205736017,-0.0033280314847193055
2023-08-03 16:00:00,0.0,927.4455289646226,-0.08058723074993497,1578.1170329367862,-0.0007278597122948474
2023-08-03 20:00:00,0.0,927.4455289646226,-0.08058723074993497,1566.0573313747366,0.007641829668112221
2023-08-04 00:00:00,0.0,927.4455289646226,-0.08058723074993497,1569.863093193201,-0.0024301548495184416
2023-08-04 04:00:00,0.0,927.4455289646226,-0.08058723074993497,1570.4027167319557,-0.00034373923502925167
2023-08-04 08:00:00,0.0,927.4455289646226,-0.08058723074993497,1568.165593783042,0.0014245536670806239
2023-08-04 12:00:00,0.0,927.4455289646226,-0.08058723074993497,1582.236627901275,-0.008972926184592556
2023-08-04 16:00:00,0.0,927.4455289646226,-0.08058723074993497,1565.092185899049,0.01083557395897656
2023-08-04 20:00:00,0.0,927.4455289646226,-0.08058723074993497,1557.965657578117,0.004553423999646438
2023-08-05 00:00:00,0.0,927.4455289646226,-0.08058723074993497,1551.4521339661517,0.004180787670307654
2023-08-05 04:00:00,0.0,927.4455289646226,-0.08058723074993497,1549.4874984854625,0.0012663203960194666
2023-08-05 08:00:00,0.0,927.4455289646226,-0.08058723074993497,1551.9262633599649,-0.0015739171028395266
2023-08-05 12:00:00,0.0,927.4455289646226,-0.08058723074993497,1549.168432171673,0.0017770375135742439
2023-08-05 16:00:00,0.0,927.4455289646226,-0.08058723074993497,1552.4984341173272,-0.002149541571142079
2023-08-05 20:00:00,0.0,927.4455289646226,-0.08058723074993497,1556.9163505255676,-0.002845681716099367
2023-08-06 00:00:00,0.0,927.4455289646226,-0.08058723074993497,1565.9568381239667,-0.005806662378070212
2023-08-06 04:00:00,0.0,927.4455289646226,-0.08058723074993497,1566.8372025514977,-0.0005621894589289887
2023-08-06 08:00:00,0.0,927.4455289646226,-0.08058723074993497,1567.945720526994,-0.0007074876532743936
2023-08-06 12:00:00,0.0,927.4455289646226,-0.08058723074993497,1558.446951372192,0.006058098204834177
2023-08-06 16:00:00,0.0,927.4455289646226,-0.08058723074993497,1562.4704371108237,-0.002581727748313239
2023-08-06 20:00:00,0.0,927.4455289646226,-0.08058723074993497,1561.329687739105,0.000730093411448997
2023-08-07 00:00:00,0.0,927.4455289646226,-0.08058723074993497,1568.9215136032233,-0.00486241049775444
2023-08-07 04:00:00,0.0,927.4455289646226,-0.08058723074993497,1558.46403084057,0.0066653957332997015
2023-08-07 08:00:00,0.0,927.4455289646226,-0.08058723074993497,1561.6902678970798,-0.0020701389269597464
2023-08-07 12:00:00,0.0,927.4455289646226,-0.08058723074993497,1544.0509139242924,0.011295039954715274
2023-08-07 16:00:00,0.0,927.4455289646226,-0.08058723074993497,1550.387047543324,-0.004103578166945272
2023-08-07 20:00:00,0.0,927.4455289646226,-0.08058723074993497,1557.1788872334432,-0.004380738152374037
2023-08-08 00:00:00,0.0,927.4455289646226,-0.08058723074993497,1556.3957127152726,0.0005029444751606065
2023-08-08 04:00:00,0.0,927.4455289646226,-0.08058723074993497,1558.3823395542504,-0.001276427853628597
2023-08-08 08:00:00,0.0,927.4455289646226,-0.08058723074993497,1567.943081273084,-0.006135042393748101
2023-08-08 12:00:00,0.0,927.4455289646226,-0.08058723074993497,1577.3692409604078,-0.006011799662823281
2023-08-08 16:00:00,0.0,927.4455289646226,-0.08058723074993497,1598.309110571754,-0.013275185712761
2023-08-08 20:00:00,0.0,927.4455289646226,-0.08058723074993497,1593.351499082464,0.0031017851656470435
2023-08-09 00:00:00,0.0,927.4455289646226,-0.08058723074993497,1591.1672803533816,0.0013708329457375085
2023-08-09 04:00:00,0.0,927.4455289646226,-0.08058723074993497,1600.5700531789016,-0.005909355315194574
2023-08-09 08:00:00,0.0,927.4455289646226,-0.08058723074993497,1602.2154666567137,-0.0010280171583519587
2023-08-09 12:00:00,0.0,927.4455289646226,-0.08058723074993497,1599.1512506015054,0.0019124868776871124
2023-08-09 16:00:00,0.0,927.4455289646226,-0.08058723074993497,1593.8798267053264,0.0032963885649941777
2023-08-09 20:00:00,0.0,927.4455289646226,-0.08058723074993497,1594.6057034776886,-0.0004554149944056959
2023-08-10 00:00:00,0.0,927.4455289646226,-0.08058723074993497,1589.1701003675364,0.0034087443048131305
2023-08-10 04:00:00,0.0,927.4455289646226,-0.08058723074993497,1580.0980185142023,0.005708691505859557
2023-08-10 08:00:00,0.0,927.4455289646226,-0.08058723074993497,1581.517084940971,-0.0008980875933906697
2023-08-10 12:00:00,0.0,927.4455289646226,-0.08058723074993497,1585.4972892763456,-0.002516700181916171
2023-08-10 16:00:00,0.0,927.4455289646226,-0.08058723074993497,1583.9845553248963,0.0009541069301603874
2023-08-10 20:00:00,0.0,927.4455289646226,-0.08058723074993497,1583.6074161949302,0.0002380952066092869
2023-08-11 00:00:00,0.0,927.4455289646226,-0.08058723074993497,1582.4647979951756,0.0007215286996445913
2023-08-11 04:00:00,0.0,927.4455289646226,-0.08058723074993497,1579.9532869382767,0.0015870881046331814
2023-08-11 08:00:00,0.0,927.4455289646226,-0.08058723074993497,1582.5310526893632,-0.001631545547832022
2023-08-11 12:00:00,0.0,927.4455289646226,-0.08058723074993497,1574.873776912525,0.004838625923848634
2023-08-11 16:00:00,0.0,927.4455289646226,-0.08058723074993497,1574.6048820924473,0.0001707405533191153
2023-08-11 20:00:00,0.0,927.4455289646226,-0.08058723074993497,1577.6394020229195,-0.0019271627853964443
2023-08-12 00:00:00,0.0,927.4455289646226,-0.08058723074993497,1575.802892502794,0.0011640870009779678
2023-08-12 04:00:00,0.0,927.4455289646226,-0.08058723074993497,1578.3355958821517,-0.0016072463068874348
2023-08-12 08:00:00,0.0,927.4455289646226,-0.08058723074993497,1579.1344046778736,-0.000506108331970813
2023-08-12 12:00:00,0.0,927.4455289646226,-0.08058723074993497,1579.58948372074,-0.0002881825901064656
2023-08-12 16:00:00,0.0,927.4455289646226,-0.08058723074993497,1575.2018785594869,0.002777686991760762
2023-08-12 20:00:00,0.0,927.4455289646226,-0.08058723074993497,1577.5424011613054,-0.0014858556440773116
2023-08-13 00:00:00,0.0,927.4455289646226,-0.08058723074993497,1576.2692563150356,0.0008070431864987285
2023-08-13 04:00:00,0.0,927.4455289646226,-0.08058723074993497,1575.131596556507,0.0007217420208956675
2023-08-13 08:00:00,0.0,927.4455289646226,-0.08058723074993497,1574.1557572637128,0.0006195287396478946
2023-08-13 12:00:00,0.0,927.4455289646226,-0.08058723074993497,1572.2389202208892,0.0012176921082799172
2023-08-13 16:00:00,0.0,927.4455289646226,-0.08058723074993497,1582.0579946107543,-0.006245281339610521
2023-08-13 20:00:00,0.0,927.4455289646226,-0.08058723074993497,1564.3596442982914,0.011186916265239282
2023-08-14 00:00:00,0.0,927.4455289646226,-0.08058723074993497,1571.1397224829955,-0.004334091722076597
2023-08-14 04:00:00,0.0,927.4455289646226,-0.08058723074993497,1570.8279317635122,0.0001984487534887336
2023-08-14 08:00:00,0.0,927.4455289646226,-0.08058723074993497,1571.6706416631448,-0.0005364749904126974
2023-08-14 12:00:00,0.0,927.4455289646226,-0.08058723074993497,1580.9110241876783,-0.005879337743915215
2023-08-14 16:00:00,0.0,927.4455289646226,-0.08058723074993497,1572.718850877553,0.005181931927089204
2023-08-14 20:00:00,0.0,927.4455289646226,-0.08058723074993497,1580.636358953375,-0.00503428064806661
2023-08-15 00:00:00,0.0,927.4455289646226,-0.08058723074993497,1575.5515322623703,0.003216949086488111
2023-08-15 04:00:00,0.0,927.4455289646226,-0.08058723074993497,1572.6799078951092,0.0018226153245127616
2023-08-15 08:00:00,0.0,927.4455289646226,-0.08058723074993497,1568.4526998991955,0.0026879010628243494
2023-08-15 12:00:00,0.0,927.4455289646226,-0.08058723074993497,1566.3477081720205,0.0013420817390987771
2023-08-15 16:00:00,0.0,927.4455289646226,-0.08058723074993497,1532.2223182755363,0.0217865993089807
2023-08-15 20:00:00,0.0,927.4455289646226,-0.08058723074993497,1536.8200272357458,-0.003000680061483368
2023-08-16 00:00:00,0.0,927.4455289646226,-0.08058723074993497,1532.5536081428238,0.002776134496760761
2023-08-16 04:00:00,0.0,927.4455289646226,-0.08058723074993497,1523.1152208337826,0.006158601734316245
2023-08-16 08:00:00,0.0,927.4455289646226,-0.08058723074993497,1520.4278124555613,0.0017644156800890518
2023-08-16 12:00:00,0.0,927.4455289646226,-0.08058723074993497,1505.5462458971724,0.009787749498185283
2023-08-16 16:00:00,0.0,927.4455289646226,-0.08058723074993497,1511.485826788272,-0.0039451334738376575
2023-08-16 20:00:00,0.0,927.4455289646226,-0.08058723074993497,1494.6793785900416,0.01111915699133091
2023-08-17 00:00:00,0.0,927.4455289646226,-0.08058723074993497,1500.1046363005685,-0.0036297133607641674
2023-08-17 04:00:00,0.0,927.4455289646226,-0.08058723074993497,1500.130061915499,-1.6949227617444962e-05
2023-08-17 08:00:00,0.0,927.4455289646226,-0.08058723074993497,1492.507192968467,0.005081472027364372
2023-08-17 12:00:00,0.0,927.4455289646226,-0.08058723074993497,1461.955458599089,0.02047007512815616
2023-08-17 16:00:00,0.0,927.4455289646226,-0.08058723074993497,1470.1672833119887,-0.005617014297254046
2023-08-17 20:00:00,0.0,927.4455289646226,-0.08058723074993497,1380.3747072514702,0.06107643468859826
2023-08-18 00:00:00,0.0,927.4455289646226,-0.08058723074993497,1374.8818606363498,0.003979243162211813
2023-08-18 04:00:00,0.0,927.4455289646226,-0.08058723074993497,1398.756055422231,-0.01736454270684118
2023-08-18 08:00:00,0.0,927.4455289646226,-0.08058723074993497,1400.148812345077,-0.0009957110944735106
2023-08-18 12:00:00,0.0,927.4455289646226,-0.08058723074993497,1379.755141829736,0.014565359292905446
2023-08-18 16:00:00,0.0,927.4455289646226,-0.08058723074993497,1374.8611332646417,0.003547012376851336
2023-08-18 20:00:00,0.0,927.4455289646226,-0.08058723074993497,1380.1873143707724,-0.0038739775074471605
2023-08-19 00:00:00,0.0,927.4455289646226,-0.08058723074993497,1376.7247516555678,0.002508762889755402
2023-08-19 04:00:00,0.0,927.4455289646226,-0.08058723074993497,1380.3770182169685,-0.00265286620074837
2023-08-19 08:00:00,0.0,927.4455289646226,-0.08058723074993497,1377.566335282676,0.0020361704789342294
2023-08-19 12:00:00,0.0,927.4455289646226,-0.08058723074993497,1400.591178380954,-0.016714144726506706
2023-08-19 16:00:00,0.0,927.4455289646226,-0.08058723074993497,1396.694605394122,0.0027820916245783517
2023-08-19 20:00:00,0.0,927.4455289646226,-0.08058723074993497,1396.2490352973539,0.00031901755405044127
2023-08-20 00:00:00,0.0,927.4455289646226,-0.08058723074993497,1392.5174857002783,0.002672553035125924
2023-08-20 04:00:00,0.0,927.4455289646226,-0.08058723074993497,1393.5365548954578,-0.0007318178806689105
2023-08-20 08:00:00,0.0,927.4455289646226,-0.08058723074993497,1408.4789831922305,-0.010722666904058067
2023-08-20 12:00:00,0.0,927.4455289646226,-0.08058723074993497,1403.2991435791153,0.003677612285967905
2023-08-20 16:00:00,0.0,927.4455289646226,-0.08058723074993497,1408.2941459101194,-0.003559470804111136
2023-08-20 20:00:00,0.0,927.4455289646226,-0.08058723074993497,1406.5002917119764,0.00127377806927087
2023-08-21 00:00:00,0.0,927.4455289646226,-0.08058723074993497,1396.9506499952147,0.006789647874966228
2023-08-21 04:00:00,0.0,927.4455289646226,-0.08058723074993497,1387.0296723274828,0.007101881278172383
2023-08-21 08:00:00,0.0,927.4455289646226,-0.08058723074993497,1381.0000956654717,0.004347114400150708
2023-08-21 12:00:00,0.0,927.4455289646226,-0.08058723074993497,1356.7918916746612,0.017529473073023216
2023-08-21 16:00:00,0.0,927.4455289646226,-0.08058723074993497,1374.9708730971759,-0.013398503878200867
2023-08-21 20:00:00,0.0,927.4455289646226,-0.08058723074993497,1373.0603435438727,0.0013895054729412073
2023-08-22 00:00:00,0.0,927.4455289646226,-0.08058723074993497,1367.9598687749094,0.0037146763381125263
2023-08-22 04:00:00,0.0,927.4455289646226,-0.08058723074993497,1368.003133325348,-3.162706116310865e-05
2023-08-22 08:00:00,0.0,927.4455289646226,-0.08058723074993497,1359.83007943294,0.005974440915599922
2023-08-22 12:00:00,0.0,927.4455289646226,-0.08058723074993497,1344.5739275103845,0.01121916050637555
2023-08-22 16:00:00,0.0,927.4455289646226,-0.08058723074993497,1332.8092111348778,0.008749772797759094
2023-08-22 20:00:00,0.0,927.4455289646226,-0.08058723074993497,1355.3447807520672,-0.01690832373374748
2023-08-23 00:00:00,0.0,927.4455289646226,-0.08058723074993497,1354.513980950767,0.0006129804114042292
2023-08-23 04:00:00,0.0,927.4455289646226,-0.08058723074993497,1363.5751219587053,-0.0066895883950773205
2023-08-23 08:00:00,0.0,927.4455289646226,-0.08058723074993497,1358.7864062666365,0.0035118825614756577
2023-08-23 12:00:00,0.0,927.4455289646226,-0.08058723074993497,1372.5059701692373,-0.010096924608111195
2023-08-23 16:00:00,0.0,927.4455289646226,-0.08058723074993497,1397.4540350929315,-0.01817701741626527
2023-08-23 20:00:00,0.0,927.4455289646226,-0.08058723074993497,1393.2315888721603,0.003021527803231378
2023-08-24 00:00:00,0.0,927.4455289646226,-0.08058723074993497,1392.7946608026846,0.0003136076392219467
2023-08-24 04:00:00,0.0,927.4455289646226,-0.08058723074993497,1395.1106814062468,-0.0016628586170969026
2023-08-24 08:00:00,0.0,927.4455289646226,-0.08058723074993497,1391.9719402168548,0.0022498151804185573
2023-08-24 12:00:00,0.0,927.4455289646226,-0.08058723074993497,1364.5055807130693,0.01973197785833723
2023-08-24 16:00:00,0.0,927.4455289646226,-0.08058723074993497,1367.429163619763,-0.0021425950527557613
2023-08-24 20:00:00,0.0,927.4455289646226,-0.08058723074993497,1375.1187075678813,-0.005623358161941848
2023-08-25 00:00:00,0.0,927.4455289646226,-0.08058723074993497,1364.5638900326126,0.007675568281618893
2023-08-25 04:00:00,0.0,927.4455289646226,-0.08058723074993497,1355.6704150774867,0.006517448556339163
2023-08-25 08:00:00,0.0,927.4455289646226,-0.08058723074993497,1362.0331899311104,-0.004693452614188599
2023-08-25 12:00:00,0.0,927.4455289646226,-0.08058723074993497,1355.184409813519,0.005028350386922461
2023-08-25 16:00:00,0.0,927.4455289646226,-0.08058723074993497,1358.4746325619863,-0.002427878246415121
2023-08-25 20:00:00,0.0,927.4455289646226,-0.08058723074993497,1364.4799096300067,-0.004420603023477053
2023-08-26 00:00:00,0.0,927.4455289646226,-0.08058723074993497,1363.3179548205844,0.0008515734099281255
2023-08-26 04:00:00,0.0,927.4455289646226,-0.08058723074993497,1359.9102422088051,0.002499572898405633
2023-08-26 08:00:00,0.0,927.4455289646226,-0.08058723074993497,1359.5772024960847,0.00024489830459647636
2023-08-26 12:00:00,0.0,927.4455289646226,-0.08058723074993497,1362.164389645187,-0.0019029350774286532
2023-08-26 16:00:00,0.0,927.4455289646226,-0.08058723074993497,1361.2464686051683,0.00067386950282698
2023-08-26 20:00:00,0.0,927.4455289646226,-0.08058723074993497,1360.2572854455711,0.0007266745460215203
2023-08-27 00:00:00,0.0,927.4455289646226,-0.08058723074993497,1360.4362556648334,-0.0001315708588200959
2023-08-27 04:00:00,0.0,927.4455289646226,-0.08058723074993497,1365.3631730788663,-0.0036215716785826324
2023-08-27 08:00:00,0.0,927.4455289646226,-0.08058723074993497,1368.597913248074,-0.0023691426815868966
2023-08-27 12:00:00,0.0,927.4455289646226,-0.08058723074993497,1374.666018191129,-0.0044338113366353725
2023-08-27 16:00:00,0.0,927.4455289646226,-0.08058723074993497,1372.3512475263412,0.001683878581528821
2023-08-27 20:00:00,0.0,927.4455289646226,-0.08058723074993497,1372.7987223878986,-0.00032606438210620273
2023-08-28 00:00:00,0.0,927.4455289646226,-0.08058723074993497,1361.8517789709977,0.007974179490682687
2023-08-28 04:00:00,0.0,927.4455289646226,-0.08058723074993497,1354.9574211166664,0.005062487680957882
2023-08-28 08:00:00,0.0,927.4455289646226,-0.08058723074993497,1357.0726761685125,-0.001561122894993153
2023-08-28 12:00:00,0.0,927.4455289646226,-0.08058723074993497,1372.1876325974808,-0.011137912283108564
2023-08-28 16:00:00,0.0,927.4455289646226,-0.08058723074993497,1370.3341297637535,0.0013507648587525495
2023-08-28 20:00:00,0.0,927.4455289646226,-0.08058723074993497,1376.7584828704967,-0.004688165438782825
2023-08-29 00:00:00,0.0,927.4455289646226,-0.08058723074993497,1376.0692251603425,0.0005006380703149262
2023-08-29 04:00:00,0.0,927.4455289646226,-0.08058723074993497,1366.6494536197597,0.006845419814897169
2023-08-29 08:00:00,0.0,927.4455289646226,-0.08058723074993497,1361.3533143433635,0.0038752726694973555
2023-08-29 12:00:00,0.0,927.4455289646226,-0.08058723074993497,1427.5030256342284,-0.04859114132525656
2023-08-29 16:00:00,0.005556069949203879,932.5984811976264,-0.07547890909179039,1437.81894569569,-0.001670478699880954
2023-08-29 20:00:00,-0.0009588704894251121,931.7042400355233,-0.07636540508271336,1435.1712246930842,0.0008826138021347716
2023-08-30 00:00:00,-0.0029831916413454174,928.9247877344433,-0.07912078408592804,1418.9511430394844,0.008318652608680319
2023-08-30 04:00:00,-0.00022593989684760452,928.7149065637234,-0.07932884744098076,1416.5668932396043,0.001454350373593221
2023-08-30 08:00:00,-0.0017014433453282907,927.1347507662433,-0.08089531724673807,1409.4215955528573,0.0033426514452862266
2023-08-30 12:00:00,-0.0022172000330060726,925.0791075662434,-0.0829331561796746,1395.0306316968702,0.007993345840134352
2023-08-30 16:00:00,-0.0003303889618813116,924.7734716402365,-0.08323614494218014,1394.0941990285437,0.00034087419682604647
2023-08-30 20:00:00,0.0,924.7734716402365,-0.08323614494218014,1399.9477261085597,-0.004198803125423455
2023-08-31 00:00:00,0.0,924.7734716402365,-0.08323614494218014,1392.4173272169742,0.005379057197026614
2023-08-31 04:00:00,0.0,924.7734716402365,-0.08323614494218014,1397.0574795613256,-0.0033324436960473175
2023-08-31 08:00:00,0.0,924.7734716402365,-0.08323614494218014,1402.4222304282562,-0.003840035893594797
2023-08-31 12:00:00,0.0,924.7734716402365,-0.08323614494218014,1375.8893297049162,0.018919338375888058
2023-08-31 16:00:00,0.0,924.7734716402365,-0.08323614494218014,1348.3257420361897,0.02003328834204868
2023-08-31 20:00:00,0.0,924.7734716402365,-0.08323614494218014,1343.9356740419125,0.0032559402059975573
2023-09-01 00:00:00,0.0,924.7734716402365,-0.08323614494218014,1348.5305014485214,-0.003418934027392636
2023-09-01 04:00:00,0.0,924.7734716402365,-0.08323614494218014,1341.2290581868797,0.005414370126444222
2023-09-01 08:00:00,0.0,924.7734716402365,-0.08323614494218014,1345.8278896864201,-0.0034288188668960867
2023-09-01 12:00:00,0.0,924.7734716402365,-0.08323614494218014,1330.681417007189,0.0112543905467439
2023-09-01 16:00:00,0.0,924.7734716402365,-0.08323614494218014,1320.9785303223512,0.007291667683058556
2023-09-01 20:00:00,0.0,924.7734716402365,-0.08323614494218014,1328.0969307613366,-0.005388732879139514
2023-09-02 00:00:00,0.0,924.7734716402365,-0.08323614494218014,1332.6549980787283,-0.003432029102558639
2023-09-02 04:00:00,0.0,924.7734716402365,-0.08323614494218014,1330.377850294478,0.0017087301571172236
2023-09-02 08:00:00,0.0,924.7734716402365,-0.08323614494218014,1330.6373521529213,-0.0001950587634826917
2023-09-02 12:00:00,0.0,924.7734716402365,-0.08323614494218014,1333.962536620734,-0.002498941174642666
2023-09-02 16:00:00,0.0,924.7734716402365,-0.08323614494218014,1328.825446744649,0.003851000110616692
2023-09-02 20:00:00,0.0,924.7734716402365,-0.08323614494218014,1332.9281502590172,-0.0030874660960318006
2023-09-03 00:00:00,0.0,924.7734716402365,-0.08323614494218014,1335.1301329789687,-0.0016519890584677194
2023-09-03 04:00:00,0.0,924.7734716402365,-0.08323614494218014,1335.5449449340492,-0.0003106902801715312
2023-09-03 08:00:00,0.0,924.7734716402365,-0.08323614494218014,1333.2072672133486,0.0017503549615218558
2023-09-03 12:00:00,0.0,924.7734716402365,-0.08323614494218014,1329.2319454299607,0.0029817732629804678
2023-09-03 16:00:00,0.0,924.7734716402365,-0.08323614494218014,1335.7253793473649,-0.004885102212393784
2023-09-03 20:00:00,0.0,924.7734716402365,-0.08323614494218014,1335.4941165923926,0.00017313645345667133
2023-09-04 00:00:00,0.0,924.7734716402365,-0.08323614494218014,1343.5041831228052,-0.0059978298899968484
2023-09-04 04:00:00,0.0,924.7734716402365,-0.08323614494218014,1339.7986049897331,0.002758144097816765
2023-09-04 08:00:00,0.0,924.7734716402365,-0.08323614494218014,1332.3199589506223,0.005581918066833645
2023-09-04 12:00:00,0.0,924.7734716402365,-0.08323614494218014,1331.1144549632033,0.0009048156783364776
2023-09-04 16:00:00,0.0,924.7734716402365,-0.08323614494218014,1335.3143942733334,-0.003155205245101378
2023-09-04 20:00:00,0.0,924.7734716402365,-0.08323614494218014,1334.3749662775808,0.0007035257013490963
2023-09-05 00:00:00,0.0,924.7734716402365,-0.08323614494218014,1324.9976586241246,0.007027490690728008
2023-09-05 04:00:00,0.0,924.7734716402365,-0.08323614494218014,1330.3696158236826,-0.004054314484703582
2023-09-05 08:00:00,0.0,924.7734716402365,-0.08323614494218014,1334.9662114746957,-0.0034551267530015884
2023-09-05 12:00:00,0.0,924.7734716402365,-0.08323614494218014,1344.284830906113,-0.0069804159470997496
2023-09-05 16:00:00,0.0,924.7734716402365,-0.08323614494218014,1338.962353231117,0.003959337747944642
2023-09-05 20:00:00,0.0,924.7734716402365,-0.08323614494218014,1343.3907694261036,-0.003307349294997129
2023-09-06 00:00:00,0.0,924.7734716402365,-0.08323614494218014,1343.1065560779662,0.00021156416629139078
2023-09-06 04:00:00,0.0,924.7734716402365,-0.08323614494218014,1333.6574025854843,0.007035296976045261
2023-09-06 08:00:00,0.0,924.7734716402365,-0.08323614494218014,1335.2275903948237,-0.0011773546986620761
2023-09-06 12:00:00,0.0,924.7734716402365,-0.08323614494218014,1325.848609158255,0.007024256616653243
2023-09-06 16:00:00,0.0,924.7734716402365,-0.08323614494218014,1332.3307694709783,-0.004889065212987376
2023-09-06 20:00:00,0.0,924.7734716402365,-0.08323614494218014,1337.464490550366,-0.0038531881099062976
2023-09-07 00:00:00,0.0,924.7734716402365,-0.08323614494218014,1341.2742921018128,-0.002848525383936714
2023-09-07 04:00:00,0.0,924.7734716402365,-0.08323614494218014,1335.3039730144021,0.004451229045816629
2023-09-07 08:00:00,0.0,924.7734716402365,-0.08323614494218014,1326.8529689224247,0.006328899084228369
2023-09-07 12:00:00,0.0,924.7734716402365,-0.08323614494218014,1331.5059218249773,-0.0035067584815606473
2023-09-07 16:00:00,0.0,924.7734716402365,-0.08323614494218014,1337.505310427474,-0.004505716800923836
2023-09-07 20:00:00,0.0,924.7734716402365,-0.08323614494218014,1350.9706044661127,-0.01006746958958644
2023-09-08 00:00:00,0.0,924.7734716402365,-0.08323614494218014,1351.13650075638,-0.00012279785342390287
2023-09-08 04:00:00,0.0,924.7734716402365,-0.08323614494218014,1349.9790829201515,0.0008566253932010033
2023-09-08 08:00:00,0.0,924.7734716402365,-0.08323614494218014,1330.689312677929,0.014288940092684
2023-09-08 12:00:00,0.0,924.7734716402365,-0.08323614494218014,1331.6411002567584,-0.0007152590539062523
2023-09-08 16:00:00,0.0,924.7734716402365,-0.08323614494218014,1334.3467682743706,-0.002031829760354098
2023-09-08 20:00:00,0.0,924.7734716402365,-0.08323614494218014,1336.069409518373,-0.0012909996748672325
2023-09-09 00:00:00,0.0,924.7734716402365,-0.08323614494218014,1333.815959235042,0.0016866266582238015
2023-09-09 04:00:00,0.0,924.7734716402365,-0.08323614494218014,1334.366807575162,-0.0004129867665070286
2023-09-09 08:00:00,0.0,924.7734716402365,-0.08323614494218014,1334.8515929272996,-0.0003633074124637251
2023-09-09 12:00:00,0.0,924.7734716402365,-0.08323614494218014,1334.0086848186622,0.0006314620390039145
2023-09-09 16:00:00,0.0,924.7734716402365,-0.08323614494218014,1331.7277899553585,0.001709805107913298
2023-09-09 20:00:00,0.0,924.7734716402365,-0.08323614494218014,1330.709879578091,0.0007643531845960798
2023-09-10 00:00:00,0.0,924.7734716402365,-0.08323614494218014,1321.0899687178135,0.007229157164841579
2023-09-10 04:00:00,0.0,924.7734716402365,-0.08323614494218014,1309.3955213543284,0.008852120325185025
2023-09-10 08:00:00,0.0,924.7734716402365,-0.08323614494218014,1306.1883099457964,0.0024493832125030346
2023-09-10 12:00:00,0.0,924.7734716402365,-0.08323614494218014,1302.5868168110167,0.0027572541473206585
2023-09-10 16:00:00,0.0,924.7734716402365,-0.08323614494218014,1301.8174687567362,0.000590630923291559
2023-09-10 20:00:00,0.0,924.7734716402365,-0.08323614494218014,1301.8204006012004,-2.252116394771012e-06
2023-09-11 00:00:00,0.0,924.7734716402365,-0.08323614494218014,1300.2836568920102,0.001180457541209577
2023-09-11 04:00:00,0.0,924.7734716402365,-0.08323614494218014,1293.3473213717652,0.005334478737373741
2023-09-11 08:00:00,0.0,924.7734716402365,-0.08323614494218014,1266.251109186999,0.02095045293481349
2023-09-11 12:00:00,0.0,924.7734716402365,-0.08323614494218014,1263.5306868729663,0.0021484066582806278
2023-09-11 16:00:00,0.0,924.7734716402365,-0.08323614494218014,1247.9403702855016,0.012338692482450262
2023-09-11 20:00:00,0.0,924.7734716402365,-0.08323614494218014,1260.4482848304094,-0.010022846317606035
2023-09-12 00:00:00,0.0,924.7734716402365,-0.08323614494218014,1285.4772951064556,-0.019857229032933806
2023-09-12 04:00:00,0.0,924.7734716402365,-0.08323614494218014,1279.0438426220676,0.005004718876699351
2023-09-12 08:00:00,0.0,924.7734716402365,-0.08323614494218014,1296.6181126017577,-0.01374016229472048
2023-09-12 12:00:00,0.0,924.7734716402365,-0.08323614494218014,1292.404319819908,0.0032498333479195223
2023-09-12 16:00:00,0.0,924.7734716402365,-0.08323614494218014,1287.4048156621773,0.003868374688214723
2023-09-12 20:00:00,0.0,924.7734716402365,-0.08323614494218014,1280.7781020632542,0.005147342559468836
2023-09-13 00:00:00,0.0,924.7734716402365,-0.08323614494218014,1277.0865953530083,0.0028822375275615914
2023-09-13 04:00:00,0.0,924.7734716402365,-0.08323614494218014,1276.0786169969267,0.0007892795678457386
2023-09-13 08:00:00,0.0,924.7734716402365,-0.08323614494218014,1292.2598862520185,-0.012680464228114799
2023-09-13 12:00:00,0.0,924.7734716402365,-0.08323614494218014,1296.2610385802445,-0.003096244316482271
2023-09-13 16:00:00,0.0,924.7734716402365,-0.08323614494218014,1292.6102678883221,0.0028163854218134893
2023-09-13 20:00:00,0.0,924.7734716402365,-0.08323614494218014,1296.4678231059606,-0.0029843142310328474
2023-09-14 00:00:00,0.0,924.7734716402365,-0.08323614494218014,1304.4657105259323,-0.006168982582854381
2023-09-14 04:00:00,0.0,924.7734716402365,-0.08323614494218014,1301.533449651359,0.002247863512940453
2023-09-14 08:00:00,0.0,924.7734716402365,-0.08323614494218014,1306.1779766326013,-0.0035685037387907276
2023-09-14 12:00:00,0.0,924.7734716402365,-0.08323614494218014,1313.9676731782495,-0.005963732879443137
2023-09-14 16:00:00,-0.0006768397877687793,924.1475481599573,-0.08385664719527158,1317.9809140416194,-0.003731131719976347
2023-09-14 20:00:00,-0.0024748958914123653,921.8603791899574,-0.08612400661507279,1311.529184573873,0.002420265638629896
2023-09-15 00:00:00,0.001436776523252803,923.1848865404944,-0.08481097104261301,1323.1738244914688,-0.007441897359539469
2023-09-15 04:00:00,-0.0008346449743782403,922.4143549145215,-0.08557482896623834,1314.0008916458914,0.006097877930617097
2023-09-15 08:00:00,-0.002284298706699217,920.3072849965495,-0.08766364920180396,1309.2411838885378,0.001338003064642474
2023-09-15 12:00:00,-0.001662305813439069,918.7774528465494,-0.08918023122154756,1305.9842104255188,0.0008253744574683785
2023-09-15 16:00:00,0.001177809558235543,919.8595977124035,-0.08810745899205033,1306.6059503582087,0.0007017395355454362
2023-09-15 20:00:00,0.0032417540105205145,922.8415562524035,-0.085151327690074,1322.7090069092735,-0.009082586427887776
2023-09-16 00:00:00,0.00021957063874733507,923.0441851623725,-0.08495045378273766,1325.7456378440072,-0.002076195791262249
2023-09-16 04:00:00,-0.001986292525452127,921.2107493967225,-0.08676800985680735,1322.9639210070732,0.00011193563953574128
2023-09-16 08:00:00,0.00043034726527735323,921.6071899234695,-0.0863750029672854,1323.2200018889098,0.00023678122937084316
2023-09-16 12:00:00,-0.00027099125606944163,921.3574424334695,-0.08662258735280774,1318.2170384609767,0.003509909441313654
2023-09-16 16:00:00,0.0003678097366262012,921.6963266717095,-0.08628663824722171,1317.375650872062,0.0010060867155802075
2023-09-16 20:00:00,0.0004290412997824955,922.0917724617095,-0.0858946174788666,1320.7449058167394,-0.0021285093445210235
2023-09-17 00:00:00,-0.0005278587790948919,921.6050382244845,-0.08637713603004825,1315.3436690488443,0.0035616794383970573
2023-09-17 04:00:00,-0.0005743941040088352,921.0756737243034,-0.0869019156164003,1310.6981195082124,0.0029574201662427697
2023-09-17 08:00:00,0.0010878394038023043,922.0776561360644,-0.08590861154067148,1315.9637801666584,-0.002929607924512848
2023-09-17 12:00:00,-0.0002663839952800062,921.8320294060645,-0.08615211085678029,1316.343346163964,-0.000554815943807907
2023-09-17 16:00:00,-0.0007580239316540283,921.1332586668095,-0.08684482942664237,1311.5342453677863,0.0028953548089246978
2023-09-17 20:00:00,0.0003572470290305052,921.4623307868094,-0.08651860745491123,1306.6447843830915,0.004085293781880399
2023-09-18 00:00:00,0.0020520654365365765,923.3532317868875,-0.08464408386235012,1317.4895759648978,-0.006247658950245689
2023-09-18 04:00:00,0.0007863957713731828,924.0793528638485,-0.08392425184059799,1313.620200645945,0.0037233262712738874
2023-09-18 08:00:00,0.007701717880047143,931.1963513383824,-0.07686889487152111,1337.7157900418038,-0.010641171018898117
2023-09-18 12:00:00,-0.0019242051866866783,929.4045384893134,-0.07864518853200117,1342.3297257119782,-0.005373320241260677
2023-09-18 16:00:00,-0.011459390121300261,918.7541293022573,-0.08920335275675004,1329.5239205690812,-0.0019194053488519967
2023-09-18 20:00:00,-0.0034048504175511196,915.6259089214757,-0.09230447910142038,1325.2792755613116,-0.00021224519841924134
2023-09-19 00:00:00,0.0035358598302261957,918.8634337923455,-0.08909499497099882,1334.2712688255249,-0.003249120083086754
2023-09-19 04:00:00,-0.006623102001915404,912.7777075445085,-0.09512801173336119,1330.1100999442601,-0.0035044191834450495
2023-09-19 08:00:00,0.00962989028885497,921.5676567262747,-0.08641419376089543,1345.5750975804715,-0.0019969649894106146
2023-09-19 12:00:00,0.001395259116065084,922.8534824003927,-0.08513950483643264,1349.9756049959174,-0.001875095265015963
2023-09-19 16:00:00,-0.0014178236306381375,921.5450389254288,-0.08643661566521282,1342.1801994909297,0.004356655164488751
2023-09-19 20:00:00,-0.0015582223233217007,920.1090668738289,-0.08786015052445259,1342.7026125346633,-0.0019474495254005542
2023-09-20 00:00:00,0.0036867659459784985,923.5012936481654,-0.08449730438943612,1339.7475672211424,0.00588758486591994
2023-09-20 04:00:00,-0.007279567348343896,916.7786037847709,-0.09116176791972358,1335.9445291073218,-0.00444094445633996
2023-09-20 08:00:00,0.002072194114703718,918.6783470120199,-0.08927847868398918,1336.1848780523922,0.0018922847398502901
2023-09-20 12:00:00,0.004972011314474667,923.2460261477265,-0.08475036097567043,1340.6676242036735,0.0016171266537417278
2023-09-20 16:00:00,-0.006851716956481457,916.920205695366,-0.09102139244678698,1328.9623180454648,0.0018792361499318268
2023-09-20 20:00:00,0.002123095182068324,918.8669145664189,-0.08909154434448759,1336.7277810757605,-0.0037201578017457427
2023-09-21 00:00:00,-0.0014679499406814456,917.518063933687,-0.09042871235793332,1334.9716713544997,-0.00015421221029056549
2023-09-21 04:00:00,-0.0034383450103234736,914.363320276679,-0.09355613225633086,1323.2966544519213,0.005307171582348962
2023-09-21 08:00:00,-0.00437161288409571,910.366077805013,-0.0975187539472686,1307.9329592378422,0.00723855416528929
2023-09-21 12:00:00,-0.00018135536531460605,910.2009780324026,-0.09768242376333607,1306.6008431663265,0.0008371342003064314
2023-09-21 16:00:00,0.0,910.2009780324026,-0.09768242376333607,1308.206865129727,-0.0012291603604882098
2023-09-21 20:00:00,0.0,910.2009780324026,-0.09768242376333607,1302.3416233484165,0.004483420732338491
2023-09-22 00:00:00,0.0,910.2009780324026,-0.09768242376333607,1310.6060431888368,-0.006345815638735359
2023-09-22 04:00:00,0.0,910.2009780324026,-0.09768242376333607,1310.195101820304,0.00031355064374121485
2023-09-22 08:00:00,0.0,910.2009780324026,-0.09768242376333607,1309.3042570128282,0.000679932939940223
2023-09-22 12:00:00,0.0,910.2009780324026,-0.09768242376333607,1305.0712730132693,0.0032330025484040054
2023-09-22 16:00:00,0.0,910.2009780324026,-0.09768242376333607,1303.3366167879446,0.001329165893997199
2023-09-22 20:00:00,0.0,910.2009780324026,-0.09768242376333607,1306.225742317859,-0.002216714770919686
2023-09-23 00:00:00,0.0,910.2009780324026,-0.09768242376333607,1303.6769723891214,0.0019512476642934429
2023-09-23 04:00:00,0.0,910.2009780324026,-0.09768242376333607,1308.247769725155,-0.0035060812094096505
2023-09-23 08:00:00,0.0,910.2009780324026,-0.09768242376333607,1310.304765402071,-0.0015723288237276295
2023-09-23 12:00:00,0.0,910.2009780324026,-0.09768242376333607,1304.6162862497592,0.004341340505288053
2023-09-23 16:00:00,0.0,910.2009780324026,-0.09768242376333607,1307.7192657637436,-0.0023784614270792987
2023-09-23 20:00:00,0.0,910.2009780324026,-0.09768242376333607,1306.213362696178,0.0011515491948390316
2023-09-24 00:00:00,0.0,910.2009780324026,-0.09768242376333607,1305.9780755547051,0.00018012917965179058
2023-09-24 04:00:00,0.0,910.2009780324026,-0.09768242376333607,1306.9036281752674,-0.0007087045624171015
2023-09-24 08:00:00,0.0,910.2009780324026,-0.09768242376333607,1309.5154617055698,-0.0019984897692488313
2023-09-24 12:00:00,0.0,910.2009780324026,-0.09768242376333607,1308.0701746583716,0.0011036807807643934
2023-09-24 16:00:00,0.0,910.2009780324026,-0.09768242376333607,1301.10248410662,0.005326694765111701
2023-09-24 20:00:00,0.0,910.2009780324026,-0.09768242376333607,1292.07857195555,0.006935589057203579
2023-09-25 00:00:00,0.0,910.2009780324026,-0.09768242376333607,1293.5705240958632,-0.001154691496860887
2023-09-25 04:00:00,0.0,910.2009780324026,-0.09768242376333607,1295.39018685596,-0.0014066977611202505
2023-09-25 08:00:00,0.0,910.2009780324026,-0.09768242376333607,1289.885294349742,0.004249601828140175
2023-09-25 12:00:00,0.0,910.2009780324026,-0.09768242376333607,1297.8025325002845,-0.006137939695276318
2023-09-25 16:00:00,0.0,910.2009780324026,-0.09768242376333607,1303.3785879474408,-0.004296536112018523
2023-09-25 20:00:00,0.0,910.2009780324026,-0.09768242376333607,1302.4084989555495,0.0007442879611970607
2023-09-26 00:00:00,0.0,910.2009780324026,-0.09768242376333607,1306.9479262825116,-0.0034854097854878203
2023-09-26 04:00:00,0.0,910.2009780324026,-0.09768242376333607,1302.7448286948174,0.0032159640817898127
2023-09-26 08:00:00,0.0,910.2009780324026,-0.09768242376333607,1304.7053076179996,-0.0015048832894975098
2023-09-26 12:00:00,0.0,910.2009780324026,-0.09768242376333607,1295.9408412479004,0.006717583134616408
2023-09-26 16:00:00,0.0,910.2009780324026,-0.09768242376333607,1302.3204274656534,-0.0049227449391979605
2023-09-26 20:00:00,0.0,910.2009780324026,-0.09768242376333607,1301.6217493834856,0.0005364870790880121
2023-09-27 00:00:00,0.0,910.2009780324026,-0.09768242376333607,1304.1551860611387,-0.0019463693495079973
2023-09-27 04:00:00,0.0,910.2009780324026,-0.09768242376333607,1299.4365489074032,0.003618156185834704
2023-09-27 08:00:00,0.0,910.2009780324026,-0.09768242376333607,1320.7225770115804,-0.016380967675624487
2023-09-27 12:00:00,0.0,910.2009780324026,-0.09768242376333607,1298.799610908011,0.016599221127252206
2023-09-27 16:00:00,0.0,910.2009780324026,-0.09768242376333607,1299.1118960790313,-0.00024044138017725075
2023-09-27 20:00:00,0.0,910.2009780324026,-0.09768242376333607,1299.7037474047127,-0.0004555814841413129
2023-09-28 00:00:00,0.0,910.2009780324026,-0.09768242376333607,1301.1898558415246,-0.0011434209063253859
2023-09-28 04:00:00,0.0,910.2009780324026,-0.09768242376333607,1307.8693417937402,-0.005133367680533819
2023-09-28 08:00:00,0.0,910.2009780324026,-0.09768242376333607,1311.6887010654693,-0.0029202911557594563
2023-09-28 12:00:00,0.0,910.2009780324026,-0.09768242376333607,1330.8089547786224,-0.014576822761087944
2023-09-28 16:00:00,0.0,910.2009780324026,-0.09768242376333607,1333.87010899431,-0.0023002206324923874
2023-09-28 20:00:00,0.0,910.2009780324026,-0.09768242376333607,1335.6232072500106,-0.001314294580768863
2023-09-29 00:00:00,0.0,910.2009780324026,-0.09768242376333607,1339.8050748378323,-0.0031310234541609733
2023-09-29 04:00:00,0.0,910.2009780324026,-0.09768242376333607,1348.784727008645,-0.006702207910280962
2023-09-29 08:00:00,-0.005384570160702484,905.2999370058471,-0.10254101605981741,1341.1461106444076,0.0002787623276320362
2023-09-29 12:00:00,0.0009813933522833107,906.1883923458472,-0.10166025577903155,1353.0788850939464,-0.007916052164525542
2023-09-29 16:00:00,-0.0019329445422247016,904.436780438635,-0.10339669668468696,1344.140978789319,0.004672661681544581
2023-09-29 20:00:00,-0.007103941404819958,898.0117145460349,-0.10976611401480695,1342.6565862585758,-0.005999598516561178
2023-09-30 00:00:00,0.00047949721151518965,898.4423086590677,-0.10933924934888067,1340.468745539264,0.0021089836652392296
2023-09-30 04:00:00,0.0004209348204431418,898.8204943109417,-0.10896433922572953,1341.5954270568466,-0.0004195782622616091
2023-09-30 08:00:00,0.0011005717526215708,899.8097107576577,-0.10798369054690285,1342.9190870031628,0.00011394052265394669
2023-09-30 12:00:00,0.0021031793804564547,901.7021719876577,-0.10610762023783024,1359.1313197163656,-0.00996920299172507
2023-09-30 16:00:00,-0.0020115297847895786,899.8883712116951,-0.10790571138411824,1359.8075029851107,-0.0025090411429165016
2023-09-30 20:00:00,-0.002949333278333577,897.2343004916951,-0.11053679475694438,1355.7866047581147,7.628069628570246e-06
2023-10-01 00:00:00,-0.0014488731701771673,895.93432178635,-0.11182551413088083,1359.8544143365475,-0.0044492049068655115
2023-10-01 04:00:00,0.0034547971173539693,899.029593098596,-0.10875705147739279,1365.0471707045094,-0.0003638148702354493
2023-10-01 08:00:00,0.030235486091557462,926.2121898566272,-0.0818098877031388,1392.144705093754,0.010384498542709859
2023-10-01 12:00:00,-0.0021840129050004764,924.1893304812116,-0.08381522675763893,1389.33498017247,-0.00016574216704958117
2023-10-01 16:00:00,-0.004416643512738072,920.1075156702001,-0.08786168829284918,1380.3066707213684,0.002081652132262397
2023-10-01 20:00:00,0.02824041519394971,946.0917339358002,-0.06210252365593082,1419.5017685439177,-0.00015551931389798032
2023-10-02 00:00:00,0.0013367522847567148,947.3564242227284,-0.0608487870615603,1423.413166480664,-0.0014187201094470864
2023-10-02 04:00:00,0.002653470667455249,949.8702067060287,-0.058356776865723076,1427.1192549380999,4.980748328015875e-05
2023-10-02 08:00:00,-0.004838753215259395,945.2740191892508,-0.06291315603929132,1418.5422958749068,0.001171227403749816
2023-10-02 12:00:00,-0.010030208762250803,935.7927234392507,-0.07231233271257598,1405.3223201260696,-0.0007107998258514114
2023-10-02 16:00:00,-0.0010608926050553746,934.7999478590893,-0.07329650969860232,1395.5066786668453,0.005923726737177527
2023-10-02 20:00:00,-0.00025767606079496463,934.5590722908937,-0.07353529900350811,1381.1203150336098,0.01005138505167426
2023-10-03 00:00:00,0.0,934.5590722908937,-0.07353529900350811,1388.728163335276,-0.0055084616588822865
2023-10-03 04:00:00,0.0,934.5590722908937,-0.07353529900350811,1388.493627847371,0.00016888509507995142
2023-10-03 08:00:00,0.0,934.5590722908937,-0.07353529900350811,1387.2482303769775,0.0008969414374080228
2023-10-03 12:00:00,0.0,934.5590722908937,-0.07353529900350811,1381.637544380841,0.004044471546820242
2023-10-03 16:00:00,0.0,934.5590722908937,-0.07353529900350811,1379.4669792098123,0.0015710091115116137
2023-10-03 20:00:00,0.0,934.5590722908937,-0.07353529900350811,1395.03945325142,-0.011288761729206407
2023-10-04 00:00:00,0.0,934.5590722908937,-0.07353529900350811,1380.07746896604,0.010725133436554759
2023-10-04 04:00:00,0.0,934.5590722908937,-0.07353529900350811,1387.1664200521047,-0.005136632722057158
2023-10-04 08:00:00,0.0,934.5590722908937,-0.07353529900350811,1394.4652346319422,-0.005261671904920487
2023-10-04 12:00:00,0.0,934.5590722908937,-0.07353529900350811,1381.3704913995696,0.009390512511291828
2023-10-04 16:00:00,0.0,934.5590722908937,-0.07353529900350811,1393.9827023918826,-0.009130216021579374
2023-10-04 20:00:00,0.0018452303375471324,936.2835490433147,-0.07182575823056293,1402.4703921213204,-0.00424357529459894
2023-10-05 00:00:00,-0.0016056462593581067,934.7802088650948,-0.07331607772989254,1398.191647677363,0.0014452163242615174
2023-10-05 04:00:00,-0.0005536688589485861,934.2626501734848,-0.0738291537597418,1392.093456280496,0.00380781578230024
2023-10-05 08:00:00,0.004457258696397348,938.4269004956898,-0.0697009707009877,1400.5186610766266,-0.0015949246237094228
2023-10-05 12:00:00,-0.006827659455004631,932.0196411956897,-0.07605273566436271,1384.8526707622175,0.004358189580641889
2023-10-05 16:00:00,0.006583272598889023,938.1553805611998,-0.06997013895624335,1391.5300696956838,0.001761533020056375
2023-10-05 20:00:00,-0.0010507131552242033,937.1696483611997,-0.07094733356599336,1387.3791594752531,0.001932269613763677
2023-10-06 00:00:00,0.007072400051671757,943.7976870306948,-0.06437670143989964,1402.940584624355,-0.004144018360572226
2023-10-06 04:00:00,0.005194454829423156,948.7002014840898,-0.05951664847817326,1409.4775237649505,0.0005349993883034176
2023-10-06 08:00:00,0.0007516375271812148,949.4132801575697,-0.058809745897480205,1409.9127961723252,0.0004428192593937595
2023-10-06 12:00:00,0.002336071652201843,951.6311776075697,-0.05661105802554271,1419.170338230055,-0.00422996710059355
2023-10-06 16:00:00,-0.002358180332176385,949.3870596810497,-0.0588357392740996,1419.588794198786,-0.0026530399113675767
2023-10-06 20:00:00,0.0005191413712397619,949.8799257810497,-0.058347141969224595,1418.6443374198568,0.0011844444384299102
2023-10-07 00:00:00,0.007235825747847535,956.7530914053797,-0.051533505973551316,1423.6821826096284,0.003684657173112203
2023-10-07 04:00:00,-0.0041489223483555104,952.7835971225896,-0.055468619807284084,1416.333998578312,0.0010124711993581793
2023-10-07 08:00:00,-0.005458891231012397,947.5824550992047,-0.06062471387603412,1409.5570894235366,-0.0006740670570690088
2023-10-07 12:00:00,-0.0015603901191323377,946.1038567992048,-0.062090505790659035,1408.3124556298376,-0.0006773937488271375
2023-10-07 16:00:00,-0.00021840398824246599,945.8972239435883,-0.06229534896480478,1397.5464782751349,0.007426190300237437
2023-10-07 20:00:00,0.0,945.8972239435883,-0.06229534896480478,1403.6006339498376,-0.00433198878807601
2023-10-08 00:00:00,0.0,945.8972239435883,-0.06229534896480478,1410.2771583250715,-0.004756712282499885
2023-10-08 04:00:00,0.0,945.8972239435883,-0.06229534896480478,1398.1386826463968,0.008607156123191375
2023-10-08 08:00:00,0.0,945.8972239435883,-0.06229534896480478,1388.6216918515959,0.0068069004262061306
2023-10-08 12:00:00,0.0,945.8972239435883,-0.06229534896480478,1395.1083343835594,-0.004671281292829248
2023-10-08 16:00:00,0.0,945.8972239435883,-0.06229534896480478,1395.2372548057608,-9.240889687499112e-05
2023-10-08 20:00:00,0.0,945.8972239435883,-0.06229534896480478,1393.217304061365,0.0014477471393759783
2023-10-09 00:00:00,0.0,945.8972239435883,-0.06229534896480478,1392.8665371025536,0.0002517675870009776
2023-10-09 04:00:00,0.0,945.8972239435883,-0.06229534896480478,1384.0545915291752,0.006326482357533493
2023-10-09 08:00:00,0.0,945.8972239435883,-0.06229534896480478,1351.5116426294674,0.023512763946509394
2023-10-09 12:00:00,0.0,945.8972239435883,-0.06229534896480478,1348.5461201468065,0.002194226367810716
2023-10-09 16:00:00,0.0,945.8972239435883,-0.06229534896480478,1350.126064341296,-0.0011715907753436308
2023-10-09 20:00:00,0.0,945.8972239435883,-0.06229534896480478,1349.157777170732,0.0007171827847321273
2023-10-10 00:00:00,0.0,945.8972239435883,-0.06229534896480478,1350.9668971343226,-0.001340925423403218
2023-10-10 04:00:00,0.0,945.8972239435883,-0.06229534896480478,1359.599203544007,-0.006389724595025578
2023-10-10 08:00:00,0.0,945.8972239435883,-0.06229534896480478,1349.0164975479274,0.007783695348227648
2023-10-10 12:00:00,0.0,945.8972239435883,-0.06229534896480478,1342.1181337691953,0.00511362447477188
2023-10-10 16:00:00,0.0,945.8972239435883,-0.06229534896480478,1344.189196970682,-0.0015431303321042447
2023-10-10 20:00:00,0.0,945.8972239435883,-0.06229534896480478,1344.6285018979897,-0.00032681777855219404
2023-10-11 00:00:00,0.0,945.8972239435883,-0.06229534896480478,1327.2862491702062,0.012897430556696121
2023-10-11 04:00:00,0.0,945.8972239435883,-0.06229534896480478,1324.57096253632,0.0020457430607631216
2023-10-11 08:00:00,0.0,945.8972239435883,-0.06229534896480478,1335.5176756864955,-0.008264346312721913
2023-10-11 12:00:00,0.0,945.8972239435883,-0.06229534896480478,1324.0341776288071,0.008598536931969483
2023-10-11 16:00:00,0.0,945.8972239435883,-0.06229534896480478,1326.1796961523644,-0.001620440438629554
2023-10-11 20:00:00,0.0,945.8972239435883,-0.06229534896480478,1329.9257757316866,-0.002824714923769916
2023-10-12 00:00:00,0.0,945.8972239435883,-0.06229534896480478,1320.011620942572,0.007454667749153281
2023-10-12 04:00:00,0.0,945.8972239435883,-0.06229534896480478,1316.996966505597,0.0022838090128498895
2023-10-12 08:00:00,0.0,945.8972239435883,-0.06229534896480478,1312.2696047029438,0.0035895009046195297
2023-10-12 12:00:00,0.0,945.8972239435883,-0.06229534896480478,1304.317529500688,0.0060597876943556195
2023-10-12 16:00:00,0.0,945.8972239435883,-0.06229534896480478,1305.3787958965347,-0.0008136564692592543
2023-10-12 20:00:00,0.0,945.8972239435883,-0.06229534896480478,1310.599872274608,-0.0039996638481380065
2023-10-13 00:00:00,0.0,945.8972239435883,-0.06229534896480478,1308.8009210644552,0.0013726166530374664
2023-10-13 04:00:00,0.0,945.8972239435883,-0.06229534896480478,1315.6587362487455,-0.00523976952790712
2023-10-13 08:00:00,0.0,945.8972239435883,-0.06229534896480478,1313.0159853746482,0.002008690248682919
2023-10-13 12:00:00,0.0,945.8972239435883,-0.06229534896480478,1309.8212102121759,0.0024331578579834495
2023-10-13 16:00:00,0.0,945.8972239435883,-0.06229534896480478,1315.426523232881,-0.004279448963723152
2023-10-13 20:00:00,0.0,945.8972239435883,-0.06229534896480478,1319.9719310454159,-0.0034554631005642472
2023-10-14 00:00:00,0.0,945.8972239435883,-0.06229534896480478,1324.6849968823187,-0.003570580348000428
2023-10-14 04:00:00,0.0,945.8972239435883,-0.06229534896480478,1321.2614581429666,0.0025844172368596485
2023-10-14 08:00:00,0.0,945.8972239435883,-0.06229534896480478,1321.905098489156,-0.0004871407867250551
2023-10-14 12:00:00,0.0,945.8972239435883,-0.06229534896480478,1326.8927072026738,-0.003773045976763502
2023-10-14 16:00:00,0.0,945.8972239435883,-0.06229534896480478,1323.8233061449516,0.0023132247551446794
2023-10-14 20:00:00,0.0,945.8972239435883,-0.06229534896480478,1323.4669029480388,0.0002692226336086234
2023-10-15 00:00:00,0.0,945.8972239435883,-0.06229534896480478,1324.1283715038378,-0.0004997998471481127
2023-10-15 04:00:00,0.0,945.8972239435883,-0.06229534896480478,1324.8222437093561,-0.0005240218550187319
2023-10-15 08:00:00,0.0,945.8972239435883,-0.06229534896480478,1322.1265104187771,0.002034788669483145
2023-10-15 12:00:00,0.0,945.8972239435883,-0.06229534896480478,1322.9892074484003,-0.0006525071714580547
2023-10-15 16:00:00,0.0,945.8972239435883,-0.06229534896480478,1328.1445451608595,-0.0038967345186452984
2023-10-15 20:00:00,0.0,945.8972239435883,-0.06229534896480478,1329.258890747819,-0.0008390243298589077
2023-10-16 00:00:00,0.0,945.8972239435883,-0.06229534896480478,1338.191121716035,-0.006719707523032493
2023-10-16 04:00:00,0.0,945.8972239435883,-0.06229534896480478,1359.2379708390306,-0.015727834971738654
2023-10-16 08:00:00,0.0,945.8972239435883,-0.06229534896480478,1362.7188873430011,-0.0025609323596382633
2023-10-16 12:00:00,0.0,945.8972239435883,-0.06229534896480478,1358.3864855309812,0.003179233701285985
2023-10-16 16:00:00,0.0,945.8972239435883,-0.06229534896480478,1374.6887254412934,-0.01200117940214897
2023-10-16 20:00:00,0.0,945.8972239435883,-0.06229534896480478,1377.3664420323394,-0.0019478712100341941
2023-10-17 00:00:00,0.0,945.8972239435883,-0.06229534896480478,1369.2614212530548,0.0058844331703953945
2023-10-17 04:00:00,0.0,945.8972239435883,-0.06229534896480478,1371.7042256946133,-0.0017840307217031099
2023-10-17 08:00:00,0.0,945.8972239435883,-0.06229534896480478,1369.3949482867279,0.0016835097279925984
2023-10-17 12:00:00,0.0,945.8972239435883,-0.06229534896480478,1359.8659029307773,0.006958580771655676
2023-10-17 16:00:00,0.0,945.8972239435883,-0.06229534896480478,1361.1233743718067,-0.0009247025300944044
2023-10-17 20:00:00,0.0,945.8972239435883,-0.06229534896480478,1356.5115512477562,0.003388247686348822
2023-10-18 00:00:00,0.0,945.8972239435883,-0.06229534896480478,1359.109133965805,-0.0019148990774605476
2023-10-18 04:00:00,0.0,945.8972239435883,-0.06229534896480478,1358.606112867621,0.00037011089515405694
2023-10-18 08:00:00,0.0,945.8972239435883,-0.06229534896480478,1358.9105292753154,-0.0002240652421707948
2023-10-18 12:00:00,0.0,945.8972239435883,-0.06229534896480478,1349.9086395442569,0.006624343205184553
2023-10-18 16:00:00,0.0,945.8972239435883,-0.06229534896480478,1346.601139129499,0.002450166120778609
2023-10-18 20:00:00,0.0,945.8972239435883,-0.06229534896480478,1342.5905075926394,0.0029783366583605747
2023-10-19 00:00:00,0.0,945.8972239435883,-0.06229534896480478,1334.2962219066449,0.006177822380754737
2023-10-19 04:00:00,0.0,945.8972239435883,-0.06229534896480478,1341.0636610764375,-0.005071916609433481
2023-10-19 08:00:00,0.0,945.8972239435883,-0.06229534896480478,1347.245224855879,-0.004609448424305012
2023-10-19 12:00:00,0.0,945.8972239435883,-0.06229534896480478,1359.2880195464677,-0.00893882900336632
2023-10-19 16:00:00,0.0037607274171171934,949.4544855674479,-0.058768897374498474,1365.6282815521913,-0.0009036718231846264
2023-10-19 20:00:00,-0.0023594480136256424,947.2142970674479,-0.06098968322995086,1377.8132132379828,-0.01128203101105883
2023-10-20 00:00:00,0.007804064318634341,954.6064183652924,-0.053661586322016085,1396.5129694847706,-0.005767990345322558
2023-10-20 04:00:00,-0.002791570848911351,951.9415669156001,-0.0563033570508446,1395.4407652127888,-0.002023798335937561
2023-10-20 08:00:00,0.011351813638868169,962.747830178318,-0.045590688628460364,1414.3605588435544,-0.002206478552689215
2023-10-20 12:00:00,0.006370734416159651,968.881240914118,-0.03951040038140251,1412.5560520540607,0.007646580789427513
2023-10-20 16:00:00,-0.0018428985718409452,967.0956910589539,-0.04128048529280775,1413.4169305418309,-0.0024523458829888156
2023-10-20 20:00:00,-0.003748595493410223,963.4704405097539,-0.04487433694508355,1411.3126192805066,-0.002259784077717256
2023-10-21 00:00:00,-0.003067366817453898,960.5151232509365,-0.04780405771043687,1407.8135575733272,-0.0005880708348507797
2023-10-21 04:00:00,0.015535003301777817,975.4367288620474,-0.03301169060302903,1427.4193374046547,0.001608599676910025
2023-10-21 08:00:00,4.130158494319858e-05,975.4770159449612,-0.032971752453229426,1445.1324715450667,-0.01236789988532551
2023-10-21 12:00:00,0.0010100886002484266,976.4623341585715,-0.03199496824426428,1454.964833954705,-0.005793690709427003
2023-10-21 16:00:00,0.0014997931217552996,977.9268256509956,-0.030543160955812512,1459.9127877698634,-0.0019009446140905001
2023-10-21 20:00:00,-0.005390360256024795,972.655447756706,-0.03576888257092768,1452.4237795405438,-0.00026059614130705556
2023-10-22 00:00:00,0.002749024956455459,975.3293018566217,-0.03311818716532416,1454.5892842488286,0.0012580656794256573
2023-10-22 04:00:00,-0.01151745756769762,964.0959880079558,-0.04425420741762613,1451.010971569005,-0.009057441727781952
2023-10-22 08:00:00,-0.0012641556366057571,962.8772206304866,-0.04546241884848137,1443.8178268515528,0.0036931774631391457
2023-10-22 12:00:00,0.0033055156236589944,966.060026326946,-0.04230717996061543,1446.169089902272,0.0016770116621542025
2023-10-22 16:00:00,0.00854984329581776,974.3196881663948,-0.03411905642374898,1456.0622526006528,0.0017088986459432255
2023-10-22 20:00:00,0.011298908498418747,985.3284371711948,-0.0232056560219146,1473.9766637459434,-0.0010044192702215304
2023-10-23 00:00:00,0.007781819174334181,992.9960848965903,-0.015604419066564727,1504.6295268176711,-0.0130142109295802
2023-10-23 04:00:00,-0.006757371784700594,986.286041170192,-0.022256345990148238,1489.8448418418745,0.003068757978329093
2023-10-23 08:00:00,0.005359064181215345,991.5716113658599,-0.017016554995533388,1490.164274611587,0.005144657445197527
2023-10-23 12:00:00,-0.0010181522908965235,990.5620404581598,-0.01801738184197803,1484.7220786663252,0.002633925562520432
2023-10-23 16:00:00,0.015403718165440283,1005.8203789547608,-0.0028911983485106216,1512.43560453097,-0.0032620821636955635
2023-10-23 20:00:00,0.032436347656928266,1038.4455184469607,0.0,1573.1955724828908,-0.007737242392059959
2023-10-24 00:00:00,-0.0007335628959969087,1037.6837533451137,-0.0007335628959969476,1581.4317375097978,-0.0059688719516333465
2023-10-24 04:00:00,-0.010098576216917676,1027.204624872901,-0.010824731172099443,1573.4810170217481,-0.005071030418090301
2023-10-24 08:00:00,0.019465835859465708,1047.200021494761,0.0,1604.4701841416781,-0.00022881999255451244
2023-10-24 12:00:00,-0.018575509975672144,1027.747747048961,-0.01857550997567209,1560.111686635404,0.00907130948205686
2023-10-24 16:00:00,0.0025527725375733556,1030.3713532731804,-0.016070156489836094,1564.3528316652557,-0.0001657155464421167
2023-10-24 20:00:00,-0.002414291824785142,1027.8837361384801,-0.01844565026718482,1563.9874121370149,-0.00218070032237973
2023-10-25 00:00:00,-0.004033329544242292,1023.7379422974666,-0.02240458242524176,1573.4387382523685,-0.010076425570468808
2023-10-25 04:00:00,-0.006980754448825399,1016.5914791023422,-0.029228935985628077,1558.8092689415446,0.0023170141615197013
2023-10-25 08:00:00,0.0057719786308760845,1022.4592233960517,-0.02362566614866421,1577.7277601498695,-0.006364522983058214
2023-10-25 12:00:00,0.004901364516674445,1027.4706687533517,-0.018840099633733568,1610.4755319527724,-0.015854923500842753
2023-10-25 16:00:00,-0.004229229668325285,1023.125259317726,-0.022989650193733665,1589.9188970750677,0.008535096438994638
2023-10-25 20:00:00,-0.0020773760901157123,1020.9998433668259,-0.025019268134216812,1585.7543113905965,0.0005419937985828055
2023-10-26 00:00:00,0.0024637239738125594,1023.5153051581876,-0.022617184731113727,1614.2134034937988,-0.015482998225697462
2023-10-26 04:00:00,0.007873078127257349,1031.5735211201418,-0.014922173466262964,1632.6316032830437,-0.003536937270570837
2023-10-26 08:00:00,-0.016031932169690788,1015.0354044014946,-0.030714874363118254,1601.8747848446474,0.002806866721956163
2023-10-26 12:00:00,-0.017990252569335063,996.7746611094946,-0.04815255858502541,1574.4189132505091,-0.0008504162638395089
2023-10-26 16:00:00,0.001663239960649765,998.432536557615,-0.04656940788402181,1584.2860968275838,-0.004603950743190881
2023-10-26 20:00:00,0.004126292652234298,1002.5523613969642,-0.04263527423735835,1605.1590207553088,-0.009048678692601397
2023-10-27 00:00:00,-0.002141366514950338,1000.4055293407844,-0.04468534300370108,1592.257350132406,0.005896261194254333
2023-10-27 04:00:00,-0.005593194500905674,994.8100666353998,-0.0500286036898474,1580.5766092128645,0.0017427684441360435
2023-10-27 08:00:00,0.002740674585921976,997.5365173028467,-0.04742504122662743,1594.5263308644378,-0.006085042288706719
2023-10-27 12:00:00,0.004273997356836201,1001.7999857411467,-0.043353738370641715,1597.993954685299,0.002099292710233474
2023-10-27 16:00:00,-0.007133719838133934,994.6534253090227,-0.050178184785303746,1582.2630715366133,0.0027104245045672017
2023-10-27 20:00:00,-0.00036209845911805427,994.2932628363618,-0.050522113801029736,1581.869520754461,-0.00011337194250277919
2023-10-28 00:00:00,0.0,994.2932628363618,-0.050522113801029736,1601.4237732023346,-0.012361482531471608
2023-10-28 04:00:00,0.0,994.2932628363618,-0.050522113801029736,1600.7611050263965,0.0004137993871622233
2023-10-28 08:00:00,0.0,994.2932628363618,-0.050522113801029736,1601.320613554421,-0.00034952656350005295
2023-10-28 12:00:00,0.0,994.2932628363618,-0.050522113801029736,1600.3667397897677,0.0005956794389452767
2023-10-28 16:00:00,0.0,994.2932628363618,-0.050522113801029736,1591.300538110825,0.00566507754349702
2023-10-28 20:00:00,0.0,994.2932628363618,-0.050522113801029736,1593.640858531645,-0.001470696681594909
2023-10-29 00:00:00,0.0,994.2932628363618,-0.050522113801029736,1587.0385372790472,0.00414291665355596
2023-10-29 04:00:00,0.0,994.2932628363618,-0.050522113801029736,1602.1312518506606,-0.009509986189427952
2023-10-29 08:00:00,0.0,994.2932628363618,-0.050522113801029736,1608.1500228269883,-0.003756727777062596
2023-10-29 12:00:00,0.0,994.2932628363618,-0.050522113801029736,1619.8841970929684,-0.007296691290873815
2023-10-29 16:00:00,0.0,994.2932628363618,-0.050522113801029736,1626.142817389739,-0.00386362204656508
2023-10-29 20:00:00,0.0,994.2932628363618,-0.050522113801029736,1625.7664371272215,0.00023145584661607037
2023-10-30 00:00:00,0.0,994.2932628363618,-0.050522113801029736,1615.1089257070425,0.00655537669913472
2023-10-30 04:00:00,0.0,994.2932628363618,-0.050522113801029736,1612.917935766289,0.0013565586233103793
2023-10-30 08:00:00,0.0,994.2932628363618,-0.050522113801029736,1654.8346031151264,-0.02598809674028635
2023-10-30 12:00:00,0.002047250966563219,996.3288306797508,-0.048578294280778526,1665.9930490923498,-0.004695686337393415
2023-10-30 16:00:00,-0.0028143738949923947,993.5247888278574,-0.051255950692483884,1660.2162967014872,0.0006530789818427951
2023-10-30 20:00:00,0.0010121220293719535,994.5303571533573,-0.0502957059399441,1660.1647114029574,0.00104319346183054
2023-10-31 00:00:00,0.0010879709310214203,995.6123772719584,-0.049262455274940616,1655.8199832441042,0.0037050173776849637
2023-10-31 04:00:00,-0.0027912558229740148,992.833368426473,-0.05191620698277445,1649.2474704282351,0.0011780843724449952
2023-10-31 08:00:00,0.010501533011481712,1003.2596408199042,-0.04195987373275326,1683.906179660256,-0.010513329738631567
2023-10-31 12:00:00,-0.022471156848762996,980.7152360710065,-0.06348814367751328,1651.929562752041,-0.0034816090375740585
2023-10-31 16:00:00,0.00044850475710900284,981.1550915197536,-0.06306811365486374,1663.1396282957237,-0.006337538544281747
2023-10-31 20:00:00,0.01102001892815152,991.9674391997535,-0.05274310653295165,1681.4309159594704,2.19720098114818e-05
2023-11-01 00:00:00,-0.00010648051860584484,991.8618139923874,-0.052843970938220956,1669.0015584792095,0.007285650411238742
2023-11-01 04:00:00,0.0,991.8618139923874,-0.052843970938220956,1666.8603155547846,0.0012829484271879338
2023-11-01 08:00:00,0.0,991.8618139923874,-0.052843970938220956,1672.8834240951944,-0.0036134452804494105
2023-11-01 12:00:00,0.0,991.8618139923874,-0.052843970938220956,1676.1476566628885,-0.0019512612299685816
2023-11-01 16:00:00,0.006336189579963847,998.1464384829701,-0.046842610776279686,1730.2411291463718,-0.02593630876972216
2023-11-01 20:00:00,-0.0004014993115043497,997.7456833751387,-0.04722530281180826,1744.6682033490474,-0.008739686376675755
2023-11-02 00:00:00,0.012808609417189531,1010.5254181311776,-0.03502158385294377,1766.013236390357,0.0005741725194827099
2023-11-02 04:00:00,-0.00897751974811678,1001.453406233931,-0.04368469664041043,1750.0010252437478,8.934952367714924e-05
2023-11-02 08:00:00,0.011259066776373894,1012.728837008146,-0.03291747878061647,1769.9203455131337,-0.00012339528053360686
2023-11-02 12:00:00,-0.04530055084432327,966.8516628357461,-0.07672684970377151,1707.2149287244356,-0.009872167331098781
2023-11-02 16:00:00,0.018820194195291462,985.0479988883552,-0.05935066971989805,1751.8460273608696,-0.00732244191074392
2023-11-02 20:00:00,-0.0001797725857584087,984.8709142624989,-0.05951977268229442,1739.3713794268724,0.0069410860622987226
2023-11-03 00:00:00,0.0,984.8709142624989,-0.05951977268229442,1716.844779113939,0.012951000907210464
2023-11-03 04:00:00,0.0,984.8709142624989,-0.05951977268229442,1720.265503668373,-0.001992448354125122
2023-11-03 08:00:00,0.0,984.8709142624989,-0.05951977268229442,1713.094330725724,0.004168643111982839
2023-11-03 12:00:00,0.0,984.8709142624989,-0.05951977268229442,1738.1435081817274,-0.01462218221537854
2023-11-03 16:00:00,0.0,984.8709142624989,-0.05951977268229442,1734.598027419919,0.002039808994550363
2023-11-03 20:00:00,0.0,984.8709142624989,-0.05951977268229442,1747.9853938112803,-0.007717849426633101
2023-11-04 00:00:00,0.0,984.8709142624989,-0.05951977268229442,1757.9520092130874,-0.0057017727019309196
2023-11-04 04:00:00,0.0,984.8709142624989,-0.05951977268229442,1760.4088858578605,-0.0013975789053950155
2023-11-04 08:00:00,0.0,984.8709142624989,-0.05951977268229442,1762.2637725653785,-0.0010536681122318742
2023-11-04 12:00:00,0.00010252140332633886,984.9718846107244,-0.05942335332958915,1757.0608002448787,0.00305495815059355
2023-11-04 16:00:00,0.002156035748958729,987.0955192056643,-0.057395436454732024,1762.2868466612572,-0.000818275905851405
2023-11-04 20:00:00,0.0014067754062114801,988.4841409056644,-0.05606940353695387,1781.977844871011,-0.009766773466981167
2023-11-05 00:00:00,0.00885916304568779,997.2412830780244,-0.047706968479074345,1804.364774054245,-0.003703804135789397
2023-11-05 04:00:00,0.003431584214391714,1000.6634005229746,-0.04443909474463196,1801.690620770545,0.004913631149774469
2023-11-05 08:00:00,0.004204122824324141,1004.8703123645791,-0.04042179933281593,1820.6603685787813,-0.006324736897509406
2023-11-05 12:00:00,-0.00950326520350131,995.3207632910534,-0.04954092545725476,1800.6776867043475,0.0014722479780332164
2023-11-05 16:00:00,0.009024962316602547,1004.3034956726872,-0.040963068126033585,1814.3841326489328,0.0014131359215793704
2023-11-05 20:00:00,-0.00020259580781789577,1004.100027994687,-0.041157364987973795,1818.6381822924761,-0.002547220392542896
2023-11-06 00:00:00,0.0016855399189119602,1005.7924786744527,-0.039541197450706285,1832.529408110125,-0.005952717076296473
2023-11-06 04:00:00,-0.0010395266237469558,1004.7469306149062,-0.04053961994696836,1824.598283659243,0.003288439091718086
2023-11-06 08:00:00,0.01125093990048276,1016.051277946449,-0.029744788874097403,1855.2034000664808,-0.005522679082573059
2023-11-06 12:00:00,0.010156651649370518,1026.3709568344489,-0.019890244683705108,1865.4222931975125,0.00464841835771858
2023-11-06 16:00:00,0.011708396890224737,1038.3881153536663,-0.008414730672480875,1880.838997608334,0.003443938774204411
2023-11-06 20:00:00,-0.0003612721375113592,1038.012974659666,-0.008772962802255656,1890.7796650103132,-0.005646502513221233
2023-11-07 00:00:00,-0.011658506718955297,1025.9112934202335,-0.020329189875435756,1858.0498271731078,0.005651726960243249
2023-11-07 04:00:00,-0.0019072398368105148,1023.9546345323886,-0.022197657071465805,1864.6702163771947,-0.005470324694528921
2023-11-07 08:00:00,-0.014835200052590425,1008.7640626843234,-0.03670355044070227,1835.634464679025,0.0007363210899429106
2023-11-07 12:00:00,-0.003037526683064007,1005.6999149270038,-0.03962958910993946,1820.8718285493708,0.005004725962391512
2023-11-07 16:00:00,0.005928710492256073,1011.6624185646925,-0.03393583097844328,1873.0452564176067,-0.022724282568656155
2023-11-07 20:00:00,-0.00025652800494091466,1011.4028988227844,-0.03418365349236727,1861.6980210752395,0.00580164667262663
2023-11-08 00:00:00,0.0,1011.4028988227844,-0.03418365349236727,1863.9818824066235,-0.001226762506878016
2023-11-08 04:00:00,0.0,1011.4028988227844,-0.03418365349236727,1861.5924229672762,0.001281911300694692
2023-11-08 08:00:00,0.0,1011.4028988227844,-0.03418365349236727,1869.0832872239428,-0.004023901346099502
2023-11-08 12:00:00,0.0,1011.4028988227844,-0.03418365349236727,1861.7523218401288,0.003922225100360285
2023-11-08 16:00:00,0.0,1011.4028988227844,-0.03418365349236727,1877.6043881241067,-0.00851459460961482
2023-11-08 20:00:00,0.0,1011.4028988227844,-0.03418365349236727,1875.1506032637571,0.0013068700072656084
2023-11-09 00:00:00,0.0,1011.4028988227844,-0.03418365349236727,1907.5450898431986,-0.017275671896997462
2023-11-09 04:00:00,-0.00014813351859810364,1011.2530761526615,-0.03432672326609502,1907.8686427628415,-0.0003177509611243444
2023-11-09 08:00:00,0.009646215548832826,1021.0078412996504,-0.025011630688971994,1945.0343708314056,-0.009834018695566375
2023-11-09 12:00:00,0.026474495196425085,1048.0385084896504,0.0,1962.8994678512786,0.01728951765166499
2023-11-09 16:00:00,-0.030355258965100607,1016.2250281590493,-0.0303552589651006,1891.9245888579048,0.005802924454790838
2023-11-09 20:00:00,-0.00042906830987854416,1015.7889982037608,-0.0307713027953191,1934.4223853084216,-0.02289180107459784
2023-11-10 00:00:00,-0.0003558345251988282,1015.4275454078828,-0.031116187828597975,1964.1435232527585,-0.015720182131007947
2023-11-10 04:00:00,-0.0028571256662714983,1012.5263413056589,-0.03388441063598785,1951.0106634124827,0.0038291778980053303
2023-11-10 08:00:00,-0.0006640786851827007,1011.8539441442118,-0.03452598740630716,1981.9316971936535,-0.01651280486645704
2023-11-10 12:00:00,-0.0007127781942442013,1011.1327167170658,-0.03521415622959342,1962.7955598888436,0.008942517864598749
2023-11-10 16:00:00,0.008457820352854917,1019.684695587953,-0.027054170884005677,2017.4385511196772,-0.01938154934386893
2023-11-10 20:00:00,0.007817083414582537,1027.6556559099372,-0.019448572179935817,2045.1385907747958,-0.0059132181302873656
2023-11-11 00:00:00,-0.01299383934060605,1014.3024634195783,-0.03218969989823162,2005.9997285795005,0.006143671619210096
2023-11-11 04:00:00,-0.0034620369104179094,1010.7909108528919,-0.035540294879466604,2009.6172581655298,-0.005265391883247848
2023-11-11 08:00:00,0.0022238222114645545,1013.038730131593,-0.0333955079651571,2017.9203989303712,-0.0019078803458773786
2023-11-11 12:00:00,0.025380072642099183,1038.7497266915927,-0.008863015741133358,2082.1213947728206,-0.006435352721795261
2023-11-11 16:00:00,-0.00025731066158374283,1038.4824453121978,-0.009118045854273121,2117.251334590512,-0.01712949683952972
2023-11-11 20:00:00,-0.0025209564938643014,1035.864476247924,-0.011616016151229768,2081.0746773786063,0.01456565793913727
2023-11-12 00:00:00,-0.0039484093439265955,1031.774459270865,-0.01551856070844561,2073.4728219056906,-0.00029555846089554137
2023-11-12 04:00:00,0.020029907441286632,1052.440806190344,0.0,2139.144908090498,-0.011642601352173002
2023-11-12 08:00:00,-0.000573276986050697,1051.8374660969744,-0.0005732769860506577,2129.7920410746297,0.003798968662430172
2023-11-12 12:00:00,-0.003973442820571438,1047.6580500689033,-0.004544441923297645,2115.611893864861,0.0026845533294251557
2023-11-12 16:00:00,8.917859245505255e-05,1047.7514787391826,-0.004455668597776845,2099.8233257898414,0.007552063500979922
2023-11-12 20:00:00,0.005555182676147519,1053.5719296027826,0.0,2111.588673453174,-4.783521532526931e-05
2023-11-13 00:00:00,-0.00866017274319264,1044.4478146950437,-0.008660172743192633,2090.0044072958403,0.001561641016603674
2023-11-13 04:00:00,-0.0006270552939595664,1043.7928881635746,-0.009281797629987019,2098.0438199010046,-0.00447365608441741
2023-11-13 08:00:00,-0.005264728253016937,1038.2976022549617,-0.014497659740782574,2076.91639962565,0.004805328470751482
2023-11-13 12:00:00,-0.002535697982465668,1035.664793119725,-0.016996596036693033,2076.7464167727085,-0.0024538541234774757
2023-11-13 16:00:00,-0.00010473482223560815,1035.5563229517218,-0.017099550723464176,2063.2711669672462,0.0063839003315945275
2023-11-13 20:00:00,0.0,1035.5563229517218,-0.017099550723464176,2011.1882523483607,0.02524288394697083
2023-11-14 00:00:00,0.0,1035.5563229517218,-0.017099550723464176,2034.3041118317306,-0.011493632908992206
2023-11-14 04:00:00,0.0,1035.5563229517218,-0.017099550723464176,2063.7557448079106,-0.014477497639062855
2023-11-14 08:00:00,0.0,1035.5563229517218,-0.017099550723464176,2019.6486315354073,0.021372254630166485
2023-11-14 12:00:00,0.0,1035.5563229517218,-0.017099550723464176,2055.293521092305,-0.017649054890206056
2023-11-14 16:00:00,0.0,1035.5563229517218,-0.017099550723464176,1993.9489669864508,0.02984710138786027
2023-11-14 20:00:00,0.0,1035.5563229517218,-0.017099550723464176,2022.9364452670914,-0.01453772326202055
2023-11-15 00:00:00,0.0,1035.5563229517218,-0.017099550723464176,2019.6716502441454,0.0016138890722861327
2023-11-15 04:00:00,0.0,1035.5563229517218,-0.017099550723464176,2069.0765211984217,-0.02446183316397185
2023-11-15 08:00:00,0.0,1035.5563229517218,-0.017099550723464176,2129.6169922633317,-0.029259657844768614
2023-11-15 12:00:00,0.0,1035.5563229517218,-0.017099550723464176,2147.726440042463,-0.008503617244284325
2023-11-15 16:00:00,0.0011853115569049333,1036.7837798291425,-0.015934507461649542,2187.16235844295,-0.017176393018332847
2023-11-15 20:00:00,-5.913393980894188e-05,1036.7224707195112,-0.015992699131253393,2195.8802129304972,-0.004045054076873484
2023-11-16 00:00:00,0.008504364211329607,1045.5391361965794,-0.00762434265805817,2220.7985778011384,-0.0028434154735132045
2023-11-16 04:00:00,0.004064847762087931,1049.7890936145234,-0.0035904866881612896,2250.124134078347,-0.009140112188059657
2023-11-16 08:00:00,-0.004897401519883271,1044.6478549118988,-0.008470304153080798,2227.749916916811,0.005046146403840919
2023-11-16 12:00:00,-0.009050682881646788,1035.1930784540987,-0.017444324997926905,2168.1277126825394,0.017712736019873443
2023-11-16 16:00:00,-0.0095226648343677,1025.335281729123,-0.026800873372077618,2132.6407289095996,0.0068449059343454535
2023-11-16 20:00:00,-0.0061623526072891455,1019.0168041824139,-0.032798069547464705,2107.996092228833,0.005393572564114324
2023-11-17 00:00:00,-4.817019681391255e-05,1018.9677179423998,-0.03284465985481341,2156.2534763158324,-0.022940709829549148
2023-11-17 04:00:00,0.0,1018.9677179423998,-0.03284465985481341,2127.313549654591,0.013421393625154043
2023-11-17 08:00:00,0.0,1018.9677179423998,-0.03284465985481341,2118.328010196961,0.004223890483417219
2023-11-17 12:00:00,0.0,1018.9677179423998,-0.03284465985481341,2037.6748071831266,0.03807399166965424
2023-11-17 16:00:00,0.0,1018.9677179423998,-0.03284465985481341,2091.833924787403,-0.026578881680902722
2023-11-17 20:00:00,0.0,1018.9677179423998,-0.03284465985481341,2120.8446024265268,-0.013868537695731391
2023-11-18 00:00:00,0.0,1018.9677179423998,-0.03284465985481341,2075.0673391759647,0.021584449515153814
2023-11-18 04:00:00,0.0,1018.9677179423998,-0.03284465985481341,2073.9308642061815,0.0005476810069375679
2023-11-18 08:00:00,0.0,1018.9677179423998,-0.03284465985481341,2080.303373386084,-0.0030726719438363137
2023-11-18 12:00:00,0.0,1018.9677179423998,-0.03284465985481341,2117.7746444688432,-0.018012407018197476
2023-11-18 16:00:00,0.0,1018.9677179423998,-0.03284465985481341,2135.5662544563265,-0.008401087449956426
2023-11-18 20:00:00,0.0,1018.9677179423998,-0.03284465985481341,2129.105440146374,0.0030253401393989083
2023-11-19 00:00:00,0.0,1018.9677179423998,-0.03284465985481341,2111.049265299551,0.008480639101453833
2023-11-19 04:00:00,0.0,1018.9677179423998,-0.03284465985481341,2132.935106009085,-0.010367280891679567
2023-11-19 08:00:00,0.0,1018.9677179423998,-0.03284465985481341,2119.50360391554,0.0062971920972675665
2023-11-19 12:00:00,0.0,1018.9677179423998,-0.03284465985481341,2134.2740583941745,-0.006968827253394348
2023-11-19 16:00:00,0.0,1018.9677179423998,-0.03284465985481341,2166.608872517192,-0.015150263386205573
2023-11-19 20:00:00,0.0,1018.9677179423998,-0.03284465985481341,2183.942941809384,-0.008000553081855164
2023-11-20 00:00:00,0.0,1018.9677179423998,-0.03284465985481341,2167.2320850584215,0.007651691090939454
2023-11-20 04:00:00,0.0,1018.9677179423998,-0.03284465985481341,2173.113116221689,-0.0027136139243291485
2023-11-20 08:00:00,0.0,1018.9677179423998,-0.03284465985481341,2173.43943656133,-0.00015016261105103647
2023-11-20 12:00:00,0.0,1018.9677179423998,-0.03284465985481341,2171.0878634009327,0.0010819593685653503
2023-11-20 16:00:00,0.0,1018.9677179423998,-0.03284465985481341,2160.497407968281,0.004877948797549754
2023-11-20 20:00:00,-0.0052459194704644885,1013.622295351071,-0.037918278884644725,2133.5377967659047,0.007232508461429643
2023-11-21 00:00:00,0.011078061844260079,1024.851265825691,-0.027260278078896725,2145.4159998920586,0.005510687718449219
2023-11-21 04:00:00,-0.00023988159598609116,1024.6054228683963,-0.027493620435870194,2125.6089117059882,0.008992401647481496
2023-11-21 08:00:00,0.0,1024.6054228683963,-0.027493620435870194,2140.6279697322734,-0.007065767340159988
2023-11-21 12:00:00,0.0,1024.6054228683963,-0.027493620435870194,2132.3155755667945,0.003883156850706028
2023-11-21 16:00:00,0.0,1024.6054228683963,-0.027493620435870194,2082.6953884217946,0.023270564504417002
2023-11-21 20:00:00,0.0,1024.6054228683963,-0.027493620435870194,1985.550729659506,0.04664371914507474
2023-11-22 00:00:00,0.0,1024.6054228683963,-0.027493620435870194,2054.2793813564053,-0.03461440227653372
2023-11-22 04:00:00,0.0,1024.6054228683963,-0.027493620435870194,2059.477985273116,-0.002530621669034172
2023-11-22 08:00:00,0.0,1024.6054228683963,-0.027493620435870194,2061.042715595326,-0.0007597703560801504
2023-11-22 12:00:00,0.0,1024.6054228683963,-0.027493620435870194,2063.8823848128154,-0.001377782806732873
2023-11-22 16:00:00,0.0,1024.6054228683963,-0.027493620435870194,2122.55311326108,-0.028427360434875766
2023-11-22 20:00:00,0.0,1024.6054228683963,-0.027493620435870194,2124.5733172987584,-0.0009517802051957862
2023-11-23 00:00:00,0.0,1024.6054228683963,-0.027493620435870194,2122.877418775311,0.0007982301715072795
2023-11-23 04:00:00,0.0,1024.6054228683963,-0.027493620435870194,2130.017779758992,-0.003363529575720931
2023-11-23 08:00:00,0.0,1024.6054228683963,-0.027493620435870194,2125.8840262950916,0.0019407131260510571
2023-11-23 12:00:00,0.0,1024.6054228683963,-0.027493620435870194,2104.1013091503237,0.010246427780319764
2023-11-23 16:00:00,0.0,1024.6054228683963,-0.027493620435870194,2114.5284091107733,-0.004955607372660447
2023-11-23 20:00:00,0.0,1024.6054228683963,-0.027493620435870194,2123.4060928463277,-0.0041984225406021935
2023-11-24 00:00:00,0.0,1024.6054228683963,-0.027493620435870194,2136.698084213619,-0.006259750036543586
2023-11-24 04:00:00,0.0,1024.6054228683963,-0.027493620435870194,2140.354453746231,-0.0017112242293966398
2023-11-24 08:00:00,0.0,1024.6054228683963,-0.027493620435870194,2150.656314743024,-0.004813156521230298
2023-11-24 12:00:00,0.0024962410021780457,1027.1630849360145,-0.02506601013632242,2167.5543466953327,-0.005360910248103574
2023-11-24 16:00:00,-0.008791067222289284,1018.1332252080879,-0.03363672037850874,2136.857513330451,0.005370899886716589
2023-11-24 20:00:00,-0.0014620670292884164,1016.644646188088,-0.03504960826795839,2133.1881630153057,0.00025510423377185704
2023-11-25 00:00:00,0.0015915368901187055,1018.262673646638,-0.033513854122382426,2157.9168762347745,-0.010000836276116047
2023-11-25 04:00:00,0.00016551059175773375,1018.431206904318,-0.03335389042845264,2157.76207556503,0.0002372467515000373
2023-11-25 08:00:00,-0.004010816761992553,1014.3464659487298,-0.03723093084763708,2134.7071634081626,0.006673823781997943
2023-11-25 12:00:00,0.0015718190120659337,1015.9408350087299,-0.0357176321205144,2148.7798983673547,-0.005020530140275862
2023-11-25 16:00:00,0.0016709259160267997,1017.6383968790958,-0.03410638772165695,2156.7798183537234,-0.002052079866206686
2023-11-25 20:00:00,-0.0002810368406663821,1017.3524029990961,-0.034377839410871545,2160.763574028701,-0.0021281218518838397
2023-11-26 00:00:00,-0.0015758834454687731,1015.7491741890019,-0.03589954738832174,2145.7985087820884,0.005349939178757653
2023-11-26 04:00:00,0.0023770821692901123,1018.1636934394378,-0.03360780139301394,2157.479637993258,-0.0030666392068607884
2023-11-26 08:00:00,-0.0017208718977290705,1016.4115641521098,-0.03527083856978134,2150.396715809315,0.0015620894147267339
2023-11-26 12:00:00,-0.005190036975229129,1011.1363505521099,-0.040277818588685954,2125.883214621194,0.006209488055618653
2023-11-26 16:00:00,-0.00171760057228465,1009.3996221777438,-0.041926237956712256,2124.116251426272,-0.0008864339386850384
2023-11-26 20:00:00,-0.00046056658293791575,1008.9347264429385,-0.042367494715499054,2131.7918143345732,-0.004074098988778482
2023-11-27 00:00:00,0.0,1008.9347264429385,-0.042367494715499054,2108.4639394595492,0.010942848508078171
2023-11-27 04:00:00,0.0,1008.9347264429385,-0.042367494715499054,2100.099815473703,0.003966927690492117
2023-11-27 08:00:00,0.0,1008.9347264429385,-0.042367494715499054,2082.4350981542766,0.008411370349766864
2023-11-27 12:00:00,0.0,1008.9347264429385,-0.042367494715499054,2054.2768468336517,0.013521790592937137
2023-11-27 16:00:00,0.0,1008.9347264429385,-0.042367494715499054,2055.433006647905,-0.0005628062332665758
2023-11-27 20:00:00,0.0,1008.9347264429385,-0.042367494715499054,2082.1184124300103,-0.012982863316778464
2023-11-28 00:00:00,0.0,1008.9347264429385,-0.042367494715499054,2077.0666080440137,0.0024262810202521396
2023-11-28 04:00:00,0.0,1008.9347264429385,-0.042367494715499054,2064.887426304481,0.005863645244868725
2023-11-28 08:00:00,0.0,1008.9347264429385,-0.042367494715499054,2088.5628678514863,-0.011465729920868917
2023-11-28 12:00:00,0.0,1008.9347264429385,-0.042367494715499054,2099.4369266715435,-0.00520647905190568
2023-11-28 16:00:00,0.0,1008.9347264429385,-0.042367494715499054,2129.513634202861,-0.014326082936438318
2023-11-28 20:00:00,0.0,1008.9347264429385,-0.042367494715499054,2124.3176002932764,0.0024400096933537524
2023-11-29 00:00:00,0.0,1008.9347264429385,-0.042367494715499054,2129.9400727544903,-0.002646719332569547
2023-11-29 04:00:00,0.0,1008.9347264429385,-0.042367494715499054,2142.2593544275114,-0.005783863044132286
2023-11-29 08:00:00,0.0,1008.9347264429385,-0.042367494715499054,2145.8472988953345,-0.0016748413120045078
2023-11-29 12:00:00,0.0,1008.9347264429385,-0.042367494715499054,2131.4257228442793,0.0067206907306401565
2023-11-29 16:00:00,0.0,1008.9347264429385,-0.042367494715499054,2135.430350568233,-0.0018788492983981791
2023-11-29 20:00:00,0.0,1008.9347264429385,-0.042367494715499054,2126.9996767008943,0.003947997585168521
2023-11-30 00:00:00,0.0,1008.9347264429385,-0.042367494715499054,2141.160554241232,-0.006657677335570782
2023-11-30 04:00:00,0.0,1008.9347264429385,-0.042367494715499054,2124.0783341733195,0.00797801922610432
2023-11-30 08:00:00,0.0,1008.9347264429385,-0.042367494715499054,2133.2925237272284,-0.004337970688587957
2023-11-30 12:00:00,0.0,1008.9347264429385,-0.042367494715499054,2116.9314182153907,0.007669414920768463
2023-11-30 16:00:00,0.0,1008.9347264429385,-0.042367494715499054,2122.8513327082474,-0.0027964602168582464
2023-11-30 20:00:00,0.0,1008.9347264429385,-0.042367494715499054,2127.803500992422,-0.0023327909062085895
2023-12-01 00:00:00,0.0,1008.9347264429385,-0.042367494715499054,2164.341702151695,-0.017171792950914533
2023-12-01 04:00:00,-0.0011808956781367286,1007.74327978496,-0.043498358802232774,2164.4809095061764,-0.0012452142440745012
2023-12-01 08:00:00,0.0006051956704848926,1008.3531616548461,-0.042919488150168224,2172.3287087487224,-0.00302052318343482
2023-12-01 12:00:00,-0.0035021425283746632,1004.8217651637935,-0.046271320513796156,2159.497680786817,0.0024044350122296443
2023-12-01 16:00:00,0.0005882057763155757,1005.4128071302305,-0.04571033179548457,2166.033051236137,-0.002438132481634809
2023-12-01 20:00:00,-0.0005908160267975582,1004.8187931302305,-0.046274141425667076,2161.3280228611416,0.001581370760615708
2023-12-02 00:00:00,0.0026423973830980163,1007.4739236796854,-0.04375401871277742,2174.2892933826915,-0.003354503774178357
2023-12-02 04:00:00,-0.0005648224565203419,1006.9048797832324,-0.04429412791696579,2179.428834676943,-0.0029286023407768375
2023-12-02 08:00:00,-0.0002678422461738217,1006.635188118548,-0.044550106324426,2179.669798604885,-0.00037840512581805666
2023-12-02 12:00:00,-0.00023482628343418632,1006.398803718548,-0.04477447107196538,2179.9506383605603,-0.00036367137540863466
2023-12-02 16:00:00,0.013593755646666983,1020.0795431393959,-0.03178936864425948,2211.3596951080417,-0.0008143947925113148
2023-12-02 20:00:00,0.002191117491850303,1022.3146572694473,-0.029667905394100556,2219.59917004559,-0.001534859315891955
2023-12-03 00:00:00,0.0007449807095383232,1023.0762619681914,-0.02894502670177315,2218.7239178300915,0.0011393096619502258
2023-12-03 04:00:00,-0.00021534225547192865,1022.8559504184194,-0.029154135869910367,2218.3110497063667,-2.9258660119126296e-05
2023-12-03 08:00:00,-0.0032217057661638737,1019.5606095050014,-0.03228191558843462,2214.6599640204004,-0.0015758204037620294
2023-12-03 12:00:00,0.00010560508026324911,1019.6682802850014,-0.032179719642458124,2204.081599676622,0.004882123604838672
2023-12-03 16:00:00,-0.0029906833019163193,1016.6187753856593,-0.0350741635941794,2201.5681484154798,-0.0018503211385959245
2023-12-03 20:00:00,0.008483669620136913,1025.2434332056594,-0.026888051590178205,2217.9611936489264,0.0010375929473593892
2023-12-04 00:00:00,0.015282240014901083,1040.9114494256094,-0.012016721233211352,2245.295728843374,0.0029580680353736045
2023-12-04 04:00:00,0.011710401054162878,1053.1009399602533,-0.00044704080404538475,2269.59121005349,0.0008897858015646087
2023-12-04 08:00:00,-0.007419516504119539,1045.2874401557144,-0.007863240481541274,2241.5707383157246,0.004926526965578921
2023-12-04 12:00:00,-0.0056910676847746755,1039.3386385837434,-0.0135095579325138,2211.5095238119675,0.007719713420596328
2023-12-04 16:00:00,0.00968732675897388,1049.4070515889312,-0.003953102675601525,2236.953671027459,-0.00181800339743164
2023-12-04 20:00:00,0.0006310005626486426,1050.0692280289313,-0.0033245965229653017,2263.0818286930744,-0.011049240295273988
2023-12-05 00:00:00,-0.0027243286272380374,1047.2084943704303,-0.00603986785672182,2250.146121566175,0.002991641057503396
2023-12-05 04:00:00,-0.005522033004728866,1041.4257745016844,-0.011528548511801698,2218.0684176711648,0.008733798466643858
2023-12-05 08:00:00,0.002106193254970634,1043.6192184434924,-0.009446636607946212,2220.386882312363,0.0010609303484132582
2023-12-05 12:00:00,0.006204844147713162,1050.0947130434924,-0.0033004073681054758,2243.236622272991,-0.00408603810467675
2023-12-05 16:00:00,0.017534024589541453,1068.5070995633446,0.0,2299.8162549854724,-0.0076882957625358725
2023-12-05 20:00:00,0.009726320861328297,1078.899742456305,0.0,2319.199688169313,0.0012980678903260646
2023-12-06 00:00:00,0.016288474140229603,1096.4733730112048,0.0,2363.3737764087355,-0.0027586516699208245
2023-12-06 04:00:00,0.0028464159467258554,1099.5943923053042,0.0,2353.9708492454297,0.006825019440242481
2023-12-06 08:00:00,0.004882385389735955,1104.9630359009311,0.0,2344.8857854439852,0.008741848562084487
2023-12-06 12:00:00,-0.00033866417884276245,1104.588824501726,-0.0003386641788427886,2358.6632844266237,-0.00621421644162807
2023-12-06 16:00:00,-0.0019615033316663366,1102.4221698423446,-0.002299503219593968,2393.367259396923,-0.016674911218004875
2023-12-06 20:00:00,-0.009796992211863031,1091.621748430214,-0.012073967216323504,2357.6429475204964,0.005129388909197579
2023-12-07 00:00:00,0.001702803762362315,1093.4805660505174,-0.010391723050763874,2371.4850443540686,-0.0041683553324148226
2023-12-07 04:00:00,0.002626944153027111,1096.3530784299526,-0.007792077373844834,2388.13280330219,-0.004393027989641791
2023-12-07 08:00:00,-0.014141010040489066,1080.8495385399535,-0.021822899569954084,2361.3160126551384,-0.002911822697988318
2023-12-07 12:00:00,0.0018849671283871494,1082.8869043908337,-0.019979067889902443,2404.3120950986768,-0.016323558207953632
2023-12-07 16:00:00,-0.0011755032156515188,1081.6139673525354,-0.021131085647003642,2397.7666605895024,0.001546869858342435
2023-12-07 20:00:00,0.0015867223813692544,1083.3301884425352,-0.019577892432173116,2421.1222239484273,-0.008153826498054422
2023-12-08 00:00:00,0.013426085547739497,1097.8750722290135,-0.006414661343072359,2461.252305762159,-0.003148906584745998
2023-12-08 04:00:00,0.002918119252489859,1101.0788026141138,-0.0035152608373458633,2460.381300366118,0.0032720063342820565
2023-12-08 08:00:00,0.029229576772210608,1133.2628700073767,0.0,2522.3798791637128,0.004030808277112299
2023-12-08 12:00:00,-0.003563330127245079,1129.2246802805912,-0.0035633301272450743,2544.4827135148034,-0.012326020685345638
2023-12-08 16:00:00,0.009082623517080668,1139.4810029177756,0.0,2570.9518580467975,-0.0013199405842219594
2023-12-08 20:00:00,0.01710961672689404,1158.9770861452757,0.0,2611.1904788299603,0.0014583626370050506
2023-12-09 00:00:00,0.01745937749157278,1179.2121045963693,0.0,2655.4126701841765,0.000523733878920192
2023-12-09 04:00:00,0.01922660288332101,1201.884347446649,0.0,2726.4213642417917,-0.007514511541161544
2023-12-09 08:00:00,-0.0015796803067984477,1199.9857544119382,-0.001579680306798433,2722.068118276498,1.7008313085439515e-05
2023-12-09 12:00:00,-0.009056373789475436,1189.118234877938,-0.010621747920947614,2697.6502323470336,-8.603033424806408e-05
2023-12-09 16:00:00,-0.011689490471546549,1175.21804860179,-0.022187075571381075,2658.525576512956,0.0028137447384671364
2023-12-09 20:00:00,-0.012795337992715927,1160.1807364547901,-0.03469852243309126,2623.5017882218363,0.00037880206466827347
2023-12-10 00:00:00,0.00872769612398061,1170.3064413714635,-0.02627366446885784,2658.9469199028595,-0.00478292233267652
2023-12-10 04:00:00,-0.0012749367593667404,1168.8143746696353,-0.027515103967590007,2653.531297927295,0.000761817692189764
2023-12-10 08:00:00,-0.005618557117272993,1162.2473243460643,-0.032979065901633374,2630.20168916619,0.0031733530363128627
2023-12-10 12:00:00,0.007753407059956308,1171.2587009560643,-0.02548135896406958,2663.9345193915988,-0.005071780591756645
2023-12-10 16:00:00,0.013520838436341442,1187.0951006188504,-0.01230504986541974,2694.230307280238,0.0021482661497081047
2023-12-10 20:00:00,-0.000659188507414199,1186.3125811713148,-0.01295612702537946,2714.229673948835,-0.008082223804194686
2023-12-11 00:00:00,-0.01910550340507866,1163.6474821122586,-0.031814097101458154,2602.01769183935,0.022236606728966102
2023-12-11 04:00:00,-0.0003747284717680044,1163.21143026961,-0.032176903925238615,2567.1579843165746,0.013022454657349494
2023-12-11 08:00:00,0.0,1163.21143026961,-0.032176903925238615,2595.20988799161,-0.010927221404530365
2023-12-11 12:00:00,0.0,1163.21143026961,-0.032176903925238615,2578.5165758294615,0.006432355332565032
2023-12-11 16:00:00,0.0,1163.21143026961,-0.032176903925238615,2559.1941029360883,0.007493639201120054
2023-12-11 20:00:00,0.0,1163.21143026961,-0.032176903925238615,2612.4231913328,-0.020799160304270474
2023-12-12 00:00:00,0.010540743663716157,1175.4725437827865,-0.021975328757690503,2682.535963709138,-0.01629747022481078
2023-12-12 04:00:00,-0.005936897129143359,1168.4938842122156,-0.027781760620620398,2695.990800718751,-0.010952612553517174
2023-12-12 08:00:00,-0.0027459383942121107,1165.2852719921552,-0.03045141201168551,2669.138731483529,0.007214061924803514
2023-12-12 12:00:00,-0.0024481012234222055,1162.4325356921554,-0.03282496509610694,2628.3845498446603,0.012820562468785759
2023-12-12 16:00:00,0.0012578355429846422,1163.8946846518706,-0.031608417960917505,2615.554435610487,0.006139204304238215
2023-12-12 20:00:00,-0.0008401330574787647,1162.9168582518707,-0.032421995741572736,2630.2392441218835,-0.006454548231357192
2023-12-13 00:00:00,-0.008749596893440459,1152.7418045215807,-0.04088791324179357,2540.039595973703,0.025543727696617516
2023-12-13 04:00:00,0.0016702373392532,1154.6671569260106,-0.03928596842196101,2546.7876170905233,-0.0009864224732617976
2023-12-13 08:00:00,-0.00021007649519533267,1154.4245884965665,-0.03948779185859992,2567.9785175156576,-0.008530715516262674
2023-12-13 12:00:00,0.0,1154.4245884965665,-0.03948779185859992,2670.3444911013657,-0.03986247271442912
2023-12-13 16:00:00,0.0,1154.4245884965665,-0.03948779185859992,2739.5628750963647,-0.025921143966878217
2023-12-13 20:00:00,0.0,1154.4245884965665,-0.03948779185859992,2737.5498918155254,0.0007347826542466621
2023-12-14 00:00:00,-0.0018256951139834499,1152.316961165886,-0.041241394303925136,2714.4965734050297,0.006595454936804182
2023-12-14 04:00:00,-8.643842361943932e-05,1152.2173567042528,-0.041324267886433085,2734.6532012798457,-0.007511987629427301
2023-12-14 08:00:00,0.00018864979994326347,1152.4347222780862,-0.04114341390135943,2769.7005916113153,-0.01262737759068425
2023-12-14 12:00:00,-0.0032702014642097543,1148.6660285618862,-0.04427906811318641,2711.8592777183194,0.01761339659262779
2023-12-14 16:00:00,0.00026619080551615326,1148.971792897298,-0.044024663988478895,2743.492666334312,-0.011398643308814524
2023-12-14 20:00:00,0.0008736602145547057,1149.975603840398,-0.04318946637131003,2769.401761454691,-0.00857017589928374
2023-12-15 00:00:00,-0.0008520368774429521,1148.9957822177662,-0.04400470423068757,2751.6964237081843,0.005541162546683417
2023-12-15 04:00:00,-0.0012817937096578635,1147.523006651696,-0.04523009298726718,2748.738950510309,-0.0002070119232681078
2023-12-15 08:00:00,0.0013560610437590714,1149.0791178978336,-0.043935366710613814,2784.4495596913343,-0.011635572510382417
2023-12-15 12:00:00,-0.007615858886640958,1140.3278934863379,-0.05121662004425389,2726.3042988293173,0.013266279437481932
2023-12-15 16:00:00,0.00024004993547466213,1140.6016291235892,-0.05098886465511611,2741.0619294796606,-0.0051730034264263
2023-12-15 20:00:00,-0.009621864148951609,1129.6269152000891,-0.06012012087524692,2681.9501701168588,0.011943412697610949
2023-12-16 00:00:00,-0.00017299867273445901,1129.4314912430743,-0.06028271884686537,2732.000041991325,-0.0188347443054973
2023-12-16 04:00:00,0.0,1129.4314912430743,-0.06028271884686537,2731.489870162439,0.00018673931956235203
2023-12-16 08:00:00,0.0,1129.4314912430743,-0.06028271884686537,2760.9719805900363,-0.010793417449446396
2023-12-16 12:00:00,0.0025210188976867443,1132.2788093761405,-0.05791367382259559,2789.0889965870683,-0.00766271936358425
2023-12-16 16:00:00,-0.005053680315386888,1126.5566342456666,-0.06267467694459353,2733.5879225261283,0.014845675398559539
2023-12-16 20:00:00,-0.0005704169683669047,1125.9140272256666,-0.0632093432137443,2724.495150292361,0.0027558971987533703
2023-12-17 00:00:00,0.002379499591004919,1128.5931391929566,-0.060980250229064274,2729.5572046320503,0.0005215207507248687
2023-12-17 04:00:00,-0.0039733706435862715,1124.1088203451345,-0.06471132373655179,2684.2054697024514,0.012641681370211742
2023-12-17 08:00:00,0.0017060254980325595,1126.0265786552065,-0.0631156974068253,2707.7495053687758,-0.007065298430807403
2023-12-17 12:00:00,-0.00042272998615044965,1125.5505734552066,-0.06351174649508505,2698.312189374091,0.0030625687743048697
2023-12-17 16:00:00,-0.0004951944425731769,1124.9932070663965,-0.06397549027375579,2707.5238452616286,-0.00390905289965355
2023-12-17 20:00:00,-0.0026021774723722357,1122.0657750863966,-0.06641119216655365,2648.4684730387357,0.019209402258031423
2023-12-18 00:00:00,-0.002299186696613442,1119.4859363835926,-0.06855768713363157,2617.437305793968,0.009417459191628539
2023-12-18 04:00:00,-6.709024876694336e-05,1119.4108297936295,-0.06862017783011383,2597.693740419991,0.007475999830323717
2023-12-18 08:00:00,0.0,1119.4108297936295,-0.06862017783011383,2572.333123969874,0.00976274302682705
2023-12-18 12:00:00,0.0,1119.4108297936295,-0.06862017783011383,2605.4773181039423,-0.012884876311399689
2023-12-18 16:00:00,0.0,1119.4108297936295,-0.06862017783011383,2642.7186451436046,-0.014293475817614754
2023-12-18 20:00:00,0.0,1119.4108297936295,-0.06862017783011383,2708.363863864807,-0.024840033138539313
2023-12-19 00:00:00,0.0,1119.4108297936295,-0.06862017783011383,2726.737247323448,-0.006783942033705549
2023-12-19 04:00:00,0.0,1119.4108297936295,-0.06862017783011383,2728.5507558229515,-0.0006650837007794611
2023-12-19 08:00:00,0.0,1119.4108297936295,-0.06862017783011383,2722.269612963207,0.002302006970674984
2023-12-19 12:00:00,0.0,1119.4108297936295,-0.06862017783011383,2683.0390334104977,0.014410982426537202
2023-12-19 16:00:00,0.0,1119.4108297936295,-0.06862017783011383,2690.64299589771,-0.0028340856739407067
2023-12-19 20:00:00,0.0,1119.4108297936295,-0.06862017783011383,2672.9759098343475,0.006566120473915915
2023-12-20 00:00:00,0.0,1119.4108297936295,-0.06862017783011383,2694.0733180759294,-0.00789285386522222
2023-12-20 04:00:00,0.0,1119.4108297936295,-0.06862017783011383,2737.2679303766754,-0.016033198506859803
2023-12-20 08:00:00,0.0,1119.4108297936295,-0.06862017783011383,2750.1625261691192,-0.004710753978208256
2023-12-20 12:00:00,0.0,1119.4108297936295,-0.06862017783011383,2813.7535464066773,-0.023122640801210372
2023-12-20 16:00:00,0.0021176837437804075,1121.7813879104954,-0.06664780992141948,2795.7664839489958,0.008510234534396683
2023-12-20 20:00:00,0.0029670848490361834,1125.1098084704954,-0.06387847477942256,2800.216765225444,0.0013752919357162671
2023-12-21 00:00:00,-0.00023314091760395783,1124.8474993373434,-0.06409672301080131,2810.5383966316494,-0.003919152491559592
2023-12-21 04:00:00,0.009549018968523004,1135.5886894452115,-0.055159764866128516,2844.529651550427,-0.0025451957767780465
2023-12-21 08:00:00,0.014543846440972175,1152.1045169646075,-0.04141815357508944,2885.3002487303797,0.00021086272335448138
2023-12-21 12:00:00,0.0007888364541801529,1153.0133390066148,-0.04066198927031408,2866.075767935217,0.007451741225918422
2023-12-21 16:00:00,0.009942785561631862,1164.4775033860587,-0.031123497148506336,2908.2880181475775,-0.004785453895474865
2023-12-21 20:00:00,0.0017381819692647849,1166.5015771860587,-0.02943941348080565,2941.1215800645527,-0.009551470813436007
2023-12-22 00:00:00,0.007160249902825155,1174.8540199907507,-0.02248995713549562,2969.758919334615,-0.0025766271661715745
2023-12-22 04:00:00,-0.012508811894252014,1160.1579920514805,-0.03471744638642998,2916.392697974846,0.005461071456321735
2023-12-22 08:00:00,-0.0035083946390246368,1156.0876999717455,-0.03810403852267188,2926.1306860350364,-0.0068474470467996896
2023-12-22 12:00:00,-0.0001890182089022696,1155.8691783453628,-0.03828585437446069,2944.477170847291,-0.006458897028673686
2023-12-22 16:00:00,0.0,1155.8691783453628,-0.03828585437446069,2939.235207968562,0.0017802694925363064
2023-12-22 20:00:00,0.0,1155.8691783453628,-0.03828585437446069,2961.74453598056,-0.007658226177671423
2023-12-23 00:00:00,0.0,1155.8691783453628,-0.03828585437446069,2886.534258683313,0.02539391104923475
2023-12-23 04:00:00,0.0,1155.8691783453628,-0.03828585437446069,2911.0485431033176,-0.008492635882030435
2023-12-23 08:00:00,0.0,1155.8691783453628,-0.03828585437446069,2915.90444516814,-0.001668093813250409
2023-12-23 12:00:00,0.0,1155.8691783453628,-0.03828585437446069,2926.196125611091,-0.0035294985266080786
2023-12-23 16:00:00,0.0,1155.8691783453628,-0.03828585437446069,2956.546827172102,-0.010372066757716989
2023-12-23 20:00:00,0.0064563829080706014,1163.3319123523975,-0.03207665960219419,3013.8884536528008,-0.012938414412134804
2023-12-24 00:00:00,0.01088753242704743,1175.9977262715533,-0.021538362846716966,3057.3622677673698,-0.003536960975115213
2023-12-24 04:00:00,-0.00012000053375660347,1175.8566059167042,-0.02165577876543572,3035.303074382556,0.0070951056436747385
2023-12-24 08:00:00,0.0,1175.8566059167042,-0.02165577876543572,3011.24530759605,0.007925985048922835
2023-12-24 12:00:00,0.0,1175.8566059167042,-0.02165577876543572,3032.8416651609236,-0.007171902438634081
2023-12-24 16:00:00,0.0,1175.8566059167042,-0.02165577876543572,3053.6888903680924,-0.006873825774238848
2023-12-24 20:00:00,0.0,1175.8566059167042,-0.02165577876543572,2984.237673329167,0.022743383341370178
2023-12-25 00:00:00,0.0,1175.8566059167042,-0.02165577876543572,2996.188168129452,-0.004004538548350129
2023-12-25 04:00:00,0.0,1175.8566059167042,-0.02165577876543572,2996.9989835702854,-0.00027061566074428257
2023-12-25 08:00:00,0.0,1175.8566059167042,-0.02165577876543572,3006.876240198394,-0.0032957157083656524
2023-12-25 12:00:00,-0.005114428364966672,1169.8427715382704,-0.026659450201218966,3082.455181349264,-0.030249796472395927
2023-12-25 16:00:00,0.0005100778743192258,1170.4394824524643,-0.026162970722588972,3066.134900623411,0.005804649819631088
2023-12-25 20:00:00,0.004348930713046872,1175.5296426654645,-0.021927820956462105,3080.3307353680198,-0.000280948664316113
2023-12-26 00:00:00,-0.005745517363764052,1168.7756166919107,-0.027547351644171297,3063.085547870544,-0.00014703168835637596
2023-12-26 04:00:00,-0.014866153695597073,1151.4004187385026,-0.042003982176319406,2998.4889236575896,0.006222589404595476
2023-12-26 08:00:00,-0.0004105611566647127,1150.927698450801,-0.04239729812947734,3043.7961941317153,-0.015520595453159345
2023-12-26 12:00:00,0.005826476447462481,1157.6335515785568,-0.03681784854100234,3007.1896798211337,0.01785307480551184
2023-12-26 16:00:00,-0.0004435649898536509,1157.1200658639966,-0.037245082422241435,2952.5471024176927,0.01772708043703935
2023-12-26 20:00:00,-0.00021373051414563804,1156.8727539973913,-0.03745085252577152,3017.1923734110783,-0.022108477236543602
2023-12-27 00:00:00,0.0,1156.8727539973913,-0.03745085252577152,2952.1335082669184,0.021562716954175443
2023-12-27 04:00:00,0.0,1156.8727539973913,-0.03745085252577152,2983.9141049905884,-0.010765297922561328
2023-12-27 08:00:00,0.0,1156.8727539973913,-0.03745085252577152,3060.1746082547957,-0.0255572045913325
2023-12-27 12:00:00,0.0004791442613754082,1157.4270629386108,-0.03698965262546742,3049.998294954101,0.003804547090757964
2023-12-27 16:00:00,0.0007060007392996059,1158.2442073007307,-0.03630976660826788,3070.8549103894206,-0.006132237652448048
2023-12-27 20:00:00,0.009501336445831843,1169.2490752007309,-0.027153421471250747,3076.719653083841,0.007591528634795667
2023-12-28 00:00:00,0.006589804033189983,1176.9541974722924,-0.020742553164386824,3097.0407589294628,-1.4992027852918019e-05
2023-12-28 04:00:00,-0.0068118695910165394,1168.9369389645117,-0.027413127188262807,3080.3029287685463,-0.0014074104754373219
2023-12-28 08:00:00,0.008565974506701934,1178.950022983624,-0.019081972830204443,3097.6995771068996,0.00291826753091167
2023-12-28 12:00:00,-0.019816655526563087,1155.587176495124,-0.03852048747442408,3002.2213120515585,0.011005657186057345
2023-12-28 16:00:00,0.0006520015730073769,1156.340621151946,-0.03789360131984301,3018.103893415335,-0.004638275096477439
2023-12-28 20:00:00,-0.006344651797055456,1149.004042551946,-0.04399783141118764,3000.9203727811755,-0.0006511696503179098
2023-12-29 00:00:00,-0.0013360545183899175,1147.4689105092461,-0.045275102428121314,3024.3728610234275,-0.0091511529978332
2023-12-29 04:00:00,-0.00020984298098358778,1147.2281222124789,-0.04547544474664707,2993.3208906637183,0.010057399778628295
2023-12-29 08:00:00,0.0,1147.2281222124789,-0.04547544474664707,3050.444039085449,-0.019083536482807473
2023-12-29 12:00:00,0.0,1147.2281222124789,-0.04547544474664707,2983.107085719788,0.022074475880517825
2023-12-29 16:00:00,0.0,1147.2281222124789,-0.04547544474664707,2991.20939668444,-0.0027160644025949914
2023-12-29 20:00:00,0.0,1147.2281222124789,-0.04547544474664707,2985.3231708245676,0.001967841457838745
2023-12-30 00:00:00,0.0,1147.2281222124789,-0.04547544474664707,2967.5798505898683,0.005943517408133148
2023-12-30 04:00:00,0.0,1147.2281222124789,-0.04547544474664707,2963.0473688630905,0.0015273326936349671
2023-12-30 08:00:00,0.0,1147.2281222124789,-0.04547544474664707,2950.4648023682803,0.004246495222125898
2023-12-30 12:00:00,0.0,1147.2281222124789,-0.04547544474664707,2990.7833636049963,-0.013665155810146632
2023-12-30 16:00:00,0.0,1147.2281222124789,-0.04547544474664707,2978.490003774763,0.004110414675911318
2023-12-30 20:00:00,0.0,1147.2281222124789,-0.04547544474664707,2956.4496638886044,0.00739983678247239
2023-12-31 00:00:00,0.0,1147.2281222124789,-0.04547544474664707,2948.8955937832193,0.002555115413481825
2023-12-31 04:00:00,0.0,1147.2281222124789,-0.04547544474664707,2994.1973167684273,-0.015362267514900108
2023-12-31 08:00:00,0.0,1147.2281222124789,-0.04547544474664707,2985.65363103799,0.0028534143967699726
2023-12-31 12:00:00,0.0,1147.2281222124789,-0.04547544474664707,2961.28264448224,0.008162697207203307
2023-12-31 16:00:00,0.0,1147.2281222124789,-0.04547544474664707,2967.6888061943387,-0.0021633064050930856
2023-12-31 20:00:00,0.0,1147.2281222124789,-0.04547544474664707,2931.8294849516765,0.012083248475316579
2024-01-01 00:00:00,0.0,1147.2281222124789,-0.04547544474664707,2931.8055019602925,8.180213585713097e-06
2024-01-01 04:00:00,0.0,1147.2281222124789,-0.04547544474664707,2939.0744836129693,-0.0024793533021942394
2024-01-01 08:00:00,0.0,1147.2281222124789,-0.04547544474664707,2967.940103063775,-0.009821329677675017
2024-01-01 12:00:00,0.0,1147.2281222124789,-0.04547544474664707,2990.875097100176,-0.007727579816292637
2024-01-01 16:00:00,0.0,1147.2281222124789,-0.04547544474664707,3034.3889894878175,-0.014548883177980516
2024-01-01 20:00:00,0.0,1147.2281222124789,-0.04547544474664707,3065.651759222434,-0.010302822032020995
2024-01-02 00:00:00,0.01102584381497973,1159.877280308146,-0.034951006082860676,3107.6290537461864,-0.002666935998471358
2024-01-02 04:00:00,-0.00033608295902642915,1159.4874653196725,-0.03527534260434185,3125.2961621875193,-0.006021159310090713
2024-01-02 08:00:00,0.0,1159.4874653196725,-0.03527534260434185,3117.548621968277,0.002478977932708729
2024-01-02 12:00:00,0.0,1159.4874653196725,-0.03527534260434185,3051.2257928570543,0.02127403198906633
2024-01-02 16:00:00,0.0,1159.4874653196725,-0.03527534260434185,3046.2739228647765,0.001622911684828516
2024-01-02 20:00:00,0.0,1159.4874653196725,-0.03527534260434185,3029.7425942240698,0.0054267374042188555
2024-01-03 00:00:00,0.0,1159.4874653196725,-0.03527534260434185,3046.744585812288,-0.00561169507291827
2024-01-03 04:00:00,0.0,1159.4874653196725,-0.03527534260434185,3051.351815017898,-0.0015121809773831327
2024-01-03 08:00:00,0.0,1159.4874653196725,-0.03527534260434185,2985.5961814773227,0.021549672907904088
2024-01-03 12:00:00,0.0,1159.4874653196725,-0.03527534260434185,2878.251069529597,0.03595433053327716
2024-01-03 16:00:00,0.0,1159.4874653196725,-0.03527534260434185,2825.8808738510525,0.018195145042403556
2024-01-03 20:00:00,0.0,1159.4874653196725,-0.03527534260434185,2849.9791850543056,-0.008527716587858938
2024-01-04 00:00:00,0.0,1159.4874653196725,-0.03527534260434185,2872.5684294540724,-0.00792610855483714
2024-01-04 04:00:00,0.0,1159.4874653196725,-0.03527534260434185,2847.56603164051,0.00870384759408982
2024-01-04 08:00:00,0.0,1159.4874653196725,-0.03527534260434185,2857.285817326772,-0.0034133662146061156
2024-01-04 12:00:00,0.0,1159.4874653196725,-0.03527534260434185,2943.183645835996,-0.030062735757246876
2024-01-04 16:00:00,0.0,1159.4874653196725,-0.03527534260434185,2939.0921120713074,0.0013901727710661544
2024-01-04 20:00:00,0.0,1159.4874653196725,-0.03527534260434185,2943.84047771928,-0.0016155892591695395
2024-01-05 00:00:00,0.0,1159.4874653196725,-0.03527534260434185,2873.8106483594697,0.023788595166700382
2024-01-05 04:00:00,0.0,1159.4874653196725,-0.03527534260434185,2874.2874540083553,-0.00016591407967603278
2024-01-05 08:00:00,0.0,1159.4874653196725,-0.03527534260434185,2849.9462048932155,0.008468620311860067
2024-01-05 12:00:00,0.0,1159.4874653196725,-0.03527534260434185,2814.7537993258834,0.012348445562554275
2024-01-05 16:00:00,0.0,1159.4874653196725,-0.03527534260434185,2815.3751628154128,-0.00022075234064095856
2024-01-05 20:00:00,0.0,1159.4874653196725,-0.03527534260434185,2862.348006565135,-0.016684399425740785
2024-01-06 00:00:00,0.0,1159.4874653196725,-0.03527534260434185,2819.8493660616214,0.014847475012136156
2024-01-06 04:00:00,0.0,1159.4874653196725,-0.03527534260434185,2763.0810692594287,0.02013167706240956
2024-01-06 08:00:00,0.0,1159.4874653196725,-0.03527534260434185,2774.8352588982148,-0.004254015479153638
2024-01-06 12:00:00,0.0,1159.4874653196725,-0.03527534260434185,2790.3693311154857,-0.005598196205506912
2024-01-06 16:00:00,0.0,1159.4874653196725,-0.03527534260434185,2782.245278508205,0.0029114614028648645
2024-01-06 20:00:00,0.0,1159.4874653196725,-0.03527534260434185,2776.9887650810224,0.0018893062620277679
2024-01-07 00:00:00,0.0,1159.4874653196725,-0.03527534260434185,2768.9286159625017,0.0029024781158181823
2024-01-07 04:00:00,0.0,1159.4874653196725,-0.03527534260434185,2796.8760276950884,-0.01009322218401519
2024-01-07 08:00:00,0.0,1159.4874653196725,-0.03527534260434185,2779.4414279800517,0.006233597607615438
2024-01-07 12:00:00,0.0,1159.4874653196725,-0.03527534260434185,2768.378283596176,0.003980348091708314
2024-01-07 16:00:00,0.0,1159.4874653196725,-0.03527534260434185,2782.707960630132,-0.005176199047242124
2024-01-07 20:00:00,0.0,1159.4874653196725,-0.03527534260434185,2704.4292906599667,0.028130393515113785
2024-01-08 00:00:00,0.0,1159.4874653196725,-0.03527534260434185,2645.1128311461557,0.02193307834620298
2024-01-08 04:00:00,0.0,1159.4874653196725,-0.03527534260434185,2690.0458448744193,-0.016987182247644745
2024-01-08 08:00:00,0.0,1159.4874653196725,-0.03527534260434185,2735.167507022418,-0.016773566232699322
2024-01-08 12:00:00,0.0,1159.4874653196725,-0.03527534260434185,2773.5027177771813,-0.014015672040684672
2024-01-08 16:00:00,0.0,1159.4874653196725,-0.03527534260434185,2891.1525947198306,-0.04241923982571013
2024-01-08 20:00:00,-0.0005102634201051837,1158.8958212800494,-0.035767606307484386,2871.1119490230094,0.0064214515414025165
2024-01-09 00:00:00,-0.00019504626354283072,1158.6697829802733,-0.03595567623306106,2852.0503866672825,0.006444040854677551
2024-01-09 04:00:00,-0.0007195987440971052,1157.8360056596175,-0.03664940131769766,2880.762789771538,-0.010786883403049785
2024-01-09 08:00:00,-0.0014532374477208565,1156.1533950178734,-0.03804937848298707,2863.0222832476397,0.004705029587276905
2024-01-09 12:00:00,0.0017130059112695495,1158.1338926178735,-0.03640155138197896,2819.775144097538,0.016818420704284978
2024-01-09 16:00:00,-0.00025437860104615684,1157.8392881384452,-0.036646670207308635,2818.3346997962426,0.0002564579826122333
2024-01-09 20:00:00,0.0,1157.8392881384452,-0.036646670207308635,2823.6724696309575,-0.0018939446174016503
2024-01-10 00:00:00,0.0,1157.8392881384452,-0.036646670207308635,2829.092485538197,-0.0019194917135512452
2024-01-10 04:00:00,0.0,1157.8392881384452,-0.036646670207308635,2805.013661359854,0.008511147762552731
2024-01-10 08:00:00,0.0,1157.8392881384452,-0.036646670207308635,2820.004191495743,-0.005344191489114358
2024-01-10 12:00:00,0.0,1157.8392881384452,-0.036646670207308635,2807.561893429748,0.0044121558767595504
2024-01-10 16:00:00,0.003046682223718733,1161.3668565155397,-0.03371163874226909,2854.809980416345,-0.013782185234970878
2024-01-10 20:00:00,0.012368040709458406,1175.7306890755397,-0.021760544953157573,2997.828785283566,-0.03772944593529665
2024-01-11 00:00:00,-0.00023865963791813716,1175.4500896149957,-0.02199401122729624,3011.3344448432163,-0.004743806705005563
2024-01-11 04:00:00,0.0,1175.4500896149957,-0.02199401122729624,2990.3759086473597,0.0069598832609732665
2024-01-11 08:00:00,0.0,1175.4500896149957,-0.02199401122729624,3082.480948292209,-0.03080048878754882
2024-01-11 12:00:00,-0.0043378329466171595,1170.3511834891597,-0.026236437827383382,3025.1914507848696,0.014247682574274983
2024-01-11 16:00:00,0.0007927905010285397,1171.2790267902974,-0.025464447325045207,3038.8129127727557,-0.003709887167305962
2024-01-11 20:00:00,-0.00037320224301962135,1170.8419028302974,-0.025828146179205893,3016.6466753972845,0.006921171583780282
2024-01-12 00:00:00,-0.0026169755634291025,1167.7778381819517,-0.028377530115235337,2991.1450478634115,0.005836658646322832
2024-01-12 04:00:00,0.0005218762622953843,1168.3872737153335,-0.027870463412289583,2991.9981682944203,0.0002366609292515008
2024-01-12 08:00:00,0.00475446227674281,1173.9423269328395,-0.023248510202475845,3004.866506845794,0.00045354435248185724
2024-01-12 12:00:00,-5.227652039807573e-05,1173.8809573128394,-0.02329957137165608,2937.5262426368326,0.02235812475884153
2024-01-12 16:00:00,-0.005764332764650715,1167.1143168488015,-0.02892959765364679,2891.13019475359,0.010029925414161749
2024-01-12 20:00:00,-0.005709336818000343,1160.4508681088014,-0.034473765654633205,2832.8214410012406,0.01445881536627677
2024-01-13 00:00:00,-0.0001865224953244704,1160.2344179171803,-0.03465385801716455,2824.8666147286162,0.0026215705801828954
2024-01-13 04:00:00,0.0,1160.2344179171803,-0.03465385801716455,2849.54674994569,-0.008736743564596543
2024-01-13 08:00:00,0.0,1160.2344179171803,-0.03465385801716455,2842.163197194436,0.002591132344606934
2024-01-13 12:00:00,0.0,1160.2344179171803,-0.03465385801716455,2861.7478620475513,-0.00689076013384731
2024-01-13 16:00:00,0.0,1160.2344179171803,-0.03465385801716455,2865.7046826617134,-0.001382658712403411
2024-01-13 20:00:00,0.0,1160.2344179171803,-0.03465385801716455,2877.2900537542796,-0.004042765174883778
2024-01-14 00:00:00,0.0,1160.2344179171803,-0.03465385801716455,2866.4226948366277,0.0037769424404994994
2024-01-14 04:00:00,0.0,1160.2344179171803,-0.03465385801716455,2885.785774539641,-0.00675513759289313
2024-01-14 08:00:00,0.0,1160.2344179171803,-0.03465385801716455,2872.8129313212357,0.004495428362306082
2024-01-14 12:00:00,0.0,1160.2344179171803,-0.03465385801716455,2898.0763124135983,-0.008793952720319893
2024-01-14 16:00:00,0.0,1160.2344179171803,-0.03465385801716455,2854.4197336215198,0.015063985239132707
2024-01-14 20:00:00,0.0,1160.2344179171803,-0.03465385801716455,2807.2550056254304,0.016523403142343494
2024-01-15 00:00:00,0.0,1160.2344179171803,-0.03465385801716455,2867.3642407333987,-0.021412103634160858
2024-01-15 04:00:00,0.0,1160.2344179171803,-0.03465385801716455,2869.008503727034,-0.0005734405731499446
2024-01-15 08:00:00,0.0,1160.2344179171803,-0.03465385801716455,2874.972502119163,-0.002078766369768686
2024-01-15 12:00:00,0.0,1160.2344179171803,-0.03465385801716455,2833.0767237399177,0.014572584032843101
2024-01-15 16:00:00,0.0,1160.2344179171803,-0.03465385801716455,2886.9621408271546,-0.019020105116003685
2024-01-15 20:00:00,0.0,1160.2344179171803,-0.03465385801716455,2852.627273095589,0.011893078626146556
2024-01-16 00:00:00,0.0,1160.2344179171803,-0.03465385801716455,2881.530396390871,-0.010132106485793007
2024-01-16 04:00:00,0.0,1160.2344179171803,-0.03465385801716455,2877.840647605988,0.0012804823400454715
2024-01-16 08:00:00,0.0,1160.2344179171803,-0.03465385801716455,2878.8198678141207,-0.00034026213680289033
2024-01-16 12:00:00,0.0,1160.2344179171803,-0.03465385801716455,2891.449712043935,-0.004387160298224676
2024-01-16 16:00:00,0.0,1160.2344179171803,-0.03465385801716455,2886.441681709309,0.0017320136379223186
2024-01-16 20:00:00,0.0,1160.2344179171803,-0.03465385801716455,2887.74852190375,-0.000452751289839713
2024-01-17 00:00:00,0.0,1160.2344179171803,-0.03465385801716455,2897.6974905953575,-0.0034452337577681896
2024-01-17 04:00:00,0.0,1160.2344179171803,-0.03465385801716455,2858.303878586393,0.013594797985924636
2024-01-17 08:00:00,0.0,1160.2344179171803,-0.03465385801716455,2893.8823577333583,-0.012447409603124864
2024-01-17 12:00:00,0.0,1160.2344179171803,-0.03465385801716455,2868.4000140632475,0.008805590732468465
2024-01-17 16:00:00,0.0,1160.2344179171803,-0.03465385801716455,2873.796217916238,-0.0018812591781251578
2024-01-17 20:00:00,0.0,1160.2344179171803,-0.03465385801716455,2881.564508904953,-0.002703146082622137
2024-01-18 00:00:00,0.0,1160.2344179171803,-0.03465385801716455,2860.217416874815,0.007408160380990411
2024-01-18 04:00:00,0.0,1160.2344179171803,-0.03465385801716455,2877.581889551218,-0.006071032423603613
2024-01-18 08:00:00,0.0,1160.2344179171803,-0.03465385801716455,2847.643135087419,0.010404136394001173
2024-01-18 12:00:00,0.0,1160.2344179171803,-0.03465385801716455,2851.1875433594446,-0.0012446813395796674
2024-01-18 16:00:00,0.0,1160.2344179171803,-0.03465385801716455,2735.5300512142676,0.040564673626801016
2024-01-18 20:00:00,0.0,1160.2344179171803,-0.03465385801716455,2771.047620357887,-0.012983797830279078
2024-01-19 00:00:00,0.0,1160.2344179171803,-0.03465385801716455,2745.5196824131726,0.009212377931425661
2024-01-19 04:00:00,0.0,1160.2344179171803,-0.03465385801716455,2760.7215002947996,-0.005536954617009093
2024-01-19 08:00:00,0.0,1160.2344179171803,-0.03465385801716455,2777.085266803108,-0.005927351421199521
2024-01-19 12:00:00,0.0,1160.2344179171803,-0.03465385801716455,2718.676454961204,0.02103241572742284
2024-01-19 16:00:00,0.0,1160.2344179171803,-0.03465385801716455,2761.35742574307,-0.015699172552871836
2024-01-19 20:00:00,0.0,1160.2344179171803,-0.03465385801716455,2762.446730021669,-0.00039448144903058465
2024-01-20 00:00:00,0.0,1160.2344179171803,-0.03465385801716455,2759.2853800540643,0.0011444021465634962
2024-01-20 04:00:00,0.0,1160.2344179171803,-0.03465385801716455,2760.9265236438387,-0.0005947712410020456
2024-01-20 08:00:00,0.0,1160.2344179171803,-0.03465385801716455,2760.468848070594,0.00016576883496353747
2024-01-20 12:00:00,0.0,1160.2344179171803,-0.03465385801716455,2749.219033067805,0.004075327642495201
2024-01-20 16:00:00,0.0,1160.2344179171803,-0.03465385801716455,2752.711031534739,-0.0012701783397146718
2024-01-20 20:00:00,0.0,1160.2344179171803,-0.03465385801716455,2777.3674094717185,-0.008957125413644589
2024-01-21 00:00:00,0.0,1160.2344179171803,-0.03465385801716455,2782.949359891048,-0.0020097990637799284
2024-01-21 04:00:00,0.0,1160.2344179171803,-0.03465385801716455,2777.2696166678297,0.0020409078602279885
2024-01-21 08:00:00,0.0,1160.2344179171803,-0.03465385801716455,2787.107085078153,-0.0035421366191036624
2024-01-21 12:00:00,0.0,1160.2344179171803,-0.03465385801716455,2775.169431262835,0.004283170129784709
2024-01-21 16:00:00,0.0,1160.2344179171803,-0.03465385801716455,2777.8095064001436,-0.0009513203437480554
2024-01-21 20:00:00,0.0,1160.2344179171803,-0.03465385801716455,2748.863615021473,0.010420401871322902
2024-01-22 00:00:00,0.0,1160.2344179171803,-0.03465385801716455,2720.159341561115,0.010442232675167988
2024-01-22 04:00:00,0.0,1160.2344179171803,-0.03465385801716455,2711.538666965272,0.0031691800050566155
2024-01-22 08:00:00,0.0,1160.2344179171803,-0.03465385801716455,2676.897883112424,0.012775323573614232
2024-01-22 12:00:00,0.0,1160.2344179171803,-0.03465385801716455,2661.088972890383,0.005905682963019695
2024-01-22 16:00:00,0.0,1160.2344179171803,-0.03465385801716455,2599.8236892614623,0.02302263631658154
2024-01-22 20:00:00,0.0,1160.2344179171803,-0.03465385801716455,2590.7790245040287,0.0034789531285497493
2024-01-23 00:00:00,0.0,1160.2344179171803,-0.03465385801716455,2620.51189682919,-0.01147642158746184
2024-01-23 04:00:00,0.0,1160.2344179171803,-0.03465385801716455,2584.350525087225,0.013799354158903068
2024-01-23 08:00:00,0.0,1160.2344179171803,-0.03465385801716455,2489.090904899837,0.03686017792968434
2024-01-23 12:00:00,0.0,1160.2344179171803,-0.03465385801716455,2530.537281082008,-0.016651210327667476
2024-01-23 16:00:00,0.0,1160.2344179171803,-0.03465385801716455,2506.0267668894426,0.009685893338068399
2024-01-23 20:00:00,0.0,1160.2344179171803,-0.03465385801716455,2582.5564564203505,-0.03053825702983188
2024-01-24 00:00:00,0.0,1160.2344179171803,-0.03465385801716455,2546.4775460575092,0.013970231037214207
2024-01-24 04:00:00,0.0,1160.2344179171803,-0.03465385801716455,2575.0572436278067,-0.011223227793445407
2024-01-24 08:00:00,0.0,1160.2344179171803,-0.03465385801716455,2598.8205861651304,-0.009228277389222399
2024-01-24 12:00:00,0.0,1160.2344179171803,-0.03465385801716455,2588.0577727514433,0.004141422255535122
2024-01-24 16:00:00,0.0,1160.2344179171803,-0.03465385801716455,2571.699403799511,0.006320712437010855
2024-01-24 20:00:00,0.0,1160.2344179171803,-0.03465385801716455,2601.482805955555,-0.011581214395446349
2024-01-25 00:00:00,0.0,1160.2344179171803,-0.03465385801716455,2581.4493619868576,0.007700778926093522
2024-01-25 04:00:00,0.0,1160.2344179171803,-0.03465385801716455,2585.138621854077,-0.001429142837952099
2024-01-25 08:00:00,0.0,1160.2344179171803,-0.03465385801716455,2592.787406637422,-0.002958752276835032
2024-01-25 12:00:00,0.0,1160.2344179171803,-0.03465385801716455,2548.373002182995,0.017129983098779222
2024-01-25 16:00:00,0.0,1160.2344179171803,-0.03465385801716455,2575.105447200002,-0.010490004796828014
2024-01-25 20:00:00,0.0,1160.2344179171803,-0.03465385801716455,2569.7348321918357,0.002085590325633221
2024-01-26 00:00:00,0.0,1160.2344179171803,-0.03465385801716455,2582.806739368168,-0.005086870058566657
2024-01-26 04:00:00,0.0,1160.2344179171803,-0.03465385801716455,2570.558295988278,0.004742299604997248
2024-01-26 08:00:00,0.0,1160.2344179171803,-0.03465385801716455,2662.1654067148893,-0.03563704852349663
2024-01-26 12:00:00,0.0,1160.2344179171803,-0.03465385801716455,2666.368805386127,-0.0015789397084925438
2024-01-26 16:00:00,0.0,1160.2344179171803,-0.03465385801716455,2685.340202367619,-0.007115068606851992
2024-01-26 20:00:00,0.0,1160.2344179171803,-0.03465385801716455,2679.268858615447,0.002260921631761773
2024-01-27 00:00:00,0.0,1160.2344179171803,-0.03465385801716455,2693.862470302764,-0.0054468634756045875
2024-01-27 04:00:00,0.0,1160.2344179171803,-0.03465385801716455,2664.399754955154,0.010936978287647598
2024-01-27 08:00:00,0.0,1160.2344179171803,-0.03465385801716455,2675.854986805975,-0.004299366800915313
2024-01-27 12:00:00,0.0,1160.2344179171803,-0.03465385801716455,2687.1558206675954,-0.004223260945508004
2024-01-27 16:00:00,0.0,1160.2344179171803,-0.03465385801716455,2695.170880154423,-0.0029827297044634654
2024-01-27 20:00:00,0.0,1160.2344179171803,-0.03465385801716455,2706.3250785371833,-0.004138586708877393
2024-01-28 00:00:00,0.0,1160.2344179171803,-0.03465385801716455,2760.618791926356,-0.020061785562922565
2024-01-28 04:00:00,0.0,1160.2344179171803,-0.03465385801716455,2751.1134492343867,0.003443192779737766
2024-01-28 08:00:00,0.0,1160.2344179171803,-0.03465385801716455,2771.346957872473,-0.007354661671156234
2024-01-28 12:00:00,0.0,1160.2344179171803,-0.03465385801716455,2749.974595164433,0.00771190436741536
2024-01-28 16:00:00,0.0,1160.2344179171803,-0.03465385801716455,2711.4016823042357,0.014026643347187348
2024-01-28 20:00:00,0.0,1160.2344179171803,-0.03465385801716455,2727.51069378182,-0.0059412117292391
2024-01-29 00:00:00,0.0,1160.2344179171803,-0.03465385801716455,2754.228424596804,-0.009795646585692572
2024-01-29 04:00:00,0.0,1160.2344179171803,-0.03465385801716455,2731.2472223660716,0.008343971046663052
2024-01-29 08:00:00,0.0,1160.2344179171803,-0.03465385801716455,2741.023539753942,-0.003579433347451065
2024-01-29 12:00:00,0.0,1160.2344179171803,-0.03465385801716455,2776.1769241193915,-0.012824911517763025
2024-01-29 16:00:00,0.0010446631151788122,1161.4464720185392,-0.033645396509254986,2812.5634867477515,-0.01206205292738795
2024-01-29 20:00:00,0.00744003299853202,1170.0876720963856,-0.02645568637100062,2830.331089807953,0.0011228056207609471
2024-01-30 00:00:00,0.005305654687107086,1176.2957532381702,-0.021290396420288366,2835.26965777096,0.0035607818060542995
2024-01-30 04:00:00,-0.0011042191199512885,1174.996864976727,-0.022371106277441082,2832.7015002192375,-0.00019842959665715225
2024-01-30 08:00:00,0.00853420427867757,1185.0245282492442,-0.014027821589675128,2861.921139711431,-0.0017809099294139319
2024-01-30 12:00:00,-0.010288250048964609,1172.8326995884597,-0.024171749902482848,2836.5132623640534,-0.0014103403837318895
2024-01-30 16:00:00,0.0019509938741197885,1175.1208890007242,-0.022267914964349527,2837.020079110645,0.001772317908342916
2024-01-30 20:00:00,-0.019555401162038022,1152.1409286024243,-0.041387858116217535,2789.1738762193313,-0.0026904507714462338
2024-01-31 00:00:00,-0.0013631165642673526,1150.570426218276,-0.04269455820552711,2783.0492930303703,0.000832724735258496
2024-01-31 04:00:00,0.0008204883412177288,1151.514455838738,-0.04190910025155041,2786.803991898397,-0.0005286429434597467
2024-01-31 08:00:00,-0.004202619701767496,1146.67507849976,-0.045935591942917436,2747.2970488708884,0.009973814357592259
2024-01-31 12:00:00,-0.00031005754943413955,1146.3195432349232,-0.046231406815281935,2782.181896673254,-0.013007937386164172
2024-01-31 16:00:00,0.0,1146.3195432349232,-0.046231406815281935,2782.7900305829935,-0.00021858165005913692
2024-01-31 20:00:00,0.0,1146.3195432349232,-0.046231406815281935,2707.7327667886475,0.026971946488762253
2024-02-01 00:00:00,0.0,1146.3195432349232,-0.046231406815281935,2670.1426535795727,0.013882504828442459
2024-02-01 04:00:00,0.0,1146.3195432349232,-0.046231406815281935,2680.332591404532,-0.003816252218322206
2024-02-01 08:00:00,0.0,1146.3195432349232,-0.046231406815281935,2676.588786527799,0.0013967687774044033
2024-02-01 12:00:00,0.0,1146.3195432349232,-0.046231406815281935,2699.5046512751155,-0.00856159334697201
2024-02-01 16:00:00,0.0,1146.3195432349232,-0.046231406815281935,2734.4406223726064,-0.012941622856989379
2024-02-01 20:00:00,0.0,1146.3195432349232,-0.046231406815281935,2736.952036796968,-0.0009184380907064162
2024-02-02 00:00:00,0.0,1146.3195432349232,-0.046231406815281935,2749.294604215514,-0.004509603110542636
2024-02-02 04:00:00,0.0,1146.3195432349232,-0.046231406815281935,2770.883923173786,-0.00785267571004189
2024-02-02 08:00:00,0.0,1146.3195432349232,-0.046231406815281935,2794.3414322221106,-0.00846571336032577
2024-02-02 12:00:00,0.0,1146.3195432349232,-0.046231406815281935,2793.21093370953,0.0004045670652645304
2024-02-02 16:00:00,0.0,1146.3195432349232,-0.046231406815281935,2771.663366183078,0.007714264349465301
2024-02-02 20:00:00,0.0,1146.3195432349232,-0.046231406815281935,2793.4438255207456,-0.00785826287687381
2024-02-03 00:00:00,0.0,1146.3195432349232,-0.046231406815281935,2782.3700734783533,0.003964193566816273
2024-02-03 04:00:00,0.0,1146.3195432349232,-0.046231406815281935,2779.2717744996207,0.0011135466875042172
2024-02-03 08:00:00,0.0,1146.3195432349232,-0.046231406815281935,2786.285918045558,-0.0025237343142520447
2024-02-03 12:00:00,0.0,1146.3195432349232,-0.046231406815281935,2778.228018980185,0.0028919857123010134
2024-02-03 16:00:00,0.0,1146.3195432349232,-0.046231406815281935,2785.66384688978,-0.002676464227844336
2024-02-03 20:00:00,0.0,1146.3195432349232,-0.046231406815281935,2772.844909838947,0.004601753031021949
2024-02-04 00:00:00,0.0,1146.3195432349232,-0.046231406815281935,2777.353090359775,-0.001625832193077849
2024-02-04 04:00:00,0.0,1146.3195432349232,-0.046231406815281935,2748.397426145772,0.010425633065708555
2024-02-04 08:00:00,0.0,1146.3195432349232,-0.046231406815281935,2766.614091178039,-0.006628104385111776
2024-02-04 12:00:00,0.0,1146.3195432349232,-0.046231406815281935,2766.0849184305694,0.0001912708928784352
2024-02-04 16:00:00,0.0,1146.3195432349232,-0.046231406815281935,2743.6698450521453,0.0081035376857275
2024-02-04 20:00:00,0.0,1146.3195432349232,-0.046231406815281935,2725.827290855714,0.006503171009663562
2024-02-05 00:00:00,0.0,1146.3195432349232,-0.046231406815281935,2735.8916171777933,-0.003692209831430799
2024-02-05 04:00:00,0.0,1146.3195432349232,-0.046231406815281935,2757.87854954832,-0.008036477846007441
2024-02-05 08:00:00,0.0,1146.3195432349232,-0.046231406815281935,2766.7971908559425,-0.0032338774704504364
2024-02-05 12:00:00,0.0,1146.3195432349232,-0.046231406815281935,2722.184583182824,0.01612427821618434
2024-02-05 16:00:00,0.0,1146.3195432349232,-0.046231406815281935,2730.3161220719653,-0.0029871372203694574
2024-02-05 20:00:00,0.0,1146.3195432349232,-0.046231406815281935,2725.4629629554115,0.0017775081344318458
2024-02-06 00:00:00,0.0,1146.3195432349232,-0.046231406815281935,2731.559874705172,-0.0022370187497061495
2024-02-06 04:00:00,0.0,1146.3195432349232,-0.046231406815281935,2726.524552528106,0.0018433870784579603
2024-02-06 08:00:00,0.0,1146.3195432349232,-0.046231406815281935,2713.2789618265015,0.004858049302847183
2024-02-06 12:00:00,0.0,1146.3195432349232,-0.046231406815281935,2736.6085886196465,-0.00859831485128242
2024-02-06 16:00:00,0.0,1146.3195432349232,-0.046231406815281935,2759.9771244349245,-0.008539232067186051
2024-02-06 20:00:00,0.0,1146.3195432349232,-0.046231406815281935,2745.068198081672,0.005401829682303706
2024-02-07 00:00:00,0.0,1146.3195432349232,-0.046231406815281935,2721.9287503570913,0.00842946187666725
2024-02-07 04:00:00,0.0,1146.3195432349232,-0.046231406815281935,2719.8705409130202,0.0007561584570503646
2024-02-07 08:00:00,0.0,1146.3195432349232,-0.046231406815281935,2714.4156778229967,0.0020055598264586533
2024-02-07 12:00:00,0.0,1146.3195432349232,-0.046231406815281935,2732.1012030190373,-0.006515407842849192
2024-02-07 16:00:00,0.0,1146.3195432349232,-0.046231406815281935,2771.8799002279034,-0.014559745138617115
2024-02-07 20:00:00,0.000548857796593305,1146.948709653615,-0.045707923486766694,2811.337295979085,-0.01368602869612144
2024-02-08 00:00:00,0.0033329589254780245,1150.7714425925205,-0.04252730719283891,2832.359851808072,-0.004144818948793626
2024-02-08 04:00:00,-0.0028927593716358,1147.4425377173502,-0.04529704529804217,2838.980458256969,-0.005230247118706692
2024-02-08 08:00:00,0.002855764350035317,1150.7193632102774,-0.04257063863513101,2850.886014833257,-0.001337838512450602
2024-02-08 12:00:00,0.014147004743697122,1166.9985955002774,-0.029025880918147257,2892.0112592760947,-0.0002784209761886713
2024-02-08 16:00:00,-0.00820571182292007,1157.4225413278496,-0.03699341472684667,2863.4515541989495,0.0016696664231156122
2024-02-08 20:00:00,-0.00034601169037251633,1157.0220595978494,-0.037326626263256925,2865.7641753945027,-0.0011536458171526836
2024-02-09 00:00:00,0.014517317226669046,1173.8189158752853,-0.023351191511053,2898.2513094165142,0.0031810271365957064
2024-02-09 04:00:00,0.0024593551798348656,1176.7057535062313,-0.02094926520501614,2906.326847885067,-0.0003269934167532884
2024-02-09 08:00:00,0.020612895238208973,1200.961065929453,-0.0007681949757955646,2947.2779816132856,0.006522555138292649
2024-02-09 12:00:00,-0.001741021178219171,1198.8701672794532,-0.002507878710292894,2950.247297199047,-0.002748498451922281
2024-02-09 16:00:00,0.0019179734436316487,1201.1695684226574,-0.0005947153114274143,2959.7839041514267,-0.001314503698685957
2024-02-09 20:00:00,-0.004007786674384284,1196.3555370326571,-0.004600118493711558,2963.4990813735394,-0.005263005752000591
2024-02-10 00:00:00,0.007557987503861385,1205.3975772317253,0.0,3003.4656948880306,-0.005928304348122828
2024-02-10 04:00:00,-0.00582777856767791,1198.3727870656035,-0.005827778567677866,2976.9635429866503,0.0029960784673758022
2024-02-10 08:00:00,-0.002114250688505903,1195.8391265754633,-0.007929707871334575,2961.7363727297447,0.003000749894144529
2024-02-10 12:00:00,0.0033127895985014533,1199.8006899954635,-0.004643187726588503,2978.6654980359826,-0.002403156446566206
2024-02-10 16:00:00,0.0032124755829732177,1203.6550204165083,-0.001445628270814167,2988.6198185490703,-0.00012939698366817463
2024-02-10 20:00:00,0.002930012470499843,1207.1817446365083,0.0,3009.3274160189203,-0.003998803748052805
2024-02-11 00:00:00,0.013805595266685566,1223.8476072162912,0.0,3036.8795942269667,0.004650001873496259
2024-02-11 04:00:00,-0.004038254587118928,1218.9053990025154,-0.004038254587118965,3037.496536974034,-0.004241404803624084
2024-02-11 08:00:00,0.003120631453632061,1222.7091535296445,-0.0009302250377693465,3035.741707651111,0.003698353700081647
2024-02-11 12:00:00,-0.007052561482104869,1214.0859220496443,-0.007976226050603127,3004.9920125229723,0.0030766583558802085
2024-02-11 16:00:00,0.001114922208053315,1215.4395334066223,-0.006870196714110081,3001.7720546790247,0.002186458448592158
2024-02-11 20:00:00,7.363692519457565e-05,1215.5290346366223,-0.006797065689077012,2995.181542204458,0.0022691775440413548
2024-02-12 00:00:00,-0.0031309189732401377,1211.7233117195542,-0.009906703600388905,2971.3717246891033,0.004818454772509639
2024-02-12 04:00:00,0.0008444763323502968,1212.7465833776585,-0.009070593244760774,2965.838205526534,0.0027067539856615586
2024-02-12 08:00:00,-0.0059571039834638295,1205.5221258748873,-0.01497366276107386,2947.402146036938,0.0002590339890129467
2024-02-12 12:00:00,0.03540362118117568,1248.2019745448874,0.0,3044.0479174549228,0.0026134667911701034
2024-02-12 16:00:00,-0.0008018397464802929,1247.2011165900622,-0.0008018397464802967,3058.94512900157,-0.00569572182409972
2024-02-12 20:00:00,0.007103896417194777,1256.0611041337277,0.0,3093.7974166411,-0.004289667759258922
2024-02-13 00:00:00,-0.00043855532188830093,1255.510251851893,-0.0004385553218883077,3078.49580110447,0.0045073456134233
2024-02-13 04:00:00,0.003166352583230836,1259.485639981117,0.0,3100.766953308653,-0.004068074111842909
2024-02-13 08:00:00,0.005119140084381302,1265.9331234064468,0.0,3100.4746730750758,0.005213400710212828
2024-02-13 12:00:00,-0.015155965576105546,1246.746684566447,-0.015155965576105589,3024.2241118869615,0.009437223928161074
2024-02-13 16:00:00,-0.00045361981885660985,1246.1811355612338,-0.015602710348602994,3034.3850814205034,-0.003813479788758789
2024-02-13 20:00:00,0.0,1246.1811355612338,-0.015602710348602994,3057.6705023361837,-0.007673851634143676
2024-02-14 00:00:00,0.0,1246.1811355612338,-0.015602710348602994,3053.313610192763,0.001424905705206449
2024-02-14 04:00:00,0.0,1246.1811355612338,-0.015602710348602994,3075.4513798435723,-0.007250408073676907
2024-02-14 08:00:00,0.0,1246.1811355612338,-0.015602710348602994,3163.966945024678,-0.028781324836163785
2024-02-14 12:00:00,0.0001879439705039232,1246.4153477918182,-0.015417698813432591,3171.6613177865083,-0.0022439312341123096
2024-02-14 16:00:00,0.0005021768225539347,1247.0412686907548,-0.014923264401879877,3178.579810836654,-0.0016791699093140489
2024-02-14 20:00:00,0.004085838818910226,1252.1364783151546,-0.01089839963596768,3191.9900401921477,-0.00013309861653638348
2024-02-15 00:00:00,0.01312037668201449,1268.5649805679404,0.0,3232.3215088162797,0.0004851653823876624
2024-02-15 04:00:00,-0.008518888234215649,1257.7582172806422,-0.008518888234215689,3217.450864100695,-0.003918280072241455
2024-02-15 08:00:00,0.008300613151576375,1268.1983816805052,-0.00028898707835295514,3241.1695263100555,0.0009287329858195881
2024-02-15 12:00:00,0.005773772951749967,1275.5206711941053,0.0,3247.9880088435166,0.0036700623997063847
2024-02-15 16:00:00,0.0006229560481687546,1276.31526451079,0.0,3249.6221000374794,0.00011984729606958776
2024-02-15 20:00:00,-0.0006317392168063707,1275.50896610519,-0.0006317392168063579,3252.964341141826,-0.0016602406860412192
2024-02-16 00:00:00,0.009697757120749939,1287.878542263817,0.0,3287.2160071844005,-0.0008316131552709317
2024-02-16 04:00:00,-0.009918450980696769,1275.1047820732822,-0.009918450980696752,3230.8831410572266,0.007218501992291699
2024-02-16 08:00:00,0.0026826836114266506,1278.525484775002,-0.007262375435166675,3248.687402715878,-0.0028279649887655066
2024-02-16 12:00:00,-0.007314515696060342,1269.1736900488022,-0.014523770372115753,3202.4797786753034,0.006908959299393249
2024-02-16 16:00:00,-0.0008431043153397377,1268.1036442338063,-0.015354629633979804,3187.256717648796,0.003910418603953835
2024-02-16 20:00:00,0.003912202415124799,1273.0647223734063,-0.01150249763799247,3226.4120773457007,-0.008372769636260324
2024-02-17 00:00:00,-0.002536378409422446,1269.835748497781,-0.014009701360751522,3211.43779371972,0.0021047781654375585
2024-02-17 04:00:00,-1.151392581588695e-05,1269.8211277031744,-0.014021053979905244,3214.8986158118005,-0.0010891689558614668
2024-02-17 08:00:00,-0.002499106863862899,1266.6477090070532,-0.016485120731528417,3186.3136686362473,0.006392292396743311
2024-02-17 12:00:00,-0.0029709412397379564,1262.8845730921446,-0.019407085646242984,3140.6953837310116,0.01134600606970902
2024-02-17 16:00:00,-0.00016618605203067016,1262.674699290772,-0.019570046511328685,3167.8327199465302,-0.008806736280522118
2024-02-17 20:00:00,0.0,1262.674699290772,-0.019570046511328685,3194.843565177592,-0.008526600871625965
2024-02-18 00:00:00,0.0,1262.674699290772,-0.019570046511328685,3193.0406514087404,0.0005643198898696815
2024-02-18 04:00:00,0.000980779140820509,1263.9131042974782,-0.018608461263911358,3220.5284881974953,-0.007627891962889852
2024-02-18 08:00:00,0.003415717500431681,1268.230274406852,-0.015256305010274933,3246.222802199215,-0.0045625736700652
2024-02-18 12:00:00,-0.0044770308942952974,1262.552368287252,-0.019665032955706405,3236.163087737769,-0.001378132551695071
2024-02-18 16:00:00,-0.0003618241669401945,1262.095546328378,-0.020019741838479536,3236.605800220413,-0.0004986258270052485
2024-02-18 20:00:00,-0.00030673585991669583,1261.708416365678,-0.020320336925668123,3244.5019826946145,-0.0027463849743266495
2024-02-19 00:00:00,0.0003391593729151765,1262.1363366009743,-0.01998806938548209,3245.2261419799365,0.00011596355143498168
2024-02-19 04:00:00,0.0075383666922641535,1271.6507831219035,-0.012600380089716078,3279.4462770970586,-0.0030063946340587976
2024-02-19 08:00:00,-0.0016035795999076452,1269.6115898678827,-0.014183753977160722,3263.019095595267,0.0034055530748720985
2024-02-19 12:00:00,-0.0018823541165440272,1267.2217312652829,-0.016039409246017794,3257.942907015207,-0.00032668176791674137
2024-02-19 16:00:00,0.0016684109857203477,1269.3359779230693,-0.014397758586888045,3248.156888007805,0.004672152698422059
2024-02-19 20:00:00,0.00424270703026286,1274.7213986003692,-0.010216137028201747,3255.136464964265,0.0020939262917988627
2024-02-20 00:00:00,-0.0058911648158200824,1267.2118047469617,-0.016047116897007736,3233.909040969327,0.0006300438104275595
2024-02-20 04:00:00,0.002762280562523811,1270.712199283815,-0.013329162973573068,3251.2087946685124,-0.0025872062288546816
2024-02-20 08:00:00,0.0015707721395366026,1272.7081986038193,-0.011779327911878672,3264.1866218166288,-0.0024209207869214334
2024-02-20 12:00:00,-0.00789016914585472,1262.666315643519,-0.019576556168084184,3186.5178793460354,0.015904041010967825
2024-02-20 16:00:00,0.006388297334418924,1270.732603502005,-0.013313319695250963,3225.086462541263,-0.005715379674649792
2024-02-20 20:00:00,-0.0002246452079018857,1270.4471395121036,-0.013534974129682093,3241.914106260693,-0.0054423793415074705
2024-02-21 00:00:00,-0.0012815798194306671,1268.8189600964515,-0.014799207799411608,3214.0687073272366,0.007307604847640687
2024-02-21 04:00:00,-0.006564440790050141,1260.4898731596054,-0.021266500066122844,3170.6925343990474,0.0069312797056886154
2024-02-21 08:00:00,-0.00424913546125083,1255.1338809410154,-0.025425271287806,3133.7708843928776,0.007395528789730424
2024-02-21 12:00:00,-0.00020647025207509717,1254.8747331322295,-0.025626491977709224,3152.562428405155,-0.006202934162651529
2024-02-21 16:00:00,0.0004214965299635942,1255.4036584777837,-0.025215796925189417,3143.546002694823,0.003281527350952916
2024-02-21 20:00:00,0.006520888277421477,1263.5900054777835,-0.01885933804234323,3209.7820471739988,-0.01454959849846598
2024-02-22 00:00:00,-0.003031956947500025,1259.7588549818836,-0.021834114288840488,3169.437832435301,0.009537187669100404
2024-02-22 04:00:00,0.004883141334607544,1265.9104355182835,-0.017057592020221304,3218.0439643059963,-0.010452742957954175
2024-02-22 08:00:00,0.0009950224103607574,1267.1700447711337,-0.016079542296187514,3215.4264991637024,0.0018083938780369005
2024-02-22 12:00:00,-0.0014181230115211108,1265.3730417711336,-0.017474862538763635,3207.3994127589776,0.0010783067488269816
2024-02-22 16:00:00,0.0008377072225407289,1266.4330539074335,-0.016651794134784563,3198.6424892902032,0.0035679326612371325
2024-02-22 20:00:00,0.000315321839372551,1266.8323879074337,-0.01634172296976753,3168.3790225169855,0.009776668918499756
2024-02-23 00:00:00,-0.002945667042278499,1263.1007214942838,-0.019239252737279958,3154.5873266216704,0.0014072515313202161
2024-02-23 04:00:00,-0.0031911687726545734,1259.0699539151337,-0.022369025807390138,3141.3243018836006,0.0010131924844083906
2024-02-23 08:00:00,0.0014766607934839637,1260.9291731523338,-0.02092539647730447,3155.778466638888,-0.003124635782810351
2024-02-23 12:00:00,-0.004196251155623609,1255.6379976523338,-0.025033839413778312,3110.799921356115,0.010056506367840263
2024-02-23 16:00:00,0.004819977080747551,1261.6901440227336,-0.020334524865248366,3153.222924829446,-0.008817352399072538
2024-02-23 20:00:00,-0.00028818948798670085,1261.32653818613,-0.020616854156925643,3120.6884427046,0.010029660819601613
2024-02-24 00:00:00,0.0,1261.32653818613,-0.020616854156925643,3122.441614476216,-0.0005617900677378536
2024-02-24 04:00:00,0.0,1261.32653818613,-0.020616854156925643,3160.4340970967105,-0.012167555814127904
2024-02-24 08:00:00,0.0,1261.32653818613,-0.020616854156925643,3168.4086710298207,-0.002523252720389113
2024-02-24 12:00:00,0.0,1261.32653818613,-0.020616854156925643,3160.468509537043,0.0025060408290692926
2024-02-24 16:00:00,0.0,1261.32653818613,-0.020616854156925643,3193.973506915734,-0.010601275500004639
2024-02-24 20:00:00,0.0,1261.32653818613,-0.020616854156925643,3194.9743871462297,-0.0003133652262076022
2024-02-25 00:00:00,0.0,1261.32653818613,-0.020616854156925643,3195.4592333193204,-0.0001517527574059604
2024-02-25 04:00:00,0.0,1261.32653818613,-0.020616854156925643,3197.478802796785,-0.0006320122805532387
2024-02-25 08:00:00,0.0,1261.32653818613,-0.020616854156925643,3194.275026572697,0.0010019694958684727
2024-02-25 12:00:00,0.0,1261.32653818613,-0.020616854156925643,3190.914516584687,0.0010520415305675934
2024-02-25 16:00:00,0.0,1261.32653818613,-0.020616854156925643,3212.2297343522578,-0.006679971417844551
2024-02-25 20:00:00,0.0021295334850190972,1264.0125752847405,-0.01853122495318951,3222.6043581291888,-0.0011001931020870404
2024-02-26 00:00:00,-0.003865858870446326,1259.1260810582203,-0.022325444723270294,3203.269467507301,0.002133912889656491
2024-02-26 04:00:00,-0.0006099939039815316,1258.3580218244306,-0.022921820242066977,3193.235348285636,0.0025224678896474634
2024-02-26 08:00:00,-0.00018804599196420302,1258.1213926419705,-0.02310555587760614,3170.113727292325,0.007052767312236553
2024-02-26 12:00:00,0.014300545166168854,1276.1132144419703,-0.0091354327568544,3274.480928051468,-0.01862168089172256
2024-02-26 16:00:00,0.0006457664184833511,1276.9372855020397,-0.008495565694063791,3342.1896099083433,-0.02003191757009518
2024-02-26 20:00:00,0.0016563141482730526,1279.0522947944742,-0.0068533228714473485,3351.710110588724,-0.0011922677072134951
2024-02-27 00:00:00,0.010755311320967298,1292.8089004207864,0.0,3368.3774709793056,0.005782518376277508
2024-02-27 04:00:00,0.0008301124606324706,1293.882077198242,0.0,3363.4886679504807,0.002281494638237299
2024-02-27 08:00:00,0.008241032018211802,1304.545000824223,0.0,3396.1094437231877,-0.0014574623110655983
2024-02-27 12:00:00,-0.00420661484773055,1299.0572824542232,-0.004206614847730528,3352.266725609422,0.008703074560188024
2024-02-27 16:00:00,0.008148966078724618,1309.643256183263,0.0,3414.066133230992,-0.010286144453936035
2024-02-27 20:00:00,-0.0036334947532721262,1304.884674283263,-0.0036334947532721045,3403.1328022073417,-0.000431057952991587
2024-02-28 00:00:00,0.0002695096720921608,1305.2363533239472,-0.003364964343159344,3387.6636157440553,0.004815082049770959
2024-02-28 04:00:00,0.01820632472185668,1328.9999102113352,0.0,3444.398299308942,0.0014588875497554277
2024-02-28 08:00:00,0.009250865196550606,1341.2943092269281,0.0,3455.0045228575864,0.006171597752140363
2024-02-28 12:00:00,0.024461783207677,1374.1047598369282,0.0,3516.804320893099,0.006574744963107854
2024-02-28 16:00:00,-0.007478727905876226,1363.8282042239384,-0.007478727905876234,3442.945617807327,0.013522924829529659
2024-02-28 20:00:00,-0.0003044623366762478,1363.4129699020555,-0.007780913251578873,3549.1511404352545,-0.031151746731358503
2024-02-29 00:00:00,0.00731376632085734,1373.384653762745,-0.0005240547120065346,3598.1010182472673,-0.006478229532553932
2024-02-29 04:00:00,0.0010231551196939748,1374.7898393025516,0.0,3668.9030701073775,-0.01865446135106308
2024-02-29 08:00:00,0.014035566548982858,1394.085793582948,0.0,3711.3250115846095,0.0024729984825579508
2024-02-29 12:00:00,0.004716007399433897,1400.660312500931,0.0,3729.6588050426108,-0.00022395161810695452
2024-02-29 16:00:00,-0.01802659316532762,1375.411178884656,-0.018026593165327672,3676.612851217804,-0.0038038568246500735
2024-02-29 20:00:00,-0.028739376749557066,1335.8827188291375,-0.04624789686239536,3581.590035025058,-0.0028941708391030385
2024-03-01 00:00:00,-0.0005052902261446501,1335.2077103480376,-0.04672981847827569,3666.30243494334,-0.02415746679852255
2024-03-01 04:00:00,0.0,1335.2077103480376,-0.04672981847827569,3635.9412226947134,0.00828115322927414
2024-03-01 08:00:00,0.0,1335.2077103480376,-0.04672981847827569,3692.212003476831,-0.015476262495908357
2024-03-01 12:00:00,0.0,1335.2077103480376,-0.04672981847827569,3645.91525956631,0.012539026433727238
2024-03-01 16:00:00,0.0,1335.2077103480376,-0.04672981847827569,3684.3998246842275,-0.01055552923698387
2024-03-01 20:00:00,0.0,1335.2077103480376,-0.04672981847827569,3717.143652744367,-0.0088871538427417
2024-03-02 00:00:00,0.007653622679788974,1345.4268863621865,-0.03943384819701447,3790.1283605358176,-0.011980998580426783
2024-03-02 04:00:00,-0.0048542604179270255,1338.8958338825037,-0.0440966864465122,3750.6444649244618,0.005563301167183414
2024-03-02 08:00:00,0.0030352653805805208,1342.9597380552907,-0.0411952662117011,3746.772869547061,0.004067513415180317
2024-03-02 12:00:00,-0.004248498917221566,1337.2541750622906,-0.0452687470850276,3730.8840285382394,-7.825259642205672e-06
2024-03-02 16:00:00,0.0033825624876313576,1341.7775208712847,-0.04203930896314821,3770.7551056788793,-0.007304201516732769
2024-03-02 20:00:00,0.0030639004698262973,1345.8885936478846,-0.03910421275180524,3794.2226513076807,-0.0031596661557174843
2024-03-03 00:00:00,-0.0027648143519410917,1342.167461548053,-0.04176091121510879,3780.6416869209615,0.0008145655724391332
2024-03-03 04:00:00,-0.01293840226031262,1324.8019590298418,-0.054158994007363084,3686.3241357335364,0.012009095809582298
2024-03-03 08:00:00,-0.00025980188238450275,1324.4577729870991,-0.05440472528115644,3740.4998931497685,-0.014956219077789943
2024-03-03 12:00:00,0.0,1324.4577729870991,-0.05440472528115644,3743.082659622595,-0.00069048697944266
2024-03-03 16:00:00,0.0,1324.4577729870991,-0.05440472528115644,3763.274580522413,-0.005394462996404574
2024-03-03 20:00:00,0.0,1324.4577729870991,-0.05440472528115644,3773.6919884359104,-0.0027681764087623844
2024-03-04 00:00:00,0.0,1324.4577729870991,-0.05440472528115644,3791.69341755043,-0.004770243350459803
2024-03-04 04:00:00,0.0,1324.4577729870991,-0.05440472528115644,3833.611230027815,-0.01105516925059456
2024-03-04 08:00:00,0.00030623245000116484,1324.863364935844,-0.05411515332346984,3890.672129774785,-0.014578140618406328
2024-03-04 12:00:00,0.005453534441674179,1332.088552927034,-0.04895673773426162,3911.82046721028,1.7883034903227665e-05
2024-03-04 16:00:00,0.0021758244538130356,1334.9869437751372,-0.046887434547589604,3885.7978996273896,0.008828115324781545
2024-03-04 20:00:00,0.002701814751236764,1338.5938311925374,-0.04431230095866111,3913.007412804425,-0.004300482815408291
2024-03-05 00:00:00,0.004418526045119497,1344.5084428994978,-0.04008956996944672,3899.8313340434156,0.007785777207970246
2024-03-05 04:00:00,-0.013826003357835459,1325.9192646533313,-0.053361294798270384,3860.9384811946843,-0.0038530456790718225
2024-03-05 08:00:00,0.008354293901900567,1336.9963838804372,-0.045452796836100484,3901.294232993445,-0.002098022806930753
2024-03-05 12:00:00,-0.0013085960819295694,1335.2467956509372,-0.046701913566177616,3941.2168878071307,-0.01154177831054943
2024-03-05 16:00:00,-0.08393354013309895,1223.1748051405775,-0.12671559676267727,3466.5339704709518,0.03650715898313002
2024-03-05 20:00:00,-0.00033794936620812344,1222.7614339904185,-0.12701072267327077,3649.128809021574,-0.053011553636647654
2024-03-06 00:00:00,0.0,1222.7614339904185,-0.12701072267327077,3596.976994400146,0.01429157953879163
2024-03-06 04:00:00,0.0,1222.7614339904185,-0.12701072267327077,3841.0254323281483,-0.06784820651006195
2024-03-06 08:00:00,0.0,1222.7614339904185,-0.12701072267327077,3866.6045231895973,-0.006659443242984365
2024-03-06 12:00:00,-0.004899241079691641,1216.77083094235,-0.13128770760288025,3783.7703521305775,0.01652373366784968
2024-03-06 16:00:00,0.003254490462226256,1220.730800006367,-0.12846049173285506,3843.6630503733163,-0.01257435026247955
2024-03-06 20:00:00,-0.0018002806187806808,1218.533142006367,-0.13002950741809002,3856.205151930671,-0.005063340203604645
2024-03-07 00:00:00,-0.002322705639590472,1215.7028482054009,-0.1320501927874873,3908.9573069046023,-0.016002515944164145
2024-03-07 04:00:00,0.0007263379369304435,1216.5858593040869,-0.1314197679151574,3920.3693063243136,-0.002193110530709173
2024-03-07 08:00:00,-0.00010725626954155576,1216.4553728432409,-0.13151292859064836,3939.3571545723116,-0.004950638809387239
2024-03-07 12:00:00,0.007512918219693576,1225.594502577319,-0.12498805624828874,4004.6196486346907,-0.009053869583902925
2024-03-07 16:00:00,0.012839165236213645,1241.3301129085041,-0.1137536333188001,4060.8828406103676,-0.001210406736210392
2024-03-07 20:00:00,-0.0008463084388877773,1240.2795647585042,-0.114503671097856,4023.035689597376,0.008473623334200002
2024-03-08 00:00:00,-0.0026346063048724444,1237.011916397387,-0.11683660530892297,4015.5606751153555,-0.000776553068767957
2024-03-08 04:00:00,0.0020326301878457187,1239.5263041613812,-0.11504146073207364,4011.3118805847475,0.003090712700939778
2024-03-08 08:00:00,0.00848352466708513,1250.041856138235,-0.1075338931348466,4063.6599101945876,-0.004566577436221924
2024-03-08 12:00:00,-0.006037192893135757,1242.495112328235,-0.11292188317257741,3996.539574289907,0.010480020010506883
2024-03-08 16:00:00,0.008830383141722686,1253.466820221811,-0.10508864352435351,4046.5363985325293,-0.003679645425054754
2024-03-08 20:00:00,-0.004025808356943217,1248.420603021811,-0.10869138514197656,4024.3907942842816,0.0014469224101094158
2024-03-09 00:00:00,0.004292773063031108,1253.779789357796,-0.10486519952926654,4048.328780603929,-0.0016554530271501522
2024-03-09 04:00:00,0.0012694539030351226,1255.371405004943,-0.10372886716306633,4073.082746563953,-0.004845159632956365
2024-03-09 08:00:00,-0.0019145065719251564,1252.967988199854,-0.10544478413710946,4055.2919993990154,0.002453376005453335
2024-03-09 12:00:00,-0.0011862140006750899,1251.4817000298538,-0.10650591805854291,4056.2984788582844,-0.0014344031469605595
2024-03-09 16:00:00,-0.003942867837252506,1246.547273085896,-0.11002884713700531,4038.0807372793006,0.0005483552997865059
2024-03-09 20:00:00,0.0032079243975244864,1250.5461024958959,-0.1071738869626431,4049.192771907608,0.00045611348752418396
2024-03-10 00:00:00,0.0033286888298111883,1254.7087813384378,-0.10420194665321196,4068.006113866863,-0.00131750684893704
2024-03-10 04:00:00,0.008803288840106394,1265.754345150778,-0.0963159776471952,4112.122467916429,-0.0020414229953019513
2024-03-10 08:00:00,0.010101142257557871,1278.539909854268,-0.08718773678152736,4104.817806427798,0.01187751481105624
2024-03-10 12:00:00,-0.004473010337462835,1272.820987620631,-0.09127075547106642,4041.334778925898,0.010992481797776565
2024-03-10 16:00:00,0.002342399876187784,1275.802443344443,-0.08914214820119354,4076.173164761978,-0.006278114815579303
2024-03-10 20:00:00,-0.0015270125717059546,1273.8542769744429,-0.09053303959192735,4056.2275766709986,0.0033662015496681253
2024-03-11 00:00:00,-0.00302344470674043,1270.0028490035659,-0.09328276265932843,4023.1671472070357,0.005127091435291473
2024-03-11 04:00:00,0.0048403222983679495,1276.1500721125888,-0.08889395899711372,4140.488857814404,-0.024321207987246733
2024-03-11 08:00:00,0.0037458354316737275,1280.9303202688411,-0.0854811057067131,4196.57349532651,-0.00979957899596259
2024-03-11 12:00:00,0.002049720681434719,1283.555869637773,-0.08360659741551735,4277.58289429388,-0.017253980077669002
2024-03-11 16:00:00,0.012182781874721993,1299.193150821589,-0.07244237648039639,4336.200038807519,-0.0015205515175619345
2024-03-11 20:00:00,0.009825469047908264,1311.9583329122408,-0.06332868776035318,4373.469417566253,0.0012305291408041263
2024-03-12 00:00:00,-0.00665536997853966,1303.2267648102818,-0.06956258189159226,4328.1776609231765,0.0037006545682787585
2024-03-12 04:00:00,0.0013495295465335566,1304.9855078352266,-0.06830692910465458,4344.844480692346,-0.002501241164578013
2024-03-12 08:00:00,-0.004253292162465838,1299.4350232026195,-0.0722696919409175,4324.784486507989,0.0003636726733298812
2024-03-12 12:00:00,0.02227453417306169,1328.3793330326196,-0.05160493149067033,4407.075817499502,0.0032466886819773368
2024-03-12 16:00:00,-0.002627590829224369,1324.888895679412,-0.05409692567516704,4425.537351501931,-0.006816657404644337
2024-03-12 20:00:00,-0.005393170595112462,1317.7435438454427,-0.059198342321442214,4410.739624490399,-0.0020494575414852223
2024-03-13 00:00:00,-0.0059519816473726506,1309.9003584565307,-0.0647979765217628,4407.970566572002,-0.005324182648986486
2024-03-13 04:00:00,0.00882254737843513,1321.4570164300426,-0.05654711236121769,4459.9883358171255,-0.0029782957668439258
2024-03-13 08:00:00,0.009910436549328105,1334.553232344037,-0.04719708238099309,4501.406895095888,0.0006237397779171074
2024-03-13 12:00:00,-0.0001301771066737345,1334.3795040655484,-0.047321115508039024,4462.789448209622,0.008448795598135288
2024-03-13 16:00:00,0.0042194455160553535,1340.009845680694,-0.04330133886062873,4527.56189145428,-0.0102944462989942
2024-03-13 20:00:00,0.0025630955556563695,1343.444418960694,-0.04084922877415999,4594.032229254425,-0.012118169856884329
2024-03-14 00:00:00,-0.0011935329167582776,1341.8409738248292,-0.04199400679175214,4619.290390240794,-0.006691570310907898
2024-03-14 04:00:00,-0.0062012077641356855,1333.5199391597114,-0.0479348009949236,4603.4178722378065,-0.0027650700325651295
2024-03-14 08:00:00,0.006047037935259514,1341.5837848192352,-0.04217762661969942,4638.435331729203,-0.0015598012575452746
2024-03-14 12:00:00,-0.01731889127083497,1318.3490411192356,-0.05876604816104597,4471.992876228874,0.018564427908324722
2024-03-14 16:00:00,-0.005792931918464306,1310.7119348792592,-0.06421855236339614,4362.10496108834,0.018779539054074208
2024-03-14 20:00:00,-0.00012108934374344127,1310.5532216312279,-0.06433186552477779,4541.580327062614,-0.04126530012621277
2024-03-15 00:00:00,-0.0006876879248977064,1309.6519700057763,-0.06497531320256796,4407.344270679033,0.028869436845897916
2024-03-15 04:00:00,2.7633278700589514e-05,1309.6881599836643,-0.06494947540480575,4408.356341296715,-0.00020199947869809737
2024-03-15 08:00:00,-0.005192452676738624,1302.8876661916643,-0.06980468100412587,4313.957504190432,0.016221160424809096
2024-03-15 12:00:00,-0.00010202699340655652,1302.7547364803363,-0.06989958603580383,4440.048945170859,-0.02933074351598392
2024-03-15 16:00:00,0.0,1302.7547364803363,-0.06989958603580383,4468.858714586228,-0.006488615276798734
2024-03-15 20:00:00,0.0,1302.7547364803363,-0.06989958603580383,4557.357156781297,-0.019803365433373705
2024-03-16 00:00:00,0.0,1302.7547364803363,-0.06989958603580383,4531.995819129941,0.005564922120184985
2024-03-16 04:00:00,0.0,1302.7547364803363,-0.06989958603580383,4607.894301345513,-0.016747253361355345
2024-03-16 08:00:00,-0.002467839514248338,1299.539746864276,-0.07219492458960344,4540.777163206393,0.01209784575321122
2024-03-16 12:00:00,-8.013437084264385e-05,1299.435609064276,-0.07226927366558607,4508.886874100907,0.0069429561617407876
2024-03-16 16:00:00,-0.017163759952353863,1277.132408196756,-0.08819262115281286,4301.806483223917,0.028763404924295112
2024-03-16 20:00:00,-0.00015076992860696414,1276.9398550347505,-0.08833009428622493,4269.518452694742,0.007354921146779729
2024-03-17 00:00:00,0.0,1276.9398550347505,-0.08833009428622493,4342.7590593374325,-0.01715430146377834
2024-03-17 04:00:00,0.0,1276.9398550347505,-0.08833009428622493,4208.143084387813,0.030997799580932437
2024-03-17 08:00:00,0.0,1276.9398550347505,-0.08833009428622493,4377.198952166663,-0.0401735075040691
2024-03-17 12:00:00,0.0,1276.9398550347505,-0.08833009428622493,4437.035735131587,-0.013670108125952485
2024-03-17 16:00:00,0.0,1276.9398550347505,-0.08833009428622493,4467.90978636293,-0.006958260666437296
2024-03-17 20:00:00,0.0,1276.9398550347505,-0.08833009428622493,4474.349251192083,-0.0014412701099757452
2024-03-18 00:00:00,0.0010057439340398489,1278.2241295480856,-0.08741318780870652,4476.161043314579,0.0006008153017895859
2024-03-18 04:00:00,-0.00039070289568732264,1277.7247236793337,-0.08776973811879574,4518.316036374061,-0.009808369653330682
2024-03-18 08:00:00,0.0025898512060900103,1281.0338405960056,-0.08540719747483094,4531.172284544498,-0.00025551155006513834
2024-03-18 12:00:00,-0.005038239433533209,1274.5796853846243,-0.09001513499813887,4432.307662165575,0.01678053420174514
2024-03-18 16:00:00,-0.00215166976662462,1271.8372108104284,-0.09197312192024933,4389.85053973473,0.0074273409129048985
2024-03-18 20:00:00,-0.003543917060838231,1267.3299252204283,-0.09519109386517587,4441.143995195714,-0.015228473288140523
2024-03-19 00:00:00,-0.008331970289356394,1256.7705699366795,-0.10272993478863623,4274.736187604657,0.02913761137047529
2024-03-19 04:00:00,0.0013153067866338297,1258.423608796559,-0.10154974938242033,4241.276009359174,0.009142732100623155
2024-03-19 08:00:00,-5.0166705323761995e-05,1258.360477830204,-0.10159482167139111,4125.870610104048,0.027159899086306418
2024-03-19 12:00:00,0.0,1258.360477830204,-0.10159482167139111,4218.334475017496,-0.02241075245719269
2024-03-19 16:00:00,0.0,1258.360477830204,-0.10159482167139111,4202.417936840094,0.0037731806881756225
2024-03-19 20:00:00,0.0,1258.360477830204,-0.10159482167139111,3980.6607231439284,0.052768957545167576
2024-03-20 00:00:00,0.0,1258.360477830204,-0.10159482167139111,3963.6771471258617,0.004266521866413424
2024-03-20 04:00:00,0.0,1258.360477830204,-0.10159482167139111,4074.9755823615574,-0.028079591526873005
2024-03-20 08:00:00,0.0,1258.360477830204,-0.10159482167139111,4088.4427842118816,-0.0033048546127779
2024-03-20 12:00:00,0.0,1258.360477830204,-0.10159482167139111,4035.615911082395,0.012921025416690475
2024-03-20 16:00:00,0.0,1258.360477830204,-0.10159482167139111,4220.2866283882795,-0.04576023124469107
2024-03-20 20:00:00,0.0,1258.360477830204,-0.10159482167139111,4341.982233950355,-0.02883586265053054
2024-03-21 00:00:00,0.0,1258.360477830204,-0.10159482167139111,4299.252130313566,0.009841151191886
2024-03-21 04:00:00,0.0,1258.360477830204,-0.10159482167139111,4272.733445638091,0.006168208765541916
2024-03-21 08:00:00,0.0,1258.360477830204,-0.10159482167139111,4307.298338870348,-0.00808964417556706
2024-03-21 12:00:00,0.0,1258.360477830204,-0.10159482167139111,4303.467187381949,0.000889455799665817
2024-03-21 16:00:00,0.0,1258.360477830204,-0.10159482167139111,4235.598270184997,0.01577075280042736
2024-03-21 20:00:00,0.0,1258.360477830204,-0.10159482167139111,4259.11032956157,-0.005551059821248531
2024-03-22 00:00:00,0.0,1258.360477830204,-0.10159482167139111,4305.103928638976,-0.010798874769261921
2024-03-22 04:00:00,0.0,1258.360477830204,-0.10159482167139111,4325.676688277006,-0.004778690591224314
2024-03-22 08:00:00,0.0,1258.360477830204,-0.10159482167139111,4193.774919508338,0.030492747903729116
2024-03-22 12:00:00,0.0,1258.360477830204,-0.10159482167139111,4149.0887608110725,0.010655354556439638
2024-03-22 16:00:00,0.0,1258.360477830204,-0.10159482167139111,4146.486468307825,0.0006271961515566923
2024-03-22 20:00:00,0.0,1258.360477830204,-0.10159482167139111,4153.699505022945,-0.0017395539018998374
2024-03-23 00:00:00,0.0,1258.360477830204,-0.10159482167139111,4128.854457690372,0.005981426268926853
2024-03-23 04:00:00,0.0,1258.360477830204,-0.10159482167139111,4204.0672683120165,-0.018216386988781665
2024-03-23 08:00:00,0.0,1258.360477830204,-0.10159482167139111,4204.986095155892,-0.00021855664651241176
2024-03-23 12:00:00,0.0,1258.360477830204,-0.10159482167139111,4235.919271262147,-0.007356308773978875
2024-03-23 16:00:00,0.0,1258.360477830204,-0.10159482167139111,4218.477898177869,0.004117494212556376
2024-03-23 20:00:00,0.0,1258.360477830204,-0.10159482167139111,4157.1297990361145,0.01454270962715081
2024-03-24 00:00:00,0.0,1258.360477830204,-0.10159482167139111,4148.225698070647,0.0021418866852636687
2024-03-24 04:00:00,0.0,1258.360477830204,-0.10159482167139111,4191.725702463095,-0.010486412157535334
2024-03-24 08:00:00,0.0,1258.360477830204,-0.10159482167139111,4222.14905929319,-0.0072579550737819866
2024-03-24 12:00:00,0.0,1258.360477830204,-0.10159482167139111,4233.580132579252,-0.002707406376594057
2024-03-24 16:00:00,0.0,1258.360477830204,-0.10159482167139111,4235.220222159074,-0.00038740015033651113
2024-03-24 20:00:00,0.0,1258.360477830204,-0.10159482167139111,4327.7583857925965,-0.021849669858807794
2024-03-25 00:00:00,0.0,1258.360477830204,-0.10159482167139111,4354.46389139008,-0.006170747813730456
2024-03-25 04:00:00,0.0,1258.360477830204,-0.10159482167139111,4343.0481309017305,0.0026216224943146826
2024-03-25 08:00:00,0.0,1258.360477830204,-0.10159482167139111,4352.678916805799,-0.0022175176543735337
2024-03-25 12:00:00,0.0,1258.360477830204,-0.10159482167139111,4485.257905201741,-0.030459170301776917
2024-03-25 16:00:00,0.0,1258.360477830204,-0.10159482167139111,4520.608006198325,-0.007881397623888555
2024-03-25 20:00:00,-0.0040733724515319425,1253.234706925714,-0.10525436057510847,4455.762667510998,0.010271011887569372
2024-03-26 00:00:00,0.0019034397171315831,1255.620163641764,-0.10355126618829684,4499.5261482995165,-0.007918331336254842
2024-03-26 04:00:00,0.0001992521848122042,1255.870348702664,-0.10337264681951273,4517.61450294332,-0.003820805494070315
2024-03-26 08:00:00,0.000707646728595801,1256.759061246464,-0.10273815140626498,4518.895141240311,0.0004241700627232804
2024-03-26 12:00:00,-0.001569164735557349,1254.786999246464,-0.10414610305763922,4444.3170851970435,0.014934439289827912
2024-03-26 16:00:00,-0.0027636451965413755,1251.3192131833139,-0.10662192537672682,4397.966749094943,0.00766547928165646
2024-03-26 20:00:00,0.0018148594507894078,1253.590181683314,-0.10500056973486865,4431.122160349309,-0.00572394498905512
2024-03-27 00:00:00,0.0013948999202448853,1255.338814527764,-0.1037521351009725,4439.735250325632,-0.0005488718072410423
2024-03-27 04:00:00,-0.002371414020739815,1252.361886462214,-0.1058775098538522,4369.529839915419,0.0134415582516639
2024-03-27 08:00:00,0.0017330012982759158,1254.5322312373642,-0.10432799441761131,4398.124477385646,-0.004811098071183866
2024-03-27 12:00:00,-0.0047770382862855065,1248.5392827373641,-0.10860665388023247,4287.2730244827335,0.02042721718053702
2024-03-27 16:00:00,-0.0008157133332377109,1247.5208325973642,-0.10933377531782175,4306.378376328687,-0.005272007984138786
2024-03-27 20:00:00,0.0029178314340621014,1251.1608880973642,-0.1067349614101866,4335.838724027059,-0.003923264522648985
2024-03-28 00:00:00,-0.000664814220068144,1250.329098547364,-0.10732881671013078,4313.13285316332,0.004571974394303917
2024-03-28 04:00:00,0.003922052151987376,1255.232954479014,-0.10382771377469172,4401.084195300643,-0.0164694695403756
2024-03-28 08:00:00,0.0008546855793358787,1256.3057839839144,-0.10306176824505457,4387.23022654865,0.004002539184769418
2024-03-28 12:00:00,0.0022783342530854345,1259.1680684839143,-0.10101824314874533,4405.202703891434,-0.0018182087626028255
2024-03-28 16:00:00,-0.001764247189316781,1256.9465847582142,-0.10260426918651722,4390.405004526897,0.0015948943438220953
2024-03-28 20:00:00,-6.252214768143194e-05,1256.8679977582142,-0.10266037629492786,4401.245400365056,-0.002531632816738643
2024-03-29 00:00:00,-0.0012229906327806406,1255.3308599703141,-0.10375781424914207,4388.99226213447,0.0015610255071894586
2024-03-29 04:00:00,-0.002322604679748541,1252.4152226403144,-0.10583943054395503,4345.735366947577,0.007533164618385839
2024-03-29 08:00:00,0.005358329595564815,1259.1260761937237,-0.1010482235014517,4413.0250444349185,-0.010125741983925922
2024-03-29 12:00:00,-0.0075277441863905725,1249.6476971937236,-0.10781530251083417,4365.230049623956,0.0033026939665117914
2024-03-29 16:00:00,0.0045407493286890865,1255.3220341358538,-0.10376411544464365,4387.420021908848,-0.0005425961153394032
2024-03-29 20:00:00,0.0001485071518945169,1255.5084584358538,-0.10363101800600263,4426.806551256792,-0.008828643235181637
2024-03-30 00:00:00,-0.0024384501302715522,1252.4469636718238,-0.10581676906691727,4409.103125390762,0.0015606913865412143
2024-03-30 04:00:00,-0.003737394379189629,1247.7660754295637,-0.10915868444817216,4407.800714282197,-0.003442002987442524
2024-03-30 08:00:00,0.0038113661420815514,1252.521768802694,-0.1057633620201105,4453.045280498685,-0.006453291710957558
2024-03-30 12:00:00,-0.0004678539044955521,1251.9357716026939,-0.10618173412273241,4429.844951830075,0.004742137732061859
2024-03-30 16:00:00,-0.0006977379319241805,1251.062248526514,-0.10680538503108164,4415.306693420299,0.002584150840225722
2024-03-30 20:00:00,-0.0030549098612012715,1247.2403661265137,-0.10953401406832206,4385.321667902451,0.003736243641800331
2024-03-31 00:00:00,0.004795516994695825,1253.221528498744,-0.10526376929958815,4407.901637648513,-0.00035347125657238417
2024-03-31 04:00:00,0.000531737117274167,1253.8879129016138,-0.10478800483555474,4453.6824516094175,-0.009854341730285241
2024-03-31 08:00:00,-0.0003168882054140898,1253.490570611104,-0.10507168695816761,4439.2160053459265,0.0029313106548937945
2024-03-31 12:00:00,-0.0016639466214597443,1251.404829211104,-0.1065607999011022,4430.090334042611,0.0003917477381582468
2024-03-31 16:00:00,0.004029635124933151,1256.447534066404,-0.1029605659183916,4471.978830520476,-0.005425814610702144
2024-03-31 20:00:00,0.003460683993670166,1260.795701936434,-0.09985619590717439,4486.241747416948,0.0002712867632695482
2024-04-01 00:00:00,-0.006545012550087104,1252.543778244164,-0.10574764840184511,4454.642501462487,0.0004985771032467124
2024-04-01 04:00:00,-0.013545812301590132,1235.577055324544,-0.11786102290684931,4363.471928836792,0.006920605058672424
2024-04-01 08:00:00,-0.003411334227174878,1231.3620890254035,-0.1208702937925322,4343.201960426582,0.0012340419184241336
2024-04-01 12:00:00,-0.007580531415733338,1222.0277100254034,-0.12753456414894235,4239.913011218352,0.016201219962479203
2024-04-01 16:00:00,-0.0001633393725160026,1221.8281047860507,-0.1276770721057761,4307.136775355682,-0.016018326010087045
2024-04-01 20:00:00,0.0,1221.8281047860507,-0.1276770721057761,4303.104934465161,0.0009360837839168523
2024-04-02 00:00:00,0.0,1221.8281047860507,-0.1276770721057761,4127.067635603495,0.040909366967028356
2024-04-02 04:00:00,0.0,1221.8281047860507,-0.1276770721057761,4127.444279125484,-9.126177597384988e-05
2024-04-02 08:00:00,0.0,1221.8281047860507,-0.1276770721057761,4062.878324755269,0.01564308322628527
2024-04-02 12:00:00,0.0,1221.8281047860507,-0.1276770721057761,4018.720120507811,0.010868699655217655
2024-04-02 16:00:00,0.0,1221.8281047860507,-0.1276770721057761,4089.1055087354166,-0.01751437923442935
2024-04-02 20:00:00,0.0,1221.8281047860507,-0.1276770721057761,4046.866848242164,0.010329559949729696
2024-04-03 00:00:00,0.0,1221.8281047860507,-0.1276770721057761,4107.248073093388,-0.014920487160938125
2024-04-03 04:00:00,0.0,1221.8281047860507,-0.1276770721057761,4112.282075422413,-0.0012256387341204997
2024-04-03 08:00:00,0.0,1221.8281047860507,-0.1276770721057761,4090.8461684379745,0.005212654820677993
2024-04-03 12:00:00,0.0,1221.8281047860507,-0.1276770721057761,4076.637005255848,0.003473404424677235
2024-04-03 16:00:00,0.0,1221.8281047860507,-0.1276770721057761,4049.7183743032574,0.006603146396867305
2024-04-03 20:00:00,0.0,1221.8281047860507,-0.1276770721057761,4044.326308929328,0.0013314667528841393
2024-04-04 00:00:00,0.0,1221.8281047860507,-0.1276770721057761,4032.5483813213054,0.002912210021733078
2024-04-04 04:00:00,0.0,1221.8281047860507,-0.1276770721057761,4087.5331279200554,-0.01363523543906824
2024-04-04 08:00:00,0.0,1221.8281047860507,-0.1276770721057761,4107.75959662348,-0.004948331443546624
2024-04-04 12:00:00,0.0,1221.8281047860507,-0.1276770721057761,4162.858498438649,-0.01341337060242249
2024-04-04 16:00:00,0.0,1221.8281047860507,-0.1276770721057761,4164.94895613781,-0.0005021688101926682
2024-04-04 20:00:00,0.0,1221.8281047860507,-0.1276770721057761,4132.043323875792,0.007900608773013953
2024-04-05 00:00:00,0.0,1221.8281047860507,-0.1276770721057761,4087.1942932339093,0.010853959440051408
2024-04-05 04:00:00,0.0,1221.8281047860507,-0.1276770721057761,4034.845152004453,0.012808087277895524
2024-04-05 08:00:00,0.0,1221.8281047860507,-0.1276770721057761,3975.804424480286,0.014632712111600379
2024-04-05 12:00:00,0.0,1221.8281047860507,-0.1276770721057761,4073.8053702608827,-0.024649337672943243
2024-04-05 16:00:00,0.0,1221.8281047860507,-0.1276770721057761,4062.5481620844866,0.0027633151692946223
2024-04-05 20:00:00,0.0,1221.8281047860507,-0.1276770721057761,4055.31342178557,0.0017808380381648034
2024-04-06 00:00:00,0.0,1221.8281047860507,-0.1276770721057761,4091.7063220036944,-0.008974127627871595
2024-04-06 04:00:00,0.0,1221.8281047860507,-0.1276770721057761,4107.454035639668,-0.003848691083054951
2024-04-06 08:00:00,0.0,1221.8281047860507,-0.1276770721057761,4092.350884809425,0.0036770103083797784
2024-04-06 12:00:00,0.0,1221.8281047860507,-0.1276770721057761,4129.044410413165,-0.008966368387408798
2024-04-06 16:00:00,0.0,1221.8281047860507,-0.1276770721057761,4124.466952143903,0.0011085999118147147
2024-04-06 20:00:00,0.0,1221.8281047860507,-0.1276770721057761,4144.4538726829915,-0.004845940280525303
2024-04-07 00:00:00,0.0,1221.8281047860507,-0.1276770721057761,4180.712169495904,-0.00874863080317986
2024-04-07 04:00:00,0.0,1221.8281047860507,-0.1276770721057761,4171.451746986439,0.002215034696010349
2024-04-07 08:00:00,0.0,1221.8281047860507,-0.1276770721057761,4181.796893316529,-0.0024799870542826824
2024-04-07 12:00:00,0.0,1221.8281047860507,-0.1276770721057761,4169.646448722126,0.002905555890058507
2024-04-07 16:00:00,0.0,1221.8281047860507,-0.1276770721057761,4140.527586427343,0.0069835326934510255
2024-04-07 20:00:00,0.0,1221.8281047860507,-0.1276770721057761,4188.753370605733,-0.011647255856107343
2024-04-08 00:00:00,0.0,1221.8281047860507,-0.1276770721057761,4154.956812956229,0.008068404763734287
2024-04-08 04:00:00,0.0,1221.8281047860507,-0.1276770721057761,4225.708245606011,-0.017028199289378727
2024-04-08 08:00:00,0.0,1221.8281047860507,-0.1276770721057761,4315.133926904997,-0.021162294247827562
2024-04-08 12:00:00,-0.0032511202399052586,1217.8557947048957,-0.13051309883238643,4293.530766094602,0.0017552506344027862
2024-04-08 16:00:00,-7.037826101641276e-05,1217.7700841318956,-0.1305742918084672,4321.091771209122,-0.006489571837586472
2024-04-08 20:00:00,-0.0016501047498883592,1215.7606359317977,-0.13200893529922905,4308.07607979897,0.0013620255401634346
2024-04-09 00:00:00,-0.0018115438454453514,1213.5582322342407,-0.1335813391703893,4272.532106606632,0.006439000605013108
2024-04-09 04:00:00,-0.008401481933872246,1203.3625446704227,-0.1408605398965191,4223.5867025365615,0.003054348671680387
2024-04-09 08:00:00,-0.001035964391438493,1202.1159039241534,-0.14175057778446598,4265.1067553896455,-0.01086648422619125
2024-04-09 12:00:00,-0.00021052525938880517,1201.8628281616643,-0.1419312609666982,4194.921156818537,0.016245240702955917
2024-04-09 16:00:00,0.0,1201.8628281616643,-0.1419312609666982,4191.526807942104,0.0008091567754297772
2024-04-09 20:00:00,0.0,1201.8628281616643,-0.1419312609666982,4155.713624309217,0.00854418575232022
2024-04-10 00:00:00,0.0,1201.8628281616643,-0.1419312609666982,4138.038633259009,0.0042531783101745135
2024-04-10 04:00:00,0.0,1201.8628281616643,-0.1419312609666982,4177.406438171959,-0.00951363880378886
2024-04-10 08:00:00,0.0,1201.8628281616643,-0.1419312609666982,4152.880645379325,0.00587105735475592
2024-04-10 12:00:00,0.0,1201.8628281616643,-0.1419312609666982,4120.987109357189,0.007679858571813636
2024-04-10 16:00:00,0.0,1201.8628281616643,-0.1419312609666982,4196.244053887037,-0.0182618733164605
2024-04-10 20:00:00,0.0,1201.8628281616643,-0.1419312609666982,4216.436832617321,-0.004812107797109262
2024-04-11 00:00:00,0.0,1201.8628281616643,-0.1419312609666982,4228.2575515566205,-0.002803485361824081
2024-04-11 04:00:00,-0.007068076315132732,1193.3679699718964,-0.14799615629781532,4229.044020298449,-0.007254079351191679
2024-04-11 08:00:00,-0.006801349118923494,1185.2514577807765,-0.1537909318894986,4151.844559155296,0.0114532400441625
2024-04-11 12:00:00,-0.00023757355783060596,1184.9698733750276,-0.15399196878847812,4169.8874844864495,-0.004583334839130616
2024-04-11 16:00:00,0.0,1184.9698733750276,-0.15399196878847812,4188.127272229608,-0.004374167842901677
2024-04-11 20:00:00,0.0,1184.9698733750276,-0.15399196878847812,4170.612002498682,0.004182124513518245
2024-04-12 00:00:00,0.0,1184.9698733750276,-0.15399196878847812,4216.03722154827,-0.010891739395171043
2024-04-12 04:00:00,0.0,1184.9698733750276,-0.15399196878847812,4200.313702707183,0.003729454465136902
2024-04-12 08:00:00,0.00013272666539720923,1185.1271504749168,-0.1538796809635962,4202.039571204272,-0.0002781637154750343
2024-04-12 12:00:00,-0.004476902244517689,1179.8214520749168,-0.15766767891902228,4084.093394655465,0.023591890195484022
2024-04-12 16:00:00,-0.011988315586943465,1165.6773801711968,-0.16776582461322367,3720.341309752117,0.07707724921609506
2024-04-12 20:00:00,-0.00019917187901707933,1165.4452100170604,-0.16793158225771768,3793.61388579429,-0.0198942938964792
2024-04-13 00:00:00,0.0,1165.4452100170604,-0.16793158225771768,3758.0383155129316,0.009377752020197892
2024-04-13 04:00:00,0.0,1165.4452100170604,-0.16793158225771768,3772.8065962990017,-0.003929784516860292
2024-04-13 08:00:00,0.0,1165.4452100170604,-0.16793158225771768,3783.5205818422687,-0.002839791881666387
2024-04-13 12:00:00,0.0,1165.4452100170604,-0.16793158225771768,3769.5608114394972,0.003689624544337538
2024-04-13 16:00:00,0.0,1165.4452100170604,-0.16793158225771768,3446.0258982625855,0.0858282779773918
2024-04-13 20:00:00,0.0,1165.4452100170604,-0.16793158225771768,3434.623508265091,0.00330885209053219
2024-04-14 00:00:00,0.0,1165.4452100170604,-0.16793158225771768,3397.8105200210994,0.010718201909293592
2024-04-14 04:00:00,0.0,1165.4452100170604,-0.16793158225771768,3564.396421005235,-0.04902742516174847
2024-04-14 08:00:00,0.0,1165.4452100170604,-0.16793158225771768,3488.5784866752865,0.021270904067557685
2024-04-14 12:00:00,0.0,1165.4452100170604,-0.16793158225771768,3482.2740463376294,0.0018071659736874
2024-04-14 16:00:00,0.0,1165.4452100170604,-0.16793158225771768,3503.276364692591,-0.006031207789935441
2024-04-14 20:00:00,0.0,1165.4452100170604,-0.16793158225771768,3628.4316987402617,-0.035725224338289764
2024-04-15 00:00:00,0.0,1165.4452100170604,-0.16793158225771768,3584.699849016529,0.012052548691743563
2024-04-15 04:00:00,0.0,1165.4452100170604,-0.16793158225771768,3706.99714006226,-0.03411646614688916
2024-04-15 08:00:00,0.0,1165.4452100170604,-0.16793158225771768,3682.938356477547,0.006490100390071664
2024-04-15 12:00:00,0.0,1165.4452100170604,-0.16793158225771768,3582.2722989169015,0.027333082396992583
2024-04-15 16:00:00,0.0,1165.4452100170604,-0.16793158225771768,3499.608572041199,0.02307577983412826
2024-04-15 20:00:00,0.0,1165.4452100170604,-0.16793158225771768,3503.8296322949936,-0.0012061521072721673
2024-04-16 00:00:00,0.0,1165.4452100170604,-0.16793158225771768,3453.351253138338,0.014406630588255198
2024-04-16 04:00:00,0.0,1165.4452100170604,-0.16793158225771768,3524.0441878863053,-0.020470820824763543
2024-04-16 08:00:00,0.0,1165.4452100170604,-0.16793158225771768,3480.4124330436316,0.012381159973151099
2024-04-16 12:00:00,0.0,1165.4452100170604,-0.16793158225771768,3350.5981446828227,0.03729853598048597
2024-04-16 16:00:00,0.0,1165.4452100170604,-0.16793158225771768,3416.605080801792,-0.019700045564615815
2024-04-16 20:00:00,0.0,1165.4452100170604,-0.16793158225771768,3473.2547864110647,-0.01658070051104007
2024-04-17 00:00:00,0.0,1165.4452100170604,-0.16793158225771768,3484.1644118735376,-0.003141038056049531
2024-04-17 04:00:00,0.0,1165.4452100170604,-0.16793158225771768,3494.410960732239,-0.002940891314939829
2024-04-17 08:00:00,0.0,1165.4452100170604,-0.16793158225771768,3410.6689307265788,0.023964562539064444
2024-04-17 12:00:00,0.0,1165.4452100170604,-0.16793158225771768,3301.8548771110914,0.03190402112476699
2024-04-17 16:00:00,0.0,1165.4452100170604,-0.16793158225771768,3411.8739979979914,-0.03332039867941134
2024-04-17 20:00:00,0.0,1165.4452100170604,-0.16793158225771768,3385.325917841439,0.007781084580535502
2024-04-18 00:00:00,0.0,1165.4452100170604,-0.16793158225771768,3445.4235520440993,-0.01775239243168038
2024-04-18 04:00:00,0.0,1165.4452100170604,-0.16793158225771768,3369.154188882956,0.02213642590209099
2024-04-18 08:00:00,0.0,1165.4452100170604,-0.16793158225771768,3459.181931097171,-0.026721170111856436
2024-04-18 12:00:00,0.0,1165.4452100170604,-0.16793158225771768,3495.6930193154562,-0.010554833178925804
2024-04-18 16:00:00,0.0,1165.4452100170604,-0.16793158225771768,3498.8664258780013,-0.00090780470281872
2024-04-18 20:00:00,0.0,1165.4452100170604,-0.16793158225771768,3510.4068431370065,-0.0032983303316900564
2024-04-19 00:00:00,0.0,1165.4452100170604,-0.16793158225771768,3400.1473252610576,0.031409327409303245
2024-04-19 04:00:00,0.0,1165.4452100170604,-0.16793158225771768,3525.2995151263053,-0.03680787268699844
2024-04-19 08:00:00,0.0,1165.4452100170604,-0.16793158225771768,3561.206154707554,-0.010185415289447481
2024-04-19 12:00:00,0.0,1165.4452100170604,-0.16793158225771768,3565.7797495454533,-0.0012842825265403368
2024-04-19 16:00:00,0.0,1165.4452100170604,-0.16793158225771768,3571.133218739269,-0.001501346008400636
2024-04-19 20:00:00,0.0,1165.4452100170604,-0.16793158225771768,3524.515858853505,0.01305394031259959
2024-04-20 00:00:00,0.0,1165.4452100170604,-0.16793158225771768,3554.092662698333,-0.008391735213939116
2024-04-20 04:00:00,0.0,1165.4452100170604,-0.16793158225771768,3594.4385061476755,-0.011351939096239263
2024-04-20 08:00:00,0.0,1165.4452100170604,-0.16793158225771768,3552.1020800074557,0.011778314211749843
2024-04-20 12:00:00,0.0,1165.4452100170604,-0.16793158225771768,3642.0632172812197,-0.025326168912796408
2024-04-20 16:00:00,0.0,1165.4452100170604,-0.16793158225771768,3698.286110041712,-0.015437099634547837
2024-04-20 20:00:00,0.0,1165.4452100170604,-0.16793158225771768,3716.582097105546,-0.004947152956650872
2024-04-21 00:00:00,0.0,1165.4452100170604,-0.16793158225771768,3714.894660971132,0.0004540290219145403
2024-04-21 04:00:00,0.0,1165.4452100170604,-0.16793158225771768,3729.4991534763367,-0.003931334220224355
2024-04-21 08:00:00,0.0,1165.4452100170604,-0.16793158225771768,3716.4597294862187,0.003496293591584051
2024-04-21 12:00:00,0.0,1165.4452100170604,-0.16793158225771768,3691.285739738628,0.006773647928393157
2024-04-21 16:00:00,0.0,1165.4452100170604,-0.16793158225771768,3666.031422715962,0.006841604471523314
2024-04-21 20:00:00,0.0,1165.4452100170604,-0.16793158225771768,3686.1197992772754,-0.005479597484309436
2024-04-22 00:00:00,0.0,1165.4452100170604,-0.16793158225771768,3746.5727738432324,-0.016400165447094217
2024-04-22 04:00:00,0.0,1165.4452100170604,-0.16793158225771768,3775.6538342719005,-0.0077620433884798236
2024-04-22 08:00:00,0.0,1165.4452100170604,-0.16793158225771768,3780.1038388475567,-0.0011786050233904635
2024-04-22 12:00:00,0.0,1165.4452100170604,-0.16793158225771768,3788.8523165946644,-0.002314348525879449
2024-04-22 16:00:00,0.0,1165.4452100170604,-0.16793158225771768,3818.3495206134626,-0.007785260958735186
2024-04-22 20:00:00,0.0,1165.4452100170604,-0.16793158225771768,3840.510765716284,-0.005803880703739495
2024-04-23 00:00:00,-0.003240674555873846,1161.668381378693,-0.17062804520784125,3808.173201334959,0.005179446192126038
2024-04-23 04:00:00,0.00010407422218805529,1161.7892811119254,-0.17054172896674175,3783.920635750286,0.006472630562054937
2024-04-23 08:00:00,-0.0023159836924938615,1159.098596082756,-0.1724627407960589,3791.171833666794,-0.004232302403832227
2024-04-23 12:00:00,0.0013193462437692816,1160.6278484616562,-0.171370932621549,3820.799666599617,-0.006495607610265606
2024-04-23 16:00:00,0.0031641970293461164,1164.3003036519349,-0.1687489869881203,3826.4831409289845,0.0016766879146833391
2024-04-23 20:00:00,-0.00419457201272011,1159.416562183835,-0.17223572922284522,3793.164155778699,0.004512897463336782
2024-04-24 00:00:00,0.0008702488995060431,1160.4255431711445,-0.17151536827715097,3816.458179746958,-0.005270804588192878
2024-04-24 04:00:00,0.0011669494200270414,1161.7797010857325,-0.1705485686166607,3833.815068849552,-0.003380955544503429
2024-04-24 08:00:00,-0.0021461829102991103,1159.28630934573,-0.17232872310361877,3838.532435278927,-0.00337664560728839
2024-04-24 12:00:00,-0.01864630769633535,1137.6699001135205,-0.18776173640404745,3688.4351412135047,0.020456473534824285
2024-04-24 16:00:00,-0.00044143830312037835,1137.1676890433032,-0.1881202894848587,3693.5551417178176,-0.0018295609915482164
2024-04-24 20:00:00,0.0,1137.1676890433032,-0.1881202894848587,3669.037385922315,0.0066379828795786345
2024-04-25 00:00:00,0.0,1137.1676890433032,-0.1881202894848587,3650.696193021084,0.004998911423362363
2024-04-25 04:00:00,0.0,1137.1676890433032,-0.1881202894848587,3639.4240762724694,0.0030876622300599144
2024-04-25 08:00:00,0.0,1137.1676890433032,-0.1881202894848587,3620.7524669736845,0.005130374726186921
2024-04-25 12:00:00,0.0,1137.1676890433032,-0.1881202894848587,3658.887332861876,-0.01053230405448448
2024-04-25 16:00:00,0.0,1137.1676890433032,-0.1881202894848587,3676.3591027094335,-0.004775159292453804
2024-04-25 20:00:00,0.0,1137.1676890433032,-0.1881202894848587,3648.8377553714486,0.007486033482883078
2024-04-26 00:00:00,0.0,1137.1676890433032,-0.1881202894848587,3640.7265144305766,0.002222965635819585
2024-04-26 04:00:00,0.0,1137.1676890433032,-0.1881202894848587,3629.8831424232326,0.0029783538984223495
2024-04-26 08:00:00,0.0,1137.1676890433032,-0.1881202894848587,3616.5788521332056,0.0036652117349280484
2024-04-26 12:00:00,0.0,1137.1676890433032,-0.1881202894848587,3598.679607302372,0.004949220122845092
2024-04-26 16:00:00,0.0,1137.1676890433032,-0.1881202894848587,3605.897484901679,-0.0020057016425303648
2024-04-26 20:00:00,0.0,1137.1676890433032,-0.1881202894848587,3581.105943930459,0.006875276148316686
2024-04-27 00:00:00,0.0,1137.1676890433032,-0.1881202894848587,3544.373224813255,0.010257367330743625
2024-04-27 04:00:00,0.0,1137.1676890433032,-0.1881202894848587,3531.9127679484477,0.003515560036842312
2024-04-27 08:00:00,0.0,1137.1676890433032,-0.1881202894848587,3520.7327172318355,0.003165437951375646
2024-04-27 12:00:00,0.0,1137.1676890433032,-0.1881202894848587,3540.8756423220766,-0.005721230978896541
2024-04-27 16:00:00,0.0,1137.1676890433032,-0.1881202894848587,3603.224899207655,-0.017608428870066164
2024-04-27 20:00:00,0.0,1137.1676890433032,-0.1881202894848587,3602.505289764967,0.00019971260823782786
2024-04-28 00:00:00,0.0,1137.1676890433032,-0.1881202894848587,3648.1010051136154,-0.012656668535141278
2024-04-28 04:00:00,0.0005060668125271839,1137.7431718710063,-0.18770942410760277,3649.5654043941217,0.00010465268543646822
2024-04-28 08:00:00,-0.002935829087968189,1134.4029523723902,-0.1900941704081901,3610.81471137976,0.007682063378818493
2024-04-28 12:00:00,0.003232334323823638,1138.0697219723904,-0.1874762839961356,3627.448875412232,-0.0013744276847745818
2024-04-28 16:00:00,-0.00041174386976927657,1137.6011287409983,-0.18781083565524231,3635.741142590861,-0.0026977215536550287
2024-04-28 20:00:00,-0.004981127898731175,1131.9345920209985,-0.19185645376080712,3569.1783238680337,0.013326781303900907
2024-04-29 00:00:00,-0.008067351769377562,1122.8028774872382,-0.19837603202847093,3504.5375251116848,0.010043482963669765
2024-04-29 04:00:00,-0.00024001239504234384,1122.533390879452,-0.1985684317169471,3501.045679569051,0.0007563660194025909
2024-04-29 08:00:00,0.0,1122.533390879452,-0.1985684317169471,3497.302383370756,0.001069193761206685
2024-04-29 12:00:00,0.0,1122.533390879452,-0.1985684317169471,3557.5646273074576,-0.017231064783886283
2024-04-29 16:00:00,0.0,1122.533390879452,-0.1985684317169471,3545.221970472712,0.0034694118386506823
2024-04-29 20:00:00,0.0,1122.533390879452,-0.1985684317169471,3582.1531169179716,-0.010417160548154622
2024-04-30 00:00:00,0.0,1122.533390879452,-0.1985684317169471,3562.813893636496,0.005398770697472252
2024-04-30 04:00:00,0.0,1122.533390879452,-0.1985684317169471,3542.269980166102,0.0057662044899642806
2024-04-30 08:00:00,0.0,1122.533390879452,-0.1985684317169471,3397.921403861767,0.04075030336834083
2024-04-30 12:00:00,0.0,1122.533390879452,-0.1985684317169471,3379.054047416139,0.005552617086488433
2024-04-30 16:00:00,0.0,1122.533390879452,-0.1985684317169471,3328.357011563965,0.015003321977326931
2024-04-30 20:00:00,0.0,1122.533390879452,-0.1985684317169471,3401.5960823679984,-0.022004571790097467
2024-05-01 00:00:00,0.0,1122.533390879452,-0.1985684317169471,3392.643500068443,0.0026318769432857997
2024-05-01 04:00:00,0.0,1122.533390879452,-0.1985684317169471,3256.178527077872,0.04022378802483014
2024-05-01 08:00:00,0.0,1122.533390879452,-0.1985684317169471,3300.375954098111,-0.013573404115499248
2024-05-01 12:00:00,0.0,1122.533390879452,-0.1985684317169471,3297.534439823489,0.0008609668456388395
2024-05-01 16:00:00,0.0,1122.533390879452,-0.1985684317169471,3350.493966115665,-0.016060340614671827
2024-05-01 20:00:00,0.0,1122.533390879452,-0.1985684317169471,3427.1504042200277,-0.022879145248314803
2024-05-02 00:00:00,0.0,1122.533390879452,-0.1985684317169471,3363.773799706797,0.018492507488201273
2024-05-02 04:00:00,0.0,1122.533390879452,-0.1985684317169471,3371.419576045619,-0.002272975768908455
2024-05-02 08:00:00,0.0,1122.533390879452,-0.1985684317169471,3457.371997939986,-0.025494430448547663
2024-05-02 12:00:00,0.0,1122.533390879452,-0.1985684317169471,3474.0042128026844,-0.004810652389331649
2024-05-02 16:00:00,0.0,1122.533390879452,-0.1985684317169471,3472.3662131413016,0.0004715019214272293
2024-05-02 20:00:00,0.0,1122.533390879452,-0.1985684317169471,3457.7963601815877,0.004195943649196129
2024-05-03 00:00:00,0.0,1122.533390879452,-0.1985684317169471,3500.0271484629952,-0.012213208611044246
2024-05-03 04:00:00,0.0,1122.533390879452,-0.1985684317169471,3448.2916122545207,0.014781467118388902
2024-05-03 08:00:00,0.0,1122.533390879452,-0.1985684317169471,3445.899209018722,0.00069379376944112
2024-05-03 12:00:00,0.0,1122.533390879452,-0.1985684317169471,3566.50951493096,-0.03500111250978323
2024-05-03 16:00:00,0.0,1122.533390879452,-0.1985684317169471,3580.1039939843986,-0.003811704131595991
2024-05-03 20:00:00,0.0,1122.533390879452,-0.1985684317169471,3606.435170219851,-0.007354863512259969
2024-05-04 00:00:00,0.0,1122.533390879452,-0.1985684317169471,3603.411543541958,0.0008383976240196045
2024-05-04 04:00:00,0.0,1122.533390879452,-0.1985684317169471,3596.4587459162863,0.0019295041772657523
2024-05-04 08:00:00,0.0,1122.533390879452,-0.1985684317169471,3639.3868587159027,-0.011936217215993488
2024-05-04 12:00:00,0.0,1122.533390879452,-0.1985684317169471,3643.556198170781,-0.0011456159009017547
2024-05-04 16:00:00,0.0,1122.533390879452,-0.1985684317169471,3667.2781382342537,-0.006510655736662445
2024-05-04 20:00:00,0.0,1122.533390879452,-0.1985684317169471,3644.689545709767,0.0061594980454257675
2024-05-05 00:00:00,0.0,1122.533390879452,-0.1985684317169471,3616.520330799359,0.007728837959207424
2024-05-05 04:00:00,0.0,1122.533390879452,-0.1985684317169471,3627.2522936068767,-0.0029674830571587867
2024-05-05 08:00:00,0.0,1122.533390879452,-0.1985684317169471,3640.0162999697304,-0.003518918820549396
2024-05-05 12:00:00,0.0,1122.533390879452,-0.1985684317169471,3670.7417749437745,-0.008441026754275573
2024-05-05 16:00:00,0.0,1122.533390879452,-0.1985684317169471,3650.641270090025,0.005475870024678309
2024-05-05 20:00:00,0.0,1122.533390879452,-0.1985684317169471,3646.829862931076,0.0010440377119977282
2024-05-06 00:00:00,0.0,1122.533390879452,-0.1985684317169471,3645.2073589145216,0.00044490806468563564
2024-05-06 04:00:00,0.0,1122.533390879452,-0.1985684317169471,3705.0035631297947,-0.016404061093819262
2024-05-06 08:00:00,0.001381688310034379,1124.0843821432534,-0.19746110308775797,3710.776330729387,-0.00017641210774654859
2024-05-06 12:00:00,-0.0044316365447079065,1119.102848716012,-0.2010176637918638,3700.5459004980166,-0.0016746850823816028
2024-05-06 16:00:00,-0.010959200402569036,1106.8383763258473,-0.20977387133248154,3673.529539697314,-0.003658558408892668
2024-05-06 20:00:00,-0.004922461021893532,1101.3900075608474,-0.21366372864932925,3652.816030105266,0.0007161242591586948
2024-05-07 00:00:00,-0.0007526102627377629,1100.5610901378802,-0.21425553339711073,3642.2404291759126,0.0021425809656714207
2024-05-07 04:00:00,0.001332677377962277,1102.0277830057726,-0.21320838952160998,3653.1203715283928,-0.0016544791714316726
2024-05-07 08:00:00,-0.00020571902185961832,1101.8010749281905,-0.21337024752212497,3645.8724438920876,0.001778318430832585
2024-05-07 12:00:00,-0.00030483684182458504,1101.4652053681905,-0.21361004125155553,3665.9390233308027,-0.005808753873352303
2024-05-07 16:00:00,-0.004146011978097275,1096.8985174332765,-0.21687042343998203,3617.052046703555,0.009189446226777642
2024-05-07 20:00:00,-0.0037214992044587447,1092.8164104732766,-0.21978483953613825,3554.3034126866924,0.013626504973155793
2024-05-08 00:00:00,0.0017199982561442173,1094.6960527935764,-0.21844287082072314,3580.366208174318,-0.005612745311722686
2024-05-08 04:00:00,-0.00014075396404245044,1094.5419699847241,-0.21855287808478077,3531.651770173896,0.013465239157332332
2024-05-08 08:00:00,0.0,1094.5419699847241,-0.21855287808478077,3529.6474643498764,0.0005675264591335097
2024-05-08 12:00:00,0.0,1094.5419699847241,-0.21855287808478077,3565.716293716742,-0.01021881922519666
2024-05-08 16:00:00,0.0,1094.5419699847241,-0.21855287808478077,3568.0954522951783,-0.0006672315973733475
2024-05-08 20:00:00,0.0,1094.5419699847241,-0.21855287808478077,3516.538862128949,0.014449330421658333
2024-05-09 00:00:00,0.0,1094.5419699847241,-0.21855287808478077,3560.536846553133,-0.012511729899537416
2024-05-09 04:00:00,0.0,1094.5419699847241,-0.21855287808478077,3536.481339190955,0.006756146165279848
2024-05-09 08:00:00,0.0,1094.5419699847241,-0.21855287808478077,3520.842111447426,0.004422256543592328
2024-05-09 12:00:00,0.0,1094.5419699847241,-0.21855287808478077,3561.0839686519666,-0.01142961141986484
2024-05-09 16:00:00,0.0,1094.5419699847241,-0.21855287808478077,3593.6215529967462,-0.00913698880206315
2024-05-09 20:00:00,0.0,1094.5419699847241,-0.21855287808478077,3618.1568746258476,-0.00682746395725542
2024-05-10 00:00:00,0.0,1094.5419699847241,-0.21855287808478077,3623.477626157429,-0.001470569606557226
2024-05-10 04:00:00,0.0,1094.5419699847241,-0.21855287808478077,3636.72459710047,-0.003655872150945078
2024-05-10 08:00:00,0.0,1094.5419699847241,-0.21855287808478077,3636.58683189155,3.7881672159028366e-05
2024-05-10 12:00:00,0.0,1094.5419699847241,-0.21855287808478077,3511.1322125738784,0.03449790287350777
2024-05-10 16:00:00,0.0,1094.5419699847241,-0.21855287808478077,3499.057464733767,0.003438989792771019
2024-05-10 20:00:00,0.0,1094.5419699847241,-0.21855287808478077,3490.474962795407,0.002452803940735913
2024-05-11 00:00:00,0.0,1094.5419699847241,-0.21855287808478077,3476.782925569857,0.003922685987291651
2024-05-11 04:00:00,0.0,1094.5419699847241,-0.21855287808478077,3498.557164159859,-0.00626275469482548
2024-05-11 08:00:00,0.0,1094.5419699847241,-0.21855287808478077,3476.1832144225828,0.0063951934147256405
2024-05-11 12:00:00,0.0,1094.5419699847241,-0.21855287808478077,3500.6711205187717,-0.007044480853192425
2024-05-11 16:00:00,0.0,1094.5419699847241,-0.21855287808478077,3503.3082475601573,-0.0007533204207412293
2024-05-11 20:00:00,0.0,1094.5419699847241,-0.21855287808478077,3485.244625631853,0.005156161163061977
2024-05-12 00:00:00,0.0,1094.5419699847241,-0.21855287808478077,3493.337555937475,-0.002322055171135865
2024-05-12 04:00:00,0.0,1094.5419699847241,-0.21855287808478077,3471.0618157025256,0.006376635489200945
2024-05-12 08:00:00,0.0,1094.5419699847241,-0.21855287808478077,3494.956708947015,-0.006884029877080414
2024-05-12 12:00:00,0.0,1094.5419699847241,-0.21855287808478077,3501.345991723915,-0.0018281436106329454
2024-05-12 16:00:00,0.0,1094.5419699847241,-0.21855287808478077,3490.3685717312646,0.0031352000112521627
2024-05-12 20:00:00,0.0,1094.5419699847241,-0.21855287808478077,3475.7081950995425,0.004200237404856739
2024-05-13 00:00:00,0.0,1094.5419699847241,-0.21855287808478077,3423.4650748685735,0.015030928173034737
2024-05-13 04:00:00,0.0,1094.5419699847241,-0.21855287808478077,3505.294942629305,-0.023902644242361073
2024-05-13 08:00:00,0.0,1094.5419699847241,-0.21855287808478077,3523.567869709672,-0.005212949945564427
2024-05-13 12:00:00,0.0,1094.5419699847241,-0.21855287808478077,3528.0746784539674,-0.0012790469521073433
2024-05-13 16:00:00,0.0,1094.5419699847241,-0.21855287808478077,3521.4010898778097,0.0018915666997962083
2024-05-13 20:00:00,0.0,1094.5419699847241,-0.21855287808478077,3497.5069623275645,0.006785403576698101
2024-05-14 00:00:00,0.0,1094.5419699847241,-0.21855287808478077,3480.998187500747,0.004720154957413102
2024-05-14 04:00:00,0.0,1094.5419699847241,-0.21855287808478077,3483.0771598081783,-0.0005972345274113389
2024-05-14 08:00:00,0.0,1094.5419699847241,-0.21855287808478077,3474.737125185002,0.0023944444066338016
2024-05-14 12:00:00,0.0,1094.5419699847241,-0.21855287808478077,3441.737444924023,0.009497029292315615
2024-05-14 16:00:00,0.0,1094.5419699847241,-0.21855287808478077,3430.9796324169574,0.003125692380437441
2024-05-14 20:00:00,0.0,1094.5419699847241,-0.21855287808478077,3407.818203886182,0.00675067502935275
2024-05-15 00:00:00,0.0,1094.5419699847241,-0.21855287808478077,3438.436853458312,-0.008984824817595502
2024-05-15 04:00:00,0.0,1094.5419699847241,-0.21855287808478077,3447.5491221462366,-0.002650119538696792
2024-05-15 08:00:00,0.0,1094.5419699847241,-0.21855287808478077,3445.515058484716,0.0005900028076333909
2024-05-15 12:00:00,0.0,1094.5419699847241,-0.21855287808478077,3560.746136868405,-0.03344378893365385
2024-05-15 16:00:00,0.0,1094.5419699847241,-0.21855287808478077,3614.4074539761637,-0.015070245124229054
2024-05-15 20:00:00,0.0008350117479454244,1095.4559253882808,-0.21790036055758336,3630.087110020851,-0.0035030868876797672
2024-05-16 00:00:00,-0.0014772962453405425,1093.8376124627687,-0.2190557534184138,3652.345820847683,-0.0076090253615335645
2024-05-16 04:00:00,0.00032880308038985007,1094.1972696391927,-0.21879897654452507,3652.941187239089,0.00016579376511422734
2024-05-16 08:00:00,0.0034755037977429737,1098.0001564053036,-0.21608390942070488,3649.349049960844,0.00445885860531384
2024-05-16 12:00:00,-0.00869181843401956,1088.4565384053037,-0.2228975657475265,3605.1073436928164,0.0034313590593754474
2024-05-16 16:00:00,-0.00588860312022621,1082.0470498370196,-0.22747361356660104,3598.8029246696647,-0.004139856572032181
2024-05-16 20:00:00,0.00011168244903481117,1082.1678955015163,-0.2273873359278201,3602.1075964809434,-0.0008065872868892836
2024-05-17 00:00:00,0.003855282155842854,1086.3399580786693,-0.22440869611064446,3623.9160515859257,-0.002199077554646608
2024-05-17 04:00:00,0.009578763878338892,1096.7457520287094,-0.21697949014459536,3736.754721636728,-0.02155845576046067
2024-05-17 08:00:00,0.0037806635623776064,1100.8921787305967,-0.21401915303439073,3726.757541753222,0.006456027782999363
2024-05-17 12:00:00,-0.002684742106995208,1097.936567143097,-0.2161293089095311,3768.275181984566,-0.013825161027785225
2024-05-17 16:00:00,-0.0041326806196392285,1093.3991459704714,-0.21936879612290391,3748.792673581545,0.001037458890384757
2024-05-17 20:00:00,-5.0673802612810626e-05,1093.3437392779715,-0.21940835367444256,3748.298449142668,8.116182605780571e-05
2024-05-18 00:00:00,0.0037557461961372773,1097.4500608678352,-0.21647664956801885,3785.574516302639,-0.006189050800616602
2024-05-18 04:00:00,-0.0050094360259442805,1091.9524549962491,-0.2204016596668414,3764.514895526872,0.0005536880613174243
2024-05-18 08:00:00,0.007097786781793625,1099.7029006976686,-0.21486823687171644,3788.755866456822,0.0006584522054438047
2024-05-18 12:00:00,-0.006074563801060973,1093.0226852651688,-0.2196375698590787,3766.92788814702,-0.0003133115380020545
2024-05-18 16:00:00,0.002698576853513046,1095.97229098399,-0.21753170186774926,3765.6832895834405,0.003028978337304565
2024-05-18 20:00:00,-0.0005415966465419642,1095.3787160664901,-0.21795548407404308,3771.077446529098,-0.0019740476868560825
2024-05-19 00:00:00,0.002197646088266003,1097.7859708170236,-0.21623682700276847,3785.843118489758,-0.0017178587429198212
2024-05-19 04:00:00,-0.002301275956257065,1095.259662357266,-0.21804048234818674,3770.55860068466,0.0017360064473507719
2024-05-19 08:00:00,-0.0032159797484856423,1091.7373294637919,-0.22055524832109055,3751.9862969594915,0.0017096309347156878
2024-05-19 12:00:00,-0.009638671412534827,1081.214432076292,-0.2280680601667484,3707.445192679318,0.0022326683938679315
2024-05-19 16:00:00,-0.006242916871302073,1074.4645002567877,-0.23288716709743035,3684.57697776074,-7.47299581864546e-05
2024-05-19 20:00:00,0.0019429253358311804,1076.5521045567878,-0.23139672413894274,3691.5009736390098,6.374193972875333e-05
2024-05-20 00:00:00,0.0038282568003700224,1080.6734224720099,-0.228454313421341,3713.8898578346825,-0.002236724451308213
2024-05-20 04:00:00,0.0012220970482210713,1081.994110271704,-0.2275114097152055,3737.334703415563,-0.005090649553949429
2024-05-20 08:00:00,0.0004940818497312094,1082.5287039231052,-0.22712973712362133,3732.615947867749,0.0017566809804704534
2024-05-20 12:00:00,0.006430835861230388,1089.4902683331052,-0.22215953532103738,3763.2465240430174,-0.0017753596335850254
2024-05-20 16:00:00,0.05735961429803438,1151.9830099061542,-0.17754290628164818,3947.1219321792314,0.008498768493367823
2024-05-20 20:00:00,0.006031392566648863,1158.931071669008,-0.1725823446802077,4043.206304612836,-0.018311501847194656
2024-05-21 00:00:00,-0.00443581548756089,1153.790267272283,-0.17625261673035653,4026.2949512837727,-0.0002531564652474682
2024-05-21 04:00:00,0.003939038154749719,1158.3350911576474,-0.17300784435778216,4061.813860924655,-0.004882697478293634
2024-05-21 08:00:00,0.0036855124974772835,1162.6041496123753,-0.16995995443284717,4065.7420513424654,0.0027184099781815446
2024-05-21 12:00:00,-0.006623311388891162,1154.9038603074755,-0.17545756811988786,4030.5513538921564,0.002032106737964485
2024-05-21 16:00:00,-0.006585199509235418,1147.2985879733646,-0.18088734453764854,4003.918659227886,2.2505572738592584e-05
2024-05-21 20:00:00,0.00026806928991618406,1147.6061434911646,-0.1806677655897373,4050.9833196359145,-0.011486580195671567
2024-05-22 00:00:00,-0.001648235821151256,1145.7146179368892,-0.1820182183279162,4042.6180860747695,0.00041675257823238715
2024-05-22 04:00:00,-0.0028984472109330195,1142.3938245980048,-0.1843890953415977,4038.7601649887024,-0.0019441346827830464
2024-05-22 08:00:00,-0.0011512539152530588,1141.0786392346754,-0.18532807058890882,3999.7438668640966,0.008509210319001695
2024-05-22 12:00:00,0.0007184032123759287,1141.8983937946753,-0.1847428076577873,4036.82140627033,-0.008551575226344406
2024-05-22 16:00:00,-0.0002632419567007993,1141.5977982271393,-0.18495741755631387,3993.08004729023,0.010572352333439672
2024-05-22 20:00:00,1.1160778358165757e-05,1141.6105393471394,-0.18494832104669878,3987.024474207458,0.0015276776052327104
2024-05-23 00:00:00,0.0004384720834393896,1142.1111036988034,-0.1845909436389173,4010.3505796678833,-0.005412032625354168
2024-05-23 04:00:00,0.0003138414751762131,1142.4695455324033,-0.1843350344577969,4009.2199548886692,0.0005957681438684137
2024-05-23 08:00:00,0.001036245845268624,1143.6534248523074,-0.1834898050261225,4022.6351767605956,-0.0023098469166333052
2024-05-23 12:00:00,-0.0010495152936346175,1142.4531430923073,-0.18434674496315615,3917.8798091218064,0.024991963248585134
2024-05-23 16:00:00,-3.024920018968036e-05,1142.4185847984745,-0.18437141782175315,3867.1737420986688,0.01291197197389555
2024-05-23 20:00:00,0.0,1142.4185847984745,-0.18437141782175315,3927.6246699617304,-0.015631810695491306
2024-05-24 00:00:00,0.0,1142.4185847984745,-0.18437141782175315,3928.3806278111633,-0.00019247201882983362
2024-05-24 04:00:00,0.0,1142.4185847984745,-0.18437141782175315,3843.9354756980374,0.02149617364348357
2024-05-24 08:00:00,0.0,1142.4185847984745,-0.18437141782175315,3865.336651597779,-0.005567516945859996
2024-05-24 12:00:00,0.0,1142.4185847984745,-0.18437141782175315,3877.912459111335,-0.0032534831108069285
2024-05-24 16:00:00,0.0,1142.4185847984745,-0.18437141782175315,3905.576163717114,-0.007133658868647633
2024-05-24 20:00:00,0.0,1142.4185847984745,-0.18437141782175315,3891.577882779501,0.003584178198253407
2024-05-25 00:00:00,0.0,1142.4185847984745,-0.18437141782175315,3907.758441539117,-0.0041578401478783765
2024-05-25 04:00:00,0.0,1142.4185847984745,-0.18437141782175315,3908.576128344871,-0.00020924701922775402
2024-05-25 08:00:00,0.0,1142.4185847984745,-0.18437141782175315,3912.734644673397,-0.0010639466117516397
2024-05-25 12:00:00,0.0,1142.4185847984745,-0.18437141782175315,3903.0456430247445,0.0024762736368647725
2024-05-25 16:00:00,0.0,1142.4185847984745,-0.18437141782175315,3904.895133243407,-0.00047385820915727246
2024-05-25 20:00:00,0.0,1142.4185847984745,-0.18437141782175315,3917.3255799852527,-0.003183298479905886
2024-05-26 00:00:00,0.0,1142.4185847984745,-0.18437141782175315,3902.0136874547884,0.003908761786024982
2024-05-26 04:00:00,0.0,1142.4185847984745,-0.18437141782175315,3902.012821947875,2.2181032226826452e-07
2024-05-26 08:00:00,0.0,1142.4185847984745,-0.18437141782175315,3890.024454826053,0.003072354620259105
2024-05-26 12:00:00,0.0,1142.4185847984745,-0.18437141782175315,3872.7886117553176,0.00443078013284797
2024-05-26 16:00:00,0.0,1142.4185847984745,-0.18437141782175315,3878.343675494014,-0.0014343834109186635
2024-05-26 20:00:00,0.0,1142.4185847984745,-0.18437141782175315,3862.646015105858,0.004047516595123971
2024-05-27 00:00:00,0.0,1142.4185847984745,-0.18437141782175315,3905.8717979535113,-0.011190718144662342
2024-05-27 04:00:00,0.0,1142.4185847984745,-0.18437141782175315,3890.2880544761397,0.0039898246239255765
2024-05-27 08:00:00,0.0,1142.4185847984745,-0.18437141782175315,3902.5491060720237,-0.003151707900338363
2024-05-27 12:00:00,0.0,1142.4185847984745,-0.18437141782175315,3988.284067918212,-0.021968964263074105
2024-05-27 16:00:00,-0.005437849825196461,1136.206284096827,-0.18880668356477637,3924.373188305265,0.010586806022927782
2024-05-27 20:00:00,0.0012183831135033074,1137.590618646827,-0.18781833932624492,3946.725888871031,-0.004477482058641323
2024-05-28 00:00:00,-0.002605279493330004,1134.6268771362618,-0.18993429955165692,3882.6782962448774,0.013622752153548627
2024-05-28 04:00:00,-0.00016318508636259388,1134.441722951327,-0.190066490192944,3861.612977884525,0.005262275575862547
2024-05-28 08:00:00,0.0032971118514215636,1138.1821042008169,-0.18739604881889568,3908.1248078256062,-0.008747551921839625
2024-05-28 12:00:00,-0.0025079366381395296,1135.327615600817,-0.1894340080403597,3890.922521165392,0.0018937361604794978
2024-05-28 16:00:00,-0.0012021194926125078,1133.962816143602,-0.19040840521934316,3893.6393091040545,-0.0019003569732831205
2024-05-28 20:00:00,-0.0001570775344862385,1133.784696060243,-0.19053557387099207,3887.561339583211,0.0014039220955082618
2024-05-29 00:00:00,0.0,1133.784696060243,-0.19053557387099207,3911.9167367060127,-0.006264955069599565
2024-05-29 04:00:00,0.0,1133.784696060243,-0.19053557387099207,3880.5072007189856,0.008029193385510336
2024-05-29 08:00:00,0.0,1133.784696060243,-0.19053557387099207,3876.270211382355,0.0010918648304133471
2024-05-29 12:00:00,0.0,1133.784696060243,-0.19053557387099207,3852.0647267846293,0.006244529735478161
2024-05-29 16:00:00,0.0,1133.784696060243,-0.19053557387099207,3838.5027818352614,0.003520694980815658
2024-05-29 20:00:00,0.0,1133.784696060243,-0.19053557387099207,3838.626729850124,-3.2290719040048034e-05
2024-05-30 00:00:00,0.0,1133.784696060243,-0.19053557387099207,3870.175988290109,-0.008218891978907492
2024-05-30 04:00:00,0.0,1133.784696060243,-0.19053557387099207,3789.8398826701905,0.020757739664291636
2024-05-30 08:00:00,0.0,1133.784696060243,-0.19053557387099207,3825.548923483748,-0.009422308572149525
2024-05-30 12:00:00,0.0,1133.784696060243,-0.19053557387099207,3856.4976889766476,-0.008090019527110462
2024-05-30 16:00:00,0.0,1133.784696060243,-0.19053557387099207,3852.2421472148762,0.001103473178250658
2024-05-30 20:00:00,0.0,1133.784696060243,-0.19053557387099207,3821.9833010694488,0.00785486607255573
2024-05-31 00:00:00,0.0,1133.784696060243,-0.19053557387099207,3834.345065455531,-0.003234384719217046
2024-05-31 04:00:00,0.0,1133.784696060243,-0.19053557387099207,3816.941371498232,0.004538896124423534
2024-05-31 08:00:00,0.0,1133.784696060243,-0.19053557387099207,3849.985299815718,-0.008657174711728777
2024-05-31 12:00:00,0.0,1133.784696060243,-0.19053557387099207,3794.130337578449,0.014507837793547427
2024-05-31 16:00:00,0.0,1133.784696060243,-0.19053557387099207,3824.4165002883406,-0.007982372774579043
2024-05-31 20:00:00,0.0,1133.784696060243,-0.19053557387099207,3812.6220888407715,0.0030839767181946665
2024-06-01 00:00:00,0.0,1133.784696060243,-0.19053557387099207,3824.385466686296,-0.0030853773522308003
2024-06-01 04:00:00,0.0,1133.784696060243,-0.19053557387099207,3822.9986811069584,0.0003626165802106872
2024-06-01 08:00:00,0.0,1133.784696060243,-0.19053557387099207,3828.8288608649527,-0.0015250279281565796
2024-06-01 12:00:00,0.0,1133.784696060243,-0.19053557387099207,3830.4891111827014,-0.00043361831465447775
2024-06-01 16:00:00,0.0,1133.784696060243,-0.19053557387099207,3834.904457433205,-0.0011526847152792793
2024-06-01 20:00:00,0.0,1133.784696060243,-0.19053557387099207,3832.0757568098716,0.0007376195821125396
2024-06-02 00:00:00,0.0,1133.784696060243,-0.19053557387099207,3840.4583547545712,-0.002187482314200993
2024-06-02 04:00:00,0.0,1133.784696060243,-0.19053557387099207,3822.3545572032426,0.004713967937945747
2024-06-02 08:00:00,0.0,1133.784696060243,-0.19053557387099207,3838.585683928953,-0.004246368693119467
2024-06-02 12:00:00,0.0,1133.784696060243,-0.19053557387099207,3830.376771520604,0.002138525249733934
2024-06-02 16:00:00,0.0,1133.784696060243,-0.19053557387099207,3791.8749721510526,0.010051700306825673
2024-06-02 20:00:00,0.0,1133.784696060243,-0.19053557387099207,3795.4751894016645,-0.0009494556853938883
2024-06-03 00:00:00,0.0,1133.784696060243,-0.19053557387099207,3819.382165447131,-0.006298809728021183
2024-06-03 04:00:00,0.0,1133.784696060243,-0.19053557387099207,3869.3768591959047,-0.013089733256090832
2024-06-03 08:00:00,0.003681828995527603,1137.959097428883,-0.18755526427602218,3869.3700516037047,0.0036835883465671238
2024-06-03 12:00:00,-0.002767758443265933,1134.809501528883,-0.18980391505300923,3868.39035555135,-0.0025145657945171906
2024-06-03 16:00:00,-0.002071100754138522,1132.459196714463,-0.19148191277554302,3880.334591569456,-0.005158750892901156
2024-06-03 20:00:00,0.0008427879810319894,1133.413619714463,-0.19080050344918326,3850.679199367724,0.008485271251975242
2024-06-04 00:00:00,0.006683204854012859,1140.988455119343,-0.18539245744597013,3871.685716634848,0.0012279289975942898
2024-06-04 04:00:00,-0.004904211260573055,1135.3928066895628,-0.18938746492911135,3852.7680578593668,-1.805567872900215e-05
2024-06-04 08:00:00,0.01448826487318744,1151.842678407993,-0.17764309581147833,3869.582047521913,0.010124132537671717
2024-06-04 12:00:00,-0.00037458381504384963,1151.4112167831845,-0.17795113739797697,3939.0776395820644,-0.018334040729688188
2024-06-04 16:00:00,0.004604331591030686,1156.7126958228864,-0.1741661518505276,3947.487431117652,0.0024693669355791504
2024-06-04 20:00:00,0.009182906730736295,1167.3346806228865,-0.166582596647886,3972.357948651906,0.002882565572408101
2024-06-05 00:00:00,-0.00034058887170473895,1166.9370994211113,-0.16686644934095282,3999.5913961459105,-0.007196327414412419
2024-06-05 04:00:00,0.0009348689134593968,1168.0280326393226,-0.16608757868368154,4006.2030387142313,-0.0007182105922852258
2024-06-05 08:00:00,-0.0031033847761678945,1164.4031922246925,-0.1686755297966519,3997.1445820288554,-0.0008422770395307539
2024-06-05 12:00:00,0.002555109020541124,1167.3783693246926,-0.16655140514383882,4016.724697470797,-0.002343416674519443
2024-06-05 16:00:00,-0.009406913797274652,1156.3969416356522,-0.17439158423011036,4011.4165333648266,-0.008085398257682699
2024-06-05 20:00:00,0.0025617385288219108,1159.3593282356521,-0.17227659134171297,4010.1603906735095,0.002874880452845182
2024-06-06 00:00:00,-0.0016489197288377389,1157.4476377665123,-0.1736414408002704,4002.5479289268455,0.00024937385671763845
2024-06-06 04:00:00,0.003907398437111853,1161.97024685736,-0.17041252865755938,4001.812794982267,0.004091064930963435
2024-06-06 08:00:00,0.0011697101401522136,1163.3294152376643,-0.16944215178018684,4013.140863377184,-0.0016610240733824382
2024-06-06 12:00:00,0.00013291982303065275,1163.4840447776642,-0.16933175417798468,4014.9626272861487,-0.00032102983161273545
2024-06-06 16:00:00,-0.004561802382445301,1158.1764604902603,-0.17312109856079722,3961.781688612646,0.008683884716129178
2024-06-06 20:00:00,0.00498760484007299,1163.9529870102601,-0.1689969533498248,3979.671599035443,0.00047198236793677406
2024-06-07 00:00:00,-0.0041393732470381694,1159.1349511550197,-0.17243678512933572,3976.695543164445,-0.0033915588113649603
2024-06-07 04:00:00,-0.0033366232695908327,1155.2673545044,-0.17519805180913053,3988.074840616364,-0.006198119033700267
2024-06-07 08:00:00,0.004009843958186821,1159.8997963259499,-0.17189072470047667,4037.3157508502454,-0.00833719369827587
2024-06-07 12:00:00,-0.006670405447211314,1152.162794406318,-0.1774145493213208,4006.450427339408,0.0009746055986394253
2024-06-07 16:00:00,-0.03320103545139319,1113.9097966234576,-0.20472523803110385,3817.310842714714,0.014007731524490162
2024-06-07 20:00:00,-0.0005328524294115899,1113.3162470821815,-0.20514900212006867,3828.16679359933,-0.0033767263846423384
2024-06-08 00:00:00,0.0,1113.3162470821815,-0.20514900212006867,3829.453737668007,-0.00033617763751254374
2024-06-08 04:00:00,0.0,1113.3162470821815,-0.20514900212006867,3845.63057950196,-0.004224320997752717
2024-06-08 08:00:00,0.0,1113.3162470821815,-0.20514900212006867,3785.061213845395,0.015750177871845596
2024-06-08 12:00:00,0.0,1113.3162470821815,-0.20514900212006867,3784.843674228369,5.747320974117517e-05
2024-06-08 16:00:00,0.0,1113.3162470821815,-0.20514900212006867,3777.364870502881,0.001975987483026615
2024-06-08 20:00:00,0.0,1113.3162470821815,-0.20514900212006867,3768.9760138867764,0.0022208224261342107
2024-06-09 00:00:00,0.0,1113.3162470821815,-0.20514900212006867,3759.8713059015804,0.002415698044150411
2024-06-09 04:00:00,0.0,1113.3162470821815,-0.20514900212006867,3776.751971786821,-0.004489692468660885
2024-06-09 08:00:00,0.0,1113.3162470821815,-0.20514900212006867,3781.5439884824136,-0.0012688195389557772
2024-06-09 12:00:00,0.0,1113.3162470821815,-0.20514900212006867,3789.6628684979587,-0.002146974897098316
2024-06-09 16:00:00,0.0,1113.3162470821815,-0.20514900212006867,3810.2673674715434,-0.005437026904124382
2024-06-09 20:00:00,0.0,1113.3162470821815,-0.20514900212006867,3809.61360568414,0.00017157897972841507
2024-06-10 00:00:00,0.0,1113.3162470821815,-0.20514900212006867,3794.284144262959,0.004023888773997651
2024-06-10 04:00:00,0.0,1113.3162470821815,-0.20514900212006867,3726.71367310996,0.017808489977000574
2024-06-10 08:00:00,0.0,1113.3162470821815,-0.20514900212006867,3764.676912045292,-0.010186787144194933
2024-06-10 12:00:00,0.0,1113.3162470821815,-0.20514900212006867,3805.6483934954217,-0.010883133508493
2024-06-10 16:00:00,0.0,1113.3162470821815,-0.20514900212006867,3764.8845094670655,0.010711416245922598
2024-06-10 20:00:00,0.0,1113.3162470821815,-0.20514900212006867,3736.1067214773993,0.007643737256030609
2024-06-11 00:00:00,0.0,1113.3162470821815,-0.20514900212006867,3690.098542975932,0.012314471167802678
2024-06-11 04:00:00,0.0,1113.3162470821815,-0.20514900212006867,3649.09883515774,0.011110735212270875
2024-06-11 08:00:00,0.0,1113.3162470821815,-0.20514900212006867,3629.983739929236,0.005238305700118898
2024-06-11 12:00:00,0.0,1113.3162470821815,-0.20514900212006867,3550.665478902501,0.02185085849125063
2024-06-11 16:00:00,0.0,1113.3162470821815,-0.20514900212006867,3595.947366364479,-0.012753070581003945
2024-06-11 20:00:00,0.0,1113.3162470821815,-0.20514900212006867,3589.885816428493,0.0016856614734364855
2024-06-12 00:00:00,0.0,1113.3162470821815,-0.20514900212006867,3606.9323898957205,-0.0047485001860551835
2024-06-12 04:00:00,0.0,1113.3162470821815,-0.20514900212006867,3630.4444573213163,-0.006518577251811343
2024-06-12 08:00:00,0.0,1113.3162470821815,-0.20514900212006867,3623.5545434909113,0.0018978155185684273
2024-06-12 12:00:00,0.0,1113.3162470821815,-0.20514900212006867,3752.266000231794,-0.035520772544210884
2024-06-12 16:00:00,0.0,1113.3162470821815,-0.20514900212006867,3655.2755883712807,0.02584849044671181
2024-06-12 20:00:00,0.0,1113.3162470821815,-0.20514900212006867,3700.376724660706,-0.01233864183398595
2024-06-13 00:00:00,0.0,1113.3162470821815,-0.20514900212006867,3636.113023367321,0.01736679967342431
2024-06-13 04:00:00,0.0,1113.3162470821815,-0.20514900212006867,3642.5998729451,-0.0017840065850788392
2024-06-13 08:00:00,0.0,1113.3162470821815,-0.20514900212006867,3614.422107117179,0.007735619285886207
2024-06-13 12:00:00,0.0,1113.3162470821815,-0.20514900212006867,3558.0572212622515,0.015594439217251248
2024-06-13 16:00:00,0.0,1113.3162470821815,-0.20514900212006867,3579.9541977458825,-0.006154194584836776
2024-06-13 20:00:00,0.0,1113.3162470821815,-0.20514900212006867,3559.0730792739064,0.005832789281249576
2024-06-14 00:00:00,0.0,1113.3162470821815,-0.20514900212006867,3567.5587708636945,-0.0023842420205431513
2024-06-14 04:00:00,0.0,1113.3162470821815,-0.20514900212006867,3588.044781705549,-0.0057423050768396254
2024-06-14 08:00:00,0.0,1113.3162470821815,-0.20514900212006867,3597.8333415123975,-0.0027281041353656326
2024-06-14 12:00:00,0.0,1113.3162470821815,-0.20514900212006867,3529.000418606092,0.01913177081108784
2024-06-14 16:00:00,0.0,1113.3162470821815,-0.20514900212006867,3463.8851698250205,0.018451470971145776
2024-06-14 20:00:00,0.0,1113.3162470821815,-0.20514900212006867,3519.133638136158,-0.015949855610810575
2024-06-15 00:00:00,0.0,1113.3162470821815,-0.20514900212006867,3536.96125019688,-0.005065909366875866
2024-06-15 04:00:00,0.0,1113.3162470821815,-0.20514900212006867,3537.219203108381,-7.293065805746846e-05
2024-06-15 08:00:00,0.0,1113.3162470821815,-0.20514900212006867,3544.110296034836,-0.0019481667747363516
2024-06-15 12:00:00,0.0,1113.3162470821815,-0.20514900212006867,3555.279249390952,-0.0031514124627023093
2024-06-15 16:00:00,0.0,1113.3162470821815,-0.20514900212006867,3559.69558708745,-0.0012421915092196065
2024-06-15 20:00:00,0.0,1113.3162470821815,-0.20514900212006867,3560.729683895746,-0.0002905014721055358
2024-06-16 00:00:00,0.0,1113.3162470821815,-0.20514900212006867,3545.656473597248,0.004233180172780372
2024-06-16 04:00:00,0.0,1113.3162470821815,-0.20514900212006867,3556.495681959634,-0.0030570385041812165
2024-06-16 08:00:00,0.0,1113.3162470821815,-0.20514900212006867,3564.0819052767874,-0.00213306130403444
2024-06-16 12:00:00,0.0,1113.3162470821815,-0.20514900212006867,3587.2276061636962,-0.006494155157500815
2024-06-16 16:00:00,0.0,1113.3162470821815,-0.20514900212006867,3579.3190584488107,0.002204640625896378
2024-06-16 20:00:00,0.0,1113.3162470821815,-0.20514900212006867,3597.4873846615938,-0.00507591693171299
2024-06-17 00:00:00,0.0,1113.3162470821815,-0.20514900212006867,3552.9050333815967,0.012392635890838801
2024-06-17 04:00:00,0.0,1113.3162470821815,-0.20514900212006867,3548.2018417236936,0.0013237594626689703
2024-06-17 08:00:00,0.0,1113.3162470821815,-0.20514900212006867,3513.1132720361334,0.009889113205159299
2024-06-17 12:00:00,0.0,1113.3162470821815,-0.20514900212006867,3488.8548011969688,0.006905120604068845
2024-06-17 16:00:00,0.0,1113.3162470821815,-0.20514900212006867,3568.728664824441,-0.022894006251010696
2024-06-17 20:00:00,0.0,1113.3162470821815,-0.20514900212006867,3516.5387959292825,0.014624218817634744
2024-06-18 00:00:00,0.0,1113.3162470821815,-0.20514900212006867,3386.6778981468356,0.03692861228568637
2024-06-18 04:00:00,0.0,1113.3162470821815,-0.20514900212006867,3404.6615820579723,-0.005310125276743206
2024-06-18 08:00:00,0.0,1113.3162470821815,-0.20514900212006867,3369.911061112621,0.010206747457215901
2024-06-18 12:00:00,0.0,1113.3162470821815,-0.20514900212006867,3356.046626507584,0.004114184129375824
2024-06-18 16:00:00,0.0,1113.3162470821815,-0.20514900212006867,3337.6623729981457,0.005477949371808677
2024-06-18 20:00:00,0.0,1113.3162470821815,-0.20514900212006867,3400.929860238806,-0.018955628272199748
2024-06-19 00:00:00,0.0,1113.3162470821815,-0.20514900212006867,3454.6018840293063,-0.0157815732744137
2024-06-19 04:00:00,0.0,1113.3162470821815,-0.20514900212006867,3457.44627474621,-0.0008233628106476701
2024-06-19 08:00:00,0.0,1113.3162470821815,-0.20514900212006867,3431.5431248956093,0.007491989113410488
2024-06-19 12:00:00,0.0,1113.3162470821815,-0.20514900212006867,3417.792776216622,0.004007045279200879
2024-06-19 16:00:00,0.0,1113.3162470821815,-0.20514900212006867,3431.709016111641,-0.0040717038176971854
2024-06-19 20:00:00,0.0,1113.3162470821815,-0.20514900212006867,3422.1623448041864,0.0027818999986986164
2024-06-20 00:00:00,0.0,1113.3162470821815,-0.20514900212006867,3416.668934492188,0.001605245385374321
2024-06-20 04:00:00,0.0,1113.3162470821815,-0.20514900212006867,3485.648221083026,-0.020189046089445193
2024-06-20 08:00:00,0.0,1113.3162470821815,-0.20514900212006867,3498.8525543996634,-0.0037882002081478516
2024-06-20 12:00:00,0.0,1113.3162470821815,-0.20514900212006867,3405.1449068340617,0.026782393973066445
2024-06-20 16:00:00,0.0,1113.3162470821815,-0.20514900212006867,3427.3091349962287,-0.006509041103561716
2024-06-20 20:00:00,0.0,1113.3162470821815,-0.20514900212006867,3405.52833067411,0.00635507433505638
2024-06-21 00:00:00,0.0,1113.3162470821815,-0.20514900212006867,3403.5387252993337,0.0005842281084128066
2024-06-21 04:00:00,0.0,1113.3162470821815,-0.20514900212006867,3389.523382083727,0.00411787387974378
2024-06-21 08:00:00,0.0,1113.3162470821815,-0.20514900212006867,3399.039721451147,-0.002807574486053732
2024-06-21 12:00:00,0.0,1113.3162470821815,-0.20514900212006867,3371.5890162966475,0.008076017759151217
2024-06-21 16:00:00,0.0,1113.3162470821815,-0.20514900212006867,3389.114666400699,-0.005198038675337191
2024-06-21 20:00:00,0.0,1113.3162470821815,-0.20514900212006867,3391.205684923846,-0.0006169807542591364
2024-06-22 00:00:00,0.0,1113.3162470821815,-0.20514900212006867,3366.61288676001,0.0072519335153178165
2024-06-22 04:00:00,0.0,1113.3162470821815,-0.20514900212006867,3352.200246740695,0.004281050570440116
2024-06-22 08:00:00,0.0,1113.3162470821815,-0.20514900212006867,3352.5754962987476,-0.00011194127153262607
2024-06-22 12:00:00,0.0,1113.3162470821815,-0.20514900212006867,3376.509960311128,-0.007139127527121679
2024-06-22 16:00:00,0.0,1113.3162470821815,-0.20514900212006867,3371.358669882984,0.001525625716699944
2024-06-22 20:00:00,0.0,1113.3162470821815,-0.20514900212006867,3365.412563050156,0.0017637123234455685
2024-06-23 00:00:00,0.0,1113.3162470821815,-0.20514900212006867,3390.238679064734,-0.0073768417837238864
2024-06-23 04:00:00,0.0,1113.3162470821815,-0.20514900212006867,3383.3273393026857,0.002038599761346381
2024-06-23 08:00:00,0.0,1113.3162470821815,-0.20514900212006867,3365.468376968407,0.005278520386371888
2024-06-23 12:00:00,0.0,1113.3162470821815,-0.20514900212006867,3324.9220247378344,0.012047759089953734
2024-06-23 16:00:00,0.0,1113.3162470821815,-0.20514900212006867,3340.02603583015,-0.004542666258017485
2024-06-23 20:00:00,0.0,1113.3162470821815,-0.20514900212006867,3296.355437298407,0.013074927579385933
2024-06-24 00:00:00,0.0,1113.3162470821815,-0.20514900212006867,3273.661574659126,0.006884531438114612
2024-06-24 04:00:00,0.0,1113.3162470821815,-0.20514900212006867,3236.6866490024204,0.011294669535459228
2024-06-24 08:00:00,0.0,1113.3162470821815,-0.20514900212006867,3232.260416171104,0.0013675197235049857
2024-06-24 12:00:00,0.0,1113.3162470821815,-0.20514900212006867,3197.8558548862748,0.010644118002591114
2024-06-24 16:00:00,0.0,1113.3162470821815,-0.20514900212006867,3179.82126596151,0.0056395878185716885
2024-06-24 20:00:00,0.0,1113.3162470821815,-0.20514900212006867,3257.035081230359,-0.02428243879471673
2024-06-25 00:00:00,0.0,1113.3162470821815,-0.20514900212006867,3306.5134902962964,-0.015191242289980764
2024-06-25 04:00:00,0.0,1113.3162470821815,-0.20514900212006867,3294.9970125701034,0.0034829671071931706
2024-06-25 08:00:00,0.0,1113.3162470821815,-0.20514900212006867,3318.578861996547,-0.007156865191829105
2024-06-25 12:00:00,0.0,1113.3162470821815,-0.20514900212006867,3350.3630562053895,-0.009577652221204167
2024-06-25 16:00:00,0.0,1113.3162470821815,-0.20514900212006867,3347.8845476094175,0.0007397731393263511
2024-06-25 20:00:00,0.0,1113.3162470821815,-0.20514900212006867,3328.181416878164,0.005885247968100685
2024-06-26 00:00:00,0.0,1113.3162470821815,-0.20514900212006867,3337.487912084976,-0.0027962704075012368
2024-06-26 04:00:00,0.0,1113.3162470821815,-0.20514900212006867,3341.392997264288,-0.0011700672128793776
2024-06-26 08:00:00,0.0,1113.3162470821815,-0.20514900212006867,3329.7975486458163,0.003470243885698245
2024-06-26 12:00:00,0.0,1113.3162470821815,-0.20514900212006867,3317.724538313248,0.003625749060172751
2024-06-26 16:00:00,0.0,1113.3162470821815,-0.20514900212006867,3340.119680214775,-0.006750151087863508
2024-06-26 20:00:00,0.0,1113.3162470821815,-0.20514900212006867,3308.1451289767956,0.009572875914411472
2024-06-27 00:00:00,0.0,1113.3162470821815,-0.20514900212006867,3307.0129507125057,0.00034223959957879746
2024-06-27 04:00:00,0.0,1113.3162470821815,-0.20514900212006867,3296.290840689599,0.0032422340591669674
2024-06-27 08:00:00,0.0,1113.3162470821815,-0.20514900212006867,3331.4468806581267,-0.010665333147961078
2024-06-27 12:00:00,0.0,1113.3162470821815,-0.20514900212006867,3408.276785463455,-0.02306202306613108
2024-06-27 16:00:00,0.0007716756122797541,1114.1753660788097,-0.20453563498960844,3421.5777544608836,-0.003130873926583352
2024-06-27 20:00:00,0.001777689186371667,1116.1560235788097,-0.20312154658978546,3428.365230210164,-0.00020603768946252706
2024-06-28 00:00:00,-0.0031015372792634333,1112.6942240622056,-0.20559309482007898,3427.689584642108,-0.0029044621362470974
2024-06-28 04:00:00,-0.003110877723284,1109.2327683877438,-0.20806439756462614,3404.9216906937427,0.0035314664523314887
2024-06-28 08:00:00,0.00016491897094383923,1109.4157019144436,-0.20793379236001863,3427.707896044733,-0.006527218887400789
2024-06-28 12:00:00,-0.0032421336869425943,1105.8188278944438,-0.21050177689409708,3397.7565380745286,0.005495879842379838
2024-06-28 16:00:00,-0.00017816325658503995,1105.621811610873,-0.21064243646859374,3372.6603771544983,0.007207934198841296
2024-06-28 20:00:00,0.0,1105.621811610873,-0.21064243646859374,3354.431412282461,0.005404921585201735
2024-06-29 00:00:00,0.0,1105.621811610873,-0.21064243646859374,3394.1942144094046,-0.01185381283437462
2024-06-29 04:00:00,0.0,1105.621811610873,-0.21064243646859374,3395.058596041263,-0.0002546647531801925
2024-06-29 08:00:00,0.0,1105.621811610873,-0.21064243646859374,3399.670227553251,-0.0013583363531236886
2024-06-29 12:00:00,0.0,1105.621811610873,-0.21064243646859374,3382.1344914522506,0.005158069732434378
2024-06-29 16:00:00,0.0,1105.621811610873,-0.21064243646859374,3374.862978813485,0.002149977375868179
2024-06-29 20:00:00,0.0,1105.621811610873,-0.21064243646859374,3357.715283230178,0.00508100497441087
2024-06-30 00:00:00,0.0,1105.621811610873,-0.21064243646859374,3343.091836889992,0.004355177585551024
2024-06-30 04:00:00,0.0,1105.621811610873,-0.21064243646859374,3386.0454345337153,-0.01284846475641028
2024-06-30 08:00:00,0.0,1105.621811610873,-0.21064243646859374,3383.5797852802602,0.0007281796128040252
2024-06-30 12:00:00,0.0,1105.621811610873,-0.21064243646859374,3394.1643804605133,-0.003128223908388374
2024-06-30 16:00:00,0.0,1105.621811610873,-0.21064243646859374,3413.915013802011,-0.005818997292882314
2024-06-30 20:00:00,0.0,1105.621811610873,-0.21064243646859374,3453.5181140193267,-0.011600493877910178
2024-07-01 00:00:00,0.0044143696499785445,1110.5024349804023,-0.2071579203971597,3495.3179567170196,-0.007689184267404789
2024-07-01 04:00:00,-0.0016877592299544553,1108.6281742458773,-0.20849604693490564,3490.64558280226,-0.00035100704528406054
2024-07-01 08:00:00,-0.0005532486534983727,1108.0148272012455,-0.20893394543117752,3467.3557630399523,0.006118817934141453
2024-07-01 12:00:00,0.0011379404129319148,1109.2756820512454,-0.20803375939838512,3489.9048289275224,-0.005365305123026591
2024-07-01 16:00:00,-0.002295670742946565,1106.7291503220983,-0.20985185312633559,3482.8262127955218,-0.0002673586602426176
2024-07-01 20:00:00,-0.006349724024507286,1099.7017256476756,-0.21486907579745917,3456.4686270307916,0.0012181487760061227
2024-07-02 00:00:00,0.0015167545320753373,1101.3697032239827,-0.21367822490990254,3474.0015123712365,-0.0035557304901614782
2024-07-02 04:00:00,-0.0007472464599896922,1100.5467086121087,-0.21426580107275145,3453.054974279067,0.005282266773547198
2024-07-02 08:00:00,0.005910634709451967,1107.0516381874045,-0.20962161324416864,3485.0256432931074,-0.0033480273310257293
2024-07-02 12:00:00,-0.001716406373429069,1105.1514876999045,-0.21097822374461697,3458.2377368073035,0.005970167335822356
2024-07-02 16:00:00,0.0027910536451292156,1108.2360247880692,-0.20877602163991307,3487.6577078004643,-0.005716161078726634
2024-07-02 20:00:00,0.002566611295021115,1111.0804358868395,-0.2067452572401626,3499.785566800383,-0.0009107537493735335
2024-07-03 00:00:00,-0.007297099214956804,1102.9727717103758,-0.21253371580081615,3444.0328019426493,0.00863323817102914
2024-07-03 04:00:00,-0.007300783217695672,1094.9202066090975,-0.21828283643299867,3421.266554824262,-0.0006904376061366612
2024-07-03 08:00:00,-0.005373025532502296,1089.0371723829342,-0.2224830227120394,3380.3561235045077,0.006584660506916942
2024-07-03 12:00:00,-0.0002689915596444381,1088.7442305754241,-0.2226921682164101,3348.2671392604866,0.009223790582715734
2024-07-03 16:00:00,0.0,1088.7442305754241,-0.2226921682164101,3309.551608263305,0.011562856064624689
2024-07-03 20:00:00,0.0,1088.7442305754241,-0.2226921682164101,3331.7556471844573,-0.006709077708808956
2024-07-04 00:00:00,0.0,1088.7442305754241,-0.2226921682164101,3263.9048203245256,0.020364886877964703
2024-07-04 04:00:00,0.0,1088.7442305754241,-0.2226921682164101,3209.8174832339514,0.016571358562225642
2024-07-04 08:00:00,0.0,1088.7442305754241,-0.2226921682164101,3192.629785512665,0.00535472742953886
2024-07-04 12:00:00,0.0,1088.7442305754241,-0.2226921682164101,3184.4817787501675,0.0025521301591155793
2024-07-04 16:00:00,0.0,1088.7442305754241,-0.2226921682164101,3162.1589142951366,0.007009889208344523
2024-07-04 20:00:00,0.0,1088.7442305754241,-0.2226921682164101,3067.929249241783,0.02979915545274165
2024-07-05 00:00:00,0.0,1088.7442305754241,-0.2226921682164101,2861.943309334744,0.06714168521257365
2024-07-05 04:00:00,0.0,1088.7442305754241,-0.2226921682164101,2896.373343930946,-0.012030299301842073
2024-07-05 08:00:00,0.0,1088.7442305754241,-0.2226921682164101,2990.928396984047,-0.032646016871834514
2024-07-05 12:00:00,0.0,1088.7442305754241,-0.2226921682164101,3055.0895743499414,-0.021451926910250378
2024-07-05 16:00:00,0.0,1088.7442305754241,-0.2226921682164101,3052.416618133902,0.0008749190984385884
2024-07-05 20:00:00,0.0,1088.7442305754241,-0.2226921682164101,3052.6641901516214,-8.110688961931218e-05
2024-07-06 00:00:00,0.0,1088.7442305754241,-0.2226921682164101,3058.0672734700156,-0.0017699566614061135
2024-07-06 04:00:00,0.0,1088.7442305754241,-0.2226921682164101,3092.8602673024548,-0.011377445530476926
2024-07-06 08:00:00,0.0,1088.7442305754241,-0.2226921682164101,3115.9858013130147,-0.0074770704176461145
2024-07-06 12:00:00,0.0,1088.7442305754241,-0.2226921682164101,3146.9062938175866,-0.009923181450808536
2024-07-06 16:00:00,0.0,1088.7442305754241,-0.2226921682164101,3210.8839162052327,-0.020330323312561443
2024-07-06 20:00:00,0.0,1088.7442305754241,-0.2226921682164101,3219.9679761773295,-0.0028291461819127356
2024-07-07 00:00:00,0.0,1088.7442305754241,-0.2226921682164101,3190.1850315797487,0.00924945366473435
2024-07-07 04:00:00,0.0,1088.7442305754241,-0.2226921682164101,3140.3629226776225,0.015617310096102788
2024-07-07 08:00:00,0.0,1088.7442305754241,-0.2226921682164101,3142.7447482239477,-0.000758455504975394
2024-07-07 12:00:00,0.0,1088.7442305754241,-0.2226921682164101,3085.1547727728093,0.01832473842607929
2024-07-07 16:00:00,0.0,1088.7442305754241,-0.2226921682164101,3098.3875831622167,-0.004289188505610743
2024-07-07 20:00:00,0.0,1088.7442305754241,-0.2226921682164101,3025.4882158855935,0.023528162736251912
2024-07-08 00:00:00,0.0,1088.7442305754241,-0.2226921682164101,2989.719252421196,0.011822542648353236
2024-07-08 04:00:00,0.0,1088.7442305754241,-0.2226921682164101,3044.3607312087197,-0.018276458146788403
2024-07-08 08:00:00,0.0,1088.7442305754241,-0.2226921682164101,3183.808179107294,-0.045805165750909316
2024-07-08 12:00:00,0.0,1088.7442305754241,-0.2226921682164101,3083.5835493939494,0.03147948119834497
2024-07-08 16:00:00,0.0,1088.7442305754241,-0.2226921682164101,3108.1742262233747,-0.007974707490659094
2024-07-08 20:00:00,0.0,1088.7442305754241,-0.2226921682164101,3120.6196050802487,-0.004004080193405479
2024-07-09 00:00:00,0.0,1088.7442305754241,-0.2226921682164101,3138.8475623011113,-0.005841133982234847
2024-07-09 04:00:00,0.0,1088.7442305754241,-0.2226921682164101,3153.0567204808876,-0.004526871056254759
2024-07-09 08:00:00,0.0,1088.7442305754241,-0.2226921682164101,3163.9631194925832,-0.0034589923298404663
2024-07-09 12:00:00,0.0,1088.7442305754241,-0.2226921682164101,3153.3892601379603,0.0033419666902813855
2024-07-09 16:00:00,0.0,1088.7442305754241,-0.2226921682164101,3184.463581899417,-0.00985426130362889
2024-07-09 20:00:00,0.0,1088.7442305754241,-0.2226921682164101,3182.195114838605,0.0007123545308246168
2024-07-10 00:00:00,0.0,1088.7442305754241,-0.2226921682164101,3196.243712258703,-0.004414750482957268
2024-07-10 04:00:00,0.0,1088.7442305754241,-0.2226921682164101,3227.7853676492477,-0.009868351174089669
2024-07-10 08:00:00,0.0,1088.7442305754241,-0.2226921682164101,3226.5717610269166,0.000375987398200233
2024-07-10 12:00:00,0.0,1088.7442305754241,-0.2226921682164101,3201.269680601615,0.00784178450047809
2024-07-10 16:00:00,0.0,1088.7442305754241,-0.2226921682164101,3195.822371314103,0.0017016089961182645
2024-07-10 20:00:00,0.0,1088.7442305754241,-0.2226921682164101,3200.8852366181904,-0.001584213612600067
2024-07-11 00:00:00,0.0,1088.7442305754241,-0.2226921682164101,3183.4347461216894,0.005451770121860948
2024-07-11 04:00:00,0.0,1088.7442305754241,-0.2226921682164101,3222.87697514199,-0.012389834303452243
2024-07-11 08:00:00,0.0,1088.7442305754241,-0.2226921682164101,3253.5290113411297,-0.009510768309047528
2024-07-11 12:00:00,0.0,1088.7442305754241,-0.2226921682164101,3185.5725854140715,0.020886989386040816
2024-07-11 16:00:00,0.0,1088.7442305754241,-0.2226921682164101,3190.607855852647,-0.0015806484716846616
2024-07-11 20:00:00,0.0,1088.7442305754241,-0.2226921682164101,3187.065942716815,0.0011101060662578321
2024-07-12 00:00:00,0.0,1088.7442305754241,-0.2226921682164101,3190.5197362115755,-0.0010836906285712766
2024-07-12 04:00:00,0.0,1088.7442305754241,-0.2226921682164101,3194.301443264793,-0.0011852949882415395
2024-07-12 08:00:00,0.0,1088.7442305754241,-0.2226921682164101,3202.9451748040933,-0.0027059849212184134
2024-07-12 12:00:00,0.0,1088.7442305754241,-0.2226921682164101,3250.978890027472,-0.014996733506784765
2024-07-12 16:00:00,0.0,1088.7442305754241,-0.2226921682164101,3253.8835759722688,-0.0008934804079186691
2024-07-12 20:00:00,0.0,1088.7442305754241,-0.2226921682164101,3280.238411182821,-0.008099501594084442
2024-07-13 00:00:00,0.0,1088.7442305754241,-0.2226921682164101,3286.4085890355736,-0.0018810150602825665
2024-07-13 04:00:00,0.011311201416953187,1101.0592358590084,-0.21389988276813082,3331.332533544357,-0.0023584149109322494
2024-07-13 08:00:00,-0.0028591905265265005,1097.9110977226958,-0.21614749277622156,3330.167313250467,-0.002509414488812811
2024-07-13 12:00:00,0.00756585994916148,1106.217739324696,-0.21021697448576732,3376.247004303494,-0.006271189880040828
2024-07-13 16:00:00,0.017773255149535983,1125.8788294566566,-0.1961799592605304,3400.101309108823,0.010707923503207008
2024-07-13 20:00:00,-0.002185790083708894,1123.4178946757725,-0.1979369411346652,3382.244918182163,0.003065933116074171
2024-07-14 00:00:00,-0.006941377297686735,1115.619827205855,-0.20350436344278622,3373.1819520165213,-0.004261806070623431
2024-07-14 04:00:00,-0.00018240905787125783,1115.416328044232,-0.20364965146144917,3398.784708808792,-0.0077724997071363855
2024-07-14 08:00:00,-0.0001291532903023862,1115.272268355408,-0.20375250272919643,3398.3765254260966,-9.056426962583686e-06
2024-07-14 12:00:00,-8.485076037945127e-05,1115.177636655408,-0.20382006493479005,3398.585796838292,-0.00014643057963411747
2024-07-14 16:00:00,-0.0009778424397063334,1114.087168634475,-0.20459860346493944,3399.5643526068447,-0.0012657727221970306
2024-07-14 20:00:00,0.004961005561866738,1119.614161274475,-0.20065261271281234,3430.2291465231747,-0.004059207246523153
2024-07-15 00:00:00,0.02546388868436833,1148.1238916466107,-0.1802981198227907,3499.764988745441,0.005192402654711499
2024-07-15 04:00:00,0.002921369368640958,1151.477985615072,-0.1779034678586236,3525.9607304097526,-0.004563630838102105
2024-07-15 08:00:00,-0.00594273071411644,1144.6350620233284,-0.18278896617014873,3509.6422758439026,-0.0013146432753906746
2024-07-15 12:00:00,0.007800444872112511,1153.5637247233285,-0.17641435655187687,3528.271333834684,0.002492479978083011
2024-07-15 16:00:00,0.00856808930552111,1163.4475617363676,-0.16935780120806826,3561.0166859822107,-0.000712759316724083
2024-07-15 20:00:00,0.01925793877341664,1185.8531636463674,-0.15336134460111706,3631.4069994688775,-0.0005089760416009878
2024-07-16 00:00:00,-0.0029294734958210666,1182.3792382335298,-0.1558415501026457,3659.1490460341774,-0.010568949481123142
2024-07-16 04:00:00,-0.028718467859502717,1148.4231180825768,-0.18008448741435054,3533.8191770133767,0.005532629169910361
2024-07-16 08:00:00,0.0041617205883688335,1153.2025342172599,-0.1766722281448998,3578.669001837529,-0.008529880927602651
2024-07-16 12:00:00,-0.0001872406460678988,1152.986607829706,-0.17682638856882757,3689.56170995243,-0.031174378058877412
2024-07-16 16:00:00,-0.0012228680637966782,1151.5766573290057,-0.17783302128920694,3683.4760118012045,0.00042656854402843363
2024-07-16 20:00:00,-0.005851290693040023,1144.8384475516543,-0.18264375927986226,3660.389909365387,0.0004161866468023823
2024-07-17 00:00:00,0.01168146565152095,1158.2118385532694,-0.17309584042883375,3699.925886098599,0.0008804368780408779
2024-07-17 04:00:00,0.00269871717119452,1161.3375247298538,-0.17086425997446694,3723.5636122384963,-0.0036899854319329007
2024-07-17 08:00:00,-0.005238114838313823,1155.2543054092757,-0.175207368197271,3700.226629785702,0.0010292636418312339
2024-07-17 12:00:00,-0.008316973969637154,1145.6460854228756,-0.1820671470463228,3676.5869285293516,-0.0019282568391625664
2024-07-17 16:00:00,-0.0005708263385010293,1144.9921204627155,-0.18253404466191409,3669.8102267346617,0.0012723782222573263
2024-07-17 20:00:00,-0.004219420068751867,1140.1609177310725,-0.18598327691938898,3644.835652768411,0.0025859928608624105
2024-07-18 00:00:00,-0.0014730428478672009,1138.481411845791,-0.1871823584313672,3675.1309809899517,-0.009784893122523572
2024-07-18 04:00:00,-0.008858646111692514,1128.396007913509,-0.19438282227136425,3644.679215644097,-0.0005727467782074801
2024-07-18 08:00:00,0.00033275047554259807,1128.7714822217426,-0.19411475277236975,3649.757572993993,-0.0010606114774376182
2024-07-18 12:00:00,-0.006381620649931308,1121.5680908217428,-0.1992576067075526,3567.838937295719,0.01606333194210468
2024-07-18 16:00:00,-0.0002675954582839202,1121.2679642944827,-0.19947188173525307,3575.6169944987955,-0.002447642635237509
2024-07-18 20:00:00,0.0,1121.2679642944827,-0.19947188173525307,3600.3250853849563,-0.006910161497771001
2024-07-19 00:00:00,0.0,1121.2679642944827,-0.19947188173525307,3606.5463376960643,-0.0017279696037345582
2024-07-19 04:00:00,0.0,1121.2679642944827,-0.19947188173525307,3571.969120327976,0.009587348707178098
2024-07-19 08:00:00,0.0,1121.2679642944827,-0.19947188173525307,3587.0792654974066,-0.004230200390994214
2024-07-19 12:00:00,0.0,1121.2679642944827,-0.19947188173525307,3682.0746006509216,-0.026482641760173755
2024-07-19 16:00:00,0.0037129818610852627,1125.431211907324,-0.1964995353528474,3751.078943690516,-0.015027633287612759
2024-07-19 20:00:00,-0.006518477384073518,1118.0951140051757,-0.20173713495974244,3726.3047379014865,8.607724165649814e-05
2024-07-20 00:00:00,-0.0016715699037141984,1116.2261398631147,-0.20307148714019643,3732.615567444817,-0.0033651591260719527
2024-07-20 04:00:00,-0.0023199682546697353,1113.6365306535997,-0.20492033599127235,3738.6442572115757,-0.00393510639515769
2024-07-20 08:00:00,-0.001084170415137642,1112.4291588738486,-0.20578233784066818,3721.0610327405434,0.003618931367578293
2024-07-20 12:00:00,0.006607569705779248,1119.7796120838489,-0.2005344892763894,3745.2542108381895,0.00010588164294502052
2024-07-20 16:00:00,0.006218107748244606,1126.7425223660737,-0.19556332658970466,3766.5274302140388,0.0005380609000794146
2024-07-20 20:00:00,-1.5165265942029826e-05,1126.7254350160738,-0.19557552608579043,3780.891304436692,-0.0038287241710040104
2024-07-21 00:00:00,0.0003950275562134564,1127.1705226111917,-0.19525775625170183,3781.4355327469416,0.0002510857534931648
2024-07-21 04:00:00,-0.007377056038209928,1118.8553225012706,-0.2011943848801478,3745.2216177212326,0.002199707789204086
2024-07-21 08:00:00,0.004296973987537589,1123.6630147178766,-0.19776193793087876,3759.7315029283827,0.00042273457310775583
2024-07-21 12:00:00,0.006795564515325259,1131.2989392278769,-0.19231027742343854,3809.9398870519726,-0.006558682745279185
2024-07-21 16:00:00,0.002785479487896092,1134.4501492177747,-0.19006047426861708,3830.651350640805,-0.002650685964272743
2024-07-21 20:00:00,0.005234782056226406,1140.3887485025832,-0.18582061737268993,3914.7087013607934,-0.0167085750978845
2024-07-22 00:00:00,-0.007322143674052706,1132.038658241774,-0.19178215578873864,3876.250993776163,0.0025017565234926355
2024-07-22 04:00:00,-0.010830163891021094,1119.778494042044,-0.2005352875011944,3842.828229245614,-0.002207717980213606
2024-07-22 08:00:00,0.007659566413129371,1128.355511785153,-0.19441173444085638,3882.5021777609304,-0.0026645870875086717
2024-07-22 12:00:00,-0.009699148216757991,1117.411424435153,-0.2022252544301955,3847.0442451906524,-0.0005663954334158249
2024-07-22 16:00:00,0.009522705654628094,1128.0522045251678,-0.1946282803494384,3894.1744312313394,-0.0027283065606867087
2024-07-22 20:00:00,-0.010856338537235666,1115.8056879051676,-0.20337166838628054,3832.6622827855595,0.004939602176783735
2024-07-23 00:00:00,0.0007813217966978758,1116.6774912100075,-0.20274924530692362,3850.95269656635,-0.003990925907709093
2024-07-23 04:00:00,-0.013623012421119185,1101.4649798768694,-0.21361020224085397,3770.7639191704684,0.007200088695490492
2024-07-23 08:00:00,-0.0004131561450193555,1101.0099028519096,-0.21393510401817875,3792.211168135801,-0.006100929080443637
2024-07-23 12:00:00,0.0,1101.0099028519096,-0.21393510401817875,3771.3002591341456,0.0055141731497866065
2024-07-23 16:00:00,0.0,1101.0099028519096,-0.21393510401817875,3724.3705950166645,0.012443894914974472
2024-07-23 20:00:00,0.0,1101.0099028519096,-0.21393510401817875,3738.0522563676627,-0.0036735499333241384
2024-07-24 00:00:00,0.0,1101.0099028519096,-0.21393510401817875,3730.6060852724763,0.001991992242083272
2024-07-24 04:00:00,0.0,1101.0099028519096,-0.21393510401817875,3748.7728769868577,-0.0048696622744756534
2024-07-24 08:00:00,0.0,1101.0099028519096,-0.21393510401817875,3800.368899145357,-0.013763443092335443
2024-07-24 12:00:00,0.0,1101.0099028519096,-0.21393510401817875,3760.6897098480304,0.010440878333219192
2024-07-24 16:00:00,0.0,1101.0099028519096,-0.21393510401817875,3737.5733790829295,0.0061468327750004515
2024-07-24 20:00:00,0.0,1101.0099028519096,-0.21393510401817875,3707.3368116684987,0.008089892651645916
2024-07-25 00:00:00,0.0,1101.0099028519096,-0.21393510401817875,3586.226248987401,0.032667806793252256
2024-07-25 04:00:00,0.0,1101.0099028519096,-0.21393510401817875,3593.2248343762494,-0.0019515180869654283
2024-07-25 08:00:00,0.0,1101.0099028519096,-0.21393510401817875,3593.623107329077,-0.00011083997556100249
2024-07-25 12:00:00,0.0,1101.0099028519096,-0.21393510401817875,3597.2543548980334,-0.0010104697850899433
2024-07-25 16:00:00,0.0,1101.0099028519096,-0.21393510401817875,3560.877245568337,0.010112465158368675
2024-07-25 20:00:00,0.0,1101.0099028519096,-0.21393510401817875,3611.0158148733162,-0.014080398128685476
2024-07-26 00:00:00,0.0,1101.0099028519096,-0.21393510401817875,3679.0511648682914,-0.01884105567046996
2024-07-26 04:00:00,0.0,1101.0099028519096,-0.21393510401817875,3690.9152995617574,-0.003224781108444089
2024-07-26 08:00:00,0.0,1101.0099028519096,-0.21393510401817875,3699.6955612923643,-0.002378884644589098
2024-07-26 12:00:00,0.0,1101.0099028519096,-0.21393510401817875,3718.391932352018,-0.005053489064144331
2024-07-26 16:00:00,0.0,1101.0099028519096,-0.21393510401817875,3740.084824524016,-0.005833944502530132
2024-07-26 20:00:00,0.0,1101.0099028519096,-0.21393510401817875,3746.951372230413,-0.0018359336829403114
2024-07-27 00:00:00,0.0,1101.0099028519096,-0.21393510401817875,3731.181654424323,0.004208679600958752
2024-07-27 04:00:00,0.0,1101.0099028519096,-0.21393510401817875,3757.141248019572,-0.006957472457677432
2024-07-27 08:00:00,-0.000628807004251497,1100.317580113246,-0.2144293871305683,3761.3795631707394,-0.0017568761587986195
2024-07-27 12:00:00,-0.002942316780639609,1097.080097233246,-0.2167407847271914,3763.4589365571196,-0.0034951387842311332
2024-07-27 16:00:00,-0.0046249660763322265,1092.006139000523,-0.22036333202680278,3739.021905174635,0.0018682710745002084
2024-07-27 20:00:00,0.0006474596751324668,1092.713168940523,-0.21985854872303545,3726.9979043300286,0.0038632741714223562
2024-07-28 00:00:00,9.265755637200002e-05,1092.8144170725725,-0.21978626272253565,3720.2301430018783,0.0019085322903737195
2024-07-28 04:00:00,-0.0005023772964621864,1092.2654119201886,-0.2201782243905318,3713.093668353872,0.0014159111893807966
2024-07-28 08:00:00,0.001442353977825217,1093.8408452819126,-0.21905344535048676,3722.8268798984186,-0.0011789673283139862
2024-07-28 12:00:00,-0.001181840032374093,1092.5481003819125,-0.2199763992519162,3707.533300001919,0.002926215590378105
2024-07-28 16:00:00,0.000670352929556195,1093.2804932016845,-0.2194535081460318,3724.5664062922338,-0.00392383541942135
2024-07-28 20:00:00,0.0001233856460796101,1093.4153883216845,-0.21935719991283914,3717.791669939375,0.0019423185402317625
2024-07-29 00:00:00,0.0075366734963357995,1101.6561030993344,-0.21347375001131683,3808.5049334815394,-0.016863097011419224
2024-07-29 04:00:00,8.241232099059914e-05,1101.7468931357243,-0.21340893055753515,3826.9104957555587,-0.004750340319609002
2024-07-29 08:00:00,-0.0015601433426254419,1100.0280100551404,-0.21463612537789442,3813.2967499069714,0.001997229076637162
2024-07-29 12:00:00,-0.003975217085409377,1095.6551599151403,-0.21775811727055555,3732.029666564417,0.01733628544702191
2024-07-29 16:00:00,-0.00013202788201638338,1095.5105028849564,-0.2178613950095568,3723.130171978324,0.0022525980135985452
2024-07-29 20:00:00,-0.004381535373106371,1090.7104848649565,-0.22128836297399446,3686.5777048009168,0.0054361356426735185
2024-07-30 00:00:00,-0.0001505128540448819,1090.5463189169427,-0.22140556908496126,3687.8893588207793,-0.0005063046275791207
2024-07-30 04:00:00,0.0,1090.5463189169427,-0.22140556908496126,3694.280520742088,-0.0017330134663670377
2024-07-30 08:00:00,0.0,1090.5463189169427,-0.22140556908496126,3708.257861657922,-0.0037835082737643594
2024-07-30 12:00:00,0.0,1090.5463189169427,-0.22140556908496126,3685.4254036531447,0.006157192637776587
2024-07-30 16:00:00,0.0,1090.5463189169427,-0.22140556908496126,3667.7223863043087,0.0048035207363817944
2024-07-30 20:00:00,0.0,1090.5463189169427,-0.22140556908496126,3686.043580955585,-0.004995251199951859
2024-07-31 00:00:00,0.0,1090.5463189169427,-0.22140556908496126,3718.3430119165814,-0.008762628615644998
2024-07-31 04:00:00,-0.001340348323230045,1089.0846069869776,-0.2224491568249145,3717.348273420859,-0.001072826340310711
2024-07-31 08:00:00,0.001141995177219357,1090.3283363557407,-0.22156119751196565,3717.121159115434,0.001203090960751266
2024-07-31 12:00:00,0.0008938835036218507,1091.3029628691406,-0.2208653639078424,3719.1097887842984,0.0003588916150772947
2024-07-31 16:00:00,-0.0070916244898152625,1083.5638520518498,-0.2263906941740169,3654.366149251476,0.010316745579836781
2024-07-31 20:00:00,-0.004145355131859096,1079.0720950770497,-0.22959757947997658,3600.2278061220186,0.010669346219439935
2024-08-01 00:00:00,-0.00019524517035107714,1078.8614114620252,-0.22974799683180994,3554.216235010289,0.012584938081800152
2024-08-01 04:00:00,0.0,1078.8614114620252,-0.22974799683180994,3547.3755315232816,0.0019246728490022655
2024-08-01 08:00:00,0.0,1078.8614114620252,-0.22974799683180994,3571.346783375433,-0.0067574610128344125
2024-08-01 12:00:00,0.0,1078.8614114620252,-0.22974799683180994,3459.2652760187593,0.03138354076350453
2024-08-01 16:00:00,0.0,1078.8614114620252,-0.22974799683180994,3468.1010164975037,-0.0025542246037035493
2024-08-01 20:00:00,0.0,1078.8614114620252,-0.22974799683180994,3570.7053899127413,-0.02958517440154026
2024-08-02 00:00:00,0.0,1078.8614114620252,-0.22974799683180994,3522.829203624644,0.013408047167192192
2024-08-02 04:00:00,0.0,1078.8614114620252,-0.22974799683180994,3485.2412731969866,0.010669813452489645
2024-08-02 08:00:00,0.0,1078.8614114620252,-0.22974799683180994,3502.6428474683466,-0.004992932456408686
2024-08-02 12:00:00,0.0,1078.8614114620252,-0.22974799683180994,3390.0263952173177,0.03215185137486295
2024-08-02 16:00:00,0.0,1078.8614114620252,-0.22974799683180994,3352.1193574805593,0.011181929966751254
2024-08-02 20:00:00,0.0,1078.8614114620252,-0.22974799683180994,3324.011982907482,0.008384956374048316
2024-08-03 00:00:00,0.0,1078.8614114620252,-0.22974799683180994,3336.65008499957,-0.003802062735355581
2024-08-03 04:00:00,0.0,1078.8614114620252,-0.22974799683180994,3342.145998486041,-0.0016471351045106283
2024-08-03 08:00:00,0.0,1078.8614114620252,-0.22974799683180994,3348.6595398956283,-0.0019489098957787515
2024-08-03 12:00:00,0.0,1078.8614114620252,-0.22974799683180994,3268.4151537593007,0.02396313664626199
2024-08-03 16:00:00,0.0,1078.8614114620252,-0.22974799683180994,3190.3551763821592,0.02388312797025105
2024-08-03 20:00:00,0.0,1078.8614114620252,-0.22974799683180994,3239.020253968065,-0.01525381184708444
2024-08-04 00:00:00,0.0,1078.8614114620252,-0.22974799683180994,3247.6341622456325,-0.0026594178492755282
2024-08-04 04:00:00,0.0,1078.8614114620252,-0.22974799683180994,3207.2740144541567,0.012427553651415171
2024-08-04 08:00:00,0.0,1078.8614114620252,-0.22974799683180994,3220.9054440470622,-0.004250160582311789
2024-08-04 12:00:00,0.0,1078.8614114620252,-0.22974799683180994,3100.32355564504,0.03743726430245994
2024-08-04 16:00:00,0.0,1078.8614114620252,-0.22974799683180994,3133.363738567455,-0.010657011221379091
2024-08-04 20:00:00,0.0,1078.8614114620252,-0.22974799683180994,3061.635530401003,0.022891759192708947
2024-08-05 00:00:00,0.0,1078.8614114620252,-0.22974799683180994,2740.4526657342053,0.10490564976711328
2024-08-05 04:00:00,0.0,1078.8614114620252,-0.22974799683180994,2731.5136946892217,0.00326185931132967
2024-08-05 08:00:00,0.0,1078.8614114620252,-0.22974799683180994,2636.0015177717087,0.03496675748073811
2024-08-05 12:00:00,0.0,1078.8614114620252,-0.22974799683180994,2849.4326851011297,-0.08096777103142203
2024-08-05 16:00:00,0.0,1078.8614114620252,-0.22974799683180994,2799.543072440895,0.01750861247612315
2024-08-05 20:00:00,0.0,1078.8614114620252,-0.22974799683180994,2827.8464145684134,-0.010109986306744423
2024-08-06 00:00:00,0.0,1078.8614114620252,-0.22974799683180994,2946.9885123105605,-0.04213174277370725
2024-08-06 04:00:00,0.0,1078.8614114620252,-0.22974799683180994,3004.239587582635,-0.01942697605807339
2024-08-06 08:00:00,0.0,1078.8614114620252,-0.22974799683180994,2932.061821336373,0.02402530295672583
2024-08-06 12:00:00,0.0,1078.8614114620252,-0.22974799683180994,3012.077967810449,-0.027290061175315232
2024-08-06 16:00:00,0.0,1078.8614114620252,-0.22974799683180994,3009.5278004529264,0.0008466471933249611
2024-08-06 20:00:00,0.0,1078.8614114620252,-0.22974799683180994,2979.657209625009,0.009925341385257294
2024-08-07 00:00:00,0.0,1078.8614114620252,-0.22974799683180994,3043.249203916642,-0.021342050382914986
2024-08-07 04:00:00,0.0,1078.8614114620252,-0.22974799683180994,3041.6497873536446,0.0005255621396166786
2024-08-07 08:00:00,0.0,1078.8614114620252,-0.22974799683180994,3024.12327734936,0.005762172251767926
2024-08-07 12:00:00,0.0,1078.8614114620252,-0.22974799683180994,2955.895962037203,0.02256102316435928
2024-08-07 16:00:00,0.0,1078.8614114620252,-0.22974799683180994,2928.192155881488,0.009372388782121257
2024-08-07 20:00:00,0.0,1078.8614114620252,-0.22974799683180994,2990.3871549507994,-0.02124006750868046
2024-08-08 00:00:00,0.0,1078.8614114620252,-0.22974799683180994,3094.4562441192325,-0.03480120926688016
2024-08-08 04:00:00,0.0,1078.8614114620252,-0.22974799683180994,3087.7745729403264,0.002159239185108503
2024-08-08 08:00:00,0.0,1078.8614114620252,-0.22974799683180994,3103.2234708427536,-0.005003246687052099
2024-08-08 12:00:00,0.0,1078.8614114620252,-0.22974799683180994,3196.6709993718882,-0.030113051608157852
2024-08-08 16:00:00,0.0,1078.8614114620252,-0.22974799683180994,3199.1002453175442,-0.000759929922764413
2024-08-08 20:00:00,0.0,1078.8614114620252,-0.22974799683180994,3304.907399477971,-0.033074035212023976
2024-08-09 00:00:00,0.0,1078.8614114620252,-0.22974799683180994,3278.5567739591224,0.007973181192008818
2024-08-09 04:00:00,0.0,1078.8614114620252,-0.22974799683180994,3239.603358078909,0.01188126927970631
2024-08-09 08:00:00,0.0,1078.8614114620252,-0.22974799683180994,3205.2330727743606,0.010609411556151107
2024-08-09 12:00:00,0.0,1078.8614114620252,-0.22974799683180994,3143.5393498087724,0.019247811801775674
2024-08-09 16:00:00,0.0,1078.8614114620252,-0.22974799683180994,3185.9132774788795,-0.013479687369806648
2024-08-09 20:00:00,0.0,1078.8614114620252,-0.22974799683180994,3203.6278076554618,-0.005560267538292941
2024-08-10 00:00:00,0.0,1078.8614114620252,-0.22974799683180994,3197.638389943171,0.0018695735184899784
2024-08-10 04:00:00,0.0,1078.8614114620252,-0.22974799683180994,3211.8701878424545,-0.004450721489973243
2024-08-10 08:00:00,0.0,1078.8614114620252,-0.22974799683180994,3221.3677037419125,-0.0029570049049330977
2024-08-10 12:00:00,0.0,1078.8614114620252,-0.22974799683180994,3208.7176315872903,0.003926925864417246
2024-08-10 16:00:00,0.0,1078.8614114620252,-0.22974799683180994,3218.946342858894,-0.0031877879096964268
2024-08-10 20:00:00,0.0,1078.8614114620252,-0.22974799683180994,3208.9504115614905,0.0031053426285215313
2024-08-11 00:00:00,0.0,1078.8614114620252,-0.22974799683180994,3245.620028597575,-0.011427293143567527
2024-08-11 04:00:00,0.0,1078.8614114620252,-0.22974799683180994,3265.748990339792,-0.006201884867870465
2024-08-11 08:00:00,0.0,1078.8614114620252,-0.22974799683180994,3215.0292395528963,0.01553081726027507
2024-08-11 12:00:00,0.0,1078.8614114620252,-0.22974799683180994,3158.5542754634525,0.01756592549599873
2024-08-11 16:00:00,0.0,1078.8614114620252,-0.22974799683180994,3113.4276372274235,0.014287118187768955
2024-08-11 20:00:00,0.0,1078.8614114620252,-0.22974799683180994,3054.355238248905,0.018973429243123032
2024-08-12 00:00:00,0.0,1078.8614114620252,-0.22974799683180994,3080.1923500023113,-0.008459105028077674
2024-08-12 04:00:00,0.0,1078.8614114620252,-0.22974799683180994,3110.1352728840893,-0.009721121111723787
2024-08-12 08:00:00,0.0,1078.8614114620252,-0.22974799683180994,3184.406129758151,-0.02388026576258489
2024-08-12 12:00:00,0.0,1078.8614114620252,-0.22974799683180994,3174.098055589729,0.003237047583878692
2024-08-12 16:00:00,0.0,1078.8614114620252,-0.22974799683180994,3127.744282488409,0.014603762167866423
2024-08-12 20:00:00,0.0,1078.8614114620252,-0.22974799683180994,3161.0442369929356,-0.010646635880997552
2024-08-13 00:00:00,0.0,1078.8614114620252,-0.22974799683180994,3121.6495474559706,0.012462555593477245
2024-08-13 04:00:00,0.0,1078.8614114620252,-0.22974799683180994,3147.1501288364025,-0.008168944333041606
2024-08-13 08:00:00,0.0,1078.8614114620252,-0.22974799683180994,3134.6807681444684,0.003962111809564025
2024-08-13 12:00:00,0.0,1078.8614114620252,-0.22974799683180994,3145.6842566852815,-0.0035102421441551212
2024-08-13 16:00:00,0.0,1078.8614114620252,-0.22974799683180994,3187.9954063181963,-0.013450539272336146
2024-08-13 20:00:00,0.0,1078.8614114620252,-0.22974799683180994,3184.2472367240275,0.0011757136119896483
2024-08-14 00:00:00,0.0,1078.8614114620252,-0.22974799683180994,3184.930880090531,-0.00021469544155342364
2024-08-14 04:00:00,0.0,1078.8614114620252,-0.22974799683180994,3186.660035068566,-0.0005429175838143856
2024-08-14 08:00:00,0.0,1078.8614114620252,-0.22974799683180994,3215.4284735247043,-0.009027771440802563
2024-08-14 12:00:00,0.0,1078.8614114620252,-0.22974799683180994,3164.787240528157,0.015749450940525773
2024-08-14 16:00:00,0.0,1078.8614114620252,-0.22974799683180994,3138.270604045739,0.008378647430970085
2024-08-14 20:00:00,0.0,1078.8614114620252,-0.22974799683180994,3131.477299095899,0.0021646651315161253
2024-08-15 00:00:00,0.0,1078.8614114620252,-0.22974799683180994,3138.7564266685986,-0.0023245027434180793
2024-08-15 04:00:00,0.0,1078.8614114620252,-0.22974799683180994,3109.916026316731,0.009188479904596465
2024-08-15 08:00:00,0.0,1078.8614114620252,-0.22974799683180994,3131.0385599020365,-0.00679199483412488
2024-08-15 12:00:00,0.0,1078.8614114620252,-0.22974799683180994,3159.523126034182,-0.00909748174198036
2024-08-15 16:00:00,0.0,1078.8614114620252,-0.22974799683180994,3036.591335247209,0.03890833707594231
2024-08-15 20:00:00,0.0,1078.8614114620252,-0.22974799683180994,3062.9110378828036,-0.008667515556041236
2024-08-16 00:00:00,0.0,1078.8614114620252,-0.22974799683180994,3061.9023579225036,0.0003293206847422133
2024-08-16 04:00:00,0.0,1078.8614114620252,-0.22974799683180994,3115.6996056582184,-0.01756987697420111
2024-08-16 08:00:00,0.0,1078.8614114620252,-0.22974799683180994,3095.7548148172245,0.006401384396869817
2024-08-16 12:00:00,0.0,1078.8614114620252,-0.22974799683180994,3041.805622333062,0.017426829872296743
2024-08-16 16:00:00,0.0,1078.8614114620252,-0.22974799683180994,3105.816794028124,-0.021043807410009854
2024-08-16 20:00:00,0.0,1078.8614114620252,-0.22974799683180994,3080.911987912635,0.008018762137990798
2024-08-17 00:00:00,0.0,1078.8614114620252,-0.22974799683180994,3083.3249722690507,-0.0007832045725040101
2024-08-17 04:00:00,0.0,1078.8614114620252,-0.22974799683180994,3094.216994456525,-0.0035325573157014567
2024-08-17 08:00:00,0.0,1078.8614114620252,-0.22974799683180994,3098.347457022015,-0.0013348975113542463
2024-08-17 12:00:00,0.0,1078.8614114620252,-0.22974799683180994,3114.9708574918336,-0.005365247345691818
2024-08-17 16:00:00,0.0,1078.8614114620252,-0.22974799683180994,3130.58645016966,-0.005013078257303778
2024-08-17 20:00:00,-0.002035031918691921,1076.665894053855,-0.23131548424369355,3135.9475430381854,-0.0037475202827281467
2024-08-18 00:00:00,-0.0030222634889158773,1073.411926032495,-0.2336386513901588,3119.6870580136074,0.0021629268886068642
2024-08-18 04:00:00,0.002219179575901231,1075.794019855275,-0.2319379579375638,3129.770652184356,-0.0010130658330881654
2024-08-18 08:00:00,-0.0010097614074729977,1074.707724571635,-0.23271351734618334,3160.2527833271447,-0.010749175099499908
2024-08-18 12:00:00,0.0001728955656981057,1074.893536771635,-0.23258085691571245,3177.2221204544853,-0.005196718288252776
2024-08-18 16:00:00,-0.0004919814817456736,1074.3647090566951,-0.23295841292284705,3179.636911991084,-0.0012520138134649267
2024-08-18 20:00:00,-0.003977867630957865,1070.091028456695,-0.23600960282367978,3116.3338507222056,0.01593102857984831
2024-08-19 00:00:00,0.0034417363857648375,1073.773999685415,-0.23338014927534312,3135.4817619596956,-0.0027026345817594234
2024-08-19 04:00:00,-0.002049653829413467,1071.5731346950352,-0.2349514545880853,3119.851334286882,0.0029353624645561205
2024-08-19 08:00:00,0.0018763757237829637,1073.583808511235,-0.23351593606995885,3127.67495321036,-0.0006313139335724876
2024-08-19 12:00:00,0.003749992285728476,1077.6097395112351,-0.23064162674308739,3133.029378355764,0.0020380416433165255
2024-08-19 16:00:00,0.0054859682566910095,1083.521472335295,-0.2264209511293805,3172.0419671078425,-0.006966065874106768
2024-08-19 20:00:00,0.0005975651253826708,1084.1689469797657,-0.22595868726804877,3196.509066204326,-0.007115794076731384
2024-08-20 00:00:00,0.011509175206192213,1096.6468373436687,-0.21705011018298573,3249.651234815134,-0.005115889046765361
2024-08-20 04:00:00,-0.0010376083732667185,1095.5089474027245,-0.2178625055445081,3268.490411132082,-0.006834900130337178
2024-08-20 08:00:00,0.00038505137230138153,1095.9307746262903,-0.2175613424289397,3252.0531498063906,0.005414058423907853
2024-08-20 12:00:00,-0.013873674650649814,1080.7261876194905,-0.2284166417981718,3185.764532360723,0.006509945909061558
2024-08-20 16:00:00,0.006359179386274505,1087.5987193140074,-0.22351000481190222,3247.0423801435686,-0.012875716087132418
2024-08-20 20:00:00,-0.006007834230218889,1081.0646064993705,-0.2281750279844158,3212.366261541202,0.004671459275286036
2024-08-21 00:00:00,0.007934837045882048,1089.6426779880137,-0.2220507226035296,3242.8166835442717,-0.0015442881608620507
2024-08-21 04:00:00,-0.0021216395958189027,1087.3308489371002,-0.22370125059399265,3264.2976721144323,-0.008745815633633906
2024-08-21 08:00:00,-0.01426390704595426,1071.821262779663,-0.23477430379541045,3227.3287343934935,-0.0029386722070027394
2024-08-21 12:00:00,0.007748365668957646,1080.1261258554437,-0.2288450552819346,3238.5267402172076,0.0042786212625768
2024-08-21 16:00:00,0.021569820311267085,1103.4242523036505,-0.21221138169222092,3330.10310551707,-0.006707347872226217
2024-08-21 20:00:00,-0.0012996546459163039,1101.9901818477274,-0.21323523483000456,3306.586990553969,0.005762023091370971
2024-08-22 00:00:00,-0.0032831706138694017,1098.3721600659123,-0.21581831778703855,3288.795622927309,0.002097412953865262
2024-08-22 04:00:00,0.00030152436306307706,1098.7033460318823,-0.21558186790478362,3305.8701126114142,-0.004890190672396456
2024-08-22 08:00:00,0.006451688943580169,1105.7918382617509,-0.21052104611480105,3335.441432913327,-0.002493405477734927
2024-08-22 12:00:00,0.009633486142152536,1116.4444686117508,-0.2029156115530269,3322.176779275279,0.013610367135221584
2024-08-22 16:00:00,0.002345953396115208,1119.0635953044646,-0.20104568872495934,3327.6240105432476,0.0007062961382744426
2024-08-22 20:00:00,-0.0008793037358456601,1118.0795985044645,-0.2017482122356335,3352.7450985138576,-0.008428560470085
2024-08-23 00:00:00,-0.0004170577695752353,1117.6132947209046,-0.20208112934579794,3383.182757962085,-0.009495487102517733
2024-08-23 04:00:00,-0.007354134768696841,1109.3942159322398,-0.20794913225507528,3390.6568666914777,-0.009563329265152243
2024-08-23 08:00:00,-0.0004952817184616931,1108.8447532585215,-0.20834142056996108,3379.021521809355,0.0029363084835501035
2024-08-23 12:00:00,0.004034299276570508,1113.3181648444213,-0.20514763293567564,3400.2504331155337,-0.0022482624559191844
2024-08-23 16:00:00,0.012892324019888823,1127.6714233628236,-0.19490013867150674,3479.673101328325,-0.010465563810749399
2024-08-23 20:00:00,0.0029376461614294413,1130.9841229910191,-0.19253504015430767,3502.4614913663427,-0.0036113569703066783
2024-08-24 00:00:00,-0.00996098670761758,1119.718405175379,-0.20057818788619758,3479.702462496803,-0.0034629769719956172
2024-08-24 04:00:00,0.003383838731813471,1123.507351683536,-0.19787307339531035,3495.512413793246,-0.0011596391852895915
2024-08-24 08:00:00,0.00795616502615637,1132.4461615816301,-0.19149121919531978,3522.639795833098,0.00019553401457490186
2024-08-24 12:00:00,0.003799809337593718,1136.7492410807301,-0.18841903998049167,3546.3164182567525,-0.002921463286323446
2024-08-24 16:00:00,0.006378422080537405,1143.9999075400735,-0.18324243406495955,3565.973400373736,0.000835492516839168
2024-08-24 20:00:00,-0.01092277220709681,1131.5042571450736,-0.1921636909060908,3535.2445856001796,-0.0023055416998990184
2024-08-25 00:00:00,-0.006787448154608966,1123.824230662982,-0.1976468379714764,3509.917947157015,0.0003765932094102241
2024-08-25 04:00:00,-0.01461529482397117,1107.39920820152,-0.20937346598746875,3460.9204907313906,-0.0006555791943473645
2024-08-25 08:00:00,0.0008145386741689187,1108.3012276843442,-0.2087294700986914,3480.0170097815685,-0.004703218552938664
2024-08-25 12:00:00,0.0033005495786040395,1111.9592308343442,-0.20611784248466375,3508.3932505088296,-0.0048535027284684375
2024-08-25 16:00:00,-0.00016498537349729503,1111.7757738253313,-0.20624882142893425,3503.436324836705,0.0012478909257618773
2024-08-25 20:00:00,-0.00011316106445391494,1111.6499640953311,-0.20633864315721287,3495.6037120981828,0.002122533268848275
2024-08-26 00:00:00,0.0010559245057666367,1112.823782534254,-0.2055005966812426,3489.2979662566654,0.00285983203100848
2024-08-26 04:00:00,-0.002767098017666614,1109.7444900515911,-0.20769905440520328,3462.7387749948666,0.004844516558858457
2024-08-26 08:00:00,0.002214493995032596,1112.202012560831,-0.20594450871892486,3470.0708953190606,9.706013685650827e-05
2024-08-26 12:00:00,-0.004305255210764303,1107.413699050831,-0.20936312026039872,3439.350509849092,0.004547700938174424
2024-08-26 16:00:00,-0.00020401713704687463,1107.187767678424,-0.20952442373304692,3406.393368413552,0.009378356436441011
2024-08-26 20:00:00,-0.002663963381915435,1104.238260008424,-0.21163022172252055,3391.797777888366,0.001620800280592194
2024-08-27 00:00:00,0.0020911954910638464,1106.547438078814,-0.20998158639689565,3415.796623272543,-0.004984357639087111
2024-08-27 04:00:00,-0.0012270789012720495,1105.1896170642908,-0.2109510013238444,3420.1452510801287,-0.002500172204882919
2024-08-27 08:00:00,-0.005740252988054362,1098.8455490625709,-0.2154803421962165,3365.911012640068,0.010117037991892421
2024-08-27 12:00:00,-0.0002697124885964186,1098.5491766949501,-0.21569193694547556,3347.2973628950876,0.0052603355949922825
2024-08-27 16:00:00,0.0,1098.5491766949501,-0.21569193694547556,3359.5672371808764,-0.003665606295335712
2024-08-27 20:00:00,0.0,1098.5491766949501,-0.21569193694547556,3207.2992578581097,0.045323688610125826
2024-08-28 00:00:00,0.0,1098.5491766949501,-0.21569193694547556,3227.5169856397247,-0.0063036611666590515
2024-08-28 04:00:00,0.0,1098.5491766949501,-0.21569193694547556,3176.976794690629,0.015659155683445003
2024-08-28 08:00:00,0.0,1098.5491766949501,-0.21569193694547556,3266.3201236252885,-0.028122121975826402
2024-08-28 12:00:00,0.0,1098.5491766949501,-0.21569193694547556,3202.2423789017757,0.019617717277629558
2024-08-28 16:00:00,0.0,1098.5491766949501,-0.21569193694547556,3206.549289017963,-0.001344966934596768
2024-08-28 20:00:00,0.0,1098.5491766949501,-0.21569193694547556,3201.778862841354,0.0014877133474752644
2024-08-29 00:00:00,0.0,1098.5491766949501,-0.21569193694547556,3211.0855102332216,-0.0029067114846304137
2024-08-29 04:00:00,0.0,1098.5491766949501,-0.21569193694547556,3237.5136784536744,-0.008230291014123045
2024-08-29 08:00:00,0.0,1098.5491766949501,-0.21569193694547556,3246.4195308503777,-0.0027508308168621948
2024-08-29 12:00:00,0.0,1098.5491766949501,-0.21569193694547556,3273.22027378393,-0.008255477358630954
2024-08-29 16:00:00,0.0,1098.5491766949501,-0.21569193694547556,3186.2839325434174,0.02655988108616114
2024-08-29 20:00:00,0.0,1098.5491766949501,-0.21569193694547556,3184.3863811015503,0.000595537460577944
2024-08-30 00:00:00,0.0,1098.5491766949501,-0.21569193694547556,3169.7759504672736,0.004588146313206793
2024-08-30 04:00:00,0.0,1098.5491766949501,-0.21569193694547556,3184.7639671736583,-0.0047284151752665805
2024-08-30 08:00:00,0.0,1098.5491766949501,-0.21569193694547556,3179.1110202350264,0.001774997141671651
2024-08-30 12:00:00,0.0,1098.5491766949501,-0.21569193694547556,3084.565980390978,0.0297394583713086
2024-08-30 16:00:00,0.0,1098.5491766949501,-0.21569193694547556,3144.9154355228784,-0.01956497462383682
2024-08-30 20:00:00,0.0,1098.5491766949501,-0.21569193694547556,3172.6634302008842,-0.008823129030619705
2024-08-31 00:00:00,0.0,1098.5491766949501,-0.21569193694547556,3173.1285557146402,-0.00014660411480425597
2024-08-31 04:00:00,0.0,1098.5491766949501,-0.21569193694547556,3166.3330443323944,0.0021415808603176345
2024-08-31 08:00:00,0.0,1098.5491766949501,-0.21569193694547556,3169.0178921560237,-0.0008479360149543171
2024-08-31 12:00:00,0.0,1098.5491766949501,-0.21569193694547556,3164.4799846028873,0.0014319602184539473
2024-08-31 16:00:00,0.0,1098.5491766949501,-0.21569193694547556,3143.5571293001613,0.006611783106396096
2024-08-31 20:00:00,0.0,1098.5491766949501,-0.21569193694547556,3146.3685500607266,-0.0008943437783779691
2024-09-01 00:00:00,0.0,1098.5491766949501,-0.21569193694547556,3118.153457658566,0.008967510306958717
2024-09-01 04:00:00,0.0,1098.5491766949501,-0.21569193694547556,3103.7015242686143,0.004634772979006544
2024-09-01 08:00:00,0.0,1098.5491766949501,-0.21569193694547556,3093.589315556247,0.003258112493516913
2024-09-01 12:00:00,0.0,1098.5491766949501,-0.21569193694547556,3099.817179504955,-0.002013151492795414
2024-09-01 16:00:00,0.0,1098.5491766949501,-0.21569193694547556,3104.5815789177764,-0.0015369936796020436
2024-09-01 20:00:00,0.0,1098.5491766949501,-0.21569193694547556,3017.60478130855,0.028015626389030355
2024-09-02 00:00:00,0.0,1098.5491766949501,-0.21569193694547556,3044.4014806600135,-0.008880122247103392
2024-09-02 04:00:00,0.0,1098.5491766949501,-0.21569193694547556,3007.479127479844,0.01212795139363971
2024-09-02 08:00:00,0.0,1098.5491766949501,-0.21569193694547556,3084.1728184506287,-0.02550098860870615
2024-09-02 12:00:00,0.0,1098.5491766949501,-0.21569193694547556,3087.7856841055573,-0.0011714212748763972
2024-09-02 16:00:00,0.0,1098.5491766949501,-0.21569193694547556,3096.746220812679,-0.002901929610350264
2024-09-02 20:00:00,0.0,1098.5491766949501,-0.21569193694547556,3126.6924106032216,-0.00967021113621772
2024-09-03 00:00:00,0.0,1098.5491766949501,-0.21569193694547556,3131.912622083498,-0.0016695634858656977
2024-09-03 04:00:00,0.0,1098.5491766949501,-0.21569193694547556,3130.0049092917316,0.0006091206945924497
2024-09-03 08:00:00,0.0,1098.5491766949501,-0.21569193694547556,3121.7237449858394,0.002645735245113642
2024-09-03 12:00:00,0.0,1098.5491766949501,-0.21569193694547556,3035.779379785758,0.027531060471999252
2024-09-03 16:00:00,0.0,1098.5491766949501,-0.21569193694547556,3060.290186857035,-0.008073975083461813
2024-09-03 20:00:00,0.0,1098.5491766949501,-0.21569193694547556,3011.8152326751383,0.015839986152320296
2024-09-04 00:00:00,0.0,1098.5491766949501,-0.21569193694547556,2986.1615054041354,0.008517696236039247
2024-09-04 04:00:00,0.0,1098.5491766949501,-0.21569193694547556,3011.832974820648,-0.008596812118183814
2024-09-04 08:00:00,0.0,1098.5491766949501,-0.21569193694547556,2982.3791611833904,0.009779364886265376
2024-09-04 12:00:00,0.0,1098.5491766949501,-0.21569193694547556,3061.8532394195013,-0.02664787873738225
2024-09-04 16:00:00,0.0,1098.5491766949501,-0.21569193694547556,3049.03355274676,0.004186904358345995
2024-09-04 20:00:00,0.0,1098.5491766949501,-0.21569193694547556,3048.3249659929284,0.0002323971650602306
2024-09-05 00:00:00,0.0,1098.5491766949501,-0.21569193694547556,3012.5499919613208,0.011735944963451397
2024-09-05 04:00:00,0.0,1098.5491766949501,-0.21569193694547556,3028.446126202686,-0.00527663749440932
2024-09-05 08:00:00,0.0,1098.5491766949501,-0.21569193694547556,3018.5026936365357,0.003283344709393351
2024-09-05 12:00:00,0.0,1098.5491766949501,-0.21569193694547556,2988.6421647903403,0.009892497001624565
2024-09-05 16:00:00,0.0,1098.5491766949501,-0.21569193694547556,2969.785167145266,0.006309553504675801
2024-09-05 20:00:00,0.0,1098.5491766949501,-0.21569193694547556,2983.812706662951,-0.0047234189438588115
2024-09-06 00:00:00,0.0,1098.5491766949501,-0.21569193694547556,3007.410371879378,-0.007908561138483325
2024-09-06 04:00:00,0.0,1098.5491766949501,-0.21569193694547556,2959.866499913553,0.015808907361090863
2024-09-06 08:00:00,0.0,1098.5491766949501,-0.21569193694547556,2981.119502708456,-0.007180392357399645
2024-09-06 12:00:00,0.0,1098.5491766949501,-0.21569193694547556,2915.953048496951,0.021859725566955274
2024-09-06 16:00:00,0.0,1098.5491766949501,-0.21569193694547556,2860.21267070374,0.01911566368393447
2024-09-06 20:00:00,0.0,1098.5491766949501,-0.21569193694547556,2877.979300746762,-0.006211646506219605
2024-09-07 00:00:00,0.0,1098.5491766949501,-0.21569193694547556,2885.965394083994,-0.002774896030405673
2024-09-07 04:00:00,0.0,1098.5491766949501,-0.21569193694547556,2935.4615071550047,-0.017150625982028083
2024-09-07 08:00:00,0.0,1098.5491766949501,-0.21569193694547556,2927.3525727278507,0.0027624053006277205
2024-09-07 12:00:00,0.0,1098.5491766949501,-0.21569193694547556,2953.2439625079774,-0.008844643457483972
2024-09-07 16:00:00,0.0,1098.5491766949501,-0.21569193694547556,2947.680306231979,0.0018839135359727255
2024-09-07 20:00:00,0.0,1098.5491766949501,-0.21569193694547556,2931.3200880780905,0.005550200990012276
2024-09-08 00:00:00,0.0,1098.5491766949501,-0.21569193694547556,2960.406242689484,-0.009922544702534746
2024-09-08 04:00:00,0.0,1098.5491766949501,-0.21569193694547556,2991.5600859484043,-0.010523502757721959
2024-09-08 08:00:00,0.0,1098.5491766949501,-0.21569193694547556,2997.603489019869,-0.0020201509907324627
2024-09-08 12:00:00,0.0,1098.5491766949501,-0.21569193694547556,2937.2820849673367,0.020123209848629888
2024-09-08 16:00:00,0.0,1098.5491766949501,-0.21569193694547556,2973.79068208898,-0.012429380653798663
2024-09-08 20:00:00,0.0,1098.5491766949501,-0.21569193694547556,3006.352231312703,-0.010949509466096836
2024-09-09 00:00:00,0.0,1098.5491766949501,-0.21569193694547556,3018.6491648127667,-0.004090316953543972
2024-09-09 04:00:00,0.0,1098.5491766949501,-0.21569193694547556,3024.295817805458,-0.0018705893545075364
2024-09-09 08:00:00,-3.5845866846573315e-05,1098.5097982474379,-0.21572005114787052,3024.8843046947472,-0.00023043228455905357
2024-09-09 12:00:00,-0.0013542101512189486,1097.0221851274378,-0.21678213101600352,3015.8321181992656,0.0016383626494770637
2024-09-09 16:00:00,0.005885057875742117,1103.4782241778857,-0.21217284852771734,3096.526037779758,-0.02087170988116958
2024-09-09 20:00:00,-0.0033702820033179037,1099.7591913778858,-0.21482804819804957,3089.609512714729,-0.0011366417946962865
2024-09-10 00:00:00,-0.0023416679279156805,1097.1839205510057,-0.2166666601754832,3056.688650061995,0.008313679460566365
2024-09-10 04:00:00,0.0019138743629285582,1099.2837927279656,-0.2151674585787659,3090.0107375978782,-0.008987493538969929
2024-09-10 08:00:00,0.0026832373167409163,1102.2334320223017,-0.2130615666162319,3096.1121328883023,0.0007086825955597209
2024-09-10 12:00:00,-0.0031812831457729285,1098.7269153823017,-0.2155650405911166,3065.456864805362,0.006719930624008441
2024-09-10 16:00:00,0.006359265059271646,1105.7140110649736,-0.21057661076247658,3120.0405484454527,-0.01144678671290254
2024-09-10 20:00:00,-0.00048049531314908744,1105.1827206649737,-0.21095592500109547,3110.2424607163393,0.002659876607336179
2024-09-11 00:00:00,-0.004926338903311955,1099.7382160328937,-0.21484302352419038,3068.220210324612,0.008584585380722456
2024-09-11 04:00:00,-0.0020518874921452435,1097.4816769427816,-0.21645407730359167,3058.2658586007024,0.0011924532140441375
2024-09-11 08:00:00,-0.0002798253967239983,1097.1745736971338,-0.21667333335226163,3051.613214139517,0.0018954741909414452
2024-09-11 12:00:00,0.0,1097.1745736971338,-0.21667333335226163,3044.4318676257817,0.002353295129428834
2024-09-11 16:00:00,0.0,1097.1745736971338,-0.21667333335226163,3090.057689580373,-0.014986645764607984
2024-09-11 20:00:00,0.0,1097.1745736971338,-0.21667333335226163,3087.622253375809,0.0007881523418724612
2024-09-12 00:00:00,0.0011775152319557503,1098.4665134697768,-0.21575095427068675,3133.5276664283942,-0.013690046045138507
2024-09-12 04:00:00,-3.054665718915661e-05,1098.4329589897561,-0.21577491045743755,3126.87429972237,0.0020927365604145637
2024-09-12 08:00:00,0.002860825335574857,1101.5753838282644,-0.21353137945248077,3128.5317771884183,0.0023307504725734096
2024-09-12 12:00:00,-0.007173855786280048,1093.6728408869644,-0.21917339191672322,3119.956193529051,-0.00443276690813724
2024-09-12 16:00:00,0.0024171479511347904,1096.316409953526,-0.21728601848080323,3156.1681479653475,-0.009189410663823458
2024-09-12 20:00:00,0.003520009866096574,1100.175454532926,-0.2145308575435239,3163.1207855815596,0.0013171368598867061
2024-09-13 00:00:00,-0.003077822932836982,1096.7893092888203,-0.21694839248321227,3142.3153613315676,0.0034996762081472054
2024-09-13 04:00:00,0.0023812432471188583,1099.4010314250763,-0.21508375613066744,3151.950113480685,-0.0006848882645938809
2024-09-13 08:00:00,-0.0014306463731100783,1097.8281773268745,-0.2162066937081543,3142.1153291636983,0.0016895756998611838
2024-09-13 12:00:00,0.013551435750104979,1112.7053253365746,-0.20558516907657798,3222.41462363003,-0.012004371740800806
2024-09-13 16:00:00,0.00022552145253151856,1112.956264257784,-0.20540601148999563,3222.1205305872563,0.000316786257692587
2024-09-13 20:00:00,0.007821669574098689,1121.6614404072316,-0.1991909598663052,3246.506717031242,0.00025330389302321687
2024-09-14 00:00:00,0.0005023502074796848,1122.224907264542,-0.19878867327884248,3249.4190191394882,-0.0003947069564462938
2024-09-14 04:00:00,-0.005121256917116734,1116.4777051956528,-0.2028918823278855,3236.9057560402703,-0.0012703337134567505
2024-09-14 08:00:00,-0.007159133646795324,1108.4846920904897,-0.20859848587324564,3222.4801429975564,-0.0027025278232261085
2024-09-14 12:00:00,0.008867789379627622,1118.3145008704896,-0.20158050393125115,3242.050698514253,0.0027946548223137645
2024-09-14 16:00:00,-0.0029354315839467127,1115.0317651638488,-0.20392420973725014,3234.258336719533,-0.0005319029166463191
2024-09-14 20:00:00,0.003225008481683389,1118.6277520638487,-0.20135685856158994,3247.025104827847,-0.0007223472268477983
2024-09-15 00:00:00,-0.0015127011747956276,1116.9356025491427,-0.2025649669798863,3239.3865392337575,0.0008397800495510027
2024-09-15 04:00:00,-0.0006639968202923896,1116.1939608605787,-0.2030944613062014,3239.9645211932134,-0.0008424200965689696
2024-09-15 08:00:00,-0.0050235498064429285,1110.5867049045448,-0.20709775597085991,3212.635793031399,0.0034113352001837096
2024-09-15 12:00:00,0.006882405665622704,1118.230213134545,-0.20164068107426886,3226.8448551450024,0.002459538266702215
2024-09-15 16:00:00,-0.010520731189057608,1106.465613654674,-0.21004000486096555,3185.5362334971915,0.0022808206370076613
2024-09-15 20:00:00,-0.014232666951621842,1090.717657082105,-0.2212832423768843,3133.5786721603395,0.0020777930552358104
2024-09-16 00:00:00,-0.0007951357622666411,1089.8503884664233,-0.22190242791954679,3103.5258424757176,0.008795441921842657
2024-09-16 04:00:00,0.0,1089.8503884664233,-0.22190242791954679,3131.727183866954,-0.009086871778306074
2024-09-16 08:00:00,0.0,1089.8503884664233,-0.22190242791954679,3119.250693592799,0.003983900749218268
2024-09-16 12:00:00,0.0,1089.8503884664233,-0.22190242791954679,3087.415360466362,0.010206083528915832
2024-09-16 16:00:00,0.0,1089.8503884664233,-0.22190242791954679,3093.832268484221,-0.002078407751683093
2024-09-16 20:00:00,0.0,1089.8503884664233,-0.22190242791954679,3103.397028531174,-0.0030915574009574404
2024-09-17 00:00:00,0.0,1089.8503884664233,-0.22190242791954679,3102.3074106641616,0.0003511048882869826
2024-09-17 04:00:00,0.0,1089.8503884664233,-0.22190242791954679,3125.025000007774,-0.007322804073355583
2024-09-17 08:00:00,0.0,1089.8503884664233,-0.22190242791954679,3127.5525676439265,-0.0008088151730453978
2024-09-17 12:00:00,0.0,1089.8503884664233,-0.22190242791954679,3200.700868924345,-0.023388352297311794
2024-09-17 16:00:00,-0.008200396883579986,1080.9131827372748,-0.22828313682475646,3152.9137056287323,0.006729821606869619
2024-09-17 20:00:00,-0.00028251490011610425,1080.6078086574196,-0.22850115833727436,3146.3466711980427,0.0018003313315982927
2024-09-18 00:00:00,0.0,1080.6078086574196,-0.22850115833727436,3150.7826496590933,-0.001409882293536589
2024-09-18 04:00:00,0.0,1080.6078086574196,-0.22850115833727436,3136.061280085907,0.004672289780057959
2024-09-18 08:00:00,0.0,1080.6078086574196,-0.22850115833727436,3100.1443586530495,0.01145287614783914
2024-09-18 12:00:00,0.0,1080.6078086574196,-0.22850115833727436,3072.9082105249863,0.008785445120335078
2024-09-18 16:00:00,0.0,1080.6078086574196,-0.22850115833727436,3117.894002784371,-0.014639484546041486
2024-09-18 20:00:00,0.0,1080.6078086574196,-0.22850115833727436,3216.164561800544,-0.0315182488334803
2024-09-19 00:00:00,0.0017182906995445446,1082.464607004891,-0.22717549905293585,3261.5899209774943,-0.01240578731452294
2024-09-19 04:00:00,-0.00017492720935774475,1082.275254491959,-0.22731068708620983,3270.5533361577195,-0.0029231007680800003
2024-09-19 08:00:00,0.0031574430109388985,1085.6924769301668,-0.224870964615523,3287.432077160727,-0.0020033781921290983
2024-09-19 12:00:00,0.0038395533524560044,1089.8610511197003,-0.22189481532912653,3315.903972659844,-0.004821278211768318
2024-09-19 16:00:00,0.0008269773121232227,1090.7623414823431,-0.22125133999495822,3325.809422587748,-0.0021602774484416848
2024-09-19 20:00:00,0.0007897162995464946,1091.6237342823433,-0.22063634948490216,3324.6984931902152,0.0011237490886738216
2024-09-20 00:00:00,0.01868711812286361,1112.023035950599,-0.20607228888706028,3384.400249536089,0.0007300743583967331
2024-09-20 04:00:00,0.008207773400452867,1121.150269045765,-0.19955591013790516,3422.4738466232,-0.0030419589833955585
2024-09-20 08:00:00,-0.003908882047595541,1116.7678248864352,-0.20268475167087105,3403.7230459286193,0.0015698451932514767
2024-09-20 12:00:00,-0.0007113989070024473,1115.9733574764355,-0.20325196086706876,3372.964559860168,0.008325319314018491
2024-09-20 16:00:00,-0.005284311745542558,1110.0762063558102,-0.20746222588849692,3356.9616897406154,-0.0005398592511422894
2024-09-20 20:00:00,0.005149745376563208,1115.7928161671239,-0.2033808581505145,3378.119666816835,-0.0011529708983592114
2024-09-21 00:00:00,-0.003960355854678688,1111.373879555008,-0.20653575343288721,3361.111596895068,0.0010744183982397404
2024-09-21 04:00:00,0.00936310481370728,1121.779789676498,-0.19910646452635006,3384.3736112423107,0.0024421759255586362
2024-09-21 08:00:00,-0.0011479927115173316,1120.491994654022,-0.20002588446777517,3387.971662441484,-0.002211129236167302
2024-09-21 12:00:00,0.002401964934011902,1123.183377134022,-0.1981043746941495,3398.086791771108,-0.000583635400772014
2024-09-21 16:00:00,0.001850905576792572,1125.26228351052,-0.19662014160926536,3409.1645338709573,-0.0014090882899549756
2024-09-21 20:00:00,0.005328642466364553,1131.2584039002327,-0.19233921757922248,3435.7242013009295,-0.0024620250611468207
2024-09-22 00:00:00,-0.004906827817328319,1125.7075136953886,-0.19630226997336991,3409.5899680685775,0.0026997877609700027
2024-09-22 04:00:00,-0.002038524792689622,1123.4127310194035,-0.19794062772185758,3402.120954800157,0.00015206508420720745
2024-09-22 08:00:00,-0.0038687888071612386,1119.0664844198132,-0.20104362604400608,3376.606014087477,0.0036309271205398385
2024-09-22 12:00:00,-0.0028757899391189667,1115.8482842827134,-0.2033412567460237,3357.2250522657496,0.0028639859603695984
2024-09-22 16:00:00,0.006225872519841857,1122.795413452142,-0.19838136096870695,3381.127004041137,-0.0008936834834878072
2024-09-22 20:00:00,0.0032824832943239013,1126.480970639742,-0.1957500611776681,3389.35236927997,0.0008497544352773024
2024-09-23 00:00:00,0.007883174700318296,1135.3612169278792,-0.18941001840721136,3453.242389581471,-0.010967040131453314
2024-09-23 04:00:00,-0.006570568412422317,1127.9012483792435,-0.19473605533569097,3416.6552536866743,0.004024441079289311
2024-09-23 08:00:00,0.00047088067811151824,1128.4323552839232,-0.1943568721033686,3403.281193401769,0.004385252861396492
2024-09-23 12:00:00,0.007169991486077443,1136.5232056639234,-0.1885804177355329,3428.132400728553,-0.00013214016703574482
2024-09-23 16:00:00,0.005156261579163823,1142.3834166031163,-0.18439652611892152,3433.848962571228,0.003488717513053606
2024-09-23 20:00:00,-0.006383925829110182,1135.0905256031165,-0.18960327820214298,3429.8392931843246,-0.005216236326569804
2024-09-24 00:00:00,-0.0012169895743830983,1133.7091322674764,-0.19058952256368522,3429.305272813936,-0.0010612912093169882
2024-09-24 04:00:00,-1.1527461699634145e-06,1133.7078253886164,-0.190590455608513,3446.2190484588755,-0.004933281646744733
2024-09-24 08:00:00,0.00022426479825843337,1133.9620761453612,-0.1904089335403316,3449.8557839107034,-0.0008310179335385376
2024-09-24 12:00:00,0.0007332287850634334,1134.7935297807612,-0.18981531806627316,3431.6246087864615,0.006017848278222493
2024-09-24 16:00:00,0.01925498674409787,1156.6439641539778,-0.17421522275536813,3497.576951345432,3.600154679404485e-05
2024-09-24 20:00:00,-0.0015047594788849539,1154.903493185222,-0.17545783022644587,3522.9741949663326,-0.008766141851367322
2024-09-25 00:00:00,-0.0015132471095590239,1153.1558388123399,-0.17670556628156522,3518.65591024348,-0.00028749736406774584
2024-09-25 04:00:00,-0.011269927953539205,1140.1598555897217,-0.18598403523412188,3469.461311809283,0.0027111488238126726
2024-09-25 08:00:00,0.002221228162977873,1142.6924107712543,-0.18417592004807032,3483.2934776647403,-0.0017656057032408657
2024-09-25 12:00:00,-0.0036999982936321008,1138.4644508012543,-0.18719446775179646,3464.4559899616074,0.0017079547898278336
2024-09-25 16:00:00,-0.003950450582642762,1133.9670032482684,-0.19040541584024168,3445.9078727270503,0.0014033819637370949
2024-09-25 20:00:00,-0.0032229756995113545,1130.3122551527515,-0.19301471951144458,3432.8320937777635,0.0005716059991974459
2024-09-26 00:00:00,0.0018513650996831998,1132.4048758136855,-0.19152069512719,3454.3050082788322,-0.004403795046363425
2024-09-26 04:00:00,0.0038839331172491054,1136.8030606129926,-0.18838061558038402,3503.636045265311,-0.010397097905850814
2024-09-26 08:00:00,0.002186170418815525,1139.2883058361238,-0.18660627729082852,3517.7733693988503,-0.0018488731618793485
2024-09-26 12:00:00,0.009747395938423109,1150.3934000411236,-0.17867780662175436,3573.3832742621116,-0.006060872253897762
2024-09-26 16:00:00,-0.009748911349346412,1139.1783167672495,-0.18668480387424963,3546.7425596733146,-0.0022935916861350613
2024-09-26 20:00:00,0.006295229306989336,1146.3497054928496,-0.18156479821577895,3557.11179149562,0.0033716362782186655
2024-09-27 00:00:00,0.008426065722794585,1156.0089234526386,-0.17466860941569645,3578.77132836569,0.00233698611561057
2024-09-27 04:00:00,0.0032484777488268612,1159.7641927179197,-0.171987538757975,3592.6646128688535,-0.0006336603450614992
2024-09-27 08:00:00,-0.004140123246189398,1154.9626260235502,-0.1754156123968976,3586.4592582683435,-0.002412894220055909
2024-09-27 12:00:00,0.010031539347459262,1166.5486790513503,-0.16714376166735653,3615.0049488772015,0.0020722434087007604
2024-09-27 16:00:00,-0.0058298321379426365,1159.7478960717422,-0.1719991737318742,3603.3441793791653,-0.002604174175383516
2024-09-27 20:00:00,0.0026084226900058294,1162.7730087985422,-0.1698393975892929,3610.610381507547,0.0005919064299259352
2024-09-28 00:00:00,0.002541968228142011,1165.728740843449,-0.16772915571370972,3620.4420612552412,-0.00018102835937374101
2024-09-28 04:00:00,-0.014060052412940172,1149.3385336479193,-0.17943092740613698,3594.3437701433145,-0.006851460017215356
2024-09-28 08:00:00,0.003953274545772656,1153.8821844174654,-0.17618699257840334,3609.443921330403,-0.0002478125379168361
2024-09-28 12:00:00,-0.0016522868097090804,1151.975640104194,-0.1775481679442328,3605.7914760330204,-0.0006403732360424907
2024-09-28 16:00:00,0.0034700760127959196,1155.9730831402449,-0.17469419757013607,3609.2429968331876,0.0025128601496189973
2024-09-28 20:00:00,-0.0049949822325574544,1150.1990181286446,-0.17881658538969983,3600.655526428268,-0.0026156826363665626
2024-09-29 00:00:00,0.0009552022132033322,1151.2976907763855,-0.17803218917461816,3599.700671044455,0.0012203915313161293
2024-09-29 04:00:00,0.004333688372419653,1156.2870561920968,-0.1744700368303409,3572.7554825813336,0.011819085333301782
2024-09-29 08:00:00,0.00016498778233486888,1156.4778294292405,-0.1743338344724665,3586.0053101868866,-0.0035435860817740273
2024-09-29 12:00:00,0.022632855667728435,1182.6522252256404,-0.155646651318355,3626.230280043628,0.011415646997547855
2024-09-29 16:00:00,0.0036251919477028327,1186.9395665494612,-0.1525857083576984,3643.750718940172,-0.0012063927955399756
2024-09-29 20:00:00,-0.002927012619606262,1183.465379459461,-0.1550661006833701,3611.5188389308196,0.005918784608456407
2024-09-30 00:00:00,-0.007880955953992186,1174.1385409308664,-0.1617249875279193,3560.112586745881,0.006353014427332968
2024-09-30 04:00:00,0.0007258095376514451,1174.9907418823982,-0.16111655952869217,3575.7083878932995,-0.0036548949393588248
2024-09-30 08:00:00,-0.0018543564327914153,1172.8118902417182,-0.16267214843289235,3527.240135502032,0.011700510780478004
2024-09-30 12:00:00,-0.0020973016563577973,1170.3521499217181,-0.16442827752289854,3485.5458467728445,0.009723353339464755
2024-09-30 16:00:00,0.0012909371591132146,1171.8630010013,-0.16334960693724865,3494.0335964847422,-0.0011441906759592463
2024-09-30 20:00:00,-0.0037461317630551605,1167.4730477913,-0.16648380954927364,3460.1871438516073,0.005940796452857564
2024-10-01 00:00:00,-0.00014960510136585725,1167.2983878676432,-0.16660850782343609,3518.5129997732165,-0.01700587717475588
2024-10-01 04:00:00,0.0,1167.2983878676432,-0.16660850782343609,3543.723604017976,-0.007165130339545308
2024-10-01 08:00:00,0.0,1167.2983878676432,-0.16660850782343609,3535.430098475334,0.0023403364566127382
2024-10-01 12:00:00,0.0,1167.2983878676432,-0.16660850782343609,3399.002983507612,0.038588548257977515
2024-10-01 16:00:00,0.0,1167.2983878676432,-0.16660850782343609,3328.0190755352137,0.020883743943980532
2024-10-01 20:00:00,0.0,1167.2983878676432,-0.16660850782343609,3296.442739062127,0.009488027489147677
2024-10-02 00:00:00,0.0,1167.2983878676432,-0.16660850782343609,3352.8616858094865,-0.0171150998859489
2024-10-02 04:00:00,0.0,1167.2983878676432,-0.16660850782343609,3353.2919499233053,-0.0001283274271765952
2024-10-02 08:00:00,0.0,1167.2983878676432,-0.16660850782343609,3296.1611392927257,0.017037231318879433
2024-10-02 12:00:00,0.0,1167.2983878676432,-0.16660850782343609,3314.061320346081,-0.005430614674741628
2024-10-02 16:00:00,0.0,1167.2983878676432,-0.16660850782343609,3208.908968987472,0.031729150789409334
2024-10-02 20:00:00,0.0,1167.2983878676432,-0.16660850782343609,3192.039539678024,0.005257060724527458
2024-10-03 00:00:00,0.0,1167.2983878676432,-0.16660850782343609,3231.5663488007804,-0.012382932175941426
2024-10-03 04:00:00,0.0,1167.2983878676432,-0.16660850782343609,3170.312748335527,0.01895477110905803
2024-10-03 08:00:00,0.0,1167.2983878676432,-0.16660850782343609,3141.706339995726,0.009023213357994433
2024-10-03 12:00:00,0.0,1167.2983878676432,-0.16660850782343609,3135.5390074355837,0.0019630518873226454
2024-10-03 16:00:00,0.0,1167.2983878676432,-0.16660850782343609,3166.3320598748073,-0.009820656788578162
2024-10-03 20:00:00,0.0,1167.2983878676432,-0.16660850782343609,3157.7807074191737,0.0027007124628526708
2024-10-04 00:00:00,0.0,1167.2983878676432,-0.16660850782343609,3173.5231978590073,-0.004985301988465077
2024-10-04 04:00:00,0.0,1167.2983878676432,-0.16660850782343609,3202.4638145352637,-0.009119396604941068
2024-10-04 08:00:00,0.0,1167.2983878676432,-0.16660850782343609,3220.406530570768,-0.005602784941414862
2024-10-04 12:00:00,0.0,1167.2983878676432,-0.16660850782343609,3241.9235849552524,-0.006681471478903951
2024-10-04 16:00:00,0.0,1167.2983878676432,-0.16660850782343609,3271.352280195833,-0.009077541302068377
2024-10-04 20:00:00,0.0,1167.2983878676432,-0.16660850782343609,3258.3155740596094,0.00398511227761852
2024-10-05 00:00:00,0.0,1167.2983878676432,-0.16660850782343609,3232.1935057649816,0.008017046753418569
2024-10-05 04:00:00,0.0,1167.2983878676432,-0.16660850782343609,3265.265025366355,-0.010231912025807517
2024-10-05 08:00:00,0.0,1167.2983878676432,-0.16660850782343609,3257.6588100138583,0.0023294327699000844
2024-10-05 12:00:00,0.0,1167.2983878676432,-0.16660850782343609,3254.336471111784,0.0010198547778736172
2024-10-05 16:00:00,0.0,1167.2983878676432,-0.16660850782343609,3234.5366317307703,0.00608414021007759
2024-10-05 20:00:00,0.0,1167.2983878676432,-0.16660850782343609,3246.957509721922,-0.003840079555539111
2024-10-06 00:00:00,0.0,1167.2983878676432,-0.16660850782343609,3240.94714598329,0.0018510755747915672
2024-10-06 04:00:00,0.0,1167.2983878676432,-0.16660850782343609,3256.171674209082,-0.004697555233093199
2024-10-06 08:00:00,0.0,1167.2983878676432,-0.16660850782343609,3265.1780253217867,-0.0027659325164089816
2024-10-06 12:00:00,0.0,1167.2983878676432,-0.16660850782343609,3304.986011721889,-0.012191674111300463
2024-10-06 16:00:00,0.0,1167.2983878676432,-0.16660850782343609,3296.076210998448,0.0026958663945446343
2024-10-06 20:00:00,0.0,1167.2983878676432,-0.16660850782343609,3311.2960597106126,-0.004617565777568603
2024-10-07 00:00:00,0.0,1167.2983878676432,-0.16660850782343609,3364.0079880506078,-0.0159188207244151
2024-10-07 04:00:00,0.0,1167.2983878676432,-0.16660850782343609,3352.1814052151144,0.003515622696944657
2024-10-07 08:00:00,0.0,1167.2983878676432,-0.16660850782343609,3330.459859945021,0.00647982392489261
2024-10-07 12:00:00,0.0,1167.2983878676432,-0.16660850782343609,3347.297629883174,-0.005055689197956863
2024-10-07 16:00:00,0.0,1167.2983878676432,-0.16660850782343609,3329.612464413662,0.005283415884989389
2024-10-07 20:00:00,0.0,1167.2983878676432,-0.16660850782343609,3271.0763593579904,0.017580455888274078
2024-10-08 00:00:00,0.0,1167.2983878676432,-0.16660850782343609,3302.7588711408516,-0.009685653375905736
2024-10-08 04:00:00,0.0,1167.2983878676432,-0.16660850782343609,3268.6553880895053,0.010325756248613585
2024-10-08 08:00:00,0.0,1167.2983878676432,-0.16660850782343609,3295.516229246071,-0.008217703602050779
2024-10-08 12:00:00,0.0,1167.2983878676432,-0.16660850782343609,3262.841126357476,0.009915018047436695
2024-10-08 16:00:00,0.0,1167.2983878676432,-0.16660850782343609,3280.488000966756,-0.005408438206423005
2024-10-08 20:00:00,0.0,1167.2983878676432,-0.16660850782343609,3275.9641686327545,0.0013790120045153215
2024-10-09 00:00:00,0.0,1167.2983878676432,-0.16660850782343609,3279.1115003826058,-0.0009607344854338942
2024-10-09 04:00:00,0.0,1167.2983878676432,-0.16660850782343609,3277.8474577586703,0.0003854832700223021
2024-10-09 08:00:00,0.0,1167.2983878676432,-0.16660850782343609,3278.061450282036,-6.528446674931259e-05
2024-10-09 12:00:00,0.0,1167.2983878676432,-0.16660850782343609,3275.8267118513477,0.0006817256066069215
2024-10-09 16:00:00,0.0,1167.2983878676432,-0.16660850782343609,3236.311368669116,0.012062708640622597
2024-10-09 20:00:00,0.0,1167.2983878676432,-0.16660850782343609,3206.371172787031,0.009251333531111199
2024-10-10 00:00:00,0.0,1167.2983878676432,-0.16660850782343609,3220.0144545364715,-0.004255053770827656
2024-10-10 04:00:00,0.0,1167.2983878676432,-0.16660850782343609,3218.689449660929,0.00041149035019890805
2024-10-10 08:00:00,0.0,1167.2983878676432,-0.16660850782343609,3232.748161739128,-0.004367837375451243
2024-10-10 12:00:00,0.0,1167.2983878676432,-0.16660850782343609,3216.4387176078494,0.005045071040270886
2024-10-10 16:00:00,0.0,1167.2983878676432,-0.16660850782343609,3179.173556229832,0.011585845293434427
2024-10-10 20:00:00,0.0,1167.2983878676432,-0.16660850782343609,3207.8181198441252,-0.00901006601484901
2024-10-11 00:00:00,0.0,1167.2983878676432,-0.16660850782343609,3229.7468193975906,-0.0068360171101380695
2024-10-11 04:00:00,0.0,1167.2983878676432,-0.16660850782343609,3237.6555133343604,-0.002448703994155326
2024-10-11 08:00:00,0.0,1167.2983878676432,-0.16660850782343609,3256.4896221777376,-0.005817205927501711
2024-10-11 12:00:00,0.0,1167.2983878676432,-0.16660850782343609,3295.019828221572,-0.011831822150278384
2024-10-11 16:00:00,0.0,1167.2983878676432,-0.16660850782343609,3325.9194740175876,-0.00937768129082642
2024-10-11 20:00:00,0.0,1167.2983878676432,-0.16660850782343609,3315.650547616588,0.003087545107818041
2024-10-12 00:00:00,0.0,1167.2983878676432,-0.16660850782343609,3329.1780721544246,-0.0040799005635743235
2024-10-12 04:00:00,-0.0015014749924331383,1165.5457185295525,-0.1678598243078457,3334.4141073760493,-0.0030742461413902594
2024-10-12 08:00:00,0.0032645694353097277,1169.3507234577203,-0.16514324492438776,3349.3296628880394,-0.0012086468574704478
2024-10-12 12:00:00,0.004454651889723271,1174.5597738677204,-0.16142424870274197,3364.8871610527667,-0.0001903068723570888
2024-10-12 16:00:00,-0.0010283686986246598,1173.3518933616112,-0.1622866137568017,3359.604395936077,0.0005415992865831023
2024-10-12 20:00:00,-0.0027641929316769565,1170.1085223516113,-0.1646022151778263,3356.2674166202014,-0.0017709273793660005
2024-10-13 00:00:00,0.001319738902111789,1171.6527600882514,-0.1634997082224584,3344.6952814810047,0.004767656991680961
2024-10-13 04:00:00,0.0019888773316560915,1173.9830337033632,-0.16183601175421838,3361.2249458064352,-0.0029531765579620117
2024-10-13 08:00:00,-0.00035915189504032163,1173.5613954720634,-0.1621370399389514,3341.7393236094263,0.0054380269642085866
2024-10-13 12:00:00,-0.004438668850303196,1168.3523450620633,-0.1658560361605972,3307.1532411602852,0.005911055978557662
2024-10-13 16:00:00,0.0012377521934183733,1169.7984757398494,-0.1648235726397282,3324.3447457907378,-0.003960526621270444
2024-10-13 20:00:00,0.003696786044506295,1174.1229704198493,-0.1617361040783621,3347.4530144916034,-0.00325443907440632
2024-10-14 00:00:00,0.005667277171949481,1180.7770507271712,-0.15698543023693598,3417.7663014688274,-0.015337733704328178
2024-10-14 04:00:00,0.0005876267424644865,1181.4709068990667,-0.1564900523314561,3420.8489853252345,-0.00031433190084073637
2024-10-14 08:00:00,-0.0004971590605094001,1180.8835279329735,-0.15690941094456937,3422.0985763510253,-0.000862445874148616
2024-10-14 12:00:00,0.024416695929758703,1209.7168019629737,-0.1363239243903617,3488.250496026504,0.005085891103552731
2024-10-14 16:00:00,-0.00597157780780877,1202.4928839546383,-0.14148143327660753,3474.878872160027,-0.0021382453445270644
2024-10-14 20:00:00,0.0036130206064604042,1206.8375155234885,-0.138379588004007,3484.9087384727504,0.0007266275315592763
2024-10-15 00:00:00,-0.010216620854751723,1194.5077141940944,-0.14718243707408504,3453.222171084379,-0.0011241109021790565
2024-10-15 04:00:00,-9.440026212992336e-05,1194.3949523527583,-0.14726294327557424,3453.5141840391243,-0.00017896272011183205
2024-10-15 08:00:00,-0.005814568954354837,1187.4500605435699,-0.152221241691832,3418.418168873825,0.004347837595906243
2024-10-15 12:00:00,0.002395776734147592,1190.2949257715823,-0.15019015306697278,3423.4552555101704,0.0009222628492138809
2024-10-15 16:00:00,0.003623184192341533,1194.6075835308623,-0.1471111354630688,3453.5373184048703,-0.00516386300106981
2024-10-15 20:00:00,3.1129971475696294e-05,1194.6447716308621,-0.14708458505704392,3455.807733220099,-0.0006262872231002399
2024-10-16 00:00:00,-0.0003390511520816597,1194.2397259447123,-0.14737376701110858,3442.204347665492,0.0035973326414494577
2024-10-16 04:00:00,-0.0016829131319678892,1192.2299242272022,-0.14880866289526587,3421.3819836208163,0.004366223392654134
2024-10-16 08:00:00,0.005144140727138202,1198.3629227365323,-0.1444300148714782,3470.2222344456018,-0.009130865997804565
2024-10-16 12:00:00,-0.002188701728196518,1195.7400637365322,-0.14630260237652204,3449.965545760086,0.0036485868709158643
2024-10-16 16:00:00,0.0032451020892572124,1199.6203623155723,-0.14353226716790057,3458.458187193423,0.0007834423072416363
2024-10-16 20:00:00,-0.0004587467979766391,1199.0700403155724,-0.1439251689979076,3457.462965398268,-0.00017098221003399228
2024-10-17 00:00:00,0.0016461401420475585,1201.0438776420624,-0.14251594985399854,3469.802884744337,-0.001922927544161917
2024-10-17 04:00:00,-0.004040795594152602,1196.1907048329024,-0.14598086762588464,3442.523127651527,0.0038212524814745952
2024-10-17 08:00:00,-0.003951415298198868,1191.4640585822624,-0.14935545189050223,3409.8322685912585,0.005544776259000692
2024-10-17 12:00:00,0.002614850928619017,1194.5795594822623,-0.14713114320395348,3446.869911218727,-0.00824716212951025
2024-10-17 16:00:00,-0.0008146551638382737,1193.6063890755145,-0.14782593722221918,3391.9566542342586,0.015116684979211037
2024-10-17 20:00:00,0.00047279120249776874,1194.1707156755144,-0.14742303682234112,3407.72706251806,-0.0041765631057639275
2024-10-18 00:00:00,0.00010304935850835584,1194.2937742017143,-0.14733517931320664,3420.655552246013,-0.0036908254122017337
2024-10-18 04:00:00,0.00033097211727839415,1194.6890521408143,-0.1470529710321751,3452.493786014933,-0.008976668854644527
2024-10-18 08:00:00,-0.00022284969760377749,1194.4228160468142,-0.1472430500196526,3431.641362995788,0.005816965088917254
2024-10-18 12:00:00,0.0008391915212382361,1195.4251655468142,-0.14652742361755206,3465.1689946208057,-0.008930952872798246
2024-10-18 16:00:00,-0.0001088941246357722,1195.2949907698444,-0.1466203617666579,3463.6265239255267,0.0003362416530631978
2024-10-18 20:00:00,-0.0001460808430959748,1195.1203810698444,-0.14674502418369195,3468.1873903615783,-0.0014628701691237359
2024-10-19 00:00:00,1.2308424542695207e-05,1195.1350911188742,-0.14673452195920642,3477.513276753979,-0.0026766715360897315
2024-10-19 04:00:00,-8.952587466903861e-05,1195.0280956044942,-0.14681091129745288,3467.512387507301,0.0027863479037376787
2024-10-19 08:00:00,-0.0002135159499917494,1194.7729380453943,-0.14699308077624984,3447.0361369281536,0.005691654180883307
2024-10-19 12:00:00,0.0001109257631972671,1194.9054691453944,-0.14689846033272244,3470.466930632971,-0.006686448205065825
2024-10-19 16:00:00,-4.202437210021337e-05,1194.8552539933344,-0.14693431138926472,3459.8750578188774,0.003009977858666429
2024-10-19 20:00:00,0.00015913174366888327,1195.0453933933343,-0.146798561558772,3481.803683421807,-0.006178850188185457
2024-10-20 00:00:00,-0.001723768842288087,1192.985411379083,-0.14826928361455233,3466.0715531177666,0.002794616378264899
2024-10-20 04:00:00,-0.0003039341873586343,1192.6228223275448,-0.14852815369768532,3471.0454481146435,-0.0017389579370565844
2024-10-20 08:00:00,0.0007170681163397585,1193.478014128255,-0.14791759038474103,3479.9123461240115,-0.0018374642693379517
2024-10-20 12:00:00,0.0015464860585203688,1195.3237112382549,-0.14659985681756058,3513.8028158247353,-0.008192399962120987
2024-10-20 16:00:00,-0.0007874059969447122,1194.3825061797356,-0.14727182920809592,3509.3378291432246,0.00048329327547943666
2024-10-20 20:00:00,0.01880175752224278,1216.8389964497355,-0.13123904090848101,3573.9172677003876,0.0003995854597914801
2024-10-21 00:00:00,-0.0020976841950831604,1214.286452518922,-0.1330614270416726,3573.3593111722985,-0.0019415651564217904
2024-10-21 04:00:00,-0.0036231909729769196,1209.8868608055473,-0.13620251105334075,3568.061987515453,-0.0021407417716656617
2024-10-21 08:00:00,-0.006501656888085239,1202.020591563187,-0.14181862594726152,3548.466862270064,-0.0010098449986192092
2024-10-21 12:00:00,-0.012744724206494307,1186.701170633187,-0.152755910878714,3501.4049316247365,0.0005178853857567157
2024-10-21 16:00:00,-0.0007494531800019688,1185.811793667144,-0.15339088065554382,3522.720518766126,-0.006837177267229592
2024-10-21 20:00:00,0.0,1185.811793667144,-0.15339088065554382,3507.0753600909134,0.004441214848543381
2024-10-22 00:00:00,0.0,1185.811793667144,-0.15339088065554382,3511.6836670480893,-0.001314002832564189
2024-10-22 04:00:00,0.0,1185.811793667144,-0.15339088065554382,3516.378455341373,-0.0013369052393121489
2024-10-22 08:00:00,0.0,1185.811793667144,-0.15339088065554382,3495.065869653807,0.006060947636393469
2024-10-22 12:00:00,0.0,1185.811793667144,-0.15339088065554382,3495.4241548710042,-0.00010251172096881993
2024-10-22 16:00:00,0.0,1185.811793667144,-0.15339088065554382,3496.338481773581,-0.00026157824117052045
2024-10-22 20:00:00,0.0,1185.811793667144,-0.15339088065554382,3492.242755958457,0.0011714328679772576
2024-10-23 00:00:00,0.0,1185.811793667144,-0.15339088065554382,3469.866395462983,0.006407447035947168
2024-10-23 04:00:00,0.0,1185.811793667144,-0.15339088065554382,3454.0259699212697,0.004565139903491817
2024-10-23 08:00:00,0.0,1185.811793667144,-0.15339088065554382,3424.8057937383664,0.008459744204983315
2024-10-23 12:00:00,0.0,1185.811793667144,-0.15339088065554382,3408.17165188511,0.004856959154784425
2024-10-23 16:00:00,0.0,1185.811793667144,-0.15339088065554382,3419.456852667165,-0.003311218428747185
2024-10-23 20:00:00,-0.0033564294297712127,1181.8317000647098,-0.15623246441922423,3426.3077305907436,-0.0053599282948714345
2024-10-24 00:00:00,0.004703755139502164,1187.3907469979158,-0.15226358853719105,3457.715613270536,-0.004462929568755967
2024-10-24 04:00:00,-0.0008545723608184286,1186.3760356840398,-0.15298804064368657,3445.0956846817517,0.0027952155339262064
2024-10-24 08:00:00,0.00039033424541323747,1186.839118878705,-0.15265742286967518,3434.776895277306,0.0033855455106117966
2024-10-24 12:00:00,0.002261384999287408,1189.523019058705,-0.15074125507649505,3448.7350575354385,-0.0018023905190947464
2024-10-24 16:00:00,0.002787880010161059,1192.8392665051651,-0.1483736235980683,3478.367612645821,-0.00580441676416954
2024-10-24 20:00:00,-0.0002990519511025802,1192.482545595165,-0.14862830412754174,3468.51906305681,0.0025323191648213444
2024-10-25 00:00:00,-0.003600334957427176,1188.189209000137,-0.15169352740595538,3446.9638652391045,0.0026141898659448604
2024-10-25 04:00:00,-0.003998946883626675,1183.437703465647,-0.15508585993089571,3404.7822740058227,0.00823837061733758
2024-10-25 08:00:00,0.0024869723344675965,1186.380880293732,-0.1529845818395434,3443.2327340002857,-0.008806102200141299
2024-10-25 12:00:00,-0.0017181709802127632,1184.342475093732,-0.15443989915081943,3417.847652482913,0.005654284929231606
2024-10-25 16:00:00,-0.00647831927064646,1176.6699264142871,-0.15991770744664044,3366.161238956558,0.00864418435786001
2024-10-25 20:00:00,-0.0001696956151024942,1176.4702506873516,-0.16006026572801205,3296.4440849115103,0.020541479250263967
2024-10-26 00:00:00,0.0,1176.4702506873516,-0.16006026572801205,3329.0554691954158,-0.009892897754029508
2024-10-26 04:00:00,0.0,1176.4702506873516,-0.16006026572801205,3343.4749931317433,-0.004331415943577698
2024-10-26 08:00:00,0.0,1176.4702506873516,-0.16006026572801205,3355.020636255704,-0.003453186623999928
2024-10-26 12:00:00,0.0,1176.4702506873516,-0.16006026572801205,3324.9759143129545,0.00895515265035158
2024-10-26 16:00:00,0.0,1176.4702506873516,-0.16006026572801205,3364.0953782762876,-0.011765337545735706
2024-10-26 20:00:00,0.0,1176.4702506873516,-0.16006026572801205,3361.6890360012,0.0007153014419943553
2024-10-27 00:00:00,0.0,1176.4702506873516,-0.16006026572801205,3375.109253494725,-0.003992105560569488
2024-10-27 04:00:00,0.0,1176.4702506873516,-0.16006026572801205,3372.4325624933426,0.000793067957314724
2024-10-27 08:00:00,0.0,1176.4702506873516,-0.16006026572801205,3365.8960727759886,0.0019382121350771664
2024-10-27 12:00:00,0.0,1176.4702506873516,-0.16006026572801205,3407.0835898139208,-0.012236716805092371
2024-10-27 16:00:00,0.0,1176.4702506873516,-0.16006026572801205,3405.5933250798503,0.0004374018701877036
2024-10-27 20:00:00,0.0,1176.4702506873516,-0.16006026572801205,3413.0646755652106,-0.0021938469371369945
2024-10-28 00:00:00,0.0,1176.4702506873516,-0.16006026572801205,3377.500674139883,0.01041996118032494
2024-10-28 04:00:00,0.0,1176.4702506873516,-0.16006026572801205,3410.2409118940686,-0.009693628784403814
2024-10-28 08:00:00,0.0,1176.4702506873516,-0.16006026572801205,3437.3968724299175,-0.00796306221098215
2024-10-28 12:00:00,0.0,1176.4702506873516,-0.16006026572801205,3392.0382980794775,0.013195617507610018
2024-10-28 16:00:00,0.0,1176.4702506873516,-0.16006026572801205,3436.087048094953,-0.012985923549393588
2024-10-28 20:00:00,0.0017890651977221506,1178.5750326690118,-0.15855755878124206,3470.422541172258,-0.008203549249092263
2024-10-29 00:00:00,0.006589475130309275,1186.3412235359876,-0.15301289474124435,3520.5367430814085,-0.00785089958331924
2024-10-29 04:00:00,-0.0019516871539118075,1184.0258566098564,-0.15466594859410682,3511.3338673101957,0.0006623675891038899
2024-10-29 08:00:00,0.0037211929472886762,1188.4318452768805,-0.15152029748391221,3527.052720882818,-0.0007554117182379449
2024-10-29 12:00:00,0.006154818721048283,1195.7464278468806,-0.14629805872643672,3542.127667349709,0.0018807271040911988
2024-10-29 16:00:00,-0.002401470080053314,1192.8748785770756,-0.14834819839568866,3527.646963677398,0.0016866670601717471
2024-10-29 20:00:00,0.003003693408544006,1196.4579089870754,-0.1457900974928351,3549.5693112453514,-0.003210745789504278
2024-10-30 00:00:00,-0.002552303150186175,1193.4041856969025,-0.14797030011792442,3541.7507309481853,-0.00034961893371066033
2024-10-30 04:00:00,-0.001968672661898596,1191.0547635019257,-0.14964766769520788,3537.4988261549784,-0.0007681633329802112
2024-10-30 08:00:00,-0.0056725806544831725,1184.2984092920547,-0.15447135988493466,3501.7282945348707,0.004439233759597603
2024-10-30 12:00:00,-0.0018544929578290237,1182.1021362320544,-0.15603938679367085,3508.8339392792177,-0.0038836751634949073
2024-10-30 16:00:00,-0.0018445221436366177,1179.9217226657343,-0.157596090833087,3503.5369230285396,-0.0003348991912987939
2024-10-30 20:00:00,0.0035512556464620815,1184.1119263457342,-0.15460449919405628,3508.943729438613,0.0020080133376584796
2024-10-31 00:00:00,1.1945865674656275e-05,1184.1260715877502,-0.15459440021296164,3505.0378180550842,0.001125076107906702
2024-10-31 04:00:00,0.0003805047378881987,1184.5766371682462,-0.1542727193768055,3490.8162978770592,0.004437956016949264
2024-10-31 08:00:00,-0.001342653021928708,1182.986161766646,-0.1554082376658618,3490.2635344916985,-0.0011843051347319525
2024-10-31 12:00:00,-0.010882372436863186,1170.1124657666462,-0.1645993997806885,3410.9500443611755,0.011841840032117128
2024-10-31 16:00:00,-0.0003865543250388681,1169.6601537322222,-0.16492232749584335,3365.5206162374952,0.01293214795228754
2024-10-31 20:00:00,0.0,1169.6601537322222,-0.16492232749584335,3381.163828722862,-0.004648081016022828
2024-11-01 00:00:00,0.0,1169.6601537322222,-0.16492232749584335,3373.106705518386,0.0023829437473662347
2024-11-01 04:00:00,0.0,1169.6601537322222,-0.16492232749584335,3358.9474296307963,0.004197695810934622
2024-11-01 08:00:00,0.0,1169.6601537322222,-0.16492232749584335,3395.8204260070283,-0.010977544944871338
2024-11-01 12:00:00,0.0,1169.6601537322222,-0.16492232749584335,3373.2049464185525,0.006659798443779492
2024-11-01 16:00:00,0.0,1169.6601537322222,-0.16492232749584335,3381.2280286671867,-0.002378474589026323
2024-11-01 20:00:00,0.0,1169.6601537322222,-0.16492232749584335,3384.6924105819817,-0.0010245928063480822
2024-11-02 00:00:00,0.0,1169.6601537322222,-0.16492232749584335,3395.6823615802623,-0.003246957083580645
2024-11-02 04:00:00,0.0,1169.6601537322222,-0.16492232749584335,3394.083201801787,0.000470939153958762
2024-11-02 08:00:00,0.0,1169.6601537322222,-0.16492232749584335,3380.6188863731672,0.003966996277955699
2024-11-02 12:00:00,0.0,1169.6601537322222,-0.16492232749584335,3350.45534255552,0.008922491659510217
2024-11-02 16:00:00,0.0,1169.6601537322222,-0.16492232749584335,3353.507078315437,-0.0009108420939551839
2024-11-02 20:00:00,0.0,1169.6601537322222,-0.16492232749584335,3348.864055920688,0.0013845273876926325
2024-11-03 00:00:00,0.0,1169.6601537322222,-0.16492232749584335,3287.098904748758,0.01844361256251383
2024-11-03 04:00:00,0.0,1169.6601537322222,-0.16492232749584335,3297.4393895166845,-0.003145778410557774
2024-11-03 08:00:00,0.0,1169.6601537322222,-0.16492232749584335,3275.4269962256435,0.006675602093255462
2024-11-03 12:00:00,0.0,1169.6601537322222,-0.16492232749584335,3244.147261817053,0.009549818831143348
2024-11-03 16:00:00,0.0,1169.6601537322222,-0.16492232749584335,3266.926830503599,-0.00702174311094228
2024-11-03 20:00:00,0.0,1169.6601537322222,-0.16492232749584335,3280.4373299428535,-0.004135537812817137
2024-11-04 00:00:00,0.0,1169.6601537322222,-0.16492232749584335,3296.615555727183,-0.004931728351174328
2024-11-04 04:00:00,0.0,1169.6601537322222,-0.16492232749584335,3273.542380318384,0.006999049485377361
2024-11-04 08:00:00,0.0,1169.6601537322222,-0.16492232749584335,3297.387866273819,-0.007284306474479196
2024-11-04 12:00:00,0.0,1169.6601537322222,-0.16492232749584335,3271.716283364945,0.007785430149557697
2024-11-04 16:00:00,0.0,1169.6601537322222,-0.16492232749584335,3238.9220515720144,0.010023556125472455
2024-11-04 20:00:00,0.0,1169.6601537322222,-0.16492232749584335,3218.411408826895,0.006332552132634649
2024-11-05 00:00:00,0.0,1169.6601537322222,-0.16492232749584335,3242.49898854643,-0.007484307212394522
2024-11-05 04:00:00,0.0,1169.6601537322222,-0.16492232749584335,3279.432739663801,-0.01139052047443423
2024-11-05 08:00:00,0.0,1169.6601537322222,-0.16492232749584335,3275.842887155696,0.0010946565437022374
2024-11-05 12:00:00,0.0,1169.6601537322222,-0.16492232749584335,3313.665255514168,-0.011545843210848108
2024-11-05 16:00:00,0.0,1169.6601537322222,-0.16492232749584335,3281.4512034608038,0.009721577036110636
2024-11-05 20:00:00,0.0,1169.6601537322222,-0.16492232749584335,3312.9472005704865,-0.009598191518577279
2024-11-06 00:00:00,0.0,1169.6601537322222,-0.16492232749584335,3542.401984856222,-0.06926001846519718
2024-11-06 04:00:00,-0.005109259167744962,1163.6840568686198,-0.16918895574986437,3534.587907238719,-0.002903389350906457
2024-11-06 08:00:00,0.006127161152918781,1170.8141366161362,-0.164098442594119,3559.502958217816,-0.0009217655205618746
2024-11-06 12:00:00,-0.003489415466239265,1166.7286796597364,-0.1670152504167845,3544.3421043437534,0.0007698460239247773
2024-11-06 16:00:00,0.013371801443679665,1182.3299439027928,-0.15587674373974458,3597.2533443038305,-0.001556565627668054
2024-11-06 20:00:00,0.00015584481045283205,1182.514203888793,-0.15574519151087396,3621.9167389903523,-0.006700329143926899
2024-11-07 00:00:00,0.011002383014543815,1195.5246780801158,-0.14645637674600626,3705.6440917991627,-0.012114479918133587
2024-11-07 04:00:00,-0.004536683789588158,1190.1009606530172,-0.15032863426532897,3662.1236805859326,0.007207674312568255
2024-11-07 08:00:00,-0.005665214454906975,1183.358783487927,-0.15514220476840962,3636.3873841881204,0.001362482761942555
2024-11-07 12:00:00,0.027055424103780812,1215.375057242127,-0.1322842188110337,3720.175830218392,0.004013751922592488
2024-11-07 16:00:00,0.010761779497402646,1228.45465561481,-0.12294605290746148,3761.275636117734,-0.00028603323378471705
2024-11-07 20:00:00,-5.433432563062279e-05,1228.3879083595293,-0.12299370704221847,3770.408743562176,-0.0024825284618807952
2024-11-08 00:00:00,0.007684533848620445,1237.8274968205542,-0.11625432249853127,3790.27334295088,0.002415980559107268
2024-11-08 04:00:00,0.004969427742565147,1243.9787911237643,-0.11186261221138341,3814.5447532365265,-0.0014341764541577606
2024-11-08 08:00:00,0.007598997274593344,1253.4317825671658,-0.10511365862211318,3837.8392337087475,0.0014922448364534302
2024-11-08 12:00:00,0.0056556934440266105,1260.5208084823655,-0.10005245580803329,3861.292899625329,-0.0004554708044864431
2024-11-08 16:00:00,0.0005132697349707893,1261.1677956636604,-0.09959053997053828,3859.304678378024,0.001028180491287072
2024-11-08 20:00:00,0.00219269475513717,1263.9331516745601,-0.09761621687005571,3872.1336265262116,-0.001131465739384544
2024-11-09 00:00:00,-0.007089412932104966,1254.9726076437623,-0.10401358813189893,3875.6397011780673,-0.007994876170211456
2024-11-09 04:00:00,0.007424064711204714,1264.289605493699,-0.09736172702983006,3912.2543834381427,-0.0020233259347692354
2024-11-09 08:00:00,0.0036134890334378333,1268.85810211824,-0.09410005352929102,3931.3773604858143,-0.0012744796857298646
2024-11-09 12:00:00,-0.011251861800910534,1254.5810861082398,-0.10429311453243173,3886.562960325164,0.00014729835376678033
2024-11-09 16:00:00,0.0012716186823131803,1256.1764348558117,-0.10315411692299466,3896.4927792371755,-0.001283291404922639
2024-11-09 20:00:00,0.015269917780090791,1275.3581457333476,-0.08945935402699587,4031.894601920507,-0.019479748228488143
2024-11-10 00:00:00,0.014239231822887444,1293.5182660276525,-0.07649395468482459,4100.933153054326,-0.002883872313052649
2024-11-10 04:00:00,0.018901156563357002,1317.9672572914033,-0.05903862233511581,4226.32379825774,-0.011674968558318115
2024-11-10 08:00:00,0.010419870517643703,1331.7003054588736,-0.04923392661774416,4269.890249672755,0.00011151424996366441
2024-11-10 12:00:00,0.009408508702626328,1344.2296193720736,-0.04028863574216532,4319.52532519721,-0.0022159295433586967
2024-11-10 16:00:00,-0.0051795293522798325,1337.267142602332,-0.04525948892305535,4289.096847604404,0.0018648737480580256
2024-11-10 20:00:00,-0.0005462811114749222,1336.5366188213322,-0.04578104563061656,4267.628801912923,0.004458979075986358
2024-11-11 00:00:00,0.004305407005118056,1342.2909529426024,-0.04167274466005818,4310.283541918763,-0.005689543817859117
2024-11-11 04:00:00,-0.0019851043598845264,1339.6263653196825,-0.043575124272829696,4208.860585716121,0.021545356041681778
2024-11-11 08:00:00,0.003955558576913543,1344.9253358788824,-0.03979192965247353,4315.736152650576,-0.021437434314598436
2024-11-11 12:00:00,0.008491267695294846,1356.3454569360142,-0.031638545883970234,4355.3287079377,-0.0006827304099432975
2024-11-11 16:00:00,-0.0013143867834470857,1354.562694393629,-0.032911347380859934,4421.573947026991,-0.016524545081845435
2024-11-11 20:00:00,0.026759332355285936,1390.80988772898,-0.0070327007083986065,4563.4208957387,-0.005321313679614227
2024-11-12 00:00:00,-0.008344320133232386,1379.2045247813044,-0.015318337735518854,4509.75391815984,0.0034159313984580674
2024-11-12 04:00:00,0.007905597299950662,1390.1079603484952,-0.007533841045009815,4559.695430561547,-0.003168513019151633
2024-11-12 08:00:00,-0.016155085052132145,1367.6506480174194,-0.023567216254290563,4445.846029714501,0.008813556511943679
2024-11-12 12:00:00,-0.0005952076242657922,1366.8366119243874,-0.02414839649175905,4440.434703101296,0.0006219570226963908
2024-11-12 16:00:00,0.0,1366.8366119243874,-0.02414839649175905,4494.32690380046,-0.012136694783851962
2024-11-12 20:00:00,0.0,1366.8366119243874,-0.02414839649175905,4474.815058758538,0.004341438764817724
2024-11-13 00:00:00,0.0,1366.8366119243874,-0.02414839649175905,4312.92479156066,0.03617809117742426
2024-11-13 04:00:00,0.0,1366.8366119243874,-0.02414839649175905,4300.1453467241945,0.002963057659032756
2024-11-13 08:00:00,0.0,1366.8366119243874,-0.02414839649175905,4336.094899387218,-0.008360078500697485
2024-11-13 12:00:00,0.0,1366.8366119243874,-0.02414839649175905,4590.395129698247,-0.058647293523710946
2024-11-13 16:00:00,-0.006375843883114407,1358.1218750730325,-0.030370273968814455,4410.12904507635,0.03289443231939336
2024-11-13 20:00:00,0.0004779971384858417,1358.7710534430325,-0.029906793734380637,4468.557261574586,-0.012770643865220739
2024-11-14 00:00:00,-0.00018995393908372016,1358.512949529118,-0.0300910667601892,4494.895652858825,-0.006084113897763199
2024-11-14 04:00:00,0.0,1358.512949529118,-0.0300910667601892,4549.875429174416,-0.012231602368927666
2024-11-14 08:00:00,0.0,1358.512949529118,-0.0300910667601892,4494.406628010385,0.012191279086094789
2024-11-14 12:00:00,0.0,1358.512949529118,-0.0300910667601892,4387.796295204852,0.02372066918491717
2024-11-14 16:00:00,0.0,1358.512949529118,-0.0300910667601892,4532.729146619804,-0.03303089789590739
2024-11-14 20:00:00,-0.0023785106345960427,1355.2817120314267,-0.03239800547248975,4446.766105106303,0.016586452576939692
2024-11-15 00:00:00,0.006497150785329975,1364.087181671095,-0.02611134941385841,4520.777481316303,-0.010146714545255286
2024-11-15 04:00:00,-0.0048058066081204664,1357.5316424793677,-0.030791669926418793,4466.964774435047,0.007097612019240862
2024-11-15 08:00:00,0.005674085637243476,1365.2343932740635,-0.025292298861251568,4594.82069011327,-0.022948462812199644
2024-11-15 12:00:00,0.005311178756499668,1372.4853971812634,-0.020115452025166833,4580.100553179317,0.008514815617808917
2024-11-15 16:00:00,0.004344985619819219,1378.4488264954277,-0.01585786775513318,4693.691382509929,-0.020455960999521152
2024-11-15 20:00:00,-0.0007727706537414836,1377.3836016946277,-0.01661838391404256,4774.898846655289,-0.018074177484187128
2024-11-16 00:00:00,0.007136847757759357,1387.2137787639565,-0.009600139032257742,4880.572363278657,-0.01499420046274686
2024-11-16 04:00:00,0.0059246971501754064,1395.4326002856833,-0.003732319798448095,4887.805536971064,0.0044426632504572
2024-11-16 08:00:00,0.013830447392829459,1414.7320574541736,0.0,5019.130305475609,-0.013037390844844534
2024-11-16 12:00:00,0.007069907120927699,1424.7340817013735,0.0,5000.40768228331,0.010800159585557405
2024-11-16 16:00:00,0.01172464146905483,1441.4385779980653,0.0,5098.155652026427,-0.00782335860490746
2024-11-16 20:00:00,-0.010625773497801139,1426.1221781572654,-0.01062577349780109,5017.599694870459,0.005175226443020247
2024-11-17 00:00:00,-0.011300205984359213,1410.0067037852252,-0.021805906052892007,4933.019607175952,0.00555647705892413
2024-11-17 04:00:00,0.0002504825104530095,1410.359885804145,-0.021560885540529737,5077.181700174674,-0.02897342180750522
2024-11-17 08:00:00,-0.002947758002178613,1406.2024861648142,-0.024445087269822162,5017.576270855943,0.008792107308665118
2024-11-17 12:00:00,0.001698177021228986,1408.5904669140143,-0.02278842233407677,5057.603512852879,-0.006279228769178349
2024-11-17 16:00:00,-0.0002907200271333732,1408.1809614552533,-0.02307251731045084,4990.246135879349,0.013027322164658708
2024-11-17 20:00:00,-0.000431475922080371,1407.5733652764534,-0.023494037996849945,4977.158994969061,0.002191068247874184
2024-11-18 00:00:00,0.008667596597138116,1419.7736433875457,-0.015030078243506448,5118.769409722369,-0.01978446107199597
2024-11-18 04:00:00,0.0017164033752408159,1422.210547661134,-0.013339472545293015,5187.748010139089,-0.011759218379805456
2024-11-18 08:00:00,-0.0031263602616600217,1417.7642051212124,-0.016424128810075916,5065.370176712973,0.020463419578636337
2024-11-18 12:00:00,0.0043923734778361645,1423.9915550136122,-0.012103896240021724,5191.021273279642,-0.020413532543470003
2024-11-18 16:00:00,-0.008080548157241574,1412.4849226778194,-0.020086638280805542,5051.978058328309,0.018704781285934797
2024-11-18 20:00:00,0.0017257967003134755,1414.9225844966195,-0.018395507034557376,5108.340735630725,-0.009430759534031259
2024-11-19 00:00:00,0.0030780616171224295,1419.2778033951583,-0.015374067921565426,5135.011453282903,-0.0021429522173990346
2024-11-19 04:00:00,0.0019783817133383064,1422.0856766475424,-0.013426101983062677,5112.522566427591,0.006357902004560704
2024-11-19 08:00:00,-0.0004693485263959074,1421.418222830799,-0.01388914898827764,5102.122111859209,0.001564961236201185
2024-11-19 12:00:00,-0.0045159228109630245,1414.999207854399,-0.018342349474499652,5062.591706034211,0.0032319132773020853
2024-11-19 16:00:00,0.0039717855488154985,1420.6192812597403,-0.01444341580425837,5113.146066765043,-0.0060140801236178
2024-11-19 20:00:00,-0.00468131818125328,1413.9689103897401,-0.019057119760507772,5061.585332890937,0.0054026366287305925
2024-11-20 00:00:00,0.0015878429300018038,1416.214070927345,-0.017499536543383848,5042.814095379184,0.005296411743368241
2024-11-20 04:00:00,0.0022741273843314147,1419.4347221281162,-0.015265205334318903,5089.788147170438,-0.007040919909261303
2024-11-20 08:00:00,0.004681793902113318,1426.0802229546234,-0.010654879977454354,5173.81453376872,-0.01182702418002917
2024-11-20 12:00:00,0.0011549229042582265,1427.7272356674234,-0.009512262638124188,5207.3043411440885,-0.005318020251470624
2024-11-20 16:00:00,-0.007525387376787318,1416.9830351506364,-0.01696606655372985,5061.5476538948205,0.020465426622235335
2024-11-20 20:00:00,0.0012165406430688641,1418.7068526034363,-0.015770165820176523,5099.637527700498,-0.006308800697216034
2024-11-21 00:00:00,0.0021888236214413492,1421.8121516743156,-0.013615860310196322,5072.595788515605,0.007491502299682
2024-11-21 04:00:00,0.005022619131196393,1428.9533725882825,-0.008661628459481643,5168.151264071292,-0.013814970051845923
2024-11-21 08:00:00,0.003780213281459499,1434.355121105927,-0.004914157980963729,5167.473550541015,0.0039113459623056745
2024-11-21 12:00:00,-0.0053920403460733235,1426.621020422327,-0.010279700988936678,5232.212607992741,-0.01792022395814969
2024-11-21 16:00:00,0.009462130565135007,1440.1198947845292,-0.000914838296729632,5359.958299020887,-0.014953102644807665
2024-11-21 20:00:00,0.006594211225601221,1449.616349560929,0.0,5446.625240448332,-0.009575120062531632
2024-11-22 00:00:00,0.011936016419251017,1466.9189941109028,0.0,5627.370297166161,-0.02124876291448393
2024-11-22 04:00:00,-0.004635273916053229,1460.1194227605374,-0.004635273916053251,5573.764804103074,0.004890577455426965
2024-11-22 08:00:00,0.014082739886193574,1480.681904794053,0.0,5730.958018211201,-0.014119600835541042
2024-11-22 12:00:00,0.002129947425990597,1483.83567940588,0.0,5739.928486546653,0.000564682367871851
2024-11-22 16:00:00,0.004368375891494969,1490.3176314147368,0.0,5757.880505272453,0.0012408075310397703
2024-11-22 20:00:00,0.023560606948310525,1525.4304193566365,0.0,5931.317871111694,-0.006561130673793096
2024-11-23 00:00:00,0.015017847720093291,1548.3391011021326,0.0,6082.007539573215,-0.01038791736214054
2024-11-23 04:00:00,-0.0046551490470371215,1541.1313518111467,-0.004655149047037137,6078.836588591297,-0.004133783205037688
2024-11-23 08:00:00,-0.005293186358378832,1532.97385636327,-0.009923694833983995,6052.954782495282,-0.00103549564423958
2024-11-23 12:00:00,0.009335212140244797,1547.2844925178701,-0.0006811224902295685,6139.028317778314,-0.004884873483383132
2024-11-23 16:00:00,-0.023752669442484997,1510.53235543361,-0.024417613455354276,5979.259312263419,0.0022724598197815735
2024-11-23 20:00:00,-0.001628048995145126,1508.0731347502121,-0.02600590937944959,5960.03502628919,0.001587112778287222
2024-11-24 00:00:00,0.007835768816265798,1519.890047192136,-0.01837391685693791,6031.938851125164,-0.00422856042321218
2024-11-24 04:00:00,-0.001932311967111744,1516.9531454652526,-0.0202707246846243,6030.408090093069,-0.0016785360138279787
2024-11-24 08:00:00,-0.022863146683489433,1482.2708231885,-0.04267041881626854,5796.511129067545,0.015923110818681425
2024-11-24 12:00:00,-0.011046056559196549,1465.897575839513,-0.053245135515815965,5629.382561095142,0.017786557447927533
2024-11-24 16:00:00,-0.0005751186545677189,1465.054510797962,-0.0537896318996836,5767.455672198839,-0.025102339820513273
2024-11-24 20:00:00,0.0,1465.054510797962,-0.0537896318996836,5919.023767601978,-0.0262798890910859
2024-11-25 00:00:00,0.0,1465.054510797962,-0.0537896318996836,5876.123865158329,0.007247800334653808
2024-11-25 04:00:00,0.0,1465.054510797962,-0.0537896318996836,6034.290775521694,-0.026916878199452814
2024-11-25 08:00:00,0.0,1465.054510797962,-0.0537896318996836,6072.294171857634,-0.006297906042264846
2024-11-25 12:00:00,-0.006079421264541418,1456.1478272513045,-0.059542043332242195,5907.645151204917,0.02103537521811107
2024-11-25 16:00:00,-0.0029337793143701107,1451.8758108770496,-0.062301139431548885,5863.485580048854,0.0045412077618350866
2024-11-25 20:00:00,-4.998579145021331e-05,1451.8032377155555,-0.062348011051236364,5709.286852309613,0.02624814790975971
2024-11-26 00:00:00,0.0,1451.8032377155555,-0.062348011051236364,5797.1271949268275,-0.015385519223242383
2024-11-26 04:00:00,0.0,1451.8032377155555,-0.062348011051236364,5740.861828504216,0.009705732603529868
2024-11-26 08:00:00,0.0,1451.8032377155555,-0.062348011051236364,5532.560288446101,0.036284019069030275
2024-11-26 12:00:00,0.0,1451.8032377155555,-0.062348011051236364,5550.6515030903865,-0.00326995345754566
2024-11-26 16:00:00,0.0,1451.8032377155555,-0.062348011051236364,5601.1334841883445,-0.009094784831988065
2024-11-26 20:00:00,0.0,1451.8032377155555,-0.062348011051236364,5671.603479972334,-0.01258138124772823
2024-11-27 00:00:00,0.0,1451.8032377155555,-0.062348011051236364,5659.653971797443,0.0021069011994733844
2024-11-27 04:00:00,0.0,1451.8032377155555,-0.062348011051236364,5771.525458509468,-0.019766488776432483
2024-11-27 08:00:00,0.0,1451.8032377155555,-0.062348011051236364,5821.241482572328,-0.008614017978480762
2024-11-27 12:00:00,0.0,1451.8032377155555,-0.062348011051236364,5962.267008103695,-0.024226022224566712
2024-11-27 16:00:00,0.0020266198793856827,1454.7454910180663,-0.060447746890487285,5946.733556762005,0.004631912685054727
2024-11-27 20:00:00,0.0038727715568016574,1460.3793879780665,-0.056809075648515915,5971.385667109967,-0.0002727160647061832
2024-11-28 00:00:00,-0.003322283170592688,1455.5275941147065,-0.05994262298314459,5939.25041247141,0.0020592574683843757
2024-11-28 04:00:00,-0.00041084997886542407,1454.9295906334264,-0.06032884553662427,5907.828030898382,0.004879780890485701
2024-11-28 08:00:00,0.001687309516372748,1457.3845071773544,-0.05874332945543731,5918.162458037663,-6.196738966290916e-05
2024-11-28 12:00:00,-0.004779384250139018,1450.4191066173544,-0.06324195676197626,5817.709730074804,0.012194250501375792
2024-11-28 16:00:00,0.002007581287612359,1453.3309408749947,-0.061361338843351335,5912.266331251626,-0.014245653329441277
2024-11-28 20:00:00,0.00022767373259169332,1453.6618261549947,-0.06114763547581088,5988.8854167901045,-0.012731668970472605
2024-11-29 00:00:00,0.0002843215528256504,1454.0751335426905,-0.06088069951365531,6049.769889864039,-0.009881922887791392
2024-11-29 04:00:00,-0.0024145675081959084,1450.5641709707627,-0.06314826646292933,6010.00250901178,0.004158803310235897
2024-11-29 08:00:00,0.0030428951056458153,1454.9780855870347,-0.06029752490823366,6146.187587488881,-0.01961684226932151
2024-11-29 12:00:00,0.004797267193652477,1461.9580042245045,-0.05578952105268198,6206.019613137544,-0.004937552122708189
2024-11-29 16:00:00,-0.0008875387153717273,1460.6604598955078,-0.056627544408207366,6165.771542702781,0.005597788909046608
2024-11-29 20:00:00,0.00546278152683799,1468.6397288728076,-0.051474106784872735,6245.850027741241,-0.007524803965724367
2024-11-30 00:00:00,0.005052190846978943,1476.0595770685284,-0.04668197294904879,6250.6153795933305,0.004289227946665356
2024-11-30 04:00:00,0.008847000976574426,1489.1182775883358,-0.038247967432742946,6407.224565731236,-0.016208001871496354
2024-11-30 08:00:00,-0.00405680154211796,1483.0772202634193,-0.0421496045615969,6309.506944704998,0.011194360645777961
2024-11-30 12:00:00,-4.244758947113958e-06,1483.0709249581193,-0.042153670405632955,6315.153299957878,-0.0008991411910078208
2024-11-30 16:00:00,0.0023092470331114168,1486.4957020914726,-0.03994176661084056,6325.053007263981,0.0007416354747080372
2024-11-30 20:00:00,0.004153799343121323,1492.6703069623727,-0.03595387735163053,6317.006138979208,0.005426020821033384
2024-12-01 00:00:00,-0.0036738842914068037,1487.1864089693743,-0.03949567125782001,6246.4777204710945,0.007490964524065533
2024-12-01 04:00:00,-0.0015255069017472422,1484.9176958383068,-0.04096092724047429,6236.938263223857,1.6669191047480325e-06
2024-12-01 08:00:00,0.0019400236632369783,1487.7984713061924,-0.03910036874535203,6287.989003054398,-0.006245200829293631
2024-12-01 12:00:00,0.0014647109458225671,1489.9776660122925,-0.037692928537616556,6326.434995799212,-0.004649484343981348
2024-12-01 16:00:00,0.01303122012170932,1509.3938929545293,-0.02515289326471283,6431.934835437688,-0.003644813016784796
2024-12-01 20:00:00,-0.00011450979971783237,1509.2210525621517,-0.025264522811660615,6547.452035623786,-0.018074455467954356
2024-12-02 00:00:00,0.0043794676737203275,1515.830637374346,-0.020995700298885818,6570.608856186231,0.0008426994108219027
2024-12-02 04:00:00,0.0014585243280484939,1518.0415132361577,-0.019567798710507688,6601.106615848287,-0.0031830180814261333
2024-12-02 08:00:00,-0.011749140625970766,1500.2058300210847,-0.031087034517687965,6388.899965735781,0.02039799203857827
2024-12-02 12:00:00,-0.00026517393612335294,1499.8080145361428,-0.031343964982505884,6790.900583858122,-0.06318690072450718
2024-12-02 16:00:00,0.0031553167332778465,1504.540383861113,-0.028287548386424523,6740.023547946313,0.010647259117583081
2024-12-02 20:00:00,-0.0027152324465469224,1500.455206993713,-0.030925973563759406,6824.0994415131345,-0.015189357049930565
2024-12-03 00:00:00,0.011207571136589323,1517.271665463361,-0.02006500747585423,6931.337085537766,-0.004506977712489788
2024-12-03 04:00:00,-0.009859167112737488,1502.312630558136,-0.02972635032676896,6812.6467669866015,0.007264559101474784
2024-12-03 08:00:00,0.002672340915221394,1506.3273220682306,-0.027133448353785918,6916.402428654941,-0.012557519844788907
2024-12-03 12:00:00,-0.00465120061048907,1499.3210915082304,-0.03165844585272722,6679.224038382109,0.02964096106162427
2024-12-03 16:00:00,-8.74506041080858e-05,1499.189974973026,-0.03174312790662041,6782.84147565392,-0.015600845075737415
2024-12-03 20:00:00,0.016355765625758245,1523.710374832171,-0.015906545441131383,6875.42922237753,0.0027054765756687905
2024-12-04 00:00:00,-0.00021585371121490837,1523.381476292947,-0.016118965665480194,6975.290617406106,-0.014740240741999247
2024-12-04 04:00:00,0.0033016547665210005,1528.4111560053793,-0.012870530158780003,7105.223874417101,-0.0153259930459958
2024-12-04 08:00:00,0.0038817445938363893,1534.3440577473623,-0.009038745675807362,7105.977466153896,0.0037756829481917498
2024-12-04 12:00:00,-0.003940537944844502,1528.297916767362,-0.012943666100342598,7049.793042213807,0.003966104625822047
2024-12-04 16:00:00,-0.006984262852557932,1517.623882399642,-0.01983752698658,6974.458491552242,0.0037018027114189243
2024-12-04 20:00:00,-0.00448445004278808,1510.8181739152787,-0.024233016630624323,6924.006502654491,0.0027493716164648085
2024-12-05 00:00:00,-0.004853326228759891,1503.4856804449287,-0.028968732124168783,6868.168852561885,0.0032110292959206845
2024-12-05 04:00:00,-0.0018566069296875876,1500.6942985119285,-0.030771555505050393,6982.698542163759,-0.018532039939630787
2024-12-05 08:00:00,0.006886566674210393,1511.0289298562384,-0.024096899199494655,7094.323950797496,-0.0090994318562585
2024-12-05 12:00:00,-0.007674043872279324,1499.4332275562383,-0.031586022410131184,7006.758175998617,0.004669031437812197
2024-12-05 16:00:00,-0.012420664512009072,1480.8092704786034,-0.04361436753451518,6889.621275993108,0.004297038177768053
2024-12-05 20:00:00,-0.0035769162447332192,1475.5125397436768,-0.04703527883951048,6779.838489367479,0.012357600650726077
2024-12-06 00:00:00,-0.00022143949981257016,1475.1858029849088,-0.04724630287070327,6937.686016213737,-0.023503340255089045
2024-12-06 04:00:00,0.0,1475.1858029849088,-0.04724630287070327,6948.6183154030305,-0.0015757846584212151
2024-12-06 08:00:00,0.0,1475.1858029849088,-0.04724630287070327,6834.493221788239,0.01642414195665503
2024-12-06 12:00:00,0.0,1475.1858029849088,-0.04724630287070327,6988.050968261834,-0.022468051615598457
2024-12-06 16:00:00,0.00388559234676622,1480.9177736510453,-0.04354429039678437,7092.22884331578,-0.011022409258702761
2024-12-06 20:00:00,-0.0037682755580966676,1475.3372674010452,-0.04714847906968413,7061.262297675834,0.0005979887466896717
2024-12-07 00:00:00,-0.0006821584763800903,1474.3308535785682,-0.04779847481141839,7015.090666285573,0.005856563559970028
2024-12-07 04:00:00,-7.700083404049707e-05,1474.217328873191,-0.04787179512303251,7021.543943637536,-0.0009969144401436036
2024-12-07 08:00:00,0.0006623860064218778,1475.1938298022612,-0.04724111872380245,7066.7904043354465,-0.005781561515819307
2024-12-07 12:00:00,0.0003527035562980174,1475.7141359122613,-0.04690507727808185,7155.76340898326,-0.012237595512601793
2024-12-07 16:00:00,0.00038936520195065327,1476.2887276448123,-0.04653397528101805,7145.792772011702,0.0017827367266492874
2024-12-07 20:00:00,-0.0008780808562212084,1474.9924267748122,-0.047371195544381135,7138.605484517171,0.0001277260183752166
2024-12-08 00:00:00,-0.0004038719886789721,1474.3967186501243,-0.047755935634109466,7150.974735320877,-0.0021365984757404366
2024-12-08 04:00:00,-0.0004997808248886626,1473.6598434418643,-0.048231848958093536,7097.33921419236,0.007000668150772557
2024-12-08 08:00:00,-0.0005043889780749211,1472.9165456594005,-0.048711910323161856,7073.169425208286,0.0029010828832307656
2024-12-08 12:00:00,0.001044316091453279,1474.4547361094005,-0.04771846486350441,7087.815082165547,-0.0010262771711744595
2024-12-08 16:00:00,-6.600673825085668e-05,1474.3574121615713,-0.04778132186153533,7108.036947193957,-0.0029190530993630543
2024-12-08 20:00:00,0.0007795812267223923,1475.5067935215714,-0.04703899005632428,7167.590728894691,-0.007598791331434438
2024-12-09 00:00:00,-0.0041354350220670355,1469.4049310523444,-0.05097989839150973,6957.2158165076935,0.025215419448308074
2024-12-09 04:00:00,-0.000625426919362293,1468.4859256530206,-0.05157344111007163,6933.746856054668,0.0027478995767541902
2024-12-09 08:00:00,-0.00017287925782050184,1468.2320548960738,-0.05173740438966978,6755.619756906491,0.0255169970595753
2024-12-09 12:00:00,0.0,1468.2320548960738,-0.05173740438966978,6750.55044796241,0.0007503839953245661
2024-12-09 16:00:00,0.0,1468.2320548960738,-0.05173740438966978,6725.201450101536,0.003755100870111296
2024-12-09 20:00:00,0.0,1468.2320548960738,-0.05173740438966978,6403.2240067281655,0.04787625259441251
2024-12-10 00:00:00,0.0,1468.2320548960738,-0.05173740438966978,6328.6835272991375,0.011641085701625491
2024-12-10 04:00:00,0.0,1468.2320548960738,-0.05173740438966978,6430.918493845037,-0.016154223244834842
2024-12-10 08:00:00,0.0,1468.2320548960738,-0.05173740438966978,6460.186764773366,-0.004551180512758919
2024-12-10 12:00:00,0.0,1468.2320548960738,-0.05173740438966978,6093.979510069919,0.056686790651368044
2024-12-10 16:00:00,0.0,1468.2320548960738,-0.05173740438966978,6228.889964673366,-0.022138317724980126
2024-12-10 20:00:00,0.0,1468.2320548960738,-0.05173740438966978,6424.289346271995,-0.031369856058915846
2024-12-11 00:00:00,0.0,1468.2320548960738,-0.05173740438966978,6425.474307920203,-0.0001844502301092518
2024-12-11 04:00:00,0.0,1468.2320548960738,-0.05173740438966978,6390.763922237922,0.005401995871261366
2024-12-11 08:00:00,0.0,1468.2320548960738,-0.05173740438966978,6541.924466399841,-0.023652969504306873
2024-12-11 12:00:00,0.0,1468.2320548960738,-0.05173740438966978,6753.824588549016,-0.03239109886357151
2024-12-11 16:00:00,0.0,1468.2320548960738,-0.05173740438966978,6767.908915205839,-0.0020853853208895007
2024-12-11 20:00:00,0.0,1468.2320548960738,-0.05173740438966978,6773.384680254132,-0.0008090778284546138
2024-12-12 00:00:00,0.0,1468.2320548960738,-0.05173740438966978,6890.01915028464,-0.01721952547158932
2024-12-12 04:00:00,0.0,1468.2320548960738,-0.05173740438966978,6909.492344745375,-0.002826290324596581
2024-12-12 08:00:00,0.0,1468.2320548960738,-0.05173740438966978,6880.402445312594,0.004210135561536995
2024-12-12 12:00:00,0.0,1468.2320548960738,-0.05173740438966978,6964.162581016446,-0.012173726227441126
2024-12-12 16:00:00,0.0,1468.2320548960738,-0.05173740438966978,6829.7483167216615,0.019300850996957237
2024-12-12 20:00:00,0.0,1468.2320548960738,-0.05173740438966978,6867.276066298608,-0.0054947485378145245
2024-12-13 00:00:00,0.0,1468.2320548960738,-0.05173740438966978,6864.389252924055,0.000420372407732469
2024-12-13 04:00:00,0.0,1468.2320548960738,-0.05173740438966978,6789.419285500436,0.010921578695684315
2024-12-13 08:00:00,0.0,1468.2320548960738,-0.05173740438966978,6832.9063432718185,-0.006405121843668482
2024-12-13 12:00:00,0.0,1468.2320548960738,-0.05173740438966978,6800.2146776161635,0.004784445156027225
2024-12-13 16:00:00,0.0,1468.2320548960738,-0.05173740438966978,6889.418405403283,-0.013117781131343622
2024-12-13 20:00:00,0.0,1468.2320548960738,-0.05173740438966978,6933.533969961268,-0.006403380076812325
2024-12-14 00:00:00,0.0,1468.2320548960738,-0.05173740438966978,6964.2155333896935,-0.004425097441124547
2024-12-14 04:00:00,0.0,1468.2320548960738,-0.05173740438966978,6969.794810178898,-0.0008011349968211385
2024-12-14 08:00:00,0.0,1468.2320548960738,-0.05173740438966978,6909.243057454654,0.008687738215163983
2024-12-14 12:00:00,0.0,1468.2320548960738,-0.05173740438966978,6836.441286745183,0.010536866354834988
2024-12-14 16:00:00,0.0,1468.2320548960738,-0.05173740438966978,6753.343960720714,0.01215505590395143
2024-12-14 20:00:00,0.0,1468.2320548960738,-0.05173740438966978,6771.935531906354,-0.002752943029967806
2024-12-15 00:00:00,0.0,1468.2320548960738,-0.05173740438966978,6771.472058357393,6.844033685474546e-05
2024-12-15 04:00:00,0.0,1468.2320548960738,-0.05173740438966978,6705.563227446742,0.009733309144989473
2024-12-15 08:00:00,0.0,1468.2320548960738,-0.05173740438966978,6795.783547749969,-0.01345454770062309
2024-12-15 12:00:00,0.0,1468.2320548960738,-0.05173740438966978,6837.557285959008,-0.006147008349444911
2024-12-15 16:00:00,0.0,1468.2320548960738,-0.05173740438966978,6844.045974653269,-0.0009489775987083623
2024-12-15 20:00:00,0.0,1468.2320548960738,-0.05173740438966978,6918.37340887194,-0.010860159983428073
2024-12-16 00:00:00,5.381859958375479e-05,1468.3110730891322,-0.05168637022473647,6835.977599364771,0.011963526942517011
2024-12-16 04:00:00,0.0015599292482533222,1470.601534477578,-0.050207068057132785,6874.596810256775,-0.004089476463022442
2024-12-16 08:00:00,-0.004848272259968089,1463.471657852504,-0.0548119227817851,6714.035757838763,0.01850743235073103
2024-12-16 12:00:00,0.010071147221004662,1478.2104963725042,-0.04529279450458224,6805.2712851019505,-0.0035176286738313987
2024-12-16 16:00:00,-0.0003296051492019947,1477.7232705812953,-0.0456074709154938,6948.745545335133,-0.021412417901615917
2024-12-16 20:00:00,0.0,1477.7232705812953,-0.0456074709154938,6867.617775168764,0.011675167789218066
2024-12-17 00:00:00,0.0,1477.7232705812953,-0.0456074709154938,6889.978064220406,-0.0032559017964702364
2024-12-17 04:00:00,0.0,1477.7232705812953,-0.0456074709154938,6868.059323576902,0.0031812496990852234
2024-12-17 08:00:00,0.0,1477.7232705812953,-0.0456074709154938,7025.533295245377,-0.022928452456415695
2024-12-17 12:00:00,-0.006228678811780797,1468.5190069561502,-0.05155207543952435,6928.710999968038,0.007552808117170977
2024-12-17 16:00:00,0.0002662875613594906,1468.9100553013227,-0.051299515554616607,6956.677448621982,-0.003770025780916437
2024-12-17 20:00:00,-0.002200938337328373,1465.6770748465228,-0.05338754682147448,6863.098276045318,0.011250766627834403
2024-12-18 00:00:00,-0.00014193508094528795,1465.4690438522648,-0.05352190433664021,6756.522179167881,0.015386925586754094
2024-12-18 04:00:00,0.0,1465.4690438522648,-0.05352190433664021,6716.7285725319,0.005889658256236615
2024-12-18 08:00:00,0.0,1465.4690438522648,-0.05352190433664021,6818.767875807096,-0.0151918158033789
2024-12-18 12:00:00,0.0,1465.4690438522648,-0.05352190433664021,6713.784867991661,0.015396184432075197
2024-12-18 16:00:00,0.0,1465.4690438522648,-0.05352190433664021,6577.19866075249,0.02034414416380153
2024-12-18 20:00:00,0.0,1465.4690438522648,-0.05352190433664021,6343.705264734578,0.035500432336218614
2024-12-19 00:00:00,0.0,1465.4690438522648,-0.05352190433664021,6422.23895541851,-0.012379782383729181
2024-12-19 04:00:00,0.0,1465.4690438522648,-0.05352190433664021,6463.284930421622,-0.006391225130058726
2024-12-19 08:00:00,0.0,1465.4690438522648,-0.05352190433664021,6489.856213172934,-0.004111111151272955
2024-12-19 12:00:00,0.0,1465.4690438522648,-0.05352190433664021,6302.481381651705,0.02887195422618159
2024-12-19 16:00:00,0.0,1465.4690438522648,-0.05352190433664021,5963.231758046316,0.053827945385612766
2024-12-19 20:00:00,0.0,1465.4690438522648,-0.05352190433664021,5988.652890560791,-0.004262979127077182
2024-12-20 00:00:00,0.0,1465.4690438522648,-0.05352190433664021,6081.125455129834,-0.015441296441608299
2024-12-20 04:00:00,0.0,1465.4690438522648,-0.05352190433664021,6018.269341662444,0.01033626323468909
2024-12-20 08:00:00,0.0,1465.4690438522648,-0.05352190433664021,5401.795396937686,0.1024337579006505
2024-12-20 12:00:00,0.0,1465.4690438522648,-0.05352190433664021,5934.381659100124,-0.09859430486100315
2024-12-20 16:00:00,0.0,1465.4690438522648,-0.05352190433664021,6059.130295117692,-0.021021336877831302
2024-12-20 20:00:00,0.0,1465.4690438522648,-0.05352190433664021,6138.6372270131105,-0.013121838947659408
2024-12-21 00:00:00,0.0,1465.4690438522648,-0.05352190433664021,6142.540476298712,-0.0006358494794944182
2024-12-21 04:00:00,0.0,1465.4690438522648,-0.05352190433664021,6303.775468721265,-0.026248910047021283
2024-12-21 08:00:00,0.0,1465.4690438522648,-0.05352190433664021,6162.665858113673,0.02238493602885513
2024-12-21 12:00:00,0.0,1465.4690438522648,-0.05352190433664021,6004.298081816853,0.025697933320255367
2024-12-21 16:00:00,0.0,1465.4690438522648,-0.05352190433664021,5919.3900958323,0.0141412009909507
2024-12-21 20:00:00,0.0,1465.4690438522648,-0.05352190433664021,5911.256008597998,0.0013741427921821442
2024-12-22 00:00:00,0.0,1465.4690438522648,-0.05352190433664021,5917.659967266973,-0.0010833499106890196
2024-12-22 04:00:00,0.0,1465.4690438522648,-0.05352190433664021,5894.512426708042,0.003911603689122055
2024-12-22 08:00:00,0.0,1465.4690438522648,-0.05352190433664021,5977.682517501286,-0.014109748995760896
2024-12-22 12:00:00,0.0,1465.4690438522648,-0.05352190433664021,5846.396887767975,0.021962630057541004
2024-12-22 16:00:00,0.0,1465.4690438522648,-0.05352190433664021,5754.729855034757,0.015679235346646964
2024-12-22 20:00:00,0.0,1465.4690438522648,-0.05352190433664021,5804.354102563871,-0.008623210607479313
2024-12-23 00:00:00,0.0,1465.4690438522648,-0.05352190433664021,5931.328262937764,-0.02187567438688947
2024-12-23 04:00:00,0.0,1465.4690438522648,-0.05352190433664021,5823.7155914702535,0.018143098256748647
2024-12-23 08:00:00,0.0,1465.4690438522648,-0.05352190433664021,5887.677236353649,-0.010982961629698742
2024-12-23 12:00:00,0.0,1465.4690438522648,-0.05352190433664021,5758.497421860337,0.021940709265733487
2024-12-23 16:00:00,0.0,1465.4690438522648,-0.05352190433664021,5884.279353519238,-0.021842838929025037
2024-12-23 20:00:00,0.0,1465.4690438522648,-0.05352190433664021,6058.472467288944,-0.029603134607388393
2024-12-24 00:00:00,0.0,1465.4690438522648,-0.05352190433664021,6014.102177733261,0.007323676024814795
2024-12-24 04:00:00,0.0,1465.4690438522648,-0.05352190433664021,6008.458690765026,0.0009383756380342437
2024-12-24 08:00:00,0.0,1465.4690438522648,-0.05352190433664021,6039.670949127291,-0.005194719639204466
2024-12-24 12:00:00,0.0,1465.4690438522648,-0.05352190433664021,6223.961937502432,-0.030513415371042685
2024-12-24 16:00:00,0.0,1465.4690438522648,-0.05352190433664021,6171.267565686343,0.008466371154775063
2024-12-24 20:00:00,0.0,1465.4690438522648,-0.05352190433664021,6226.108944434166,-0.008886566360005796
2024-12-25 00:00:00,0.0,1465.4690438522648,-0.05352190433664021,6215.101474728813,0.0017679532760495212
2024-12-25 04:00:00,0.0,1465.4690438522648,-0.05352190433664021,6190.163253085334,0.0040125204302583805
2024-12-25 08:00:00,0.0,1465.4690438522648,-0.05352190433664021,6156.708527206405,0.005404498154754601
2024-12-25 12:00:00,0.0,1465.4690438522648,-0.05352190433664021,6179.834461723545,-0.0037562172084236417
2024-12-25 16:00:00,0.0,1465.4690438522648,-0.05352190433664021,6206.676285096002,-0.004343453459588309
2024-12-25 20:00:00,0.0,1465.4690438522648,-0.05352190433664021,6194.078894914699,0.0020296515562689805
2024-12-26 00:00:00,0.0,1465.4690438522648,-0.05352190433664021,6139.099540607197,0.00887611463144901
2024-12-26 04:00:00,0.0,1465.4690438522648,-0.05352190433664021,6060.677671502202,0.01277416477551325
2024-12-26 08:00:00,0.0,1465.4690438522648,-0.05352190433664021,5951.704416336316,0.01798037464989886
2024-12-26 12:00:00,0.0,1465.4690438522648,-0.05352190433664021,5915.8061949164185,0.00603158673696277
2024-12-26 16:00:00,0.0,1465.4690438522648,-0.05352190433664021,5914.998001470059,0.0001366159437499023
2024-12-26 20:00:00,0.0,1465.4690438522648,-0.05352190433664021,5890.064570334359,0.00421528986645522
2024-12-27 00:00:00,0.0,1465.4690438522648,-0.05352190433664021,5933.745272716738,-0.007415997203558551
2024-12-27 04:00:00,0.0,1465.4690438522648,-0.05352190433664021,5872.123331183938,0.01038499947345842
2024-12-27 08:00:00,0.0,1465.4690438522648,-0.05352190433664021,6047.931729713115,-0.029939493538145814
2024-12-27 12:00:00,0.0,1465.4690438522648,-0.05352190433664021,5851.391759752213,0.03249705498415477
2024-12-27 16:00:00,0.0,1465.4690438522648,-0.05352190433664021,5922.738245151973,-0.012193079583306097
2024-12-27 20:00:00,0.0,1465.4690438522648,-0.05352190433664021,5855.521186094233,0.011348983574069152
2024-12-28 00:00:00,0.0,1465.4690438522648,-0.05352190433664021,5876.42412519694,-0.0035697828491079798
2024-12-28 04:00:00,0.0,1465.4690438522648,-0.05352190433664021,5858.364331646992,0.003073262440760766
2024-12-28 08:00:00,0.0,1465.4690438522648,-0.05352190433664021,5904.971213720347,-0.00795561345025678
2024-12-28 12:00:00,0.0,1465.4690438522648,-0.05352190433664021,5949.118675672733,-0.007476321281602202
2024-12-28 16:00:00,0.00324238653087372,1470.2206609414636,-0.050453056507494425,6016.093966267136,-0.008015632386832497
2024-12-28 20:00:00,-0.0033063810685989292,1465.3595511814638,-0.05359262054520403,6023.105624121138,-0.00447186450242116
2024-12-29 00:00:00,-0.0027342667395245934,1461.3528672992236,-0.05618035076488791,6003.677180299203,0.0004913854463058759
2024-12-29 04:00:00,0.0002384075822041698,1461.7012649030635,-0.05595533700427701,6027.694691841111,-0.003762059268465322
2024-12-29 08:00:00,-0.0022381530928816673,1458.4297536961517,-0.058068253486579284,5996.721531388268,0.0029003222341397027
2024-12-29 12:00:00,-9.499575803961768e-05,1458.2912090561517,-0.05815773300686095,5953.47883463601,0.00711606057097531
2024-12-29 16:00:00,-0.003981982563023512,1452.4843188898797,-0.06190813249114616,5889.577978694291,0.006751381528229754
2024-12-29 20:00:00,-0.0002034835155561021,1452.1887622743818,-0.06209901872226147,5831.48833045138,0.009659642238624049
2024-12-30 00:00:00,0.0,1452.1887622743818,-0.06209901872226147,5881.225130788958,-0.008529006236342593
2024-12-30 04:00:00,0.0,1452.1887622743818,-0.06209901872226147,5884.801374237934,-0.0006080779717570087
2024-12-30 08:00:00,0.0,1452.1887622743818,-0.06209901872226147,5898.49036137625,-0.0023261595876865604
2024-12-30 12:00:00,0.0,1452.1887622743818,-0.06209901872226147,5737.139007316422,0.027354686398466943
2024-12-30 16:00:00,0.0,1452.1887622743818,-0.06209901872226147,5935.4735521230905,-0.034570287481920516
2024-12-30 20:00:00,0.0,1452.1887622743818,-0.06209901872226147,5835.668595066902,0.0168149948238737
2024-12-31 00:00:00,0.0,1452.1887622743818,-0.06209901872226147,5778.494794616953,0.00979730077514686
2024-12-31 04:00:00,0.0,1452.1887622743818,-0.06209901872226147,5783.144163593327,-0.0008045986267401732
2024-12-31 08:00:00,0.0,1452.1887622743818,-0.06209901872226147,5874.494177139997,-0.015795908067059168
2024-12-31 12:00:00,0.0,1452.1887622743818,-0.06209901872226147,5964.1280070468165,-0.015258135799269348
2024-12-31 16:00:00,0.0,1452.1887622743818,-0.06209901872226147,5857.311625125706,0.017909807065660397
2024-12-31 20:00:00,0.0,1452.1887622743818,-0.06209901872226147,5812.690289698827,0.007618057273147334
2025-01-01 00:00:00,0.0,1452.1887622743818,-0.06209901872226147,5842.309731739359,-0.005095651163975463
2025-01-01 04:00:00,0.0,1452.1887622743818,-0.06209901872226147,5841.529852924309,0.0001334880981768308
2025-01-01 08:00:00,0.0,1452.1887622743818,-0.06209901872226147,5851.965383929512,-0.0017864380167428781
2025-01-01 12:00:00,0.0,1452.1887622743818,-0.06209901872226147,5948.753165401641,-0.016539363294582023
2025-01-01 16:00:00,0.0,1452.1887622743818,-0.06209901872226147,6043.677104491133,-0.015956947019011847
2025-01-01 20:00:00,0.0,1452.1887622743818,-0.06209901872226147,6075.948090668644,-0.005339627782816063
2025-01-02 00:00:00,0.0,1452.1887622743818,-0.06209901872226147,6167.996469630632,-0.015149632220090137
2025-01-02 04:00:00,-0.005303788418450361,1444.4866603356272,-0.06707344708441554,6202.561535450345,-0.010907725773132974
2025-01-02 08:00:00,0.0057986049489591185,1452.8626678329547,-0.061663774557663954,6327.536137296979,-0.014350264374198524
2025-01-02 12:00:00,-0.005175898568418935,1445.3427980304089,-0.06652050768362651,6267.437694439264,0.004322023142920026
2025-01-02 16:00:00,-0.0011853147550340282,1443.6296118858213,-0.06762697469939075,6261.904021268181,-0.00030239043398446895
2025-01-02 20:00:00,0.0038729525317071634,1449.2207208460218,-0.06401593823055739,6281.4669341330755,0.0007488367997428502
2025-01-03 00:00:00,0.018505560081651273,1476.0393619672118,-0.046695028940014975,6383.1320400611685,0.0023206295560043166
2025-01-03 04:00:00,-0.004911352841583394,1468.7900118525251,-0.05137704601852604,6337.882727144618,0.002177535909669245
2025-01-03 08:00:00,0.012930720402437368,1487.782524825683,-0.03911066783325732,6459.377129022659,-0.006238836231624325
2025-01-03 12:00:00,0.008444295883211828,1500.345800675183,-0.030996634001419485,6550.279776712822,-0.005628678317617566
2025-01-03 16:00:00,0.008676979621977887,1513.3642706135618,-0.022588611541021757,6599.488078599702,0.0011645826611911747
2025-01-03 20:00:00,-0.0031035495990636708,1508.6674695382617,-0.02562205626379393,6583.662353551865,-0.000705526470700752
2025-01-04 00:00:00,-0.0007413043431829802,1507.549087790674,-0.02634436686538728,6588.352987416616,-0.0014537700822897356
2025-01-04 04:00:00,-0.005548143070717715,1499.1849897654815,-0.0317463476196283,6564.207433316115,-0.0018832583648407753
2025-01-04 08:00:00,-0.0022841325647819932,1495.7606525097258,-0.033957967317999445,6531.1031977508665,0.002759010252008246
2025-01-04 12:00:00,-0.0035229591045587982,1490.4911489007259,-0.037361293892422966,6498.6206828390805,0.0014505520968829243
2025-01-04 16:00:00,0.005713807392796699,1499.007528246213,-0.03186096173687314,6549.2477926149095,-0.002076631878342632
2025-01-04 20:00:00,0.00284857720300824,1503.277566918313,-0.02910314294313449,6575.146166409605,-0.0011058271216991388
2025-01-05 00:00:00,-0.005622780043980424,1494.8249678144812,-0.03456228241575715,6543.906073247026,-0.0008715406993441898
2025-01-05 04:00:00,0.004775139089426839,1501.9629649501433,-0.029952183032113642,6571.901227121324,0.000497089624635667
2025-01-05 08:00:00,-0.012538092636066867,1483.1312141596568,-0.042114732422671386,6497.201036939149,-0.0011714899436987714
2025-01-05 12:00:00,0.003957635457447317,1489.000906840862,-0.038323771723540935,6524.467949402884,-0.0002390812993086234
2025-01-05 16:00:00,0.0008246728493368494,1490.2288454613715,-0.037530703448228696,6542.120097786534,-0.0018808578576177287
2025-01-05 20:00:00,0.0011578401370062608,1491.9542922319713,-0.03641631786604481,6572.63965393052,-0.003507246362141265
2025-01-06 00:00:00,0.005351317318593507,1499.938213074542,-0.03125987581992732,6616.620060902802,-0.0013401201080697521
2025-01-06 04:00:00,-0.003991101845060352,1493.9518069048638,-0.03512621631692636,6588.4157888,0.00027153857303764857
2025-01-06 08:00:00,0.003556590104306867,1499.2651811176129,-0.0316945557659741,6629.477772810512,-0.0026758617212617897
2025-01-06 12:00:00,0.0193052800196587,1528.2089152628128,-0.013001148020476201,6740.6184880368155,0.002540654051362168
2025-01-06 16:00:00,-0.002811490063751809,1523.9123710822143,-0.015776085485751122,6728.802107069842,-0.0010584786764517653
2025-01-06 20:00:00,-0.005459852568876267,1515.5920342082188,-0.021149802953761187,6701.588813347804,-0.0014155526639278672
2025-01-07 00:00:00,-0.0028430542215736043,1511.2831238771798,-0.02393272713876164,6675.820388965477,0.0010020674503204508
2025-01-07 04:00:00,0.00018427557615874335,1511.5616164455714,-0.023752861779685358,6688.316673776496,-0.0016875969552944442
2025-01-07 08:00:00,-0.0011178875454092019,1509.8718605404283,-0.02484419629674322,6669.977615018388,0.0016240667687476007
2025-01-07 12:00:00,-0.03890388033976244,1451.131986349589,-0.06278154099663964,6379.0365162085745,0.004715621194203469
2025-01-07 16:00:00,-0.0006273226605675308,1450.2216583710774,-0.06336947937387466,6248.1798096483035,0.019886230793433816
2025-01-07 20:00:00,0.0,1450.2216583710774,-0.06336947937387466,6206.063664772427,0.006740546232495108
2025-01-08 00:00:00,0.0,1450.2216583710774,-0.06336947937387466,6199.999357163991,0.0009771584592113136
2025-01-08 04:00:00,0.0,1450.2216583710774,-0.06336947937387466,6135.613376105133,0.010384836731387887
2025-01-08 08:00:00,0.0,1450.2216583710774,-0.06336947937387466,6140.952223640855,-0.0008701408006760129
2025-01-08 12:00:00,0.0,1450.2216583710774,-0.06336947937387466,6137.426801236823,0.0005740839979930166
2025-01-08 16:00:00,0.0,1450.2216583710774,-0.06336947937387466,6012.809564310402,0.02030447628333565
2025-01-08 20:00:00,0.0,1450.2216583710774,-0.06336947937387466,6112.9355770891,-0.016652117734279295
2025-01-09 00:00:00,0.0,1450.2216583710774,-0.06336947937387466,6062.140566368443,0.008309430073340254
2025-01-09 04:00:00,0.0,1450.2216583710774,-0.06336947937387466,5968.0232166962205,0.01552543175827481
2025-01-09 08:00:00,0.0,1450.2216583710774,-0.06336947937387466,5993.9590094156265,-0.004345792866027797
2025-01-09 12:00:00,0.0,1450.2216583710774,-0.06336947937387466,6042.422165864801,-0.008085333311930716
2025-01-09 16:00:00,0.0,1450.2216583710774,-0.06336947937387466,5863.8482546123605,0.02955336557932851
2025-01-09 20:00:00,0.0,1450.2216583710774,-0.06336947937387466,5888.060272500041,-0.004129032136640985
2025-01-10 00:00:00,0.0,1450.2216583710774,-0.06336947937387466,5966.728167163778,-0.013360579040121954
2025-01-10 04:00:00,0.0,1450.2216583710774,-0.06336947937387466,6071.876918107264,-0.01762251404750459
2025-01-10 08:00:00,0.0,1450.2216583710774,-0.06336947937387466,6073.501000045453,-0.0002674760967808102
2025-01-10 12:00:00,0.0,1450.2216583710774,-0.06336947937387466,5964.248553836891,0.017988380376942947
2025-01-10 16:00:00,0.0,1450.2216583710774,-0.06336947937387466,6052.3316961380215,-0.014768523059701126
2025-01-10 20:00:00,0.0,1450.2216583710774,-0.06336947937387466,6003.6306962231265,0.00804665083805153
2025-01-11 00:00:00,0.0,1450.2216583710774,-0.06336947937387466,5956.451090461584,0.007858512315093491
2025-01-11 04:00:00,0.0,1450.2216583710774,-0.06336947937387466,5973.317325758368,-0.0028315913352824035
2025-01-11 08:00:00,0.0,1450.2216583710774,-0.06336947937387466,6050.0978009825185,-0.012853908646884658
2025-01-11 12:00:00,0.0,1450.2216583710774,-0.06336947937387466,6026.434365002093,0.003911248505203239
2025-01-11 16:00:00,0.0,1450.2216583710774,-0.06336947937387466,6094.94366843237,-0.011368132345079194
2025-01-11 20:00:00,0.0031632244196602155,1454.809034934757,-0.060406706838831044,6167.726875185404,-0.008778347268688964
2025-01-12 00:00:00,-0.0025109842775269398,1451.1560323212316,-0.06276601082522854,6178.580891631984,-0.004270792496377899
2025-01-12 04:00:00,3.3071328806588696e-06,1451.160831487061,-0.06276291126788612,6138.958092664244,0.006416235872132581
2025-01-12 08:00:00,-0.0034486413400938165,1446.1562982524697,-0.0659951058375569,6100.7195781057535,0.0027801867413658355
2025-01-12 12:00:00,0.00205825045411534,1449.1328501100695,-0.06407268984000115,6170.911670406663,-0.009447292687519029
2025-01-12 16:00:00,0.0018403125412818078,1451.7997074681107,-0.06235029107338546,6145.797807806538,0.005910029293275125
2025-01-12 20:00:00,-0.0031836623251981777,1447.1776674357106,-0.0653354511259282,6098.847370760719,0.004455774980432243
2025-01-13 00:00:00,1.0827157487680594e-05,1447.1933362562286,-0.06532533136565943,6018.463676023795,0.013190972494834743
2025-01-13 04:00:00,-0.003110237868193644,1442.692220739207,-0.0682323919144873,5953.293292281154,0.007718170717583073
2025-01-13 08:00:00,-0.008981708525771737,1429.734379720129,-0.0766012569840669,5707.874518612274,0.03224232691476033
2025-01-13 12:00:00,-0.00012732717365049329,1429.5523356824883,-0.07671883073616755,5851.21984239472,-0.025240935280315218
2025-01-13 16:00:00,0.0,1429.5523356824883,-0.07671883073616755,5807.745442522489,0.007429972047407981
2025-01-13 20:00:00,0.0,1429.5523356824883,-0.07671883073616755,5988.135812925895,-0.031060309407269258
2025-01-14 00:00:00,0.0,1429.5523356824883,-0.07671883073616755,6013.141047838176,-0.004175796223309595
2025-01-14 04:00:00,0.0,1429.5523356824883,-0.07671883073616755,6019.334389687384,-0.0010299678321091324
2025-01-14 08:00:00,0.0,1429.5523356824883,-0.07671883073616755,6107.5431232935125,-0.014654233823137084
2025-01-14 12:00:00,0.0,1429.5523356824883,-0.07671883073616755,6124.196036458783,-0.0027266140949143863
2025-01-14 16:00:00,0.0,1429.5523356824883,-0.07671883073616755,6180.588161785304,-0.009208086251779888
2025-01-14 20:00:00,6.501736907704725e-05,1429.6452814143122,-0.07665880142362373,6192.917150541696,-0.0019297747823597356
2025-01-15 00:00:00,0.011389868908503464,1445.9287537552816,-0.06614206621401843,6301.548507162129,-0.006151356652850954
2025-01-15 04:00:00,-0.0001489337423702386,1445.713406174784,-0.06628114917093936,6341.110611652723,-0.006427089729843548
2025-01-15 08:00:00,0.0,1445.713406174784,-0.06628114917093936,6224.716861078606,0.01835542032025526
2025-01-15 12:00:00,0.0,1445.713406174784,-0.06628114917093936,6520.699095753985,-0.047549509685504344
2025-01-15 16:00:00,-0.0014761664458582402,1443.5792925542614,-0.06765947360839851,6582.893736533048,-0.011014199080972628
2025-01-15 20:00:00,0.010640248720125589,1458.9393352742616,-0.05773913851573915,6702.254353699364,-0.007491688683618807
2025-01-16 00:00:00,-0.00012846389852805284,1458.7519142395363,-0.05786018501943583,6570.040016766945,0.01959838172013208
2025-01-16 04:00:00,0.0,1458.7519142395363,-0.05786018501943583,6615.452421216642,-0.006912043813097434
2025-01-16 08:00:00,0.0,1458.7519142395363,-0.05786018501943583,6693.485785662457,-0.011795620235367827
2025-01-16 12:00:00,0.0,1458.7519142395363,-0.05786018501943583,6738.712166209823,-0.006756775467312158
2025-01-16 16:00:00,0.0016163830145816682,1461.1098160562015,-0.056337326225140205,6837.5968917444925,-0.013057745082254277
2025-01-16 20:00:00,-0.004365669707440123,1454.7310931930015,-0.06045704577408107,6724.333841710459,0.012199075454823682
2025-01-17 00:00:00,0.0026195146179015527,1458.5417825567365,-0.05799589927133983,6811.3974310750455,-0.010328026568191682
2025-01-17 04:00:00,-0.00023585334474018893,1458.1977805988772,-0.05821807408925563,6846.608416602862,-0.0054052750212932555
2025-01-17 08:00:00,-0.00016466344473853312,1457.9576687292138,-0.05837315114536856,6909.297106472978,-0.009320830419046142
2025-01-17 12:00:00,0.000746852420339561,1459.0465479428567,-0.05766989485424483,6874.068706119907,0.005845547672576897
2025-01-17 16:00:00,0.005933902526416235,1467.7043879398536,-0.052078199862602405,6924.1220405146205,-0.0013475688313187972
2025-01-17 20:00:00,-0.001060389878226431,1466.1480490626536,-0.05308336654481832,6954.253733780919,-0.005412088633677449
2025-01-18 00:00:00,-0.003032754837875462,1461.7015814738172,-0.055955132545994254,6849.95277387483,0.011965397932915369
2025-01-18 04:00:00,0.0034392677694599083,1466.7287646115487,-0.05270830946043561,6756.284515348701,0.01711356036945756
2025-01-18 08:00:00,0.0021104692577451623,1469.8242505787118,-0.050709079469434495,6823.805748395239,-0.00788337171996188
2025-01-18 12:00:00,0.01385205989072924,1490.1843441265744,-0.0375594447845196,6903.566078064147,0.0021635194178903604
2025-01-18 16:00:00,-0.00015408110288361865,1489.9547348793315,-0.037707738686727124,6900.9149831912855,0.00022993707596552504
2025-01-18 20:00:00,0.0,1489.9547348793315,-0.037707738686727124,6991.245604414696,-0.013089658609536496
2025-01-19 00:00:00,0.0,1489.9547348793315,-0.037707738686727124,6963.944018958026,0.0039051103339051868
2025-01-19 04:00:00,0.0,1489.9547348793315,-0.037707738686727124,6939.979735302004,0.0034411941840404936
2025-01-19 08:00:00,0.007958039278329165,1501.8118531824337,-0.030049779073963934,6784.75721590428,0.030324461849874203
2025-01-19 12:00:00,-0.00011493429452158477,1501.639243496584,-0.030161259618327135,6959.733881028095,-0.0259046065783946
2025-01-19 16:00:00,0.0,1501.639243496584,-0.030161259618327135,7030.026073026837,-0.010099839045621586
2025-01-19 20:00:00,-0.016567399602996913,1476.760986090034,-0.04622896558069749,6581.576236940432,0.04722323665183015
2025-01-20 00:00:00,-0.0002746801338840976,1476.35534918466,-0.04649094753612652,6627.420219751056,-0.007240182189959191
2025-01-20 04:00:00,0.0,1476.35534918466,-0.04649094753612652,6978.984491068459,-0.05304692620360326
2025-01-20 08:00:00,0.002534723439357345,1480.097501693059,-0.04407406579120694,7014.367784883825,-0.0025352539851018407
2025-01-20 12:00:00,-0.008202459625877734,1467.9570616930591,-0.051915009671884074,6859.721510852714,0.013844612722449776
2025-01-20 16:00:00,-0.0032180082281505484,1463.2331637899592,-0.05496595497174594,6748.183678465133,0.013041811097038898
2025-01-20 20:00:00,-0.00018348817422764174,1462.964677808266,-0.05513935754325115,6646.45965432793,0.014890793882116655
2025-01-21 00:00:00,0.0,1462.964677808266,-0.05513935754325115,6594.925006385421,0.007753699055248491
2025-01-21 04:00:00,0.0,1462.964677808266,-0.05513935754325115,6554.273349916626,0.0061640816884855265
2025-01-21 08:00:00,0.0,1462.964677808266,-0.05513935754325115,6668.685227948535,-0.01745607360629304
2025-01-21 12:00:00,0.0,1462.964677808266,-0.05513935754325115,6661.7321534254115,0.0010426454818984107
2025-01-21 16:00:00,0.0,1462.964677808266,-0.05513935754325115,6828.194204650283,-0.02498780308050622
2025-01-21 20:00:00,0.0,1462.964677808266,-0.05513935754325115,6783.029003478914,0.006614516198237211
2025-01-22 00:00:00,0.0,1462.964677808266,-0.05513935754325115,6801.850714194112,-0.0027748238590081164
2025-01-22 04:00:00,0.0,1462.964677808266,-0.05513935754325115,6782.022647745085,0.0029150987403545286
2025-01-22 08:00:00,0.0,1462.964677808266,-0.05513935754325115,6855.209588909989,-0.010791314769383506
2025-01-22 12:00:00,0.0,1462.964677808266,-0.05513935754325115,6759.721437037998,0.013929282632943542
2025-01-22 16:00:00,0.0,1462.964677808266,-0.05513935754325115,6825.1894145910055,-0.009685011159527166
2025-01-22 20:00:00,0.0,1462.964677808266,-0.05513935754325115,6744.168981138826,0.011870796329691966
2025-01-23 00:00:00,0.0,1462.964677808266,-0.05513935754325115,6650.563115837834,0.013879525492729592
2025-01-23 04:00:00,0.0,1462.964677808266,-0.05513935754325115,6636.482025857044,0.0021172778508417984
2025-01-23 08:00:00,0.0,1462.964677808266,-0.05513935754325115,6569.840797616162,0.010041649774870955
2025-01-23 12:00:00,0.0,1462.964677808266,-0.05513935754325115,6699.068408367394,-0.019669823779918882
2025-01-23 16:00:00,0.0,1462.964677808266,-0.05513935754325115,6582.704117617735,0.017370219806132133
2025-01-23 20:00:00,0.0,1462.964677808266,-0.05513935754325115,6703.714548092011,-0.018383088213004526
2025-01-24 00:00:00,0.0,1462.964677808266,-0.05513935754325115,6662.669015498375,0.00612280434961497
2025-01-24 04:00:00,0.0,1462.964677808266,-0.05513935754325115,6778.249578857824,-0.01734748688409891
2025-01-24 08:00:00,0.0,1462.964677808266,-0.05513935754325115,6839.65437350132,-0.009059093196424093
2025-01-24 12:00:00,0.0,1462.964677808266,-0.05513935754325115,6804.18113859759,0.005186407523918492
2025-01-24 16:00:00,0.0,1462.964677808266,-0.05513935754325115,6782.386998374407,0.0032030511503512277
2025-01-24 20:00:00,0.0,1462.964677808266,-0.05513935754325115,6666.683066259519,0.017059470676418127
2025-01-25 00:00:00,0.0,1462.964677808266,-0.05513935754325115,6716.954789691639,-0.007540739965058234
2025-01-25 04:00:00,0.0,1462.964677808266,-0.05513935754325115,6642.88194381264,0.01102774221328343
2025-01-25 08:00:00,0.0,1462.964677808266,-0.05513935754325115,6674.232693546144,-0.004719450081858653
2025-01-25 12:00:00,0.0,1462.964677808266,-0.05513935754325115,6742.837872034658,-0.010279110968794176
2025-01-25 16:00:00,0.0,1462.964677808266,-0.05513935754325115,6771.538180418881,-0.004256413831816249
2025-01-25 20:00:00,0.0,1462.964677808266,-0.05513935754325115,6729.813174371981,0.006161820982942157
2025-01-26 00:00:00,0.0,1462.964677808266,-0.05513935754325115,6788.149209041791,-0.008668299276414089
2025-01-26 04:00:00,0.0,1462.964677808266,-0.05513935754325115,6804.980858569987,-0.0024795638707786815
2025-01-26 08:00:00,0.0,1462.964677808266,-0.05513935754325115,6766.404737260259,0.005668806733107244
2025-01-26 12:00:00,0.0,1462.964677808266,-0.05513935754325115,6760.889551990912,0.0008150835611378605
2025-01-26 16:00:00,0.0,1462.964677808266,-0.05513935754325115,6796.404782433827,-0.00525304106357665
2025-01-26 20:00:00,0.0,1462.964677808266,-0.05513935754325115,6527.054450307906,0.03963129636158385
2025-01-27 00:00:00,0.0,1462.964677808266,-0.05513935754325115,6433.737244632199,0.014296985935410067
2025-01-27 04:00:00,0.0,1462.964677808266,-0.05513935754325115,6189.860819250651,0.03790587276236977
2025-01-27 08:00:00,0.0,1462.964677808266,-0.05513935754325115,6150.672037083412,0.006331124933433162
2025-01-27 12:00:00,0.0,1462.964677808266,-0.05513935754325115,6347.170214862741,-0.03194743218214354
2025-01-27 16:00:00,0.0,1462.964677808266,-0.05513935754325115,6254.757152895414,0.014559726435401044
2025-01-27 20:00:00,0.0,1462.964677808266,-0.05513935754325115,6455.589398298349,-0.03210871989010263
2025-01-28 00:00:00,0.0,1462.964677808266,-0.05513935754325115,6488.17626797361,-0.005047853521144293
2025-01-28 04:00:00,0.0,1462.964677808266,-0.05513935754325115,6516.598435967645,-0.004380609715295509
2025-01-28 08:00:00,0.0,1462.964677808266,-0.05513935754325115,6515.406653679819,0.0001828841073356267
2025-01-28 12:00:00,0.0,1462.964677808266,-0.05513935754325115,6514.45423944674,0.00014617878571584634
2025-01-28 16:00:00,0.0,1462.964677808266,-0.05513935754325115,6423.132105175632,0.014018386025052945
2025-01-28 20:00:00,0.0,1462.964677808266,-0.05513935754325115,6288.35585351321,0.020982948732102602
2025-01-29 00:00:00,0.0,1462.964677808266,-0.05513935754325115,6393.130273230131,-0.016661655631079623
2025-01-29 04:00:00,0.0,1462.964677808266,-0.05513935754325115,6449.306429270731,-0.008786956254563652
2025-01-29 08:00:00,0.0,1462.964677808266,-0.05513935754325115,6405.844906101899,0.006738945287446373
2025-01-29 12:00:00,0.0,1462.964677808266,-0.05513935754325115,6333.322247940491,0.01132132594910727
2025-01-29 16:00:00,0.0,1462.964677808266,-0.05513935754325115,6397.785050668647,-0.010178355088297833
2025-01-29 20:00:00,0.0,1462.964677808266,-0.05513935754325115,6379.8554891593,0.002802463878881421
2025-01-30 00:00:00,0.0,1462.964677808266,-0.05513935754325115,6548.165302119609,-0.02638144598201353
2025-01-30 04:00:00,0.0,1462.964677808266,-0.05513935754325115,6527.886332587236,0.0030968933429045115
2025-01-30 08:00:00,0.0,1462.964677808266,-0.05513935754325115,6559.894185164671,-0.004903249068178628
2025-01-30 12:00:00,0.0,1462.964677808266,-0.05513935754325115,6600.639555946208,-0.006211284760306556
2025-01-30 16:00:00,0.0,1462.964677808266,-0.05513935754325115,6607.604818185227,-0.0010552405081327234
2025-01-30 20:00:00,0.0,1462.964677808266,-0.05513935754325115,6559.41639814324,0.007292872586654104
2025-01-31 00:00:00,0.0,1462.964677808266,-0.05513935754325115,6504.677677583439,0.008345059565862576
2025-01-31 04:00:00,0.0,1462.964677808266,-0.05513935754325115,6531.125348407513,-0.004065946405802553
2025-01-31 08:00:00,0.0,1462.964677808266,-0.05513935754325115,6622.939690737865,-0.0140579666493063
2025-01-31 12:00:00,0.0,1462.964677808266,-0.05513935754325115,6696.197747222103,-0.01106125978871421
2025-01-31 16:00:00,0.0,1462.964677808266,-0.05513935754325115,6504.118328680334,0.028684848595078027
2025-01-31 20:00:00,0.0,1462.964677808266,-0.05513935754325115,6488.71177729764,0.0023687378679380405
2025-02-01 00:00:00,0.0,1462.964677808266,-0.05513935754325115,6491.2008364458125,-0.0003835983525852
2025-02-01 04:00:00,0.0,1462.964677808266,-0.05513935754325115,6464.6320390519995,0.004093048122103792
2025-02-01 08:00:00,0.0,1462.964677808266,-0.05513935754325115,6412.988768706237,0.007988586207813888
2025-02-01 12:00:00,0.0,1462.964677808266,-0.05513935754325115,6382.957069785957,0.004682948934329618
2025-02-01 16:00:00,0.0,1462.964677808266,-0.05513935754325115,6291.845726901468,0.01427415880889571
2025-02-01 20:00:00,0.0,1462.964677808266,-0.05513935754325115,6153.888525907549,0.021926348321617058
2025-02-02 00:00:00,0.0,1462.964677808266,-0.05513935754325115,6026.52632083787,0.02069621582085703
2025-02-02 04:00:00,0.0,1462.964677808266,-0.05513935754325115,6099.547047048852,-0.012116553105973609
2025-02-02 08:00:00,0.0,1462.964677808266,-0.05513935754325115,6002.057444758847,0.015983088832337518
2025-02-02 12:00:00,0.0,1462.964677808266,-0.05513935754325115,6036.075715413442,-0.005667768255750486
2025-02-02 16:00:00,0.0,1462.964677808266,-0.05513935754325115,5774.538135372043,0.04332907544110961
2025-02-02 20:00:00,0.0,1462.964677808266,-0.05513935754325115,5668.014701964802,0.018447091509315592
2025-02-03 00:00:00,0.0,1462.964677808266,-0.05513935754325115,5077.947668947041,0.10410471109279519
2025-02-03 04:00:00,0.0,1462.964677808266,-0.05513935754325115,5321.845034402824,-0.04803069691861512
2025-02-03 08:00:00,0.0,1462.964677808266,-0.05513935754325115,5272.720144306613,0.009230800554816223
2025-02-03 12:00:00,0.0,1462.964677808266,-0.05513935754325115,5557.582511695559,-0.05402569444094912
2025-02-03 16:00:00,0.0,1462.964677808266,-0.05513935754325115,5784.76718777157,-0.0408783271499642
2025-02-03 20:00:00,0.0,1462.964677808266,-0.05513935754325115,5830.6192638762195,-0.007926347701870522
2025-02-04 00:00:00,0.0,1462.964677808266,-0.05513935754325115,5743.7641089662475,0.014896385954762328
2025-02-04 04:00:00,0.0,1462.964677808266,-0.05513935754325115,5399.880743397126,0.059870732684217595
2025-02-04 08:00:00,0.0,1462.964677808266,-0.05513935754325115,5539.418431521753,-0.02584088330010816
2025-02-04 12:00:00,0.0,1462.964677808266,-0.05513935754325115,5613.532478663254,-0.013379391367107894
2025-02-04 16:00:00,0.0,1462.964677808266,-0.05513935754325115,5551.985848469472,0.010963975077674501
2025-02-04 20:00:00,0.0,1462.964677808266,-0.05513935754325115,5484.013661101964,0.012242860342708986
2025-02-05 00:00:00,0.0,1462.964677808266,-0.05513935754325115,5498.538637035006,-0.0026486031637861546
2025-02-05 04:00:00,0.0,1462.964677808266,-0.05513935754325115,5502.280811202311,-0.0006805761338296103
2025-02-05 08:00:00,0.0,1462.964677808266,-0.05513935754325115,5566.573383233613,-0.01168471298309713
2025-02-05 12:00:00,0.0,1462.964677808266,-0.05513935754325115,5492.534119847931,0.013300689362811067
2025-02-05 16:00:00,0.0,1462.964677808266,-0.05513935754325115,5431.906389824963,0.011038207264636193
2025-02-05 20:00:00,0.0,1462.964677808266,-0.05513935754325115,5370.568859818344,0.011292081564865846
2025-02-06 00:00:00,0.0,1462.964677808266,-0.05513935754325115,5449.910934240939,-0.014773495414278859
2025-02-06 04:00:00,0.0,1462.964677808266,-0.05513935754325115,5498.841361360631,-0.008978206746879071
2025-02-06 08:00:00,0.0,1462.964677808266,-0.05513935754325115,5485.711459537658,0.0023877578857310106
2025-02-06 12:00:00,0.0,1462.964677808266,-0.05513935754325115,5269.7601834786465,0.03936613831257031
2025-02-06 16:00:00,0.0,1462.964677808266,-0.05513935754325115,5226.719550771798,0.008167474649375062
2025-02-06 20:00:00,0.0,1462.964677808266,-0.05513935754325115,5233.262138499385,-0.0012517579456930677
2025-02-07 00:00:00,0.0,1462.964677808266,-0.05513935754325115,5315.638911102472,-0.015740998716090963
2025-02-07 04:00:00,0.0,1462.964677808266,-0.05513935754325115,5274.28933445393,0.007778853556470329
2025-02-07 08:00:00,0.0,1462.964677808266,-0.05513935754325115,5406.146580097018,-0.025000002328605758
2025-02-07 12:00:00,0.0,1462.964677808266,-0.05513935754325115,5410.674363011832,-0.000837525000058784
2025-02-07 16:00:00,0.0,1462.964677808266,-0.05513935754325115,5319.234653856821,0.016899872921591057
2025-02-07 20:00:00,0.0,1462.964677808266,-0.05513935754325115,5257.229920965001,0.011656701936783856
2025-02-08 00:00:00,0.0,1462.964677808266,-0.05513935754325115,5250.690498005259,0.0012438913758866204
2025-02-08 04:00:00,0.0,1462.964677808266,-0.05513935754325115,5250.565323174947,2.3839689343702858e-05
2025-02-08 08:00:00,0.0,1462.964677808266,-0.05513935754325115,5244.295342704311,0.0011941534072456175
2025-02-08 12:00:00,0.0,1462.964677808266,-0.05513935754325115,5249.364141954227,-0.0009665358105673974
2025-02-08 16:00:00,0.0,1462.964677808266,-0.05513935754325115,5346.570382810918,-0.01851771723736863
2025-02-08 20:00:00,0.0,1462.964677808266,-0.05513935754325115,5336.806856079151,0.0018261289074500736
2025-02-09 00:00:00,0.0,1462.964677808266,-0.05513935754325115,5451.605778035394,-0.021510788202026836
2025-02-09 04:00:00,0.0,1462.964677808266,-0.05513935754325115,5442.885010804345,0.0015996694526564856
2025-02-09 08:00:00,0.0,1462.964677808266,-0.05513935754325115,5389.460292598096,0.0098155147683991
2025-02-09 12:00:00,0.0,1462.964677808266,-0.05513935754325115,5376.74766146421,0.0023587948409873804
2025-02-09 16:00:00,0.0,1462.964677808266,-0.05513935754325115,5314.010992457337,0.011668144565629226
2025-02-09 20:00:00,0.0,1462.964677808266,-0.05513935754325115,5324.813526676694,-0.0020328400213491644
2025-02-10 00:00:00,0.0,1462.964677808266,-0.05513935754325115,5324.02714698088,0.0001476821097818088
2025-02-10 04:00:00,0.0,1462.964677808266,-0.05513935754325115,5370.8375125764505,-0.008792285295185831
2025-02-10 08:00:00,0.0,1462.964677808266,-0.05513935754325115,5394.898935791901,-0.004480013249164265
2025-02-10 12:00:00,0.0,1462.964677808266,-0.05513935754325115,5379.687282778295,0.0028196363258420976
2025-02-10 16:00:00,0.0,1462.964677808266,-0.05513935754325115,5392.723010027513,-0.0024231384770167113
2025-02-10 20:00:00,0.0,1462.964677808266,-0.05513935754325115,5414.3971661240685,-0.0040191487781317935
2025-02-11 00:00:00,0.0,1462.964677808266,-0.05513935754325115,5494.808951592209,-0.01485147524294098
2025-02-11 04:00:00,0.0,1462.964677808266,-0.05513935754325115,5625.425883858318,-0.023770968821083364
2025-02-11 08:00:00,0.0,1462.964677808266,-0.05513935754325115,5626.545759297866,-0.00019907389461168039
2025-02-11 12:00:00,0.0,1462.964677808266,-0.05513935754325115,5549.690983048855,0.013659317730067233
2025-02-11 16:00:00,0.0,1462.964677808266,-0.05513935754325115,5394.311076414377,0.027997938463434315
2025-02-11 20:00:00,0.0,1462.964677808266,-0.05513935754325115,5462.068698274377,-0.01256094075780296
2025-02-12 00:00:00,0.0,1462.964677808266,-0.05513935754325115,5398.518627996176,0.011634798789381435
2025-02-12 04:00:00,0.0,1462.964677808266,-0.05513935754325115,5433.735670602405,-0.006523464126546934
2025-02-12 08:00:00,0.0,1462.964677808266,-0.05513935754325115,5481.6331548311855,-0.00881483515805088
2025-02-12 12:00:00,0.0,1462.964677808266,-0.05513935754325115,5438.596334913891,0.007851094500799507
2025-02-12 16:00:00,0.01090005781541703,1478.911077378289,-0.044840321912960536,5580.671948647351,-0.015223523525118292
2025-02-12 20:00:00,-0.0001541563142043456,1478.6830938975645,-0.04498756580841101,5656.278463861817,-0.013702079558965312
2025-02-13 00:00:00,0.005977437664179908,1487.521829916414,-0.03927903851451404,5673.147883040453,0.002995013922771889
2025-02-13 04:00:00,-0.003487041918059375,1482.334778941467,-0.042629112778772245,5564.261997280072,0.015706162279188703
2025-02-13 08:00:00,0.0014596530052761736,1484.4984733563742,-0.0412316834860759,5558.723538501675,0.002455015693284847
2025-02-13 12:00:00,-0.0015887206772721152,1482.140019936374,-0.04275489853523495,5553.735595921505,-0.0006914026966922433
2025-02-13 16:00:00,-0.011582811664018755,1464.9726712257461,-0.0538424882618058,5522.067124279341,-0.005880618771469155
2025-02-13 20:00:00,-0.00014716121257729586,1464.757084071056,-0.05398172594852231,5586.038288349138,-0.011731802005611
2025-02-14 00:00:00,0.0,1464.757084071056,-0.05398172594852231,5666.568085854728,-0.01441626307387689
2025-02-14 04:00:00,0.0,1464.757084071056,-0.05398172594852231,5617.411944569314,0.008674764079535333
2025-02-14 08:00:00,0.0,1464.757084071056,-0.05398172594852231,5682.8674154975415,-0.011652246901975352
2025-02-14 12:00:00,-0.00071892671463758,1463.7040310728626,-0.054661843758273286,5719.052949701173,-0.007086404883308536
2025-02-14 16:00:00,0.0044832187015089175,1470.2661363584425,-0.050423686056960355,5765.650624439996,-0.003664576947289642
2025-02-14 20:00:00,-0.0035336624700260666,1465.0707120914424,-0.05377916823996662,5699.760051330776,0.007894462021235433
2025-02-15 00:00:00,0.005360028522801263,1472.9235328961734,-0.04870739759286404,5737.899728078535,-0.001331424521586696
2025-02-15 04:00:00,-0.0035612332027632476,1467.6781087056922,-0.05209517239409934,5677.498924389902,0.006965406604666777
2025-02-15 08:00:00,0.00236853061550657,1471.1543492398705,-0.04985003078932825,5677.454115893116,0.002376422910578998
2025-02-15 12:00:00,-0.00122711715200563,1469.3490705046706,-0.05101597611352425,5656.295144416888,0.0024997243238236632
2025-02-15 16:00:00,-0.0025482864503452163,1465.6047481774763,-0.053434259243188224,5631.524463529963,0.0018310254940419836
2025-02-15 20:00:00,0.001238925122245993,1467.4205227192763,-0.05226153516710727,5633.478754302857,0.0008918981696774964
2025-02-16 00:00:00,0.0015035873103248498,1469.6269175961472,-0.05083652763787779,5633.86148620969,0.0014356484889455861
2025-02-16 04:00:00,-0.0016551896656442633,1467.1944063097894,-0.05240757320833861,5603.961331470863,0.0036520325321351965
2025-02-16 08:00:00,0.00025921851062160606,1467.5747302585855,-0.05216193971078928,5645.20103355234,-0.007099808370931334
2025-02-16 12:00:00,-0.0029393913806622374,1463.2609537459857,-0.054948006735467014,5601.3460412977975,0.004829152554954768
2025-02-16 16:00:00,0.00019563262376043333,1463.5472153256133,-0.054763123734434635,5584.918760399694,0.003128370715102635
2025-02-16 20:00:00,0.0001577726654680145,1463.7781230708133,-0.05461399119296766,5560.014934847408,0.004616893132692915
2025-02-17 00:00:00,-0.0011451958017152375,1462.10181050963,-0.055696643281253795,5579.958674991477,-0.0047321897896399935
2025-02-17 04:00:00,-0.004153917958699571,1456.028359541507,-0.059619201953188074,5537.356952001525,0.0034808559655028814
2025-02-17 08:00:00,-0.00016042084664658063,1455.7947822393278,-0.05977005863698096,5601.74640115906,-0.011788612728742891
2025-02-17 12:00:00,0.0,1455.7947822393278,-0.05977005863698096,5571.277904416672,0.005439106764291316
2025-02-17 16:00:00,0.0,1455.7947822393278,-0.05977005863698096,5523.025727967211,0.008660881269485419
2025-02-17 20:00:00,0.0,1455.7947822393278,-0.05977005863698096,5552.83493621647,-0.005397260436125174
2025-02-18 00:00:00,0.0,1455.7947822393278,-0.05977005863698096,5537.114210621024,0.0028311170376978468
2025-02-18 04:00:00,0.0,1455.7947822393278,-0.05977005863698096,5364.669668679732,0.03114339624971374
2025-02-18 08:00:00,0.0,1455.7947822393278,-0.05977005863698096,5385.699366578314,-0.003920035938346492
2025-02-18 12:00:00,0.0,1455.7947822393278,-0.05977005863698096,5317.138595225495,0.012730151961003053
2025-02-18 16:00:00,0.0,1455.7947822393278,-0.05977005863698096,5256.962650681434,0.011317354901769137
2025-02-18 20:00:00,0.0,1455.7947822393278,-0.05977005863698096,5341.132842880623,-0.01601118322350608
2025-02-19 00:00:00,0.0,1455.7947822393278,-0.05977005863698096,5338.004842043802,0.0005856437068383981
2025-02-19 04:00:00,0.0,1455.7947822393278,-0.05977005863698096,5372.198495985456,-0.0064056993115358795
2025-02-19 08:00:00,0.0,1455.7947822393278,-0.05977005863698096,5449.104604724015,-0.014315574675066342
2025-02-19 12:00:00,0.0,1455.7947822393278,-0.05977005863698096,5376.0575056785365,0.01340533983916389
2025-02-19 16:00:00,0.0,1455.7947822393278,-0.05977005863698096,5398.2079502639735,-0.0041202023159238365
2025-02-19 20:00:00,0.0,1455.7947822393278,-0.05977005863698096,5444.557969747789,-0.008586186362373991
2025-02-20 00:00:00,0.0,1455.7947822393278,-0.05977005863698096,5487.868835019836,-0.00795489101460586
2025-02-20 04:00:00,0.0,1455.7947822393278,-0.05977005863698096,5458.692811856451,0.005316457816412086
2025-02-20 08:00:00,0.0,1455.7947822393278,-0.05977005863698096,5501.32737988954,-0.007810398845028765
2025-02-20 12:00:00,0.0,1455.7947822393278,-0.05977005863698096,5460.705852401069,0.007383950214809294
2025-02-20 16:00:00,0.0,1455.7947822393278,-0.05977005863698096,5575.114879684913,-0.02095132577660062
2025-02-20 20:00:00,0.0,1455.7947822393278,-0.05977005863698096,5561.720727852591,0.0024024889390402704
2025-02-21 00:00:00,0.0,1455.7947822393278,-0.05977005863698096,5517.183433164906,0.00800782651035435
2025-02-21 04:00:00,0.0,1455.7947822393278,-0.05977005863698096,5550.554561224537,-0.006048580487469368
2025-02-21 08:00:00,0.0,1455.7947822393278,-0.05977005863698096,5591.312866635462,-0.007343105082807032
2025-02-21 12:00:00,0.0,1455.7947822393278,-0.05977005863698096,5530.499784841077,0.010876351090505063
2025-02-21 16:00:00,0.0,1455.7947822393278,-0.05977005863698096,5318.739688016616,0.038289504576944036
2025-02-21 20:00:00,0.0,1455.7947822393278,-0.05977005863698096,5386.454820843896,-0.012731424510179659
2025-02-22 00:00:00,0.0,1455.7947822393278,-0.05977005863698096,5421.950435330514,-0.006589791554411846
2025-02-22 04:00:00,0.0,1455.7947822393278,-0.05977005863698096,5430.2888441210025,-0.0015378983799176746
2025-02-22 08:00:00,0.0,1455.7947822393278,-0.05977005863698096,5475.745892468833,-0.008371018495092317
2025-02-22 12:00:00,0.0,1455.7947822393278,-0.05977005863698096,5516.682940374586,-0.00747606786539458
2025-02-22 16:00:00,0.0,1455.7947822393278,-0.05977005863698096,5540.8743746894315,-0.004385141320665301
2025-02-22 20:00:00,0.0,1455.7947822393278,-0.05977005863698096,5510.136303466432,0.005547512746979019
2025-02-23 00:00:00,0.0,1455.7947822393278,-0.05977005863698096,5481.29007506562,0.005235120659839982
2025-02-23 04:00:00,0.0,1455.7947822393278,-0.05977005863698096,5548.306805222345,-0.012226452028434658
2025-02-23 08:00:00,0.0,1455.7947822393278,-0.05977005863698096,5470.756689182705,0.013977258064865241
2025-02-23 12:00:00,0.0,1455.7947822393278,-0.05977005863698096,5392.056295194531,0.01438565055247051
2025-02-23 16:00:00,0.0,1455.7947822393278,-0.05977005863698096,5424.11403608135,-0.005945364649732768
2025-02-23 20:00:00,0.0,1455.7947822393278,-0.05977005863698096,5459.80498650755,-0.006580051634014967
2025-02-24 00:00:00,0.0,1455.7947822393278,-0.05977005863698096,5292.959984348175,0.030558784163846147
2025-02-24 04:00:00,0.0,1455.7947822393278,-0.05977005863698096,5303.568667626497,-0.0020043006766900595
2025-02-24 08:00:00,0.0,1455.7947822393278,-0.05977005863698096,5265.112658715823,0.007250968417814981
2025-02-24 12:00:00,0.0,1455.7947822393278,-0.05977005863698096,5151.435346580462,0.021590670419403307
2025-02-24 16:00:00,0.0,1455.7947822393278,-0.05977005863698096,5104.401211655639,0.009130297045471747
2025-02-24 20:00:00,0.0,1455.7947822393278,-0.05977005863698096,4888.372134168344,0.0423221193886569
2025-02-25 00:00:00,0.0,1455.7947822393278,-0.05977005863698096,4859.6018600455445,0.005885450888999182
2025-02-25 04:00:00,0.0,1455.7947822393278,-0.05977005863698096,4693.1861406542,0.03424472295962628
2025-02-25 08:00:00,0.0,1455.7947822393278,-0.05977005863698096,4779.559543202127,-0.01840400102602535
2025-02-25 12:00:00,0.0,1455.7947822393278,-0.05977005863698096,4728.577400646103,0.010666703091613312
2025-02-25 16:00:00,0.0,1455.7947822393278,-0.05977005863698096,4860.464603643177,-0.02789151827758001
2025-02-25 20:00:00,0.0,1455.7947822393278,-0.05977005863698096,4902.772937076644,-0.008704586265632783
2025-02-26 00:00:00,0.0,1455.7947822393278,-0.05977005863698096,4918.538114270315,-0.0032155633956552393
2025-02-26 04:00:00,0.0,1455.7947822393278,-0.05977005863698096,4875.35243733687,0.008780185479939528
2025-02-26 08:00:00,0.0,1455.7947822393278,-0.05977005863698096,4856.430993452705,0.0038810412431436853
2025-02-26 12:00:00,0.0,1455.7947822393278,-0.05977005863698096,4840.408045538013,0.0032993257674810744
2025-02-26 16:00:00,0.0,1455.7947822393278,-0.05977005863698096,4614.3353380982635,0.046705299493943975
2025-02-26 20:00:00,0.0,1455.7947822393278,-0.05977005863698096,4689.177920401517,-0.016219580247086935
2025-02-27 00:00:00,0.0,1455.7947822393278,-0.05977005863698096,4740.561971029039,-0.010958008311853975
2025-02-27 04:00:00,0.0,1455.7947822393278,-0.05977005863698096,4810.018305296927,-0.014651498006429684
2025-02-27 08:00:00,0.0,1455.7947822393278,-0.05977005863698096,4816.526762370685,-0.001353104429268234
2025-02-27 12:00:00,0.0,1455.7947822393278,-0.05977005863698096,4758.850962965516,0.011974562221010374
2025-02-27 16:00:00,0.0,1455.7947822393278,-0.05977005863698096,4684.728286136089,0.015575750828564914
2025-02-27 20:00:00,0.0,1455.7947822393278,-0.05977005863698096,4707.400511442618,-0.004839603050965757
2025-02-28 00:00:00,0.0,1455.7947822393278,-0.05977005863698096,4385.426204508373,0.068397474604423
2025-02-28 04:00:00,0.0,1455.7947822393278,-0.05977005863698096,4346.703527308195,0.008829854931858267
2025-02-28 08:00:00,0.0,1455.7947822393278,-0.05977005863698096,4417.783716467999,-0.01635266558053537
2025-02-28 12:00:00,0.0,1455.7947822393278,-0.05977005863698096,4643.397465634931,-0.05106944197515168
2025-02-28 16:00:00,0.0,1455.7947822393278,-0.05977005863698096,4666.865982604121,-0.005054169310914435
2025-02-28 20:00:00,0.0,1455.7947822393278,-0.05977005863698096,4681.504327741958,-0.0031366542755676885
2025-03-01 00:00:00,0.0,1455.7947822393278,-0.05977005863698096,4710.800985497173,-0.006257958063096718
2025-03-01 04:00:00,0.0,1455.7947822393278,-0.05977005863698096,4664.304517710824,0.009870182996372672
2025-03-01 08:00:00,0.0,1455.7947822393278,-0.05977005863698096,4617.567209148882,0.010020209526302433
2025-03-01 12:00:00,0.0,1455.7947822393278,-0.05977005863698096,4620.485738197191,-0.0006320490674235504
2025-03-01 16:00:00,0.0,1455.7947822393278,-0.05977005863698096,4669.453172398997,-0.01059789748878456
2025-03-01 20:00:00,0.0,1455.7947822393278,-0.05977005863698096,4717.987946864322,-0.010394102408439172
2025-03-02 00:00:00,0.0,1455.7947822393278,-0.05977005863698096,4749.138099448477,-0.006602423095391322
2025-03-02 04:00:00,0.0,1455.7947822393278,-0.05977005863698096,4754.225612079365,-0.0010712496719097464
2025-03-02 08:00:00,0.0,1455.7947822393278,-0.05977005863698096,4760.184668341462,-0.001253423112053628
2025-03-02 12:00:00,0.0,1455.7947822393278,-0.05977005863698096,5158.803837573459,-0.08374027417110315
2025-03-02 16:00:00,0.02782038068063808,1496.2955472741126,-0.03361250374092772,5674.980913578517,-0.07223713114905239
2025-03-02 20:00:00,0.0031090025028146506,1500.947533875538,-0.03060800259636956,5822.348510877863,-0.02285894338872831
2025-03-03 00:00:00,-0.007240004612028228,1490.0806668078667,-0.037626405128435146,5622.995831004988,0.02699921681218336
2025-03-03 04:00:00,-0.005198362543938573,1482.3346872820857,-0.04262917197729097,5465.998371593113,0.022722244927651087
2025-03-03 08:00:00,-0.00010753962823140117,1482.175277560901,-0.04273212728021612,5382.390666422696,0.015188422698601323
2025-03-03 12:00:00,0.0,1482.175277560901,-0.04273212728021612,5282.8521536164935,0.01849336456143166
2025-03-03 16:00:00,0.0,1482.175277560901,-0.04273212728021612,4845.557352504409,0.08277627092265395
2025-03-03 20:00:00,0.0,1482.175277560901,-0.04273212728021612,4896.731612524213,-0.010561067860099789
2025-03-04 00:00:00,0.0,1482.175277560901,-0.04273212728021612,4697.17946073392,0.04075211132256178
2025-03-04 04:00:00,0.0,1482.175277560901,-0.04273212728021612,4716.479251674993,-0.004108804252085818
2025-03-04 08:00:00,0.0,1482.175277560901,-0.04273212728021612,4751.8559686622175,-0.007500662061570835
2025-03-04 12:00:00,0.0,1482.175277560901,-0.04273212728021612,4791.159319131577,-0.008271157780993061
2025-03-04 16:00:00,0.0,1482.175277560901,-0.04273212728021612,5000.904317592034,-0.04377750445970859
2025-03-04 20:00:00,0.0,1482.175277560901,-0.04273212728021612,4990.4677719806805,0.0020869316724659065
2025-03-05 00:00:00,0.0,1482.175277560901,-0.04273212728021612,4948.454345920501,0.008418735072505077
2025-03-05 04:00:00,0.0,1482.175277560901,-0.04273212728021612,5009.04916907344,-0.01224520202008009
2025-03-05 08:00:00,0.0,1482.175277560901,-0.04273212728021612,5129.11682493467,-0.02397014918570644
2025-03-05 12:00:00,0.0,1482.175277560901,-0.04273212728021612,5010.591238390759,0.02310838114813672
2025-03-05 16:00:00,0.0,1482.175277560901,-0.04273212728021612,5134.871312577474,-0.02480347493415363
2025-03-05 20:00:00,0.0,1482.175277560901,-0.04273212728021612,5166.144541274761,-0.006090362697247244
2025-03-06 00:00:00,0.0,1482.175277560901,-0.04273212728021612,5221.460392690913,-0.010707375872704919
2025-03-06 04:00:00,0.0,1482.175277560901,-0.04273212728021612,5182.178788491714,0.007523106802492733
2025-03-06 08:00:00,0.0,1482.175277560901,-0.04273212728021612,5249.409970268931,-0.012973535750352745
2025-03-06 12:00:00,0.0,1482.175277560901,-0.04273212728021612,5202.159943999685,0.009001016597456684
2025-03-06 16:00:00,0.0,1482.175277560901,-0.04273212728021612,5063.3906591964505,0.02667532069314701
2025-03-06 20:00:00,0.0,1482.175277560901,-0.04273212728021612,5083.15802083869,-0.0039039771909239146
2025-03-07 00:00:00,0.0,1482.175277560901,-0.04273212728021612,4920.639262562391,0.03197200590854051
2025-03-07 04:00:00,0.0,1482.175277560901,-0.04273212728021612,5016.371916322763,-0.019455328596983974
2025-03-07 08:00:00,0.0,1482.175277560901,-0.04273212728021612,5031.678733154507,-0.003051372004921893
2025-03-07 12:00:00,0.0,1482.175277560901,-0.04273212728021612,5015.920741909151,0.003131756235056301
2025-03-07 16:00:00,0.0,1482.175277560901,-0.04273212728021612,4996.469071067293,0.003877986085253376
2025-03-07 20:00:00,0.0,1482.175277560901,-0.04273212728021612,4855.091174967565,0.028295561143046828
2025-03-08 00:00:00,0.0,1482.175277560901,-0.04273212728021612,4831.91647087652,0.0047732788645724455
2025-03-08 04:00:00,0.0,1482.175277560901,-0.04273212728021612,4835.08770665061,-0.0006563101397143763
2025-03-08 08:00:00,0.0,1482.175277560901,-0.04273212728021612,4782.862931837676,0.010801205268954863
2025-03-08 12:00:00,0.0,1482.175277560901,-0.04273212728021612,4860.1055634569275,-0.01614987356319077
2025-03-08 16:00:00,0.0,1482.175277560901,-0.04273212728021612,4894.049789565254,-0.006984256960085898
2025-03-08 20:00:00,0.0,1482.175277560901,-0.04273212728021612,4841.003999129007,0.010838833423670424
2025-03-09 00:00:00,0.0,1482.175277560901,-0.04273212728021612,4821.898236324936,0.003946652968580132
2025-03-09 04:00:00,0.0,1482.175277560901,-0.04273212728021612,4838.384386058666,-0.0034190165212390094
2025-03-09 08:00:00,0.0,1482.175277560901,-0.04273212728021612,4724.808314358814,0.023473966232842085
2025-03-09 12:00:00,0.0,1482.175277560901,-0.04273212728021612,4588.935686765611,0.028757278296408856
2025-03-09 16:00:00,0.0,1482.175277560901,-0.04273212728021612,4496.295775717601,0.020187668202712387
2025-03-09 20:00:00,0.0,1482.175277560901,-0.04273212728021612,4429.122905118572,0.014939602274787791
2025-03-10 00:00:00,0.0,1482.175277560901,-0.04273212728021612,4491.858673130089,-0.014164377317011383
2025-03-10 04:00:00,0.0,1482.175277560901,-0.04273212728021612,4528.705012308627,-0.008202915955248167
2025-03-10 08:00:00,0.0,1482.175277560901,-0.04273212728021612,4601.370596440902,-0.016045554730276308
2025-03-10 12:00:00,0.0,1482.175277560901,-0.04273212728021612,4366.01171345809,0.051149734204165055
2025-03-10 16:00:00,0.0,1482.175277560901,-0.04273212728021612,4232.169138912639,0.03065556927684941
2025-03-10 20:00:00,0.0,1482.175277560901,-0.04273212728021612,4158.249745649262,0.01746607728498493
2025-03-11 00:00:00,0.0,1482.175277560901,-0.04273212728021612,4215.921579502992,-0.013869256870410946
2025-03-11 04:00:00,0.0,1482.175277560901,-0.04273212728021612,4328.6466247251465,-0.026737936912821465
2025-03-11 08:00:00,0.0,1482.175277560901,-0.04273212728021612,4380.959998596967,-0.01208538797623447
2025-03-11 12:00:00,0.0,1482.175277560901,-0.04273212728021612,4370.330398140518,0.002426317624414111
2025-03-11 16:00:00,0.0,1482.175277560901,-0.04273212728021612,4461.09096497163,-0.02076743828561061
2025-03-11 20:00:00,0.0,1482.175277560901,-0.04273212728021612,4404.5692113677915,0.012669939718253889
2025-03-12 00:00:00,0.0,1482.175277560901,-0.04273212728021612,4338.540498040263,0.014990958288750285
2025-03-12 04:00:00,0.0,1482.175277560901,-0.04273212728021612,4406.938521887078,-0.015765215025124686
2025-03-12 08:00:00,0.0,1482.175277560901,-0.04273212728021612,4473.052137071525,-0.015002164168184466
2025-03-12 12:00:00,0.0,1482.175277560901,-0.04273212728021612,4406.502137950922,0.014877984222239151
2025-03-12 16:00:00,0.0,1482.175277560901,-0.04273212728021612,4461.765403993393,-0.012541300176962946
2025-03-12 20:00:00,0.0,1482.175277560901,-0.04273212728021612,4512.636000119783,-0.011401450215392137
2025-03-13 00:00:00,0.0,1482.175277560901,-0.04273212728021612,4495.763394095146,0.0037389689804781918
2025-03-13 04:00:00,0.0,1482.175277560901,-0.04273212728021612,4471.864139974116,0.005315950157078785
2025-03-13 08:00:00,0.0,1482.175277560901,-0.04273212728021612,4525.657705462921,-0.012029338057912382
2025-03-13 12:00:00,0.0,1482.175277560901,-0.04273212728021612,4452.4293702252935,0.016180705657264687
2025-03-13 16:00:00,0.0,1482.175277560901,-0.04273212728021612,4389.775320130775,0.014071879615542888
2025-03-13 20:00:00,0.0,1482.175277560901,-0.04273212728021612,4433.739791440285,-0.010015198524602547
2025-03-14 00:00:00,0.0,1482.175277560901,-0.04273212728021612,4479.666715710203,-0.010358506910708356
2025-03-14 04:00:00,0.0,1482.175277560901,-0.04273212728021612,4479.730953541408,-1.4339868405583672e-05
2025-03-14 08:00:00,0.0,1482.175277560901,-0.04273212728021612,4517.976713444066,-0.008537512698708838
2025-03-14 12:00:00,0.0,1482.175277560901,-0.04273212728021612,4611.712184906711,-0.020747223239047985
2025-03-14 16:00:00,0.0,1482.175277560901,-0.04273212728021612,4624.875944731215,-0.002854419204127212
2025-03-14 20:00:00,0.0,1482.175277560901,-0.04273212728021612,4595.307954441917,0.006393250466098114
2025-03-15 00:00:00,0.0,1482.175277560901,-0.04273212728021612,4646.911228094571,-0.011229557227557172
2025-03-15 04:00:00,0.0,1482.175277560901,-0.04273212728021612,4604.772560079061,0.009068102648646532
2025-03-15 08:00:00,0.0,1482.175277560901,-0.04273212728021612,4634.576590015941,-0.006472421720730592
2025-03-15 12:00:00,0.0,1482.175277560901,-0.04273212728021612,4661.694792829437,-0.005851279461410793
2025-03-15 16:00:00,0.0,1482.175277560901,-0.04273212728021612,4662.107320651577,-8.849309971419623e-05
2025-03-15 20:00:00,0.0,1482.175277560901,-0.04273212728021612,4701.5232833545,-0.008454537828488737
2025-03-16 00:00:00,-0.004376651834209877,1475.6883124137435,-0.04692175547118534,4689.021720659873,-0.0017176066819953395
2025-03-16 04:00:00,-0.0017864050884567328,1473.0521353034715,-0.048624339296909,4663.570050238149,0.0036415225130690555
2025-03-16 08:00:00,-0.003993081758975392,1467.1701176919714,-0.052423260093595665,4511.305015468823,0.028656805157926617
2025-03-16 12:00:00,-0.00016662983226034545,1466.925643381363,-0.052581154646820095,4527.332741911985,-0.003719421405475733
2025-03-16 16:00:00,0.0,1466.925643381363,-0.052581154646820095,4498.741884964653,0.00631516581112996
2025-03-16 20:00:00,0.0,1466.925643381363,-0.052581154646820095,4498.003852185643,0.0001640531503875886
2025-03-17 00:00:00,0.0,1466.925643381363,-0.052581154646820095,4593.192753490903,-0.021162476608152656
2025-03-17 04:00:00,0.0016397038447013568,1469.3309669987066,-0.05102766832355187,4595.30316593745,0.0011802385969292522
2025-03-17 08:00:00,0.00036056351273550113,1469.8607541335386,-0.05068550352615383,4601.942103915396,-0.0010841590089811465
2025-03-17 12:00:00,-0.0003181854938875128,1469.3930657635387,-0.05098756162806897,4592.955632853057,0.001634570724990847
2025-03-17 16:00:00,-0.0008514432652777515,1468.1419609336485,-0.05179559187738558,4640.261386728371,-0.011151075497067666
2025-03-17 20:00:00,0.001566607161433753,1470.4419626436486,-0.05031012806111763,4607.9052194115875,0.008539526275284886
2025-03-18 00:00:00,-0.001508748559251205,1468.2234354510474,-0.05174297128714092,4534.072166578231,0.014514378939622121
2025-03-18 04:00:00,0.0020799758133092094,1471.2773046853195,-0.04977061960261765,4559.689588079261,-0.0035700051662308175
2025-03-18 08:00:00,-0.0008548432063845146,1470.0195932767015,-0.050582916732957325,4524.390785547456,0.006886649246103683
2025-03-18 12:00:00,-0.0016125467380445624,1467.6491179767015,-0.05211389615362339,4471.891386432329,0.009991092647577979
2025-03-18 16:00:00,0.002015350801217286,1470.6069458025218,-0.05020357313477383,4521.6736004127615,-0.009116899443381994
2025-03-18 20:00:00,-0.0019125007657743165,1467.7944088925215,-0.05202005952848325,4557.6163690974345,-0.009861497500388736
2025-03-19 00:00:00,-0.0040251979377294855,1461.8862458648364,-0.05583586642987814,4578.906198977997,-0.008696462071524493
2025-03-19 04:00:00,-0.0013636355354451624,1459.8927658311966,-0.05712336219370714,4557.351013059519,0.003343861185778103
2025-03-19 08:00:00,0.0007452774094653947,1460.9807909298127,-0.05642065753563734,4660.379356107399,-0.02186179032629676
2025-03-19 12:00:00,-0.0032318909045990774,1456.2590603998126,-0.05947020303031551,4773.48819264554,-0.027502197653321434
2025-03-19 16:00:00,-0.008838844377576649,1443.3874131915027,-0.06778339953820431,4747.428939041932,-0.00337968064826079
2025-03-19 20:00:00,0.012821213687553845,1461.8933916499566,-0.055831251300598565,4814.8820308370205,-0.001387127850824621
2025-03-20 00:00:00,-0.014159404839021894,1441.193851286094,-0.06920011884978612,4750.814580656595,-0.0008532740200104839
2025-03-20 04:00:00,-0.0035044600011389093,1436.1432450803745,-0.07246206980234195,4734.666194334214,-0.00010538263277956204
2025-03-20 08:00:00,-0.004467524884690377,1429.727239394998,-0.07660586858699421,4706.093412323972,0.001567279014354066
2025-03-20 12:00:00,-0.00407446828173641,1423.9018611065485,-0.08036820868697801,4663.721701696292,0.004929116414801982
2025-03-20 16:00:00,-0.00032561493527083485,1423.4382173942122,-0.08066765453317946,4649.592708662176,0.0027039382709114212
2025-03-20 20:00:00,0.0,1423.4382173942122,-0.08066765453317946,4654.723481662331,-0.0011034886971058588
2025-03-21 00:00:00,0.0,1423.4382173942122,-0.08066765453317946,4653.963672871123,0.0001632339266125176
2025-03-21 04:00:00,0.0,1423.4382173942122,-0.08066765453317946,4640.919130766724,0.0028028886818430537
2025-03-21 08:00:00,0.0,1423.4382173942122,-0.08066765453317946,4615.553057017608,0.005465743537945568
2025-03-21 12:00:00,0.0,1423.4382173942122,-0.08066765453317946,4594.564364684885,0.004547384045517815
2025-03-21 16:00:00,0.0,1423.4382173942122,-0.08066765453317946,4646.928096830003,-0.011396887275668677
2025-03-21 20:00:00,0.0,1423.4382173942122,-0.08066765453317946,4645.553201582235,0.000295871857519273
2025-03-22 00:00:00,0.0,1423.4382173942122,-0.08066765453317946,4661.569397998143,-0.003447640296198262
2025-03-22 04:00:00,0.0,1423.4382173942122,-0.08066765453317946,4668.836941904226,-0.001559033725681209
2025-03-22 08:00:00,0.0,1423.4382173942122,-0.08066765453317946,4676.174729096988,-0.001571652058974915
2025-03-22 12:00:00,0.0,1423.4382173942122,-0.08066765453317946,4657.271073158471,0.004042546960636694
2025-03-22 16:00:00,0.0,1423.4382173942122,-0.08066765453317946,4672.8543007989665,-0.0033459997057733964
2025-03-22 20:00:00,0.0,1423.4382173942122,-0.08066765453317946,4642.890112074747,0.006412395250392484
2025-03-23 00:00:00,0.0,1423.4382173942122,-0.08066765453317946,4688.553420250769,-0.009835104228994076
2025-03-23 04:00:00,0.0,1423.4382173942122,-0.08066765453317946,4687.377183386786,0.0002508741521218668
2025-03-23 08:00:00,0.0,1423.4382173942122,-0.08066765453317946,4702.5564375136655,-0.00323832572737678
2025-03-23 12:00:00,0.0,1423.4382173942122,-0.08066765453317946,4697.5979789906605,0.001054417653225892
2025-03-23 16:00:00,0.0,1423.4382173942122,-0.08066765453317946,4672.1178366077465,0.005424078964796337
2025-03-23 20:00:00,0.0,1423.4382173942122,-0.08066765453317946,4729.328278112022,-0.012245076752133757
2025-03-24 00:00:00,0.0,1423.4382173942122,-0.08066765453317946,4816.527915385448,-0.01843805972975015
2025-03-24 04:00:00,0.004959615110658122,1430.4979230862887,-0.07610811994088552,4856.4807036463435,-0.0033353203621072636
2025-03-24 08:00:00,0.009609592372475273,1444.2444250168205,-0.06722989557727753,4920.953256636056,-0.0036659783389052826
2025-03-24 12:00:00,0.00019870266840227302,1444.5314002378966,-0.06704455166852277,4925.41261669897,-0.0007074957509590434
2025-03-24 16:00:00,-0.00331488708216765,1439.7429417594624,-0.07013719363243476,4923.214928067041,-0.002868693270002926
2025-03-24 20:00:00,-0.005467785777355072,1431.8707357794626,-0.07522148425998282,4901.90279577128,-0.0011388802537995058
2025-03-25 00:00:00,-0.01245101612893218,1414.0424901537265,-0.08673591647515179,4849.7239943969735,-0.0018064147265301391
2025-03-25 04:00:00,0.0076554981470891015,1424.8676898170036,-0.0797444249759243,4888.844861246909,-0.00041111902434845873
2025-03-25 08:00:00,0.010969798376003315,1440.4982010867777,-0.0696494068635172,4949.537531341288,-0.0014447232169152134
2025-03-25 12:00:00,0.006997837715031485,1450.5785737267777,-0.06313896439466488,4969.655737372805,0.0029331739148025383
2025-03-25 16:00:00,0.006274846262720679,1459.6807312689098,-0.05726030542670816,4987.877411444801,0.002608259473827828
2025-03-25 20:00:00,-0.004560653735706244,1453.0236328889098,-0.061559814736562406,4959.009155155606,0.001227029863525123
2025-03-26 00:00:00,-0.007753798344433016,1441.7571806497938,-0.06883629069140741,4925.218088206784,-0.0009397220054750488
2025-03-26 04:00:00,0.008823697224664695,1454.4788094833339,-0.060619984053872644,4999.541631678555,-0.006266709360524933
2025-03-26 08:00:00,0.00012921192340042964,1454.6667454878525,-0.060498604955208236,4994.458615825383,0.0011459082983167335
2025-03-26 12:00:00,-0.029551879830787664,1411.6786086313525,-0.08826263728242928,4868.981378380625,-0.004428588780347829
2025-03-26 16:00:00,-0.0007242853191167242,1410.6561505398097,-0.08892299526913583,4821.8243740927555,0.008960903557812998
2025-03-26 20:00:00,0.0,1410.6561505398097,-0.08892299526913583,4820.6679434142,0.00023983260045076386
2025-03-27 00:00:00,0.0,1410.6561505398097,-0.08892299526913583,4882.110161560082,-0.012745581912527821
2025-03-27 04:00:00,0.0,1410.6561505398097,-0.08892299526913583,4871.838905002454,0.002103855959355218
2025-03-27 08:00:00,0.0,1410.6561505398097,-0.08892299526913583,4835.997778911445,0.007356796230312125
2025-03-27 12:00:00,0.0,1410.6561505398097,-0.08892299526913583,4841.333812624567,-0.0011033987104774085
2025-03-27 16:00:00,0.0,1410.6561505398097,-0.08892299526913583,4854.198339048767,-0.002657227723205694
2025-03-27 20:00:00,0.0,1410.6561505398097,-0.08892299526913583,4854.002201397443,4.040577611877768e-05
2025-03-28 00:00:00,0.0,1410.6561505398097,-0.08892299526913583,4813.9176144054945,0.00825804878712417
2025-03-28 04:00:00,0.0,1410.6561505398097,-0.08892299526913583,4650.5752340200515,0.03393127873577357
2025-03-28 08:00:00,0.0,1410.6561505398097,-0.08892299526913583,4654.469099921337,-0.0008372869387858829
2025-03-28 12:00:00,0.0,1410.6561505398097,-0.08892299526913583,4577.869844377254,0.016457141276408436
2025-03-28 16:00:00,0.0,1410.6561505398097,-0.08892299526913583,4559.689277569734,0.003971403169063478
2025-03-28 20:00:00,0.0,1410.6561505398097,-0.08892299526913583,4609.221628936285,-0.010863097976920042
2025-03-29 00:00:00,0.0,1410.6561505398097,-0.08892299526913583,4586.714079125229,0.0048831563381018794
2025-03-29 04:00:00,0.0,1410.6561505398097,-0.08892299526913583,4507.01156322059,0.017376822389556908
2025-03-29 08:00:00,0.0,1410.6561505398097,-0.08892299526913583,4444.638707001167,0.013839071709603665
2025-03-29 12:00:00,0.0,1410.6561505398097,-0.08892299526913583,4467.920446390194,-0.005238162407296164
2025-03-29 16:00:00,0.0,1410.6561505398097,-0.08892299526913583,4467.523722588984,8.879383730543897e-05
2025-03-29 20:00:00,0.0,1410.6561505398097,-0.08892299526913583,4452.172506641892,0.003436180063123676
2025-03-30 00:00:00,0.0,1410.6561505398097,-0.08892299526913583,4490.719867475639,-0.008658101359783574
2025-03-30 04:00:00,0.0,1410.6561505398097,-0.08892299526913583,4482.076854169599,0.001924638712968298
2025-03-30 08:00:00,0.0,1410.6561505398097,-0.08892299526913583,4465.012431339546,0.003807257971085149
2025-03-30 12:00:00,0.0,1410.6561505398097,-0.08892299526913583,4436.792365702336,0.006320265860658306
2025-03-30 16:00:00,0.0,1410.6561505398097,-0.08892299526913583,4435.743897265616,0.00023631226126891964
2025-03-30 20:00:00,0.0,1410.6561505398097,-0.08892299526913583,4408.552499031605,0.006130064959514958
2025-03-31 00:00:00,0.0,1410.6561505398097,-0.08892299526913583,4359.515245807314,0.011123209542148673
2025-03-31 04:00:00,0.0,1410.6561505398097,-0.08892299526913583,4355.184916435123,0.0009933052479527773
2025-03-31 08:00:00,0.0,1410.6561505398097,-0.08892299526913583,4360.21217434347,-0.0011543156042295802
2025-03-31 12:00:00,0.0,1410.6561505398097,-0.08892299526913583,4434.680598242612,-0.01707908260458781
2025-03-31 16:00:00,0.0,1410.6561505398097,-0.08892299526913583,4395.497213712603,0.00883567230197746
2025-03-31 20:00:00,0.0,1410.6561505398097,-0.08892299526913583,4400.207044376291,-0.0010715126036243059
2025-04-01 00:00:00,0.0,1410.6561505398097,-0.08892299526913583,4436.966961705395,-0.008354133557439145
2025-04-01 04:00:00,0.0,1410.6561505398097,-0.08892299526913583,4457.92830383317,-0.004724250216124358
2025-04-01 08:00:00,0.0,1410.6561505398097,-0.08892299526913583,4488.170778755788,-0.006783975169949409
2025-04-01 12:00:00,0.0,1410.6561505398097,-0.08892299526913583,4574.116665689668,-0.019149424380349833
2025-04-01 16:00:00,0.0,1410.6561505398097,-0.08892299526913583,4517.586760034942,0.012358649721104564
2025-04-01 20:00:00,0.0,1410.6561505398097,-0.08892299526913583,4530.140949179231,-0.002778959168056372
2025-04-02 00:00:00,0.0,1410.6561505398097,-0.08892299526913583,4458.1171875723785,0.015898790438275707
2025-04-02 04:00:00,0.0,1410.6561505398097,-0.08892299526913583,4450.683548798654,0.0016674390692212565
2025-04-02 08:00:00,0.0,1410.6561505398097,-0.08892299526913583,4468.750639725875,-0.004059396883451424
2025-04-02 12:00:00,0.0,1410.6561505398097,-0.08892299526913583,4571.461083186608,-0.022984151889717776
2025-04-02 16:00:00,0.0,1410.6561505398097,-0.08892299526913583,4569.704073183381,0.00038434320477745816
2025-04-02 20:00:00,0.0,1410.6561505398097,-0.08892299526913583,4274.700674255643,0.06455634636363453
2025-04-03 00:00:00,0.0,1410.6561505398097,-0.08892299526913583,4364.543399949959,-0.021017313852030015
2025-04-03 04:00:00,0.0,1410.6561505398097,-0.08892299526913583,4335.557586808167,0.006641201721610567
2025-04-03 08:00:00,0.0,1410.6561505398097,-0.08892299526913583,4282.481664453231,0.012242006083930303
2025-04-03 12:00:00,0.0,1410.6561505398097,-0.08892299526913583,4227.821806632962,0.012763594126735793
2025-04-03 16:00:00,0.0,1410.6561505398097,-0.08892299526913583,4263.498182600378,-0.008438476737937359
2025-04-03 20:00:00,0.0,1410.6561505398097,-0.08892299526913583,4316.722313137374,-0.012483676140453901
2025-04-04 00:00:00,0.0,1410.6561505398097,-0.08892299526913583,4289.145597633818,0.006388345949339712
2025-04-04 04:00:00,0.0,1410.6561505398097,-0.08892299526913583,4368.504404632995,-0.018502241342181498
2025-04-04 08:00:00,0.0,1410.6561505398097,-0.08892299526913583,4256.135961573908,0.025722405805500653
2025-04-04 12:00:00,0.0,1410.6561505398097,-0.08892299526913583,4333.549810893695,-0.018188763239405485
2025-04-04 16:00:00,0.0,1410.6561505398097,-0.08892299526913583,4381.170440333125,-0.01098882706268199
2025-04-04 20:00:00,0.0,1410.6561505398097,-0.08892299526913583,4386.843649317373,-0.0012949071627117131
2025-04-05 00:00:00,0.0,1410.6561505398097,-0.08892299526913583,4361.255443870854,0.005832942199911976
2025-04-05 04:00:00,0.0,1410.6561505398097,-0.08892299526913583,4371.001302720552,-0.002234645270181436
2025-04-05 08:00:00,0.0,1410.6561505398097,-0.08892299526913583,4377.9832022217515,-0.0015973226768096602
2025-04-05 12:00:00,0.0,1410.6561505398097,-0.08892299526913583,4306.499111507018,0.01632808702382801
2025-04-05 16:00:00,0.0,1410.6561505398097,-0.08892299526913583,4311.506085568322,-0.0011626553104183543
2025-04-05 20:00:00,0.0,1410.6561505398097,-0.08892299526913583,4350.971849436131,-0.009153591131393897
2025-04-06 00:00:00,0.0,1410.6561505398097,-0.08892299526913583,4319.527235380945,0.007227032291477904
2025-04-06 04:00:00,0.0,1410.6561505398097,-0.08892299526913583,4282.278232229815,0.008623398145525167
2025-04-06 08:00:00,0.0,1410.6561505398097,-0.08892299526913583,4270.817759457455,0.002676255990585709
2025-04-06 12:00:00,0.0,1410.6561505398097,-0.08892299526913583,4222.0994486706795,0.011407255830313181
2025-04-06 16:00:00,0.0,1410.6561505398097,-0.08892299526913583,4004.188294670171,0.05161203724585812
2025-04-06 20:00:00,0.0,1410.6561505398097,-0.08892299526913583,3916.1298583642124,0.02199158226978732
2025-04-07 00:00:00,0.0,1410.6561505398097,-0.08892299526913583,3823.151464245392,0.023742418530946687
2025-04-07 04:00:00,0.0,1410.6561505398097,-0.08892299526913583,3612.14196634584,0.055192555114004796
2025-04-07 08:00:00,0.0,1410.6561505398097,-0.08892299526913583,3727.029495625624,-0.03180592854604997
2025-04-07 12:00:00,0.0,1410.6561505398097,-0.08892299526913583,3910.0052164210388,-0.049094250799509895
2025-04-07 16:00:00,0.0,1410.6561505398097,-0.08892299526913583,3914.639687577877,-0.0011852851595631447
2025-04-07 20:00:00,0.0,1410.6561505398097,-0.08892299526913583,3945.495177725607,-0.007882076668675861
2025-04-08 00:00:00,0.0,1410.6561505398097,-0.08892299526913583,4016.9837714144687,-0.018119042216158978
2025-04-08 04:00:00,0.0,1410.6561505398097,-0.08892299526913583,3971.3150512986085,0.011368908294040612
2025-04-08 08:00:00,0.0,1410.6561505398097,-0.08892299526913583,4062.0773974549024,-0.02285448144604252
2025-04-08 12:00:00,0.0,1410.6561505398097,-0.08892299526913583,3963.4908551693793,0.024269981253260315
2025-04-08 16:00:00,0.0,1410.6561505398097,-0.08892299526913583,3813.109860061575,0.03794155218288694
2025-04-08 20:00:00,0.0,1410.6561505398097,-0.08892299526913583,3812.8228567272117,7.526752307079094e-05
2025-04-09 00:00:00,0.0,1410.6561505398097,-0.08892299526913583,3733.781322157499,0.02073045025688896
2025-04-09 04:00:00,0.0,1410.6561505398097,-0.08892299526913583,3886.3554950498037,-0.040863178565621716
2025-04-09 08:00:00,0.0,1410.6561505398097,-0.08892299526913583,3789.9104595246326,0.024816318437162206
2025-04-09 12:00:00,0.0,1410.6561505398097,-0.08892299526913583,3881.0944796347057,-0.024059676629275963
2025-04-09 16:00:00,0.0,1410.6561505398097,-0.08892299526913583,4239.853727399903,-0.09243764861889267
2025-04-09 20:00:00,0.0,1410.6561505398097,-0.08892299526913583,4255.714015722057,-0.0037407630880418796
2025-04-10 00:00:00,0.0,1410.6561505398097,-0.08892299526913583,4160.31600234863,0.02241645303725659
2025-04-10 04:00:00,0.0,1410.6561505398097,-0.08892299526913583,4153.679685274289,0.0015951473567376664
2025-04-10 08:00:00,0.0,1410.6561505398097,-0.08892299526913583,4150.322958720306,0.0008081332236291752
2025-04-10 12:00:00,0.0,1410.6561505398097,-0.08892299526913583,3999.8131637327274,0.0362645983179068
2025-04-10 16:00:00,0.0,1410.6561505398097,-0.08892299526913583,4060.58219241688,-0.015192966820340548
2025-04-10 20:00:00,0.0,1410.6561505398097,-0.08892299526913583,4091.6746628411865,-0.007657145933992486
2025-04-11 00:00:00,0.0,1410.6561505398097,-0.08892299526913583,4156.67921014168,-0.015887027356020544
2025-04-11 04:00:00,0.0,1410.6561505398097,-0.08892299526913583,4175.364137757279,-0.004495157473304693
2025-04-11 08:00:00,0.0,1410.6561505398097,-0.08892299526913583,4199.8228529595235,-0.0058578639839019465
2025-04-11 12:00:00,0.0,1410.6561505398097,-0.08892299526913583,4224.095788982018,-0.005779514249128466
2025-04-11 16:00:00,0.0,1410.6561505398097,-0.08892299526913583,4261.800197616292,-0.008926030686288071
2025-04-11 20:00:00,0.0,1410.6561505398097,-0.08892299526913583,4245.783979259093,0.00375808757204475
2025-04-12 00:00:00,0.0,1410.6561505398097,-0.08892299526913583,4219.236576208552,0.0062526504363450575
2025-04-12 04:00:00,0.0,1410.6561505398097,-0.08892299526913583,4288.787167501696,-0.016484164857056522
2025-04-12 08:00:00,0.0,1410.6561505398097,-0.08892299526913583,4302.588030326592,-0.003217894077251355
2025-04-12 12:00:00,0.0,1410.6561505398097,-0.08892299526913583,4468.9970641984155,-0.03867649719166628
2025-04-12 16:00:00,-0.0025248140979665656,1407.0945060035435,-0.09122329533501346,4441.888895967389,0.0035410140602554364
2025-04-12 20:00:00,0.0022300374186750016,1410.2323794035435,-0.08919668927839033,4474.114092522874,-0.00502480332818405
2025-04-13 00:00:00,-0.0017950795928545205,1407.7009000380936,-0.09083165371457103,4447.31429320414,0.004194888200662716
2025-04-13 04:00:00,-0.0024667855361049096,1404.2284038187177,-0.09307437704107238,4396.445876092135,0.008971222609561038
2025-04-13 08:00:00,0.0005809931502462895,1405.0442509027175,-0.09254745946635046,4421.136520687488,-0.005035053377158927
2025-04-13 12:00:00,-0.005867204934599357,1396.8005683404906,-0.09787166949008423,4368.785100738721,0.0059739629876764955
2025-04-13 16:00:00,-0.0021693825144862844,1393.7703736113083,-0.09982873091611512,4356.017728236441,0.0007530254794706958
2025-04-13 20:00:00,-0.0010868843047473487,1392.2555064678083,-0.10080711294006686,4352.0017932201345,-0.00016495623492467678
2025-04-14 00:00:00,0.004304954464200206,1398.2491030256842,-0.09693612850674115,4413.872958162466,-0.009911759563518847
2025-04-14 04:00:00,0.0002316203441985465,1398.5729659642022,-0.09672696054199269,4421.235568292048,-0.0014364408345826879
2025-04-14 08:00:00,0.004916130816857045,1405.448533621802,-0.09228635211667707,4475.328333865698,-0.007318631330084242
2025-04-14 12:00:00,-0.00795107123602945,1394.273712212402,-0.09950364799291347,4371.870423275272,0.015166318790427465
2025-04-14 16:00:00,0.006118682949906473,1402.8048310028187,-0.09399379631743482,4426.137929803074,-0.006294197870826381
2025-04-14 20:00:00,-0.0031959650849613386,1398.3215157419186,-0.09688936051116266,4389.878674029373,0.004996110342592048
2025-04-15 00:00:00,0.0027917470703389125,1402.225275736883,-0.09436810402917771,4430.678044668576,-0.0065022160818944495
2025-04-15 04:00:00,-0.002070712493853266,1399.321670339218,-0.0962434073109965,4435.210551287692,-0.0030936951103786342
2025-04-15 08:00:00,-0.0006428348410939533,1398.422137615626,-0.09682437353664534,4420.631160951698,0.002644357540733888
2025-04-15 12:00:00,-0.003899411914486506,1392.969113670726,-0.10034622733535033,4364.62099785601,0.008770761428731202
2025-04-15 16:00:00,-0.0029756470278582414,1388.8241292677335,-0.10302327941008131,4326.162194045405,0.005835840574271762
2025-04-15 20:00:00,-0.004718701216730237,1382.2706831591336,-0.10725584455290764,4274.766935144258,0.007161403272160352
2025-04-16 00:00:00,-0.00022526853894955234,1381.9593010619055,-0.10745695172446093,4281.149760180917,-0.0017184084301989447
2025-04-16 04:00:00,-0.0023841657887647694,1378.6644809748484,-0.10958492232515935,4228.126513437033,0.010001116136444657
2025-04-16 08:00:00,-0.00011318099243040614,1378.5084423606631,-0.10968570038732556,4275.6452933518385,-0.011351912795698567
2025-04-16 12:00:00,0.0,1378.5084423606631,-0.10968570038732556,4304.418802478155,-0.0067296296002515065
2025-04-16 16:00:00,0.0,1378.5084423606631,-0.10968570038732556,4328.162573802667,-0.005516138743479512
2025-04-16 20:00:00,0.0,1378.5084423606631,-0.10968570038732556,4294.889351548539,0.007687609161338339
2025-04-17 00:00:00,0.0,1378.5084423606631,-0.10968570038732556,4295.559091575219,-0.00015593883144832916
2025-04-17 04:00:00,0.0,1378.5084423606631,-0.10968570038732556,4355.401479568854,-0.01393122215708826
2025-04-17 08:00:00,0.0,1378.5084423606631,-0.10968570038732556,4347.048792567296,0.0019177765909158856
2025-04-17 12:00:00,0.0,1378.5084423606631,-0.10968570038732556,4334.803365627198,0.0028169518044140395
2025-04-17 16:00:00,0.0,1378.5084423606631,-0.10968570038732556,4332.7544095383055,0.00047267567085963947
2025-04-17 20:00:00,0.0,1378.5084423606631,-0.10968570038732556,4339.888721584565,-0.0016465996850768075
2025-04-18 00:00:00,0.0,1378.5084423606631,-0.10968570038732556,4330.72208299105,0.0021121828649487734
2025-04-18 04:00:00,0.0,1378.5084423606631,-0.10968570038732556,4339.153938266485,-0.0019469860022999536
2025-04-18 08:00:00,0.0,1378.5084423606631,-0.10968570038732556,4344.840907892847,-0.0013106171634540262
2025-04-18 12:00:00,0.0,1378.5084423606631,-0.10968570038732556,4322.398967220532,0.005165192730428004
2025-04-18 16:00:00,0.0,1378.5084423606631,-0.10968570038732556,4358.4983400425135,-0.008351698465538562
2025-04-18 20:00:00,0.0,1378.5084423606631,-0.10968570038732556,4346.038028112517,0.0028588543479575973
2025-04-19 00:00:00,0.0,1378.5084423606631,-0.10968570038732556,4393.732369294186,-0.010974211655111255
2025-04-19 04:00:00,-0.00028838559280619513,1378.1109003863246,-0.10994245420440321,4403.983912146313,-0.0026216052772296866
2025-04-19 08:00:00,-5.624174051366282e-06,1378.1031496507587,-0.10994746004295651,4395.439945276784,0.0019344298860836265
2025-04-19 12:00:00,0.00026111865435551884,1378.4629980907587,-0.10971505072141718,4398.430342107107,-0.000419222077756449
2025-04-19 16:00:00,-0.0003681841596916424,1377.9554698501406,-0.11004283953735343,4419.325823832489,-0.005118852034397976
2025-04-19 20:00:00,0.0016829450085584785,1380.2744931301406,-0.10854509057632203,4422.138410306009,0.0010465161536520962
2025-04-20 00:00:00,0.0015583147406819098,1382.4253952189727,-0.1071559232503138,4429.491565408717,-0.0001044905404849869
2025-04-20 04:00:00,-0.0019724562021707914,1379.6986216741345,-0.10891701908707022,4398.760935446966,0.0049652768328653585
2025-04-20 08:00:00,-0.004699971975717143,1373.2140768173306,-0.11310508412539945,4336.401025095133,0.009476727160012657
2025-04-20 12:00:00,-0.0006405625567418305,1372.3344472973306,-0.11367319580027341,4334.938800868811,-0.0003033649087705394
2025-04-20 16:00:00,0.0018155272842903525,1374.8259579295704,-0.11206404530445091,4373.23465637962,-0.00701870481677948
2025-04-20 20:00:00,0.0009597173172282147,1376.1454022095704,-0.11121187779213997,4382.018530242647,-0.0010488357454832486
2025-04-21 00:00:00,0.0022024165991265665,1379.1762476862084,-0.1092543960786829,4473.948542398468,-0.01877650248151224
2025-04-21 04:00:00,0.002884612531859787,1383.1546367739275,-0.10668494014691242,4517.296504958018,-0.006804359558174726
2025-04-21 08:00:00,-0.006395667692245199,1374.3084393501333,-0.11239828641421089,4487.5038289438235,0.00019957704794294935
2025-04-21 12:00:00,0.0056578009545489305,1382.0840029501333,-0.10737641259182587,4490.870701795077,0.0049075235220177316
2025-04-21 16:00:00,-0.009117987537546668,1369.4821782353913,-0.11551534333753383,4419.516065831908,0.006770832404351675
2025-04-21 20:00:00,-0.0007155954077183724,1368.5021830776939,-0.11614827649603886,4414.477312669268,0.0004245188237007116
2025-04-22 00:00:00,0.0,1368.5021830776939,-0.11614827649603886,4433.03919771416,-0.004204775272402103
2025-04-22 04:00:00,0.0,1368.5021830776939,-0.11614827649603886,4483.926997059559,-0.011479212584368665
2025-04-22 08:00:00,0.0,1368.5021830776939,-0.11614827649603886,4505.54352503532,-0.004820892041716223
2025-04-22 12:00:00,0.0,1368.5021830776939,-0.11614827649603886,4649.18947602361,-0.03188204712486103
2025-04-22 16:00:00,-0.002163526897853374,1365.5413917948342,-0.11806051347355374,4642.258411509385,-0.0006727155317067959
2025-04-22 20:00:00,0.023847063586405426,1398.1055441948342,-0.0970288464589958,4770.107304733952,-0.0036931726287083855
2025-04-23 00:00:00,0.0015353858863411673,1400.2521757150064,-0.0956424372940757,4813.601661469342,-0.007582722775957682
2025-04-23 04:00:00,0.005923269057027447,1408.5462460994545,-0.09028568412641091,4859.5931277330255,-0.003631212077509367
2025-04-23 08:00:00,-0.0013497177549929296,1406.6451062223655,-0.09151354169051669,4847.539201909899,0.0011307215546967342
2025-04-23 12:00:00,-0.00494889176253932,1399.6837718433653,-0.09600954284042305,4810.390613193641,0.002714499324967955
2025-04-23 16:00:00,-0.0040270419103373145,1394.047186632933,-0.09964995029794967,4794.545857591958,-0.0007331814163009176
2025-04-23 20:00:00,0.0024989808474946695,1397.5308838528326,-0.09739999276770334,4810.017250136483,-0.0007278925632635707
2025-04-24 00:00:00,-0.020316952842573288,1369.137314789555,-0.11573807455034818,4730.419290815482,-0.003768579898850013
2025-04-24 04:00:00,-0.0034912583039383716,1364.357302770064,-0.11882526134043078,4709.306133746152,0.0009720156198600293
2025-04-24 08:00:00,0.003886066691433543,1369.659286239573,-0.1154009575391931,4724.316891900524,0.0006985996361901065
2025-04-24 12:00:00,-0.00047369046505185697,1369.0104916953117,-0.11581998367100076,4805.233458032888,-0.017601365848362676
2025-04-24 16:00:00,0.00036125371762385505,1369.5050518249027,-0.11550057035305315,4814.556044842155,-0.0015788365799000368
2025-04-24 20:00:00,-0.0019077445613788768,1366.8923860105028,-0.11718796932950484,4825.757500907057,-0.004234325862037456
2025-04-25 00:00:00,-0.003228139023356169,1362.479867358494,-0.12003780929600054,4786.618148343873,0.004882370581783995
2025-04-25 04:00:00,0.0032870373228501837,1366.9583895341332,-0.11714534073245955,4839.376604695226,-0.007735036031717848
2025-04-25 08:00:00,-0.0006942161877852016,1366.0094248920898,-0.11775823272838468,4858.719609972937,-0.004691219698308499
2025-04-25 12:00:00,-0.0031089754089620447,1361.7625351816898,-0.12050110068759139,4857.259868005504,-0.0028085378277447853
2025-04-25 16:00:00,-0.0025096733775542557,1358.3449560005936,-0.12270835566078399,4836.7193454122935,0.0017191558700858645
2025-04-25 20:00:00,-0.004412512834477189,1352.3512414485936,-0.1265794163010104,4805.259488766038,0.0020918663530595794
2025-04-26 00:00:00,0.0034865603786431443,1357.066295705037,-0.12353418269999422,4841.072464891526,-0.003966310004155847
2025-04-26 04:00:00,0.0006986115226061962,1358.014357856157,-0.12292187358085802,4848.79598289219,-0.0008968031415364905
2025-04-26 08:00:00,-0.011481366860698117,1342.422496811515,-0.13299192931577,4785.909059210182,0.0014882288706731892
2025-04-26 12:00:00,0.0027709566000535535,1346.142291289115,-0.13058948758000793,4809.8087330794115,-0.0022228018632912683
2025-04-26 16:00:00,-0.0012846002454649508,1344.4130365712942,-0.1317063325376725,4814.576930833697,-0.002275948970309646
2025-04-26 20:00:00,0.0011752913090083972,1345.9931135288941,-0.13068583453663696,4825.030198725595,-0.000995879292701729
2025-04-27 00:00:00,-0.002817815549467362,1342.2003532041165,-0.13313540150945183,4795.3426176864305,0.0033350124778070657
2025-04-27 04:00:00,-0.0016947075695866731,1339.9257161056396,-0.13460448350632045,4780.514058132168,0.0013975760765433704
2025-04-27 08:00:00,-0.0007466633870667483,1338.9252426320343,-0.13525064265381803,4776.419070346309,0.00010993649655728036
2025-04-27 12:00:00,-7.341970027141542e-05,1338.8269391420345,-0.13531413229244424,4784.309895338915,-0.0017254575295303973
2025-04-27 16:00:00,0.0020285054505926325,1341.5427568854843,-0.13356011229674905,4848.9502531100825,-0.011482399817927329
2025-04-27 20:00:00,-0.0026484810728274466,1337.9897062854843,-0.13585486194007387,4790.920345765095,0.009319038558409765
2025-04-28 00:00:00,0.0003541397359974052,1338.4635416068354,-0.13554883380901797,4797.796773793899,-0.0010811644503647053
2025-04-28 04:00:00,0.0032322436401586163,1342.7897818767783,-0.13275471702486943,4884.62209360506,-0.014864671236563907
2025-04-28 08:00:00,0.0002970894903988608,1343.1887106087888,-0.13249706756569957,4890.53757366754,-0.000913952008640116
2025-04-28 12:00:00,-0.010707805144655524,1328.8061076230888,-0.14178611992862336,4756.445530354485,0.016710866380343088
2025-04-28 16:00:00,0.0057081712039466215,1336.3911603822514,-0.13688728817157253,4829.919087573929,-0.009738985028696603
2025-04-28 20:00:00,0.001159074534253124,1337.9401373440514,-0.13588687620710208,4826.020789498082,0.001966189105980866
2025-04-29 00:00:00,-0.0022285959921971576,1334.9584093161668,-0.13781263525159188,4819.091000325607,-0.0007926740443359487
2025-04-29 04:00:00,0.000777840159418286,1335.996793578086,-0.1371419912943476,4856.876365851353,-0.007062925977430523
2025-04-29 08:00:00,0.0013508427341197837,1337.8015151394984,-0.13597640582271042,4857.566521753617,0.0012087440166975716
2025-04-29 12:00:00,-0.0009795454957781669,1336.4910776910983,-0.13682275624263282,4833.556005153023,0.003963365011585626
2025-04-29 16:00:00,0.0016714773783859105,1338.7249922938736,-0.1353799750061549,4842.01430070912,-7.84341871532218e-05
2025-04-29 20:00:00,-0.010069013820981021,1325.2453518439738,-0.1440858459877149,4771.730808490021,0.004446327905458403
2025-04-30 00:00:00,0.002791832358197688,1328.9452146998028,-0.14169627715670408,4812.687462488321,-0.00579135383609221
2025-04-30 04:00:00,-0.0016463234946830774,1326.7573409696959,-0.14310932274119495,4770.690808660903,0.007079914008739609
2025-04-30 08:00:00,0.00213766977794827,1329.5935100401578,-0.1412775734374132,4800.739983831455,-0.004161035456941274
2025-04-30 12:00:00,-0.0045776034134042964,1323.5071582501578,-0.1452084641484129,4670.164761440252,0.022621374833901333
2025-04-30 16:00:00,-0.0002950951570356297,1323.1165976974562,-0.14546070899091773,4715.101863408634,-0.00991726145391046
2025-04-30 20:00:00,0.0,1323.1165976974562,-0.14546070899091773,4725.362299843165,-0.002176079484974986
2025-05-01 00:00:00,0.0,1323.1165976974562,-0.14546070899091773,4751.973079645305,-0.005631479263086888
2025-05-01 04:00:00,0.0,1323.1165976974562,-0.14546070899091773,4770.499366412596,-0.0038986514563069835
2025-05-01 08:00:00,0.0,1323.1165976974562,-0.14546070899091773,4840.013132857169,-0.01457159117009724
2025-05-01 12:00:00,0.003006830600112087,1327.0949851709292,-0.14289125410171344,4837.2018898943925,0.003587664346965288
2025-05-01 16:00:00,-0.001766749640177423,1324.7503405833972,-0.14440555067012215,4832.733491575451,-0.0008429928029289087
2025-05-01 20:00:00,-0.00017325128589806837,1324.5208258833973,-0.14455378350867581,4826.719837382325,0.001071107461301346
2025-05-02 00:00:00,0.0031315323415994634,1328.6686056867732,-0.14187492601523433,4859.411753257411,-0.0036415800362708294
2025-05-02 04:00:00,-0.003946638226835941,1323.424831376773,-0.145261635235629,4781.152369612101,0.012158064897539171
2025-05-02 08:00:00,0.0029603230421257898,1327.3425963996192,-0.14273133355942802,4816.689566044238,-0.0044724449779862995
2025-05-02 12:00:00,0.0020802436744586927,1330.1037924396192,-0.14094800583875333,4824.670144530489,0.0004233840456980514
2025-05-02 16:00:00,-0.002150599067039183,1327.2432724645332,-0.14279548225593466,4783.160162826922,0.006453094130645178
2025-05-02 20:00:00,-0.00019231845833822536,1326.988019084533,-0.14296033850726775,4799.665041718069,-0.0036429407100072747
2025-05-03 00:00:00,-0.002900494874215398,1323.139097137033,-0.14544617765242676,4788.2509414805045,-0.0005223913735848012
2025-05-03 04:00:00,-0.00012718277975476422,1322.970816628657,-0.14555486218300293,4775.16037996651,0.002606709339513997
2025-05-03 08:00:00,-0.002030074574893459,1320.2850872104932,-0.14728944953292655,4750.528442128796,0.003128273182608887
2025-05-03 12:00:00,0.0024845952982250896,1323.565461330493,-0.1451708089084892,4803.925499111737,-0.008755639895275502
2025-05-03 16:00:00,-0.0003846420533489825,1323.056362393705,-0.1454996121638133,4787.473122098013,0.003040135665782175
2025-05-03 20:00:00,-0.0025899769181413346,1319.6296769537053,-0.14771274844485188,4752.581273265061,0.004698178637635696
2025-05-04 00:00:00,-0.0007497342898274972,1318.640305335019,-0.1483517374221256,4739.425370904231,0.002018425075449835
2025-05-04 04:00:00,0.0007733114987886758,1319.660025045901,-0.14769314802775066,4744.603480925836,-0.0003192492266935901
2025-05-04 08:00:00,-0.002431913496908633,1316.450726019661,-0.1497658845645697,4712.401036459422,0.0043552594662007605
2025-05-04 12:00:00,0.00023210956092811763,1316.756286819661,-0.14956853709734985,4715.092189445427,-0.0003389693784882075
2025-05-04 16:00:00,-0.0003991785554189331,1316.2306659472495,-0.1499080111001942,4700.285449428907,0.0027411078741157607
2025-05-04 20:00:00,0.0,1316.2306659472495,-0.1499080111001942,4652.044443237827,0.010263420532670233
2025-05-05 00:00:00,0.0,1316.2306659472495,-0.1499080111001942,4647.517801541239,0.0009730435192138533
2025-05-05 04:00:00,0.0,1316.2306659472495,-0.1499080111001942,4702.139914783169,-0.011752964824323022
2025-05-05 08:00:00,0.0,1316.2306659472495,-0.1499080111001942,4627.757307418525,0.015818884319199405
2025-05-05 12:00:00,0.0,1316.2306659472495,-0.1499080111001942,4608.6611793163065,0.004126432488498454
2025-05-05 16:00:00,0.0,1316.2306659472495,-0.1499080111001942,4655.583160919071,-0.010181260842812869
2025-05-05 20:00:00,0.0,1316.2306659472495,-0.1499080111001942,4656.466225460182,-0.0001896786096582868
2025-05-06 00:00:00,0.0,1316.2306659472495,-0.1499080111001942,4639.74509077672,0.0035909494182597068
2025-05-06 04:00:00,0.0,1316.2306659472495,-0.1499080111001942,4636.605223998053,0.0006767326043210588
2025-05-06 08:00:00,0.0,1316.2306659472495,-0.1499080111001942,4572.984031017813,0.01372150310553723
2025-05-06 12:00:00,0.0,1316.2306659472495,-0.1499080111001942,4604.350966685059,-0.006859183293553521
2025-05-06 16:00:00,0.0,1316.2306659472495,-0.1499080111001942,4647.107966174027,-0.009286216406685302
2025-05-06 20:00:00,0.0,1316.2306659472495,-0.1499080111001942,4711.691335023032,-0.01389754000102902
2025-05-07 00:00:00,0.0,1316.2306659472495,-0.1499080111001942,4704.036654709057,0.0016246141289171393
2025-05-07 04:00:00,0.0,1316.2306659472495,-0.1499080111001942,4723.414665364828,-0.004119442954674225
2025-05-07 08:00:00,0.0,1316.2306659472495,-0.1499080111001942,4720.35078485362,0.0006486579579121513
2025-05-07 12:00:00,0.0,1316.2306659472495,-0.1499080111001942,4659.692834215613,0.012850305708771104
2025-05-07 16:00:00,0.0,1316.2306659472495,-0.1499080111001942,4631.909035527549,0.00596258158564676
2025-05-07 20:00:00,0.0,1316.2306659472495,-0.1499080111001942,4681.446398340286,-0.010694804762523618
2025-05-08 00:00:00,0.0,1316.2306659472495,-0.1499080111001942,4831.434976680441,-0.032038939587844206
2025-05-08 04:00:00,0.0036804759118711505,1321.0750212077344,-0.14677926801217384,4870.555061519646,-0.004416514946543477
2025-05-08 08:00:00,0.004340535675266155,1326.8091944669895,-0.143075832986104,4916.538218005325,-0.005100514863095373
2025-05-08 12:00:00,0.020380424052504953,1353.8501284869894,-0.12561135508152113,5026.267648065382,-0.0019380092016505791
2025-05-08 16:00:00,0.00043507169890610875,1354.4391503624545,-0.12523093332827226,5079.421154144197,-0.01014007268268575
2025-05-08 20:00:00,0.022264924956762355,1384.5956364037754,-0.10575426570432923,5223.386402960189,-0.006077920506747696
2025-05-09 00:00:00,-0.010150799311494985,1370.540883971069,-0.11483157468832508,5170.278936721112,1.644893362440225e-05
2025-05-09 04:00:00,0.017302217464355563,1394.2542803893264,-0.0995161981010014,5340.669083871546,-0.015653479749631084
2025-05-09 08:00:00,0.007490614965161679,1404.6981023672515,-0.092771020658611,5407.065705491437,-0.00494165158743284
2025-05-09 12:00:00,-0.005136581093835191,1397.4827566520858,-0.09743107588167535,5342.483582386258,0.006807443007737866
2025-05-09 16:00:00,0.0009440001023948152,1398.8019805174604,-0.09657905072488923,5360.149346170834,-0.002362657468405947
2025-05-09 20:00:00,0.020741634197262826,1427.8154195117602,-0.07784062386888103,5401.588983619224,0.01301057396514576
2025-05-10 00:00:00,0.0022826856325068867,1431.0746732557513,-0.07573562391010509,5409.434094034421,0.0008303147766369281
2025-05-10 04:00:00,0.006247934450975823,1440.0159340087048,-0.06996088067292344,5486.045862420647,-0.00791468719381199
2025-05-10 08:00:00,-0.002142325697832681,1436.9309508679894,-0.07195332737824753,5430.443997419795,0.007992818337641807
2025-05-10 12:00:00,0.0016898960095008686,1439.3592147477896,-0.07038502500955343,5484.146785498493,-0.008199311595662466
2025-05-10 16:00:00,0.002437812225628999,1442.8681022385733,-0.06811879825839402,5535.2334355511675,-0.006877520140703768
2025-05-10 20:00:00,0.013842682470083245,1462.8412672240734,-0.055219062682845474,5700.152314922228,-0.015951703131043375
2025-05-11 00:00:00,-0.011626492275222944,1445.8335545308153,-0.06620355095234132,5605.655824791135,0.004951396333773315
2025-05-11 04:00:00,-0.011235587216467113,1429.5887655283896,-0.07669530239804362,5493.23967954891,0.008818470463110968
2025-05-11 08:00:00,0.006357989813012388,1438.6780763364159,-0.07082494053638398,5568.918180034132,-0.007418671119327496
2025-05-11 12:00:00,-0.006085212400187223,1429.923414666416,-0.07647916813017672,5472.680569502989,0.011195991492550256
2025-05-11 16:00:00,0.0006859826967300364,1430.9043173865261,-0.07584564881944436,5540.198134619764,-0.011651219202650427
2025-05-11 20:00:00,-0.0009622013039382038,1429.527499386526,-0.07673487134119049,5535.062611097315,-3.524465046444991e-05
2025-05-12 00:00:00,-9.018964610485458e-05,1429.3985708072591,-0.07681814029640517,5585.953158672649,-0.009284403180980243
2025-05-12 04:00:00,0.0011399527162243572,1431.028017590618,-0.07576575662786707,5650.7198407709075,-0.010454609618710904
2025-05-12 08:00:00,-0.009324206296552506,1417.6848171384565,-0.08438350737940693,5627.7604264444035,-0.005261110801913367
2025-05-12 12:00:00,-0.005610517347610977,1409.7308718784566,-0.08952058959501345,5625.3113021078025,-0.005175331029960928
2025-05-12 16:00:00,-0.006983531071005578,1399.8859725329376,-0.09587895084708754,5550.963575141068,0.0062331111686651595
2025-05-12 20:00:00,-0.00025589920138247013,1399.5277428305399,-0.09611031470151885,5608.1526952063,-0.010558456458530168
2025-05-13 00:00:00,0.0,1399.5277428305399,-0.09611031470151885,5401.221580434335,0.03689826686581567
2025-05-13 04:00:00,0.0,1399.5277428305399,-0.09611031470151885,5514.977505934774,-0.021061147706384422
2025-05-13 08:00:00,0.0,1399.5277428305399,-0.09611031470151885,5581.5058394471125,-0.01206321031060363
2025-05-13 12:00:00,0.0,1399.5277428305399,-0.09611031470151885,5632.5805053046215,-0.009150696483472156
2025-05-13 16:00:00,0.0,1399.5277428305399,-0.09611031470151885,5791.511497925378,-0.02821637302317808
2025-05-13 20:00:00,0.0006979201809980129,1400.504501486128,-0.09547947184875304,5780.044583186712,0.002677872175010841
2025-05-14 00:00:00,-0.005101674216975605,1393.3595837801379,-0.10009404090594745,5738.242461723721,0.002130470944081887
2025-05-14 04:00:00,0.001018852705341633,1394.779211961586,-0.09917716928497136,5764.791754443549,-0.003607876279521115
2025-05-14 08:00:00,-0.001515801145205442,1392.6650040347859,-0.10054263756339646,5752.343024744399,0.0006436402066099284
2025-05-14 12:00:00,-0.005034640649177136,1385.6534361947859,-0.10507108216252145,5667.286624988464,0.009751751502691364
2025-05-14 16:00:00,0.00010307326715719434,1385.796260021602,-0.10497883891508657,5658.577663695993,0.0016397806667919662
2025-05-14 20:00:00,0.00014234990839523398,1385.9935279922704,-0.10485143273479437,5641.717573393537,0.0031219132022996454
2025-05-15 00:00:00,-0.0019039005070822235,1383.3547342115132,-0.10655570654592453,5574.128660732123,0.0100763008734628
2025-05-15 04:00:00,-0.002403385053505458,1380.0300001196133,-0.10870299720695177,5460.650167636509,0.01795468344516996
2025-05-15 08:00:00,0.0012789068734506692,1381.7949299723343,-0.10756311134379382,5509.8627157484725,-0.0077333071672198075
2025-05-15 12:00:00,0.0004928397370900228,1382.4759334223343,-0.10712328298221901,5521.662116274034,-0.0016486656205365602
2025-05-15 16:00:00,-0.00011090130084268068,1382.322615042934,-0.10722230417162838,5474.096702365505,0.00850342766512919
2025-05-15 20:00:00,0.0,1382.322615042934,-0.10722230417162838,5453.340545105896,0.003791704529194576
2025-05-16 00:00:00,0.0,1382.322615042934,-0.10722230417162838,5530.215127868542,-0.01409678748774214
2025-05-16 04:00:00,0.0,1382.322615042934,-0.10722230417162838,5519.998325236592,0.0018474512104358195
2025-05-16 08:00:00,0.0,1382.322615042934,-0.10722230417162838,5534.9601199055205,-0.0027104708710737574
2025-05-16 12:00:00,0.0,1382.322615042934,-0.10722230417162838,5521.210348539162,0.0024841681003104116
2025-05-16 16:00:00,0.0,1382.322615042934,-0.10722230417162838,5500.450215725159,0.0037600691702491806
2025-05-16 20:00:00,0.0,1382.322615042934,-0.10722230417162838,5413.500776634511,0.015807694948691737
2025-05-17 00:00:00,0.0,1382.322615042934,-0.10722230417162838,5385.293089301059,0.005210618506826422
2025-05-17 04:00:00,0.0,1382.322615042934,-0.10722230417162838,5410.6089939594485,-0.004700933493979217
2025-05-17 08:00:00,0.0,1382.322615042934,-0.10722230417162838,5370.895770236806,0.007339880550780957
2025-05-17 12:00:00,0.0,1382.322615042934,-0.10722230417162838,5339.065882391581,0.005926364838731847
2025-05-17 16:00:00,0.0,1382.322615042934,-0.10722230417162838,5305.203309004336,0.006342415346273318
2025-05-17 20:00:00,0.0,1382.322615042934,-0.10722230417162838,5322.127565990906,-0.0031901241103888494
2025-05-18 00:00:00,0.0,1382.322615042934,-0.10722230417162838,5329.5111006308325,-0.0013873276332399623
2025-05-18 04:00:00,0.0,1382.322615042934,-0.10722230417162838,5431.658714968227,-0.01916641365571094
2025-05-18 08:00:00,0.0,1382.322615042934,-0.10722230417162838,5414.716609588629,0.003119140260581973
2025-05-18 12:00:00,0.0,1382.322615042934,-0.10722230417162838,5549.989101942558,-0.024982377122817985
2025-05-18 16:00:00,0.0,1382.322615042934,-0.10722230417162838,5298.124555082358,0.04538108854520906
2025-05-18 20:00:00,0.0,1382.322615042934,-0.10722230417162838,5475.465805256424,-0.03347245772165703
2025-05-19 00:00:00,-0.014195888372384058,1362.6993175051625,-0.11989607668296223,5270.799826672696,0.023182845394384977
2025-05-19 04:00:00,-0.0004035987211382652,1362.1493338033215,-0.12025128550088174,5231.948308082833,0.006967487236870827
2025-05-19 08:00:00,0.0,1362.1493338033215,-0.12025128550088174,5248.043948780038,-0.003076414320137309
2025-05-19 12:00:00,0.0,1362.1493338033215,-0.12025128550088174,5322.516035531474,-0.014190446474585703
2025-05-19 16:00:00,0.0,1362.1493338033215,-0.12025128550088174,5387.742655882528,-0.012254847127866128
2025-05-19 20:00:00,0.0,1362.1493338033215,-0.12025128550088174,5386.716319337911,0.00019049472296097023
2025-05-20 00:00:00,0.0,1362.1493338033215,-0.12025128550088174,5414.404338289819,-0.0051400551487201475
2025-05-20 04:00:00,0.0,1362.1493338033215,-0.12025128550088174,5362.309993637165,0.009621435969281333
2025-05-20 08:00:00,0.0,1362.1493338033215,-0.12025128550088174,5341.628827261604,0.0038567644168464904
2025-05-20 12:00:00,0.0,1362.1493338033215,-0.12025128550088174,5337.717943416469,0.0007321519281113797
2025-05-20 16:00:00,0.0,1362.1493338033215,-0.12025128550088174,5387.5910224797535,-0.009343520881390502
2025-05-20 20:00:00,0.0,1362.1493338033215,-0.12025128550088174,5411.371432820477,-0.00441392270524973
2025-05-21 00:00:00,0.0,1362.1493338033215,-0.12025128550088174,5436.575363054881,-0.0046575864450071015
2025-05-21 04:00:00,0.0,1362.1493338033215,-0.12025128550088174,5425.029426183178,0.0021237518291688596
2025-05-21 08:00:00,0.0,1362.1493338033215,-0.12025128550088174,5435.704031738588,-0.00196765855386711
2025-05-21 12:00:00,0.0,1362.1493338033215,-0.12025128550088174,5528.06156286923,-0.016990905058733
2025-05-21 16:00:00,-0.0018166767805963824,1359.6747487368962,-0.12184950456327182,5493.279539651903,0.004475225511330109
2025-05-21 20:00:00,-0.00028908162044516406,1359.281691757253,-0.12210336173148738,5546.81873661514,-0.010035390100976094
2025-05-22 00:00:00,0.0,1359.281691757253,-0.12210336173148738,5663.905129170172,-0.021108746853783517
2025-05-22 04:00:00,-0.0027367762608851987,1355.5616418913958,-0.1245059684106116,5678.706645533699,-0.00535008210304996
2025-05-22 08:00:00,-0.00024157725691476006,1355.2341690283688,-0.12471746785720819,5735.789655958993,-0.010293691935208491
2025-05-22 12:00:00,0.0010008130115051195,1356.5905050183687,-0.12384147371029652,5739.961568930193,0.0002734653886951678
2025-05-22 16:00:00,-0.0003689255592963514,1356.0900241075688,-0.1241647109846402,5720.328974938641,0.0030514098829861336
2025-05-22 20:00:00,0.001645576672882454,1358.3215742175687,-0.1227234568637493,5764.536559847111,-0.006082577617219975
2025-05-23 00:00:00,-0.0019632304050879457,1355.6548760031778,-0.12444575284690484,5862.8775562414685,-0.01902288392161717
2025-05-23 04:00:00,-0.004035020735865591,1350.1847804678277,-0.12797863238954274,5755.63443359717,0.014256871191867138
2025-05-23 08:00:00,-0.010234303614615858,1336.3665794886865,-0.13690316382410073,5612.793308323642,0.014583312396527232
2025-05-23 12:00:00,0.002456011097835109,1339.6487106386867,-0.13478338841594634,5618.714134640005,0.0014011305791490664
2025-05-23 16:00:00,-0.000427094213227619,1339.076554426615,-0.13515291742394228,5575.656472860892,0.007236164807845756
2025-05-23 20:00:00,0.0,1339.076554426615,-0.13515291742394228,5448.091889314229,0.02287884559738827
2025-05-24 00:00:00,0.0,1339.076554426615,-0.13515291742394228,5511.712482340984,-0.011677591773284757
2025-05-24 04:00:00,0.0,1339.076554426615,-0.13515291742394228,5495.532117065063,0.002935633041048713
2025-05-24 08:00:00,0.0,1339.076554426615,-0.13515291742394228,5545.328518951673,-0.009061252090944676
2025-05-24 12:00:00,0.0,1339.076554426615,-0.13515291742394228,5532.354881422563,0.002339561575977256
2025-05-24 16:00:00,0.0,1339.076554426615,-0.13515291742394228,5530.134755592426,0.00040129852074260216
2025-05-24 20:00:00,0.0,1339.076554426615,-0.13515291742394228,5481.264594183162,0.008837065201682957
2025-05-25 00:00:00,0.0,1339.076554426615,-0.13515291742394228,5458.6593530621,0.0041240923025412145
2025-05-25 04:00:00,0.0,1339.076554426615,-0.13515291742394228,5414.363465030164,0.008114792509829065
2025-05-25 08:00:00,0.0,1339.076554426615,-0.13515291742394228,5402.533044718383,0.0021850066749653984
2025-05-25 12:00:00,0.0,1339.076554426615,-0.13515291742394228,5393.904051139938,0.0015972125495616726
2025-05-25 16:00:00,0.0,1339.076554426615,-0.13515291742394228,5441.290514307188,-0.008785188375242845
2025-05-25 20:00:00,0.0,1339.076554426615,-0.13515291742394228,5532.522233362828,-0.01676655911235739
2025-05-26 00:00:00,0.0,1339.076554426615,-0.13515291742394228,5552.154106072828,-0.0035484489500310357
2025-05-26 04:00:00,0.0,1339.076554426615,-0.13515291742394228,5600.514870716569,-0.008710270594046467
2025-05-26 08:00:00,0.0,1339.076554426615,-0.13515291742394228,5572.438525205793,0.005013172209858482
2025-05-26 12:00:00,0.0,1339.076554426615,-0.13515291742394228,5566.985916541265,0.0009784959744038352
2025-05-26 16:00:00,0.0,1339.076554426615,-0.13515291742394228,5495.049867511581,0.012921902463582633
2025-05-26 20:00:00,0.0,1339.076554426615,-0.13515291742394228,5518.899122445354,-0.004340134395281248
2025-05-27 00:00:00,0.0,1339.076554426615,-0.13515291742394228,5490.651854157667,0.005118279508463076
2025-05-27 04:00:00,0.0,1339.076554426615,-0.13515291742394228,5559.786164764647,-0.012591275579534354
2025-05-27 08:00:00,0.0,1339.076554426615,-0.13515291742394228,5596.353391190266,-0.0065770922373533025
2025-05-27 12:00:00,0.0,1339.076554426615,-0.13515291742394228,5621.455163765619,-0.004485380178969521
2025-05-27 16:00:00,0.0,1339.076554426615,-0.13515291742394228,5613.34478820029,0.0014427537584228434
2025-05-27 20:00:00,0.0,1339.076554426615,-0.13515291742394228,5578.594057520137,0.006190735112726878
2025-05-28 00:00:00,0.0,1339.076554426615,-0.13515291742394228,5564.415139331258,0.0025416651655743505
2025-05-28 04:00:00,0.0,1339.076554426615,-0.13515291742394228,5533.443227312983,0.005566067815349407
2025-05-28 08:00:00,0.0,1339.076554426615,-0.13515291742394228,5571.44184979997,-0.006867084548627104
2025-05-28 12:00:00,0.0,1339.076554426615,-0.13515291742394228,5460.231067765323,0.01996086202329109
2025-05-28 16:00:00,0.0,1339.076554426615,-0.13515291742394228,5437.413717653019,0.0041788250037634945
2025-05-28 20:00:00,0.0,1339.076554426615,-0.13515291742394228,5537.8099270586845,-0.018463963681799873
2025-05-29 00:00:00,0.0,1339.076554426615,-0.13515291742394228,5606.435456174024,-0.012392178500028337
2025-05-29 04:00:00,-0.0035859733230487745,1334.2746616249212,-0.13825423599057654,5560.809703752866,0.004552130250571043
2025-05-29 08:00:00,-0.0016649428974095937,1332.0531705038552,-0.13968899347973687,5570.394365025671,-0.0033885518290975064
2025-05-29 12:00:00,-0.007653552820375609,1321.8582312038552,-0.14627342921009015,5466.61076761426,0.010977730821412228
2025-05-29 16:00:00,-0.00022612066316418655,1321.5593317440064,-0.14646647442843805,5417.704325153475,0.00872027126774133
2025-05-29 20:00:00,0.0,1321.5593317440064,-0.14646647442843805,5385.594518396809,0.005926828935198073
2025-05-30 00:00:00,0.0,1321.5593317440064,-0.14646647442843805,5341.9856270423725,0.008097321698741158
2025-05-30 04:00:00,0.0,1321.5593317440064,-0.14646647442843805,5279.875236275598,0.011626835993784335
2025-05-30 08:00:00,0.0,1321.5593317440064,-0.14646647442843805,5325.008995290225,-0.00854826241054615
2025-05-30 12:00:00,0.0,1321.5593317440064,-0.14646647442843805,5273.880850612677,0.009601513297492894
2025-05-30 16:00:00,0.0,1321.5593317440064,-0.14646647442843805,5259.73211679696,0.002682793604272165
2025-05-30 20:00:00,0.0,1321.5593317440064,-0.14646647442843805,5143.831435727129,0.022035472243862313
2025-05-31 00:00:00,0.0,1321.5593317440064,-0.14646647442843805,5065.170884900296,0.015292210059701081
2025-05-31 04:00:00,0.0,1321.5593317440064,-0.14646647442843805,5088.00484455417,-0.004508033425277581
2025-05-31 08:00:00,0.0,1321.5593317440064,-0.14646647442843805,5080.581871750116,0.0014589162217482552
2025-05-31 12:00:00,0.0,1321.5593317440064,-0.14646647442843805,5154.226050839082,-0.014495225339926865
2025-05-31 16:00:00,0.0,1321.5593317440064,-0.14646647442843805,5190.788597858386,-0.0070937026546114956
2025-05-31 20:00:00,0.0,1321.5593317440064,-0.14646647442843805,5168.815289540422,0.004233134889567701
2025-06-01 00:00:00,0.0,1321.5593317440064,-0.14646647442843805,5136.142148917144,0.00632120491699422
2025-06-01 04:00:00,0.0,1321.5593317440064,-0.14646647442843805,5123.301271549708,0.0025001016317557833
2025-06-01 08:00:00,0.0,1321.5593317440064,-0.14646647442843805,5077.841968460315,0.00887304897368286
2025-06-01 12:00:00,0.0,1321.5593317440064,-0.14646647442843805,5131.831020470939,-0.010632282837071991
2025-06-01 16:00:00,0.0,1321.5593317440064,-0.14646647442843805,5151.483101933045,-0.003829448277566816
2025-06-01 20:00:00,0.0,1321.5593317440064,-0.14646647442843805,5192.937935657616,-0.008047164846375418
2025-06-02 00:00:00,0.0,1321.5593317440064,-0.14646647442843805,5132.23674807829,0.011689180254306162
2025-06-02 04:00:00,0.0,1321.5593317440064,-0.14646647442843805,5149.323993280638,-0.003329395357442636
2025-06-02 08:00:00,0.0,1321.5593317440064,-0.14646647442843805,5081.29943441739,0.013210386247207051
2025-06-02 12:00:00,0.0,1321.5593317440064,-0.14646647442843805,5130.899485042769,-0.009761292611378243
2025-06-02 16:00:00,0.0,1321.5593317440064,-0.14646647442843805,5130.522295721717,7.351329375139746e-05
2025-06-02 20:00:00,0.0,1321.5593317440064,-0.14646647442843805,5236.292078203317,-0.020615792386245082
2025-06-03 00:00:00,0.0,1321.5593317440064,-0.14646647442843805,5255.424913896494,-0.003653890082415282
2025-06-03 04:00:00,0.0,1321.5593317440064,-0.14646647442843805,5251.99999159374,0.0006516927477544827
2025-06-03 08:00:00,0.0,1321.5593317440064,-0.14646647442843805,5259.066625877216,-0.001345513003577056
2025-06-03 12:00:00,0.0,1321.5593317440064,-0.14646647442843805,5307.768046192588,-0.009260468402460864
2025-06-03 16:00:00,0.0,1321.5593317440064,-0.14646647442843805,5305.190592224143,0.0004856003401080595
2025-06-03 20:00:00,0.0,1321.5593317440064,-0.14646647442843805,5226.094809913811,0.014909131149079278
2025-06-04 00:00:00,0.0,1321.5593317440064,-0.14646647442843805,5279.525826975581,-0.010223889731279507
2025-06-04 04:00:00,0.0,1321.5593317440064,-0.14646647442843805,5271.833861396267,0.0014569425041947661
2025-06-04 08:00:00,0.0,1321.5593317440064,-0.14646647442843805,5252.926121219661,0.003586558429896969
2025-06-04 12:00:00,0.0,1321.5593317440064,-0.14646647442843805,5270.601479979065,-0.003364859575695037
2025-06-04 16:00:00,0.0,1321.5593317440064,-0.14646647442843805,5198.28364440876,0.013720983429502549
2025-06-04 20:00:00,0.0,1321.5593317440064,-0.14646647442843805,5146.217786675257,0.01001597090407028
2025-06-05 00:00:00,0.0,1321.5593317440064,-0.14646647442843805,5176.758927106721,-0.005934677018633324
2025-06-05 04:00:00,0.0,1321.5593317440064,-0.14646647442843805,5157.941653427688,0.003634952669034083
2025-06-05 08:00:00,0.0,1321.5593317440064,-0.14646647442843805,5163.623227470903,-0.0011015196419369275
2025-06-05 12:00:00,0.0,1321.5593317440064,-0.14646647442843805,5127.527547302262,0.006990378379392315
2025-06-05 16:00:00,0.0,1321.5593317440064,-0.14646647442843805,4971.081421116671,0.030511025975453205
2025-06-05 20:00:00,0.0,1321.5593317440064,-0.14646647442843805,4864.447602727652,0.02145082917693708
2025-06-06 00:00:00,0.0,1321.5593317440064,-0.14646647442843805,4944.907468810548,-0.016540391151048724
2025-06-06 04:00:00,0.0,1321.5593317440064,-0.14646647442843805,4961.7929652213725,-0.003414724444759939
2025-06-06 08:00:00,0.0,1321.5593317440064,-0.14646647442843805,5006.114479102747,-0.008932560103179808
2025-06-06 12:00:00,0.0,1321.5593317440064,-0.14646647442843805,5076.15418790639,-0.013990832430223683
2025-06-06 16:00:00,0.0,1321.5593317440064,-0.14646647442843805,5031.116828876061,0.008872338657014691
2025-06-06 20:00:00,0.0,1321.5593317440064,-0.14646647442843805,5016.843280251383,0.002837053702024076
2025-06-07 00:00:00,0.0,1321.5593317440064,-0.14646647442843805,5067.916939906249,-0.01018043753846484
2025-06-07 04:00:00,0.0,1321.5593317440064,-0.14646647442843805,5113.0632180193825,-0.008908251387791864
2025-06-07 08:00:00,0.0,1321.5593317440064,-0.14646647442843805,5124.337084601524,-0.0022049143735227866
2025-06-07 12:00:00,0.0,1321.5593317440064,-0.14646647442843805,5127.694895077352,-0.0006552672902644861
2025-06-07 16:00:00,0.0,1321.5593317440064,-0.14646647442843805,5120.557856281662,0.0013918610490148817
2025-06-07 20:00:00,0.0,1321.5593317440064,-0.14646647442843805,5112.043482302706,0.0016627824971277333
2025-06-08 00:00:00,0.0,1321.5593317440064,-0.14646647442843805,5086.933727570747,0.00491188207199067
2025-06-08 04:00:00,0.0,1321.5593317440064,-0.14646647442843805,5097.465369957662,-0.0020703321393464235
2025-06-08 08:00:00,0.0,1321.5593317440064,-0.14646647442843805,5123.146634982832,-0.005038046001553109
2025-06-08 12:00:00,0.0,1321.5593317440064,-0.14646647442843805,5156.837322457434,-0.006576170833086925
2025-06-08 16:00:00,0.0,1321.5593317440064,-0.14646647442843805,5217.688388178088,-0.011800074719373927
2025-06-08 20:00:00,0.0,1321.5593317440064,-0.14646647442843805,5172.458444641993,0.00866857891294816
2025-06-09 00:00:00,0.0,1321.5593317440064,-0.14646647442843805,5137.223448143226,0.006812040517264251
2025-06-09 04:00:00,0.0,1321.5593317440064,-0.14646647442843805,5110.4677663351085,0.005208198957705127
2025-06-09 08:00:00,0.0,1321.5593317440064,-0.14646647442843805,5213.94885295159,-0.02024884831446497
2025-06-09 12:00:00,-0.001197607252266697,1319.976622704009,-0.1474886723687153,5212.520755504966,-0.0009237078553027134
2025-06-09 16:00:00,0.004763011408787321,1326.263686417281,-0.14342815118908697,5271.219797385396,-0.006498150826094649
2025-06-09 20:00:00,0.008770244423581763,1337.895343117281,-0.13591580670865597,5399.687669995782,-0.015601319948313153
2025-06-10 00:00:00,-0.004859020018897264,1331.3944828618849,-0.14011440910187123,5375.0143073534555,-0.00028961449949514544
2025-06-10 04:00:00,-0.004227565498056141,1325.7659254818357,-0.14374963175822777,5342.169894450347,0.0018830066837099823
2025-06-10 08:00:00,0.01369258755773628,1343.919091497559,-0.13202534861973333,5423.4032281750715,-0.0015134682828150028
2025-06-10 12:00:00,-0.005680035375200565,1336.2855835164455,-0.13695547534435062,5360.712573832265,0.005879247920779223
2025-06-10 16:00:00,0.005133950755170202,1343.1460078970629,-0.1325246472552492,5440.80552447233,-0.009806777653032426
2025-06-10 20:00:00,0.006574046894666896,1351.9759127393627,-0.1268218236063376,5497.188619920346,-0.003788958214486453
2025-06-11 00:00:00,-0.005049598153358592,1345.1489776670087,-0.13123102251340804,5481.585292355741,-0.0022111786186780652
2025-06-11 04:00:00,-0.0006989024104082642,1344.208849804159,-0.1318382072458614,5483.7349156537575,-0.0010910559906897837
2025-06-11 08:00:00,-0.004943637396926048,1337.5635686649882,-0.13613008435110308,5447.812349581072,0.0016071107018088083
2025-06-11 12:00:00,0.008945384824470493,1349.5285895138886,-0.12840243551734082,5529.219632847302,-0.005997729593280867
2025-06-11 16:00:00,-0.015985763201636027,1327.9553450480817,-0.14233558779028335,5416.4456726896415,0.004410236170084989
2025-06-11 20:00:00,-0.0030077970476148908,1323.9611248818817,-0.14491526827717205,5379.100382657927,0.003886999335188974
2025-06-12 00:00:00,-0.0008868785249392941,1322.7869321923695,-0.1456736245627405,5334.765877333121,0.007355114033470429
2025-06-12 04:00:00,0.0,1322.7869321923695,-0.1456736245627405,5310.893784112485,0.004474815534467237
2025-06-12 08:00:00,0.0,1322.7869321923695,-0.1456736245627405,5269.6653622088925,0.007762991236414282
2025-06-12 12:00:00,0.0,1322.7869321923695,-0.1456736245627405,5264.024567122541,0.0010704275696146023
2025-06-12 16:00:00,0.0,1322.7869321923695,-0.1456736245627405,5215.019717382437,0.00930938849453192
2025-06-12 20:00:00,0.0,1322.7869321923695,-0.1456736245627405,5152.5265959578055,0.011983295329897328
2025-06-13 00:00:00,0.0,1322.7869321923695,-0.1456736245627405,4970.479010930385,0.035331711857681344
2025-06-13 04:00:00,0.0,1322.7869321923695,-0.1456736245627405,4989.298998141653,-0.0037863528182860507
2025-06-13 08:00:00,0.0,1322.7869321923695,-0.1456736245627405,5016.467174350103,-0.005445289251770442
2025-06-13 12:00:00,0.0,1322.7869321923695,-0.1456736245627405,5023.951559174349,-0.0014919632809549269
2025-06-13 16:00:00,0.0,1322.7869321923695,-0.1456736245627405,4977.303506253696,0.009285131906868891
2025-06-13 20:00:00,0.0,1322.7869321923695,-0.1456736245627405,5053.367880659237,-0.01528224555926126
2025-06-14 00:00:00,0.0,1322.7869321923695,-0.1456736245627405,5017.122885671502,0.007172443377109967
2025-06-14 04:00:00,0.0,1322.7869321923695,-0.1456736245627405,5012.791859540158,0.000863248963606741
2025-06-14 08:00:00,0.0,1322.7869321923695,-0.1456736245627405,5009.666253389229,0.0006235260187355778
2025-06-14 12:00:00,0.0,1322.7869321923695,-0.1456736245627405,4966.682722606688,0.008580118636338452
2025-06-14 16:00:00,0.0,1322.7869321923695,-0.1456736245627405,4929.778341449596,0.007430388292997882
2025-06-14 20:00:00,0.0,1322.7869321923695,-0.1456736245627405,4965.475189790677,-0.007241065595372076
2025-06-15 00:00:00,0.0,1322.7869321923695,-0.1456736245627405,4982.43854270507,-0.0034162597266160777
2025-06-15 04:00:00,0.0,1322.7869321923695,-0.1456736245627405,4983.7031006173565,-0.00025380301261076647
2025-06-15 08:00:00,0.0,1322.7869321923695,-0.1456736245627405,4979.611981892966,0.0008208993677580878
2025-06-15 12:00:00,0.0,1322.7869321923695,-0.1456736245627405,5022.269776368777,-0.00856648964435883
2025-06-15 16:00:00,0.0,1322.7869321923695,-0.1456736245627405,5023.922561788762,-0.00032909132595011173
2025-06-15 20:00:00,0.0,1322.7869321923695,-0.1456736245627405,5039.547835256323,-0.0031101740274432593
2025-06-16 00:00:00,0.0,1322.7869321923695,-0.1456736245627405,5076.189213872929,-0.0072707671034026545
2025-06-16 04:00:00,0.0,1322.7869321923695,-0.1456736245627405,5157.575579243948,-0.016032965270205812
2025-06-16 08:00:00,0.0,1322.7869321923695,-0.1456736245627405,5152.611668522112,0.0009624504082521897
2025-06-16 12:00:00,0.0,1322.7869321923695,-0.1456736245627405,5185.941226536192,-0.0064684785421912205
2025-06-16 16:00:00,0.0,1322.7869321923695,-0.1456736245627405,5233.650365903809,-0.009199706915977426
2025-06-16 20:00:00,0.0,1322.7869321923695,-0.1456736245627405,5058.4704132205425,0.033471848601987216
2025-06-17 00:00:00,0.0,1322.7869321923695,-0.1456736245627405,5121.223321887071,-0.01240551066633119
2025-06-17 04:00:00,0.0,1322.7869321923695,-0.1456736245627405,5091.103025033908,0.00588146522031842
2025-06-17 08:00:00,0.0,1322.7869321923695,-0.1456736245627405,5026.055107582843,0.01277678277795824
2025-06-17 12:00:00,0.0,1322.7869321923695,-0.1456736245627405,4953.7667280864225,0.014382727198386513
2025-06-17 16:00:00,0.0,1322.7869321923695,-0.1456736245627405,4985.882725108367,-0.006483146822367518
2025-06-17 20:00:00,0.0,1322.7869321923695,-0.1456736245627405,4947.4212718773115,0.007714070978317873
2025-06-18 00:00:00,0.0,1322.7869321923695,-0.1456736245627405,4977.656255801253,-0.006111261253576179
2025-06-18 04:00:00,0.0,1322.7869321923695,-0.1456736245627405,4977.1227732788575,0.00010717544462295654
2025-06-18 08:00:00,0.0,1322.7869321923695,-0.1456736245627405,4932.010839291084,0.009063857984369816
2025-06-18 12:00:00,0.0,1322.7869321923695,-0.1456736245627405,4905.833186577159,0.0053077038082278705
2025-06-18 16:00:00,0.0,1322.7869321923695,-0.1456736245627405,4873.746324738289,0.006540552974092538
2025-06-18 20:00:00,0.0,1322.7869321923695,-0.1456736245627405,4926.377519355439,-0.010798919580611537
2025-06-19 00:00:00,0.0,1322.7869321923695,-0.1456736245627405,4923.640322248269,0.0005556206556270236
2025-06-19 04:00:00,0.0,1322.7869321923695,-0.1456736245627405,4896.427249950722,0.005527022795426225
2025-06-19 08:00:00,0.0,1322.7869321923695,-0.1456736245627405,4897.020395504881,-0.00012113843908629589
2025-06-19 12:00:00,0.0,1322.7869321923695,-0.1456736245627405,4851.930635383369,0.00920759083684865
2025-06-19 16:00:00,0.0,1322.7869321923695,-0.1456736245627405,4897.065744811625,-0.00930250508923236
2025-06-19 20:00:00,0.0,1322.7869321923695,-0.1456736245627405,4919.246787327205,-0.004529455733585129
2025-06-20 00:00:00,0.0,1322.7869321923695,-0.1456736245627405,4899.688205269794,0.003975930239523378
2025-06-20 04:00:00,0.0,1322.7869321923695,-0.1456736245627405,4952.410464365022,-0.010760329410047533
2025-06-20 08:00:00,0.0,1322.7869321923695,-0.1456736245627405,4954.694272475623,-0.00046115081272730355
2025-06-20 12:00:00,0.0,1322.7869321923695,-0.1456736245627405,4848.276742448518,0.021478122397637325
2025-06-20 16:00:00,0.0,1322.7869321923695,-0.1456736245627405,4779.839829777435,0.014115719111471485
2025-06-20 20:00:00,0.0,1322.7869321923695,-0.1456736245627405,4771.400918595264,0.0017655217502475784
2025-06-21 00:00:00,0.0,1322.7869321923695,-0.1456736245627405,4804.932668151757,-0.007027652911289246
2025-06-21 04:00:00,0.0,1322.7869321923695,-0.1456736245627405,4797.896491230394,0.0014643653527135322
2025-06-21 08:00:00,0.0,1322.7869321923695,-0.1456736245627405,4818.469408186086,-0.004287903457962309
2025-06-21 12:00:00,0.0,1322.7869321923695,-0.1456736245627405,4762.456278095022,0.011624672763492772
2025-06-21 16:00:00,0.0,1322.7869321923695,-0.1456736245627405,4679.2965726752855,0.017461515773326934
2025-06-21 20:00:00,0.0,1322.7869321923695,-0.1456736245627405,4631.578526198863,0.01019769654162799
2025-06-22 00:00:00,0.0,1322.7869321923695,-0.1456736245627405,4607.3161050457065,0.005238477770789118
2025-06-22 04:00:00,0.0,1322.7869321923695,-0.1456736245627405,4620.928517334383,-0.0029545210222865015
2025-06-22 08:00:00,0.0,1322.7869321923695,-0.1456736245627405,4590.201112596571,0.0066496169812074735
2025-06-22 12:00:00,0.0,1322.7869321923695,-0.1456736245627405,4408.679049707872,0.03954555768603707
2025-06-22 16:00:00,0.0,1322.7869321923695,-0.1456736245627405,4418.74977779675,-0.002284296038638889
2025-06-22 20:00:00,0.0,1322.7869321923695,-0.1456736245627405,4529.806206908363,-0.02513299795105988
2025-06-23 00:00:00,0.0,1322.7869321923695,-0.1456736245627405,4546.446008036223,-0.003673402429994445
2025-06-23 04:00:00,0.0,1322.7869321923695,-0.1456736245627405,4591.320119000742,-0.009870151517295042
2025-06-23 08:00:00,0.0,1322.7869321923695,-0.1456736245627405,4562.178834355172,0.006347038300590658
2025-06-23 12:00:00,0.0,1322.7869321923695,-0.1456736245627405,4558.6765221506375,0.0007676841114075009
2025-06-23 16:00:00,0.0,1322.7869321923695,-0.1456736245627405,4681.7613975709755,-0.027000133662098445
2025-06-23 20:00:00,0.0,1322.7869321923695,-0.1456736245627405,4853.415885141192,-0.03666450999815501
2025-06-24 00:00:00,0.0,1322.7869321923695,-0.1456736245627405,4834.423027996753,0.003913296860173435
2025-06-24 04:00:00,0.0,1322.7869321923695,-0.1456736245627405,4847.428708650258,-0.0026902239580994325
2025-06-24 08:00:00,0.0,1322.7869321923695,-0.1456736245627405,4863.80564071306,-0.0033784781679360165
2025-06-24 12:00:00,0.0,1322.7869321923695,-0.1456736245627405,4873.878577958706,-0.0020709991290215174
2025-06-24 16:00:00,0.0,1322.7869321923695,-0.1456736245627405,4874.743888146552,-0.00017754036626189368
2025-06-24 20:00:00,0.0,1322.7869321923695,-0.1456736245627405,4902.075097589999,-0.005606696489205516
2025-06-25 00:00:00,0.0,1322.7869321923695,-0.1456736245627405,4892.917733631162,0.0018680586846452352
2025-06-25 04:00:00,0.0,1322.7869321923695,-0.1456736245627405,4899.384903028529,-0.0013217408812975031
2025-06-25 08:00:00,0.0,1322.7869321923695,-0.1456736245627405,4894.374137222289,0.0010227336503287252
2025-06-25 12:00:00,0.0,1322.7869321923695,-0.1456736245627405,4832.6607833328035,0.012609038900428209
2025-06-25 16:00:00,0.0,1322.7869321923695,-0.1456736245627405,4873.973724978906,-0.008548694704289048
2025-06-25 20:00:00,0.0,1322.7869321923695,-0.1456736245627405,4841.992252537835,0.006561683391349977
2025-06-26 00:00:00,0.0,1322.7869321923695,-0.1456736245627405,4897.709920827263,-0.011507178323183867
2025-06-26 04:00:00,0.0,1322.7869321923695,-0.1456736245627405,4888.8970485771815,0.001799386323923751
2025-06-26 08:00:00,0.0,1322.7869321923695,-0.1456736245627405,4834.191818607787,0.011189687454211259
2025-06-26 12:00:00,0.0,1322.7869321923695,-0.1456736245627405,4793.246102753437,0.008470022992621245
2025-06-26 16:00:00,0.0,1322.7869321923695,-0.1456736245627405,4798.740087141274,-0.0011461928451119707
2025-06-26 20:00:00,0.0,1322.7869321923695,-0.1456736245627405,4758.576167322454,0.008369680184689183
2025-06-27 00:00:00,0.0,1322.7869321923695,-0.1456736245627405,4802.801275090891,-0.009293769021106235
2025-06-27 04:00:00,0.0,1322.7869321923695,-0.1456736245627405,4773.213272669739,0.006160571867631922
2025-06-27 08:00:00,0.0,1322.7869321923695,-0.1456736245627405,4790.851251649378,-0.0036952002711946796
2025-06-27 12:00:00,0.0,1322.7869321923695,-0.1456736245627405,4804.303403378751,-0.0028078834058438457
2025-06-27 16:00:00,0.0,1322.7869321923695,-0.1456736245627405,4769.6885047689175,0.0072049776426463185
2025-06-27 20:00:00,0.0,1322.7869321923695,-0.1456736245627405,4810.848035007328,-0.008629395860391575
2025-06-28 00:00:00,0.0,1322.7869321923695,-0.1456736245627405,4832.2046450970165,-0.004439261006434404
2025-06-28 04:00:00,0.0,1322.7869321923695,-0.1456736245627405,4863.312621821125,-0.006437636443165117
2025-06-28 08:00:00,0.0,1322.7869321923695,-0.1456736245627405,4859.476180595897,0.0007888535086175232
2025-06-28 12:00:00,0.0,1322.7869321923695,-0.1456736245627405,4880.527387568624,-0.0043319909781193
2025-06-28 16:00:00,0.0,1322.7869321923695,-0.1456736245627405,4892.794759794172,-0.0025135341432144876
2025-06-28 20:00:00,-0.00015801781443425256,1322.5779082923823,-0.1458086233494006,4897.840443821224,-0.0011892656543220279
2025-06-29 00:00:00,-0.0019851095306641087,1319.9524462815853,-0.14750428679220082,4880.261528081607,0.0016040061094326923
2025-06-29 04:00:00,0.0013129402292106906,1321.6854649489533,-0.14638501087510072,4896.0524370091925,-0.0019227283587783645
2025-06-29 08:00:00,0.0021118999008891137,1324.4767323513854,-0.14458226146417047,4927.0607109181665,-0.0042214215469334225
2025-06-29 12:00:00,-0.006807918472830132,1315.4598027383768,-0.1504058756883351,4884.235927543425,0.0018838322254805442
2025-06-29 16:00:00,-0.0016337756774263967,1313.3106365080307,-0.15179392190431987,4897.536597581603,-0.00435695904438311
2025-06-29 20:00:00,0.009522726270803084,1325.8169342080307,-0.14371668760138337,4993.316244601008,-0.010033972308376753
2025-06-30 00:00:00,-0.0031628075908582964,1321.623630344429,-0.14642494696176298,4956.800895794737,0.004150037624133558
2025-06-30 04:00:00,-0.007764540561875921,1311.361830059086,-0.15305256508368378,4932.1145708605145,-0.0027842467285761185
2025-06-30 08:00:00,-0.00044096423264128326,1310.783566395979,-0.1534260386094091,4911.8051357232,0.003676830446603385
2025-06-30 12:00:00,0.011552089435812984,1325.9258553859793,-0.14364634049339453,4959.909299561089,0.0017585079502547528
2025-06-30 16:00:00,-0.0004778469990336376,1325.292265695042,-0.1440555465197012,5051.972515259537,-0.019039318618402818
2025-06-30 20:00:00,-0.011692577398260129,1309.7961833030872,-0.15406374329063108,4965.863184819168,0.005352117556091902
2025-07-01 00:00:00,-0.00035935670187214885,1309.3254992665306,-0.15436773615383625,4951.79733790855,0.0024731512402752986
2025-07-01 04:00:00,-0.00018926946163555503,1309.0776839341788,-0.15452778851715604,4912.6008463317485,0.007726339538904956
2025-07-01 08:00:00,-5.069305421734338e-05,1309.0113227881725,-0.15457064808581195,4874.870355887637,0.0076296562402473145
2025-07-01 12:00:00,0.0,1309.0113227881725,-0.15457064808581195,4818.979806566452,0.011465032963119515
2025-07-01 16:00:00,0.0,1309.0113227881725,-0.15457064808581195,4774.649799784451,0.00919904389754773
2025-07-01 20:00:00,0.0,1309.0113227881725,-0.15457064808581195,4793.419990524901,-0.003931218314963474
2025-07-02 00:00:00,0.0,1309.0113227881725,-0.15457064808581195,4836.037672943126,-0.008890871758049241
2025-07-02 04:00:00,0.0,1309.0113227881725,-0.15457064808581195,4880.508573648234,-0.009195730826067727
2025-07-02 08:00:00,0.0,1309.0113227881725,-0.15457064808581195,4880.028383781655,9.838930909210144e-05
2025-07-02 12:00:00,0.0,1309.0113227881725,-0.15457064808581195,4971.259143107059,-0.018694718995611037
2025-07-02 16:00:00,0.0020449487793130494,1311.688183894815,-0.1528417883646197,5082.696677665834,-0.020371411211352473
2025-07-02 20:00:00,-0.007882591150622398,1301.3486822240698,-0.15951959018683384,5028.786487610949,0.0027240205505587433
2025-07-03 00:00:00,-6.127814879997029e-05,1301.2689379858798,-0.15957109327044983,5037.4761264574645,-0.0017892574272847992
2025-07-03 04:00:00,0.008659467657522235,1312.5372342681069,-0.15229342633417847,5125.624648844739,-0.00883908125356963
2025-07-03 08:00:00,-0.0021185960117668934,1309.756498118291,-0.1540893741002955,5109.358939759811,0.0010548140990562782
2025-07-03 12:00:00,-0.009507043733616993,1297.3045858102912,-0.16213148341545533,5020.695619214729,0.007846076607004347
2025-07-03 16:00:00,0.007511026246671548,1307.0486746042395,-0.15583823099612915,5068.451472427223,-0.002000773877145574
2025-07-03 20:00:00,0.0033475653703751718,1311.4241054847396,-0.15301234429121707,5072.033260164171,0.0026408825193241503
2025-07-04 00:00:00,-0.003222205846009185,1307.1984270654493,-0.1557415128669395,5060.729998973971,-0.0009936594997191589
2025-07-04 04:00:00,-0.010936896759644599,1292.9017328242646,-0.16497508077916756,4981.367076250562,0.0047452128845173296
2025-07-04 08:00:00,-0.0007680671449817877,1291.9086974815923,-0.16561643598486214,4996.495452041288,-0.0038050599140659574
2025-07-04 12:00:00,-6.716485473701184e-05,1291.8219266215924,-0.1656724772357342,4914.470215118253,0.016349389049965333
2025-07-04 16:00:00,-4.395708739335369e-06,1291.81624814866,-0.16567614469651745,4900.188350505828,0.002901688566324477
2025-07-04 20:00:00,0.0,1291.81624814866,-0.16567614469651745,4932.225284275242,-0.006537898439374722
2025-07-05 00:00:00,0.0,1291.81624814866,-0.16567614469651745,4949.766185025282,-0.0035563867704834057
2025-07-05 04:00:00,0.0,1291.81624814866,-0.16567614469651745,4948.490717167184,0.000257682446083231
2025-07-05 08:00:00,0.0,1291.81624814866,-0.16567614469651745,4947.011904386514,0.0002988411750554722
2025-07-05 12:00:00,0.0,1291.81624814866,-0.16567614469651745,4936.690709022628,0.0020863494091725005
2025-07-05 16:00:00,0.0,1291.81624814866,-0.16567614469651745,4928.800622152671,0.0015982542425711272
2025-07-05 20:00:00,0.0,1291.81624814866,-0.16567614469651745,4945.795736899524,-0.003448123803277335
2025-07-06 00:00:00,0.0,1291.81624814866,-0.16567614469651745,4937.538464962691,0.0016695537737693483
2025-07-06 04:00:00,0.0,1291.81624814866,-0.16567614469651745,4943.61171835577,-0.0012300164213759266
2025-07-06 08:00:00,0.0,1291.81624814866,-0.16567614469651745,4962.748304533202,-0.003870972735657317
2025-07-06 12:00:00,0.0,1291.81624814866,-0.16567614469651745,5029.319790922127,-0.01341423789881018
2025-07-06 16:00:00,0.0,1291.81624814866,-0.16567614469651745,5014.75733798392,0.002895511429695225
2025-07-06 20:00:00,0.0,1291.81624814866,-0.16567614469651745,5039.905360229847,-0.005014803419388932
2025-07-07 00:00:00,0.0,1291.81624814866,-0.16567614469651745,5047.639914348982,-0.00153466257127929
2025-07-07 04:00:00,0.0,1291.81624814866,-0.16567614469651745,5049.6019025176965,-0.0003886941624218051
2025-07-07 08:00:00,0.0,1291.81624814866,-0.16567614469651745,5038.703851173366,0.0021582001026449076
2025-07-07 12:00:00,0.0,1291.81624814866,-0.16567614469651745,5024.015734478631,0.00291505854056381
2025-07-07 16:00:00,-0.006383473628022274,1283.5699731963523,-0.1710020290240771,5000.472433625851,-0.0016973217333918445
2025-07-07 20:00:00,-0.004376206764958979,1277.9528055963522,-0.17462989555279923,4991.629524199637,-0.002607791971438773
2025-07-08 00:00:00,-0.00029542814203387113,1277.575262373388,-0.17487373310924637,4969.2457643112875,0.004188830912014829
2025-07-08 04:00:00,0.0,1277.575262373388,-0.17487373310924637,4994.273659843616,-0.005036558206091549
2025-07-08 08:00:00,0.0,1277.575262373388,-0.17487373310924637,5033.766793700423,-0.007907683188118091
2025-07-08 12:00:00,0.0,1277.575262373388,-0.17487373310924637,5006.047324728624,0.005506705039750608
2025-07-08 16:00:00,0.0,1277.575262373388,-0.17487373310924637,5068.694884498521,-0.012514376254581754
2025-07-08 20:00:00,0.0,1277.575262373388,-0.17487373310924637,5066.256266821235,0.00048111352781240617
2025-07-09 00:00:00,0.0,1277.575262373388,-0.17487373310924637,5039.635467783448,0.0052545306900729305
2025-07-09 04:00:00,0.0,1277.575262373388,-0.17487373310924637,5094.129284183238,-0.0108130472428311
2025-07-09 08:00:00,0.0,1277.575262373388,-0.17487373310924637,5135.0668718204515,-0.008036228637604559
2025-07-09 12:00:00,-0.0003244139794403855,1277.1607990984867,-0.17514141560502922,5148.316251698903,-0.002904590676098479
2025-07-09 16:00:00,0.0220911605374694,1305.374763343534,-0.15691933219645027,5268.247405584851,-0.0012040583307133222
2025-07-09 20:00:00,-0.0031945713519027086,1301.2046505210599,-0.1596126135451585,5274.820748809685,-0.00444230000220623
2025-07-10 00:00:00,0.0017547260724137814,1303.4879082468753,-0.15813796388721843,5282.696930427558,0.00026156033409937716
2025-07-10 04:00:00,0.004471580800555541,1309.3165597511484,-0.15437350976981992,5305.0801888550395,0.00023449154060622198
2025-07-10 08:00:00,0.002867418253524656,1313.070917954221,-0.1519487449360699,5309.663125374337,0.002003541298577684
2025-07-10 12:00:00,-0.0002443787433050737,1312.7500313334208,-0.15215599063604077,5294.293732557988,0.0026502291543033358
2025-07-10 16:00:00,0.019265459140566987,1338.040763423853,-0.13582188651606486,5396.973213921157,-0.00012890893760121938
2025-07-10 20:00:00,0.01209510149315629,1354.2245022594448,-0.1253695645253123,5568.576898001739,-0.019701180844866127
2025-07-11 00:00:00,0.008425203792600922,1365.634119671914,-0.11800062486322684,5615.180326521703,5.6202273256169416e-05
2025-07-11 04:00:00,0.0012037869319543315,1367.2780521790062,-0.11693888554144521,5614.287544659355,0.0013627812670306153
2025-07-11 08:00:00,0.01374265249515294,1386.0680793143517,-0.1048032835134589,5685.196368454503,0.0011125862167343323
2025-07-11 12:00:00,0.019314441948063754,1412.839210768333,-0.0875130585007823,5714.867923636301,0.014095351303026955
2025-07-11 16:00:00,0.006271107224334882,1421.6992769498058,-0.08179075504983536,5803.632107818127,-0.009261042488994922
2025-07-11 20:00:00,-0.011408237632397733,1405.4801937565544,-0.09226590431249135,5674.23314443789,0.01088796601667985
2025-07-12 00:00:00,-0.00015016748164964344,1405.2691363353495,-0.0924022164556483,5736.132217632077,-0.011058967246929627
2025-07-12 04:00:00,-9.261551661010614e-05,1405.1389866083116,-0.0924862740932454,5708.9122995767475,0.0046527280393943
2025-07-12 08:00:00,0.00011143317215722703,1405.2955657029113,-0.0923851469599913,5722.112524146405,-0.0022007804119675367
2025-07-12 12:00:00,-0.0012135528081218538,1403.5901653229114,-0.09348658551359107,5579.451265504296,0.02371801888679002
2025-07-12 16:00:00,0.0007497059458279054,1404.6424452153594,-0.09280696701677793,5654.854716915829,-0.012764786398199637
2025-07-12 20:00:00,-0.00021932095320720268,1404.3343776953595,-0.09300593345751472,5656.539364853256,-0.000517232751433862
2025-07-13 00:00:00,0.0005462121456705216,1405.1014421890395,-0.09251052228231804,5701.605968374861,-0.007420956579721036
2025-07-13 04:00:00,0.0003959071160963834,1405.6577318488394,-0.09215124074030706,5758.580204364545,-0.009596757460463845
2025-07-13 08:00:00,0.0001034157413604131,1405.8030989852775,-0.09205735488782509,5740.529644219384,0.0032379661868816895
2025-07-13 12:00:00,0.0010203799244967726,1407.2375522452776,-0.09113090844015805,5781.8936403985335,-0.006185226307465176
2025-07-13 16:00:00,0.00046344279603927063,1407.8897263511815,-0.09070969960713196,5800.942188431663,-0.002831074401585365
2025-07-13 20:00:00,0.00020322665521654848,1408.1758470711816,-0.09052490758076226,5765.777163901811,0.006265177177664283
2025-07-14 00:00:00,0.002797887607507432,1412.1157648228934,-0.08798029849034572,5906.993137099068,-0.021694209326341633
2025-07-14 04:00:00,0.0033041785683463054,1416.7816474690453,-0.08496682253870785,5948.401306970359,-0.0037058464833548766
2025-07-14 08:00:00,-0.0035350313183315496,1411.773279974005,-0.0882014934783459,5918.864909324496,0.001430403278566218
2025-07-14 12:00:00,-0.008813372052366097,1399.3307968040049,-0.09623751295311296,5837.216688308998,0.004981202121285009
2025-07-14 16:00:00,-0.0004566076863039559,1398.6918516065023,-0.09665017785129179,5817.590473048785,0.002905648044157732
2025-07-14 20:00:00,5.701041291494846e-06,1398.6998256065024,-0.09664502781665504,5820.747209055097,-0.0005369181102176894
2025-07-15 00:00:00,-2.664553703202177e-05,1398.6625564985025,-0.09666909819501944,5682.55754174047,0.023714235547728287
2025-07-15 04:00:00,-1.0182756990939623e-06,1398.66113227441,-0.09667001803492498,5696.917876695373,-0.002528108384232373
2025-07-15 08:00:00,0.0,1398.66113227441,-0.09667001803492498,5740.88381592836,-0.007717495702867521
2025-07-15 12:00:00,0.0,1398.66113227441,-0.09667001803492498,5753.219744344222,-0.0021487855897093233
2025-07-15 16:00:00,0.0,1398.66113227441,-0.09667001803492498,5744.804367027771,0.0014627248202580784
2025-07-15 20:00:00,0.0,1398.66113227441,-0.09667001803492498,5900.853377946712,-0.027163503045392026
2025-07-16 00:00:00,-0.008888070377680135,1386.2297336962292,-0.10469887848889908,5838.898860438367,0.0016111766871407252
2025-07-16 04:00:00,0.0062021068370157195,1394.8272786052612,-0.09914612528198717,5896.987412585204,-0.0037464388623143254
2025-07-16 08:00:00,-0.000836535962232321,1393.6604554256053,-0.09989972194490511,5919.0215530241285,-0.004573043927621669
2025-07-16 12:00:00,0.008953869725885966,1406.1391095856052,-0.09184034131496596,5980.931351599122,-0.0015055952414889506
2025-07-16 16:00:00,0.015889610766400386,1428.4821127203331,-0.07741003782471384,6113.24672038047,-0.006233259569834386
2025-07-16 20:00:00,-0.0020695872791088865,1425.5257443114126,-0.07931941827426532,6102.0242813636405,-0.00023382969723084734
2025-07-17 00:00:00,-0.010777026563348002,1410.162815498232,-0.08924161735988229,6023.5732104874205,0.002079538284455078
2025-07-17 04:00:00,0.01802127176116608,1435.5757428238167,-0.07282859303756471,6181.809300642424,-0.008248200630985636
2025-07-17 08:00:00,0.009053740108971198,1448.5730725060866,-0.06443422408245773,6268.442670381381,-0.004960501600159817
2025-07-17 12:00:00,-0.007795772892275843,1437.280325814963,-0.07172768239729677,6243.164197604331,-0.0037631169191277847
2025-07-17 16:00:00,-0.00245157575471755,1433.7567242154623,-0.07400341230490708,6227.428563082404,6.888246548513496e-05
2025-07-17 20:00:00,0.03385003416451737,1482.2894383137623,-0.042658396175201646,6398.104677026284,0.006442876906112956
2025-07-18 00:00:00,0.027974203098001693,1523.7553041111744,-0.01587752771564002,6574.400385432089,0.0004198385939586345
2025-07-18 04:00:00,-0.007368610296356604,1512.5273450881728,-0.023129142697790497,6527.533993283174,-0.0002399918062561601
2025-07-18 08:00:00,-0.002244309978558401,1509.132764874749,-0.025321543710596695,6511.492727260907,0.00021316723087083655
2025-07-18 12:00:00,-0.015411254738432523,1485.8751354011492,-0.04034256168853487,6406.243181878059,0.0007524038558883103
2025-07-18 16:00:00,-0.0033305121625960554,1480.9264101905967,-0.04353871245875694,6396.813456773573,-0.0018585535065213734
2025-07-18 20:00:00,-0.0006459072579285685,1479.9698690737964,-0.04415649774630758,6387.8673736267065,0.0007526145541143503
2025-07-19 00:00:00,0.0034524594613913884,1485.0794050508546,-0.04085648680334224,6443.890437340811,-0.005317770168829774
2025-07-19 04:00:00,-0.0023363234001875233,1481.6097792856976,-0.0430973562373617,6429.281922588847,-6.929001499651147e-05
2025-07-19 08:00:00,-0.002044177476448139,1478.5811059459966,-0.04505343506889493,6398.702374367564,0.002712115464112478
2025-07-19 12:00:00,0.001113677554364978,1480.2277685359968,-0.0439899325139132,6403.316185635895,0.0003926233470599806
2025-07-19 16:00:00,0.0013653752422642107,1482.248834884068,-0.042684620036412296,6476.866004251009,-0.010120832291904493
2025-07-19 20:00:00,0.0009726909855272137,1483.690604964068,-0.041753447996015144,6459.157349271806,0.003706830454767448
2025-07-20 00:00:00,0.006397485864557906,1493.1824946367028,-0.03562307922480836,6512.108983206859,-0.0018004308406331295
2025-07-20 04:00:00,0.0006758173592655847,1494.1916132871297,-0.034971336560873444,6529.47278291781,-0.001990569176298727
2025-07-20 08:00:00,0.010133192918525324,1509.3325451618107,-0.02519251494233819,6606.342962168166,-0.0016396073987470228
2025-07-20 12:00:00,0.00432875307760594,1515.8660730618108,-0.020972814041321473,6668.670176529322,-0.00510569722539489
2025-07-20 16:00:00,-0.0037019357441967493,1510.254434262528,-0.024597109775562263,6654.873783733335,-0.0016330985651526386
2025-07-20 20:00:00,-0.0018095809672854513,1507.5215065825282,-0.02636218028114759,6609.629850325332,0.004989035336842315
2025-07-21 00:00:00,0.010108529791296172,1522.7603326428373,-0.01652013337458699,6684.897956006419,-0.0012791132969750072
2025-07-21 04:00:00,0.009426851875685038,1537.11516874083,-0.00724901434919081,6783.618837476112,-0.0053408950846095225
2025-07-21 08:00:00,0.004669849067137299,1544.293264577657,-0.002613017084949736,6810.857727200062,0.0006544569325633064
2025-07-21 12:00:00,0.007895940092820908,1556.486911680509,0.0,6865.101810839122,-6.841415032074125e-05
2025-07-21 16:00:00,-0.021587547289782405,1522.8861768686786,-0.021587547289782374,6720.199491654962,-0.00048045766798299194
2025-07-21 20:00:00,0.008814131170065354,1536.3090953886785,-0.012963691593169112,6772.806824492269,0.0009858914128030461
2025-07-22 00:00:00,0.0050334724892640015,1544.0420649553234,-0.007995471488898682,6778.447106505159,0.00420068895371517
2025-07-22 04:00:00,-0.011013393604492938,1527.0369219520765,-0.01892080781883085,6726.128636533066,-0.003295037298092932
2025-07-22 08:00:00,0.0044785413721804,1533.8758199838858,-0.0145270040672622,6775.4380816258,-0.002852487776579744
2025-07-22 12:00:00,-0.000601164265874865,1532.953708652622,-0.015119435217401564,6763.029923066288,0.0012301798346876186
2025-07-22 16:00:00,-0.005197813163885012,1524.985701686161,-0.02023866038188307,6745.858324183884,-0.002658773846043516
2025-07-22 20:00:00,0.02000301864618903,1555.490019112161,-0.0006404760366867314,6898.873493210708,-0.002679813051930831
2025-07-23 00:00:00,-0.008257819969447855,1542.6450625700597,-0.008893007070328909,6821.1320513854425,0.003010895408761538
2025-07-23 04:00:00,-0.006754937554125817,1532.2245915042186,-0.015587872917026202,6764.204071986755,0.0015908881782943675
2025-07-23 08:00:00,-0.0009589856941493169,1530.7552100407422,-0.01653191006404588,6749.030117117055,0.0012842870853548532
2025-07-23 12:00:00,-0.02352710506798894,1494.7409713807422,-0.039670067146983484,6597.855474607716,-0.0011276432362915222
2025-07-23 16:00:00,-0.0006928316549471569,1493.705367519823,-0.04033541412365736,6460.620757891059,0.020107065712434386
2025-07-23 20:00:00,0.0,1493.705367519823,-0.04033541412365736,6493.793002742972,-0.005134529032894638
2025-07-24 00:00:00,0.0,1493.705367519823,-0.04033541412365736,6503.050483624943,-0.0014255891553764468
2025-07-24 04:00:00,0.0,1493.705367519823,-0.04033541412365736,6346.776750121169,0.024030835051531536
2025-07-24 08:00:00,0.0,1493.705367519823,-0.04033541412365736,6467.4214514352425,-0.01900881440516557
2025-07-24 12:00:00,0.0,1493.705367519823,-0.04033541412365736,6550.745126077814,-0.012883600561407693
2025-07-24 16:00:00,0.0,1493.705367519823,-0.04033541412365736,6528.392263419004,0.0034122626096114556
2025-07-24 20:00:00,0.0,1493.705367519823,-0.04033541412365736,6438.3970774017,0.013785198925864288
2025-07-25 00:00:00,0.0,1493.705367519823,-0.04033541412365736,6289.162384334105,0.023178858227212693
2025-07-25 04:00:00,0.0,1493.705367519823,-0.04033541412365736,6302.648384785934,-0.0021443237791762826
2025-07-25 08:00:00,0.0,1493.705367519823,-0.04033541412365736,6423.326286771703,-0.019147173476641362
2025-07-25 12:00:00,0.0,1493.705367519823,-0.04033541412365736,6296.36018736797,0.0197664097595678
2025-07-25 16:00:00,0.0,1493.705367519823,-0.04033541412365736,6364.425779244274,-0.010810307836718039
2025-07-25 20:00:00,0.0,1493.705367519823,-0.04033541412365736,6498.332297973615,-0.021039842929119805
2025-07-26 00:00:00,0.0,1493.705367519823,-0.04033541412365736,6507.44322950162,-0.0014020414946842269
2025-07-26 04:00:00,0.0,1493.705367519823,-0.04033541412365736,6505.25123772806,0.00033684377969267487
2025-07-26 08:00:00,0.0,1493.705367519823,-0.04033541412365736,6537.417393442896,-0.004944644647740122
2025-07-26 12:00:00,0.0,1493.705367519823,-0.04033541412365736,6569.377354966565,-0.004888774817365208
2025-07-26 16:00:00,0.0,1493.705367519823,-0.04033541412365736,6591.13580155517,-0.003312101804009585
2025-07-26 20:00:00,0.0,1493.705367519823,-0.04033541412365736,6552.522986695257,0.005858294537157217
2025-07-27 00:00:00,0.0,1493.705367519823,-0.04033541412365736,6595.576650298254,-0.0065705475113046075
2025-07-27 04:00:00,0.0,1493.705367519823,-0.04033541412365736,6590.161058055628,0.000821094580468735
2025-07-27 08:00:00,0.0,1493.705367519823,-0.04033541412365736,6594.909865971802,-0.0007205905704487885
2025-07-27 12:00:00,0.0,1493.705367519823,-0.04033541412365736,6622.665926143272,-0.004208709555635649
2025-07-27 16:00:00,0.004808889333016264,1500.8884313283584,-0.03572049333336311,6672.874506419848,-0.0027724352931249073
2025-07-27 20:00:00,0.004488355402964661,1507.6249520283582,-0.0313924641996478,6753.249371474123,-0.00755665832791649
2025-07-28 00:00:00,-0.0005449308722256241,1506.8034006482603,-0.03192028834897574,6798.806538235109,-0.007290893334891413
2025-07-28 04:00:00,0.005411187726086952,1514.9569967154744,-0.026681827295415867,6822.691793502767,0.001898033596265566
2025-07-28 08:00:00,0.0025564215495159637,1518.8298654284677,-0.02419361574417845,6819.8222771949395,0.0029770057404301387
2025-07-28 12:00:00,-0.018081056782651928,1491.3678163884679,-0.04183722638678227,6657.861327139579,0.005667501973336049
2025-07-28 16:00:00,-0.006041666273006729,1482.357469751546,-0.047626126100171834,6611.150414915814,0.0009742371723469511
2025-07-28 20:00:00,-0.0025781645376787843,1478.5357082908693,-0.05008150264847216,6563.437715109109,0.00463883958599958
2025-07-29 00:00:00,-0.0007091123498047525,1477.4872603604929,-0.0507551015862521,6578.134992662505,-0.002948377532372521
2025-07-29 04:00:00,-0.0001983247568915214,1477.1942380587716,-0.05094336034996051,6648.65096555557,-0.010918076323516632
2025-07-29 08:00:00,0.0,1477.1942380587716,-0.05094336034996051,6565.84960901631,0.012453858229019186
2025-07-29 12:00:00,0.0,1477.1942380587716,-0.05094336034996051,6460.941034942389,0.015977913038071882
2025-07-29 16:00:00,0.0,1477.1942380587716,-0.05094336034996051,6455.488651334094,0.0008438992986945504
2025-07-29 20:00:00,0.0,1477.1942380587716,-0.05094336034996051,6489.488967808029,-0.005266885019913792
2025-07-30 00:00:00,0.0,1477.1942380587716,-0.05094336034996051,6500.372317420613,-0.0016770734439295332
2025-07-30 04:00:00,0.0,1477.1942380587716,-0.05094336034996051,6465.658497389626,0.005340281807852272
2025-07-30 08:00:00,0.0,1477.1942380587716,-0.05094336034996051,6347.740402800369,0.01823760018207957
2025-07-30 12:00:00,0.0,1477.1942380587716,-0.05094336034996051,6412.529859095503,-0.010206695955390794
2025-07-30 16:00:00,0.0,1477.1942380587716,-0.05094336034996051,6344.223926996894,0.010651947608746533
2025-07-30 20:00:00,0.0,1477.1942380587716,-0.05094336034996051,6387.808972367368,-0.006870035779318107
2025-07-31 00:00:00,0.0,1477.1942380587716,-0.05094336034996051,6471.51339285732,-0.013103776404717651
2025-07-31 04:00:00,0.0,1477.1942380587716,-0.05094336034996051,6498.3298938936005,-0.004143775869470868
2025-07-31 08:00:00,0.0,1477.1942380587716,-0.05094336034996051,6470.5913477162,0.00426856540531514
2025-07-31 12:00:00,0.0,1477.1942380587716,-0.05094336034996051,6383.282848879624,0.01349312514804273
2025-07-31 16:00:00,0.0,1477.1942380587716,-0.05094336034996051,6308.855727135271,0.011659693531740583
2025-07-31 20:00:00,0.0,1477.1942380587716,-0.05094336034996051,6221.128229451462,0.013905453140492756
2025-08-01 00:00:00,0.0,1477.1942380587716,-0.05094336034996051,6202.888202572013,0.0029319483872874657
2025-08-01 04:00:00,0.0,1477.1942380587716,-0.05094336034996051,6129.897689185536,0.011767181835747289
2025-08-01 08:00:00,0.0,1477.1942380587716,-0.05094336034996051,6132.451582105021,-0.0004166289633168769
2025-08-01 12:00:00,0.0,1477.1942380587716,-0.05094336034996051,6141.588461763837,-0.001489922836974086
2025-08-01 16:00:00,0.0,1477.1942380587716,-0.05094336034996051,6070.203871026383,0.011623147852038282
2025-08-01 20:00:00,0.0,1477.1942380587716,-0.05094336034996051,5987.159222583124,0.013680701704211127
2025-08-02 00:00:00,0.0,1477.1942380587716,-0.05094336034996051,6041.351866589604,-0.009051478671565796
2025-08-02 04:00:00,0.0,1477.1942380587716,-0.05094336034996051,6036.549211580151,0.0007949636299141583
2025-08-02 08:00:00,0.0,1477.1942380587716,-0.05094336034996051,5998.503681949534,0.006302529524257409
2025-08-02 12:00:00,0.0,1477.1942380587716,-0.05094336034996051,5887.315027408439,0.01853606506497271
2025-08-02 16:00:00,0.0,1477.1942380587716,-0.05094336034996051,5801.530855455535,0.01457101778205099
2025-08-02 20:00:00,0.0,1477.1942380587716,-0.05094336034996051,5811.410457030424,-0.0017029301094898214
2025-08-03 00:00:00,0.0,1477.1942380587716,-0.05094336034996051,5905.75966821633,-0.016235165607992017
2025-08-03 04:00:00,0.0,1477.1942380587716,-0.05094336034996051,5933.513943097174,-0.004699526638412539
2025-08-03 08:00:00,0.0,1477.1942380587716,-0.05094336034996051,5954.675994152822,-0.00356652925375957
2025-08-03 12:00:00,0.0,1477.1942380587716,-0.05094336034996051,5968.510574323793,-0.0023233136755982852
2025-08-03 16:00:00,0.0,1477.1942380587716,-0.05094336034996051,5982.669482197064,-0.002372268206105096
2025-08-03 20:00:00,0.0,1477.1942380587716,-0.05094336034996051,5992.29995800448,-0.0016097288737198592
2025-08-04 00:00:00,0.0,1477.1942380587716,-0.05094336034996051,6060.564920920736,-0.01139211377846142
2025-08-04 04:00:00,0.0,1477.1942380587716,-0.05094336034996051,6079.267074230156,-0.00308587624313063
2025-08-04 08:00:00,0.0,1477.1942380587716,-0.05094336034996051,6060.7033130685295,0.0030536182955866226
2025-08-04 12:00:00,0.0,1477.1942380587716,-0.05094336034996051,6147.782335995467,-0.014367808227664116
2025-08-04 16:00:00,0.0,1477.1942380587716,-0.05094336034996051,6155.680688607383,-0.0012847482523365825
2025-08-04 20:00:00,0.0,1477.1942380587716,-0.05094336034996051,6251.147258614308,-0.015508694299821173
2025-08-05 00:00:00,0.0,1477.1942380587716,-0.05094336034996051,6177.1015403977435,0.011845140604314932
2025-08-05 04:00:00,0.0,1477.1942380587716,-0.05094336034996051,6109.513384678137,0.010941726516487773
2025-08-05 08:00:00,0.0,1477.1942380587716,-0.05094336034996051,6217.1067888861935,-0.017610797691005375
2025-08-05 12:00:00,0.0,1477.1942380587716,-0.05094336034996051,6025.374066092585,0.03083954149482406
2025-08-05 16:00:00,0.0,1477.1942380587716,-0.05094336034996051,6012.691879253034,0.0021047965985910378
2025-08-05 20:00:00,0.0,1477.1942380587716,-0.05094336034996051,6061.245127778,-0.008075126665395909
2025-08-06 00:00:00,0.0,1477.1942380587716,-0.05094336034996051,5991.307854599355,0.01153843339186714
2025-08-06 04:00:00,0.0,1477.1942380587716,-0.05094336034996051,6090.838783802655,-0.016612554657309486
2025-08-06 08:00:00,0.0,1477.1942380587716,-0.05094336034996051,6069.1791098313615,0.0035561069238760267
2025-08-06 12:00:00,0.0,1477.1942380587716,-0.05094336034996051,6174.187076818755,-0.017301840180872757
2025-08-06 16:00:00,0.0,1477.1942380587716,-0.05094336034996051,6180.955330857446,-0.0010962178428482858
2025-08-06 20:00:00,0.0,1477.1942380587716,-0.05094336034996051,6161.883398958136,0.0030855961382048364
2025-08-07 00:00:00,0.0,1477.1942380587716,-0.05094336034996051,6118.684878154703,0.007010603415627251
2025-08-07 04:00:00,0.0,1477.1942380587716,-0.05094336034996051,6175.043840447453,-0.009210960102548293
2025-08-07 08:00:00,0.0,1477.1942380587716,-0.05094336034996051,6319.993672498685,-0.02347349035836615
2025-08-07 12:00:00,0.0,1477.1942380587716,-0.05094336034996051,6294.630576745212,0.004013152080173625
2025-08-07 16:00:00,0.0,1477.1942380587716,-0.05094336034996051,6344.120173021941,-0.007862192335728586
2025-08-07 20:00:00,0.0,1477.1942380587716,-0.05094336034996051,6490.959549538417,-0.02314574322549937
2025-08-08 00:00:00,0.005580385628510598,1485.4375515553534,-0.0456472583174149,6508.375366533293,0.002897297425301109
2025-08-08 04:00:00,-0.0031422035807148196,1480.770004361928,-0.048646028919594894,6527.211804489158,-0.00603638790399798
2025-08-08 08:00:00,-0.0012912579333409502,1478.8579483463423,-0.049874472282167896,6526.304508510519,-0.001152255859283183
2025-08-08 12:00:00,-0.0055858752657326205,1470.5972323111423,-0.05518175496678811,6446.302302620979,0.006672548438710553
2025-08-08 16:00:00,0.007392423169455986,1481.468509364217,-0.04819725868127989,6580.7449894381725,-0.013463360581568447
2025-08-08 20:00:00,-0.0036532436267056045,1476.056343974217,-0.05167442597988346,6534.31464278836,0.0034022412347091613
2025-08-09 00:00:00,0.00292710847822808,1480.3769210130063,-0.0488985741520487,6563.579282698891,-0.001551500451757908
2025-08-09 04:00:00,0.00846445978590471,1492.9075119289023,-0.04084801438064208,6664.6297504596605,-0.006931174731245302
2025-08-09 08:00:00,0.002498085068430189,1496.636921892999,-0.0384519711270113,6678.5885273011,0.00040362860736772475
2025-08-09 12:00:00,-0.0030360879758684067,1492.0930005301989,-0.0413713155356926,6642.485631634164,0.0023696793534635175
2025-08-09 16:00:00,0.009339094863970887,1506.0277986080173,-0.032418591312156866,6682.130649455982,0.003370693873682955
2025-08-09 20:00:00,-0.005781672099046231,1497.3204397044174,-0.038012829746323175,6627.237141116458,0.0024332987267625516
2025-08-10 00:00:00,0.006179365074010512,1506.572929334129,-0.03206835982481137,6721.966703169298,-0.008114609931821384
2025-08-10 04:00:00,-0.028690792137410992,1463.348158578753,-0.059839085316300986,6566.541471283804,-0.005568804369721878
2025-08-10 08:00:00,-0.00041576787778752067,1462.7397454203965,-0.060229974024577825,6573.02130296,-0.001402563088711482
2025-08-10 12:00:00,0.004567682877466783,1469.4210767097434,-0.05593740256817337,6624.85500617777,-0.0033181432637672415
2025-08-10 16:00:00,0.00381128840868894,1475.0214642268904,-0.05233930773350468,6648.056879065113,0.000309042266591088
2025-08-10 20:00:00,-5.931627581157173e-05,1474.9339714468904,-0.05239551943650293,6643.868887292062,0.0005706409957995096
2025-08-11 00:00:00,0.016277876478647313,1498.9427644482637,-0.036970530751277514,6781.06130695555,-0.004371600804972786
2025-08-11 04:00:00,-0.0057376117891826395,1490.3424127716553,-0.0424960199873693,6712.1439261977,0.004425602734060088
2025-08-11 08:00:00,-0.019266052581026094,1461.6293974834632,-0.06094334201283445,6585.974326935598,-0.0004688395520178676
2025-08-11 12:00:00,0.011588663070672744,1478.5677281050894,-0.050060930799149285,6654.896880996469,0.001123612549751558
2025-08-11 16:00:00,-0.0052192470366438926,1470.8507178716995,-0.05501889747106811,6558.374975207917,0.00928464498671368
2025-08-11 20:00:00,-0.0025848067542171282,1467.0488530016996,-0.05746149100749247,6497.445524832805,0.006705520591419425
2025-08-12 00:00:00,0.004473795835750138,1473.6121300511006,-0.05324476615092766,6544.911052736124,-0.00283146401166366
2025-08-12 04:00:00,0.0020719908786765995,1476.6654409432736,-0.051283097942053144,6561.811656915848,-0.0005102602846390114
2025-08-12 08:00:00,-0.0017837394689426134,1474.0314545138394,-0.0529753617251069,6527.001769724169,0.00352118072866633
2025-08-12 12:00:00,0.012955331734286757,1493.1280209938395,-0.04070634337571269,6748.054719606095,-0.020912124975667225
2025-08-12 16:00:00,-0.00025216618969781113,1492.7515045900545,-0.04094824480190488,6895.045825796509,-0.022034903926447327
2025-08-12 20:00:00,0.0029373500595251123,1497.1362383109183,-0.0381311740716861,6909.652648125904,0.0008188982466673655
2025-08-13 00:00:00,0.01467546924978147,1519.1074151389837,-0.024015297694451727,6973.497391880801,0.0054355339004679305
2025-08-13 04:00:00,0.004914646858108496,1526.5732916239258,-0.019218677543703825,6981.269956480591,0.003800060566179859
2025-08-13 08:00:00,0.013659812672530913,1547.4259968183974,-0.005821388406233777,7073.823298880451,0.00040243357434209363
2025-08-13 12:00:00,-0.012218996948400673,1528.5180032853975,-0.017969253827463217,7018.542956489081,-0.004404221252756841
2025-08-13 16:00:00,0.013053967280061585,1548.4712272872703,-0.005149856598912396,7112.152147988093,-0.0002834436440197121
2025-08-13 20:00:00,0.0053938551976404625,1556.8234568649705,0.0,7146.203879826681,0.000606031325196813
2025-08-14 00:00:00,0.027770215658911912,1600.0567800049635,0.0,7314.595963323297,0.004206364650969543
2025-08-14 04:00:00,-0.007260001096862534,1588.440366027085,-0.007260001096862576,7256.896206176695,0.0006283029784301154
2025-08-14 08:00:00,-0.003997183744346322,1582.091078017138,-0.011228165282840612,7179.507550725212,0.006666969807362684
2025-08-14 12:00:00,-0.026578344232270124,1540.0417167387952,-0.037508083473126536,6946.6240866589105,0.005858903367361959
2025-08-14 16:00:00,-0.0007289100826248784,1538.9191648038013,-0.03820965353552796,6859.398749598675,0.011827597362157232
2025-08-14 20:00:00,0.0,1538.9191648038013,-0.03820965353552796,6898.724997971632,-0.005733191757551127
2025-08-15 00:00:00,0.0,1538.9191648038013,-0.03820965353552796,7013.498264233903,-0.016636880915824
2025-08-15 04:00:00,0.0,1538.9191648038013,-0.03820965353552796,7068.246421213,-0.007806112572707373
2025-08-15 08:00:00,0.0,1538.9191648038013,-0.03820965353552796,7003.390279060073,0.009175704734668302
2025-08-15 12:00:00,0.0,1538.9191648038013,-0.03820965353552796,6788.637027194716,0.030664184531806384
2025-08-15 16:00:00,0.0,1538.9191648038013,-0.03820965353552796,6780.470602685619,0.0012029549490396268
2025-08-15 20:00:00,0.0,1538.9191648038013,-0.03820965353552796,6843.802479899401,-0.009340336523057482
2025-08-16 00:00:00,0.0,1538.9191648038013,-0.03820965353552796,6882.429411173743,-0.005644074531342825
2025-08-16 04:00:00,0.0,1538.9191648038013,-0.03820965353552796,6917.830254904392,-0.005143655185649346
2025-08-16 08:00:00,0.0,1538.9191648038013,-0.03820965353552796,6789.8815946539935,0.01849548999264456
2025-08-16 12:00:00,0.0,1538.9191648038013,-0.03820965353552796,6848.985644565822,-0.008704724683028964
2025-08-16 16:00:00,0.0,1538.9191648038013,-0.03820965353552796,6860.005795778225,-0.0016090194642392713
2025-08-16 20:00:00,0.0,1538.9191648038013,-0.03820965353552796,6879.965640988732,-0.0029095959689700657
2025-08-17 00:00:00,0.0,1538.9191648038013,-0.03820965353552796,6934.138142886424,-0.007873949482385336
2025-08-17 04:00:00,0.0,1538.9191648038013,-0.03820965353552796,6980.3493801028335,-0.006664308709196399
2025-08-17 08:00:00,0.0,1538.9191648038013,-0.03820965353552796,7046.55373049063,-0.009484389216463709
2025-08-17 12:00:00,0.0,1538.9191648038013,-0.03820965353552796,7088.78160812148,-0.00599269930322515
2025-08-17 16:00:00,0.0,1538.9191648038013,-0.03820965353552796,6970.751827842837,0.01665022098345064
2025-08-17 20:00:00,0.0,1538.9191648038013,-0.03820965353552796,6985.603075267062,-0.0021305087013578122
2025-08-18 00:00:00,0.0,1538.9191648038013,-0.03820965353552796,6751.345655420131,0.03353431583828938
2025-08-18 04:00:00,0.0,1538.9191648038013,-0.03820965353552796,6688.239237842979,0.009347235469493342
2025-08-18 08:00:00,0.0,1538.9191648038013,-0.03820965353552796,6681.46530159928,0.0010128130891865167
2025-08-18 12:00:00,0.0,1538.9191648038013,-0.03820965353552796,6770.054261569005,-0.013258911925879404
2025-08-18 16:00:00,0.0,1538.9191648038013,-0.03820965353552796,6803.3061280293805,-0.004911610036736791
2025-08-18 20:00:00,0.0,1538.9191648038013,-0.03820965353552796,6786.798380191434,0.0024264302571855062
2025-08-19 00:00:00,0.0,1538.9191648038013,-0.03820965353552796,6655.750310560715,0.01930926223080498
2025-08-19 04:00:00,0.0,1538.9191648038013,-0.03820965353552796,6694.094660999272,-0.0057610860758576165
2025-08-19 08:00:00,0.0,1538.9191648038013,-0.03820965353552796,6757.514914549043,-0.00947405986342956
2025-08-19 12:00:00,0.0,1538.9191648038013,-0.03820965353552796,6562.145209981724,0.028911472196189152
2025-08-19 16:00:00,0.0,1538.9191648038013,-0.03820965353552796,6494.131683434834,0.010364526289883935
2025-08-19 20:00:00,0.0,1538.9191648038013,-0.03820965353552796,6444.906382542991,0.007579966543857651
2025-08-20 00:00:00,0.0,1538.9191648038013,-0.03820965353552796,6525.561543360015,-0.012514558944640486
2025-08-20 04:00:00,0.0,1538.9191648038013,-0.03820965353552796,6528.8181904614285,-0.0004990600547974479
2025-08-20 08:00:00,0.0,1538.9191648038013,-0.03820965353552796,6538.133257144929,-0.001426761538115749
2025-08-20 12:00:00,0.0,1538.9191648038013,-0.03820965353552796,6605.715401245093,-0.010336611604896406
2025-08-20 16:00:00,0.0,1538.9191648038013,-0.03820965353552796,6764.88154304864,-0.024095216359691442
2025-08-20 20:00:00,0.0,1538.9191648038013,-0.03820965353552796,6737.972690233632,0.00397772712556334
2025-08-21 00:00:00,0.0,1538.9191648038013,-0.03820965353552796,6720.983167764427,0.002521459087216333
2025-08-21 04:00:00,0.0,1538.9191648038013,-0.03820965353552796,6694.6880505421805,0.003912391470992538
2025-08-21 08:00:00,0.0,1538.9191648038013,-0.03820965353552796,6631.002784961849,0.009512805540681504
2025-08-21 12:00:00,0.0,1538.9191648038013,-0.03820965353552796,6575.949662133057,0.008302382703509723
2025-08-21 16:00:00,0.0,1538.9191648038013,-0.03820965353552796,6536.487740151819,0.006000946480548068
2025-08-21 20:00:00,0.0,1538.9191648038013,-0.03820965353552796,6534.323674278122,0.0003310747238771513
2025-08-22 00:00:00,0.0,1538.9191648038013,-0.03820965353552796,6561.90894933286,-0.0042215960564252
2025-08-22 04:00:00,0.0,1538.9191648038013,-0.03820965353552796,6613.927720735944,-0.00792738390683875
2025-08-22 08:00:00,0.0,1538.9191648038013,-0.03820965353552796,6508.982751091634,0.015867268902151305
2025-08-22 12:00:00,0.0,1538.9191648038013,-0.03820965353552796,6935.398681575504,-0.06551191588460667
2025-08-22 16:00:00,0.0,1538.9191648038013,-0.03820965353552796,7114.0001568840225,-0.025752156942756437
2025-08-22 20:00:00,0.0013158959206782672,1540.9442222550203,-0.03694403754206756,7139.3541380247025,-0.002248059741614794
2025-08-23 00:00:00,-0.011903083584700047,1522.6022343781583,-0.048407373159948044,6993.376565760717,0.008543804108753803
2025-08-23 04:00:00,0.0023352838999113334,1526.1579428620705,-0.04618513421921421,7105.965774184599,-0.01376412206874687
2025-08-23 08:00:00,-8.296362968618354e-05,1526.0313272596563,-0.04626426616252799,7090.071784505945,0.00215374706999018
2025-08-23 12:00:00,0.002127253721474709,1529.2775830796563,-0.04423542827341888,7080.22823054486,0.0035156111683762392
2025-08-23 16:00:00,-0.001473326882536652,1527.0244573056443,-0.04564358191031982,7101.7424831017,-0.004511965165978579
2025-08-23 20:00:00,-0.00011559915701109258,1526.8479345656444,-0.045753904707739136,7123.537194191201,-0.0031845235993378834
2025-08-24 00:00:00,-0.00019505853670742646,1526.5501098417533,-0.045940038554745634,7133.665350593097,-0.0016168460736848728
2025-08-24 04:00:00,-0.0041597116753750996,1520.2001015267995,-0.049908652915377334,7068.257841554518,0.0050091385333245995
2025-08-24 08:00:00,-0.0035271414417943348,1514.8381407488844,-0.053259759479169694,7006.311400555046,0.0052368909956313405
2025-08-24 12:00:00,0.00206040514984962,1517.959321055272,-0.05130909101203065,7054.34797577445,-0.004795781004764902
2025-08-24 16:00:00,0.0006369595274844375,1518.9261997071521,-0.05070481329891283,7085.068681040347,-0.003717901527200608
2025-08-24 20:00:00,-0.001470377856692795,1516.6928042571521,-0.0521006359209032,7082.42352100775,-0.0010970349645236877
2025-08-25 00:00:00,-0.002382427850559199,1513.0793930795471,-0.05435893776541263,7078.060107223839,-0.0017663373596461052
2025-08-25 04:00:00,-0.006126349299631628,1503.8097401994671,-0.06015226522473645,6843.538001918534,0.027007320343262732
2025-08-25 08:00:00,-0.00016542684542264485,1503.56096969803,-0.06030774127067797,6821.300844919751,0.003083938759407664
2025-08-25 12:00:00,0.0,1503.56096969803,-0.06030774127067797,6836.833890422009,-0.0022771383135561213
2025-08-25 16:00:00,0.0,1503.56096969803,-0.06030774127067797,6678.835103470266,0.023109935020227575
2025-08-25 20:00:00,0.0,1503.56096969803,-0.06030774127067797,6597.864069754216,0.01212352640267749
2025-08-26 00:00:00,0.0,1503.56096969803,-0.06030774127067797,6612.391454820175,-0.0022018315188630905
2025-08-26 04:00:00,0.0,1503.56096969803,-0.06030774127067797,6644.0658026859555,-0.004790150141926471
2025-08-26 08:00:00,0.0,1503.56096969803,-0.06030774127067797,6631.553082984224,0.0018832925611111464
2025-08-26 12:00:00,0.0,1503.56096969803,-0.06030774127067797,6706.219946952716,-0.011259332924602397
2025-08-26 16:00:00,0.0,1503.56096969803,-0.06030774127067797,6871.786230587095,-0.0246884660723977
2025-08-26 20:00:00,0.0,1503.56096969803,-0.06030774127067797,6848.404987128313,0.003402498662532457
2025-08-27 00:00:00,0.0,1503.56096969803,-0.06030774127067797,6886.21600126917,-0.0055211416690343585
2025-08-27 04:00:00,0.0,1503.56096969803,-0.06030774127067797,6849.046627430907,0.00539764855348874
2025-08-27 08:00:00,0.0,1503.56096969803,-0.06030774127067797,6893.438506034917,-0.006481468300451805
2025-08-27 12:00:00,0.0,1503.56096969803,-0.06030774127067797,6967.8903909338005,-0.010800398789908001
2025-08-27 16:00:00,0.0,1503.56096969803,-0.06030774127067797,6906.542660977275,0.00880434773146664
2025-08-27 20:00:00,0.0,1503.56096969803,-0.06030774127067797,6828.054492141706,0.011364321150006804
2025-08-28 00:00:00,0.0,1503.56096969803,-0.06030774127067797,6901.24653075112,-0.010719310851085018
2025-08-28 04:00:00,0.0,1503.56096969803,-0.06030774127067797,6976.67690055641,-0.01092996308263751
2025-08-28 08:00:00,0.0,1503.56096969803,-0.06030774127067797,6967.4775384505865,0.0013185879519645846
2025-08-28 12:00:00,0.0,1503.56096969803,-0.06030774127067797,6916.372504991849,0.007334797016095153
2025-08-28 16:00:00,0.0,1503.56096969803,-0.06030774127067797,6840.353997009839,0.010991095104716186
2025-08-28 20:00:00,0.0,1503.56096969803,-0.06030774127067797,6943.65804452865,-0.015102149327939423
2025-08-29 00:00:00,0.0,1503.56096969803,-0.06030774127067797,6933.813067781859,0.001417837209674969
2025-08-29 04:00:00,0.0,1503.56096969803,-0.06030774127067797,6750.199713455517,0.026480863059246018
2025-08-29 08:00:00,0.0,1503.56096969803,-0.06030774127067797,6717.21549444474,0.004886406389580933
2025-08-29 12:00:00,0.0,1503.56096969803,-0.06030774127067797,6663.885755350396,0.007939262799957698
2025-08-29 16:00:00,0.0,1503.56096969803,-0.06030774127067797,6646.030637602282,0.0026793853321656702
2025-08-29 20:00:00,0.0,1503.56096969803,-0.06030774127067797,6677.89954598939,-0.0047951792769053625
2025-08-30 00:00:00,0.0,1503.56096969803,-0.06030774127067797,6682.491779388181,-0.0006876763220477715
2025-08-30 04:00:00,0.0,1503.56096969803,-0.06030774127067797,6713.467950405653,-0.004635422240700206
2025-08-30 08:00:00,0.0,1503.56096969803,-0.06030774127067797,6680.000963499159,0.004985052010931468
2025-08-30 12:00:00,0.0,1503.56096969803,-0.06030774127067797,6670.661414962844,0.0013981358067683652
2025-08-30 16:00:00,0.0,1503.56096969803,-0.06030774127067797,6656.239032035558,0.0021620619051260065
2025-08-30 20:00:00,0.0,1503.56096969803,-0.06030774127067797,6677.516527534828,-0.0031966243094431984
2025-08-31 00:00:00,0.0,1503.56096969803,-0.06030774127067797,6758.928707894525,-0.012191984853050286
2025-08-31 04:00:00,0.0,1503.56096969803,-0.06030774127067797,6705.623665919846,0.007886611070837086
2025-08-31 08:00:00,0.0,1503.56096969803,-0.06030774127067797,6712.8135975184305,-0.0010722241445083127
2025-08-31 12:00:00,0.0,1503.56096969803,-0.06030774127067797,6728.211059657464,-0.0022937419481936505
2025-08-31 16:00:00,0.0,1503.56096969803,-0.06030774127067797,6702.940745121187,0.003755874230491729
2025-08-31 20:00:00,0.0,1503.56096969803,-0.06030774127067797,6619.664895737698,0.012423778241528025
2025-09-01 00:00:00,0.0,1503.56096969803,-0.06030774127067797,6582.306654327772,0.005643524558770644
2025-09-01 04:00:00,0.0,1503.56096969803,-0.06030774127067797,6718.112511602872,-0.020631955392994308
2025-09-01 08:00:00,0.0,1503.56096969803,-0.06030774127067797,6635.817863391715,0.012249668053195781
2025-09-01 12:00:00,0.0,1503.56096969803,-0.06030774127067797,6600.823095688217,0.005273617875583368
2025-09-01 16:00:00,0.0,1503.56096969803,-0.06030774127067797,6618.104806438526,-0.0026181145138696343
2025-09-01 20:00:00,0.0,1503.56096969803,-0.06030774127067797,6558.3610191743655,0.009027325648581044
2025-09-02 00:00:00,0.0,1503.56096969803,-0.06030774127067797,6658.765467289876,-0.015309381081944557
2025-09-02 04:00:00,0.0,1503.56096969803,-0.06030774127067797,6671.980125437719,-0.0019845507718748235
2025-09-02 08:00:00,0.0,1503.56096969803,-0.06030774127067797,6656.403589896822,0.0023346195953897514
2025-09-02 12:00:00,0.0,1503.56096969803,-0.06030774127067797,6620.89640639459,0.005334289458668952
2025-09-02 16:00:00,0.0,1503.56096969803,-0.06030774127067797,6678.080247633128,-0.008636872974377065
2025-09-02 20:00:00,0.0,1503.56096969803,-0.06030774127067797,6767.556788506427,-0.013398542328839478
2025-09-03 00:00:00,0.0,1503.56096969803,-0.06030774127067797,6758.731742921971,0.0013040223909823098
2025-09-03 04:00:00,0.0,1503.56096969803,-0.06030774127067797,6757.155025927083,0.00023328592624483058
2025-09-03 08:00:00,0.0,1503.56096969803,-0.06030774127067797,6802.042642368786,-0.006642975670895509
2025-09-03 12:00:00,0.0,1503.56096969803,-0.06030774127067797,6877.018088876044,-0.011022489926812222
2025-09-03 16:00:00,0.0,1503.56096969803,-0.06030774127067797,6862.593322650313,0.002097532104657938
2025-09-03 20:00:00,0.0,1503.56096969803,-0.06030774127067797,6832.999458339092,0.004312344170759129
2025-09-04 00:00:00,0.0,1503.56096969803,-0.06030774127067797,6780.7509398873835,0.007646498257502981
2025-09-04 04:00:00,0.0,1503.56096969803,-0.06030774127067797,6732.3264295299705,0.007141467189505353
2025-09-04 08:00:00,0.0,1503.56096969803,-0.06030774127067797,6744.906927856989,-0.001868670281915698
2025-09-04 12:00:00,0.0,1503.56096969803,-0.06030774127067797,6674.972354773592,0.01036850083053956
2025-09-04 16:00:00,0.0,1503.56096969803,-0.06030774127067797,6629.367930048874,0.006832151850352543
2025-09-04 20:00:00,0.0,1503.56096969803,-0.06030774127067797,6651.962933829673,-0.0034083194686454566
2025-09-05 00:00:00,0.0,1503.56096969803,-0.06030774127067797,6691.4323081770535,-0.005933492826103004
2025-09-05 04:00:00,0.0,1503.56096969803,-0.06030774127067797,6798.055972491824,-0.015934355965085967
2025-09-05 08:00:00,0.0,1503.56096969803,-0.06030774127067797,6785.779251768183,0.001805916393351021
2025-09-05 12:00:00,0.0,1503.56096969803,-0.06030774127067797,6689.583046205369,0.01417614720339563
2025-09-05 16:00:00,0.0,1503.56096969803,-0.06030774127067797,6753.713539588362,-0.009586620412668414
2025-09-05 20:00:00,0.0,1503.56096969803,-0.06030774127067797,6708.269586994404,0.006728735580444638
2025-09-06 00:00:00,0.0,1503.56096969803,-0.06030774127067797,6732.657487740921,-0.0036354980118566654
2025-09-06 04:00:00,0.0,1503.56096969803,-0.06030774127067797,6707.469902454832,0.003741105994468324
2025-09-06 08:00:00,0.0,1503.56096969803,-0.06030774127067797,6691.754371003375,0.002342989484858401
2025-09-06 12:00:00,0.0,1503.56096969803,-0.06030774127067797,6674.441531813057,0.002587189880330687
2025-09-06 16:00:00,0.0,1503.56096969803,-0.06030774127067797,6653.0812695984205,0.0032003070388473592
2025-09-06 20:00:00,0.0,1503.56096969803,-0.06030774127067797,6674.06968097714,-0.0031546903649933684
2025-09-07 00:00:00,0.0,1503.56096969803,-0.06030774127067797,6724.859015221778,-0.007609949651769548
2025-09-07 04:00:00,0.0,1503.56096969803,-0.06030774127067797,6727.464751729996,-0.00038747823594804346
2025-09-07 08:00:00,0.0,1503.56096969803,-0.06030774127067797,6752.634085313578,-0.003741280632813474
2025-09-07 12:00:00,0.0,1503.56096969803,-0.06030774127067797,6787.240028037166,-0.005124806451285879
2025-09-07 16:00:00,0.0,1503.56096969803,-0.06030774127067797,6753.8987465478785,0.00491234748610035
2025-09-07 20:00:00,0.0,1503.56096969803,-0.06030774127067797,6794.656429938,-0.006034689728055828
2025-09-08 00:00:00,0.0009827090665297522,1505.0385326950325,-0.05938429716827689,6822.295974770194,-0.003085126462344363
2025-09-08 04:00:00,-0.006530801759727312,1495.2094243972504,-0.06552727185555744,6820.99701208639,-0.006340402121744867
2025-09-08 08:00:00,0.003636831468785129,1500.6472490843225,-0.06212875203112014,6898.762332499076,-0.007764041493758533
2025-09-08 12:00:00,0.005258171303586634,1508.537909386264,-0.05719726434859122,6976.348344353528,-0.005988195524989923
2025-09-08 16:00:00,-0.003169478805103765,1503.7566304557686,-0.06018545763663222,6935.880518647801,0.0026312386631517836
2025-09-08 20:00:00,0.0010332358244891093,1505.3103656776686,-0.059214407583086465,6927.194001707454,0.0022856387338230366
2025-09-09 00:00:00,-0.0021380346421238094,1502.0919599687018,-0.06122583977048478,6914.316351355983,-0.00027903511817558733
2025-09-09 04:00:00,0.011747954182806941,1519.7384674927766,-0.05019716394810544,7042.654103380352,-0.006813208700519966
2025-09-09 08:00:00,-0.0022811368897249773,1516.2717360118447,-0.05236379423538884,7017.197767557682,0.0013334571892957676
2025-09-09 12:00:00,-0.01379023390470735,1495.3619941091447,-0.06543191916945222,6910.95150389322,0.0013506053852533183
2025-09-09 16:00:00,0.0021840389493861245,1498.6279229477109,-0.0633907860800652,6946.4409988293055,-0.0029512155689087605
2025-09-09 20:00:00,0.0026465084490074897,1502.5940544077107,-0.060912041882007724,6957.956721519961,0.0009887210017958431
2025-09-10 00:00:00,0.002962481452635446,1507.0454614247337,-0.05813001122368995,7000.724601405807,-0.0031841333651272874
2025-09-10 04:00:00,0.008736326290481822,1520.21150231033,-0.04990152767852766,7065.073169904805,-0.0004553748780052082
2025-09-10 08:00:00,7.99270358669002e-05,1520.3330083096002,-0.04982558912385341,7044.6431764183935,0.002971615910857896
2025-09-10 12:00:00,0.025290302374445517,1558.7826897996003,-0.025795390964335075,7193.415880429169,0.004171744587333492
2025-09-10 16:00:00,-0.005147533729859655,1550.7588033263355,-0.03081014204913092,7131.6639428010685,0.0034369744724405595
2025-09-10 20:00:00,0.0037906977973563016,1556.6372613063356,-0.02713623618937644,7203.237098954684,-0.006245270908917768
2025-09-11 00:00:00,0.001507623915887546,1558.9840848698427,-0.025669523512155193,7238.75804068337,-0.003423623138834613
2025-09-11 04:00:00,0.0005971528935611037,1559.9150367271386,-0.02508769924883561,7209.4184822233265,0.004650273372951208
2025-09-11 08:00:00,0.0020337928629954316,1563.0875807957136,-0.023104929569521374,7221.465507950322,0.0003627807339728259
2025-09-11 12:00:00,-0.0037364284968772754,1557.2472158157136,-0.02675502814913671,7207.278447749773,-0.0017718604760329653
2025-09-11 16:00:00,0.003153209937309054,1562.1575432114705,-0.02368618243246054,7234.179428577181,-0.0005792642583850277
2025-09-11 20:00:00,0.007420660592381001,1573.7497841314707,-0.01644128896063996,7292.636004997428,-0.0006599485489026911
2025-09-12 00:00:00,0.002058268574767208,1576.988983856695,-0.014416860974269185,7326.5134306891905,-0.002587160823950544
2025-09-12 04:00:00,-0.0008486278759438637,1575.650707044938,-0.01525325430010667,7343.461696313098,-0.003161906324723399
2025-09-12 08:00:00,0.0014387524418109088,1577.9176783471398,-0.013836447515165651,7315.842918331927,0.00519975496668785
2025-09-12 12:00:00,0.001695819868627657,1580.5935424971399,-0.012164091769145343,7335.147724384914,-0.0009429472930638306
2025-09-12 16:00:00,0.01682272810064811,1607.1834379002096,0.0,7443.660918853671,0.0020291344954345945
2025-09-12 20:00:00,-0.0006806954318805403,1606.0894354758368,-0.0006806954318805653,7486.416840458124,-0.006424632732430958
2025-09-13 00:00:00,0.0040459223815279,1612.587548669564,0.0,7569.031035560406,-0.0069892893710182345
2025-09-13 04:00:00,-0.0009335799162543124,1611.0820693209243,-0.0009335799162543321,7568.272718871053,-0.000833393157105162
2025-09-13 08:00:00,0.00700905204035962,1622.374227386085,0.0,7622.134022674422,-0.00010767139232912941
2025-09-13 12:00:00,-0.010529991978160291,1605.2906397861357,-0.010529991978160243,7538.003482039519,0.0005076702283334546
2025-09-13 16:00:00,-0.005157906162145842,1597.0107013031477,-0.015633585429794598,7496.971019941974,0.0002855063004924153
2025-09-13 20:00:00,0.0011978500158631444,1598.9236805970372,-0.014454462104486573,7546.902512496827,-0.005462372148799728
2025-09-14 00:00:00,-0.0013919852425786639,1596.6980024296365,-0.015826326949126418,7527.062668131017,0.0012368872429154537
2025-09-14 04:00:00,-0.0006575553435780312,1595.6480851260585,-0.016473475606849863,7532.090487082376,-0.0013255209462355191
2025-09-14 08:00:00,-0.0002813274127020371,1595.199185578687,-0.016750168579281174,7485.7031876842975,0.00587729474905152
2025-09-14 12:00:00,-0.0016920716512407452,1592.4999942586871,-0.018413897745115374,7401.850145106903,0.009509687285094224
2025-09-14 16:00:00,0.0005992053735612846,1593.4542288126431,-0.017825726078031255,7434.366773071337,-0.0037938351942661897
2025-09-14 20:00:00,-0.0013468002162818626,1591.308164312643,-0.019148518602575892,7404.00858256209,0.002736693568179912
2025-09-15 00:00:00,0.0009339220011959082,1592.7943220179773,-0.018232479824193185,7453.635194652997,-0.005768746092380761
2025-09-15 04:00:00,-0.00018376763218330705,1592.501617976865,-0.018412896916730394,7373.535810275241,0.010562583951432789
2025-09-15 08:00:00,-0.0016589642883709788,1589.8597146634684,-0.02004131486667105,7303.759651105946,0.0078040885759087675
2025-09-15 12:00:00,-0.00017474489883240185,1589.5818947884718,-0.020212557647964598,7266.512344992359,0.00492499932782028
2025-09-15 16:00:00,0.0,1589.5818947884718,-0.020212557647964598,7282.466232008644,-0.0021955356653701502
2025-09-15 20:00:00,0.0,1589.5818947884718,-0.020212557647964598,7327.800343220142,-0.006225104211570663
2025-09-16 00:00:00,0.0,1589.5818947884718,-0.020212557647964598,7304.7665081771975,0.003143349158558454
2025-09-16 04:00:00,0.0,1589.5818947884718,-0.020212557647964598,7385.4632173416485,-0.011047130537864039
2025-09-16 08:00:00,0.0,1589.5818947884718,-0.020212557647964598,7378.006186982314,0.001009690271264899
2025-09-16 12:00:00,0.0,1589.5818947884718,-0.020212557647964598,7391.667890077402,-0.001851679539005034
2025-09-16 16:00:00,0.0,1589.5818947884718,-0.020212557647964598,7431.8015407114535,-0.005429579795911378
2025-09-16 20:00:00,-0.0006713794781683102,1588.514682125443,-0.020870366829726747,7433.663310375451,-0.0009218933883957353
2025-09-17 00:00:00,-0.0018210344324610661,1585.6219421928226,-0.022653395605572748,7389.683334363059,0.004095291633989568
2025-09-17 04:00:00,0.0032697697706871587,1590.806560887143,-0.019457697223040138,7452.515962173965,-0.005232979936966047
2025-09-17 08:00:00,-0.0055288879098400745,1582.0111697257598,-0.024879005705950374,7385.263387867418,0.003495255701243141
2025-09-17 12:00:00,-0.002884878133187385,1577.4472602957599,-0.027692110939601174,7364.648118597928,-9.347203339189151e-05
2025-09-17 16:00:00,0.001536142599914081,1579.8704442314179,-0.026198507370982994,7436.810519793177,-0.008262343360741133
2025-09-17 20:00:00,0.013085159429042204,1600.5433008714178,-0.013456159587692959,7643.497480978734,-0.014707260538557549
2025-09-18 00:00:00,0.005667458049650964,1609.6143128857566,-0.007864963758014588,7723.928110423901,-0.004855294086439097
2025-09-18 04:00:00,-0.002656631938133369,1605.3381600940677,-0.010500701382236155,7684.565458886867,0.0024395640614010327
2025-09-18 08:00:00,-0.00241956665804699,1601.4539374070137,-0.012894860893332534,7704.280415417321,-0.004985093184684034
2025-09-18 12:00:00,0.0048100709611871295,1609.1570444870138,-0.008146815128077068,7746.98421473837,-0.0007327957334871838
2025-09-18 16:00:00,0.006438507529896054,1619.5176142347289,-0.0017607609287277038,7791.289813860747,0.0007194305453209126
2025-09-18 20:00:00,-0.0010959412015033587,1617.7427181547287,-0.0028547724397832283,7772.422919935816,0.0013255954600345232
2025-09-19 00:00:00,-0.0016260973129753609,1615.1121110676518,-0.004476227614965123,7726.782838110239,0.004245956008841859
2025-09-19 04:00:00,0.0008394870156585021,1616.4679767137259,-0.003640498334268503,7697.368686568917,0.004646265613892808
2025-09-19 08:00:00,-0.007737309052629704,1603.9608644042128,-0.011349639726180371,7635.63997077133,0.00028214776581490623
2025-09-19 12:00:00,-0.0032784863500726624,1598.7023006042127,-0.014590916437332561,7595.856749586193,0.0019317149346165874
2025-09-19 16:00:00,-0.0026708179489655093,1594.4324578047065,-0.01722276470478543,7552.262146795259,0.0030684428386092023
2025-09-19 20:00:00,0.0015592631333052331,1596.9185975547066,-0.015690356393537965,7576.479582065905,-0.001647383405165776
2025-09-20 00:00:00,0.0021415290340205395,1600.3384450963372,-0.013582428713288425,7581.9625921865145,0.0014178406690986372
2025-09-20 04:00:00,0.0024532256705660505,1604.2644364514413,-0.011162523805510449,7637.804134348335,-0.004911825460043191
2025-09-20 08:00:00,0.0006977922533295544,1605.3838797474893,-0.01047252067481989,7581.304690094083,0.008095133591288835
2025-09-20 12:00:00,0.00609954678350233,1615.1759938274895,-0.004436851521114908,7641.965569005795,-0.0019018304716518532
2025-09-20 16:00:00,-0.0006404166750677565,1614.1416081878733,-0.005074426762483691,7598.922373414689,0.0049920603627351245
2025-09-20 20:00:00,0.007723507836463028,1626.6084435478733,0.0,7627.887827843649,0.003911723348402222
2025-09-21 00:00:00,0.007967351463414651,1639.5682047109772,0.0,7683.0982100596675,0.0007293868443640772
2025-09-21 04:00:00,0.0012861233397263305,1641.6768916461292,0.0,7670.86076731706,0.002878897817942039
2025-09-21 08:00:00,-0.00701233957090841,1630.1648958161932,-0.007012339570908392,7603.073883429973,0.001824593589957204
2025-09-21 12:00:00,0.0016159072047010614,1632.7990910161932,-0.005407763656241845,7622.168050326765,-0.000895467430024729
2025-09-21 16:00:00,-0.002657224976442052,1628.460376490033,-0.008050618988029876,7626.371522015936,-0.0032087047734521267
2025-09-21 20:00:00,-0.0002281405718660423,1628.0888586084793,-0.008276922887076158,7587.478185301353,0.004871707580339136
2025-09-22 00:00:00,0.0,1628.0888586084793,-0.008276922887076158,7415.030105145856,0.02272798365200804
2025-09-22 04:00:00,0.0,1628.0888586084793,-0.008276922887076158,7185.668627642781,0.030931968481679388
2025-09-22 08:00:00,0.0,1628.0888586084793,-0.008276922887076158,7207.915678849893,-0.003096030774579444
2025-09-22 12:00:00,0.0,1628.0888586084793,-0.008276922887076158,7221.308623597159,-0.0018580884327717667
2025-09-22 16:00:00,0.0,1628.0888586084793,-0.008276922887076158,7137.998414334562,0.01153671911907531
2025-09-22 20:00:00,0.0,1628.0888586084793,-0.008276922887076158,7287.153891974775,-0.020895980775321923
2025-09-23 00:00:00,0.0,1628.0888586084793,-0.008276922887076158,7285.969186909864,0.00016257445396014196
2025-09-23 04:00:00,0.0,1628.0888586084793,-0.008276922887076158,7332.164629627501,-0.006340329135708256
2025-09-23 08:00:00,0.0,1628.0888586084793,-0.008276922887076158,7318.37199978746,0.001881112950506858
2025-09-23 12:00:00,0.0,1628.0888586084793,-0.008276922887076158,7355.074765885316,-0.0050151544768320165
2025-09-23 16:00:00,0.0,1628.0888586084793,-0.008276922887076158,7233.451846532209,0.01653591883487363
2025-09-23 20:00:00,0.0,1628.0888586084793,-0.008276922887076158,7221.444912523944,0.0016599175971595548
2025-09-24 00:00:00,0.0,1628.0888586084793,-0.008276922887076158,7155.595981208969,0.009118525740018622
2025-09-24 04:00:00,0.0,1628.0888586084793,-0.008276922887076158,7263.81667458163,-0.015123924500049337
2025-09-24 08:00:00,0.0,1628.0888586084793,-0.008276922887076158,7284.804635694613,-0.002889384748162297
2025-09-24 12:00:00,0.0,1628.0888586084793,-0.008276922887076158,7316.930636011449,-0.004410001629888948
2025-09-24 16:00:00,0.0,1628.0888586084793,-0.008276922887076158,7327.904891533847,-0.0014998441379758492
2025-09-24 20:00:00,0.0,1628.0888586084793,-0.008276922887076158,7231.012892068773,0.013222333108746527
2025-09-25 00:00:00,0.0,1628.0888586084793,-0.008276922887076158,7112.451504715021,0.016396235095057627
2025-09-25 04:00:00,0.0,1628.0888586084793,-0.008276922887076158,7009.852960958514,0.014425201168470838
2025-09-25 08:00:00,0.0,1628.0888586084793,-0.008276922887076158,6959.210477324852,0.0072244715995779685
2025-09-25 12:00:00,0.0,1628.0888586084793,-0.008276922887076158,6976.452780344108,-0.0024776234424056837
2025-09-25 16:00:00,0.0,1628.0888586084793,-0.008276922887076158,6807.269693467224,0.024250588687929033
2025-09-25 20:00:00,0.0,1628.0888586084793,-0.008276922887076158,6711.875847684176,0.01401352525735755
2025-09-26 00:00:00,0.0,1628.0888586084793,-0.008276922887076158,6767.67616764687,-0.008313669863537194
2025-09-26 04:00:00,0.0,1628.0888586084793,-0.008276922887076158,6757.493273855974,0.0015046366786248822
2025-09-26 08:00:00,0.0,1628.0888586084793,-0.008276922887076158,6674.584759873994,0.012269122679373492
2025-09-26 12:00:00,0.0,1628.0888586084793,-0.008276922887076158,6728.79301689233,-0.008121592423880029
2025-09-26 16:00:00,0.0,1628.0888586084793,-0.008276922887076158,6850.306685850943,-0.018058761601606355
2025-09-26 20:00:00,0.0,1628.0888586084793,-0.008276922887076158,6898.068528954428,-0.006972219682096333
2025-09-27 00:00:00,0.0,1628.0888586084793,-0.008276922887076158,6883.039097857597,0.0021787883135323378
2025-09-27 04:00:00,0.0,1628.0888586084793,-0.008276922887076158,6861.905269461608,0.0030704210880577254
2025-09-27 08:00:00,0.0,1628.0888586084793,-0.008276922887076158,6842.604574890328,0.0028127311312759395
2025-09-27 12:00:00,0.0,1628.0888586084793,-0.008276922887076158,6878.938810675839,-0.005310000802741672
2025-09-27 16:00:00,0.0,1628.0888586084793,-0.008276922887076158,6862.149678743702,0.002440657257494681
2025-09-27 20:00:00,0.0,1628.0888586084793,-0.008276922887076158,6876.322420773369,-0.00206535017351336
2025-09-28 00:00:00,0.0,1628.0888586084793,-0.008276922887076158,6835.0769284262215,0.005998190576774738
2025-09-28 04:00:00,0.0,1628.0888586084793,-0.008276922887076158,6841.004730115526,-0.0008672618832792198
2025-09-28 08:00:00,0.0,1628.0888586084793,-0.008276922887076158,6808.585301103494,0.004738986492629478
2025-09-28 12:00:00,0.0,1628.0888586084793,-0.008276922887076158,6894.673686983299,-0.012644093019713396
2025-09-28 16:00:00,0.0,1628.0888586084793,-0.008276922887076158,6940.1282069920935,-0.006592700695119001
2025-09-28 20:00:00,0.0,1628.0888586084793,-0.008276922887076158,7090.4085790524305,-0.02165383226046618
2025-09-29 00:00:00,0.0,1628.0888586084793,-0.008276922887076158,7083.129716397779,0.0010265787328752923
2025-09-29 04:00:00,0.0,1628.0888586084793,-0.008276922887076158,7066.85039662676,0.0022983229762590135
2025-09-29 08:00:00,0.0,1628.0888586084793,-0.008276922887076158,7041.919395757101,0.003527880097979568
2025-09-29 12:00:00,0.0,1628.0888586084793,-0.008276922887076158,7142.2998301032885,-0.014254698002744672
2025-09-29 16:00:00,0.0,1628.0888586084793,-0.008276922887076158,7180.375514173442,-0.005331011715536326
2025-09-29 20:00:00,0.0,1628.0888586084793,-0.008276922887076158,7189.4145461378475,-0.0012588522628881485
2025-09-30 00:00:00,0.0,1628.0888586084793,-0.008276922887076158,7139.641811844153,0.006923058056296195
2025-09-30 04:00:00,0.0,1628.0888586084793,-0.008276922887076158,7100.517253218548,0.005479904966759113
2025-09-30 08:00:00,0.0,1628.0888586084793,-0.008276922887076158,7059.472671183191,0.005780505922544231
2025-09-30 12:00:00,0.0,1628.0888586084793,-0.008276922887076158,6998.728175528251,0.008604678916443644
2025-09-30 16:00:00,0.0,1628.0888586084793,-0.008276922887076158,7109.956005198789,-0.015892577462782054
2025-09-30 20:00:00,0.0,1628.0888586084793,-0.008276922887076158,7105.474298342675,0.0006303424174266548
2025-10-01 00:00:00,0.0,1628.0888586084793,-0.008276922887076158,7055.63883003996,0.007013672305357306
2025-10-01 04:00:00,0.0,1628.0888586084793,-0.008276922887076158,7118.363567784157,-0.00889001538416921
2025-10-01 08:00:00,0.0,1628.0888586084793,-0.008276922887076158,7324.694923492334,-0.028985784969171608
2025-10-01 12:00:00,0.003196663850693948,1633.2933114085106,-0.00510671757657032,7343.039725264393,0.0006921497427790279
2025-10-01 16:00:00,2.4982550614227605e-05,1633.3341152413307,-0.005081862604786463,7355.334313259032,-0.0016493360496702453
2025-10-01 20:00:00,0.007116686960452423,1644.9580428413308,0.0,7394.009942730831,0.0018585127123993406
2025-10-02 00:00:00,0.0007774627514820498,1646.2369364473907,0.0,7433.245132145143,-0.004528885186673445
2025-10-02 04:00:00,-0.0015648746796554924,1643.6607819488306,-0.0015648746796554454,7420.608066438667,0.00013519917527836183
2025-10-02 08:00:00,0.001616379672008783,1646.3175618244506,0.0,7440.523969322154,-0.001067484332824093
2025-10-02 12:00:00,0.008780594757552329,1660.7732091770729,0.0,7475.849991487419,0.00403280786634446
2025-10-02 16:00:00,0.010205350835985616,1677.7219824357308,0.0,7636.983106939821,-0.011348467878391943
2025-10-02 20:00:00,0.0023685240234088134,1681.695707255731,0.0,7635.825548185928,0.0025200968025657394
2025-10-03 00:00:00,0.0026353227411706204,1686.1275181967908,0.0,7617.810063129457,0.004994659651473562
2025-10-03 04:00:00,-0.009148461748352488,1670.702045093723,-0.009148461748352465,7546.886515256155,0.00016176616302275397
2025-10-03 08:00:00,0.009271122619409322,1686.1913286142849,0.0,7580.660141529074,0.0047959491548758325
2025-10-03 12:00:00,0.026514340609698817,1730.8995798342846,0.0,7762.343433899878,0.0025476557855779493
2025-10-03 16:00:00,-0.007066429313144829,1718.6683003052335,-0.007066429313144858,7740.799055815893,-0.004290930101154762
2025-10-03 20:00:00,0.00019814333356804603,1719.0088429715536,-0.006869686145437426,7752.316206203786,-0.0012897069910364131
2025-10-04 00:00:00,-0.009742379715108496,1702.2616060896953,-0.016545138769593497,7688.2899232898535,-0.0014833921801707638
2025-10-04 04:00:00,-0.0005909887337816055,1701.2555886585474,-0.01712634951276339,7668.470343008908,0.0019869031613857385
2025-10-04 08:00:00,-0.006114423931246837,1690.8533907740862,-0.023136055682694463,7608.947919775967,0.0016475443062915962
2025-10-04 12:00:00,-0.006782352489714261,1679.3854270694278,-0.029761491287546994,7534.009396847854,0.0030663839871572264
2025-10-04 16:00:00,0.000864519542821407,1680.837288591059,-0.028922701135567094,7557.845357139267,-0.002299262055511437
2025-10-04 20:00:00,0.0021017223344450553,1684.369941861059,-0.026881766288071034,7586.110604184477,-0.0016381328371759857
2025-10-05 00:00:00,0.005396069106581081,1693.4589184683891,-0.021630753050087426,7682.418335229671,-0.007299202036983754
2025-10-05 04:00:00,0.006459546763457613,1704.39789554423,-0.015310931147485624,7821.3470706861,-0.011624437913520507
2025-10-05 08:00:00,-0.005854514543169986,1694.419473277418,-0.021075807621583176,7707.632771094059,0.008684451515277256
2025-10-05 12:00:00,-0.002449395911375052,1690.269169147418,-0.023473580535941004,7657.96269669238,0.00399487509592511
2025-10-05 16:00:00,-0.0033179956106197395,1684.660863463421,-0.026713690909376992,7551.388213639135,0.010598823689019305
2025-10-05 20:00:00,0.0015830738822628643,1687.3278060768403,-0.02517290677349168,7617.327570266354,-0.007149010174562756
2025-10-06 00:00:00,0.0014348077991774844,1689.7487971727685,-0.023774217257280683,7670.609823325705,-0.005560067052645033
2025-10-06 04:00:00,-0.00027897506726126675,1689.2773993884225,-0.02404655991068355,7680.325188529824,-0.0015455451872242573
2025-10-06 08:00:00,0.007107213369865306,1701.2834543067672,-0.01711025057291471,7752.446846367925,-0.002283229881913984
2025-10-06 12:00:00,0.006346207407512683,1712.0801519667675,-0.010872628364332301,7850.1306032302255,-0.006254170098856917
2025-10-06 16:00:00,0.003881561749580431,1718.7256967968574,-0.007033269393128371,7871.559922219684,0.0011517576135012969
2025-10-06 20:00:00,-0.0029098030647476403,1713.7245434968575,-0.009922607029040645,7809.531975439133,0.004970203870784982
2025-10-07 00:00:00,0.0003926122877162541,1714.3973728103954,-0.009533890478770093,7801.05202564704,0.0014784583817922803
2025-10-07 04:00:00,0.0045554702898986665,1722.2072591073133,-0.0050218515436946795,7773.926060444334,0.008032689146217749
2025-10-07 08:00:00,0.01456860787698755,1747.2974213481493,0.0,7841.582406246594,0.005865624947099444
2025-10-07 12:00:00,-0.012409748851782476,1725.6138991798516,-0.012409748851782497,7589.391063172674,0.0197510230445919
2025-10-07 16:00:00,-0.00022679535075120771,1725.222537970326,-0.012633729729190163,7545.874588877273,0.005507060492646297
2025-10-07 20:00:00,0.0,1725.222537970326,-0.012633729729190163,7517.713829224518,0.0037319411184310036
2025-10-08 00:00:00,0.0,1725.222537970326,-0.012633729729190163,7476.022568146678,0.005545736646128769
2025-10-08 04:00:00,0.0,1725.222537970326,-0.012633729729190163,7548.623441522954,-0.009711162949883041
2025-10-08 08:00:00,0.0,1725.222537970326,-0.012633729729190163,7580.40974766704,-0.004210874524385432
2025-10-08 12:00:00,0.0,1725.222537970326,-0.012633729729190163,7540.486589481836,0.005266622717524142
2025-10-08 16:00:00,0.0,1725.222537970326,-0.012633729729190163,7704.469505651205,-0.02174699394043178
2025-10-08 20:00:00,0.0,1725.222537970326,-0.012633729729190163,7670.54420431301,0.004403327356064095
2025-10-09 00:00:00,0.0,1725.222537970326,-0.012633729729190163,7551.517749013436,0.015517341681265269
2025-10-09 04:00:00,0.0,1725.222537970326,-0.012633729729190163,7542.25670349829,0.0012263820099417083
2025-10-09 08:00:00,0.0,1725.222537970326,-0.012633729729190163,7505.265139597878,0.004904575030342616
2025-10-09 12:00:00,0.0,1725.222537970326,-0.012633729729190163,7389.63036892813,0.015407153314232369
2025-10-09 16:00:00,0.0,1725.222537970326,-0.012633729729190163,7396.96703557588,-0.0009928326968286097
2025-10-09 20:00:00,0.0,1725.222537970326,-0.012633729729190163,7459.23480137077,-0.008418013152608594
2025-10-10 00:00:00,0.0,1725.222537970326,-0.012633729729190163,7459.785417316399,-7.381667963154584e-05
2025-10-10 04:00:00,0.0,1725.222537970326,-0.012633729729190163,7423.463341490126,0.004869051024169949
2025-10-10 08:00:00,0.0,1725.222537970326,-0.012633729729190163,7471.0878957716695,-0.006415409100947146
2025-10-10 12:00:00,0.0,1725.222537970326,-0.012633729729190163,7171.234824264939,0.04013512833605336
2025-10-10 16:00:00,0.0,1725.222537970326,-0.012633729729190163,7049.5690715882,0.016965802355971497
2025-10-10 20:00:00,0.0,1725.222537970326,-0.012633729729190163,6274.3649083436185,0.10996475889127447
2025-10-11 00:00:00,0.0,1725.222537970326,-0.012633729729190163,6347.788581278183,-0.011702168108986786
2025-10-11 04:00:00,0.0,1725.222537970326,-0.012633729729190163,6309.319393439937,0.006060250329020895
2025-10-11 08:00:00,0.0,1725.222537970326,-0.012633729729190163,6442.44592410595,-0.021099982797578853
2025-10-11 12:00:00,0.0,1725.222537970326,-0.012633729729190163,6434.616034090161,0.0012153598350731804
2025-10-11 16:00:00,0.0,1725.222537970326,-0.012633729729190163,6287.242877629027,0.022903178010989383
2025-10-11 20:00:00,0.0,1725.222537970326,-0.012633729729190163,6246.838754400502,0.0064263658991590145
2025-10-12 00:00:00,0.0,1725.222537970326,-0.012633729729190163,6210.790667919223,0.005770612608799027
2025-10-12 04:00:00,0.0,1725.222537970326,-0.012633729729190163,6339.284099684626,-0.020688739749209928
2025-10-12 08:00:00,0.0,1725.222537970326,-0.012633729729190163,6373.445526456019,-0.005388846158999657
2025-10-12 12:00:00,0.0,1725.222537970326,-0.012633729729190163,6681.562193269812,-0.04834381427358379
2025-10-12 16:00:00,0.0,1725.222537970326,-0.012633729729190163,6809.960233714738,-0.01921676948158305
2025-10-12 20:00:00,0.0,1725.222537970326,-0.012633729729190163,6802.496783408356,0.001095960923447278
2025-10-13 00:00:00,0.0,1725.222537970326,-0.012633729729190163,6784.731842772423,0.0026115323831189213
2025-10-13 04:00:00,0.0,1725.222537970326,-0.012633729729190163,6909.81790127721,-0.01843640417978151
2025-10-13 08:00:00,0.0,1725.222537970326,-0.012633729729190163,6762.008405879973,0.0213912287572608
2025-10-13 12:00:00,0.0,1725.222537970326,-0.012633729729190163,6826.094526432564,-0.00947737960468428
2025-10-13 16:00:00,0.0,1725.222537970326,-0.012633729729190163,6988.653571315977,-0.023814355962100846
2025-10-13 20:00:00,0.0,1725.222537970326,-0.012633729729190163,7002.219942432473,-0.0019411995426668208
2025-10-14 00:00:00,0.0,1725.222537970326,-0.012633729729190163,6886.432722283572,0.01653578737897778
2025-10-14 04:00:00,0.0,1725.222537970326,-0.012633729729190163,6568.371633559583,0.04618662543449903
2025-10-14 08:00:00,0.0,1725.222537970326,-0.012633729729190163,6557.683702179814,0.0016271812826730292
2025-10-14 12:00:00,0.0,1725.222537970326,-0.012633729729190163,6725.2836342352375,-0.025557794438867663
2025-10-14 16:00:00,0.0,1725.222537970326,-0.012633729729190163,6686.047220983921,0.005834164830102113
2025-10-14 20:00:00,0.0,1725.222537970326,-0.012633729729190163,6736.5189548948365,-0.00754881505361065
2025-10-15 00:00:00,0.0,1725.222537970326,-0.012633729729190163,6684.10983333414,0.007779852162757688
2025-10-15 04:00:00,0.0,1725.222537970326,-0.012633729729190163,6744.265854223409,-0.008999855237157786
2025-10-15 08:00:00,0.0,1725.222537970326,-0.012633729729190163,6680.485910563779,0.009456914219905767
2025-10-15 12:00:00,0.0,1725.222537970326,-0.012633729729190163,6530.003509524615,0.02252566700293576
2025-10-15 16:00:00,0.0,1725.222537970326,-0.012633729729190163,6507.679647600276,0.0034186600193671446
2025-10-15 20:00:00,0.0,1725.222537970326,-0.012633729729190163,6494.813414580634,0.001977084570287034
2025-10-16 00:00:00,0.0,1725.222537970326,-0.012633729729190163,6528.896407172869,-0.005247724671461443
2025-10-16 04:00:00,0.0,1725.222537970326,-0.012633729729190163,6512.9027974884975,0.00244966510217548
2025-10-16 08:00:00,0.0,1725.222537970326,-0.012633729729190163,6594.814767813298,-0.01257687591412964
2025-10-16 12:00:00,0.0,1725.222537970326,-0.012633729729190163,6330.942539368656,0.04001207581030154
2025-10-16 16:00:00,0.0,1725.222537970326,-0.012633729729190163,6275.617552798022,0.008738823046742021
2025-10-16 20:00:00,0.0,1725.222537970326,-0.012633729729190163,6292.299461184174,-0.002658209848800497
2025-10-17 00:00:00,0.0,1725.222537970326,-0.012633729729190163,6345.422621152753,-0.008442567029157513
2025-10-17 04:00:00,0.0,1725.222537970326,-0.012633729729190163,5987.554095975441,0.056397902321642275
2025-10-17 08:00:00,0.0,1725.222537970326,-0.012633729729190163,6064.938926743755,-0.012924280854569219
2025-10-17 12:00:00,0.0,1725.222537970326,-0.012633729729190163,6109.742845960475,-0.007387365274059825
2025-10-17 16:00:00,0.0,1725.222537970326,-0.012633729729190163,6100.455277964708,0.0015201242065217477
2025-10-17 20:00:00,0.0,1725.222537970326,-0.012633729729190163,6105.279304847616,-0.0007907650598361547
2025-10-18 00:00:00,0.0,1725.222537970326,-0.012633729729190163,6179.9829968532995,-0.012235917191596415
2025-10-18 04:00:00,0.0,1725.222537970326,-0.012633729729190163,6223.2254156288,-0.006997174393120372
2025-10-18 08:00:00,0.0,1725.222537970326,-0.012633729729190163,6232.111797952856,-0.001427938364845227
2025-10-18 12:00:00,0.0,1725.222537970326,-0.012633729729190163,6186.2355786801445,0.007361263847638482
2025-10-18 16:00:00,0.0,1725.222537970326,-0.012633729729190163,6226.182811702278,-0.006457438051632712
2025-10-18 20:00:00,0.0,1725.222537970326,-0.012633729729190163,6218.937776683105,0.0011636399441332815
2025-10-19 00:00:00,0.0,1725.222537970326,-0.012633729729190163,6228.167048299652,-0.001484059167009428
2025-10-19 04:00:00,0.0,1725.222537970326,-0.012633729729190163,6180.15544534317,0.007708785359183464
2025-10-19 08:00:00,0.0,1725.222537970326,-0.012633729729190163,6271.243421240798,-0.014738783951828292
2025-10-19 12:00:00,0.0,1725.222537970326,-0.012633729729190163,6362.222195581921,-0.014507294364141079
2025-10-19 16:00:00,0.0,1725.222537970326,-0.012633729729190163,6354.380849175814,0.0012324854689219305
2025-10-19 20:00:00,0.0,1725.222537970326,-0.012633729729190163,6322.446527564086,0.005025559904214764
2025-10-20 00:00:00,0.0,1725.222537970326,-0.012633729729190163,6424.785556711803,-0.01618661837653303
2025-10-20 04:00:00,0.0,1725.222537970326,-0.012633729729190163,6465.316082201,-0.006308463548150083
2025-10-20 08:00:00,0.0,1725.222537970326,-0.012633729729190163,6431.956595252528,0.005159761181717126
2025-10-20 12:00:00,0.0,1725.222537970326,-0.012633729729190163,6405.263399805164,0.004150089487087901
2025-10-20 16:00:00,0.0,1725.222537970326,-0.012633729729190163,6404.586693640207,0.00010564845233031393
2025-10-20 20:00:00,0.0,1725.222537970326,-0.012633729729190163,6379.8950681293645,0.0038553035023104
2025-10-21 00:00:00,0.0,1725.222537970326,-0.012633729729190163,6266.134645775699,0.01783108047057913
2025-10-21 04:00:00,0.0,1725.222537970326,-0.012633729729190163,6218.691309018927,0.0075713880148992685
2025-10-21 08:00:00,0.0,1725.222537970326,-0.012633729729190163,6245.762509564944,-0.004353198961131145
2025-10-21 12:00:00,0.0,1725.222537970326,-0.012633729729190163,6521.79793632199,-0.04419563285256478
2025-10-21 16:00:00,0.0,1725.222537970326,-0.012633729729190163,6416.41778242805,0.016158144567320072
2025-10-21 20:00:00,0.0,1725.222537970326,-0.012633729729190163,6192.690274878986,0.034867976982696135
2025-10-22 00:00:00,0.0,1725.222537970326,-0.012633729729190163,6190.245634179312,0.000394762307036532
2025-10-22 04:00:00,0.0,1725.222537970326,-0.012633729729190163,6189.708047816524,8.68441083855214e-05
2025-10-22 08:00:00,0.0,1725.222537970326,-0.012633729729190163,6167.322747028027,0.0036165358067887627
2025-10-22 12:00:00,0.0,1725.222537970326,-0.012633729729190163,6180.461076930972,-0.002130313337221801
2025-10-22 16:00:00,0.0,1725.222537970326,-0.012633729729190163,6099.450049645879,0.013107602535913223
2025-10-22 20:00:00,0.0,1725.222537970326,-0.012633729729190163,6086.321791178733,0.0021523675676150384
2025-10-23 00:00:00,0.0,1725.222537970326,-0.012633729729190163,6137.958206540472,-0.008484010069362138
2025-10-23 04:00:00,0.0,1725.222537970326,-0.012633729729190163,6245.449919846242,-0.01751261733767254
2025-10-23 08:00:00,0.0,1725.222537970326,-0.012633729729190163,6214.340420352848,0.00498114625729965
2025-10-23 12:00:00,0.0,1725.222537970326,-0.012633729729190163,6287.16997628663,-0.011719595485187037
2025-10-23 16:00:00,0.0,1725.222537970326,-0.012633729729190163,6272.135189121333,0.0023913441535705626
2025-10-23 20:00:00,0.0,1725.222537970326,-0.012633729729190163,6259.630640684575,0.0019936669187943074
2025-10-24 00:00:00,0.0,1725.222537970326,-0.012633729729190163,6282.989575750915,-0.0037316794563753935
2025-10-24 04:00:00,0.0,1725.222537970326,-0.012633729729190163,6334.41976629359,-0.008185624044510493
2025-10-24 08:00:00,0.0,1725.222537970326,-0.012633729729190163,6341.57979341007,-0.0011303366970689518
2025-10-24 12:00:00,0.0,1725.222537970326,-0.012633729729190163,6280.213423405503,0.009676826911227667
2025-10-24 16:00:00,0.0,1725.222537970326,-0.012633729729190163,6348.16383690863,-0.010819761833234187
2025-10-24 20:00:00,0.0,1725.222537970326,-0.012633729729190163,6359.192275733668,-0.0017372643662593326
2025-10-25 00:00:00,0.0,1725.222537970326,-0.012633729729190163,6362.691126238971,-0.0005502036034756059
2025-10-25 04:00:00,0.0,1725.222537970326,-0.012633729729190163,6366.398870529126,-0.0005827320887640422
2025-10-25 08:00:00,0.0,1725.222537970326,-0.012633729729190163,6375.543009202334,-0.0014363125621200679
2025-10-25 12:00:00,0.0,1725.222537970326,-0.012633729729190163,6382.405986116995,-0.0010764537082966921
2025-10-25 16:00:00,0.0004403891763906653,1725.9823073029133,-0.012198904310629637,6427.875779619189,-0.0066838510554435415
2025-10-25 20:00:00,-0.0008902859982969913,1724.4456894214131,-0.01307832979522436,6414.922746364303,0.0011248483476337429
2025-10-26 00:00:00,0.0005469229739585302,1725.3888283863014,-0.012538559660291888,6381.186359124501,0.0058059710675496855
2025-10-26 04:00:00,0.0022866303511275277,1729.3341548487858,-0.010280600360243029,6429.878145870561,-0.0053438922516851105
2025-10-26 08:00:00,0.00230160741373564,1733.314403160412,-0.008002654852514215,6559.236909094539,-0.017816777459087607
2025-10-26 12:00:00,-0.0006012032171428539,1732.2723289649118,-0.0085990468478141,6582.419485568474,-0.0041355436892473695
2025-10-26 16:00:00,-0.0038614146273344696,1725.58330725532,-0.012427256989869235,6550.116642956677,0.001046027489142255
2025-10-26 20:00:00,0.004761931699530653,1733.80041710632,-0.007724503039336864,6640.479862697221,-0.009033734036851466
2025-10-27 00:00:00,0.0062901583395131855,1744.7062962590328,-0.001482933047035184,6685.626847437096,-0.0005085950146666495
2025-10-27 04:00:00,-0.0010900104470604743,1742.8045481690583,-0.002571327081582074,6677.745321027136,8.886575853899489e-05
2025-10-27 08:00:00,-0.005032316605329434,1734.0342039014636,-0.007590703954941086,6659.603517930359,-0.002315560840527753
2025-10-27 12:00:00,0.0024602926965924254,1738.3004355889636,-0.005149086611851091,6632.6074157038665,0.006514002824201147
2025-10-27 16:00:00,0.000988629703400301,1740.0189710330205,-0.004165547448420666,6647.929251130246,-0.0013214475356207217
2025-10-27 20:00:00,-0.00966755258335672,1723.1972461345206,-0.013792829382781296,6576.8007966772675,0.001031787281140997
2025-10-28 00:00:00,0.0017216253132894543,1726.1639461332566,-0.012094950153699059,6572.356871679152,0.0023973223787017005
2025-10-28 04:00:00,0.002889055639824667,1731.150929817095,-0.009240837497829278,6583.965467082571,0.001122779761921322
2025-10-28 08:00:00,-0.002594284518651846,1726.6598317604207,-0.011811148654821116,6565.968753023033,0.00013913110290865666
2025-10-28 12:00:00,-0.0007496779499874817,1725.365392957421,-0.012551972047098018,6556.056236630164,0.0007600027636628529
2025-10-28 16:00:00,-0.0027758739867933535,1720.575996045397,-0.015293003341202822,6484.556238649345,0.00813007242369219
2025-10-28 20:00:00,-0.0066505683220621226,1709.133187830397,-0.021841864499694757,6403.709652874966,0.005816990412723242
2025-10-29 00:00:00,-0.0005191944797877657,1708.2458153140533,-0.022349718804006064,6401.09704056084,-0.00011121028691398117
2025-10-29 04:00:00,0.0,1708.2458153140533,-0.022349718804006064,6455.461984219175,-0.00849306662808729
2025-10-29 08:00:00,0.0,1708.2458153140533,-0.022349718804006064,6477.747729560316,-0.003452230900843329
2025-10-29 12:00:00,0.0,1708.2458153140533,-0.022349718804006064,6391.813542665838,0.013266059513606678
2025-10-29 16:00:00,0.0,1708.2458153140533,-0.022349718804006064,6387.931058958987,0.0006074150444055983
2025-10-29 20:00:00,0.0,1708.2458153140533,-0.022349718804006064,6347.902900779826,0.006266216371108516
2025-10-30 00:00:00,0.0,1708.2458153140533,-0.022349718804006064,6410.857842256435,-0.009917439264686198
2025-10-30 04:00:00,0.0,1708.2458153140533,-0.022349718804006064,6412.37123008793,-0.00023606635316719693
2025-10-30 08:00:00,0.0,1708.2458153140533,-0.022349718804006064,6296.908558137263,0.018006236352770082
2025-10-30 12:00:00,0.0,1708.2458153140533,-0.022349718804006064,6079.3526792376415,0.034549632870002824
2025-10-30 16:00:00,0.0,1708.2458153140533,-0.022349718804006064,5933.02873078356,0.024069001450402933
2025-10-30 20:00:00,0.0,1708.2458153140533,-0.022349718804006064,6078.704580629048,-0.024553370033360382
2025-10-31 00:00:00,0.0,1708.2458153140533,-0.022349718804006064,6129.974389867608,-0.008434331453109487
2025-10-31 04:00:00,0.0,1708.2458153140533,-0.022349718804006064,6146.42034412908,-0.002682874872798026
2025-10-31 08:00:00,0.0,1708.2458153140533,-0.022349718804006064,6205.920674188701,-0.009680485018642446
2025-10-31 12:00:00,0.0,1708.2458153140533,-0.022349718804006064,6181.047972100643,0.0040078988104869885
2025-10-31 16:00:00,0.0,1708.2458153140533,-0.022349718804006064,6194.938115405122,-0.0022472149329974466
2025-10-31 20:00:00,0.0,1708.2458153140533,-0.022349718804006064,6158.63132365619,0.005860719037474427
2025-11-01 00:00:00,0.0,1708.2458153140533,-0.022349718804006064,6185.398741844089,-0.00434632579564915
2025-11-01 04:00:00,0.0,1708.2458153140533,-0.022349718804006064,6177.757375944779,0.0012353877604716068
2025-11-01 08:00:00,0.0,1708.2458153140533,-0.022349718804006064,6189.800075108938,-0.0019493642160586086
2025-11-01 12:00:00,0.0,1708.2458153140533,-0.022349718804006064,6197.430405080834,-0.0012327264013873057
2025-11-01 16:00:00,0.0,1708.2458153140533,-0.022349718804006064,6198.509760491778,-0.0001741617638914323
2025-11-01 20:00:00,0.0,1708.2458153140533,-0.022349718804006064,6198.731461102044,-3.576675988787541e-05
2025-11-02 00:00:00,0.0,1708.2458153140533,-0.022349718804006064,6183.744546067092,0.00241773903725235
2025-11-02 04:00:00,0.0,1708.2458153140533,-0.022349718804006064,6247.113844503887,-0.010247722551394485
2025-11-02 08:00:00,0.0,1708.2458153140533,-0.022349718804006064,6225.0045355377815,0.003539123748410176
2025-11-02 12:00:00,0.0,1708.2458153140533,-0.022349718804006064,6128.222567755159,0.015547292733701146
2025-11-02 16:00:00,0.0,1708.2458153140533,-0.022349718804006064,6115.7874541970705,0.002029155015276055
2025-11-02 20:00:00,0.0,1708.2458153140533,-0.022349718804006064,6215.349170746801,-0.016279459888915167
2025-11-03 00:00:00,0.0,1708.2458153140533,-0.022349718804006064,5930.451677029531,0.0458377294485997
2025-11-03 04:00:00,0.0,1708.2458153140533,-0.022349718804006064,5899.047014412455,0.005295492540427683
2025-11-03 08:00:00,0.0,1708.2458153140533,-0.022349718804006064,5878.458367457632,0.003490164920625403
2025-11-03 12:00:00,0.0,1708.2458153140533,-0.022349718804006064,5647.847299237808,0.039229854802826626
2025-11-03 16:00:00,0.0,1708.2458153140533,-0.022349718804006064,5706.944935441912,-0.010463745401204507
2025-11-03 20:00:00,0.0,1708.2458153140533,-0.022349718804006064,5676.330475000448,0.005364421908355748
2025-11-04 00:00:00,0.0,1708.2458153140533,-0.022349718804006064,5743.697190920015,-0.011868004552635147
2025-11-04 04:00:00,0.0,1708.2458153140533,-0.022349718804006064,5477.040944822818,0.04642588862775422
2025-11-04 08:00:00,0.0,1708.2458153140533,-0.022349718804006064,5578.216044906459,-0.018472584211603676
2025-11-04 12:00:00,0.0,1708.2458153140533,-0.022349718804006064,5535.987498849276,0.007570260046801629
2025-11-04 16:00:00,0.0,1708.2458153140533,-0.022349718804006064,5274.290366371573,0.04727198761415165
2025-11-04 20:00:00,0.0,1708.2458153140533,-0.022349718804006064,5350.986887563878,-0.014541581116070925
2025-11-05 00:00:00,0.0,1708.2458153140533,-0.022349718804006064,5436.750126058654,-0.016027555345743405
2025-11-05 04:00:00,0.0,1708.2458153140533,-0.022349718804006064,5447.344156211762,-0.0019485961111822072
2025-11-05 08:00:00,0.0,1708.2458153140533,-0.022349718804006064,5442.074482898985,0.0009673839510889579
2025-11-05 12:00:00,0.0,1708.2458153140533,-0.022349718804006064,5547.437778512959,-0.01936086981996756
2025-11-05 16:00:00,0.0,1708.2458153140533,-0.022349718804006064,5577.106082170575,-0.0053481093149940605
2025-11-05 20:00:00,0.0,1708.2458153140533,-0.022349718804006064,5569.6506659562,0.0013367893858446309
2025-11-06 00:00:00,0.0,1708.2458153140533,-0.022349718804006064,5576.573931731794,-0.0012430341130568654
2025-11-06 04:00:00,0.0,1708.2458153140533,-0.022349718804006064,5493.093273800224,0.014969882754812638
2025-11-06 08:00:00,0.0,1708.2458153140533,-0.022349718804006064,5493.868075144134,-0.00014105009787588964
2025-11-06 12:00:00,0.0,1708.2458153140533,-0.022349718804006064,5368.698836598231,0.022783444530130943
2025-11-06 16:00:00,0.0,1708.2458153140533,-0.022349718804006064,5399.222379567055,-0.005685463814946453
2025-11-06 20:00:00,0.0,1708.2458153140533,-0.022349718804006064,5395.831974395062,0.0006279432358302639
2025-11-07 00:00:00,0.0,1708.2458153140533,-0.022349718804006064,5462.74915097668,-0.012401642026504891
2025-11-07 04:00:00,0.0,1708.2458153140533,-0.022349718804006064,5507.384475635773,-0.008170853800071194
2025-11-07 08:00:00,0.0,1708.2458153140533,-0.022349718804006064,5368.47673904439,0.025222088126568835
2025-11-07 12:00:00,0.0,1708.2458153140533,-0.022349718804006064,5433.830708233448,-0.012173652297633104
2025-11-07 16:00:00,0.0,1708.2458153140533,-0.022349718804006064,5709.494024468374,-0.050730935694635555
2025-11-07 20:00:00,0.0,1708.2458153140533,-0.022349718804006064,5681.053574528334,0.004981255750186804
2025-11-08 00:00:00,0.0,1708.2458153140533,-0.022349718804006064,5701.84566055522,-0.0036598996566606446
2025-11-08 04:00:00,0.0,1708.2458153140533,-0.022349718804006064,5693.030368353748,0.0015460418829739936
2025-11-08 08:00:00,0.0,1708.2458153140533,-0.022349718804006064,5643.828185004863,0.008642529578339855
2025-11-08 12:00:00,0.0,1708.2458153140533,-0.022349718804006064,5553.071461175495,0.016080702823395767
2025-11-08 16:00:00,0.0,1708.2458153140533,-0.022349718804006064,5584.681623507303,-0.0056923744909122154
2025-11-08 20:00:00,0.0,1708.2458153140533,-0.022349718804006064,5614.707474889061,-0.005376466091705564
2025-11-09 00:00:00,0.0,1708.2458153140533,-0.022349718804006064,5519.345502784277,0.01698431708709225
2025-11-09 04:00:00,0.0,1708.2458153140533,-0.022349718804006064,5600.43320268866,-0.014691542659084535
2025-11-09 08:00:00,0.0,1708.2458153140533,-0.022349718804006064,5602.921957915532,-0.00044438619956719904
2025-11-09 12:00:00,0.0,1708.2458153140533,-0.022349718804006064,5706.93006015334,-0.018563189532003026
2025-11-09 16:00:00,0.0,1708.2458153140533,-0.022349718804006064,5788.988758609913,-0.01437878116459149
2025-11-09 20:00:00,0.0,1708.2458153140533,-0.022349718804006064,5769.052051607565,0.003443901488441695
2025-11-10 00:00:00,0.0,1708.2458153140533,-0.022349718804006064,5877.802740592649,-0.018850703375917766
2025-11-10 04:00:00,0.0,1708.2458153140533,-0.022349718804006064,5875.812583379973,0.0003385886360103761
2025-11-10 08:00:00,0.0,1708.2458153140533,-0.022349718804006064,5907.151581932849,-0.005333559930335257
2025-11-10 12:00:00,0.0,1708.2458153140533,-0.022349718804006064,5823.515395669113,0.014158462857045822
2025-11-10 16:00:00,0.0,1708.2458153140533,-0.022349718804006064,5864.8765379430215,-0.007102435464439275
2025-11-10 20:00:00,0.0,1708.2458153140533,-0.022349718804006064,5879.39030935768,-0.00247469342632559
2025-11-11 00:00:00,0.0,1708.2458153140533,-0.022349718804006064,5931.022833894771,-0.008781952178768046
2025-11-11 04:00:00,0.0,1708.2458153140533,-0.022349718804006064,5754.250731569437,0.029804657185791044
2025-11-11 08:00:00,0.0,1708.2458153140533,-0.022349718804006064,5790.280913003858,-0.006261489656115933
2025-11-11 12:00:00,0.0,1708.2458153140533,-0.022349718804006064,5708.808890114576,0.014070478464406042
2025-11-11 16:00:00,0.0,1708.2458153140533,-0.022349718804006064,5633.989119589733,0.013106021232275238
2025-11-11 20:00:00,0.0,1708.2458153140533,-0.022349718804006064,5577.409662843026,0.010042521479137407
2025-11-12 00:00:00,0.0,1708.2458153140533,-0.022349718804006064,5600.881262291256,-0.00420833341409353
2025-11-12 04:00:00,0.0,1708.2458153140533,-0.022349718804006064,5579.276487182989,0.0038573885245031247
2025-11-12 08:00:00,0.0,1708.2458153140533,-0.022349718804006064,5728.9153585712,-0.026820479632434408
2025-11-12 12:00:00,0.0,1708.2458153140533,-0.022349718804006064,5567.667320105457,0.028146346799223534
2025-11-12 16:00:00,0.0,1708.2458153140533,-0.022349718804006064,5499.793791063442,0.012190658158923522
2025-11-12 20:00:00,0.0,1708.2458153140533,-0.022349718804006064,5530.874587537999,-0.005651265784739211
2025-11-13 00:00:00,0.0,1708.2458153140533,-0.022349718804006064,5633.386019988196,-0.01853439828145295
2025-11-13 04:00:00,0.0,1708.2458153140533,-0.022349718804006064,5680.822938390733,-0.008420675990287776
2025-11-13 08:00:00,0.0,1708.2458153140533,-0.022349718804006064,5672.219726438862,0.0015144305754948612
2025-11-13 12:00:00,0.0,1708.2458153140533,-0.022349718804006064,5559.304301849874,0.019906743750189384
2025-11-13 16:00:00,0.0,1708.2458153140533,-0.022349718804006064,5272.4560409202695,0.051597870048983405
2025-11-13 20:00:00,0.0,1708.2458153140533,-0.022349718804006064,5329.3432479273815,-0.010789508070925935
2025-11-14 00:00:00,0.0,1708.2458153140533,-0.022349718804006064,5303.130322550246,0.004918603317084063
2025-11-14 04:00:00,0.0,1708.2458153140533,-0.022349718804006064,5271.314796971038,0.005999385955861025
2025-11-14 08:00:00,0.0,1708.2458153140533,-0.022349718804006064,5171.227902371038,0.018987083574957646
2025-11-14 12:00:00,0.0,1708.2458153140533,-0.022349718804006064,5231.058491687076,-0.01156989992427228
2025-11-14 16:00:00,0.0,1708.2458153140533,-0.022349718804006064,5245.043721301522,-0.0026734989938788723
2025-11-14 20:00:00,0.0,1708.2458153140533,-0.022349718804006064,5105.326216897438,0.026638005673175726
2025-11-15 00:00:00,0.0,1708.2458153140533,-0.022349718804006064,5225.379161098977,-0.023515234698263252
2025-11-15 04:00:00,0.0,1708.2458153140533,-0.022349718804006064,5225.299991753314,1.5150928424808744e-05
2025-11-15 08:00:00,0.0,1708.2458153140533,-0.022349718804006064,5167.982556570282,0.010969214260136624
2025-11-15 12:00:00,0.0,1708.2458153140533,-0.022349718804006064,5206.626268436862,-0.007477523664906679
2025-11-15 16:00:00,0.0,1708.2458153140533,-0.022349718804006064,5216.729235129184,-0.0019404055853918642
2025-11-15 20:00:00,0.0,1708.2458153140533,-0.022349718804006064,5167.820782631455,0.009375309756999168
2025-11-16 00:00:00,0.0,1708.2458153140533,-0.022349718804006064,5207.792374949484,-0.007734709464455599
2025-11-16 04:00:00,0.0,1708.2458153140533,-0.022349718804006064,5229.7256435239715,-0.004211625002561606
2025-11-16 08:00:00,0.0,1708.2458153140533,-0.022349718804006064,5155.575342805625,0.01417862155162329
2025-11-16 12:00:00,0.0,1708.2458153140533,-0.022349718804006064,5060.836688138582,0.018375961627492776
2025-11-16 16:00:00,0.0,1708.2458153140533,-0.022349718804006064,5046.08521012813,0.0029148298827792146
2025-11-16 20:00:00,0.0,1708.2458153140533,-0.022349718804006064,5069.8511373394385,-0.004709775245889019
2025-11-17 00:00:00,0.0,1708.2458153140533,-0.022349718804006064,5167.007205585653,-0.019163495261361678
2025-11-17 04:00:00,0.0,1708.2458153140533,-0.022349718804006064,5189.658825407735,-0.004383895535813214
2025-11-17 08:00:00,0.0,1708.2458153140533,-0.022349718804006064,5192.32334278151,-0.0005134282355384442
2025-11-17 12:00:00,0.0,1708.2458153140533,-0.022349718804006064,5051.883182124172,0.027047653119018848
2025-11-17 16:00:00,0.0,1708.2458153140533,-0.022349718804006064,4860.440037864749,0.0378954020427144
2025-11-17 20:00:00,0.0,1708.2458153140533,-0.022349718804006064,4918.503310274998,-0.011946093760629337
2025-11-18 00:00:00,0.0,1708.2458153140533,-0.022349718804006064,4923.286599127453,-0.0009725090237230656
2025-11-18 04:00:00,0.0,1708.2458153140533,-0.022349718804006064,4935.485550852361,-0.0024778065382320574
2025-11-18 08:00:00,0.0,1708.2458153140533,-0.022349718804006064,4975.642591408763,-0.008136391068851825
2025-11-18 12:00:00,0.0,1708.2458153140533,-0.022349718804006064,5039.933921852423,-0.012921211534499719
2025-11-18 16:00:00,0.0,1708.2458153140533,-0.022349718804006064,5079.336000242985,-0.007817975196008417
2025-11-18 20:00:00,0.0,1708.2458153140533,-0.022349718804006064,5050.007525091644,0.005774076601732585
2025-11-19 00:00:00,0.0,1708.2458153140533,-0.022349718804006064,4997.061625180677,0.010484320993166683
2025-11-19 04:00:00,0.0,1708.2458153140533,-0.022349718804006064,4993.410840852911,0.0007305862127793272
2025-11-19 08:00:00,0.0,1708.2458153140533,-0.022349718804006064,4960.430051538429,0.006604861960216321
2025-11-19 12:00:00,0.0,1708.2458153140533,-0.022349718804006064,4835.142844924343,0.02525732755272495
2025-11-19 16:00:00,0.0,1708.2458153140533,-0.022349718804006064,4725.533022405236,0.022669407302861648
2025-11-19 20:00:00,0.0,1708.2458153140533,-0.022349718804006064,4904.32124569272,-0.03783450934313505
2025-11-20 00:00:00,0.0,1708.2458153140533,-0.022349718804006064,4970.272356706958,-0.013447551192157237
2025-11-20 04:00:00,0.0,1708.2458153140533,-0.022349718804006064,4979.610710438711,-0.0018788414520489421
2025-11-20 08:00:00,0.0,1708.2458153140533,-0.022349718804006064,4948.133926294859,0.006321133513081294
2025-11-20 12:00:00,0.0,1708.2458153140533,-0.022349718804006064,4854.091829394733,0.019005568220451092
2025-11-20 16:00:00,0.0,1708.2458153140533,-0.022349718804006064,4696.851180766193,0.032393422735916354
2025-11-20 20:00:00,0.0,1708.2458153140533,-0.022349718804006064,4673.621538028689,0.004945790667720019
2025-11-21 00:00:00,0.0,1708.2458153140533,-0.022349718804006064,4641.722421596251,0.006825352924467652
2025-11-21 04:00:00,0.0,1708.2458153140533,-0.022349718804006064,4476.3611482768465,0.03562498105230034
2025-11-21 08:00:00,0.0,1708.2458153140533,-0.022349718804006064,4378.666446044178,0.021824580054331917
2025-11-21 12:00:00,0.0,1708.2458153140533,-0.022349718804006064,4415.460276162617,-0.008402976242157103
2025-11-21 16:00:00,0.0,1708.2458153140533,-0.022349718804006064,4499.334481114178,-0.018995574573360985
2025-11-21 20:00:00,0.0,1708.2458153140533,-0.022349718804006064,4515.255171327386,-0.003538454471441093
2025-11-22 00:00:00,0.0,1708.2458153140533,-0.022349718804006064,4500.187132751127,0.003337139985342035
2025-11-22 04:00:00,0.0,1708.2458153140533,-0.022349718804006064,4501.238892732166,-0.00023371472119126935
2025-11-22 08:00:00,0.0,1708.2458153140533,-0.022349718804006064,4464.065313931112,0.008258521639692555
2025-11-22 12:00:00,0.0,1708.2458153140533,-0.022349718804006064,4460.69636483326,0.0007546818563202638
2025-11-22 16:00:00,0.0,1708.2458153140533,-0.022349718804006064,4480.202911220171,-0.00437298233089678
2025-11-22 20:00:00,0.0,1708.2458153140533,-0.022349718804006064,4501.118926137422,-0.004668541878955886
2025-11-23 00:00:00,0.0,1708.2458153140533,-0.022349718804006064,4589.561653667373,-0.019649053708929172
2025-11-23 04:00:00,0.0,1708.2458153140533,-0.022349718804006064,4560.979336904923,0.006227679007125001
2025-11-23 08:00:00,0.0,1708.2458153140533,-0.022349718804006064,4579.201546502576,-0.0039952405506880695
2025-11-23 12:00:00,0.0,1708.2458153140533,-0.022349718804006064,4638.364577824059,-0.012919944824588405
2025-11-23 16:00:00,0.0,1708.2458153140533,-0.022349718804006064,4631.039612721632,0.0015792128840944133
2025-11-23 20:00:00,0.0,1708.2458153140533,-0.022349718804006064,4587.470207140768,0.009408126300880029
2025-11-24 00:00:00,0.0,1708.2458153140533,-0.022349718804006064,4657.499996849419,-0.015265448394551795
2025-11-24 04:00:00,0.0,1708.2458153140533,-0.022349718804006064,4623.201264474507,0.007364193751607969
2025-11-24 08:00:00,0.0,1708.2458153140533,-0.022349718804006064,4586.804632920817,0.007872603737451023
2025-11-24 12:00:00,0.0,1708.2458153140533,-0.022349718804006064,4636.187092301077,-0.010766200728460986
2025-11-24 16:00:00,0.0,1708.2458153140533,-0.022349718804006064,4809.819495950572,-0.03745155236246411
2025-11-24 20:00:00,0.0,1708.2458153140533,-0.022349718804006064,4808.141445511912,0.0003488801274292852
2025-11-25 00:00:00,0.0,1708.2458153140533,-0.022349718804006064,4788.399113334982,0.004106021505535803
2025-11-25 04:00:00,0.0,1708.2458153140533,-0.022349718804006064,4752.860430603493,0.007421829695130833
2025-11-25 08:00:00,0.0,1708.2458153140533,-0.022349718804006064,4734.678403959291,0.0038254913876974678
2025-11-25 12:00:00,0.0,1708.2458153140533,-0.022349718804006064,4714.386849156928,0.0042857303223372235
2025-11-25 16:00:00,0.0,1708.2458153140533,-0.022349718804006064,4745.280208638558,-0.0065529962792838835
2025-11-25 20:00:00,0.0,1708.2458153140533,-0.022349718804006064,4800.353505635625,-0.01160591041532363
2025-11-26 00:00:00,0.0,1708.2458153140533,-0.022349718804006064,4768.617983566426,0.0066110802114764155
2025-11-26 04:00:00,0.0,1708.2458153140533,-0.022349718804006064,4806.039919048982,-0.007847543169010247
2025-11-26 08:00:00,0.0,1708.2458153140533,-0.022349718804006064,4745.103538321582,0.01267912496645629
2025-11-26 12:00:00,0.0,1708.2458153140533,-0.022349718804006064,4745.829624767706,-0.0001530180406520262
2025-11-26 16:00:00,0.0,1708.2458153140533,-0.022349718804006064,4936.759148403875,-0.04023101095743902
2025-11-26 20:00:00,0.0,1708.2458153140533,-0.022349718804006064,4950.16803712611,-0.0027161318426016973
2025-11-27 00:00:00,0.0,1708.2458153140533,-0.022349718804006064,4947.475967684396,0.0005438339509939041
2025-11-27 04:00:00,0.0,1708.2458153140533,-0.022349718804006064,4955.687322006687,-0.0016597057521706069
2025-11-27 08:00:00,0.0,1708.2458153140533,-0.022349718804006064,4933.733082529078,0.004430109902236483
2025-11-27 12:00:00,0.0,1708.2458153140533,-0.022349718804006064,4937.233321685067,-0.000709450450082765
2025-11-27 16:00:00,0.0,1708.2458153140533,-0.022349718804006064,4967.067037400304,-0.006042597902797756
2025-11-27 20:00:00,0.0,1708.2458153140533,-0.022349718804006064,4938.449750872298,0.005761405334884355
2025-11-28 00:00:00,0.0,1708.2458153140533,-0.022349718804006064,4913.018534440298,0.0051496355566861595
2025-11-28 04:00:00,0.0,1708.2458153140533,-0.022349718804006064,4896.234382201699,0.0034162607205614004
2025-11-28 08:00:00,0.0,1708.2458153140533,-0.022349718804006064,4928.735704546088,-0.006638024205404523
2025-11-28 12:00:00,0.0,1708.2458153140533,-0.022349718804006064,4985.995638307054,-0.011617570345302182
2025-11-28 16:00:00,0.0,1708.2458153140533,-0.022349718804006064,4892.2708924341405,0.018797598849231458
2025-11-28 20:00:00,0.0,1708.2458153140533,-0.022349718804006064,4877.986421993057,0.002919803656656561
2025-11-29 00:00:00,0.0,1708.2458153140533,-0.022349718804006064,4866.015935498101,0.0024539811019125913
2025-11-29 04:00:00,0.0,1708.2458153140533,-0.022349718804006064,4847.941801153714,0.0037143598755059776
2025-11-29 08:00:00,0.0,1708.2458153140533,-0.022349718804006064,4871.5768673880275,-0.004875278459136775
2025-11-29 12:00:00,0.0,1708.2458153140533,-0.022349718804006064,4884.1657118467565,-0.002584141603718274
2025-11-29 16:00:00,0.0,1708.2458153140533,-0.022349718804006064,4824.906647718461,0.012132893850132958
2025-11-29 20:00:00,0.0,1708.2458153140533,-0.022349718804006064,4819.601024590435,0.0010996322862608654
2025-11-30 00:00:00,0.0,1708.2458153140533,-0.022349718804006064,4836.006080357541,-0.003403820292054105
2025-11-30 04:00:00,0.0,1708.2458153140533,-0.022349718804006064,4829.7065133367205,0.0013026383582119985
2025-11-30 08:00:00,0.0,1708.2458153140533,-0.022349718804006064,4822.420928845386,0.0015084942472625945
2025-11-30 12:00:00,0.0,1708.2458153140533,-0.022349718804006064,4870.687875361378,-0.010008862193526908
2025-11-30 16:00:00,0.0,1708.2458153140533,-0.022349718804006064,4865.712650916739,0.0010214623831279151
2025-11-30 20:00:00,0.0,1708.2458153140533,-0.022349718804006064,4765.028785713848,0.020692521820811067
2025-12-01 00:00:00,0.0,1708.2458153140533,-0.022349718804006064,4511.619879020457,0.05318098128874763
2025-12-01 04:00:00,0.0,1708.2458153140533,-0.022349718804006064,4532.721447715989,-0.004677160146770427
2025-12-01 08:00:00,0.0,1708.2458153140533,-0.022349718804006064,4498.928549965732,0.007455321960559583
2025-12-01 12:00:00,0.0,1708.2458153140533,-0.022349718804006064,4414.918066804646,0.018673442404798037
2025-12-01 16:00:00,0.0,1708.2458153140533,-0.022349718804006064,4404.748551478688,0.0023034437269451474
2025-12-01 20:00:00,0.0,1708.2458153140533,-0.022349718804006064,4484.224278218451,-0.018043192661493457
2025-12-02 00:00:00,0.0,1708.2458153140533,-0.022349718804006064,4511.030722196062,-0.005977944526062199
2025-12-02 04:00:00,0.0,1708.2458153140533,-0.022349718804006064,4513.39502538341,-0.0005241159577377459
2025-12-02 08:00:00,0.0,1708.2458153140533,-0.022349718804006064,4543.4516180621795,-0.006659419906684521
2025-12-02 12:00:00,0.0,1708.2458153140533,-0.022349718804006064,4813.296282308889,-0.05939199686290505
2025-12-02 16:00:00,0.0,1708.2458153140533,-0.022349718804006064,4859.199115129869,-0.009536673025862474
2025-12-02 20:00:00,0.0,1708.2458153140533,-0.022349718804006064,4827.600167804423,0.006502912635758655
2025-12-03 00:00:00,0.0,1708.2458153140533,-0.022349718804006064,4887.62765848214,-0.012434229967519719
2025-12-03 04:00:00,0.0,1708.2458153140533,-0.022349718804006064,4939.341045727347,-0.01058046783810575
2025-12-03 08:00:00,0.0,1708.2458153140533,-0.022349718804006064,4926.871941657822,0.0025244468754208765
2025-12-03 12:00:00,0.0,1708.2458153140533,-0.022349718804006064,4918.183056128358,0.0017635704017386264
2025-12-03 16:00:00,0.0,1708.2458153140533,-0.022349718804006064,4981.256796405377,-0.012824602003869241
2025-12-03 20:00:00,0.0,1708.2458153140533,-0.022349718804006064,5051.1736212351525,-0.014035980815168849
2025-12-04 00:00:00,-0.000579437376859393,1707.2559938397967,-0.022916205918428106,5049.285626345244,-0.0002056638676750338
2025-12-04 04:00:00,-0.0026476689285169774,1702.7357451918826,-0.025503200320575396,5029.410244440631,0.001288607086630843
2025-12-04 08:00:00,-0.003641655496620433,1696.5349682061126,-0.029051981947566967,5007.360250881721,0.0007425550742478871
2025-12-04 12:00:00,0.004524806332354636,1704.2114603733125,-0.024658630207096206,5021.979439433503,0.0016052663313714166
2025-12-04 16:00:00,-0.016224253577193704,1676.5619014910562,-0.040482815914943786,4918.368055551489,0.004407329074945041
2025-12-04 20:00:00,-0.0013889480923797715,1674.2332440362236,-0.041815535477384355,4915.417929785384,-0.0007891300769762458
2025-12-05 00:00:00,0.00012606701067330306,1674.4443096164691,-0.04169474002626838,4924.286423998533,-0.0016781527606321647
2025-12-05 04:00:00,0.0009136847640611734,1675.9742238704346,-0.04081915111091072,4930.8551418357665,-0.00042025832365641
2025-12-05 08:00:00,-0.005530227285068912,1666.705705488514,-0.04612363921275278,4842.140310413974,0.012461546731793543
2025-12-05 12:00:00,-0.0001489964406937716,1666.4573722707123,-0.04626576339537196,4804.948386701713,0.007531888731565977
2025-12-05 16:00:00,0.0,1666.4573722707123,-0.04626576339537196,4724.6196554722555,0.01671791760589517
2025-12-05 20:00:00,0.0,1666.4573722707123,-0.04626576339537196,4710.382723249714,0.0030133499118921874
2025-12-06 00:00:00,0.0,1666.4573722707123,-0.04626576339537196,4731.180992069037,-0.004415409541281231
2025-12-06 04:00:00,0.0,1666.4573722707123,-0.04626576339537196,4704.601546103911,0.005617930493397173
2025-12-06 08:00:00,0.0,1666.4573722707123,-0.04626576339537196,4715.142430632789,-0.0022405477755300662
2025-12-06 12:00:00,0.0,1666.4573722707123,-0.04626576339537196,4723.727671907909,-0.0018207808992883878
2025-12-06 16:00:00,0.0,1666.4573722707123,-0.04626576339537196,4709.027238741047,0.0031120407838676517
2025-12-06 20:00:00,0.0,1666.4573722707123,-0.04626576339537196,4718.368431100217,-0.001983677707854427
2025-12-07 00:00:00,0.0,1666.4573722707123,-0.04626576339537196,4763.908781343101,-0.009651715610572749
2025-12-07 04:00:00,0.0,1666.4573722707123,-0.04626576339537196,4725.356755953549,0.008092519642805345
2025-12-07 08:00:00,0.0,1666.4573722707123,-0.04626576339537196,4716.5821950264,0.0018569097277349059
2025-12-07 12:00:00,0.0,1666.4573722707123,-0.04626576339537196,4736.215186438292,-0.004162546225229523
2025-12-07 16:00:00,0.0,1666.4573722707123,-0.04626576339537196,4851.611406582781,-0.024364648902548827
2025-12-07 20:00:00,0.0,1666.4573722707123,-0.04626576339537196,4750.279516083778,0.020886233873041497
2025-12-08 00:00:00,0.0,1666.4573722707123,-0.04626576339537196,4804.30659713236,-0.011373453049584528
2025-12-08 04:00:00,0.0,1666.4573722707123,-0.04626576339537196,4843.521856195683,-0.008162522160165489
2025-12-08 08:00:00,0.0,1666.4573722707123,-0.04626576339537196,4871.809715057402,-0.005840349171860414
2025-12-08 12:00:00,0.0,1666.4573722707123,-0.04626576339537196,4819.501409124598,0.010736935346866197
2025-12-08 16:00:00,0.0,1666.4573722707123,-0.04626576339537196,4810.7844601575935,0.0018086827302301442
2025-12-08 20:00:00,0.0,1666.4573722707123,-0.04626576339537196,4815.898818860581,-0.0010631028567884085
2025-12-09 00:00:00,0.0,1666.4573722707123,-0.04626576339537196,4819.621099298028,-0.0007729150003875958
2025-12-09 04:00:00,0.0,1666.4573722707123,-0.04626576339537196,4801.04350218386,0.0038545762688425578
2025-12-09 08:00:00,0.0,1666.4573722707123,-0.04626576339537196,4808.166839477367,-0.0014837060506254854
2025-12-09 12:00:00,0.0,1666.4573722707123,-0.04626576339537196,4986.963926773597,-0.03718612379009418
2025-12-09 16:00:00,0.012644221601741279,1687.5284285755588,-0.034206536358575415,5088.846919619496,-0.007785642007040034
2025-12-09 20:00:00,-0.006271639140286167,1676.9448592325587,-0.04026364444658155,5015.753013442627,0.008091910664103277
2025-12-10 00:00:00,-0.003999602929412482,1670.2377456611089,-0.04410220878571668,4989.803036609402,0.001174092179512698
2025-12-10 04:00:00,0.0007284825419848762,1671.4544846997871,-0.043405853932895186,5003.22766000174,-0.0019619289419643576
2025-12-10 08:00:00,0.0012943149536148724,1673.6178732336207,-0.042167719825100106,4965.372528655804,0.008860457035968859
2025-12-10 12:00:00,-0.0010261412892788035,1671.9005048314207,-0.04315059107599164,4955.124147312454,0.001037828993757563
2025-12-10 16:00:00,0.0061378773243769835,1682.16242502864,-0.037277566786113395,5018.827186039797,-0.0067181151459417675
2025-12-10 20:00:00,-0.010328141165918736,1664.78881403894,-0.04722069997994317,4930.023084972439,0.007366052671711705
2025-12-11 00:00:00,-0.010392573601702537,1647.4873737577493,-0.057122528981580205,4738.522921371803,0.028451091083025112
2025-12-11 04:00:00,-0.00019829931583237315,1647.1606781386906,-0.05730950093899694,4753.536133473601,-0.003366630956497141
2025-12-11 08:00:00,0.0,1647.1606781386906,-0.05730950093899694,4737.778830764629,0.0033148591420207874
2025-12-11 12:00:00,0.0,1647.1606781386906,-0.05730950093899694,4707.936538780403,0.006298793812502804
2025-12-11 16:00:00,0.0,1647.1606781386906,-0.05730950093899694,4757.761834675336,-0.010583255633229165
2025-12-11 20:00:00,0.0,1647.1606781386906,-0.05730950093899694,4828.961351877271,-0.014964918311593665
2025-12-12 00:00:00,0.0,1647.1606781386906,-0.05730950093899694,4841.647379129296,-0.0026270716055932946
2025-12-12 04:00:00,0.0,1647.1606781386906,-0.05730950093899694,4861.193561450127,-0.00403709332593868
2025-12-12 08:00:00,0.0,1647.1606781386906,-0.05730950093899694,4849.581840044935,0.002388656460272246
2025-12-12 12:00:00,0.0,1647.1606781386906,-0.05730950093899694,4677.916237732174,0.035398021515020216
2025-12-12 16:00:00,0.0,1647.1606781386906,-0.05730950093899694,4690.411481598777,-0.002671113211864941
2025-12-12 20:00:00,0.0,1647.1606781386906,-0.05730950093899694,4703.682979474477,-0.0028294954350523505
2025-12-13 00:00:00,0.0,1647.1606781386906,-0.05730950093899694,4724.084232130897,-0.004337293296645546
2025-12-13 04:00:00,0.0,1647.1606781386906,-0.05730950093899694,4734.312046551289,-0.0021650364214142698
2025-12-13 08:00:00,0.0,1647.1606781386906,-0.05730950093899694,4753.287567049349,-0.00400808402814972
2025-12-13 12:00:00,0.0,1647.1606781386906,-0.05730950093899694,4753.845405412811,-0.00011735842942257284
2025-12-13 16:00:00,0.0,1647.1606781386906,-0.05730950093899694,4739.725863979966,0.0029701305424800445
2025-12-13 20:00:00,0.0,1647.1606781386906,-0.05730950093899694,4747.275662910839,-0.0015928767079651043
2025-12-14 00:00:00,0.0,1647.1606781386906,-0.05730950093899694,4742.800742319635,0.0009426291854433318
2025-12-14 04:00:00,0.0,1647.1606781386906,-0.05730950093899694,4736.013213069939,0.0014311225831460067
2025-12-14 08:00:00,0.0,1647.1606781386906,-0.05730950093899694,4685.403792803211,0.01068608088488048
2025-12-14 12:00:00,0.0,1647.1606781386906,-0.05730950093899694,4664.3574150902905,0.004491902649937675
2025-12-14 16:00:00,0.0,1647.1606781386906,-0.05730950093899694,4655.155541324239,0.0019728063154599456
2025-12-14 20:00:00,0.0,1647.1606781386906,-0.05730950093899694,4623.5520512704625,0.006788922469556392
2025-12-15 00:00:00,0.0,1647.1606781386906,-0.05730950093899694,4683.895267285979,-0.013051267801545465
2025-12-15 04:00:00,0.0,1647.1606781386906,-0.05730950093899694,4705.451048872384,-0.0046021058021852934
2025-12-15 08:00:00,0.0,1647.1606781386906,-0.05730950093899694,4708.7206845045,-0.0006948612573286336
2025-12-15 12:00:00,0.0,1647.1606781386906,-0.05730950093899694,4522.292924736081,0.03959201920426451
2025-12-15 16:00:00,0.0,1647.1606781386906,-0.05730950093899694,4467.7378037531325,0.012063597358884641
2025-12-15 20:00:00,0.0,1647.1606781386906,-0.05730950093899694,4499.287581252338,-0.00706168958095575
2025-12-16 00:00:00,0.0,1647.1606781386906,-0.05730950093899694,4458.996072954815,0.008955086237521297
2025-12-16 04:00:00,0.0,1647.1606781386906,-0.05730950093899694,4448.420700123136,0.0023716936858997817
2025-12-16 08:00:00,0.0,1647.1606781386906,-0.05730950093899694,4521.611477370503,-0.016453204897041544
2025-12-16 12:00:00,0.0,1647.1606781386906,-0.05730950093899694,4551.960900788924,-0.006712081206072489
2025-12-16 16:00:00,0.0,1647.1606781386906,-0.05730950093899694,4517.149478793535,0.00764756612679932
2025-12-16 20:00:00,0.0,1647.1606781386906,-0.05730950093899694,4536.347992283598,-0.0042501390711538545
2025-12-17 00:00:00,0.0,1647.1606781386906,-0.05730950093899694,4506.487971396035,0.006582392033934546
2025-12-17 04:00:00,0.0,1647.1606781386906,-0.05730950093899694,4499.823007049034,0.0014789708503176577
2025-12-17 08:00:00,0.0,1647.1606781386906,-0.05730950093899694,4479.861332258923,0.004436102210873887
2025-12-17 12:00:00,0.0,1647.1606781386906,-0.05730950093899694,4467.830699563309,0.0026854922068640136
2025-12-17 16:00:00,0.0,1647.1606781386906,-0.05730950093899694,4357.436808936808,0.02470861096802341
2025-12-17 20:00:00,0.0,1647.1606781386906,-0.05730950093899694,4363.788338578814,-0.0014576297765188492
2025-12-18 00:00:00,0.0,1647.1606781386906,-0.05730950093899694,4350.389838105031,0.0030703827578734766
2025-12-18 04:00:00,0.0,1647.1606781386906,-0.05730950093899694,4338.203824442036,0.0028011314195931503
2025-12-18 08:00:00,0.0,1647.1606781386906,-0.05730950093899694,4372.346922038962,-0.007870330435964745
2025-12-18 12:00:00,0.0,1647.1606781386906,-0.05730950093899694,4479.163755891395,-0.02443009115173817
2025-12-18 16:00:00,0.0,1647.1606781386906,-0.05730950093899694,4213.245936787651,0.05936773772871906
2025-12-18 20:00:00,0.0,1647.1606781386906,-0.05730950093899694,4261.751020164562,-0.011512521249564938
2025-12-19 00:00:00,0.0,1647.1606781386906,-0.05730950093899694,4345.378322459032,-0.019622756444190426
2025-12-19 04:00:00,0.0,1647.1606781386906,-0.05730950093899694,4412.758423798682,-0.015506153052634522
2025-12-19 08:00:00,0.0,1647.1606781386906,-0.05730950093899694,4429.026001185038,-0.003686487186477873
2025-12-19 12:00:00,0.0,1647.1606781386906,-0.05730950093899694,4444.756445667238,-0.0035516712879967638
2025-12-19 16:00:00,0.0,1647.1606781386906,-0.05730950093899694,4492.098251776354,-0.010651158660282671
2025-12-19 20:00:00,0.0,1647.1606781386906,-0.05730950093899694,4487.572033835013,0.0010075954904928963
2025-12-20 00:00:00,0.0,1647.1606781386906,-0.05730950093899694,4485.914834202438,0.0003692864694048646
2025-12-20 04:00:00,0.0,1647.1606781386906,-0.05730950093899694,4488.123192049003,-0.0004922870647759822
2025-12-20 08:00:00,0.0,1647.1606781386906,-0.05730950093899694,4506.7880588168255,-0.004158724252687548
2025-12-20 12:00:00,0.0,1647.1606781386906,-0.05730950093899694,4493.45367909024,0.002958732372714585
2025-12-20 16:00:00,0.0,1647.1606781386906,-0.05730950093899694,4488.438973998968,0.0011160024002491006
2025-12-20 20:00:00,0.0,1647.1606781386906,-0.05730950093899694,4484.391000317716,0.0009018667079360483
2025-12-21 00:00:00,0.0,1647.1606781386906,-0.05730950093899694,4466.572638470864,0.003973418429746586
2025-12-21 04:00:00,0.0,1647.1606781386906,-0.05730950093899694,4460.874187403559,0.0012757994839764444
2025-12-21 08:00:00,0.0,1647.1606781386906,-0.05730950093899694,4486.879789663892,-0.005829709865785063
2025-12-21 12:00:00,0.0,1647.1606781386906,-0.05730950093899694,4437.055809238116,0.01110437158146089
2025-12-21 16:00:00,0.0,1647.1606781386906,-0.05730950093899694,4465.176719573649,-0.006337740958088415
2025-12-21 20:00:00,0.0,1647.1606781386906,-0.05730950093899694,4477.14652637093,-0.0026807016942485312
2025-12-22 00:00:00,0.0,1647.1606781386906,-0.05730950093899694,4484.465631055108,-0.0016347699681188432
2025-12-22 04:00:00,0.0,1647.1606781386906,-0.05730950093899694,4496.334446630796,-0.0026466510287192096
2025-12-22 08:00:00,0.0,1647.1606781386906,-0.05730950093899694,4530.882049020952,-0.007683503707345877
2025-12-22 12:00:00,0.0,1647.1606781386906,-0.05730950093899694,4551.714661744233,-0.004597915482655757
2025-12-22 16:00:00,0.0,1647.1606781386906,-0.05730950093899694,4458.520943676899,0.02047442007966768
2025-12-22 20:00:00,0.0,1647.1606781386906,-0.05730950093899694,4495.434060026003,-0.008279229102075776
2025-12-23 00:00:00,0.0,1647.1606781386906,-0.05730950093899694,4476.932594443812,0.004115612716179852
2025-12-23 04:00:00,0.0,1647.1606781386906,-0.05730950093899694,4430.173443519319,0.01044446167952684
2025-12-23 08:00:00,0.0,1647.1606781386906,-0.05730950093899694,4459.637565682556,-0.006650782986011215
2025-12-23 12:00:00,0.0,1647.1606781386906,-0.05730950093899694,4396.790803158118,0.014092347550404385
2025-12-23 16:00:00,0.0,1647.1606781386906,-0.05730950093899694,4412.926053247451,-0.003669778893674528
2025-12-23 20:00:00,0.0,1647.1606781386906,-0.05730950093899694,4420.220622251657,-0.001653000507188989
2025-12-24 00:00:00,0.0,1647.1606781386906,-0.05730950093899694,4391.606332033456,0.006473498194672657
2025-12-24 04:00:00,0.0,1647.1606781386906,-0.05730950093899694,4361.878365124217,0.006769269525001643
2025-12-24 08:00:00,0.0,1647.1606781386906,-0.05730950093899694,4382.667190335393,-0.004766025888615776
2025-12-24 12:00:00,0.0,1647.1606781386906,-0.05730950093899694,4374.672981764521,0.0018240510227426818
2025-12-24 16:00:00,0.0,1647.1606781386906,-0.05730950093899694,4390.175167536993,-0.003543621623168886
2025-12-24 20:00:00,0.0,1647.1606781386906,-0.05730950093899694,4393.549085382733,-0.0007685155414042402
2025-12-25 00:00:00,0.0,1647.1606781386906,-0.05730950093899694,4406.803640383653,-0.0030168218775607886
2025-12-25 04:00:00,0.0,1647.1606781386906,-0.05730950093899694,4405.667429481202,0.000257831071037194
2025-12-25 08:00:00,0.0,1647.1606781386906,-0.05730950093899694,4368.2224195987465,0.008499282000245032
2025-12-25 12:00:00,0.0,1647.1606781386906,-0.05730950093899694,4425.221466545152,-0.013048567923343444
2025-12-25 16:00:00,0.0,1647.1606781386906,-0.05730950093899694,4427.878981880152,-0.0006005383809806515
2025-12-25 20:00:00,0.0,1647.1606781386906,-0.05730950093899694,4322.1879888607555,0.023869440301306062
2025-12-26 00:00:00,0.0,1647.1606781386906,-0.05730950093899694,4418.866448646245,-0.022367944206649875
2025-12-26 04:00:00,0.0,1647.1606781386906,-0.05730950093899694,4407.033696594282,0.002677779966757808
2025-12-26 08:00:00,0.0,1647.1606781386906,-0.05730950093899694,4423.456257035369,-0.003726443129712788
2025-12-26 12:00:00,0.0,1647.1606781386906,-0.05730950093899694,4348.74436134758,0.016889936589507788
2025-12-26 16:00:00,0.0,1647.1606781386906,-0.05730950093899694,4373.329321186105,-0.005653346758443613
2025-12-26 20:00:00,0.0,1647.1606781386906,-0.05730950093899694,4371.1707129478345,0.000493584653644257
2025-12-27 00:00:00,0.0,1647.1606781386906,-0.05730950093899694,4397.467029004793,-0.006015851995682934
2025-12-27 04:00:00,0.0,1647.1606781386906,-0.05730950093899694,4394.7945581088325,0.00060772960395913
2025-12-27 08:00:00,0.0,1647.1606781386906,-0.05730950093899694,4400.115036101345,-0.001210631787712746
2025-12-27 12:00:00,0.0,1647.1606781386906,-0.05730950093899694,4407.94797308313,-0.0017801664087228688
2025-12-27 16:00:00,0.0,1647.1606781386906,-0.05730950093899694,4411.302473974732,-0.0007610119066934999
2025-12-27 20:00:00,0.0,1647.1606781386906,-0.05730950093899694,4463.606243886191,-0.011856763443457779
2025-12-28 00:00:00,0.0,1647.1606781386906,-0.05730950093899694,4460.959118395364,0.000593046372415053
2025-12-28 04:00:00,0.0,1647.1606781386906,-0.05730950093899694,4468.928865247483,-0.0017865545593668739
2025-12-28 08:00:00,0.0,1647.1606781386906,-0.05730950093899694,4471.645170765068,-0.0006078202628613408
2025-12-28 12:00:00,0.0,1647.1606781386906,-0.05730950093899694,4473.720628609368,-0.000464137418118444
2025-12-28 16:00:00,0.0,1647.1606781386906,-0.05730950093899694,4437.800587872237,0.008029120215380254
2025-12-28 20:00:00,0.0,1647.1606781386906,-0.05730950093899694,4470.982763969825,-0.007477166997604494
2025-12-29 00:00:00,0.0,1647.1606781386906,-0.05730950093899694,4591.573563015118,-0.026971877417442527
2025-12-29 04:00:00,-0.002249411304152571,1643.4555362895298,-0.05942999960390199,4555.34371560221,0.005641096582890233
2025-12-29 08:00:00,-0.006811717504745185,1632.260781444716,-0.0658368967400383,4472.199861517611,0.011440221157935544
2025-12-29 12:00:00,-0.000731506603340204,1631.066771904716,-0.06652024321866973,4449.909113151014,0.004252785033177323
2025-12-29 16:00:00,-0.0002473992389930846,1630.6632472265999,-0.06675118540011286,4408.417668665305,0.009076711305891319
2025-12-29 20:00:00,0.0,1630.6632472265999,-0.06675118540011286,4402.783623868638,0.0012780197386271627
2025-12-30 00:00:00,0.0,1630.6632472265999,-0.06675118540011286,4412.9363475085065,-0.0023059783326230742
2025-12-30 04:00:00,0.0,1630.6632472265999,-0.06675118540011286,4416.029503479646,-0.0007009292062156883
2025-12-30 08:00:00,0.0,1630.6632472265999,-0.06675118540011286,4432.189374377934,-0.003659366606485565
2025-12-30 12:00:00,0.0,1630.6632472265999,-0.06675118540011286,4465.65425448359,-0.007550417475190426
2025-12-30 16:00:00,0.0,1630.6632472265999,-0.06675118540011286,4441.265145670588,0.005461486139128542
2025-12-30 20:00:00,0.0,1630.6632472265999,-0.06675118540011286,4451.096791727596,-0.0022137039187115942
2025-12-31 00:00:00,0.0,1630.6632472265999,-0.06675118540011286,4451.933382828707,-0.00018795167579044314
2025-12-31 04:00:00,0.0,1630.6632472265999,-0.06675118540011286,4458.1760493228985,-0.0014022371759355881
2025-12-31 08:00:00,0.0,1630.6632472265999,-0.06675118540011286,4476.8700857099275,-0.004193202821110654
2025-12-31 12:00:00,0.0,1630.6632472265999,-0.06675118540011286,4425.969205084937,0.011369747089035456
2025-12-31 16:00:00,0.0,1630.6632472265999,-0.06675118540011286,4377.553151950975,0.010939084953039604
2025-12-31 20:00:00,0.0,1630.6632472265999,-0.06675118540011286,4386.99592851397,-0.0021570900992455527
2026-01-01 00:00:00,0.0,1630.6632472265999,-0.06675118540011286,4390.321424835166,-0.0007580349686631127
2026-01-01 04:00:00,0.0,1630.6632472265999,-0.06675118540011286,4386.49834821879,0.0008707965195326065
2026-01-01 08:00:00,0.0,1630.6632472265999,-0.06675118540011286,4414.976823046128,-0.00649230264475117
2026-01-01 12:00:00,0.0,1630.6632472265999,-0.06675118540011286,4434.138204457673,-0.004340086523562896
2026-01-01 16:00:00,0.0,1630.6632472265999,-0.06675118540011286,4519.638156976141,-0.01928220289401764
2026-01-01 20:00:00,0.000598944014378322,1631.6399232179929,-0.06619222160868266,4533.758711136094,-0.0025253225019924758
2026-01-02 00:00:00,0.0031376461329464256,1636.759431913439,-0.06326226324389779,4562.816011299993,-0.0032714510456322643
2026-01-02 04:00:00,-0.007476003151553612,1624.5230132421189,-0.07026531751606566,4525.171193760343,0.0007743443194863728
2026-01-02 08:00:00,-0.00025776820507228404,1624.1042628608968,-0.07050497355636298,4560.443180532636,-0.008052387516034258
2026-01-02 12:00:00,-0.002273874827158351,1620.4112530608968,-0.0726185288989621,4602.752040417636,-0.011551231919470304
2026-01-02 16:00:00,0.015055786583605624,1644.8078190646547,-0.05865607138847458,4702.207762151191,-0.006552095148934973
2026-01-02 20:00:00,0.0002623118117424106,1645.2392715836418,-0.058409145757087715,4732.00343239456,-0.006074215996152306
2026-01-03 00:00:00,0.0026444046115179365,1649.589949900468,-0.055919198559964675,4774.39406277899,-0.006313879335241397
2026-01-03 04:00:00,-0.015041823656030906,1624.7771087693043,-0.07011989549226998,4677.224776854661,0.005310347665950382
2026-01-03 08:00:00,0.0012300811524796895,1626.7757164677819,-0.06897606750164915,4699.294719739162,-0.003488516720711139
2026-01-03 12:00:00,0.0005267948282143831,1627.632693501882,-0.06848560890906516,4703.8949439775915,-0.00045212318241932034
2026-01-03 16:00:00,0.0032878600283767767,1632.984121975726,-0.06542291997673948,4715.464114665084,0.0008283725557016413
2026-01-03 20:00:00,0.0026043058189411106,1637.236912026826,-0.06298899544898583,4743.780823546808,-0.003400767741826881
2026-01-04 00:00:00,0.008969233595346848,1651.9216723417192,-0.05458472486775709,4794.674027776011,-0.001759171894338385
2026-01-04 04:00:00,-0.0021477135495608923,1648.3738177832176,-0.0566152060641204,4793.533057220185,-0.0019097473084324396
2026-01-04 08:00:00,0.0024314313970068557,1652.3817256377797,-0.054321430656685925,4812.6897597466,-0.00156493251615329
2026-01-04 12:00:00,0.001303452553839346,1654.5355268179796,-0.05308878351036429,4817.549282983444,0.00029372130594369186
2026-01-04 16:00:00,-0.0004942150433970838,1653.7178304707913,-0.05355676127831487,4806.723085958397,0.0017530265288451885
2026-01-04 20:00:00,0.0037868312316118313,1659.9801807994913,-0.04997274046297583,4828.065858284779,-0.0006533605465935165
2026-01-05 00:00:00,0.009711320205482599,1676.10077986999,-0.040746721541674726,4892.154673618105,-0.003562901235252809
2026-01-05 04:00:00,-0.005307675316454485,1667.204581132784,-0.04583812648997603,4864.251363247623,0.000396009916753085
2026-01-05 08:00:00,0.006399603849041036,1677.87402998734,-0.039731868491653145,4877.282890238193,0.003720563228518944
2026-01-05 12:00:00,0.005290008611174901,1686.7499980544399,-0.03465204180693711,4918.730764492905,-0.0032081398841007826
2026-01-05 16:00:00,0.008633337551740894,1701.3122801530421,-0.026317867028972534,4990.621273885966,-0.005982325072450731
2026-01-05 20:00:00,0.0007096778568431716,1702.5196638058421,-0.025626866379599163,5022.277146769947,-0.005633394708014605
2026-01-06 00:00:00,0.0011989721104217477,1704.56093740019,-0.024458620167244077,5040.789935061626,-0.002487162236740995
2026-01-06 04:00:00,-0.00697189574286905,1692.6769162572687,-0.031259992960292665,4986.037583397825,0.003889963681775299
2026-01-06 08:00:00,0.010230751634392243,1709.9942733847658,-0.021349054549969958,5051.067770667252,-0.00281170666675685
2026-01-06 12:00:00,0.007373929142897806,1722.603649991466,-0.014132551822591564,5060.571535864734,0.005492393271874341
2026-01-06 16:00:00,-0.021313664190582893,1685.8886542620755,-0.035144999549471714,4941.351566235578,0.0022449336445101234
2026-01-06 20:00:00,-0.0007407188820550692,1684.6398847028213,-0.035859685866750625,5051.276131698685,-0.02298656882607161
2026-01-07 00:00:00,0.0,1684.6398847028213,-0.035859685866750625,4993.919119281647,0.011354954851329915
2026-01-07 04:00:00,0.0,1684.6398847028213,-0.035859685866750625,5015.873519081945,-0.004396226545907068
2026-01-07 08:00:00,0.0,1684.6398847028213,-0.035859685866750625,4970.594552915275,0.00902713475417895
2026-01-07 12:00:00,0.0,1684.6398847028213,-0.035859685866750625,4871.076813938471,0.020021294820442792
2026-01-07 16:00:00,0.0,1684.6398847028213,-0.035859685866750625,4868.842245092759,0.00045874227220500864
2026-01-07 20:00:00,0.0,1684.6398847028213,-0.035859685866750625,4870.622702331519,-0.00036568390371506866
2026-01-08 00:00:00,0.0,1684.6398847028213,-0.035859685866750625,4840.883465429236,0.006105838764321866
2026-01-08 04:00:00,0.0,1684.6398847028213,-0.035859685866750625,4804.140299350414,0.007590177772553409
2026-01-08 08:00:00,0.0,1684.6398847028213,-0.035859685866750625,4778.674990395174,0.005300700514238239
2026-01-08 12:00:00,0.0,1684.6398847028213,-0.035859685866750625,4810.9238966534385,-0.006748503784643677
2026-01-08 16:00:00,0.0,1684.6398847028213,-0.035859685866750625,4813.916103596773,-0.0006219609803878193
2026-01-08 20:00:00,0.0,1684.6398847028213,-0.035859685866750625,4822.9786059551125,-0.0018825634189114648
2026-01-09 00:00:00,0.0,1684.6398847028213,-0.035859685866750625,4855.149899186524,-0.006670420057780703
2026-01-09 04:00:00,0.0,1684.6398847028213,-0.035859685866750625,4831.845542661332,0.004799925235901892
2026-01-09 08:00:00,0.0,1684.6398847028213,-0.035859685866750625,4792.957729011824,0.008048231944949222
2026-01-09 12:00:00,0.0,1684.6398847028213,-0.035859685866750625,4834.315161176012,-0.008628791343986166
2026-01-09 16:00:00,0.0,1684.6398847028213,-0.035859685866750625,4770.209422462155,0.01326056257744322
2026-01-09 20:00:00,0.0,1684.6398847028213,-0.035859685866750625,4786.020573333596,-0.0033145611588850815
2026-01-10 00:00:00,0.0,1684.6398847028213,-0.035859685866750625,4784.520967956621,0.0003133303240131661
2026-01-10 04:00:00,0.0,1684.6398847028213,-0.035859685866750625,4791.200849551024,-0.0013961442826022788
2026-01-10 08:00:00,0.0,1684.6398847028213,-0.035859685866750625,4800.394984385261,-0.0019189625154411027
2026-01-10 12:00:00,0.0,1684.6398847028213,-0.035859685866750625,4797.873314302652,0.0005253047073856225
2026-01-10 16:00:00,0.0,1684.6398847028213,-0.035859685866750625,4804.005399872733,-0.0012780840944256941
2026-01-10 20:00:00,0.0,1684.6398847028213,-0.035859685866750625,4783.509132479296,0.004266495494359741
2026-01-11 00:00:00,0.0,1684.6398847028213,-0.035859685866750625,4797.890559869012,-0.003006459691289717
2026-01-11 04:00:00,0.0,1684.6398847028213,-0.035859685866750625,4802.046889022284,-0.0008662826092861493
2026-01-11 08:00:00,0.0,1684.6398847028213,-0.035859685866750625,4807.386582799019,-0.001111962023724116
2026-01-11 12:00:00,0.0,1684.6398847028213,-0.035859685866750625,4812.9071755975965,-0.0011483563269760902
2026-01-11 16:00:00,0.0,1684.6398847028213,-0.035859685866750625,4819.205324497555,-0.001308595547383987
2026-01-11 20:00:00,0.0,1684.6398847028213,-0.035859685866750625,4809.003940896488,0.0021168186275879624
2026-01-12 00:00:00,0.0,1684.6398847028213,-0.035859685866750625,4864.090767561358,-0.011454934814339282
2026-01-12 04:00:00,0.0,1684.6398847028213,-0.035859685866750625,4818.027227758815,0.00947012340101483
2026-01-12 08:00:00,0.0,1684.6398847028213,-0.035859685866750625,4786.323109574476,0.006580311128520961
2026-01-12 12:00:00,0.0,1684.6398847028213,-0.035859685866750625,4850.93569799161,-0.013499420523425025
2026-01-12 16:00:00,0.0,1684.6398847028213,-0.035859685866750625,4828.166003674168,0.0046938767559564975
2026-01-12 20:00:00,0.0,1684.6398847028213,-0.035859685866750625,4780.435135979693,0.009885921001505047
2026-01-13 00:00:00,0.0,1684.6398847028213,-0.035859685866750625,4786.651756276071,-0.0013004297976119128
2026-01-13 04:00:00,0.0,1684.6398847028213,-0.035859685866750625,4814.039723941691,-0.005721738087528453
2026-01-13 08:00:00,0.0,1684.6398847028213,-0.035859685866750625,4833.0120152764985,-0.003941033398717589
2026-01-13 12:00:00,0.0,1684.6398847028213,-0.035859685866750625,4937.15514952119,-0.02154828788248591
2026-01-13 16:00:00,0.0,1684.6398847028213,-0.035859685866750625,5001.6001083154415,-0.013053055219563252
2026-01-13 20:00:00,0.0006807047162029622,1685.786627017442,-0.03520339100783877,5082.968077656326,-0.015587682915508098
2026-01-14 00:00:00,0.005312717696928537,1694.7427354640429,-0.030077698989309568,5113.513183338262,-0.0006965873420320878
2026-01-14 04:00:00,-0.009352210746084166,1678.893144241588,-0.039148616755688384,5069.759563478382,-0.0007957411935179161
2026-01-14 08:00:00,-0.008863384503668525,1664.0124687636019,-0.04766501201626447,5007.3611695134505,0.003444574716811446
2026-01-14 12:00:00,0.014922753400369304,1688.8441164901008,-0.03345355183603956,5098.629288182337,-0.003304036235768519
2026-01-14 16:00:00,0.0004775276342128265,1689.6505862256026,-0.03299199919729095,5088.785475324227,0.0024082059208115425
2026-01-14 20:00:00,-0.0027580699190802305,1684.9904117699775,-0.035659074875814815,5081.4548487105085,-0.0013175244983180917
2026-01-15 00:00:00,-0.01364687812635923,1661.9955529764688,-0.048819317953245046,4966.513111154294,0.008972970121506645
2026-01-15 04:00:00,0.005271486114935664,1670.7567394570692,-0.04380518219504049,5015.600621200096,-0.0046122107458571125
2026-01-15 08:00:00,-0.0005118924748099829,1669.901491654903,-0.04429465112672713,5020.302553591877,-0.0014493539568720523
2026-01-15 12:00:00,-0.0015909488034333563,1667.2447638749031,-0.045815129407951946,4983.517340501537,0.0057363412747358945
2026-01-15 16:00:00,-0.0005464737525863184,1666.3336583723085,-0.04633656639484549,4910.931639139106,0.014018681017222399
2026-01-15 20:00:00,0.0,1666.3336583723085,-0.04633656639484549,4933.190145880933,-0.0045324407622439845
2026-01-16 00:00:00,0.0,1666.3336583723085,-0.04633656639484549,4910.836519302015,0.004531272040584741
2026-01-16 04:00:00,0.0,1666.3336583723085,-0.04633656639484549,4932.381262570533,-0.0043871839723915885
2026-01-16 08:00:00,0.0,1666.3336583723085,-0.04633656639484549,4927.868615684108,0.0009149022847583867
2026-01-16 12:00:00,0.0,1666.3336583723085,-0.04633656639484549,4844.721722882742,0.016872790101735084
2026-01-16 16:00:00,0.0,1666.3336583723085,-0.04633656639484549,4887.041492862691,-0.008735232362276262
2026-01-16 20:00:00,0.0,1666.3336583723085,-0.04633656639484549,4933.681112163539,-0.009543528404447579
2026-01-17 00:00:00,0.0,1666.3336583723085,-0.04633656639484549,4921.201933470278,0.002529384937849853
2026-01-17 04:00:00,0.0,1666.3336583723085,-0.04633656639484549,4918.972808808762,0.0004529634612948482
2026-01-17 08:00:00,0.0,1666.3336583723085,-0.04633656639484549,4931.977750633555,-0.0026438328346732242
2026-01-17 12:00:00,0.0,1666.3336583723085,-0.04633656639484549,4984.142373663422,-0.010576816374154705
2026-01-17 16:00:00,-0.0017792911673762957,1663.3687656120649,-0.04803341131890886,4966.0611940334475,0.0018484502321304114
2026-01-17 20:00:00,-0.0025066988428544823,1659.1992010520648,-0.05041970486519187,4944.747049946851,0.001785262785045998
2026-01-18 00:00:00,0.0014876949180995247,1661.6675832715848,-0.04900701908579235,4936.2100345056315,0.0032141766481025135
2026-01-18 04:00:00,-0.002683922132552752,1657.2077968678968,-0.05155941019517027,4918.134861088121,0.000977829148523116
2026-01-18 08:00:00,0.0009144280166411001,1658.723194106749,-0.050692129547733125,4921.642759061713,0.00020117023240546442
2026-01-18 12:00:00,0.0015605618159777457,1661.3117341867487,-0.04921067593349807,4921.042227822794,0.0016825802696359535
2026-01-18 16:00:00,-0.0002449016889891631,1660.9048761371089,-0.04944352584483481,4932.908242460805,-0.00265618248859732
2026-01-18 20:00:00,-0.008021203665188326,1647.5824198571088,-0.05706813291929669,4785.755035000705,0.02180971964156483
2026-01-19 00:00:00,-0.0003505286234518623,1647.0048950594528,-0.05739865752867338,4697.765269025837,0.018035236074355136
2026-01-19 04:00:00,0.0,1647.0048950594528,-0.05739865752867338,4689.148763889214,0.0018341710671317163
2026-01-19 08:00:00,0.0,1647.0048950594528,-0.05739865752867338,4715.688256973484,-0.005659767778887341
2026-01-19 12:00:00,0.0,1647.0048950594528,-0.05739865752867338,4707.553139790598,0.0017251176794514933
2026-01-19 16:00:00,0.0,1647.0048950594528,-0.05739865752867338,4736.938254391663,-0.006242120636448467
2026-01-19 20:00:00,0.0,1647.0048950594528,-0.05739865752867338,4705.569576316934,0.006622142065214102
2026-01-20 00:00:00,0.0,1647.0048950594528,-0.05739865752867338,4694.670375614007,0.0023162340979470597
2026-01-20 04:00:00,0.0,1647.0048950594528,-0.05739865752867338,4633.078153340823,0.013119605285414464
2026-01-20 08:00:00,0.0,1647.0048950594528,-0.05739865752867338,4590.71781118799,0.009143023439457356
2026-01-20 12:00:00,0.0,1647.0048950594528,-0.05739865752867338,4556.342541869282,0.007487994412318637
2026-01-20 16:00:00,0.0,1647.0048950594528,-0.05739865752867338,4502.802373323244,0.011750689956702174
2026-01-20 20:00:00,0.0,1647.0048950594528,-0.05739865752867338,4453.1820543142085,0.011019874934554206
2026-01-21 00:00:00,0.0,1647.0048950594528,-0.05739865752867338,4505.1107471095775,-0.011661030733082509
2026-01-21 04:00:00,0.0,1647.0048950594528,-0.05739865752867338,4499.21958214551,0.0013076626291256435
2026-01-21 08:00:00,0.0,1647.0048950594528,-0.05739865752867338,4460.992074882941,0.00849647512521255
2026-01-21 12:00:00,0.0,1647.0048950594528,-0.05739865752867338,4570.115662080862,-0.024461730791302903
2026-01-21 16:00:00,0.0,1647.0048950594528,-0.05739865752867338,4609.565451322314,-0.008632120532260193
2026-01-21 20:00:00,0.0,1647.0048950594528,-0.05739865752867338,4552.412753805948,0.012398716998360608
2026-01-22 00:00:00,0.0,1647.0048950594528,-0.05739865752867338,4570.239831192187,-0.0039159624468001475
2026-01-22 04:00:00,0.0,1647.0048950594528,-0.05739865752867338,4560.830016723155,0.0020589323135320786
2026-01-22 08:00:00,0.0,1647.0048950594528,-0.05739865752867338,4558.053570514101,0.000608758975641055
2026-01-22 12:00:00,0.0,1647.0048950594528,-0.05739865752867338,4492.127771089831,0.014463585915431414
2026-01-22 16:00:00,0.0,1647.0048950594528,-0.05739865752867338,4524.432799229163,-0.007191475796222495
2026-01-22 20:00:00,0.0,1647.0048950594528,-0.05739865752867338,4513.755011987773,0.0023600278123720848
2026-01-23 00:00:00,0.0,1647.0048950594528,-0.05739865752867338,4528.223537602662,-0.003205429974923774
2026-01-23 04:00:00,0.0,1647.0048950594528,-0.05739865752867338,4509.2626725457285,0.004187263481910976
2026-01-23 08:00:00,0.0,1647.0048950594528,-0.05739865752867338,4501.365098524847,0.0017514113934780243
2026-01-23 12:00:00,0.0,1647.0048950594528,-0.05739865752867338,4518.488055415276,-0.003803947583820871
2026-01-23 16:00:00,0.0,1647.0048950594528,-0.05739865752867338,4522.622616086175,-0.0009150318912414246
2026-01-23 20:00:00,0.0,1647.0048950594528,-0.05739865752867338,4508.6898596275905,0.003080680755681036
2026-01-24 00:00:00,0.0,1647.0048950594528,-0.05739865752867338,4519.826629307639,-0.002470067808338694
2026-01-24 04:00:00,0.0,1647.0048950594528,-0.05739865752867338,4505.932323421863,0.0030740793896125557
2026-01-24 08:00:00,0.0,1647.0048950594528,-0.05739865752867338,4507.307750531171,-0.0003052480620178472
2026-01-24 12:00:00,0.0,1647.0048950594528,-0.05739865752867338,4490.505855593182,0.0037277008511365428
2026-01-24 16:00:00,0.0,1647.0048950594528,-0.05739865752867338,4493.921228588406,-0.0007605764484129544
2026-01-24 20:00:00,0.0,1647.0048950594528,-0.05739865752867338,4491.560293168999,0.0005253619944177405
2026-01-25 00:00:00,0.0,1647.0048950594528,-0.05739865752867338,4464.545107876155,0.006014654937156154
2026-01-25 04:00:00,0.0,1647.0048950594528,-0.05739865752867338,4457.780094801797,0.0015152748848756836
2026-01-25 08:00:00,0.0,1647.0048950594528,-0.05739865752867338,4464.358205505805,-0.0014756471975096044
2026-01-25 12:00:00,0.0,1647.0048950594528,-0.05739865752867338,4435.022001709066,0.0065712029470572164
2026-01-25 16:00:00,0.0,1647.0048950594528,-0.05739865752867338,4259.465504559682,0.03958413218282381
2026-01-25 20:00:00,0.0,1647.0048950594528,-0.05739865752867338,4295.634540794931,-0.008491449501476542
2026-01-26 00:00:00,0.0,1647.0048950594528,-0.05739865752867338,4347.250406519441,-0.012015888510608213
2026-01-26 04:00:00,0.0,1647.0048950594528,-0.05739865752867338,4393.674418735345,-0.010678936770305101
2026-01-26 08:00:00,0.0,1647.0048950594528,-0.05739865752867338,4387.101447869105,0.0014960077237884712
2026-01-26 12:00:00,0.0,1647.0048950594528,-0.05739865752867338,4417.2156425334915,-0.0068642576476123695
2026-01-26 16:00:00,0.0,1647.0048950594528,-0.05739865752867338,4421.433453733347,-0.0009548574353585502
2026-01-26 20:00:00,0.0,1647.0048950594528,-0.05739865752867338,4428.363695895401,-0.0015674197598071046
2026-01-27 00:00:00,0.0,1647.0048950594528,-0.05739865752867338,4445.914649908137,-0.003963304556263861
2026-01-27 04:00:00,0.0,1647.0048950594528,-0.05739865752867338,4432.6081272292595,0.0029929775370638617
2026-01-27 08:00:00,0.0,1647.0048950594528,-0.05739865752867338,4413.168270889119,0.004385647407160013
2026-01-27 12:00:00,0.0,1647.0048950594528,-0.05739865752867338,4431.684176357028,-0.0041956037774599775
2026-01-27 16:00:00,0.0,1647.0048950594528,-0.05739865752867338,4471.55262763865,-0.00899623025808546
2026-01-27 20:00:00,0.0,1647.0048950594528,-0.05739865752867338,4526.398544368306,-0.012265519674453471
2026-01-28 00:00:00,0.0,1647.0048950594528,-0.05739865752867338,4502.541402420618,0.0052706675547540115
2026-01-28 04:00:00,0.0,1647.0048950594528,-0.05739865752867338,4515.721198370221,-0.0029271903957433587
2026-01-28 08:00:00,0.0,1647.0048950594528,-0.05739865752867338,4567.577828992116,-0.01148357667444382
2026-01-28 12:00:00,0.0,1647.0048950594528,-0.05739865752867338,4506.197709440008,0.013438220836108366
2026-01-28 16:00:00,0.0,1647.0048950594528,-0.05739865752867338,4516.146594336083,-0.002207822545209697
2026-01-28 20:00:00,0.0,1647.0048950594528,-0.05739865752867338,4507.56955410374,0.0018991943802487063
2026-01-29 00:00:00,0.0,1647.0048950594528,-0.05739865752867338,4430.375186122124,0.01712549680156063
2026-01-29 04:00:00,0.0,1647.0048950594528,-0.05739865752867338,4448.078045975776,-0.003995792480308331
2026-01-29 08:00:00,0.0,1647.0048950594528,-0.05739865752867338,4403.718745068152,0.009972689428809673
2026-01-29 12:00:00,0.0,1647.0048950594528,-0.05739865752867338,4230.628224003169,0.03930553495470922
2026-01-29 16:00:00,0.0,1647.0048950594528,-0.05739865752867338,4201.80530688992,0.006812916566319105
2026-01-29 20:00:00,0.0,1647.0048950594528,-0.05739865752867338,4238.25489478698,-0.00867474460020604
2026-01-30 00:00:00,0.0,1647.0048950594528,-0.05739865752867338,4129.203934718233,0.025730156108090263
2026-01-30 04:00:00,0.0,1647.0048950594528,-0.05739865752867338,4144.703532553739,-0.0037536527816380678
2026-01-30 08:00:00,0.0,1647.0048950594528,-0.05739865752867338,4165.091324845441,-0.0049189989420401125
2026-01-30 12:00:00,0.0,1647.0048950594528,-0.05739865752867338,4149.262451719007,0.0038003664006145093
2026-01-30 16:00:00,0.0,1647.0048950594528,-0.05739865752867338,4185.527562009127,-0.008740134111086524
2026-01-30 20:00:00,0.0,1647.0048950594528,-0.05739865752867338,4143.864504615411,0.0099540755081583
2026-01-31 00:00:00,0.0,1647.0048950594528,-0.05739865752867338,4137.061684032918,0.0016416609604190352
2026-01-31 04:00:00,0.0,1647.0048950594528,-0.05739865752867338,4091.8490587706124,0.010928680477935397
2026-01-31 08:00:00,0.0,1647.0048950594528,-0.05739865752867338,4052.544989956753,0.009605454221145513
2026-01-31 12:00:00,0.0,1647.0048950594528,-0.05739865752867338,3883.864177370031,0.0416234275016703
2026-01-31 16:00:00,0.0,1647.0048950594528,-0.05739865752867338,3713.333207364973,0.043907552431592424
2026-01-31 20:00:00,0.0,1647.0048950594528,-0.05739865752867338,3814.5787900077157,-0.027265418153677525
2026-02-01 00:00:00,0.0,1647.0048950594528,-0.05739865752867338,3828.102996982222,-0.003545399824990644
2026-02-01 04:00:00,0.0,1647.0048950594528,-0.05739865752867338,3811.156295471413,0.00442691890060652
2026-02-01 08:00:00,0.0,1647.0048950594528,-0.05739865752867338,3802.85614261633,0.0021778568527733694
2026-02-01 12:00:00,0.0,1647.0048950594528,-0.05739865752867338,3695.103627283425,0.02833462831406825
2026-02-01 16:00:00,0.0,1647.0048950594528,-0.05739865752867338,3698.4648913749215,-0.0009096535389909891
2026-02-01 20:00:00,0.0,1647.0048950594528,-0.05739865752867338,3676.6341863223283,0.0059026395257946495
2026-02-02 00:00:00,0.0,1647.0048950594528,-0.05739865752867338,3651.4297109266404,0.006855312255282956
2026-02-02 04:00:00,0.0,1647.0048950594528,-0.05739865752867338,3656.297606317165,-0.00133314777385894
2026-02-02 08:00:00,0.0,1647.0048950594528,-0.05739865752867338,3724.5239357051632,-0.01865994969067069
2026-02-02 12:00:00,0.0,1647.0048950594528,-0.05739865752867338,3810.3299038002233,-0.023038103547269793
2026-02-02 16:00:00,0.0,1647.0048950594528,-0.05739865752867338,3774.8846824364587,0.009302402222026369
2026-02-02 20:00:00,0.0,1647.0048950594528,-0.05739865752867338,3783.2094577954717,-0.0022053058727187053
2026-02-03 00:00:00,0.0,1647.0048950594528,-0.05739865752867338,3777.6865840346823,0.001459838220009026
2026-02-03 04:00:00,0.0,1647.0048950594528,-0.05739865752867338,3784.657903740598,-0.0018453938808418962
2026-02-03 08:00:00,0.0,1647.0048950594528,-0.05739865752867338,3738.96134667138,0.012074157884667322
2026-02-03 12:00:00,0.0,1647.0048950594528,-0.05739865752867338,3769.350400687134,-0.008127672687177814
2026-02-03 16:00:00,0.0,1647.0048950594528,-0.05739865752867338,3654.946448690282,0.0303511055846643
2026-02-03 20:00:00,0.0,1647.0048950594528,-0.05739865752867338,3650.885459462753,0.0011110940432477179
2026-02-04 00:00:00,0.0,1647.0048950594528,-0.05739865752867338,3713.1611338268453,-0.017057690539888037
2026-02-04 04:00:00,0.0,1647.0048950594528,-0.05739865752867338,3709.5027591065764,0.000985245344442855
2026-02-04 08:00:00,0.0,1647.0048950594528,-0.05739865752867338,3663.8836997383646,0.012297890669098381
2026-02-04 12:00:00,0.0,1647.0048950594528,-0.05739865752867338,3547.709967921214,0.03170781098358747
2026-02-04 16:00:00,0.0,1647.0048950594528,-0.05739865752867338,3576.725256864798,-0.008178596673895058
2026-02-04 20:00:00,0.0,1647.0048950594528,-0.05739865752867338,3499.8699227725942,0.02148762585124356
2026-02-05 00:00:00,0.0,1647.0048950594528,-0.05739865752867338,3436.0384706472264,0.018238235572709698
2026-02-05 04:00:00,0.0,1647.0048950594528,-0.05739865752867338,3407.5710961343666,0.008284940566307877
2026-02-05 08:00:00,0.0,1647.0048950594528,-0.05739865752867338,3345.465410200095,0.01822579314771327
2026-02-05 12:00:00,0.0,1647.0048950594528,-0.05739865752867338,3191.099587136191,0.046141808130268816
2026-02-05 16:00:00,0.0,1647.0048950594528,-0.05739865752867338,3087.978407643562,0.03231524954856516
2026-02-05 20:00:00,0.0,1647.0048950594528,-0.05739865752867338,2975.3196678104027,0.03648300763836276
2026-02-06 00:00:00,0.0,1647.0048950594528,-0.05739865752867338,3017.1166105113984,-0.014047883040330571
2026-02-06 04:00:00,0.0,1647.0048950594528,-0.05739865752867338,3065.560688677023,-0.016056415584617963
2026-02-06 08:00:00,0.0,1647.0048950594528,-0.05739865752867338,3162.601763484121,-0.03165524504718805
2026-02-06 12:00:00,0.0,1647.0048950594528,-0.05739865752867338,3300.878296323835,-0.04372239794345156
2026-02-06 16:00:00,0.0,1647.0048950594528,-0.05739865752867338,3356.4638185056265,-0.016839615760355958
2026-02-06 20:00:00,0.0,1647.0048950594528,-0.05739865752867338,3358.788988714658,-0.0006927440111855912
2026-02-07 00:00:00,0.0,1647.0048950594528,-0.05739865752867338,3371.3017310342043,-0.003725373151331907
2026-02-07 04:00:00,0.0,1647.0048950594528,-0.05739865752867338,3261.1733196037208,0.03266643576180285
2026-02-07 08:00:00,0.0,1647.0048950594528,-0.05739865752867338,3245.054084005765,0.0049427718241955255
2026-02-07 12:00:00,0.0,1647.0048950594528,-0.05739865752867338,3299.667566481788,-0.016829760325167475
2026-02-07 16:00:00,0.0,1647.0048950594528,-0.05739865752867338,3339.947300692493,-0.012207209786788369
2026-02-07 20:00:00,0.0,1647.0048950594528,-0.05739865752867338,3323.717442713564,0.004859315587274086
2026-02-08 00:00:00,0.0,1647.0048950594528,-0.05739865752867338,3302.057625323493,0.006516744507736443
2026-02-08 04:00:00,0.0,1647.0048950594528,-0.05739865752867338,3315.2512872529514,-0.003995588032224757
2026-02-08 08:00:00,0.0,1647.0048950594528,-0.05739865752867338,3364.619054886644,-0.014891108804786566
2026-02-08 12:00:00,0.0,1647.0048950594528,-0.05739865752867338,3343.9714311900448,0.006136689877747514
2026-02-08 16:00:00,0.0,1647.0048950594528,-0.05739865752867338,3364.816273864834,-0.006233558839756752
2026-02-08 20:00:00,0.0,1647.0048950594528,-0.05739865752867338,3314.3518919109188,0.014997663422482084
2026-02-09 00:00:00,0.0,1647.0048950594528,-0.05739865752867338,3349.0426912511166,-0.010466842529565186
2026-02-09 04:00:00,0.0,1647.0048950594528,-0.05739865752867338,3289.878731376132,0.017665931828681068
2026-02-09 08:00:00,0.0,1647.0048950594528,-0.05739865752867338,3215.693976937123,0.022549388745395454
2026-02-09 12:00:00,0.0,1647.0048950594528,-0.05739865752867338,3284.080782779064,-0.021266577706837136
2026-02-09 16:00:00,0.0,1647.0048950594528,-0.05739865752867338,3346.100775812509,-0.018885038808625687
2026-02-09 20:00:00,0.0,1647.0048950594528,-0.05739865752867338,3313.6905758202497,0.009685960514560246
2026-02-10 00:00:00,0.0,1647.0048950594528,-0.05739865752867338,3278.3258896353536,0.010672295851323454
2026-02-10 04:00:00,0.0,1647.0048950594528,-0.05739865752867338,3238.578869808813,0.012124182026016141
2026-02-10 08:00:00,0.0,1647.0048950594528,-0.05739865752867338,3220.5759044183114,0.00555890905061215
2026-02-10 12:00:00,0.0,1647.0048950594528,-0.05739865752867338,3228.1073456847575,-0.002338538662018021
2026-02-10 16:00:00,0.0,1647.0048950594528,-0.05739865752867338,3210.209195243881,0.005544471891494572
2026-02-10 20:00:00,0.0,1647.0048950594528,-0.05739865752867338,3211.9170557993966,-0.0005320091158065944
2026-02-11 00:00:00,0.0,1647.0048950594528,-0.05739865752867338,3213.321397739896,-0.0004372285822148912
2026-02-11 04:00:00,0.0,1647.0048950594528,-0.05739865752867338,3127.356749025925,0.02675258340931424
2026-02-11 08:00:00,0.0,1647.0048950594528,-0.05739865752867338,3127.5270872421142,-5.4467152249945295e-05
2026-02-11 12:00:00,0.0,1647.0048950594528,-0.05739865752867338,3094.93917693875,0.010419705215758968
2026-02-11 16:00:00,0.0,1647.0048950594528,-0.05739865752867338,3144.76673937271,-0.016099690360715187
2026-02-11 20:00:00,0.0,1647.0048950594528,-0.05739865752867338,3125.3956484820724,0.006159786240458051
2026-02-12 00:00:00,0.0,1647.0048950594528,-0.05739865752867338,3162.465320366202,-0.01186079333736004
2026-02-12 04:00:00,0.0,1647.0048950594528,-0.05739865752867338,3171.6617700777474,-0.002908000177051887
2026-02-12 08:00:00,0.0,1647.0048950594528,-0.05739865752867338,3209.7391306530876,-0.012005492179075252
2026-02-12 12:00:00,0.0,1647.0048950594528,-0.05739865752867338,3155.34312640508,0.016947172973817346
2026-02-12 16:00:00,0.0,1647.0048950594528,-0.05739865752867338,3119.3674803925583,0.011401500430005302
2026-02-12 20:00:00,0.0,1647.0048950594528,-0.05739865752867338,3147.4641987178584,-0.009007184469899026
2026-02-13 00:00:00,0.0,1647.0048950594528,-0.05739865752867338,3146.6888075844245,0.0002463542345452842
2026-02-13 04:00:00,0.0,1647.0048950594528,-0.05739865752867338,3125.6254116766977,0.006693828718288909
2026-02-13 08:00:00,0.0,1647.0048950594528,-0.05739865752867338,3157.680285155396,-0.010255507060746405
2026-02-13 12:00:00,0.0,1647.0048950594528,-0.05739865752867338,3240.0558988706057,-0.026087382596162913
2026-02-13 16:00:00,0.0,1647.0048950594528,-0.05739865752867338,3273.047091843792,-0.010182291294630299
2026-02-13 20:00:00,0.0,1647.0048950594528,-0.05739865752867338,3266.320518124826,0.002055141136138091
2026-02-14 00:00:00,0.0,1647.0048950594528,-0.05739865752867338,3285.2729526482353,-0.005802380512947998
2026-02-14 04:00:00,0.0,1647.0048950594528,-0.05739865752867338,3291.2196550503027,-0.0018101090800611206
2026-02-14 08:00:00,0.0,1647.0048950594528,-0.05739865752867338,3367.6723410847944,-0.023229287026521255
2026-02-14 12:00:00,0.0,1647.0048950594528,-0.05739865752867338,3366.339634865625,0.00039573512034126894
2026-02-14 16:00:00,0.0,1647.0048950594528,-0.05739865752867338,3412.8019749433747,-0.013802035776941042
2026-02-14 20:00:00,-0.0030552652521155244,1641.9728582335135,-0.06027855465692343,3407.13608796788,-0.0013950789837374109
2026-02-15 00:00:00,0.0019122873913508531,1645.1127822272538,-0.05848153718561189,3415.238494304271,-0.00046578208612150064
2026-02-15 04:00:00,0.0027136076961706834,1649.5769729341746,-0.05592662543883187,3495.629919096804,-0.02082542916072949
2026-02-15 08:00:00,-0.0212314895819109,1614.5539966187625,-0.07597070945538678,3415.1329520790246,0.0017963963444624607
2026-02-15 12:00:00,-0.005331360136435315,1605.946227803067,-0.08089704237989497,3349.433344867578,0.013906428884765405
2026-02-15 16:00:00,-0.00010467064953478822,1605.7781323682848,-0.08099324548345842,3267.724796917401,0.024290067067930497
2026-02-15 20:00:00,0.0,1605.7781323682848,-0.08099324548345842,3301.4123887089518,-0.010309188773586473
2026-02-16 00:00:00,0.0,1605.7781323682848,-0.08099324548345842,3280.265272749846,0.006405475435734617
2026-02-16 04:00:00,0.0,1605.7781323682848,-0.08099324548345842,3284.5296542774263,-0.0013000111798901562
2026-02-16 08:00:00,0.0,1605.7781323682848,-0.08099324548345842,3306.3882261668437,-0.006655008232594366
2026-02-16 12:00:00,0.0,1605.7781323682848,-0.08099324548345842,3252.940809077913,0.016164894571649633
2026-02-16 16:00:00,0.0,1605.7781323682848,-0.08099324548345842,3283.3940585967816,-0.00936175949893817
2026-02-16 20:00:00,0.0,1605.7781323682848,-0.08099324548345842,3329.448204521668,-0.014026384010869546
2026-02-17 00:00:00,0.0,1605.7781323682848,-0.08099324548345842,3320.5752255519055,0.002664999851240294
2026-02-17 04:00:00,0.0,1605.7781323682848,-0.08099324548345842,3313.3038843151726,0.0021897836196511805
2026-02-17 08:00:00,0.0,1605.7781323682848,-0.08099324548345842,3273.1759087346195,0.012111166672792726
2026-02-17 12:00:00,0.0,1605.7781323682848,-0.08099324548345842,3262.0240154420408,0.003407055900301389
2026-02-17 16:00:00,0.0,1605.7781323682848,-0.08099324548345842,3298.733675541102,-0.011253644953342403
2026-02-17 20:00:00,0.0,1605.7781323682848,-0.08099324548345842,3285.4627095786514,0.004023048620399483
2026-02-18 00:00:00,0.0,1605.7781323682848,-0.08099324548345842,3293.3348902751904,-0.0023960645401904313
2026-02-18 04:00:00,0.0,1605.7781323682848,-0.08099324548345842,3308.0427403421536,-0.004465944265307823
2026-02-18 08:00:00,0.0,1605.7781323682848,-0.08099324548345842,3259.395244486767,0.014705824462943615
2026-02-18 12:00:00,0.0,1605.7781323682848,-0.08099324548345842,3278.7673245248525,-0.005943458397950836
2026-02-18 16:00:00,0.0,1605.7781323682848,-0.08099324548345842,3188.7322648248623,0.02746003323460525
2026-02-18 20:00:00,0.0,1605.7781323682848,-0.08099324548345842,3197.135630396228,-0.002635331182885265
2026-02-19 00:00:00,0.0,1605.7781323682848,-0.08099324548345842,3215.3819781962525,-0.005707092194197294
2026-02-19 04:00:00,0.0,1605.7781323682848,-0.08099324548345842,3227.63563788159,-0.00381094991774879
2026-02-19 08:00:00,0.0,1605.7781323682848,-0.08099324548345842,3183.586281125104,0.013647561775404382
2026-02-19 12:00:00,0.0,1605.7781323682848,-0.08099324548345842,3166.1483530930045,0.005477447913218437
2026-02-19 16:00:00,0.0,1605.7781323682848,-0.08099324548345842,3197.0088367789913,-0.009747011271862727
2026-02-19 20:00:00,0.0,1605.7781323682848,-0.08099324548345842,3203.2837699648076,-0.0019627512797675112
2026-02-20 00:00:00,0.0,1605.7781323682848,-0.08099324548345842,3215.156464737748,-0.0037064136759484357
2026-02-20 04:00:00,0.0,1605.7781323682848,-0.08099324548345842,3240.0871108089227,-0.00775410041302855
2026-02-20 08:00:00,0.0,1605.7781323682848,-0.08099324548345842,3227.796314806931,0.0037933535678685054
2026-02-20 12:00:00,0.0,1605.7781323682848,-0.08099324548345842,3275.7154579494954,-0.014845776644190225
2026-02-20 16:00:00,0.0,1605.7781323682848,-0.08099324548345842,3272.0653286363495,0.0011142998712808977
2026-02-20 20:00:00,0.0,1605.7781323682848,-0.08099324548345842,3281.7174112833313,-0.0029498441129853464
2026-02-21 00:00:00,0.0,1605.7781323682848,-0.08099324548345842,3270.1223222530634,0.0035332381119718465
2026-02-21 04:00:00,0.0,1605.7781323682848,-0.08099324548345842,3270.4837749724593,-0.00011053186510350572
2026-02-21 08:00:00,0.0,1605.7781323682848,-0.08099324548345842,3299.08569162791,-0.008745469668532988
2026-02-21 12:00:00,0.0,1605.7781323682848,-0.08099324548345842,3311.3236083539605,-0.0037094873761861808
2026-02-21 16:00:00,0.0,1605.7781323682848,-0.08099324548345842,3301.4555754137077,0.0029800871516626947
2026-02-21 20:00:00,0.0,1605.7781323682848,-0.08099324548345842,3274.8613637454955,0.008055298961543571
2026-02-22 00:00:00,0.0,1605.7781323682848,-0.08099324548345842,3261.5341504679627,0.004069550370917211
2026-02-22 04:00:00,0.0,1605.7781323682848,-0.08099324548345842,3258.515304264661,0.0009255908612419825
2026-02-22 08:00:00,0.0,1605.7781323682848,-0.08099324548345842,3263.304769780907,-0.001469830603519795
2026-02-22 12:00:00,0.0,1605.7781323682848,-0.08099324548345842,3213.6658408864087,0.015211245162930756
2026-02-22 16:00:00,0.0,1605.7781323682848,-0.08099324548345842,3197.851700946673,0.004920903641734428
2026-02-22 20:00:00,0.0,1605.7781323682848,-0.08099324548345842,3208.8241098062817,-0.00343118126971317
2026-02-23 00:00:00,0.0,1605.7781323682848,-0.08099324548345842,3062.6587725746335,0.04555105927587677
2026-02-23 04:00:00,0.0,1605.7781323682848,-0.08099324548345842,3119.0556008632084,-0.01841433619494112
2026-02-23 08:00:00,0.0,1605.7781323682848,-0.08099324548345842,3156.9281234792106,-0.012142304422377372
2026-02-23 12:00:00,0.0,1605.7781323682848,-0.08099324548345842,3123.7866986829795,0.01049799789540554
2026-02-23 16:00:00,0.0,1605.7781323682848,-0.08099324548345842,3066.855262728126,0.018225135531455026
2026-02-23 20:00:00,0.0,1605.7781323682848,-0.08099324548345842,3068.2224900823044,-0.0004458075902031527
2026-02-24 00:00:00,0.0,1605.7781323682848,-0.08099324548345842,3032.2831456226427,0.011713408846924131
2026-02-24 04:00:00,0.0,1605.7781323682848,-0.08099324548345842,3018.9892610304264,0.0043841171664351485
2026-02-24 08:00:00,0.0,1605.7781323682848,-0.08099324548345842,3022.053214547778,-0.001014893811283803
2026-02-24 12:00:00,0.0,1605.7781323682848,-0.08099324548345842,3045.177498938778,-0.007651845533256136
2026-02-24 16:00:00,0.0,1605.7781323682848,-0.08099324548345842,3060.7351459402794,-0.005108945868318988
2026-02-24 20:00:00,0.0,1605.7781323682848,-0.08099324548345842,3049.001565515316,0.003833582412554112
2026-02-25 00:00:00,0.0,1605.7781323682848,-0.08099324548345842,3124.7763422244816,-0.02485232463183678
2026-02-25 04:00:00,0.0,1605.7781323682848,-0.08099324548345842,3125.12539342258,-0.00011170437812851082
2026-02-25 08:00:00,0.0,1605.7781323682848,-0.08099324548345842,3183.8640616298985,-0.018795619635277587
2026-02-25 12:00:00,0.0,1605.7781323682848,-0.08099324548345842,3324.0759054207797,-0.04403826327908728
2026-02-25 16:00:00,0.0,1605.7781323682848,-0.08099324548345842,3415.872273685599,-0.02761560532210496
2026-02-25 20:00:00,-0.016981768554054533,1578.5091797752445,-0.09659960548827119,3364.054094797893,-0.0018119452304804964
2026-02-26 00:00:00,-0.003742565518417673,1572.601505748512,-0.0999806406540957,3359.9744592817624,-0.0025298515128850635
2026-02-26 04:00:00,-0.0070661278195024435,1561.489302499751,-0.1063402924872606,3338.8478363386207,-0.0007783946241562978
2026-02-26 08:00:00,-0.004096277038148077,1555.0930097246073,-0.11000097022706315,3327.5878749324097,-0.000723867764606962
2026-02-26 12:00:00,-0.004323990364888397,1548.3688025340527,-0.1138493174565614,3318.1071794983545,-0.0014748708854372167
2026-02-26 16:00:00,-0.000636874464586823,1547.382685981956,-0.11441368419804947,3309.3266989187114,0.0020093572888342077
2026-02-26 20:00:00,-0.00019739983666611227,1547.0772328924832,-0.11458849879214253,3302.2140227289433,0.0019518821281795068
2026-02-27 00:00:00,0.0,1547.0772328924832,-0.11458849879214253,3331.08485919381,-0.008742872589768786
2026-02-27 04:00:00,0.0,1547.0772328924832,-0.11458849879214253,3327.315124793328,0.0011316836885971102
2026-02-27 08:00:00,0.0,1547.0772328924832,-0.11458849879214253,3227.6291240288024,0.029959891692169487
2026-02-27 12:00:00,0.0,1547.0772328924832,-0.11458849879214253,3207.73452962488,0.006163841519402699
2026-02-27 16:00:00,0.0,1547.0772328924832,-0.11458849879214253,3170.1526515773794,0.011716018797819647
2026-02-27 20:00:00,0.0,1547.0772328924832,-0.11458849879214253,3187.806682865616,-0.005568826876350075
2026-02-28 00:00:00,0.0,1547.0772328924832,-0.11458849879214253,3181.322478018261,0.002034064638300676
2026-02-28 04:00:00,0.0,1547.0772328924832,-0.11458849879214253,3074.121661514923,0.03369693492063608
2026-02-28 08:00:00,0.0,1547.0772328924832,-0.11458849879214253,3056.549500500089,0.005716156661859095
2026-02-28 12:00:00,0.0,1547.0772328924832,-0.11458849879214253,3118.2288874951187,-0.02017941701416521
2026-02-28 16:00:00,0.0,1547.0772328924832,-0.11458849879214253,3192.065199522362,-0.023678926304398544
2026-02-28 20:00:00,0.0,1547.0772328924832,-0.11458849879214253,3242.9960844878524,-0.015955465124306217
2026-03-01 00:00:00,0.0,1547.0772328924832,-0.11458849879214253,3318.084338090292,-0.023153976029020633
2026-03-01 04:00:00,0.0,1547.0772328924832,-0.11458849879214253,3286.1993498834972,0.009609456830487306
2026-03-01 08:00:00,0.0,1547.0772328924832,-0.11458849879214253,3246.114121154181,0.012198051445277556
2026-03-01 12:00:00,0.0,1547.0772328924832,-0.11458849879214253,3261.4542246100646,-0.004725682118171878
2026-03-01 16:00:00,0.0,1547.0772328924832,-0.11458849879214253,3200.5901017115284,0.018661651737826364
2026-03-01 20:00:00,0.0,1547.0772328924832,-0.11458849879214253,3199.179338763893,0.0004407821379192521
2026-03-02 00:00:00,0.0,1547.0772328924832,-0.11458849879214253,3242.6895484040847,-0.013600428432687859
2026-03-02 04:00:00,0.0,1547.0772328924832,-0.11458849879214253,3184.6994270226724,0.017883340515885186
2026-03-02 08:00:00,0.0,1547.0772328924832,-0.11458849879214253,3204.0035527312502,-0.0060615220214439115
2026-03-02 12:00:00,0.0,1547.0772328924832,-0.11458849879214253,3344.3049418414253,-0.04378939873227534
2026-03-02 16:00:00,-0.004575814947778256,1539.9980937648463,-0.11863997797430423,3319.095899590406,0.002962086855260908
2026-03-02 20:00:00,0.0005781139233904664,1540.8883881048464,-0.11813045147405153,3297.6216973837572,0.007048008996111609
2026-03-03 00:00:00,-0.0009807099309383505,1539.3772235601643,-0.11899530969808308,3274.3818983145648,0.006066732499353141
2026-03-03 04:00:00,-0.00104779363314067,1537.7642739063162,-0.11991842080334848,3251.3192981318975,0.005995551003762668
2026-03-03 08:00:00,-0.003028525889804734,1533.1071149903742,-0.1225837706510858,3206.54143133598,0.010743688614518179
2026-03-03 12:00:00,-0.00019881702468094176,1532.8023071952546,-0.12275821593521173,3233.3631308880554,-0.008563499074305916
2026-03-03 16:00:00,0.0,1532.8023071952546,-0.12275821593521173,3241.3804311014974,-0.002479554534674363
2026-03-03 20:00:00,0.0,1532.8023071952546,-0.12275821593521173,3248.0621666949028,-0.002061385800103177
2026-03-04 00:00:00,0.0,1532.8023071952546,-0.12275821593521173,3227.0293562303104,0.006475495044478895
2026-03-04 04:00:00,0.0,1532.8023071952546,-0.12275821593521173,3278.0472782449206,-0.01580956241259817
2026-03-04 08:00:00,0.0,1532.8023071952546,-0.12275821593521173,3341.2491178006926,-0.01928033191443495
2026-03-04 12:00:00,0.007311333926296015,1544.009136706156,-0.11634440831781448,3468.301879823353,-0.03071419411523186
2026-03-04 16:00:00,0.0033756917030658418,1549.2212355383926,-0.11336145946860524,3476.0609074750846,0.0011385658932079163
2026-03-04 20:00:00,-0.013249291333698232,1528.6951520483926,-0.12510879179979065,3414.599073233848,0.0044321693418229065
2026-03-05 00:00:00,-0.004226724576382734,1522.2337786794326,-0.12880671597115165,3394.39584970608,0.0016899945155118045
2026-03-05 04:00:00,-0.0042339503107377,1515.7887164991773,-0.1324953050467782,3376.5499793650747,0.0010235008326080807
2026-03-05 08:00:00,0.01224743625588176,1534.3532421818857,-0.12187059659366058,3420.9593136670014,-0.00090484479232519
2026-03-05 12:00:00,-0.014914269257487844,1511.4694847918856,-0.13496725495897985,3369.828638701547,3.202804607359104e-05
2026-03-05 16:00:00,-0.007059019933778554,1500.7999915694418,-0.14107353834959555,3347.8739623800443,-0.0005439479003346926
2026-03-05 20:00:00,-0.00043446278212055933,1500.147949829698,-0.1414467099297611,3344.1535610921533,0.0006768100225600529
2026-03-06 00:00:00,0.000702900031800624,1501.202403871339,-0.14084323279486827,3352.1807582114693,-0.0016974673474697516
2026-03-06 04:00:00,-0.0008983312520729481,1499.8538268362543,-0.1416150401692786,3355.4944684420584,-0.0018868549832206888
2026-03-06 08:00:00,-0.00664859766730419,1489.8819021818535,-0.14732209641085808,3304.06811134019,0.008677416899408914
2026-03-06 12:00:00,-0.0003197823616064577,1489.4054642286592,-0.14759476776455743,3210.4401566910597,0.0280173921439012
2026-03-06 16:00:00,0.0,1489.4054642286592,-0.14759476776455743,3218.9010871357955,-0.0026354425037644624
2026-03-06 20:00:00,0.0,1489.4054642286592,-0.14759476776455743,3215.6183850192688,0.0010198207486543337
2026-03-07 00:00:00,0.0,1489.4054642286592,-0.14759476776455743,3216.1380298101135,-0.0001616002673905064
2026-03-07 04:00:00,0.0,1489.4054642286592,-0.14759476776455743,3213.306460680643,0.0008804252501680868
2026-03-07 08:00:00,0.0,1489.4054642286592,-0.14759476776455743,3220.011086931542,-0.0020865193945676574
2026-03-07 12:00:00,0.0,1489.4054642286592,-0.14759476776455743,3196.552801749568,0.007285156649671253
2026-03-07 16:00:00,0.0,1489.4054642286592,-0.14759476776455743,3167.1832112993425,0.0091878946702055
2026-03-07 20:00:00,0.0,1489.4054642286592,-0.14759476776455743,3179.140663815063,-0.003775421792165406
2026-03-08 00:00:00,0.0,1489.4054642286592,-0.14759476776455743,3155.2138822189686,0.007526178966671214
2026-03-08 04:00:00,0.0,1489.4054642286592,-0.14759476776455743,3171.0854292833387,-0.005030260279283613
2026-03-08 08:00:00,0.0,1489.4054642286592,-0.14759476776455743,3175.4874200326994,-0.0013881652978220732
2026-03-08 12:00:00,0.0,1489.4054642286592,-0.14759476776455743,3149.681056972627,0.008126740763408944
2026-03-08 16:00:00,0.0,1489.4054642286592,-0.14759476776455743,3174.159978055178,-0.007771872973728515
2026-03-08 20:00:00,0.0,1489.4054642286592,-0.14759476776455743,3128.7928675157086,0.014292635170602197
2026-03-09 00:00:00,0.0,1489.4054642286592,-0.14759476776455743,3182.305242249626,-0.01710320145814153
2026-03-09 04:00:00,0.0,1489.4054642286592,-0.14759476776455743,3189.9815934879957,-0.0024121982820678456
2026-03-09 08:00:00,0.0,1489.4054642286592,-0.14759476776455743,3203.1149594836847,-0.004117066387624134
2026-03-09 12:00:00,0.0,1489.4054642286592,-0.14759476776455743,3248.7813267495467,-0.01425686178719708
2026-03-09 16:00:00,0.0,1489.4054642286592,-0.14759476776455743,3272.870423757396,-0.007414810227301727
2026-03-09 20:00:00,0.0,1489.4054642286592,-0.14759476776455743,3234.0234693737034,0.011869383554480719
2026-03-10 00:00:00,0.0,1489.4054642286592,-0.14759476776455743,3269.5850989382375,-0.010996095081344835
2026-03-10 04:00:00,0.0,1489.4054642286592,-0.14759476776455743,3302.58543936986,-0.010093127853543058
2026-03-10 08:00:00,0.0,1489.4054642286592,-0.14759476776455743,3320.0359033513473,-0.0052838796457651705
2026-03-10 12:00:00,0.0,1489.4054642286592,-0.14759476776455743,3380.3786212261734,-0.0181753208794864
2026-03-10 16:00:00,0.0,1489.4054642286592,-0.14759476776455743,3303.659956960012,0.022695287381249898
2026-03-10 20:00:00,0.0,1489.4054642286592,-0.14759476776455743,3298.78420892392,0.001475862558378695
2026-03-11 00:00:00,0.0,1489.4054642286592,-0.14759476776455743,3283.3994600702895,0.004663763338023525
2026-03-11 04:00:00,0.0,1489.4054642286592,-0.14759476776455743,3275.794532116893,0.002316175063643931
2026-03-11 08:00:00,0.0,1489.4054642286592,-0.14759476776455743,3269.9160685635475,0.0017945153445099646
2026-03-11 12:00:00,0.0,1489.4054642286592,-0.14759476776455743,3306.93951459014,-0.01132244536259787
2026-03-11 16:00:00,0.0,1489.4054642286592,-0.14759476776455743,3343.9027702501844,-0.01117748162521989
2026-03-11 20:00:00,0.0,1489.4054642286592,-0.14759476776455743,3316.2692219523237,0.008263861181523922
2026-03-12 00:00:00,0.0,1489.4054642286592,-0.14759476776455743,3276.884054001673,0.011876348183656793
2026-03-12 04:00:00,0.0,1489.4054642286592,-0.14759476776455743,3298.5399217970717,-0.006608676852314144
2026-03-12 08:00:00,0.0,1489.4054642286592,-0.14759476776455743,3323.4574150237668,-0.0075540978182613615
2026-03-12 12:00:00,0.0,1489.4054642286592,-0.14759476776455743,3319.934461992878,0.0010600265298911385
2026-03-12 16:00:00,0.0,1489.4054642286592,-0.14759476776455743,3324.526560505554,-0.0013831895072767989
2026-03-12 20:00:00,0.0,1489.4054642286592,-0.14759476776455743,3333.0015342510255,-0.0025492272632597424
2026-03-13 00:00:00,0.0,1489.4054642286592,-0.14759476776455743,3410.053582250654,-0.023117915550837958
2026-03-13 04:00:00,0.0,1489.4054642286592,-0.14759476776455743,3397.2113890202536,0.0037659798946396705
2026-03-13 08:00:00,0.0,1489.4054642286592,-0.14759476776455743,3433.7369674091024,-0.010751635446324879
2026-03-13 12:00:00,-0.002732482679647097,1485.3356895946827,-0.14992395029768132,3410.0773670781314,0.004157852997061205
2026-03-13 16:00:00,-0.002701757126007065,1481.3226733108077,-0.15222064932261245,3377.055948032551,0.006981723772220758
2026-03-13 20:00:00,-0.0008193436999700543,1480.1089609108076,-0.15291527199255472,3361.4116223001324,0.003813190072984799
2026-03-14 00:00:00,0.0005903631996169167,1480.9827627727525,-0.15241518434218165,3367.8483777156243,-0.0013245333196877215
2026-03-14 04:00:00,-0.0025692422903567103,1477.1777592273475,-0.1545928350952339,3333.388867479197,0.007662664366854857
2026-03-14 08:00:00,0.0006836110945023233,1478.1875743321075,-0.15401490537793316,3330.4166894304476,0.0015752496542115668
2026-03-14 12:00:00,-6.482221990211645e-05,1478.0917549321075,-0.1540697440097707,3325.6312166207995,0.0013720768999093056
2026-03-14 16:00:00,0.00012675186180088893,1478.2791058139576,-0.1539625207748703,3326.5881647445044,-0.0001609974589663451
2026-03-14 20:00:00,0.0021606068755475327,1481.4730858139576,-0.15213456638028552,3363.9490697013894,-0.00907039110395583
2026-03-15 00:00:00,0.0006058814173135474,1482.3706828269023,-0.15162086046967288,3368.6394065837558,-0.0007884134382809549
2026-03-15 04:00:00,0.000573134029735467,1483.2202799099125,-0.15113462551469045,3372.823912720442,-0.0006690607057733278
2026-03-15 08:00:00,0.000836511132989104,1484.4610101867324,-0.15042454017852447,3391.289421792705,-0.004638280777321281
2026-03-15 12:00:00,-0.001048909495982131,1482.9039449367324,-0.15131566794588458,3368.9201934661423,0.005547174041688363
2026-03-15 16:00:00,0.00039520847304119755,1483.4900011404775,-0.15098026070691956,3377.9219111772595,-0.002276780530609249
2026-03-15 20:00:00,0.00714801824875666,1494.0940147404776,-0.14491145211689802,3466.492365241399,-0.019072378904613663
2026-03-16 00:00:00,0.0035443427645716064,1499.3895960512127,-0.14188072520914052,3529.245969558995,-0.014558568681830999
2026-03-16 04:00:00,0.0033514276811728028,1504.414691848281,-0.1390048005178586,3565.3567928821703,-0.006880452905968013
2026-03-16 08:00:00,-0.0013158722358508346,1502.4350743240718,-0.14013776019605803,3551.3054433287916,0.0026252058580529414
2026-03-16 12:00:00,0.0028553347366639947,1506.7250293813718,-0.13768256567400008,3540.89906790673,0.005785630535807337
2026-03-16 16:00:00,0.01936412694577272,1535.901444122686,-0.12098454140815831,3604.927961712271,0.0012814613352578608
2026-03-16 20:00:00,0.006401816518582848,1545.7340033585858,-0.11535724572525535,3641.6791126542826,-0.0037928812208291827
2026-03-17 00:00:00,-0.005931988006349309,1536.5647277896564,-0.12060493593351693,3602.267941565495,0.004890264550675745
2026-03-17 04:00:00,-0.003295582152308185,1531.5008524968866,-0.12350305461148231,3597.990698605931,-0.002108207134972395
2026-03-17 08:00:00,-0.008243689981171531,1518.8756342630024,-0.13072862369870905,3578.4129752405697,-0.002802396491183777
2026-03-17 12:00:00,-5.4271505540159914e-05,1518.7932025956027,-0.13077580036502393,3577.7929465796888,0.00011899766858003424
2026-03-17 16:00:00,0.002582764675578275,1522.715888028775,-0.1285307988070489,3599.3466315132096,-0.0034415316588771727
2026-03-17 20:00:00,-0.0029512591444866842,1518.221958839775,-0.13110273025620808,3585.1022114754805,0.0010062424512237945
2026-03-18 00:00:00,0.0054274741995608,1526.4620693505847,-0.12638681274260471,3617.810836558951,-0.003696010475094713
2026-03-18 04:00:00,-0.005829635661129484,1517.563351635737,-0.1314796593330734,3587.587392224866,0.002524434161612141
2026-03-18 08:00:00,-0.01120342243411232,1500.5614483368345,-0.14121005960218416,3511.7284944538555,0.009941399831517872
2026-03-18 12:00:00,-0.000461829189679408,1499.8684452590849,-0.14160667386446293,3407.1035329267793,0.029331180632210914
2026-03-18 16:00:00,0.0,1499.8684452590849,-0.14160667386446293,3412.1524016951503,-0.0014818653790758768
2026-03-18 20:00:00,0.0,1499.8684452590849,-0.14160667386446293,3434.367807878725,-0.006510672317138548
2026-03-19 00:00:00,0.0,1499.8684452590849,-0.14160667386446293,3442.844069846302,-0.002468070527603783
2026-03-19 04:00:00,0.0,1499.8684452590849,-0.14160667386446293,3389.7269879960277,0.015428256631048996
2026-03-19 08:00:00,0.0,1499.8684452590849,-0.14160667386446293,3389.3436557337286,0.00011308647087417332
2026-03-19 12:00:00,0.0,1499.8684452590849,-0.14160667386446293,3337.7340225135135,0.01522702872956161
2026-03-19 16:00:00,0.0,1499.8684452590849,-0.14160667386446293,3369.3678405443607,-0.009477632974189243
2026-03-19 20:00:00,0.0,1499.8684452590849,-0.14160667386446293,3366.0462259778474,0.0009858272304209073
2026-03-20 00:00:00,0.0,1499.8684452590849,-0.14160667386446293,3392.761825880468,-0.007936789369213144
2026-03-20 04:00:00,0.0,1499.8684452590849,-0.14160667386446293,3390.979144675233,0.0005254365902247324
2026-03-20 08:00:00,0.0,1499.8684452590849,-0.14160667386446293,3377.3864673609464,0.00400848154304656
2026-03-20 12:00:00,0.0,1499.8684452590849,-0.14160667386446293,3361.8820255765786,0.004590662612704434
2026-03-20 16:00:00,0.0,1499.8684452590849,-0.14160667386446293,3360.451916666968,0.00042538937973752536
2026-03-20 20:00:00,0.0,1499.8684452590849,-0.14160667386446293,3380.1027858978077,-0.005847686477338465
2026-03-21 00:00:00,0.0,1499.8684452590849,-0.14160667386446293,3387.7381208903016,-0.002258906156448589
2026-03-21 04:00:00,0.0,1499.8684452590849,-0.14160667386446293,3384.9082769640845,0.0008353195628572856
2026-03-21 08:00:00,0.0,1499.8684452590849,-0.14160667386446293,3379.256224118987,0.0016697802075058713
2026-03-21 12:00:00,0.0,1499.8684452590849,-0.14160667386446293,3377.808903682603,0.00042829555984948343
2026-03-21 16:00:00,0.0,1499.8684452590849,-0.14160667386446293,3372.1861598437863,0.0016646127709257616
2026-03-21 20:00:00,0.0,1499.8684452590849,-0.14160667386446293,3288.8898963651973,0.02470096831262942
2026-03-22 00:00:00,0.0,1499.8684452590849,-0.14160667386446293,3315.4352495187095,-0.008071219770187226
2026-03-22 04:00:00,0.0,1499.8684452590849,-0.14160667386446293,3288.6968854920588,0.008064812615638422
2026-03-22 08:00:00,0.0,1499.8684452590849,-0.14160667386446293,3257.6403388680505,0.009443420207259903
2026-03-22 12:00:00,0.0,1499.8684452590849,-0.14160667386446293,3273.2826847779784,-0.004801741224558643
2026-03-22 16:00:00,0.0,1499.8684452590849,-0.14160667386446293,3242.812843678553,0.009308649461020233
2026-03-22 20:00:00,0.0,1499.8684452590849,-0.14160667386446293,3234.712124572773,0.0024980532322643584
2026-03-23 00:00:00,0.0,1499.8684452590849,-0.14160667386446293,3240.7313980911067,-0.0018608374676088208
2026-03-23 04:00:00,0.0,1499.8684452590849,-0.14160667386446293,3227.6004450118576,0.0040518486311404344
2026-03-23 08:00:00,0.0,1499.8684452590849,-0.14160667386446293,3332.9627955082915,-0.03264417398977252
2026-03-23 12:00:00,0.0,1499.8684452590849,-0.14160667386446293,3350.006225904027,-0.005113597553115278
2026-03-23 16:00:00,0.0,1499.8684452590849,-0.14160667386446293,3370.9571033069415,-0.0062539816317087925
2026-03-23 20:00:00,0.0,1499.8684452590849,-0.14160667386446293,3378.211056111957,-0.002151897097088486
2026-03-24 00:00:00,0.0,1499.8684452590849,-0.14160667386446293,3357.3280865058923,0.006181665165142085
2026-03-24 04:00:00,0.0,1499.8684452590849,-0.14160667386446293,3393.7338345523644,-0.010843667079424968
2026-03-24 08:00:00,0.0,1499.8684452590849,-0.14160667386446293,3385.2257177405245,0.0025070076872903808
2026-03-24 12:00:00,0.0,1499.8684452590849,-0.14160667386446293,3334.6367071125064,0.01494405834237351
2026-03-24 16:00:00,0.0,1499.8684452590849,-0.14160667386446293,3311.8794266962527,0.006824515656447451
2026-03-24 20:00:00,0.0,1499.8684452590849,-0.14160667386446293,3379.2556631334005,-0.020343807173064356
2026-03-25 00:00:00,0.0,1499.8684452590849,-0.14160667386446293,3389.964997212676,-0.0031691399369721935
2026-03-25 04:00:00,0.0,1499.8684452590849,-0.14160667386446293,3400.8214598915383,-0.0032025294325423686
2026-03-25 08:00:00,0.0,1499.8684452590849,-0.14160667386446293,3435.850326495468,-0.01030011925561263
2026-03-25 12:00:00,0.0,1499.8684452590849,-0.14160667386446293,3399.9452832256106,0.010450118561037534
2026-03-25 16:00:00,0.0,1499.8684452590849,-0.14160667386446293,3405.1945730719726,-0.0015439336251265035
2026-03-25 20:00:00,0.0,1499.8684452590849,-0.14160667386446293,3409.27228302544,-0.0011974969024424822
2026-03-26 00:00:00,0.0,1499.8684452590849,-0.14160667386446293,3378.4589488003166,0.009038097185296991
2026-03-26 04:00:00,0.0,1499.8684452590849,-0.14160667386446293,3330.350169561283,0.01423985905056421
2026-03-26 08:00:00,0.0,1499.8684452590849,-0.14160667386446293,3275.578488766435,0.01644622277124197
2026-03-26 12:00:00,0.0,1499.8684452590849,-0.14160667386446293,3264.067898432791,0.003514063354952127
2026-03-26 16:00:00,0.0,1499.8684452590849,-0.14160667386446293,3225.770574528025,0.011733004672836143
2026-03-26 20:00:00,0.0,1499.8684452590849,-0.14160667386446293,3250.49211847963,-0.0076637638605846015
2026-03-27 00:00:00,0.0,1499.8684452590849,-0.14160667386446293,3248.3162084209966,0.0006694094245800475
2026-03-27 04:00:00,0.0,1499.8684452590849,-0.14160667386446293,3243.648416431776,0.0014369881777888116
2026-03-27 08:00:00,0.0,1499.8684452590849,-0.14160667386446293,3150.7710926568866,0.028633597681051986
2026-03-27 12:00:00,0.0,1499.8684452590849,-0.14160667386446293,3149.101931113865,0.0005297628719879155
2026-03-27 16:00:00,0.0,1499.8684452590849,-0.14160667386446293,3138.288967250829,0.0034336658830256433
2026-03-27 20:00:00,0.0,1499.8684452590849,-0.14160667386446293,3145.6621905404454,-0.0023494405284403435
2026-03-28 00:00:00,0.0,1499.8684452590849,-0.14160667386446293,3134.457573551622,0.0035619263322418542
2026-03-28 04:00:00,0.0,1499.8684452590849,-0.14160667386446293,3164.1271604645417,-0.009465620834453268
2026-03-28 08:00:00,0.0,1499.8684452590849,-0.14160667386446293,3155.421836576961,0.0027512560166205974
2026-03-28 12:00:00,0.0,1499.8684452590849,-0.14160667386446293,3190.3066175685613,-0.011055504714844686
2026-03-28 16:00:00,0.0,1499.8684452590849,-0.14160667386446293,3176.686489764545,0.00426922218980844
2026-03-28 20:00:00,0.0,1499.8684452590849,-0.14160667386446293,3138.666041094319,0.011968587014403065
2026-03-29 00:00:00,0.0,1499.8684452590849,-0.14160667386446293,3158.6601000245664,-0.006370240945824073
2026-03-29 04:00:00,0.0,1499.8684452590849,-0.14160667386446293,3145.719818652408,0.004096762855888669
2026-03-29 08:00:00,0.0,1499.8684452590849,-0.14160667386446293,3144.6733016939784,0.0003326796468725738
2026-03-29 12:00:00,0.0,1499.8684452590849,-0.14160667386446293,3121.2703760810614,0.007442084874225359
2026-03-29 16:00:00,0.0,1499.8684452590849,-0.14160667386446293,3111.5527813288695,0.0031133460358512277
2026-03-29 20:00:00,0.0,1499.8684452590849,-0.14160667386446293,3105.864099016123,0.001828245481446508
2026-03-30 00:00:00,0.0,1499.8684452590849,-0.14160667386446293,3172.881778671833,-0.02157778882757309
2026-03-30 04:00:00,0.0,1499.8684452590849,-0.14160667386446293,3199.5590507568763,-0.008407899804010435
2026-03-30 08:00:00,0.0,1499.8684452590849,-0.14160667386446293,3207.6396297933106,-0.002525528958286711
2026-03-30 12:00:00,0.0,1499.8684452590849,-0.14160667386446293,3201.8945477439024,0.001791062186676684
2026-03-30 16:00:00,0.0,1499.8684452590849,-0.14160667386446293,3142.650905628553,0.018502683718017172
2026-03-30 20:00:00,0.0,1499.8684452590849,-0.14160667386446293,3145.154957335739,-0.0007967960115141036
2026-03-31 00:00:00,0.0,1499.8684452590849,-0.14160667386446293,3182.8473780168224,-0.011984280963063412
2026-03-31 04:00:00,0.0,1499.8684452590849,-0.14160667386446293,3164.268257369019,0.005837264072454583
2026-03-31 08:00:00,0.0,1499.8684452590849,-0.14160667386446293,3126.1052818101807,0.012060600573280353
2026-03-31 12:00:00,0.0,1499.8684452590849,-0.14160667386446293,3124.230984950146,0.0005995629356889053
2026-03-31 16:00:00,0.0,1499.8684452590849,-0.14160667386446293,3181.044928465965,-0.018184936961927262
2026-03-31 20:00:00,0.0,1499.8684452590849,-0.14160667386446293,3190.120743316235,-0.0028530923185189983
2026-04-01 00:00:00,0.0,1499.8684452590849,-0.14160667386446293,3201.6791916969064,-0.003623200910149766
2026-04-01 04:00:00,0.0,1499.8684452590849,-0.14160667386446293,3243.3114769051995,-0.013003265697656736
2026-04-01 08:00:00,0.0,1499.8684452590849,-0.14160667386446293,3230.887040047162,0.0038307874363929318
2026-04-01 12:00:00,0.0,1499.8684452590849,-0.14160667386446293,3236.4908554792064,-0.0017344510540246519
2026-04-01 16:00:00,0.0,1499.8684452590849,-0.14160667386446293,3228.5016728243113,0.002468470640468385
2026-04-01 20:00:00,0.0,1499.8684452590849,-0.14160667386446293,3206.634146261161,0.006773274038300573
2026-04-02 00:00:00,0.0,1499.8684452590849,-0.14160667386446293,3105.4296926113934,0.031560960506757
2026-04-02 04:00:00,0.0,1499.8684452590849,-0.14160667386446293,3111.040873858653,-0.001806893667761941
2026-04-02 08:00:00,0.0,1499.8684452590849,-0.14160667386446293,3073.082654301178,0.012201131742250302
2026-04-02 12:00:00,0.0,1499.8684452590849,-0.14160667386446293,3088.868076530601,-0.005136673498621506
2026-04-02 16:00:00,0.0,1499.8684452590849,-0.14160667386446293,3099.5108167858725,-0.0034455146647849005
2026-04-02 20:00:00,0.0,1499.8684452590849,-0.14160667386446293,3102.5949237445275,-0.000995030229271102
2026-04-03 00:00:00,0.0,1499.8684452590849,-0.14160667386446293,3109.0397840880287,-0.0020772484007429226
2026-04-03 04:00:00,0.0,1499.8684452590849,-0.14160667386446293,3128.152247726665,-0.006147384712300348
2026-04-03 08:00:00,0.0,1499.8684452590849,-0.14160667386446293,3136.579638572356,-0.002694047532953579
2026-04-03 12:00:00,0.0,1499.8684452590849,-0.14160667386446293,3136.2422194298506,0.00010757550624775267
2026-04-03 16:00:00,0.0,1499.8684452590849,-0.14160667386446293,3137.489272360038,-0.0003976264723628712
2026-04-03 20:00:00,0.0,1499.8684452590849,-0.14160667386446293,3134.4116365400846,0.000980923137193081
2026-04-04 00:00:00,0.0,1499.8684452590849,-0.14160667386446293,3131.6526932004067,0.0008802109166246495
2026-04-04 04:00:00,0.0,1499.8684452590849,-0.14160667386446293,3130.9892835540804,0.00021184010850458117
2026-04-04 08:00:00,0.0,1499.8684452590849,-0.14160667386446293,3129.506566245299,0.00047356192388448015
2026-04-04 12:00:00,0.0,1499.8684452590849,-0.14160667386446293,3141.829781065837,-0.0039377501084215515
2026-04-04 16:00:00,0.0,1499.8684452590849,-0.14160667386446293,3153.6648575713775,-0.0037669375269355925
2026-04-04 20:00:00,0.0,1499.8684452590849,-0.14160667386446293,3151.381480356032,0.0007240392744535569
2026-04-05 00:00:00,0.0,1499.8684452590849,-0.14160667386446293,3142.0395934434982,0.0029643783117866735
2026-04-05 04:00:00,0.0,1499.8684452590849,-0.14160667386446293,3106.945423972677,0.011169232094990846
2026-04-05 08:00:00,0.0,1499.8684452590849,-0.14160667386446293,3115.743791478209,-0.0028318384473847236
2026-04-05 12:00:00,0.0,1499.8684452590849,-0.14160667386446293,3121.66480718865,-0.0019003538502220727
2026-04-05 16:00:00,0.0,1499.8684452590849,-0.14160667386446293,3125.231228649355,-0.001142474186367767
2026-04-05 20:00:00,0.0,1499.8684452590849,-0.14160667386446293,3197.3716032127127,-0.023083211860305868
2026-04-06 00:00:00,0.0,1499.8684452590849,-0.14160667386446293,3237.5023959520927,-0.012551181945525689
2026-04-06 04:00:00,-0.0021393853754129166,1496.6596486422543,-0.14344310799274934,3235.6247208590503,-0.0015594089419159424
2026-04-06 08:00:00,0.00039025953364202337,1497.2437343387542,-0.1431088284995368,3252.427210188089,-0.004802706517308884
2026-04-06 12:00:00,0.0006116478108912915,1498.1595201912332,-0.1425847128903164,3254.3282557863363,2.7147228589890224e-05
2026-04-06 16:00:00,-0.003949942569000053,1492.2418761272772,-0.1459714540321823,3234.4204461675326,0.002167390426958936
2026-04-06 20:00:00,-0.012418067189007953,1473.7111162472775,-0.15657683789734142,3166.6964709537147,0.008520452196764703
2026-04-07 00:00:00,-0.0007009092566674369,1472.678178484246,-0.15716800099894693,3150.188324919482,0.00451214042638621
2026-04-07 04:00:00,0.0,1472.678178484246,-0.15716800099894693,3141.908022346331,0.002628510336239279
2026-04-07 08:00:00,0.0,1472.678178484246,-0.15716800099894693,3125.8693033449995,0.005104770377508957
2026-04-07 12:00:00,0.0,1472.678178484246,-0.15716800099894693,3117.2422349101,0.0027598941598958276
2026-04-07 16:00:00,0.0,1472.678178484246,-0.15716800099894693,3176.8473933731248,-0.019121118594989137
2026-04-07 20:00:00,0.0,1472.678178484246,-0.15716800099894693,3338.711392717116,-0.050951140958686914
2026-04-08 00:00:00,-0.007394149265875116,1461.7889762119364,-0.16340002660561662,3316.4056851371156,-0.0007132161284207428
2026-04-08 04:00:00,0.005636560438728955,1470.0284381250226,-0.1586844802925402,3324.090687796426,0.0033192918687974726
2026-04-08 08:00:00,-0.003413336783156695,1465.0107359848841,-0.16155617350219822,3310.966163491872,0.0005349683436371199
2026-04-08 12:00:00,-0.011968962817062279,1447.476076959284,-0.17159147648574585,3271.421828542219,-2.552002816101455e-05
2026-04-08 16:00:00,-0.0010243025757006308,1445.9934234853895,-0.1724400174701139,3264.1182618423923,0.0012082333315019478
2026-04-08 20:00:00,-0.002883070011999944,1441.8245232085897,-0.174825930838877,3237.8757708843855,0.005156617540005102
2026-04-09 00:00:00,-0.0005832282671287548,1440.983610390415,-0.17530719568131345,3223.802571000838,0.003763201577430756
2026-04-09 04:00:00,-7.658474414173888e-05,1440.8732530293007,-0.17537035456872774,3230.429684603844,-0.0021322669570103614
2026-04-09 08:00:00,0.0007057095553160142,1441.8900910519628,-0.17478840554834998,3231.976185609609,0.00022698035927889597
2026-04-09 12:00:00,0.0043431545295045115,1448.1524425319628,-0.17120438407410768,3286.2099058502868,-0.012437204336428222
2026-04-09 16:00:00,-0.00023055721665898865,1447.8185605355147,-0.17139546888449472,3291.8352125384336,-0.0019423488700564778
2026-04-09 20:00:00,-0.0013447278223038817,1445.8716386355147,-0.17250971645117277,3271.032791002986,0.0049746715984849066
2026-04-10 00:00:00,0.00032102567707892327,1446.3358005572768,-0.17224407082262033,3258.48894070445,0.00415585433823995
2026-04-10 04:00:00,-0.00171987384888872,1443.8482854371869,-0.17366770659847508,3248.5808129726083,0.0013208385525164917
2026-04-10 08:00:00,0.0027923023771525557,1447.8799464368608,-0.17136033697129205,3269.9200850600037,-0.0037764959122976727
2026-04-10 12:00:00,0.001451817110371012,1449.9820033168608,-0.17015730373017499,3291.70344619513,-0.005209924023503224
2026-04-10 16:00:00,0.0033454878122967102,1454.8329004370069,-0.16738107510368086,3332.899332957703,-0.009169578455350111
2026-04-10 20:00:00,-0.0011866041381670689,1453.1065896970067,-0.16836906416547903,3306.1315574353666,0.006844774204899151
2026-04-11 00:00:00,-0.0004491026156022704,1452.4539957268248,-0.16874255179397812,3295.687296763042,0.0027099551807627004
2026-04-11 04:00:00,-0.00055871231400062,1451.6424917938928,-0.1692069855663956,3283.931046615713,0.0030084495823588598
2026-04-11 08:00:00,0.0006714813558712507,1452.6172426625228,-0.16864912354661538,3285.0960512873553,0.0003167221800222743
2026-04-11 12:00:00,-0.00021246362147975262,1452.3086143425228,-0.16882575536454705,3288.4521821095573,-0.0012340869681963637
2026-04-11 16:00:00,0.0035720050148146942,1457.4962679960129,-0.1658567967945244,3353.329287998951,-0.016156761680456006
2026-04-11 20:00:00,-0.006794401154355367,1447.593453670272,-0.17152430033728136,3307.106162028897,0.006989847871077195
2026-04-12 00:00:00,-0.015016504712988987,1425.8556597507404,-0.18396510958586346,3225.628104022901,0.009620762436611616
2026-04-12 04:00:00,-0.0004727097688387305,1425.1816438514222,-0.18435085725027547,3217.688754694733,0.001988624604540063
2026-04-12 08:00:00,0.0,1425.1816438514222,-0.18435085725027547,3214.1412438929283,0.0011025027814230346
2026-04-12 12:00:00,0.0,1425.1816438514222,-0.18435085725027547,3189.33911064714,0.007716566063459178
2026-04-12 16:00:00,0.0,1425.1816438514222,-0.18435085725027547,3203.819998330847,-0.004540403883476858
2026-04-12 20:00:00,0.0,1425.1816438514222,-0.18435085725027547,3188.9673364933155,0.004635922693930713
2026-04-13 00:00:00,0.0,1425.1816438514222,-0.18435085725027547,3201.3938317682414,-0.0038967145046367208
2026-04-13 04:00:00,0.0,1425.1816438514222,-0.18435085725027547,3201.4631706125083,-2.1658954789830327e-05
2026-04-13 08:00:00,0.0,1425.1816438514222,-0.18435085725027547,3201.3321356639376,4.092970669570103e-05
2026-04-13 12:00:00,0.0,1425.1816438514222,-0.18435085725027547,3233.5922540551514,-0.010077091980499426
2026-04-13 16:00:00,0.0,1425.1816438514222,-0.18435085725027547,3285.9630890501276,-0.016195868520311758
2026-04-13 20:00:00,0.0,1425.1816438514222,-0.18435085725027547,3368.1537855425418,-0.025012665774092082
2026-04-14 00:00:00,-0.0010732994839358634,1423.6519971285616,-0.18522629305426153,3345.6249456596606,0.005615480576993538
2026-04-14 04:00:00,0.0020762188190335262,1426.6078101967546,-0.18353464455064702,3341.6283874910896,0.0032707813397834873
2026-04-14 08:00:00,-0.001451006361233631,1424.5377931891735,-0.18471934097513093,3340.1663759296407,-0.0010134916552532339
2026-04-14 12:00:00,0.0040242721024381645,1430.2705208891734,-0.1814384297633598,3356.135357587557,-0.0007566219790644535
2026-04-14 16:00:00,-0.012681722737379553,1412.1322267038095,-0.19181920064057495,3304.0828914886756,0.0028279217056556005
2026-04-14 20:00:00,0.0006497056172576343,1413.0496969438095,-0.19129412103547133,3300.670922902638,0.0016823578533220315
2026-04-15 00:00:00,0.0019578650455440716,1415.8162575530725,-0.1897107840629206,3304.318955008215,0.0008526254773506231
2026-04-15 04:00:00,-0.00510754091796628,1408.5849180852983,-0.19384936938870606,3282.8011110431753,0.0014044950743298578
2026-04-15 08:00:00,0.0023084418792820305,1411.8365545007314,-0.19198841751199341,3318.7845433089838,-0.008652755905366596
2026-04-15 12:00:00,-0.0006909199417527434,1410.8610884707314,-0.19254668882750153,3319.6269090009864,-0.0009447374707335049
2026-04-15 16:00:00,0.00548660523057265,1418.6019262983464,-0.18811651126697926,3378.823270534671,-0.012345628076482745
2026-04-15 20:00:00,-0.004580005006988519,1412.1047223729763,-0.19183494171046786,3355.3483832049387,0.0023676467197079054
2026-04-16 00:00:00,0.0037467169561764546,1417.395479080188,-0.1888069759831852,3372.988294733889,-0.0015105349039421668
2026-04-16 04:00:00,-0.0023011520604619973,1414.133836553013,-0.19067365448183388,3369.468012408684,-0.0012574833555630191
2026-04-16 08:00:00,0.00025121322857790673,1414.489085679735,-0.19047034099760302,3360.741682103061,0.002841037578738389
2026-04-16 12:00:00,0.0060969547247200495,1423.113161593735,-0.1855346753183473,3396.247238672443,-0.004467843146672193
2026-04-16 16:00:00,0.009897668853646291,1437.1986644084554,-0.17747336724187077,3473.0773158896595,-0.01272438184465582
2026-04-16 20:00:00,-0.004163009470944834,1431.2155927568938,-0.1808975534041472,3450.1057637405493,0.002451168694342064
2026-04-17 00:00:00,-0.012591192697078313,1413.1948814374286,-0.19121103014788385,3404.964640419352,0.0004927897696667596
2026-04-17 04:00:00,0.0017923666543702144,1415.7278448190436,-0.18976138376789856,3418.2706529854986,-0.002115460289908563
2026-04-17 08:00:00,0.0038665133325590517,1421.2017754063115,-0.18662858535568294,3438.2529574980013,-0.0019792217016313873
2026-04-17 12:00:00,0.015790399426980795,1443.6431191063116,-0.17378512583596067,3521.9601172107746,-0.008555441541534408
2026-04-17 16:00:00,-0.0049631785829522546,1436.4780604961368,-0.1778857778043282,3505.1783830045792,-0.00019829378934326566
2026-04-17 20:00:00,-0.0027604483417105197,1432.5127370161367,-0.18015518164568486,3487.781118354132,0.0022028553049170075
2026-04-18 00:00:00,-0.005121326227456979,1425.1763719648898,-0.18435387441636755,3470.2186560490222,-8.590063475304773e-05
2026-04-18 04:00:00,0.003456726134263066,1430.1028163757949,-0.18153440913775226,3481.036359348743,0.0003394288190450129
2026-04-18 08:00:00,-0.020596578700177948,1400.6475911689647,-0.1983920000933342,3401.4358683895985,0.0022703157364078394
2026-04-18 12:00:00,-0.0003587916459787399,1400.145050514293,-0.19867961034705048,3407.5197546493346,-0.0021474145967375863
2026-04-18 16:00:00,-0.0025857510566338338,1396.524623970485,-0.20075162539129782,3386.76459861457,0.0035052352117350694
2026-04-18 20:00:00,-0.0003368728447373792,1396.0541727476623,-0.20102087046490397,3386.948778855337,-0.0003912552015278451
2026-04-19 00:00:00,0.0,1396.0541727476623,-0.20102087046490397,3371.1230737512496,0.0046725551927111
2026-04-19 04:00:00,0.0,1396.0541727476623,-0.20102087046490397,3346.655842857694,0.007257887166465772
2026-04-19 08:00:00,0.0,1396.0541727476623,-0.20102087046490397,3364.6530677416768,-0.00537767423034904
2026-04-19 12:00:00,0.0,1396.0541727476623,-0.20102087046490397,3378.66932642978,-0.004165736676533749
2026-04-19 16:00:00,0.0,1396.0541727476623,-0.20102087046490397,3345.4784604837937,0.009823650301125768
2026-04-19 20:00:00,0.0,1396.0541727476623,-0.20102087046490397,3288.2346816189,0.0171107898439781
2026-04-20 00:00:00,0.0,1396.0541727476623,-0.20102087046490397,3329.2674711685136,-0.012478668198162821
2026-04-20 04:00:00,0.0,1396.0541727476623,-0.20102087046490397,3342.825547479946,-0.004072390226632543
2026-04-20 08:00:00,0.0,1396.0541727476623,-0.20102087046490397,3349.274803245779,-0.0019292827801603099
2026-04-20 12:00:00,0.0,1396.0541727476623,-0.20102087046490397,3369.1964335143857,-0.005948042916425018
2026-04-20 16:00:00,0.0,1396.0541727476623,-0.20102087046490397,3383.490976562669,-0.004242715831612208
2026-04-20 20:00:00,0.0,1396.0541727476623,-0.20102087046490397,3366.913203139079,0.00489960621689957
2026-04-21 00:00:00,0.0,1396.0541727476623,-0.20102087046490397,3364.6907499871004,0.0006600862623683693
2026-04-21 04:00:00,0.0,1396.0541727476623,-0.20102087046490397,3386.418984537262,-0.006457721129421731
2026-04-21 08:00:00,0.0,1396.0541727476623,-0.20102087046490397,3397.5984216581464,-0.0033012563335875606
2026-04-21 12:00:00,0.0,1396.0541727476623,-0.20102087046490397,3383.1370472475337,0.004256351874438339
2026-04-21 16:00:00,0.0,1396.0541727476623,-0.20102087046490397,3339.1071760291056,0.013014510084434818
2026-04-21 20:00:00,0.0,1396.0541727476623,-0.20102087046490397,3392.2189078314113,-0.015905967973590767
2026-04-22 00:00:00,0.0,1396.0541727476623,-0.20102087046490397,3440.6031217791074,-0.014263293514458717
2026-04-22 04:00:00,0.0,1396.0541727476623,-0.20102087046490397,3461.1097597040684,-0.005960186978600885
2026-04-22 08:00:00,0.0,1396.0541727476623,-0.20102087046490397,3468.77823693888,-0.0022156122652021554
2026-04-22 12:00:00,0.0,1396.0541727476623,-0.20102087046490397,3477.6829408073763,-0.0025671009387887894
2026-04-22 16:00:00,-0.00674495277343512,1386.6378532833223,-0.20640994696057846,3452.03146319588,0.0006310725998098154
2026-04-22 20:00:00,-0.008367396456491538,1375.0353046233224,-0.21305022955828745,3415.3842852466137,0.0022487228749755415
2026-04-23 00:00:00,-0.0037683956510771166,1369.8536275613023,-0.21601576765083616,3386.785090249219,0.004605243333248727
2026-04-23 04:00:00,0.001212228037410945,1371.5142025357814,-0.21506539998349433,3393.185428505941,-0.0006775695393969844
2026-04-23 08:00:00,-0.0018851521121105996,1368.9286896400813,-0.21654512110258417,3385.0975992317785,0.00049839852034753
2026-04-23 12:00:00,-0.0002920580221505986,1368.5288830345198,-0.21677393538495918,3415.107566501927,-0.009157376197011846
2026-04-23 16:00:00,0.0,1368.5288830345198,-0.21677393538495918,3384.0233006793433,0.009101987336353035
2026-04-23 20:00:00,0.0,1368.5288830345198,-0.21677393538495918,3412.158005486458,-0.008313980817291336
2026-04-24 00:00:00,0.0,1368.5288830345198,-0.21677393538495918,3390.9588437055418,0.006212831219078991
2026-04-24 04:00:00,0.0,1368.5288830345198,-0.21677393538495918,3393.980132355697,-0.0008909835799874509
2026-04-24 08:00:00,0.0,1368.5288830345198,-0.21677393538495918,3417.0174058239713,-0.006787686600948036
2026-04-24 12:00:00,0.0,1368.5288830345198,-0.21677393538495918,3424.307124425315,-0.0021333571754475872
2026-04-24 16:00:00,0.0,1368.5288830345198,-0.21677393538495918,3414.181582630278,0.0029569607593933184
2026-04-24 20:00:00,0.0,1368.5288830345198,-0.21677393538495918,3402.47811473351,0.0034278984914891514
2026-04-25 00:00:00,0.0,1368.5288830345198,-0.21677393538495918,3413.1178707285535,-0.0031270608175173464
2026-04-25 04:00:00,0.0,1368.5288830345198,-0.21677393538495918,3409.336802141852,0.0011078048663742163
2026-04-25 08:00:00,0.0,1368.5288830345198,-0.21677393538495918,3405.404209463708,0.0011534773201853207
2026-04-25 12:00:00,0.0,1368.5288830345198,-0.21677393538495918,3389.796401311224,0.004583246860713097
2026-04-25 16:00:00,0.0,1368.5288830345198,-0.21677393538495918,3380.2788206113387,0.002807714556604097
2026-04-25 20:00:00,0.0,1368.5288830345198,-0.21677393538495918,3393.4100881202144,-0.0038846699357484144
2026-04-26 00:00:00,0.0,1368.5288830345198,-0.21677393538495918,3384.4797100221604,0.002631682545330432
2026-04-26 04:00:00,0.0,1368.5288830345198,-0.21677393538495918,3412.1555781726247,-0.008177288836600198
2026-04-26 08:00:00,0.0,1368.5288830345198,-0.21677393538495918,3419.2996294554046,-0.00209370619806426
2026-04-26 12:00:00,0.0,1368.5288830345198,-0.21677393538495918,3420.675909096826,-0.0004025033751255006
2026-04-26 16:00:00,0.0,1368.5288830345198,-0.21677393538495918,3429.298917965288,-0.002520849416201676
2026-04-26 20:00:00,0.0,1368.5288830345198,-0.21677393538495918,3430.8002063125687,-0.0004377828772568997
2026-04-27 00:00:00,0.0,1368.5288830345198,-0.21677393538495918,3455.8885591343733,-0.007312682555994503
2026-04-27 04:00:00,0.0,1368.5288830345198,-0.21677393538495918,3369.1761604142794,0.025091202229568906
2026-04-27 08:00:00,0.0,1368.5288830345198,-0.21677393538495918,3376.053065065493,-0.002041123504319096
2026-04-27 12:00:00,0.0,1368.5288830345198,-0.21677393538495918,3326.777409895914,0.014595640003254242
2026-04-27 16:00:00,0.0,1368.5288830345198,-0.21677393538495918,3337.9438458506866,-0.0033565323371369526
2026-04-27 20:00:00,0.0,1368.5288830345198,-0.21677393538495918,3363.0703163270396,-0.007527529412331908
2026-04-28 00:00:00,0.0,1368.5288830345198,-0.21677393538495918,3344.5352351396314,0.005511357017254153
2026-04-28 04:00:00,0.0,1368.5288830345198,-0.21677393538495918,3340.7747569866697,0.0011243649381988646
2026-04-28 08:00:00,0.0,1368.5288830345198,-0.21677393538495918,3320.4816743286824,0.006074364222115681
2026-04-28 12:00:00,0.0,1368.5288830345198,-0.21677393538495918,3322.0090200091076,-0.00045997714495262166
2026-04-28 16:00:00,0.0,1368.5288830345198,-0.21677393538495918,3336.5240954203164,-0.004369366646442481
2026-04-28 20:00:00,0.0,1368.5288830345198,-0.21677393538495918,3332.858163729833,0.001098727773467851
2026-04-29 00:00:00,0.0,1368.5288830345198,-0.21677393538495918,3357.776693678498,-0.0074766247840495825
2026-04-29 04:00:00,0.0,1368.5288830345198,-0.21677393538495918,3364.427385387181,-0.0019806831470373493
2026-04-29 08:00:00,0.0,1368.5288830345198,-0.21677393538495918,3378.23286444204,-0.004103366627801419
2026-04-29 12:00:00,0.0,1368.5288830345198,-0.21677393538495918,3301.8542003213124,0.022609058399928297
2026-04-29 16:00:00,0.0,1368.5288830345198,-0.21677393538495918,3272.398904033671,0.008920834931104817
2026-04-29 20:00:00,0.0,1368.5288830345198,-0.21677393538495918,3299.827010473118,-0.008381651272905133
