timestamp,ret,equity,drawdown,benchmark_equity,active_ret
2023-01-01 16:00:00,0.0,1000.0,0.0,1000.0,0.0
2023-01-02 16:00:00,0.0,1000.0,0.0,1021.9808124119936,-0.021980812411993535
2023-01-03 16:00:00,0.0,1000.0,0.0,1058.1354191798218,-0.035376991748503554
2023-01-04 16:00:00,0.0,1000.0,0.0,1047.345919224775,0.010196709947966731
2023-01-05 16:00:00,0.0,1000.0,0.0,1050.4923248098369,-0.0030041703770525524
2023-01-06 16:00:00,0.0,1000.0,0.0,1059.2309917095506,-0.00831863945440595
2023-01-07 16:00:00,0.0,1000.0,0.0,1080.3847369150392,-0.01997085184540099
2023-01-08 16:00:00,0.0,1000.0,0.0,1165.099656346576,-0.07841180695817143
2023-01-09 16:00:00,0.0,1000.0,0.0,1153.263364030563,0.010159038543645684
2023-01-10 16:00:00,0.0,1000.0,0.0,1144.5511440775376,0.007554406239505381
2023-01-11 16:00:00,0.0,1000.0,0.0,1207.1241765761588,-0.05467036822461324
2023-01-12 16:00:00,0.0,1000.0,0.0,1252.2358373375469,-0.03737118486794037
2023-01-13 16:00:00,0.0,1000.0,0.0,1383.6369037673082,-0.10493316235793161
2023-01-14 16:00:00,0.0,1000.0,0.0,1396.7481921280814,-0.009475960293538208
2023-01-15 16:00:00,0.0,1000.0,0.0,1379.412727313501,0.012411302847772572
2023-01-16 16:00:00,0.0,1000.0,0.0,1406.829880314026,-0.019875960586446122
2023-01-17 16:00:00,0.0,1000.0,0.0,1357.710623951128,0.034914851504244435
2023-01-18 16:00:00,0.0,1000.0,0.0,1342.453171377929,0.01123763216111354
2023-01-19 16:00:00,0.0,1000.0,0.0,1359.38488764738,-0.01261251910342019
2023-01-20 16:00:00,0.0,1000.0,0.0,1466.7372141396463,-0.07897125197415995
2023-01-21 16:00:00,0.0,1000.0,0.0,1476.8305526902052,-0.006881490735529968
2023-01-22 16:00:00,0.0,1000.0,0.0,1467.8270267316293,0.006096519294088942
2023-01-23 16:00:00,0.0,1000.0,0.0,1488.1540274902286,-0.013848362503489864
2023-01-24 16:00:00,0.0,1000.0,0.0,1424.2634384057694,0.04293277974203417
2023-01-25 16:00:00,0.0,1000.0,0.0,1466.8245107319715,-0.029882865190896193
2023-01-26 16:00:00,0.0,1000.0,0.0,1460.4673697859428,0.004333947857781835
2023-01-27 16:00:00,0.0,1000.0,0.0,1499.224641060734,-0.02653758110355569
2023-01-28 16:00:00,0.0,1000.0,0.0,1526.2950226134958,-0.018056254420691125
2023-01-29 16:00:00,0.0,1000.0,0.0,1498.2113729849427,0.018399882861745258
2023-01-30 16:00:00,0.0,1000.0,0.0,1502.4970068248645,-0.0028605001384973683
2023-01-31 16:00:00,0.0,1000.0,0.0,1458.5680326487588,0.02923731227188136
2023-02-01 16:00:00,0.0,1000.0,0.0,1576.2185954444763,-0.08066169020725347
2023-02-02 16:00:00,0.0,1000.0,0.0,1564.6266386202449,0.007354282494657749
2023-02-03 16:00:00,0.0,1000.0,0.0,1561.9404396326775,0.0017168306618736537
2023-02-04 16:00:00,0.0,1000.0,0.0,1516.4825881012684,0.02910344746698487
2023-02-05 16:00:00,0.0,1000.0,0.0,1519.6449874759537,-0.002085351588932368
2023-02-06 16:00:00,0.0,1000.0,0.0,1499.1245550665828,0.013503438354674078
2023-02-07 16:00:00,0.0,1000.0,0.0,1509.8004379945305,-0.007121411554407772
2023-02-08 16:00:00,0.0,1000.0,0.0,1487.5188170486065,0.014757990781563559
2023-02-09 16:00:00,0.0,1000.0,0.0,1392.9745531364765,0.06355836499582282
2023-02-10 16:00:00,0.0,1000.0,0.0,1396.8812429028656,-0.002804566499504573
2023-02-11 16:00:00,0.0,1000.0,0.0,1419.009053196095,-0.015840867221644128
2023-02-12 16:00:00,0.0,1000.0,0.0,1352.1337680448357,0.04712815961295892
2023-02-13 16:00:00,0.0,1000.0,0.0,1414.6270396511268,-0.046218261153743265
2023-02-14 16:00:00,0.0,1000.0,0.0,1453.5962696541694,-0.027547352701990744
2023-02-15 16:00:00,0.0,1000.0,0.0,1557.1710251760567,-0.07125414235310967
2023-02-16 16:00:00,0.0,1000.0,0.0,1499.3172676950512,0.03715311712434693
2023-02-17 16:00:00,0.0,1000.0,0.0,1528.7584736193915,-0.019636408223058295
2023-02-18 16:00:00,0.0,1000.0,0.0,1559.3443703997013,-0.020007017006353385
2023-02-19 16:00:00,0.0,1000.0,0.0,1582.5920450847882,-0.014908621293914523
2023-02-20 16:00:00,0.0,1000.0,0.0,1537.9047153827394,0.028236796615298605
2023-02-21 16:00:00,0.0,1000.0,0.0,1487.1172657039672,0.03302379475839824
2023-02-22 16:00:00,0.0,1000.0,0.0,1505.1125344570864,-0.012100773199348738
2023-02-23 16:00:00,0.0,1000.0,0.0,1459.0814414941237,0.03058315701261933
2023-02-24 16:00:00,0.0,1000.0,0.0,1432.5921866475776,0.018154747290473856
2023-02-25 16:00:00,0.0,1000.0,0.0,1441.9718908982688,-0.006547365215386617
2023-02-26 16:00:00,0.0,1000.0,0.0,1455.90726363502,-0.009664108450872875
2023-02-27 16:00:00,0.0,1000.0,0.0,1440.8633424997686,0.010333021553646635
2023-02-28 16:00:00,0.0,1000.0,0.0,1447.390018630154,-0.004529698228745319
2023-03-01 16:00:00,0.0,1000.0,0.0,1413.5563954769177,0.023375609004998594
2023-03-02 16:00:00,0.0,1000.0,0.0,1365.586825663416,0.033935377440188486
2023-03-03 16:00:00,0.0,1000.0,0.0,1368.4900764821625,-0.002126009686228479
2023-03-04 16:00:00,0.0,1000.0,0.0,1369.586644706467,-0.0008012978998893162
2023-03-05 16:00:00,0.0,1000.0,0.0,1366.1646660837016,0.0024985484751852693
2023-03-06 16:00:00,0.0,1000.0,0.0,1352.9918099423583,0.009642216980406333
2023-03-07 16:00:00,0.0,1000.0,0.0,1347.8235937530685,0.0038198429224121566
2023-03-08 16:00:00,0.0,1000.0,0.0,1318.5696780064127,0.021704558283623103
2023-03-09 16:00:00,0.0,1000.0,0.0,1249.5902119575119,0.05231385735579243
2023-03-10 16:00:00,0.0,1000.0,0.0,1226.3849113161318,0.018570328431933323
2023-03-11 16:00:00,0.0,1000.0,0.0,1239.1833762490398,-0.01043592824309363
2023-03-12 16:00:00,0.0,1000.0,0.0,1410.3585729557337,-0.13813548501984788
2023-03-13 16:00:00,0.0,1000.0,0.0,1489.1159902607026,-0.05584212328352372
2023-03-14 16:00:00,0.0,1000.0,0.0,1370.044138652454,0.07996143509774696
2023-03-15 16:00:00,0.0,1000.0,0.0,1392.9291117033029,-0.016703821727494215
2023-03-16 16:00:00,0.0,1000.0,0.0,1435.9842611626768,-0.03090979224831122
2023-03-17 16:00:00,0.0,1000.0,0.0,1490.9729075086107,-0.03829334891275974
2023-03-18 16:00:00,0.0,1000.0,0.0,1514.4089402479904,-0.015718617435202642
2023-03-19 16:00:00,0.0,1000.0,0.0,1505.511129498508,0.005875434641864479
2023-03-20 16:00:00,0.0,1000.0,0.0,1545.8356589600112,-0.026784610669026154
2023-03-21 16:00:00,0.0,1000.0,0.0,1566.4748764980523,-0.013351495301852787
2023-03-22 16:00:00,0.0,1000.0,0.0,1577.761490378278,-0.007205103669110646
2023-03-23 16:00:00,0.0,1000.0,0.0,1518.796660697743,0.03737246094553729
2023-03-24 16:00:00,0.0,1000.0,0.0,1523.5577654938493,-0.0031347875059977
2023-03-25 16:00:00,0.0,1000.0,0.0,1523.2130106763673,0.00022628273459008547
2023-03-26 16:00:00,0.0,1000.0,0.0,1479.4887806121042,0.02870526299197494
2023-03-27 16:00:00,0.0,1000.0,0.0,1517.1450504266484,-0.02545221721719626
2023-03-28 16:00:00,0.0,1000.0,0.0,1595.4704717829352,-0.051626850929158134
2023-03-29 16:00:00,0.0,1000.0,0.0,1574.4631949512154,0.013166822704179635
2023-03-30 16:00:00,0.0,1000.0,0.0,1605.9362277551224,-0.019989691029190477
2023-03-31 16:00:00,0.0,1000.0,0.0,1588.738278744212,0.010708986268371674
2023-04-01 16:00:00,0.0,1000.0,0.0,1572.6576643260016,0.01012162584193621
2023-04-02 16:00:00,0.0,1000.0,0.0,1562.1850217711517,0.006659200404773413
2023-04-03 16:00:00,0.0,1000.0,0.0,1577.094216013239,-0.009543808213692813
2023-04-04 16:00:00,0.0,1000.0,0.0,1591.0984857806461,-0.00887979273857753
2023-04-05 16:00:00,0.0,1000.0,0.0,1591.1278463024817,-1.8452988358674816e-05
2023-04-06 16:00:00,0.0,1000.0,0.0,1577.3626465172651,0.008651221721249103
2023-04-07 16:00:00,0.0,1000.0,0.0,1581.2544711306505,-0.0024672985771397077
2023-04-08 16:00:00,0.0,1000.0,0.0,1565.1813046703082,0.010164819612398917
2023-04-09 16:00:00,0.0,1000.0,0.0,1577.6174676157282,-0.007945509512739328
2023-04-10 16:00:00,0.0,1000.0,0.0,1673.289112534169,-0.06064311969303323
2023-04-11 16:00:00,0.0,1000.0,0.0,1653.1320273884992,0.012046385167200564
2023-04-12 16:00:00,0.0,1000.0,0.0,1701.1340743609437,-0.029037031632781835
2023-04-13 16:00:00,0.0,1000.0,0.0,1707.1226177073188,-0.0035203241394271717
2023-04-14 16:00:00,0.0,1000.0,0.0,1751.6379134679075,-0.026076214619177814
2023-04-15 16:00:00,0.0,1000.0,0.0,1754.054058922455,-0.0013793635293975878
2023-04-16 16:00:00,0.0,1000.0,0.0,1747.9686300857477,0.0034693507909587967
2023-04-17 16:00:00,0.0,1000.0,0.0,1779.3532536398277,-0.017954912355916047
2023-04-18 16:00:00,0.0,1000.0,0.0,1689.2899148493916,0.05061577211057074
2023-04-19 16:00:00,0.0,1000.0,0.0,1637.7883847536966,0.0304870878840749
2023-04-20 16:00:00,0.0,1000.0,0.0,1601.0003919010549,0.02246199398842008
2023-04-21 16:00:00,0.0,1000.0,0.0,1586.3853805961674,0.00912867440808897
2023-04-22 16:00:00,0.0,1000.0,0.0,1570.6988724254763,0.00988820772213382
2023-04-23 16:00:00,0.0,1000.0,0.0,1563.2128339982203,0.004766055772164649
2023-04-24 16:00:00,0.0,1000.0,0.0,1553.3928454781617,0.006281926751421315
2023-04-25 16:00:00,0.0,1000.0,0.0,1663.0432554771935,-0.07058768830963667
2023-04-26 16:00:00,0.0,1000.0,0.0,1624.2953638369193,0.02329938894412929
2023-04-27 16:00:00,0.0,1000.0,0.0,1611.1188112101017,0.008112165385790293
2023-04-28 16:00:00,0.0,1000.0,0.0,1634.6079727686397,-0.014579409907637762
2023-04-29 16:00:00,0.0,1000.0,0.0,1645.293437876655,-0.006537020059871811
2023-04-30 16:00:00,0.0,1000.0,0.0,1578.0941743284607,0.0408433304364957
2023-05-01 16:00:00,0.0,1000.0,0.0,1586.7098902140956,-0.005459570173815217
2023-05-02 16:00:00,0.0,1000.0,0.0,1560.4658762706606,0.016539894346971007
2023-05-03 16:00:00,0.0,1000.0,0.0,1585.9382154303821,-0.01632354769627994
2023-05-04 16:00:00,0.0,1000.0,0.0,1611.438458577477,-0.01607896379505228
2023-05-05 16:00:00,0.0,1000.0,0.0,1565.5538661666146,0.028474306397879987
2023-05-06 16:00:00,0.0,1000.0,0.0,1589.9201540919425,-0.015564004824050404
2023-05-07 16:00:00,0.0,1000.0,0.0,1528.9638707376798,0.03833921042976967
2023-05-08 16:00:00,0.0,1000.0,0.0,1492.1312134091531,0.02408994616122346
2023-05-09 16:00:00,0.0,1000.0,0.0,1522.5093113644543,-0.020358865012879677
2023-05-10 16:00:00,0.0,1000.0,0.0,1473.3687771521056,0.03227601555244982
2023-05-11 16:00:00,0.0,1000.0,0.0,1461.4952533101948,0.008058758965193591
2023-05-12 16:00:00,0.0,1000.0,0.0,1483.0775014259505,-0.014767237913960538
2023-05-13 16:00:00,0.0,1000.0,0.0,1502.8502857132273,-0.013332266363872256
2023-05-14 16:00:00,0.0,1000.0,0.0,1509.6137910814637,-0.00450045186305876
2023-05-15 16:00:00,0.0,1000.0,0.0,1487.0185330352192,0.014967575269736846
2023-05-16 16:00:00,0.0,1000.0,0.0,1486.142557736842,0.000589081628047526
2023-05-17 16:00:00,0.0,1000.0,0.0,1505.5388224745775,-0.013051415987489823
2023-05-18 16:00:00,0.0,1000.0,0.0,1500.5444664964373,0.003317321282975096
2023-05-19 16:00:00,0.0,1000.0,0.0,1497.5692412872827,0.001982763773806192
2023-05-20 16:00:00,0.0,1000.0,0.0,1481.0915952059172,0.011002927695818374
2023-05-21 16:00:00,0.0,1000.0,0.0,1485.8075781770422,-0.003184126482379614
2023-05-22 16:00:00,0.0,1000.0,0.0,1507.5457953424843,-0.014630573625228793
2023-05-23 16:00:00,0.0,1000.0,0.0,1457.829528024127,0.03297827997793103
2023-05-24 16:00:00,0.0,1000.0,0.0,1450.837276392119,0.004796343809474706
2023-05-25 16:00:00,0.0,1000.0,0.0,1476.9244281596132,-0.017980756485914556
2023-05-26 16:00:00,0.0,1000.0,0.0,1482.483344928672,-0.0037638464521748205
2023-05-27 16:00:00,0.0,1000.0,0.0,1511.6029182605873,-0.019642428652927663
2023-05-28 16:00:00,0.0,1000.0,0.0,1526.656853551889,-0.009958921823612752
2023-05-29 16:00:00,0.0,1000.0,0.0,1542.6048415170544,-0.010446347473606035
2023-05-30 16:00:00,0.0,1000.0,0.0,1513.124279888976,0.019110896604658763
2023-05-31 16:00:00,0.0,1000.0,0.0,1513.9473920871055,-0.0005439818850769353
2023-06-01 16:00:00,0.0,1000.0,0.0,1541.3597495872436,-0.018106545606150565
2023-06-02 16:00:00,0.0,1000.0,0.0,1550.5208299986687,-0.005943505670158
2023-06-03 16:00:00,0.0,1000.0,0.0,1567.136315137182,-0.010716067025379956
2023-06-04 16:00:00,0.0,1000.0,0.0,1464.4730043399643,0.06551013450813371
2023-06-05 16:00:00,0.0,1000.0,0.0,1472.03285422543,-0.005162164043353457
2023-06-06 16:00:00,0.0,1000.0,0.0,1438.623461135791,0.022696092002116735
2023-06-07 16:00:00,0.0,1000.0,0.0,1449.050664639283,-0.00724804216334664
2023-06-08 16:00:00,0.0,1000.0,0.0,1430.938641972235,0.012499233538916275
2023-06-09 16:00:00,0.0,1000.0,0.0,1256.1617118251922,0.1221414566778007
2023-06-10 16:00:00,0.0,1000.0,0.0,1279.8129073418668,-0.018828145527783557
2023-06-11 16:00:00,0.0,1000.0,0.0,1287.3402816698454,-0.005881620887550573
2023-06-12 16:00:00,0.0,1000.0,0.0,1279.9164026045946,0.0057668350559348614
2023-06-13 16:00:00,0.0,1000.0,0.0,1300.2019532420074,-0.01584912154897947
2023-06-14 16:00:00,0.0,1000.0,0.0,1232.5699083194932,0.05201656923670683
2023-06-15 16:00:00,0.0,1000.0,0.0,1255.4016700280317,-0.018523705271750117
2023-06-16 16:00:00,0.0,1000.0,0.0,1288.906402249795,-0.02668845599115342
2023-06-17 16:00:00,0.0,1000.0,0.0,1298.8653422946809,-0.007726658838455961
2023-06-18 16:00:00,0.0,1000.0,0.0,1278.7713605493425,0.015470411821012069
2023-06-19 16:00:00,0.0,1000.0,0.0,1283.5948365079066,-0.0037719612022683352
2023-06-20 16:00:00,0.0,1000.0,0.0,1375.1415083317038,-0.07132053606015984
2023-06-21 16:00:00,0.0,1000.0,0.0,1382.877384629086,-0.005625512902135675
2023-06-22 16:00:00,0.0,1000.0,0.0,1415.4934046824694,-0.02358561967670877
2023-06-23 16:00:00,-0.004408258119596664,995.5917418804033,-0.004408258119596667,1369.8635453229783,0.027827751747031414
2023-06-24 16:00:00,0.0009501567691323487,996.5377101132433,-0.0034622898867567075,1397.9796321082688,-0.01957457861877186
2023-06-25 16:00:00,-0.0008724450141491813,995.6682857566434,-0.004331714243356601,1390.995025449778,0.00412376987916612
2023-06-26 16:00:00,0.0004008389167649007,996.0673883537634,-0.003932611646236637,1370.3776518371417,0.015222871516032981
2023-06-27 16:00:00,-0.0004613051192444706,995.6078973684033,-0.004392102631596686,1354.1386302405863,0.011388728756297373
2023-06-28 16:00:00,0.00031437936636247166,995.9208959483234,-0.004079104051676609,1363.438665022656,-0.0065534808175075855
2023-06-29 16:00:00,-0.0020863985824309816,993.8430080028035,-0.006156991997196542,1368.9178652345374,-0.006105061359454703
2023-06-30 16:00:00,0.0025378699353215683,996.3652522932434,-0.0036347477067565706,1406.828798043802,-0.025156218783996303
2023-07-01 16:00:00,-0.00038286832761591505,995.9837755954034,-0.0040162244045966414,1421.3111411332766,-0.010677186377980192
2023-07-02 16:00:00,0.0028780138413062595,998.8502306872833,-0.0011497693127166713,1441.9763746443537,-0.011661542567573997
2023-07-03 16:00:00,-0.0016978697990296387,997.1543130468456,-0.002845686953154427,1439.5712653152054,-2.9944185656541637e-05
2023-07-04 16:00:00,-0.006882315562092622,990.2915824003555,-0.009708417599644463,1388.0334341327446,0.028918504045942796
2023-07-05 16:00:00,-0.00087914960886748,989.4209679430235,-0.01057903205697653,1399.7914944892648,-0.009350170599703318
2023-07-06 16:00:00,-0.0012896084092927085,988.1450023424336,-0.0118549976575664,1412.0206989638068,-0.010026055603525652
2023-07-07 16:00:00,-0.0010417510508076155,987.1156012478931,-0.012884398752106905,1433.7515541618895,-0.01643164952328007
2023-07-08 16:00:00,0.0007053905697769203,987.8119032842931,-0.012188096715706934,1430.7563060083578,0.002794489022599505
2023-07-09 16:00:00,-0.0001954195792520652,987.6188654977731,-0.012381134502226929,1435.0401534242915,-0.003189533529995419
2023-07-10 16:00:00,0.0014233730709989345,989.0246155953331,-0.010975384404666897,1450.8211489086452,-0.009573528616174791
2023-07-11 16:00:00,-0.00039794245347790635,988.631040713253,-0.011368959286746985,1445.5203237398473,0.003255729932526097
2023-07-12 16:00:00,0.0019759725619283852,990.5845485235731,-0.009415451476426938,1551.210245733029,-0.0711395141299093
2023-07-13 16:00:00,0.051589808625896794,1041.6886158096745,0.0,1731.0341299513418,-0.06433508596074027
2023-07-14 16:00:00,-0.01005687727476201,1031.21248124196,-0.010056877274761955,1667.615209322466,0.026579558443959907
2023-07-15 16:00:00,0.0005276617293310526,1031.75661260312,-0.009534522174685279,1672.1968784832145,-0.0022197761299157515
2023-07-16 16:00:00,-0.0033507315735787913,1028.299473145022,-0.012853306123774413,1631.877383969479,0.02076095947939554
2023-07-17 16:00:00,-0.0022436866210847617,1025.992291374658,-0.01506815395387253,1606.6337723076101,0.013225374908810912
2023-07-18 16:00:00,7.071656217982891e-05,1026.064846022327,-0.014998502959738742,1635.2279309181483,-0.017726841975052095
2023-07-19 16:00:00,-0.00011752748418536463,1025.944255202363,-0.015114267707604689,1624.8311188231726,0.0062404926415705764
2023-07-20 16:00:00,0.0,1025.944255202363,-0.015114267707604689,1619.9392023169667,0.0030107230527126765
2023-07-21 16:00:00,0.0,1025.944255202363,-0.015114267707604689,1616.7042212253239,0.0019969768538325677
2023-07-22 16:00:00,0.0,1025.944255202363,-0.015114267707604689,1593.564999419905,0.014312588228340981
2023-07-23 16:00:00,0.0,1025.944255202363,-0.015114267707604689,1532.4383468507338,0.03835843068304263
2023-07-24 16:00:00,0.0,1025.944255202363,-0.015114267707604689,1545.365335237391,-0.008435568330186343
2023-07-25 16:00:00,0.0,1025.944255202363,-0.015114267707604689,1564.4049950637918,-0.012320491078878735
2023-07-26 16:00:00,0.0,1025.944255202363,-0.015114267707604689,1576.5618199969585,-0.0077708937081674145
2023-07-27 16:00:00,0.0,1025.944255202363,-0.015114267707604689,1578.5636042837752,-0.001269715060599649
2023-07-28 16:00:00,0.0,1025.944255202363,-0.015114267707604689,1574.811156695749,0.002377127901494136
2023-07-29 16:00:00,0.0,1025.944255202363,-0.015114267707604689,1580.68280420671,-0.003728477212011194
2023-07-30 16:00:00,0.0,1025.944255202363,-0.015114267707604689,1554.3553771545826,0.016655730664028052
2023-07-31 16:00:00,0.0,1025.944255202363,-0.015114267707604689,1536.8699010945875,0.011249342535813318
2023-08-01 16:00:00,0.0,1025.944255202363,-0.015114267707604689,1533.9568432386973,0.0018954485697296583
2023-08-02 16:00:00,0.0,1025.944255202363,-0.015114267707604689,1516.1140200064362,0.011631893889914575
2023-08-03 16:00:00,0.0,1025.944255202363,-0.015114267707604689,1521.0360417617258,-0.0032464720267335284
2023-08-04 16:00:00,0.0,1025.944255202363,-0.015114267707604689,1489.491025409744,0.020739164284000116
2023-08-05 16:00:00,0.0,1025.944255202363,-0.015114267707604689,1498.316161484,-0.005924934036999928
2023-08-06 16:00:00,0.0,1025.944255202363,-0.015114267707604689,1484.3634128899105,0.009312285986603957
2023-08-07 16:00:00,0.0,1025.944255202363,-0.015114267707604689,1516.7063458389778,-0.021789093336717715
2023-08-08 16:00:00,0.0,1025.944255202363,-0.015114267707604689,1537.5962516676404,-0.013773203946810966
2023-08-09 16:00:00,0.0,1025.944255202363,-0.015114267707604689,1524.3005363350464,0.008647078397969552
2023-08-10 16:00:00,0.0,1025.944255202363,-0.015114267707604689,1514.2533278331769,0.006591356666465772
2023-08-11 16:00:00,0.0,1025.944255202363,-0.015114267707604689,1518.75671748507,-0.002974000168345053
2023-08-12 16:00:00,0.0,1025.944255202363,-0.015114267707604689,1511.9493209114057,0.004482216602101209
2023-08-13 16:00:00,0.0,1025.944255202363,-0.015114267707604689,1519.7681180782215,-0.005171335479751825
2023-08-14 16:00:00,0.0,1025.944255202363,-0.015114267707604689,1505.7756659749944,0.009206965152631879
2023-08-15 16:00:00,0.0,1025.944255202363,-0.015114267707604689,1447.531126737748,0.03868075474545063
2023-08-16 16:00:00,0.0,1025.944255202363,-0.015114267707604689,1406.0655085421438,0.02864575236392584
2023-08-17 16:00:00,0.0,1025.944255202363,-0.015114267707604689,1326.6350025599174,0.05649132668404807
2023-08-18 16:00:00,0.0,1025.944255202363,-0.015114267707604689,1346.5877951971563,-0.01504015241474648
2023-08-19 16:00:00,0.0,1025.944255202363,-0.015114267707604689,1349.1039788124247,-0.001868562617486009
2023-08-20 16:00:00,0.0,1025.944255202363,-0.015114267707604689,1304.6982113622755,0.03291500740308996
2023-08-21 16:00:00,0.0,1025.944255202363,-0.015114267707604689,1293.1187877165723,0.00887517400181965
2023-08-22 16:00:00,0.0,1025.944255202363,-0.015114267707604689,1319.7045529191648,-0.02055941453726654
2023-08-23 16:00:00,0.0,1025.944255202363,-0.015114267707604689,1312.1017717639895,0.005760972134526643
2023-08-24 16:00:00,0.0,1025.944255202363,-0.015114267707604689,1303.1683616437135,0.0068084734831704375
2023-08-25 16:00:00,0.0,1025.944255202363,-0.015114267707604689,1309.7673294100496,-0.005063787581531333
2023-08-26 16:00:00,0.0,1025.944255202363,-0.015114267707604689,1321.2650478955582,-0.00877844348941527
2023-08-27 16:00:00,0.0,1025.944255202363,-0.015114267707604689,1319.0257903427541,0.0016947830084286083
2023-08-28 16:00:00,0.0,1025.944255202363,-0.015114267707604689,1372.5868395519765,-0.04060652157173093
2023-08-29 16:00:00,0.0,1025.944255202363,-0.015114267707604689,1341.120713196602,0.022924688951298018
2023-08-30 16:00:00,0.0,1025.944255202363,-0.015114267707604689,1322.827348561211,0.013640356498400643
2023-08-31 16:00:00,0.0,1025.944255202363,-0.015114267707604689,1279.252604809224,0.03294061299789541
2023-09-01 16:00:00,0.0,1025.944255202363,-0.015114267707604689,1282.3914358018237,-0.0024536444020512977
2023-09-02 16:00:00,0.0,1025.944255202363,-0.015114267707604689,1277.515637085448,0.0038021142221113763
2023-09-03 16:00:00,0.0,1025.944255202363,-0.015114267707604689,1279.8700150441584,-0.0018429347480098787
2023-09-04 16:00:00,0.0,1025.944255202363,-0.015114267707604689,1291.9193210202814,-0.009414476340948623
2023-09-05 16:00:00,0.0,1025.944255202363,-0.015114267707604689,1274.634167164888,0.013379437534646257
2023-09-06 16:00:00,0.0,1025.944255202363,-0.015114267707604689,1280.3200896781973,-0.004460827004156271
2023-09-07 16:00:00,0.0,1025.944255202363,-0.015114267707604689,1280.2217019914588,7.684616333967855e-05
2023-09-08 16:00:00,0.0,1025.944255202363,-0.015114267707604689,1282.4554682529003,-0.0017448276794298026
2023-09-09 16:00:00,0.0,1025.944255202363,-0.015114267707604689,1252.162040153152,0.023621426903046725
2023-09-10 16:00:00,0.0,1025.944255202363,-0.015114267707604689,1214.621394879202,0.02998066070534966
2023-09-11 16:00:00,0.0,1025.944255202363,-0.015114267707604689,1242.548120780338,-0.02299212414574108
2023-09-12 16:00:00,0.0,1025.944255202363,-0.015114267707604689,1246.4411121805404,-0.003133070933106124
2023-09-13 16:00:00,0.0,1025.944255202363,-0.015114267707604689,1263.349042044959,-0.013564964842053178
2023-09-14 16:00:00,0.0,1025.944255202363,-0.015114267707604689,1255.2084791506484,0.006443637208236501
2023-09-15 16:00:00,0.0,1025.944255202363,-0.015114267707604689,1267.129534101779,-0.00949727089096559
2023-09-16 16:00:00,0.0,1025.944255202363,-0.015114267707604689,1265.2323444250774,0.0014972342019055538
2023-09-17 16:00:00,0.0,1025.944255202363,-0.015114267707604689,1290.526269359117,-0.01999152570315716
2023-09-18 16:00:00,0.0,1025.944255202363,-0.015114267707604689,1297.5529830957298,-0.005444843629647795
2023-09-19 16:00:00,0.0,1025.944255202363,-0.015114267707604689,1288.6210435421879,0.006883680026870199
2023-09-20 16:00:00,0.0,1025.944255202363,-0.015114267707604689,1255.8980465007394,0.0253938093013745
2023-09-21 16:00:00,0.0,1025.944255202363,-0.015114267707604689,1254.057546544903,0.0014654851649499629
2023-09-22 16:00:00,0.0,1025.944255202363,-0.015114267707604689,1254.0525747298816,3.964582833693164e-06
2023-09-23 16:00:00,0.0,1025.944255202363,-0.015114267707604689,1257.3764836874793,-0.002650533976467005
2023-09-24 16:00:00,0.0,1025.944255202363,-0.015114267707604689,1247.3246165171097,0.007994317772582082
2023-09-25 16:00:00,0.0,1025.944255202363,-0.015114267707604689,1245.9311780518713,0.0011171417983630225
2023-09-26 16:00:00,0.0,1025.944255202363,-0.015114267707604689,1248.180827630245,-0.001805596984811832
2023-09-27 16:00:00,0.0,1025.944255202363,-0.015114267707604689,1279.6024057551263,-0.025173899029147524
2023-09-28 16:00:00,0.0,1025.944255202363,-0.015114267707604689,1300.4458098953398,-0.016288969172352643
2023-09-29 16:00:00,0.0,1025.944255202363,-0.015114267707604689,1306.2243538451105,-0.004443509991574343
2023-09-30 16:00:00,0.0,1025.944255202363,-0.015114267707604689,1335.351253598654,-0.02229854287114081
2023-10-01 16:00:00,0.0,1025.944255202363,-0.015114267707604689,1351.2348257728547,-0.011894677247949554
2023-10-02 16:00:00,0.0,1025.944255202363,-0.015114267707604689,1328.1700917456794,0.01706937505402395
2023-10-03 16:00:00,0.0,1025.944255202363,-0.015114267707604689,1328.1396777853927,2.28991455806555e-05
2023-10-04 16:00:00,0.0,1025.944255202363,-0.015114267707604689,1331.5347895250916,-0.002556291176662911
2023-10-05 16:00:00,0.0,1025.944255202363,-0.015114267707604689,1364.829023507188,-0.025004404123733868
2023-10-06 16:00:00,0.0,1025.944255202363,-0.015114267707604689,1353.9797669303935,0.007949169009401045
2023-10-07 16:00:00,0.0,1025.944255202363,-0.015114267707604689,1341.2282620589845,0.009417795732884562
2023-10-08 16:00:00,0.0,1025.944255202363,-0.015114267707604689,1296.4901664869046,0.03335606386894961
2023-10-09 16:00:00,0.0,1025.944255202363,-0.015114267707604689,1290.3842487537224,0.004709575044234368
2023-10-10 16:00:00,0.0,1025.944255202363,-0.015114267707604689,1273.1711447617765,0.01333951806105081
2023-10-11 16:00:00,0.0,1025.944255202363,-0.015114267707604689,1254.1964145503998,0.014903518894097467
2023-10-12 16:00:00,0.0,1025.944255202363,-0.015114267707604689,1259.4773639838747,-0.004210623927965689
2023-10-13 16:00:00,0.0,1025.944255202363,-0.015114267707604689,1275.98854298548,-0.013109548034573886
2023-10-14 16:00:00,0.0,1025.944255202363,-0.015114267707604689,1272.2755663628145,0.002909882414757568
2023-10-15 16:00:00,0.0,1025.944255202363,-0.015114267707604689,1306.299884709913,-0.02674288436141814
2023-10-16 16:00:00,0.0,1025.944255202363,-0.015114267707604689,1307.8255332616102,-0.001167916011901233
2023-10-17 16:00:00,0.0,1025.944255202363,-0.015114267707604689,1298.3032131626385,0.00728103241356954
2023-10-18 16:00:00,0.0,1025.944255202363,-0.015114267707604689,1307.3641702222756,-0.006979076203289017
2023-10-19 16:00:00,0.0,1025.944255202363,-0.015114267707604689,1358.3104598452496,-0.03896870572360278
2023-10-20 16:00:00,0.007134543962043827,1033.2638995937104,-0.008087557152974899,1398.960558239317,-0.022792412794733683
2023-10-21 16:00:00,-0.002051059136249478,1031.144614232292,-0.010122028231235793,1390.49057098299,0.004003426965193608
2023-10-22 16:00:00,0.0018519028764008016,1033.054193909374,-0.008288870368031533,1427.3469137787488,-0.024654096923154598
2023-10-23 16:00:00,0.02285470401215428,1056.6643417396872,0.0,1499.7904769870288,-0.027899294549059928
2023-10-24 16:00:00,0.009103040373645621,1066.2831999039352,0.0,1548.028354334761,-0.023060037128112124
2023-10-25 16:00:00,-0.0029374174844788437,1063.1510809891313,-0.002937417484478843,1512.8175342105515,0.01980817372230535
2023-10-26 16:00:00,0.0018357346284179066,1065.102744243743,-0.0011070751750552655,1535.3327210747907,-0.013047214805393614
2023-10-27 16:00:00,-0.0018992025518722588,1063.0798983938691,-0.0030041751669299564,1537.3787969291,-0.003231862128668661
2023-10-28 16:00:00,0.0023710339431803895,1065.6004969172739,-0.0006402642250415315,1556.2021780694654,-0.009872780774418841
2023-10-29 16:00:00,0.005388947106607089,1071.3429616319354,0.0,1600.1902624529075,-0.022877357235680407
2023-10-30 16:00:00,0.0007770004812432951,1072.1753956287,0.0,1587.267239941676,0.008852929209507183
2023-10-31 16:00:00,0.010777896360465,1083.7311909230266,0.0,1611.267084295012,-0.004342332766306118
2023-11-01 16:00:00,0.005657498561892238,1089.8623985771515,0.0,1639.8399134943795,-0.012075644178914966
2023-11-02 16:00:00,0.011004303528113324,1101.855575214972,0.0,1669.2238464831391,-0.006914477901071674
2023-11-03 16:00:00,0.0035575423888274393,1105.7754731301652,0.0,1687.27695723156,-0.007257730102310662
2023-11-04 16:00:00,0.01646344464285554,1123.980346419471,0.0,1729.3709758259686,-0.008484456419857529
2023-11-05 16:00:00,0.030723705830888015,1158.5131879425626,0.0,1792.4142553682964,-0.005730750976575015
2023-11-06 16:00:00,-0.01484333502529922,1141.3169885627037,-0.014843335025299182,1748.9788856920823,0.00938955061825391
2023-11-07 16:00:00,0.015353260096993004,1158.8399251412238,0.0,1788.2760923258584,-0.007115396874944065
2023-11-08 16:00:00,0.04030411315919902,1205.5459406175135,0.0,1885.2549665257466,-0.013926256869265803
2023-11-09 16:00:00,0.0005132809654195825,1206.1647244017713,0.0,1885.1416352417941,0.0005733955313349368
2023-11-10 16:00:00,0.008865445497426627,1216.857912026874,0.0,2001.959866806368,-0.05310243499532515
2023-11-11 16:00:00,0.008877392586515986,1227.6604374339445,0.0,2035.5496257833163,-0.007901045150366603
2023-11-12 16:00:00,-0.009243347565808357,1216.3127453179502,-0.009243347565808361,1996.8912853665784,0.009748250539721282
2023-11-13 16:00:00,-0.011006917771947955,1202.9248909452633,-0.020148524571161876,1974.5491074901543,0.00018156206175645728
2023-11-14 16:00:00,0.0085520638385852,1213.2123814056504,-0.01176877220096253,2066.5400400002873,-0.03803625962279616
2023-11-15 16:00:00,0.007540441194237246,1222.3605380237602,-0.004317072741435002,2085.759371741129,-0.0017598052896583248
2023-11-16 16:00:00,-0.008964083284640934,1211.4031963570567,-0.013242457426475904,1960.0083088161039,0.0513262189567209
2023-11-17 16:00:00,0.007045807069379295,1219.938509561818,-0.0062899541572480275,2036.790306067214,-0.0321285152565748
2023-11-18 16:00:00,-0.0023409304350040516,1217.0827183759511,-0.008616160247130638,2052.833092850688,-0.010217434332182742
2023-11-19 16:00:00,0.0012306046745516053,1218.5804660585004,-0.007396158659655945,2087.613735864851,-0.01571214782456379
2023-11-20 16:00:00,-0.00136727076311971,1216.9143366147498,-0.008753316871280937,2051.8644359116424,0.015757209373718686
2023-11-21 16:00:00,-0.019344199966685238,1193.374102344948,-0.0279281909260364,1985.8794060845778,0.012814371853264235
2023-11-22 16:00:00,-0.00012996531307207793,1193.2190051061245,-0.02805452654303124,2024.5012360677554,-0.019578190550134877
2023-11-23 16:00:00,0.0,1193.2190051061245,-0.02805452654303124,2085.6485609422234,-0.03020364906925718
2023-11-24 16:00:00,-0.002180784220890186,1190.6168519277228,-0.03017412989511186,2067.2564098968483,0.006637648275266266
2023-11-25 16:00:00,-0.0010521769994785712,1189.3641122609329,-0.031194558369135508,2045.4494845268462,0.009496550901716052
2023-11-26 16:00:00,-0.0027484378194462256,1186.095218953703,-0.03385725988459903,1976.2134564343087,0.03110037077557678
2023-11-27 16:00:00,0.0030352881077506666,1189.695359666453,-0.030924738315137115,2019.337367166005,-0.018786196100491242
2023-11-28 16:00:00,0.001209167259905497,1191.133900344623,-0.02975296423632352,2050.25336662331,-0.014100805189469465
2023-11-29 16:00:00,-0.0008459067728057157,1190.126312111003,-0.0305737027751707,2036.6851688740053,0.005771908356868345
2023-11-30 16:00:00,0.003136580569274683,1193.8592391765528,-0.027533019087951482,2077.804733943319,-0.017052875168769965
2023-12-01 16:00:00,0.0015400848894617791,1195.697883750953,-0.026035337385148294,2097.10748213467,-0.007749887298982405
2023-12-02 16:00:00,0.0037536529420543197,1200.186118630103,-0.02237941206386701,2120.4908561209395,-0.007396645354753659
2023-12-03 16:00:00,0.009044288153685853,1211.0409477250475,-0.013537529761596773,2128.3147674319944,0.0053546182414245
2023-12-04 16:00:00,0.004888380811937765,1216.9609770563775,-0.00871532555038672,2158.595959302244,-0.009339398054994777
2023-12-05 16:00:00,0.007336118165647942,1225.8887465870455,-0.0014431440428284707,2270.261164128707,-0.04439436170727783
2023-12-06 16:00:00,0.004705385502036696,1231.6570257223461,0.0,2313.061068663396,-0.014147029017908937
2023-12-07 16:00:00,0.030764735111277863,1269.5486278666385,0.0,2451.678380619791,-0.029163346267263357
2023-12-08 16:00:00,0.01894716616148484,1293.6029766689128,0.0,2600.738819864505,-0.041852178655933985
2023-12-09 16:00:00,-0.006557991377354466,1285.119539502198,-0.00655799137735446,2568.578407287674,0.0058078841696972885
2023-12-10 16:00:00,-0.029151375375627286,1247.656537403616,-0.03551819228463041,2486.7665675389844,0.0026996436614283373
2023-12-11 16:00:00,0.004315532185301452,1253.0408393469831,-0.031355940001297,2533.4961468574866,-0.014475768907646618
2023-12-12 16:00:00,0.0028349670840757124,1256.5931688815344,-0.02860986597501523,2572.625394887935,-0.012609796105709845
2023-12-13 16:00:00,-0.001588351726817483,1254.5972569518344,-0.030152775171807263,2611.9540202933126,-0.016875701950261654
2023-12-14 16:00:00,0.00453878379191619,1260.29160264707,-0.025750848307122088,2626.796639799504,-0.0011437892514350222
2023-12-15 16:00:00,0.00944645111517195,1272.1968856623373,-0.016547651321657555,2687.8395548536782,-0.013792087464211029
2023-12-16 16:00:00,-0.005903844353661203,1264.6860332621743,-0.022353800917497068,2600.1577832967814,0.026717809494151985
2023-12-17 16:00:00,-0.00621327387479742,1256.8281925718852,-0.02842818450505142,2510.3130357648784,0.02834030133862199
2023-12-18 16:00:00,-1.3448561254181257e-05,1256.8112900409515,-0.02844125074812491,2584.688081809988,-0.02964124596559183
2023-12-19 16:00:00,0.0,1256.8112900409515,-0.02844125074812491,2711.656818058042,-0.049123426978137
2023-12-20 16:00:00,0.005323317280573336,1263.5016952996461,-0.023269335269140174,2762.085964509126,-0.013273854055878442
2023-12-21 16:00:00,0.00705596245661666,1272.416915825552,-0.016377560368572956,2837.699159392888,-0.020319432753865274
2023-12-22 16:00:00,0.00031656559030701636,1272.819719237627,-0.01606617935033181,2819.170531080786,0.006846020360299624
2023-12-23 16:00:00,0.013255971319868332,1289.692180931204,-0.0030231808431512536,2924.0312108631624,-0.02393960753082839
2023-12-24 16:00:00,-2.4822681177427697e-05,1289.6601673133796,-0.003047928480874492,2970.825652439461,-0.01602822285093321
2023-12-25 16:00:00,-0.00743118365722184,1280.0764657546704,-0.010456462421780905,2902.219044654278,0.015662264364154792
2023-12-26 16:00:00,0.004412826624198285,1285.7252212637623,-0.006089778353352371,2942.229533110366,-0.009373344522939777
2023-12-27 16:00:00,0.00701773748169221,1294.7481033401818,0.0,2898.0115795331285,0.02204646079495888
2023-12-28 16:00:00,-0.006982874058641841,1285.707040396892,-0.006982874058641889,2878.6803854060877,-0.0003123713375467697
2023-12-29 16:00:00,0.002747981942853306,1289.240140127702,-0.004254080927610864,2886.193331156357,0.00013812438855262009
2023-12-30 16:00:00,-0.0011529423279613704,1287.753720599242,-0.005402118545604274,2857.8497075038085,0.008667475225699963
2023-12-31 16:00:00,-0.0013510080445121586,1286.0139549633618,-0.006745828284503941,2885.7404314395385,-0.011110346984729125
2024-01-01 16:00:00,-0.0015498170791674593,1284.020868571912,-0.008285190563782921,2943.9675134619997,-0.021727335953730758
2024-01-02 16:00:00,-0.004311751230437255,1278.48449001194,-0.012561218113612363,2776.9782366569452,0.0524107757816497
2024-01-03 16:00:00,-0.00020484721096369896,1278.2225960299006,-0.012763492194079174,2840.2370337633233,-0.022984570966570837
2024-01-04 16:00:00,0.0,1278.2225960299006,-0.012763492194079174,2716.4720262508267,0.04357559106554835
2024-01-05 16:00:00,0.0,1278.2225960299006,-0.012763492194079174,2692.752366800974,0.008731788592202075
2024-01-06 16:00:00,0.0,1278.2225960299006,-0.012763492194079174,2671.618292614273,0.007848502687162608
2024-01-07 16:00:00,0.0,1278.2225960299006,-0.012763492194079174,2675.8084307611225,-0.001568389525716791
2024-01-08 16:00:00,0.0,1278.2225960299006,-0.012763492194079174,2720.386018975604,-0.016659484177573205
2024-01-09 16:00:00,-0.004029190906312263,1273.0723931697341,-0.016741256553710223,2709.455762560103,-1.1284499184987043e-05
2024-01-10 16:00:00,0.011126813372971167,1287.2376320988155,-0.005800720018041227,2920.190627553545,-0.06665074915653237
2024-01-11 16:00:00,-0.005239401317430059,1280.4932775533514,-0.011009729035366768,2836.2481059908273,0.023506160965619385
2024-01-12 16:00:00,-0.007754729581035291,1270.5633984555916,-0.018679081144972305,2763.1095843792177,0.0180323380091107
2024-01-13 16:00:00,-0.0013248816860088608,1268.8800522780646,-0.019979215258460747,2798.619286526182,-0.01417623667667302
2024-01-14 16:00:00,-0.0010675115411139524,1267.5255081779685,-0.02102539875670386,2735.5975408146337,0.021451359108767894
2024-01-15 16:00:00,0.002060562309536884,1270.1373234664966,-0.019008160591388046,2791.8273546804376,-0.01849429381489836
2024-01-16 16:00:00,-0.00095184759106548,1268.9283463148327,-0.019941915310584018,2768.7948048435637,0.00729814315362016
2024-01-17 16:00:00,-0.0006426055985652157,1268.1129258553126,-0.020571706122724572,2752.466883236546,0.005254516708387407
2024-01-18 16:00:00,-0.002925905224203551,1264.4025476206725,-0.023437420484512837,2624.83195555284,0.043445198624873026
2024-01-19 16:00:00,3.8892324534245404e-05,1264.4517231748966,-0.02339943969574222,2654.1402758025674,-0.01112689685588367
2024-01-20 16:00:00,0.0001811668933890953,1264.6807999654247,-0.02322251200614984,2678.963443261587,-0.00917145387248719
2024-01-21 16:00:00,-0.0041406493033177005,1259.4442002921287,-0.027267005031307936,2568.861207368915,0.03695817052926077
2024-01-22 16:00:00,-7.951452897625444e-05,1259.3440561797706,-0.0273443514372225,2442.8812603917067,0.048961650721924786
2024-01-23 16:00:00,0.0,1259.3440561797706,-0.0273443514372225,2497.658106892433,-0.02242304912189741
2024-01-24 16:00:00,0.0,1259.3440561797706,-0.0273443514372225,2459.719023938109,0.01518986239534903
2024-01-25 16:00:00,0.0,1259.3440561797706,-0.0273443514372225,2573.779090947082,-0.04637117731697587
2024-01-26 16:00:00,0.0,1259.3440561797706,-0.0273443514372225,2593.1811016878055,-0.007538335674948739
2024-01-27 16:00:00,0.0,1259.3440561797706,-0.0273443514372225,2654.509701650454,-0.023649948676061325
2024-01-28 16:00:00,0.0,1259.3440561797706,-0.0273443514372225,2679.4762197682116,-0.009405321857454432
2024-01-29 16:00:00,0.0,1259.3440561797706,-0.0273443514372225,2737.4033223662705,-0.021618815711329557
2024-01-30 16:00:00,0.0,1259.3440561797706,-0.0273443514372225,2684.553179890411,0.019306669953982208
2024-01-31 16:00:00,0.0,1259.3440561797706,-0.0273443514372225,2604.9345602810263,0.029658052671780104
2024-02-01 16:00:00,0.0,1259.3440561797706,-0.0273443514372225,2695.9011616415087,-0.03492087776311311
2024-02-02 16:00:00,0.0,1259.3440561797706,-0.0273443514372225,2681.6118192306326,0.0053003955093723675
2024-02-03 16:00:00,0.0,1259.3440561797706,-0.0273443514372225,2670.110038098526,0.0042891297874001
2024-02-04 16:00:00,0.0,1259.3440561797706,-0.0273443514372225,2626.90941201368,0.016179342974048532
2024-02-05 16:00:00,0.0,1259.3440561797706,-0.0273443514372225,2640.9641771270326,-0.005350304448670827
2024-02-06 16:00:00,0.0,1259.3440561797706,-0.0273443514372225,2636.731436636195,0.0016027254468259367
2024-02-07 16:00:00,0.0,1259.3440561797706,-0.0273443514372225,2791.2510136587794,-0.05860269835433533
2024-02-08 16:00:00,0.0,1259.3440561797706,-0.0273443514372225,2847.143199308104,-0.020024062821946385
2024-02-09 16:00:00,0.0,1259.3440561797706,-0.0273443514372225,2874.476364786189,-0.009600207493858148
2024-02-10 16:00:00,0.0,1259.3440561797706,-0.0273443514372225,2899.924466130904,-0.008853125966338518
2024-02-11 16:00:00,0.0,1259.3440561797706,-0.0273443514372225,2937.1399486129276,-0.012833259250947518
2024-02-12 16:00:00,-0.004463417535031433,1253.7230778367802,-0.031685719714564964,2918.773015807868,0.0017899218108628724
2024-02-13 16:00:00,0.010316003477973679,1266.6564894681603,-0.02169658623136885,3060.280116721543,-0.03816570446823607
2024-02-14 16:00:00,0.00455170659611448,1272.4219381662838,-0.01724363612991684,3134.7864365188275,-0.019794535236513137
2024-02-15 16:00:00,-0.004409319611354712,1266.8114231604093,-0.021576923038312795,3090.9654876477525,0.009569606787133098
2024-02-16 16:00:00,-0.004949002140053227,1260.5419707161445,-0.02641914094007365,3031.6809740251883,0.014230931721867686
2024-02-17 16:00:00,0.003942330605632094,1265.5114439069825,-0.022580963322344143,3123.755107915183,-0.026428323390902144
2024-02-18 16:00:00,0.007133518824353979,1274.5389936145284,-0.015608526224922144,3144.448115110888,0.0005091175890356648
2024-02-19 16:00:00,-0.0006302377416276261,1273.7357310375764,-0.016228926884231637,3075.665646551386,0.02124402001093722
2024-02-20 16:00:00,0.009097826394362185,1285.3239575908524,-0.007278748449228936,3043.598459094318,0.019523923097371373
2024-02-21 16:00:00,0.0043370242584537255,1290.8984387748956,-0.0029732922993707723,3096.0017383901522,-0.01288051609719108
2024-02-22 16:00:00,-0.008210498955338652,1280.299518491886,-0.011159379041391578,3003.6246882440696,0.021627032787817524
2024-02-23 16:00:00,0.0055401313319862755,1287.3925459686097,-0.005681072134878043,3050.9357137621996,-0.010211179310552248
2024-02-24 16:00:00,0.00754124178168647,1297.1010844256998,0.0,3080.042090679434,-0.0019989057822039323
2024-02-25 16:00:00,0.010984892301666438,1311.3496001424908,0.0,3160.7841600577563,-0.015229707045094947
2024-02-26 16:00:00,0.0035742553552400302,1316.0366984733919,0.0,3236.4208020943743,-0.020355452655962964
2024-02-27 16:00:00,0.026301879335369982,1350.6509369175578,0.0,3394.2681499199125,-0.022470316086001425
2024-02-28 16:00:00,0.004887945108165814,1357.2528445575035,0.0,3603.1864873388163,-0.05666238862838175
2024-02-29 16:00:00,-0.008269319150092436,1346.0292876184867,-0.008269319150092451,3520.30760833908,0.014732232196462376
2024-03-01 16:00:00,0.007402753489226699,1355.9936106240057,-0.0009277813920577144,3602.702159501715,-0.0160027440779331
2024-03-02 16:00:00,0.0017041693080890319,1358.304453317196,0.0,3613.203769500887,-0.001210756637558525
2024-03-03 16:00:00,0.028347219363932252,1396.8086076183847,0.0,3776.2444682418436,-0.01677636323530729
2024-03-04 16:00:00,0.004123312820039748,1402.5680864573194,0.0,3804.8257799225216,-0.003445400466678453
2024-03-05 16:00:00,-0.016911980420977635,1378.8478824400652,-0.01691198042097761,3652.420826767166,0.023143717781965924
2024-03-06 16:00:00,-0.0005341002868654021,1378.1114393905102,-0.017437048014248686,3867.1369468075945,-0.05932144441404198
2024-03-07 16:00:00,0.0054732481549755185,1385.6541852835048,-0.012059237150145482,3859.9149015648395,0.007340791337979904
2024-03-08 16:00:00,0.00355804954651906,1390.584411529085,-0.00854409496689993,3917.267289668969,-0.0113004096596357
2024-03-09 16:00:00,0.007192328435113193,1400.5859513335508,-0.0014132184689694025,3903.5170338019007,0.010702493774948902
2024-03-10 16:00:00,0.0004847921759572049,1401.264944444513,-0.0009291114102687822,4130.865697370223,-0.057757214096753336
2024-03-11 16:00:00,0.016801118011583016,1424.8077621416196,0.0,4254.812225436439,-0.013203858462264271
2024-03-12 16:00:00,0.010617852704163155,1439.9361610917877,0.0,4308.235236400168,-0.0019380506196901171
2024-03-13 16:00:00,-0.0027887806846833563,1435.9204949385578,-0.002788780684683342,4314.432756896244,-0.0042273094919579
2024-03-14 16:00:00,-0.0033266633862966133,1431.1436708024128,-0.0061061667363838164,4286.262759197706,0.003202583744397699
2024-03-15 16:00:00,0.009117537855102054,1444.1921773970435,0.0,4351.570707929769,-0.006119033582783016
2024-03-16 16:00:00,-0.0030013997916628066,1439.8575792966828,-0.003001399791662853,4279.077149726746,0.013657770670837097
2024-03-17 16:00:00,0.011720400036274281,1456.7332861213015,0.0,4278.666750031451,0.011816308495256262
2024-03-18 16:00:00,-0.011593126205519888,1439.8451932875155,-0.011593126205519918,4069.571598370736,0.03727610429932796
2024-03-19 16:00:00,-0.00959841412102358,1426.0249628521767,-0.021080264700265597,3895.855197248815,0.03308824144524509
2024-03-20 16:00:00,0.002692483861799433,1429.8645120511794,-0.01844453911097403,4153.107209826367,-0.06333974771580604
2024-03-21 16:00:00,-0.0014130435436283673,1427.8440512341622,-0.019831519717696432,4003.1305206476127,0.03469887979509615
2024-03-22 16:00:00,0.001592247032882188,1430.1175316881581,-0.018270849363242383,4086.113221716153,-0.019137204740055664
2024-03-23 16:00:00,-0.0016430433757868013,1427.7677865511214,-0.019883872941012865,4084.6387488790033,-0.001282193649618362
2024-03-24 16:00:00,0.006424411321803936,1436.9403540839473,-0.013587203797652497,4327.84212414917,-0.053116564079487505
2024-03-25 16:00:00,-0.002257853249758579,1433.6959536357697,-0.015814379135161396,4288.059986160196,0.006934288433735605
2024-03-26 16:00:00,-0.004477849818388835,1427.276078470157,-0.020221414538811867,4137.147981434188,0.030715688801191673
2024-03-27 16:00:00,0.0017847105285502263,1429.8233531145506,-0.018472793381691208,4250.2414196742375,-0.02555137673435775
2024-03-28 16:00:00,-0.002146763094654558,1426.753861108209,-0.02057989976525876,4211.279202364578,0.00702029671736101
2024-03-29 16:00:00,0.0008784055052557527,1428.0071295544515,-0.01971957175725441,4274.615353394881,-0.014161241116782852
2024-03-30 16:00:00,-0.0007310883471424168,1426.963130182398,-0.020436243355274476,4274.09139950847,-0.0006085150058953953
2024-03-31 16:00:00,-0.0025707602628957105,1423.2947500707078,-0.022954466935829528,4090.4500326160587,0.04039541657495349
2024-04-01 16:00:00,-0.006005450086125408,1414.7472244913138,-0.02882206511651822,3876.741759095993,0.04624021281551576
2024-04-02 16:00:00,-7.223643713338834e-05,1414.6450281923721,-0.028892219550356785,3933.1511713179966,-0.014622963755931449
2024-04-03 16:00:00,0.0,1414.6450281923721,-0.028892219550356785,4016.758595260021,-0.021257109198273616
2024-04-04 16:00:00,0.0,1414.6450281923721,-0.028892219550356785,3931.544993251268,0.02121451911730757
2024-04-05 16:00:00,0.0,1414.6450281923721,-0.028892219550356785,3984.6434091628767,-0.013505737821328547
2024-04-06 16:00:00,0.0,1414.6450281923721,-0.028892219550356785,4023.758644254572,-0.009816495750096164
2024-04-07 16:00:00,0.0,1414.6450281923721,-0.028892219550356785,4143.308593092286,-0.029711013857259255
2024-04-08 16:00:00,0.0,1414.6450281923721,-0.028892219550356785,4048.4508111085615,0.022894211196788774
2024-04-09 16:00:00,0.0,1414.6450281923721,-0.028892219550356785,3977.4390106135706,0.017540487413146098
2024-04-10 16:00:00,0.0,1414.6450281923721,-0.028892219550356785,4024.829621502308,-0.011914855454044042
2024-04-11 16:00:00,0.0,1414.6450281923721,-0.028892219550356785,3942.0936550741703,0.020556389762718737
2024-04-12 16:00:00,0.0,1414.6450281923721,-0.028892219550356785,3638.022462854454,0.07713444144796591
2024-04-13 16:00:00,0.0,1414.6450281923721,-0.028892219550356785,3357.2562916314873,0.07717549138019135
2024-04-14 16:00:00,0.0,1414.6450281923721,-0.028892219550356785,3453.13167523524,-0.02855765996856961
2024-04-15 16:00:00,0.0,1414.6450281923721,-0.028892219550356785,3230.331271219646,0.06452125924228354
2024-04-16 16:00:00,0.0,1414.6450281923721,-0.028892219550356785,3182.6468398913635,0.014761467888176973
2024-04-17 16:00:00,0.0,1414.6450281923721,-0.028892219550356785,3368.80438506879,-0.058491423818729675
2024-04-18 16:00:00,0.0,1414.6450281923721,-0.028892219550356785,3435.77813522225,-0.019880569631855267
2024-04-19 16:00:00,0.0,1414.6450281923721,-0.028892219550356785,3508.936920889802,-0.021293221735582155
2024-04-20 16:00:00,0.0,1414.6450281923721,-0.028892219550356785,3555.594669619776,-0.013296833138323447
2024-04-21 16:00:00,0.0,1414.6450281923721,-0.028892219550356785,3649.692820968341,-0.02646481393184993
2024-04-22 16:00:00,0.0,1414.6450281923721,-0.028892219550356785,3679.784047118298,-0.00824486542458466
2024-04-23 16:00:00,0.0,1414.6450281923721,-0.028892219550356785,3553.746670161306,0.03425129718024985
2024-04-24 16:00:00,0.0,1414.6450281923721,-0.028892219550356785,3524.1113057361076,0.008339188798692063
2024-04-25 16:00:00,0.0,1414.6450281923721,-0.028892219550356785,3466.312252089423,0.016401029545408168
2024-04-26 16:00:00,0.0,1414.6450281923721,-0.028892219550356785,3409.8234682806888,0.016296507556318396
2024-04-27 16:00:00,0.0,1414.6450281923721,-0.028892219550356785,3494.248272832508,-0.02475928895943353
2024-04-28 16:00:00,0.0,1414.6450281923721,-0.028892219550356785,3426.4510600936574,0.01940251735000296
2024-04-29 16:00:00,0.0,1414.6450281923721,-0.028892219550356785,3254.365125250304,0.05022279081921261
2024-04-30 16:00:00,0.0,1414.6450281923721,-0.028892219550356785,3175.8853640230495,0.024115229301819197
2024-05-01 16:00:00,0.0,1414.6450281923721,-0.028892219550356785,3346.1750084697965,-0.05361958160575193
2024-05-02 16:00:00,0.0,1414.6450281923721,-0.028892219550356785,3434.3839636523007,-0.02636113023354441
2024-05-03 16:00:00,0.0,1414.6450281923721,-0.028892219550356785,3509.45676483886,-0.021859175322587823
2024-05-04 16:00:00,0.0,1414.6450281923721,-0.028892219550356785,3535.5050550483143,-0.007422314037440647
2024-05-05 16:00:00,0.0,1414.6450281923721,-0.028892219550356785,3563.99567614903,-0.008058430311118763
2024-05-06 16:00:00,0.0,1414.6450281923721,-0.028892219550356785,3530.4470427381184,0.009413208224528877
2024-05-07 16:00:00,0.0,1414.6450281923721,-0.028892219550356785,3435.5188425085576,0.026888436246288196
2024-05-08 16:00:00,0.0,1414.6450281923721,-0.028892219550356785,3430.447359507206,0.0014761912927390311
2024-05-09 16:00:00,0.0,1414.6450281923721,-0.028892219550356785,3381.6946587419984,0.014211761807128005
2024-05-10 16:00:00,0.0,1414.6450281923721,-0.028892219550356785,3372.0960837177645,0.0028383919877037794
2024-05-11 16:00:00,0.0,1414.6450281923721,-0.028892219550356785,3372.2586352667,-4.8204898348177695e-05
2024-05-12 16:00:00,0.0,1414.6450281923721,-0.028892219550356785,3397.1919823366607,-0.007393663940603605
2024-05-13 16:00:00,0.0,1414.6450281923721,-0.028892219550356785,3313.7071651058786,0.02457465390971501
2024-05-14 16:00:00,0.0,1414.6450281923721,-0.028892219550356785,3429.1313823966634,-0.034832352872405145
2024-05-15 16:00:00,0.0,1414.6450281923721,-0.028892219550356785,3472.8700415192784,-0.012755025761668346
2024-05-16 16:00:00,0.0,1414.6450281923721,-0.028892219550356785,3629.1468820036425,-0.04499933444558076
2024-05-17 16:00:00,0.0,1414.6450281923721,-0.028892219550356785,3628.1141161917835,0.00028457536865763737
2024-05-18 16:00:00,0.0,1414.6450281923721,-0.028892219550356785,3571.122818016357,0.015708243001806812
2024-05-19 16:00:00,0.0,1414.6450281923721,-0.028892219550356785,3624.467399252272,-0.014937761582097111
2024-05-20 16:00:00,0.0,1414.6450281923721,-0.028892219550356785,3886.6553293302545,-0.07233833311125148
2024-05-21 16:00:00,-0.0007011739546258777,1413.6531159435626,-0.029573135033142642,3891.319119180047,-0.0019011233853350382
2024-05-22 16:00:00,0.0018020572256918221,1416.2005997557706,-0.027824370289123605,3777.0104714116806,0.031177352406430603
2024-05-23 16:00:00,-0.0041828043024282335,1410.2769097940106,-0.03189079069579416,3738.037692069267,0.0061356154206304424
2024-05-24 16:00:00,0.0017607698571160402,1412.7600828669626,-0.030186173181654896,3762.1198708621673,-0.004681695622564327
2024-05-25 16:00:00,0.0030638628481065577,1417.0885859981468,-0.02721479662808607,3733.6184840349047,0.010639747669855013
2024-05-26 16:00:00,0.004564116303702015,1423.556343117291,-0.022774891821376254,3845.422094636228,-0.025380992196108565
2024-05-27 16:00:00,-0.003588359974460942,1418.4481105142588,-0.026281527285602704,3750.8689399383834,0.021000138341427936
2024-05-28 16:00:00,-0.0035045570429147466,1413.477078198547,-0.029693979216970166,3713.585570130407,0.006435371652271482
2024-05-29 16:00:00,0.0005416187894153879,1414.2426439425071,-0.02916844324463125,3717.161866244446,-0.00042141169594763926
2024-05-30 16:00:00,-0.001120679948084291,1412.657730569715,-0.030256434703254405,3657.485565827278,0.014933584720637487
2024-05-31 16:00:00,0.0018774415039051195,1415.3099128238991,-0.028435797885621353,3692.536589352803,-0.007705924689803054
2024-06-01 16:00:00,1.220606973162397e-05,1415.327188195387,-0.028423938905221578,3692.3919421749324,5.137891863114609e-05
2024-06-02 16:00:00,-0.00011192025647288606,1415.168784413491,-0.028532677947162247,3728.687542535899,-0.009941754393633049
2024-06-03 16:00:00,0.00047703292824663457,1415.8438665226831,-0.0280692560458274,3797.5664536123745,-0.01799566297097353
2024-06-04 16:00:00,0.010057823279268296,1430.0841739232042,-0.0182937483834486,3872.6697747874277,-0.009718873743008363
2024-06-05 16:00:00,0.0006898604470544356,1431.0707324307523,-0.01761650806983228,3870.089867761536,0.0013560435134981935
2024-06-06 16:00:00,-0.0021716087247772853,1427.9630067424323,-0.019749860631984972,3862.142995509092,-0.00011820104589028383
2024-06-07 16:00:00,-0.0074209672901165424,1417.3661399779003,-0.02702426485236717,3649.0065495778363,0.04776509034138262
2024-06-08 16:00:00,-0.0002366180711014243,1417.0307655358142,-0.027254488494046297,3653.967358510761,-0.001596113831255384
2024-06-09 16:00:00,0.0,1417.0307655358142,-0.027254488494046297,3668.875941915557,-0.004080108534650969
2024-06-10 16:00:00,0.0,1417.0307655358142,-0.027254488494046297,3422.4879933776733,0.06715624960849505
2024-06-11 16:00:00,0.0,1417.0307655358142,-0.027254488494046297,3617.2543267542437,-0.05690782078810292
2024-06-12 16:00:00,0.0,1417.0307655358142,-0.027254488494046297,3430.1686361039006,0.051720358523481114
2024-06-13 16:00:00,0.0,1417.0307655358142,-0.027254488494046297,3402.169195799034,0.008162700810147219
2024-06-14 16:00:00,0.0,1417.0307655358142,-0.027254488494046297,3427.606271522557,-0.007476722720002564
2024-06-15 16:00:00,0.0,1417.0307655358142,-0.027254488494046297,3458.250120486792,-0.008940306014384542
2024-06-16 16:00:00,0.0,1417.0307655358142,-0.027254488494046297,3364.152140579981,0.02720970913855287
2024-06-17 16:00:00,0.0,1417.0307655358142,-0.027254488494046297,3234.8481814849106,0.03843582385449957
2024-06-18 16:00:00,0.0,1417.0307655358142,-0.027254488494046297,3295.0067671543143,-0.01859703525306974
2024-06-19 16:00:00,0.0,1417.0307655358142,-0.027254488494046297,3281.9843456087197,0.003952168376528501
2024-06-20 16:00:00,0.0,1417.0307655358142,-0.027254488494046297,3249.7282675613287,0.009828224223722728
2024-06-21 16:00:00,0.0,1417.0307655358142,-0.027254488494046297,3253.9946777787754,-0.0013128513728467097
2024-06-22 16:00:00,0.0,1417.0307655358142,-0.027254488494046297,3205.0561472901163,0.015039523826776884
2024-06-23 16:00:00,0.0,1417.0307655358142,-0.027254488494046297,3082.840411324616,0.038132166910346946
2024-06-24 16:00:00,0.0,1417.0307655358142,-0.027254488494046297,3229.890544911753,-0.04769956078393088
2024-06-25 16:00:00,0.0,1417.0307655358142,-0.027254488494046297,3198.5360011048538,0.00970761806659169
2024-06-26 16:00:00,0.0,1417.0307655358142,-0.027254488494046297,3285.895166095417,-0.027312234397357766
2024-06-27 16:00:00,0.0,1417.0307655358142,-0.027254488494046297,3276.782947469213,0.0027731312673106023
2024-06-28 16:00:00,0.0,1417.0307655358142,-0.027254488494046297,3260.7964778905825,0.004878708731982817
2024-06-29 16:00:00,0.0,1417.0307655358142,-0.027254488494046297,3272.2768008246235,-0.00352071127771452
2024-06-30 16:00:00,0.0,1417.0307655358142,-0.027254488494046297,3364.680037012537,-0.028238208994002884
2024-07-01 16:00:00,0.0,1417.0307655358142,-0.027254488494046297,3334.6979154754836,0.008910838833779331
2024-07-02 16:00:00,0.0,1417.0307655358142,-0.027254488494046297,3228.5349175777114,0.03183586657283007
2024-07-03 16:00:00,0.0,1417.0307655358142,-0.027254488494046297,3069.673452088072,0.049205435141717255
2024-07-04 16:00:00,0.0,1417.0307655358142,-0.027254488494046297,2943.748900959154,0.04102213251486418
2024-07-05 16:00:00,0.0,1417.0307655358142,-0.027254488494046297,3032.3622176782205,-0.030102199508318606
2024-07-06 16:00:00,0.0,1417.0307655358142,-0.027254488494046297,2972.654919981139,0.01969002823903971
2024-07-07 16:00:00,0.0,1417.0307655358142,-0.027254488494046297,2971.078723216664,0.0005302320003173211
2024-07-08 16:00:00,0.0,1417.0307655358142,-0.027254488494046297,3038.005826687438,-0.022526196612627843
2024-07-09 16:00:00,0.0,1417.0307655358142,-0.027254488494046297,3084.069275116801,-0.015162396340624789
2024-07-10 16:00:00,0.0,1417.0307655358142,-0.027254488494046297,3069.052539565803,0.004869130428475588
2024-07-11 16:00:00,0.0,1417.0307655358142,-0.027254488494046297,3131.465467617022,-0.02033622013523725
2024-07-12 16:00:00,0.0,1417.0307655358142,-0.027254488494046297,3254.958022819046,-0.03943602651189369
2024-07-13 16:00:00,0.0,1417.0307655358142,-0.027254488494046297,3274.9006835498017,-0.006126856503508383
2024-07-14 16:00:00,0.0,1417.0307655358142,-0.027254488494046297,3400.4484427263124,-0.03833635621597661
2024-07-15 16:00:00,0.0,1417.0307655358142,-0.027254488494046297,3555.3175482987867,-0.045543729946485687
2024-07-16 16:00:00,0.0030113025116256242,1421.297873839123,-0.02432525749207588,3543.5835484138843,0.006311710907077431
2024-07-17 16:00:00,-0.006898436652774564,1411.4931404917206,-0.031055887896978926,3437.4580066377366,0.02305021287847469
2024-07-18 16:00:00,-4.5002768502833135e-05,1411.4296193926757,-0.031099493064548105,3546.860481858477,-0.03187156617945476
2024-07-19 16:00:00,-6.20014433376781e-05,1411.3421087191039,-0.031159566294428672,3608.3338755673594,-0.017393778101401018
2024-07-20 16:00:00,0.0,1411.3421087191039,-0.031159566294428672,3671.471137429361,-0.017497621905088807
2024-07-21 16:00:00,0.0,1411.3421087191039,-0.031159566294428672,3706.7129588979374,-0.009598828412212854
2024-07-22 16:00:00,-0.001828514893432609,1408.7614486535824,-0.032931105456819,3634.3884660455974,0.017683244893287906
2024-07-23 16:00:00,0.0006550415982271574,1409.6842460044293,-0.03229763510254167,3623.60961433084,0.0036208367561908483
2024-07-24 16:00:00,-0.0038362447908451003,1404.2763521589584,-0.03600997825896802,3465.5300312125596,0.03978864860084349
2024-07-25 16:00:00,0.0057850079366374985,1412.4001020014305,-0.030433288332356687,3584.544731974241,-0.02855741578780483
2024-07-26 16:00:00,0.0005237012085008708,1413.1397776417355,-0.029925525073734065,3627.9716008398523,-0.011591329321943305
2024-07-27 16:00:00,0.0008130612805135051,1414.2887468788895,-0.029136795078957015,3574.495210750584,0.015553085727476665
2024-07-28 16:00:00,0.0014532482871711938,1416.3440595778566,-0.027725889789328072,3598.1444672095454,-0.005162862538165479
2024-07-29 16:00:00,-0.003080617095522986,1411.9808458547786,-0.03072109403477744,3552.97506818265,0.009472908600438177
2024-07-30 16:00:00,-0.00048567853799386107,1411.2950770618886,-0.031191851996734882,3585.5669032745636,-0.00965878965373961
2024-07-31 16:00:00,-0.016652724869085533,1387.7931684344821,-0.04732514753636153,3334.8643196974776,0.053267204207716454
2024-08-01 16:00:00,-0.002841643945198258,1383.8495543802128,-0.05003231026260747,3268.4115201587115,0.01708504367032496
2024-08-02 16:00:00,-4.0410244020794295e-05,1383.7936326820322,-0.050070698688761614,3150.8468551645774,0.035929559959861516
2024-08-03 16:00:00,0.0,1383.7936326820322,-0.050070698688761614,2988.844315454686,0.05141555497829168
2024-08-04 16:00:00,0.0,1383.7936326820322,-0.050070698688761614,2745.070132000631,0.08156135205622772
2024-08-05 16:00:00,0.0,1383.7936326820322,-0.050070698688761614,2902.585854591372,-0.05738131086506785
2024-08-06 16:00:00,0.0,1383.7936326820322,-0.050070698688761614,2849.057827009882,0.01844149674223015
2024-08-07 16:00:00,0.0,1383.7936326820322,-0.050070698688761614,3080.0884861947247,-0.08109019655361362
2024-08-08 16:00:00,0.0,1383.7936326820322,-0.050070698688761614,3029.291389000187,0.016492090218257087
2024-08-09 16:00:00,0.0,1383.7936326820322,-0.050070698688761614,3092.090284787843,-0.020730556332641998
2024-08-10 16:00:00,0.0,1383.7936326820322,-0.050070698688761614,3044.1196961836295,0.015513967635490464
2024-08-11 16:00:00,0.0,1383.7936326820322,-0.050070698688761614,3058.659796234436,-0.004776454772470018
2024-08-12 16:00:00,0.0,1383.7936326820322,-0.050070698688761614,3031.0354605619696,0.009031516256392758
2024-08-13 16:00:00,0.0,1383.7936326820322,-0.050070698688761614,3049.2835907899594,-0.00602042782587794
2024-08-14 16:00:00,0.0,1383.7936326820322,-0.050070698688761614,3043.766026083238,0.0018094626303000025
2024-08-15 16:00:00,0.0,1383.7936326820322,-0.050070698688761614,2930.6029756965904,0.037178629834523455
2024-08-16 16:00:00,0.0,1383.7936326820322,-0.050070698688761614,3000.661142384831,-0.02390571744764815
2024-08-17 16:00:00,0.0,1383.7936326820322,-0.050070698688761614,3060.570703043988,-0.019965453550527684
2024-08-18 16:00:00,0.0,1383.7936326820322,-0.050070698688761614,3017.7050166776635,0.014005782099296513
2024-08-19 16:00:00,0.0,1383.7936326820322,-0.050070698688761614,3069.2325391094514,-0.01707506934806922
2024-08-20 16:00:00,0.0,1383.7936326820322,-0.050070698688761614,3120.3123434081213,-0.016642533156999356
2024-08-21 16:00:00,0.0,1383.7936326820322,-0.050070698688761614,3200.6365368462884,-0.025742356725235584
2024-08-22 16:00:00,0.0,1383.7936326820322,-0.050070698688761614,3274.751508308244,-0.02315632237798052
2024-08-23 16:00:00,0.0,1383.7936326820322,-0.050070698688761614,3417.4317971661853,-0.04356980628788244
2024-08-24 16:00:00,0.0,1383.7936326820322,-0.050070698688761614,3379.9013646219933,0.010982057513280297
2024-08-25 16:00:00,0.0,1383.7936326820322,-0.050070698688761614,3313.8881408881884,0.01953110952431222
2024-08-26 16:00:00,0.0,1383.7936326820322,-0.050070698688761614,3224.546336018124,0.02695981308714893
2024-08-27 16:00:00,0.0,1383.7936326820322,-0.050070698688761614,3085.421165886618,0.04314565698048124
2024-08-28 16:00:00,0.0,1383.7936326820322,-0.050070698688761614,3152.9099838207812,-0.021873453997250332
2024-08-29 16:00:00,0.0,1383.7936326820322,-0.050070698688761614,2970.5549005883745,0.05783707247214968
2024-08-30 16:00:00,0.0,1383.7936326820322,-0.050070698688761614,3048.1941346874205,-0.026136273086105253
2024-08-31 16:00:00,0.0,1383.7936326820322,-0.050070698688761614,2985.33494780235,0.02062177935773633
2024-09-01 16:00:00,0.0,1383.7936326820322,-0.050070698688761614,2973.75035335135,0.00388050073226406
2024-09-02 16:00:00,0.0,1383.7936326820322,-0.050070698688761614,2923.90281722814,0.016762515409887237
2024-09-03 16:00:00,0.0,1383.7936326820322,-0.050070698688761614,2949.2662661738773,-0.008674518453996265
2024-09-04 16:00:00,0.0,1383.7936326820322,-0.050070698688761614,2878.766349757307,0.02390422228916979
2024-09-05 16:00:00,0.0,1383.7936326820322,-0.050070698688761614,2808.8030010788552,0.024303239713896887
2024-09-06 16:00:00,0.0,1383.7936326820322,-0.050070698688761614,2844.2942681653435,-0.012635726703815171
2024-09-07 16:00:00,0.0,1383.7936326820322,-0.050070698688761614,2828.6650900161744,0.005494923054937674
2024-09-08 16:00:00,0.0,1383.7936326820322,-0.050070698688761614,2904.6589706063337,-0.0268656338491186
2024-09-09 16:00:00,0.0,1383.7936326820322,-0.050070698688761614,2952.654173490566,-0.016523524231215787
2024-09-10 16:00:00,0.0,1383.7936326820322,-0.050070698688761614,2932.9399593643925,0.0066767772207022725
2024-09-11 16:00:00,0.0,1383.7936326820322,-0.050070698688761614,3005.032218981475,-0.024580203009919716
2024-09-12 16:00:00,0.0,1383.7936326820322,-0.050070698688761614,3103.291583885956,-0.03269827334423213
2024-09-13 16:00:00,0.0,1383.7936326820322,-0.050070698688761614,3122.528380365747,-0.0061988362871474734
2024-09-14 16:00:00,0.0,1383.7936326820322,-0.050070698688761614,3108.3219601491314,0.004549652872955342
2024-09-15 16:00:00,0.0,1383.7936326820322,-0.050070698688761614,2973.1758049178684,0.04347881492455795
2024-09-16 16:00:00,0.0,1383.7936326820322,-0.050070698688761614,3082.105219974172,-0.03663739455841324
2024-09-17 16:00:00,0.0,1383.7936326820322,-0.050070698688761614,2959.1279351300823,0.03990041743127785
2024-09-18 16:00:00,0.0,1383.7936326820322,-0.050070698688761614,3194.3613298149608,-0.0794941617401
2024-09-19 16:00:00,0.0,1383.7936326820322,-0.050070698688761614,3248.6535107508194,-0.016996255379476275
2024-09-20 16:00:00,0.0,1383.7936326820322,-0.050070698688761614,3272.751407416986,-0.007417810667225323
2024-09-21 16:00:00,0.0,1383.7936326820322,-0.050070698688761614,3234.0686474522076,0.011819645047623308
2024-09-22 16:00:00,0.0,1383.7936326820322,-0.050070698688761614,3301.8208635730316,-0.02094952937198751
2024-09-23 16:00:00,0.0012588407353664177,1385.535608476193,-0.04887488898855296,3305.600935875511,0.00011399597889200888
2024-09-24 16:00:00,-0.003074574705398625,1381.275675740943,-0.05179919419653822,3337.3648300133045,-0.012683688072067276
2024-09-25 16:00:00,0.0018895198392239188,1383.8856235336928,-0.05000754996240454,3441.9733756057853,-0.029455134078059615
2024-09-26 16:00:00,0.005379910532344656,1391.330804375302,-0.04489667557479938,3481.7433928942028,-0.006174512744220539
2024-09-27 16:00:00,-0.005881202028513166,1383.1481068262772,-0.050513831183848515,3473.2390705262083,-0.0034386548880919665
2024-09-28 16:00:00,-0.0029807361050779857,1379.02530732559,-0.05334399888851094,3493.2967504114818,-0.008755656713187596
2024-09-29 16:00:00,-0.02900952677319113,1339.02043575182,-0.08080604149775673,3357.3444235526595,0.009908531603271764
2024-09-30 16:00:00,-0.013273659841140817,1321.2467339673142,-0.09300710943094727,3274.3768279471337,0.01143860829062612
2024-10-01 16:00:00,-0.0007964860845258714,1320.194379329484,-0.09372951664704937,3191.8325996039493,0.024412655282057463
2024-10-02 16:00:00,0.0,1320.194379329484,-0.09372951664704937,3019.4397103186275,0.054010629914210684
2024-10-03 16:00:00,0.0,1320.194379329484,-0.09372951664704937,3122.9049759382906,-0.03426637904578148
2024-10-04 16:00:00,0.0,1320.194379329484,-0.09372951664704937,3135.028340437671,-0.0038820792155989264
2024-10-05 16:00:00,0.0,1320.194379329484,-0.09372951664704937,3183.762473298231,-0.015545037418627037
2024-10-06 16:00:00,0.0,1320.194379329484,-0.09372951664704937,3224.2574106719844,-0.01271920807955329
2024-10-07 16:00:00,0.0,1320.194379329484,-0.09372951664704937,3142.7885135379393,0.025267491629046544
2024-10-08 16:00:00,0.0,1320.194379329484,-0.09372951664704937,3154.4152919880407,-0.0036995102915827116
2024-10-09 16:00:00,0.0,1320.194379329484,-0.09372951664704937,3097.423118638349,0.01806742869096759
2024-10-10 16:00:00,0.0,1320.194379329484,-0.09372951664704937,3173.740674335317,-0.024639047612751788
2024-10-11 16:00:00,0.0,1320.194379329484,-0.09372951664704937,3242.0477314591626,-0.02152257040917536
2024-10-12 16:00:00,0.0,1320.194379329484,-0.09372951664704937,3186.4392968674388,0.017152256597621478
2024-10-13 16:00:00,0.0,1320.194379329484,-0.09372951664704937,3360.2595981157247,-0.05455001180131301
2024-10-14 16:00:00,0.0,1320.194379329484,-0.09372951664704937,3298.5077071174155,0.018377119146668557
2024-10-15 16:00:00,0.0,1320.194379329484,-0.09372951664704937,3323.586314190754,-0.007603016060633913
2024-10-16 16:00:00,0.0,1320.194379329484,-0.09372951664704937,3320.0321674506927,0.001069370975829915
2024-10-17 16:00:00,0.0,1320.194379329484,-0.09372951664704937,3338.6434361348315,-0.0056057495064662744
2024-10-18 16:00:00,-0.0014015927935513428,1318.344004401329,-0.0949997388255251,3343.5700049423313,-0.0028772127277371423
2024-10-19 16:00:00,0.0009523950618415267,1319.599588720929,-0.09413782104581735,3385.9546705092844,-0.011724075149430366
2024-10-20 16:00:00,-0.0031301470455924463,1315.469047966929,-0.09697330286898474,3373.01213946769,0.0006922700571291773
2024-10-21 16:00:00,0.0014265406148425974,1317.3456179914224,-0.0956850986092401,3367.7397643219597,0.0029896465058763455
2024-10-22 16:00:00,-0.0023534331504249106,1314.2453331434745,-0.0978133432765963,3283.4879857117094,0.022663873561578
2024-10-23 16:00:00,0.008353126774214958,1325.2233910236423,-0.09027726375898053,3322.5918326015762,-0.0035561133570203296
2024-10-24 16:00:00,-0.001982758603572665,1322.5957929434344,-0.09208102434112811,3292.8613094195175,0.00696523280793339
2024-10-25 16:00:00,-0.0044686691647420895,1316.6855499060905,-0.0961382138717391,3203.403653172754,0.022698480569400048
2024-10-26 16:00:00,0.0020601826405326484,1319.398162619047,-0.09427609351051693,3282.4306718117386,-0.02260952096073332
2024-10-27 16:00:00,0.0016732907082557258,1321.6058993050472,-0.09276055411354302,3267.8566398519083,0.006113302826405336
2024-10-28 16:00:00,0.009323967261102295,1333.928509442247,-0.08430148322211709,3412.37867603629,-0.034901362094512035
2024-10-29 16:00:00,-0.0050343618890822395,1327.2130305915507,-0.08891144093687284,3380.5529626968623,0.004292186059105989
2024-10-30 16:00:00,-0.005518667283096579,1319.8885834619257,-0.0939394355597781,3285.771649876619,0.022518554398125272
2024-10-31 16:00:00,-0.00709885843898217,1310.5188812527008,-0.10037143124388351,3249.700780176967,0.0038790406797855215
2024-11-01 16:00:00,-0.00010512829144992963,1310.3811086418018,-0.1004660076582564,3227.8201585306647,0.006627990578992914
2024-11-02 16:00:00,-0.003130408072084978,1306.2790810418019,-0.1032819161289978,3126.2252097102983,0.028344377953978248
2024-11-03 16:00:00,-0.00013190723245937175,1306.106773383402,-0.10340019972973753,3152.650935850917,-0.008584825486249503
2024-11-04 16:00:00,0.0,1306.106773383402,-0.10340019972973753,3192.565651357863,-0.012660683443589853
2024-11-05 16:00:00,0.0,1306.106773383402,-0.10340019972973753,3414.645214719636,-0.06956147112192311
2024-11-06 16:00:00,0.007225602504314699,1315.5441817560634,-0.09692172596753676,3583.629176384734,-0.042262397284551466
2024-11-07 16:00:00,0.008660916874181135,1326.9380005585654,-0.08910024010526257,3722.524227531415,-0.03009729283734989
2024-11-08 16:00:00,-0.0001244058451269625,1326.7729217151748,-0.08921356135971822,3746.2212678790647,-0.006490258395498232
2024-11-09 16:00:00,0.05747363482535106,1403.027384113997,-0.036867354181424575,4174.878081402562,-0.05695014926847618
2024-11-10 16:00:00,0.009924421254077664,1416.951618904951,-0.027308820080766637,4209.837161646815,0.0015507443316350612
2024-11-11 16:00:00,0.0007401487367220128,1418.0003738556795,-0.026588883932728843,4294.069654178445,-0.019268343111613486
2024-11-12 16:00:00,0.023789870038566807,1451.7344184643453,-0.003431559987392217,4438.861170571261,-0.009929079129368655
2024-11-13 16:00:00,-0.0206749480777767,1421.7198847398736,-0.024035560740603798,4241.278648913916,0.023837036880725172
2024-11-14 16:00:00,-0.009353704555760012,1408.4215369769677,-0.033164443762364146,4438.2809282799,-0.055802498816526644
2024-11-15 16:00:00,0.04766972993475549,1475.560611278953,0.0,4853.228283783847,-0.04582308005390005
2024-11-16 16:00:00,0.0109406921390236,1491.7042656594256,0.0,4907.99925028765,-0.00034477874781083453
2024-11-17 16:00:00,0.006538081834135401,1501.4571502206359,0.0,5036.893141948342,-0.019723921293337904
2024-11-18 16:00:00,-0.010789959720979736,1485.2564880469781,-0.01078995972097978,4909.790518431872,0.014444370238878061
2024-11-19 16:00:00,0.009929711394869756,1500.0046563206424,-0.0009673895121016282,5053.912366390277,-0.01942425949601778
2024-11-20 16:00:00,0.008742699949303434,1513.1187469534118,0.0,5078.678341659449,0.0038423428647858604
2024-11-21 16:00:00,0.03176473516237088,1561.1825632196053,0.0,5585.8249918431775,-0.06809326254220875
2024-11-22 16:00:00,0.03491852091017633,1615.6967491979917,0.0,5976.397926141015,-0.03500363649149307
2024-11-23 16:00:00,-0.05320842215897015,1529.7280744857892,-0.05320842215897019,5485.79756570672,0.02888121887520337
2024-11-24 16:00:00,0.026192995997662116,1569.796235818307,-0.02840911414995982,5756.55984157624,-0.02316396124081347
2024-11-25 16:00:00,-0.038136429226875324,1509.929812770407,-0.06546212120565693,5407.70621093292,0.022464631170995522
2024-11-26 16:00:00,0.023854718611266756,1545.9487635768078,-0.043168983075447684,5809.741912878455,-0.050490241389098564
2024-11-27 16:00:00,-0.006260230814870704,1536.270767488853,-0.049158966092222874,5669.276019731989,0.01791741687634515
2024-11-28 16:00:00,0.009831796733077436,1551.3750694017722,-0.039810490321372426,6053.292734138321,-0.05790466786482826
2024-11-29 16:00:00,0.00998689250249929,1566.8684854509452,-0.0302211809061844,6161.055189248406,-0.007815394590332932
2024-11-30 16:00:00,0.0016201983931249941,1569.4071232533108,-0.028649946821802042,6169.415428903475,0.000263249072226476
2024-12-01 16:00:00,0.029465518081631448,1615.6505172209725,-2.86142662861763e-05,6658.5922094290245,-0.04982510291201658
2024-12-02 16:00:00,-0.001124798413199568,1613.8332360829172,-0.001153380494204455,6535.971349228582,0.017290634811079193
2024-12-03 16:00:00,0.022520999957373222,1650.1783743239482,0.0,6903.758000089573,-0.03375015412355769
2024-12-04 16:00:00,-0.009563245177173885,1634.397313944218,-0.009563245177173926,6862.687680074188,-0.003614264923976619
2024-12-05 16:00:00,-0.0002090205552209845,1634.0556913102057,-0.009770266817578265,6841.352358774075,0.002899866559379936
2024-12-06 16:00:00,0.005856838512875218,1643.6260916152544,-0.0039706511796812295,7005.80392383961,-0.018181035352022996
2024-12-07 16:00:00,-0.004333786177471377,1636.5029675784808,-0.008287229403954585,6939.162690331883,0.005178503094707385
2024-12-08 16:00:00,-0.020081425127988606,1603.6396557633225,-0.028202235155149157,6606.653741301371,0.02783630844724313
2024-12-09 16:00:00,-0.04029886782391645,1539.0147932385255,-0.06736458483220922,5967.180848830413,0.056493383974192055
2024-12-10 16:00:00,-0.00018007440499667737,1538.737656065352,-0.0675325285996744,6613.276795687798,-0.10845498063379345
2024-12-11 16:00:00,0.0,1538.737656065352,-0.0675325285996744,6820.4014379939645,-0.03131951810050082
2024-12-12 16:00:00,0.0,1538.737656065352,-0.0675325285996744,6658.581486800616,0.023725869021713
2024-12-13 16:00:00,0.0,1538.737656065352,-0.0675325285996744,6690.802880729554,-0.004839077811514428
2024-12-14 16:00:00,0.0,1538.737656065352,-0.0675325285996744,6691.892865682818,-0.0001629079458316886
2024-12-15 16:00:00,0.0,1538.737656065352,-0.0675325285996744,6661.957621092937,0.004473359808761036
2024-12-16 16:00:00,4.878261240714998e-05,1538.8127197080241,-0.06748704040043478,6781.617535577337,-0.01791289191184004
2024-12-17 16:00:00,-0.0025082546694846775,1534.9529855183541,-0.06982602038570533,6571.586552453234,0.02846237763501363
2024-12-18 16:00:00,-0.004604324631352408,1527.885563679164,-0.0741088433514865,6168.47873905931,0.05673669403687761
2024-12-19 16:00:00,-0.004545969707799635,1520.9398421896942,-0.07831791650233022,5800.069173806805,0.05517857192346286
2024-12-20 16:00:00,-9.640595260806961e-05,1520.7932145353484,-0.07840677214159157,5868.225150772652,-0.011847296316750713
2024-12-21 16:00:00,0.0,1520.7932145353484,-0.07840677214159157,5713.277915774997,0.026404446151363663
2024-12-22 16:00:00,0.0,1520.7932145353484,-0.07840677214159157,5625.981134654864,0.015279631484247904
2024-12-23 16:00:00,0.0,1520.7932145353484,-0.07840677214159157,6083.33417071439,-0.08129302696063588
2024-12-24 16:00:00,0.0,1520.7932145353484,-0.07840677214159157,6040.271908221062,0.007078727106696167
2024-12-25 16:00:00,0.0,1520.7932145353484,-0.07840677214159157,5781.96086334519,0.04276480410166653
2024-12-26 16:00:00,0.0,1520.7932145353484,-0.07840677214159157,5718.58841699511,0.010960372760706525
2024-12-27 16:00:00,0.0,1520.7932145353484,-0.07840677214159157,5814.217810067338,-0.01672255215780622
2024-12-28 16:00:00,0.0,1520.7932145353484,-0.07840677214159157,5819.0331537931415,-0.0008282014680402858
2024-12-29 16:00:00,0.0,1520.7932145353484,-0.07840677214159157,5606.991033676307,0.03643940746043276
2024-12-30 16:00:00,0.0,1520.7932145353484,-0.07840677214159157,5828.881792957384,-0.03957394580236943
2024-12-31 16:00:00,0.0,1520.7932145353484,-0.07840677214159157,5814.701452093706,0.002432772076594631
2025-01-01 16:00:00,0.0,1520.7932145353484,-0.07840677214159157,6126.446388470824,-0.053613231727463385
2025-01-02 16:00:00,0.0,1520.7932145353484,-0.07840677214159157,6404.441076521855,-0.0453761724862526
2025-01-03 16:00:00,0.0,1520.7932145353484,-0.07840677214159157,6353.991884860017,0.00787722005075223
2025-01-04 16:00:00,0.0,1520.7932145353484,-0.07840677214159157,6378.418342654847,-0.003844269592637078
2025-01-05 16:00:00,0.0,1520.7932145353484,-0.07840677214159157,6589.540164289866,-0.03309940024208968
2025-01-06 16:00:00,0.0,1520.7932145353484,-0.07840677214159157,6234.671992714524,0.05385325268953488
2025-01-07 16:00:00,0.0,1520.7932145353484,-0.07840677214159157,5999.6696709521,0.03769281239446679
2025-01-08 16:00:00,0.0,1520.7932145353484,-0.07840677214159157,5904.824605905079,0.015808381169086956
2025-01-09 16:00:00,0.0,1520.7932145353484,-0.07840677214159157,5829.093595365729,0.012825276886906252
2025-01-10 16:00:00,0.0,1520.7932145353484,-0.07840677214159157,5888.965250410699,-0.010271177510783071
2025-01-11 16:00:00,0.0,1520.7932145353484,-0.07840677214159157,6030.510393827514,-0.02403565607845001
2025-01-12 16:00:00,0.0,1520.7932145353484,-0.07840677214159157,5718.3946196755605,0.05175611246295464
2025-01-13 16:00:00,0.0,1520.7932145353484,-0.07840677214159157,5984.778629267658,-0.0465837052720245
2025-01-14 16:00:00,0.0,1520.7932145353484,-0.07840677214159157,6373.556230601889,-0.06496106630126196
2025-01-15 16:00:00,0.010214160121540194,1536.3268399403642,-0.06899347134531879,6586.991215308194,-0.023273421533661978
2025-01-16 16:00:00,-7.964937768401015e-05,1536.2044724636437,-0.06906762543594587,6719.325362868788,-0.020169876195210174
2025-01-17 16:00:00,0.0,1536.2044724636437,-0.06906762543594587,6756.38535836724,-0.005515433990329737
2025-01-18 16:00:00,0.0,1536.2044724636437,-0.06906762543594587,6802.155522772089,-0.006774356697722528
2025-01-19 16:00:00,-0.004921659571343051,1528.643797018203,-0.07364935766749214,6698.849499728668,0.0102655884557825
2025-01-20 16:00:00,-2.4119951480328083e-05,1528.6069262039882,-0.07367170120003898,6507.02196829412,0.028611772143470944
2025-01-21 16:00:00,0.0,1528.6069262039882,-0.07367170120003898,6602.810358471692,-0.014720772519949632
2025-01-22 16:00:00,0.0,1528.6069262039882,-0.07367170120003898,6541.850794473922,0.009232366324069208
2025-01-23 16:00:00,0.0,1528.6069262039882,-0.07367170120003898,6645.200498780867,-0.015798236241378043
2025-01-24 16:00:00,0.0,1528.6069262039882,-0.07367170120003898,6584.498810286936,0.009134666215875489
2025-01-25 16:00:00,0.0,1528.6069262039882,-0.07367170120003898,6602.10569879117,-0.002673990688057642
2025-01-26 16:00:00,0.0,1528.6069262039882,-0.07367170120003898,6196.652083930822,0.06141277243328363
2025-01-27 16:00:00,0.0,1528.6069262039882,-0.07367170120003898,6361.26753319209,-0.02656522377432632
2025-01-28 16:00:00,0.0,1528.6069262039882,-0.07367170120003898,6185.13383698685,0.027688459145320032
2025-01-29 16:00:00,0.0,1528.6069262039882,-0.07367170120003898,6445.37346038479,-0.04207501894974656
2025-01-30 16:00:00,0.0,1528.6069262039882,-0.07367170120003898,6539.126017681526,-0.014545713739160042
2025-01-31 16:00:00,0.0,1528.6069262039882,-0.07367170120003898,6234.099044228922,0.046646443672720604
2025-02-01 16:00:00,0.0,1528.6069262039882,-0.07367170120003898,5895.0709005642475,0.0543828613019105
2025-02-02 16:00:00,0.0,1528.6069262039882,-0.07367170120003898,5419.4847387081745,0.0806752233990183
2025-02-03 16:00:00,0.0,1528.6069262039882,-0.07367170120003898,5471.638660610723,-0.009623409681374873
2025-02-04 16:00:00,0.0,1528.6069262039882,-0.07367170120003898,5353.399304040386,0.021609496515462623
2025-02-05 16:00:00,0.0,1528.6069262039882,-0.07367170120003898,5137.637315429589,0.04030373531971606
2025-02-06 16:00:00,0.0,1528.6069262039882,-0.07367170120003898,5274.95711813469,-0.02672820097531917
2025-02-07 16:00:00,0.0,1528.6069262039882,-0.07367170120003898,5118.2831879226005,0.02970146044855269
2025-02-08 16:00:00,0.0,1528.6069262039882,-0.07367170120003898,5241.650499968676,-0.024103260315329975
2025-02-09 16:00:00,0.0,1528.6069262039882,-0.07367170120003898,5244.603498445192,-0.0005633718761931052
2025-02-10 16:00:00,0.0,1528.6069262039882,-0.07367170120003898,5413.730620493119,-0.032247837629301564
2025-02-11 16:00:00,0.0,1528.6069262039882,-0.07367170120003898,5304.9938966936625,0.020085359139933194
2025-02-12 16:00:00,0.0,1528.6069262039882,-0.07367170120003898,5419.218220032078,-0.021531471206706922
2025-02-13 16:00:00,0.0,1528.6069262039882,-0.07367170120003898,5582.313963649599,-0.030095806626616484
2025-02-14 16:00:00,0.0,1528.6069262039882,-0.07367170120003898,5520.7239774901145,0.011033056642915524
2025-02-15 16:00:00,0.0,1528.6069262039882,-0.07367170120003898,5467.152954936199,0.009703622708243178
2025-02-16 16:00:00,0.0,1528.6069262039882,-0.07367170120003898,5439.724923137652,0.00501687661285983
2025-02-17 16:00:00,0.0,1528.6069262039882,-0.07367170120003898,5192.100697968036,0.04552146085849965
2025-02-18 16:00:00,0.0,1528.6069262039882,-0.07367170120003898,5248.179705354526,-0.010800832003978142
2025-02-19 16:00:00,0.0,1528.6069262039882,-0.07367170120003898,5330.549805996067,-0.015694984788249995
2025-02-20 16:00:00,0.0,1528.6069262039882,-0.07367170120003898,5398.275707019363,-0.012705237449824516
2025-02-21 16:00:00,0.0,1528.6069262039882,-0.07367170120003898,5385.278332941392,0.002407689933485692
2025-02-22 16:00:00,0.0,1528.6069262039882,-0.07367170120003898,5263.476213951689,0.022617608869842005
2025-02-23 16:00:00,0.0,1528.6069262039882,-0.07367170120003898,5029.72812399277,0.04440945117968471
2025-02-24 16:00:00,0.0,1528.6069262039882,-0.07367170120003898,4615.67015751795,0.08232213675719026
2025-02-25 16:00:00,0.0,1528.6069262039882,-0.07367170120003898,4724.701391007578,-0.023621972491262015
2025-02-26 16:00:00,0.0,1528.6069262039882,-0.07367170120003898,4645.851234516262,0.01668891850845652
2025-02-27 16:00:00,0.0,1528.6069262039882,-0.07367170120003898,4532.102326371289,0.024483975573707295
2025-02-28 16:00:00,0.0,1528.6069262039882,-0.07367170120003898,4510.881371095223,0.004682364551344139
2025-03-01 16:00:00,0.0,1528.6069262039882,-0.07367170120003898,5040.981713461927,-0.11751591291304551
2025-03-02 16:00:00,0.0,1528.6069262039882,-0.07367170120003898,5156.293807948392,-0.02287492814713532
2025-03-03 16:00:00,0.0,1528.6069262039882,-0.07367170120003898,4673.520663304235,0.09362793561142027
2025-03-04 16:00:00,0.0,1528.6069262039882,-0.07367170120003898,4889.5905518897835,-0.046232787688753864
2025-03-05 16:00:00,0.0,1528.6069262039882,-0.07367170120003898,5074.974472797882,-0.0379139968757609
2025-03-06 16:00:00,0.0,1528.6069262039882,-0.07367170120003898,4892.876592240482,0.03588153625864613
2025-03-07 16:00:00,0.0,1528.6069262039882,-0.07367170120003898,4741.242644911513,0.030990756556060078
2025-03-08 16:00:00,0.0,1528.6069262039882,-0.07367170120003898,4476.545814904215,0.055828576985272056
2025-03-09 16:00:00,0.0,1528.6069262039882,-0.07367170120003898,4257.111720710185,0.04901861910213142
2025-03-10 16:00:00,0.0,1528.6069262039882,-0.07367170120003898,4260.346627182613,-0.0007598829170235101
2025-03-11 16:00:00,0.0,1528.6069262039882,-0.07367170120003898,4296.355056605891,-0.008451995242248727
2025-03-12 16:00:00,0.0,1528.6069262039882,-0.07367170120003898,4341.656480719279,-0.010544152779862663
2025-03-13 16:00:00,0.0,1528.6069262039882,-0.07367170120003898,4496.923461362857,-0.03576215237965018
2025-03-14 16:00:00,0.0,1528.6069262039882,-0.07367170120003898,4545.318116502306,-0.010761725334053649
2025-03-15 16:00:00,0.0,1528.6069262039882,-0.07367170120003898,4414.952327503263,0.02868133443195878
2025-03-16 16:00:00,0.0,1528.6069262039882,-0.07367170120003898,4478.844329302012,-0.014471730849895868
2025-03-17 16:00:00,0.0,1528.6069262039882,-0.07367170120003898,4361.376155199724,0.026227340239037517
2025-03-18 16:00:00,0.0,1528.6069262039882,-0.07367170120003898,4658.272009994621,-0.0680738932460416
2025-03-19 16:00:00,0.0,1528.6069262039882,-0.07367170120003898,4551.032404833375,0.02302132742166117
2025-03-20 16:00:00,0.0,1528.6069262039882,-0.07367170120003898,4483.490069593846,0.014841101805338914
2025-03-21 16:00:00,0.0,1528.6069262039882,-0.07367170120003898,4545.296254539196,-0.01378528422857612
2025-03-22 16:00:00,0.0,1528.6069262039882,-0.07367170120003898,4585.642337942001,-0.008876447462035959
2025-03-23 16:00:00,0.0,1528.6069262039882,-0.07367170120003898,4806.284618107387,-0.04811589389337504
2025-03-24 16:00:00,0.0,1528.6069262039882,-0.07367170120003898,4850.544088032252,-0.009208666036572206
2025-03-25 16:00:00,0.0,1528.6069262039882,-0.07367170120003898,4751.459820815609,0.020427454202738393
2025-03-26 16:00:00,0.0,1528.6069262039882,-0.07367170120003898,4724.328754743403,0.005710048510428127
2025-03-27 16:00:00,0.0,1528.6069262039882,-0.07367170120003898,4467.749601145357,0.05431018180951752
2025-03-28 16:00:00,0.0,1528.6069262039882,-0.07367170120003898,4360.4693935557125,0.02401213522846974
2025-03-29 16:00:00,0.0,1528.6069262039882,-0.07367170120003898,4329.7968708612825,0.007034224971229107
2025-03-30 16:00:00,0.0,1528.6069262039882,-0.07367170120003898,4328.0000064095975,0.00041499971136703195
2025-03-31 16:00:00,0.0,1528.6069262039882,-0.07367170120003898,4464.343245081442,-0.03150259668898452
2025-04-01 16:00:00,0.0,1528.6069262039882,-0.07367170120003898,4460.881291404737,0.000775467630209573
2025-04-02 16:00:00,0.0,1528.6069262039882,-0.07367170120003898,4126.725230746624,0.07490808179584763
2025-04-03 16:00:00,0.0,1528.6069262039882,-0.07367170120003898,4229.503558495736,-0.02490554180427375
2025-04-04 16:00:00,0.0,1528.6069262039882,-0.07367170120003898,4202.5895536042,0.006363395731746142
2025-04-05 16:00:00,0.0,1528.6069262039882,-0.07367170120003898,4120.081698538517,0.019632622699240803
2025-04-06 16:00:00,0.0,1528.6069262039882,-0.07367170120003898,3814.2527438153797,0.07422885687718819
2025-04-07 16:00:00,0.0,1528.6069262039882,-0.07367170120003898,3865.849543309919,-0.013527367733614784
2025-04-08 16:00:00,0.0,1528.6069262039882,-0.07367170120003898,3785.1362232300603,0.020878546662411575
2025-04-09 16:00:00,0.0,1528.6069262039882,-0.07367170120003898,3899.361079620809,-0.030177211506875277
2025-04-10 16:00:00,0.0,1528.6069262039882,-0.07367170120003898,4118.1253738702035,-0.05610259983173149
2025-04-11 16:00:00,0.0,1528.6069262039882,-0.07367170120003898,4356.531049802124,-0.057891796457830234
2025-04-12 16:00:00,0.0,1528.6069262039882,-0.07367170120003898,4259.264890508937,0.02232651579462611
2025-04-13 16:00:00,0.0,1528.6069262039882,-0.07367170120003898,4262.260711324534,-0.0007033656963367774
2025-04-14 16:00:00,0.0,1528.6069262039882,-0.07367170120003898,4254.003049201792,0.0019373901978359611
2025-04-15 16:00:00,0.0,1528.6069262039882,-0.07367170120003898,4195.745211671688,0.013694827402870742
2025-04-16 16:00:00,0.0,1528.6069262039882,-0.07367170120003898,4225.514281822245,-0.007095061460773592
2025-04-17 16:00:00,0.0,1528.6069262039882,-0.07367170120003898,4212.693548016615,0.003034123884229491
2025-04-18 16:00:00,0.0,1528.6069262039882,-0.07367170120003898,4287.274408379877,-0.0177038418563285
2025-04-19 16:00:00,0.0,1528.6069262039882,-0.07367170120003898,4225.425487487542,0.014426163338517524
2025-04-20 16:00:00,0.0,1528.6069262039882,-0.07367170120003898,4377.009652703734,-0.03587429613066585
2025-04-21 16:00:00,0.0,1528.6069262039882,-0.07367170120003898,4531.157241570746,-0.03521755744170964
2025-04-22 16:00:00,0.0,1528.6069262039882,-0.07367170120003898,4689.665493961846,-0.034981847669482376
2025-04-23 16:00:00,0.0,1528.6069262039882,-0.07367170120003898,4683.3420525457295,0.0013483779225316025
2025-04-24 16:00:00,0.0,1528.6069262039882,-0.07367170120003898,4733.815718024665,-0.010777275055427487
2025-04-25 16:00:00,-0.0011830964336619898,1526.7984368011253,-0.0747676369067494,4687.892905001647,0.00851791766542114
2025-04-26 16:00:00,-0.0007036742708167454,1525.7240680244252,-0.07541869911518506,4662.134012258923,0.004791095610816222
2025-04-27 16:00:00,-0.00010635519449464503,1525.5617993444253,-0.07551703313926678,4634.916349993688,0.005731671381675582
2025-04-28 16:00:00,0.0014744595926343695,1527.8111785736253,-0.07415392036055182,4710.387764630421,-0.014808771632635848
2025-04-29 16:00:00,-0.0012488042618468143,1525.9032414625253,-0.07531012089061974,4551.184002353692,0.032549636595223426
2025-04-30 16:00:00,0.0042112434922418895,1532.3291915579252,-0.0714160266548784,4714.168310746888,-0.031600164771828795
2025-05-01 16:00:00,0.0006985815098985437,1533.3996483982253,-0.07076733506071144,4701.7583243249,0.0033310684310160327
2025-05-02 16:00:00,-0.0013511977508045003,1531.3277222422253,-0.07202291214755142,4680.837338008654,0.0030984112833326426
2025-05-03 16:00:00,-0.0014378236044574333,1529.1259430970254,-0.07335717950886135,4594.038470257534,0.017105625245240667
2025-05-04 16:00:00,-0.0025150215474147863,1525.2801584014253,-0.07568770616915382,4491.5716747240185,0.019789274813379745
2025-05-05 16:00:00,0.0011543519247936285,1527.0408684881254,-0.07462072449365985,4487.405058547045,0.0020820040872695667
2025-05-06 16:00:00,0.0035073405116541334,1532.3967207891253,-0.07137510427203131,4541.752553614827,-0.008603778132353055
2025-05-07 16:00:00,0.0056532714999146805,1541.0597754973253,-0.06612533561490107,4900.410450903371,-0.07331578131717152
2025-05-08 16:00:00,0.0031379722376048136,1545.8955782893254,-0.06319486284465813,5208.270196020246,-0.05968528475306664
2025-05-09 16:00:00,0.00033624358475425886,1546.4153757602253,-0.06287986812712473,5345.726190036839,-0.026055627198299108
2025-05-10 16:00:00,0.0012089336895828584,1548.2848894060708,-0.06174695202851728,5333.08275523578,0.003574081912966281
2025-05-11 16:00:00,0.0012479800618871995,1550.2171180781706,-0.06057603093164405,5481.779380263767,-0.0266339471184107
2025-05-12 16:00:00,-0.0028825377324044332,1545.748558741891,-0.06328395596920877,5488.896517977296,-0.004180863918086808
2025-05-13 16:00:00,-0.0005843469501889409,1544.8453052858313,-0.06383132313273117,5521.949736674652,-0.0066061800434344
2025-05-14 16:00:00,-0.003214364666206393,1539.8796091217657,-0.06684051064926247,5380.892174963124,0.02233051865185046
2025-05-15 16:00:00,-0.0017456828047779371,1537.1914677666937,-0.06846951112393743,5379.636883696235,-0.0015123959768557071
2025-05-16 16:00:00,-0.00543659942271979,1528.8343735204235,-0.07353386924200692,5201.911388845004,0.02760010894506123
2025-05-17 16:00:00,0.00796778676053056,1541.0157998008035,-0.06615198467127342,5407.182469829998,-0.031492916362013394
2025-05-18 16:00:00,-0.0037771822293011237,1535.1951023067236,-0.06967929879964126,5185.256750259152,0.037265582798346096
2025-05-19 16:00:00,0.0007075592050338475,1536.2813437328837,-0.06902104182387334,5200.668562730831,-0.002264677892176294
2025-05-20 16:00:00,0.011141550480336937,1553.3978998760836,-0.05864849276522247,5384.772118575905,-0.02425842812326045
2025-05-21 16:00:00,0.008894334886188515,1567.2143410090835,-0.05027579721425801,5591.081094071406,-0.029419073917834222
2025-05-22 16:00:00,-0.0067826231975873785,1556.5845166641636,-0.05671741862338276,5473.263057795752,0.014289873211127718
2025-05-23 16:00:00,0.0009380410442916265,1558.0446568297036,-0.055832580845686035,5389.185453005199,0.016299554624531143
2025-05-24 16:00:00,-0.00616195890903104,1548.4440496758837,-0.061650501685760785,5254.492415611574,0.018831249910404888
2025-05-25 16:00:00,0.008118851684496775,1561.0156372569436,-0.054032181280725594,5422.19377203382,-0.023796953527057275
2025-05-26 16:00:00,0.004853282448017415,1568.5916870503236,-0.04944113226974594,5475.453847033684,-0.0049693239063634456
2025-05-27 16:00:00,-0.007180180599630215,1557.3289154502236,-0.05626631661062919,5318.7611893084995,0.021437110697614843
2025-05-28 16:00:00,-0.0003651628067251611,1556.7602368524635,-0.05661093305125671,5323.953373215638,-0.0013413645428690707
2025-05-29 16:00:00,-0.006060160276777249,1547.3260203046239,-0.06232802200032547,5135.9212685670345,0.029257974850885056
2025-05-30 16:00:00,-0.003888647847405724,1541.3090143065315,-0.06597429811914653,5018.865343610454,0.018902964180019386
2025-05-31 16:00:00,-0.0006364652378558766,1540.3280246981315,-0.06656877300965763,4996.602801865992,0.0037993066389099906
2025-06-01 16:00:00,0.0008739290812966871,1541.6741621536514,-0.06575302031500034,4996.034903737781,0.0009875859299055862
2025-06-02 16:00:00,0.0029985848605662557,1546.2970029562116,-0.06295160146568711,5168.653574121497,-0.03155254893046692
2025-06-03 16:00:00,0.0007166036097603357,1547.4050849702915,-0.06228010920077737,5131.84934502587,0.007837264448764598
2025-06-04 16:00:00,-0.0030895903602461416,1542.6242371363714,-0.06517727953600166,4993.251405438143,0.023917815794820645
2025-06-05 16:00:00,-0.0036529965333753633,1536.9890361458115,-0.06859218369317717,4942.127427208534,0.006585618364710801
2025-06-06 16:00:00,-0.00016021948525202223,1536.7427805536022,-0.06874141337406557,4993.035199013419,-0.010461000384711745
2025-06-07 16:00:00,0.0,1536.7427805536022,-0.06874141337406557,5021.486627556796,-0.005698223106658129
2025-06-08 16:00:00,0.0,1536.7427805536022,-0.06874141337406557,5075.820898362244,-0.0108203555710524
2025-06-09 16:00:00,0.0,1536.7427805536022,-0.06874141337406557,5219.419233112427,-0.028290662264406352
2025-06-10 16:00:00,0.0,1536.7427805536022,-0.06874141337406557,5384.097248749701,-0.03155102287866513
2025-06-11 16:00:00,-0.005784636563998635,1527.853282075751,-0.07412840584479961,5126.40557445276,0.04207699415910587
2025-06-12 16:00:00,-0.006627207575119032,1517.727881231108,-0.08026434908717246,4892.655732695162,0.038970012223969897
2025-06-13 16:00:00,-7.3829617471044e-05,1517.6158279622116,-0.08033225281845388,4837.054777127816,0.011290337126531174
2025-06-14 16:00:00,0.0,1517.6158279622116,-0.08033225281845388,4891.413318380246,-0.011237942044705676
2025-06-15 16:00:00,0.0,1517.6158279622116,-0.08033225281845388,5050.806361988903,-0.03258629627754279
2025-06-16 16:00:00,0.0,1517.6158279622116,-0.08033225281845388,4824.6317391096,0.04477990377564962
2025-06-17 16:00:00,0.0,1517.6158279622116,-0.08033225281845388,4777.926030746776,0.009680678420327413
2025-06-18 16:00:00,0.0,1517.6158279622116,-0.08033225281845388,4726.093875523374,0.01084825401018219
2025-06-19 16:00:00,0.0,1517.6158279622116,-0.08033225281845388,4722.017487273197,0.0008625279898243196
2025-06-20 16:00:00,0.0,1517.6158279622116,-0.08033225281845388,4637.7461900674325,0.01784646021174057
2025-06-21 16:00:00,0.0,1517.6158279622116,-0.08033225281845388,4294.089250558395,0.07409998853431025
2025-06-22 16:00:00,0.0,1517.6158279622116,-0.08033225281845388,4439.653092467863,-0.03389865310567045
2025-06-23 16:00:00,0.0,1517.6158279622116,-0.08033225281845388,4746.940628376441,-0.06921431235920439
2025-06-24 16:00:00,0.0,1517.6158279622116,-0.08033225281845388,4707.526772539353,0.008303001643095878
2025-06-25 16:00:00,0.0,1517.6158279622116,-0.08033225281845388,4669.380467650716,0.008103258193061744
2025-06-26 16:00:00,0.0,1517.6158279622116,-0.08033225281845388,4679.852024397732,-0.0022426008802587383
2025-06-27 16:00:00,0.0,1517.6158279622116,-0.08033225281845388,4754.662739353819,-0.015985700950814925
2025-06-28 16:00:00,0.0,1517.6158279622116,-0.08033225281845388,4757.776722862199,-0.0006549325744190966
2025-06-29 16:00:00,0.0,1517.6158279622116,-0.08033225281845388,4831.187180568142,-0.015429571831983981
2025-06-30 16:00:00,0.0,1517.6158279622116,-0.08033225281845388,4693.362200045332,0.028528180625492148
2025-07-01 16:00:00,0.0,1517.6158279622116,-0.08033225281845388,4841.342993119883,-0.03152980459788947
2025-07-02 16:00:00,0.0,1517.6158279622116,-0.08033225281845388,4888.129277462341,-0.009663906153508603
2025-07-03 16:00:00,0.0,1517.6158279622116,-0.08033225281845388,4784.905022424541,0.021117333273842402
2025-07-04 16:00:00,0.0,1517.6158279622116,-0.08033225281845388,4806.948062947875,-0.004606787474365286
2025-07-05 16:00:00,0.0,1517.6158279622116,-0.08033225281845388,4896.159720944537,-0.01855889783463836
2025-07-06 16:00:00,0.0,1517.6158279622116,-0.08033225281845388,4891.408801965968,0.0009703357834193024
2025-07-07 16:00:00,0.0,1517.6158279622116,-0.08033225281845388,4873.490886108766,0.003663140126419281
2025-07-08 16:00:00,0.0,1517.6158279622116,-0.08033225281845388,5012.60697801458,-0.02854547082510117
2025-07-09 16:00:00,0.0,1517.6158279622116,-0.08033225281845388,5154.30293279021,-0.028267916355124618
2025-07-10 16:00:00,0.0,1517.6158279622116,-0.08033225281845388,5567.132533236141,-0.08009416711222513
2025-07-11 16:00:00,-0.005172444138723975,1509.7660448680338,-0.08508918286693652,5433.807912592816,0.018776082296989238
2025-07-12 16:00:00,0.011988106181936908,1527.8652805237946,-0.07412113484414275,5631.010153560019,-0.024303614861456505
2025-07-13 16:00:00,0.007138616328598024,1538.7721245632397,-0.06751164085903738,5685.136168174228,-0.0024735159777146444
2025-07-14 16:00:00,-0.007446406790599824,1527.3138013657062,-0.07445532850869994,5602.73822802638,0.007047166926968607
2025-07-15 16:00:00,0.016005829015032447,1551.759724922665,-0.05964121875103573,5823.295178514368,-0.023360091988505208
2025-07-16 16:00:00,0.016864950432582626,1577.930075766764,-0.04378211451642805,6078.528864215824,-0.026964819118369503
2025-07-17 16:00:00,0.013889147902963472,1599.846179969623,-0.030501062877487658,6234.9475275498335,-0.011843832367121738
2025-07-18 16:00:00,-0.0013794797032652406,1597.6392246360085,-0.031838466983585424,6230.951236895539,-0.0007385295370230408
2025-07-19 16:00:00,0.020858681948620506,1630.9638730913318,-0.011643893491507098,6490.410060130462,-0.020781641233268547
2025-07-20 16:00:00,0.013459827658488077,1652.9163657403615,0.0,6681.988796875033,-0.016057373099197334
2025-07-21 16:00:00,-0.01444809553454729,1629.034872177528,-0.01444809553454725,6582.129715423429,0.0004964194126051112
2025-07-22 16:00:00,-0.013330357768302159,1607.3192545143613,-0.027585855020303248,6421.757139478034,0.011034488091481793
2025-07-23 16:00:00,-0.001846712004019091,1604.3509987527586,-0.02938162389471521,6375.301842068138,0.0053873356874312005
2025-07-24 16:00:00,-0.013911668198328342,1582.0317999844535,-0.04288454469029223,6128.501457785146,0.024800284646704425
2025-07-25 16:00:00,0.00913760272083941,1596.4877780644458,-0.034138803901696865,6394.718750020216,-0.03430161224367519
2025-07-26 16:00:00,0.015278515235447765,1620.8797409048098,-0.019381878901781047,6447.247142808699,0.007064175427568447
2025-07-27 16:00:00,0.006905039001742663,1632.071978732892,-0.012610672529782287,6480.5825878382375,0.0017345461865693511
2025-07-28 16:00:00,-0.012485896979177902,1611.69409614383,-0.02493911395091522,6289.60220423458,0.016983734958243932
2025-07-29 16:00:00,-0.004023714590816074,1605.2090990932438,-0.02886248066504501,6241.943481639268,0.0035536680556134915
2025-07-30 16:00:00,0.002848495751259561,1609.781530391894,-0.02609619956733073,6213.017199114535,0.00748267461074784
2025-07-31 16:00:00,-0.006422823337358663,1599.442188010444,-0.03235141162509199,5979.154147432723,0.031217994994053977
2025-08-01 16:00:00,-0.0057023626730923205,1590.321588579764,-0.03786929481611158,5729.8471141416485,0.03599367444916855
2025-08-02 16:00:00,-0.00010658560003551365,1590.1520831989958,-0.0379718440946362,5808.863748036937,-0.013896942012909173
2025-08-03 16:00:00,0.0,1590.1520831989958,-0.0379718440946362,5983.6334488849825,-0.030086727530338
2025-08-04 16:00:00,0.0,1590.1520831989958,-0.0379718440946362,5863.2152471062145,0.020124595332825273
2025-08-05 16:00:00,0.0,1590.1520831989958,-0.0379718440946362,6008.835914689079,-0.02483631615856769
2025-08-06 16:00:00,0.0,1590.1520831989958,-0.0379718440946362,6126.465195508726,-0.019576051416563458
2025-08-07 16:00:00,0.0,1590.1520831989958,-0.0379718440946362,6271.2243136897905,-0.023628489440727818
2025-08-08 16:00:00,0.006587578623601376,1600.6273350705526,-0.031634407979491436,6462.824372726984,-0.02396467871137209
2025-08-09 16:00:00,0.0002113742570972743,1600.9656664843928,-0.03142972042187947,6444.23327566993,0.003087995372705448
2025-08-10 16:00:00,0.0029202467480182737,1605.6408812656327,-0.028601256212714345,6473.844947276101,-0.0016748183806711992
2025-08-11 16:00:00,0.003700224163897037,1611.5821124530328,-0.025006863108173398,6564.4634513195,-0.010297408584710557
2025-08-12 16:00:00,0.004976349944976199,1619.601909009663,-0.020154956065049676,6827.931613303633,-0.03515917125000793
2025-08-13 16:00:00,-0.0011868148265368195,1617.6797414509629,-0.021317850690900315,6757.212074973148,0.009170573374700095
2025-08-14 16:00:00,-0.00486371635691818,1609.8118060322126,-0.026077883068718825,6602.207460514406,0.01807542078113863
2025-08-15 16:00:00,-0.0007977237689261729,1608.5276208910427,-0.02685480389047784,6659.0517423761685,-0.00940761405209732
2025-08-16 16:00:00,0.0041632642742375214,1615.2243464692228,-0.0228033432618691,6893.268267840067,-0.031009390110382444
2025-08-17 16:00:00,-0.005600934187796058,1606.1775812061228,-0.028276557424793722,6584.554561452629,0.0391838753382911
2025-08-18 16:00:00,-8.986839271329927e-05,1606.0332366084876,-0.028363884648739807,6380.922545169399,0.03083584030675357
2025-08-19 16:00:00,0.0,1606.0332366084876,-0.028363884648739807,6423.130702593945,-0.006614742167102228
2025-08-20 16:00:00,0.0,1606.0332366084876,-0.028363884648739807,6393.048168596335,0.0046834690730271755
2025-08-21 16:00:00,0.0,1606.0332366084876,-0.028363884648739807,6741.894348897087,-0.054566487081129766
2025-08-22 16:00:00,0.0,1606.0332366084876,-0.028363884648739807,6882.772839291136,-0.020895980136071763
2025-08-23 16:00:00,-0.003639325609708921,1600.1883587204547,-0.03189998484665569,6857.025728390106,0.00010147936848952429
2025-08-24 16:00:00,-0.0006474499003034095,1599.1523169271345,-0.032526781104950456,6644.864234937714,0.03029329640227821
2025-08-25 16:00:00,-0.0022403657832570367,1595.5696307940748,-0.03469427500078044,6517.173119103697,0.016976146596730364
2025-08-26 16:00:00,0.0024617985615740245,1599.4976018160548,-0.03231788675549819,6772.7954253218795,-0.036761082516861575
2025-08-27 16:00:00,0.0007333131775677515,1600.6705344849547,-0.0316082727101593,6720.93197636482,0.008390926570577353
2025-08-28 16:00:00,-0.0017999895551441547,1597.7893442416548,-0.033351367704569,6476.273956388756,0.03460240535622242
2025-08-29 16:00:00,8.362238946046929e-05,1597.9229552044749,-0.03327053423616771,6483.139994749576,-0.0009765610442632308
2025-08-30 16:00:00,0.0004413941167080715,1598.6282689958548,-0.03284382553753128,6538.4643260253315,-0.008092176239718125
2025-08-31 16:00:00,-0.0024198911245387755,1594.759762636275,-0.035184238180155904,6414.432531118479,0.016549669420918893
2025-09-01 16:00:00,-3.0100559171852836e-05,1594.7117594756749,-0.035213279674084455,6433.3013018301535,-0.0029717124040444165
2025-09-02 16:00:00,0.002137249665206342,1598.1200566497148,-0.0331512895790724,6682.894017697741,-0.036659738717194204
2025-09-03 16:00:00,-0.002615766301014677,1593.9397480605548,-0.03568033985397094,6485.942206085702,0.026855269913306352
2025-09-04 16:00:00,0.0007362076635504256,1595.1132187183148,-0.034970400330059014,6500.830473271392,-0.0015592594733169368
2025-09-05 16:00:00,0.0017782637223953124,1597.949750688275,-0.033254323201928226,6485.988430603706,0.004061363201563615
2025-09-06 16:00:00,0.002425441802090811,1601.8254848112347,-0.030909537825431696,6595.178107377627,-0.014409259329770156
2025-09-07 16:00:00,0.0008294277926015337,1603.1540833872346,-0.03010574726255904,6778.9975749821215,-0.027042369543526106
2025-09-08 16:00:00,-0.0011003393314589216,1601.3900698948946,-0.03117296005620199,6714.3419781798875,0.008437294527689519
2025-09-09 16:00:00,0.0035721930843841676,1607.1105444279747,-0.027712122804150353,6989.841814097865,-0.037459353538247066
2025-09-10 16:00:00,0.0018844821201584594,1610.1391155140673,-0.02587986368392798,7002.943350545891,1.011403051124184e-05
2025-09-11 16:00:00,0.006135004952075418,1620.0173269612765,-0.01990363182371246,7127.934765502041,-0.011713406594250558
2025-09-12 16:00:00,0.008887354701433203,1634.414995568449,-0.0111931677581433,7324.246764393433,-0.018653862404187458
2025-09-13 16:00:00,-0.00242878027804172,1630.4453606610768,-0.013594762291085178,7192.601656638468,0.01554509635251557
2025-09-14 16:00:00,-0.007759772902619089,1617.793474932218,-0.021249042925660346,7061.777537853583,0.010428933358367778
2025-09-15 16:00:00,0.010566378338559224,1634.8876928620043,-0.010907190013985912,7181.83420432694,-0.006434534792704411
2025-09-16 16:00:00,-0.0013466983278892508,1632.6859923397403,-0.012239199647321366,7156.512596657408,0.002179087279118514
2025-09-17 16:00:00,0.024143473199833787,1672.104702839539,0.0,7529.860359914221,-0.028025478955883934
2025-09-18 16:00:00,-0.004532413944764557,1664.5260321672827,-0.00453241394476454,7382.958346084357,0.014976847423734094
2025-09-19 16:00:00,-2.0051252015762522e-05,1664.492656336325,-0.004552374316206046,7428.112046619919,-0.006135987224959545
2025-09-20 16:00:00,0.0041742394672501515,1671.440647275352,-0.00039713754949636246,7409.441537029945,0.006687732730786758
2025-09-21 16:00:00,-0.0213442848820129,1635.7649419365307,-0.021732945814515507,7019.157891668006,0.0313295426138152
2025-09-22 16:00:00,-0.0003018217629793263,1635.2712324779357,-0.022028208101474357,7148.305463413967,-0.018701118906481802
2025-09-23 16:00:00,0.0,1635.2712324779357,-0.022028208101474357,7111.079999433138,0.005207592788438409
2025-09-24 16:00:00,0.0,1635.2712324779357,-0.022028208101474357,6782.560058503945,0.04619831881449531
2025-09-25 16:00:00,0.0,1635.2712324779357,-0.022028208101474357,6542.74820469871,0.03535712942262267
2025-09-26 16:00:00,0.0,1635.2712324779357,-0.022028208101474357,6688.288751023753,-0.022244558673452035
2025-09-27 16:00:00,0.0,1635.2712324779357,-0.022028208101474357,6702.509287585352,-0.0021261846028134573
2025-09-28 16:00:00,0.0,1635.2712324779357,-0.022028208101474357,6943.666506170269,-0.03598013941309989
2025-09-29 16:00:00,0.0,1635.2712324779357,-0.022028208101474357,6804.354710975259,0.020063146044127306
2025-09-30 16:00:00,0.0,1635.2712324779357,-0.022028208101474357,7138.215333694466,-0.049065728772296015
2025-10-01 16:00:00,0.0,1635.2712324779357,-0.022028208101474357,7269.006285617491,-0.01832264029716963
2025-10-02 16:00:00,0.0,1635.2712324779357,-0.022028208101474357,7548.1457031314485,-0.03840131739413498
2025-10-03 16:00:00,-0.0023928679031113287,1631.3582444328579,-0.024368365412456627,7325.678162003623,0.027080270252599164
2025-10-04 16:00:00,0.0014864186456868822,1633.7831257451778,-0.02291816835948378,7446.330329083819,-0.014983342161713504
2025-10-05 16:00:00,0.006726620465373978,1644.7729647547978,-0.016345709714425682,7633.202329431047,-0.01836923105995303
2025-10-06 16:00:00,0.006248802127698072,1655.0508255565378,-0.010199048692369898,7382.848413255609,0.039046821277558395
2025-10-07 16:00:00,0.0013065633283455558,1657.213254271758,-0.008905811067029852,7334.071400348135,0.0079133646842959
2025-10-08 16:00:00,-0.005610934959704994,1647.914738487678,-0.014466776100074316,7186.854827694249,0.01446203196653701
2025-10-09 16:00:00,-0.002559244997778487,1643.697320936438,-0.016988997073484707,6974.7379678522175,0.02695531525528916
2025-10-10 16:00:00,-0.0077026534565663995,1631.036490085778,-0.024560790173019428,6245.392532770269,0.09686692871894009
2025-10-11 16:00:00,-0.0001201673098357725,1630.8404928185205,-0.024678006078772647,6487.051920103842,-0.03881419431703497
2025-10-12 16:00:00,0.0,1630.8404928185205,-0.024678006078772647,6628.7015471245795,-0.021835747388078603
2025-10-13 16:00:00,0.0,1630.8404928185205,-0.024678006078772647,6528.699103647579,0.015086279381575156
2025-10-14 16:00:00,0.0,1630.8404928185205,-0.024678006078772647,6339.445096796433,0.028988011830015314
2025-10-15 16:00:00,0.0,1630.8404928185205,-0.024678006078772647,6144.824620255834,0.030699923032529806
2025-10-16 16:00:00,0.0,1630.8404928185205,-0.024678006078772647,5930.269055301516,0.03491646681779258
2025-10-17 16:00:00,0.0,1630.8404928185205,-0.024678006078772647,6003.176275005911,-0.012294082953827517
2025-10-18 16:00:00,0.0,1630.8404928185205,-0.024678006078772647,6174.172869256584,-0.0284843533518438
2025-10-19 16:00:00,0.0,1630.8404928185205,-0.024678006078772647,6216.366208359501,-0.006833844791261526
2025-10-20 16:00:00,0.0,1630.8404928185205,-0.024678006078772647,6329.702939011775,-0.018231990660373842
2025-10-21 16:00:00,0.0,1630.8404928185205,-0.024678006078772647,5997.261215037233,0.05252090456340503
2025-10-22 16:00:00,0.0,1630.8404928185205,-0.024678006078772647,6101.421087965274,-0.017367906648267324
2025-10-23 16:00:00,0.0,1630.8404928185205,-0.024678006078772647,6094.959865684037,0.0010589700642003042
2025-10-24 16:00:00,0.0,1630.8404928185205,-0.024678006078772647,6193.896853962459,-0.016232590609079795
2025-10-25 16:00:00,0.0,1630.8404928185205,-0.024678006078772647,6388.303808623874,-0.03138685697309364
2025-10-26 16:00:00,0.0,1630.8404928185205,-0.024678006078772647,6434.388885452428,-0.007213977013169092
2025-10-27 16:00:00,0.0,1630.8404928185205,-0.024678006078772647,6360.8727247657025,0.011425507844721563
2025-10-28 16:00:00,0.0,1630.8404928185205,-0.024678006078772647,6202.340951418689,0.02492295950676358
2025-10-29 16:00:00,0.0,1630.8404928185205,-0.024678006078772647,5898.202718191082,0.04903603907135112
2025-10-30 16:00:00,0.0,1630.8404928185205,-0.024678006078772647,5995.528256373665,-0.01650088049405531
2025-10-31 16:00:00,0.0,1630.8404928185205,-0.024678006078772647,6011.690391242003,-0.0026956982232809734
2025-11-01 16:00:00,0.0,1630.8404928185205,-0.024678006078772647,5944.845753426336,0.011119108514478409
2025-11-02 16:00:00,0.0,1630.8404928185205,-0.024678006078772647,5478.526038441624,0.07844101164709723
2025-11-03 16:00:00,0.0,1630.8404928185205,-0.024678006078772647,5369.470962861032,0.019905915353030528
2025-11-04 16:00:00,0.0,1630.8404928185205,-0.024678006078772647,5379.134371850963,-0.001799694803598016
2025-11-05 16:00:00,0.0,1630.8404928185205,-0.024678006078772647,5206.922231509774,0.03201484261898657
2025-11-06 16:00:00,0.0,1630.8404928185205,-0.024678006078772647,5270.9496111628005,-0.012296588427144936
2025-11-07 16:00:00,0.0,1630.8404928185205,-0.024678006078772647,5385.105916613655,-0.021657635506341207
2025-11-08 16:00:00,0.0,1630.8404928185205,-0.024678006078772647,5534.651735232348,-0.027770265048516034
2025-11-09 16:00:00,0.0,1630.8404928185205,-0.024678006078772647,5648.793541141497,-0.02062312343567136
2025-11-10 16:00:00,0.0,1630.8404928185205,-0.024678006078772647,5537.467388386671,0.0197079521395165
2025-11-11 16:00:00,0.0,1630.8404928185205,-0.024678006078772647,5400.07705986027,0.024811040659948547
2025-11-12 16:00:00,0.0,1630.8404928185205,-0.024678006078772647,5391.496243175262,0.0015890174510267657
2025-11-13 16:00:00,0.0,1630.8404928185205,-0.024678006078772647,5073.05762518287,0.05906312526795941
2025-11-14 16:00:00,0.0,1630.8404928185205,-0.024678006078772647,5049.524638598965,0.004638817124230151
2025-11-15 16:00:00,0.0,1630.8404928185205,-0.024678006078772647,4907.350072750168,0.028156029730403303
2025-11-16 16:00:00,0.0,1630.8404928185205,-0.024678006078772647,4899.09139330899,0.0016829203783601848
2025-11-17 16:00:00,0.0,1630.8404928185205,-0.024678006078772647,4887.448174907677,0.0023766077148948328
2025-11-18 16:00:00,0.0,1630.8404928185205,-0.024678006078772647,4687.72222119053,0.04086507857874517
2025-11-19 16:00:00,0.0,1630.8404928185205,-0.024678006078772647,4706.0780178427185,-0.003915717652639793
2025-11-20 16:00:00,0.0,1630.8404928185205,-0.024678006078772647,4281.170336898599,0.09028912808778686
2025-11-21 16:00:00,0.0,1630.8404928185205,-0.024678006078772647,4324.369858985546,-0.010090587079569826
2025-11-22 16:00:00,0.0,1630.8404928185205,-0.024678006078772647,4497.456695681655,-0.040025909517534694
2025-11-23 16:00:00,0.0,1630.8404928185205,-0.024678006078772647,4494.127097817417,0.0007403290547377857
2025-11-24 16:00:00,0.0,1630.8404928185205,-0.024678006078772647,4570.06147035653,-0.016896356263709333
2025-11-25 16:00:00,0.0,1630.8404928185205,-0.024678006078772647,4600.95822296622,-0.006760686439362181
2025-11-26 16:00:00,0.0,1630.8404928185205,-0.024678006078772647,4786.142810703112,-0.0402491348025118
2025-11-27 16:00:00,0.0,1630.8404928185205,-0.024678006078772647,4833.209633053375,-0.009833977842242492
2025-11-28 16:00:00,0.0,1630.8404928185205,-0.024678006078772647,4733.641519860431,0.020600826521576434
2025-11-29 16:00:00,0.0,1630.8404928185205,-0.024678006078772647,4721.41805595246,0.0025822538222815944
2025-11-30 16:00:00,0.0,1630.8404928185205,-0.024678006078772647,4280.291112113612,0.09343102826548147
2025-12-01 16:00:00,0.0,1630.8404928185205,-0.024678006078772647,4666.008175255283,-0.09011467982868195
2025-12-02 16:00:00,0.0,1630.8404928185205,-0.024678006078772647,4767.312816627815,-0.021711201002554796
2025-12-03 16:00:00,0.0,1630.8404928185205,-0.024678006078772647,4868.114219123956,-0.02114428114399323
2025-12-04 16:00:00,0.0,1630.8404928185205,-0.024678006078772647,4658.495200392016,0.043059593365428715
2025-12-05 16:00:00,0.0,1630.8404928185205,-0.024678006078772647,4579.406430263329,0.016977321372367755
2025-12-06 16:00:00,0.0,1630.8404928185205,-0.024678006078772647,4591.2384510194815,-0.0025837454998448267
2025-12-07 16:00:00,0.0,1630.8404928185205,-0.024678006078772647,4672.130908020714,-0.01761887513885704
2025-12-08 16:00:00,0.0,1630.8404928185205,-0.024678006078772647,4833.765296547116,-0.03459543230026422
2025-12-09 16:00:00,0.0,1630.8404928185205,-0.024678006078772647,4803.23741677852,0.0063155486242583315
2025-12-10 16:00:00,0.0,1630.8404928185205,-0.024678006078772647,4564.12556531394,0.04978139340548176
2025-12-11 16:00:00,0.0,1630.8404928185205,-0.024678006078772647,4535.354359786976,0.006303771689722245
2025-12-12 16:00:00,0.0,1630.8404928185205,-0.024678006078772647,4609.588754724708,-0.016367937111140898
2025-12-13 16:00:00,0.0,1630.8404928185205,-0.024678006078772647,4523.145575024166,0.018752904933643073
2025-12-14 16:00:00,0.0,1630.8404928185205,-0.024678006078772647,4385.015553575023,0.030538486802606464
2025-12-15 16:00:00,0.0,1630.8404928185205,-0.024678006078772647,4413.459353628211,-0.006486590459182825
2025-12-16 16:00:00,0.0,1630.8404928185205,-0.024678006078772647,4332.183771864151,0.018415391476811753
2025-12-17 16:00:00,0.0,1630.8404928185205,-0.024678006078772647,4342.933708272155,-0.0024814128333661306
2025-12-18 16:00:00,0.0,1630.8404928185205,-0.024678006078772647,4308.994465687943,0.007814819397212038
2025-12-19 16:00:00,0.0,1630.8404928185205,-0.024678006078772647,4355.571901560723,-0.010809351518937962
2025-12-20 16:00:00,0.0,1630.8404928185205,-0.024678006078772647,4301.371304210391,0.012443967996696623
2025-12-21 16:00:00,0.0,1630.8404928185205,-0.024678006078772647,4412.484520333067,-0.025832044774631253
2025-12-22 16:00:00,0.0,1630.8404928185205,-0.024678006078772647,4261.609432806416,0.034192774350007796
2025-12-23 16:00:00,0.0,1630.8404928185205,-0.024678006078772647,4241.051383974371,0.004824010542539796
2025-12-24 16:00:00,0.0,1630.8404928185205,-0.024678006078772647,4288.987905799641,-0.011302980672766028
2025-12-25 16:00:00,0.0,1630.8404928185205,-0.024678006078772647,4214.591462092974,0.017345920608931382
2025-12-26 16:00:00,0.0,1630.8404928185205,-0.024678006078772647,4272.862803548089,-0.013826094884692917
2025-12-27 16:00:00,0.0,1630.8404928185205,-0.024678006078772647,4335.697871205796,-0.014705613202822996
2025-12-28 16:00:00,0.0,1630.8404928185205,-0.024678006078772647,4312.0859610626485,0.005445930700097579
2025-12-29 16:00:00,0.0,1630.8404928185205,-0.024678006078772647,4327.444164835305,-0.0035616645659057706
2025-12-30 16:00:00,0.0,1630.8404928185205,-0.024678006078772647,4289.089484568994,0.008863125393501536
2025-12-31 16:00:00,0.0,1630.8404928185205,-0.024678006078772647,4297.072610074293,-0.0018612634532389563
2026-01-01 16:00:00,0.0,1630.8404928185205,-0.024678006078772647,4458.282836079908,-0.037516290887816196
2026-01-02 16:00:00,0.0,1630.8404928185205,-0.024678006078772647,4556.724218442625,-0.022080560157837596
2026-01-03 16:00:00,0.0,1630.8404928185205,-0.024678006078772647,4666.260421458047,-0.024038365668936308
2026-01-04 16:00:00,0.0,1630.8404928185205,-0.024678006078772647,4763.559592319887,-0.020851637515644245
2026-01-05 16:00:00,0.0,1630.8404928185205,-0.024678006078772647,4901.729086070438,-0.02900551385424396
2026-01-06 16:00:00,0.0,1630.8404928185205,-0.024678006078772647,4717.423700239173,0.03760007593137249
2026-01-07 16:00:00,0.0,1630.8404928185205,-0.024678006078772647,4658.673985895234,0.012453770972694147
2026-01-08 16:00:00,0.0,1630.8404928185205,-0.024678006078772647,4681.167700907196,-0.004828351389271893
2026-01-09 16:00:00,0.0,1630.8404928185205,-0.024678006078772647,4645.8519713522,0.007544213711496209
2026-01-10 16:00:00,0.0,1630.8404928185205,-0.024678006078772647,4660.900793608455,-0.0032391953831182796
2026-01-11 16:00:00,0.0,1630.8404928185205,-0.024678006078772647,4697.412518043077,-0.00783361973391296
2026-01-12 16:00:00,0.0,1630.8404928185205,-0.024678006078772647,4780.356468639391,-0.017657369940945022
2026-01-13 16:00:00,0.0,1630.8404928185205,-0.024678006078772647,4936.204974451866,-0.03260185863436942
2026-01-14 16:00:00,0.0,1630.8404928185205,-0.024678006078772647,4825.915912681072,0.022342885342406298
2026-01-15 16:00:00,0.0,1630.8404928185205,-0.024678006078772647,4691.436687389396,0.027866052315231093
2026-01-16 16:00:00,0.0,1630.8404928185205,-0.024678006078772647,4826.583446268808,-0.028807115577769223
2026-01-17 16:00:00,0.0,1630.8404928185205,-0.024678006078772647,4765.40883435086,0.012674516580716801
2026-01-18 16:00:00,0.0,1630.8404928185205,-0.024678006078772647,4558.7788428346375,0.04336039124843933
2026-01-19 16:00:00,0.0,1630.8404928185205,-0.024678006078772647,4412.22637565379,0.03214730791584589
2026-01-20 16:00:00,0.0,1630.8404928185205,-0.024678006078772647,4424.947370198305,-0.002883123725180784
2026-01-21 16:00:00,0.0,1630.8404928185205,-0.024678006078772647,4349.640182014787,0.017018776017700805
2026-01-22 16:00:00,0.0,1630.8404928185205,-0.024678006078772647,4375.071229541259,-0.005846701442484115
2026-01-23 16:00:00,0.0,1630.8404928185205,-0.024678006078772647,4347.863225686532,0.00621887105997592
2026-01-24 16:00:00,0.0,1630.8404928185205,-0.024678006078772647,4294.561171686343,0.012259367701653636
2026-01-25 16:00:00,0.0,1630.8404928185205,-0.024678006078772647,4276.218135702977,0.0042712247538351554
2026-01-26 16:00:00,0.0,1630.8404928185205,-0.024678006078772647,4290.623560413617,-0.003368730091284831
2026-01-27 16:00:00,0.0,1630.8404928185205,-0.024678006078772647,4362.037753839165,-0.016644245858442184
2026-01-28 16:00:00,0.0,1630.8404928185205,-0.024678006078772647,4096.085832007319,0.06096965153448602
2026-01-29 16:00:00,0.0,1630.8404928185205,-0.024678006078772647,4017.7259704321086,0.019130424700307076
2026-01-30 16:00:00,0.0,1630.8404928185205,-0.024678006078772647,3761.1845512024456,0.06385239339806736
2026-01-31 16:00:00,0.0,1630.8404928185205,-0.024678006078772647,3577.701220345427,0.04878338947722184
2026-02-01 16:00:00,0.0,1630.8404928185205,-0.024678006078772647,3689.6341463059875,-0.03128626988861665
2026-02-02 16:00:00,0.0,1630.8404928185205,-0.024678006078772647,3650.148573219479,0.010701758364319445
2026-02-03 16:00:00,0.0,1630.8404928185205,-0.024678006078772647,3434.711363076858,0.05902149072047304
2026-02-04 16:00:00,0.0,1630.8404928185205,-0.024678006078772647,3090.390331208068,0.10024744308073184
2026-02-05 16:00:00,0.0,1630.8404928185205,-0.024678006078772647,3197.6633188372452,-0.03471179240560317
2026-02-06 16:00:00,0.0,1630.8404928185205,-0.024678006078772647,3197.133230656799,0.00016577360640931564
2026-02-07 16:00:00,0.0,1630.8404928185205,-0.024678006078772647,3240.079871342422,-0.013432859248346187
2026-02-08 16:00:00,0.0,1630.8404928185205,-0.024678006078772647,3181.7915416550704,0.017989781734362355
2026-02-09 16:00:00,0.0,1630.8404928185205,-0.024678006078772647,3126.937008241995,0.01724014056073009
2026-02-10 16:00:00,0.0,1630.8404928185205,-0.024678006078772647,2997.810036346714,0.04129503458334067
2026-02-11 16:00:00,0.0,1630.8404928185205,-0.024678006078772647,3057.0194523821765,-0.01975088992217084
2026-02-12 16:00:00,0.0,1630.8404928185205,-0.024678006078772647,3139.3684008550304,-0.02693765929709199
2026-02-13 16:00:00,0.0,1630.8404928185205,-0.024678006078772647,3261.2788283277696,-0.038832787970833955
2026-02-14 16:00:00,0.0,1630.8404928185205,-0.024678006078772647,3244.0752138484254,0.00527511304151973
2026-02-15 16:00:00,0.0,1630.8404928185205,-0.024678006078772647,3150.0200729065436,0.028992897741820473
2026-02-16 16:00:00,0.0,1630.8404928185205,-0.024678006078772647,3158.799703854901,-0.0027871666672450524
2026-02-17 16:00:00,0.0,1630.8404928185205,-0.024678006078772647,3174.5778011359434,-0.004994966050486676
2026-02-18 16:00:00,0.0,1630.8404928185205,-0.024678006078772647,3065.714157735744,0.034292321757320075
2026-02-19 16:00:00,0.0,1630.8404928185205,-0.024678006078772647,3171.7746761562303,-0.03459569710791958
2026-02-20 16:00:00,0.0,1630.8404928185205,-0.024678006078772647,3206.452455121636,-0.010933241641058371
2026-02-21 16:00:00,0.0,1630.8404928185205,-0.024678006078772647,3112.3396934241337,0.02935105479177678
2026-02-22 16:00:00,0.0,1630.8404928185205,-0.024678006078772647,3024.834753130572,0.028115485105448146
2026-02-23 16:00:00,0.0,1630.8404928185205,-0.024678006078772647,2947.6730476233233,0.025509395323956147
2026-02-24 16:00:00,0.0,1630.8404928185205,-0.024678006078772647,3219.7472501219772,-0.09230135028646567
2026-02-25 16:00:00,0.0,1630.8404928185205,-0.024678006078772647,3212.8656608938145,0.002137307277116759
2026-02-26 16:00:00,0.0,1630.8404928185205,-0.024678006078772647,3106.103311612668,0.03322963377542693
2026-02-27 16:00:00,0.0,1630.8404928185205,-0.024678006078772647,3019.220946205756,0.027971498913796085
2026-02-28 16:00:00,0.0,1630.8404928185205,-0.024678006078772647,3157.7866525167865,-0.04589452338198896
2026-03-01 16:00:00,0.0,1630.8404928185205,-0.024678006078772647,3238.8726492070655,-0.025678111162339805
2026-03-02 16:00:00,0.0,1630.8404928185205,-0.024678006078772647,3131.0319882013478,0.0332957398099981
2026-03-03 16:00:00,0.0,1630.8404928185205,-0.024678006078772647,3357.9283390660726,-0.07246695393714808
2026-03-04 16:00:00,0.0,1630.8404928185205,-0.024678006078772647,3262.3931260791865,0.028450640794036936
2026-03-05 16:00:00,0.0,1630.8404928185205,-0.024678006078772647,3108.105405029437,0.04729280472558371
2026-03-06 16:00:00,0.0,1630.8404928185205,-0.024678006078772647,3094.59571673722,0.0043465991437600104
2026-03-07 16:00:00,0.0,1630.8404928185205,-0.024678006078772647,3048.474699749838,0.01490372934271668
2026-03-08 16:00:00,0.0,1630.8404928185205,-0.024678006078772647,3145.359344507804,-0.03178135110188607
2026-03-09 16:00:00,0.0,1630.8404928185205,-0.024678006078772647,3272.7166487239606,-0.04049054186401259
2026-03-10 16:00:00,0.0,1630.8404928185205,-0.024678006078772647,3201.8605197425213,0.021650554137971727
2026-03-11 16:00:00,0.0,1630.8404928185205,-0.024678006078772647,3214.4856860253453,-0.0039430719124013015
2026-03-12 16:00:00,0.0,1630.8404928185205,-0.024678006078772647,3301.333589419024,-0.02701766686074888
2026-03-13 16:00:00,0.0,1630.8404928185205,-0.024678006078772647,3219.852157828865,0.02468136872060175
2026-03-14 16:00:00,0.0,1630.8404928185205,-0.024678006078772647,3261.7975882878177,-0.01302712932237122
2026-03-15 16:00:00,0.0,1630.8404928185205,-0.024678006078772647,3427.7647463862163,-0.05088211441885277
2026-03-16 16:00:00,0.0,1630.8404928185205,-0.024678006078772647,3462.560423283444,-0.010151127475685537
2026-03-17 16:00:00,0.0,1630.8404928185205,-0.024678006078772647,3297.494669250156,0.047671588031599085
2026-03-18 16:00:00,0.0,1630.8404928185205,-0.024678006078772647,3231.336175047786,0.020063260395630715
2026-03-19 16:00:00,0.0,1630.8404928185205,-0.024678006078772647,3254.4297741772184,-0.007146764644223528
2026-03-20 16:00:00,0.0,1630.8404928185205,-0.024678006078772647,3270.1549938407697,-0.004831943152783886
2026-03-21 16:00:00,0.0,1630.8404928185205,-0.024678006078772647,3168.3368904263316,0.03113555889742516
2026-03-22 16:00:00,0.0,1630.8404928185205,-0.024678006078772647,3243.237815186546,-0.023640454708758973
2026-03-23 16:00:00,0.0,1630.8404928185205,-0.024678006078772647,3228.5156572750966,0.0045393396199662995
2026-03-24 16:00:00,0.0,1630.8404928185205,-0.024678006078772647,3291.208165659747,-0.019418369009107903
2026-03-25 16:00:00,0.0,1630.8404928185205,-0.024678006078772647,3159.887836887544,0.03990034120065411
2026-03-26 16:00:00,0.0,1630.8404928185205,-0.024678006078772647,3048.1713116231585,0.03535458567871998
2026-03-27 16:00:00,0.0,1630.8404928185205,-0.024678006078772647,3088.058103721878,-0.013085482415842207
2026-03-28 16:00:00,0.0,1630.8404928185205,-0.024678006078772647,3021.59524084084,0.021522542856604248
2026-03-29 16:00:00,0.0,1630.8404928185205,-0.024678006078772647,3099.8441972526357,-0.02589657123964138
2026-03-30 16:00:00,0.0,1630.8404928185205,-0.024678006078772647,3024.0558169747474,0.024449093391551276
2026-03-31 16:00:00,0.0,1630.8404928185205,-0.024678006078772647,3133.2359881357756,-0.03610388755001611
2026-04-01 16:00:00,0.0,1630.8404928185205,-0.024678006078772647,2990.1497204979096,0.04566724886975415
2026-04-02 16:00:00,0.0,1630.8404928185205,-0.024678006078772647,3035.845756694804,-0.015282190013310073
2026-04-03 16:00:00,0.0,1630.8404928185205,-0.024678006078772647,3041.0417742356753,-0.001711555183399002
2026-04-04 16:00:00,0.0,1630.8404928185205,-0.024678006078772647,3021.4725816322584,0.0064350291959850104
2026-04-05 16:00:00,0.0,1630.8404928185205,-0.024678006078772647,3149.3511135394792,-0.04232324750673011
2026-04-06 16:00:00,0.0,1630.8404928185205,-0.024678006078772647,3017.30353423239,0.04192850353820483
2026-04-07 16:00:00,0.0,1630.8404928185205,-0.024678006078772647,3166.5855231306678,-0.04947529713355662
2026-04-08 16:00:00,0.0,1630.8404928185205,-0.024678006078772647,3180.6982392475365,-0.004456761396078154
2026-04-09 16:00:00,0.0,1630.8404928185205,-0.024678006078772647,3186.062872658463,-0.0016866213036906988
2026-04-10 16:00:00,0.0,1630.8404928185205,-0.024678006078772647,3182.506694995245,0.0011161668194734314
2026-04-11 16:00:00,0.0,1630.8404928185205,-0.024678006078772647,3087.068202191373,0.029988465681457157
2026-04-12 16:00:00,0.0,1630.8404928185205,-0.024678006078772647,3129.4428522849644,-0.013726502726279908
2026-04-13 16:00:00,0.0,1630.8404928185205,-0.024678006078772647,3248.9398991749185,-0.03818476723506979
2026-04-14 16:00:00,0.0,1630.8404928185205,-0.024678006078772647,3212.8328282909993,0.011113493017549683
2026-04-15 16:00:00,0.0,1630.8404928185205,-0.024678006078772647,3287.534937719784,-0.023251166002471742
2026-04-16 16:00:00,0.0,1630.8404928185205,-0.024678006078772647,3408.0747741693212,-0.03666572028376464
2026-04-17 16:00:00,0.0,1630.8404928185205,-0.024678006078772647,3297.609795638843,0.032412721507086927
2026-04-18 16:00:00,0.0,1630.8404928185205,-0.024678006078772647,3269.2980593613697,0.008585532562074458
2026-04-19 16:00:00,0.0,1630.8404928185205,-0.024678006078772647,3260.3689318871093,0.0027312063054919194
2026-04-20 16:00:00,0.0,1630.8404928185205,-0.024678006078772647,3274.111515361195,-0.004215039390076407
2026-04-21 16:00:00,0.0,1630.8404928185205,-0.024678006078772647,3367.0523391054408,-0.02838657855976929
2026-04-22 16:00:00,-0.001992297842283497,1627.5913728235696,-0.02662113798279354,3304.7270209797334,0.016518052413295244
2026-04-23 16:00:00,-0.0007001896267262442,1626.4517502277695,-0.027302687764852545,3313.9393085044635,-0.003487798850195139
2026-04-24 16:00:00,-0.0014773920515400718,1624.0488433397695,-0.028739743042503152,3280.8542278263635,0.00850621887132576
2026-04-25 16:00:00,0.001450296879714763,1626.4041963097695,-0.02733112732244675,3310.086599026107,-0.007459690937424395
2026-04-26 16:00:00,-0.002592639601131985,1622.1875163829695,-0.02985290716053901,3219.3949993098395,0.024805918413317
2026-04-27 16:00:00,-0.0015042813609125183,1619.7472899381696,-0.031312281349640904,3214.893651830531,-0.00010608465616717441
2026-04-28 16:00:00,-0.0003146527967455848,1619.2376319233695,-0.03161708164948736,3195.278819818361,0.005786585420263842
