timestamp,ret,equity,drawdown,benchmark_equity,active_ret
2018-01-01,0.0,1000.0,0.0,1000.0,0.0
2018-01-02,0.0,1000.0,0.0,1015.3087110575443,-0.015308711057544248
2018-01-03,0.0,1000.0,0.0,1031.8109747276897,-0.016253444386344944
2018-01-04,0.0,1000.0,0.0,1035.9838666865485,-0.004044240719536855
2018-01-05,0.0,1000.0,0.0,1053.3506010297942,-0.016763518141253247
2018-01-06,0.0,1000.0,0.0,1057.083778571442,-0.0035440977942178707
2018-01-07,0.0,1000.0,0.0,1061.6370377848427,-0.00430737781214842
2018-01-08,0.0,1000.0,0.0,1059.1995532423625,0.002295967883304173
2018-01-09,0.0,1000.0,0.0,1067.511508385001,-0.007847392983875868
2018-01-10,0.0,1000.0,0.0,1067.269058860095,0.00022711654441363028
2018-01-11,0.0,1000.0,0.0,1055.404225902924,0.01111700265146165
2018-01-12,0.0,1000.0,0.0,1067.166340679158,-0.011144653856365953
2018-01-13,0.0,1000.0,0.0,1077.211556518401,-0.00941298039146375
2018-01-14,0.0,1000.0,0.0,1071.3746691859171,0.005418515329847636
2018-01-15,0.0,1000.0,0.0,1067.6889703870868,0.0034401586156884417
2018-01-16,0.0,1000.0,0.0,1038.2505565926201,0.027572087575086675
2018-01-17,0.0,1000.0,0.0,1046.8272585593709,-0.00826072465099208
2018-01-18,0.0,1000.0,0.0,1048.2440779930987,-0.001353441479616646
2018-01-19,0.0,1000.0,0.0,1057.2062171487646,-0.008549668291782112
2018-01-20,0.0,1000.0,0.0,1073.5527408084613,-0.01546200106898962
2018-01-21,0.0,1000.0,0.0,1060.0104672808427,0.012614446419670355
2018-01-22,0.0,1000.0,0.0,1059.007068581082,0.0009465931995320605
2018-01-23,0.0,1000.0,0.0,1057.7968581667853,0.001142778410268841
2018-01-24,0.0,1000.0,0.0,1064.0590214832516,-0.005920005592868723
2018-01-25,0.0,1000.0,0.0,1064.654502418144,-0.0005596314892966895
2018-01-26,0.0,1000.0,0.0,1070.532457081004,-0.005520997327780582
2018-01-27,0.0,1000.0,0.0,1077.7344657940596,-0.006727501502096489
2018-01-28,0.0,1000.0,0.0,1088.704265294073,-0.010178573524537911
2018-01-29,0.0,1000.0,0.0,1075.5758782421456,0.012058726571059197
2018-01-30,0.0,1000.0,0.0,1055.8259206671967,0.018362216905818837
2018-01-31,0.0,1000.0,0.0,1059.8949127098288,-0.003853847460063024
2018-02-01,0.0,1000.0,0.0,1049.425303698442,0.009877968924880746
2018-02-02,0.0,1000.0,0.0,1019.4134536588413,0.028598367062268402
2018-02-03,0.0,1000.0,0.0,1025.5060214829443,-0.0059765424933680015
2018-02-04,0.0,1000.0,0.0,1007.5811107091113,0.0174790887604077
2018-02-05,0.0,1000.0,0.0,955.0430209684516,0.05214278948092285
2018-02-06,0.0,1000.0,0.0,987.5454932202293,-0.034032469258629766
2018-02-07,0.0,1000.0,0.0,979.4826317098729,0.008164546915266484
2018-02-08,0.0,1000.0,0.0,956.4718679106551,0.023492773689154738
2018-02-09,0.0,1000.0,0.0,988.2495500830702,-0.033223854499590436
2018-02-10,0.0,1000.0,0.0,985.1700405962125,0.0031161253618570434
2018-02-11,0.0,1000.0,0.0,978.2988963507718,0.006974576938294308
2018-02-12,0.0,1000.0,0.0,997.686715012971,-0.019817888719408025
2018-02-13,0.0,1000.0,0.0,994.9273870729129,0.0027657258521501878
2018-02-14,0.0,1000.0,0.0,1018.9011756245774,-0.024096018325714782
2018-02-15,0.0,1000.0,0.0,1032.2538094995998,-0.013104935193383642
2018-02-16,0.0,1000.0,0.0,1033.6653569767132,-0.0013674422551151514
2018-02-17,0.0,1000.0,0.0,1041.9304335073523,-0.007995891973020131
2018-02-18,0.0,1000.0,0.0,1033.5777188660988,0.00801657612892297
2018-02-19,0.0,1000.0,0.0,1040.7351555429727,-0.0069249138659122815
2018-02-20,0.0,1000.0,0.0,1035.7849669791965,0.004756434465974764
2018-02-21,0.0,1000.0,0.0,1022.9367442123419,0.012404334081354596
2018-02-22,0.0,1000.0,0.0,1018.0954290576313,0.004732761025647029
2018-02-23,0.0,1000.0,0.0,1036.2689697846165,-0.01785052776811605
2018-02-24,0.0,1000.0,0.0,1031.8595896763966,0.004255053694347621
2018-02-25,0.0,1000.0,0.0,1031.7160471908235,0.00013911048267537158
2018-02-26,0.0,1000.0,0.0,1046.742899148531,-0.014564910566839477
2018-02-27,0.0,1000.0,0.0,1041.283486867452,0.005215619122441469
2018-02-28,0.0,1000.0,0.0,1028.8284561740206,0.011961229435127785
2018-03-01,0.0,1000.0,0.0,1022.1800982801242,0.00646206649320363
2018-03-02,0.0,1000.0,0.0,1026.6464590587266,-0.004369446036092114
2018-03-03,0.0,1000.0,0.0,1029.263703066497,-0.002549313821400756
2018-03-04,0.0,1000.0,0.0,1030.4189672025689,-0.00112241802817854
2018-03-05,0.0,1000.0,0.0,1035.139022280887,-0.004580714474940587
2018-03-06,0.0,1000.0,0.0,1027.338968388812,0.007535271808117135
2018-03-07,0.0,1000.0,0.0,1019.130582845899,0.00798994859095649
2018-03-08,0.0,1000.0,0.0,1012.8955950706697,0.006117947866717991
2018-03-09,0.0,1000.0,0.0,1026.6732459530303,-0.013602241879035411
2018-03-10,0.0,1000.0,0.0,1019.2058812282692,0.007273360588869205
2018-03-11,0.0,1000.0,0.0,1029.1403517365484,-0.009747265681303545
2018-03-12,0.0,1000.0,0.0,1024.0319190442349,0.004963786216033194
2018-03-13,0.0,1000.0,0.0,1018.6528383320853,0.005252844771840722
2018-03-14,0.0,1000.0,0.0,1001.0130879672532,0.01731674393968691
2018-03-15,0.0,1000.0,0.0,1003.8371132917027,-0.0028211672338712985
2018-03-16,0.0,1000.0,0.0,1003.60911989287,0.00022712190634703865
2018-03-17,0.0,1000.0,0.0,994.2649376422227,0.00931057925384818
2018-03-18,0.0,1000.0,0.0,996.152652405965,-0.0018986033724762337
2018-03-19,0.0,1000.0,0.0,986.6845691968616,0.009504650904894421
2018-03-20,0.0,1000.0,0.0,991.296216423106,-0.004673881978308507
2018-03-21,0.0,1000.0,0.0,986.4463862267041,0.004892412697691339
2018-03-22,0.0,1000.0,0.0,964.9996417023891,0.02174141932472547
2018-03-23,0.0,1000.0,0.0,951.4781690669361,0.014011893943918323
2018-03-24,0.0,1000.0,0.0,946.3103051557631,0.005431405658251494
2018-03-25,0.0,1000.0,0.0,946.170954155296,0.00014725719429217559
2018-03-26,0.0,1000.0,0.0,959.2598548188942,-0.013833547316281244
2018-03-27,0.0,1000.0,0.0,934.0352075674045,0.02629594799028875
2018-03-28,0.0,1000.0,0.0,934.1339188678799,-0.00010568263345482147
2018-03-29,0.0,1000.0,0.0,930.01663880509,0.0044075907957392396
2018-03-30,0.0,1000.0,0.0,929.1923702692336,0.0008862943967491063
2018-03-31,0.0,1000.0,0.0,930.185389622765,-0.001068690817213221
2018-04-01,0.0,1000.0,0.0,926.7772598924328,0.0036639252436704074
2018-04-02,0.0,1000.0,0.0,917.6982117062793,0.00979636486463551
2018-04-03,0.0,1000.0,0.0,934.8118876662933,-0.018648479142390886
2018-04-04,0.0,1000.0,0.0,931.5839339749866,0.0034530516073828584
2018-04-05,0.0,1000.0,0.0,934.0954109215498,-0.0026959212744758804
2018-04-06,0.0,1000.0,0.0,916.9997847820448,0.01830179865955983
2018-04-07,0.0,1000.0,0.0,922.3148028980669,-0.005796095270933277
2018-04-08,0.0,1000.0,0.0,925.9454185503349,-0.003936416981338819
2018-04-09,0.0,1000.0,0.0,927.3766492005341,-0.0015456965621578093
2018-04-10,0.0,1000.0,0.0,944.3213013749917,-0.018271596755282952
2018-04-11,0.0,1000.0,0.0,942.428493545243,0.0020044108154637047
2018-04-12,0.0,1000.0,0.0,967.7067066422404,-0.026822420236792103
2018-04-13,0.0,1000.0,0.0,965.1311376442261,0.0026615181855575913
2018-04-14,0.0,1000.0,0.0,967.1081172458457,-0.0020484051591634542
2018-04-15,0.0,1000.0,0.0,973.9791996971526,-0.007104771771407077
2018-04-16,0.0,1000.0,0.0,973.9823659683556,-3.250861213259052e-06
2018-04-17,0.0,1000.0,0.0,981.4713238078701,-0.007689007625994382
2018-04-18,0.0,1000.0,0.0,988.4427611493791,-0.007103047406888585
2018-04-19,0.0,1000.0,0.0,992.1594775067888,-0.003760173581612277
2018-04-20,0.0,1000.0,0.0,1003.3729417938962,-0.01130207848771032
2018-04-21,0.0,1000.0,0.0,999.2895700795286,0.0040696450385307266
2018-04-22,0.0,1000.0,0.0,998.9181453565535,0.00037168878180684486
2018-04-23,0.0,1000.0,0.0,1001.3427449563168,-0.002427225504946362
2018-04-24,0.0,1000.0,0.0,1005.3043006241373,-0.003956243441892841
2018-04-25,0.0,1000.0,0.0,981.8237274716661,0.02335668228803316
2018-04-26,0.0,1000.0,0.0,1011.6468054038496,-0.030375185583447168
2018-04-27,0.0,1000.0,0.0,1005.0013194381255,0.006568978353143007
2018-04-28,0.0,1000.0,0.0,1029.387341945254,-0.024264667155623507
2018-04-29,0.0,1000.0,0.0,1031.8233777060855,-0.0023664908840125066
2018-04-30,0.0,1000.0,0.0,1019.8356574195722,0.011617996398922366
2018-05-01,0.0,1000.0,0.0,1026.7818203668267,-0.0068110610731436875
2018-05-02,0.0,1000.0,0.0,1030.2095258249378,-0.0033382997148181234
2018-05-03,0.0,1000.0,0.0,1044.1984278787706,-0.013578696083819727
2018-05-04,0.0,1000.0,0.0,1054.4214220049,-0.009790279177969012
2018-05-05,0.0,1000.0,0.0,1060.9013165205065,-0.006145450367734092
2018-05-06,0.0,1000.0,0.0,1050.7012813574981,0.009614499486589509
2018-05-07,0.0,1000.0,0.0,1043.4120209642285,0.006937519276508135
2018-05-08,0.0,1000.0,0.0,1039.0936685445342,0.0041386837921453925
2018-05-09,0.0,1000.0,0.0,1047.3540894974735,-0.007949640348121645
2018-05-10,0.0,1000.0,0.0,1040.787126946643,0.006270050040079145
2018-05-11,0.0,1000.0,0.0,1017.8783851934818,0.022010977230635446
2018-05-12,0.0,1000.0,0.0,1022.6356372190237,-0.00467369392526941
2018-05-13,0.0,1000.0,0.0,1036.292239549509,-0.013354318814493383
2018-05-14,0.0,1000.0,0.0,1033.7615286916455,0.0024420822247629057
2018-05-15,0.0,1000.0,0.0,1014.8155379063812,0.018327235304686645
2018-05-16,0.0,1000.0,0.0,1016.6674837795189,-0.0018249088666481524
2018-05-17,0.0,1000.0,0.0,1001.1234318159876,0.015289219151324973
2018-05-18,0.0,1000.0,0.0,1005.76595058005,-0.004637309063519838
2018-05-19,0.0,1000.0,0.0,1005.1446249308389,0.0006177636545091255
2018-05-20,0.0,1000.0,0.0,1015.9648042587208,-0.010764798477260248
2018-05-21,0.0,1000.0,0.0,1012.7286223166587,0.0031853287914075084
2018-05-22,0.0,1000.0,0.0,991.0801567199204,0.021376373808035986
2018-05-23,0.0,1000.0,0.0,973.912054920702,0.017322616826511823
2018-05-24,0.0,1000.0,0.0,981.689938077637,-0.007986227419238757
2018-05-25,0.0,1000.0,0.0,973.6222138837604,0.008218199943736678
2018-05-26,0.0,1000.0,0.0,972.0914665790732,0.0015722189601459287
2018-05-27,0.0,1000.0,0.0,968.8897483758964,0.0032936388326132585
2018-05-28,0.0,1000.0,0.0,947.4635036239293,0.022114223819462122
2018-05-29,0.0,1000.0,0.0,967.6320449044401,-0.02128687933980417
2018-05-30,0.0,1000.0,0.0,974.993157489919,-0.007607346846606282
2018-05-31,0.0,1000.0,0.0,982.6761828520108,-0.007880081314489822
2018-06-01,0.0,1000.0,0.0,992.6407775916616,-0.010140262798199136
2018-06-02,0.0,1000.0,0.0,999.1292785532396,-0.0065366052937301244
2018-06-03,0.0,1000.0,0.0,1007.9702374163497,-0.008848663584268184
2018-06-04,0.0,1000.0,0.0,1001.7055518091471,0.006215149390978455
2018-06-05,0.0,1000.0,0.0,1008.8893728922033,-0.007171589565498193
2018-06-06,0.0,1000.0,0.0,1012.5887270178021,-0.0036667589380923182
2018-06-07,0.0,1000.0,0.0,1008.6684485764692,0.0038715406726662184
2018-06-08,0.0,1000.0,0.0,1007.4707850103916,0.0011873709024682248
2018-06-09,0.0,1000.0,0.0,1003.3111595557673,0.0041287802252066115
2018-06-10,0.0,1000.0,0.0,972.201360966533,0.031007129037624512
2018-06-11,0.0,1000.0,0.0,978.3812753205731,-0.00635661973142702
2018-06-12,0.0,1000.0,0.0,961.1950851995236,0.017565943415483082
2018-06-13,0.0,1000.0,0.0,949.2905969421292,0.012385090644656493
2018-06-14,0.0,1000.0,0.0,970.2238356047181,-0.022051454770561703
2018-06-15,0.0,1000.0,0.0,956.4569811520366,0.014189359143192934
2018-06-16,0.0,1000.0,0.0,959.0098611493155,-0.0026691006993372567
2018-06-17,0.0,1000.0,0.0,957.3523319468901,0.0017283755564712806
2018-06-18,0.0,1000.0,0.0,966.439217911021,-0.009491684159427272
2018-06-19,0.0,1000.0,0.0,968.6093587918306,-0.0022455016731422954
2018-06-20,0.0,1000.0,0.0,968.2124954033358,0.00040972491633753567
2018-06-21,0.0,1000.0,0.0,960.8233840274718,0.007631704208471131
2018-06-22,0.0,1000.0,0.0,931.8682052946241,0.030135797290316332
2018-06-23,0.0,1000.0,0.0,934.8886963873778,-0.003241328629512363
2018-06-24,0.0,1000.0,0.0,927.3215062741025,0.008094215003900196
2018-06-25,0.0,1000.0,0.0,920.5070219220084,0.007348567143098024
2018-06-26,0.0,1000.0,0.0,909.6637005464953,0.011779726951862246
2018-06-27,0.0,1000.0,0.0,908.4094021317605,0.0013788594773883908
2018-06-28,0.0,1000.0,0.0,899.7261059452314,0.009558791626498132
2018-06-29,0.0,1000.0,0.0,907.589929556445,-0.008740241679385393
2018-06-30,0.0,1000.0,0.0,920.1578707644167,-0.013847598787388194
2018-07-01,0.0,1000.0,0.0,920.7176087990895,-0.0006083065226707651
2018-07-02,0.0,1000.0,0.0,941.368489368663,-0.02242911439101169
2018-07-03,0.0,1000.0,0.0,928.7524594645564,0.013401797538993
2018-07-04,0.0,1000.0,0.0,931.6367456914785,-0.003105548951746373
2018-07-05,0.0,1000.0,0.0,937.5803229630934,-0.00637971537630108
2018-07-06,0.0,1000.0,0.0,944.0005969473945,-0.006847705553387244
2018-07-07,0.0,1000.0,0.0,949.6961213144083,-0.00603339064131038
2018-07-08,0.0,1000.0,0.0,947.3827128096815,0.0024359460387445298
2018-07-09,0.0,1000.0,0.0,947.0575888720862,0.0003431812014292731
2018-07-10,0.0,1000.0,0.0,932.9159386518169,0.0149321967179541
2018-07-11,0.0,1000.0,0.0,934.7244157112689,-0.001938520915470058
2018-07-12,0.0,1000.0,0.0,936.2223128026643,-0.0016025013000816972
2018-07-13,0.0,1000.0,0.0,941.3852629469555,-0.0055146625685896416
2018-07-14,0.0,1000.0,0.0,941.4889915842089,-0.00011018723293852636
2018-07-15,0.0,1000.0,0.0,948.7291770531883,-0.007690143521271242
2018-07-16,0.0,1000.0,0.0,967.7733215097319,-0.020073320097201967
2018-07-17,0.0,1000.0,0.0,991.2510856892254,-0.02425956952695067
2018-07-18,0.0,1000.0,0.0,990.4169672966854,0.000841480432740253
2018-07-19,0.0,1000.0,0.0,983.826043560855,0.006654695904311988
2018-07-20,0.0,1000.0,0.0,970.3880944767352,0.013658867004051441
2018-07-21,0.0,1000.0,0.0,974.8877058240796,-0.004636919365514943
2018-07-22,0.0,1000.0,0.0,975.8834579407505,-0.0010214018606677108
2018-07-23,0.0,1000.0,0.0,978.0481822182585,-0.002218220075249322
2018-07-24,0.0,1000.0,0.0,1000.0325953095177,-0.022477842596054513
2018-07-25,0.0,1000.0,0.0,1004.5454594247618,-0.004512717021836014
2018-07-26,0.0,1000.0,0.0,985.5874760592847,0.01887220054365005
2018-07-27,0.0,1000.0,0.0,985.9488765837556,-0.00036668538638077547
2018-07-28,0.0,1000.0,0.0,985.5479149921517,0.00040667584407941455
2018-07-29,0.0,1000.0,0.0,983.9932997221065,0.0015774121647425716
2018-07-30,0.0,1000.0,0.0,968.7627365365311,0.015478320014858516
2018-07-31,0.0,1000.0,0.0,956.4358501480317,0.01272436059273896
2018-08-01,0.0,1000.0,0.0,959.685232774459,-0.0033973868983731077
2018-08-02,0.0,1000.0,0.0,958.3907520236726,0.0013488597162677474
2018-08-03,0.0,1000.0,0.0,962.6912956544459,-0.004487254934057483
2018-08-04,0.0,1000.0,0.0,954.5144958263875,0.008493688334950338
2018-08-05,0.0,1000.0,0.0,957.5184281604754,-0.0031470787999789084
2018-08-06,0.0,1000.0,0.0,956.2798103734546,0.0012935707038039812
2018-08-07,0.0,1000.0,0.0,943.3424915809755,0.01352880051647917
2018-08-08,0.0,1000.0,0.0,923.9704722559768,0.020535510165064823
2018-08-09,0.0,1000.0,0.0,933.8216125370363,-0.010661747942016872
2018-08-10,0.0,1000.0,0.0,912.5310218367721,0.022799419519132127
2018-08-11,0.0,1000.0,0.0,904.3344145837069,0.008982277924718389
2018-08-12,0.0,1000.0,0.0,905.3441823522298,-0.0011165866876665135
2018-08-13,0.0,1000.0,0.0,887.4871002626801,0.01972408111482434
2018-08-14,0.0,1000.0,0.0,884.7486778078764,0.0030855912767555616
2018-08-15,0.0,1000.0,0.0,884.3672779661928,0.00043108269189927974
2018-08-16,0.0,1000.0,0.0,890.8495247328201,-0.007329812995269033
2018-08-17,0.0,1000.0,0.0,923.3449117536246,-0.036476852845098065
2018-08-18,0.0,1000.0,0.0,903.906490937658,0.0210521773267251
2018-08-19,0.0,1000.0,0.0,910.2702832221477,-0.007040321480475479
2018-08-20,0.0,1000.0,0.0,892.1610734524028,0.019894321613622687
2018-08-21,0.0,1000.0,0.0,901.9084583360782,-0.010925588633850344
2018-08-22,0.0,1000.0,0.0,895.4455018866727,0.007165867433296835
2018-08-23,0.0,1000.0,0.0,903.0206367275161,-0.008459626883917482
2018-08-24,0.0,1000.0,0.0,911.8332663848945,-0.009759056768973337
2018-08-25,0.0,1000.0,0.0,911.8310814978292,2.39614756976092e-06
2018-08-26,0.0,1000.0,0.0,909.330510727429,0.0027423618487457152
2018-08-27,0.0,1000.0,0.0,927.830338219241,-0.020344448221596444
2018-08-28,0.0,1000.0,0.0,935.6310923025891,-0.008407522110475315
2018-08-29,0.0,1000.0,0.0,937.1337635983479,-0.0016060510473852188
2018-08-30,0.0,1000.0,0.0,931.1013467491459,0.006437092636636099
2018-08-31,0.0,1000.0,0.0,930.5274374813182,0.0006163767991868019
2018-09-01,0.0,1000.0,0.0,940.7399062584606,-0.010974924935888763
2018-09-02,0.0,1000.0,0.0,939.5862711012105,0.0012263061762079882
2018-09-03,0.0,1000.0,0.0,935.6448450340118,0.004194852764908245
2018-09-04,0.0,1000.0,0.0,933.9064119720462,0.0018580052796661306
2018-09-05,0.0,1000.0,0.0,888.3056841956923,0.048827941635032804
2018-09-06,0.0,1000.0,0.0,889.7200412199567,-0.001592196300696802
2018-09-07,0.0,1000.0,0.0,876.1013791346567,0.015306682388121162
2018-09-08,0.0,1000.0,0.0,863.3058171064527,0.014605115723984515
2018-09-09,0.0,1000.0,0.0,862.5156704713106,0.0009152569338526224
2018-09-10,0.0,1000.0,0.0,859.3816982999555,0.0036335249070229042
2018-09-11,0.0,1000.0,0.0,856.5545638333639,0.00328973082878569
2018-09-12,0.0,1000.0,0.0,852.2169151279545,0.005064065838371142
2018-09-13,0.0,1000.0,0.0,871.4886369224503,-0.022613634454324634
2018-09-14,0.0,1000.0,0.0,869.2246603953603,0.0025978267887518448
2018-09-15,0.0,1000.0,0.0,875.2484878435313,-0.00693011567968053
2018-09-16,0.0,1000.0,0.0,875.8404137033526,-0.0006762946386570971
2018-09-17,0.0,1000.0,0.0,855.2155404329931,0.02354866588440531
2018-09-18,0.0,1000.0,0.0,875.6946108302644,-0.023946092451620916
2018-09-19,0.0,1000.0,0.0,883.6394884690401,-0.009072657911235711
2018-09-20,0.0,1000.0,0.0,922.7417271564337,-0.04425134819986451
2018-09-21,0.0,1000.0,0.0,950.5166449449345,-0.030100424605369568
2018-09-22,0.0,1000.0,0.0,946.4003324601855,0.004330605367765498
2018-09-23,0.0,1000.0,0.0,951.8803603222639,-0.005790390888634837
2018-09-24,0.0,1000.0,0.0,932.4566845158167,0.020405585214376135
2018-09-25,0.0,1000.0,0.0,930.8644739373648,0.001707543744274509
2018-09-26,0.0,1000.0,0.0,925.1562351173608,0.006132191075956905
2018-09-27,0.0,1000.0,0.0,943.8950336812621,-0.020254739526804566
2018-09-28,0.0,1000.0,0.0,940.7645610706276,0.0033165473902595647
2018-09-29,0.0,1000.0,0.0,946.8967525585875,-0.006518306217850367
2018-09-30,0.0,1000.0,0.0,949.564008256302,-0.0028168389959173368
2018-10-01,0.0,1000.0,0.0,952.9068397347081,-0.0035203856183898615
2018-10-02,0.0,1000.0,0.0,941.4135345479648,0.012061310410934788
2018-10-03,0.0,1000.0,0.0,941.5001255648837,-9.197978756540308e-05
2018-10-04,0.0,1000.0,0.0,933.9854081882031,0.007981642458275833
2018-10-05,0.0,1000.0,0.0,931.0963981842808,0.003093206787380683
2018-10-06,0.0,1000.0,0.0,924.7551237744049,0.006810545527017439
2018-10-07,0.0,1000.0,0.0,926.6460762057096,-0.0020448142245341676
2018-10-08,0.0,1000.0,0.0,928.0443941080869,-0.0015090096837218144
2018-10-09,0.0,1000.0,0.0,926.8005403909362,0.0013402954913013317
2018-10-10,0.0,1000.0,0.0,899.5602713569798,0.02939172761214206
2018-10-11,0.0,1000.0,0.0,855.8208070641557,0.04862316143291145
2018-10-12,0.0,1000.0,0.0,876.6350420446428,-0.02432078632428801
2018-10-13,0.0,1000.0,0.0,878.9544247922527,-0.0026457791856006126
2018-10-14,0.0,1000.0,0.0,874.375015542441,0.005210064504646109
2018-10-15,0.0,1000.0,0.0,888.2456958620629,-0.015863536895569755
2018-10-16,0.0,1000.0,0.0,909.4209058017519,-0.02383936115686763
2018-10-17,-0.004779673246459892,995.2203267535401,-0.004779673246459879,911.0004994978701,-0.006516595815581579
2018-10-18,-0.00013281237390816436,995.0881491793823,-0.004911850820617701,892.9917094748187,0.019635332685263185
2018-10-19,0.0,995.0881491793823,-0.004911850820617701,894.510106430322,-0.0017003483228263652
2018-10-20,0.0,995.0881491793823,-0.004911850820617701,897.480215060083,-0.0033203745920922087
2018-10-21,0.0,995.0881491793823,-0.004911850820617701,896.5908653129787,0.0009909407830731723
2018-10-22,-0.0007265209810041195,994.3651967610549,-0.005634803238945096,896.1018866409929,-0.0001811455027305324
2018-10-23,0.002348454714141024,996.7004183949662,-0.003299581605033836,892.6081782970832,0.006247239434934134
2018-10-24,0.00962273190042362,1006.2913993062209,0.0,869.8389870627136,0.03513133891073433
2018-10-25,-0.0019062034949055562,1004.37320312397,-0.0019062034949055167,885.6845840844453,-0.02012290481251314
2018-10-26,-0.004733098653018519,999.6194056691361,-0.006630279898729905,874.0439865085377,0.008409952253688584
2018-10-27,0.0,999.6194056691361,-0.006630279898729905,871.8823217240896,0.0024731761991557983
2018-10-28,0.0,999.6194056691361,-0.006630279898729905,872.5718143688039,-0.0007908092956292763
2018-10-29,0.0015851918617888483,1001.203994215889,-0.005055598302677914,852.847424403534,0.024190081958471468
2018-10-30,0.003956755178396554,1005.165513304634,-0.0011188468890453703,863.69819719381,-0.00876623897013431
2018-10-31,-0.00211577981927491,1003.038804396553,-0.003232259474651543,879.1843828706404,-0.02004586897211286
2018-11-01,0.0037831870908562326,1006.8334878529739,0.0,885.6512364092347,-0.0035723274799091655
2018-11-02,0.00091117856269185,1007.7508929433059,0.0,881.6660649983045,0.005410885949865599
2018-11-03,0.0,1007.7508929433059,0.0,878.8226248069923,0.0032250761418584147
2018-11-04,0.0,1007.7508929433059,0.0,889.34241673308,-0.011970324419444884
2018-11-05,0.005751716515879357,1013.54719039814,0.0,891.1275014025045,0.0037445203720344027
2018-11-06,0.0012754429652193089,1014.8399120320511,0.0,907.9099329810037,-0.017557363285385857
2018-11-07,-0.0009039899588646483,1013.922506941719,-0.0009039899588646586,918.366783233608,-0.01242148731487504
2018-11-08,0.0029553480783590658,1016.9190008742141,0.0,905.4535023112202,0.01701648482474667
2018-11-09,0.0043036767209003735,1021.2954915053177,0.0,898.4614662809809,0.012025813763157818
2018-11-10,0.0,1021.2954915053177,0.0,900.5830422354397,-0.002361343289702544
2018-11-11,0.0,1021.2954915053177,0.0,901.8228458602883,-0.0013766677437886399
2018-11-12,-0.002159330180941499,1019.0901773268508,-0.0021593301809414767,887.7287726139342,0.013469097631739521
2018-11-13,-0.0021017684987391094,1016.9482856947708,-0.004256560267527925,886.8534810399647,-0.0011157786322708882
2018-11-14,-0.005038020185166414,1011.8248797041701,-0.009273135816147164,860.9219381200311,0.024201920204451496
2018-11-15,0.0009365898552324836,1012.7725446217728,-0.008345231085846377,864.6628595188546,-0.0034086605480646796
2018-11-16,0.003489731523905526,1016.3068488972855,-0.004884622177935342,847.0851906140832,0.023818659395923335
2018-11-17,0.0,1016.3068488972855,-0.004884622177935342,848.8079948366315,-0.0020338027882406498
2018-11-18,0.0,1016.3068488972855,-0.004884622177935342,853.1048601694379,-0.005062234756204701
2018-11-19,0.0019343386841927934,1018.2727305501176,-0.002959732007379013,805.2013897013709,0.05808625236401018
2018-11-20,-0.007890132977081743,1010.238423299141,-0.010826512305346009,778.2564949817355,0.02557341423516104
2018-11-21,-0.013443616422670002,996.6571654408644,-0.0241245812493876,783.8358607381844,-0.020612674172171587
2018-11-22,0.0,996.6571654408644,-0.0241245812493876,768.6012557696027,0.019435963231172405
2018-11-23,-0.0013682639434726696,995.2934753773881,-0.025459836398185328,762.8337032858666,0.006135695281731753
2018-11-24,0.0,995.2934753773881,-0.025459836398185328,743.2722426389445,0.025643152056158844
2018-11-25,0.0,995.2934753773881,-0.025459836398185328,746.2551577239848,-0.004013220074584837
2018-11-26,0.0,995.2934753773881,-0.025459836398185328,746.6690186470248,-0.0005545836685434551
2018-11-27,0.0,995.2934753773881,-0.025459836398185328,749.8881560940691,-0.004311331214568703
2018-11-28,0.0,995.2934753773881,-0.025459836398185328,784.9491880262391,-0.046755014927548307
2018-11-29,0.002168164852992538,997.4514357091141,-0.023346872667634293,779.3443065469787,0.009308603450494364
2018-11-30,-0.0013004168570981411,996.1543330479813,-0.024616928857954884,774.6482774878297,0.004725198547671742
2018-12-01,0.0,996.1543330479813,-0.024616928857954884,782.6328018160875,-0.010307289850500246
2018-12-02,0.0,996.1543330479813,-0.024616928857954884,781.8740784365425,0.0009694500125530415
2018-12-03,0.00543821489386187,1001.5716343785477,-0.019312586113249562,774.3881214238336,0.015012591662660786
2018-12-04,-0.008466891811183763,993.0914357091141,-0.02761596034721827,757.6281302332966,0.013175990778132331
2018-12-05,0.0,993.0914357091141,-0.02761596034721827,745.9731839645718,0.01538346558638984
2018-12-06,-0.00621946211733837,986.9149411456681,-0.03366366604534319,728.244720674652,0.017546088268400237
2018-12-07,0.0,986.9149411456681,-0.03366366604534319,711.6401982836564,0.022800745298383888
2018-12-08,0.0,986.9149411456681,-0.03366366604534319,711.3088906173148,0.0004655550194336907
2018-12-09,0.0,986.9149411456681,-0.03366366604534319,717.1479316794685,-0.008208868382182303
2018-12-10,0.0,986.9149411456681,-0.03366366604534319,714.3336540118574,0.003924263800106598
2018-12-11,0.0,986.9149411456681,-0.03366366604534319,711.2733619891327,0.004284121300372027
2018-12-12,0.0,986.9149411456681,-0.03366366604534319,718.975476432398,-0.010828627718779594
2018-12-13,0.0,986.9149411456681,-0.03366366604534319,715.2210812944801,0.005221868145694504
2018-12-14,0.0006148528413654208,987.5217486014176,-0.033069511404696425,697.3329637612628,0.025625465644949733
2018-12-15,0.0,987.5217486014176,-0.033069511404696425,696.074141939141,0.0018051947742899162
2018-12-16,0.0,987.5217486014176,-0.033069511404696425,698.763950085916,-0.0038642552347681065
2018-12-17,-0.016772908322099656,970.9581368460465,-0.04928774784374844,708.5779308637043,-0.030817680918885194
2018-12-18,0.0013816295134412293,972.299641264229,-0.047974215737379124,723.5532446680332,-0.01975269199453337
2018-12-19,0.0,972.299641264229,-0.047974215737379124,709.9895170822266,0.018745997873355905
2018-12-20,0.0,972.299641264229,-0.047974215737379124,726.3977380974558,-0.023110511663130575
2018-12-21,0.0,972.299641264229,-0.047974215737379124,707.0775903142503,0.026597202565371163
2018-12-22,0.0,972.299641264229,-0.047974215737379124,713.467908501376,-0.009037647741438937
2018-12-23,0.0,972.299641264229,-0.047974215737379124,722.7804216299681,-0.01305246251110701
2018-12-24,0.0,972.299641264229,-0.047974215737379124,721.1574868343641,0.0022454050317855783
2018-12-25,0.0,972.299641264229,-0.047974215737379124,707.1994995748195,0.019354977954698236
2018-12-26,0.0,972.299641264229,-0.047974215737379124,733.2335775646544,-0.036812919134540115
2018-12-27,0.0,972.299641264229,-0.047974215737379124,716.8349062386098,0.022364866841628698
2018-12-28,0.0,972.299641264229,-0.047974215737379124,740.189175662962,-0.03257970450531942
2018-12-29,0.0,972.299641264229,-0.047974215737379124,734.8433132735423,0.007222292037210158
2018-12-30,0.0,972.299641264229,-0.047974215737379124,741.877857544245,-0.00957284926410423
2018-12-31,0.0,972.299641264229,-0.047974215737379124,736.2652655608572,0.007565385496160356
2019-01-01,0.0,972.299641264229,-0.047974215737379124,743.8483881904923,-0.010299443671104698
2019-01-02,0.0,972.299641264229,-0.047974215737379124,755.4374737198145,-0.015579902723879258
2019-01-03,0.0,972.299641264229,-0.047974215737379124,729.2887416688947,0.034614025595211824
2019-01-04,0.0,972.299641264229,-0.047974215737379124,751.2037193096791,-0.030049795627770784
2019-01-05,0.0,972.299641264229,-0.047974215737379124,751.7485943427024,-0.0007253359095771591
2019-01-06,0.0,972.299641264229,-0.047974215737379124,761.4474302323946,-0.012901701396824672
2019-01-07,0.0,972.299641264229,-0.047974215737379124,762.1621274385153,-0.0009386034777247273
2019-01-08,0.0,972.299641264229,-0.047974215737379124,766.0443434179587,-0.005093687864668254
2019-01-09,0.0,972.299641264229,-0.047974215737379124,773.2166492366415,-0.009362781515598913
2019-01-10,0.0,972.299641264229,-0.047974215737379124,748.1747140328029,0.03238669941802364
2019-01-11,0.0,972.299641264229,-0.047974215737379124,748.051874048283,0.00016418622845160158
2019-01-12,0.0,972.299641264229,-0.047974215737379124,746.7610811949849,0.0017255392280654425
2019-01-13,0.0,972.299641264229,-0.047974215737379124,735.4018944455703,0.015211273103891995
2019-01-14,0.0,972.299641264229,-0.047974215737379124,749.4337931153818,-0.01908058542654475
2019-01-15,0.0,972.299641264229,-0.047974215737379124,750.8386419303239,-0.0018745469284246437
2019-01-16,0.0,972.299641264229,-0.047974215737379124,756.2484781758402,-0.007205058375269946
2019-01-17,0.0,972.299641264229,-0.047974215737379124,759.2860057258468,-0.004016573438049805
2019-01-18,0.0,972.299641264229,-0.047974215737379124,763.4034361812879,-0.005422766157141323
2019-01-19,0.0,972.299641264229,-0.047974215737379124,768.537202023214,-0.006724839840394648
2019-01-20,0.0,972.299641264229,-0.047974215737379124,760.4918129364012,0.010468444553670101
2019-01-21,0.0,972.299641264229,-0.047974215737379124,759.2338211246343,0.0016541819259165314
2019-01-22,0.0,972.299641264229,-0.047974215737379124,752.7332240916217,0.008562048807814571
2019-01-23,0.0,972.299641264229,-0.047974215737379124,752.7717564245984,-5.1189892704931834e-05
2019-01-24,0.0,972.299641264229,-0.047974215737379124,755.3726612451895,-0.0034551041512828284
2019-01-25,0.0,972.299641264229,-0.047974215737379124,759.8231667519127,-0.005891801140097885
2019-01-26,0.0,972.299641264229,-0.047974215737379124,759.7323898653688,0.00011947106973864141
2019-01-27,0.0,972.299641264229,-0.047974215737379124,755.2521297806661,0.005897155556967371
2019-01-28,0.0,972.299641264229,-0.047974215737379124,734.8200982826071,0.02705325902754192
2019-01-29,0.0,972.299641264229,-0.047974215737379124,727.4539798691886,0.010024383424778783
2019-01-30,0.0,972.299641264229,-0.047974215737379124,750.7072546421169,-0.03196528634994865
2019-01-31,0.0,972.299641264229,-0.047974215737379124,754.6183260881603,-0.00520984900819661
2019-02-01,0.0,972.299641264229,-0.047974215737379124,756.853160930299,-0.0029615432926520875
2019-02-02,0.0,972.299641264229,-0.047974215737379124,760.8307682863255,-0.005255454507367396
2019-02-03,0.0,972.299641264229,-0.047974215737379124,756.0686772692918,0.006259067345238363
2019-02-04,0.0030148111936565414,975.2309411063006,-0.045104037746334494,762.397319476357,-0.005355648259739287
2019-02-05,0.004090955927892992,979.2205679058841,-0.04119760044903181,764.824943884656,0.0009067574184248453
2019-02-06,-0.006645848810376553,972.7128160595705,-0.047569656235473795,758.4485445373192,0.001691221519665432
2019-02-07,-0.008065833632044273,964.8670763134768,-0.05525180093438915,751.2639828476672,0.0014068744921897167
2019-02-08,-0.001204858157635047,963.704548345547,-0.056390088508944405,770.6740069885357,-0.027041347839058132
2019-02-09,0.0,963.704548345547,-0.056390088508944405,771.3186209814222,-0.0008364288752975938
2019-02-10,0.0,963.704548345547,-0.056390088508944405,775.8725410428934,-0.005904071206885704
2019-02-11,0.0022081360166967823,965.8325390682032,-0.054306469477669,768.2707364821699,0.012005885206925183
2019-02-12,0.003895106782851654,969.5945599422266,-0.05062289219243254,777.1768011565339,-0.007697245042422706
2019-02-13,-7.840002253733935e-05,969.5185437068751,-0.050697323379081054,776.6167810510681,0.0006421826101820886
2019-02-14,-0.0030571827435044163,966.5545483455469,-0.05359951514040911,774.502536818233,-0.00033480500918143825
2019-02-15,7.864660663159384e-05,966.6305645808985,-0.05352508395376048,780.3965612656186,-0.007531431046049971
2019-02-16,0.0,966.6305645808985,-0.05352508395376048,781.3911053535695,-0.0012744085985437674
2019-02-17,0.0,966.6305645808985,-0.05352508395376048,787.9329349884537,-0.008372029819720014
2019-02-18,0.0,966.6305645808985,-0.05352508395376048,804.3243232459513,-0.02080302463526027
2019-02-19,0.0059360621691746385,972.368543706875,-0.04790675001054576,804.2405420816729,0.006040225579203451
2019-02-20,-0.002774664543045202,969.6705471858791,-0.050548489392964156,810.655535775696,-0.010751126009932525
2019-02-21,0.001959428390925,971.5705471858789,-0.048688107147274035,801.8522199336807,0.01281893092129584
2019-02-22,0.00183826552157762,973.3565518245509,-0.04693934329437621,808.8010680723074,-0.006827730488512018
2019-02-23,0.0,973.3565518245509,-0.04693934329437621,819.7095896843562,-0.013487273994392668
2019-02-24,0.0,973.3565518245509,-0.04693934329437621,792.3966874772344,0.03332021797822208
2019-02-25,-0.0052827387988910735,968.2145634030726,-0.05197411380325158,804.7068796192832,-0.0208181295149235
2019-02-26,0.003824148513058123,971.9171596860317,-0.048348722020211635,801.0211376954186,0.008404377683720057
2019-02-27,-0.0030839779227694875,968.9197886227992,-0.05128359355167667,795.5844196521659,0.0037032562554625203
2019-02-28,0.001161066981122394,970.0447693967251,-0.05018207025770052,793.2003411441779,0.004157704985962234
2019-03-01,0.0038968805847854338,973.8249180249599,-0.04648074320820665,798.5989405490942,-0.002909217603635635
2019-03-02,0.0,973.8249180249599,-0.04648074320820665,796.4451954939271,0.0026969044733346085
2019-03-03,0.0,973.8249180249599,-0.04648074320820665,794.5867815425544,0.002333385852394117
2019-03-04,-0.004295109630608529,969.6422332410243,-0.05057621295102375,787.0141332207103,0.005235187748795552
2019-03-05,-2.85951352270164e-05,969.614506190243,-0.05060336185260213,802.2437233751247,-0.019379696356357664
2019-03-06,-0.002756260171758229,966.9419963448718,-0.05322014599352899,799.972289586116,7.509110320399115e-05
2019-03-07,-0.010223439544114532,957.0565233025745,-0.06289949259254976,793.9375363339115,-0.002679736679947986
2019-03-08,-0.003952434687473305,953.2738199020008,-0.06660332114367581,792.2180242800102,-0.0017866319949325932
2019-03-09,0.0,953.2738199020008,-0.06660332114367581,801.2749926500674,-0.011432418971139224
2019-03-10,0.0,953.2738199020008,-0.06660332114367581,798.595159320402,0.003344461457360959
2019-03-11,0.002779762170405542,955.9236944046024,-0.06400870036580879,811.2949886971776,-0.013122950522697931
2019-03-12,0.007014854210979582,962.6293597576718,-0.0574428578561296,815.2771974411935,0.0021063945267767222
2019-03-13,0.0033589939296392313,965.8628259335903,-0.054276814137330175,819.5307069241462,-0.001858261620132814
2019-03-14,0.0037973390894252557,969.5305345975307,-0.050685582515878035,820.4290121980819,0.002701217533093092
2019-03-15,0.004539943457794626,973.932148405209,-0.04637574873683082,828.4575432751059,-0.005245828324597641
2019-03-16,0.0,973.932148405209,-0.04637574873683082,833.5772797605878,-0.006179841715535887
2019-03-17,0.0,973.932148405209,-0.04637574873683082,830.2442345384761,0.003998483767538611
2019-03-18,-0.0009931014222891443,972.9649350034147,-0.04732279433708967,829.3371469004923,9.945375635419152e-05
2019-03-19,0.0033526271322614765,976.2269236432462,-0.04412882288909708,836.3489900626518,-0.005102128799466884
2019-03-20,0.004874962098211144,980.9859928952603,-0.039468987129908935,837.813694332345,0.0031236545853228805
2019-03-21,0.012030515581693102,992.7877601682095,-0.027913303812875778,840.6056221839812,0.008698118569656877
2019-03-22,-0.0194744905266252,973.4537243378643,-0.046844196968830284,835.9370986429223,-0.013920728550908697
2019-03-23,2.713913431540149e-06,973.4563662070018,-0.04684161018649405,842.4864555688736,-0.00783203458209969
2019-03-24,-2.908779539456674e-08,973.4563378913022,-0.0468416379117703,839.3426159254288,0.003731591311160446
2019-03-25,-0.0030198744956886348,970.5166219238378,-0.04972005653979289,832.2884533367467,0.0053845153861529875
2019-03-26,0.0022483856347184084,972.6987175548268,-0.047583460765955925,838.1139691289509,-0.004751009549546296
2019-03-27,0.0,972.6987175548268,-0.047583460765955925,845.366276067485,-0.008653127385612443
2019-03-28,-0.001860112803733549,970.8893882161278,-0.04935506296507277,843.9731607841176,-0.00021216998556483624
2019-03-29,0.007775023276101134,978.4380758080279,-0.04196377645231847,857.204971210171,-0.007902975789367012
2019-03-30,0.0012179837300114738,979.6297974651857,-0.04079690391927585,858.3474605421983,-0.00011482390689966735
2019-03-31,-0.002772408910460822,976.9138630857402,-0.0434562071297917,855.7165482094454,0.00029268122342401446
2019-04-01,0.0006806348836581044,977.5787847392855,-0.042805150056617634,863.5844829541405,-0.008513922310728849
2019-04-02,0.017364685721011686,994.5541331038119,-0.026183762313579766,903.2122957277317,-0.02852290669847303
2019-04-03,0.0027652153747621533,997.3042894837038,-0.02349095068093624,907.9475244629955,-0.002477437717608325
2019-04-04,-0.003990678516417656,993.3243686813299,-0.027387884365141307,902.7209028477787,0.0017658453733391333
2019-04-05,0.0034074537154720197,996.7090754920621,-0.02407375359800815,916.4723007227038,-0.011825823625890115
2019-04-06,0.0008273588093876683,997.5337115260671,-0.023266312420734778,915.3755744729101,0.0020240411847620783
2019-04-07,0.0027070664926038823,1000.2341016117821,-0.020622229382891568,921.5432791773353,-0.004030828723768786
2019-04-08,0.00820160388505653,1008.4376255055273,-0.012589760854460279,922.2290578622755,0.0074574405880790005
2019-04-09,-0.003998128927283351,1004.4057618636327,-0.016537554294683825,914.4223519622032,0.004466911111867419
2019-04-10,0.005855039509861992,1010.2865972832774,-0.010779342818613645,925.1034177977214,-0.005825630601272428
2019-04-11,-0.007346029822099975,1002.8650018107666,-0.018046187266905413,905.0041134264698,0.014380518782702967
2019-04-12,0.005671562835525279,1008.5528136840855,-0.01247697451640599,905.9109008923486,0.004669592289285984
2019-04-13,0.0,1008.5528136840855,-0.01247697451640599,906.3008904788795,-0.00043049441854248936
2019-04-14,0.0,1008.5528136840855,-0.01247697451640599,910.4321628515071,-0.004558389400284849
2019-04-15,0.005477765816126023,1014.0774298106419,-0.007067554644774671,904.0739622087953,0.012461482892638013
2019-04-16,0.0028926396638675467,1017.010790406345,-0.004195358869799165,909.824096882229,-0.003467608406307162
2019-04-17,-0.0002282963689231865,1016.7786105357395,-0.004422697453526056,914.4386932617393,-0.005300261812928886
2019-04-18,0.000707944970285368,1017.4984338389621,-0.0037178835096579317,918.2172553863676,-0.003424165965605027
2019-04-19,0.0,1017.4984338389621,-0.0037178835096579317,915.2370496635347,0.0032456433435013626
2019-04-20,0.0,1017.4984338389621,-0.0037178835096579317,912.8721732302349,0.002583894996568496
2019-04-21,0.0,1017.4984338389621,-0.0037178835096579317,907.5004260233582,0.005884446217555994
2019-04-22,0.0007219384360681591,1018.2330050669896,-0.0029986291565962707,918.2891650739838,-0.011166473669589554
2019-04-23,-0.009373267994563284,1008.6888342295872,-0.012343790196458423,919.793528227661,-0.011011491781681815
2019-04-24,-4.2524228324181124e-05,1008.6459405152924,-0.012385789514629864,911.285917674978,0.009206954368330285
2019-04-25,-0.0067220607333249305,1001.865761244727,-0.019024592218607275,905.6018634372671,-0.00048466133159483053
2019-04-26,0.0009898177355598392,1002.8574257438572,-0.018053605361837144,912.461600980767,-0.006584965202124593
2019-04-27,-6.609961675785314e-07,1002.8567628589421,-0.018054254424640797,912.4597459087502,1.372045020079741e-06
2019-04-28,3.943471238443408e-07,1002.8571583326222,-0.01805386719716022,910.5906421007957,0.0020488176516423686
2019-04-29,0.007374643634008304,1010.2528724911397,-0.010812364399946596,907.2142676990089,0.011082538538349996
2019-04-30,-0.019137253285186118,990.9194073881899,-0.029742698728999165,913.9653633583576,-0.02657882017816687
2019-05-01,-0.006423806555622025,984.5539328029166,-0.03597544394154392,910.0079065822981,-0.002093821049915497
2019-05-02,-0.004017359110171204,980.5986260915159,-0.03984827677425411,910.3836104489387,-0.00443021691494733
2019-05-03,0.00685423726240586,987.3198817339363,-0.033267169055357086,923.5295069762524,-0.00758571571613138
2019-05-04,1.991448730365164e-06,987.3218479308613,-0.033265243856488276,918.8686325133136,0.005048797671737774
2019-05-05,-1.9287172404736097e-06,987.3199436661913,-0.03326710841447939,916.7626497801597,0.00229000144408588
2019-05-06,-0.003159892771641193,984.2001185129034,-0.036321880690708214,920.4990599591004,-0.007235549845843255
2019-05-07,-0.00964446025252097,974.7080395893793,-0.04561603600861082,905.4931219559428,0.006657498821531941
2019-05-08,-0.001236045329135349,973.5032562697742,-0.04679569784950403,908.4763888942031,-0.004530677685719213
2019-05-09,7.955204895493395e-06,973.5110006876441,-0.04678811491397325,902.9437921897251,0.006097928232386351
2019-05-10,5.878663251968064e-06,973.5167236309892,-0.04678251130229312,908.7374053804034,-0.00641048217868733
2019-05-11,2.5244952277958532e-05,973.5413000142191,-0.046758447372280354,935.5374831857339,-0.02946630854453445
2019-05-12,-0.0010959231783906898,972.4743735384129,-0.04780312688441023,929.3944989508453,0.005470338831732261
2019-05-13,0.0037091289378490266,976.081406378621,-0.04427130590780773,927.0780641935218,0.006201541750641123
2019-05-14,0.011997685205899833,987.7921238276837,-0.03280477389384384,963.5242428329536,-0.02731527024746526
2019-05-15,0.030722228921316486,1018.1392995825911,-0.003090380745806123,995.9424314555367,-0.0029232022795291704
2019-05-16,-0.004585614055510834,1013.4705056999572,-0.007661823507932073,993.9771833429833,-0.002612359326639228
2019-05-17,-0.013556970044921957,999.730916412771,-0.021114922441067566,972.5561768639609,0.007993832969467585
2019-05-18,-0.00014713334737448402,999.5838226565654,-0.02125894907922372,962.895345888301,0.009786309270625893
2019-05-19,0.0,999.5838226565654,-0.02125894907922372,991.6182753418976,-0.029829752087023504
2019-05-20,-0.0005029888735887944,999.0810431155498,-0.021751244937961437,976.9489776713295,0.01429030208861158
2019-05-21,-0.00402609597255188,995.0586469516094,-0.025689768310870626,982.0349563047585,-0.009232077809547868
2019-05-22,0.0014737760543661604,996.5251405581768,-0.024253853221883132,966.3300045140608,0.01746602937474989
2019-05-23,0.00016818826664599662,996.6927443942363,-0.024089744168770064,963.5464851778069,0.003048694225532933
2019-05-24,-0.0002942719538825411,996.3994456729229,-0.024376927186567563,965.8185478983252,-0.002652292823108319
2019-05-25,0.0,996.3994456729229,-0.024376927186567563,966.603508788423,-0.0008127415773966584
2019-05-26,0.0,996.3994456729229,-0.024376927186567563,982.1848780835594,-0.01611971108471007
2019-05-27,0.0011731335046851754,997.5683552466915,-0.023232391071906274,993.5671934123574,-0.01041563718684393
2019-05-28,-0.009726703879479381,987.8653032556676,-0.03273312036301692,993.70646487489,-0.009866877048899821
2019-05-29,-0.0029612205758264842,984.9400161935218,-0.03559741094931348,982.6460528338097,0.008169241418775635
2019-05-30,-0.0033098566050661082,981.6800059753298,-0.03878944522862576,968.8922468266859,0.010686847464990275
2019-05-31,0.0025071914483525415,984.1412656913299,-0.036379506345636706,971.3441153107043,-2.3397987210345677e-05
2019-06-01,-0.00010355378367810086,984.0393541395938,-0.03647929289378435,969.9513997252137,0.0013302486798753529
2019-06-02,0.0015910049185634545,985.6049655920898,-0.03494632670964072,978.8724905738618,-0.007606456780213907
2019-06-03,-0.005360851888527085,980.3212833509538,-0.04011983651662935,945.8993418264547,0.02832397332101228
2019-06-04,-0.003789394075833896,976.6064596874098,-0.04375720072164366,950.8485186970249,-0.00902163883140558
2019-06-05,-5.443979431474233e-05,976.553293432618,-0.043809258382951285,957.7434971332948,-0.007305835048858844
2019-06-06,0.0,976.553293432618,-0.043809258382951285,967.4394648346307,-0.010123762500458528
2019-06-07,0.004247864880602359,980.7015598718269,-0.03974748931247919,981.486168102849,-0.010271599932236681
2019-06-08,0.0,980.7015598718269,-0.03974748931247919,976.3589219336195,0.005223961718319514
2019-06-09,0.0,980.7015598718269,-0.03974748931247919,963.7593249688923,0.012904677451786339
2019-06-10,0.003075443435655245,983.7176520464716,-0.0367942870319138,984.2074049275454,-0.018141554863492965
2019-06-11,3.1174168864778196e-05,983.7483186266718,-0.03676425989436617,986.1353269459145,-0.0019276832921913361
2019-06-12,0.002459273357285907,986.1676246569452,-0.034395399901938746,997.2706015846659,-0.008832558843105543
2019-06-13,0.0009613327169972763,987.1156598589715,-0.033467132608181335,994.3372130644166,0.0039027495356502183
2019-06-14,0.0018814936968534202,988.9729117510615,-0.03164860711038198,1000.1021195449114,-0.003916244137706711
2019-06-15,0.0,988.9729117510615,-0.03164860711038198,1004.8073973040557,-0.004704797307384452
2019-06-16,0.0,988.9729117510615,-0.03164860711038198,1009.2074008490699,-0.0043789521820993904
2019-06-17,-7.006375213214344e-05,988.9036205981072,-0.03171645344235017,1020.9216077394033,-0.011677397269977874
2019-06-18,-0.0003488716701783856,988.5586201403437,-0.03205426014044397,1018.1846102456286,0.002332036905980613
2019-06-19,0.006787866801403197,995.2688243792352,-0.02548397338729173,1023.5929250551247,0.0014761436079134454
2019-06-20,0.013345232832736587,1008.5509185717401,-0.0124788301129118,1029.2408885386021,0.007827449986422721
2019-06-21,-0.0023000934573833565,1006.2311572024953,-0.014750221094796631,1043.3936704577634,-0.016050792712303502
2019-06-22,1.4949521305540614e-05,1006.2461998766182,-0.014735492082235582,1061.204680504581,-0.017055318922055283
2019-06-23,4.49755794029727e-06,1006.2507255272044,-0.014731060798024678,1062.4203967778105,-0.0011411026222733155
2019-06-24,0.0061410665663437225,1012.4301782150986,-0.008680458656634471,1066.2091576720816,0.0025749067808559086
2019-06-25,-0.01609057551990012,996.1395939739026,-0.02463136060097269,1061.6729076214403,-0.011836016254487958
2019-06-26,-0.005129980780683385,991.0294170019388,-0.029634982975170955,1076.428397248907,-0.01902831945122982
2019-06-27,0.00080124032325668,991.8234697323743,-0.028857487395253012,1043.6192715542782,0.03128085771209649
2019-06-28,0.0049355674318734,996.7186813477531,-0.0240643480383333,1060.4520090032424,-0.011193626334254705
2019-06-29,0.0,996.7186813477531,-0.0240643480383333,1059.938277386129,0.0004844458898205358
2019-06-30,0.0,996.7186813477531,-0.0240643480383333,1037.295687673718,0.021362177586650502
2019-07-01,0.0008256077944133189,997.5415800599112,-0.023258607957227853,1044.9624266431174,-0.006565475635802527
2019-07-02,0.002834360320879581,1000.3689723328605,-0.020490170911861186,1044.1473311342104,0.0036143840692218986
2019-07-03,0.003353654867089384,1003.7238646058097,-0.017205233006177958,1061.9276910856765,-0.01367493814971402
2019-07-04,0.0,1003.7238646058097,-0.017205233006177958,1045.608352502627,0.015367655180330852
2019-07-05,9.878236467586454e-05,1003.8230148226371,-0.01710815021510319,1041.6856619082448,0.0038503692614267077
2019-07-06,0.0,1003.8230148226371,-0.01710815021510319,1046.8383430075203,-0.004946483654038521
2019-07-07,0.0,1003.8230148226371,-0.01710815021510319,1054.8801880136639,-0.007682031385132001
2019-07-08,0.0029480337462153283,1006.7823189455619,-0.014210551873057276,1059.175344627237,-0.001123667156292996
2019-07-09,-0.0017433872782496307,1005.0271074587455,-0.01592916465595455,1058.5035274245658,-0.001109104006759861
2019-07-10,0.00873955026598816,1013.8105923830619,-0.007328828125172258,1046.8472992624993,0.019751538284986058
2019-07-11,0.004712916515517085,1018.5885970675101,-0.0026504517647657675,1031.7727219330384,0.019112893799769437
2019-07-12,0.0041740056345587195,1022.8401916109672,0.0,1045.308819082975,-0.008945256836905731
2019-07-13,0.0,1022.8401916109672,0.0,1036.4943445418419,0.008432411915232673
2019-07-14,0.0,1022.8401916109672,0.0,1004.5985783456306,0.030772735388450254
2019-07-15,0.001969360851465707,1024.8545330416314,0.0,1011.7264746099652,-0.005125907266544946
2019-07-16,-0.0008836794880434651,1023.9488901125542,-0.0008836794880434161,980.3655212382452,0.03011378292768519
2019-07-17,-0.0014501601065067815,1022.4640002810111,-0.0023325581178096906,991.9925748632731,-0.013310077018254662
2019-07-18,3.267346349256073e-05,1022.4974077211966,-0.002299960867069718,1009.3580426984163,-0.017472969497128177
2019-07-19,-0.006093889235907146,1016.2664217745414,-0.008379834396206069,1001.4749188824361,0.001716147918902059
2019-07-20,0.0,1016.2664217745414,-0.008379834396206069,1011.5469526516116,-0.010057200214674423
2019-07-21,0.0,1016.2664217745414,-0.008379834396206069,1007.6842693239025,0.003818590246931889
2019-07-22,0.004970094423981664,1021.3173618506828,-0.0034513885404309354,1005.3224873042168,0.007313866269572164
2019-07-23,-0.005550917511156106,1015.648113422338,-0.008983147678500204,997.5522940635408,0.0021781379300605495
2019-07-24,-0.00035463390646495174,1015.2879301642813,-0.009334595856211592,1005.1024786163199,-0.007923344436940805
2019-07-25,-0.005555356383108334,1009.6476438807504,-0.014838095232646337,1000.6409715099697,-0.001116498454420323
2019-07-26,0.0037803710243737854,1013.4644865785043,-0.011113817713547055,1017.5782524960808,-0.013146060601299556
2019-07-27,0.0,1013.4644865785043,-0.011113817713547055,1005.8424006962905,0.011533119709469745
2019-07-28,0.0,1013.4644865785043,-0.011113817713547055,1007.6654573274342,-0.0018124674699354416
2019-07-29,-0.00180999683653571,1011.6301190638559,-0.012903698575179449,1008.5400005041083,-0.0026778872363849497
2019-07-30,-0.005868948176360966,1005.6929143214243,-0.01869691561331928,1010.5659947307133,-0.007877786919090505
2019-07-31,-0.017532381024925048,988.0607229534737,-0.035901495189720786,1008.087418619464,-0.015079719720098672
2019-08-01,-0.0011025872402815606,986.9712998077218,-0.036964497899499134,1002.1454606452907,0.004791701156165903
2019-08-02,-0.0006946818553562606,986.285668753988,-0.03763350118887225,995.1843332677627,0.006251542670817378
2019-08-03,0.0,986.285668753988,-0.03763350118887225,999.8006112432887,-0.004638616004301576
2019-08-04,0.0,986.285668753988,-0.03763350118887225,998.8949018445508,0.0009058900230233258
2019-08-05,0.0,986.285668753988,-0.03763350118887225,985.3882373517854,0.013521607195936262
2019-08-06,0.0,986.285668753988,-0.03763350118887225,984.6953837394844,0.000703127545101423
2019-08-07,0.0,986.285668753988,-0.03763350118887225,987.2099217147908,-0.002553620151804781
2019-08-08,0.0,986.285668753988,-0.03763350118887225,999.1125324332721,-0.01205681836929519
2019-08-09,0.0,986.285668753988,-0.03763350118887225,981.8122381573128,0.01731566136381623
2019-08-10,0.0,986.285668753988,-0.03763350118887225,983.8495300177559,-0.0020750320491692785
2019-08-11,0.0,986.285668753988,-0.03763350118887225,992.7726253021336,-0.009069573153342633
2019-08-12,0.0,986.285668753988,-0.03763350118887225,979.6599343457731,0.013208151214252117
2019-08-13,0.0,986.285668753988,-0.03763350118887225,988.4259785569318,-0.008948048096927574
2019-08-14,0.0,986.285668753988,-0.03763350118887225,941.695883803652,0.047277283040966
2019-08-15,0.0,986.285668753988,-0.03763350118887225,946.6092689348897,-0.005217592235182966
2019-08-16,0.0,986.285668753988,-0.03763350118887225,956.2082563162178,-0.010140390228936551
2019-08-17,0.0,986.285668753988,-0.03763350118887225,957.9311300442672,-0.001801776670164871
2019-08-18,0.0,986.285668753988,-0.03763350118887225,970.1129076865964,-0.01271675724930891
2019-08-19,0.0,986.285668753988,-0.03763350118887225,986.3116977538363,-0.01669783995129878
2019-08-20,0.0,986.285668753988,-0.03763350118887225,973.4018565092076,0.01308900753588204
2019-08-21,0.0,986.285668753988,-0.03763350118887225,966.821254475464,0.006760416563558784
2019-08-22,0.0,986.285668753988,-0.03763350118887225,968.5184021724147,-0.001755389312237976
2019-08-23,0.0,986.285668753988,-0.03763350118887225,954.8338436795837,0.014129373754939657
2019-08-24,0.0,986.285668753988,-0.03763350118887225,951.6023805710145,0.00338431982690978
2019-08-25,0.0,986.285668753988,-0.03763350118887225,949.0280406117485,0.0027052685153237705
2019-08-26,0.0,986.285668753988,-0.03763350118887225,959.4354504927925,-0.010966388173667891
2019-08-27,0.0,986.285668753988,-0.03763350118887225,955.1265416213995,0.004491087825845596
2019-08-28,0.0,986.285668753988,-0.03763350118887225,941.5610578207986,0.014202813145127901
2019-08-29,0.0,986.285668753988,-0.03763350118887225,946.7451281755787,-0.005505824940103713
2019-08-30,0.0,986.285668753988,-0.03763350118887225,947.6442334620256,-0.000949680394109409
2019-08-31,0.0,986.285668753988,-0.03763350118887225,949.3150046778917,-0.0017630785445316376
2019-09-01,0.0,986.285668753988,-0.03763350118887225,948.8588696134768,0.00048048862829211576
2019-09-02,0.0,986.285668753988,-0.03763350118887225,958.2371930114961,-0.009883791676879769
2019-09-03,0.0,986.285668753988,-0.03763350118887225,955.7894114744249,0.00255446308588619
2019-09-04,0.0,986.285668753988,-0.03763350118887225,958.9998001043173,-0.003358887000997239
2019-09-05,-0.0017517786399805502,984.5579145865458,-0.039319354265322466,968.9872001041529,-0.01216617080017616
2019-09-06,0.0019586082865306054,986.4862778766244,-0.037437757191876905,961.994430849209,0.009175183752328538
2019-09-07,0.0,986.4862778766244,-0.037437757191876905,970.9905464857453,-0.00935152569292419
2019-09-08,0.0,986.4862778766244,-0.037437757191876905,973.2019978445635,-0.0022775209983473413
2019-09-09,-0.008866937851568113,977.7391653592676,-0.045972736777122526,972.1426038419467,-0.007778372471551265
2019-09-10,-0.009228476281556985,968.7161226622003,-0.0547769547477336,969.8954111689638,-0.006916888800356324
2019-09-11,0.0009610340176255949,969.647091809501,-0.05386856324700252,972.4407818620574,-0.0016633424499626088
2019-09-12,-0.002568189312801561,967.1568545111268,-0.05629840789137714,977.2129519648562,-0.007475603925402164
2019-09-13,-0.004966206723000854,962.3537536380572,-0.0609850250826136,977.377304362352,-0.005134391556373674
2019-09-14,0.0,962.3537536380572,-0.0609850250826136,982.4871234167565,-0.005228092602107378
2019-09-15,0.0,962.3537536380572,-0.0609850250826136,982.6459465239479,-0.00016165413612667656
2019-09-16,-0.0034748118352248003,959.0097554252427,-0.06424792543090986,981.6786484089798,-0.002490430717702237
2019-09-17,0.00025836250668254124,959.2575275895874,-0.06400616217929075,995.2741083087508,-0.01359083338018466
2019-09-18,0.0052887959804266416,964.3308449456972,-0.059055881732120515,1009.1507408479197,-0.00865372741420803
2019-09-19,-0.006890814532585443,957.685819945125,-0.06553975313663161,1010.6289643099122,-0.008355633812954226
2019-09-20,-0.010519109068741317,947.6118183515352,-0.07536944239379034,1004.2228484084291,-0.0041803674259490945
2019-09-21,0.0,947.6118183515352,-0.07536944239379034,1000.2553063893172,0.003950858144086119
2019-09-22,0.0,947.6118183515352,-0.07536944239379034,992.6380745773237,0.0076152875804177105
2019-09-23,0.0012480300627035756,948.7944663886112,-0.07421547566100337,981.6762532032504,0.012291150062650025
2019-09-24,-0.006181842711481367,942.929168231873,-0.07993852997519062,933.791751602904,0.04259646015985455
2019-09-25,0.006787548902732254,949.3293460730595,-0.07369356775387746,946.6145716237779,-0.006944442195778448
2019-09-26,-0.004553059201654386,945.006993358521,-0.07791109577876734,935.6290854832408,0.007051966190774372
2019-09-27,0.000601416320168191,945.5753359869999,-0.07735653646312264,935.7488770470484,0.00047338314370316175
2019-09-28,0.0,945.5753359869999,-0.07735653646312264,934.8711702454995,0.0009379725940133144
2019-09-29,0.0,945.5753359869999,-0.07735653646312264,929.4664671185367,0.005781227723113476
2019-09-30,0.007165658977161149,952.3510063818974,-0.0707451880459105,945.8400418861546,-0.010450441599740935
2019-10-01,-0.005626554396985561,946.9925516394657,-0.0759736907940308,938.233891647049,0.0024151333115805633
2019-10-02,-0.010355390312996704,937.1860741437383,-0.08554234388533637,934.8373430583996,-0.00673523907044596
2019-10-03,-0.0009088618705180851,936.3343014553685,-0.08637345958118235,935.4894880232728,-0.001606464474560143
2019-10-04,0.0,936.3343014553685,-0.08637345958118235,948.8145058451366,-0.014243899041581002
2019-10-05,0.0,936.3343014553685,-0.08637345958118235,949.7826886382509,-0.001020413144139165
2019-10-06,0.0,936.3343014553685,-0.08637345958118235,944.6491999599396,0.005404908659339128
2019-10-07,0.0,936.3343014553685,-0.08637345958118235,959.1465409437319,-0.015346798562267394
2019-10-08,0.0,936.3343014553685,-0.08637345958118235,949.5183408419408,0.010038299353420533
2019-10-09,0.0,936.3343014553685,-0.08637345958118235,965.1697345740486,-0.01648350859471493
2019-10-10,0.0,936.3343014553685,-0.08637345958118235,964.8711116851787,0.0003093993503656689
2019-10-11,0.004943592195047142,940.9631563999983,-0.08185686254677987,962.9874075136185,0.006895877996484693
2019-10-12,0.0,940.9631563999983,-0.08185686254677987,964.6456291241882,-0.0017219556534505095
2019-10-13,0.0,940.9631563999983,-0.08185686254677987,967.4860948637793,-0.0029445691286342853
2019-10-14,-0.0005320793621997888,940.4624893238874,-0.08234538756176414,974.2954715682918,-0.007570295973955103
2019-10-15,-0.0008611263440488903,939.6526322987409,-0.08313560412327266,980.1867434719097,-0.006907825805901894
2019-10-16,-0.002486365456602524,937.3163124525877,-0.08541526408556925,972.6891521053856,0.005162780398979068
2019-10-17,0.0019227712693830057,939.1185573284955,-0.08365672683193677,983.046045658512,-0.00872491975370376
2019-10-18,-0.026492962091891892,914.2385249893995,-0.1079333744311384,968.5658645136328,-0.011763050701851803
2019-10-19,0.0,914.2385249893995,-0.1079333744311384,969.3856188649681,-0.0008463589120467481
2019-10-20,0.0,914.2385249893995,-0.1079333744311384,974.261734914181,-0.005030109746132094
2019-10-21,0.01561606600645482,928.5153341412778,-0.0940028031240997,979.8693163027559,0.00986034227471165
2019-10-22,0.0024311445948361765,930.7726891770978,-0.09180019293597813,974.7584853993484,0.007646973704264385
2019-10-23,0.00547188793075537,935.8657730212827,-0.08683062537299015,963.2797003498061,0.017247917810443443
2019-10-24,0.0023645117684136796,938.0786386552471,-0.08467142564012962,967.1646956439569,-0.0016685798588053002
2019-10-25,0.016266755967221158,953.3381349483151,-0.06978199909119315,1003.6727298337687,-0.02148072835912105
2019-10-26,0.0,953.3381349483151,-0.06978199909119315,1005.247706405938,-0.0015692132757558392
2019-10-27,0.0,953.3381349483151,-0.06978199909119315,1012.8291213238437,-0.007541837568584597
2019-10-28,0.008011428248860364,960.9757350133558,-0.06232962432111398,1016.0631201251435,0.0048183932805601955
2019-10-29,-0.013999558706143445,947.522498795857,-0.07545659579244209,1020.118757103774,-0.01799107940825382
2019-10-30,0.0032471215043203827,950.5992194775243,-0.07245449102296224,1015.490117638316,0.007784475055782584
2019-10-31,-0.008040930406681746,942.9555173090596,-0.0799128199096768,1013.8907184818653,-0.006465928219392706
2019-11-01,0.010626013265571332,952.9753751448294,-0.07013596132855483,1020.9610185568114,0.0036525792000807076
2019-11-02,0.0,952.9753751448294,-0.07013596132855483,1022.5545047736906,-0.0015607708697160068
2019-11-03,0.0,952.9753751448294,-0.07013596132855483,1019.2382107461531,0.003243146465108467
2019-11-04,0.013018105313675754,965.3813089398045,-0.058030893345730035,1027.9187242998457,0.004501437215706764
2019-11-05,-0.000771865497781965,964.6361644152303,-0.058757966799132984,1028.7243039027487,-0.0015555652046354452
2019-11-06,-0.0023378769540653987,962.3809637573859,-0.06095847485675094,1032.623716331226,-0.006128408988434312
2019-11-07,0.005711157006915268,967.8772725418708,-0.05559546127064466,1027.5924810411477,0.01058344030867165
2019-11-08,0.004189626558884552,971.9323168686528,-0.051638758932853114,1020.1453495383814,0.011436790819196123
2019-11-09,0.0,971.9323168686528,-0.051638758932853114,1022.3445738983083,-0.0021557951138257833
2019-11-10,0.0,971.9323168686528,-0.051638758932853114,1027.6891876410566,-0.005227800762289584
2019-11-11,-0.0017636236987228493,970.2181940010687,-0.053311311292549325,1019.9037693062711,0.0058120309139872905
2019-11-12,0.0018874761676579421,972.0494577196738,-0.05152445895442271,1023.905952489853,-0.0020366030484667338
2019-11-13,-0.0032547100680914154,968.8857185629507,-0.05461147184720225,1022.9313784725358,-0.002302890211055364
2019-11-14,0.0015131786695570248,970.3518157655187,-0.053180930091957415,1020.497569768873,0.0038924279084425824
2019-11-15,0.0070545708768812165,977.1972314253469,-0.046501527855708435,1025.2232043032227,0.002423854769031797
2019-11-16,0.0,977.1972314253469,-0.046501527855708435,1026.6382490701085,-0.0013802309203949945
2019-11-17,0.0,977.1972314253469,-0.046501527855708435,1029.3114836700736,-0.002603872008846923
2019-11-18,-0.000168571146835661,977.0325041673609,-0.046662260186663834,1024.3665632059785,0.004635533871466099
2019-11-19,-0.003884570279377497,973.2371527396866,-0.05036556763695163,1021.9605716889515,-0.001535809978673064
2019-11-20,-0.003635200374533243,969.6992406775377,-0.05381767908114743,1017.3886810194946,0.0008384464530554114
2019-11-21,-0.0007909463227624425,968.9322606289383,-0.05456605850854101,1000.3916862383849,0.01591554461645032
2019-11-22,0.001536917230829049,970.421429315805,-0.0531130047932522,987.7308511174556,0.014192795218515752
2019-11-23,0.0,970.421429315805,-0.0531130047932522,992.0549588348426,-0.004377819840794617
2019-11-24,0.0,970.421429315805,-0.0531130047932522,973.9565037562186,0.018243399639754247
2019-11-25,0.012770522634584447,982.8142181439682,-0.041020762988570804,987.1441670596348,-0.0007697774225083592
2019-11-26,-0.002518070899943492,980.3394222612092,-0.04343554069893931,991.0896106795035,-0.006514897049077077
2019-11-27,0.005495953005345555,985.7273216552444,-0.03817830738403689,1004.8384968568876,-0.008376542507908336
2019-11-28,0.0,985.7273216552444,-0.03817830738403689,1003.001603832345,0.0018280480199437251
2019-11-29,-0.004085171646798225,981.700456349344,-0.04210751409198714,1011.7203345171739,-0.012777810473611366
2019-11-30,0.0,981.700456349344,-0.04210751409198714,1005.7338496313199,0.005917134094879069
2019-12-01,0.0,981.700456349344,-0.04210751409198714,1002.6270697874758,0.003089067594754957
2019-12-02,-0.011743014071075475,970.1723340768524,-0.053356059032582434,990.2037392578484,0.0006477650171657912
2019-12-03,-0.012279093671812569,958.2594971089217,-0.06497998865757519,986.1236324444841,-0.008158621640044314
2019-12-04,0.009853141239204666,967.701363277745,-0.0557671044243356,987.5377915627811,0.008419082596079508
2019-12-05,0.00042966053044124486,968.1171463587996,-0.05536140481756257,996.6564897966691,-0.008804110887519038
2019-12-06,0.003139013286330039,971.1560789439437,-0.0523961717165048,1005.6681853273109,-0.005902914020519975
2019-12-07,0.0,971.1560789439437,-0.0523961717165048,1005.4798227879345,0.00018730088325804583
2019-12-08,0.0,971.1560789439437,-0.0523961717165048,1008.3227941561612,-0.0028274772937202227
2019-12-09,-0.003566691661032184,967.6922646556136,-0.05577598238880576,1000.3890824667283,0.004301534402499771
2019-12-10,-0.0002442956860242429,967.4558616099592,-0.05600665224294862,996.7829380042783,0.00336044623454738
2019-12-11,0.0018999726203310363,969.294001258397,-0.054213090728435546,998.7744398488418,-9.795668667607078e-05
2019-12-12,0.017166049989150167,985.932950538182,-0.03797766536479603,1002.6254339582026,0.013310330463584756
2019-12-13,0.00313347047604684,989.0223423300552,-0.03496319678191897,1006.8968124594526,-0.0011267231681414119
2019-12-14,0.0,989.0223423300552,-0.03496319678191897,1000.5156595598463,0.006337444731818853
2019-12-15,0.0,989.0223423300552,-0.03496319678191897,1002.2443940123516,-0.0017278434735001605
2019-12-16,0.008208439957236635,997.140672843437,-0.02704175012617975,993.9191555671997,0.016515035129919947
2019-12-17,0.0031761574694333383,1000.3077486395644,-0.0239514815133963,975.026983336264,0.022183912904184443
2019-12-18,-0.00015932323144707272,1000.1483763766096,-0.02410698871741069,997.9414766376235,-0.023660717236926317
2019-12-19,0.010700587454597121,1010.8505515456009,-0.013664360203851148,995.0429171200825,0.01360512603265808
2019-12-20,0.004158405928169406,1015.0540784716413,-0.00956277623215815,1001.8995572501044,-0.0027323924605742915
2019-12-21,0.0,1015.0540784716413,-0.00956277623215815,997.7357384257728,0.004155924407991522
2019-12-22,0.0,1015.0540784716413,-0.00956277623215815,1008.2817683697248,-0.01056996310525209
2019-12-23,0.0034149081942438375,1018.5203949618148,-0.006180524040829238,1000.6679368733113,0.010966201627550805
2019-12-24,-0.0019091704280256305,1016.5758659434126,-0.008077894795126469,1001.5694172757032,-0.0028100491003339853
2019-12-25,0.0,1016.5758659434126,-0.008077894795126469,997.8567319429258,0.0037068677105536927
2019-12-26,0.0058245333427542345,1022.4969459700392,-0.002300411419945817,1005.2373059860746,-0.0015718932251942057
2019-12-27,-0.0011876341889799358,1021.2825936388776,-0.0034853135616746533,1003.7113403208899,0.00033038116530294346
2019-12-28,0.0,1021.2825936388776,-0.0034853135616746533,1007.8836102443329,-0.00415684246638978
2019-12-29,0.0,1021.2825936388776,-0.0034853135616746533,1013.9204607072534,-0.005989630550155504
2019-12-30,-0.00633533184368984,1014.8124295019911,-0.009798564787371964,1002.9645097983602,0.004470201068873176
2019-12-31,0.002298885342657986,1017.1453669217203,-0.007522205221682812,1002.5451647298349,0.0027169909330637234
2020-01-01,0.0,1017.1453669217203,-0.007522205221682812,1004.7469265954356,-0.0021961722454609737
2020-01-02,0.006297056079614283,1023.5503883383464,-0.0012725168901917285,1005.1132635705933,0.005932449863401216
2020-01-03,-0.007065510380886542,1016.3184824441813,-0.008329036289780769,1010.6617133714913,-0.012585733824349531
2020-01-04,0.0,1016.3184824441813,-0.008329036289780769,1010.8906555466999,-0.00022652700916584814
2020-01-05,0.0,1016.3184824441813,-0.008329036289780769,1012.5476417064594,-0.0016391349061027683
2020-01-06,0.0026159542007548886,1018.977125047636,-0.0057348704664963385,1040.1532029591822,-0.02464751481113155
2020-01-07,0.00021898705780198924,1019.2002678502178,-0.005517139271104675,1037.4509635406753,0.002816911489336952
2020-01-08,0.0037533714718713806,1023.0257050596904,-0.0017844756723798512,1039.5034757302851,0.0017749529617520745
2020-01-09,0.006556617851026791,1029.733293659544,0.0,1040.5627946720845,0.005537555417344057
2020-01-10,0.002225681006891911,1032.0251514934062,0.0,1052.281368176039,-0.009036083841857575
2020-01-11,0.0,1032.0251514934062,0.0,1048.75280463192,0.003353250994299173
2020-01-12,0.0,1032.0251514934062,0.0,1055.784567886661,-0.006704881477965655
2020-01-13,0.014571257107534485,1047.0630553172589,0.0,1056.4657366733143,0.013926079286819815
2020-01-14,-0.009401773755870702,1037.2188053630352,-0.009401773755870745,1088.1224594717075,-0.039366515346143764
2020-01-15,0.006528531144089245,1043.990320637083,-0.002934622384556288,1094.3607504056456,0.0007954531438733037
2020-01-16,0.0066110285798341994,1050.892170483885,0.0,1095.7096687706714,0.005378420077998114
2020-01-17,0.009403217608021652,1060.773938245511,0.0,1113.6512497976262,-0.006971175662673919
2020-01-18,0.0,1060.773938245511,0.0,1116.885456420576,-0.002904146718766391
2020-01-19,0.0,1060.773938245511,0.0,1104.7172284803717,0.01089478591582836
2020-01-20,0.0,1060.773938245511,0.0,1106.6087014103828,-0.0017121783577258576
2020-01-21,-0.0020777056470531186,1058.5699622437717,-0.0020777056470530674,1112.9666005467661,-0.007823096161586673
2020-01-22,0.00014722165733505044,1058.7258066680183,-0.0019307898729868094,1111.8431558645968,0.0011566362090542034
2020-01-23,-0.001361688971026842,1057.284151413737,-0.0032898497087382812,1099.0707735160258,0.01012588666515987
2020-01-24,-0.008504626032067142,1048.2923450963317,-0.011766496799330851,1093.9113103196466,-0.0038102393549711193
2020-01-25,-4.5411314719689955e-07,1048.2918690529957,-0.011766945569157135,1088.23586410793,0.005187760103285314
2020-01-26,4.0685994839861905e-07,1048.2922955609715,-0.01176654349670754,1100.6792585407618,-0.011434057710866297
2020-01-27,-0.02376165429177235,1023.3831364371233,-0.03524860524970199,1096.5931276378255,-0.020049282253115502
2020-01-28,0.00535428098361046,1028.8626173034963,-0.030083055202878704,1123.5603749047082,-0.019237563144551207
2020-01-29,-0.0011654935258138543,1027.6634845840772,-0.031213487122616918,1125.5532470482544,-0.0029392051910326865
2020-01-30,0.012305452923602633,1040.309349214932,-0.01929213029538322,1138.1296019982392,0.0011319655892930488
2020-01-31,-0.027242608853256134,1011.968608527884,-0.046009171189056196,1110.1004193470685,-0.002615200338479475
2020-02-01,0.0021012568501252993,1014.0950144986651,-0.044004591425060385,1115.4590800999094,-0.002725928744483067
2020-02-02,0.001458303327322108,1015.5738726325294,-0.0426104601398308,1119.400987345748,-0.0020755844827852346
2020-02-03,0.003039321978082876,1018.6605286239883,-0.03970064506974704,1131.2584038312016,-0.00755332231962255
2020-02-04,0.01089394368186003,1029.7577590537517,-0.029239197979410457,1145.0648857171477,-0.001310590524637733
2020-02-05,0.01792689064661057,1048.2181137928071,-0.011836475237571295,1170.7564595501117,-0.004509893638214968
2020-02-06,0.013348183021415494,1062.2099210220765,0.0,1182.9086822594816,0.002968378912506557
2020-02-07,0.0014187509246661456,1063.7169323297162,0.0,1181.6945922608743,0.002445110792351087
2020-02-08,0.0008978058290318724,1064.6719435920018,0.0,1181.8316076275898,0.0007818576241294487
2020-02-09,0.0059812544791979505,1071.0400174234878,0.0,1189.7216784463508,-0.0006948834475912916
2020-02-10,0.003237692283910798,1074.5077154236596,0.0,1189.7545868727218,0.0032100316747388264
2020-02-11,0.016302918201366534,1092.0253268149488,0.0,1200.1977334425442,0.007525354588628234
2020-02-12,0.01910973608798705,1112.8936426117803,0.0,1232.7135320737877,-0.007982298603644758
2020-02-13,-0.0021697425973945528,1110.478949869036,-0.0021697425973945484,1238.618053954611,-0.006959599873391239
2020-02-14,0.017467382186361347,1129.8761100963075,0.0,1257.4621228705025,0.00225359706856257
2020-02-15,-0.00924461797977938,1119.430837093988,-0.009244617979779355,1233.1116213840842,0.010120181200677487
2020-02-16,-0.000726138531985665,1118.617975229281,-0.00996404363843647,1223.7360702982246,0.006877026439678846
2020-02-17,-0.00021068658659839645,1118.3822974263724,-0.010172630934691942,1221.786534677886,0.0013824147917596526
2020-02-18,0.009567710440870236,1129.082655410343,-0.0007022492810267512,1238.1557307895189,-0.0038300441152875186
2020-02-19,0.021259324378866795,1153.0861898322637,0.0,1222.3877410514792,0.03399438616950684
2020-02-20,-0.010692439971537682,1140.756884965473,-0.010692439971537702,1215.656245333852,-0.005185598327464184
2020-02-21,-0.014287176450414996,1124.4586900629456,-0.024826851645393878,1207.517592680067,-0.00759231292709229
2020-02-22,0.0,1124.4586900629456,-0.024826851645393878,1205.9385856633012,0.0013076472146969535
2020-02-23,0.0,1124.4586900629456,-0.024826851645393878,1219.1311852225103,-0.010939694372539647
2020-02-24,-0.040278553127900185,1079.1671209751162,-0.06410541511029659,1170.3391647877238,-0.00025659238552003943
2020-02-25,0.0016867883161033603,1080.9874474659,-0.06252675905940015,1128.7867507505146,0.03719137988016163
2020-02-26,0.0,1080.9874474659,-0.06252675905940015,1103.9550196105574,0.021998602591186266
2020-02-27,0.0,1080.9874474659,-0.06252675905940015,1073.8462353826478,0.027273560691386645
2020-02-28,0.0,1080.9874474659,-0.06252675905940015,1074.7743118270216,-0.0008642545029204473
2020-02-29,0.0,1080.9874474659,-0.06252675905940015,1065.459807713115,0.008666474450875998
2020-03-01,0.0,1080.9874474659,-0.06252675905940015,1062.8697308477285,0.0024309475088936474
2020-03-02,0.0,1080.9874474659,-0.06252675905940015,1116.503091756979,-0.05046089784349537
2020-03-03,0.0,1080.9874474659,-0.06252675905940015,1082.9779804257494,0.030026886247554653
2020-03-04,0.0,1080.9874474659,-0.06252675905940015,1120.1899433918072,-0.034360775231486174
2020-03-05,0.0,1080.9874474659,-0.06252675905940015,1104.5698252736288,0.01394416921016306
2020-03-06,0.0,1080.9874474659,-0.06252675905940015,1101.1292486481052,0.00311485661367894
2020-03-07,0.0,1080.9874474659,-0.06252675905940015,1090.1150514703418,0.01000263792037676
2020-03-08,0.0,1080.9874474659,-0.06252675905940015,1052.8393111128655,0.03419431766142373
2020-03-09,0.0,1080.9874474659,-0.06252675905940015,1005.18627775301,0.045261449545881245
2020-03-10,0.0,1080.9874474659,-0.06252675905940015,1041.6146508302113,-0.03624042019219863
2020-03-11,0.0,1080.9874474659,-0.06252675905940015,1002.1591901038333,0.037879133799558505
2020-03-12,0.0,1080.9874474659,-0.06252675905940015,836.1277875275873,0.16567368160246435
2020-03-13,0.0,1080.9874474659,-0.06252675905940015,943.3558549393196,-0.1282436357351589
2020-03-14,0.0,1080.9874474659,-0.06252675905940015,922.5071750580302,0.022100546439742425
2020-03-15,0.0,1080.9874474659,-0.06252675905940015,931.0590387415974,-0.00927024083366003
2020-03-16,0.0,1080.9874474659,-0.06252675905940015,830.2823737897089,0.10823874830547422
2020-03-17,0.0,1080.9874474659,-0.06252675905940015,877.3387969537713,-0.05667520430342239
2020-03-18,0.0,1080.9874474659,-0.06252675905940015,853.0584109407566,0.02767503967374875
2020-03-19,0.0,1080.9874474659,-0.06252675905940015,889.087528594643,-0.04223522937210512
2020-03-20,0.0,1080.9874474659,-0.06252675905940015,857.517913886062,0.03550788161260366
2020-03-21,0.0,1080.9874474659,-0.06252675905940015,857.3801842517588,0.00016061429396742414
2020-03-22,0.0,1080.9874474659,-0.06252675905940015,841.0548638987617,0.019040934993434993
2020-03-23,0.0,1080.9874474659,-0.06252675905940015,843.9515556459369,-0.0034441174666623997
2020-03-24,0.0,1080.9874474659,-0.06252675905940015,908.9155758946881,-0.07697600628158052
2020-03-25,0.0,1080.9874474659,-0.06252675905940015,908.3085669383702,0.0006678386556644952
2020-03-26,0.0,1080.9874474659,-0.06252675905940015,953.869304501577,-0.05015997781104075
2020-03-27,0.0,1080.9874474659,-0.06252675905940015,919.3178575231658,0.03622241203837169
2020-03-28,0.0,1080.9874474659,-0.06252675905940015,920.9244197268212,-0.0017475590085715162
2020-03-29,0.0,1080.9874474659,-0.06252675905940015,906.4753045979536,0.01568979475335625
2020-03-30,0.0,1080.9874474659,-0.06252675905940015,949.2343325724191,-0.047170648508103034
2020-03-31,0.0,1080.9874474659,-0.06252675905940015,943.7234923922651,0.005805563485277247
2020-04-01,0.0,1080.9874474659,-0.06252675905940015,920.9689009210296,0.024111502632571485
2020-04-02,0.0,1080.9874474659,-0.06252675905940015,943.3212857106571,-0.024270509858990687
2020-04-03,0.0,1080.9874474659,-0.06252675905940015,930.0814665910501,0.014035323192810971
2020-04-04,0.0,1080.9874474659,-0.06252675905940015,933.2288231207012,-0.003383957903372507
2020-04-05,0.0,1080.9874474659,-0.06252675905940015,930.1668868434418,0.00328101340357266
2020-04-06,0.0,1080.9874474659,-0.06252675905940015,1008.3055455368719,-0.08400498856565042
2020-04-07,0.0,1080.9874474659,-0.06252675905940015,995.3952570566003,0.012803944734229862
2020-04-08,0.0,1080.9874474659,-0.06252675905940015,1028.1335296315237,-0.032889721286929845
2020-04-09,0.0,1080.9874474659,-0.06252675905940015,1027.4377421027489,0.0006767482128746745
2020-04-10,0.0,1080.9874474659,-0.06252675905940015,1009.5823783541964,0.017378535960738593
2020-04-11,0.0,1080.9874474659,-0.06252675905940015,1010.7558754981965,-0.0011623589804658904
2020-04-12,0.0,1080.9874474659,-0.06252675905940015,1011.5294788217768,-0.000765371087453796
2020-04-13,0.0,1080.9874474659,-0.06252675905940015,1006.9403221892587,0.004536849126595273
2020-04-14,0.0,1080.9874474659,-0.06252675905940015,1030.2972359342373,-0.023195926541303567
2020-04-15,0.0,1080.9874474659,-0.06252675905940015,1014.5988880411052,0.015236717469107227
2020-04-16,0.0,1080.9874474659,-0.06252675905940015,1044.190214288266,-0.02916554176822818
2020-04-17,0.0,1080.9874474659,-0.06252675905940015,1053.7132567220458,-0.009120026508073302
2020-04-18,0.0,1080.9874474659,-0.06252675905940015,1069.8799776685578,-0.015342618917792006
2020-04-19,0.0,1080.9874474659,-0.06252675905940015,1061.420603253677,0.007906844310999313
2020-04-20,0.0,1080.9874474659,-0.06252675905940015,1033.8139860245315,0.026009121308292242
2020-04-21,0.0,1080.9874474659,-0.06252675905940015,1014.5153760577905,0.01866739106611674
2020-04-22,0.0,1080.9874474659,-0.06252675905940015,1048.2344849317935,-0.033236666165700667
2020-04-23,0.0,1080.9874474659,-0.06252675905940015,1065.9550737397483,-0.016905176334766188
2020-04-24,-0.0009692647095673745,1079.939684481586,-0.0634354187880076,1077.7593591897526,-0.012043169924531612
2020-04-25,0.0,1079.939684481586,-0.0634354187880076,1081.9463798178112,-0.0038849308914436016
2020-04-26,0.0,1079.939684481586,-0.0634354187880076,1091.6824799648493,-0.00899869007249463
2020-04-27,-0.0007019926687618083,1079.181574740375,-0.06409288025784038,1098.4919397481624,-0.006939575398432855
2020-04-28,-0.0035739971591453035,1075.324582858051,-0.06743780964502276,1093.593282281672,0.0008854415397073542
2020-04-29,-0.0014223536843722684,1073.7950909757267,-0.06876424291238045,1146.220657463809,-0.04954570633732146
2020-04-30,-0.0002477346353947363,1073.529074740375,-0.06899494226312913,1134.549538263662,0.009934527500737882
2020-05-01,-0.0006130200633915894,1072.870979878925,-0.0695656670426409,1131.1548995816152,0.0023790385180628036
2020-05-02,0.0,1072.870979878925,-0.0695656670426409,1135.066290721619,-0.0034578740201277602
2020-05-03,0.0,1072.870979878925,-0.0695656670426409,1128.6609676243759,0.00564312688131261
2020-05-04,0.0,1072.870979878925,-0.0695656670426409,1133.4566550343445,-0.004249006165299403
2020-05-05,0.0,1072.870979878925,-0.0695656670426409,1141.8737688389392,-0.00742605706818121
2020-05-06,0.0,1072.870979878925,-0.0695656670426409,1135.6980083825104,0.005408444107362668
2020-05-07,0.0,1072.870979878925,-0.0695656670426409,1159.758107181842,-0.02118529628628889
2020-05-08,-0.0021712179762891637,1070.541543121173,-0.07158584279211454,1170.5123602470696,-0.011444059440928855
2020-05-09,-0.002899692085623684,1067.437302281253,-0.07427795797595123,1166.343221983272,0.0006621141843397163
2020-05-10,-0.009089168050152918,1057.735185257817,-0.08269200118363848,1138.483307045234,0.014797381305931778
2020-05-11,-7.810626417281696e-05,1057.6525695140124,-0.08276364868452182,1138.230500490133,0.00014394930180382885
2020-05-12,-0.013335041427362637,1043.5487286837865,-0.09499503342799664,1134.4532814474517,-0.010016540437400842
2020-05-13,-0.004325343369574242,1039.0350221093465,-0.09890949065959058,1133.8620372173414,-0.0038041722999679374
2020-05-14,-0.0018517911832915956,1037.1109462162733,-0.10057812212013484,1151.9675959823894,-0.0178198350640813
2020-05-15,0.0,1037.1109462162733,-0.10057812212013484,1151.0901563721925,0.0007616877534203666
2020-05-16,0.0,1037.1109462162733,-0.10057812212013484,1155.5403372985686,-0.0038660576686723254
2020-05-17,0.0,1037.1109462162733,-0.10057812212013484,1161.5740163849475,-0.0052215218211114555
2020-05-18,-0.00029906466763685025,1036.8007829758405,-0.10084710742510833,1186.8095693833936,-0.022024372433201538
2020-05-19,0.001129728659142959,1037.97208653419,-0.09983130863341527,1183.7219196327283,0.0037313673974197934
2020-05-20,0.009175391307443714,1047.4958865943452,-0.0915719086474173,1193.317929586524,0.001068749202874631
2020-05-21,-0.009500069026697422,1037.5446033665173,-0.10020203822105778,1168.4312220425738,0.011354983031871192
2020-05-22,0.01354079078131809,1051.593777766989,-0.08801806227515269,1184.67079524909,-0.00035782207680713947
2020-05-23,-0.0012184003089531492,1050.3125155832645,-0.08912922134983632,1182.6467667357037,0.000490115273184218
2020-05-24,-0.005151807737761249,1044.9015074384151,-0.09382185247538685,1168.4208868823637,0.0068770416646733185
2020-05-25,0.0037468148594874684,1048.8165599331862,-0.09042657072689882,1177.1932003609222,-0.003761022065582509
2020-05-26,-0.009140374509674642,1039.2299837834482,-0.09874041251450406,1176.997560699386,-0.008974182875645125
2020-05-27,-0.00449505059410471,1034.558592427431,-0.10279161995867334,1192.966861077355,-0.0180628785244192
2020-05-28,0.006943183425368815,1041.741722498946,-0.09656213760526837,1216.2733751439366,-0.012593414636989413
2020-05-29,0.002400921025953684,1044.242862104107,-0.09439305464580222,1218.2439467824165,0.0007807493780733383
2020-05-30,0.0,1044.242862104107,-0.09439305464580222,1248.2507555111554,-0.024631198708593517
2020-05-31,-0.00870332626177639,1035.1544757786837,-0.10227484735615053,1236.8912212560672,0.00039703614932928843
2020-06-01,0.015296512494992642,1050.98872915168,-0.08854278334166464,1264.566274470528,-0.0070781739275988485
2020-06-02,-0.012723459182786168,1037.6165169547503,-0.10013967203467285,1254.567638980933,-0.004816688544148583
2020-06-03,0.011588935204596806,1049.6413875369583,-0.08971124900069546,1270.070060445117,-0.0007678489037326198
2020-06-04,-0.0021394903876272853,1047.3956898778672,-0.09165880303342373,1264.6959600559594,0.002091851296999336
2020-06-05,0.0062835348823977455,1053.9770372308878,-0.0859512094371653,1279.3765886735823,-0.005324495095790487
2020-06-06,0.0023055253459585145,1056.4070080042818,-0.08384384678308006,1281.7928429902609,0.00041690682810420943
2020-06-07,0.002363993831417277,1058.90434765467,-0.0816780592882603,1283.7238152729642,0.0008575317745699086
2020-06-08,0.004564799234626271,1063.7380334103864,-0.07748610399615882,1286.8071924139551,0.002162898526462616
2020-06-09,0.005721469449616601,1069.824178070939,-0.07220796892332612,1286.2796537997815,0.006131428779408569
2020-06-10,0.0143413873802547,1085.166941037417,-0.05890214399734222,1296.3429086747446,0.006517851615512327
2020-06-11,-0.06060664916756586,1019.3986089537217,-0.11593893158844368,1223.3524585238763,-0.0043017550979196
2020-06-12,0.018387559707387702,1038.1428617414863,-0.09968320590804917,1243.3037143302195,0.002078886219767699
2020-06-13,0.0002308575121086065,1038.3825248197613,-0.09947536101285542,1242.8196077066932,0.0006202286834052107
2020-06-14,-0.0027390494077013106,1035.5383437801863,-0.10194194249189363,1235.785706736152,0.002920582068117257
2020-06-15,-0.0004027529423269449,1035.1212776653365,-0.10230363801693544,1246.2307388330178,-0.008854891561450858
2020-06-16,-7.993175159315413e-05,1035.0385386085013,-0.10237539245954759,1261.7070974614298,-0.012498465612268084
2020-06-17,0.0,1035.0385386085013,-0.10237539245954759,1265.1757609332706,-0.0027491828165347194
2020-06-18,0.0,1035.0385386085013,-0.10237539245954759,1260.1508541047083,0.003971706527839077
2020-06-19,0.0,1035.0385386085013,-0.10237539245954759,1253.6789071570477,0.005135850939258035
2020-06-20,0.0,1035.0385386085013,-0.10237539245954759,1254.0328293524874,-0.0002823068916761429
2020-06-21,0.0,1035.0385386085013,-0.10237539245954759,1251.1257178623814,0.0023182100357030055
2020-06-22,0.0,1035.0385386085013,-0.10237539245954759,1275.2743490601476,-0.019301522503290633
2020-06-23,-0.0005649585889830888,1034.453784696186,-0.10288251319126013,1280.769774084632,-0.004874168625658141
2020-06-24,-0.021744755249519798,1011.959840331028,-0.12239011337198044,1251.4264797930057,0.0011659152592357058
2020-06-25,0.013874410412410443,1026.000186476658,-0.11021379362291434,1261.0778604177526,0.0061621070685148405
2020-06-26,-0.04000150537240621,984.9586345052222,-0.14580658133760022,1227.4742225620707,-0.01335474634949374
2020-06-27,0.0,984.9586345052222,-0.14580658133760022,1216.4254318405726,0.009001240529871295
2020-06-28,0.0,984.9586345052222,-0.14580658133760022,1222.7203907008725,-0.005174964856476934
2020-06-29,-0.003174348408397698,981.832032631443,-0.148518088856595,1239.8189771254367,-0.01715840114408721
2020-06-30,0.0012677329311927554,983.0767334321098,-0.14743863719752356,1251.2758423177274,-0.007973023504762033
2020-07-01,0.0,983.0767334321098,-0.14743863719752356,1274.9056969979213,-0.018884608717790217
2020-07-02,-0.0033321274379081167,979.8009964750715,-0.15027948030701804,1270.6350032108212,1.7684079254724327e-05
2020-07-03,0.003532134576800239,983.2617854531044,-0.14727815307879388,1273.7884209348297,0.001050369383774652
2020-07-04,0.00338362997864583,986.5887795072204,-0.14439285787410502,1280.1204323828927,-0.0015873772498671427
2020-07-05,-0.0018646884281644516,984.7490988267164,-0.14598829861108203,1276.7245896461343,0.0007880641182792451
2020-07-06,0.01216707128568073,996.7306113106508,-0.13559747736147762,1312.733896302648,-0.016037372294821124
2020-07-07,0.004749190035665318,1001.4642743981299,-0.13149226551415888,1313.0056755909764,0.0045421569963769596
2020-07-08,0.01855257901765861,1020.0440194822633,-0.11537920714266271,1347.6381962356702,-0.007823941121224982
2020-07-09,0.00578115431163484,1025.9410513635505,-0.11026507783187364,1337.1645095968588,0.013553037498136484
2020-07-10,-0.0011163207113736862,1024.795772119265,-0.11125830735312234,1338.917485579172,-0.002427285794377609
2020-07-11,-8.149590246908645e-05,1024.7122554629696,-0.11133073615942651,1343.6321673673099,-0.003602759788345041
2020-07-12,0.0,1024.7122554629696,-0.11133073615942651,1346.8859167586613,-0.0024216072451783257
2020-07-13,-0.019673695957090565,1004.5523781054866,-0.12881414506263744,1335.627787588422,-0.011315059913636794
2020-07-14,0.0072448616305675895,1011.8302210855185,-0.1225025240891085,1355.4801107534447,-0.007618802744720109
2020-07-15,0.0023380465779874182,1014.1959272714316,-0.12045089411836253,1352.6311176062447,0.004439879813752356
2020-07-16,-0.0033452234717622487,1010.8032152505575,-0.12339318243192532,1342.5853754470622,0.004081592330731251
2020-07-17,-0.00017403546109029389,1010.6272996469198,-0.12354574310361569,1339.7973196561732,0.0019025965668435139
2020-07-18,0.0,1010.6272996469198,-0.12354574310361569,1343.9678860666615,-0.0031128338214310453
2020-07-19,0.0,1010.6272996469198,-0.12354574310361569,1346.4654284256076,-0.0018583348492466087
2020-07-20,0.012863634722836137,1023.627640070504,-0.1122713556916259,1350.3064360304647,0.01001097506758751
2020-07-21,-6.392324030513041e-05,1023.5622064748848,-0.11232810218308177,1358.3407297358651,-0.006013901327515699
2020-07-22,0.0006788768293803926,1024.25707914029,-0.11172548229956178,1372.70583818729,-0.009896605549196373
2020-07-23,-0.0043466323209888635,1019.8050102150971,-0.11558648502810932,1361.9321895341186,0.003501843553054622
2020-07-24,-0.002487644359617791,1017.2680980335256,-0.11778659132019889,1354.0980722420034,0.0032645636815145764
2020-07-25,0.015532758354180887,1033.0690775816975,-0.10408338362635737,1384.8457808877902,-0.007174392092372316
2020-07-26,0.0020944745503108653,1035.2328144734054,-0.10220690907416222,1392.2088375494423,-0.003222403879958898
2020-07-27,-1.7787776751210238e-05,1035.214399983216,-0.10222287881723235,1409.8535989810573,-0.012691720706722339
2020-07-28,3.0232249965678193e-05,1035.2456968437243,-0.10219573699489135,1411.351684810375,-0.0010323502978964783
2020-07-29,0.008387753355834526,1043.9290824115385,-0.09466517627498772,1425.7311528484352,-0.0018006838656025627
2020-07-30,0.019067522956325966,1063.8342241551968,-0.07740268374044973,1432.9656081213736,0.013993315762013857
2020-07-31,0.014742463288007768,1079.517761149331,-0.06380132667587891,1454.3632880850378,-0.0001899815957998232
2020-08-01,0.04298216644647468,1125.917773240977,-0.023561479472092802,1485.2237635136653,0.0217629321042343
2020-08-02,-0.017764359082640957,1105.916565619597,-0.040907283972873215,1467.2847896958056,-0.005686062021583348
2020-08-03,0.0012472358571415931,1107.2959044152444,-0.03971106914712097,1493.9343600580298,-0.016915271209908152
2020-08-04,0.00758196003247269,1115.6913777066416,-0.03243019685376846,1498.2301518726213,0.004706471035469898
2020-08-05,-0.0007397666535273739,1114.8660264297862,-0.03314597272909607,1513.2583759699305,-0.010770417871249586
2020-08-06,0.023667051232154845,1141.251617794289,-0.010263388931660292,1528.39430783524,0.01366483871797782
2020-08-07,-0.011512720966625145,1128.1127063659137,-0.0216579503653433,1514.6620915610558,-0.0025279869854877516
2020-08-08,0.0,1128.1127063659137,-0.0216579503653433,1527.0106235146545,-0.00815266455957316
2020-08-09,0.0,1128.1127063659137,-0.0216579503653433,1520.7383336091646,0.004107561407171574
2020-08-10,-0.0010530392216716589,1126.9247594396443,-0.022688182915819203,1524.620315179972,-0.0036057345046228853
2020-08-11,-0.020999847426939056,1103.2595114297717,-0.043211581963131615,1496.3561327435937,-0.002461341705242835
2020-08-12,0.02017276237121468,1125.515303387627,-0.023910516566543357,1533.5863028472595,-0.004707791989466685
2020-08-13,0.0017231256013090501,1127.4547076215595,-0.022228591788470538,1551.4978550198255,-0.009956394579140725
2020-08-14,0.0013995141811531386,1129.0325964734836,-0.020860186836752483,1547.0595272537357,0.004260187015298341
2020-08-15,-2.8002838481366865e-06,1129.0294348617397,-0.020862928706156386,1539.0370762255814,0.005182812090354124
2020-08-16,6.032595565308441e-07,1129.0301159595358,-0.020862338032361018,1549.1154441787735,-0.006547886123109281
2020-08-17,0.012390381304596687,1143.0192296006476,-0.00873044905089058,1554.6645478850091,0.008808270153947487
2020-08-18,7.030893883541722e-06,1143.0272660475578,-0.00872347953986786,1553.2327862972154,0.0009279765665313263
2020-08-19,-0.0056915499037341055,1136.5216693215193,-0.014365379324466614,1522.1394280615095,0.014326929302998392
2020-08-20,0.003863758033439968,1140.912914051539,-0.010557125640794893,1551.0084177389067,-0.015102303251867278
2020-08-21,0.013028566066604963,1155.7773733285023,0.0,1529.3993005075904,0.02696086777701001
2020-08-22,3.3907204644023636e-06,1155.7812922464943,0.0,1539.3485638481238,-0.0065019498647128264
2020-08-23,-1.527324622330184e-07,1155.7811157211718,-1.5273246222510295e-07,1542.6600214952723,-0.0021513598891249965
2020-08-24,0.010022378120471576,1167.36479108743,0.0,1560.9007710628673,-0.0018018406402599066
2020-08-25,0.0016551097840309392,1169.296907974692,0.0,1542.646217549847,0.013349993822425204
2020-08-26,0.005219515226830174,1175.4000709905513,0.0,1569.578993314754,-0.012239300319150045
2020-08-27,-0.0019607292702719104,1173.0954296670805,-0.001960729270271891,1553.8283562523106,0.00807421457742814
2020-08-28,0.016701665175483882,1192.6880767522705,0.0,1590.7297527571616,-0.007047030332849733
2020-08-29,0.0,1192.6880767522705,0.0,1597.2791539992527,-0.0041172306174191466
2020-08-30,0.0,1192.6880767522705,0.0,1625.2287327995182,-0.017498243015496347
2020-08-31,-0.0028368634592236264,1189.3045835290802,-0.0028368634592236693,1634.8762020116735,-0.00877293203680618
2020-09-01,0.008981372769356843,1199.9861713300595,0.0,1656.4043338548668,-0.0041866773965844786
2020-09-02,0.02121345651824247,1225.4420257980619,0.0,1643.400622514507,0.029064022394327104
2020-09-03,-0.03356463079697736,1184.3105166390499,-0.033564630796977406,1521.5374692300607,0.040588409925368135
2020-09-04,-0.005367052147115192,1177.9542603378711,-0.03875153982030658,1525.5500562231139,-0.008004244509577048
2020-09-05,0.0,1177.9542603378711,-0.03875153982030658,1464.7414033437628,0.03986014921719343
2020-09-06,0.0,1177.9542603378711,-0.03875153982030658,1492.9529616569926,-0.019260436175851388
2020-09-07,0.0,1177.9542603378711,-0.03875153982030658,1490.7867298173867,0.001450971259805489
2020-09-08,0.0,1177.9542603378711,-0.03875153982030658,1428.5482497827315,0.041748748355359314
2020-09-09,0.0,1177.9542603378711,-0.03875153982030658,1504.3203705852677,-0.05304134516566742
2020-09-10,0.0,1177.9542603378711,-0.03875153982030658,1492.3691713980074,0.007944583760845133
2020-09-11,0.0,1177.9542603378711,-0.03875153982030658,1488.9006011016108,0.002324203932159315
2020-09-12,0.0,1177.9542603378711,-0.03875153982030658,1494.0324817716426,-0.0034467584110280986
2020-09-13,0.0,1177.9542603378711,-0.03875153982030658,1480.5434415231239,0.00902861243854834
2020-09-14,0.0,1177.9542603378711,-0.03875153982030658,1505.0921934086434,-0.016580906170686114
2020-09-15,0.0,1177.9542603378711,-0.03875153982030658,1491.6601369796845,0.008924407745773254
2020-09-16,0.0,1177.9542603378711,-0.03875153982030658,1465.7245948576465,0.017387031723293492
2020-09-17,0.0,1177.9542603378711,-0.03875153982030658,1480.1331669498359,-0.009830340667503656
2020-09-18,0.0,1177.9542603378711,-0.03875153982030658,1473.786459233124,0.004287930206841262
2020-09-19,0.0,1177.9542603378711,-0.03875153982030658,1473.401429616913,0.00026125197025594904
2020-09-20,0.0,1177.9542603378711,-0.03875153982030658,1458.9035799835367,0.009839714650708438
2020-09-21,0.0,1177.9542603378711,-0.03875153982030658,1418.7656416894968,0.027512399616219214
2020-09-22,0.0,1177.9542603378711,-0.03875153982030658,1436.7638741047638,-0.012685838933789162
2020-09-23,0.0,1177.9542603378711,-0.03875153982030658,1393.243132678273,0.03029080993117832
2020-09-24,0.0,1177.9542603378711,-0.03875153982030658,1432.7964531224088,-0.02838938841069435
2020-09-25,0.0,1177.9542603378711,-0.03875153982030658,1473.9232574313241,-0.028703870824979952
2020-09-26,0.0,1177.9542603378711,-0.03875153982030658,1471.3832261294376,0.0017233131298252915
2020-09-27,0.0,1177.9542603378711,-0.03875153982030658,1480.4276414311626,-0.006146879440454726
2020-09-28,0.0,1177.9542603378711,-0.03875153982030658,1483.0141485440017,-0.0017471351118105716
2020-09-29,0.0,1177.9542603378711,-0.03875153982030658,1487.7251285089458,-0.0031766250979932426
2020-09-30,0.0,1177.9542603378711,-0.03875153982030658,1496.57849076205,-0.005950939513925898
2020-10-01,0.0,1177.9542603378711,-0.03875153982030658,1495.193954540891,0.0009251343846683542
2020-10-02,0.0,1177.9542603378711,-0.03875153982030658,1460.408511875584,0.02326483635093875
2020-10-03,0.0,1177.9542603378711,-0.03875153982030658,1457.2727610497102,0.002147173753353848
2020-10-04,0.0,1177.9542603378711,-0.03875153982030658,1469.3964391747243,-0.008319429587279832
2020-10-05,0.0,1177.9542603378711,-0.03875153982030658,1496.7856917835854,-0.01863979786438315
2020-10-06,0.0,1177.9542603378711,-0.03875153982030658,1453.2832513575336,0.029063907187817848
2020-10-07,0.0,1177.9542603378711,-0.03875153982030658,1474.5518198521754,-0.014634840437866826
2020-10-08,0.0,1177.9542603378711,-0.03875153982030658,1492.6510523276506,-0.012274395671824874
2020-10-09,0.0,1177.9542603378711,-0.03875153982030658,1521.4858216564196,-0.019317823334397948
2020-10-10,0.0,1177.9542603378711,-0.03875153982030658,1524.0538575756823,-0.0016878474204030658
2020-10-11,0.0,1177.9542603378711,-0.03875153982030658,1528.7680896557056,-0.0030932188233309637
2020-10-12,0.004217708855722702,1182.9225284533345,-0.03469727367725682,1567.4583247496048,-0.021090403836904668
2020-10-13,0.00034931912980140645,1183.3357459215963,-0.034360074968902844,1551.3382728561655,0.010633517209526655
2020-10-14,-0.008972567723254277,1172.7181858019671,-0.043024344592522565,1532.7133091798291,0.0030331720964988478
2020-10-15,-0.0035020081058270147,1168.6113172094379,-0.0463756810948387,1525.6771785094315,0.0010886290526397257
2020-10-16,0.001873668705631104,1170.8009076635394,-0.044588905051577414,1510.9523161834281,0.011525030431044995
2020-10-17,0.0,1170.8009076635394,-0.044588905051577414,1517.1493996540373,-0.004101442119803404
2020-10-18,0.0,1170.8009076635394,-0.044588905051577414,1523.5523038700237,-0.004220351810735604
2020-10-19,-0.008282179515925137,1161.104124368862,-0.052501791251446835,1500.448370575924,0.006882336487504951
2020-10-20,0.012214512220549256,1175.2864448852956,-0.04092856280173901,1491.4183161014525,0.018232749603155997
2020-10-21,0.0,1175.2864448852956,-0.04092856280173901,1515.6562535478945,-0.01625160237390658
2020-10-22,0.002601222346206633,1178.343626248925,-0.03843380474769045,1536.87296452229,-0.011397143658440408
2020-10-23,-0.0006930362480057628,1177.5269914033279,-0.03910020497585727,1541.045147593348,-0.003407758393147442
2020-10-24,0.002779699642057487,1180.8001627598449,-0.03642919215957546,1541.4813250849593,0.002496659594663364
2020-10-25,-0.001245857356129254,1179.3290541909519,-0.037629663938674875,1530.0022346463625,0.006200934409553723
2020-10-26,0.0003267273688218886,1179.7143732698028,-0.037315231210941414,1494.084398933818,0.02380240269739175
2020-10-27,0.008628267195880834,1189.8932640971957,-0.029008929800424674,1508.4159411771202,-0.0009639233480597323
2020-10-28,-0.005448748718112184,1183.4098346997557,-0.034299616149473036,1439.0398374688311,0.04054393924973723
2020-10-29,0.0027748221708527865,1186.6935865462858,-0.03161996931396356,1445.990944120966,-0.002055556023792245
2020-10-30,0.0015170567783462374,1188.4938680955759,-0.030150881824396177,1429.3770950850405,0.013006650889203785
2020-10-31,0.0033739842935205377,1192.5038277394758,-0.02687862613258694,1439.3283845187573,-0.003587991988270052
2020-11-01,-0.00045235680096100683,1191.9643905228259,-0.027318824204216365,1450.8296219324905,-0.008443054085499597
2020-11-02,-0.0031291164098375956,1188.2345951884988,-0.03036245683293907,1438.2186870394767,0.005563106786030329
2020-11-03,0.006951109557137958,1196.4941440392356,-0.023622400039670692,1460.9005270271045,-0.00881967703604539
2020-11-04,0.0017385752287149003,1198.5743391193646,-0.02192489413050761,1503.9126747140913,-0.027703639960648722
2020-11-05,0.01727387834524574,1219.2783664410458,-0.005029743739204645,1544.2626742893012,-0.009556136624128152
2020-11-06,-0.005293815874848451,1212.823731268921,-0.010296933076800062,1609.9819609025549,-0.0478508806200019
2020-11-07,-0.004916411660022546,1206.8609905349583,-0.015162720774981394,1595.0771326962765,0.004341349338692516
2020-11-08,0.004447600774502458,1212.2286264111783,-0.010782557729141383,1619.033520899062,-0.010571352047101964
2020-11-09,-0.0003657082281708357,1211.7853044280755,-0.01114432268722995,1612.2203440732078,0.003842467043006185
2020-11-10,-0.0006141576492137979,1211.041077214156,-0.011751635965420126,1617.4920258987943,-0.003883984782313702
2020-11-11,-0.0005739908260810056,1210.3459507458278,-0.01231888146026557,1623.842781565862,-0.004500288801824448
2020-11-12,-0.0015080039930976952,1208.5207442190735,-0.01380830853093066,1617.49149506424,0.002403265357434684
2020-11-13,0.009154526266867302,1219.584179116081,-0.004780190787210809,1640.137571549229,-0.004846212874014256
2020-11-14,-0.0052577482857735225,1213.171912488977,-0.010012806033067253,1628.4078734180632,0.001893906755020532
2020-11-15,-0.0033469141671269576,1209.111530227907,-0.013326208197829467,1628.277133585315,-0.003266627259354967
2020-11-16,0.022627847957316316,1236.4711220973422,0.0,1667.2614317614411,-0.0013142055003075546
2020-11-17,0.009863027998546325,1248.6664713939822,0.0,1676.6556271321392,0.00422852150080227
2020-11-18,-0.01290255611242297,1232.5554821811202,-0.012902556112422952,1652.402013303127,0.0015629151725165286
2020-11-19,0.0002024172606187591,1232.804972685384,-0.012702750551867394,1652.8213685880266,-5.136800563219077e-05
2020-11-20,0.018981591570026657,1256.2055731623957,0.0,1678.3245026367174,0.0035515308669286615
2020-11-21,0.020466761578505688,1281.9160331219005,0.0,1762.0380150013407,-0.029412455600952632
2020-11-22,-0.004111507010511328,1276.645426364833,-0.004111507010511297,1757.3736053872751,-0.0014643395973485962
2020-11-23,0.019990828843205355,1302.1666265767533,0.0,1824.7057248378896,-0.018323232119248176
2020-11-24,0.03635737003081663,1349.5099804609845,0.0,1869.69105377468,0.011703899433092253
2020-11-25,-0.01906146478140247,1323.7863434962762,-0.019061464781402512,1839.4283894451419,-0.002875547718558736
2020-11-26,-0.029098673562134914,1285.2659168208659,-0.04760547500224728,1768.093241911354,0.009682476029291162
2020-11-27,0.0008833013600115791,1286.4011939531702,-0.04676422362304927,1778.3817088909775,-0.004935660409505512
2020-11-28,0.0,1286.4011939531702,-0.04676422362304927,1821.057645305661,-0.023997062161248105
2020-11-29,0.0,1286.4011939531702,-0.04676422362304927,1832.1683263746086,-0.006101224251516002
2020-11-30,-0.009699259837027685,1273.9240545183557,-0.05600990510408017,1867.0499045692568,-0.02873767333458544
2020-12-01,0.0035088165350789513,1278.3940203052844,-0.05269761705015871,1852.7031687027315,0.011192990285022268
2020-12-02,0.009639941897406024,1290.7176643830187,-0.04356567711924789,1880.8360076408533,-0.005544810529946065
2020-12-03,-0.0007564771200581077,1289.7412660014581,-0.04428919780134542,1882.5857915241663,-0.0016867995278622445
2020-12-04,-0.0014958815735885977,1287.8119658069497,-0.04571882798003397,1831.0911446282948,0.025857265957701808
2020-12-05,0.0023580469940618354,1290.8486869418377,-0.04346858813086243,1865.9596720904472,-0.01668443899274615
2020-12-06,0.00099664546970879,1292.1352054377578,-0.04251526543258895,1866.9149275553004,0.00048470757569044987
2020-12-07,-0.0025070728858781477,1288.8957282993163,-0.0449157494492651,1857.6979312877454,0.002429947077653153
2020-12-08,-0.004454300644855191,1283.1545992256015,-0.049169981842384296,1813.8051498989637,0.019173212014512074
2020-12-09,-0.0045082379292311625,1277.3698329923052,-0.05345654979449403,1812.4291084659287,-0.0037495889458429854
2020-12-10,-0.004646828707948303,1271.4341141816894,-0.0578549750722294,1788.9460161741652,0.008309866912351154
2020-12-11,-0.0023449481661909077,1268.4526670872065,-0.060064256320719704,1766.6396369345027,0.010124058186145332
2020-12-12,-7.011884036955962e-05,1268.3637246571266,-0.060130163525088445,1776.2109189795606,-0.005487908549688
2020-12-13,0.0,1268.3637246571266,-0.060130163525088445,1799.0978273370072,-0.012885242463544493
2020-12-14,-0.00228482359546045,1265.465737291404,-0.06227760030412784,1797.3189967877313,-0.001296088840603423
2020-12-15,0.0036713694746071113,1270.1117295704566,-0.05883487491022917,1813.7201385688827,-0.00545396765834727
2020-12-16,0.0014492947692352764,1271.9524958564675,-0.05747084921744987,1876.2997887944218,-0.03305418175659613
2020-12-17,0.00852211754524701,1282.7922245381267,-0.049438505004659114,1882.7433307423858,0.005087942480875133
2020-12-18,-0.0015062669453641542,1280.8599970125347,-0.050870304364106576,1887.3367646338972,-0.003946022708408218
2020-12-19,0.004237097010880486,1286.2871250772328,-0.04684874976778992,1887.7864818642206,0.003998815619477244
2020-12-20,-0.004523622924406334,1280.4684471508647,-0.0511604466137669,1867.6644131236044,0.006135457927123793
2020-12-21,0.0012693217558465975,1282.0937736085084,-0.049956063925845964,1842.2708541288478,0.014865746689749411
2020-12-22,0.012796891454775139,1298.5005884642196,-0.037798454798637623,1832.2011573170892,0.01826280695204882
2020-12-23,-0.006308433862289631,1290.309083381749,-0.043868439608733316,1728.2994713737812,0.05040023348483305
2020-12-24,0.003676017837469514,1295.0522825881092,-0.04035368293776745,1806.187069878153,-0.04139001371229466
2020-12-25,0.0050333014350674166,1301.5706711005473,-0.035523493752940886,1817.713029856885,-0.0013480752068936027
2020-12-26,0.009080096129557624,1313.3890579135532,-0.026765954361517654,1810.270963912171,0.013174288019297209
2020-12-27,-0.0010846933455491703,1311.9644335423172,-0.02782161485448363,1809.0889715026271,-0.00043175661226061053
2020-12-28,0.02082044546409212,1339.2801174817137,-0.007580427805192193,1860.2348362659425,-0.007451168353128548
2020-12-29,-0.00267823423895297,1335.6932116155251,-0.010238359882851433,1869.8795755663848,-0.007862923350464353
2020-12-30,0.00569459178477949,1343.2994392053768,-0.004602071378150341,1858.4681603755248,0.011797345855133708
2020-12-31,-0.0005808425856719257,1342.519193685777,-0.005180240884783538,1863.5313501970145,-0.003305231375021256
2021-01-01,-0.0008936884808687928,1341.3193997470348,-0.006069299844045469,1897.4404787751146,-0.019089855974651605
2021-01-02,0.02014522287083409,1368.340577995912,0.0,1907.4644752172155,0.014862318582541285
2021-01-03,0.036302212902826314,1418.014368981896,0.0,1994.19913445791,-0.009168966438963082
2021-01-04,-0.0044363547138385195,1411.7235542517724,-0.004436354713838568,2022.3163645378227,-0.018535864433842447
2021-01-05,0.010753113783070978,1426.903978260883,0.0,2040.0149527966364,0.0020014720670833725
2021-01-06,0.015014851506035987,1448.328729607842,0.0,2095.9365274463526,-0.01239748415996161
2021-01-07,0.007083127062448291,1458.5874260278488,0.0,2197.173578146911,-0.04121845524925653
2021-01-08,0.0018888681397892793,1461.34250534597,0.0,2257.29062740042,-0.025472215140763952
2021-01-09,0.0022176034976910675,1464.5831835971499,0.0,2285.3604289572777,-0.010217570429905395
2021-01-10,-0.005628422144567935,1456.3398911740298,-0.005628422144567939,2260.607572762692,0.005202629220874378
2021-01-11,-0.007258329257366247,1445.7692967332518,-0.012845898460809432,2175.5594406446207,0.030363473457438526
2021-01-12,0.0017980320694404028,1448.3688362937905,-0.011070963728762338,2187.607723298643,-0.003739983775556569
2021-01-13,-0.00010342603209501089,1448.2190372520427,-0.01117324473500738,2231.3872853625503,-0.020115954602753578
2021-01-14,0.004866095042945551,1455.2662087303142,-0.006361519762880431,2218.891765070986,0.010465983674350898
2021-01-15,-0.004448313327957809,1448.7927286582926,-0.010781535057690913,2180.288773205847,0.01294910662411631
2021-01-16,0.0,1448.7927286582926,-0.010781535057690913,2215.8034376834685,-0.016288972779234905
2021-01-17,0.0,1448.7927286582926,-0.010781535057690913,2244.7571783701583,-0.013066926512651185
2021-01-18,-0.0010535375427146443,1447.266371127039,-0.01182371384845422,2250.155624894873,-0.003458450901153968
2021-01-19,0.0018185317249661548,1449.8982709374102,-0.010026683922228427,2273.503626227867,-0.00855764007163317
2021-01-20,-0.0026174832726448827,1446.1031864661948,-0.012617922517426794,2305.2140154507697,-0.01656529002214014
2021-01-21,-0.01854788512224681,1419.2810306887047,-0.03093177186233895,2197.06085313772,0.028368870366896483
2021-01-22,0.01200552896965501,1436.3202502187198,-0.019297595175859997,2258.6245752758314,-0.016015416399331652
2021-01-23,-8.838430694091404e-05,1436.193302048859,-0.019384273878225628,2261.0747492536066,-0.0011731922934458867
2021-01-24,0.0,1436.193302048859,-0.019384273878225628,2290.775292298217,-0.013135586541053283
2021-01-25,0.0034190662611164324,1441.1037421123358,-0.016031483733922446,2288.432669123673,0.0044416995950888735
2021-01-26,0.007028710941707095,1451.2328437526558,-0.00911545345734781,2315.6491507972346,-0.004864355452937634
2021-01-27,-0.02376227140313414,1416.748255050263,-0.03266112098146583,2211.17905360674,0.021352549706327863
2021-01-28,0.0017533746267961448,1419.2323454932257,-0.030965013535481384,2275.267351878776,-0.027230392276883085
2021-01-29,-0.017746836369937236,1394.0454612868352,-0.04816231887701151,2265.893554641736,-0.01362697009167356
2021-01-30,0.0,1394.0454612868352,-0.04816231887701151,2374.546186947449,-0.04795134002792636
2021-01-31,0.0,1394.0454612868352,-0.04816231887701151,2372.481988410544,0.0008693023316417821
2021-02-01,0.011363690804191862,1409.8869628758857,-0.037345929772950974,2410.088951721805,-0.004487625873856413
2021-02-02,0.0015486853592971972,1412.0704341735557,-0.035855081508322444,2483.1481887740642,-0.028765231892621805
2021-02-03,0.010583090732848577,1427.0145036995873,-0.025651448356310124,2555.7077789584414,-0.018637714739981347
2021-02-04,-0.004410030688247635,1420.7213259456976,-0.029948355370108485,2598.2260681424373,-0.0210466311376636
2021-02-05,0.01856767219772415,1447.1008138101733,-0.01193675441775742,2670.3731058206754,-0.00920013390770004
2021-02-06,-0.0014619408505677223,1444.9852380155744,-0.013381244439418674,2682.6152662492555,-0.00604637903334279
2021-02-07,0.000316212298211882,1445.4421601185695,-0.013069263455263932,2688.3137412269325,-0.0018080114208474476
2021-02-08,0.005659005969128605,1453.6219259307106,-0.007484216526040792,2799.0124106143876,-0.03551872849311926
2021-02-09,0.0024109566761232326,1457.1265454175925,-0.0050913039717164765,2819.955139550099,-0.005071228417552135
2021-02-10,0.025755562778013497,1494.6556596336054,0.0,2924.7109362573924,-0.01139247381238647
2021-02-11,0.015257692173661797,1517.4606555939165,0.0,2961.7044067258594,0.002609101842951763
2021-02-12,-0.0024890299772315494,1513.6836505328738,-0.002489029977231551,2990.9018880558215,-0.01234736738040274
2021-02-13,-0.0009771741532718092,1512.204517993343,-0.003463771914742888,2983.1711814906007,0.001607566789282422
2021-02-14,0.0016112598459077088,1514.641072411986,-0.0018580931054367003,2958.960606227573,0.009726977580526734
2021-02-15,-0.0016229379430371393,1512.182903945486,-0.0034780154786713834,2947.0580253882954,0.0023996167385719486
2021-02-16,0.007515030056904237,1523.547003920173,0.0,2935.388192700266,0.01147485459632503
2021-02-17,0.0028632775475874173,1527.9093418491916,0.0,2958.8183365274176,-0.005118679961616227
2021-02-18,-0.00023097302616670312,1527.5564360047963,-0.00023097302616671985,2985.799968829175,-0.009350029768739273
2021-02-19,0.0082833374114053,1540.2097013791877,0.0,3056.0638024035065,-0.015249328643877656
2021-02-20,-0.0013633125197983764,1538.1099142101825,-0.00136331251979836,3047.4468696758972,0.0014563055525836327
2021-02-21,0.0020929166583461,1541.3290500720002,0.0,3087.529545340252,-0.011059954377143806
2021-02-22,-0.017409622580146222,1514.4950930384314,-0.017409622580146222,3110.3502228003804,-0.024800864388526578
2021-02-23,-0.0023047901965366213,1511.0044995952935,-0.019674287249234767,3026.9067889326234,0.02452287482204422
2021-02-24,0.0006300300743387055,1511.9564778724998,-0.01905665256755415,3098.5754119248772,-0.02304715194338895
2021-02-25,-0.002875217567784194,1507.6092740455956,-0.021877078113093005,2965.789488223111,0.03997864462667417
2021-02-26,-0.00555905874523932,1499.2283855263086,-0.02731452089592744,2978.5532460234776,-0.009862721513972664
2021-02-27,0.0022069229580206073,1502.5370670696427,-0.025167878981159405,2988.831674732536,-0.0012438895204136915
2021-02-28,-6.745533717578134e-05,1502.4357129251644,-0.025233636610572558,2968.2055749764586,0.00683360233376964
2021-03-01,0.0026597044911371714,1506.4317479384763,-0.022641046136056248,3087.99369534264,-0.037697379053230035
2021-03-02,-0.002334221569650685,1502.9154024592317,-0.024922418487456705,3020.8099266605527,0.01942222462498214
2021-03-03,-0.0003119261511040916,1502.4466038423075,-0.025226570684485843,3015.7477407902034,0.001363844914685893
2021-03-04,-0.0032066778867477774,1497.628741541747,-0.02835235508486116,2969.381109377795,0.012168159598916439
2021-03-05,0.0014859339658719328,1499.8541189570699,-0.026908550846422373,3000.405659503261,-0.008962219700724031
2021-03-06,-0.0009618671392812583,1498.4114585663294,-0.027844535534878784,3023.4051920624947,-0.008627341468189761
2021-03-07,4.167636428387134e-05,1498.4739069081238,-0.02780401962960115,3054.704347726504,-0.010310609775258639
2021-03-08,-0.0003842941206422257,1497.8980521957633,-0.028177628828969466,3042.3117018753414,0.0036726110461001195
2021-03-09,0.002507270071083534,1501.653687151568,-0.02574100768332296,3133.5298470680696,-0.02747589869380634
2021-03-10,-0.0020588071226039784,1498.5620718447758,-0.0277468190359655,3103.080871668673,0.007658341551721456
2021-03-11,-0.0002685480190459666,1498.1596359689645,-0.028007915701724517,3167.3845534360325,-0.020991076508218208
2021-03-12,-0.004137261433528661,1491.9613578858007,-0.03202930106578696,3106.766209428617,0.015001034843649244
2021-03-13,0.0021719983448444946,1495.2018954857006,-0.029926870309843895,3172.393826836738,-0.018952094356096395
2021-03-14,-0.002601339635067479,1491.3123675325455,-0.032450359991020895,3127.064715261029,0.01168727459442988
2021-03-15,-0.005081931195870082,1483.733620689195,-0.03736738069013537,3111.5955134244964,-0.00013505505319283753
2021-03-16,0.0031365135476204564,1488.3873712915465,-0.034348070438288705,3180.795469894114,-0.01910286691525315
2021-03-17,0.0003253912175751328,1488.8716794705147,-0.03403385578117475,3225.061292208584,-0.013591197489067808
2021-03-18,-0.004184425414797022,1482.6416069755667,-0.03807586906487752,3165.416955693277,0.01430959101192987
2021-03-19,-0.01636088595530183,1458.384276731254,-0.053813800068759896,3174.0580348072435,-0.019090725099691647
2021-03-20,7.701469117016302e-05,1458.496593745934,-0.05374092983078264,3186.1163910627693,-0.003722019895876468
2021-03-21,-0.0008765253337729151,1457.2181845322941,-0.05457034987809839,3176.3540852610963,0.0021874888463294367
2021-03-22,-0.006383876609310168,1447.915483449397,-0.06060585610725987,3175.307440558109,-0.006054365265520175
2021-03-23,-0.0016752190490421093,1445.4899078501196,-0.06217954707166757,3170.4418742795315,-0.0001429056054901808
2021-03-24,-0.008143927731772305,1433.717942503582,-0.06981708906569391,3092.180348653833,0.016540809831341992
2021-03-25,-0.002373229743586114,1430.3154004385194,-0.0720246268168987,3095.693375706772,-0.003509330053669335
2021-03-26,-0.0003968141477206366,1429.7478310519227,-0.07239286057371408,3228.5109364732516,-0.04330079223830153
2021-03-27,0.0,1429.7478310519227,-0.07239286057371408,3245.261085239716,-0.0051881963840463875
2021-03-28,0.0,1429.7478310519227,-0.07239286057371408,3264.585865931348,-0.005954769180059631
2021-03-29,0.002213613143066784,1432.9127396420106,-0.0703394972182774,3322.7362357071693,-0.015598866651895301
2021-03-30,-0.004836302873356679,1425.9827396420105,-0.07483561697912687,3314.364508846556,-0.0023167749100328596
2021-03-31,-0.0013165570964650541,1424.1053519466982,-0.0760536487129897,3344.4989985134976,-0.010408643855935318
2021-04-01,-0.00442383001467439,1417.805351946698,-0.08014103031376202,3371.566902684635,-0.012517091272389891
2021-04-02,0.0,1417.805351946698,-0.08014103031376202,3415.1023416227918,-0.012912524115565264
2021-04-03,-0.005635646368623348,1409.8151023635849,-0.08532503017591989,3410.070426907419,-0.004162216230368143
2021-04-04,0.006858949781407109,1419.4849533517659,-0.07905132049158656,3461.277752027713,-0.008157550967738602
2021-04-05,0.001076894086234681,1421.0135883035293,-0.0780595563048984,3609.613868402046,-0.0417789894924333
2021-04-06,0.01613506751593441,1443.941738491867,-0.06318398500020742,3671.110231357523,-0.0009017583600423283
2021-04-07,0.008394712876203192,1456.063214796472,-0.0553196835364552,3629.168003170389,0.01981965670624025
2021-04-08,0.01143296779431413,1472.7103386377257,-0.04451918390240493,3716.376431650716,-0.012596900319849412
2021-04-09,0.006411919819906187,1482.1532392470178,-0.038392717520128544,3726.8789507335828,0.0035859092485814275
2021-04-10,0.0004662511792292712,1482.8442949426153,-0.03794436699071681,3824.5553851858117,-0.025742390352582058
2021-04-11,0.002815426602350568,1487.0191342177404,-0.03523576996860131,3843.3060476844785,-0.0020872772704436434
2021-04-12,0.002659103771448512,1490.9732724057549,-0.03267036176596624,3887.2103266931113,-0.008764467097981702
2021-04-13,0.020224904160723645,1521.1280639463616,-0.013106212540855514,3994.9893777924917,-0.007501676610908933
2021-04-14,-0.006670706164629059,1510.9810655930044,-0.01968949101269336,3987.3645392895237,-0.004762105719943584
2021-04-15,0.022070201178026938,1544.3287216868316,0.0,4059.3569465163723,0.004015065632362248
2021-04-16,-0.011838962961649213,1526.0454711501702,-0.011838962961649163,3973.8262407947877,0.009231050552433197
2021-04-17,-0.005814332431967717,1517.1725354746043,-0.017584459727308134,3942.469113890047,0.002076583024483887
2021-04-18,0.016917424207327558,1542.839186852935,-0.0009645192846440489,3955.5853655103238,0.013590511239495914
2021-04-19,-0.006724877858237166,1532.463781766447,-0.007682910868500075,3886.316143663809,0.010786872096773172
2021-04-20,0.0015535587782418148,1534.844554326948,-0.006141287943880493,3938.957504062311,-0.011991752115810909
2021-04-21,0.0030760257015520764,1539.565775623945,-0.003084153001884318,3918.2330178520733,0.008337439714997046
2021-04-22,-0.0078155964541482,1527.5331508070506,-0.010875644960766949,3887.346094029875,6.727413610838583e-05
2021-04-23,0.009841028614285596,1542.5656482534125,-0.00114164387973911,3912.825670263607,0.003286537293622686
2021-04-24,0.004231837443259279,1549.093535322377,0.0,3874.598386117569,0.014001576084199703
2021-04-25,0.008020545203219376,1561.518110046445,0.0,3917.590712520533,-0.0030753987162852447
2021-04-26,-0.004861147762485585,1553.927339779712,-0.0048611477624855804,4064.2976330747383,-0.04230939882284604
2021-04-27,-0.003233302253634829,1548.9030230100175,-0.008078732456104671,4096.343260924341,-0.011117967881668515
2021-04-28,0.003565230429634969,1554.4252192002064,-0.004542304569255104,4117.156436457685,-0.0015156854525578915
2021-04-29,0.007698899641583212,1566.3925829631748,0.0,4141.504461534179,0.0017851032016689729
2021-04-30,-0.010317747420962142,1550.2309399300923,-0.010317747420962161,4188.73298005577,-0.02172145806771971
2021-05-01,0.01248711356620591,1569.5888497308454,0.0,4260.322828937582,-0.0046039374085590674
2021-05-02,-0.003246346683988377,1564.4934201732965,-0.0032463466839883818,4218.121709706323,0.00665926867093595
2021-05-03,0.010433180070712256,1580.8160617454091,0.0,4273.483836841249,-0.0026916491649004552
2021-05-04,-0.0070722766983055685,1569.63609314762,-0.007072276698305537,4145.864708118338,0.02279074223316223
2021-05-05,0.008251455619514125,1582.5878757090152,0.0,4294.911715733022,-0.027699309325329248
2021-05-06,-0.0006106137258646838,1581.6215258297202,-0.00061061372586469,4339.290303703665,-0.010943442642481675
2021-05-07,0.0009674985265477609,1583.1517423255166,0.0,4353.64173896685,-0.0023398246204969627
2021-05-08,0.0017938194401772023,1585.9916306976506,0.0,4404.7933598496675,-0.009955337690734468
2021-05-09,0.0036538235033658495,1591.7865641940352,0.0,4415.767254279752,0.0011624706671323091
2021-05-10,-0.0033125707677441607,1586.513658552998,-0.0033125707677442023,4305.868231671776,0.021575294982304562
2021-05-11,0.0024036320197471372,1590.3270535824622,-0.0009169009491621215,4357.36277815779,-0.009555523187847552
2021-05-12,-0.01748416581332146,1562.5215116802156,-0.018385035514253995,4161.851395617607,0.02738503431851655
2021-05-13,0.012184482876422376,1581.5600282833248,-0.006424564788237457,4256.456693290112,-0.01054705861305115
2021-05-14,0.0005388982847218671,1582.4123282697512,-0.005889128690460096,4365.1328352060555,-0.0249931697584609
2021-05-15,0.004585262052209105,1589.6681034695143,-0.0013308698365559677,4365.00610757997,0.00461429384365053
2021-05-16,0.0034716555871305843,1595.1868836226074,0.0,4389.17080614925,-0.002064350084732299
2021-05-17,-0.00444128597514426,1588.1022024886402,-0.004441285975144314,4312.878389225906,0.012940679843196017
2021-05-18,-0.005427377826436985,1579.4829718087376,-0.009844559264558917,4363.965233948946,-0.017272563364397177
2021-05-19,-0.035618835737908694,1523.2236272850582,-0.04511274326311123,3958.0512620020313,0.05739610599195551
2021-05-20,0.0020085788551185146,1526.2831420544398,-0.043194776910207434,4216.435041450149,-0.06327197522174381
2021-05-21,-0.00031206702721042756,1525.8068394116176,-0.04349336427179643,4047.6099433116738,0.03972770507382297
2021-05-22,0.0,1525.8068394116176,-0.04349336427179643,3938.3999502885777,0.026981353083084626
2021-05-23,0.0,1525.8068394116176,-0.04349336427179643,3779.6587882161552,0.040306003472499276
2021-05-24,-0.001163525953008615,1524.031523554684,-0.044606284566691176,4093.575229795543,-0.08421770072616148
2021-05-25,-0.0013353433011003002,1521.9964182690396,-0.0458820631645084,4081.5515648350533,0.0016018605575155147
2021-05-26,-0.0028733814101700172,1517.62314205444,-0.04862360790732129,4209.164864842429,-0.03413926105918363
2021-05-27,-0.000741845754692716,1516.4972997692835,-0.04932938244491012,4131.382342972374,0.017737478379114227
2021-05-28,-0.001008131658540301,1514.9684708312952,-0.05028778359131143,4002.4208321862125,0.030206967811865677
2021-05-29,0.0,1514.9684708312952,-0.05028778359131143,3925.7399242973274,0.019158632013965473
2021-05-30,0.0,1514.9684708312952,-0.05028778359131143,4012.767440369063,-0.022168436460373437
2021-05-31,0.0,1514.9684708312952,-0.05028778359131143,4167.1639479573105,-0.03847631587990728
2021-06-01,-0.010430588151632336,1499.1664586493457,-0.060193840583244416,4120.91637242772,0.0006675054456357112
2021-06-02,0.0029126635969558556,1503.533026219231,-0.05745650139451625,4182.900232524737,-0.012128617151117394
2021-06-03,-0.0002724635308163359,1503.1233683022083,-0.057713310124094336,4274.36621808228,-0.022139106403705415
2021-06-04,0.01228023766086439,1521.5820804985583,-0.04614180562774906,4213.975394270167,0.026408840763854302
2021-06-05,0.0,1521.5820804985583,-0.04614180562774906,4192.956882598327,0.004987810726284588
2021-06-06,0.0,1521.5820804985583,-0.04614180562774906,4233.265414088564,-0.009613390411317294
2021-06-07,0.004665842411638588,1528.6815427025379,-0.04169125360975794,4138.308702243261,0.027096921627527578
2021-06-08,-0.006043037062332446,1519.4436634834829,-0.04748234888135154,4146.33421542963,-0.007982359081015536
2021-06-09,-0.00868516223428184,1506.2470487602773,-0.055755119212334066,4218.293201004814,-0.026040006739436634
2021-06-10,-0.002403347156189839,1502.62701419912,-0.05802446746132192,4169.510872877913,0.00916112354377984
2021-06-11,0.003218684333213595,1507.4634962283862,-0.054992545572469076,4104.95990378962,0.018700348983182128
2021-06-12,0.0,1507.4634962283862,-0.054992545572469076,4099.5033857198405,0.0013292500286643453
2021-06-13,0.0,1507.4634962283862,-0.054992545572469076,4189.870737747887,-0.02204348759482205
2021-06-14,0.008597711486829418,1520.424232445885,-0.046867644126398066,4236.406585451243,-0.002509038724841709
2021-06-15,-0.0039882239408349784,1514.3604401218188,-0.05066894940687759,4200.681803022015,0.004444579122004962
2021-06-16,-0.005703517418768622,1505.7232589732898,-0.05608347559011341,4132.436859721148,0.010542641300458854
2021-06-17,0.015598066501282482,1529.209630499283,-0.041360202870708504,4156.9149176985775,0.009674670982280698
2021-06-18,-0.004861698771631118,1521.7750739171183,-0.046020820794848635,4041.627975133579,0.022872076118528394
2021-06-19,0.0,1521.7750739171183,-0.046020820794848635,3999.4539016111116,0.010434922210046774
2021-06-20,0.0,1521.7750739171183,-0.046020820794848635,4024.3030430805406,-0.006213133612921122
2021-06-21,0.0024368298234904717,1525.483380801884,-0.04369613587997249,3810.2727840744606,0.05562125870840948
2021-06-22,0.006229754024244638,1534.9867670323529,-0.0377385980340701,3811.46852745737,0.005915933085253829
2021-06-23,-0.00011187908980836436,1534.8150341099895,-0.03784625496387972,3931.0358539198737,-0.031482288054530044
2021-06-24,0.0049514319293426645,1542.4145662755168,-0.03308221618977128,3994.6735591890515,-0.011237101483732411
2021-06-25,-0.0046645915073869615,1535.219832388798,-0.0375924926724739,3886.789204768807,0.022342459962957886
2021-06-26,0.0,1535.219832388798,-0.0375924926724739,3907.2333232950946,-0.005259898967817511
2021-06-27,0.0,1535.219832388798,-0.0375924926724739,3999.233080687759,-0.023546010637286067
2021-06-28,0.019806128629341835,1565.6265938634074,-0.01853092578850057,4043.2603254965425,0.008797206688434903
2021-06-29,0.006787868898898708,1576.2538619271816,-0.011868842384429399,4108.824872286725,-0.009427893014015129
2021-06-30,-0.0011727603793637575,1574.4052938500943,-0.013027683455695774,4131.702141938523,-0.006740597988140981
2021-07-01,0.0037523164078447913,1580.3129606668058,-0.009324251038237925,4072.9356790933684,0.017975622160853993
2021-07-02,0.013933448246586044,1602.332169517666,0.0,4131.795880435209,-0.0005180938300477344
2021-07-03,0.0,1602.332169517666,0.0,4161.692766229835,-0.007235808994387065
2021-07-04,0.0,1602.332169517666,0.0,4197.459268986211,-0.00859421989210849
2021-07-05,0.0,1602.332169517666,0.0,4129.922768085885,0.016089852592336914
2021-07-06,0.00557441774239531,1611.264238392636,0.0,4171.613315322578,-0.0045203345272736735
2021-07-07,0.004015775258426002,1617.7347134559595,0.0,4188.216068549778,3.5839446490504474e-05
2021-07-08,-0.0125206155143186,1597.479679104611,-0.012520615514318644,4071.5890128180295,0.01532585988782853
2021-07-09,0.0006102683620721194,1598.4545704118218,-0.01191798808776851,4120.477293045383,-0.011396906250455174
2021-07-10,0.0,1598.4545704118218,-0.01191798808776851,4091.600870120957,0.007008028650749809
2021-07-11,0.0,1598.4545704118218,-0.01191798808776851,4113.5996113316805,-0.0053765608887634524
2021-07-12,-0.006254306490002692,1588.4573456181206,-0.01809775582752615,4083.178778583892,0.00114087914352096
2021-07-13,0.009735487950804922,1603.9217529667535,-0.008538458360516643,4043.7648318179367,0.019388248435523323
2021-07-14,0.012960136276919165,1624.7087974627177,0.0,4078.1039112453595,0.004468277611640193
2021-07-15,-0.005317891216221393,1616.0687728197731,-0.005317891216221376,4004.1956012453647,0.012805313000373783
2021-07-16,-0.00650728807384271,1605.5525477678934,-0.011790574239974755,3934.3366672137754,0.010939145864065435
2021-07-17,0.0,1605.5525477678934,-0.011790574239974755,3941.124443852808,-0.001725265835940489
2021-07-18,0.0,1605.5525477678934,-0.011790574239974755,3945.008398209778,-0.0009854939655682257
2021-07-19,-0.019575555006312695,1574.1229655535376,-0.031135322211696778,3844.1476135725716,0.005991129384771664
2021-07-20,0.000998898174269014,1575.695354109904,-0.03016752505394029,3815.330934697296,0.00849514487757772
2021-07-21,-0.0023696470565651717,1571.961512251994,-0.03246568572355755,3975.1046037123147,-0.044246399492902704
2021-07-22,-0.006786396109614623,1561.293558760783,-0.0390317568298819,4013.791969667709,-0.016518810677841105
2021-07-23,0.0005610851962687402,1562.1695774636335,-0.038492571774554785,4101.286189238121,-0.021237308998449483
2021-07-24,0.0,1562.1695774636335,-0.038492571774554785,4120.495788183164,-0.004683798705745098
2021-07-25,0.0,1562.1695774636335,-0.038492571774554785,4124.92018285208,-0.001073752989046491
2021-07-26,0.0028341276614711752,1566.5969654750318,-0.03576753697551111,4159.134182266043,-0.005460335721407316
2021-07-27,-0.011832622031439755,1548.0600157069653,-0.047176935260924084,4187.068329196792,-0.01854895906376161
2021-07-28,0.012749462440154291,1567.7969487323257,-0.03502895338492062,4229.225344117083,0.0026810776883872053
2021-07-29,-0.008951371618824311,1553.7630156213638,-0.04366676782457805,4277.924944393374,-0.020466388274068718
2021-07-30,-0.008167123825362,1541.0732406775162,-0.05147725975006343,4314.425535848838,-0.01669943608654411
2021-07-31,0.0,1541.0732406775162,-0.05147725975006343,4356.000955816481,-0.00963637444248134
2021-08-01,0.0,1541.0732406775162,-0.05147725975006343,4317.515263449173,0.008835097319232347
2021-08-02,-0.011508179909215377,1523.3382925705218,-0.06239303009284162,4306.603250664168,-0.008980797347911396
2021-08-03,0.006644929014187895,1533.4607673892472,-0.05616269833460074,4321.108922139991,0.0032766894454312246
2021-08-04,-0.0058075422022952905,1524.55512926707,-0.06164407329612304,4381.6435973245,-0.019816602440131087
2021-08-05,0.005165527009186155,1532.4302599642922,-0.056796970412504366,4432.499156903645,-0.006440975995804562
2021-08-06,-0.0033455956291694733,1527.3033679845487,-0.05995254634571165,4483.1505105696,-0.014772863153194763
2021-08-07,0.004179712792194534,1533.6870574092757,-0.05602341797840282,4565.085341283586,-0.014096459404303114
2021-08-08,-0.002306850830984586,1530.1490701464209,-0.05820103114106928,4507.749758691656,0.010252735311562573
2021-08-09,0.007782139487442441,1542.0569036468805,-0.0508718201962797,4568.717663054172,-0.005742991148959901
2021-08-10,-0.0002700756825849693,1541.6404315760433,-0.05112815663730078,4626.17641962689,-0.012846636724509076
2021-08-11,-0.0003490643568638818,1541.10229985028,-0.05145937397705039,4706.751793841117,-0.01776633661487399
2021-08-12,0.004110051328513498,1547.4363094051548,-0.047560823316915704,4692.929772443185,0.0070466883137096925
2021-08-13,0.008989500323157484,1561.3469886086182,-0.03899887103033521,4879.881308873578,-0.0308473490429184
2021-08-14,-0.0009061170026585241,1559.9322255551901,-0.03986965049286871,4927.991356974858,-0.0107649732034841
2021-08-15,0.0006647224288760523,1560.9691474930432,-0.0392314303149067,4999.714585062998,-0.013889529576177914
2021-08-16,0.004064428965955047,1567.313595711076,-0.03532645471069948,5008.793486602566,0.002248545001960012
2021-08-17,-0.0019878342825334627,1564.1980360140408,-0.03724406585547862,4927.264614571357,0.014289313547434391
2021-08-18,-0.010419359273426743,1547.900094702022,-0.047275365825953965,4973.732906644875,-0.01985020898588131
2021-08-19,0.008982754923707148,1561.8045018991133,-0.03871727392738995,5120.883437676862,-0.020602776465683464
2021-08-20,0.003782389680658138,1567.711855130302,-0.035081328064098,5230.0613141440635,-0.017537735605523238
2021-08-21,-0.0023850219684843355,1563.972827915563,-0.03738268029446583,5182.468146868985,0.0067149033318880825
2021-08-22,0.007735382745334585,1576.070756342793,-0.029936466889255497,5223.516182651535,-0.00018517452955147534
2021-08-23,0.0029188842247167557,1580.6711244105193,-0.027104963745485582,5313.807825762732,-0.014366721860141644
2021-08-24,-0.014909520447196845,1557.104075960827,-0.041610362181498585,5198.97816362981,0.006700154930259734
2021-08-25,-0.0010630260978216066,1555.4488336910563,-0.042629155378381425,5241.900564903069,-0.009318956383031974
2021-08-26,-0.013247679424050918,1534.8427461818032,-0.05531209741786151,5149.996029516249,0.004284994889186301
2021-08-27,0.015348375344769405,1558.400088745398,-0.04081267290536797,5374.180386591421,-0.028182601337600977
2021-08-28,0.0027779306418715954,1562.7292161042194,-0.038148117038136836,5377.452340801376,0.002169102136948816
2021-08-29,-0.0013830193005112124,1560.5679314368745,-0.03947837675650617,5365.689677779882,0.0008043851200253784
2021-08-30,0.006842548613292587,1571.2461933720767,-0.032905960855343856,5406.877588936883,-0.0008336148680892089
2021-08-31,-0.0012614115553805094,1569.2642052674096,-0.03412586445146052,5436.45357603438,-0.006731479373822117
2021-09-01,0.01295456522355476,1589.593340767536,-0.0216133849647525,5541.947670939919,-0.006450382032978562
2021-09-02,0.0036347746130864778,1595.371154287689,-0.01805717013463879,5606.941152236662,-0.008092777712524013
2021-09-03,0.014216804210612333,1618.0522336314557,-0.004097081176428336,5702.7899004381325,-0.0028778549982214317
2021-09-04,-0.004054749635958088,1611.4914369261774,-0.008135218173977823,5649.5419491336,0.005282426068242651
2021-09-05,0.004935114771597249,1619.4443321208544,-0.003240251637761041,5704.669813074948,-0.004822820373888629
2021-09-06,0.01016135897807735,1635.9000873245473,0.0,5782.308993476071,-0.003448399859003212
2021-09-07,-0.017909332405785183,1606.602208877999,-0.01790933240578519,5599.226721434725,0.013753152640916567
2021-09-08,-0.005975962527269285,1597.001214281516,-0.02377826943370905,5605.924923549284,-0.007172235235591273
2021-09-09,-0.002744000820140702,1592.619041639762,-0.026457022663022075,5577.061513815501,0.0024047320165290504
2021-09-10,-0.0059618891213992775,1583.1240235008765,-0.03226117794882202,5458.544887900322,0.015288840428846855
2021-09-11,0.0,1583.1240235008765,-0.03226117794882202,5513.6912397778,-0.010102756872022415
2021-09-12,0.0,1583.1240235008765,-0.03226117794882202,5531.765178558908,-0.003278010681975944
2021-09-13,-0.00023108941280514106,1582.758180299888,-0.03248481214495861,5472.64840778246,0.01045569299176708
2021-09-14,0.0006519618824076812,1583.7900783025123,-0.03185402912182672,5482.419658086023,-0.0011335082548056485
2021-09-15,0.00015166394884813528,1584.0302821599341,-0.031707196280821914,5555.005338750952,-0.013088052306340907
2021-09-16,-0.0009944095490485028,1582.4551073213722,-0.03267007589111526,5501.498867803427,0.008637709177151676
2021-09-17,-0.002461612295493798,1578.559716372123,-0.0350512671261008,5414.350470383579,0.01337923390187062
2021-09-18,0.0,1578.559716372123,-0.0350512671261008,5484.931187501213,-0.01303586044230213
2021-09-19,0.0,1578.559716372123,-0.0350512671261008,5407.32828741871,0.014148381707930957
2021-09-20,-0.005516727100662533,1569.8512332047987,-0.040374625951496164,5146.849288592009,0.04265475148937621
2021-09-21,0.0,1569.8512332047987,-0.040374625951496164,5057.799177185512,0.01730186885477206
2021-09-22,0.0,1569.8512332047987,-0.040374625951496164,5297.080979440356,-0.047309470754431086
2021-09-23,0.0,1569.8512332047987,-0.040374625951496164,5372.379918751446,-0.014215176170299992
2021-09-24,0.0,1569.8512332047987,-0.040374625951496164,5285.613455174743,0.016150470534270746
2021-09-25,0.0,1569.8512332047987,-0.040374625951496164,5277.934325185064,0.0014528360907968571
2021-09-26,0.0,1569.8512332047987,-0.040374625951496164,5284.586846757617,-0.001260440384945675
2021-09-27,0.0,1569.8512332047987,-0.040374625951496164,5220.309061339729,0.012163256519727014
2021-09-28,-0.003559962792118343,1564.2626212254286,-0.04379085657748148,5080.872970767678,0.02315035051187347
2021-09-29,-0.0002725987374746497,1563.8362052098037,-0.04405151798274022,5119.993955632735,-0.007972256865149914
2021-09-30,-0.004740126848148618,1556.4234232273818,-0.04858283504779715,5156.480998377308,-0.011866510797182676
2021-10-01,0.0072494462878334165,1567.7066312351944,-0.04168558741315348,5370.750832750408,-0.03430405394624654
2021-10-02,0.0,1567.7066312351944,-0.04168558741315348,5388.25511719155,-0.0032591875859146356
2021-10-03,0.0,1567.7066312351944,-0.04168558741315348,5411.5297382927865,-0.004319509858948237
2021-10-04,-0.00037661767426833137,1567.1162052098036,-0.04204650555843973,5311.345656057697,0.018136462190408764
2021-10-05,0.003579072185482035,1572.725027231288,-0.03861792085149869,5406.043982338607,-0.014250369242963731
2021-10-06,0.0007508000327507425,1573.905829233241,-0.03789611515498812,5436.768446421831,-0.00493255440972132
2021-10-07,-0.0006092154916942372,1572.9469814196043,-0.03848224374625493,5473.421818112312,-0.0073509724842334865
2021-10-08,0.0005593024481436171,1573.8267345171125,-0.037944464511248575,5472.909101028249,0.0006529764058799126
2021-10-09,0.0017782702012560936,1576.6254237010444,-0.036233669820535525,5514.48067029173,-0.005817611348406541
2021-10-10,-0.0005295792136472688,1575.7904756489445,-0.036744060435811673,5453.454694467694,0.010536916341011778
2021-10-11,-0.002430902197100071,1571.95988311952,-0.03908564141566796,5446.71994660084,-0.0011959514651013858
2021-10-12,-0.0053249269275559286,1563.5893116088594,-0.044202440158768765,5405.112546017741,0.002314055981610186
2021-10-13,-0.00041839453171643726,1562.935114391032,-0.04460234063123428,5440.1455255155215,-0.0068998468973274696
2021-10-14,-4.472132185295852e-05,1562.865217866746,-0.04464506727745644,5536.636106194004,-0.01778148594072581
2021-10-15,0.007789106524117351,1575.038541531548,-0.037203705938139583,5644.713134161305,-0.01173123505050604
2021-10-16,-0.0014370956097252696,1572.7750605583649,-0.03858733626539562,5614.123148620121,0.003982132048816848
2021-10-17,0.001158961411255932,1574.5978461621378,-0.03747309608783442,5609.143904064013,0.002045875435814115
2021-10-18,0.0008509449694535931,1575.9377422782418,-0.036654038660986696,5604.4138074722605,0.0016942281286404922
2021-10-19,0.003723296655835373,1581.8054260038712,-0.033067215864720605,5655.436644832827,-0.005380748675817075
2021-10-20,0.0020803898879668825,1585.0961980168609,-0.031055618678261853,5783.514780221799,-0.0205665149281258
2021-10-21,-0.0007825470411214619,1583.85578567721,-0.0318138632368764,5764.788566699641,0.002455313366220757
2021-10-22,-0.001579713211914191,1581.353747766809,-0.03334331966871325,5746.033485579559,0.001673672563310961
2021-10-23,0.005718773862418924,1590.397152246776,-0.02781522871130208,5774.959485524069,0.0006846925231605459
2021-10-24,-0.002117618179771963,1587.0292983241206,-0.029873944857080448,5760.787815102846,0.0003363679402601295
2021-10-25,1.1519740743537454e-05,1587.0475804901896,-0.02986276925643673,5825.376855972044,-0.01120032192783298
2021-10-26,0.004485220018545899,1594.1658380685892,-0.025511490328368913,5817.013770931673,0.0059208498923104015
2021-10-27,0.005189574625420246,1602.438880650542,-0.02045430948581332,5657.3974593804305,0.03262913688825435
2021-10-28,0.014477844166982834,1625.638741051715,-0.006272599624109265,5787.5793657117565,-0.008533073355786215
2021-10-29,0.01446019476671756,1649.1457938676444,0.0,5867.379606434438,0.0006720053216701469
2021-10-30,-0.0022215208329275926,1645.4821821300325,-0.0022215208329276455,5836.302728590306,0.0030750305969560925
2021-10-31,-0.000827043057146426,1644.1212975156436,-0.0030467265966929273,5854.998895541772,-0.004030469579194085
2021-11-01,-0.0063554662747654644,1633.6721400576594,-0.009382829503324646,5837.6478261254115,-0.003392003817142634
2021-11-02,0.00995514897524763,1649.935589588645,0.0,5951.489579814392,-0.009546156529942434
2021-11-03,0.005017489982086287,1658.2141248804935,0.0,6055.562238796543,-0.012469335389352538
2021-11-04,-0.0018880598838333373,1655.0833173125009,-0.001888059883833319,6081.980797619923,-0.006250752856274692
2021-11-05,-0.0048292213792549,1647.0905535720872,-0.006708163403931923,6061.935914311041,-0.0015334393016913565
2021-11-06,0.007042836448880374,1658.6907429573912,0.0,6109.9526331643365,-0.0008781840851601677
2021-11-07,-0.00020813779989370396,1658.345506715448,-0.0002081377998937084,6144.219486737918,-0.005816504285025285
2021-11-08,0.009803113678221731,1674.6024562355478,0.0,6250.7306766657675,-0.0075320726961829836
2021-11-09,-0.005686822590744822,1665.0792891569108,-0.005686822590744783,6224.394746618339,-0.001473566347639954
2021-11-10,-0.017420917085973264,1636.072080918937,-0.023008670011882032,6098.377745958849,0.0028247462739788773
2021-11-11,0.0019396334391796888,1639.2454610359955,-0.021113664958448533,6109.21034308054,0.0001633254482768336
2021-11-12,0.003714964884426797,1645.3352003607004,-0.017477136597923857,6120.329115773284,0.0018949632691054985
2021-11-13,-9.221474689091735e-05,1645.1834761916484,-0.01756773969508699,6144.835651010218,-0.004096335239982437
2021-11-14,0.0014114838145684594,1647.5056260402882,-0.016181052460756806,6143.067178308818,0.0016992820246163553
2021-11-15,-0.010961577338654882,1629.4463657045785,-0.026965259941442315,6107.427043068998,-0.005159893227879338
2021-11-16,-0.008868354423957392,1614.995857818681,-0.03559447688310481,5963.383142140394,0.01471668390934066
2021-11-17,-0.0006699259317555217,1613.9139302138506,-0.03624055715176909,5947.105783160447,0.002059625162307688
2021-11-18,0.002516353507139968,1617.9751081923664,-0.03381539769771858,5855.88624427139,0.01785482943392601
2021-11-19,0.007435048308354508,1630.0048312834917,-0.026631768504812844,5980.961128921402,-0.013923782692225155
2021-11-20,0.0,1630.0048312834917,-0.026631768504812844,6022.939441341852,-0.007018656619830106
2021-11-21,0.0,1630.0048312834917,-0.026631768504812844,5992.724724194465,0.00501660649947618
2021-11-22,-0.006995023095205388,1618.6029098433673,-0.03344050176426091,5877.045013181766,0.012308334949202249
2021-11-23,-0.0013971843086227898,1616.341423255843,-0.034790963528546215,5948.40637760008,-0.013539572916887151
2021-11-24,0.0015269689540489129,1618.8095264282979,-0.03331711929568684,5903.280913689816,0.009113112375620364
2021-11-25,0.0,1618.8095264282979,-0.03331711929568684,5953.9461844951165,-0.008582561383417574
2021-11-26,-0.014164708699370254,1595.8795610466755,-0.047009900705531564,5675.668302272626,0.03257368523290336
2021-11-27,0.0,1595.8795610466755,-0.047009900705531564,5693.1703175241455,-0.003083692407555298
2021-11-28,0.0,1595.8795610466755,-0.047009900705531564,5767.008705277854,-0.012969643210291038
2021-11-29,0.011504771974787609,1614.2397914957417,-0.036045966918918475,5866.075731707245,-0.005673462269722429
2021-11-30,-0.002866710986048293,1609.6122325513445,-0.03880934453559757,5810.306522385536,0.00664036186339787
2021-12-01,-0.003739314416241868,1603.593386325606,-0.04240353861033262,5808.116350741635,-0.003362368443518693
2021-12-02,0.002089900067294481,1606.944736251601,-0.04040225770123332,5875.740290156797,-0.009553106947626544
2021-12-03,-0.004325004669271104,1599.9946927640522,-0.044552522417297485,5703.502522898554,0.02498836841271829
2021-12-04,0.0,1599.9946927640522,-0.044552522417297485,5578.647805779043,0.021890884876133866
2021-12-05,0.0,1599.9946927640522,-0.044552522417297485,5551.00449658679,0.004955198850089748
2021-12-06,0.003757595100282396,1606.0068249820602,-0.040962337656955575,5646.81780598859,-0.013502940260608335
2021-12-07,-0.0013250052840346749,1603.8788574527632,-0.042233067627148346,5710.233690519683,-0.01255538081763851
2021-12-08,0.006791004274966594,1614.7708056302536,-0.03572886829498261,5775.7287543453485,-0.004678765155731512
2021-12-09,0.004286670023734285,1621.6927952379501,-0.03159535613995033,5658.341321409424,0.024610933493968833
2021-12-10,0.01701068050833454,1649.278893260411,-0.015122134140459455,5587.48766735391,0.029532663547326074
2021-12-11,0.0,1649.278893260411,-0.015122134140459455,5696.778691632895,-0.01955995803221917
2021-12-12,0.0,1649.278893260411,-0.015122134140459455,5704.8925116590035,-0.0014242821189499673
2021-12-13,0.0013730116077970145,1651.5433723253523,-0.013769885398371888,5514.098458674396,0.03481694636987789
2021-12-14,0.00031520975427579145,1652.0639549059188,-0.013459016046288916,5564.249765159209,-0.00877989561257139
2021-12-15,0.011886736554956645,1671.701603909825,-0.0017322632693635258,5720.794301426922,-0.016247251471232273
2021-12-16,0.009795765657917288,1688.0772010716903,0.0,5624.73361288394,0.026587260594035118
2021-12-17,-0.018893546055247734,1656.1834367284287,-0.018893546055247713,5535.744541896437,-0.003072517520906818
2021-12-18,0.0,1656.1834367284287,-0.018893546055247713,5585.690383025476,-0.00902242521327179
2021-12-19,0.0,1656.1834367284287,-0.018893546055247713,5579.566087236903,0.0010964259328057964
2021-12-20,-0.0038081207619884427,1649.8764901973618,-0.022629717912235548,5555.970028051463,0.00042089253698748656
2021-12-21,0.0,1649.8764901973618,-0.022629717912235548,5698.09774093378,-0.025581079841095315
2021-12-22,0.0,1649.8764901973618,-0.022629717912235548,5743.907221418472,-0.008039433959794458
2021-12-23,0.0,1649.8764901973618,-0.022629717912235548,5873.912387733999,-0.022633576989327168
2021-12-24,0.0,1649.8764901973618,-0.022629717912235548,5813.678679543899,0.01025444443398238
2021-12-25,0.0,1649.8764901973618,-0.022629717912235548,5843.2256986461425,-0.00508232751256225
2021-12-26,0.0,1649.8764901973618,-0.022629717912235548,5851.272892621551,-0.0013771834925482582
2021-12-27,0.0,1649.8764901973618,-0.022629717912235548,5928.919725203429,-0.013270075418938402
2021-12-28,0.0026182957713001276,1654.196354834813,-0.020070673435650742,5774.458253583059,0.02867050743538544
2021-12-29,0.005536468718059018,1663.3547612068833,-0.01464532537321858,5701.564749554109,0.01815990468864894
2021-12-30,-0.004559090205093597,1655.771376807469,-0.01913764621885277,5723.661290825956,-0.008434612494579989
2021-12-31,0.00037071370315344687,1656.385193946141,-0.018774027103398653,5664.67856034324,0.010675783742370385
2022-01-01,0.0,1656.385193946141,-0.018774027103398653,5736.652311109825,-0.012705707834942789
2022-01-02,0.0,1656.385193946141,-0.018774027103398653,5736.457631635859,3.393607689791504e-05
2022-01-03,-0.0016670363165238733,1653.6239396736803,-0.02040976643493381,5718.063665496788,0.001539466253569303
2022-01-04,-0.0012962730277022994,1651.4803915627185,-0.021679582832904783,5684.426521163913,0.004586337992500996
2022-01-05,0.0,1651.4803915627185,-0.021679582832904783,5476.671550560519,0.036548096774563624
2022-01-06,0.0,1651.4803915627185,-0.021679582832904783,5459.700038611923,0.0030988734292196323
2022-01-07,0.0,1651.4803915627185,-0.021679582832904783,5345.020673518026,0.021004700676386188
2022-01-08,0.0,1651.4803915627185,-0.021679582832904783,5330.640068945032,0.0026904675306951287
2022-01-09,0.0,1651.4803915627185,-0.021679582832904783,5337.517763521876,-0.0012902192772143032
2022-01-10,-0.0019089821392045403,1648.3277449919788,-0.02354717903569591,5289.4304280666365,0.007100324730719561
2022-01-11,-0.005123728103575087,1639.8821618010609,-0.02855025779628585,5382.021027712428,-0.022628561734525144
2022-01-12,-0.004827695754182737,1631.9653096511738,-0.03324012159212468,5502.181703328364,-0.027154006817855594
2022-01-13,0.0,1631.9653096511738,-0.03324012159212468,5361.1431594694595,0.02563320360241601
2022-01-14,0.0,1631.9653096511738,-0.03324012159212468,5393.568061925614,-0.006048132178466707
2022-01-15,0.0,1631.9653096511738,-0.03324012159212468,5401.877107824385,-0.0015405471486359254
2022-01-16,0.0,1631.9653096511738,-0.03324012159212468,5437.728860827118,-0.006636906446983559
2022-01-17,0.0,1631.9653096511738,-0.03324012159212468,5437.348658969692,6.991923782084057e-05
2022-01-18,0.0,1631.9653096511738,-0.03324012159212468,5317.067377609119,0.022121311121395978
2022-01-19,0.0,1631.9653096511738,-0.03324012159212468,5238.349611329048,0.014804733641624039
2022-01-20,0.0,1631.9653096511738,-0.03324012159212468,5139.595697124949,0.01885210448545124
2022-01-21,0.0,1631.9653096511738,-0.03324012159212468,4871.969339865049,0.05207148052707873
2022-01-22,0.0,1631.9653096511738,-0.03324012159212468,4753.992736339792,0.02421538299921348
2022-01-23,0.0,1631.9653096511738,-0.03324012159212468,4831.3484075496235,-0.01627172684100257
2022-01-24,0.0,1631.9653096511738,-0.03324012159212468,4765.239547896383,0.013683314486269863
2022-01-25,0.0,1631.9653096511738,-0.03324012159212468,4737.563130161031,0.005807980366395145
2022-01-26,0.0,1631.9653096511738,-0.03324012159212468,4763.153728395398,-0.0054016374096309775
2022-01-27,0.0,1631.9653096511738,-0.03324012159212468,4729.9648923749455,0.00696782802171548
2022-01-28,0.0,1631.9653096511738,-0.03324012159212468,4865.99169396387,-0.028758522459270176
2022-01-29,0.0,1631.9653096511738,-0.03324012159212468,4900.819969860483,-0.0071574877408477015
2022-01-30,0.0,1631.9653096511738,-0.03324012159212468,4872.834156356552,0.00571043492232733
2022-01-31,0.0004972851936615452,1632.7768618362325,-0.0327593662187665,4982.948927309197,-0.02210039973041944
2022-02-01,0.006065742440220401,1642.6808657424824,-0.026892333656533974,5071.496550658107,-0.011704382166841353
2022-02-02,0.0029804913394038124,1647.5768618362324,-0.023991994684689717,5046.840351998446,0.007842211822376544
2022-02-03,-0.0037679624886095553,1641.3688540237324,-0.02766955623730046,4933.848107501918,0.018620747400298458
2022-02-04,-0.003070601846757115,1636.3288637893575,-0.03065519589357641,5093.033216363998,-0.0353344870320426
2022-02-05,0.0,1636.3288637893575,-0.03065519589357641,5098.229714838749,-0.0010203150566650517
2022-02-06,0.0,1636.3288637893575,-0.03065519589357641,5129.8450046194475,-0.006201228965552419
2022-02-07,-0.0012026880461578626,1634.3608706252949,-0.03182101530208047,5216.580290376826,-0.018110662006243228
2022-02-08,0.0007636000526600739,1635.60886867217,-0.03108171377838068,5239.586264693168,-0.00364656389301549
2022-02-09,0.002866203755091945,1640.29685695342,-0.02830459654803494,5326.381831981621,-0.013699143755898157
2022-02-10,-0.005150286066246457,1631.848858906545,-0.03330910584506929,5173.869925886888,0.023483017160156393
2022-02-11,-0.0008824286799086201,1630.4088686721698,-0.0341621416146781,4986.986147287566,0.035238266520461456
2022-02-12,0.0,1630.4088686721698,-0.0341621416146781,5004.334066602828,-0.003478637959461387
2022-02-13,0.0,1630.4088686721698,-0.0341621416146781,4974.675681770636,0.005926539762826977
2022-02-14,-0.0014834601856871243,1627.9902220291035,-0.035594923623421995,4995.379456008949,-0.005645294154920603
2022-02-15,0.0,1627.9902220291035,-0.035594923623421995,5177.8963985147475,-0.03653715280552882
2022-02-16,0.0,1627.9902220291035,-0.035594923623421995,5140.615970459117,0.0071999177245655336
2022-02-17,0.0,1627.9902220291035,-0.035594923623421995,4924.269066067585,0.042085793927183805
2022-02-18,0.0,1627.9902220291035,-0.035594923623421995,4858.615004680968,0.013332752639174305
2022-02-19,0.0,1627.9902220291035,-0.035594923623421995,4878.517560321707,-0.00409634342740978
2022-02-20,0.0,1627.9902220291035,-0.035594923623421995,4807.273994171307,0.014603527663780888
2022-02-21,0.0,1627.9902220291035,-0.035594923623421995,4704.9550170358025,0.021284199165590413
2022-02-22,0.0,1627.9902220291035,-0.035594923623421995,4725.893649435841,-0.004450336363307287
2022-02-23,0.0,1627.9902220291035,-0.035594923623421995,4625.280878777626,0.0212896815124534
2022-02-24,0.0,1627.9902220291035,-0.035594923623421995,4691.590178004762,-0.0143362751290166
2022-02-25,0.0,1627.9902220291035,-0.035594923623421995,4854.511075553815,-0.03472615709549049
2022-02-26,0.0,1627.9902220291035,-0.035594923623421995,4834.298793496682,0.004163608186809424
2022-02-27,0.0,1627.9902220291035,-0.035594923623421995,4763.484111136975,0.014648387570700099
2022-02-28,0.0,1627.9902220291035,-0.035594923623421995,4946.135911193691,-0.03834416065956374
2022-03-01,0.0,1627.9902220291035,-0.035594923623421995,4896.010238397043,0.010134309630110935
2022-03-02,0.0,1627.9902220291035,-0.035594923623421995,4930.009134774135,-0.006944204509715934
2022-03-03,0.0,1627.9902220291035,-0.035594923623421995,4850.734521864394,0.016080013391977687
2022-03-04,0.0,1627.9902220291035,-0.035594923623421995,4697.872554312038,0.03151315885529089
2022-03-05,0.0,1627.9902220291035,-0.035594923623421995,4735.225003306804,-0.007950928545407517
2022-03-06,0.0,1627.9902220291035,-0.035594923623421995,4669.007373168967,0.013984051463572253
2022-03-07,0.0,1627.9902220291035,-0.035594923623421995,4526.636597355228,0.030492728846797344
2022-03-08,0.0,1627.9902220291035,-0.035594923623421995,4523.9261140962,0.0005987852571626077
2022-03-09,0.0,1627.9902220291035,-0.035594923623421995,4735.272594002279,-0.046717491527445795
2022-03-10,0.0,1627.9902220291035,-0.035594923623421995,4621.373765710335,0.024053278038567414
2022-03-11,0.0,1627.9902220291035,-0.035594923623421995,4565.249053745102,0.012144594834909476
2022-03-12,0.0,1627.9902220291035,-0.035594923623421995,4563.826617659928,0.00031157907672248647
2022-03-13,0.0,1627.9902220291035,-0.035594923623421995,4528.516848642673,0.007736877838571266
2022-03-14,0.0,1627.9902220291035,-0.035594923623421995,4560.598125316502,-0.007084278969491812
2022-03-15,0.0,1627.9902220291035,-0.035594923623421995,4662.779172366394,-0.022405185513424526
2022-03-16,-0.0018938672312457383,1624.907024694814,-0.037421378795218695,4824.627249793929,-0.03660451327399945
2022-03-17,0.004209469362824292,1631.7470210327047,-0.033369433579947615,4858.978090353825,-0.002910425870815507
2022-03-18,-0.0036035121043948015,1625.867000891103,-0.03685269852652031,4952.775482097706,-0.02290744597684619
2022-03-19,0.0,1625.867000891103,-0.03685269852652031,4996.5203759999695,-0.008832399946329872
2022-03-20,0.0,1625.867000891103,-0.03685269852652031,4951.272061111642,0.009055965248469714
2022-03-21,0.0018267278183667912,1628.8370173705953,-0.0350932905577339,4976.797776581002,-0.0033286575360038356
2022-03-22,-0.001528701439499236,1626.3470118774312,-0.03656834483344076,5060.26348641416,-0.018299668149442356
2022-03-23,-0.001217459110428365,1624.367000891103,-0.037741283479298365,5094.978755412594,-0.00807782697301848
2022-03-24,0.0016622028546129375,1627.0670283569234,-0.036141814293821434,5227.586669378199,-0.02436497416251
2022-03-25,0.0023485814385015846,1630.8883277789205,-0.03387811484952404,5208.79756945801,0.0059428020815088575
2022-03-26,0.0,1630.8883277789205,-0.03387811484952404,5247.622963817247,-0.007453811333903682
2022-03-27,0.0,1630.8883277789205,-0.03387811484952404,5321.195360749783,-0.01402013777282057
2022-03-28,0.0017635764755146166,1633.7645240679828,-0.032174285020392775,5346.069535728241,-0.0029109699923589877
2022-03-29,-0.0014654437822625432,1631.3703340045063,-0.033592579196723454,5423.997511960867,-0.0160421296468641
2022-03-30,0.004285486412611839,1638.3615494048206,-0.029451053325823772,5429.548135786572,0.00326214084258453
2022-03-31,-0.016619766225284716,1611.1323634612172,-0.04558134992974492,5313.531115882149,0.004747945599525502
2022-04-01,-0.00019087205283407904,1610.8248433196159,-0.045763521776747,5398.957001880184,-0.016267918396403683
2022-04-02,0.0,1610.8248433196159,-0.045763521776747,5383.960804061914,0.0027776101593413706
2022-04-03,0.0,1610.8248433196159,-0.045763521776747,5426.721726088169,-0.007942279593490743
2022-04-04,-0.004307825118747277,1603.8856915976614,-0.049874205646862096,5457.608814714092,-0.009999491318883691
2022-04-05,0.006282502592555472,1613.9621076132864,-0.04390503788058464,5366.235545005103,0.023024865926226448
2022-04-06,0.016042121950070376,1639.8534845664115,-0.028567245902417025,5166.086885737892,0.05333989943087996
2022-04-07,0.001867244156112502,1642.9154914023488,-0.026753343769272023,5215.292437997919,-0.007657479943257391
2022-04-08,0.005373745804756247,1651.7441016318412,-0.021523363633359133,5126.363962564231,0.02242522978018347
2022-04-09,0.0,1651.7441016318412,-0.021523363633359133,5157.274276192843,-0.0060296759758645905
2022-04-10,0.0,1651.7441016318412,-0.021523363633359133,5131.390927104833,0.00501880406235001
2022-04-11,-0.008577123490720595,1637.5768884970755,-0.029915878576260744,4912.286601564821,0.034121694169549285
2022-04-12,-0.0018489455662278331,1634.5490979697317,-0.03170951131143515,4931.549166684653,-0.005770248756008304
2022-04-13,0.003125883711132982,1639.6585083701223,-0.028682747845198673,4992.00095878817,-0.009132291166632122
2022-04-14,-0.0007450236074395544,1638.4369240732474,-0.02940640212836733,4888.968016528758,0.01989458425922704
2022-04-15,0.0,1638.4369240732474,-0.02940640212836733,4932.476482190251,-0.008899314848122838
2022-04-16,0.0,1638.4369240732474,-0.02940640212836733,4931.720980588436,0.00015316881987037512
2022-04-17,0.0,1638.4369240732474,-0.02940640212836733,4887.246369534185,0.009018071222866316
2022-04-18,-0.004101452185549359,1631.7169533701224,-0.03338724536163816,4937.700034825053,-0.014424988483081654
2022-04-19,0.005459839499460939,1640.6258660440726,-0.028109694863180903,5036.226322785067,-0.014494043333663463
2022-04-20,0.0,1640.6258660440726,-0.028109694863180903,4986.9038582151115,0.009793536153609613
2022-04-21,0.0,1640.6258660440726,-0.028109694863180903,4869.98545325465,0.02344508903412251
2022-04-22,0.0,1640.6258660440726,-0.028109694863180903,4763.970097915698,0.021769131829357084
2022-04-23,0.0,1640.6258660440726,-0.028109694863180903,4746.526710192401,0.003661523343928678
2022-04-24,0.0,1640.6258660440726,-0.028109694863180903,4737.487079070484,0.0019044728227288236
2022-04-25,0.0,1640.6258660440726,-0.028109694863180903,4807.023900823731,-0.01467799713068394
2022-04-26,-0.0010809712971283636,1638.8523965735526,-0.029160280386991134,4600.853842509785,0.041808363677598236
2022-04-27,-0.005446953953084921,1629.9256430335136,-0.03444839963554909,4634.768677536901,-0.01281837590823558
2022-04-28,0.0028870041599313723,1634.63124514533,-0.03166084814866859,4780.749403927945,-0.02860987012822057
2022-04-29,-0.00635005603302119,1624.25124514533,-0.0378098560218928,4608.187010363494,0.029745204141601415
2022-04-30,0.0,1624.25124514533,-0.0378098560218928,4527.738640558026,0.01745770508543695
2022-05-01,0.0,1624.25124514533,-0.0378098560218928,4588.4961883646165,-0.013418960905195298
2022-05-02,-0.0001709292877497548,1623.9736130368706,-0.0379743224978828,4621.542544138364,-0.007372930644435049
2022-05-03,0.0,1623.9736130368706,-0.0379743224978828,4593.592121108109,0.006047855832400906
2022-05-04,0.0,1623.9736130368706,-0.0379743224978828,4814.63784606405,-0.04812045108232607
2022-05-05,0.0,1623.9736130368706,-0.0379743224978828,4542.261927440804,0.0565724624222593
2022-05-06,0.0,1623.9736130368706,-0.0379743224978828,4509.794321588906,0.0071478937962062465
2022-05-07,0.0,1623.9736130368706,-0.0379743224978828,4469.037260163476,0.009037454597501486
2022-05-08,0.0,1623.9736130368706,-0.0379743224978828,4415.408142750297,0.012000149985596169
2022-05-09,0.0,1623.9736130368706,-0.0379743224978828,4106.883216355651,0.06987461100311117
2022-05-10,0.0,1623.9736130368706,-0.0379743224978828,4196.6014415963755,-0.021845818474560744
2022-05-11,0.0,1623.9736130368706,-0.0379743224978828,3923.1265764657865,0.06516579402083032
2022-05-12,0.0,1623.9736130368706,-0.0379743224978828,3807.938813402058,0.029361215045857002
2022-05-13,0.0,1623.9736130368706,-0.0379743224978828,3964.088042160508,-0.04100623366344069
2022-05-14,0.0,1623.9736130368706,-0.0379743224978828,4002.6400690410924,-0.009725320545497358
2022-05-15,0.0,1623.9736130368706,-0.0379743224978828,4101.7156887766,-0.02475256781188486
2022-05-16,0.0,1623.9736130368706,-0.0379743224978828,4007.689351626083,0.022923660313121808
2022-05-17,0.0,1623.9736130368706,-0.0379743224978828,4111.044089717303,-0.025789109140728295
2022-05-18,0.0,1623.9736130368706,-0.0379743224978828,3867.950771389043,0.05913177115669806
2022-05-19,0.0,1623.9736130368706,-0.0379743224978828,3910.878322411889,-0.011098267160062621
2022-05-20,0.0,1623.9736130368706,-0.0379743224978828,3866.345475128524,0.011386917109684137
2022-05-21,0.0,1623.9736130368706,-0.0379743224978828,3884.149563833346,-0.004604888212745584
2022-05-22,0.0,1623.9736130368706,-0.0379743224978828,3922.643201347874,-0.009910441624842647
2022-05-23,0.0,1623.9736130368706,-0.0379743224978828,3935.4187167921605,-0.0032568640043266982
2022-05-24,0.0,1623.9736130368706,-0.0379743224978828,3907.68243924569,0.007047859336573569
2022-05-25,0.0,1623.9736130368706,-0.0379743224978828,3904.215368009378,0.0008872448798530775
2022-05-26,0.0,1623.9736130368706,-0.0379743224978828,3882.878046576686,0.0054652009229632014
2022-05-27,0.0,1623.9736130368706,-0.0379743224978828,3901.2468780036643,-0.004730725819002594
2022-05-28,0.0,1623.9736130368706,-0.0379743224978828,3941.684990052657,-0.010365432722803073
2022-05-29,0.0,1623.9736130368706,-0.0379743224978828,3964.86037335712,-0.005879562512719439
2022-05-30,0.0,1623.9736130368706,-0.0379743224978828,4093.5897052296905,-0.03246755742966371
2022-05-31,0.0,1623.9736130368706,-0.0379743224978828,4095.492006762974,-0.00046470253988917243
2022-06-01,0.0,1623.9736130368706,-0.0379743224978828,3950.5962184532063,0.035379336126281954
2022-06-02,0.0,1623.9736130368706,-0.0379743224978828,4045.633348060157,-0.02405640170540176
2022-06-03,0.0,1623.9736130368706,-0.0379743224978828,3931.9883770720708,0.028090773733259307
2022-06-04,0.0,1623.9736130368706,-0.0379743224978828,3947.167740183743,-0.0038604801581267594
2022-06-05,0.0,1623.9736130368706,-0.0379743224978828,3946.951035591847,5.490128774869133e-05
2022-06-06,0.0,1623.9736130368706,-0.0379743224978828,4030.1769969838538,-0.021086139818181873
2022-06-07,0.0,1623.9736130368706,-0.0379743224978828,4032.941534993556,-0.0006859594533369447
2022-06-08,0.0,1623.9736130368706,-0.0379743224978828,4007.2842419621243,0.006361930320289874
2022-06-09,0.0,1623.9736130368706,-0.0379743224978828,3936.3651054268694,0.017697555814141713
2022-06-10,0.0,1623.9736130368706,-0.0379743224978828,3770.7539073048547,0.04207211315172335
2022-06-11,0.0,1623.9736130368706,-0.0379743224978828,3700.260219903728,0.018694852311778788
2022-06-12,0.0,1623.9736130368706,-0.0379743224978828,3604.589191186409,0.025855216398755796
2022-06-13,0.0,1623.9736130368706,-0.0379743224978828,3383.2581998501378,0.06140255646259175
2022-06-14,0.0,1623.9736130368706,-0.0379743224978828,3393.0741987496503,-0.0029013448929045226
2022-06-15,0.0,1623.9736130368706,-0.0379743224978828,3524.929196600449,-0.03886003963585216
2022-06-16,0.0,1623.9736130368706,-0.0379743224978828,3328.4794158362056,0.055731553687292656
2022-06-17,0.0,1623.9736130368706,-0.0379743224978828,3359.255353264486,-0.009246245382157089
2022-06-18,0.0,1623.9736130368706,-0.0379743224978828,3309.236455890072,0.014889876509627713
2022-06-19,0.0,1623.9736130368706,-0.0379743224978828,3400.466484342764,-0.027568301530799418
2022-06-20,0.0,1623.9736130368706,-0.0379743224978828,3407.9322683165233,-0.0021955175879942706
2022-06-21,0.0,1623.9736130368706,-0.0379743224978828,3476.317107542442,-0.020066372756786015
2022-06-22,0.0,1623.9736130368706,-0.0379743224978828,3425.939484739167,0.014491664955988274
2022-06-23,0.0,1623.9736130368706,-0.0379743224978828,3537.0235547983925,-0.032424411042299345
2022-06-24,0.0,1623.9736130368706,-0.0379743224978828,3687.646602642677,-0.04258468893709983
2022-06-25,0.0,1623.9736130368706,-0.0379743224978828,3696.295268083084,-0.0023453075558294233
2022-06-26,0.0,1623.9736130368706,-0.0379743224978828,3655.908412145313,0.010926306750032885
2022-06-27,0.0,1623.9736130368706,-0.0379743224978828,3627.13376186245,0.007870725149259957
2022-06-28,0.0,1623.9736130368706,-0.0379743224978828,3507.6297434538974,0.032947232237498215
2022-06-29,0.0,1623.9736130368706,-0.0379743224978828,3491.448800693397,0.004613070347774814
2022-06-30,0.0,1623.9736130368706,-0.0379743224978828,3451.163959168322,0.011538144714330218
2022-07-01,0.0,1623.9736130368706,-0.0379743224978828,3424.553608056959,0.007710543870473149
2022-07-02,0.0,1623.9736130368706,-0.0379743224978828,3434.3172856260894,-0.0028510803703466186
2022-07-03,0.0,1623.9736130368706,-0.0379743224978828,3441.208930057484,-0.0020066999808778796
2022-07-04,0.0,1623.9736130368706,-0.0379743224978828,3503.223098329056,-0.01802104130612503
2022-07-05,0.0,1623.9736130368706,-0.0379743224978828,3506.98949027303,-0.0010751219200884658
2022-07-06,0.0,1623.9736130368706,-0.0379743224978828,3560.252917745884,-0.015187792156373921
2022-07-07,0.0,1623.9736130368706,-0.0379743224978828,3645.558224601976,-0.02396046259266925
2022-07-08,0.0,1623.9736130368706,-0.0379743224978828,3630.916848609977,0.004016223329857205
2022-07-09,0.0,1623.9736130368706,-0.0379743224978828,3640.5503679702724,-0.0026531919517747285
2022-07-10,0.0,1623.9736130368706,-0.0379743224978828,3592.533177503289,0.013189541583998092
2022-07-11,0.0,1623.9736130368706,-0.0379743224978828,3488.3688773801273,0.028994666152409185
2022-07-12,0.0,1623.9736130368706,-0.0379743224978828,3433.201978306207,0.015814525645966623
2022-07-13,0.0,1623.9736130368706,-0.0379743224978828,3484.091969847019,-0.014822894738607591
2022-07-14,0.0,1623.9736130368706,-0.0379743224978828,3521.6578956047365,-0.010782128050243929
2022-07-15,0.0,1623.9736130368706,-0.0379743224978828,3589.007004120574,-0.019124262069831872
2022-07-16,0.0,1623.9736130368706,-0.0379743224978828,3651.8038555009393,-0.017496998837914498
2022-07-17,0.0,1623.9736130368706,-0.0379743224978828,3627.9266121299484,0.006538479150522481
2022-07-18,-0.005127456105889161,1615.6467596189018,-0.04290706693201319,3736.730422706419,-0.03511808772800787
2022-07-19,0.006100350775447794,1625.5027715817926,-0.037068464315596364,3834.435425199677,-0.020046839800449412
2022-07-20,-0.006020309053802242,1615.7167425290581,-0.04286560975806883,3810.8072061189746,0.00014180256383486238
2022-07-21,0.0012954225413273068,1617.80977841773,-0.04162571629386995,3849.087483479641,-0.00874976612610261
2022-07-22,-0.00045433906352476683,1617.0747442380425,-0.042061143168435226,3757.0789438785187,0.023449648568875082
2022-07-23,0.0,1617.0747442380425,-0.042061143168435226,3771.8850462336295,-0.003940854737490825
2022-07-24,0.0,1617.0747442380425,-0.042061143168435226,3784.474174351061,-0.0033376224256891946
2022-07-25,0.003489015155990316,1622.7167425290581,-0.0387188799784379,3680.572846291874,0.030943642476046765
2022-07-26,0.0009145399611318883,1624.2007818356988,-0.037839749980296544,3640.3089050135204,0.011854125444114343
2022-07-27,0.0013015453328846238,1626.3147527829644,-0.036587454797396377,3838.158734838619,-0.053048191183325585
2022-07-28,0.002961298487717423,1631.130756200933,-0.033734502684239956,3899.694887980099,-0.013071429023764073
2022-07-29,0.0003647933389177016,1631.7257818356989,-0.03338201546719324,3897.086119520198,0.0010337606645261176
2022-07-30,0.0,1631.7257818356989,-0.03338201546719324,3920.2671587800487,-0.005948300486288664
2022-07-31,0.0,1631.7257818356989,-0.03338201546719324,3893.679113212407,0.006782202459873991
2022-08-01,-0.002247966394727352,1628.057717112722,-0.035554940212962065,3877.4365251305862,0.0019235607418321976
2022-08-02,-0.0026098509852860996,1623.8087290756127,-0.038071998102501566,3832.942000555111,0.008865391558878267
2022-08-03,0.013054143082543934,1645.0061605636497,-0.02551485233062598,3879.7703599326296,0.000836802102498679
2022-08-04,-0.0034944781655903423,1639.2577224532984,-0.028920169401848727,3881.9369253765312,-0.00405290437201653
2022-08-05,-0.00024595106647129494,1638.8545452682397,-0.02915900752181309,3934.172558946302,-0.013702025849217632
2022-08-06,0.0,1638.8545452682397,-0.02915900752181309,3913.50237061369,0.0052540116181758615
2022-08-07,0.0,1638.8545452682397,-0.02915900752181309,3929.7974550046983,-0.004163811043878996
2022-08-08,-0.00018283923517570244,1638.5548983566187,-0.029336515346355004,3947.26894121302,-0.004628739159629025
2022-08-09,0.0003695528815870208,1639.1604310409448,-0.02897780385855,3883.176244194317,0.01660677866306789
2022-08-10,0.0077603103612498,1651.8808247177026,-0.02144237024882993,4013.9172161732627,-0.025908254688923903
2022-08-11,-0.003362524501150266,1646.326334971609,-0.024732794254655795,3999.210459647055,0.0003014166650875689
2022-08-12,0.010902285998387162,1664.275055522146,-0.014100152252772162,4079.3148308156165,-0.009127760426234068
2022-08-13,0.0,1664.275055522146,-0.014100152252772162,4098.410797424912,-0.0046811700987240785
2022-08-14,0.0,1664.275055522146,-0.014100152252772162,4083.420960556949,0.0036574754481375777
2022-08-15,0.00227503932488049,1668.0613467208764,-0.011857191328753618,4081.1181026447343,0.002838992425591654
2022-08-16,0.00034577614246922295,1668.6381225387474,-0.011515515120162629,4079.15908763779,0.0008257953327187669
2022-08-17,0.0021445127206414227,1672.216538218679,-0.009395697568181115,4017.9576340530216,0.01714796129175599
2022-08-18,-0.0005944486020369455,1671.2224914352319,-0.009984560910933506,3996.071772405125,0.0048525629499041045
2022-08-19,-0.00321803028246892,1665.8444468490502,-0.013170460574033843,3809.9259704990036,0.04336416656182985
2022-08-20,0.0,1665.8444468490502,-0.013170460574033843,3806.963247903992,0.0007776325886519182
2022-08-21,0.0,1665.8444468490502,-0.013170460574033843,3839.5575209242206,-0.008561751426986942
2022-08-22,-0.00838102937393892,1651.8829556075952,-0.021441107931033498,3777.1035126738775,0.007884909581263873
2022-08-23,-0.00471285765947016,1644.0978663677117,-0.026052916700763394,3772.418032630432,-0.003472362124274153
2022-08-24,0.00026042575037110716,1644.526031788244,-0.025799275800773527,3760.4411418131085,0.0034352835507862906
2022-08-25,0.0,1644.526031788244,-0.025799275800773527,3823.341471416187,-0.01672684858796935
2022-08-26,0.0,1644.526031788244,-0.025799275800773527,3628.575606559712,0.05094126860301929
2022-08-27,0.0,1644.526031788244,-0.025799275800773527,3628.855157931552,-7.704162794199091e-05
2022-08-28,0.0,1644.526031788244,-0.025799275800773527,3584.3417791099378,0.012266507447761255
2022-08-29,0.0,1644.526031788244,-0.025799275800773527,3627.591643889296,-0.012066333916989953
2022-08-30,0.0,1644.526031788244,-0.025799275800773527,3584.3360904487386,0.011924041536875185
2022-08-31,0.0,1644.526031788244,-0.025799275800773527,3575.0537782642305,0.0025896880064463818
2022-09-01,0.0,1644.526031788244,-0.025799275800773527,3594.8408423926558,-0.005534759854167144
2022-09-02,0.0,1644.526031788244,-0.025799275800773527,3545.578034959432,0.013703752013798476
2022-09-03,0.0,1644.526031788244,-0.025799275800773527,3552.955252828019,-0.002080681286900991
2022-09-04,0.0,1644.526031788244,-0.025799275800773527,3579.0788651812413,-0.007352643220718565
2022-09-05,0.0,1644.526031788244,-0.025799275800773527,3581.066097500781,-0.0005552356889569602
2022-09-06,0.0,1644.526031788244,-0.025799275800773527,3512.0292865883985,0.019278284464105053
2022-09-07,0.0,1644.526031788244,-0.025799275800773527,3594.977335823176,-0.02361826809119636
2022-09-08,0.0,1644.526031788244,-0.025799275800773527,3618.837236468807,-0.0066370100328234875
2022-09-09,0.0,1644.526031788244,-0.025799275800773527,3729.8438341058213,-0.03067465884299679
2022-09-10,0.0,1644.526031788244,-0.025799275800773527,3749.1195992926705,-0.005167981836287927
2022-09-11,0.0,1644.526031788244,-0.025799275800773527,3747.175382010854,0.0005185796905980903
2022-09-12,0.0,1644.526031788244,-0.025799275800773527,3787.012280317345,-0.010631180621472124
2022-09-13,0.0,1644.526031788244,-0.025799275800773527,3544.616754694404,0.06400706089144996
2022-09-14,0.0,1644.526031788244,-0.025799275800773527,3582.1162796646922,-0.010579288979725288
2022-09-15,0.0,1644.526031788244,-0.025799275800773527,3507.6420638551,0.020790563453334774
2022-09-16,0.0,1644.526031788244,-0.025799275800773527,3518.41337948649,-0.0030708137932271783
2022-09-17,0.0,1644.526031788244,-0.025799275800773527,3557.6559991222266,-0.01115349886529365
2022-09-18,0.0,1644.526031788244,-0.025799275800773527,3479.2016069688602,0.022052270419827942
2022-09-19,0.0,1644.526031788244,-0.025799275800773527,3532.366075373012,-0.015280651830483957
2022-09-20,0.0,1644.526031788244,-0.025799275800773527,3500.6050455702634,0.00899143212369186
2022-09-21,0.0,1644.526031788244,-0.025799275800773527,3422.720282272714,0.022248943335126104
2022-09-22,0.0,1644.526031788244,-0.025799275800773527,3520.891350114488,-0.028682176673983664
2022-09-23,0.00342747738214233,1650.1626075665424,-0.022460224852913997,3516.952368011494,0.004546223094890856
2022-09-24,-0.0032198749523715264,1644.8492903190988,-0.02560778068985699,3494.457023292844,0.0031763858907541
2022-09-25,0.0006496102557245198,1645.9178012872114,-0.024974805511094877,3481.261586991545,0.004425715159388566
2022-09-26,-0.003952761676334293,1639.411880479887,-0.028828847733330956,3468.2609387270954,-0.00021829704631946747
2022-09-27,-0.003832663036004158,1633.1285671647856,-0.032551019510257025,3428.7346626392814,0.007563906249327916
2022-09-28,-4.3649324694694513e-05,1633.0572822056893,-0.032593248004931984,3473.648458555933,-0.013142882813377188
2022-09-29,0.0,1633.0572822056893,-0.032593248004931984,3449.3780064779394,0.0069870202375293955
2022-09-30,0.0,1633.0572822056893,-0.032593248004931984,3403.4285716580234,0.013321078389675667
2022-10-01,0.0,1633.0572822056893,-0.032593248004931984,3389.124990148108,0.004202697723415816
2022-10-02,0.0,1633.0572822056893,-0.032593248004931984,3359.109901831351,0.008856294295432561
2022-10-03,0.0,1633.0572822056893,-0.032593248004931984,3444.4736126475723,-0.025412598370086678
2022-10-04,0.0,1633.0572822056893,-0.032593248004931984,3541.5745455951046,-0.02819035471515668
2022-10-05,0.0,1633.0572822056893,-0.032593248004931984,3535.4202109909306,0.0017377396762206102
2022-10-06,0.0,1633.0572822056893,-0.032593248004931984,3503.8771789894545,0.008922003642852776
2022-10-07,0.0,1633.0572822056893,-0.032593248004931984,3426.6326919648254,0.022045432267950343
2022-10-08,0.0,1633.0572822056893,-0.032593248004931984,3418.429429260625,0.002393971995725367
2022-10-09,0.0,1633.0572822056893,-0.032593248004931984,3429.8068036730683,-0.0033282460989413416
2022-10-10,0.0,1633.0572822056893,-0.032593248004931984,3364.5699442951923,0.019020563871997798
2022-10-11,0.0,1633.0572822056893,-0.032593248004931984,3320.778783653768,0.013015381272032745
2022-10-12,0.0,1633.0572822056893,-0.032593248004931984,3322.124581348363,-0.0004052656868379782
2022-10-13,0.0,1633.0572822056893,-0.032593248004931984,3376.1640598756844,-0.01626654184816537
2022-10-14,0.0,1633.0572822056893,-0.032593248004931984,3331.401356128203,0.013258450405141042
2022-10-15,0.0,1633.0572822056893,-0.032593248004931984,3318.9315801822386,0.0037431022602623025
2022-10-16,0.0,1633.0572822056893,-0.032593248004931984,3332.2797254034426,-0.004021819943775551
2022-10-17,0.0,1633.0572822056893,-0.032593248004931984,3422.6267537857825,-0.02711267835457649
2022-10-18,0.0,1633.0572822056893,-0.032593248004931984,3409.472676296541,0.003843269639230007
2022-10-19,0.0,1633.0572822056893,-0.032593248004931984,3369.537988691946,0.011712863365126957
2022-10-20,0.0,1633.0572822056893,-0.032593248004931984,3349.590620958097,0.005919911810103207
2022-10-21,0.0,1633.0572822056893,-0.032593248004931984,3413.4346510600044,-0.019060248647234827
2022-10-22,0.0,1633.0572822056893,-0.032593248004931984,3418.8991472889893,-0.0016008791108064265
2022-10-23,0.0,1633.0572822056893,-0.032593248004931984,3451.077577737359,-0.009411927366704036
2022-10-24,0.0,1633.0572822056893,-0.032593248004931984,3448.201122547723,0.0008334947925226969
2022-10-25,0.0,1633.0572822056893,-0.032593248004931984,3573.7363509959528,-0.03640600533053517
2022-10-26,0.0,1633.0572822056893,-0.032593248004931984,3562.8132876991763,0.0030564826903730783
2022-10-27,-0.00028511999982860914,1632.5916649136666,-0.03286907501789506,3461.6255496618232,0.02811595798725237
2022-10-28,0.005786132071004202,1642.0380559048776,-0.02727312775599618,3571.4893232255627,-0.025951492922684727
2022-10-29,0.0,1642.0380559048776,-0.02727312775599618,3596.952150690028,-0.007129470414171335
2022-10-30,0.0,1642.0380559048776,-0.02727312775599618,3576.7614825774704,0.00561327125485509
2022-10-31,-0.0020224729055974278,1638.71707842685,-0.02924044149965624,3537.2224825464336,0.00903194048585516
2022-11-01,-0.00630877369042504,1628.3787832364205,-0.03536474386205187,3520.151331911709,-0.0014826281146355091
2022-11-02,-0.0041720752522455,1621.5850644135983,-0.039389274741628476,3420.2770731757423,0.024200073930820288
2022-11-03,0.0005342182682863683,1622.4513447785885,-0.03887609894348357,3394.724628320449,0.008005088115555115
2022-11-04,0.0036007148870713657,1628.2933294892816,-0.03541536580462929,3531.7151338900617,-0.036753222639045284
2022-11-05,0.0,1628.2933294892816,-0.03541536580462929,3549.348294065853,-0.004992803639960826
2022-11-06,0.0,1628.2933294892816,-0.03541536580462929,3484.8999852017014,0.018157786591950567
2022-11-07,0.0011538595772000448,1630.1721513420039,-0.034302370586442914,3501.998763902767,-0.0037526739743147797
2022-11-08,0.00015066238319394465,1630.4177569633416,-0.03415687628015063,3369.392502546468,0.03801654135584016
2022-11-09,-0.003219833533258054,1625.1680831962517,-0.037266730357770485,3094.537141929029,0.07835432572830418
2022-11-10,0.010087441986358803,1641.561871953576,-0.027555214351916883,3410.027160849229,-0.09186319051551321
2022-11-11,0.0004114397142733761,1642.2372757011346,-0.027155111947163184,3380.317344211355,0.00912392651759708
2022-11-12,0.0,1642.2372757011346,-0.027155111947163184,3323.4771054435737,0.016815059942557477
2022-11-13,0.0,1642.2372757011346,-0.027155111947163184,3269.1940553855297,0.016333210169895026
2022-11-14,-0.002598466244409625,1637.969977574914,-0.02968301654981491,3308.7055471153317,-0.014684470030178209
2022-11-15,-0.001818045378321087,1634.9920738273554,-0.031447096857082926,3345.945608046828,-0.0130732206730715
2022-11-16,0.00033796953728026935,1635.5446513420038,-0.03111975548057621,3313.124226315513,0.010147268783622161
2022-11-17,-0.0010886927604678576,1633.7640457206658,-0.032174568388544884,3297.3634145700485,0.003668391691808163
2022-11-18,0.0024428309457233954,1637.7550550895623,-0.029810334474146386,3303.146718895016,0.0006889131641974724
2022-11-19,0.0,1637.7550550895623,-0.029810334474146386,3298.979570625851,0.0012615692319470461
2022-11-20,0.0,1637.7550550895623,-0.029810334474146386,3245.980203174894,0.016065382132967338
2022-11-21,-0.001498704120250327,1635.3005448405388,-0.031264361723294276,3199.8937131109383,0.012699315331278927
2022-11-22,0.005648681833815283,1644.5378373210078,-0.025792282321591174,3270.0225470923074,-0.01626730671731377
2022-11-23,0.004264943496932849,1651.5516982757501,-0.02163734145141681,3347.6382764914356,-0.019470589907307382
2022-11-24,0.0,1651.5516982757501,-0.02163734145141681,3365.110120222438,-0.005219155203743919
2022-11-25,0.0016448697153483849,1654.2682856475762,-0.020028062343742437,3351.648888641354,0.005645104804295335
2022-11-26,0.0,1654.2682856475762,-0.020028062343742437,3347.1588974642746,0.0013396364972164823
2022-11-27,0.0,1654.2682856475762,-0.020028062343742437,3343.0577524949567,0.0012252615113148271
2022-11-28,-0.0045231431219079354,1646.785793429559,-0.024460615673215173,3279.8002572359233,0.014398903681448597
2022-11-29,-0.0013511093241505012,1644.5608057891777,-0.02577867603145509,3286.692546977849,-0.0034525451438227827
2022-11-30,0.016181724563113287,1671.17263577575,-0.010014094903484446,3435.7117893235186,-0.029158458680583886
2022-12-01,0.002070852777060539,1674.633388269494,-0.007963979842664448,3411.151957860015,0.009219249665246372
2022-12-02,0.005864804934515355,1684.454786428521,-0.002145882096428782,3423.781490007695,0.002162380561839994
2022-12-03,0.0,1684.454786428521,-0.002145882096428782,3399.6005253862386,0.007062648329640468
2022-12-04,0.0,1684.454786428521,-0.002145882096428782,3419.88983576748,-0.005968145442304884
2022-12-05,-0.008536329706048007,1670.0757249966364,-0.010663893845391386,3386.8729402181225,0.001118044304495979
2022-12-06,-0.011113774424323042,1651.514880117486,-0.021659152159031837,3353.4380322812067,-0.0012418635120811754
2022-12-07,0.004145030257309168,1658.3604592659694,-0.017603899742769425,3316.0060916213497,0.015307288303984253
2022-12-08,0.0025738689882066623,1662.6288618233423,-0.015075340886182174,3369.3643999972496,-0.013517268030727614
2022-12-09,-0.0041577552039540056,1655.7160580208522,-0.019170416513115254,3345.155871064546,0.0030271396482393223
2022-12-10,0.0,1655.7160580208522,-0.019170416513115254,3344.7475893675028,0.00012205162114411471
2022-12-11,0.0,1655.7160580208522,-0.019170416513115254,3334.0396915674723,0.003201406836817526
2022-12-12,0.008271634494040114,1669.4115360787137,-0.011057352697570104,3372.7706814043945,-0.003345200762865182
2022-12-13,0.0024895926155696912,1673.567690711282,-0.008595288385624069,3432.805050512255,-0.015310126007121259
2022-12-14,-0.0003636997644643758,1672.9590145363552,-0.008955862045727049,3418.2386324544727,0.0038795991830270415
2022-12-15,-0.01559915381570165,1646.862269541238,-0.024415311991825166,3325.1990019715277,0.011619434611560328
2022-12-16,-0.004120602233971149,1640.0762051943236,-0.02843530843665967,3212.412185941587,0.029798214643776383
2022-12-17,0.0,1640.0762051943236,-0.02843530843665967,3227.876990916257,-0.004814078667223454
2022-12-18,0.0,1640.0762051943236,-0.02843530843665967,3220.566893694576,0.0022646765171822143
2022-12-19,0.0,1640.0762051943236,-0.02843530843665967,3163.412430318411,0.01774670896855628
2022-12-20,0.0,1640.0762051943236,-0.02843530843665967,3200.0133130589375,-0.011570063514241969
2022-12-21,0.0,1640.0762051943236,-0.02843530843665967,3220.5170131397604,-0.0064073796184376626
2022-12-22,0.0,1640.0762051943236,-0.02843530843665967,3181.3730243585383,0.012154566680292104
2022-12-23,0.0,1640.0762051943236,-0.02843530843665967,3193.8291994899023,-0.00391534568124916
2022-12-24,0.0,1640.0762051943236,-0.02843530843665967,3186.942327655826,0.0021563056143317255
2022-12-25,0.0,1640.0762051943236,-0.02843530843665967,3181.5554674802524,0.001690291075814739
2022-12-26,0.0,1640.0762051943236,-0.02843530843665967,3200.5339392334304,-0.005965155078125391
2022-12-27,0.0,1640.0762051943236,-0.02843530843665967,3164.716762842341,0.011191000336546415
2022-12-28,0.0,1640.0762051943236,-0.02843530843665967,3096.4419482960443,0.02157375198562055
2022-12-29,0.0,1640.0762051943236,-0.02843530843665967,3126.0778129048176,-0.009570941455912656
2022-12-30,0.0,1640.0762051943236,-0.02843530843665967,3132.6333558368806,-0.0020970504652831306
2022-12-31,0.0,1640.0762051943236,-0.02843530843665967,3128.8678241257358,0.0012020339705981413
