timestamp,AAPL.US,ADA-USDT,BTC-USDT,ETH-USDT,GOOGL.US,JNJ.US,JPM.US,META.US,MSFT.US,NVDA.US,PG.US,SOL-USDT,UNH.US,V.US,XRP-USDT
2018-01-01,0.0,0.0,0.0,0.0,0.0,0.0,0.0,0.0,0.0,0.0,0.0,0.0,0.0,0.0,0.0
2018-01-02,0.0,0.0,0.0,0.0,0.0,0.0,0.0,0.0,0.0,0.0,0.0,0.0,0.0,0.0,0.0
2018-01-03,0.0,0.0,0.0,0.0,0.0,0.0,0.0,0.0,0.0,0.0,0.0,0.0,0.0,0.0,0.0
2018-01-04,0.0,0.0,0.0,0.0,0.0,0.0,0.0,0.0,0.0,0.0,0.0,0.0,0.0,0.0,0.0
2018-01-05,0.0,0.0,0.0,0.0,0.0,0.0,0.0,0.0,0.0,0.0,0.0,0.0,0.0,0.0,0.0
2018-01-06,0.0,0.0,0.0,0.0,0.0,0.0,0.0,0.0,0.0,0.0,0.0,0.0,0.0,0.0,0.0
2018-01-07,0.0,0.0,0.0,0.0,0.0,0.0,0.0,0.0,0.0,0.0,0.0,0.0,0.0,0.0,0.0
2018-01-08,0.0,0.0,0.0,0.0,0.0,0.0,0.0,0.0,0.0,0.0,0.0,0.0,0.0,0.0,0.0
2018-01-09,0.0,0.0,0.0,0.0,0.0,0.0,0.0,0.0,0.0,0.0,0.0,0.0,0.0,0.0,0.0
2018-01-10,0.0,0.0,0.0,0.0,0.0,0.0,0.0,0.0,0.0,0.0,0.0,0.0,0.0,0.0,0.0
2018-01-11,0.0,0.0,0.0,0.0,0.0,0.0,0.0,0.0,0.0,0.0,0.0,0.0,0.0,0.0,0.0
2018-01-12,0.0,0.0,0.0,0.0,0.0,0.0,0.0,0.0,0.0,0.0,0.0,0.0,0.0,0.0,0.0
2018-01-13,0.0,0.0,0.0,0.0,0.0,0.0,0.0,0.0,0.0,0.0,0.0,0.0,0.0,0.0,0.0
2018-01-14,0.0,0.0,0.0,0.0,0.0,0.0,0.0,0.0,0.0,0.0,0.0,0.0,0.0,0.0,0.0
2018-01-15,0.0,0.0,0.0,0.0,0.0,0.0,0.0,0.0,0.0,0.0,0.0,0.0,0.0,0.0,0.0
2018-01-16,0.0,0.0,0.0,0.0,0.0,0.0,0.0,0.0,0.0,0.0,0.0,0.0,0.0,0.0,0.0
2018-01-17,0.0,0.0,0.0,0.0,0.0,0.0,0.0,0.0,0.0,0.0,0.0,0.0,0.0,0.0,0.0
2018-01-18,0.0,0.0,0.0,0.0,0.0,0.0,0.0,0.0,0.0,0.0,0.0,0.0,0.0,0.0,0.0
2018-01-19,0.0,0.0,0.0,0.0,0.0,0.0,0.0,0.0,0.0,0.0,0.0,0.0,0.0,0.0,0.0
2018-01-20,0.0,0.0,0.0,0.0,0.0,0.0,0.0,0.0,0.0,0.0,0.0,0.0,0.0,0.0,0.0
2018-01-21,0.0,0.0,0.0,0.0,0.0,0.0,0.0,0.0,0.0,0.0,0.0,0.0,0.0,0.0,0.0
2018-01-22,0.0,0.0,0.0,0.0,0.0,0.0,0.0,0.0,0.0,0.0,0.0,0.0,0.0,0.0,0.0
2018-01-23,0.0,0.0,0.0,0.0,0.0,0.0,0.0,0.0,0.0,0.0,0.0,0.0,0.0,0.0,0.0
2018-01-24,0.0,0.0,0.0,0.0,0.0,0.0,0.0,0.0,0.0,0.0,0.0,0.0,0.0,0.0,0.0
2018-01-25,0.0,0.0,0.0,0.0,0.0,0.0,0.0,0.0,0.0,0.0,0.0,0.0,0.0,0.0,0.0
2018-01-26,0.0,0.0,0.0,0.0,0.0,0.0,0.0,0.0,0.0,0.0,0.0,0.0,0.0,0.0,0.0
2018-01-27,0.0,0.0,0.0,0.0,0.0,0.0,0.0,0.0,0.0,0.0,0.0,0.0,0.0,0.0,0.0
2018-01-28,0.0,0.0,0.0,0.0,0.0,0.0,0.0,0.0,0.0,0.0,0.0,0.0,0.0,0.0,0.0
2018-01-29,0.0,0.0,0.0,0.0,0.0,0.0,0.0,0.0,0.0,0.0,0.0,0.0,0.0,0.0,0.0
2018-01-30,0.0,0.0,0.0,0.0,0.0,0.0,0.0,0.0,0.0,0.0,0.0,0.0,0.0,0.0,0.0
2018-01-31,0.0,0.0,0.0,0.0,0.0,0.0,0.0,0.0,0.0,0.0,0.0,0.0,0.0,0.0,0.0
2018-02-01,0.0,0.0,0.0,0.0,0.0,0.0,0.0,0.0,0.0,0.0,0.0,0.0,0.0,0.0,0.0
2018-02-02,0.0,0.0,0.0,0.0,0.0,0.0,0.0,0.0,0.0,0.0,0.0,0.0,0.0,0.0,0.0
2018-02-03,0.0,0.0,0.0,0.0,0.0,0.0,0.0,0.0,0.0,0.0,0.0,0.0,0.0,0.0,0.0
2018-02-04,0.0,0.0,0.0,0.0,0.0,0.0,0.0,0.0,0.0,0.0,0.0,0.0,0.0,0.0,0.0
2018-02-05,0.0,0.0,0.0,0.0,0.0,0.0,0.0,0.0,0.0,0.0,0.0,0.0,0.0,0.0,0.0
2018-02-06,0.0,0.0,0.0,0.0,0.0,0.0,0.0,0.0,0.0,0.0,0.0,0.0,0.0,0.0,0.0
2018-02-07,0.0,0.0,0.0,0.0,0.0,0.0,0.0,0.0,0.0,0.0,0.0,0.0,0.0,0.0,0.0
2018-02-08,0.0,0.0,0.0,0.0,0.0,0.0,0.0,0.0,0.0,0.0,0.0,0.0,0.0,0.0,0.0
2018-02-09,0.0,0.0,0.0,0.0,0.0,0.0,0.0,0.0,0.0,0.0,0.0,0.0,0.0,0.0,0.0
2018-02-10,0.0,0.0,0.0,0.0,0.0,0.0,0.0,0.0,0.0,0.0,0.0,0.0,0.0,0.0,0.0
2018-02-11,0.0,0.0,0.0,0.0,0.0,0.0,0.0,0.0,0.0,0.0,0.0,0.0,0.0,0.0,0.0
2018-02-12,0.0,0.0,0.0,0.0,0.0,0.0,0.0,0.0,0.0,0.0,0.0,0.0,0.0,0.0,0.0
2018-02-13,0.0,0.0,0.0,0.0,0.0,0.0,0.0,0.0,0.0,0.0,0.0,0.0,0.0,0.0,0.0
2018-02-14,0.0,0.0,0.0,0.0,0.0,0.0,0.0,0.0,0.0,0.0,0.0,0.0,0.0,0.0,0.0
2018-02-15,0.0,0.0,0.0,0.0,0.0,0.0,0.0,0.0,0.0,0.0,0.0,0.0,0.0,0.0,0.0
2018-02-16,0.0,0.0,0.0,0.0,0.0,0.0,0.0,0.0,0.0,0.0,0.0,0.0,0.0,0.0,0.0
2018-02-17,0.0,0.0,0.0,0.0,0.0,0.0,0.0,0.0,0.0,0.0,0.0,0.0,0.0,0.0,0.0
2018-02-18,0.0,0.0,0.0,0.0,0.0,0.0,0.0,0.0,0.0,0.0,0.0,0.0,0.0,0.0,0.0
2018-02-19,0.0,0.0,0.0,0.0,0.0,0.0,0.0,0.0,0.0,0.0,0.0,0.0,0.0,0.0,0.0
2018-02-20,0.0,0.0,0.0,0.0,0.0,0.0,0.0,0.0,0.0,0.0,0.0,0.0,0.0,0.0,0.0
2018-02-21,0.0,0.0,0.0,0.0,0.0,0.0,0.0,0.0,0.0,0.0,0.0,0.0,0.0,0.0,0.0
2018-02-22,0.0,0.0,0.0,0.0,0.0,0.0,0.0,0.0,0.0,0.0,0.0,0.0,0.0,0.0,0.0
2018-02-23,0.0,0.0,0.0,0.0,0.0,0.0,0.0,0.0,0.0,0.0,0.0,0.0,0.0,0.0,0.0
2018-02-24,0.0,0.0,0.0,0.0,0.0,0.0,0.0,0.0,0.0,0.0,0.0,0.0,0.0,0.0,0.0
2018-02-25,0.0,0.0,0.0,0.0,0.0,0.0,0.0,0.0,0.0,0.0,0.0,0.0,0.0,0.0,0.0
2018-02-26,0.0,0.0,0.0,0.0,0.0,0.0,0.0,0.0,0.0,0.0,0.0,0.0,0.0,0.0,0.0
2018-02-27,0.0,0.0,0.0,0.0,0.0,0.0,0.0,0.0,0.0,0.0,0.0,0.0,0.0,0.0,0.0
2018-02-28,0.0,0.0,0.0,0.0,0.0,0.0,0.0,0.0,0.0,0.0,0.0,0.0,0.0,0.0,0.0
2018-03-01,0.0,0.0,0.0,0.0,0.0,0.0,0.0,0.0,0.0,0.0,0.0,0.0,0.0,0.0,0.0
2018-03-02,0.0,0.0,0.0,0.0,0.0,0.0,0.0,0.0,0.0,0.0,0.0,0.0,0.0,0.0,0.0
2018-03-03,0.0,0.0,0.0,0.0,0.0,0.0,0.0,0.0,0.0,0.0,0.0,0.0,0.0,0.0,0.0
2018-03-04,0.0,0.0,0.0,0.0,0.0,0.0,0.0,0.0,0.0,0.0,0.0,0.0,0.0,0.0,0.0
2018-03-05,0.0,0.0,0.0,0.0,0.0,0.0,0.0,0.0,0.0,0.0,0.0,0.0,0.0,0.0,0.0
2018-03-06,0.0,0.0,0.0,0.0,0.0,0.0,0.0,0.0,0.0,0.0,0.0,0.0,0.0,0.0,0.0
2018-03-07,0.0,0.0,0.0,0.0,0.0,0.0,0.0,0.0,0.0,0.0,0.0,0.0,0.0,0.0,0.0
2018-03-08,0.0,0.0,0.0,0.0,0.0,0.0,0.0,0.0,0.0,0.0,0.0,0.0,0.0,0.0,0.0
2018-03-09,0.0,0.0,0.0,0.0,0.0,0.0,0.0,0.0,0.0,0.0,0.0,0.0,0.0,0.0,0.0
2018-03-10,0.0,0.0,0.0,0.0,0.0,0.0,0.0,0.0,0.0,0.0,0.0,0.0,0.0,0.0,0.0
2018-03-11,0.0,0.0,0.0,0.0,0.0,0.0,0.0,0.0,0.0,0.0,0.0,0.0,0.0,0.0,0.0
2018-03-12,0.0,0.0,0.0,0.0,0.0,0.0,0.0,0.0,0.0,0.0,0.0,0.0,0.0,0.0,0.0
2018-03-13,0.0,0.0,0.0,0.0,0.0,0.0,0.0,0.0,0.0,0.0,0.0,0.0,0.0,0.0,0.0
2018-03-14,0.0,0.0,0.0,0.0,0.0,0.0,0.0,0.0,0.0,0.0,0.0,0.0,0.0,0.0,0.0
2018-03-15,0.0,0.0,0.0,0.0,0.0,0.0,0.0,0.0,0.0,0.0,0.0,0.0,0.0,0.0,0.0
2018-03-16,0.0,0.0,0.0,0.0,0.0,0.0,0.0,0.0,0.0,0.0,0.0,0.0,0.0,0.0,0.0
2018-03-17,0.0,0.0,0.0,0.0,0.0,0.0,0.0,0.0,0.0,0.0,0.0,0.0,0.0,0.0,0.0
2018-03-18,0.0,0.0,0.0,0.0,0.0,0.0,0.0,0.0,0.0,0.0,0.0,0.0,0.0,0.0,0.0
2018-03-19,0.0,0.0,0.0,0.0,0.0,0.0,0.0,0.0,0.0,0.0,0.0,0.0,0.0,0.0,0.0
2018-03-20,0.0,0.0,0.0,0.0,0.0,0.0,0.0,0.0,0.0,0.0,0.0,0.0,0.0,0.0,0.0
2018-03-21,0.0,0.0,0.0,0.0,0.0,0.0,0.0,0.0,0.0,0.0,0.0,0.0,0.0,0.0,0.0
2018-03-22,0.0,0.0,0.0,0.0,0.0,0.0,0.0,0.0,0.0,0.0,0.0,0.0,0.0,0.0,0.0
2018-03-23,0.0,0.0,0.0,0.0,0.0,0.0,0.0,0.0,0.0,0.0,0.0,0.0,0.0,0.0,0.0
2018-03-24,0.0,0.0,0.0,0.0,0.0,0.0,0.0,0.0,0.0,0.0,0.0,0.0,0.0,0.0,0.0
2018-03-25,0.0,0.0,0.0,0.0,0.0,0.0,0.0,0.0,0.0,0.0,0.0,0.0,0.0,0.0,0.0
2018-03-26,0.0,0.0,0.0,0.0,0.0,0.0,0.0,0.0,0.0,0.0,0.0,0.0,0.0,0.0,0.0
2018-03-27,0.0,0.0,0.0,0.0,0.0,0.0,0.0,0.0,0.0,0.0,0.0,0.0,0.0,0.0,0.0
2018-03-28,0.0,0.0,0.0,0.0,0.0,0.0,0.0,0.0,0.0,0.0,0.0,0.0,0.0,0.0,0.0
2018-03-29,0.0,0.0,0.0,0.0,0.0,0.0,0.0,0.0,0.0,0.0,0.0,0.0,0.0,0.0,0.0
2018-03-30,0.0,0.0,0.0,0.0,0.0,0.0,0.0,0.0,0.0,0.0,0.0,0.0,0.0,0.0,0.0
2018-03-31,0.0,0.0,0.0,0.0,0.0,0.0,0.0,0.0,0.0,0.0,0.0,0.0,0.0,0.0,0.0
2018-04-01,0.0,0.0,0.0,0.0,0.0,0.0,0.0,0.0,0.0,0.0,0.0,0.0,0.0,0.0,0.0
2018-04-02,0.0,0.0,0.0,0.0,0.0,0.0,0.0,0.0,0.0,0.0,0.0,0.0,0.0,0.0,0.0
2018-04-03,0.0,0.0,0.0,0.0,0.0,0.0,0.0,0.0,0.0,0.0,0.0,0.0,0.0,0.0,0.0
2018-04-04,0.0,0.0,0.0,0.0,0.0,0.0,0.0,0.0,0.0,0.0,0.0,0.0,0.0,0.0,0.0
2018-04-05,0.0,0.0,0.0,0.0,0.0,0.0,0.0,0.0,0.0,0.0,0.0,0.0,0.0,0.0,0.0
2018-04-06,0.0,0.0,0.0,0.0,0.0,0.0,0.0,0.0,0.0,0.0,0.0,0.0,0.0,0.0,0.0
2018-04-07,0.0,0.0,0.0,0.0,0.0,0.0,0.0,0.0,0.0,0.0,0.0,0.0,0.0,0.0,0.0
2018-04-08,0.0,0.0,0.0,0.0,0.0,0.0,0.0,0.0,0.0,0.0,0.0,0.0,0.0,0.0,0.0
2018-04-09,0.0,0.0,0.0,0.0,0.0,0.0,0.0,0.0,0.0,0.0,0.0,0.0,0.0,0.0,0.0
2018-04-10,0.0,0.0,0.0,0.0,0.0,0.0,0.0,0.0,0.0,0.0,0.0,0.0,0.0,0.0,0.0
2018-04-11,0.0,0.0,0.0,0.0,0.0,0.0,0.0,0.0,0.0,0.0,0.0,0.0,0.0,0.0,0.0
2018-04-12,0.0,0.0,0.0,0.0,0.0,0.0,0.0,0.0,0.0,0.0,0.0,0.0,0.0,0.0,0.0
2018-04-13,0.0,0.0,0.0,0.0,0.0,0.0,0.0,0.0,0.0,0.0,0.0,0.0,0.0,0.0,0.0
2018-04-14,0.0,0.0,0.0,0.0,0.0,0.0,0.0,0.0,0.0,0.0,0.0,0.0,0.0,0.0,0.0
2018-04-15,0.0,0.0,0.0,0.0,0.0,0.0,0.0,0.0,0.0,0.0,0.0,0.0,0.0,0.0,0.0
2018-04-16,0.0,0.0,0.0,0.0,0.0,0.0,0.0,0.0,0.0,0.0,0.0,0.0,0.0,0.0,0.0
2018-04-17,0.0,0.0,0.0,0.0,0.0,0.0,0.0,0.0,0.0,0.0,0.0,0.0,0.0,0.0,0.0
2018-04-18,0.0,0.0,0.0,0.0,0.0,0.0,0.0,0.0,0.0,0.0,0.0,0.0,0.0,0.0,0.0
2018-04-19,0.0,0.0,0.0,0.0,0.0,0.0,0.0,0.0,0.0,0.0,0.0,0.0,0.0,0.0,0.0
2018-04-20,0.0,0.0,0.0,0.0,0.0,0.0,0.0,0.0,0.0,0.0,0.0,0.0,0.0,0.0,0.0
2018-04-21,0.0,0.0,0.0,0.0,0.0,0.0,0.0,0.0,0.0,0.0,0.0,0.0,0.0,0.0,0.0
2018-04-22,0.0,0.0,0.0,0.0,0.0,0.0,0.0,0.0,0.0,0.0,0.0,0.0,0.0,0.0,0.0
2018-04-23,0.0,0.0,0.0,0.0,0.0,0.0,0.0,0.0,0.0,0.0,0.0,0.0,0.0,0.0,0.0
2018-04-24,0.0,0.0,0.0,0.0,0.0,0.0,0.0,0.0,0.0,0.0,0.0,0.0,0.0,0.0,0.0
2018-04-25,0.0,0.0,0.0,0.0,0.0,0.0,0.0,0.0,0.0,0.0,0.0,0.0,0.0,0.0,0.0
2018-04-26,0.0,0.0,0.0,0.0,0.0,0.0,0.0,0.0,0.0,0.0,0.0,0.0,0.0,0.0,0.0
2018-04-27,0.0,0.0,0.0,0.0,0.0,0.0,0.0,0.0,0.0,0.0,0.0,0.0,0.0,0.0,0.0
2018-04-28,0.0,0.0,0.0,0.0,0.0,0.0,0.0,0.0,0.0,0.0,0.0,0.0,0.0,0.0,0.0
2018-04-29,0.0,0.0,0.0,0.0,0.0,0.0,0.0,0.0,0.0,0.0,0.0,0.0,0.0,0.0,0.0
2018-04-30,0.0,0.0,0.0,0.0,0.0,0.0,0.0,0.0,0.0,0.0,0.0,0.0,0.0,0.0,0.0
2018-05-01,0.0,0.0,0.0,0.0,0.0,0.0,0.0,0.0,0.0,0.0,0.0,0.0,0.0,0.0,0.0
2018-05-02,0.0,0.0,0.0,0.0,0.0,0.0,0.0,0.0,0.0,0.0,0.0,0.0,0.0,0.0,0.0
2018-05-03,0.0,0.0,0.0,0.0,0.0,0.0,0.0,0.0,0.0,0.0,0.0,0.0,0.0,0.0,0.0
2018-05-04,0.0,0.0,0.0,0.0,0.0,0.0,0.0,0.0,0.0,0.0,0.0,0.0,0.0,0.0,0.0
2018-05-05,0.0,0.0,0.0,0.0,0.0,0.0,0.0,0.0,0.0,0.0,0.0,0.0,0.0,0.0,0.0
2018-05-06,0.0,0.0,0.0,0.0,0.0,0.0,0.0,0.0,0.0,0.0,0.0,0.0,0.0,0.0,0.0
2018-05-07,0.0,0.0,0.0,0.0,0.0,0.0,0.0,0.0,0.0,0.0,0.0,0.0,0.0,0.0,0.0
2018-05-08,0.0,0.0,0.0,0.0,0.0,0.0,0.0,0.0,0.0,0.0,0.0,0.0,0.0,0.0,0.0
2018-05-09,0.0,0.0,0.0,0.0,0.0,0.0,0.0,0.0,0.0,0.0,0.0,0.0,0.0,0.0,0.0
2018-05-10,0.0,0.0,0.0,0.0,0.0,0.0,0.0,0.0,0.0,0.0,0.0,0.0,0.0,0.0,0.0
2018-05-11,0.0,0.0,0.0,0.0,0.0,0.0,0.0,0.0,0.0,0.0,0.0,0.0,0.0,0.0,0.0
2018-05-12,0.0,0.0,0.0,0.0,0.0,0.0,0.0,0.0,0.0,0.0,0.0,0.0,0.0,0.0,0.0
2018-05-13,0.0,0.0,0.0,0.0,0.0,0.0,0.0,0.0,0.0,0.0,0.0,0.0,0.0,0.0,0.0
2018-05-14,0.0,0.0,0.0,0.0,0.0,0.0,0.0,0.0,0.0,0.0,0.0,0.0,0.0,0.0,0.0
2018-05-15,0.0,0.0,0.0,0.0,0.0,0.0,0.0,0.0,0.0,0.0,0.0,0.0,0.0,0.0,0.0
2018-05-16,0.0,0.0,0.0,0.0,0.0,0.0,0.0,0.0,0.0,0.0,0.0,0.0,0.0,0.0,0.0
2018-05-17,0.0,0.0,0.0,0.0,0.0,0.0,0.0,0.0,0.0,0.0,0.0,0.0,0.0,0.0,0.0
2018-05-18,0.0,0.0,0.0,0.0,0.0,0.0,0.0,0.0,0.0,0.0,0.0,0.0,0.0,0.0,0.0
2018-05-19,0.0,0.0,0.0,0.0,0.0,0.0,0.0,0.0,0.0,0.0,0.0,0.0,0.0,0.0,0.0
2018-05-20,0.0,0.0,0.0,0.0,0.0,0.0,0.0,0.0,0.0,0.0,0.0,0.0,0.0,0.0,0.0
2018-05-21,0.0,0.0,0.0,0.0,0.0,0.0,0.0,0.0,0.0,0.0,0.0,0.0,0.0,0.0,0.0
2018-05-22,0.0,0.0,0.0,0.0,0.0,0.0,0.0,0.0,0.0,0.0,0.0,0.0,0.0,0.0,0.0
2018-05-23,0.0,0.0,0.0,0.0,0.0,0.0,0.0,0.0,0.0,0.0,0.0,0.0,0.0,0.0,0.0
2018-05-24,0.0,0.0,0.0,0.0,0.0,0.0,0.0,0.0,0.0,0.0,0.0,0.0,0.0,0.0,0.0
2018-05-25,0.0,0.0,0.0,0.0,0.0,0.0,0.0,0.0,0.0,0.0,0.0,0.0,0.0,0.0,0.0
2018-05-26,0.0,0.0,0.0,0.0,0.0,0.0,0.0,0.0,0.0,0.0,0.0,0.0,0.0,0.0,0.0
2018-05-27,0.0,0.0,0.0,0.0,0.0,0.0,0.0,0.0,0.0,0.0,0.0,0.0,0.0,0.0,0.0
2018-05-28,0.0,0.0,0.0,0.0,0.0,0.0,0.0,0.0,0.0,0.0,0.0,0.0,0.0,0.0,0.0
2018-05-29,0.0,0.0,0.0,0.0,0.0,0.0,0.0,0.0,0.0,0.0,0.0,0.0,0.0,0.0,0.0
2018-05-30,0.0,0.0,0.0,0.0,0.0,0.0,0.0,0.0,0.0,0.0,0.0,0.0,0.0,0.0,0.0
2018-05-31,0.0,0.0,0.0,0.0,0.0,0.0,0.0,0.0,0.0,0.0,0.0,0.0,0.0,0.0,0.0
2018-06-01,0.0,0.0,0.0,0.0,0.0,0.0,0.0,0.0,0.0,0.0,0.0,0.0,0.0,0.0,0.0
2018-06-02,0.0,0.0,0.0,0.0,0.0,0.0,0.0,0.0,0.0,0.0,0.0,0.0,0.0,0.0,0.0
2018-06-03,0.0,0.0,0.0,0.0,0.0,0.0,0.0,0.0,0.0,0.0,0.0,0.0,0.0,0.0,0.0
2018-06-04,0.0,0.0,0.0,0.0,0.0,0.0,0.0,0.0,0.0,0.0,0.0,0.0,0.0,0.0,0.0
2018-06-05,0.0,0.0,0.0,0.0,0.0,0.0,0.0,0.0,0.0,0.0,0.0,0.0,0.0,0.0,0.0
2018-06-06,0.0,0.0,0.0,0.0,0.0,0.0,0.0,0.0,0.0,0.0,0.0,0.0,0.0,0.0,0.0
2018-06-07,0.0,0.0,0.0,0.0,0.0,0.0,0.0,0.0,0.0,0.0,0.0,0.0,0.0,0.0,0.0
2018-06-08,0.0,0.0,0.0,0.0,0.0,0.0,0.0,0.0,0.0,0.0,0.0,0.0,0.0,0.0,0.0
2018-06-09,0.0,0.0,0.0,0.0,0.0,0.0,0.0,0.0,0.0,0.0,0.0,0.0,0.0,0.0,0.0
2018-06-10,0.0,0.0,0.0,0.0,0.0,0.0,0.0,0.0,0.0,0.0,0.0,0.0,0.0,0.0,0.0
2018-06-11,0.0,0.0,0.0,0.0,0.0,0.0,0.0,0.0,0.0,0.0,0.0,0.0,0.0,0.0,0.0
2018-06-12,0.0,0.0,0.0,0.0,0.0,0.0,0.0,0.0,0.0,0.0,0.0,0.0,0.0,0.0,0.0
2018-06-13,0.0,0.0,0.0,0.0,0.0,0.0,0.0,0.0,0.0,0.0,0.0,0.0,0.0,0.0,0.0
2018-06-14,0.0,0.0,0.0,0.0,0.0,0.0,0.0,0.0,0.0,0.0,0.0,0.0,0.0,0.0,0.0
2018-06-15,0.0,0.0,0.0,0.0,0.0,0.0,0.0,0.0,0.0,0.0,0.0,0.0,0.0,0.0,0.0
2018-06-16,0.0,0.0,0.0,0.0,0.0,0.0,0.0,0.0,0.0,0.0,0.0,0.0,0.0,0.0,0.0
2018-06-17,0.0,0.0,0.0,0.0,0.0,0.0,0.0,0.0,0.0,0.0,0.0,0.0,0.0,0.0,0.0
2018-06-18,0.0,0.0,0.0,0.0,0.0,0.0,0.0,0.0,0.0,0.0,0.0,0.0,0.0,0.0,0.0
2018-06-19,0.0,0.0,0.0,0.0,0.0,0.0,0.0,0.0,0.0,0.0,0.0,0.0,0.0,0.0,0.0
2018-06-20,0.0,0.0,0.0,0.0,0.0,0.0,0.0,0.0,0.0,0.0,0.0,0.0,0.0,0.0,0.0
2018-06-21,0.0,0.0,0.0,0.0,0.0,0.0,0.0,0.0,0.0,0.0,0.0,0.0,0.0,0.0,0.0
2018-06-22,0.0,0.0,0.0,0.0,0.0,0.0,0.0,0.0,0.0,0.0,0.0,0.0,0.0,0.0,0.0
2018-06-23,0.0,0.0,0.0,0.0,0.0,0.0,0.0,0.0,0.0,0.0,0.0,0.0,0.0,0.0,0.0
2018-06-24,0.0,0.0,0.0,0.0,0.0,0.0,0.0,0.0,0.0,0.0,0.0,0.0,0.0,0.0,0.0
2018-06-25,0.0,0.0,0.0,0.0,0.0,0.0,0.0,0.0,0.0,0.0,0.0,0.0,0.0,0.0,0.0
2018-06-26,0.0,0.0,0.0,0.0,0.0,0.0,0.0,0.0,0.0,0.0,0.0,0.0,0.0,0.0,0.0
2018-06-27,0.0,0.0,0.0,0.0,0.0,0.0,0.0,0.0,0.0,0.0,0.0,0.0,0.0,0.0,0.0
2018-06-28,0.0,0.0,0.0,0.0,0.0,0.0,0.0,0.0,0.0,0.0,0.0,0.0,0.0,0.0,0.0
2018-06-29,0.0,0.0,0.0,0.0,0.0,0.0,0.0,0.0,0.0,0.0,0.0,0.0,0.0,0.0,0.0
2018-06-30,0.0,0.0,0.0,0.0,0.0,0.0,0.0,0.0,0.0,0.0,0.0,0.0,0.0,0.0,0.0
2018-07-01,0.0,0.0,0.0,0.0,0.0,0.0,0.0,0.0,0.0,0.0,0.0,0.0,0.0,0.0,0.0
2018-07-02,0.0,0.0,0.0,0.0,0.0,0.0,0.0,0.0,0.0,0.0,0.0,0.0,0.0,0.0,0.0
2018-07-03,0.0,0.0,0.0,0.0,0.0,0.0,0.0,0.0,0.0,0.0,0.0,0.0,0.0,0.0,0.0
2018-07-04,0.0,0.0,0.0,0.0,0.0,0.0,0.0,0.0,0.0,0.0,0.0,0.0,0.0,0.0,0.0
2018-07-05,0.0,0.0,0.0,0.0,0.0,0.0,0.0,0.0,0.0,0.0,0.0,0.0,0.0,0.0,0.0
2018-07-06,0.0,0.0,0.0,0.0,0.0,0.0,0.0,0.0,0.0,0.0,0.0,0.0,0.0,0.0,0.0
2018-07-07,0.0,0.0,0.0,0.0,0.0,0.0,0.0,0.0,0.0,0.0,0.0,0.0,0.0,0.0,0.0
2018-07-08,0.0,0.0,0.0,0.0,0.0,0.0,0.0,0.0,0.0,0.0,0.0,0.0,0.0,0.0,0.0
2018-07-09,0.0,0.0,0.0,0.0,0.0,0.0,0.0,0.0,0.0,0.0,0.0,0.0,0.0,0.0,0.0
2018-07-10,0.0,0.0,0.0,0.0,0.0,0.0,0.0,0.0,0.0,0.0,0.0,0.0,0.0,0.0,0.0
2018-07-11,0.0,0.0,0.0,0.0,0.0,0.0,0.0,0.0,0.0,0.0,0.0,0.0,0.0,0.0,0.0
2018-07-12,0.0,0.0,0.0,0.0,0.0,0.0,0.0,0.0,0.0,0.0,0.0,0.0,0.0,0.0,0.0
2018-07-13,0.0,0.0,0.0,0.0,0.0,0.0,0.0,0.0,0.0,0.0,0.0,0.0,0.0,0.0,0.0
2018-07-14,0.0,0.0,0.0,0.0,0.0,0.0,0.0,0.0,0.0,0.0,0.0,0.0,0.0,0.0,0.0
2018-07-15,0.0,0.0,0.0,0.0,0.0,0.0,0.0,0.0,0.0,0.0,0.0,0.0,0.0,0.0,0.0
2018-07-16,0.0,0.0,0.0,0.0,0.0,0.0,0.0,0.0,0.0,0.0,0.0,0.0,0.0,0.0,0.0
2018-07-17,0.0,0.0,0.0,0.0,0.0,0.0,0.0,0.0,0.0,0.0,0.0,0.0,0.0,0.0,0.0
2018-07-18,0.0,0.0,0.0,0.0,0.0,0.0,0.0,0.0,0.0,0.0,0.0,0.0,0.0,0.0,0.0
2018-07-19,0.0,0.0,0.0,0.0,0.0,0.0,0.0,0.0,0.0,0.0,0.0,0.0,0.0,0.0,0.0
2018-07-20,0.0,0.0,0.0,0.0,0.0,0.0,0.0,0.0,0.0,0.0,0.0,0.0,0.0,0.0,0.0
2018-07-21,0.0,0.0,0.0,0.0,0.0,0.0,0.0,0.0,0.0,0.0,0.0,0.0,0.0,0.0,0.0
2018-07-22,0.0,0.0,0.0,0.0,0.0,0.0,0.0,0.0,0.0,0.0,0.0,0.0,0.0,0.0,0.0
2018-07-23,0.0,0.0,0.0,0.0,0.0,0.0,0.0,0.0,0.0,0.0,0.0,0.0,0.0,0.0,0.0
2018-07-24,0.0,0.0,0.0,0.0,0.0,0.0,0.0,0.0,0.0,0.0,0.0,0.0,0.0,0.0,0.0
2018-07-25,0.0,0.0,0.0,0.0,0.0,0.0,0.0,0.0,0.0,0.0,0.0,0.0,0.0,0.0,0.0
2018-07-26,0.0,0.0,0.0,0.0,0.0,0.0,0.0,0.0,0.0,0.0,0.0,0.0,0.0,0.0,0.0
2018-07-27,0.0,0.0,0.0,0.0,0.0,0.0,0.0,0.0,0.0,0.0,0.0,0.0,0.0,0.0,0.0
2018-07-28,0.0,0.0,0.0,0.0,0.0,0.0,0.0,0.0,0.0,0.0,0.0,0.0,0.0,0.0,0.0
2018-07-29,0.0,0.0,0.0,0.0,0.0,0.0,0.0,0.0,0.0,0.0,0.0,0.0,0.0,0.0,0.0
2018-07-30,0.0,0.0,0.0,0.0,0.0,0.0,0.0,0.0,0.0,0.0,0.0,0.0,0.0,0.0,0.0
2018-07-31,0.0,0.0,0.0,0.0,0.0,0.0,0.0,0.0,0.0,0.0,0.0,0.0,0.0,0.0,0.0
2018-08-01,0.0,0.0,0.0,0.0,0.0,0.0,0.0,0.0,0.0,0.0,0.0,0.0,0.0,0.0,0.0
2018-08-02,0.0,0.0,0.0,0.0,0.0,0.0,0.0,0.0,0.0,0.0,0.0,0.0,0.0,0.0,0.0
2018-08-03,0.0,0.0,0.0,0.0,0.0,0.0,0.0,0.0,0.0,0.0,0.0,0.0,0.0,0.0,0.0
2018-08-04,0.0,0.0,0.0,0.0,0.0,0.0,0.0,0.0,0.0,0.0,0.0,0.0,0.0,0.0,0.0
2018-08-05,0.0,0.0,0.0,0.0,0.0,0.0,0.0,0.0,0.0,0.0,0.0,0.0,0.0,0.0,0.0
2018-08-06,0.0,0.0,0.0,0.0,0.0,0.0,0.0,0.0,0.0,0.0,0.0,0.0,0.0,0.0,0.0
2018-08-07,0.0,0.0,0.0,0.0,0.0,0.0,0.0,0.0,0.0,0.0,0.0,0.0,0.0,0.0,0.0
2018-08-08,0.0,0.0,0.0,0.0,0.0,0.0,0.0,0.0,0.0,0.0,0.0,0.0,0.0,0.0,0.0
2018-08-09,0.0,0.0,0.0,0.0,0.0,0.0,0.0,0.0,0.0,0.0,0.0,0.0,0.0,0.0,0.0
2018-08-10,0.0,0.0,0.0,0.0,0.0,0.0,0.0,0.0,0.0,0.0,0.0,0.0,0.0,0.0,0.0
2018-08-11,0.0,0.0,0.0,0.0,0.0,0.0,0.0,0.0,0.0,0.0,0.0,0.0,0.0,0.0,0.0
2018-08-12,0.0,0.0,0.0,0.0,0.0,0.0,0.0,0.0,0.0,0.0,0.0,0.0,0.0,0.0,0.0
2018-08-13,0.0,0.0,0.0,0.0,0.0,0.0,0.0,0.0,0.0,0.0,0.0,0.0,0.0,0.0,0.0
2018-08-14,0.0,0.0,0.0,0.0,0.0,0.0,0.0,0.0,0.0,0.0,0.0,0.0,0.0,0.0,0.0
2018-08-15,0.0,0.0,0.0,0.0,0.0,0.0,0.0,0.0,0.0,0.0,0.0,0.0,0.0,0.0,0.0
2018-08-16,0.0,0.0,0.0,0.0,0.0,0.0,0.0,0.0,0.0,0.0,0.0,0.0,0.0,0.0,0.0
2018-08-17,0.0,0.0,0.0,0.0,0.0,0.0,0.0,0.0,0.0,0.0,0.0,0.0,0.0,0.0,0.0
2018-08-18,0.0,0.0,0.0,0.0,0.0,0.0,0.0,0.0,0.0,0.0,0.0,0.0,0.0,0.0,0.0
2018-08-19,0.0,0.0,0.0,0.0,0.0,0.0,0.0,0.0,0.0,0.0,0.0,0.0,0.0,0.0,0.0
2018-08-20,0.0,0.0,0.0,0.0,0.0,0.0,0.0,0.0,0.0,0.0,0.0,0.0,0.0,0.0,0.0
2018-08-21,0.0,0.0,0.0,0.0,0.0,0.0,0.0,0.0,0.0,0.0,0.0,0.0,0.0,0.0,0.0
2018-08-22,0.0,0.0,0.0,0.0,0.0,0.0,0.0,0.0,0.0,0.0,0.0,0.0,0.0,0.0,0.0
2018-08-23,0.0,0.0,0.0,0.0,0.0,0.0,0.0,0.0,0.0,0.0,0.0,0.0,0.0,0.0,0.0
2018-08-24,0.0,0.0,0.0,0.0,0.0,0.0,0.0,0.0,0.0,0.0,0.0,0.0,0.0,0.0,0.0
2018-08-25,0.0,0.0,0.0,0.0,0.0,0.0,0.0,0.0,0.0,0.0,0.0,0.0,0.0,0.0,0.0
2018-08-26,0.0,0.0,0.0,0.0,0.0,0.0,0.0,0.0,0.0,0.0,0.0,0.0,0.0,0.0,0.0
2018-08-27,0.0,0.0,0.0,0.0,0.0,0.0,0.0,0.0,0.0,0.0,0.0,0.0,0.0,0.0,0.0
2018-08-28,0.0,0.0,0.0,0.0,0.0,0.0,0.0,0.0,0.0,0.0,0.0,0.0,0.0,0.0,0.0
2018-08-29,0.0,0.0,0.0,0.0,0.0,0.0,0.0,0.0,0.0,0.0,0.0,0.0,0.0,0.0,0.0
2018-08-30,0.0,0.0,0.0,0.0,0.0,0.0,0.0,0.0,0.0,0.0,0.0,0.0,0.0,0.0,0.0
2018-08-31,0.0,0.0,0.0,0.0,0.0,0.0,0.0,0.0,0.0,0.0,0.0,0.0,0.0,0.0,0.0
2018-09-01,0.0,0.0,0.0,0.0,0.0,0.0,0.0,0.0,0.0,0.0,0.0,0.0,0.0,0.0,0.0
2018-09-02,0.0,0.0,0.0,0.0,0.0,0.0,0.0,0.0,0.0,0.0,0.0,0.0,0.0,0.0,0.0
2018-09-03,0.0,0.0,0.0,0.0,0.0,0.0,0.0,0.0,0.0,0.0,0.0,0.0,0.0,0.0,0.0
2018-09-04,0.0,0.0,0.0,0.0,0.0,0.0,0.0,0.0,0.0,0.0,0.0,0.0,0.0,0.0,0.0
2018-09-05,0.0,0.0,0.0,0.0,0.0,0.0,0.0,0.0,0.0,0.0,0.0,0.0,0.0,0.0,0.0
2018-09-06,0.0,0.0,0.0,0.0,0.0,0.0,0.0,0.0,0.0,0.0,0.0,0.0,0.0,0.0,0.0
2018-09-07,0.0,0.0,0.0,0.0,0.0,0.0,0.0,0.0,0.0,0.0,0.0,0.0,0.0,0.0,0.0
2018-09-08,0.0,0.0,0.0,0.0,0.0,0.0,0.0,0.0,0.0,0.0,0.0,0.0,0.0,0.0,0.0
2018-09-09,0.0,0.0,0.0,0.0,0.0,0.0,0.0,0.0,0.0,0.0,0.0,0.0,0.0,0.0,0.0
2018-09-10,0.0,0.0,0.0,0.0,0.0,0.0,0.0,0.0,0.0,0.0,0.0,0.0,0.0,0.0,0.0
2018-09-11,0.0,0.0,0.0,0.0,0.0,0.0,0.0,0.0,0.0,0.0,0.0,0.0,0.0,0.0,0.0
2018-09-12,0.0,0.0,0.0,0.0,0.0,0.0,0.0,0.0,0.0,0.0,0.0,0.0,0.0,0.0,0.0
2018-09-13,0.0,0.0,0.0,0.0,0.0,0.0,0.0,0.0,0.0,0.0,0.0,0.0,0.0,0.0,0.0
2018-09-14,0.0,0.0,0.0,0.0,0.0,0.0,0.0,0.0,0.0,0.0,0.0,0.0,0.0,0.0,0.0
2018-09-15,0.0,0.0,0.0,0.0,0.0,0.0,0.0,0.0,0.0,0.0,0.0,0.0,0.0,0.0,0.0
2018-09-16,0.0,0.0,0.0,0.0,0.0,0.0,0.0,0.0,0.0,0.0,0.0,0.0,0.0,0.0,0.0
2018-09-17,0.0,0.0,0.0,0.0,0.0,0.0,0.0,0.0,0.0,0.0,0.0,0.0,0.0,0.0,0.0
2018-09-18,0.0,0.0,0.0,0.0,0.0,0.0,0.0,0.0,0.0,0.0,0.0,0.0,0.0,0.0,0.0
2018-09-19,0.0,0.0,0.0,0.0,0.0,0.0,0.0,0.0,0.0,0.0,0.0,0.0,0.0,0.0,0.0
2018-09-20,0.0,0.0,0.0,0.0,0.0,0.0,0.0,0.0,0.0,0.0,0.0,0.0,0.0,0.0,0.0
2018-09-21,0.0,0.0,0.0,0.0,0.0,0.0,0.0,0.0,0.0,0.0,0.0,0.0,0.0,0.0,0.0
2018-09-22,0.0,0.0,0.0,0.0,0.0,0.0,0.0,0.0,0.0,0.0,0.0,0.0,0.0,0.0,0.0
2018-09-23,0.0,0.0,0.0,0.0,0.0,0.0,0.0,0.0,0.0,0.0,0.0,0.0,0.0,0.0,0.0
2018-09-24,0.0,0.0,0.0,0.0,0.0,0.0,0.0,0.0,0.0,0.0,0.0,0.0,0.0,0.0,0.0
2018-09-25,0.0,0.0,0.0,0.0,0.0,0.0,0.0,0.0,0.0,0.0,0.0,0.0,0.0,0.0,0.0
2018-09-26,0.0,0.0,0.0,0.0,0.0,0.0,0.0,0.0,0.0,0.0,0.0,0.0,0.0,0.0,0.0
2018-09-27,0.0,0.0,0.0,0.0,0.0,0.0,0.0,0.0,0.0,0.0,0.0,0.0,0.0,0.0,0.0
2018-09-28,0.0,0.0,0.0,0.0,0.0,0.0,0.0,0.0,0.0,0.0,0.0,0.0,0.0,0.0,0.0
2018-09-29,0.0,0.0,0.0,0.0,0.0,0.0,0.0,0.0,0.0,0.0,0.0,0.0,0.0,0.0,0.0
2018-09-30,0.0,0.0,0.0,0.0,0.0,0.0,0.0,0.0,0.0,0.0,0.0,0.0,0.0,0.0,0.0
2018-10-01,0.0,0.0,0.0,0.0,0.0,0.0,0.0,0.0,0.0,0.0,0.0,0.0,0.0,0.0,0.0
2018-10-02,0.0,0.0,0.0,0.0,0.0,0.0,0.0,0.0,0.0,0.0,0.0,0.0,0.0,0.0,0.0
2018-10-03,0.0,0.0,0.0,0.0,0.0,0.0,0.0,0.0,0.0,0.0,0.0,0.0,0.0,0.0,0.0
2018-10-04,0.0,0.0,0.0,0.0,0.0,0.0,0.0,0.0,0.0,0.0,0.0,0.0,0.0,0.0,0.0
2018-10-05,0.0,0.0,0.0,0.0,0.0,0.0,0.0,0.0,0.0,0.0,0.0,0.0,0.0,0.0,0.0
2018-10-06,0.0,0.0,0.0,0.0,0.0,0.0,0.0,0.0,0.0,0.0,0.0,0.0,0.0,0.0,0.0
2018-10-07,0.0,0.0,0.0,0.0,0.0,0.0,0.0,0.0,0.0,0.0,0.0,0.0,0.0,0.0,0.0
2018-10-08,0.0,0.0,0.0,0.0,0.0,0.0,0.0,0.0,0.0,0.0,0.0,0.0,0.0,0.0,0.0
2018-10-09,0.0,0.0,0.0,0.0,0.0,0.0,0.0,0.0,0.0,0.0,0.0,0.0,0.0,0.0,0.0
2018-10-10,0.0,0.0,0.0,0.0,0.0,0.0,0.0,0.0,0.0,0.0,0.0,0.0,0.0,0.0,0.0
2018-10-11,0.0,0.0,0.0,0.0,0.0,0.0,0.0,0.0,0.0,0.0,0.0,0.0,0.0,0.0,0.0
2018-10-12,0.0,0.0,0.0,0.0,0.0,0.0,0.0,0.0,0.0,0.0,0.0,0.0,0.0,0.0,0.0
2018-10-13,0.0,0.0,0.0,0.0,0.0,0.0,0.0,0.0,0.0,0.0,0.0,0.0,0.0,0.0,0.0
2018-10-14,0.0,0.0,0.0,0.0,0.0,0.0,0.0,0.0,0.0,0.0,0.0,0.0,0.0,0.0,0.0
2018-10-15,0.0,0.0,0.0,0.0,0.0,0.0,0.0,0.0,0.0,0.0,0.0,0.0,0.0,0.0,0.0
2018-10-16,0.0,0.0,0.0,0.0,0.0,0.0,0.0,0.0,0.0,0.0,0.0,0.0,0.0,0.0,0.0
2018-10-17,0.0,0.0,0.0,0.0,0.0,0.0,0.0,0.0,0.0,0.0,0.0,0.0,0.4279133855674153,0.0,0.0
2018-10-18,0.0,0.0,0.0,0.0,0.0,0.0,0.0,0.0,0.0,0.0,0.0,0.0,0.0,0.0,0.0
2018-10-19,0.0,0.0,0.0,0.0,0.0,0.0,0.0,0.0,0.0,0.0,0.0,0.0,0.0,0.0,0.0
2018-10-20,0.0,0.0,0.0,0.0,0.0,0.0,0.0,0.0,0.0,0.0,0.0,0.0,0.0,0.0,0.0
2018-10-21,0.0,0.0,0.0,0.0,0.0,0.0,0.0,0.0,0.0,0.0,0.0,0.0,0.0,0.0,0.0
2018-10-22,0.0,0.0,0.0,0.0,0.0,0.0,0.0,0.0,0.0,0.0,0.3635227624535998,0.0,0.0,0.0,0.0
2018-10-23,0.0,0.0,0.0,0.0,0.0,0.0,0.0,0.0,0.0,0.0,0.3635227624535998,0.0,0.0,0.0,0.0
2018-10-24,0.0,0.0,0.0,0.0,0.0,0.0,0.0,0.0,0.0,0.0,0.3635227624535998,0.0,0.0,0.0,0.0
2018-10-25,0.0,0.0,0.0,0.0,0.0,0.0,0.0,0.0,0.0,0.0,0.3635227624535998,0.0,0.0,0.0,0.0
2018-10-26,0.0,0.0,0.0,0.0,0.0,0.0,0.0,0.0,0.0,0.0,0.3635227624535998,0.0,0.0,0.0,0.0
2018-10-27,0.0,0.0,0.0,0.0,0.0,0.0,0.0,0.0,0.0,0.0,0.3635227624535998,0.0,0.0,0.0,0.0
2018-10-28,0.0,0.0,0.0,0.0,0.0,0.0,0.0,0.0,0.0,0.0,0.3635227624535998,0.0,0.0,0.0,0.0
2018-10-29,0.0,0.0,0.0,0.0,0.0,0.0,0.0,0.0,0.0,0.0,0.3635227624535998,0.0,0.0,0.0,0.0
2018-10-30,0.0,0.0,0.0,0.0,0.0,0.0,0.0,0.0,0.0,0.0,0.3635227624535998,0.0,0.0,0.0,0.0
2018-10-31,0.0,0.0,0.0,0.0,0.0,0.0,0.0,0.0,0.0,0.0,0.3635227624535998,0.0,0.0,0.0,0.0
2018-11-01,0.0,0.0,0.0,0.0,0.0,0.0,0.0,0.0,0.0,0.0,0.3635227624535998,0.0,0.0,0.0,0.0
2018-11-02,0.0,0.0,0.0,0.0,0.0,0.0,0.0,0.0,0.0,0.0,0.3635227624535998,0.0,0.0,0.0,0.0
2018-11-03,0.0,0.0,0.0,0.0,0.0,0.0,0.0,0.0,0.0,0.0,0.3635227624535998,0.0,0.0,0.0,0.0
2018-11-04,0.0,0.0,0.0,0.0,0.0,0.0,0.0,0.0,0.0,0.0,0.3635227624535998,0.0,0.0,0.0,0.0
2018-11-05,0.0,0.0,0.0,0.0,0.0,0.0,0.0,0.0,0.0,0.0,0.3635227624535998,0.0,0.0,0.0,0.0
2018-11-06,0.0,0.0,0.0,0.0,0.0,0.0,0.0,0.0,0.0,0.0,0.3635227624535998,0.0,0.0,0.0,0.0
2018-11-07,0.0,0.0,0.0,0.0,0.0,0.0,0.0,0.0,0.0,0.0,0.3635227624535998,0.0,0.0,0.0,0.0
2018-11-08,0.0,0.0,0.0,0.0,0.0,0.3412305663557725,0.0,0.0,0.0,0.0,0.3635227624535998,0.0,0.2673383787493184,0.0,0.0
2018-11-09,0.0,0.0,0.0,0.0,0.0,0.3412305663557725,0.0,0.0,0.0,0.0,0.3635227624535998,0.0,0.2673383787493184,0.0,0.0
2018-11-10,0.0,0.0,0.0,0.0,0.0,0.3412305663557725,0.0,0.0,0.0,0.0,0.3635227624535998,0.0,0.2673383787493184,0.0,0.0
2018-11-11,0.0,0.0,0.0,0.0,0.0,0.3412305663557725,0.0,0.0,0.0,0.0,0.3635227624535998,0.0,0.2673383787493184,0.0,0.0
2018-11-12,0.0,0.0,0.0,0.0,0.0,0.3412305663557725,0.0,0.0,0.0,0.0,0.3635227624535998,0.0,0.2673383787493184,0.0,0.0
2018-11-13,0.0,0.0,0.0,0.0,0.0,0.3412305663557725,0.0,0.0,0.0,0.0,0.3635227624535998,0.0,0.2673383787493184,0.0,0.0
2018-11-14,0.0,0.0,0.0,0.0,0.0,0.3412305663557725,0.0,0.0,0.0,0.0,0.3635227624535998,0.0,0.2673383787493184,0.0,0.0
2018-11-15,0.0,0.0,0.0,0.0,0.0,0.3412305663557725,0.0,0.0,0.0,0.0,0.3635227624535998,0.0,0.0,0.0,0.0
2018-11-16,0.0,0.0,0.0,0.0,0.0,0.3412305663557725,0.0,0.0,0.0,0.0,0.3635227624535998,0.0,0.0,0.0,0.0
2018-11-17,0.0,0.0,0.0,0.0,0.0,0.3412305663557725,0.0,0.0,0.0,0.0,0.3635227624535998,0.0,0.0,0.0,0.0
2018-11-18,0.0,0.0,0.0,0.0,0.0,0.3412305663557725,0.0,0.0,0.0,0.0,0.3635227624535998,0.0,0.0,0.0,0.0
2018-11-19,0.0,0.0,0.0,0.0,0.0,0.3412305663557725,0.0,0.0,0.0,0.0,0.3635227624535998,0.0,0.0,0.0,0.0
2018-11-20,0.0,0.0,0.0,0.0,0.0,0.3412305663557725,0.0,0.0,0.0,0.0,0.3635227624535998,0.0,0.0,0.0,0.0
2018-11-21,0.0,0.0,0.0,0.0,0.0,0.3412305663557725,0.0,0.0,0.0,0.0,0.3635227624535998,0.0,0.0,0.0,0.0
2018-11-22,0.0,0.0,0.0,0.0,0.0,0.3412305663557725,0.0,0.0,0.0,0.0,0.3635227624535998,0.0,0.0,0.0,0.0
2018-11-23,0.0,0.0,0.0,0.0,0.0,0.0,0.0,0.0,0.0,0.0,0.0,0.0,0.0,0.0,0.0
2018-11-24,0.0,0.0,0.0,0.0,0.0,0.0,0.0,0.0,0.0,0.0,0.0,0.0,0.0,0.0,0.0
2018-11-25,0.0,0.0,0.0,0.0,0.0,0.0,0.0,0.0,0.0,0.0,0.0,0.0,0.0,0.0,0.0
2018-11-26,0.0,0.0,0.0,0.0,0.0,0.0,0.0,0.0,0.0,0.0,0.0,0.0,0.0,0.0,0.0
2018-11-27,0.0,0.0,0.0,0.0,0.0,0.0,0.0,0.0,0.0,0.0,0.0,0.0,0.0,0.0,0.0
2018-11-28,0.0,0.0,0.0,0.0,0.0,0.0,0.0,0.0,0.0,0.0,0.0,0.0,0.0,0.0,0.0
2018-11-29,0.0,0.0,0.0,0.0,0.0,0.0,0.0,0.0,0.0,0.0,0.0,0.0,0.30694876357546286,0.0,0.0
2018-11-30,0.0,0.0,0.0,0.0,0.0,0.0,0.0,0.0,0.0,0.0,0.0,0.0,0.30694876357546286,0.0,0.0
2018-12-01,0.0,0.0,0.0,0.0,0.0,0.0,0.0,0.0,0.0,0.0,0.0,0.0,0.30694876357546286,0.0,0.0
2018-12-02,0.0,0.0,0.0,0.0,0.0,0.0,0.0,0.0,0.0,0.0,0.0,0.0,0.30694876357546286,0.0,0.0
2018-12-03,0.0,0.0,0.0,0.0,0.0,0.0,0.0,0.0,0.0,0.0,0.0,0.0,0.30694876357546286,0.0,0.0
2018-12-04,0.0,0.0,0.0,0.0,0.0,0.0,0.0,0.0,0.0,0.0,0.0,0.0,0.30694876357546286,0.0,0.0
2018-12-05,0.0,0.0,0.0,0.0,0.0,0.0,0.0,0.0,0.0,0.0,0.0,0.0,0.30694876357546286,0.0,0.0
2018-12-06,0.0,0.0,0.0,0.0,0.0,0.0,0.0,0.0,0.0,0.0,0.0,0.0,0.0,0.0,0.0
2018-12-07,0.0,0.0,0.0,0.0,0.0,0.0,0.0,0.0,0.0,0.0,0.0,0.0,0.0,0.0,0.0
2018-12-08,0.0,0.0,0.0,0.0,0.0,0.0,0.0,0.0,0.0,0.0,0.0,0.0,0.0,0.0,0.0
2018-12-09,0.0,0.0,0.0,0.0,0.0,0.0,0.0,0.0,0.0,0.0,0.0,0.0,0.0,0.0,0.0
2018-12-10,0.0,0.0,0.0,0.0,0.0,0.0,0.0,0.0,0.0,0.0,0.0,0.0,0.0,0.0,0.0
2018-12-11,0.0,0.0,0.0,0.0,0.0,0.0,0.0,0.0,0.0,0.0,0.0,0.0,0.0,0.0,0.0
2018-12-12,0.0,0.0,0.0,0.0,0.0,0.0,0.0,0.0,0.0,0.0,0.0,0.0,0.0,0.0,0.0
2018-12-13,0.0,0.0,0.0,0.0,0.0,0.0,0.0,0.0,0.0,0.0,0.0,0.0,0.0,0.0,0.0
2018-12-14,0.0,0.0,0.0,0.0,0.0,0.0,0.0,0.0,0.0,0.0,0.4182486659311771,0.0,0.0,0.0,0.0
2018-12-15,0.0,0.0,0.0,0.0,0.0,0.0,0.0,0.0,0.0,0.0,0.4182486659311771,0.0,0.0,0.0,0.0
2018-12-16,0.0,0.0,0.0,0.0,0.0,0.0,0.0,0.0,0.0,0.0,0.4182486659311771,0.0,0.0,0.0,0.0
2018-12-17,0.0,0.0,0.0,0.0,0.0,0.0,0.0,0.0,0.0,0.0,0.4182486659311771,0.0,0.0,0.0,0.0
2018-12-18,0.0,0.0,0.0,0.0,0.0,0.0,0.0,0.0,0.0,0.0,0.0,0.0,0.0,0.0,0.0
2018-12-19,0.0,0.0,0.0,0.0,0.0,0.0,0.0,0.0,0.0,0.0,0.0,0.0,0.0,0.0,0.0
2018-12-20,0.0,0.0,0.0,0.0,0.0,0.0,0.0,0.0,0.0,0.0,0.0,0.0,0.0,0.0,0.0
2018-12-21,0.0,0.0,0.0,0.0,0.0,0.0,0.0,0.0,0.0,0.0,0.0,0.0,0.0,0.0,0.0
2018-12-22,0.0,0.0,0.0,0.0,0.0,0.0,0.0,0.0,0.0,0.0,0.0,0.0,0.0,0.0,0.0
2018-12-23,0.0,0.0,0.0,0.0,0.0,0.0,0.0,0.0,0.0,0.0,0.0,0.0,0.0,0.0,0.0
2018-12-24,0.0,0.0,0.0,0.0,0.0,0.0,0.0,0.0,0.0,0.0,0.0,0.0,0.0,0.0,0.0
2018-12-25,0.0,0.0,0.0,0.0,0.0,0.0,0.0,0.0,0.0,0.0,0.0,0.0,0.0,0.0,0.0
2018-12-26,0.0,0.0,0.0,0.0,0.0,0.0,0.0,0.0,0.0,0.0,0.0,0.0,0.0,0.0,0.0
2018-12-27,0.0,0.0,0.0,0.0,0.0,0.0,0.0,0.0,0.0,0.0,0.0,0.0,0.0,0.0,0.0
2018-12-28,0.0,0.0,0.0,0.0,0.0,0.0,0.0,0.0,0.0,0.0,0.0,0.0,0.0,0.0,0.0
2018-12-29,0.0,0.0,0.0,0.0,0.0,0.0,0.0,0.0,0.0,0.0,0.0,0.0,0.0,0.0,0.0
2018-12-30,0.0,0.0,0.0,0.0,0.0,0.0,0.0,0.0,0.0,0.0,0.0,0.0,0.0,0.0,0.0
2018-12-31,0.0,0.0,0.0,0.0,0.0,0.0,0.0,0.0,0.0,0.0,0.0,0.0,0.0,0.0,0.0
2019-01-01,0.0,0.0,0.0,0.0,0.0,0.0,0.0,0.0,0.0,0.0,0.0,0.0,0.0,0.0,0.0
2019-01-02,0.0,0.0,0.0,0.0,0.0,0.0,0.0,0.0,0.0,0.0,0.0,0.0,0.0,0.0,0.0
2019-01-03,0.0,0.0,0.0,0.0,0.0,0.0,0.0,0.0,0.0,0.0,0.0,0.0,0.0,0.0,0.0
2019-01-04,0.0,0.0,0.0,0.0,0.0,0.0,0.0,0.0,0.0,0.0,0.0,0.0,0.0,0.0,0.0
2019-01-05,0.0,0.0,0.0,0.0,0.0,0.0,0.0,0.0,0.0,0.0,0.0,0.0,0.0,0.0,0.0
2019-01-06,0.0,0.0,0.0,0.0,0.0,0.0,0.0,0.0,0.0,0.0,0.0,0.0,0.0,0.0,0.0
2019-01-07,0.0,0.0,0.0,0.0,0.0,0.0,0.0,0.0,0.0,0.0,0.0,0.0,0.0,0.0,0.0
2019-01-08,0.0,0.0,0.0,0.0,0.0,0.0,0.0,0.0,0.0,0.0,0.0,0.0,0.0,0.0,0.0
2019-01-09,0.0,0.0,0.0,0.0,0.0,0.0,0.0,0.0,0.0,0.0,0.0,0.0,0.0,0.0,0.0
2019-01-10,0.0,0.0,0.0,0.0,0.0,0.0,0.0,0.0,0.0,0.0,0.0,0.0,0.0,0.0,0.0
2019-01-11,0.0,0.0,0.0,0.0,0.0,0.0,0.0,0.0,0.0,0.0,0.0,0.0,0.0,0.0,0.0
2019-01-12,0.0,0.0,0.0,0.0,0.0,0.0,0.0,0.0,0.0,0.0,0.0,0.0,0.0,0.0,0.0
2019-01-13,0.0,0.0,0.0,0.0,0.0,0.0,0.0,0.0,0.0,0.0,0.0,0.0,0.0,0.0,0.0
2019-01-14,0.0,0.0,0.0,0.0,0.0,0.0,0.0,0.0,0.0,0.0,0.0,0.0,0.0,0.0,0.0
2019-01-15,0.0,0.0,0.0,0.0,0.0,0.0,0.0,0.0,0.0,0.0,0.0,0.0,0.0,0.0,0.0
2019-01-16,0.0,0.0,0.0,0.0,0.0,0.0,0.0,0.0,0.0,0.0,0.0,0.0,0.0,0.0,0.0
2019-01-17,0.0,0.0,0.0,0.0,0.0,0.0,0.0,0.0,0.0,0.0,0.0,0.0,0.0,0.0,0.0
2019-01-18,0.0,0.0,0.0,0.0,0.0,0.0,0.0,0.0,0.0,0.0,0.0,0.0,0.0,0.0,0.0
2019-01-19,0.0,0.0,0.0,0.0,0.0,0.0,0.0,0.0,0.0,0.0,0.0,0.0,0.0,0.0,0.0
2019-01-20,0.0,0.0,0.0,0.0,0.0,0.0,0.0,0.0,0.0,0.0,0.0,0.0,0.0,0.0,0.0
2019-01-21,0.0,0.0,0.0,0.0,0.0,0.0,0.0,0.0,0.0,0.0,0.0,0.0,0.0,0.0,0.0
2019-01-22,0.0,0.0,0.0,0.0,0.0,0.0,0.0,0.0,0.0,0.0,0.0,0.0,0.0,0.0,0.0
2019-01-23,0.0,0.0,0.0,0.0,0.0,0.0,0.0,0.0,0.0,0.0,0.0,0.0,0.0,0.0,0.0
2019-01-24,0.0,0.0,0.0,0.0,0.0,0.0,0.0,0.0,0.0,0.0,0.0,0.0,0.0,0.0,0.0
2019-01-25,0.0,0.0,0.0,0.0,0.0,0.0,0.0,0.0,0.0,0.0,0.0,0.0,0.0,0.0,0.0
2019-01-26,0.0,0.0,0.0,0.0,0.0,0.0,0.0,0.0,0.0,0.0,0.0,0.0,0.0,0.0,0.0
2019-01-27,0.0,0.0,0.0,0.0,0.0,0.0,0.0,0.0,0.0,0.0,0.0,0.0,0.0,0.0,0.0
2019-01-28,0.0,0.0,0.0,0.0,0.0,0.0,0.0,0.0,0.0,0.0,0.0,0.0,0.0,0.0,0.0
2019-01-29,0.0,0.0,0.0,0.0,0.0,0.0,0.0,0.0,0.0,0.0,0.0,0.0,0.0,0.0,0.0
2019-01-30,0.0,0.0,0.0,0.0,0.0,0.0,0.0,0.0,0.0,0.0,0.0,0.0,0.0,0.0,0.0
2019-01-31,0.0,0.0,0.0,0.0,0.0,0.0,0.0,0.0,0.0,0.0,0.0,0.0,0.0,0.0,0.0
2019-02-01,0.0,0.0,0.0,0.0,0.0,0.0,0.0,0.0,0.0,0.0,0.0,0.0,0.0,0.0,0.0
2019-02-02,0.0,0.0,0.0,0.0,0.0,0.0,0.0,0.0,0.0,0.0,0.0,0.0,0.0,0.0,0.0
2019-02-03,0.0,0.0,0.0,0.0,0.0,0.0,0.0,0.0,0.0,0.0,0.0,0.0,0.0,0.0,0.0
2019-02-04,0.0,0.0,0.0,0.0,0.0,0.0,0.0,0.0,0.0,0.0,0.38055635672261995,0.0,0.0,0.0,0.0
2019-02-05,0.0,0.0,0.0,0.0,0.3341808015610925,0.0,0.0,0.0,0.0,0.0,0.38055635672261995,0.0,0.0,0.0,0.0
2019-02-06,0.0,0.0,0.0,0.0,0.3341808015610925,0.0,0.0,0.0,0.0,0.0,0.38055635672261995,0.0,0.0,0.0,0.0
2019-02-07,0.0,0.0,0.0,0.0,0.3341808015610925,0.0,0.0,0.0,0.0,0.0,0.38055635672261995,0.0,0.0,0.0,0.0
2019-02-08,0.0,0.0,0.0,0.0,0.0,0.0,0.0,0.0,0.0,0.0,0.38055635672261995,0.0,0.0,0.0,0.0
2019-02-09,0.0,0.0,0.0,0.0,0.0,0.0,0.0,0.0,0.0,0.0,0.38055635672261995,0.0,0.0,0.0,0.0
2019-02-10,0.0,0.0,0.0,0.0,0.0,0.0,0.0,0.0,0.0,0.0,0.38055635672261995,0.0,0.0,0.0,0.0
2019-02-11,0.0,0.0,0.0,0.0,0.0,0.0,0.0,0.0,0.0,0.0,0.38055635672261995,0.0,0.0,0.0,0.0
2019-02-12,0.0,0.0,0.0,0.0,0.0,0.0,0.0,0.0,0.0,0.0,0.38055635672261995,0.0,0.0,0.0,0.0
2019-02-13,0.0,0.0,0.0,0.0,0.0,0.0,0.0,0.0,0.0,0.0,0.38055635672261995,0.0,0.0,0.0,0.0
2019-02-14,0.0,0.0,0.0,0.0,0.0,0.0,0.0,0.0,0.0,0.0,0.38055635672261995,0.0,0.0,0.0,0.0
2019-02-15,0.0,0.0,0.0,0.0,0.0,0.0,0.0,0.0,0.0,0.0,0.38055635672261995,0.0,0.0,0.0,0.0
2019-02-16,0.0,0.0,0.0,0.0,0.0,0.0,0.0,0.0,0.0,0.0,0.38055635672261995,0.0,0.0,0.0,0.0
2019-02-17,0.0,0.0,0.0,0.0,0.0,0.0,0.0,0.0,0.0,0.0,0.38055635672261995,0.0,0.0,0.0,0.0
2019-02-18,0.0,0.0,0.0,0.0,0.0,0.0,0.0,0.0,0.0,0.0,0.38055635672261995,0.0,0.0,0.0,0.0
2019-02-19,0.0,0.0,0.0,0.0,0.0,0.0,0.0,0.0,0.0,0.0,0.38055635672261995,0.0,0.0,0.0,0.0
2019-02-20,0.0,0.0,0.0,0.0,0.0,0.0,0.0,0.0,0.0,0.0,0.38055635672261995,0.0,0.0,0.0,0.0
2019-02-21,0.0,0.0,0.0,0.0,0.0,0.0,0.0,0.0,0.0,0.0,0.38055635672261995,0.0,0.0,0.0,0.0
2019-02-22,0.0,0.0,0.0,0.0,0.0,0.0,0.0,0.0,0.0,0.0,0.38055635672261995,0.0,0.0,0.0,0.0
2019-02-23,0.0,0.0,0.0,0.0,0.0,0.0,0.0,0.0,0.0,0.0,0.38055635672261995,0.0,0.0,0.0,0.0
2019-02-24,0.0,0.0,0.0,0.0,0.0,0.0,0.0,0.0,0.0,0.0,0.38055635672261995,0.0,0.0,0.0,0.0
2019-02-25,0.0,0.0,0.0,0.0,0.0,0.0,0.0,0.0,0.0,0.0,0.38055635672261995,0.0,0.0,0.4190764391766192,0.0
2019-02-26,0.0,0.0,0.0,0.0,0.0,0.0,0.0,0.0,0.0,0.0,0.38055635672261995,0.0,0.0,0.4190764391766192,0.0
2019-02-27,0.0,0.0,0.0,0.0,0.0,0.0,0.0,0.0,0.0,0.0,0.38055635672261995,0.0,0.0,0.4190764391766192,0.0
2019-02-28,0.0,0.0,0.0,0.0,0.0,0.0,0.0,0.0,0.0,0.0,0.38055635672261995,0.0,0.0,0.4190764391766192,0.0
2019-03-01,0.0,0.0,0.0,0.0,0.0,0.0,0.0,0.0,0.0,0.0,0.0,0.0,0.0,0.4190764391766192,0.0
2019-03-02,0.0,0.0,0.0,0.0,0.0,0.0,0.0,0.0,0.0,0.0,0.0,0.0,0.0,0.4190764391766192,0.0
2019-03-03,0.0,0.0,0.0,0.0,0.0,0.0,0.0,0.0,0.0,0.0,0.0,0.0,0.0,0.4190764391766192,0.0
2019-03-04,0.0,0.0,0.0,0.0,0.0,0.0,0.0,0.0,0.0,0.0,0.0,0.0,0.0,0.4190764391766192,0.0
2019-03-05,0.0,0.0,0.0,0.0,0.0,0.0,0.0,0.0,0.0,0.0,0.0,0.0,0.0,0.4190764391766192,0.0
2019-03-06,0.0,0.0,0.0,0.0,0.37300976853691775,0.0,0.0,0.0,0.0,0.0,0.0,0.0,0.0,0.4190764391766192,0.0
2019-03-07,0.0,0.0,0.0,0.0,0.3281734875408665,0.0,0.0,0.3031236306814215,0.0,0.0,0.0,0.0,0.0,0.3687028817777121,0.0
2019-03-08,0.0,0.0,0.0,0.0,0.37300976853691775,0.0,0.0,0.34453750717588705,0.0,0.0,0.0,0.0,0.0,0.0,0.0
2019-03-09,0.0,0.0,0.0,0.0,0.37300976853691775,0.0,0.0,0.34453750717588705,0.0,0.0,0.0,0.0,0.0,0.0,0.0
2019-03-10,0.0,0.0,0.0,0.0,0.37300976853691775,0.0,0.0,0.34453750717588705,0.0,0.0,0.0,0.0,0.0,0.0,0.0
2019-03-11,0.0,0.0,0.0,0.0,0.0,0.0,0.0,0.0,0.0,0.0,0.0,0.0,0.0,0.0,0.0
2019-03-12,0.0,0.0,0.0,0.0,0.3928312501782999,0.0,0.0,0.0,0.0,0.0,0.0,0.0,0.0,0.518836269955085,0.0
2019-03-13,0.0,0.0,0.0,0.0,0.2860581916262316,0.0,0.0,0.0,0.3361272504278652,0.0,0.0,0.0,0.0,0.3778145579459033,0.0
2019-03-14,0.0,0.0,0.0,0.0,0.19791965456106017,0.0,0.0,0.0,0.23256173478215328,0.0,0.3081140119222129,0.0,0.0,0.26140459873457367,0.0
2019-03-15,0.0,0.0,0.0,0.0,0.19791965456106017,0.0,0.0,0.0,0.23256173478215328,0.0,0.3081140119222129,0.0,0.0,0.26140459873457367,0.0
2019-03-16,0.0,0.0,0.0,0.0,0.19791965456106017,0.0,0.0,0.0,0.23256173478215328,0.0,0.3081140119222129,0.0,0.0,0.26140459873457367,0.0
2019-03-17,0.0,0.0,0.0,0.0,0.19791965456106017,0.0,0.0,0.0,0.23256173478215328,0.0,0.3081140119222129,0.0,0.0,0.26140459873457367,0.0
2019-03-18,0.0,0.0,0.0,0.0,0.19791965456106017,0.0,0.0,0.0,0.23256173478215328,0.0,0.3081140119222129,0.0,0.0,0.26140459873457367,0.0
2019-03-19,0.0,0.0,0.0,0.0,0.19791965456106017,0.0,0.0,0.0,0.23256173478215328,0.0,0.3081140119222129,0.0,0.0,0.26140459873457367,0.0
2019-03-20,0.0,0.0,0.0,0.0,0.19791965456106017,0.0,0.0,0.0,0.23256173478215328,0.0,0.3081140119222129,0.0,0.0,0.26140459873457367,0.0
2019-03-21,0.0,0.0,0.0,0.0,0.19791965456106017,0.0,0.0,0.0,0.23256173478215328,0.0,0.3081140119222129,0.0,0.0,0.26140459873457367,0.0
2019-03-22,0.21232971402156708,0.0,0.0,0.0,0.20313742221937567,0.0,0.0,0.0,0.0,0.0,0.31623683999629676,0.0,0.0,0.2682960237627605,0.0
2019-03-23,0.20230539810311512,0.04721108378375037,0.0,0.0,0.19354708435936163,0.0,0.0,0.0,0.0,0.0,0.3013069560477231,0.0,0.0,0.25562947770604977,0.0
2019-03-24,0.21232971402156708,0.0,0.0,0.0,0.20313742221937567,0.0,0.0,0.0,0.0,0.0,0.31623683999629676,0.0,0.0,0.2682960237627605,0.0
2019-03-25,0.41060748973675465,0.0,0.0,0.0,0.0,0.0,0.0,0.0,0.0,0.0,0.0,0.0,0.0,0.518836269955085,0.0
2019-03-26,0.0,0.0,0.0,0.0,0.0,0.0,0.0,0.0,0.0,0.0,0.0,0.0,0.0,0.0,0.0
2019-03-27,0.0,0.0,0.0,0.0,0.0,0.0,0.0,0.0,0.0,0.0,0.0,0.0,0.0,0.0,0.0
2019-03-28,0.0,0.08432384789725512,0.0,0.0,0.0,0.0,0.0,0.0,0.0,0.0,0.0,0.0,0.0,0.0,0.0
2019-03-29,0.0,0.08432384789725512,0.0,0.0,0.0,0.0,0.0,0.0,0.0,0.0,0.5271738020080169,0.0,0.0,0.0,0.0
2019-03-30,0.0,0.08432384789725512,0.0,0.0,0.0,0.0,0.0,0.0,0.0,0.0,0.5271738020080169,0.0,0.0,0.0,0.0
2019-03-31,0.0,0.08432384789725512,0.0,0.0,0.0,0.0,0.0,0.0,0.0,0.0,0.5271738020080169,0.0,0.0,0.0,0.0
2019-04-01,0.0,0.08432384789725512,0.0,0.0,0.0,0.0,0.0,0.0,0.0,0.0,0.5271738020080169,0.0,0.0,0.0,0.0
2019-04-02,0.0,0.07904890537978214,0.0,0.0,0.0,0.0,0.0,0.0,0.0,0.0,0.4941960433827432,0.0,0.0,0.4267550512374747,0.0
2019-04-03,0.0,0.0,0.17635602117043722,0.0,0.0,0.0,0.0,0.0,0.0,0.0,0.4419795989942829,0.0,0.0,0.38166437983527984,0.0
2019-04-04,0.0,0.06250152189361272,0.1653335014521827,0.0,0.0,0.0,0.0,0.0,0.0,0.0,0.41435520141121157,0.0,0.0,0.35780977524299296,0.0
2019-04-05,0.0,0.06250152189361272,0.1653335014521827,0.0,0.0,0.0,0.0,0.0,0.0,0.0,0.41435520141121157,0.0,0.0,0.35780977524299296,0.0
2019-04-06,0.0,0.06250152189361272,0.1653335014521827,0.0,0.0,0.0,0.0,0.0,0.0,0.0,0.41435520141121157,0.0,0.0,0.35780977524299296,0.0
2019-04-07,0.0,0.06250152189361272,0.1653335014521827,0.0,0.0,0.0,0.0,0.0,0.0,0.0,0.41435520141121157,0.0,0.0,0.35780977524299296,0.0
2019-04-08,0.0,0.06250152189361272,0.1653335014521827,0.0,0.0,0.0,0.0,0.0,0.0,0.0,0.41435520141121157,0.0,0.0,0.35780977524299296,0.0
2019-04-09,0.20159938219696624,0.04609216233705615,0.12192628847757214,0.060943977698938986,0.0,0.0,0.0,0.0,0.0,0.0,0.3055689946423676,0.0,0.0,0.2638691946470989,0.0
2019-04-10,0.20159938219696624,0.04609216233705615,0.12192628847757214,0.060943977698938986,0.0,0.0,0.0,0.0,0.0,0.0,0.3055689946423676,0.0,0.0,0.2638691946470989,0.0
2019-04-11,0.20159938219696624,0.04609216233705615,0.12192628847757214,0.060943977698938986,0.0,0.0,0.0,0.0,0.0,0.0,0.3055689946423676,0.0,0.0,0.2638691946470989,0.0
2019-04-12,0.2614650565060222,0.0,0.0,0.0,0.0,0.0,0.0,0.0,0.0,0.0,0.39630882585044613,0.0,0.0,0.3422261176435317,0.0
2019-04-13,0.2614650565060222,0.0,0.0,0.0,0.0,0.0,0.0,0.0,0.0,0.0,0.39630882585044613,0.0,0.0,0.3422261176435317,0.0
2019-04-14,0.2614650565060222,0.0,0.0,0.0,0.0,0.0,0.0,0.0,0.0,0.0,0.39630882585044613,0.0,0.0,0.3422261176435317,0.0
2019-04-15,0.1571838623858878,0.0,0.0,0.0,0.0,0.0,0.17588615963187895,0.0,0.22294799248638902,0.0,0.23824733131539713,0.0,0.0,0.20573465418044712,0.0
2019-04-16,0.13524952809123347,0.0,0.0,0.0,0.0,0.0,0.15134199991593256,0.1395457139283507,0.19183655570598335,0.0,0.20500093737546576,0.0,0.0,0.1770252649830343,0.0
2019-04-17,0.13524952809123347,0.0,0.0,0.0,0.0,0.0,0.15134199991593256,0.1395457139283507,0.19183655570598335,0.0,0.20500093737546576,0.0,0.0,0.1770252649830343,0.0
2019-04-18,0.12873561464378985,0.0,0.0,0.0,0.19221522762360482,0.0,0.0,0.13282488676304008,0.18259728709218426,0.0,0.19512764331259982,0.0,0.0,0.1684993405647812,0.0
2019-04-19,0.12873561464378985,0.0,0.0,0.0,0.19221522762360482,0.0,0.0,0.13282488676304008,0.18259728709218426,0.0,0.19512764331259982,0.0,0.0,0.1684993405647812,0.0
2019-04-20,0.12873561464378985,0.0,0.0,0.0,0.19221522762360482,0.0,0.0,0.13282488676304008,0.18259728709218426,0.0,0.19512764331259982,0.0,0.0,0.1684993405647812,0.0
2019-04-21,0.12873561464378985,0.0,0.0,0.0,0.19221522762360482,0.0,0.0,0.13282488676304008,0.18259728709218426,0.0,0.19512764331259982,0.0,0.0,0.1684993405647812,0.0
2019-04-22,0.12873561464378985,0.0,0.0,0.0,0.19221522762360482,0.0,0.0,0.13282488676304008,0.18259728709218426,0.0,0.19512764331259982,0.0,0.0,0.1684993405647812,0.0
2019-04-23,0.12873561464378985,0.0,0.0,0.0,0.19221522762360482,0.0,0.0,0.13282488676304008,0.18259728709218426,0.0,0.19512764331259982,0.0,0.0,0.1684993405647812,0.0
2019-04-24,0.15026577155652016,0.0,0.060518210001173106,0.0,0.22436191852342582,0.0,0.0,0.15503894665498807,0.21313544278291202,0.0,0.0,0.0,0.0,0.1966797104809808,0.0
2019-04-25,0.15026577155652016,0.0,0.060518210001173106,0.0,0.22436191852342582,0.0,0.0,0.15503894665498807,0.21313544278291202,0.0,0.0,0.0,0.0,0.1966797104809808,0.0
2019-04-26,0.18705586491098145,0.0,0.07533509459521785,0.0,0.27929323017318597,0.0,0.0,0.19299767312962585,0.26531813719098885,0.0,0.0,0.0,0.0,0.0,0.0
2019-04-27,0.18705586491098145,0.0,0.07533509459521785,0.0,0.27929323017318597,0.0,0.0,0.19299767312962585,0.26531813719098885,0.0,0.0,0.0,0.0,0.0,0.0
2019-04-28,0.18705586491098145,0.0,0.07533509459521785,0.0,0.27929323017318597,0.0,0.0,0.19299767312962585,0.26531813719098885,0.0,0.0,0.0,0.0,0.0,0.0
2019-04-29,0.0,0.0,0.06495850731694694,0.0,0.2408236351631302,0.0,0.0,0.16641434950743864,0.22877345875309502,0.0,0.0,0.0,0.0,0.29903004925938925,0.0
2019-04-30,0.0,0.0,0.06825379025375058,0.0,0.0,0.0,0.202311344403966,0.17485639026578706,0.2403789174706778,0.0,0.0,0.0,0.0,0.3141995576058186,0.0
2019-05-01,0.0,0.0,0.055147508605089546,0.0,0.0,0.19202276679339195,0.16346296029782562,0.14127998241544548,0.19422069265915778,0.0,0.0,0.0,0.0,0.25386608922908954,0.0
2019-05-02,0.16088490071315334,0.0,0.05742900908102833,0.0,0.0,0.19996691594738972,0.1702255653755722,0.147124858372212,0.0,0.0,0.0,0.0,0.0,0.2643687505106444,0.0
2019-05-03,0.218703189709291,0.0,0.07806765838304605,0.0,0.0,0.27183037165182744,0.23140067186343113,0.19999810839240437,0.0,0.0,0.0,0.0,0.0,0.0,0.0
2019-05-04,0.218703189709291,0.0,0.07806765838304605,0.0,0.0,0.27183037165182744,0.23140067186343113,0.19999810839240437,0.0,0.0,0.0,0.0,0.0,0.0,0.0
2019-05-05,0.218703189709291,0.0,0.07806765838304605,0.0,0.0,0.27183037165182744,0.23140067186343113,0.19999810839240437,0.0,0.0,0.0,0.0,0.0,0.0,0.0
2019-05-06,0.218703189709291,0.0,0.07806765838304605,0.0,0.0,0.27183037165182744,0.23140067186343113,0.19999810839240437,0.0,0.0,0.0,0.0,0.0,0.0,0.0
2019-05-07,0.0,0.0,0.09992061576956679,0.0,0.0,0.3479220292102349,0.29617511400991176,0.2559822410102865,0.0,0.0,0.0,0.0,0.0,0.0,0.0
2019-05-08,0.0,0.0,0.14007471249713133,0.0,0.0,0.0,0.0,0.0,0.0,0.0,0.0,0.0,0.0,0.0,0.0
2019-05-09,0.0,0.0,0.14007471249713133,0.0,0.0,0.0,0.0,0.0,0.0,0.0,0.0,0.0,0.0,0.0,0.0
2019-05-10,0.0,0.0,0.14007471249713133,0.0,0.0,0.0,0.0,0.0,0.0,0.0,0.0,0.0,0.0,0.0,0.0
2019-05-11,0.0,0.0,0.14007471249713133,0.0,0.0,0.0,0.0,0.0,0.0,0.0,0.0,0.0,0.0,0.0,0.0
2019-05-12,0.0,0.0,0.0,0.09144230769230764,0.0,0.0,0.0,0.0,0.0,0.0,0.0,0.0,0.0,0.0,0.0
2019-05-13,0.0,0.0,0.0,0.09144230769230764,0.0,0.0,0.0,0.0,0.0,0.0,0.0,0.0,0.0,0.0,0.0
2019-05-14,0.0,0.0,0.11542031982885574,0.09144230769230764,0.0,0.0,0.0,0.0,0.0,0.0,0.0,0.0,0.0,0.0,0.0
2019-05-15,0.0,0.0,0.11542031982885574,0.09144230769230764,0.0,0.0,0.0,0.0,0.0,0.0,0.0,0.0,0.0,0.0,0.10438466642846206
2019-05-16,0.0,0.0,0.11542031982885574,0.0,0.0,0.0,0.0,0.0,0.0,0.0,0.0,0.0,0.0,0.0,0.0
2019-05-17,0.0,0.0,0.11542031982885574,0.0879982683406041,0.0,0.0,0.0,0.0,0.0,0.0,0.44710476022797196,0.0,0.0,0.0,0.0
2019-05-18,0.0,0.0,0.0,0.0,0.0,0.0,0.0,0.0,0.0,0.0,0.44710476022797196,0.0,0.0,0.0,0.0
2019-05-19,0.0,0.0,0.0,0.0,0.0,0.0,0.0,0.0,0.0,0.0,0.44710476022797196,0.0,0.0,0.0,0.0
2019-05-20,0.0,0.0,0.0,0.0,0.0,0.0,0.0,0.0,0.0,0.0,0.44710476022797196,0.0,0.0,0.0,0.0
2019-05-21,0.0,0.0,0.0,0.0,0.0,0.0,0.0,0.0,0.0,0.0,0.44710476022797196,0.0,0.0,0.0,0.0
2019-05-22,0.0,0.0,0.0,0.0,0.0,0.0,0.0,0.0,0.0,0.0,0.44710476022797196,0.0,0.0,0.0,0.0
2019-05-23,0.0,0.0,0.0,0.0,0.0,0.0,0.0,0.0,0.0,0.0,0.44710476022797196,0.0,0.0,0.0,0.0
2019-05-24,0.0,0.0,0.0,0.0,0.0,0.0,0.0,0.0,0.0,0.0,0.44710476022797196,0.0,0.0,0.0,0.0
2019-05-25,0.0,0.0,0.0,0.0,0.0,0.0,0.0,0.0,0.0,0.0,0.44710476022797196,0.0,0.0,0.0,0.0
2019-05-26,0.0,0.0,0.0,0.0,0.0,0.0,0.0,0.0,0.0,0.0,0.44710476022797196,0.0,0.0,0.0,0.0
2019-05-27,0.0,0.0,0.07478401052861863,0.0,0.0,0.0,0.0,0.0,0.0,0.0,0.44710476022797196,0.0,0.0,0.0,0.0
2019-05-28,0.0,0.0,0.07478401052861863,0.0,0.0,0.0,0.0,0.0,0.0,0.0,0.44710476022797196,0.0,0.0,0.0,0.0
2019-05-29,0.0,0.0,0.07478401052861863,0.0,0.0,0.0,0.0,0.0,0.0,0.0,0.0,0.0,0.0,0.0,0.0
2019-05-30,0.0,0.0,0.07478401052861863,0.0,0.0,0.0,0.0,0.0,0.0,0.0,0.0,0.0,0.0,0.0,0.0
2019-05-31,0.0,0.0,0.07478401052861863,0.0,0.0,0.0,0.0,0.0,0.0,0.0,0.0,0.0,0.0,0.0,0.0
2019-06-01,0.0,0.0,0.07478401052861863,0.0,0.0,0.0,0.0,0.0,0.0,0.0,0.0,0.0,0.0,0.0,0.0
2019-06-02,0.0,0.0,0.07478401052861863,0.0,0.0,0.0,0.0,0.0,0.0,0.0,0.0,0.0,0.0,0.0,0.0
2019-06-03,0.0,0.0,0.07478401052861863,0.0,0.0,0.0,0.0,0.0,0.0,0.0,0.0,0.0,0.0,0.0,0.0
2019-06-04,0.0,0.0,0.07478401052861863,0.0,0.0,0.0,0.0,0.0,0.0,0.0,0.0,0.0,0.0,0.0,0.0
2019-06-05,0.0,0.0,0.0,0.0,0.0,0.0,0.0,0.0,0.0,0.0,0.0,0.0,0.0,0.0,0.0
2019-06-06,0.0,0.0,0.0,0.0,0.0,0.0,0.0,0.0,0.0,0.0,0.0,0.0,0.0,0.0,0.0
2019-06-07,0.0,0.0,0.0,0.0,0.0,0.0,0.0,0.0,0.0,0.0,0.0,0.0,0.0,0.3638979467499226,0.0
2019-06-08,0.0,0.0,0.0,0.0,0.0,0.0,0.0,0.0,0.0,0.0,0.0,0.0,0.0,0.3638979467499226,0.0
2019-06-09,0.0,0.0,0.0,0.0,0.0,0.0,0.0,0.0,0.0,0.0,0.0,0.0,0.0,0.3638979467499226,0.0
2019-06-10,0.0,0.0,0.0,0.0,0.0,0.0,0.0,0.0,0.27663936133830175,0.0,0.4065879227434954,0.0,0.0,0.3167727159182029,0.0
2019-06-11,0.0,0.0,0.0,0.0,0.0,0.0,0.0,0.0,0.27663936133830175,0.0,0.4065879227434954,0.0,0.0,0.3167727159182029,0.0
2019-06-12,0.0,0.0,0.0,0.0,0.0,0.0,0.0,0.0,0.27663936133830175,0.0,0.4065879227434954,0.0,0.0,0.3167727159182029,0.0
2019-06-13,0.0,0.0,0.0,0.0,0.0,0.0,0.0,0.0,0.27663936133830175,0.0,0.4065879227434954,0.0,0.0,0.3167727159182029,0.0
2019-06-14,0.0,0.0,0.0,0.0,0.0,0.0,0.0,0.0,0.27663936133830175,0.0,0.4065879227434954,0.0,0.0,0.3167727159182029,0.0
2019-06-15,0.0,0.0,0.0,0.0,0.0,0.0,0.0,0.0,0.27663936133830175,0.0,0.4065879227434954,0.0,0.0,0.3167727159182029,0.0
2019-06-16,0.0,0.0,0.0,0.0,0.0,0.0,0.0,0.0,0.27663936133830175,0.0,0.4065879227434954,0.0,0.0,0.3167727159182029,0.0
2019-06-17,0.0,0.0,0.0,0.0,0.0,0.0,0.0,0.0,0.27663936133830175,0.0,0.4065879227434954,0.0,0.0,0.3167727159182029,0.0
2019-06-18,0.0,0.0,0.0,0.0,0.0,0.0,0.0,0.0,0.27663936133830175,0.0,0.4065879227434954,0.0,0.0,0.3167727159182029,0.0
2019-06-19,0.0,0.0,0.0,0.0,0.0,0.0,0.0,0.0,0.27663936133830175,0.0,0.4065879227434954,0.0,0.0,0.3167727159182029,0.0
2019-06-20,0.0,0.0,0.0,0.0,0.0,0.0,0.0,0.0,0.27663936133830175,0.0,0.4065879227434954,0.0,0.0,0.3167727159182029,0.0
2019-06-21,0.0,0.0,0.09127085781021786,0.0,0.0,0.0,0.0,0.0,0.25139024952488415,0.0,0.36947829425942197,0.0,0.0,0.28786059840547606,0.0
2019-06-22,0.0,0.0,0.08414374313361218,0.07808751717251622,0.0,0.0,0.0,0.0,0.2317598090981066,0.0,0.34062665161156735,0.0,0.0,0.26538227898419764,0.0
2019-06-23,0.0,0.0,0.08414374313361218,0.07808751717251622,0.0,0.0,0.0,0.0,0.2317598090981066,0.0,0.34062665161156735,0.0,0.0,0.26538227898419764,0.0
2019-06-24,0.0,0.0,0.08414374313361218,0.07808751717251622,0.0,0.0,0.0,0.0,0.2317598090981066,0.0,0.34062665161156735,0.0,0.0,0.26538227898419764,0.0
2019-06-25,0.0,0.0,0.06461287060247028,0.05996237456092561,0.0,0.23211318873857045,0.0,0.0,0.17796530078690273,0.0,0.26156271333666437,0.0,0.0,0.20378355197446663,0.0
2019-06-26,0.0,0.0,0.07860114745073624,0.07294384849973526,0.0,0.28236422253314075,0.0,0.0,0.0,0.0,0.31818938250057865,0.0,0.0,0.24790139901580907,0.0
2019-06-27,0.0,0.0,0.0,0.10707530010913056,0.0,0.0,0.0,0.0,0.0,0.0,0.0,0.0,0.0,0.3638979467499226,0.0
2019-06-28,0.0,0.0,0.0,0.0,0.0,0.0,0.0,0.0,0.0,0.0,0.0,0.0,0.0,0.3638979467499226,0.0
2019-06-29,0.0,0.0,0.0,0.0,0.0,0.0,0.0,0.0,0.0,0.0,0.0,0.0,0.0,0.3638979467499226,0.0
2019-06-30,0.0,0.0,0.0,0.0,0.0,0.0,0.0,0.0,0.0,0.0,0.0,0.0,0.0,0.3638979467499226,0.0
2019-07-01,0.0,0.0,0.0,0.0,0.0,0.0,0.0,0.0,0.0,0.0,0.0,0.0,0.0,0.3638979467499226,0.0
2019-07-02,0.0,0.0,0.0,0.0,0.0,0.0,0.0,0.0,0.0,0.0,0.0,0.0,0.0,0.3638979467499226,0.0
2019-07-03,0.0,0.0,0.0,0.0,0.0,0.0,0.0,0.0,0.0,0.0,0.0,0.0,0.0,0.3638979467499226,0.0
2019-07-04,0.0,0.0,0.0,0.0,0.0,0.0,0.0,0.0,0.0,0.0,0.0,0.0,0.0,0.3638979467499226,0.0
2019-07-05,0.0,0.0,0.0,0.0,0.0,0.0,0.0,0.0,0.0,0.0,0.4946560799564246,0.0,0.0,0.3638979467499226,0.0
2019-07-06,0.0,0.0,0.0,0.0,0.0,0.0,0.0,0.0,0.0,0.0,0.4946560799564246,0.0,0.0,0.3638979467499226,0.0
2019-07-07,0.0,0.0,0.0,0.0,0.0,0.0,0.0,0.0,0.0,0.0,0.4946560799564246,0.0,0.0,0.3638979467499226,0.0
2019-07-08,0.0,0.0,0.0,0.0,0.0,0.0,0.0,0.0,0.0,0.0,0.4946560799564246,0.0,0.0,0.3638979467499226,0.0
2019-07-09,0.0,0.0,0.0,0.0,0.0,0.0,0.0,0.0,0.0,0.0,0.4946560799564246,0.0,0.0,0.3638979467499226,0.0
2019-07-10,0.0,0.0,0.0,0.0,0.0,0.0,0.0,0.25298867485156323,0.0,0.0,0.4303907293971207,0.0,0.0,0.316620595751316,0.0
2019-07-11,0.0,0.0,0.0,0.0,0.0,0.0,0.0,0.25298867485156323,0.0,0.0,0.4303907293971207,0.0,0.0,0.316620595751316,0.0
2019-07-12,0.0,0.0,0.0,0.0,0.0,0.0,0.0,0.19377170220295029,0.0,0.0,0.3296493184787086,0.0,0.2340696581906582,0.24250932112768295,0.0
2019-07-13,0.0,0.0,0.0,0.0,0.0,0.0,0.0,0.19377170220295029,0.0,0.0,0.3296493184787086,0.0,0.2340696581906582,0.24250932112768295,0.0
2019-07-14,0.0,0.0,0.0,0.0,0.0,0.0,0.0,0.19377170220295029,0.0,0.0,0.3296493184787086,0.0,0.2340696581906582,0.24250932112768295,0.0
2019-07-15,0.0,0.0,0.0,0.0,0.0,0.0,0.0,0.19377170220295029,0.0,0.0,0.3296493184787086,0.0,0.2340696581906582,0.24250932112768295,0.0
2019-07-16,0.0,0.0,0.0,0.0,0.0,0.0,0.0,0.19377170220295029,0.0,0.0,0.3296493184787086,0.0,0.2340696581906582,0.24250932112768295,0.0
2019-07-17,0.0,0.0,0.0,0.0,0.0,0.0,0.0,0.19377170220295029,0.0,0.0,0.3296493184787086,0.0,0.2340696581906582,0.24250932112768295,0.0
2019-07-18,0.0,0.0,0.0,0.0,0.0,0.0,0.0,0.19377170220295029,0.0,0.0,0.3296493184787086,0.0,0.2340696581906582,0.24250932112768295,0.0
2019-07-19,0.0,0.0,0.0,0.0,0.0,0.0,0.0,0.25298867485156323,0.0,0.0,0.4303907293971207,0.0,0.0,0.316620595751316,0.0
2019-07-20,0.0,0.0,0.0,0.0,0.0,0.0,0.0,0.25298867485156323,0.0,0.0,0.4303907293971207,0.0,0.0,0.316620595751316,0.0
2019-07-21,0.0,0.0,0.0,0.0,0.0,0.0,0.0,0.25298867485156323,0.0,0.0,0.4303907293971207,0.0,0.0,0.316620595751316,0.0
2019-07-22,0.0,0.0,0.0,0.0,0.0,0.0,0.0,0.0,0.0,0.0,0.4946560799564246,0.0,0.0,0.3638979467499226,0.0
2019-07-23,0.0,0.0,0.0,0.0,0.0,0.0,0.0,0.0,0.0,0.0,0.4946560799564246,0.0,0.0,0.3638979467499226,0.0
2019-07-24,0.0,0.0,0.0,0.0,0.0,0.0,0.0,0.0,0.0,0.0,0.4946560799564246,0.0,0.0,0.3638979467499226,0.0
2019-07-25,0.0,0.0,0.0,0.0,0.0,0.0,0.462784876537193,0.0,0.49927223732444925,0.0,0.0,0.0,0.0,0.0,0.0
2019-07-26,0.0,0.0,0.0,0.0,0.0,0.0,0.462784876537193,0.0,0.49927223732444925,0.0,0.0,0.0,0.0,0.0,0.0
2019-07-27,0.0,0.0,0.0,0.0,0.0,0.0,0.462784876537193,0.0,0.49927223732444925,0.0,0.0,0.0,0.0,0.0,0.0
2019-07-28,0.0,0.0,0.0,0.0,0.0,0.0,0.462784876537193,0.0,0.49927223732444925,0.0,0.0,0.0,0.0,0.0,0.0
2019-07-29,0.0,0.0,0.0,0.0,0.28378504070968275,0.0,0.3445257529241949,0.0,0.3716892063661224,0.0,0.0,0.0,0.0,0.0,0.0
2019-07-30,0.0,0.0,0.0,0.0,0.28378504070968275,0.0,0.3445257529241949,0.0,0.3716892063661224,0.0,0.0,0.0,0.0,0.0,0.0
2019-07-31,0.0,0.0,0.0,0.0,0.20816258268610108,0.0,0.25271723397126533,0.0,0.2726422258207471,0.0,0.2664779575218865,0.0,0.0,0.0,0.0
2019-08-01,0.43426617836643944,0.0,0.0,0.0,0.0,0.0,0.462784876537193,0.0,0.0,0.0,0.0,0.0,0.0,0.0,0.0
2019-08-02,0.0,0.0,0.0,0.0,0.0,0.0,0.0,0.0,0.0,0.0,0.0,0.0,0.0,0.0,0.0
2019-08-03,0.0,0.0,0.0,0.0,0.0,0.0,0.0,0.0,0.0,0.0,0.0,0.0,0.0,0.0,0.0
2019-08-04,0.0,0.0,0.0,0.0,0.0,0.0,0.0,0.0,0.0,0.0,0.0,0.0,0.0,0.0,0.0
2019-08-05,0.0,0.0,0.0,0.0,0.0,0.0,0.0,0.0,0.0,0.0,0.0,0.0,0.0,0.0,0.0
2019-08-06,0.0,0.0,0.0,0.0,0.0,0.0,0.0,0.0,0.0,0.0,0.0,0.0,0.0,0.0,0.0
2019-08-07,0.0,0.0,0.0,0.0,0.0,0.0,0.0,0.0,0.0,0.0,0.0,0.0,0.0,0.0,0.0
2019-08-08,0.0,0.0,0.0,0.0,0.0,0.0,0.0,0.0,0.0,0.0,0.0,0.0,0.0,0.0,0.0
2019-08-09,0.0,0.0,0.0,0.0,0.0,0.0,0.0,0.0,0.0,0.0,0.0,0.0,0.0,0.0,0.0
2019-08-10,0.0,0.0,0.0,0.0,0.0,0.0,0.0,0.0,0.0,0.0,0.0,0.0,0.0,0.0,0.0
2019-08-11,0.0,0.0,0.0,0.0,0.0,0.0,0.0,0.0,0.0,0.0,0.0,0.0,0.0,0.0,0.0
2019-08-12,0.0,0.0,0.0,0.0,0.0,0.0,0.0,0.0,0.0,0.0,0.0,0.0,0.0,0.0,0.0
2019-08-13,0.0,0.0,0.0,0.0,0.0,0.0,0.0,0.0,0.0,0.0,0.0,0.0,0.0,0.0,0.0
2019-08-14,0.0,0.0,0.0,0.0,0.0,0.0,0.0,0.0,0.0,0.0,0.0,0.0,0.0,0.0,0.0
2019-08-15,0.0,0.0,0.0,0.0,0.0,0.0,0.0,0.0,0.0,0.0,0.0,0.0,0.0,0.0,0.0
2019-08-16,0.0,0.0,0.0,0.0,0.0,0.0,0.0,0.0,0.0,0.0,0.0,0.0,0.0,0.0,0.0
2019-08-17,0.0,0.0,0.0,0.0,0.0,0.0,0.0,0.0,0.0,0.0,0.0,0.0,0.0,0.0,0.0
2019-08-18,0.0,0.0,0.0,0.0,0.0,0.0,0.0,0.0,0.0,0.0,0.0,0.0,0.0,0.0,0.0
2019-08-19,0.0,0.0,0.0,0.0,0.0,0.0,0.0,0.0,0.0,0.0,0.0,0.0,0.0,0.0,0.0
2019-08-20,0.0,0.0,0.0,0.0,0.0,0.0,0.0,0.0,0.0,0.0,0.0,0.0,0.0,0.0,0.0
2019-08-21,0.0,0.0,0.0,0.0,0.0,0.0,0.0,0.0,0.0,0.0,0.0,0.0,0.0,0.0,0.0
2019-08-22,0.0,0.0,0.0,0.0,0.0,0.0,0.0,0.0,0.0,0.0,0.0,0.0,0.0,0.0,0.0
2019-08-23,0.0,0.0,0.0,0.0,0.0,0.0,0.0,0.0,0.0,0.0,0.0,0.0,0.0,0.0,0.0
2019-08-24,0.0,0.0,0.0,0.0,0.0,0.0,0.0,0.0,0.0,0.0,0.0,0.0,0.0,0.0,0.0
2019-08-25,0.0,0.0,0.0,0.0,0.0,0.0,0.0,0.0,0.0,0.0,0.0,0.0,0.0,0.0,0.0
2019-08-26,0.0,0.0,0.0,0.0,0.0,0.0,0.0,0.0,0.0,0.0,0.0,0.0,0.0,0.0,0.0
2019-08-27,0.0,0.0,0.0,0.0,0.0,0.0,0.0,0.0,0.0,0.0,0.0,0.0,0.0,0.0,0.0
2019-08-28,0.0,0.0,0.0,0.0,0.0,0.0,0.0,0.0,0.0,0.0,0.0,0.0,0.0,0.0,0.0
2019-08-29,0.0,0.0,0.0,0.0,0.0,0.0,0.0,0.0,0.0,0.0,0.0,0.0,0.0,0.0,0.0
2019-08-30,0.0,0.0,0.0,0.0,0.0,0.0,0.0,0.0,0.0,0.0,0.0,0.0,0.0,0.0,0.0
2019-08-31,0.0,0.0,0.0,0.0,0.0,0.0,0.0,0.0,0.0,0.0,0.0,0.0,0.0,0.0,0.0
2019-09-01,0.0,0.0,0.0,0.0,0.0,0.0,0.0,0.0,0.0,0.0,0.0,0.0,0.0,0.0,0.0
2019-09-02,0.0,0.0,0.0,0.0,0.0,0.0,0.0,0.0,0.0,0.0,0.0,0.0,0.0,0.0,0.0
2019-09-03,0.0,0.0,0.0,0.0,0.0,0.0,0.0,0.0,0.0,0.0,0.0,0.0,0.0,0.0,0.0
2019-09-04,0.0,0.0,0.0,0.0,0.0,0.0,0.0,0.0,0.0,0.0,0.0,0.0,0.0,0.0,0.0
2019-09-05,0.0,0.0,0.0,0.0,0.0,0.0,0.0,0.0,0.0,0.0,0.39864103861943007,0.0,0.0,0.0,0.0
2019-09-06,0.0,0.0,0.0,0.0,0.0,0.0,0.0,0.0,0.0,0.18731698600047725,0.39864103861943007,0.0,0.0,0.37725042338158593,0.0
2019-09-07,0.0,0.0,0.0,0.0,0.0,0.0,0.0,0.0,0.0,0.18731698600047725,0.39864103861943007,0.0,0.0,0.37725042338158593,0.0
2019-09-08,0.0,0.0,0.0,0.0,0.0,0.0,0.0,0.0,0.0,0.18731698600047725,0.39864103861943007,0.0,0.0,0.37725042338158593,0.0
2019-09-09,0.0,0.0,0.0,0.0,0.0,0.0,0.0,0.0,0.0,0.18731698600047725,0.39864103861943007,0.0,0.0,0.37725042338158593,0.0
2019-09-10,0.0,0.0,0.0,0.0,0.0,0.0,0.0,0.0,0.0,0.18731698600047725,0.39864103861943007,0.0,0.0,0.0,0.0
2019-09-11,0.0,0.0,0.0,0.0,0.0,0.0,0.0,0.0,0.0,0.18731698600047725,0.0,0.0,0.0,0.0,0.0
2019-09-12,0.3091889168223613,0.0,0.0,0.0,0.0,0.0,0.0,0.0,0.0,0.18731698600047725,0.0,0.0,0.0,0.0,0.0
2019-09-13,0.3091889168223613,0.0,0.0,0.0,0.0,0.0,0.35885265231042374,0.0,0.0,0.18731698600047725,0.0,0.0,0.0,0.0,0.0
2019-09-14,0.3091889168223613,0.0,0.0,0.0,0.0,0.0,0.35885265231042374,0.0,0.0,0.18731698600047725,0.0,0.0,0.0,0.0,0.0
2019-09-15,0.3091889168223613,0.0,0.0,0.0,0.0,0.0,0.35885265231042374,0.0,0.0,0.18731698600047725,0.0,0.0,0.0,0.0,0.0
2019-09-16,0.3091889168223613,0.0,0.0,0.0,0.0,0.0,0.35885265231042374,0.0,0.0,0.18731698600047725,0.0,0.0,0.0,0.0,0.0
2019-09-17,0.3091889168223613,0.0,0.0,0.0,0.0,0.0,0.35885265231042374,0.0,0.0,0.18731698600047725,0.0,0.0,0.0,0.0,0.0
2019-09-18,0.3091889168223613,0.0,0.0,0.0,0.0,0.0,0.35885265231042374,0.0,0.0,0.18731698600047725,0.0,0.0,0.0,0.0,0.0
2019-09-19,0.3091889168223613,0.0,0.0,0.0,0.0,0.0,0.35885265231042374,0.0,0.0,0.18731698600047725,0.0,0.0,0.0,0.0,0.0
2019-09-20,0.3091889168223613,0.0,0.0,0.0,0.0,0.0,0.35885265231042374,0.0,0.0,0.18731698600047725,0.0,0.0,0.0,0.0,0.0
2019-09-21,0.3091889168223613,0.0,0.0,0.0,0.0,0.0,0.35885265231042374,0.0,0.0,0.18731698600047725,0.0,0.0,0.0,0.0,0.0
2019-09-22,0.3091889168223613,0.0,0.0,0.0,0.0,0.0,0.35885265231042374,0.0,0.0,0.18731698600047725,0.0,0.0,0.0,0.0,0.0
2019-09-23,0.3091889168223613,0.0,0.0,0.0,0.0,0.0,0.35885265231042374,0.0,0.0,0.0,0.0,0.0,0.0,0.0,0.0
2019-09-24,0.3091889168223613,0.0,0.0,0.0,0.0,0.0,0.35885265231042374,0.0,0.0,0.0,0.0,0.0,0.0,0.0,0.0
2019-09-25,0.3091889168223613,0.0,0.0,0.0,0.0,0.0,0.35885265231042374,0.0,0.0,0.0,0.0,0.0,0.0,0.0,0.0
2019-09-26,0.3091889168223613,0.0,0.0,0.0,0.0,0.0,0.35885265231042374,0.0,0.0,0.0,0.0,0.0,0.0,0.0,0.0
2019-09-27,0.3091889168223613,0.0,0.0,0.0,0.0,0.0,0.35885265231042374,0.0,0.0,0.0,0.0,0.0,0.0,0.0,0.0
2019-09-28,0.3091889168223613,0.0,0.0,0.0,0.0,0.0,0.35885265231042374,0.0,0.0,0.0,0.0,0.0,0.0,0.0,0.0
2019-09-29,0.3091889168223613,0.0,0.0,0.0,0.0,0.0,0.35885265231042374,0.0,0.0,0.0,0.0,0.0,0.0,0.0,0.0
2019-09-30,0.3091889168223613,0.0,0.0,0.0,0.0,0.0,0.35885265231042374,0.0,0.0,0.0,0.0,0.0,0.0,0.0,0.0
2019-10-01,0.3091889168223613,0.0,0.0,0.0,0.0,0.0,0.35885265231042374,0.0,0.0,0.0,0.0,0.0,0.0,0.0,0.0
2019-10-02,0.3091889168223613,0.0,0.0,0.0,0.0,0.0,0.0,0.0,0.0,0.0,0.0,0.0,0.0,0.0,0.0
2019-10-03,0.0,0.0,0.0,0.0,0.0,0.0,0.0,0.0,0.0,0.0,0.0,0.0,0.0,0.0,0.0
2019-10-04,0.0,0.0,0.0,0.0,0.0,0.0,0.0,0.0,0.0,0.0,0.0,0.0,0.0,0.0,0.0
2019-10-05,0.0,0.0,0.0,0.0,0.0,0.0,0.0,0.0,0.0,0.0,0.0,0.0,0.0,0.0,0.0
2019-10-06,0.0,0.0,0.0,0.0,0.0,0.0,0.0,0.0,0.0,0.0,0.0,0.0,0.0,0.0,0.0
2019-10-07,0.0,0.0,0.0,0.0,0.0,0.0,0.0,0.0,0.0,0.0,0.0,0.0,0.0,0.0,0.0
2019-10-08,0.0,0.0,0.0,0.0,0.0,0.0,0.0,0.0,0.0,0.0,0.0,0.0,0.0,0.0,0.0
2019-10-09,0.0,0.0,0.0,0.0,0.0,0.0,0.0,0.0,0.0,0.0,0.0,0.0,0.0,0.0,0.0
2019-10-10,0.0,0.0,0.0,0.0,0.0,0.0,0.0,0.0,0.0,0.0,0.0,0.0,0.0,0.0,0.0
2019-10-11,0.3663123652406252,0.0,0.0,0.0,0.0,0.0,0.0,0.0,0.0,0.0,0.0,0.0,0.0,0.0,0.0
2019-10-12,0.3663123652406252,0.0,0.0,0.0,0.0,0.0,0.0,0.0,0.0,0.0,0.0,0.0,0.0,0.0,0.0
2019-10-13,0.3663123652406252,0.0,0.0,0.0,0.0,0.0,0.0,0.0,0.0,0.0,0.0,0.0,0.0,0.0,0.0
2019-10-14,0.3663123652406252,0.0,0.0,0.0,0.0,0.0,0.0,0.0,0.0,0.0,0.0,0.0,0.0,0.0,0.0
2019-10-15,0.3663123652406252,0.0,0.0,0.0,0.0,0.0,0.0,0.0,0.0,0.0,0.0,0.0,0.0,0.0,0.0
2019-10-16,0.3663123652406252,0.0,0.0,0.0,0.0,0.0,0.0,0.0,0.0,0.21965312727150957,0.0,0.0,0.0,0.0,0.0
2019-10-17,0.3663123652406252,0.0,0.0,0.0,0.0,0.38526461415482455,0.0,0.0,0.0,0.21965312727150957,0.0,0.0,0.0,0.0,0.0
2019-10-18,0.3663123652406252,0.0,0.0,0.0,0.0,0.38526461415482455,0.0,0.0,0.0,0.21965312727150957,0.0,0.0,0.0,0.0,0.0
2019-10-19,0.3663123652406252,0.0,0.0,0.0,0.0,0.38526461415482455,0.0,0.0,0.0,0.21965312727150957,0.0,0.0,0.0,0.0,0.0
2019-10-20,0.3663123652406252,0.0,0.0,0.0,0.0,0.38526461415482455,0.0,0.0,0.0,0.21965312727150957,0.0,0.0,0.0,0.0,0.0
2019-10-21,0.3663123652406252,0.0,0.0,0.0,0.0,0.0,0.0,0.0,0.0,0.21965312727150957,0.0,0.0,0.0,0.0,0.0
2019-10-22,0.3663123652406252,0.0,0.0,0.0,0.0,0.0,0.3637299764228335,0.0,0.0,0.21965312727150957,0.0,0.0,0.0,0.0,0.0
2019-10-23,0.3663123652406252,0.0,0.0,0.0,0.0,0.0,0.3637299764228335,0.0,0.0,0.21965312727150957,0.0,0.0,0.0,0.0,0.0
2019-10-24,0.3663123652406252,0.0,0.0,0.0,0.0,0.0,0.3637299764228335,0.0,0.0,0.21965312727150957,0.0,0.0,0.0,0.0,0.0
2019-10-25,0.3663123652406252,0.0,0.0,0.0,0.0,0.0,0.3637299764228335,0.0,0.0,0.21965312727150957,0.0,0.0,0.0,0.0,0.0
2019-10-26,0.3663123652406252,0.0,0.0,0.0,0.0,0.0,0.3637299764228335,0.0,0.0,0.21965312727150957,0.0,0.0,0.0,0.0,0.0
2019-10-27,0.3663123652406252,0.0,0.0,0.0,0.0,0.0,0.3637299764228335,0.0,0.0,0.21965312727150957,0.0,0.0,0.0,0.0,0.0
2019-10-28,0.2632638684527787,0.0,0.0,0.0,0.3174663846259716,0.0,0.2614079396484795,0.0,0.0,0.15786180727277013,0.0,0.0,0.0,0.0,0.0
2019-10-29,0.20622892109404703,0.0,0.0,0.0,0.24868870297249043,0.0,0.2047750710188832,0.0,0.21664555677135,0.12366174814322929,0.0,0.0,0.0,0.0,0.0
2019-10-30,0.0,0.0,0.0,0.0,0.0,0.0,0.2867426122571566,0.0,0.30336462623809574,0.17316117886051818,0.0,0.0,0.23673158264422955,0.0,0.0
2019-10-31,0.0,0.0,0.0,0.0,0.0,0.0,0.2867426122571566,0.0,0.30336462623809574,0.17316117886051818,0.0,0.0,0.23673158264422955,0.0,0.0
2019-11-01,0.0,0.0,0.0,0.0,0.0,0.0,0.2867426122571566,0.0,0.30336462623809574,0.17316117886051818,0.0,0.0,0.23673158264422955,0.0,0.0
2019-11-02,0.0,0.0,0.0,0.0,0.0,0.0,0.2867426122571566,0.0,0.30336462623809574,0.17316117886051818,0.0,0.0,0.23673158264422955,0.0,0.0
2019-11-03,0.0,0.0,0.0,0.0,0.0,0.0,0.2867426122571566,0.0,0.30336462623809574,0.17316117886051818,0.0,0.0,0.23673158264422955,0.0,0.0
2019-11-04,0.2366434357966688,0.0,0.0,0.0,0.0,0.0,0.21888685530331103,0.0,0.23157537878594048,0.13218372254836366,0.0,0.0,0.180710607565716,0.0,0.0
2019-11-05,0.2366434357966688,0.0,0.0,0.0,0.0,0.0,0.21888685530331103,0.0,0.23157537878594048,0.13218372254836366,0.0,0.0,0.180710607565716,0.0,0.0
2019-11-06,0.2366434357966688,0.0,0.0,0.0,0.0,0.0,0.21888685530331103,0.0,0.23157537878594048,0.13218372254836366,0.0,0.0,0.180710607565716,0.0,0.0
2019-11-07,0.2366434357966688,0.0,0.0,0.0,0.0,0.0,0.21888685530331103,0.0,0.23157537878594048,0.13218372254836366,0.0,0.0,0.180710607565716,0.0,0.0
2019-11-08,0.18482559492421097,0.0,0.0,0.0,0.21897011720612983,0.0,0.17095717494266385,0.0,0.1808672909511292,0.10323943732920592,0.0,0.0,0.14114038464666026,0.0,0.0
2019-11-09,0.18482559492421097,0.0,0.0,0.0,0.21897011720612983,0.0,0.17095717494266385,0.0,0.1808672909511292,0.10323943732920592,0.0,0.0,0.14114038464666026,0.0,0.0
2019-11-10,0.18482559492421097,0.0,0.0,0.0,0.21897011720612983,0.0,0.17095717494266385,0.0,0.1808672909511292,0.10323943732920592,0.0,0.0,0.14114038464666026,0.0,0.0
2019-11-11,0.18482559492421097,0.0,0.0,0.0,0.21897011720612983,0.0,0.17095717494266385,0.0,0.1808672909511292,0.10323943732920592,0.0,0.0,0.14114038464666026,0.0,0.0
2019-11-12,0.18482559492421097,0.0,0.0,0.0,0.21897011720612983,0.0,0.17095717494266385,0.0,0.1808672909511292,0.10323943732920592,0.0,0.0,0.14114038464666026,0.0,0.0
2019-11-13,0.18482559492421097,0.0,0.0,0.0,0.21897011720612983,0.0,0.17095717494266385,0.0,0.1808672909511292,0.10323943732920592,0.0,0.0,0.14114038464666026,0.0,0.0
2019-11-14,0.2229385374771545,0.0,0.0,0.0,0.2641240121594273,0.0,0.0,0.0,0.2181639904291078,0.12452847332954836,0.0,0.0,0.170244986604762,0.0,0.0
2019-11-15,0.2229385374771545,0.0,0.0,0.0,0.2641240121594273,0.0,0.0,0.0,0.2181639904291078,0.12452847332954836,0.0,0.0,0.170244986604762,0.0,0.0
2019-11-16,0.2229385374771545,0.0,0.0,0.0,0.2641240121594273,0.0,0.0,0.0,0.2181639904291078,0.12452847332954836,0.0,0.0,0.170244986604762,0.0,0.0
2019-11-17,0.2229385374771545,0.0,0.0,0.0,0.2641240121594273,0.0,0.0,0.0,0.2181639904291078,0.12452847332954836,0.0,0.0,0.170244986604762,0.0,0.0
2019-11-18,0.3161232948725788,0.0,0.0,0.0,0.3745236419134552,0.0,0.0,0.0,0.30935306321396605,0.0,0.0,0.0,0.0,0.0,0.0
2019-11-19,0.26159556255448163,0.0,0.0,0.0,0.30992250297718255,0.0,0.0,0.0,0.25599312012747594,0.17248881434085983,0.0,0.0,0.0,0.0,0.0
2019-11-20,0.21372401432188073,0.0,0.0,0.0,0.25320720587977613,0.0,0.0,0.1829983191042504,0.20914680944189543,0.14092365125219738,0.0,0.0,0.0,0.0,0.0
2019-11-21,0.0,0.0,0.0,0.0,0.0,0.0,0.0,0.33670351679134236,0.3848148256742064,0.259289206632879,0.0,0.0,0.0,0.0,0.0
2019-11-22,0.0,0.0,0.0,0.0,0.0,0.0,0.0,0.33670351679134236,0.3848148256742064,0.259289206632879,0.0,0.0,0.0,0.0,0.0
2019-11-23,0.0,0.0,0.0,0.0,0.0,0.0,0.0,0.33670351679134236,0.3848148256742064,0.259289206632879,0.0,0.0,0.0,0.0,0.0
2019-11-24,0.0,0.0,0.0,0.0,0.0,0.0,0.0,0.33670351679134236,0.3848148256742064,0.259289206632879,0.0,0.0,0.0,0.0,0.0
2019-11-25,0.0,0.0,0.0,0.0,0.0,0.3224482331754684,0.0,0.23259819207928345,0.2658339704618925,0.17911960428335555,0.0,0.0,0.0,0.0,0.0
2019-11-26,0.0,0.0,0.0,0.0,0.0,0.19572407521731955,0.2410319863325332,0.14118565821746834,0.16135956931011822,0.10872448751354853,0.0,0.0,0.15197422340901232,0.0,0.0
2019-11-27,0.0,0.0,0.0,0.0,0.0,0.19572407521731955,0.2410319863325332,0.14118565821746834,0.16135956931011822,0.10872448751354853,0.0,0.0,0.15197422340901232,0.0,0.0
2019-11-28,0.0,0.0,0.0,0.0,0.0,0.19572407521731955,0.2410319863325332,0.14118565821746834,0.16135956931011822,0.10872448751354853,0.0,0.0,0.15197422340901232,0.0,0.0
2019-11-29,0.0,0.0,0.0,0.0,0.0,0.16146387532237838,0.19884093740991915,0.11647204612116102,0.13311464801779332,0.0896929878293462,0.0,0.0,0.12537214460450113,0.17504336069490087,0.0
2019-11-30,0.0,0.0,0.0,0.0,0.0,0.16146387532237838,0.19884093740991915,0.11647204612116102,0.13311464801779332,0.0896929878293462,0.0,0.0,0.12537214460450113,0.17504336069490087,0.0
2019-12-01,0.0,0.0,0.0,0.0,0.0,0.16146387532237838,0.19884093740991915,0.11647204612116102,0.13311464801779332,0.0896929878293462,0.0,0.0,0.12537214460450113,0.17504336069490087,0.0
2019-12-02,0.0,0.0,0.0,0.0,0.0,0.16146387532237838,0.19884093740991915,0.11647204612116102,0.13311464801779332,0.0896929878293462,0.0,0.0,0.12537214460450113,0.17504336069490087,0.0
2019-12-03,0.0,0.0,0.0,0.0,0.0,0.2681460475648721,0.33021882668249186,0.19342728369937887,0.0,0.0,0.0,0.0,0.20820784205325726,0.0,0.0
2019-12-04,0.0,0.0,0.0,0.0,0.0,0.46676826299805463,0.0,0.0,0.0,0.0,0.0,0.0,0.0,0.0,0.0
2019-12-05,0.0,0.0,0.0,0.0,0.0,0.46676826299805463,0.0,0.0,0.0,0.0,0.0,0.0,0.0,0.0,0.0
2019-12-06,0.0,0.0,0.0,0.0,0.0,0.43697988612044153,0.5630201138795586,0.0,0.0,0.0,0.0,0.0,0.0,0.0,0.0
2019-12-07,0.0,0.0,0.0,0.0,0.0,0.43697988612044153,0.5630201138795586,0.0,0.0,0.0,0.0,0.0,0.0,0.0,0.0
2019-12-08,0.0,0.0,0.0,0.0,0.0,0.43697988612044153,0.5630201138795586,0.0,0.0,0.0,0.0,0.0,0.0,0.0,0.0
2019-12-09,0.22693788370683723,0.0,0.0,0.0,0.25352063310871686,0.2270291781567844,0.2925123050276614,0.0,0.0,0.0,0.0,0.0,0.0,0.0,0.0
2019-12-10,0.22693788370683723,0.0,0.0,0.0,0.25352063310871686,0.2270291781567844,0.2925123050276614,0.0,0.0,0.0,0.0,0.0,0.0,0.0,0.0
2019-12-11,0.22693788370683723,0.0,0.0,0.0,0.25352063310871686,0.2270291781567844,0.2925123050276614,0.0,0.0,0.0,0.0,0.0,0.0,0.0,0.0
2019-12-12,0.22693788370683723,0.0,0.0,0.0,0.25352063310871686,0.2270291781567844,0.2925123050276614,0.0,0.0,0.0,0.0,0.0,0.0,0.0,0.0
2019-12-13,0.17243956719860704,0.0,0.0,0.0,0.19263856494607326,0.17250893761477282,0.0,0.0,0.23071435692653994,0.09465598710730226,0.0,0.0,0.13704258620670454,0.0,0.0
2019-12-14,0.17243956719860704,0.0,0.0,0.0,0.19263856494607326,0.17250893761477282,0.0,0.0,0.23071435692653994,0.09465598710730226,0.0,0.0,0.13704258620670454,0.0,0.0
2019-12-15,0.17243956719860704,0.0,0.0,0.0,0.19263856494607326,0.17250893761477282,0.0,0.0,0.23071435692653994,0.09465598710730226,0.0,0.0,0.13704258620670454,0.0,0.0
2019-12-16,0.14370685978119047,0.0,0.0,0.0,0.1605402036834776,0.14376467136603058,0.0,0.0,0.19227162465655753,0.07888395272421642,0.0,0.0,0.1142078934666781,0.1666247943218492,0.0
2019-12-17,0.14370685978119047,0.0,0.0,0.0,0.1605402036834776,0.14376467136603058,0.0,0.0,0.19227162465655753,0.07888395272421642,0.0,0.0,0.1142078934666781,0.1666247943218492,0.0
2019-12-18,0.14370685978119047,0.0,0.0,0.0,0.1605402036834776,0.14376467136603058,0.0,0.0,0.19227162465655753,0.07888395272421642,0.0,0.0,0.1142078934666781,0.1666247943218492,0.0
2019-12-19,0.14370685978119047,0.0,0.0,0.0,0.1605402036834776,0.14376467136603058,0.0,0.0,0.19227162465655753,0.07888395272421642,0.0,0.0,0.1142078934666781,0.1666247943218492,0.0
2019-12-20,0.12798963051698237,0.0,0.0,0.0,0.14298191042414535,0.12804111924476164,0.0,0.10937006965526429,0.171242863675139,0.0702564093200863,0.0,0.0,0.10171696820304651,0.14840102896057447,0.0
2019-12-21,0.12798963051698237,0.0,0.0,0.0,0.14298191042414535,0.12804111924476164,0.0,0.10937006965526429,0.171242863675139,0.0702564093200863,0.0,0.0,0.10171696820304651,0.14840102896057447,0.0
2019-12-22,0.12798963051698237,0.0,0.0,0.0,0.14298191042414535,0.12804111924476164,0.0,0.10937006965526429,0.171242863675139,0.0702564093200863,0.0,0.0,0.10171696820304651,0.14840102896057447,0.0
2019-12-23,0.12798963051698237,0.0,0.0,0.0,0.14298191042414535,0.12804111924476164,0.0,0.10937006965526429,0.171242863675139,0.0702564093200863,0.0,0.0,0.10171696820304651,0.14840102896057447,0.0
2019-12-24,0.12798963051698237,0.0,0.0,0.0,0.14298191042414535,0.12804111924476164,0.0,0.10937006965526429,0.171242863675139,0.0702564093200863,0.0,0.0,0.10171696820304651,0.14840102896057447,0.0
2019-12-25,0.12798963051698237,0.0,0.0,0.0,0.14298191042414535,0.12804111924476164,0.0,0.10937006965526429,0.171242863675139,0.0702564093200863,0.0,0.0,0.10171696820304651,0.14840102896057447,0.0
2019-12-26,0.12798963051698237,0.0,0.0,0.0,0.14298191042414535,0.12804111924476164,0.0,0.10937006965526429,0.171242863675139,0.0702564093200863,0.0,0.0,0.10171696820304651,0.14840102896057447,0.0
2019-12-27,0.1115014017171446,0.0,0.0,0.0,0.12456230530622599,0.11154625742378921,0.12882472379393284,0.09528050064060167,0.14918254906050712,0.06120564679467269,0.0,0.0,0.08861330786913281,0.12928330739399305,0.0
2019-12-28,0.1115014017171446,0.0,0.0,0.0,0.12456230530622599,0.11154625742378921,0.12882472379393284,0.09528050064060167,0.14918254906050712,0.06120564679467269,0.0,0.0,0.08861330786913281,0.12928330739399305,0.0
2019-12-29,0.1115014017171446,0.0,0.0,0.0,0.12456230530622599,0.11154625742378921,0.12882472379393284,0.09528050064060167,0.14918254906050712,0.06120564679467269,0.0,0.0,0.08861330786913281,0.12928330739399305,0.0
2019-12-30,0.1115014017171446,0.0,0.0,0.0,0.12456230530622599,0.11154625742378921,0.12882472379393284,0.09528050064060167,0.14918254906050712,0.06120564679467269,0.0,0.0,0.08861330786913281,0.12928330739399305,0.0
2019-12-31,0.13694057118587122,0.0,0.0,0.0,0.0,0.13699566077213887,0.15821622856325676,0.11701885339252666,0.183218714425981,0.0,0.0,0.0,0.10883053313582379,0.15877943852440168,0.0
2020-01-01,0.13694057118587122,0.0,0.0,0.0,0.0,0.13699566077213887,0.15821622856325676,0.11701885339252666,0.183218714425981,0.0,0.0,0.0,0.10883053313582379,0.15877943852440168,0.0
2020-01-02,0.16765880120481935,0.0,0.0,0.0,0.0,0.1677262483748765,0.19370697071256388,0.14326828425101334,0.0,0.0,0.0,0.0,0.13324317667163454,0.1943965187850924,0.0
2020-01-03,0.1148298321567188,0.0,0.0,0.0,0.14883081550958238,0.11487602685190601,0.1326702730466068,0.09812472065708676,0.16626728055495016,0.0,0.0,0.0,0.09125850538881233,0.13314254583433663,0.0
2020-01-04,0.1148298321567188,0.0,0.0,0.0,0.14883081550958238,0.11487602685190601,0.1326702730466068,0.09812472065708676,0.16626728055495016,0.0,0.0,0.0,0.09125850538881233,0.13314254583433663,0.0
2020-01-05,0.1148298321567188,0.0,0.0,0.0,0.14883081550958238,0.11487602685190601,0.1326702730466068,0.09812472065708676,0.16626728055495016,0.0,0.0,0.0,0.09125850538881233,0.13314254583433663,0.0
2020-01-06,0.31739766781855094,0.0,0.0,0.0,0.41137875807223756,0.0,0.0,0.27122357410921144,0.0,0.0,0.0,0.0,0.0,0.0,0.0
2020-01-07,0.0,0.0,0.0,0.0,0.0,0.0,0.0,0.0,0.0,0.0,0.0,0.0,0.0,0.0,0.0
2020-01-08,0.0,0.0,0.0,0.0,0.0,0.0,0.0,0.3776654274228217,0.0,0.0,0.0,0.0,0.0,0.0,0.0
2020-01-09,0.21856399468760682,0.0,0.0,0.0,0.2886905447467739,0.0,0.0,0.19001823220932706,0.0,0.0,0.0,0.0,0.0,0.30272722835629223,0.0
2020-01-10,0.15079944359065806,0.0,0.0,0.0,0.1991836467846458,0.0,0.0,0.13110413602296672,0.1955804016488297,0.11446403725248387,0.0,0.0,0.0,0.20886833470041577,0.0
2020-01-11,0.15079944359065806,0.0,0.0,0.0,0.1991836467846458,0.0,0.0,0.13110413602296672,0.1955804016488297,0.11446403725248387,0.0,0.0,0.0,0.20886833470041577,0.0
2020-01-12,0.15079944359065806,0.0,0.0,0.0,0.1991836467846458,0.0,0.0,0.13110413602296672,0.1955804016488297,0.11446403725248387,0.0,0.0,0.0,0.20886833470041577,0.0
2020-01-13,0.15079944359065806,0.0,0.0,0.0,0.1991836467846458,0.0,0.0,0.13110413602296672,0.1955804016488297,0.11446403725248387,0.0,0.0,0.0,0.20886833470041577,0.0
2020-01-14,0.15079944359065806,0.0,0.0,0.0,0.1991836467846458,0.0,0.0,0.13110413602296672,0.1955804016488297,0.11446403725248387,0.0,0.0,0.0,0.20886833470041577,0.0
2020-01-15,0.15079944359065806,0.0,0.0,0.0,0.1991836467846458,0.0,0.0,0.13110413602296672,0.1955804016488297,0.11446403725248387,0.0,0.0,0.0,0.20886833470041577,0.0
2020-01-16,0.19061232182326265,0.0,0.0,0.0,0.2517705402541552,0.0,0.0,0.16571721468552325,0.24721599479243153,0.1446839284446273,0.0,0.0,0.0,0.0,0.0
2020-01-17,0.11160609370452072,0.0,0.0,0.0,0.14741505816028408,0.146345881671799,0.0,0.09702967160640041,0.1447483101624608,0.0847143978997404,0.0,0.0,0.10412501205232345,0.1640155747424711,0.0
2020-01-18,0.11160609370452072,0.0,0.0,0.0,0.14741505816028408,0.146345881671799,0.0,0.09702967160640041,0.1447483101624608,0.0847143978997404,0.0,0.0,0.10412501205232345,0.1640155747424711,0.0
2020-01-19,0.11160609370452072,0.0,0.0,0.0,0.14741505816028408,0.146345881671799,0.0,0.09702967160640041,0.1447483101624608,0.0847143978997404,0.0,0.0,0.10412501205232345,0.1640155747424711,0.0
2020-01-20,0.11160609370452072,0.0,0.0,0.0,0.14741505816028408,0.146345881671799,0.0,0.09702967160640041,0.1447483101624608,0.0847143978997404,0.0,0.0,0.10412501205232345,0.1640155747424711,0.0
2020-01-21,0.13350259925014746,0.0,0.0,0.0,0.17633708680023819,0.1750581437288338,0.0,0.11606636281113727,0.17314713742169352,0.10133489971854888,0.0,0.0,0.12455377026940097,0.0,0.0
2020-01-22,0.11069534270288263,0.023217102495062102,0.0,0.0,0.146212091481498,0.14515163990690869,0.0,0.09623787012253068,0.1435671052291988,0.08402309404544889,0.0,0.0,0.103275309711936,0.14762044430453436,0.0
2020-01-23,0.12949120320103102,0.027159322727757004,0.0,0.0,0.17103862896289088,0.0,0.0,0.11257887903306096,0.1679445290315169,0.0982900570064835,0.0,0.0,0.1208112625971342,0.1726861174401256,0.0
2020-01-24,0.12949120320103102,0.027159322727757004,0.0,0.0,0.17103862896289088,0.0,0.0,0.11257887903306096,0.1679445290315169,0.0982900570064835,0.0,0.0,0.1208112625971342,0.1726861174401256,0.0
2020-01-25,0.12949120320103102,0.027159322727757004,0.0,0.0,0.17103862896289088,0.0,0.0,0.11257887903306096,0.1679445290315169,0.0982900570064835,0.0,0.0,0.1208112625971342,0.1726861174401256,0.0
2020-01-26,0.12949120320103102,0.027159322727757004,0.0,0.0,0.17103862896289088,0.0,0.0,0.11257887903306096,0.1679445290315169,0.0982900570064835,0.0,0.0,0.1208112625971342,0.1726861174401256,0.0
2020-01-27,0.21802664934447,0.04572863628122365,0.0,0.0,0.2879807914315079,0.0,0.0,0.0,0.28277120016894824,0.1654927227738503,0.0,0.0,0.0,0.0,0.0
2020-01-28,0.0,0.09111067115422689,0.0,0.0,0.0,0.0,0.0,0.0,0.0,0.0,0.0,0.0,0.0,0.0,0.0
2020-01-29,0.0,0.09111067115422689,0.13143338254613887,0.0,0.0,0.0,0.0,0.0,0.0,0.0,0.0,0.0,0.0,0.0,0.0
2020-01-30,0.35992797358308815,0.09111067115422689,0.13143338254613887,0.0,0.0,0.0,0.0,0.41195846962406374,0.0,0.0,0.0,0.0,0.0,0.0,0.0
2020-01-31,0.327412231216385,0.08287977128663335,0.11955974582179567,0.08605500320802702,0.0,0.0,0.0,0.0,0.384093248467159,0.0,0.0,0.0,0.0,0.0,0.0
2020-02-01,0.327412231216385,0.08287977128663335,0.11955974582179567,0.08605500320802702,0.0,0.0,0.0,0.0,0.384093248467159,0.0,0.0,0.0,0.0,0.0,0.0
2020-02-02,0.327412231216385,0.08287977128663335,0.11955974582179567,0.08605500320802702,0.0,0.0,0.0,0.0,0.384093248467159,0.0,0.0,0.0,0.0,0.0,0.0
2020-02-03,0.0,0.09111067115422689,0.13143338254613887,0.09460123956359169,0.0,0.0,0.0,0.0,0.4222380577357359,0.0,0.0,0.0,0.0,0.0,0.0
2020-02-04,0.0,0.09111067115422689,0.13143338254613887,0.09460123956359169,0.0,0.0,0.0,0.0,0.4222380577357359,0.0,0.0,0.0,0.0,0.0,0.0
2020-02-05,0.0,0.06753605676297796,0.09742538685902792,0.07012345100827852,0.0,0.38173728420782554,0.0,0.0,0.3129852197714523,0.0,0.0,0.0,0.0,0.0,0.07019260139043774
2020-02-06,0.0,0.06753605676297796,0.09742538685902792,0.07012345100827852,0.0,0.38173728420782554,0.0,0.0,0.3129852197714523,0.0,0.0,0.0,0.0,0.0,0.07019260139043774
2020-02-07,0.0,0.06753605676297796,0.09742538685902792,0.07012345100827852,0.0,0.38173728420782554,0.0,0.0,0.3129852197714523,0.0,0.0,0.0,0.0,0.0,0.07019260139043774
2020-02-08,0.0,0.06753605676297796,0.09742538685902792,0.07012345100827852,0.0,0.38173728420782554,0.0,0.0,0.3129852197714523,0.0,0.0,0.0,0.0,0.0,0.07019260139043774
2020-02-09,0.0,0.06753605676297796,0.09742538685902792,0.07012345100827852,0.0,0.38173728420782554,0.0,0.0,0.3129852197714523,0.0,0.0,0.0,0.0,0.0,0.07019260139043774
2020-02-10,0.0,0.06753605676297796,0.09742538685902792,0.07012345100827852,0.0,0.38173728420782554,0.0,0.0,0.3129852197714523,0.0,0.0,0.0,0.0,0.0,0.07019260139043774
2020-02-11,0.0,0.08875100618856671,0.12802940423949957,0.09215117276155523,0.35150862807871014,0.0,0.0,0.0,0.0,0.24731774353412683,0.0,0.0,0.0,0.0,0.09224204519754145
2020-02-12,0.0,0.08875100618856671,0.12802940423949957,0.09215117276155523,0.35150862807871014,0.0,0.0,0.0,0.0,0.24731774353412683,0.0,0.0,0.0,0.0,0.09224204519754145
2020-02-13,0.0,0.07603648899198526,0.10968784247272266,0.0,0.3011513117125407,0.0,0.0,0.0,0.0,0.21188686969700893,0.0,0.0,0.2222100872632651,0.0,0.07902739986247738
2020-02-14,0.0,0.07603648899198526,0.10968784247272266,0.0,0.3011513117125407,0.0,0.0,0.0,0.0,0.21188686969700893,0.0,0.0,0.2222100872632651,0.0,0.07902739986247738
2020-02-15,0.0,0.07005831560618442,0.10106391796871954,0.07862242806122952,0.27747406437187655,0.0,0.0,0.0,0.0,0.19522780952713673,0.0,0.0,0.20473939066292948,0.0,0.07281407380192373
2020-02-16,0.0,0.07556015856869007,0.10900070321724134,0.08479683075391427,0.2992647499619179,0.0,0.0,0.0,0.0,0.21055950485321526,0.0,0.0,0.22081805264502113,0.0,0.0
2020-02-17,0.0,0.0,0.0,0.0,0.36085435417720996,0.0,0.0,0.0,0.0,0.2538932973206797,0.0,0.0,0.26626308573939333,0.0,0.0
2020-02-18,0.0,0.0,0.0,0.0,0.2949892802953613,0.0,0.0,0.0,0.0,0.20755132973028595,0.0,0.0,0.2176633179626637,0.2797960720116891,0.0
2020-02-19,0.0,0.0,0.0,0.0,0.2949892802953613,0.0,0.0,0.0,0.0,0.20755132973028595,0.0,0.0,0.2176633179626637,0.2797960720116891,0.0
2020-02-20,0.0,0.0,0.0,0.0,0.2949892802953613,0.0,0.0,0.0,0.0,0.20755132973028595,0.0,0.0,0.2176633179626637,0.2797960720116891,0.0
2020-02-21,0.0,0.0,0.0,0.0,0.36085435417720996,0.0,0.0,0.0,0.0,0.0,0.0,0.0,0.26626308573939333,0.3422688131785848,0.0
2020-02-22,0.0,0.0,0.0,0.0,0.36085435417720996,0.0,0.0,0.0,0.0,0.0,0.0,0.0,0.26626308573939333,0.3422688131785848,0.0
2020-02-23,0.0,0.0,0.0,0.0,0.36085435417720996,0.0,0.0,0.0,0.0,0.0,0.0,0.0,0.26626308573939333,0.3422688131785848,0.0
2020-02-24,0.0,0.0,0.0,0.0,0.0,0.0,0.0,0.0,0.0,0.0,0.0,0.0,0.26626308573939333,0.0,0.0
2020-02-25,0.0,0.0,0.0,0.0,0.0,0.0,0.0,0.0,0.0,0.0,0.0,0.0,0.0,0.0,0.0
2020-02-26,0.0,0.0,0.0,0.0,0.0,0.0,0.0,0.0,0.0,0.0,0.0,0.0,0.0,0.0,0.0
2020-02-27,0.0,0.0,0.0,0.0,0.0,0.0,0.0,0.0,0.0,0.0,0.0,0.0,0.0,0.0,0.0
2020-02-28,0.0,0.0,0.0,0.0,0.0,0.0,0.0,0.0,0.0,0.0,0.0,0.0,0.0,0.0,0.0
2020-02-29,0.0,0.0,0.0,0.0,0.0,0.0,0.0,0.0,0.0,0.0,0.0,0.0,0.0,0.0,0.0
2020-03-01,0.0,0.0,0.0,0.0,0.0,0.0,0.0,0.0,0.0,0.0,0.0,0.0,0.0,0.0,0.0
2020-03-02,0.0,0.0,0.0,0.0,0.0,0.0,0.0,0.0,0.0,0.0,0.0,0.0,0.0,0.0,0.0
2020-03-03,0.0,0.0,0.0,0.0,0.0,0.0,0.0,0.0,0.0,0.0,0.0,0.0,0.0,0.0,0.0
2020-03-04,0.0,0.0,0.0,0.0,0.0,0.0,0.0,0.0,0.0,0.0,0.0,0.0,0.0,0.0,0.0
2020-03-05,0.0,0.0,0.0,0.0,0.0,0.0,0.0,0.0,0.0,0.0,0.0,0.0,0.0,0.0,0.0
2020-03-06,0.0,0.0,0.0,0.0,0.0,0.0,0.0,0.0,0.0,0.0,0.0,0.0,0.0,0.0,0.0
2020-03-07,0.0,0.0,0.0,0.0,0.0,0.0,0.0,0.0,0.0,0.0,0.0,0.0,0.0,0.0,0.0
2020-03-08,0.0,0.0,0.0,0.0,0.0,0.0,0.0,0.0,0.0,0.0,0.0,0.0,0.0,0.0,0.0
2020-03-09,0.0,0.0,0.0,0.0,0.0,0.0,0.0,0.0,0.0,0.0,0.0,0.0,0.0,0.0,0.0
2020-03-10,0.0,0.0,0.0,0.0,0.0,0.0,0.0,0.0,0.0,0.0,0.0,0.0,0.0,0.0,0.0
2020-03-11,0.0,0.0,0.0,0.0,0.0,0.0,0.0,0.0,0.0,0.0,0.0,0.0,0.0,0.0,0.0
2020-03-12,0.0,0.0,0.0,0.0,0.0,0.0,0.0,0.0,0.0,0.0,0.0,0.0,0.0,0.0,0.0
2020-03-13,0.0,0.0,0.0,0.0,0.0,0.0,0.0,0.0,0.0,0.0,0.0,0.0,0.0,0.0,0.0
2020-03-14,0.0,0.0,0.0,0.0,0.0,0.0,0.0,0.0,0.0,0.0,0.0,0.0,0.0,0.0,0.0
2020-03-15,0.0,0.0,0.0,0.0,0.0,0.0,0.0,0.0,0.0,0.0,0.0,0.0,0.0,0.0,0.0
2020-03-16,0.0,0.0,0.0,0.0,0.0,0.0,0.0,0.0,0.0,0.0,0.0,0.0,0.0,0.0,0.0
2020-03-17,0.0,0.0,0.0,0.0,0.0,0.0,0.0,0.0,0.0,0.0,0.0,0.0,0.0,0.0,0.0
2020-03-18,0.0,0.0,0.0,0.0,0.0,0.0,0.0,0.0,0.0,0.0,0.0,0.0,0.0,0.0,0.0
2020-03-19,0.0,0.0,0.0,0.0,0.0,0.0,0.0,0.0,0.0,0.0,0.0,0.0,0.0,0.0,0.0
2020-03-20,0.0,0.0,0.0,0.0,0.0,0.0,0.0,0.0,0.0,0.0,0.0,0.0,0.0,0.0,0.0
2020-03-21,0.0,0.0,0.0,0.0,0.0,0.0,0.0,0.0,0.0,0.0,0.0,0.0,0.0,0.0,0.0
2020-03-22,0.0,0.0,0.0,0.0,0.0,0.0,0.0,0.0,0.0,0.0,0.0,0.0,0.0,0.0,0.0
2020-03-23,0.0,0.0,0.0,0.0,0.0,0.0,0.0,0.0,0.0,0.0,0.0,0.0,0.0,0.0,0.0
2020-03-24,0.0,0.0,0.0,0.0,0.0,0.0,0.0,0.0,0.0,0.0,0.0,0.0,0.0,0.0,0.0
2020-03-25,0.0,0.0,0.0,0.0,0.0,0.0,0.0,0.0,0.0,0.0,0.0,0.0,0.0,0.0,0.0
2020-03-26,0.0,0.0,0.0,0.0,0.0,0.0,0.0,0.0,0.0,0.0,0.0,0.0,0.0,0.0,0.0
2020-03-27,0.0,0.0,0.0,0.0,0.0,0.0,0.0,0.0,0.0,0.0,0.0,0.0,0.0,0.0,0.0
2020-03-28,0.0,0.0,0.0,0.0,0.0,0.0,0.0,0.0,0.0,0.0,0.0,0.0,0.0,0.0,0.0
2020-03-29,0.0,0.0,0.0,0.0,0.0,0.0,0.0,0.0,0.0,0.0,0.0,0.0,0.0,0.0,0.0
2020-03-30,0.0,0.0,0.0,0.0,0.0,0.0,0.0,0.0,0.0,0.0,0.0,0.0,0.0,0.0,0.0
2020-03-31,0.0,0.0,0.0,0.0,0.0,0.0,0.0,0.0,0.0,0.0,0.0,0.0,0.0,0.0,0.0
2020-04-01,0.0,0.0,0.0,0.0,0.0,0.0,0.0,0.0,0.0,0.0,0.0,0.0,0.0,0.0,0.0
2020-04-02,0.0,0.0,0.0,0.0,0.0,0.0,0.0,0.0,0.0,0.0,0.0,0.0,0.0,0.0,0.0
2020-04-03,0.0,0.0,0.0,0.0,0.0,0.0,0.0,0.0,0.0,0.0,0.0,0.0,0.0,0.0,0.0
2020-04-04,0.0,0.0,0.0,0.0,0.0,0.0,0.0,0.0,0.0,0.0,0.0,0.0,0.0,0.0,0.0
2020-04-05,0.0,0.0,0.0,0.0,0.0,0.0,0.0,0.0,0.0,0.0,0.0,0.0,0.0,0.0,0.0
2020-04-06,0.0,0.0,0.0,0.0,0.0,0.0,0.0,0.0,0.0,0.0,0.0,0.0,0.0,0.0,0.0
2020-04-07,0.0,0.0,0.0,0.0,0.0,0.0,0.0,0.0,0.0,0.0,0.0,0.0,0.0,0.0,0.0
2020-04-08,0.0,0.0,0.0,0.0,0.0,0.0,0.0,0.0,0.0,0.0,0.0,0.0,0.0,0.0,0.0
2020-04-09,0.0,0.0,0.0,0.0,0.0,0.0,0.0,0.0,0.0,0.0,0.0,0.0,0.0,0.0,0.0
2020-04-10,0.0,0.0,0.0,0.0,0.0,0.0,0.0,0.0,0.0,0.0,0.0,0.0,0.0,0.0,0.0
2020-04-11,0.0,0.0,0.0,0.0,0.0,0.0,0.0,0.0,0.0,0.0,0.0,0.0,0.0,0.0,0.0
2020-04-12,0.0,0.0,0.0,0.0,0.0,0.0,0.0,0.0,0.0,0.0,0.0,0.0,0.0,0.0,0.0
2020-04-13,0.0,0.0,0.0,0.0,0.0,0.0,0.0,0.0,0.0,0.0,0.0,0.0,0.0,0.0,0.0
2020-04-14,0.0,0.0,0.0,0.0,0.0,0.0,0.0,0.0,0.0,0.0,0.0,0.0,0.0,0.0,0.0
2020-04-15,0.0,0.0,0.0,0.0,0.0,0.0,0.0,0.0,0.0,0.0,0.0,0.0,0.0,0.0,0.0
2020-04-16,0.0,0.0,0.0,0.0,0.0,0.0,0.0,0.0,0.0,0.0,0.0,0.0,0.0,0.0,0.0
2020-04-17,0.0,0.0,0.0,0.0,0.0,0.0,0.0,0.0,0.0,0.0,0.0,0.0,0.0,0.0,0.0
2020-04-18,0.0,0.0,0.0,0.0,0.0,0.0,0.0,0.0,0.0,0.0,0.0,0.0,0.0,0.0,0.0
2020-04-19,0.0,0.0,0.0,0.0,0.0,0.0,0.0,0.0,0.0,0.0,0.0,0.0,0.0,0.0,0.0
2020-04-20,0.0,0.0,0.0,0.0,0.0,0.0,0.0,0.0,0.0,0.0,0.0,0.0,0.0,0.0,0.0
2020-04-21,0.0,0.0,0.0,0.0,0.0,0.0,0.0,0.0,0.0,0.0,0.0,0.0,0.0,0.0,0.0
2020-04-22,0.0,0.0,0.0,0.0,0.0,0.0,0.0,0.0,0.0,0.0,0.0,0.0,0.0,0.0,0.0
2020-04-23,0.0,0.0,0.0,0.0,0.0,0.0,0.0,0.0,0.0,0.0,0.0,0.0,0.0,0.0,0.0
2020-04-24,0.0,0.0,0.0,0.0,0.0,0.19138513176080316,0.0,0.0,0.0,0.0,0.0,0.0,0.0,0.0,0.0
2020-04-25,0.0,0.0,0.0,0.0,0.0,0.19138513176080316,0.0,0.0,0.0,0.0,0.0,0.0,0.0,0.0,0.0
2020-04-26,0.0,0.0,0.0,0.0,0.0,0.19138513176080316,0.0,0.0,0.0,0.0,0.0,0.0,0.0,0.0,0.0
2020-04-27,0.0,0.0,0.0,0.0,0.0,0.19138513176080316,0.0,0.0,0.0,0.0,0.0,0.0,0.0,0.0,0.0
2020-04-28,0.0,0.0,0.0,0.0,0.0,0.19138513176080316,0.0,0.0,0.0,0.0,0.0,0.0,0.0,0.0,0.0
2020-04-29,0.0,0.0,0.0,0.0,0.0,0.19138513176080316,0.0,0.0,0.0,0.0,0.0,0.0,0.0,0.0,0.0
2020-04-30,0.0,0.0,0.0,0.0,0.0,0.19138513176080316,0.0,0.0,0.0,0.0,0.0,0.0,0.0,0.0,0.0
2020-05-01,0.0,0.0,0.0,0.0,0.0,0.0,0.0,0.0,0.0,0.0,0.0,0.0,0.0,0.0,0.0
2020-05-02,0.0,0.0,0.0,0.0,0.0,0.0,0.0,0.0,0.0,0.0,0.0,0.0,0.0,0.0,0.0
2020-05-03,0.0,0.0,0.0,0.0,0.0,0.0,0.0,0.0,0.0,0.0,0.0,0.0,0.0,0.0,0.0
2020-05-04,0.0,0.0,0.0,0.0,0.0,0.0,0.0,0.0,0.0,0.0,0.0,0.0,0.0,0.0,0.0
2020-05-05,0.0,0.0,0.0,0.0,0.0,0.0,0.0,0.0,0.0,0.0,0.0,0.0,0.0,0.0,0.0
2020-05-06,0.0,0.0,0.0,0.0,0.0,0.0,0.0,0.0,0.0,0.0,0.0,0.0,0.0,0.0,0.0
2020-05-07,0.0,0.0,0.0,0.0,0.0,0.0,0.0,0.0,0.0,0.0,0.0,0.0,0.0,0.0,0.0
2020-05-08,0.0,0.0,0.11052734684119839,0.0,0.0,0.0,0.0,0.0,0.0,0.0,0.0,0.0,0.0,0.0,0.0
2020-05-09,0.0,0.0,0.11052734684119839,0.0,0.0,0.0,0.0,0.0,0.0,0.0,0.0,0.0,0.0,0.0,0.0
2020-05-10,0.0,0.0,0.11052734684119839,0.0,0.0,0.0,0.0,0.0,0.0,0.0,0.0,0.0,0.0,0.0,0.0
2020-05-11,0.0,0.0,0.0,0.0,0.0,0.0,0.0,0.0,0.0,0.0,0.0,0.0,0.0,0.0,0.0
2020-05-12,0.0,0.0,0.0,0.0,0.0,0.0,0.0,0.0,0.25406815336128186,0.1842226859397898,0.0,0.0,0.0,0.0,0.0
2020-05-13,0.0,0.0,0.0,0.0,0.0,0.0,0.0,0.0,0.25406815336128186,0.1842226859397898,0.0,0.0,0.0,0.0,0.0
2020-05-14,0.0,0.0,0.0,0.0,0.0,0.0,0.0,0.0,0.0,0.0,0.0,0.0,0.0,0.0,0.0
2020-05-15,0.0,0.0,0.0,0.0,0.0,0.0,0.0,0.0,0.0,0.0,0.0,0.0,0.0,0.0,0.0
2020-05-16,0.0,0.0,0.0,0.0,0.0,0.0,0.0,0.0,0.0,0.0,0.0,0.0,0.0,0.0,0.0
2020-05-17,0.0,0.0,0.0,0.0,0.0,0.0,0.0,0.0,0.0,0.0,0.0,0.0,0.0,0.0,0.0
2020-05-18,0.0,0.0,0.0,0.0,0.0,0.0,0.0,0.0,0.0,0.17920062299168285,0.0,0.0,0.0,0.0,0.0
2020-05-19,0.0,0.0,0.0,0.0,0.0,0.0,0.0,0.0,0.0,0.17920062299168285,0.0,0.0,0.0,0.0,0.0
2020-05-20,0.0,0.08070798976400344,0.0,0.0,0.0,0.0,0.0,0.1991551759867876,0.0,0.17920062299168285,0.0,0.0,0.0,0.0,0.0
2020-05-21,0.0,0.08070798976400344,0.0,0.0,0.0,0.0,0.0,0.1991551759867876,0.0,0.17920062299168285,0.0,0.0,0.0,0.0,0.0
2020-05-22,0.0,0.08070798976400344,0.0,0.0,0.0,0.0,0.0,0.1991551759867876,0.0,0.17920062299168285,0.0,0.0,0.0,0.0,0.0
2020-05-23,0.0,0.08070798976400344,0.0,0.0,0.0,0.0,0.0,0.1991551759867876,0.0,0.17920062299168285,0.0,0.0,0.0,0.0,0.0
2020-05-24,0.0,0.08070798976400344,0.0,0.0,0.0,0.0,0.0,0.1991551759867876,0.0,0.17920062299168285,0.0,0.0,0.0,0.0,0.0
2020-05-25,0.0,0.08070798976400344,0.0,0.0,0.0,0.0,0.0,0.1991551759867876,0.0,0.17920062299168285,0.0,0.0,0.0,0.0,0.0
2020-05-26,0.0,0.08070798976400344,0.0,0.0,0.0,0.0,0.0,0.1991551759867876,0.0,0.17920062299168285,0.0,0.0,0.0,0.0,0.0
2020-05-27,0.0,0.08070798976400344,0.0,0.0,0.24080810697283042,0.0,0.0,0.1991551759867876,0.0,0.17920062299168285,0.0,0.0,0.0,0.0,0.0
2020-05-28,0.0,0.08070798976400344,0.0,0.0,0.24080810697283042,0.0,0.0,0.0,0.0,0.0,0.0,0.0,0.0,0.0,0.0
2020-05-29,0.0,0.0,0.0,0.0,0.24080810697283042,0.0,0.0,0.0,0.0,0.0,0.0,0.0,0.0,0.0,0.0
2020-05-30,0.0,0.0,0.0,0.0,0.24080810697283042,0.0,0.0,0.0,0.0,0.0,0.0,0.0,0.0,0.0,0.0
2020-05-31,0.0,0.08561727707892682,0.0,0.10436905679773836,0.24080810697283042,0.0,0.0,0.0,0.0,0.0,0.0,0.0,0.0,0.0,0.0
2020-06-01,0.0,0.08561727707892682,0.0,0.10436905679773836,0.24080810697283042,0.0,0.0,0.0,0.0,0.0,0.0,0.0,0.0,0.0,0.0
2020-06-02,0.0,0.08561727707892682,0.10384735590994469,0.10436905679773836,0.24080810697283042,0.0,0.0,0.0,0.0,0.0,0.0,0.0,0.0,0.0,0.0
2020-06-03,0.0,0.08561727707892682,0.10384735590994469,0.10436905679773836,0.24080810697283042,0.0,0.0,0.0,0.0,0.0,0.0,0.0,0.0,0.0,0.0
2020-06-04,0.3217494953567536,0.08561727707892682,0.10384735590994469,0.10436905679773836,0.24080810697283042,0.0,0.0,0.0,0.0,0.0,0.0,0.0,0.0,0.0,0.0
2020-06-05,0.3217494953567536,0.08561727707892682,0.10384735590994469,0.10436905679773836,0.24080810697283042,0.0,0.0,0.0,0.0,0.0,0.0,0.0,0.0,0.0,0.0
2020-06-06,0.3217494953567536,0.08561727707892682,0.10384735590994469,0.10436905679773836,0.24080810697283042,0.0,0.0,0.0,0.0,0.0,0.0,0.0,0.0,0.0,0.0
2020-06-07,0.3217494953567536,0.08561727707892682,0.10384735590994469,0.10436905679773836,0.24080810697283042,0.0,0.0,0.0,0.0,0.0,0.0,0.0,0.0,0.0,0.0
2020-06-08,0.23147181409766626,0.06159446006772345,0.07470947494437567,0.07508479503860012,0.1732412643215539,0.0,0.0,0.0,0.0,0.0,0.0,0.0,0.1808544691501625,0.20304372237991822,0.0
2020-06-09,0.1909888455755741,0.050821975314980276,0.06164325634551394,0.06195293530922136,0.14294245374024597,0.0,0.0,0.0,0.17489372811935952,0.0,0.0,0.0,0.14922415679344292,0.1675326488016621,0.0
2020-06-10,0.0,0.06281986971012503,0.07619580522269839,0.07657859223621954,0.17668786512831572,0.0,0.0,0.0,0.21618209732075738,0.0,0.0,0.0,0.18445253316638013,0.20708323721550395,0.0
2020-06-11,0.1753181156236469,0.04602114677770007,0.055820210264359515,0.05610063582740418,0.12943958993277108,0.0,0.0,0.0,0.15837263078414326,0.09209286453184705,0.0,0.0,0.13512790048019468,0.1517069057779334,0.0
2020-06-12,0.0,0.0,0.0,0.10436905679773836,0.0,0.0,0.0,0.0,0.0,0.0,0.0,0.0,0.0,0.0,0.0
2020-06-13,0.0,0.0,0.0,0.10436905679773836,0.0,0.0,0.0,0.0,0.0,0.0,0.0,0.0,0.0,0.0,0.0
2020-06-14,0.0,0.0,0.0,0.10436905679773836,0.0,0.0,0.0,0.0,0.0,0.0,0.0,0.0,0.0,0.0,0.0
2020-06-15,0.0,0.0,0.0,0.10436905679773836,0.0,0.0,0.0,0.0,0.0,0.0,0.0,0.0,0.0,0.0,0.0
2020-06-16,0.0,0.0,0.0,0.0,0.0,0.0,0.0,0.0,0.0,0.0,0.0,0.0,0.0,0.0,0.0
2020-06-17,0.0,0.0,0.0,0.0,0.0,0.0,0.0,0.0,0.0,0.0,0.0,0.0,0.0,0.0,0.0
2020-06-18,0.0,0.0,0.0,0.0,0.0,0.0,0.0,0.0,0.0,0.0,0.0,0.0,0.0,0.0,0.0
2020-06-19,0.0,0.0,0.0,0.0,0.0,0.0,0.0,0.0,0.0,0.0,0.0,0.0,0.0,0.0,0.0
2020-06-20,0.0,0.0,0.0,0.0,0.0,0.0,0.0,0.0,0.0,0.0,0.0,0.0,0.0,0.0,0.0
2020-06-21,0.0,0.0,0.0,0.0,0.0,0.0,0.0,0.0,0.0,0.0,0.0,0.0,0.0,0.0,0.0
2020-06-22,0.0,0.0,0.0,0.0,0.0,0.0,0.0,0.0,0.0,0.0,0.0,0.0,0.0,0.0,0.0
2020-06-23,0.28436046714428687,0.0,0.0,0.0,0.0,0.0,0.0,0.0,0.27210696100339526,0.18244578290093275,0.0,0.0,0.0,0.0,0.0
2020-06-24,0.28436046714428687,0.0,0.0,0.0,0.0,0.0,0.0,0.23819069820268893,0.27210696100339526,0.18244578290093275,0.0,0.0,0.0,0.0,0.0
2020-06-25,0.28436046714428687,0.0,0.0,0.0,0.0,0.0,0.0,0.23819069820268893,0.27210696100339526,0.18244578290093275,0.0,0.0,0.0,0.0,0.0
2020-06-26,0.28436046714428687,0.0,0.0,0.0,0.0,0.0,0.0,0.23819069820268893,0.27210696100339526,0.18244578290093275,0.0,0.0,0.0,0.0,0.0
2020-06-27,0.28436046714428687,0.0,0.0,0.0,0.0,0.0,0.0,0.23819069820268893,0.27210696100339526,0.18244578290093275,0.0,0.0,0.0,0.0,0.0
2020-06-28,0.28436046714428687,0.0,0.0,0.0,0.0,0.0,0.0,0.23819069820268893,0.27210696100339526,0.18244578290093275,0.0,0.0,0.0,0.0,0.0
2020-06-29,0.0,0.0,0.0,0.0,0.0,0.0,0.0,0.0,0.27210696100339526,0.18244578290093275,0.0,0.0,0.0,0.0,0.0
2020-06-30,0.0,0.0,0.0,0.0,0.0,0.0,0.0,0.0,0.0,0.0,0.0,0.0,0.0,0.0,0.0
2020-07-01,0.0,0.0,0.0,0.0,0.0,0.0,0.0,0.0,0.0,0.0,0.0,0.0,0.0,0.0,0.0
2020-07-02,0.0,0.09396292342036293,0.0,0.0,0.0,0.0,0.0,0.0,0.2505125058600579,0.0,0.0,0.0,0.0,0.0,0.0
2020-07-03,0.0,0.09396292342036293,0.0,0.0,0.0,0.0,0.0,0.0,0.2505125058600579,0.0,0.0,0.0,0.0,0.0,0.0
2020-07-04,0.0,0.09396292342036293,0.0,0.0,0.0,0.0,0.0,0.0,0.2505125058600579,0.0,0.0,0.0,0.0,0.0,0.0
2020-07-05,0.0,0.09396292342036293,0.0,0.0,0.0,0.0,0.0,0.0,0.2505125058600579,0.0,0.0,0.0,0.0,0.0,0.0
2020-07-06,0.0,0.09396292342036293,0.0,0.0,0.0,0.0,0.0,0.0,0.2505125058600579,0.0,0.0,0.0,0.0,0.0,0.0
2020-07-07,0.23834334419156505,0.08847801125213875,0.0,0.0,0.24769952483520755,0.0,0.0,0.0,0.23588930085889898,0.1895898188621897,0.0,0.0,0.0,0.0,0.0
2020-07-08,0.25311867978366065,0.0,0.0,0.0,0.2630548670112461,0.0,0.0,0.0,0.2505125058600579,0.20134283511710135,0.0,0.0,0.0,0.0,0.0
2020-07-09,0.23950255402555978,0.08404472087919802,0.0,0.0,0.2489042395128451,0.0,0.0,0.0,0.23703657517535737,0.19051191040703977,0.0,0.0,0.0,0.0,0.0
2020-07-10,0.23950255402555978,0.08404472087919802,0.0,0.0,0.2489042395128451,0.0,0.0,0.0,0.23703657517535737,0.19051191040703977,0.0,0.0,0.0,0.0,0.0
2020-07-11,0.25311867978366065,0.0,0.0,0.0,0.2630548670112461,0.0,0.0,0.0,0.2505125058600579,0.20134283511710135,0.0,0.0,0.0,0.0,0.0
2020-07-12,0.25311867978366065,0.0,0.0,0.0,0.2630548670112461,0.0,0.0,0.0,0.2505125058600579,0.20134283511710135,0.0,0.0,0.0,0.0,0.0
2020-07-13,0.25311867978366065,0.0,0.0,0.0,0.2630548670112461,0.0,0.0,0.0,0.2505125058600579,0.20134283511710135,0.0,0.0,0.0,0.0,0.0
2020-07-14,0.25311867978366065,0.0,0.0,0.0,0.2630548670112461,0.0,0.0,0.0,0.2505125058600579,0.0,0.0,0.0,0.0,0.0,0.0
2020-07-15,0.25311867978366065,0.0,0.0,0.0,0.2630548670112461,0.0,0.0,0.0,0.0,0.0,0.0,0.0,0.0,0.0,0.0
2020-07-16,0.25311867978366065,0.0,0.0,0.0,0.2630548670112461,0.0,0.0,0.0,0.0,0.0,0.0,0.0,0.0,0.0,0.0
2020-07-17,0.25311867978366065,0.0,0.0,0.0,0.2630548670112461,0.0,0.0,0.0,0.0,0.0,0.0,0.0,0.0,0.0,0.0
2020-07-18,0.25311867978366065,0.0,0.0,0.0,0.2630548670112461,0.0,0.0,0.0,0.0,0.0,0.0,0.0,0.0,0.0,0.0
2020-07-19,0.25311867978366065,0.0,0.0,0.0,0.2630548670112461,0.0,0.0,0.0,0.0,0.0,0.0,0.0,0.0,0.0,0.0
2020-07-20,0.25311867978366065,0.0,0.0,0.0,0.2630548670112461,0.0,0.0,0.0,0.0,0.0,0.0,0.0,0.0,0.0,0.0
2020-07-21,0.25311867978366065,0.0,0.0,0.0,0.0,0.0,0.0,0.0,0.0,0.0,0.0,0.0,0.0,0.0,0.0
2020-07-22,0.25311867978366065,0.0,0.0,0.0,0.0,0.0,0.0,0.0,0.0,0.0,0.0,0.0,0.0,0.0,0.0
2020-07-23,0.25311867978366065,0.0,0.0,0.157833632555356,0.0,0.0,0.0,0.0,0.0,0.0,0.0,0.0,0.0,0.0,0.0
2020-07-24,0.0,0.0,0.0,0.157833632555356,0.0,0.0,0.0,0.0,0.0,0.0,0.0,0.0,0.0,0.0,0.0
2020-07-25,0.0,0.0,0.0,0.157833632555356,0.0,0.0,0.0,0.0,0.0,0.0,0.0,0.0,0.0,0.0,0.0
2020-07-26,0.0,0.0678156577580508,0.0,0.0,0.0,0.0,0.0,0.0,0.0,0.0,0.0,0.0,0.0,0.0,0.0
2020-07-27,0.0,0.0678156577580508,0.0,0.13760453077297463,0.0,0.0,0.0,0.0,0.0,0.0,0.0,0.0,0.0,0.0,0.0
2020-07-28,0.0,0.0678156577580508,0.21353296705424094,0.13760453077297463,0.0,0.0,0.0,0.0,0.0,0.0,0.0,0.0,0.0,0.0,0.0
2020-07-29,0.0,0.0678156577580508,0.21353296705424094,0.13760453077297463,0.0,0.0,0.0,0.0,0.0,0.0,0.4490563386441729,0.0,0.0,0.0,0.11292600402098762
2020-07-30,0.0,0.0678156577580508,0.21353296705424094,0.13760453077297463,0.0,0.0,0.0,0.0,0.0,0.0,0.4490563386441729,0.0,0.0,0.0,0.11292600402098762
2020-07-31,0.0,0.0678156577580508,0.21353296705424094,0.13760453077297463,0.0,0.0,0.0,0.0,0.0,0.0,0.4490563386441729,0.0,0.0,0.0,0.11292600402098762
2020-08-01,0.0,0.0678156577580508,0.21353296705424094,0.13760453077297463,0.0,0.0,0.0,0.0,0.0,0.0,0.4490563386441729,0.0,0.0,0.0,0.11292600402098762
2020-08-02,0.0,0.0678156577580508,0.21353296705424094,0.0,0.0,0.0,0.0,0.0,0.0,0.0,0.4490563386441729,0.0,0.0,0.0,0.0
2020-08-03,0.246025644218834,0.0,0.0,0.0,0.0,0.0,0.0,0.21431167230387216,0.0,0.0,0.4490563386441729,0.0,0.0,0.0,0.0
2020-08-04,0.1820834002840415,0.0,0.0,0.0,0.0,0.0,0.0,0.15861191274409836,0.18085603991092336,0.14610237755293232,0.3323462695080045,0.0,0.0,0.0,0.0
2020-08-05,0.246025644218834,0.0,0.0,0.0,0.0,0.0,0.0,0.21431167230387216,0.24436727159390492,0.19740916252272908,0.0,0.0,0.0,0.0,0.0
2020-08-06,0.246025644218834,0.0,0.0,0.0,0.0,0.0,0.0,0.21431167230387216,0.24436727159390492,0.19740916252272908,0.0,0.0,0.0,0.0,0.0
2020-08-07,0.246025644218834,0.0,0.0,0.0,0.0,0.0,0.0,0.0,0.24436727159390492,0.19740916252272908,0.0,0.0,0.0,0.0,0.0
2020-08-08,0.246025644218834,0.0,0.0,0.0,0.0,0.0,0.0,0.0,0.24436727159390492,0.19740916252272908,0.0,0.0,0.0,0.0,0.0
2020-08-09,0.246025644218834,0.0,0.0,0.0,0.0,0.0,0.0,0.0,0.24436727159390492,0.19740916252272908,0.0,0.0,0.0,0.0,0.0
2020-08-10,0.20623717738541467,0.0,0.0,0.0,0.0,0.0,0.0,0.18147665195176133,0.2048470048678116,0.16548319016896013,0.0,0.0,0.24195597562605226,0.0,0.0
2020-08-11,0.246025644218834,0.0,0.0,0.0,0.0,0.0,0.0,0.21648817528020894,0.0,0.19740916252272908,0.0,0.0,0.2886355192146159,0.0,0.0
2020-08-12,0.0,0.0,0.0,0.0,0.0,0.0,0.0,0.0,0.0,0.19740916252272908,0.0,0.0,0.2886355192146159,0.0,0.0
2020-08-13,0.0,0.0,0.0,0.0,0.0,0.0,0.0,0.0,0.0,0.19740916252272908,0.4804822733843185,0.0,0.2886355192146159,0.0,0.0
2020-08-14,0.18017169125442975,0.0,0.0,0.05755541567542149,0.0,0.0,0.0,0.0,0.0,0.15569110891047416,0.3789429882537348,0.0,0.22763879590593977,0.0,0.0
2020-08-15,0.18017169125442975,0.0,0.0,0.05755541567542149,0.0,0.0,0.0,0.0,0.0,0.15569110891047416,0.3789429882537348,0.0,0.22763879590593977,0.0,0.0
2020-08-16,0.18017169125442975,0.0,0.0,0.05755541567542149,0.0,0.0,0.0,0.0,0.0,0.15569110891047416,0.3789429882537348,0.0,0.22763879590593977,0.0,0.0
2020-08-17,0.18017169125442975,0.0,0.0,0.05755541567542149,0.0,0.0,0.0,0.0,0.0,0.15569110891047416,0.3789429882537348,0.0,0.22763879590593977,0.0,0.0
2020-08-18,0.16510495672677658,0.0,0.08362431646587962,0.0527423833806548,0.0,0.0,0.0,0.0,0.0,0.14267154634802096,0.3472541398814784,0.0,0.2086026571971897,0.0,0.0
2020-08-19,0.16510495672677658,0.0,0.08362431646587962,0.0527423833806548,0.0,0.0,0.0,0.0,0.0,0.14267154634802096,0.3472541398814784,0.0,0.2086026571971897,0.0,0.0
2020-08-20,0.16510495672677658,0.0,0.08362431646587962,0.0527423833806548,0.0,0.0,0.0,0.0,0.0,0.14267154634802096,0.3472541398814784,0.0,0.2086026571971897,0.0,0.0
2020-08-21,0.15908724119163348,0.0,0.08057639253743445,0.050820038551507914,0.0,0.0,0.0,0.0,0.0,0.13747147968798631,0.334597483935857,0.0,0.0,0.23744736409558098,0.0
2020-08-22,0.15908724119163348,0.0,0.08057639253743445,0.050820038551507914,0.0,0.0,0.0,0.0,0.0,0.13747147968798631,0.334597483935857,0.0,0.0,0.23744736409558098,0.0
2020-08-23,0.1676049302061319,0.0,0.08489053268093774,0.0,0.0,0.0,0.0,0.0,0.0,0.1448318393470913,0.3525121657912435,0.0,0.0,0.25016053197459565,0.0
2020-08-24,0.0,0.0,0.07126094646432403,0.0,0.0,0.30124999063567126,0.0,0.0,0.0,0.12157838600016475,0.2959146300670289,0.0,0.0,0.20999604683281106,0.0
2020-08-25,0.1287600411913071,0.0,0.062085384062246146,0.0,0.0,0.26246102943254135,0.0,0.0,0.0,0.10592394801081093,0.2578126501104879,0.0,0.0,0.1829569471926067,0.0
2020-08-26,0.12222765287040421,0.0,0.0,0.0,0.0,0.24914558352638527,0.0,0.10966864379461039,0.0,0.10055010411880959,0.24473303061843948,0.0,0.0,0.17367498507135104,0.0
2020-08-27,0.10138749210989226,0.0,0.0,0.0,0.1329447199075179,0.20666555636782843,0.0,0.0,0.1285279400626967,0.08340602677532981,0.203005356219723,0.0,0.0,0.1440629085570121,0.0
2020-08-28,0.10138749210989226,0.0,0.0,0.0,0.1329447199075179,0.20666555636782843,0.0,0.0,0.1285279400626967,0.08340602677532981,0.203005356219723,0.0,0.0,0.1440629085570121,0.0
2020-08-29,0.10138749210989226,0.0,0.0,0.0,0.1329447199075179,0.20666555636782843,0.0,0.0,0.1285279400626967,0.08340602677532981,0.203005356219723,0.0,0.0,0.1440629085570121,0.0
2020-08-30,0.10138749210989226,0.0,0.0,0.0,0.1329447199075179,0.20666555636782843,0.0,0.0,0.1285279400626967,0.08340602677532981,0.203005356219723,0.0,0.0,0.1440629085570121,0.0
2020-08-31,0.10138749210989226,0.0,0.0,0.0,0.1329447199075179,0.20666555636782843,0.0,0.0,0.1285279400626967,0.08340602677532981,0.203005356219723,0.0,0.0,0.1440629085570121,0.0
2020-09-01,0.10138749210989226,0.0,0.0,0.0,0.1329447199075179,0.20666555636782843,0.0,0.0,0.1285279400626967,0.08340602677532981,0.203005356219723,0.0,0.0,0.1440629085570121,0.0
2020-09-02,0.12197221322045051,0.0,0.0,0.04559471883426224,0.15993651076325138,0.0,0.0,0.0,0.1546229912968027,0.10033996768244892,0.2442215709102214,0.0,0.0,0.17331202729256281,0.0
2020-09-03,0.0,0.0,0.0,0.0,0.0,0.0,0.0,0.0,0.30420575094524566,0.19740916252272908,0.0,0.0,0.0,0.340974618122442,0.0
2020-09-04,0.0,0.0,0.0,0.0,0.0,0.0,0.0,0.0,0.0,0.0,0.0,0.0,0.0,0.0,0.0
2020-09-05,0.0,0.0,0.0,0.0,0.0,0.0,0.0,0.0,0.0,0.0,0.0,0.0,0.0,0.0,0.0
2020-09-06,0.0,0.0,0.0,0.0,0.0,0.0,0.0,0.0,0.0,0.0,0.0,0.0,0.0,0.0,0.0
2020-09-07,0.0,0.0,0.0,0.0,0.0,0.0,0.0,0.0,0.0,0.0,0.0,0.0,0.0,0.0,0.0
2020-09-08,0.0,0.0,0.0,0.0,0.0,0.0,0.0,0.0,0.0,0.0,0.0,0.0,0.0,0.0,0.0
2020-09-09,0.0,0.0,0.0,0.0,0.0,0.0,0.0,0.0,0.0,0.0,0.0,0.0,0.0,0.0,0.0
2020-09-10,0.0,0.0,0.0,0.0,0.0,0.0,0.0,0.0,0.0,0.0,0.0,0.0,0.0,0.0,0.0
2020-09-11,0.0,0.0,0.0,0.0,0.0,0.0,0.0,0.0,0.0,0.0,0.0,0.0,0.0,0.0,0.0
2020-09-12,0.0,0.0,0.0,0.0,0.0,0.0,0.0,0.0,0.0,0.0,0.0,0.0,0.0,0.0,0.0
2020-09-13,0.0,0.0,0.0,0.0,0.0,0.0,0.0,0.0,0.0,0.0,0.0,0.0,0.0,0.0,0.0
2020-09-14,0.0,0.0,0.0,0.0,0.0,0.0,0.0,0.0,0.0,0.0,0.0,0.0,0.0,0.0,0.0
2020-09-15,0.0,0.0,0.0,0.0,0.0,0.0,0.0,0.0,0.0,0.0,0.0,0.0,0.0,0.0,0.0
2020-09-16,0.0,0.0,0.0,0.0,0.0,0.0,0.0,0.0,0.0,0.0,0.0,0.0,0.0,0.0,0.0
2020-09-17,0.0,0.0,0.0,0.0,0.0,0.0,0.0,0.0,0.0,0.0,0.0,0.0,0.0,0.0,0.0
2020-09-18,0.0,0.0,0.0,0.0,0.0,0.0,0.0,0.0,0.0,0.0,0.0,0.0,0.0,0.0,0.0
2020-09-19,0.0,0.0,0.0,0.0,0.0,0.0,0.0,0.0,0.0,0.0,0.0,0.0,0.0,0.0,0.0
2020-09-20,0.0,0.0,0.0,0.0,0.0,0.0,0.0,0.0,0.0,0.0,0.0,0.0,0.0,0.0,0.0
2020-09-21,0.0,0.0,0.0,0.0,0.0,0.0,0.0,0.0,0.0,0.0,0.0,0.0,0.0,0.0,0.0
2020-09-22,0.0,0.0,0.0,0.0,0.0,0.0,0.0,0.0,0.0,0.0,0.0,0.0,0.0,0.0,0.0
2020-09-23,0.0,0.0,0.0,0.0,0.0,0.0,0.0,0.0,0.0,0.0,0.0,0.0,0.0,0.0,0.0
2020-09-24,0.0,0.0,0.0,0.0,0.0,0.0,0.0,0.0,0.0,0.0,0.0,0.0,0.0,0.0,0.0
2020-09-25,0.0,0.0,0.0,0.0,0.0,0.0,0.0,0.0,0.0,0.0,0.0,0.0,0.0,0.0,0.0
2020-09-26,0.0,0.0,0.0,0.0,0.0,0.0,0.0,0.0,0.0,0.0,0.0,0.0,0.0,0.0,0.0
2020-09-27,0.0,0.0,0.0,0.0,0.0,0.0,0.0,0.0,0.0,0.0,0.0,0.0,0.0,0.0,0.0
2020-09-28,0.0,0.0,0.0,0.0,0.0,0.0,0.0,0.0,0.0,0.0,0.0,0.0,0.0,0.0,0.0
2020-09-29,0.0,0.0,0.0,0.0,0.0,0.0,0.0,0.0,0.0,0.0,0.0,0.0,0.0,0.0,0.0
2020-09-30,0.0,0.0,0.0,0.0,0.0,0.0,0.0,0.0,0.0,0.0,0.0,0.0,0.0,0.0,0.0
2020-10-01,0.0,0.0,0.0,0.0,0.0,0.0,0.0,0.0,0.0,0.0,0.0,0.0,0.0,0.0,0.0
2020-10-02,0.0,0.0,0.0,0.0,0.0,0.0,0.0,0.0,0.0,0.0,0.0,0.0,0.0,0.0,0.0
2020-10-03,0.0,0.0,0.0,0.0,0.0,0.0,0.0,0.0,0.0,0.0,0.0,0.0,0.0,0.0,0.0
2020-10-04,0.0,0.0,0.0,0.0,0.0,0.0,0.0,0.0,0.0,0.0,0.0,0.0,0.0,0.0,0.0
2020-10-05,0.0,0.0,0.0,0.0,0.0,0.0,0.0,0.0,0.0,0.0,0.0,0.0,0.0,0.0,0.0
2020-10-06,0.0,0.0,0.0,0.0,0.0,0.0,0.0,0.0,0.0,0.0,0.0,0.0,0.0,0.0,0.0
2020-10-07,0.0,0.0,0.0,0.0,0.0,0.0,0.0,0.0,0.0,0.0,0.0,0.0,0.0,0.0,0.0
2020-10-08,0.0,0.0,0.0,0.0,0.0,0.0,0.0,0.0,0.0,0.0,0.0,0.0,0.0,0.0,0.0
2020-10-09,0.0,0.0,0.0,0.0,0.0,0.0,0.0,0.0,0.0,0.0,0.0,0.0,0.0,0.0,0.0
2020-10-10,0.0,0.0,0.0,0.0,0.0,0.0,0.0,0.0,0.0,0.0,0.0,0.0,0.0,0.0,0.0
2020-10-11,0.0,0.0,0.0,0.0,0.0,0.0,0.0,0.0,0.0,0.0,0.0,0.0,0.0,0.0,0.0
2020-10-12,0.0,0.0,0.0,0.0,0.0,0.0,0.0,0.0,0.0,0.0,0.47651887639815105,0.0,0.29096710001629206,0.0,0.0
2020-10-13,0.0,0.0,0.0,0.0,0.0,0.0,0.0,0.0,0.0,0.0,0.47651887639815105,0.0,0.29096710001629206,0.0,0.0
2020-10-14,0.0,0.0,0.0,0.0,0.0,0.0,0.0,0.0,0.0,0.0,0.47651887639815105,0.0,0.29096710001629206,0.0,0.0
2020-10-15,0.0,0.0,0.0,0.0,0.0,0.0,0.0,0.0,0.0,0.0,0.47651887639815105,0.0,0.0,0.0,0.0
2020-10-16,0.0,0.0,0.0,0.0,0.0,0.0,0.0,0.0,0.0,0.0,0.47651887639815105,0.0,0.0,0.0,0.0
2020-10-17,0.0,0.0,0.0,0.0,0.0,0.0,0.0,0.0,0.0,0.0,0.47651887639815105,0.0,0.0,0.0,0.0
2020-10-18,0.0,0.0,0.0,0.0,0.0,0.0,0.0,0.0,0.0,0.0,0.47651887639815105,0.0,0.0,0.0,0.0
2020-10-19,0.0,0.0,0.0,0.0,0.0,0.0,0.0,0.0,0.0,0.0,0.47651887639815105,0.0,0.0,0.0,0.0
2020-10-20,0.0,0.0,0.0,0.0,0.0,0.0,0.0,0.0,0.0,0.0,0.0,0.0,0.0,0.0,0.0
2020-10-21,0.0,0.0,0.0,0.0,0.0,0.0,0.0,0.0,0.0,0.0,0.0,0.0,0.0,0.0,0.0
2020-10-22,0.0,0.0,0.19008197599019624,0.0,0.0,0.0,0.0,0.0,0.0,0.0,0.0,0.0,0.0,0.0,0.0
2020-10-23,0.0,0.0,0.19008197599019624,0.0,0.0,0.0,0.0,0.0,0.0,0.0,0.0,0.0,0.0,0.0,0.0
2020-10-24,0.0,0.0,0.19008197599019624,0.0,0.0,0.0,0.0,0.0,0.0,0.0,0.0,0.0,0.0,0.0,0.0
2020-10-25,0.0,0.0,0.19008197599019624,0.0,0.0,0.0,0.0,0.0,0.0,0.0,0.0,0.0,0.0,0.0,0.0
2020-10-26,0.0,0.0,0.19008197599019624,0.0,0.0,0.0,0.0,0.0,0.0,0.0,0.0,0.0,0.0,0.0,0.0
2020-10-27,0.0,0.0,0.19008197599019624,0.0,0.0,0.0,0.0,0.0,0.0,0.0,0.0,0.0,0.0,0.0,0.0
2020-10-28,0.0,0.0,0.19008197599019624,0.0,0.0,0.0,0.0,0.0,0.0,0.0,0.0,0.0,0.0,0.0,0.0
2020-10-29,0.0,0.0,0.19008197599019624,0.0,0.0,0.0,0.0,0.0,0.0,0.0,0.0,0.0,0.0,0.0,0.0
2020-10-30,0.0,0.0,0.19008197599019624,0.0,0.0,0.0,0.0,0.0,0.0,0.0,0.0,0.0,0.0,0.0,0.0
2020-10-31,0.0,0.0,0.19008197599019624,0.0,0.0,0.0,0.0,0.0,0.0,0.0,0.0,0.0,0.0,0.0,0.0
2020-11-01,0.0,0.0,0.19008197599019624,0.0,0.0,0.0,0.0,0.0,0.0,0.0,0.0,0.0,0.0,0.0,0.0
2020-11-02,0.0,0.0,0.19008197599019624,0.0,0.0,0.0,0.0,0.0,0.0,0.0,0.0,0.0,0.0,0.0,0.0
2020-11-03,0.0,0.0,0.19008197599019624,0.0,0.0,0.0,0.0,0.0,0.0,0.0,0.0,0.0,0.0,0.0,0.0
2020-11-04,0.0,0.0,0.19008197599019624,0.0,0.0,0.0,0.0,0.0,0.0,0.0,0.0,0.0,0.0,0.0,0.0
2020-11-05,0.0,0.0,0.19008197599019624,0.0,0.2131041629765138,0.0,0.0,0.0,0.0,0.0,0.0,0.0,0.24713601937060137,0.0,0.0
2020-11-06,0.0,0.0,0.0,0.0,0.2131041629765138,0.0,0.0,0.0,0.0,0.0,0.0,0.0,0.24713601937060137,0.0,0.0
2020-11-07,0.0,0.0,0.0,0.10600093001627531,0.2131041629765138,0.0,0.0,0.0,0.0,0.0,0.0,0.0,0.24713601937060137,0.0,0.0
2020-11-08,0.0,0.0,0.0,0.10600093001627531,0.2131041629765138,0.0,0.0,0.0,0.0,0.0,0.0,0.0,0.24713601937060137,0.0,0.0
2020-11-09,0.0,0.0,0.0,0.10600093001627531,0.2131041629765138,0.0,0.0,0.0,0.0,0.0,0.0,0.0,0.24713601937060137,0.0,0.0
2020-11-10,0.0,0.0,0.0,0.10600093001627531,0.2131041629765138,0.0,0.2229852636960486,0.0,0.0,0.0,0.0,0.0,0.24713601937060137,0.0,0.0
2020-11-11,0.0,0.0,0.0,0.10600093001627531,0.2131041629765138,0.0,0.2229852636960486,0.0,0.0,0.0,0.0,0.0,0.24713601937060137,0.0,0.0
2020-11-12,0.0,0.0,0.0,0.10600093001627531,0.2131041629765138,0.0,0.2229852636960486,0.0,0.0,0.0,0.0,0.0,0.24713601937060137,0.0,0.0
2020-11-13,0.0,0.0,0.10717362974521372,0.10600093001627531,0.2131041629765138,0.0,0.2229852636960486,0.0,0.0,0.0,0.0,0.0,0.24713601937060137,0.0,0.0
2020-11-14,0.0,0.0,0.10717362974521372,0.10600093001627531,0.2131041629765138,0.0,0.2229852636960486,0.0,0.0,0.0,0.0,0.0,0.24713601937060137,0.0,0.0
2020-11-15,0.0,0.0,0.10596705826070325,0.10480756090305893,0.21070501491286045,0.0,0.22047487320837628,0.0,0.0,0.0,0.0,0.0,0.24435373725067241,0.0,0.11369175546432872
2020-11-16,0.0,0.0,0.10596705826070325,0.10480756090305893,0.21070501491286045,0.0,0.22047487320837628,0.0,0.0,0.0,0.0,0.0,0.24435373725067241,0.0,0.11369175546432872
2020-11-17,0.0,0.0,0.10596705826070325,0.10480756090305893,0.21070501491286045,0.0,0.22047487320837628,0.0,0.0,0.0,0.0,0.0,0.24435373725067241,0.0,0.11369175546432872
2020-11-18,0.0,0.0,0.10596705826070325,0.10480756090305893,0.21070501491286045,0.0,0.22047487320837628,0.0,0.0,0.0,0.0,0.0,0.24435373725067241,0.0,0.11369175546432872
2020-11-19,0.0,0.0,0.10596705826070325,0.10480756090305893,0.21070501491286045,0.0,0.22047487320837628,0.0,0.0,0.0,0.0,0.0,0.24435373725067241,0.0,0.11369175546432872
2020-11-20,0.0,0.0,0.10717362974521372,0.10600093001627531,0.2131041629765138,0.0,0.2229852636960486,0.0,0.0,0.0,0.0,0.0,0.0,0.0,0.1149862825788751
2020-11-21,0.0,0.08049544031577516,0.10717362974521372,0.10600093001627531,0.2131041629765138,0.0,0.2229852636960486,0.0,0.0,0.0,0.0,0.0,0.0,0.0,0.0
2020-11-22,0.0,0.0,0.10717362974521372,0.10600093001627531,0.2131041629765138,0.0,0.2229852636960486,0.0,0.0,0.0,0.0,0.0,0.0,0.0,0.10410265638003549
2020-11-23,0.0,0.07920034720338522,0.10717362974521372,0.10600093001627531,0.2131041629765138,0.0,0.2229852636960486,0.0,0.0,0.0,0.0,0.0,0.0,0.0,0.0
2020-11-24,0.0,0.07920034720338522,0.10717362974521372,0.10600093001627531,0.2131041629765138,0.0,0.2229852636960486,0.0,0.0,0.0,0.0,0.0,0.0,0.0,0.08821448013064774
2020-11-25,0.0,0.07920034720338522,0.10717362974521372,0.10600093001627531,0.2131041629765138,0.0,0.2229852636960486,0.0,0.0,0.0,0.0,0.0,0.0,0.0,0.0
2020-11-26,0.0,0.07920034720338522,0.10717362974521372,0.10600093001627531,0.2131041629765138,0.0,0.2229852636960486,0.0,0.0,0.0,0.0,0.0,0.0,0.0,0.0
2020-11-27,0.0,0.0,0.0,0.0,0.2131041629765138,0.0,0.2229852636960486,0.0,0.0,0.0,0.0,0.0,0.0,0.0,0.0
2020-11-28,0.0,0.0,0.0,0.0,0.2131041629765138,0.0,0.2229852636960486,0.0,0.0,0.0,0.0,0.0,0.0,0.0,0.0
2020-11-29,0.0,0.0,0.0,0.0,0.2131041629765138,0.0,0.2229852636960486,0.0,0.0,0.0,0.0,0.0,0.0,0.0,0.0
2020-11-30,0.0,0.0,0.0,0.0,0.2131041629765138,0.0,0.2229852636960486,0.0,0.0,0.0,0.0,0.0,0.0,0.0,0.0
2020-12-01,0.0,0.0,0.09409894978840022,0.0,0.2131041629765138,0.0,0.2229852636960486,0.0,0.0,0.0,0.0,0.0,0.0,0.0,0.0
2020-12-02,0.0,0.0,0.09409894978840022,0.0,0.2131041629765138,0.0,0.2229852636960486,0.0,0.0,0.0,0.0,0.0,0.0,0.0,0.0
2020-12-03,0.0,0.0,0.09409894978840022,0.0,0.2131041629765138,0.0,0.2229852636960486,0.0,0.0,0.0,0.0,0.0,0.0,0.0,0.0
2020-12-04,0.0,0.0,0.09409894978840022,0.0,0.2131041629765138,0.0,0.2229852636960486,0.0,0.0,0.0,0.0,0.0,0.0,0.0,0.0
2020-12-05,0.0,0.0,0.09409894978840022,0.0,0.2131041629765138,0.0,0.2229852636960486,0.0,0.0,0.0,0.0,0.0,0.0,0.0,0.0
2020-12-06,0.0,0.0,0.09409894978840022,0.0,0.2131041629765138,0.0,0.2229852636960486,0.0,0.0,0.0,0.0,0.0,0.0,0.0,0.0
2020-12-07,0.0,0.0,0.09409894978840022,0.0,0.2131041629765138,0.0,0.2229852636960486,0.0,0.0,0.0,0.0,0.0,0.0,0.0,0.0
2020-12-08,0.0,0.0,0.09409894978840022,0.0,0.2131041629765138,0.0,0.2229852636960486,0.0,0.0,0.0,0.0,0.0,0.0,0.0,0.0
2020-12-09,0.0,0.0,0.09409894978840022,0.0,0.2131041629765138,0.0,0.2229852636960486,0.0,0.0,0.0,0.0,0.0,0.0,0.0,0.0
2020-12-10,0.0,0.0,0.09409894978840022,0.0,0.0,0.0,0.2229852636960486,0.0,0.0,0.0,0.0,0.0,0.0,0.0,0.0
2020-12-11,0.0,0.0,0.09409894978840022,0.0,0.0,0.0,0.2229852636960486,0.0,0.0,0.0,0.0,0.0,0.0,0.0,0.0
2020-12-12,0.0,0.0,0.0,0.0,0.0,0.0,0.2229852636960486,0.0,0.0,0.0,0.0,0.0,0.0,0.0,0.0
2020-12-13,0.0,0.0,0.0,0.0,0.0,0.0,0.2229852636960486,0.0,0.0,0.0,0.0,0.0,0.0,0.0,0.0
2020-12-14,0.0,0.0,0.0,0.0,0.0,0.0,0.2229852636960486,0.0,0.0,0.0,0.0,0.0,0.0,0.0,0.0
2020-12-15,0.0,0.0,0.0,0.0,0.0,0.0,0.2229852636960486,0.0,0.0,0.0,0.0,0.0,0.0,0.0,0.0
2020-12-16,0.3088888139463831,0.0,0.0,0.0,0.0,0.0,0.2229852636960486,0.0,0.0,0.0,0.0,0.0,0.0,0.0,0.0
2020-12-17,0.3088888139463831,0.0,0.11150381983386952,0.08478888607965508,0.0,0.0,0.2229852636960486,0.0,0.0,0.0,0.0,0.0,0.0,0.0,0.0
2020-12-18,0.26069666878431136,0.0,0.09410724207209896,0.07156031281448538,0.0,0.3854401771073029,0.18819559922180146,0.0,0.0,0.0,0.0,0.0,0.0,0.0,0.0
2020-12-19,0.26069666878431136,0.0,0.09410724207209896,0.07156031281448538,0.0,0.3854401771073029,0.18819559922180146,0.0,0.0,0.0,0.0,0.0,0.0,0.0,0.0
2020-12-20,0.26069666878431136,0.0,0.09410724207209896,0.07156031281448538,0.0,0.3854401771073029,0.18819559922180146,0.0,0.0,0.0,0.0,0.0,0.0,0.0,0.0
2020-12-21,0.26069666878431136,0.0,0.09410724207209896,0.07156031281448538,0.0,0.3854401771073029,0.18819559922180146,0.0,0.0,0.0,0.0,0.0,0.0,0.0,0.0
2020-12-22,0.0,0.0,0.11150381983386952,0.08478888607965508,0.0,0.0,0.2229852636960486,0.0,0.0,0.0,0.0,0.0,0.0,0.0,0.0
2020-12-23,0.28513041140978457,0.0,0.11150381983386952,0.08478888607965508,0.0,0.0,0.2229852636960486,0.0,0.0,0.0,0.0,0.0,0.0,0.0,0.0
2020-12-24,0.28513041140978457,0.0,0.11150381983386952,0.0,0.0,0.0,0.2229852636960486,0.0,0.0,0.0,0.0,0.0,0.0,0.0,0.0
2020-12-25,0.28513041140978457,0.0,0.11150381983386952,0.0,0.0,0.0,0.2229852636960486,0.0,0.0,0.0,0.0,0.0,0.0,0.0,0.0
2020-12-26,0.28513041140978457,0.0,0.11150381983386952,0.0,0.0,0.0,0.2229852636960486,0.0,0.0,0.0,0.0,0.0,0.0,0.0,0.0
2020-12-27,0.28513041140978457,0.0,0.11150381983386952,0.0,0.0,0.0,0.2229852636960486,0.0,0.0,0.0,0.0,0.0,0.0,0.0,0.0
2020-12-28,0.28513041140978457,0.0,0.11150381983386952,0.08043840698821207,0.0,0.0,0.2229852636960486,0.0,0.0,0.0,0.0,0.0,0.0,0.0,0.0
2020-12-29,0.28513041140978457,0.0,0.11150381983386952,0.08043840698821207,0.0,0.0,0.2229852636960486,0.0,0.0,0.0,0.0,0.0,0.0,0.0,0.0
2020-12-30,0.28513041140978457,0.061198485043009336,0.11150381983386952,0.08043840698821207,0.0,0.0,0.2229852636960486,0.0,0.0,0.0,0.0,0.0,0.0,0.0,0.0
2020-12-31,0.17635521469330423,0.03785170412129008,0.06896591629317438,0.04975173452685842,0.0,0.2791556641300905,0.13791799288657092,0.0,0.0,0.0,0.0,0.0,0.0,0.25000177334871154,0.0
2021-01-01,0.17635521469330423,0.03785170412129008,0.06896591629317438,0.04975173452685842,0.0,0.2791556641300905,0.13791799288657092,0.0,0.0,0.0,0.0,0.0,0.0,0.25000177334871154,0.0
2021-01-02,0.17635521469330423,0.03785170412129008,0.06896591629317438,0.04975173452685842,0.0,0.2791556641300905,0.13791799288657092,0.0,0.0,0.0,0.0,0.0,0.0,0.25000177334871154,0.0
2021-01-03,0.17635521469330423,0.03785170412129008,0.06896591629317438,0.04975173452685842,0.0,0.2791556641300905,0.13791799288657092,0.0,0.0,0.0,0.0,0.0,0.0,0.25000177334871154,0.0
2021-01-04,0.0,0.04891076884996918,0.08911556477174556,0.0,0.0,0.36071607549491574,0.17821324632336932,0.0,0.0,0.0,0.0,0.0,0.0,0.32304434456000025,0.0
2021-01-05,0.0,0.050461364806262086,0.0,0.06023820800298205,0.0,0.37215169389110087,0.18386306017018278,0.0,0.0,0.0,0.0,0.0,0.0,0.3332856731294722,0.0
2021-01-06,0.0,0.0,0.0,0.06343944919175556,0.0,0.3919289643387384,0.19363410118922494,0.0,0.0,0.0,0.0,0.0,0.0,0.3509974852802811,0.0
2021-01-07,0.0,0.06427703054746145,0.08322691555953929,0.07305563544786846,0.0,0.4513377701884672,0.2229852636960486,0.0,0.0,0.0,0.0,0.0,0.0,0.0,0.0
2021-01-08,0.0,0.0,0.08322691555953929,0.07305563544786846,0.0,0.4513377701884672,0.2229852636960486,0.0,0.0,0.0,0.0,0.0,0.0,0.0,0.0
2021-01-09,0.0,0.0,0.08322691555953929,0.07305563544786846,0.0,0.4513377701884672,0.2229852636960486,0.0,0.0,0.0,0.0,0.0,0.0,0.0,0.0
2021-01-10,0.0,0.0,0.08322691555953929,0.07305563544786846,0.0,0.4513377701884672,0.2229852636960486,0.0,0.0,0.0,0.0,0.0,0.0,0.0,0.0
2021-01-11,0.0,0.0,0.0,0.07305563544786846,0.0,0.4513377701884672,0.2229852636960486,0.0,0.0,0.0,0.0,0.0,0.0,0.0,0.0
2021-01-12,0.0,0.0,0.0,0.0,0.0,0.4513377701884672,0.2229852636960486,0.0,0.0,0.0,0.0,0.0,0.0,0.0,0.0
2021-01-13,0.0,0.0,0.0,0.0,0.0,0.4513377701884672,0.2229852636960486,0.0,0.0,0.0,0.0,0.0,0.0,0.0,0.0
2021-01-14,0.0,0.0,0.0,0.0,0.0,0.4513377701884672,0.2229852636960486,0.0,0.0,0.0,0.0,0.0,0.0,0.0,0.0
2021-01-15,0.0,0.0,0.0,0.0,0.0,0.4513377701884672,0.2229852636960486,0.0,0.0,0.0,0.0,0.0,0.0,0.0,0.0
2021-01-16,0.0,0.0,0.0,0.0,0.0,0.4513377701884672,0.2229852636960486,0.0,0.0,0.0,0.0,0.0,0.0,0.0,0.0
2021-01-17,0.0,0.0,0.0,0.0,0.0,0.4513377701884672,0.2229852636960486,0.0,0.0,0.0,0.0,0.0,0.0,0.0,0.0
2021-01-18,0.0,0.04045575268246043,0.0,0.0,0.0,0.4513377701884672,0.2229852636960486,0.0,0.0,0.0,0.0,0.0,0.0,0.0,0.0
2021-01-19,0.0,0.04045575268246043,0.0,0.0,0.0,0.4513377701884672,0.2229852636960486,0.0,0.0,0.0,0.0,0.0,0.0,0.0,0.0
2021-01-20,0.0,0.04045575268246043,0.0,0.04330297110090581,0.0,0.4513377701884672,0.2229852636960486,0.0,0.0,0.0,0.0,0.0,0.0,0.0,0.0
2021-01-21,0.0,0.04045575268246043,0.0,0.04330297110090581,0.28406180610850734,0.4513377701884672,0.0,0.0,0.0,0.0,0.0,0.0,0.0,0.0,0.0
2021-01-22,0.0,0.04045575268246043,0.0,0.04330297110090581,0.28406180610850734,0.4513377701884672,0.0,0.0,0.0,0.0,0.0,0.0,0.0,0.0,0.0
2021-01-23,0.0,0.0,0.0,0.0,0.28406180610850734,0.4513377701884672,0.0,0.0,0.0,0.0,0.0,0.0,0.0,0.0,0.0
2021-01-24,0.0,0.0,0.0,0.0,0.28406180610850734,0.4513377701884672,0.0,0.0,0.0,0.0,0.0,0.0,0.0,0.0,0.0
2021-01-25,0.0,0.0,0.0,0.0,0.28406180610850734,0.4513377701884672,0.0,0.0,0.0,0.0,0.0,0.0,0.0,0.0,0.0
2021-01-26,0.23114976767102668,0.0,0.0,0.0,0.28406180610850734,0.4513377701884672,0.0,0.0,0.0,0.0,0.0,0.0,0.0,0.0,0.0
2021-01-27,0.17733788838064315,0.0,0.0,0.0,0.21793195542626792,0.3462659206543656,0.0,0.0,0.25846423553872344,0.0,0.0,0.0,0.0,0.0,0.0
2021-01-28,0.22675506256914196,0.0,0.0,0.0,0.0,0.4427567691288276,0.0,0.0,0.33048816830203037,0.0,0.0,0.0,0.0,0.0,0.0
2021-01-29,0.0,0.0,0.0,0.0,0.0,0.4513377701884672,0.0,0.0,0.3368933088219101,0.0,0.0,0.0,0.0,0.0,0.0
2021-01-30,0.0,0.0,0.0,0.0,0.0,0.4513377701884672,0.0,0.0,0.3368933088219101,0.0,0.0,0.0,0.0,0.0,0.0
2021-01-31,0.0,0.0,0.0,0.0,0.0,0.4513377701884672,0.0,0.0,0.3368933088219101,0.0,0.0,0.0,0.0,0.0,0.0
2021-02-01,0.0,0.0,0.0,0.0,0.0,0.0,0.0,0.0,0.3368933088219101,0.0,0.0,0.0,0.0,0.0,0.0
2021-02-02,0.0,0.044219909561003044,0.0,0.0,0.0,0.0,0.0,0.0,0.3368933088219101,0.0,0.0,0.0,0.0,0.0,0.0
2021-02-03,0.0,0.044219909561003044,0.0,0.04911395612499148,0.0,0.0,0.0,0.0,0.3368933088219101,0.0,0.0,0.0,0.0,0.0,0.0
2021-02-04,0.0,0.044219909561003044,0.0,0.04911395612499148,0.21408696343398467,0.0,0.0,0.0,0.3368933088219101,0.0,0.0,0.0,0.0,0.0,0.0
2021-02-05,0.0,0.044219909561003044,0.0,0.04911395612499148,0.21408696343398467,0.0,0.0,0.0,0.3368933088219101,0.0,0.0,0.0,0.0,0.0,0.0
2021-02-06,0.0,0.0,0.0,0.04911395612499148,0.21408696343398467,0.0,0.0,0.0,0.3368933088219101,0.0,0.0,0.0,0.0,0.0,0.0
2021-02-07,0.0,0.058355408388520956,0.0,0.04911395612499148,0.21408696343398467,0.0,0.0,0.0,0.3368933088219101,0.0,0.0,0.0,0.0,0.0,0.0
2021-02-08,0.0,0.058355408388520956,0.0,0.04911395612499148,0.21408696343398467,0.0,0.0,0.0,0.3368933088219101,0.0,0.0,0.0,0.0,0.0,0.0
2021-02-09,0.0,0.058355408388520956,0.06981179139892237,0.04911395612499148,0.21408696343398467,0.0,0.0,0.0,0.3368933088219101,0.22016372321944017,0.0,0.0,0.0,0.0,0.0
2021-02-10,0.0,0.058355408388520956,0.06981179139892237,0.04911395612499148,0.21408696343398467,0.0,0.0,0.0,0.3368933088219101,0.22016372321944017,0.0,0.0,0.0,0.0,0.0
2021-02-11,0.0,0.0,0.06981179139892237,0.04911395612499148,0.21408696343398467,0.0,0.0,0.0,0.3368933088219101,0.22016372321944017,0.0,0.0,0.0,0.0,0.0
2021-02-12,0.0,0.0,0.06981179139892237,0.04911395612499148,0.21408696343398467,0.0,0.0,0.0,0.3368933088219101,0.22016372321944017,0.0,0.0,0.0,0.0,0.0
2021-02-13,0.0,0.0,0.06981179139892237,0.04911395612499148,0.21408696343398467,0.0,0.0,0.0,0.3368933088219101,0.22016372321944017,0.0,0.0,0.0,0.0,0.0
2021-02-14,0.0,0.0,0.06981179139892237,0.04911395612499148,0.21408696343398467,0.0,0.0,0.0,0.3368933088219101,0.22016372321944017,0.0,0.0,0.0,0.0,0.0
2021-02-15,0.0,0.0,0.06981179139892237,0.04911395612499148,0.21408696343398467,0.0,0.0,0.0,0.3368933088219101,0.22016372321944017,0.0,0.0,0.0,0.0,0.0
2021-02-16,0.0,0.0,0.06981179139892237,0.04911395612499148,0.21408696343398467,0.0,0.0,0.0,0.3368933088219101,0.22016372321944017,0.0,0.0,0.0,0.0,0.0
2021-02-17,0.0,0.0,0.056750060147471984,0.03992477357079525,0.17403146099264555,0.0,0.27646160571905887,0.0,0.2738608357673425,0.17897126380268577,0.0,0.0,0.0,0.0,0.0
2021-02-18,0.0,0.0,0.056750060147471984,0.03992477357079525,0.17403146099264555,0.0,0.27646160571905887,0.0,0.2738608357673425,0.17897126380268577,0.0,0.0,0.0,0.0,0.0
2021-02-19,0.0,0.0,0.06912067464327278,0.048627742015110546,0.21196756376481,0.0,0.3367258580978803,0.0,0.3335581614789263,0.0,0.0,0.0,0.0,0.0,0.0
2021-02-20,0.0,0.0,0.06912067464327278,0.048627742015110546,0.21196756376481,0.0,0.3367258580978803,0.0,0.3335581614789263,0.0,0.0,0.0,0.0,0.0,0.0
2021-02-21,0.0,0.046663348456519385,0.06589527251684403,0.04635860874480571,0.20207644747537315,0.0,0.32101310204713845,0.0,0.3179932207593192,0.0,0.0,0.0,0.0,0.0,0.0
2021-02-22,0.0,0.046663348456519385,0.06589527251684403,0.04635860874480571,0.20207644747537315,0.0,0.32101310204713845,0.0,0.3179932207593192,0.0,0.0,0.0,0.0,0.0,0.0
2021-02-23,0.0,0.0,0.0,0.0,0.21408696343398467,0.0,0.34009267828291134,0.0,0.0,0.0,0.0,0.0,0.0,0.0,0.0
2021-02-24,0.0,0.0,0.0,0.0,0.0,0.0,0.34009267828291134,0.0,0.0,0.0,0.0,0.0,0.0,0.0,0.0
2021-02-25,0.0,0.0,0.0,0.0,0.0,0.0,0.34009267828291134,0.0,0.0,0.0,0.0,0.0,0.0,0.0,0.0
2021-02-26,0.0,0.0,0.0,0.0,0.0,0.0,0.34009267828291134,0.0,0.0,0.0,0.0,0.0,0.0,0.0,0.0
2021-02-27,0.0,0.03965197696859499,0.0,0.0,0.0,0.0,0.34009267828291134,0.0,0.0,0.0,0.0,0.0,0.0,0.0,0.0
2021-02-28,0.0,0.03965197696859499,0.0,0.0,0.0,0.0,0.34009267828291134,0.0,0.0,0.0,0.0,0.0,0.0,0.0,0.0
2021-03-01,0.0,0.03965197696859499,0.0,0.0,0.0,0.0,0.0,0.0,0.0,0.0,0.0,0.0,0.0,0.0,0.0
2021-03-02,0.0,0.03965197696859499,0.0,0.0,0.0,0.0,0.0,0.0,0.0,0.0,0.0,0.0,0.0,0.0,0.0
2021-03-03,0.0,0.03965197696859499,0.0,0.0,0.0,0.0,0.0,0.0,0.0,0.0,0.0,0.0,0.0,0.0,0.0
2021-03-04,0.0,0.03965197696859499,0.0,0.0,0.0,0.0,0.0,0.0,0.0,0.0,0.0,0.0,0.0,0.0,0.0
2021-03-05,0.0,0.03965197696859499,0.0,0.0,0.0,0.0,0.0,0.0,0.0,0.0,0.0,0.0,0.0,0.0,0.0
2021-03-06,0.0,0.03965197696859499,0.0,0.0,0.0,0.0,0.0,0.0,0.0,0.0,0.0,0.0,0.0,0.0,0.0
2021-03-07,0.0,0.03965197696859499,0.0,0.0,0.0,0.0,0.0,0.0,0.0,0.0,0.0,0.0,0.0,0.0,0.0
2021-03-08,0.0,0.03965197696859499,0.0,0.0,0.0,0.0,0.0,0.0,0.0,0.0,0.0,0.0,0.0,0.0,0.0
2021-03-09,0.0,0.03965197696859499,0.0,0.0,0.0,0.0,0.0,0.0,0.0,0.0,0.0,0.0,0.0,0.0,0.0
2021-03-10,0.0,0.03965197696859499,0.0,0.0,0.0,0.0,0.0,0.0,0.0,0.0,0.0,0.0,0.0,0.0,0.0
2021-03-11,0.0,0.03965197696859499,0.0,0.0,0.0,0.0,0.0,0.0,0.0,0.0,0.0,0.0,0.0,0.0,0.0
2021-03-12,0.0,0.03965197696859499,0.0,0.0,0.0,0.0,0.0,0.0,0.0,0.0,0.0,0.0,0.0,0.2609322703061001,0.0
2021-03-13,0.0,0.03965197696859499,0.0,0.0,0.0,0.0,0.0,0.0,0.0,0.0,0.0,0.0,0.0,0.2609322703061001,0.0
2021-03-14,0.0,0.0,0.0692875581794705,0.0,0.0,0.0,0.0,0.0,0.0,0.0,0.0,0.0,0.0,0.2609322703061001,0.0
2021-03-15,0.0,0.0,0.0692875581794705,0.0,0.0,0.0,0.0,0.0,0.0,0.0,0.0,0.0,0.0,0.2609322703061001,0.0
2021-03-16,0.0,0.0,0.0692875581794705,0.0,0.0,0.0,0.0,0.0,0.0,0.0,0.0,0.0,0.0,0.2609322703061001,0.0
2021-03-17,0.0,0.0,0.0692875581794705,0.0,0.0,0.0,0.0,0.0,0.0,0.0,0.0,0.0,0.0,0.2609322703061001,0.0
2021-03-18,0.0,0.0,0.0692875581794705,0.0,0.0,0.0,0.0,0.0,0.0,0.0,0.0,0.0,0.0,0.2609322703061001,0.0
2021-03-19,0.0,0.0,0.0692875581794705,0.0,0.0,0.0,0.2593780475053404,0.0,0.0,0.0,0.0,0.0,0.0,0.2609322703061001,0.0
2021-03-20,0.0,0.0,0.0692875581794705,0.0,0.0,0.0,0.2593780475053404,0.0,0.0,0.0,0.0,0.0,0.0,0.2609322703061001,0.0
2021-03-21,0.0,0.0,0.0692875581794705,0.0,0.0,0.0,0.2593780475053404,0.0,0.0,0.0,0.0,0.0,0.0,0.2609322703061001,0.0
2021-03-22,0.0,0.0,0.0692875581794705,0.0,0.0,0.0,0.0,0.19718272289356317,0.0,0.0,0.0,0.0,0.0,0.0,0.0
2021-03-23,0.0,0.0,0.0692875581794705,0.0,0.0,0.0,0.0,0.19718272289356317,0.0,0.0,0.0,0.0,0.0,0.0,0.0
2021-03-24,0.0,0.0,0.0692875581794705,0.0,0.0,0.0,0.0,0.19718272289356317,0.0,0.0,0.0,0.0,0.0,0.0,0.0
2021-03-25,0.0,0.0,0.0,0.0,0.0,0.0,0.0,0.19718272289356317,0.0,0.0,0.0,0.0,0.0,0.0,0.0
2021-03-26,0.0,0.0,0.0,0.0,0.0,0.0,0.0,0.0,0.0,0.0,0.0,0.0,0.0,0.0,0.0
2021-03-27,0.0,0.0,0.0,0.0,0.0,0.0,0.0,0.0,0.0,0.0,0.0,0.0,0.0,0.0,0.0
2021-03-28,0.0,0.0,0.0,0.0,0.0,0.0,0.0,0.0,0.0,0.0,0.0,0.0,0.0,0.0,0.0
2021-03-29,0.0,0.0,0.0,0.0,0.0,0.0,0.0,0.0,0.0,0.0,0.0,0.0,0.3307679339895746,0.0,0.0
2021-03-30,0.0,0.0,0.0,0.0,0.0,0.0,0.0,0.0,0.0,0.0,0.0,0.0,0.3307679339895746,0.0,0.0
2021-03-31,0.0,0.0,0.0,0.0,0.0,0.0,0.0,0.0,0.0,0.0,0.0,0.0,0.3307679339895746,0.0,0.0
2021-04-01,0.0,0.0,0.0,0.0,0.0,0.0,0.0,0.0,0.0,0.0,0.0,0.0,0.3307679339895746,0.0,0.0
2021-04-02,0.0,0.0,0.0,0.0,0.0,0.0,0.0,0.0,0.0,0.0,0.0,0.0,0.3307679339895746,0.0,0.0
2021-04-03,0.0,0.0,0.0,0.09450389320482952,0.0,0.0,0.0,0.0,0.0,0.0,0.0,0.0,0.3307679339895746,0.0,0.0
2021-04-04,0.0,0.0,0.0,0.09450389320482952,0.0,0.0,0.0,0.0,0.0,0.0,0.0,0.06758867634336245,0.3307679339895746,0.0,0.0
2021-04-05,0.0,0.0,0.0,0.09450389320482952,0.0,0.0,0.0,0.0,0.0,0.0,0.0,0.06758867634336245,0.0,0.0,0.0
2021-04-06,0.0,0.0,0.0,0.09244393478854201,0.27165686275464535,0.0,0.0,0.20797089590255619,0.29478635025159655,0.0,0.0,0.06611540515888889,0.0,0.0,0.06702655114377108
2021-04-07,0.0,0.0,0.0,0.09450389320482952,0.27771028142460713,0.0,0.0,0.2126051793559518,0.30135517085184993,0.0,0.0,0.06758867634336245,0.0,0.0,0.0
2021-04-08,0.0,0.0,0.0,0.09450389320482952,0.27771028142460713,0.0,0.0,0.2126051793559518,0.30135517085184993,0.0,0.0,0.06758867634336245,0.0,0.0,0.0
2021-04-09,0.0,0.0,0.0,0.09450389320482952,0.27771028142460713,0.0,0.0,0.2126051793559518,0.30135517085184993,0.0,0.0,0.06758867634336245,0.0,0.0,0.0
2021-04-10,0.0,0.0,0.0,0.09450389320482952,0.27771028142460713,0.0,0.0,0.2126051793559518,0.30135517085184993,0.0,0.0,0.06758867634336245,0.0,0.0,0.0
2021-04-11,0.0,0.0,0.0,0.0934239845661896,0.2745368488624211,0.0,0.0,0.21017571151055356,0.29791154497289946,0.0,0.0,0.066816331490868,0.0,0.0,0.05713557859706828
2021-04-12,0.0,0.0,0.0,0.0934239845661896,0.2745368488624211,0.0,0.0,0.21017571151055356,0.29791154497289946,0.0,0.0,0.066816331490868,0.0,0.0,0.05713557859706828
2021-04-13,0.0,0.0,0.0,0.0934239845661896,0.2745368488624211,0.0,0.0,0.21017571151055356,0.29791154497289946,0.0,0.0,0.066816331490868,0.0,0.0,0.05713557859706828
2021-04-14,0.0,0.0,0.09557682891209601,0.07253431447621389,0.21315021215550198,0.0,0.0,0.16318027136990354,0.23129830941699436,0.17238391191864522,0.0,0.051876151750645055,0.0,0.0,0.0
2021-04-15,0.0,0.0,0.09557682891209601,0.07253431447621389,0.21315021215550198,0.0,0.0,0.16318027136990354,0.23129830941699436,0.17238391191864522,0.0,0.051876151750645055,0.0,0.0,0.0
2021-04-16,0.0,0.0,0.07560898765605698,0.05738049849840264,0.16861902558593528,0.0,0.0,0.12908876831503255,0.18297563562880562,0.1363695910056515,0.0,0.041038224034045785,0.2089192692760697,0.0,0.0
2021-04-17,0.0,0.0,0.07560898765605698,0.05738049849840264,0.16861902558593528,0.0,0.0,0.12908876831503255,0.18297563562880562,0.1363695910056515,0.0,0.041038224034045785,0.2089192692760697,0.0,0.0
2021-04-18,0.0,0.0,0.07560898765605698,0.05738049849840264,0.16861902558593528,0.0,0.0,0.12908876831503255,0.18297563562880562,0.1363695910056515,0.0,0.041038224034045785,0.2089192692760697,0.0,0.0
2021-04-19,0.0,0.0,0.0,0.0,0.20414610473726413,0.0,0.0,0.1562870448650202,0.22152757167018855,0.16510189589625832,0.0,0.0,0.2529373828312688,0.0,0.0
2021-04-20,0.0,0.0,0.0,0.0,0.24451619153742576,0.0,0.0,0.187192956957057,0.2653348601240353,0.0,0.0,0.0,0.30295599138148194,0.0,0.0
2021-04-21,0.0,0.0,0.0,0.0,0.27771028142460713,0.0,0.0,0.0,0.30135517085184993,0.0,0.0,0.0,0.3440835271350307,0.0,0.0
2021-04-22,0.0,0.0,0.0,0.0,0.27771028142460713,0.0,0.0,0.0,0.30135517085184993,0.0,0.0,0.0,0.3440835271350307,0.0,0.0
2021-04-23,0.0,0.0,0.0,0.0,0.27771028142460713,0.0,0.0,0.0,0.30135517085184993,0.0,0.0,0.04766117195023634,0.3440835271350307,0.0,0.0
2021-04-24,0.0,0.0,0.0,0.0,0.27771028142460713,0.0,0.0,0.0,0.30135517085184993,0.0,0.0,0.04766117195023634,0.3440835271350307,0.0,0.0
2021-04-25,0.0,0.0,0.0,0.0,0.27771028142460713,0.0,0.0,0.0,0.30135517085184993,0.0,0.0,0.04766117195023634,0.3440835271350307,0.0,0.0
2021-04-26,0.0,0.0,0.0,0.0,0.27771028142460713,0.0,0.0,0.0,0.30135517085184993,0.0,0.0,0.04766117195023634,0.3440835271350307,0.0,0.0
2021-04-27,0.0,0.0,0.0,0.0,0.27771028142460713,0.0,0.0,0.0,0.30135517085184993,0.0,0.0,0.04766117195023634,0.3440835271350307,0.0,0.0
2021-04-28,0.0,0.0,0.0,0.06324719238698778,0.26796782611162673,0.0,0.0,0.0,0.29078322057943345,0.0,0.0,0.04598915305519406,0.332012607866758,0.0,0.0
2021-04-29,0.0,0.0,0.0,0.05661294177763132,0.23985961060711153,0.0,0.0,0.0,0.0,0.0,0.0,0.04116516711739329,0.29718647941860843,0.3651758010792555,0.0
2021-04-30,0.0,0.0,0.0,0.04508336494899034,0.1910107127800905,0.0,0.0,0.2036562041578362,0.0,0.0,0.0,0.032781625438741996,0.23666260909318368,0.29080548358115726,0.0
2021-05-01,0.0,0.0,0.0,0.04508336494899034,0.1910107127800905,0.0,0.0,0.2036562041578362,0.0,0.0,0.0,0.032781625438741996,0.23666260909318368,0.29080548358115726,0.0
2021-05-02,0.0,0.0,0.0,0.04508336494899034,0.1910107127800905,0.0,0.0,0.2036562041578362,0.0,0.0,0.0,0.032781625438741996,0.23666260909318368,0.29080548358115726,0.0
2021-05-03,0.0,0.0,0.0,0.04508336494899034,0.1910107127800905,0.0,0.0,0.2036562041578362,0.0,0.0,0.0,0.032781625438741996,0.23666260909318368,0.29080548358115726,0.0
2021-05-04,0.0,0.0,0.0,0.0,0.20002867870229019,0.0,0.0,0.21327118691042316,0.0,0.0,0.0,0.034329306072870824,0.24783588473201293,0.3045349435824029,0.0
2021-05-05,0.0,0.0,0.0,0.0,0.0,0.0,0.0,0.0,0.0,0.0,0.0,0.04766117195023634,0.3440835271350307,0.0,0.0
2021-05-06,0.0,0.0,0.0,0.0,0.0,0.0,0.0,0.0,0.0,0.0,0.0,0.04766117195023634,0.3440835271350307,0.0,0.0
2021-05-07,0.0,0.05701020521046519,0.0,0.0,0.0,0.0,0.0,0.0,0.0,0.0,0.0,0.04766117195023634,0.3440835271350307,0.0,0.0
2021-05-08,0.0,0.05701020521046519,0.0,0.0,0.0,0.0,0.0,0.0,0.0,0.0,0.0,0.04766117195023634,0.3440835271350307,0.0,0.0
2021-05-09,0.0,0.05701020521046519,0.0,0.07510631350479226,0.0,0.0,0.0,0.0,0.0,0.0,0.0,0.04766117195023634,0.3440835271350307,0.0,0.0
2021-05-10,0.0,0.05701020521046519,0.0,0.07510631350479226,0.0,0.46409125977366256,0.0,0.0,0.0,0.0,0.0,0.04766117195023634,0.3440835271350307,0.0,0.0
2021-05-11,0.0,0.05701020521046519,0.0,0.07510631350479226,0.0,0.46409125977366256,0.0,0.0,0.0,0.0,0.0,0.04766117195023634,0.3440835271350307,0.0,0.0
2021-05-12,0.0,0.05701020521046519,0.0,0.07510631350479226,0.0,0.46409125977366256,0.0,0.0,0.0,0.0,0.0,0.04766117195023634,0.0,0.0,0.0
2021-05-13,0.0,0.05701020521046519,0.0,0.07510631350479226,0.0,0.46409125977366256,0.0,0.0,0.0,0.0,0.0,0.04766117195023634,0.0,0.0,0.0
2021-05-14,0.0,0.0,0.0,0.0,0.0,0.46409125977366256,0.0,0.0,0.0,0.0,0.0,0.0,0.0,0.0,0.0
2021-05-15,0.0,0.055778520169650736,0.0,0.0,0.0,0.46409125977366256,0.0,0.0,0.0,0.0,0.0,0.0,0.0,0.0,0.0
2021-05-16,0.0,0.055778520169650736,0.0,0.0,0.0,0.46409125977366256,0.0,0.0,0.0,0.0,0.0,0.0,0.0,0.0,0.0
2021-05-17,0.0,0.055778520169650736,0.0,0.0,0.0,0.46409125977366256,0.34115432105671645,0.0,0.0,0.0,0.0,0.0,0.0,0.0,0.0
2021-05-18,0.0,0.055778520169650736,0.0,0.0,0.0,0.46409125977366256,0.34115432105671645,0.0,0.0,0.0,0.0,0.0,0.0,0.0,0.0
2021-05-19,0.0,0.055778520169650736,0.0,0.0,0.0,0.46409125977366256,0.34115432105671645,0.0,0.0,0.0,0.0,0.04624631323270629,0.0,0.0,0.0
2021-05-20,0.0,0.0,0.0,0.0,0.0,0.46409125977366256,0.0,0.0,0.0,0.0,0.0,0.0,0.0,0.0,0.0
2021-05-21,0.0,0.0,0.0,0.0,0.0,0.46409125977366256,0.0,0.0,0.0,0.0,0.0,0.0,0.0,0.0,0.0
2021-05-22,0.0,0.0,0.0,0.0,0.0,0.46409125977366256,0.0,0.0,0.0,0.0,0.0,0.0,0.0,0.0,0.0
2021-05-23,0.0,0.0,0.0,0.0,0.0,0.46409125977366256,0.0,0.0,0.0,0.0,0.0,0.0,0.0,0.0,0.0
2021-05-24,0.0,0.0,0.0,0.0,0.0,0.46409125977366256,0.0,0.0,0.0,0.0,0.0,0.0,0.0,0.0,0.0
2021-05-25,0.0,0.0,0.0,0.0,0.0,0.46409125977366256,0.0,0.0,0.0,0.0,0.0,0.0,0.0,0.0,0.0
2021-05-26,0.0,0.0,0.0,0.0,0.0,0.46409125977366256,0.0,0.0,0.0,0.0,0.0,0.0,0.0,0.0,0.0
2021-05-27,0.0,0.0,0.0,0.0,0.0,0.46409125977366256,0.0,0.0,0.0,0.0,0.0,0.0,0.0,0.0,0.0
2021-05-28,0.0,0.0,0.0,0.0,0.0,0.46409125977366256,0.0,0.3070146177230791,0.0,0.0,0.0,0.0,0.0,0.0,0.0
2021-05-29,0.0,0.0,0.0,0.0,0.0,0.46409125977366256,0.0,0.3070146177230791,0.0,0.0,0.0,0.0,0.0,0.0,0.0
2021-05-30,0.0,0.0,0.0,0.0,0.0,0.46409125977366256,0.0,0.3070146177230791,0.0,0.0,0.0,0.0,0.0,0.0,0.0
2021-05-31,0.0,0.0,0.0,0.0,0.0,0.46409125977366256,0.0,0.3070146177230791,0.0,0.0,0.0,0.0,0.0,0.0,0.0
2021-06-01,0.0,0.0,0.0,0.0,0.0,0.46409125977366256,0.0,0.3070146177230791,0.0,0.20574540968477875,0.0,0.0,0.0,0.0,0.0
2021-06-02,0.0,0.0,0.0,0.0,0.0,0.0,0.34910116239771855,0.3070146177230791,0.0,0.20574540968477875,0.0,0.0,0.0,0.0,0.0
2021-06-03,0.0,0.0,0.0,0.0,0.0,0.0,0.34910116239771855,0.3070146177230791,0.0,0.20574540968477875,0.0,0.0,0.0,0.0,0.0
2021-06-04,0.0,0.0,0.0,0.0,0.0,0.0,0.34910116239771855,0.3070146177230791,0.0,0.20574540968477875,0.0,0.0,0.0,0.0,0.0
2021-06-05,0.0,0.0,0.0,0.0,0.0,0.0,0.34910116239771855,0.3070146177230791,0.0,0.20574540968477875,0.0,0.0,0.0,0.0,0.0
2021-06-06,0.0,0.0,0.0,0.0,0.0,0.0,0.34910116239771855,0.3070146177230791,0.0,0.20574540968477875,0.0,0.0,0.0,0.0,0.0
2021-06-07,0.0,0.0,0.0,0.0,0.0,0.0,0.34910116239771855,0.3070146177230791,0.0,0.20574540968477875,0.0,0.0,0.0,0.0,0.0
2021-06-08,0.0,0.0,0.0,0.0,0.0,0.0,0.34910116239771855,0.3070146177230791,0.0,0.20574540968477875,0.0,0.0,0.0,0.0,0.0
2021-06-09,0.0,0.0,0.0,0.0,0.0,0.0,0.34910116239771855,0.3070146177230791,0.0,0.20574540968477875,0.0,0.0,0.0,0.0,0.0
2021-06-10,0.0,0.0,0.0,0.0,0.0,0.0,0.34910116239771855,0.3070146177230791,0.0,0.20574540968477875,0.0,0.0,0.0,0.0,0.0
2021-06-11,0.0,0.0,0.0,0.0,0.43965331593328666,0.0,0.0,0.3070146177230791,0.0,0.20574540968477875,0.0,0.0,0.0,0.0,0.0
2021-06-12,0.0,0.0,0.0,0.0,0.43965331593328666,0.0,0.0,0.3070146177230791,0.0,0.20574540968477875,0.0,0.0,0.0,0.0,0.0
2021-06-13,0.0,0.0,0.0,0.0,0.43965331593328666,0.0,0.0,0.3070146177230791,0.0,0.20574540968477875,0.0,0.0,0.0,0.0,0.0
2021-06-14,0.0,0.0,0.0,0.0,0.43965331593328666,0.0,0.0,0.3070146177230791,0.0,0.20574540968477875,0.0,0.0,0.0,0.0,0.0
2021-06-15,0.0,0.0,0.0,0.0,0.43965331593328666,0.0,0.0,0.3070146177230791,0.0,0.20574540968477875,0.0,0.0,0.0,0.0,0.0
2021-06-16,0.0,0.0,0.0,0.0,0.43965331593328666,0.0,0.0,0.3070146177230791,0.0,0.20574540968477875,0.0,0.0,0.0,0.0,0.0
2021-06-17,0.0,0.0,0.0,0.0,0.0,0.0,0.0,0.3070146177230791,0.0,0.20574540968477875,0.0,0.0,0.0,0.0,0.0
2021-06-18,0.0,0.0,0.0,0.0,0.0,0.0,0.0,0.3070146177230791,0.0,0.0,0.0,0.0,0.0,0.0,0.0
2021-06-19,0.0,0.0,0.0,0.0,0.0,0.0,0.0,0.3070146177230791,0.0,0.0,0.0,0.0,0.0,0.0,0.0
2021-06-20,0.0,0.0,0.0,0.0,0.0,0.0,0.0,0.3070146177230791,0.0,0.0,0.0,0.0,0.0,0.0,0.0
2021-06-21,0.0,0.0,0.0,0.0,0.0,0.0,0.0,0.3070146177230791,0.0,0.0,0.0,0.0,0.0,0.0,0.0
2021-06-22,0.0,0.0,0.0,0.0,0.0,0.0,0.0,0.3070146177230791,0.0,0.0,0.0,0.0,0.0,0.0,0.0
2021-06-23,0.0,0.0,0.0,0.0,0.0,0.0,0.0,0.3070146177230791,0.4812580635369567,0.0,0.0,0.0,0.0,0.0,0.0
2021-06-24,0.0,0.0,0.0,0.0,0.0,0.0,0.0,0.3070146177230791,0.4812580635369567,0.0,0.0,0.0,0.0,0.0,0.0
2021-06-25,0.0,0.0,0.0,0.0,0.0,0.0,0.0,0.3070146177230791,0.4812580635369567,0.0,0.0,0.0,0.0,0.0,0.0
2021-06-26,0.0,0.0,0.0,0.0,0.0,0.0,0.0,0.3070146177230791,0.4812580635369567,0.0,0.0,0.0,0.0,0.0,0.0
2021-06-27,0.0,0.0,0.0,0.0,0.0,0.0,0.0,0.3070146177230791,0.4812580635369567,0.0,0.0,0.0,0.0,0.0,0.0
2021-06-28,0.0,0.0,0.0,0.0,0.0,0.0,0.0,0.3070146177230791,0.4812580635369567,0.0,0.0,0.0,0.0,0.0,0.0
2021-06-29,0.0,0.0,0.0,0.0,0.0,0.0,0.0,0.0,0.4812580635369567,0.239973506002375,0.0,0.0,0.0,0.0,0.0
2021-06-30,0.0,0.0,0.0,0.0,0.0,0.0,0.0,0.0,0.4812580635369567,0.239973506002375,0.0,0.0,0.0,0.0,0.0
2021-07-01,0.0,0.0,0.0,0.0,0.0,0.0,0.0,0.0,0.4812580635369567,0.239973506002375,0.0,0.0,0.0,0.0,0.0
2021-07-02,0.0,0.0,0.0,0.0,0.0,0.0,0.0,0.0,0.4812580635369567,0.239973506002375,0.0,0.0,0.0,0.0,0.0
2021-07-03,0.0,0.0,0.0,0.0,0.0,0.0,0.0,0.0,0.4812580635369567,0.239973506002375,0.0,0.0,0.0,0.0,0.0
2021-07-04,0.0,0.0,0.0,0.0,0.0,0.0,0.0,0.0,0.4812580635369567,0.239973506002375,0.0,0.0,0.0,0.0,0.0
2021-07-05,0.0,0.0,0.0,0.0,0.0,0.0,0.0,0.0,0.4812580635369567,0.239973506002375,0.0,0.0,0.0,0.0,0.0
2021-07-06,0.2086116368623719,0.0,0.0,0.0,0.2517519691674064,0.0,0.0,0.0,0.2156802054600401,0.10754632285882489,0.0,0.0,0.0,0.21640986565135661,0.0
2021-07-07,0.2086116368623719,0.0,0.0,0.0,0.2517519691674064,0.0,0.0,0.0,0.2156802054600401,0.10754632285882489,0.0,0.0,0.0,0.21640986565135661,0.0
2021-07-08,0.2086116368623719,0.0,0.0,0.0,0.2517519691674064,0.0,0.0,0.0,0.2156802054600401,0.10754632285882489,0.0,0.0,0.0,0.21640986565135661,0.0
2021-07-09,0.0,0.0,0.0,0.0,0.0,0.0,0.0,0.0,0.4812580635369567,0.0,0.0,0.0,0.0,0.0,0.0
2021-07-10,0.0,0.0,0.0,0.0,0.0,0.0,0.0,0.0,0.4812580635369567,0.0,0.0,0.0,0.0,0.0,0.0
2021-07-11,0.0,0.0,0.0,0.0,0.0,0.0,0.0,0.0,0.4812580635369567,0.0,0.0,0.0,0.0,0.0,0.0
2021-07-12,0.4250437561455261,0.0,0.0,0.0,0.0,0.0,0.0,0.0,0.4812580635369567,0.0,0.0,0.0,0.0,0.0,0.0
2021-07-13,0.4250437561455261,0.0,0.0,0.0,0.0,0.0,0.0,0.0,0.4812580635369567,0.0,0.0,0.0,0.0,0.0,0.0
2021-07-14,0.22230462369622564,0.0,0.0,0.0,0.2795203770689101,0.0,0.0,0.0,0.251705597761393,0.0,0.0,0.0,0.0,0.2464694014734712,0.0
2021-07-15,0.22230462369622564,0.0,0.0,0.0,0.2795203770689101,0.0,0.0,0.0,0.251705597761393,0.0,0.0,0.0,0.0,0.2464694014734712,0.0
2021-07-16,0.16464420011376404,0.0,0.0,0.0,0.2070195758091638,0.0,0.0,0.0,0.18641927513037598,0.0,0.2593757278807358,0.0,0.0,0.18254122106596032,0.0
2021-07-17,0.16464420011376404,0.0,0.0,0.0,0.2070195758091638,0.0,0.0,0.0,0.18641927513037598,0.0,0.2593757278807358,0.0,0.0,0.18254122106596032,0.0
2021-07-18,0.16464420011376404,0.0,0.0,0.0,0.2070195758091638,0.0,0.0,0.0,0.18641927513037598,0.0,0.2593757278807358,0.0,0.0,0.18254122106596032,0.0
2021-07-19,0.16464420011376404,0.0,0.0,0.0,0.2070195758091638,0.0,0.0,0.0,0.18641927513037598,0.0,0.2593757278807358,0.0,0.0,0.18254122106596032,0.0
2021-07-20,0.0,0.0,0.0,0.0,0.0,0.0,0.0,0.0,0.0,0.0,0.6696016838445036,0.0,0.0,0.0,0.0
2021-07-21,0.0,0.0,0.0,0.0,0.0,0.0,0.0,0.0,0.0,0.0,0.6696016838445036,0.0,0.0,0.0,0.0
2021-07-22,0.0,0.0,0.0,0.0,0.0,0.0,0.0,0.0,0.0,0.0,0.6696016838445036,0.0,0.0,0.0,0.0
2021-07-23,0.0,0.0,0.0,0.0,0.0,0.0,0.0,0.0,0.48373277944847715,0.0,0.0,0.0,0.0,0.0,0.0
2021-07-24,0.0,0.0,0.0,0.0,0.0,0.0,0.0,0.0,0.48373277944847715,0.0,0.0,0.0,0.0,0.0,0.0
2021-07-25,0.0,0.0,0.0,0.0,0.0,0.0,0.0,0.0,0.48373277944847715,0.0,0.0,0.0,0.0,0.0,0.0
2021-07-26,0.0,0.0,0.0,0.0,0.375068279624738,0.0,0.0,0.23864097610368895,0.38629074427157295,0.0,0.0,0.0,0.0,0.0,0.0
2021-07-27,0.0,0.0,0.0,0.0,0.375068279624738,0.0,0.0,0.23864097610368895,0.38629074427157295,0.0,0.0,0.0,0.0,0.0,0.0
2021-07-28,0.0,0.0,0.0,0.0,0.0,0.0,0.0,0.29883828275155017,0.0,0.0,0.0,0.0,0.0,0.44057604327705446,0.0
2021-07-29,0.0,0.0,0.0,0.0,0.3449106344545476,0.0,0.0,0.2647578957522554,0.0,0.0,0.0,0.0,0.0,0.39033146979319694,0.0
2021-07-30,0.0,0.0,0.0,0.0,0.3893085092336349,0.0,0.0,0.0,0.0,0.0,0.0,0.0,0.0,0.44057604327705446,0.0
2021-07-31,0.0,0.0,0.0,0.0,0.3893085092336349,0.0,0.0,0.0,0.0,0.0,0.0,0.0,0.0,0.44057604327705446,0.0
2021-08-01,0.0,0.0,0.0,0.0,0.3893085092336349,0.0,0.0,0.0,0.0,0.0,0.0,0.0,0.0,0.44057604327705446,0.0
2021-08-02,0.0,0.0,0.0,0.0,0.2913403965626128,0.0,0.0,0.0,0.0,0.0,0.37895296687555213,0.0,0.0,0.32970663656183513,0.0
2021-08-03,0.0,0.0,0.0,0.0,0.3893085092336349,0.0,0.0,0.0,0.0,0.0,0.5063822811550207,0.0,0.0,0.0,0.0
2021-08-04,0.0,0.0,0.0,0.0,0.26360817479628806,0.3935107791479044,0.0,0.0,0.0,0.0,0.34288104605580766,0.0,0.0,0.0,0.0
2021-08-05,0.0,0.0,0.0,0.05667402459499626,0.24866843861444113,0.3712089395720799,0.0,0.0,0.0,0.0,0.32344859721848274,0.0,0.0,0.0,0.0
2021-08-06,0.0,0.0,0.0,0.05667402459499626,0.24866843861444113,0.3712089395720799,0.0,0.0,0.0,0.0,0.32344859721848274,0.0,0.0,0.0,0.0
2021-08-07,0.0,0.0,0.0,0.05667402459499626,0.24866843861444113,0.3712089395720799,0.0,0.0,0.0,0.0,0.32344859721848274,0.0,0.0,0.0,0.0
2021-08-08,0.0,0.0,0.0,0.05667402459499626,0.24866843861444113,0.3712089395720799,0.0,0.0,0.0,0.0,0.32344859721848274,0.0,0.0,0.0,0.0
2021-08-09,0.0,0.0,0.0,0.05667402459499626,0.24866843861444113,0.3712089395720799,0.0,0.0,0.0,0.0,0.32344859721848274,0.0,0.0,0.0,0.0
2021-08-10,0.0,0.0,0.05450191902358179,0.05358518149577928,0.23511553150935635,0.35097734000669273,0.0,0.0,0.0,0.0,0.30582002796458985,0.0,0.0,0.0,0.0
2021-08-11,0.0,0.05583944864737415,0.05145856191508115,0.05059301450538549,0.22198680986143954,0.331378958852997,0.0,0.0,0.0,0.0,0.2887432062177226,0.0,0.0,0.0,0.0
2021-08-12,0.0,0.05342905393512049,0.04923727484035424,0.04840909010077932,0.21240441165297813,0.3170744821878438,0.0,0.0,0.0,0.0,0.2762791666484656,0.0,0.0,0.0,0.04316652063445839
2021-08-13,0.0,0.05342905393512049,0.04923727484035424,0.04840909010077932,0.21240441165297813,0.3170744821878438,0.0,0.0,0.0,0.0,0.2762791666484656,0.0,0.0,0.0,0.04316652063445839
2021-08-14,0.0,0.0,0.05010257961428364,0.049259840206295945,0.2161372452024164,0.3226468064892583,0.0,0.0,0.0,0.0,0.2811345466956614,0.03679384491616998,0.0,0.0,0.043925136875914254
2021-08-15,0.0,0.05025953686450276,0.04977062885187166,0.048933472948588706,0.21470524461715884,0.3205091350514115,0.0,0.0,0.0,0.0,0.27927191152129677,0.03655007014516978,0.0,0.0,0.0
2021-08-16,0.0,0.04052978951569589,0.04013552924031975,0.039460438408437375,0.17314044090198238,0.2584617485933527,0.0,0.0,0.22306441121411702,0.0,0.22520764212609473,0.0,0.0,0.0,0.0
2021-08-17,0.1523009793474653,0.03333935533392472,0.03301504120419736,0.0324597189734198,0.14242340636060108,0.21260776775670737,0.0,0.0,0.18349031062547477,0.0,0.18525330860278735,0.025110111795422226,0.0,0.0,0.0
2021-08-18,0.15755371876143398,0.0,0.03415370366671142,0.03357922881471267,0.1473354761533713,0.2199404402463813,0.0,0.0,0.1898187452214525,0.0,0.1916425475941265,0.025976139541810245,0.0,0.0,0.0
2021-08-19,0.0,0.0,0.04183092794518433,0.04112732003270769,0.18045421213712068,0.26937964906997075,0.0,0.0,0.23248706294020596,0.0,0.23472082787481074,0.0,0.0,0.0,0.0
2021-08-20,0.0,0.06247479532322556,0.07522717188807199,0.07396182980809116,0.0,0.0,0.0,0.0,0.0,0.0,0.42211313331101236,0.0,0.3662230696695989,0.0,0.0
2021-08-21,0.0,0.06247479532322556,0.07522717188807199,0.07396182980809116,0.0,0.0,0.0,0.0,0.0,0.0,0.42211313331101236,0.0,0.3662230696695989,0.0,0.0
2021-08-22,0.0,0.06247479532322556,0.07522717188807199,0.07396182980809116,0.0,0.0,0.0,0.0,0.0,0.0,0.42211313331101236,0.0,0.3662230696695989,0.0,0.0
2021-08-23,0.0,0.04461579978381783,0.05372279207793301,0.05281915968335874,0.0,0.0,0.0,0.0,0.2858592084537569,0.0,0.3014482071447912,0.0,0.26153483285634227,0.0,0.0
2021-08-24,0.0,0.032315652169581786,0.03891193413053926,0.03825742451076954,0.18506735067646835,0.0,0.0,0.0,0.20705056940868982,0.09062304765406465,0.2183418308410187,0.0,0.18943219060886793,0.0,0.0
2021-08-25,0.0,0.032315652169581786,0.03891193413053926,0.03825742451076954,0.18506735067646835,0.0,0.0,0.0,0.20705056940868982,0.09062304765406465,0.2183418308410187,0.0,0.18943219060886793,0.0,0.0
2021-08-26,0.0,0.054566421163585066,0.06570453769320182,0.06459936898484477,0.3124944824770266,0.0,0.0,0.0,0.3496141285723241,0.1530210611090176,0.0,0.0,0.0,0.0,0.0
2021-08-27,0.0,0.0,0.06949672527399246,0.06832777090945928,0.3305303402293229,0.0,0.0,0.0,0.36979237505252244,0.16185278853470286,0.0,0.0,0.0,0.0,0.0
2021-08-28,0.0,0.0,0.0668684056661484,0.06574366037283211,0.31802990411831095,0.0,0.0,0.0,0.3558070750783165,0.15573162446527594,0.0,0.03781933029911616,0.0,0.0,0.0
2021-08-29,0.0,0.0,0.0668684056661484,0.06574366037283211,0.31802990411831095,0.0,0.0,0.0,0.3558070750783165,0.15573162446527594,0.0,0.03781933029911616,0.0,0.0,0.0
2021-08-30,0.0,0.0,0.0902452539363549,0.08872730351421054,0.4292115113347328,0.0,0.0,0.0,0.0,0.21017459375294528,0.0,0.05104077228320145,0.0,0.0,0.0
2021-08-31,0.25052763992955,0.0,0.05405281259200913,0.05314362916004721,0.2570782215413908,0.0,0.0,0.22874154411924025,0.0,0.12588504583012833,0.0,0.030571106827634427,0.0,0.0,0.0
2021-09-01,0.25052763992955,0.0,0.05405281259200913,0.05314362916004721,0.2570782215413908,0.0,0.0,0.22874154411924025,0.0,0.12588504583012833,0.0,0.030571106827634427,0.0,0.0,0.0
2021-09-02,0.26458885174665703,0.0,0.057086601787406335,0.0,0.271507093851349,0.0,0.0,0.24157998104435252,0.0,0.13295051890336457,0.0,0.032286952666870594,0.0,0.0,0.0
2021-09-03,0.26458885174665703,0.0,0.057086601787406335,0.0,0.271507093851349,0.0,0.0,0.24157998104435252,0.0,0.13295051890336457,0.0,0.032286952666870594,0.0,0.0,0.0
2021-09-04,0.2491842349704676,0.0,0.05376296506656692,0.05822095932801928,0.2556996903829609,0.0,0.0,0.2275149627935056,0.0,0.12521001214965272,0.0,0.030407175308827035,0.0,0.0,0.0
2021-09-05,0.2491842349704676,0.0,0.05376296506656692,0.05822095932801928,0.2556996903829609,0.0,0.0,0.2275149627935056,0.0,0.12521001214965272,0.0,0.030407175308827035,0.0,0.0,0.0
2021-09-06,0.2491842349704676,0.0,0.05376296506656692,0.05822095932801928,0.2556996903829609,0.0,0.0,0.2275149627935056,0.0,0.12521001214965272,0.0,0.030407175308827035,0.0,0.0,0.0
2021-09-07,0.31682805946542575,0.0,0.06835751826421375,0.07402568451530644,0.0,0.0,0.0,0.28927642300387885,0.0,0.15919965875737846,0.0,0.038661540317999836,0.0,0.0,0.053651115675796966
2021-09-08,0.41398973610359874,0.0,0.0,0.0,0.0,0.0,0.0,0.3779888379281554,0.0,0.2080214259682459,0.0,0.0,0.0,0.0,0.0
2021-09-09,0.41398973610359874,0.0,0.0,0.0,0.0,0.0,0.0,0.3779888379281554,0.0,0.2080214259682459,0.0,0.0,0.0,0.0,0.0
2021-09-10,0.41398973610359874,0.0,0.0,0.0,0.0,0.0,0.0,0.3779888379281554,0.0,0.2080214259682459,0.0,0.0,0.0,0.0,0.0
2021-09-11,0.41398973610359874,0.0,0.0,0.0,0.0,0.0,0.0,0.3779888379281554,0.0,0.2080214259682459,0.0,0.0,0.0,0.0,0.0
2021-09-12,0.41398973610359874,0.0,0.0,0.0,0.0,0.0,0.0,0.3779888379281554,0.0,0.2080214259682459,0.0,0.0,0.0,0.0,0.0
2021-09-13,0.0,0.0,0.0,0.0,0.0,0.0,0.0,0.38190128773958537,0.0,0.21017459375294528,0.0,0.0,0.0,0.0,0.0
2021-09-14,0.0,0.0,0.0,0.0,0.0,0.0,0.0,0.38190128773958537,0.0,0.21017459375294528,0.0,0.0,0.0,0.0,0.0
2021-09-15,0.0,0.0,0.0,0.0,0.0,0.0,0.0,0.38190128773958537,0.0,0.21017459375294528,0.0,0.0,0.0,0.0,0.0
2021-09-16,0.0,0.0,0.0,0.0,0.0,0.0,0.0,0.0,0.0,0.21017459375294528,0.0,0.0,0.0,0.0,0.0
2021-09-17,0.0,0.0,0.0,0.0,0.0,0.0,0.0,0.0,0.0,0.21017459375294528,0.0,0.0,0.0,0.0,0.0
2021-09-18,0.0,0.0,0.0,0.0,0.0,0.0,0.0,0.0,0.0,0.21017459375294528,0.0,0.0,0.0,0.0,0.0
2021-09-19,0.0,0.0,0.0,0.0,0.0,0.0,0.0,0.0,0.0,0.21017459375294528,0.0,0.0,0.0,0.0,0.0
2021-09-20,0.0,0.0,0.0,0.0,0.0,0.0,0.0,0.0,0.0,0.0,0.0,0.0,0.0,0.0,0.0
2021-09-21,0.0,0.0,0.0,0.0,0.0,0.0,0.0,0.0,0.0,0.0,0.0,0.0,0.0,0.0,0.0
2021-09-22,0.0,0.0,0.0,0.0,0.0,0.0,0.0,0.0,0.0,0.0,0.0,0.0,0.0,0.0,0.0
2021-09-23,0.0,0.0,0.0,0.0,0.0,0.0,0.0,0.0,0.0,0.0,0.0,0.0,0.0,0.0,0.0
2021-09-24,0.0,0.0,0.0,0.0,0.0,0.0,0.0,0.0,0.0,0.0,0.0,0.0,0.0,0.0,0.0
2021-09-25,0.0,0.0,0.0,0.0,0.0,0.0,0.0,0.0,0.0,0.0,0.0,0.0,0.0,0.0,0.0
2021-09-26,0.0,0.0,0.0,0.0,0.0,0.0,0.0,0.0,0.0,0.0,0.0,0.0,0.0,0.0,0.0
2021-09-27,0.0,0.0,0.0,0.0,0.0,0.0,0.0,0.0,0.0,0.0,0.0,0.0,0.0,0.0,0.0
2021-09-28,0.0,0.0,0.0,0.0,0.0,0.0,0.3503934810014764,0.0,0.0,0.0,0.0,0.0,0.0,0.0,0.0
2021-09-29,0.0,0.0,0.0,0.0,0.0,0.0,0.3503934810014764,0.0,0.0,0.0,0.0,0.0,0.0,0.0,0.0
2021-09-30,0.0,0.0,0.0,0.0,0.0,0.0,0.3503934810014764,0.0,0.0,0.0,0.0,0.0,0.0,0.0,0.0
2021-10-01,0.0,0.0,0.0,0.0,0.0,0.0,0.3503934810014764,0.0,0.0,0.0,0.0,0.0,0.0,0.0,0.0
2021-10-02,0.0,0.0,0.0,0.0,0.0,0.0,0.3503934810014764,0.0,0.0,0.0,0.0,0.0,0.0,0.0,0.0
2021-10-03,0.0,0.0,0.0,0.0,0.0,0.0,0.3503934810014764,0.0,0.0,0.0,0.0,0.0,0.0,0.0,0.0
2021-10-04,0.0,0.0,0.0,0.0,0.0,0.0,0.3503934810014764,0.0,0.0,0.0,0.0,0.0,0.0,0.0,0.0
2021-10-05,0.0,0.0,0.0,0.0,0.0,0.0,0.3503934810014764,0.0,0.0,0.0,0.0,0.0,0.0,0.0,0.0
2021-10-06,0.0,0.0,0.0,0.0,0.0,0.0,0.3503934810014764,0.0,0.0,0.0,0.0,0.0,0.0,0.0,0.0
2021-10-07,0.0,0.0,0.09889797104952536,0.0,0.0,0.0,0.3503934810014764,0.0,0.0,0.0,0.0,0.0,0.0,0.0,0.0
2021-10-08,0.0,0.0,0.09889797104952536,0.0,0.0,0.0,0.3503934810014764,0.0,0.0,0.0,0.0,0.0,0.0,0.0,0.0
2021-10-09,0.0,0.0,0.09889797104952536,0.0,0.0,0.0,0.3503934810014764,0.0,0.0,0.0,0.0,0.0,0.0,0.0,0.0
2021-10-10,0.0,0.0,0.09889797104952536,0.0,0.0,0.0,0.3503934810014764,0.0,0.0,0.0,0.0,0.0,0.0,0.0,0.0
2021-10-11,0.0,0.0,0.09889797104952536,0.0,0.0,0.0,0.3503934810014764,0.0,0.0,0.0,0.0,0.0,0.0,0.0,0.0
2021-10-12,0.0,0.0,0.09889797104952536,0.0,0.0,0.0,0.3503934810014764,0.0,0.0,0.0,0.0,0.0,0.0,0.0,0.0
2021-10-13,0.0,0.0,0.09889797104952536,0.0,0.0,0.0,0.0,0.0,0.0,0.0,0.0,0.0,0.0,0.0,0.0
2021-10-14,0.0,0.0,0.09889797104952536,0.0,0.0,0.0,0.0,0.0,0.0,0.0,0.0,0.0,0.0,0.0,0.0
2021-10-15,0.0,0.0,0.09889797104952536,0.0,0.0,0.0,0.0,0.0,0.0,0.0,0.0,0.0,0.0,0.0,0.0
2021-10-16,0.0,0.0,0.09889797104952536,0.0,0.0,0.0,0.0,0.0,0.0,0.0,0.0,0.0,0.0,0.0,0.0
2021-10-17,0.0,0.0,0.09889797104952536,0.0,0.0,0.0,0.0,0.0,0.0,0.0,0.0,0.0,0.0,0.0,0.0
2021-10-18,0.0,0.0,0.09889797104952536,0.0,0.0,0.0,0.0,0.0,0.0,0.0,0.0,0.0,0.0,0.0,0.0
2021-10-19,0.0,0.0,0.09889797104952536,0.0,0.0,0.0,0.0,0.0,0.3668039092366719,0.0,0.0,0.0,0.0,0.0,0.0
2021-10-20,0.0,0.0,0.09889797104952536,0.0,0.0,0.0,0.0,0.0,0.3668039092366719,0.0,0.0,0.0,0.0,0.0,0.0
2021-10-21,0.0,0.0,0.09889797104952536,0.09985266204175859,0.0,0.0,0.0,0.0,0.3668039092366719,0.0,0.0,0.0,0.3150770248718523,0.0,0.0
2021-10-22,0.0,0.0,0.09889797104952536,0.09985266204175859,0.0,0.0,0.0,0.0,0.3668039092366719,0.0,0.0,0.0,0.3150770248718523,0.0,0.0
2021-10-23,0.0,0.0,0.09889797104952536,0.09985266204175859,0.0,0.0,0.0,0.0,0.3668039092366719,0.0,0.0,0.0,0.3150770248718523,0.0,0.0
2021-10-24,0.0,0.0,0.0,0.09985266204175859,0.0,0.0,0.0,0.0,0.3668039092366719,0.0,0.0,0.0,0.3150770248718523,0.0,0.0
2021-10-25,0.0,0.0,0.0,0.08896233642570821,0.0,0.0,0.30352535672092185,0.0,0.32679882647626446,0.0,0.0,0.0,0.2807134803771056,0.0,0.0
2021-10-26,0.0,0.0,0.0,0.07270934618497717,0.0,0.0,0.24807273644583244,0.0,0.2670942554094215,0.1826951819583087,0.0,0.0,0.22942848000146013,0.0,0.0
2021-10-27,0.0,0.0,0.0,0.07270934618497717,0.0,0.0,0.24807273644583244,0.0,0.2670942554094215,0.1826951819583087,0.0,0.0,0.22942848000146013,0.0,0.0
2021-10-28,0.0,0.0,0.0,0.07270934618497717,0.0,0.0,0.24807273644583244,0.0,0.2670942554094215,0.1826951819583087,0.0,0.0,0.22942848000146013,0.0,0.0
2021-10-29,0.0,0.0,0.0,0.07270934618497717,0.0,0.0,0.24807273644583244,0.0,0.2670942554094215,0.1826951819583087,0.0,0.0,0.22942848000146013,0.0,0.0
2021-10-30,0.0,0.0,0.0,0.07270934618497717,0.0,0.0,0.24807273644583244,0.0,0.2670942554094215,0.1826951819583087,0.0,0.0,0.22942848000146013,0.0,0.0
2021-10-31,0.0,0.0,0.0,0.07270934618497717,0.0,0.0,0.24807273644583244,0.0,0.2670942554094215,0.1826951819583087,0.0,0.0,0.22942848000146013,0.0,0.0
2021-11-01,0.0,0.0,0.0,0.07270934618497717,0.0,0.0,0.24807273644583244,0.0,0.2670942554094215,0.1826951819583087,0.0,0.0,0.22942848000146013,0.0,0.0
2021-11-02,0.0,0.0,0.0,0.07270934618497717,0.0,0.0,0.24807273644583244,0.0,0.2670942554094215,0.1826951819583087,0.0,0.0,0.22942848000146013,0.0,0.0
2021-11-03,0.0,0.0,0.0,0.06934089360534447,0.0,0.0,0.236580111455207,0.0,0.2547204082928478,0.1742313449243693,0.0,0.04632764226848009,0.21879959945375138,0.0,0.0
2021-11-04,0.0,0.0,0.0,0.06934089360534447,0.0,0.0,0.236580111455207,0.0,0.2547204082928478,0.1742313449243693,0.0,0.04632764226848009,0.21879959945375138,0.0,0.0
2021-11-05,0.0,0.0,0.0,0.09985266204175859,0.0,0.0,0.0,0.0,0.3668039092366719,0.0,0.0,0.0667129909365559,0.3150770248718523,0.0,0.0
2021-11-06,0.0,0.0,0.0,0.09985266204175859,0.0,0.0,0.0,0.0,0.3668039092366719,0.0,0.0,0.0667129909365559,0.3150770248718523,0.0,0.0
2021-11-07,0.0,0.0,0.0,0.09985266204175859,0.0,0.0,0.0,0.0,0.3668039092366719,0.0,0.0,0.0667129909365559,0.3150770248718523,0.0,0.0
2021-11-08,0.0,0.0,0.0,0.09985266204175859,0.0,0.0,0.0,0.0,0.3668039092366719,0.0,0.0,0.0667129909365559,0.3150770248718523,0.0,0.0
2021-11-09,0.0,0.0,0.1078027022363475,0.09532375823358301,0.0,0.0,0.0,0.0,0.3501672008362396,0.0,0.0,0.06368716556015284,0.30078643402897615,0.0,0.08223273910470094
2021-11-10,0.0,0.0,0.1078027022363475,0.09532375823358301,0.0,0.0,0.0,0.0,0.3501672008362396,0.0,0.0,0.06368716556015284,0.30078643402897615,0.0,0.08223273910470094
2021-11-11,0.0,0.0,0.11292449010683253,0.09985266204175859,0.0,0.0,0.0,0.0,0.3668039092366719,0.0,0.0,0.0,0.3150770248718523,0.0,0.0
2021-11-12,0.0,0.0,0.11292449010683253,0.09985266204175859,0.0,0.0,0.0,0.0,0.3668039092366719,0.0,0.0,0.0,0.3150770248718523,0.0,0.0
2021-11-13,0.0,0.0,0.11292449010683253,0.09985266204175859,0.0,0.0,0.0,0.0,0.3668039092366719,0.0,0.0,0.0,0.3150770248718523,0.0,0.0
2021-11-14,0.0,0.0,0.11292449010683253,0.09985266204175859,0.0,0.0,0.0,0.0,0.3668039092366719,0.0,0.0,0.0,0.3150770248718523,0.0,0.0
2021-11-15,0.0,0.0,0.11292449010683253,0.09985266204175859,0.0,0.0,0.0,0.0,0.3668039092366719,0.0,0.0,0.0,0.3150770248718523,0.0,0.0
2021-11-16,0.0,0.0,0.1008696988141201,0.08919330019920006,0.0,0.0,0.0,0.0,0.3276472606920036,0.0,0.48228974029467614,0.0,0.0,0.0,0.0
2021-11-17,0.0,0.0,0.0,0.0,0.0,0.0,0.0,0.0,0.3668039092366719,0.0,0.5399274871128014,0.0,0.0,0.0,0.0
2021-11-18,0.0,0.0,0.0,0.0,0.0,0.0,0.0,0.0,0.3668039092366719,0.0,0.5399274871128014,0.0,0.0,0.0,0.0
2021-11-19,0.3051951992563926,0.0,0.0,0.0,0.0,0.0,0.0,0.0,0.28107234192532,0.0,0.41373245881828724,0.0,0.0,0.0,0.0
2021-11-20,0.3051951992563926,0.0,0.0,0.0,0.0,0.0,0.0,0.0,0.28107234192532,0.0,0.41373245881828724,0.0,0.0,0.0,0.0
2021-11-21,0.3051951992563926,0.0,0.0,0.0,0.0,0.0,0.0,0.0,0.28107234192532,0.0,0.41373245881828724,0.0,0.0,0.0,0.0
2021-11-22,0.2746451680504041,0.0,0.0,0.0,0.0,0.0,0.0,0.0,0.25293700808690955,0.10009997300227404,0.37231785086041225,0.0,0.0,0.0,0.0
2021-11-23,0.2746451680504041,0.0,0.0,0.0,0.0,0.0,0.0,0.0,0.25293700808690955,0.10009997300227404,0.37231785086041225,0.0,0.0,0.0,0.0
2021-11-24,0.36763321302677376,0.0,0.0,0.0,0.0,0.0,0.0,0.0,0.0,0.1339913422105631,0.49837544476266316,0.0,0.0,0.0,0.0
2021-11-25,0.36763321302677376,0.0,0.0,0.0,0.0,0.0,0.0,0.0,0.0,0.1339913422105631,0.49837544476266316,0.0,0.0,0.0,0.0
2021-11-26,0.36763321302677376,0.0,0.0,0.0,0.0,0.0,0.0,0.0,0.0,0.1339913422105631,0.49837544476266316,0.0,0.0,0.0,0.0
2021-11-27,0.36763321302677376,0.0,0.0,0.0,0.0,0.0,0.0,0.0,0.0,0.1339913422105631,0.49837544476266316,0.0,0.0,0.0,0.0
2021-11-28,0.36763321302677376,0.0,0.0,0.0,0.0,0.0,0.0,0.0,0.0,0.1339913422105631,0.49837544476266316,0.0,0.0,0.0,0.0
2021-11-29,0.0,0.0,0.0,0.0,0.0,0.0,0.0,0.0,0.0,0.1451628675828386,0.5399274871128014,0.0,0.0,0.0,0.0
2021-11-30,0.0,0.0,0.0,0.0,0.0,0.0,0.0,0.0,0.0,0.1451628675828386,0.0,0.0,0.0,0.0,0.0
2021-12-01,0.0,0.0,0.0,0.0,0.0,0.0,0.0,0.0,0.0,0.1451628675828386,0.0,0.0,0.0,0.0,0.0
2021-12-02,0.0,0.0,0.0,0.0,0.0,0.0,0.0,0.0,0.0,0.1451628675828386,0.0,0.0,0.0,0.0,0.0
2021-12-03,0.0,0.0,0.0,0.0,0.0,0.0,0.0,0.0,0.0,0.1451628675828386,0.0,0.0,0.0,0.0,0.0
2021-12-04,0.0,0.0,0.0,0.0,0.0,0.0,0.0,0.0,0.0,0.1451628675828386,0.0,0.0,0.0,0.0,0.0
2021-12-05,0.0,0.0,0.0,0.0,0.0,0.0,0.0,0.0,0.0,0.1451628675828386,0.0,0.0,0.0,0.0,0.0
2021-12-06,0.0,0.0,0.0,0.0,0.0,0.0,0.0,0.0,0.0,0.0,0.5009771377262563,0.0,0.0,0.0,0.0
2021-12-07,0.0,0.0,0.0,0.0,0.0,0.0,0.0,0.0,0.0,0.0,0.5009771377262563,0.0,0.0,0.0,0.0
2021-12-08,0.27187601615413526,0.0,0.0,0.0,0.0,0.0,0.0,0.0,0.0,0.0,0.5009771377262563,0.0,0.0,0.0,0.0
2021-12-09,0.23911059888964947,0.0,0.0,0.0,0.0,0.0,0.0,0.0,0.0,0.0,0.4406013635415172,0.0,0.32028803756883334,0.0,0.0
2021-12-10,0.23911059888964947,0.0,0.0,0.0,0.0,0.0,0.0,0.0,0.0,0.0,0.4406013635415172,0.0,0.32028803756883334,0.0,0.0
2021-12-11,0.23911059888964947,0.0,0.0,0.0,0.0,0.0,0.0,0.0,0.0,0.0,0.4406013635415172,0.0,0.32028803756883334,0.0,0.0
2021-12-12,0.23911059888964947,0.0,0.0,0.0,0.0,0.0,0.0,0.0,0.0,0.0,0.4406013635415172,0.0,0.32028803756883334,0.0,0.0
2021-12-13,0.23911059888964947,0.0,0.0,0.0,0.0,0.0,0.0,0.0,0.0,0.0,0.4406013635415172,0.0,0.32028803756883334,0.0,0.0
2021-12-14,0.1733674332951846,0.0,0.0,0.0,0.0,0.27494877224077224,0.0,0.0,0.0,0.0,0.3194585595881669,0.0,0.23222523487587626,0.0,0.0
2021-12-15,0.0,0.0,0.0,0.0,0.0,0.3326130415316126,0.0,0.0,0.0,0.0,0.3864577473176704,0.0,0.28092921115071706,0.0,0.0
2021-12-16,0.0,0.0,0.0,0.0,0.0,0.4311765792599304,0.0,0.0,0.0,0.0,0.5009771377262563,0.0,0.0,0.0,0.0
2021-12-17,0.0,0.0,0.0,0.0,0.0,0.4311765792599304,0.0,0.0,0.0,0.0,0.5009771377262563,0.0,0.0,0.0,0.0
2021-12-18,0.0,0.0,0.0,0.0,0.0,0.4311765792599304,0.0,0.0,0.0,0.0,0.5009771377262563,0.0,0.0,0.0,0.0
2021-12-19,0.0,0.0,0.0,0.0,0.0,0.4311765792599304,0.0,0.0,0.0,0.0,0.5009771377262563,0.0,0.0,0.0,0.0
2021-12-20,0.0,0.0,0.0,0.0,0.0,0.0,0.0,0.0,0.0,0.0,0.0,0.0,0.0,0.0,0.0
2021-12-21,0.0,0.0,0.0,0.0,0.0,0.0,0.0,0.0,0.0,0.0,0.0,0.0,0.0,0.0,0.0
2021-12-22,0.0,0.0,0.0,0.0,0.0,0.0,0.0,0.0,0.0,0.0,0.0,0.0,0.0,0.0,0.0
2021-12-23,0.0,0.0,0.0,0.0,0.0,0.0,0.0,0.0,0.0,0.0,0.0,0.0,0.0,0.0,0.0
2021-12-24,0.0,0.0,0.0,0.0,0.0,0.0,0.0,0.0,0.0,0.0,0.0,0.0,0.0,0.0,0.0
2021-12-25,0.0,0.0,0.0,0.0,0.0,0.0,0.0,0.0,0.0,0.0,0.0,0.0,0.0,0.0,0.0
2021-12-26,0.0,0.0,0.0,0.0,0.0,0.0,0.0,0.0,0.0,0.0,0.0,0.0,0.0,0.0,0.0
2021-12-27,0.0,0.0,0.0,0.0,0.0,0.0,0.0,0.0,0.0,0.0,0.0,0.0,0.0,0.0,0.0
2021-12-28,0.0,0.0,0.0,0.0,0.0,0.0,0.0,0.0,0.0,0.0,0.4244495207088703,0.0,0.38247278734459306,0.0,0.0
2021-12-29,0.0,0.0,0.0,0.0,0.0,0.0,0.0,0.0,0.0,0.0,0.4244495207088703,0.0,0.38247278734459306,0.0,0.0
2021-12-30,0.0,0.0,0.0,0.0,0.0,0.0,0.0,0.0,0.0,0.0,0.4244495207088703,0.0,0.38247278734459306,0.0,0.0
2021-12-31,0.0,0.0,0.0,0.0,0.0,0.0,0.0,0.0,0.0,0.0,0.4244495207088703,0.0,0.38247278734459306,0.0,0.0
2022-01-01,0.0,0.0,0.0,0.0,0.0,0.0,0.0,0.0,0.0,0.0,0.4244495207088703,0.0,0.38247278734459306,0.0,0.0
2022-01-02,0.0,0.0,0.0,0.0,0.0,0.0,0.0,0.0,0.0,0.0,0.4244495207088703,0.0,0.38247278734459306,0.0,0.0
2022-01-03,0.0,0.0,0.0,0.0,0.0,0.0,0.0,0.0,0.0,0.0,0.4244495207088703,0.0,0.38247278734459306,0.0,0.0
2022-01-04,0.0,0.0,0.0,0.0,0.0,0.0,0.0,0.0,0.0,0.0,0.0,0.0,0.0,0.0,0.0
2022-01-05,0.0,0.0,0.0,0.0,0.0,0.0,0.0,0.0,0.0,0.0,0.0,0.0,0.0,0.0,0.0
2022-01-06,0.0,0.0,0.0,0.0,0.0,0.0,0.0,0.0,0.0,0.0,0.0,0.0,0.0,0.0,0.0
2022-01-07,0.0,0.0,0.0,0.0,0.0,0.0,0.0,0.0,0.0,0.0,0.0,0.0,0.0,0.0,0.0
2022-01-08,0.0,0.0,0.0,0.0,0.0,0.0,0.0,0.0,0.0,0.0,0.0,0.0,0.0,0.0,0.0
2022-01-09,0.0,0.0,0.0,0.0,0.0,0.0,0.0,0.0,0.0,0.0,0.0,0.0,0.0,0.0,0.0
2022-01-10,0.0,0.0,0.0,0.0,0.0,0.4828927937593244,0.0,0.0,0.0,0.0,0.0,0.0,0.0,0.0,0.0
2022-01-11,0.0,0.0,0.0,0.0,0.0,0.4828927937593244,0.0,0.0,0.0,0.0,0.0,0.0,0.0,0.0,0.0
2022-01-12,0.0,0.0,0.0,0.0,0.0,0.0,0.0,0.0,0.0,0.0,0.0,0.0,0.0,0.0,0.0
2022-01-13,0.0,0.0,0.0,0.0,0.0,0.0,0.0,0.0,0.0,0.0,0.0,0.0,0.0,0.0,0.0
2022-01-14,0.0,0.0,0.0,0.0,0.0,0.0,0.0,0.0,0.0,0.0,0.0,0.0,0.0,0.0,0.0
2022-01-15,0.0,0.0,0.0,0.0,0.0,0.0,0.0,0.0,0.0,0.0,0.0,0.0,0.0,0.0,0.0
2022-01-16,0.0,0.0,0.0,0.0,0.0,0.0,0.0,0.0,0.0,0.0,0.0,0.0,0.0,0.0,0.0
2022-01-17,0.0,0.0,0.0,0.0,0.0,0.0,0.0,0.0,0.0,0.0,0.0,0.0,0.0,0.0,0.0
2022-01-18,0.0,0.0,0.0,0.0,0.0,0.0,0.0,0.0,0.0,0.0,0.0,0.0,0.0,0.0,0.0
2022-01-19,0.0,0.0,0.0,0.0,0.0,0.0,0.0,0.0,0.0,0.0,0.0,0.0,0.0,0.0,0.0
2022-01-20,0.0,0.0,0.0,0.0,0.0,0.0,0.0,0.0,0.0,0.0,0.0,0.0,0.0,0.0,0.0
2022-01-21,0.0,0.0,0.0,0.0,0.0,0.0,0.0,0.0,0.0,0.0,0.0,0.0,0.0,0.0,0.0
2022-01-22,0.0,0.0,0.0,0.0,0.0,0.0,0.0,0.0,0.0,0.0,0.0,0.0,0.0,0.0,0.0
2022-01-23,0.0,0.0,0.0,0.0,0.0,0.0,0.0,0.0,0.0,0.0,0.0,0.0,0.0,0.0,0.0
2022-01-24,0.0,0.0,0.0,0.0,0.0,0.0,0.0,0.0,0.0,0.0,0.0,0.0,0.0,0.0,0.0
2022-01-25,0.0,0.0,0.0,0.0,0.0,0.0,0.0,0.0,0.0,0.0,0.0,0.0,0.0,0.0,0.0
2022-01-26,0.0,0.0,0.0,0.0,0.0,0.0,0.0,0.0,0.0,0.0,0.0,0.0,0.0,0.0,0.0
2022-01-27,0.0,0.0,0.0,0.0,0.0,0.0,0.0,0.0,0.0,0.0,0.0,0.0,0.0,0.0,0.0
2022-01-28,0.0,0.0,0.0,0.0,0.0,0.0,0.0,0.0,0.0,0.0,0.0,0.0,0.0,0.0,0.0
2022-01-29,0.0,0.0,0.0,0.0,0.0,0.0,0.0,0.0,0.0,0.0,0.0,0.0,0.0,0.0,0.0
2022-01-30,0.0,0.0,0.0,0.0,0.0,0.0,0.0,0.0,0.0,0.0,0.0,0.0,0.0,0.0,0.0
2022-01-31,0.0,0.0,0.0,0.0,0.0,0.0,0.0,0.0,0.0,0.0,0.0,0.0,0.0,0.2218654636030151,0.0
2022-02-01,0.0,0.0,0.0,0.0,0.0,0.0,0.0,0.0,0.0,0.0,0.0,0.0,0.0,0.2218654636030151,0.0
2022-02-02,0.0,0.0,0.0,0.0,0.0,0.0,0.0,0.0,0.0,0.0,0.0,0.0,0.0,0.2218654636030151,0.0
2022-02-03,0.0,0.0,0.0,0.0,0.0,0.0,0.0,0.0,0.0,0.0,0.0,0.0,0.0,0.2218654636030151,0.0
2022-02-04,0.0,0.0,0.0,0.0,0.0,0.0,0.0,0.0,0.0,0.0,0.0,0.0,0.0,0.2218654636030151,0.0
2022-02-05,0.0,0.0,0.0,0.0,0.0,0.0,0.0,0.0,0.0,0.0,0.0,0.0,0.0,0.2218654636030151,0.0
2022-02-06,0.0,0.0,0.0,0.0,0.0,0.0,0.0,0.0,0.0,0.0,0.0,0.0,0.0,0.2218654636030151,0.0
2022-02-07,0.0,0.0,0.0,0.0,0.0,0.0,0.0,0.0,0.0,0.0,0.0,0.0,0.0,0.2218654636030151,0.0
2022-02-08,0.0,0.0,0.0,0.0,0.0,0.0,0.0,0.0,0.0,0.0,0.0,0.0,0.0,0.2218654636030151,0.0
2022-02-09,0.0,0.0,0.0,0.0,0.0,0.0,0.0,0.0,0.0,0.0,0.0,0.0,0.0,0.2218654636030151,0.0
2022-02-10,0.0,0.0,0.0,0.0,0.0,0.0,0.0,0.0,0.0,0.0,0.0,0.0,0.0,0.2218654636030151,0.0
2022-02-11,0.0,0.0,0.0,0.0,0.0,0.0,0.0,0.0,0.0,0.0,0.0,0.0,0.0,0.2218654636030151,0.0
2022-02-12,0.0,0.0,0.0,0.0,0.0,0.0,0.0,0.0,0.0,0.0,0.0,0.0,0.0,0.2218654636030151,0.0
2022-02-13,0.0,0.0,0.0,0.0,0.0,0.0,0.0,0.0,0.0,0.0,0.0,0.0,0.0,0.2218654636030151,0.0
2022-02-14,0.0,0.0,0.0,0.0,0.0,0.0,0.0,0.0,0.0,0.0,0.0,0.0,0.0,0.0,0.0
2022-02-15,0.0,0.0,0.0,0.0,0.0,0.0,0.0,0.0,0.0,0.0,0.0,0.0,0.0,0.0,0.0
2022-02-16,0.0,0.0,0.0,0.0,0.0,0.0,0.0,0.0,0.0,0.0,0.0,0.0,0.0,0.0,0.0
2022-02-17,0.0,0.0,0.0,0.0,0.0,0.0,0.0,0.0,0.0,0.0,0.0,0.0,0.0,0.0,0.0
2022-02-18,0.0,0.0,0.0,0.0,0.0,0.0,0.0,0.0,0.0,0.0,0.0,0.0,0.0,0.0,0.0
2022-02-19,0.0,0.0,0.0,0.0,0.0,0.0,0.0,0.0,0.0,0.0,0.0,0.0,0.0,0.0,0.0
2022-02-20,0.0,0.0,0.0,0.0,0.0,0.0,0.0,0.0,0.0,0.0,0.0,0.0,0.0,0.0,0.0
2022-02-21,0.0,0.0,0.0,0.0,0.0,0.0,0.0,0.0,0.0,0.0,0.0,0.0,0.0,0.0,0.0
2022-02-22,0.0,0.0,0.0,0.0,0.0,0.0,0.0,0.0,0.0,0.0,0.0,0.0,0.0,0.0,0.0
2022-02-23,0.0,0.0,0.0,0.0,0.0,0.0,0.0,0.0,0.0,0.0,0.0,0.0,0.0,0.0,0.0
2022-02-24,0.0,0.0,0.0,0.0,0.0,0.0,0.0,0.0,0.0,0.0,0.0,0.0,0.0,0.0,0.0
2022-02-25,0.0,0.0,0.0,0.0,0.0,0.0,0.0,0.0,0.0,0.0,0.0,0.0,0.0,0.0,0.0
2022-02-26,0.0,0.0,0.0,0.0,0.0,0.0,0.0,0.0,0.0,0.0,0.0,0.0,0.0,0.0,0.0
2022-02-27,0.0,0.0,0.0,0.0,0.0,0.0,0.0,0.0,0.0,0.0,0.0,0.0,0.0,0.0,0.0
2022-02-28,0.0,0.0,0.0,0.0,0.0,0.0,0.0,0.0,0.0,0.0,0.0,0.0,0.0,0.0,0.0
2022-03-01,0.0,0.0,0.0,0.0,0.0,0.0,0.0,0.0,0.0,0.0,0.0,0.0,0.0,0.0,0.0
2022-03-02,0.0,0.0,0.0,0.0,0.0,0.0,0.0,0.0,0.0,0.0,0.0,0.0,0.0,0.0,0.0
2022-03-03,0.0,0.0,0.0,0.0,0.0,0.0,0.0,0.0,0.0,0.0,0.0,0.0,0.0,0.0,0.0
2022-03-04,0.0,0.0,0.0,0.0,0.0,0.0,0.0,0.0,0.0,0.0,0.0,0.0,0.0,0.0,0.0
2022-03-05,0.0,0.0,0.0,0.0,0.0,0.0,0.0,0.0,0.0,0.0,0.0,0.0,0.0,0.0,0.0
2022-03-06,0.0,0.0,0.0,0.0,0.0,0.0,0.0,0.0,0.0,0.0,0.0,0.0,0.0,0.0,0.0
2022-03-07,0.0,0.0,0.0,0.0,0.0,0.0,0.0,0.0,0.0,0.0,0.0,0.0,0.0,0.0,0.0
2022-03-08,0.0,0.0,0.0,0.0,0.0,0.0,0.0,0.0,0.0,0.0,0.0,0.0,0.0,0.0,0.0
2022-03-09,0.0,0.0,0.0,0.0,0.0,0.0,0.0,0.0,0.0,0.0,0.0,0.0,0.0,0.0,0.0
2022-03-10,0.0,0.0,0.0,0.0,0.0,0.0,0.0,0.0,0.0,0.0,0.0,0.0,0.0,0.0,0.0
2022-03-11,0.0,0.0,0.0,0.0,0.0,0.0,0.0,0.0,0.0,0.0,0.0,0.0,0.0,0.0,0.0
2022-03-12,0.0,0.0,0.0,0.0,0.0,0.0,0.0,0.0,0.0,0.0,0.0,0.0,0.0,0.0,0.0
2022-03-13,0.0,0.0,0.0,0.0,0.0,0.0,0.0,0.0,0.0,0.0,0.0,0.0,0.0,0.0,0.0
2022-03-14,0.0,0.0,0.0,0.0,0.0,0.0,0.0,0.0,0.0,0.0,0.0,0.0,0.0,0.0,0.0
2022-03-15,0.0,0.0,0.0,0.0,0.0,0.0,0.0,0.0,0.0,0.0,0.0,0.0,0.0,0.0,0.0
2022-03-16,0.0,0.0,0.0,0.0,0.0,0.3236233387896622,0.0,0.0,0.0,0.0,0.0,0.0,0.0,0.0,0.0
2022-03-17,0.0,0.0,0.0,0.0,0.0,0.3236233387896622,0.0,0.0,0.0,0.0,0.0,0.0,0.0,0.0,0.0
2022-03-18,0.0,0.0,0.0,0.0,0.0,0.3236233387896622,0.0,0.0,0.0,0.0,0.0,0.0,0.0,0.0,0.0
2022-03-19,0.0,0.0,0.0,0.0,0.0,0.3236233387896622,0.0,0.0,0.0,0.0,0.0,0.0,0.0,0.0,0.0
2022-03-20,0.0,0.0,0.0,0.0,0.0,0.3236233387896622,0.0,0.0,0.0,0.0,0.0,0.0,0.0,0.0,0.0
2022-03-21,0.0,0.0,0.0,0.0,0.0,0.3236233387896622,0.0,0.0,0.0,0.0,0.0,0.0,0.0,0.0,0.0
2022-03-22,0.0,0.0,0.0,0.0,0.0,0.3236233387896622,0.0,0.0,0.0,0.0,0.0,0.0,0.0,0.0,0.0
2022-03-23,0.0,0.0,0.0,0.0,0.0,0.3236233387896622,0.0,0.0,0.0,0.0,0.0,0.0,0.0,0.0,0.0
2022-03-24,0.0,0.0,0.0,0.0,0.0,0.3236233387896622,0.0,0.0,0.0,0.0,0.0,0.0,0.0,0.0,0.0
2022-03-25,0.0,0.0,0.0,0.0,0.0,0.3236233387896622,0.0,0.0,0.0,0.0,0.0,0.0,0.2709622367312001,0.0,0.0
2022-03-26,0.0,0.0,0.0,0.0,0.0,0.3236233387896622,0.0,0.0,0.0,0.0,0.0,0.0,0.2709622367312001,0.0,0.0
2022-03-27,0.0,0.0,0.0,0.0,0.0,0.3236233387896622,0.0,0.0,0.0,0.0,0.0,0.0,0.2709622367312001,0.0,0.0
2022-03-28,0.0,0.0,0.0,0.0,0.0,0.3236233387896622,0.0,0.0,0.0,0.0,0.0,0.0,0.2709622367312001,0.0,0.0
2022-03-29,0.0,0.0,0.0,0.0,0.0,0.3236233387896622,0.0,0.0,0.0,0.0,0.0,0.0,0.2709622367312001,0.0,0.0
2022-03-30,0.2577653689852058,0.0,0.0,0.0,0.0,0.3236233387896622,0.0,0.0,0.0,0.1418210270953827,0.0,0.0,0.2709622367312001,0.0,0.0
2022-03-31,0.2577653689852058,0.0,0.0,0.0,0.0,0.3236233387896622,0.0,0.0,0.0,0.1418210270953827,0.0,0.0,0.2709622367312001,0.0,0.0
2022-04-01,0.2577653689852058,0.0,0.0,0.0,0.0,0.3236233387896622,0.0,0.0,0.0,0.1418210270953827,0.0,0.0,0.2709622367312001,0.0,0.0
2022-04-02,0.2577653689852058,0.0,0.0,0.0,0.0,0.3236233387896622,0.0,0.0,0.0,0.1418210270953827,0.0,0.0,0.2709622367312001,0.0,0.0
2022-04-03,0.2577653689852058,0.0,0.0,0.0,0.0,0.3236233387896622,0.0,0.0,0.0,0.1418210270953827,0.0,0.0,0.2709622367312001,0.0,0.0
2022-04-04,0.0,0.0,0.0,0.0,0.0,0.3236233387896622,0.0,0.0,0.0,0.0,0.0,0.0,0.2709622367312001,0.0,0.0
2022-04-05,0.0,0.0,0.0,0.0,0.0,0.3236233387896622,0.0,0.0,0.0,0.0,0.0,0.0,0.2709622367312001,0.0,0.0
2022-04-06,0.0,0.0,0.0,0.0,0.0,0.3236233387896622,0.0,0.0,0.0,0.0,0.0,0.0,0.2709622367312001,0.0,0.0
2022-04-07,0.0,0.0,0.0,0.0,0.0,0.3236233387896622,0.0,0.0,0.0,0.0,0.0,0.0,0.2709622367312001,0.0,0.0
2022-04-08,0.0,0.0,0.0,0.0,0.0,0.3236233387896622,0.0,0.0,0.0,0.0,0.0,0.0,0.2709622367312001,0.0,0.0
2022-04-09,0.0,0.0,0.0,0.0,0.0,0.3236233387896622,0.0,0.0,0.0,0.0,0.0,0.0,0.2709622367312001,0.0,0.0
2022-04-10,0.0,0.0,0.0,0.0,0.0,0.3236233387896622,0.0,0.0,0.0,0.0,0.0,0.0,0.2709622367312001,0.0,0.0
2022-04-11,0.0,0.0,0.0,0.0,0.0,0.3236233387896622,0.0,0.0,0.0,0.0,0.0,0.0,0.2709622367312001,0.0,0.0
2022-04-12,0.0,0.0,0.0,0.0,0.0,0.3236233387896622,0.0,0.0,0.0,0.0,0.0,0.0,0.2709622367312001,0.0,0.0
2022-04-13,0.0,0.0,0.0,0.0,0.0,0.3236233387896622,0.0,0.0,0.0,0.0,0.0,0.0,0.2709622367312001,0.0,0.0
2022-04-14,0.0,0.0,0.0,0.0,0.0,0.3236233387896622,0.0,0.0,0.0,0.0,0.0,0.0,0.0,0.0,0.0
2022-04-15,0.0,0.0,0.0,0.0,0.0,0.3236233387896622,0.0,0.0,0.0,0.0,0.0,0.0,0.0,0.0,0.0
2022-04-16,0.0,0.0,0.0,0.0,0.0,0.3236233387896622,0.0,0.0,0.0,0.0,0.0,0.0,0.0,0.0,0.0
2022-04-17,0.0,0.0,0.0,0.0,0.0,0.3236233387896622,0.0,0.0,0.0,0.0,0.0,0.0,0.0,0.0,0.0
2022-04-18,0.0,0.0,0.0,0.0,0.0,0.3236233387896622,0.0,0.0,0.0,0.0,0.0,0.0,0.0,0.0,0.0
2022-04-19,0.0,0.0,0.0,0.0,0.0,0.0,0.0,0.0,0.0,0.0,0.0,0.0,0.0,0.0,0.0
2022-04-20,0.0,0.0,0.0,0.0,0.0,0.0,0.0,0.0,0.0,0.0,0.0,0.0,0.0,0.0,0.0
2022-04-21,0.0,0.0,0.0,0.0,0.0,0.0,0.0,0.0,0.0,0.0,0.0,0.0,0.0,0.0,0.0
2022-04-22,0.0,0.0,0.0,0.0,0.0,0.0,0.0,0.0,0.0,0.0,0.0,0.0,0.0,0.0,0.0
2022-04-23,0.0,0.0,0.0,0.0,0.0,0.0,0.0,0.0,0.0,0.0,0.0,0.0,0.0,0.0,0.0
2022-04-24,0.0,0.0,0.0,0.0,0.0,0.0,0.0,0.0,0.0,0.0,0.0,0.0,0.0,0.0,0.0
2022-04-25,0.0,0.0,0.0,0.0,0.0,0.0,0.0,0.0,0.0,0.0,0.0,0.0,0.0,0.0,0.0
2022-04-26,0.0,0.0,0.0,0.0,0.0,0.3909416395296365,0.0,0.0,0.0,0.0,0.0,0.0,0.0,0.0,0.0
2022-04-27,0.0,0.0,0.0,0.0,0.0,0.3909416395296365,0.0,0.0,0.0,0.0,0.0,0.0,0.0,0.0,0.0
2022-04-28,0.0,0.0,0.0,0.0,0.0,0.3909416395296365,0.0,0.0,0.0,0.0,0.0,0.0,0.0,0.0,0.0
2022-04-29,0.0,0.0,0.0,0.0,0.0,0.3909416395296365,0.0,0.0,0.0,0.0,0.0,0.0,0.0,0.0,0.0
2022-04-30,0.0,0.0,0.0,0.0,0.0,0.3909416395296365,0.0,0.0,0.0,0.0,0.0,0.0,0.0,0.0,0.0
2022-05-01,0.0,0.0,0.0,0.0,0.0,0.3909416395296365,0.0,0.0,0.0,0.0,0.0,0.0,0.0,0.0,0.0
2022-05-02,0.0,0.0,0.0,0.0,0.0,0.0,0.0,0.0,0.0,0.0,0.0,0.0,0.0,0.0,0.0
2022-05-03,0.0,0.0,0.0,0.0,0.0,0.0,0.0,0.0,0.0,0.0,0.0,0.0,0.0,0.0,0.0
2022-05-04,0.0,0.0,0.0,0.0,0.0,0.0,0.0,0.0,0.0,0.0,0.0,0.0,0.0,0.0,0.0
2022-05-05,0.0,0.0,0.0,0.0,0.0,0.0,0.0,0.0,0.0,0.0,0.0,0.0,0.0,0.0,0.0
2022-05-06,0.0,0.0,0.0,0.0,0.0,0.0,0.0,0.0,0.0,0.0,0.0,0.0,0.0,0.0,0.0
2022-05-07,0.0,0.0,0.0,0.0,0.0,0.0,0.0,0.0,0.0,0.0,0.0,0.0,0.0,0.0,0.0
2022-05-08,0.0,0.0,0.0,0.0,0.0,0.0,0.0,0.0,0.0,0.0,0.0,0.0,0.0,0.0,0.0
2022-05-09,0.0,0.0,0.0,0.0,0.0,0.0,0.0,0.0,0.0,0.0,0.0,0.0,0.0,0.0,0.0
2022-05-10,0.0,0.0,0.0,0.0,0.0,0.0,0.0,0.0,0.0,0.0,0.0,0.0,0.0,0.0,0.0
2022-05-11,0.0,0.0,0.0,0.0,0.0,0.0,0.0,0.0,0.0,0.0,0.0,0.0,0.0,0.0,0.0
2022-05-12,0.0,0.0,0.0,0.0,0.0,0.0,0.0,0.0,0.0,0.0,0.0,0.0,0.0,0.0,0.0
2022-05-13,0.0,0.0,0.0,0.0,0.0,0.0,0.0,0.0,0.0,0.0,0.0,0.0,0.0,0.0,0.0
2022-05-14,0.0,0.0,0.0,0.0,0.0,0.0,0.0,0.0,0.0,0.0,0.0,0.0,0.0,0.0,0.0
2022-05-15,0.0,0.0,0.0,0.0,0.0,0.0,0.0,0.0,0.0,0.0,0.0,0.0,0.0,0.0,0.0
2022-05-16,0.0,0.0,0.0,0.0,0.0,0.0,0.0,0.0,0.0,0.0,0.0,0.0,0.0,0.0,0.0
2022-05-17,0.0,0.0,0.0,0.0,0.0,0.0,0.0,0.0,0.0,0.0,0.0,0.0,0.0,0.0,0.0
2022-05-18,0.0,0.0,0.0,0.0,0.0,0.0,0.0,0.0,0.0,0.0,0.0,0.0,0.0,0.0,0.0
2022-05-19,0.0,0.0,0.0,0.0,0.0,0.0,0.0,0.0,0.0,0.0,0.0,0.0,0.0,0.0,0.0
2022-05-20,0.0,0.0,0.0,0.0,0.0,0.0,0.0,0.0,0.0,0.0,0.0,0.0,0.0,0.0,0.0
2022-05-21,0.0,0.0,0.0,0.0,0.0,0.0,0.0,0.0,0.0,0.0,0.0,0.0,0.0,0.0,0.0
2022-05-22,0.0,0.0,0.0,0.0,0.0,0.0,0.0,0.0,0.0,0.0,0.0,0.0,0.0,0.0,0.0
2022-05-23,0.0,0.0,0.0,0.0,0.0,0.0,0.0,0.0,0.0,0.0,0.0,0.0,0.0,0.0,0.0
2022-05-24,0.0,0.0,0.0,0.0,0.0,0.0,0.0,0.0,0.0,0.0,0.0,0.0,0.0,0.0,0.0
2022-05-25,0.0,0.0,0.0,0.0,0.0,0.0,0.0,0.0,0.0,0.0,0.0,0.0,0.0,0.0,0.0
2022-05-26,0.0,0.0,0.0,0.0,0.0,0.0,0.0,0.0,0.0,0.0,0.0,0.0,0.0,0.0,0.0
2022-05-27,0.0,0.0,0.0,0.0,0.0,0.0,0.0,0.0,0.0,0.0,0.0,0.0,0.0,0.0,0.0
2022-05-28,0.0,0.0,0.0,0.0,0.0,0.0,0.0,0.0,0.0,0.0,0.0,0.0,0.0,0.0,0.0
2022-05-29,0.0,0.0,0.0,0.0,0.0,0.0,0.0,0.0,0.0,0.0,0.0,0.0,0.0,0.0,0.0
2022-05-30,0.0,0.0,0.0,0.0,0.0,0.0,0.0,0.0,0.0,0.0,0.0,0.0,0.0,0.0,0.0
2022-05-31,0.0,0.0,0.0,0.0,0.0,0.0,0.0,0.0,0.0,0.0,0.0,0.0,0.0,0.0,0.0
2022-06-01,0.0,0.0,0.0,0.0,0.0,0.0,0.0,0.0,0.0,0.0,0.0,0.0,0.0,0.0,0.0
2022-06-02,0.0,0.0,0.0,0.0,0.0,0.0,0.0,0.0,0.0,0.0,0.0,0.0,0.0,0.0,0.0
2022-06-03,0.0,0.0,0.0,0.0,0.0,0.0,0.0,0.0,0.0,0.0,0.0,0.0,0.0,0.0,0.0
2022-06-04,0.0,0.0,0.0,0.0,0.0,0.0,0.0,0.0,0.0,0.0,0.0,0.0,0.0,0.0,0.0
2022-06-05,0.0,0.0,0.0,0.0,0.0,0.0,0.0,0.0,0.0,0.0,0.0,0.0,0.0,0.0,0.0
2022-06-06,0.0,0.0,0.0,0.0,0.0,0.0,0.0,0.0,0.0,0.0,0.0,0.0,0.0,0.0,0.0
2022-06-07,0.0,0.0,0.0,0.0,0.0,0.0,0.0,0.0,0.0,0.0,0.0,0.0,0.0,0.0,0.0
2022-06-08,0.0,0.0,0.0,0.0,0.0,0.0,0.0,0.0,0.0,0.0,0.0,0.0,0.0,0.0,0.0
2022-06-09,0.0,0.0,0.0,0.0,0.0,0.0,0.0,0.0,0.0,0.0,0.0,0.0,0.0,0.0,0.0
2022-06-10,0.0,0.0,0.0,0.0,0.0,0.0,0.0,0.0,0.0,0.0,0.0,0.0,0.0,0.0,0.0
2022-06-11,0.0,0.0,0.0,0.0,0.0,0.0,0.0,0.0,0.0,0.0,0.0,0.0,0.0,0.0,0.0
2022-06-12,0.0,0.0,0.0,0.0,0.0,0.0,0.0,0.0,0.0,0.0,0.0,0.0,0.0,0.0,0.0
2022-06-13,0.0,0.0,0.0,0.0,0.0,0.0,0.0,0.0,0.0,0.0,0.0,0.0,0.0,0.0,0.0
2022-06-14,0.0,0.0,0.0,0.0,0.0,0.0,0.0,0.0,0.0,0.0,0.0,0.0,0.0,0.0,0.0
2022-06-15,0.0,0.0,0.0,0.0,0.0,0.0,0.0,0.0,0.0,0.0,0.0,0.0,0.0,0.0,0.0
2022-06-16,0.0,0.0,0.0,0.0,0.0,0.0,0.0,0.0,0.0,0.0,0.0,0.0,0.0,0.0,0.0
2022-06-17,0.0,0.0,0.0,0.0,0.0,0.0,0.0,0.0,0.0,0.0,0.0,0.0,0.0,0.0,0.0
2022-06-18,0.0,0.0,0.0,0.0,0.0,0.0,0.0,0.0,0.0,0.0,0.0,0.0,0.0,0.0,0.0
2022-06-19,0.0,0.0,0.0,0.0,0.0,0.0,0.0,0.0,0.0,0.0,0.0,0.0,0.0,0.0,0.0
2022-06-20,0.0,0.0,0.0,0.0,0.0,0.0,0.0,0.0,0.0,0.0,0.0,0.0,0.0,0.0,0.0
2022-06-21,0.0,0.0,0.0,0.0,0.0,0.0,0.0,0.0,0.0,0.0,0.0,0.0,0.0,0.0,0.0
2022-06-22,0.0,0.0,0.0,0.0,0.0,0.0,0.0,0.0,0.0,0.0,0.0,0.0,0.0,0.0,0.0
2022-06-23,0.0,0.0,0.0,0.0,0.0,0.0,0.0,0.0,0.0,0.0,0.0,0.0,0.0,0.0,0.0
2022-06-24,0.0,0.0,0.0,0.0,0.0,0.0,0.0,0.0,0.0,0.0,0.0,0.0,0.0,0.0,0.0
2022-06-25,0.0,0.0,0.0,0.0,0.0,0.0,0.0,0.0,0.0,0.0,0.0,0.0,0.0,0.0,0.0
2022-06-26,0.0,0.0,0.0,0.0,0.0,0.0,0.0,0.0,0.0,0.0,0.0,0.0,0.0,0.0,0.0
2022-06-27,0.0,0.0,0.0,0.0,0.0,0.0,0.0,0.0,0.0,0.0,0.0,0.0,0.0,0.0,0.0
2022-06-28,0.0,0.0,0.0,0.0,0.0,0.0,0.0,0.0,0.0,0.0,0.0,0.0,0.0,0.0,0.0
2022-06-29,0.0,0.0,0.0,0.0,0.0,0.0,0.0,0.0,0.0,0.0,0.0,0.0,0.0,0.0,0.0
2022-06-30,0.0,0.0,0.0,0.0,0.0,0.0,0.0,0.0,0.0,0.0,0.0,0.0,0.0,0.0,0.0
2022-07-01,0.0,0.0,0.0,0.0,0.0,0.0,0.0,0.0,0.0,0.0,0.0,0.0,0.0,0.0,0.0
2022-07-02,0.0,0.0,0.0,0.0,0.0,0.0,0.0,0.0,0.0,0.0,0.0,0.0,0.0,0.0,0.0
2022-07-03,0.0,0.0,0.0,0.0,0.0,0.0,0.0,0.0,0.0,0.0,0.0,0.0,0.0,0.0,0.0
2022-07-04,0.0,0.0,0.0,0.0,0.0,0.0,0.0,0.0,0.0,0.0,0.0,0.0,0.0,0.0,0.0
2022-07-05,0.0,0.0,0.0,0.0,0.0,0.0,0.0,0.0,0.0,0.0,0.0,0.0,0.0,0.0,0.0
2022-07-06,0.0,0.0,0.0,0.0,0.0,0.0,0.0,0.0,0.0,0.0,0.0,0.0,0.0,0.0,0.0
2022-07-07,0.0,0.0,0.0,0.0,0.0,0.0,0.0,0.0,0.0,0.0,0.0,0.0,0.0,0.0,0.0
2022-07-08,0.0,0.0,0.0,0.0,0.0,0.0,0.0,0.0,0.0,0.0,0.0,0.0,0.0,0.0,0.0
2022-07-09,0.0,0.0,0.0,0.0,0.0,0.0,0.0,0.0,0.0,0.0,0.0,0.0,0.0,0.0,0.0
2022-07-10,0.0,0.0,0.0,0.0,0.0,0.0,0.0,0.0,0.0,0.0,0.0,0.0,0.0,0.0,0.0
2022-07-11,0.0,0.0,0.0,0.0,0.0,0.0,0.0,0.0,0.0,0.0,0.0,0.0,0.0,0.0,0.0
2022-07-12,0.0,0.0,0.0,0.0,0.0,0.0,0.0,0.0,0.0,0.0,0.0,0.0,0.0,0.0,0.0
2022-07-13,0.0,0.0,0.0,0.0,0.0,0.0,0.0,0.0,0.0,0.0,0.0,0.0,0.0,0.0,0.0
2022-07-14,0.0,0.0,0.0,0.0,0.0,0.0,0.0,0.0,0.0,0.0,0.0,0.0,0.0,0.0,0.0
2022-07-15,0.0,0.0,0.0,0.0,0.0,0.0,0.0,0.0,0.0,0.0,0.0,0.0,0.0,0.0,0.0
2022-07-16,0.0,0.0,0.0,0.0,0.0,0.0,0.0,0.0,0.0,0.0,0.0,0.0,0.0,0.0,0.0
2022-07-17,0.0,0.0,0.0,0.0,0.0,0.0,0.0,0.0,0.0,0.0,0.0,0.0,0.0,0.0,0.0
2022-07-18,0.0,0.0,0.0,0.0,0.0,0.0,0.0,0.0,0.0,0.0,0.0,0.0,0.22812908560589634,0.0,0.0
2022-07-19,0.0,0.0,0.0,0.0,0.0,0.0,0.0,0.0,0.0,0.0,0.0,0.0,0.22812908560589634,0.0,0.0
2022-07-20,0.0,0.0,0.0,0.0,0.0,0.0,0.0,0.0,0.0,0.0,0.0,0.0,0.22812908560589634,0.0,0.0
2022-07-21,0.0,0.0,0.0,0.0,0.0,0.0,0.0,0.0,0.0,0.0,0.0,0.0,0.22812908560589634,0.0,0.0
2022-07-22,0.0,0.0,0.0,0.0,0.0,0.0,0.0,0.0,0.0,0.0,0.0,0.0,0.22812908560589634,0.0,0.0
2022-07-23,0.0,0.0,0.0,0.0,0.0,0.0,0.0,0.0,0.0,0.0,0.0,0.0,0.22812908560589634,0.0,0.0
2022-07-24,0.0,0.0,0.0,0.0,0.0,0.0,0.0,0.0,0.0,0.0,0.0,0.0,0.22812908560589634,0.0,0.0
2022-07-25,0.0,0.0,0.0,0.0,0.0,0.0,0.0,0.0,0.0,0.0,0.0,0.0,0.22812908560589634,0.0,0.0
2022-07-26,0.0,0.0,0.0,0.0,0.0,0.0,0.0,0.0,0.0,0.0,0.0,0.0,0.22812908560589634,0.0,0.0
2022-07-27,0.0,0.0,0.0,0.0,0.0,0.0,0.0,0.0,0.0,0.0,0.0,0.0,0.22812908560589634,0.0,0.0
2022-07-28,0.0,0.0,0.0,0.0,0.0,0.0,0.0,0.0,0.0,0.0,0.0,0.0,0.22812908560589634,0.0,0.0
2022-07-29,0.0,0.0,0.0,0.0,0.0,0.0,0.0,0.0,0.0,0.0,0.0,0.0,0.22812908560589634,0.0,0.0
2022-07-30,0.0,0.0,0.0,0.0,0.0,0.0,0.0,0.0,0.0,0.0,0.0,0.0,0.22812908560589634,0.0,0.0
2022-07-31,0.0,0.0,0.0,0.0,0.0,0.0,0.0,0.0,0.0,0.0,0.0,0.0,0.22812908560589634,0.0,0.0
2022-08-01,0.2845810846287809,0.0,0.0,0.0,0.0,0.0,0.0,0.0,0.0,0.0,0.0,0.0,0.22812908560589634,0.0,0.0
2022-08-02,0.2845810846287809,0.0,0.0,0.0,0.0,0.0,0.0,0.0,0.0,0.0,0.0,0.0,0.22812908560589634,0.0,0.0
2022-08-03,0.2845810846287809,0.0,0.0,0.0,0.0,0.0,0.0,0.0,0.0,0.0,0.0,0.0,0.22812908560589634,0.0,0.0
2022-08-04,0.2845810846287809,0.0,0.0,0.0,0.0,0.0,0.0,0.0,0.0,0.0,0.0,0.0,0.22812908560589634,0.0,0.0
2022-08-05,0.2845810846287809,0.0,0.0,0.0,0.0,0.0,0.0,0.0,0.0,0.0,0.0,0.0,0.22812908560589634,0.0,0.0
2022-08-06,0.2845810846287809,0.0,0.0,0.0,0.0,0.0,0.0,0.0,0.0,0.0,0.0,0.0,0.22812908560589634,0.0,0.0
2022-08-07,0.2845810846287809,0.0,0.0,0.0,0.0,0.0,0.0,0.0,0.0,0.0,0.0,0.0,0.22812908560589634,0.0,0.0
2022-08-08,0.2845810846287809,0.0,0.0,0.0,0.0,0.0,0.0,0.0,0.0,0.0,0.0,0.0,0.22812908560589634,0.0,0.0
2022-08-09,0.2845810846287809,0.0,0.0,0.0,0.0,0.0,0.0,0.0,0.0,0.0,0.0,0.0,0.22812908560589634,0.0,0.0
2022-08-10,0.2845810846287809,0.0,0.0,0.0,0.0,0.0,0.0,0.0,0.0,0.0,0.0,0.0,0.22812908560589634,0.0,0.0
2022-08-11,0.2845810846287809,0.0,0.0,0.0,0.0,0.0,0.0,0.0,0.0,0.0,0.0,0.0,0.22812908560589634,0.0,0.0
2022-08-12,0.2845810846287809,0.0,0.0,0.0,0.0,0.0,0.0,0.0,0.0,0.0,0.0,0.0,0.22812908560589634,0.0,0.0
2022-08-13,0.2845810846287809,0.0,0.0,0.0,0.0,0.0,0.0,0.0,0.0,0.0,0.0,0.0,0.22812908560589634,0.0,0.0
2022-08-14,0.2845810846287809,0.0,0.0,0.0,0.0,0.0,0.0,0.0,0.0,0.0,0.0,0.0,0.22812908560589634,0.0,0.0
2022-08-15,0.2845810846287809,0.0,0.0,0.0,0.0,0.0,0.0,0.0,0.0,0.0,0.0,0.0,0.22812908560589634,0.0,0.0
2022-08-16,0.2845810846287809,0.0,0.0,0.0,0.0,0.0,0.0,0.0,0.0,0.0,0.0,0.0,0.22812908560589634,0.0,0.0
2022-08-17,0.2845810846287809,0.0,0.0,0.0,0.0,0.0,0.0,0.0,0.0,0.0,0.0,0.0,0.22812908560589634,0.0,0.0
2022-08-18,0.2845810846287809,0.0,0.0,0.0,0.0,0.0,0.0,0.0,0.0,0.0,0.0,0.0,0.22812908560589634,0.0,0.0
2022-08-19,0.2845810846287809,0.0,0.0,0.0,0.0,0.0,0.0,0.0,0.0,0.0,0.0,0.0,0.22812908560589634,0.0,0.0
2022-08-20,0.2845810846287809,0.0,0.0,0.0,0.0,0.0,0.0,0.0,0.0,0.0,0.0,0.0,0.22812908560589634,0.0,0.0
2022-08-21,0.2845810846287809,0.0,0.0,0.0,0.0,0.0,0.0,0.0,0.0,0.0,0.0,0.0,0.22812908560589634,0.0,0.0
2022-08-22,0.2845810846287809,0.0,0.0,0.0,0.0,0.0,0.0,0.0,0.0,0.0,0.0,0.0,0.22812908560589634,0.0,0.0
2022-08-23,0.0,0.0,0.0,0.0,0.0,0.0,0.0,0.0,0.0,0.0,0.0,0.0,0.22812908560589634,0.0,0.0
2022-08-24,0.0,0.0,0.0,0.0,0.0,0.0,0.0,0.0,0.0,0.0,0.0,0.0,0.0,0.0,0.0
2022-08-25,0.0,0.0,0.0,0.0,0.0,0.0,0.0,0.0,0.0,0.0,0.0,0.0,0.0,0.0,0.0
2022-08-26,0.0,0.0,0.0,0.0,0.0,0.0,0.0,0.0,0.0,0.0,0.0,0.0,0.0,0.0,0.0
2022-08-27,0.0,0.0,0.0,0.0,0.0,0.0,0.0,0.0,0.0,0.0,0.0,0.0,0.0,0.0,0.0
2022-08-28,0.0,0.0,0.0,0.0,0.0,0.0,0.0,0.0,0.0,0.0,0.0,0.0,0.0,0.0,0.0
2022-08-29,0.0,0.0,0.0,0.0,0.0,0.0,0.0,0.0,0.0,0.0,0.0,0.0,0.0,0.0,0.0
2022-08-30,0.0,0.0,0.0,0.0,0.0,0.0,0.0,0.0,0.0,0.0,0.0,0.0,0.0,0.0,0.0
2022-08-31,0.0,0.0,0.0,0.0,0.0,0.0,0.0,0.0,0.0,0.0,0.0,0.0,0.0,0.0,0.0
2022-09-01,0.0,0.0,0.0,0.0,0.0,0.0,0.0,0.0,0.0,0.0,0.0,0.0,0.0,0.0,0.0
2022-09-02,0.0,0.0,0.0,0.0,0.0,0.0,0.0,0.0,0.0,0.0,0.0,0.0,0.0,0.0,0.0
2022-09-03,0.0,0.0,0.0,0.0,0.0,0.0,0.0,0.0,0.0,0.0,0.0,0.0,0.0,0.0,0.0
2022-09-04,0.0,0.0,0.0,0.0,0.0,0.0,0.0,0.0,0.0,0.0,0.0,0.0,0.0,0.0,0.0
2022-09-05,0.0,0.0,0.0,0.0,0.0,0.0,0.0,0.0,0.0,0.0,0.0,0.0,0.0,0.0,0.0
2022-09-06,0.0,0.0,0.0,0.0,0.0,0.0,0.0,0.0,0.0,0.0,0.0,0.0,0.0,0.0,0.0
2022-09-07,0.0,0.0,0.0,0.0,0.0,0.0,0.0,0.0,0.0,0.0,0.0,0.0,0.0,0.0,0.0
2022-09-08,0.0,0.0,0.0,0.0,0.0,0.0,0.0,0.0,0.0,0.0,0.0,0.0,0.0,0.0,0.0
2022-09-09,0.0,0.0,0.0,0.0,0.0,0.0,0.0,0.0,0.0,0.0,0.0,0.0,0.0,0.0,0.0
2022-09-10,0.0,0.0,0.0,0.0,0.0,0.0,0.0,0.0,0.0,0.0,0.0,0.0,0.0,0.0,0.0
2022-09-11,0.0,0.0,0.0,0.0,0.0,0.0,0.0,0.0,0.0,0.0,0.0,0.0,0.0,0.0,0.0
2022-09-12,0.0,0.0,0.0,0.0,0.0,0.0,0.0,0.0,0.0,0.0,0.0,0.0,0.0,0.0,0.0
2022-09-13,0.0,0.0,0.0,0.0,0.0,0.0,0.0,0.0,0.0,0.0,0.0,0.0,0.0,0.0,0.0
2022-09-14,0.0,0.0,0.0,0.0,0.0,0.0,0.0,0.0,0.0,0.0,0.0,0.0,0.0,0.0,0.0
2022-09-15,0.0,0.0,0.0,0.0,0.0,0.0,0.0,0.0,0.0,0.0,0.0,0.0,0.0,0.0,0.0
2022-09-16,0.0,0.0,0.0,0.0,0.0,0.0,0.0,0.0,0.0,0.0,0.0,0.0,0.0,0.0,0.0
2022-09-17,0.0,0.0,0.0,0.0,0.0,0.0,0.0,0.0,0.0,0.0,0.0,0.0,0.0,0.0,0.0
2022-09-18,0.0,0.0,0.0,0.0,0.0,0.0,0.0,0.0,0.0,0.0,0.0,0.0,0.0,0.0,0.0
2022-09-19,0.0,0.0,0.0,0.0,0.0,0.0,0.0,0.0,0.0,0.0,0.0,0.0,0.0,0.0,0.0
2022-09-20,0.0,0.0,0.0,0.0,0.0,0.0,0.0,0.0,0.0,0.0,0.0,0.0,0.0,0.0,0.0
2022-09-21,0.0,0.0,0.0,0.0,0.0,0.0,0.0,0.0,0.0,0.0,0.0,0.0,0.0,0.0,0.0
2022-09-22,0.0,0.0,0.0,0.0,0.0,0.0,0.0,0.0,0.0,0.0,0.0,0.0,0.0,0.0,0.0
2022-09-23,0.0,0.0,0.0,0.0,0.0,0.0,0.0,0.0,0.0,0.0,0.0,0.0,0.0,0.0,0.08205907172995777
2022-09-24,0.0,0.0,0.0,0.0,0.0,0.0,0.0,0.0,0.0,0.0,0.0,0.0,0.0,0.0,0.08205907172995777
2022-09-25,0.0,0.0,0.0,0.0,0.0,0.0,0.0,0.0,0.0,0.0,0.0,0.0,0.0,0.0,0.08205907172995777
2022-09-26,0.0,0.0,0.0,0.0,0.0,0.0,0.0,0.0,0.0,0.0,0.0,0.0,0.0,0.0,0.08205907172995777
2022-09-27,0.0,0.0,0.0,0.0,0.0,0.0,0.0,0.0,0.0,0.0,0.0,0.0,0.0,0.0,0.08205907172995777
2022-09-28,0.0,0.0,0.0,0.0,0.0,0.0,0.0,0.0,0.0,0.0,0.0,0.0,0.0,0.0,0.0
2022-09-29,0.0,0.0,0.0,0.0,0.0,0.0,0.0,0.0,0.0,0.0,0.0,0.0,0.0,0.0,0.0
2022-09-30,0.0,0.0,0.0,0.0,0.0,0.0,0.0,0.0,0.0,0.0,0.0,0.0,0.0,0.0,0.0
2022-10-01,0.0,0.0,0.0,0.0,0.0,0.0,0.0,0.0,0.0,0.0,0.0,0.0,0.0,0.0,0.0
2022-10-02,0.0,0.0,0.0,0.0,0.0,0.0,0.0,0.0,0.0,0.0,0.0,0.0,0.0,0.0,0.0
2022-10-03,0.0,0.0,0.0,0.0,0.0,0.0,0.0,0.0,0.0,0.0,0.0,0.0,0.0,0.0,0.0
2022-10-04,0.0,0.0,0.0,0.0,0.0,0.0,0.0,0.0,0.0,0.0,0.0,0.0,0.0,0.0,0.0
2022-10-05,0.0,0.0,0.0,0.0,0.0,0.0,0.0,0.0,0.0,0.0,0.0,0.0,0.0,0.0,0.0
2022-10-06,0.0,0.0,0.0,0.0,0.0,0.0,0.0,0.0,0.0,0.0,0.0,0.0,0.0,0.0,0.0
2022-10-07,0.0,0.0,0.0,0.0,0.0,0.0,0.0,0.0,0.0,0.0,0.0,0.0,0.0,0.0,0.0
2022-10-08,0.0,0.0,0.0,0.0,0.0,0.0,0.0,0.0,0.0,0.0,0.0,0.0,0.0,0.0,0.0
2022-10-09,0.0,0.0,0.0,0.0,0.0,0.0,0.0,0.0,0.0,0.0,0.0,0.0,0.0,0.0,0.0
2022-10-10,0.0,0.0,0.0,0.0,0.0,0.0,0.0,0.0,0.0,0.0,0.0,0.0,0.0,0.0,0.0
2022-10-11,0.0,0.0,0.0,0.0,0.0,0.0,0.0,0.0,0.0,0.0,0.0,0.0,0.0,0.0,0.0
2022-10-12,0.0,0.0,0.0,0.0,0.0,0.0,0.0,0.0,0.0,0.0,0.0,0.0,0.0,0.0,0.0
2022-10-13,0.0,0.0,0.0,0.0,0.0,0.0,0.0,0.0,0.0,0.0,0.0,0.0,0.0,0.0,0.0
2022-10-14,0.0,0.0,0.0,0.0,0.0,0.0,0.0,0.0,0.0,0.0,0.0,0.0,0.0,0.0,0.0
2022-10-15,0.0,0.0,0.0,0.0,0.0,0.0,0.0,0.0,0.0,0.0,0.0,0.0,0.0,0.0,0.0
2022-10-16,0.0,0.0,0.0,0.0,0.0,0.0,0.0,0.0,0.0,0.0,0.0,0.0,0.0,0.0,0.0
2022-10-17,0.0,0.0,0.0,0.0,0.0,0.0,0.0,0.0,0.0,0.0,0.0,0.0,0.0,0.0,0.0
2022-10-18,0.0,0.0,0.0,0.0,0.0,0.0,0.0,0.0,0.0,0.0,0.0,0.0,0.0,0.0,0.0
2022-10-19,0.0,0.0,0.0,0.0,0.0,0.0,0.0,0.0,0.0,0.0,0.0,0.0,0.0,0.0,0.0
2022-10-20,0.0,0.0,0.0,0.0,0.0,0.0,0.0,0.0,0.0,0.0,0.0,0.0,0.0,0.0,0.0
2022-10-21,0.0,0.0,0.0,0.0,0.0,0.0,0.0,0.0,0.0,0.0,0.0,0.0,0.0,0.0,0.0
2022-10-22,0.0,0.0,0.0,0.0,0.0,0.0,0.0,0.0,0.0,0.0,0.0,0.0,0.0,0.0,0.0
2022-10-23,0.0,0.0,0.0,0.0,0.0,0.0,0.0,0.0,0.0,0.0,0.0,0.0,0.0,0.0,0.0
2022-10-24,0.0,0.0,0.0,0.0,0.0,0.0,0.0,0.0,0.0,0.0,0.0,0.0,0.0,0.0,0.0
2022-10-25,0.0,0.0,0.0,0.0,0.0,0.0,0.0,0.0,0.0,0.0,0.0,0.0,0.0,0.0,0.0
2022-10-26,0.0,0.0,0.0,0.0,0.0,0.0,0.0,0.0,0.0,0.0,0.0,0.0,0.0,0.0,0.0
2022-10-27,0.0,0.0,0.0,0.0,0.0,0.38990209656126645,0.0,0.0,0.0,0.0,0.0,0.0,0.0,0.0,0.0
2022-10-28,0.0,0.0,0.0,0.0,0.0,0.38990209656126645,0.0,0.0,0.0,0.0,0.0,0.0,0.0,0.0,0.0
2022-10-29,0.0,0.0,0.0,0.0,0.0,0.38990209656126645,0.0,0.0,0.0,0.0,0.0,0.0,0.0,0.0,0.0
2022-10-30,0.0,0.0,0.0,0.0,0.0,0.38990209656126645,0.0,0.0,0.0,0.0,0.0,0.0,0.0,0.0,0.0
2022-10-31,0.0,0.0,0.0,0.0,0.0,0.38990209656126645,0.0,0.0,0.0,0.0,0.0,0.0,0.0,0.0,0.0
2022-11-01,0.0,0.0,0.0,0.0,0.0,0.38990209656126645,0.0,0.0,0.0,0.0,0.0,0.0,0.30177768775343267,0.0,0.0
2022-11-02,0.0,0.0,0.0,0.0,0.0,0.0,0.24253612908209715,0.0,0.0,0.0,0.0,0.0,0.30177768775343267,0.0,0.0
2022-11-03,0.0,0.0,0.0,0.0,0.0,0.0,0.24253612908209715,0.0,0.0,0.0,0.0,0.0,0.30177768775343267,0.0,0.0
2022-11-04,0.0,0.0,0.0,0.0,0.0,0.0,0.24253612908209715,0.0,0.0,0.0,0.0,0.0,0.30177768775343267,0.0,0.0
2022-11-05,0.0,0.0,0.0,0.0,0.0,0.0,0.24253612908209715,0.0,0.0,0.0,0.0,0.0,0.30177768775343267,0.0,0.0
2022-11-06,0.0,0.0,0.0,0.0,0.0,0.0,0.24253612908209715,0.0,0.0,0.0,0.0,0.0,0.30177768775343267,0.0,0.0
2022-11-07,0.0,0.0,0.0,0.0,0.0,0.0,0.24253612908209715,0.0,0.0,0.0,0.0,0.0,0.0,0.0,0.0
2022-11-08,0.0,0.0,0.0,0.0,0.0,0.0,0.24253612908209715,0.0,0.0,0.0,0.0,0.0,0.0,0.0,0.0
2022-11-09,0.0,0.0,0.0,0.0,0.0,0.0,0.24253612908209715,0.0,0.0,0.0,0.0,0.0,0.0,0.0,0.0
2022-11-10,0.0,0.0,0.0,0.0,0.0,0.0,0.24253612908209715,0.0,0.0,0.0,0.0,0.0,0.0,0.0,0.0
2022-11-11,0.0,0.0,0.0,0.0,0.0,0.0,0.24253612908209715,0.0,0.0,0.0,0.0,0.0,0.0,0.0,0.0
2022-11-12,0.0,0.0,0.0,0.0,0.0,0.0,0.24253612908209715,0.0,0.0,0.0,0.0,0.0,0.0,0.0,0.0
2022-11-13,0.0,0.0,0.0,0.0,0.0,0.0,0.24253612908209715,0.0,0.0,0.0,0.0,0.0,0.0,0.0,0.0
2022-11-14,0.0,0.0,0.0,0.0,0.0,0.0,0.24253612908209715,0.0,0.0,0.0,0.0,0.0,0.0,0.0,0.0
2022-11-15,0.0,0.0,0.0,0.0,0.0,0.0,0.24253612908209715,0.0,0.0,0.0,0.0,0.0,0.0,0.0,0.0
2022-11-16,0.0,0.0,0.0,0.0,0.0,0.0,0.24253612908209715,0.0,0.0,0.0,0.0,0.0,0.0,0.0,0.0
2022-11-17,0.0,0.0,0.0,0.0,0.0,0.0,0.24253612908209715,0.0,0.0,0.0,0.0,0.0,0.0,0.0,0.0
2022-11-18,0.0,0.0,0.0,0.0,0.0,0.0,0.24253612908209715,0.0,0.0,0.0,0.0,0.0,0.0,0.0,0.0
2022-11-19,0.0,0.0,0.0,0.0,0.0,0.0,0.24253612908209715,0.0,0.0,0.0,0.0,0.0,0.0,0.0,0.0
2022-11-20,0.0,0.0,0.0,0.0,0.0,0.0,0.24253612908209715,0.0,0.0,0.0,0.0,0.0,0.0,0.0,0.0
2022-11-21,0.0,0.0,0.0,0.0,0.0,0.3963779169297982,0.24253612908209715,0.0,0.0,0.0,0.0,0.0,0.0,0.0,0.0
2022-11-22,0.0,0.0,0.0,0.0,0.0,0.3963779169297982,0.24253612908209715,0.0,0.0,0.0,0.0,0.0,0.0,0.0,0.0
2022-11-23,0.0,0.0,0.0,0.0,0.0,0.38800831646313727,0.2374149293067142,0.0,0.0,0.0,0.3745767542301486,0.0,0.0,0.0,0.0
2022-11-24,0.0,0.0,0.0,0.0,0.0,0.38800831646313727,0.2374149293067142,0.0,0.0,0.0,0.3745767542301486,0.0,0.0,0.0,0.0
2022-11-25,0.0,0.0,0.0,0.0,0.0,0.38800831646313727,0.2374149293067142,0.0,0.0,0.0,0.3745767542301486,0.0,0.0,0.0,0.0
2022-11-26,0.0,0.0,0.0,0.0,0.0,0.38800831646313727,0.2374149293067142,0.0,0.0,0.0,0.3745767542301486,0.0,0.0,0.0,0.0
2022-11-27,0.0,0.0,0.0,0.0,0.0,0.38800831646313727,0.2374149293067142,0.0,0.0,0.0,0.3745767542301486,0.0,0.0,0.0,0.0
2022-11-28,0.0,0.0,0.0,0.0,0.0,0.38800831646313727,0.2374149293067142,0.0,0.0,0.0,0.3745767542301486,0.0,0.0,0.0,0.0
2022-11-29,0.0,0.0,0.0,0.0,0.0,0.38800831646313727,0.2374149293067142,0.0,0.0,0.0,0.3745767542301486,0.0,0.0,0.0,0.0
2022-11-30,0.0,0.0,0.0,0.0,0.0,0.38800831646313727,0.2374149293067142,0.0,0.0,0.0,0.3745767542301486,0.0,0.0,0.0,0.0
2022-12-01,0.0,0.0,0.0,0.0,0.0,0.3963779169297982,0.0,0.0,0.0,0.0,0.0,0.0,0.0,0.2667651092923234,0.0
2022-12-02,0.0,0.0,0.0,0.0,0.0,0.36386362130306515,0.0,0.0,0.0,0.0,0.39125361767873224,0.0,0.0,0.24488276101820264,0.0
2022-12-03,0.0,0.0,0.0,0.0,0.0,0.36386362130306515,0.0,0.0,0.0,0.0,0.39125361767873224,0.0,0.0,0.24488276101820264,0.0
2022-12-04,0.0,0.0,0.0,0.0,0.0,0.36386362130306515,0.0,0.0,0.0,0.0,0.39125361767873224,0.0,0.0,0.24488276101820264,0.0
2022-12-05,0.0,0.0,0.0,0.0,0.0,0.36386362130306515,0.0,0.0,0.0,0.0,0.39125361767873224,0.0,0.0,0.24488276101820264,0.0
2022-12-06,0.0,0.0,0.0,0.0,0.0,0.36386362130306515,0.0,0.0,0.0,0.0,0.39125361767873224,0.0,0.0,0.24488276101820264,0.0
2022-12-07,0.0,0.0,0.0,0.0,0.0,0.3963779169297982,0.0,0.0,0.0,0.0,0.42621544141004547,0.0,0.0,0.0,0.0
2022-12-08,0.0,0.0,0.0,0.0,0.0,0.3963779169297982,0.0,0.0,0.0,0.0,0.42621544141004547,0.0,0.0,0.0,0.0
2022-12-09,0.0,0.0,0.0,0.0,0.0,0.3963779169297982,0.0,0.0,0.0,0.0,0.42621544141004547,0.0,0.0,0.0,0.0
2022-12-10,0.0,0.0,0.0,0.0,0.0,0.3963779169297982,0.0,0.0,0.0,0.0,0.42621544141004547,0.0,0.0,0.0,0.0
2022-12-11,0.0,0.0,0.0,0.0,0.0,0.3963779169297982,0.0,0.0,0.0,0.0,0.42621544141004547,0.0,0.0,0.0,0.0
2022-12-12,0.0,0.0,0.0,0.0,0.0,0.3963779169297982,0.0,0.0,0.0,0.0,0.42621544141004547,0.0,0.0,0.0,0.0
2022-12-13,0.0,0.0,0.0,0.0,0.0,0.3963779169297982,0.0,0.0,0.0,0.0,0.42621544141004547,0.0,0.0,0.0,0.0
2022-12-14,0.0,0.0,0.0,0.0,0.0,0.3963779169297982,0.0,0.0,0.0,0.16468011508744684,0.42621544141004547,0.0,0.0,0.0,0.0
2022-12-15,0.0,0.0,0.0,0.0,0.0,0.3963779169297982,0.0,0.0,0.0,0.16468011508744684,0.42621544141004547,0.0,0.0,0.0,0.0
2022-12-16,0.0,0.0,0.0,0.0,0.0,0.0,0.0,0.0,0.0,0.0,0.0,0.0,0.0,0.0,0.0
2022-12-17,0.0,0.0,0.0,0.0,0.0,0.0,0.0,0.0,0.0,0.0,0.0,0.0,0.0,0.0,0.0
2022-12-18,0.0,0.0,0.0,0.0,0.0,0.0,0.0,0.0,0.0,0.0,0.0,0.0,0.0,0.0,0.0
2022-12-19,0.0,0.0,0.0,0.0,0.0,0.0,0.0,0.0,0.0,0.0,0.0,0.0,0.0,0.0,0.0
2022-12-20,0.0,0.0,0.0,0.0,0.0,0.0,0.0,0.0,0.0,0.0,0.0,0.0,0.0,0.0,0.0
2022-12-21,0.0,0.0,0.0,0.0,0.0,0.0,0.0,0.0,0.0,0.0,0.0,0.0,0.0,0.0,0.0
2022-12-22,0.0,0.0,0.0,0.0,0.0,0.0,0.0,0.0,0.0,0.0,0.0,0.0,0.0,0.0,0.0
2022-12-23,0.0,0.0,0.0,0.0,0.0,0.0,0.0,0.0,0.0,0.0,0.0,0.0,0.0,0.0,0.0
2022-12-24,0.0,0.0,0.0,0.0,0.0,0.0,0.0,0.0,0.0,0.0,0.0,0.0,0.0,0.0,0.0
2022-12-25,0.0,0.0,0.0,0.0,0.0,0.0,0.0,0.0,0.0,0.0,0.0,0.0,0.0,0.0,0.0
2022-12-26,0.0,0.0,0.0,0.0,0.0,0.0,0.0,0.0,0.0,0.0,0.0,0.0,0.0,0.0,0.0
2022-12-27,0.0,0.0,0.0,0.0,0.0,0.0,0.0,0.0,0.0,0.0,0.0,0.0,0.0,0.0,0.0
2022-12-28,0.0,0.0,0.0,0.0,0.0,0.0,0.0,0.0,0.0,0.0,0.0,0.0,0.0,0.0,0.0
2022-12-29,0.0,0.0,0.0,0.0,0.0,0.0,0.0,0.0,0.0,0.0,0.0,0.0,0.0,0.0,0.0
2022-12-30,0.0,0.0,0.0,0.0,0.0,0.0,0.0,0.0,0.0,0.0,0.0,0.0,0.0,0.0,0.0
2022-12-31,0.0,0.0,0.0,0.0,0.0,0.0,0.0,0.0,0.0,0.0,0.0,0.0,0.0,0.0,0.0
