timestamp,AAPL.US,ADA-USDT,BTC-USDT,ETH-USDT,GOOGL.US,JNJ.US,JPM.US,META.US,MSFT.US,NVDA.US,PG.US,SOL-USDT,UNH.US,V.US,XRP-USDT
2023-01-01,0.0,0.0,0.0,0.0,0.0,0.0,0.0,0.0,0.0,0.0,0.0,0.0,0.0,0.0,0.0
2023-01-02,0.0,0.0,0.0,0.0,0.0,0.0,0.0,0.0,0.0,0.0,0.0,0.0,0.0,0.0,0.0
2023-01-03,0.0,0.0,0.0,0.0,0.0,0.0,0.0,0.0,0.0,0.0,0.0,0.0,0.0,0.0,0.0
2023-01-04,0.0,0.0,0.0,0.0,0.0,0.0,0.0,0.0,0.0,0.0,0.0,0.0,0.0,0.0,0.0
2023-01-05,0.0,0.0,0.0,0.0,0.0,0.0,0.0,0.0,0.0,0.0,0.0,0.0,0.0,0.0,0.0
2023-01-06,0.0,0.0,0.0,0.0,0.0,0.0,0.0,0.0,0.0,0.0,0.0,0.0,0.0,0.0,0.0
2023-01-07,0.0,0.0,0.0,0.0,0.0,0.0,0.0,0.0,0.0,0.0,0.0,0.0,0.0,0.0,0.0
2023-01-08,0.0,0.0,0.0,0.0,0.0,0.0,0.0,0.0,0.0,0.0,0.0,0.0,0.0,0.0,0.0
2023-01-09,0.0,0.0,0.0,0.0,0.0,0.0,0.0,0.0,0.0,0.0,0.0,0.0,0.0,0.0,0.0
2023-01-10,0.0,0.0,0.0,0.0,0.0,0.0,0.0,0.0,0.0,0.0,0.0,0.0,0.0,0.0,0.0
2023-01-11,0.0,0.0,0.0,0.0,0.0,0.0,0.0,0.0,0.0,0.0,0.0,0.0,0.0,0.0,0.0
2023-01-12,0.0,0.0,0.0,0.0,0.0,0.0,0.0,0.0,0.0,0.0,0.0,0.0,0.0,0.0,0.0
2023-01-13,0.0,0.0,0.0,0.0,0.0,0.0,0.0,0.0,0.0,0.0,0.0,0.0,0.0,0.0,0.0
2023-01-14,0.0,0.0,0.0,0.0,0.0,0.0,0.0,0.0,0.0,0.0,0.0,0.0,0.0,0.0,0.0
2023-01-15,0.0,0.0,0.0,0.0,0.0,0.0,0.0,0.0,0.0,0.0,0.0,0.0,0.0,0.0,0.0
2023-01-16,0.0,0.0,0.0,0.0,0.0,0.0,0.0,0.0,0.0,0.0,0.0,0.0,0.0,0.0,0.0
2023-01-17,0.0,0.0,0.0,0.0,0.0,0.0,0.0,0.0,0.0,0.0,0.0,0.0,0.0,0.0,0.0
2023-01-18,0.0,0.0,0.0,0.0,0.0,0.0,0.0,0.0,0.0,0.0,0.0,0.0,0.0,0.0,0.0
2023-01-19,0.0,0.0,0.0,0.0,0.0,0.0,0.0,0.0,0.0,0.0,0.0,0.0,0.0,0.0,0.0
2023-01-20,0.0,0.0,0.0,0.0,0.0,0.0,0.0,0.0,0.0,0.0,0.0,0.0,0.0,0.0,0.0
2023-01-21,0.0,0.0,0.0,0.0,0.0,0.0,0.0,0.0,0.0,0.0,0.0,0.0,0.0,0.0,0.0
2023-01-22,0.0,0.0,0.0,0.0,0.0,0.0,0.0,0.0,0.0,0.0,0.0,0.0,0.0,0.0,0.0
2023-01-23,0.0,0.0,0.0,0.0,0.0,0.0,0.0,0.0,0.0,0.0,0.0,0.0,0.0,0.0,0.0
2023-01-24,0.0,0.0,0.0,0.0,0.0,0.0,0.0,0.0,0.0,0.0,0.0,0.0,0.0,0.0,0.0
2023-01-25,0.0,0.0,0.0,0.0,0.0,0.0,0.0,0.0,0.0,0.0,0.0,0.0,0.0,0.0,0.0
2023-01-26,0.0,0.0,0.0,0.0,0.0,0.0,0.0,0.0,0.0,0.0,0.0,0.0,0.0,0.0,0.0
2023-01-27,0.0,0.0,0.0,0.0,0.0,0.0,0.0,0.0,0.0,0.0,0.0,0.0,0.0,0.0,0.0
2023-01-28,0.0,0.0,0.0,0.0,0.0,0.0,0.0,0.0,0.0,0.0,0.0,0.0,0.0,0.0,0.0
2023-01-29,0.0,0.0,0.0,0.0,0.0,0.0,0.0,0.0,0.0,0.0,0.0,0.0,0.0,0.0,0.0
2023-01-30,0.0,0.0,0.0,0.0,0.0,0.0,0.0,0.0,0.0,0.0,0.0,0.0,0.0,0.0,0.0
2023-01-31,0.0,0.0,0.0,0.0,0.0,0.0,0.0,0.0,0.0,0.0,0.0,0.0,0.0,0.0,0.0
2023-02-01,0.0,0.0,0.0,0.0,0.0,0.0,0.0,0.0,0.0,0.0,0.0,0.0,0.0,0.0,0.0
2023-02-02,0.0,0.0,0.0,0.0,0.0,0.0,0.0,0.0,0.0,0.0,0.0,0.0,0.0,0.0,0.0
2023-02-03,0.0,0.0,0.0,0.0,0.0,0.0,0.0,0.0,0.0,0.0,0.0,0.0,0.0,0.0,0.0
2023-02-04,0.0,0.0,0.0,0.0,0.0,0.0,0.0,0.0,0.0,0.0,0.0,0.0,0.0,0.0,0.0
2023-02-05,0.0,0.0,0.0,0.0,0.0,0.0,0.0,0.0,0.0,0.0,0.0,0.0,0.0,0.0,0.0
2023-02-06,0.0,0.0,0.0,0.0,0.0,0.0,0.0,0.0,0.0,0.0,0.0,0.0,0.0,0.0,0.0
2023-02-07,0.0,0.0,0.0,0.0,0.0,0.0,0.0,0.0,0.0,0.0,0.0,0.0,0.0,0.0,0.0
2023-02-08,0.0,0.0,0.0,0.0,0.0,0.0,0.0,0.0,0.0,0.0,0.0,0.0,0.0,0.0,0.0
2023-02-09,0.0,0.0,0.0,0.0,0.0,0.0,0.0,0.0,0.0,0.0,0.0,0.0,0.0,0.0,0.0
2023-02-10,0.0,0.0,0.0,0.0,0.0,0.0,0.0,0.0,0.0,0.0,0.0,0.0,0.0,0.0,0.0
2023-02-11,0.0,0.0,0.0,0.0,0.0,0.0,0.0,0.0,0.0,0.0,0.0,0.0,0.0,0.0,0.0
2023-02-12,0.0,0.0,0.0,0.0,0.0,0.0,0.0,0.0,0.0,0.0,0.0,0.0,0.0,0.0,0.0
2023-02-13,0.0,0.0,0.0,0.0,0.0,0.0,0.0,0.0,0.0,0.0,0.0,0.0,0.0,0.0,0.0
2023-02-14,0.0,0.0,0.0,0.0,0.0,0.0,0.0,0.0,0.0,0.0,0.0,0.0,0.0,0.0,0.0
2023-02-15,0.0,0.0,0.0,0.0,0.0,0.0,0.0,0.0,0.0,0.0,0.0,0.0,0.0,0.0,0.0
2023-02-16,0.0,0.0,0.0,0.0,0.0,0.0,0.0,0.0,0.0,0.0,0.0,0.0,0.0,0.0,0.0
2023-02-17,0.0,0.0,0.0,0.0,0.0,0.0,0.0,0.0,0.0,0.0,0.0,0.0,0.0,0.0,0.0
2023-02-18,0.0,0.0,0.0,0.0,0.0,0.0,0.0,0.0,0.0,0.0,0.0,0.0,0.0,0.0,0.0
2023-02-19,0.0,0.0,0.0,0.0,0.0,0.0,0.0,0.0,0.0,0.0,0.0,0.0,0.0,0.0,0.0
2023-02-20,0.0,0.0,0.0,0.0,0.0,0.0,0.0,0.0,0.0,0.0,0.0,0.0,0.0,0.0,0.0
2023-02-21,0.0,0.0,0.0,0.0,0.0,0.0,0.0,0.0,0.0,0.0,0.0,0.0,0.0,0.0,0.0
2023-02-22,0.0,0.0,0.0,0.0,0.0,0.0,0.0,0.0,0.0,0.0,0.0,0.0,0.0,0.0,0.0
2023-02-23,0.0,0.0,0.0,0.0,0.0,0.0,0.0,0.0,0.0,0.0,0.0,0.0,0.0,0.0,0.0
2023-02-24,0.0,0.0,0.0,0.0,0.0,0.0,0.0,0.0,0.0,0.0,0.0,0.0,0.0,0.0,0.0
2023-02-25,0.0,0.0,0.0,0.0,0.0,0.0,0.0,0.0,0.0,0.0,0.0,0.0,0.0,0.0,0.0
2023-02-26,0.0,0.0,0.0,0.0,0.0,0.0,0.0,0.0,0.0,0.0,0.0,0.0,0.0,0.0,0.0
2023-02-27,0.0,0.0,0.0,0.0,0.0,0.0,0.0,0.0,0.0,0.0,0.0,0.0,0.0,0.0,0.0
2023-02-28,0.0,0.0,0.0,0.0,0.0,0.0,0.0,0.0,0.0,0.0,0.0,0.0,0.0,0.0,0.0
2023-03-01,0.0,0.0,0.0,0.0,0.0,0.0,0.0,0.0,0.0,0.0,0.0,0.0,0.0,0.0,0.0
2023-03-02,0.0,0.0,0.0,0.0,0.0,0.0,0.0,0.0,0.0,0.0,0.0,0.0,0.0,0.0,0.0
2023-03-03,0.0,0.0,0.0,0.0,0.0,0.0,0.0,0.0,0.0,0.0,0.0,0.0,0.0,0.0,0.0
2023-03-04,0.0,0.0,0.0,0.0,0.0,0.0,0.0,0.0,0.0,0.0,0.0,0.0,0.0,0.0,0.0
2023-03-05,0.0,0.0,0.0,0.0,0.0,0.0,0.0,0.0,0.0,0.0,0.0,0.0,0.0,0.0,0.0
2023-03-06,0.0,0.0,0.0,0.0,0.0,0.0,0.0,0.0,0.0,0.0,0.0,0.0,0.0,0.0,0.0
2023-03-07,0.0,0.0,0.0,0.0,0.0,0.0,0.0,0.0,0.0,0.0,0.0,0.0,0.0,0.0,0.0
2023-03-08,0.0,0.0,0.0,0.0,0.0,0.0,0.0,0.0,0.0,0.0,0.0,0.0,0.0,0.0,0.0
2023-03-09,0.0,0.0,0.0,0.0,0.0,0.0,0.0,0.0,0.0,0.0,0.0,0.0,0.0,0.0,0.0
2023-03-10,0.0,0.0,0.0,0.0,0.0,0.0,0.0,0.0,0.0,0.0,0.0,0.0,0.0,0.0,0.0
2023-03-11,0.0,0.0,0.0,0.0,0.0,0.0,0.0,0.0,0.0,0.0,0.0,0.0,0.0,0.0,0.0
2023-03-12,0.0,0.0,0.0,0.0,0.0,0.0,0.0,0.0,0.0,0.0,0.0,0.0,0.0,0.0,0.0
2023-03-13,0.0,0.0,0.0,0.0,0.0,0.0,0.0,0.0,0.0,0.0,0.0,0.0,0.0,0.0,0.0
2023-03-14,0.0,0.0,0.0,0.0,0.0,0.0,0.0,0.0,0.0,0.0,0.0,0.0,0.0,0.0,0.0
2023-03-15,0.0,0.0,0.0,0.0,0.0,0.0,0.0,0.0,0.0,0.0,0.0,0.0,0.0,0.0,0.0
2023-03-16,0.0,0.0,0.0,0.0,0.0,0.0,0.0,0.0,0.0,0.0,0.0,0.0,0.0,0.0,0.0
2023-03-17,0.0,0.0,0.0,0.0,0.0,0.0,0.0,0.0,0.0,0.0,0.0,0.0,0.0,0.0,0.0
2023-03-18,0.0,0.0,0.0,0.0,0.0,0.0,0.0,0.0,0.0,0.0,0.0,0.0,0.0,0.0,0.0
2023-03-19,0.0,0.0,0.0,0.0,0.0,0.0,0.0,0.0,0.0,0.0,0.0,0.0,0.0,0.0,0.0
2023-03-20,0.0,0.0,0.0,0.0,0.0,0.0,0.0,0.0,0.0,0.0,0.0,0.0,0.0,0.0,0.0
2023-03-21,0.0,0.0,0.0,0.0,0.0,0.0,0.0,0.0,0.0,0.0,0.0,0.0,0.0,0.0,0.0
2023-03-22,0.0,0.0,0.0,0.0,0.0,0.0,0.0,0.0,0.0,0.0,0.0,0.0,0.0,0.0,0.0
2023-03-23,0.0,0.0,0.0,0.0,0.0,0.0,0.0,0.0,0.0,0.0,0.0,0.0,0.0,0.0,0.0
2023-03-24,0.0,0.0,0.0,0.0,0.0,0.0,0.0,0.0,0.0,0.0,0.0,0.0,0.0,0.0,0.0
2023-03-25,0.0,0.0,0.0,0.0,0.0,0.0,0.0,0.0,0.0,0.0,0.0,0.0,0.0,0.0,0.0
2023-03-26,0.0,0.0,0.0,0.0,0.0,0.0,0.0,0.0,0.0,0.0,0.0,0.0,0.0,0.0,0.0
2023-03-27,0.0,0.0,0.0,0.0,0.0,0.0,0.0,0.0,0.0,0.0,0.0,0.0,0.0,0.0,0.0
2023-03-28,0.0,0.0,0.0,0.0,0.0,0.0,0.0,0.0,0.0,0.0,0.0,0.0,0.0,0.0,0.0
2023-03-29,0.0,0.0,0.0,0.0,0.0,0.0,0.0,0.0,0.0,0.0,0.0,0.0,0.0,0.0,0.0
2023-03-30,0.0,0.0,0.0,0.0,0.0,0.0,0.0,0.0,0.0,0.0,0.0,0.0,0.0,0.0,0.0
2023-03-31,0.0,0.0,0.0,0.0,0.0,0.0,0.0,0.0,0.0,0.0,0.0,0.0,0.0,0.0,0.0
2023-04-01,0.0,0.0,0.0,0.0,0.0,0.0,0.0,0.0,0.0,0.0,0.0,0.0,0.0,0.0,0.0
2023-04-02,0.0,0.0,0.0,0.0,0.0,0.0,0.0,0.0,0.0,0.0,0.0,0.0,0.0,0.0,0.0
2023-04-03,0.0,0.0,0.0,0.0,0.0,0.0,0.0,0.0,0.0,0.0,0.0,0.0,0.0,0.0,0.0
2023-04-04,0.0,0.0,0.0,0.0,0.0,0.0,0.0,0.0,0.0,0.0,0.0,0.0,0.0,0.0,0.0
2023-04-05,0.0,0.0,0.0,0.0,0.0,0.0,0.0,0.0,0.0,0.0,0.0,0.0,0.0,0.0,0.0
2023-04-06,0.0,0.0,0.0,0.0,0.0,0.0,0.0,0.0,0.0,0.0,0.0,0.0,0.0,0.0,0.0
2023-04-07,0.0,0.0,0.0,0.0,0.0,0.0,0.0,0.0,0.0,0.0,0.0,0.0,0.0,0.0,0.0
2023-04-08,0.0,0.0,0.0,0.0,0.0,0.0,0.0,0.0,0.0,0.0,0.0,0.0,0.0,0.0,0.0
2023-04-09,0.0,0.0,0.0,0.0,0.0,0.0,0.0,0.0,0.0,0.0,0.0,0.0,0.0,0.0,0.0
2023-04-10,0.0,0.0,0.0,0.0,0.0,0.0,0.0,0.0,0.0,0.0,0.0,0.0,0.0,0.0,0.0
2023-04-11,0.0,0.0,0.0,0.0,0.0,0.0,0.0,0.0,0.0,0.0,0.0,0.0,0.0,0.0,0.0
2023-04-12,0.0,0.0,0.0,0.0,0.0,0.0,0.0,0.0,0.0,0.0,0.0,0.0,0.0,0.0,0.0
2023-04-13,0.0,0.0,0.0,0.0,0.0,0.0,0.0,0.0,0.0,0.0,0.0,0.0,0.0,0.0,0.0
2023-04-14,0.0,0.0,0.0,0.0,0.0,0.0,0.0,0.0,0.0,0.0,0.0,0.0,0.0,0.0,0.0
2023-04-15,0.0,0.0,0.0,0.0,0.0,0.0,0.0,0.0,0.0,0.0,0.0,0.0,0.0,0.0,0.0
2023-04-16,0.0,0.0,0.0,0.0,0.0,0.0,0.0,0.0,0.0,0.0,0.0,0.0,0.0,0.0,0.0
2023-04-17,0.0,0.0,0.0,0.0,0.0,0.0,0.0,0.0,0.0,0.0,0.0,0.0,0.0,0.0,0.0
2023-04-18,0.0,0.0,0.0,0.0,0.0,0.0,0.0,0.0,0.0,0.0,0.0,0.0,0.0,0.0,0.0
2023-04-19,0.0,0.0,0.0,0.0,0.0,0.0,0.0,0.0,0.0,0.0,0.0,0.0,0.0,0.0,0.0
2023-04-20,0.0,0.0,0.0,0.0,0.0,0.0,0.0,0.0,0.0,0.0,0.0,0.0,0.0,0.0,0.0
2023-04-21,0.0,0.0,0.0,0.0,0.0,0.0,0.0,0.0,0.0,0.0,0.0,0.0,0.0,0.0,0.0
2023-04-22,0.0,0.0,0.0,0.0,0.0,0.0,0.0,0.0,0.0,0.0,0.0,0.0,0.0,0.0,0.0
2023-04-23,0.0,0.0,0.0,0.0,0.0,0.0,0.0,0.0,0.0,0.0,0.0,0.0,0.0,0.0,0.0
2023-04-24,0.0,0.0,0.0,0.0,0.0,0.0,0.0,0.0,0.0,0.0,0.0,0.0,0.0,0.0,0.0
2023-04-25,0.0,0.0,0.0,0.0,0.0,0.0,0.0,0.0,0.0,0.0,0.0,0.0,0.0,0.0,0.0
2023-04-26,0.0,0.0,0.0,0.0,0.0,0.0,0.0,0.0,0.0,0.0,0.0,0.0,0.0,0.0,0.0
2023-04-27,0.0,0.0,0.0,0.0,0.0,0.0,0.0,0.0,0.0,0.0,0.0,0.0,0.0,0.0,0.0
2023-04-28,0.0,0.0,0.0,0.0,0.0,0.0,0.0,0.0,0.0,0.0,0.0,0.0,0.0,0.0,0.0
2023-04-29,0.0,0.0,0.0,0.0,0.0,0.0,0.0,0.0,0.0,0.0,0.0,0.0,0.0,0.0,0.0
2023-04-30,0.0,0.0,0.0,0.0,0.0,0.0,0.0,0.0,0.0,0.0,0.0,0.0,0.0,0.0,0.0
2023-05-01,0.0,0.0,0.0,0.0,0.0,0.0,0.0,0.0,0.0,0.0,0.0,0.0,0.0,0.0,0.0
2023-05-02,0.0,0.0,0.0,0.0,0.0,0.0,0.0,0.0,0.0,0.0,0.0,0.0,0.0,0.0,0.0
2023-05-03,0.0,0.0,0.0,0.0,0.0,0.0,0.0,0.0,0.0,0.0,0.0,0.0,0.0,0.0,0.0
2023-05-04,0.0,0.0,0.0,0.0,0.0,0.0,0.0,0.0,0.0,0.0,0.0,0.0,0.0,0.0,0.0
2023-05-05,0.0,0.0,0.0,0.0,0.0,0.0,0.0,0.0,0.0,0.0,0.0,0.0,0.0,0.0,0.0
2023-05-06,0.0,0.0,0.0,0.0,0.0,0.0,0.0,0.0,0.0,0.0,0.0,0.0,0.0,0.0,0.0
2023-05-07,0.0,0.0,0.0,0.0,0.0,0.0,0.0,0.0,0.0,0.0,0.0,0.0,0.0,0.0,0.0
2023-05-08,0.0,0.0,0.0,0.0,0.0,0.0,0.0,0.0,0.0,0.0,0.0,0.0,0.0,0.0,0.0
2023-05-09,0.0,0.0,0.0,0.0,0.0,0.0,0.0,0.0,0.0,0.0,0.0,0.0,0.0,0.0,0.0
2023-05-10,0.0,0.0,0.0,0.0,0.0,0.0,0.0,0.0,0.0,0.0,0.0,0.0,0.0,0.0,0.0
2023-05-11,0.0,0.0,0.0,0.0,0.0,0.0,0.0,0.0,0.0,0.0,0.0,0.0,0.0,0.0,0.0
2023-05-12,0.0,0.0,0.0,0.0,0.0,0.0,0.0,0.0,0.0,0.0,0.0,0.0,0.0,0.0,0.0
2023-05-13,0.0,0.0,0.0,0.0,0.0,0.0,0.0,0.0,0.0,0.0,0.0,0.0,0.0,0.0,0.0
2023-05-14,0.0,0.0,0.0,0.0,0.0,0.0,0.0,0.0,0.0,0.0,0.0,0.0,0.0,0.0,0.0
2023-05-15,0.0,0.0,0.0,0.0,0.0,0.0,0.0,0.0,0.0,0.0,0.0,0.0,0.0,0.0,0.0
2023-05-16,0.0,0.0,0.0,0.0,0.0,0.0,0.0,0.0,0.0,0.0,0.0,0.0,0.0,0.0,0.0
2023-05-17,0.0,0.0,0.0,0.0,0.0,0.0,0.0,0.0,0.0,0.0,0.0,0.0,0.0,0.0,0.0
2023-05-18,0.0,0.0,0.0,0.0,0.0,0.0,0.0,0.0,0.0,0.0,0.0,0.0,0.0,0.0,0.0
2023-05-19,0.0,0.0,0.0,0.0,0.0,0.0,0.0,0.0,0.0,0.0,0.0,0.0,0.0,0.0,0.0
2023-05-20,0.0,0.0,0.0,0.0,0.0,0.0,0.0,0.0,0.0,0.0,0.0,0.0,0.0,0.0,0.0
2023-05-21,0.0,0.0,0.0,0.0,0.0,0.0,0.0,0.0,0.0,0.0,0.0,0.0,0.0,0.0,0.0
2023-05-22,0.0,0.0,0.0,0.0,0.0,0.0,0.0,0.0,0.0,0.0,0.0,0.0,0.0,0.0,0.0
2023-05-23,0.0,0.0,0.0,0.0,0.0,0.0,0.0,0.0,0.0,0.0,0.0,0.0,0.0,0.0,0.0
2023-05-24,0.0,0.0,0.0,0.0,0.0,0.0,0.0,0.0,0.0,0.0,0.0,0.0,0.0,0.0,0.0
2023-05-25,0.0,0.0,0.0,0.0,0.0,0.0,0.0,0.0,0.0,0.0,0.0,0.0,0.0,0.0,0.0
2023-05-26,0.0,0.0,0.0,0.0,0.0,0.0,0.0,0.0,0.0,0.0,0.0,0.0,0.0,0.0,0.0
2023-05-27,0.0,0.0,0.0,0.0,0.0,0.0,0.0,0.0,0.0,0.0,0.0,0.0,0.0,0.0,0.0
2023-05-28,0.0,0.0,0.0,0.0,0.0,0.0,0.0,0.0,0.0,0.0,0.0,0.0,0.0,0.0,0.0
2023-05-29,0.0,0.0,0.0,0.0,0.0,0.0,0.0,0.0,0.0,0.0,0.0,0.0,0.0,0.0,0.0
2023-05-30,0.0,0.0,0.0,0.0,0.0,0.0,0.0,0.0,0.0,0.0,0.0,0.0,0.0,0.0,0.0
2023-05-31,0.0,0.0,0.0,0.0,0.0,0.0,0.0,0.0,0.0,0.0,0.0,0.0,0.0,0.0,0.0
2023-06-01,0.0,0.0,0.0,0.0,0.0,0.0,0.0,0.0,0.0,0.0,0.0,0.0,0.0,0.0,0.0
2023-06-02,0.0,0.0,0.0,0.0,0.0,0.0,0.0,0.0,0.0,0.0,0.0,0.0,0.0,0.0,0.0
2023-06-03,0.0,0.0,0.0,0.0,0.0,0.0,0.0,0.0,0.0,0.0,0.0,0.0,0.0,0.0,0.0
2023-06-04,0.0,0.0,0.0,0.0,0.0,0.0,0.0,0.0,0.0,0.0,0.0,0.0,0.0,0.0,0.0
2023-06-05,0.0,0.0,0.0,0.0,0.0,0.0,0.0,0.0,0.0,0.0,0.0,0.0,0.0,0.0,0.0
2023-06-06,0.0,0.0,0.0,0.0,0.0,0.0,0.0,0.0,0.0,0.0,0.0,0.0,0.0,0.0,0.0
2023-06-07,0.0,0.0,0.0,0.0,0.0,0.0,0.0,0.0,0.0,0.0,0.0,0.0,0.0,0.0,0.0
2023-06-08,0.0,0.0,0.0,0.0,0.0,0.0,0.0,0.0,0.0,0.0,0.0,0.0,0.0,0.0,0.0
2023-06-09,0.0,0.0,0.0,0.0,0.0,0.0,0.0,0.0,0.0,0.0,0.0,0.0,0.0,0.0,0.0
2023-06-10,0.0,0.0,0.0,0.0,0.0,0.0,0.0,0.0,0.0,0.0,0.0,0.0,0.0,0.0,0.0
2023-06-11,0.0,0.0,0.0,0.0,0.0,0.0,0.0,0.0,0.0,0.0,0.0,0.0,0.0,0.0,0.0
2023-06-12,0.0,0.0,0.0,0.0,0.0,0.0,0.0,0.0,0.0,0.0,0.0,0.0,0.0,0.0,0.0
2023-06-13,0.0,0.0,0.0,0.0,0.0,0.0,0.0,0.0,0.0,0.0,0.0,0.0,0.0,0.0,0.0
2023-06-14,0.0,0.0,0.0,0.0,0.0,0.0,0.0,0.0,0.0,0.0,0.0,0.0,0.0,0.0,0.0
2023-06-15,0.0,0.0,0.0,0.0,0.0,0.0,0.0,0.0,0.0,0.0,0.0,0.0,0.0,0.0,0.0
2023-06-16,0.0,0.0,0.0,0.0,0.0,0.0,0.0,0.0,0.0,0.0,0.0,0.0,0.0,0.0,0.0
2023-06-17,0.0,0.0,0.0,0.0,0.0,0.0,0.0,0.0,0.0,0.0,0.0,0.0,0.0,0.0,0.0
2023-06-18,0.0,0.0,0.0,0.0,0.0,0.0,0.0,0.0,0.0,0.0,0.0,0.0,0.0,0.0,0.0
2023-06-19,0.0,0.0,0.0,0.0,0.0,0.0,0.0,0.0,0.0,0.0,0.0,0.0,0.0,0.0,0.0
2023-06-20,0.0,0.0,0.0,0.0,0.0,0.0,0.0,0.0,0.0,0.0,0.0,0.0,0.0,0.0,0.0
2023-06-21,0.0,0.0,0.0,0.0,0.0,0.0,0.0,0.0,0.0,0.0,0.0,0.0,0.0,0.0,0.0
2023-06-22,0.0,0.0,0.0,0.0,0.0,0.0,0.0,0.0,0.0,0.0,0.0,0.0,0.0,0.0,0.0
2023-06-23,0.0,0.0,0.0,0.0,0.0,0.0,0.0,0.0,0.0,0.0,0.0,0.0,0.0,0.0,0.0
2023-06-24,0.0,0.0,0.0,0.0,0.0,0.0,0.0,0.0,0.0,0.0,0.0,0.0,0.0,0.0,0.0
2023-06-25,0.0,0.0,0.0,0.0,0.0,0.0,0.0,0.0,0.0,0.0,0.0,0.0,0.0,0.0,0.0
2023-06-26,0.0,0.0,0.0,0.0,0.0,0.0,0.0,0.0,0.0,0.0,0.0,0.0,0.0,0.0,0.0
2023-06-27,0.0,0.0,0.0,0.0,0.0,0.0,0.0,0.0,0.0,0.0,0.0,0.0,0.0,0.0,0.0
2023-06-28,0.0,0.0,0.0,0.0,0.0,0.0,0.0,0.0,0.0,0.0,0.0,0.0,0.0,0.0,0.0
2023-06-29,0.0,0.0,0.0,0.0,0.0,0.0,0.0,0.0,0.0,0.0,0.0,0.0,0.0,0.0,0.0
2023-06-30,0.0,0.0,0.0,0.0,0.0,0.0,0.0,0.0,0.0,0.0,0.0,0.0,0.0,0.0,0.0
2023-07-01,0.0,0.0,0.0,0.0,0.0,0.0,0.0,0.0,0.0,0.0,0.0,0.0,0.0,0.0,0.0
2023-07-02,0.0,0.0,0.0,0.0,0.0,0.0,0.0,0.0,0.0,0.0,0.0,0.0,0.0,0.0,0.0
2023-07-03,0.0,0.0,0.0,0.0,0.0,0.0,0.0,0.0,0.0,0.0,0.0,0.0,0.0,0.0,0.0
2023-07-04,0.0,0.0,0.0,0.0,0.0,0.0,0.0,0.0,0.0,0.0,0.0,0.0,0.0,0.0,0.0
2023-07-05,0.0,0.0,0.0,0.0,0.0,0.0,0.0,0.0,0.0,0.0,0.0,0.0,0.0,0.0,0.0
2023-07-06,0.0,0.0,0.0,0.0,0.0,0.0,0.0,0.0,0.0,0.0,0.0,0.0,0.0,0.0,0.0
2023-07-07,0.0,0.0,0.0,0.0,0.0,0.0,0.0,0.0,0.0,0.0,0.0,0.0,0.0,0.0,0.0
2023-07-08,0.0,0.0,0.0,0.0,0.0,0.0,0.0,0.0,0.0,0.0,0.0,0.0,0.0,0.0,0.0
2023-07-09,0.0,0.0,0.0,0.0,0.0,0.0,0.0,0.0,0.0,0.0,0.0,0.0,0.0,0.0,0.0
2023-07-10,0.0,0.0,0.0,0.0,0.0,0.0,0.0,0.0,0.0,0.0,0.0,0.0,0.0,0.0,0.0
2023-07-11,0.0,0.0,0.0,0.0,0.0,0.0,0.0,0.0,0.0,0.0,0.0,0.0,0.0,0.0,0.0
2023-07-12,0.0,0.0,0.0,0.0,0.0,0.0,0.0,0.0,0.0,0.0,0.0,0.0,0.0,0.0,0.0
2023-07-13,0.0,0.0,0.0,0.0,0.0,0.0,0.0,0.0,0.0,0.0,0.0,0.0,0.0,0.0,0.0
2023-07-14,0.0,0.0,0.0,0.0,0.0,0.0,0.0,0.0,0.0,0.0,0.0,0.0,0.0,0.0,0.0
2023-07-15,0.0,0.0,0.0,0.0,0.0,0.0,0.0,0.0,0.0,0.0,0.0,0.0,0.0,0.0,0.0
2023-07-16,0.0,0.0,0.0,0.0,0.0,0.0,0.0,0.0,0.0,0.0,0.0,0.0,0.0,0.0,0.0
2023-07-17,0.0,0.0,0.0,0.0,0.0,0.0,0.0,0.0,0.0,0.0,0.0,0.0,0.0,0.0,0.0
2023-07-18,0.0,0.0,0.0,0.0,0.0,0.0,0.0,0.0,0.0,0.0,0.0,0.0,0.0,0.0,0.0
2023-07-19,0.0,0.0,0.0,0.0,0.0,0.0,0.0,0.0,0.0,0.0,0.0,0.0,0.0,0.0,0.0
2023-07-20,0.0,0.0,0.0,0.0,0.0,0.0,0.0,0.0,0.0,0.0,0.0,0.0,0.0,0.0,0.0
2023-07-21,0.0,0.0,0.0,0.0,0.0,0.0,0.0,0.0,0.0,0.0,0.0,0.0,0.0,0.0,0.0
2023-07-22,0.0,0.0,0.0,0.0,0.0,0.0,0.0,0.0,0.0,0.0,0.0,0.0,0.0,0.0,0.0
2023-07-23,0.0,0.0,0.0,0.0,0.0,0.0,0.0,0.0,0.0,0.0,0.0,0.0,0.0,0.0,0.0
2023-07-24,0.0,0.0,0.0,0.0,0.0,0.0,0.0,0.0,0.0,0.0,0.0,0.0,0.0,0.0,0.0
2023-07-25,0.0,0.0,0.0,0.0,0.0,0.0,0.0,0.0,0.0,0.0,0.0,0.0,0.0,0.0,0.0
2023-07-26,0.0,0.0,0.0,0.0,0.0,0.0,0.0,0.0,0.0,0.0,0.0,0.0,0.0,0.0,0.0
2023-07-27,0.0,0.0,0.0,0.0,0.0,0.0,0.0,0.0,0.0,0.0,0.0,0.0,0.0,0.0,0.0
2023-07-28,0.0,0.0,0.0,0.0,0.0,0.0,0.0,0.0,0.0,0.0,0.0,0.0,0.0,0.0,0.0
2023-07-29,0.0,0.0,0.0,0.0,0.0,0.0,0.0,0.0,0.0,0.0,0.0,0.0,0.0,0.0,0.0
2023-07-30,0.0,0.0,0.0,0.0,0.0,0.0,0.0,0.0,0.0,0.0,0.0,0.0,0.0,0.0,0.0
2023-07-31,0.0,0.0,0.0,0.0,0.0,0.0,0.0,0.0,0.0,0.0,0.0,0.0,0.0,0.0,0.0
2023-08-01,0.0,0.0,0.0,0.0,0.0,0.0,0.0,0.0,0.0,0.0,0.0,0.0,0.0,0.0,0.0
2023-08-02,0.0,0.0,0.0,0.0,0.0,0.0,0.0,0.0,0.0,0.0,0.0,0.0,0.0,0.0,0.0
2023-08-03,0.0,0.0,0.0,0.0,0.0,0.0,0.0,0.0,0.0,0.0,0.0,0.0,0.0,0.0,0.0
2023-08-04,0.0,0.0,0.0,0.0,0.0,0.0,0.0,0.0,0.0,0.0,0.0,0.0,0.0,0.0,0.0
2023-08-05,0.0,0.0,0.0,0.0,0.0,0.0,0.0,0.0,0.0,0.0,0.0,0.0,0.0,0.0,0.0
2023-08-06,0.0,0.0,0.0,0.0,0.0,0.0,0.0,0.0,0.0,0.0,0.0,0.0,0.0,0.0,0.0
2023-08-07,0.0,0.0,0.0,0.0,0.0,0.0,0.0,0.0,0.0,0.0,0.0,0.0,0.0,0.0,0.0
2023-08-08,0.0,0.0,0.0,0.0,0.0,0.0,0.0,0.0,0.0,0.0,0.0,0.0,0.0,0.0,0.0
2023-08-09,0.0,0.0,0.0,0.0,0.0,0.0,0.0,0.0,0.0,0.0,0.0,0.0,0.0,0.0,0.0
2023-08-10,0.0,0.0,0.0,0.0,0.0,0.0,0.0,0.0,0.0,0.0,0.0,0.0,0.0,0.0,0.0
2023-08-11,0.0,0.0,0.0,0.0,0.0,0.0,0.0,0.0,0.0,0.0,0.0,0.0,0.0,0.0,0.0
2023-08-12,0.0,0.0,0.0,0.0,0.0,0.0,0.0,0.0,0.0,0.0,0.0,0.0,0.0,0.0,0.0
2023-08-13,0.0,0.0,0.0,0.0,0.0,0.0,0.0,0.0,0.0,0.0,0.0,0.0,0.0,0.0,0.0
2023-08-14,0.0,0.0,0.0,0.0,0.0,0.0,0.0,0.0,0.0,0.0,0.0,0.0,0.0,0.0,0.0
2023-08-15,0.0,0.0,0.0,0.0,0.0,0.0,0.0,0.0,0.0,0.0,0.0,0.0,0.0,0.0,0.0
2023-08-16,0.0,0.0,0.0,0.0,0.0,0.0,0.0,0.0,0.0,0.0,0.0,0.0,0.0,0.0,0.0
2023-08-17,0.0,0.0,0.0,0.0,0.0,0.0,0.0,0.0,0.0,0.0,0.0,0.0,0.0,0.0,0.0
2023-08-18,0.0,0.0,0.0,0.0,0.0,0.0,0.0,0.0,0.0,0.0,0.0,0.0,0.0,0.0,0.0
2023-08-19,0.0,0.0,0.0,0.0,0.0,0.0,0.0,0.0,0.0,0.0,0.0,0.0,0.0,0.0,0.0
2023-08-20,0.0,0.0,0.0,0.0,0.0,0.0,0.0,0.0,0.0,0.0,0.0,0.0,0.0,0.0,0.0
2023-08-21,0.0,0.0,0.0,0.0,0.0,0.0,0.0,0.0,0.0,0.0,0.0,0.0,0.0,0.0,0.0
2023-08-22,0.0,0.0,0.0,0.0,0.0,0.0,0.0,0.0,0.0,0.0,0.0,0.0,0.0,0.0,0.0
2023-08-23,0.0,0.0,0.0,0.0,0.0,0.0,0.0,0.0,0.0,0.0,0.0,0.0,0.0,0.0,0.0
2023-08-24,0.0,0.0,0.0,0.0,0.0,0.0,0.0,0.0,0.0,0.0,0.0,0.0,0.0,0.0,0.0
2023-08-25,0.0,0.0,0.0,0.0,0.0,0.0,0.0,0.0,0.0,0.0,0.0,0.0,0.0,0.0,0.0
2023-08-26,0.0,0.0,0.0,0.0,0.0,0.0,0.0,0.0,0.0,0.0,0.0,0.0,0.0,0.0,0.0
2023-08-27,0.0,0.0,0.0,0.0,0.0,0.0,0.0,0.0,0.0,0.0,0.0,0.0,0.0,0.0,0.0
2023-08-28,0.0,0.0,0.0,0.0,0.0,0.0,0.0,0.0,0.0,0.0,0.0,0.0,0.0,0.0,0.0
2023-08-29,0.0,0.0,0.0,0.0,0.0,0.0,0.0,0.0,0.0,0.0,0.0,0.0,0.0,0.0,0.0
2023-08-30,0.0,0.0,0.0,0.0,0.0,0.0,0.0,0.0,0.0,0.0,0.0,0.0,0.0,0.0,0.0
2023-08-31,0.0,0.0,0.0,0.0,0.0,0.0,0.0,0.0,0.0,0.0,0.0,0.0,0.0,0.0,0.0
2023-09-01,0.0,0.0,0.0,0.0,0.0,0.0,0.0,0.0,0.0,0.0,0.0,0.0,0.0,0.0,0.0
2023-09-02,0.0,0.0,0.0,0.0,0.0,0.0,0.0,0.0,0.0,0.0,0.0,0.0,0.0,0.0,0.0
2023-09-03,0.0,0.0,0.0,0.0,0.0,0.0,0.0,0.0,0.0,0.0,0.0,0.0,0.0,0.0,0.0
2023-09-04,0.0,0.0,0.0,0.0,0.0,0.0,0.0,0.0,0.0,0.0,0.0,0.0,0.0,0.0,0.0
2023-09-05,0.0,0.0,0.0,0.0,0.0,0.0,0.0,0.0,0.0,0.0,0.0,0.0,0.0,0.0,0.0
2023-09-06,0.0,0.0,0.0,0.0,0.0,0.0,0.0,0.0,0.0,0.0,0.0,0.0,0.0,0.0,0.0
2023-09-07,0.0,0.0,0.0,0.0,0.0,0.0,0.0,0.0,0.0,0.0,0.0,0.0,0.0,0.0,0.0
2023-09-08,0.0,0.0,0.0,0.0,0.0,0.0,0.0,0.0,0.0,0.0,0.0,0.0,0.0,0.0,0.0
2023-09-09,0.0,0.0,0.0,0.0,0.0,0.0,0.0,0.0,0.0,0.0,0.0,0.0,0.0,0.0,0.0
2023-09-10,0.0,0.0,0.0,0.0,0.0,0.0,0.0,0.0,0.0,0.0,0.0,0.0,0.0,0.0,0.0
2023-09-11,0.0,0.0,0.0,0.0,0.0,0.0,0.0,0.0,0.0,0.0,0.0,0.0,0.0,0.0,0.0
2023-09-12,0.0,0.0,0.0,0.0,0.0,0.0,0.0,0.0,0.0,0.0,0.0,0.0,0.0,0.0,0.0
2023-09-13,0.0,0.0,0.0,0.0,0.0,0.0,0.0,0.0,0.0,0.0,0.0,0.0,0.0,0.0,0.0
2023-09-14,0.0,0.0,0.0,0.0,0.0,0.0,0.0,0.0,0.0,0.0,0.0,0.0,0.0,0.0,0.0
2023-09-15,0.0,0.0,0.0,0.0,0.0,0.0,0.0,0.0,0.0,0.0,0.0,0.0,0.0,0.0,0.0
2023-09-16,0.0,0.0,0.0,0.0,0.0,0.0,0.0,0.0,0.0,0.0,0.0,0.0,0.0,0.0,0.0
2023-09-17,0.0,0.0,0.0,0.0,0.0,0.0,0.0,0.0,0.0,0.0,0.0,0.0,0.0,0.0,0.0
2023-09-18,0.0,0.0,0.0,0.0,0.0,0.0,0.0,0.0,0.0,0.0,0.0,0.0,0.0,0.0,0.0
2023-09-19,0.0,0.0,0.0,0.0,0.0,0.0,0.0,0.0,0.0,0.0,0.0,0.0,0.0,0.0,0.0
2023-09-20,0.0,0.0,0.0,0.0,0.0,0.0,0.0,0.0,0.0,0.0,0.0,0.0,0.0,0.0,0.0
2023-09-21,0.0,0.0,0.0,0.0,0.0,0.0,0.0,0.0,0.0,0.0,0.0,0.0,0.0,0.0,0.0
2023-09-22,0.0,0.0,0.0,0.0,0.0,0.0,0.0,0.0,0.0,0.0,0.0,0.0,0.0,0.0,0.0
2023-09-23,0.0,0.0,0.0,0.0,0.0,0.0,0.0,0.0,0.0,0.0,0.0,0.0,0.0,0.0,0.0
2023-09-24,0.0,0.0,0.0,0.0,0.0,0.0,0.0,0.0,0.0,0.0,0.0,0.0,0.0,0.0,0.0
2023-09-25,0.0,0.0,0.0,0.0,0.0,0.0,0.0,0.0,0.0,0.0,0.0,0.0,0.0,0.0,0.0
2023-09-26,0.0,0.0,0.0,0.0,0.0,0.0,0.0,0.0,0.0,0.0,0.0,0.0,0.0,0.0,0.0
2023-09-27,0.0,0.0,0.0,0.0,0.0,0.0,0.0,0.0,0.0,0.0,0.0,0.0,0.0,0.0,0.0
2023-09-28,0.0,0.0,0.0,0.0,0.0,0.0,0.0,0.0,0.0,0.0,0.0,0.0,0.0,0.0,0.0
2023-09-29,0.0,0.0,0.0,0.0,0.0,0.0,0.0,0.0,0.0,0.0,0.0,0.0,0.0,0.0,0.0
2023-09-30,0.0,0.0,0.0,0.0,0.0,0.0,0.0,0.0,0.0,0.0,0.0,0.0,0.0,0.0,0.0
2023-10-01,0.0,0.0,0.0,0.0,0.0,0.0,0.0,0.0,0.0,0.0,0.0,0.0,0.0,0.0,0.0
2023-10-02,0.0,0.0,0.0,0.0,0.0,0.0,0.0,0.0,0.0,0.0,0.0,0.0,0.0,0.0,0.0
2023-10-03,0.0,0.0,0.0,0.0,0.0,0.0,0.0,0.0,0.0,0.0,0.0,0.0,0.0,0.0,0.0
2023-10-04,0.0,0.0,0.0,0.0,0.0,0.0,0.0,0.0,0.0,0.0,0.0,0.0,0.0,0.0,0.0
2023-10-05,0.0,0.0,0.0,0.0,0.0,0.0,0.0,0.0,0.0,0.0,0.0,0.0,0.0,0.0,0.0
2023-10-06,0.0,0.0,0.0,0.0,0.0,0.0,0.0,0.0,0.0,0.0,0.0,0.0,0.0,0.0,0.0
2023-10-07,0.0,0.0,0.0,0.0,0.0,0.0,0.0,0.0,0.0,0.0,0.0,0.0,0.0,0.0,0.0
2023-10-08,0.0,0.0,0.0,0.0,0.0,0.0,0.0,0.0,0.0,0.0,0.0,0.0,0.0,0.0,0.0
2023-10-09,0.0,0.0,0.0,0.0,0.0,0.0,0.0,0.0,0.0,0.0,0.0,0.0,0.0,0.0,0.0
2023-10-10,0.0,0.0,0.0,0.0,0.0,0.0,0.0,0.0,0.0,0.0,0.0,0.0,0.0,0.0,0.0
2023-10-11,0.0,0.0,0.0,0.0,0.0,0.0,0.0,0.0,0.0,0.0,0.0,0.0,0.0,0.0,0.0
2023-10-12,0.0,0.0,0.0,0.0,0.0,0.0,0.0,0.0,0.0,0.0,0.0,0.0,0.0,0.0,0.0
2023-10-13,0.0,0.0,0.0,0.0,0.0,0.0,0.0,0.0,0.0,0.0,0.0,0.0,0.0,0.0,0.0
2023-10-14,0.0,0.0,0.0,0.0,0.0,0.0,0.0,0.0,0.0,0.0,0.0,0.0,0.0,0.0,0.0
2023-10-15,0.0,0.0,0.0,0.0,0.0,0.0,0.0,0.0,0.0,0.0,0.0,0.0,0.0,0.0,0.0
2023-10-16,0.0,0.0,0.0,0.0,0.0,0.0,0.0,0.0,0.0,0.0,0.0,0.0,0.0,0.0,0.0
2023-10-17,0.0,0.0,0.0,0.0,0.0,0.0,0.0,0.0,0.0,0.0,0.0,0.0,0.0,0.0,0.0
2023-10-18,0.0,0.0,0.0,0.0,0.0,0.0,0.0,0.0,0.0,0.0,0.0,0.0,0.0,0.0,0.0
2023-10-19,0.0,0.0,0.0,0.0,0.0,0.0,0.0,0.0,0.0,0.0,0.0,0.0,0.0,0.0,0.0
2023-10-20,0.0,0.0,0.0,0.0,0.0,0.0,0.0,0.0,0.0,0.0,0.0,0.08834160170092137,0.0,0.0,0.0
2023-10-21,0.0,0.0,0.0,0.0,0.0,0.0,0.0,0.0,0.0,0.0,0.0,0.08834160170092137,0.0,0.0,0.0
2023-10-22,0.0,0.0,0.0,0.0,0.0,0.0,0.0,0.0,0.0,0.0,0.0,0.08834160170092137,0.0,0.0,0.0
2023-10-23,0.0,0.0,0.0,0.0,0.0,0.0,0.0,0.0,0.0,0.0,0.0,0.08834160170092137,0.0,0.0,0.0
2023-10-24,0.0,0.0,0.16664192484330997,0.0,0.0,0.0,0.0,0.0,0.0,0.0,0.0,0.08834160170092137,0.0,0.0,0.0
2023-10-25,0.0,0.0,0.16664192484330997,0.0,0.0,0.0,0.0,0.0,0.0,0.0,0.0,0.08834160170092137,0.0,0.0,0.1467051719611448
2023-10-26,0.0,0.0,0.16664192484330997,0.0,0.0,0.0,0.0,0.0,0.0,0.0,0.0,0.08834160170092137,0.0,0.0,0.1467051719611448
2023-10-27,0.0,0.0,0.16664192484330997,0.0,0.0,0.0,0.0,0.0,0.0,0.0,0.0,0.08834160170092137,0.0,0.0,0.1467051719611448
2023-10-28,0.0,0.0,0.16664192484330997,0.0,0.0,0.0,0.0,0.0,0.0,0.0,0.0,0.08834160170092137,0.0,0.0,0.1467051719611448
2023-10-29,0.0,0.0,0.16664192484330997,0.0,0.0,0.0,0.0,0.0,0.0,0.0,0.0,0.08834160170092137,0.0,0.0,0.1467051719611448
2023-10-30,0.0,0.0,0.16664192484330997,0.0,0.0,0.0,0.0,0.0,0.0,0.0,0.0,0.08834160170092137,0.0,0.0,0.1467051719611448
2023-10-31,0.0,0.0,0.16664192484330997,0.0,0.0,0.0,0.0,0.0,0.0,0.0,0.0,0.08834160170092137,0.0,0.0,0.1467051719611448
2023-11-01,0.0,0.0,0.16664192484330997,0.0,0.0,0.0,0.0,0.0,0.0,0.0,0.0,0.08834160170092137,0.0,0.0,0.1467051719611448
2023-11-02,0.0,0.1311272416737831,0.16664192484330997,0.0,0.0,0.0,0.0,0.0,0.0,0.0,0.0,0.08834160170092137,0.0,0.0,0.1467051719611448
2023-11-03,0.0,0.1311272416737831,0.16664192484330997,0.0,0.0,0.0,0.0,0.0,0.30093081913230524,0.0,0.0,0.08834160170092137,0.0,0.0,0.1467051719611448
2023-11-04,0.0,0.1311272416737831,0.16664192484330997,0.0,0.0,0.0,0.0,0.0,0.30093081913230524,0.0,0.0,0.08834160170092137,0.0,0.0,0.1467051719611448
2023-11-05,0.0,0.1311272416737831,0.16664192484330997,0.0,0.0,0.0,0.0,0.0,0.30093081913230524,0.0,0.0,0.08834160170092137,0.0,0.0,0.1467051719611448
2023-11-06,0.0,0.1311272416737831,0.16664192484330997,0.1515793269230767,0.0,0.0,0.0,0.0,0.30093081913230524,0.0,0.0,0.08834160170092137,0.0,0.0,0.1467051719611448
2023-11-07,0.0,0.1311272416737831,0.16664192484330997,0.1515793269230767,0.0,0.0,0.0,0.0,0.30093081913230524,0.0,0.0,0.08834160170092137,0.0,0.0,0.1467051719611448
2023-11-08,0.0,0.1311272416737831,0.16664192484330997,0.1515793269230767,0.0,0.0,0.0,0.0,0.30093081913230524,0.0,0.0,0.08834160170092137,0.0,0.0,0.0
2023-11-09,0.0,0.1311272416737831,0.16664192484330997,0.1515793269230767,0.0,0.0,0.0,0.0,0.30093081913230524,0.0,0.0,0.08834160170092137,0.0,0.0,0.0
2023-11-10,0.0,0.1311272416737831,0.16664192484330997,0.0,0.0,0.0,0.0,0.0,0.30093081913230524,0.0,0.0,0.08834160170092137,0.0,0.0,0.0
2023-11-11,0.0,0.1311272416737831,0.16664192484330997,0.0,0.0,0.0,0.0,0.0,0.30093081913230524,0.0,0.0,0.0,0.0,0.0,0.0
2023-11-12,0.0,0.1311272416737831,0.16664192484330997,0.0,0.0,0.0,0.0,0.0,0.30093081913230524,0.0,0.0,0.0,0.0,0.0,0.0
2023-11-13,0.0,0.1311272416737831,0.16664192484330997,0.0,0.0,0.0,0.0,0.0,0.30093081913230524,0.0,0.0,0.0,0.0,0.0,0.0
2023-11-14,0.0,0.1311272416737831,0.16664192484330997,0.0,0.0,0.0,0.0,0.0,0.30093081913230524,0.0,0.0,0.0,0.0,0.0,0.0
2023-11-15,0.0,0.0,0.0,0.0,0.0,0.0,0.0,0.24255611508962488,0.30093081913230524,0.0,0.0,0.0,0.0,0.0,0.0
2023-11-16,0.0,0.0,0.0,0.0,0.0,0.0,0.0,0.24255611508962488,0.30093081913230524,0.0,0.0,0.0600716121924348,0.0,0.0,0.0
2023-11-17,0.0,0.0,0.0,0.0,0.0,0.0,0.0,0.24255611508962488,0.30093081913230524,0.0,0.0,0.0600716121924348,0.0,0.0,0.0
2023-11-18,0.0,0.0,0.0,0.0,0.0,0.0,0.0,0.24255611508962488,0.30093081913230524,0.0,0.0,0.0,0.0,0.0,0.0
2023-11-19,0.0,0.0,0.0,0.0,0.0,0.0,0.0,0.24255611508962488,0.30093081913230524,0.0,0.0,0.0,0.0,0.0,0.0
2023-11-20,0.0,0.0,0.0,0.0,0.0,0.0,0.0,0.24255611508962488,0.30093081913230524,0.0,0.0,0.0,0.0,0.0,0.0
2023-11-21,0.24951642374638364,0.0,0.0,0.0,0.0,0.0,0.28867578771200597,0.14344078046209668,0.17796191840179376,0.14040508967771995,0.0,0.0,0.0,0.0,0.0
2023-11-22,0.19356267073161412,0.0,0.0,0.0,0.0,0.0,0.22394059519658452,0.11127436078633271,0.1380541757418966,0.10891941994950602,0.0,0.0,0.0,0.22424877759406603,0.0
2023-11-23,0.19356267073161412,0.0,0.0,0.0,0.0,0.0,0.22394059519658452,0.11127436078633271,0.1380541757418966,0.10891941994950602,0.0,0.0,0.0,0.22424877759406603,0.0
2023-11-24,0.21722240958348088,0.0,0.0,0.0,0.0,0.0,0.2513135177784872,0.12487575565840212,0.15492894675594165,0.0,0.0,0.0,0.0,0.2516593702236881,0.0
2023-11-25,0.21722240958348088,0.0,0.0,0.0,0.0,0.0,0.2513135177784872,0.12487575565840212,0.15492894675594165,0.0,0.0,0.0,0.0,0.2516593702236881,0.0
2023-11-26,0.21722240958348088,0.0,0.0,0.0,0.0,0.0,0.2513135177784872,0.12487575565840212,0.15492894675594165,0.0,0.0,0.0,0.0,0.2516593702236881,0.0
2023-11-27,0.1727085392303507,0.0,0.0,0.0,0.0,0.0,0.19981359486615344,0.09928583973634802,0.12318044040678157,0.0,0.0,0.0,0.2049230115736426,0.20008857418672368,0.0
2023-11-28,0.1727085392303507,0.0,0.0,0.0,0.0,0.0,0.19981359486615344,0.09928583973634802,0.12318044040678157,0.0,0.0,0.0,0.2049230115736426,0.20008857418672368,0.0
2023-11-29,0.1727085392303507,0.0,0.0,0.0,0.0,0.0,0.19981359486615344,0.09928583973634802,0.12318044040678157,0.0,0.0,0.0,0.2049230115736426,0.20008857418672368,0.0
2023-11-30,0.21722240958348088,0.0,0.0,0.0,0.0,0.0,0.2513135177784872,0.12487575565840212,0.15492894675594165,0.0,0.0,0.0,0.0,0.2516593702236881,0.0
2023-12-01,0.19586192744668338,0.0,0.0,0.0,0.0,0.0,0.22660069962341525,0.0,0.13969406833801615,0.0,0.0,0.0,0.21093076179050743,0.22691254280137782,0.0
2023-12-02,0.18258556085653993,0.0,0.06778431501833083,0.0,0.0,0.0,0.21124072641676753,0.0,0.13022500160359984,0.0,0.0,0.0,0.19663296458624316,0.21153143151851875,0.0
2023-12-03,0.1727852923678007,0.0,0.06414599617543573,0.0536749370693086,0.0,0.0,0.19990239371987248,0.0,0.123235182837676,0.0,0.0,0.0,0.18607870258632497,0.2001774952435815,0.0
2023-12-04,0.19707142552437903,0.0,0.07316214670092056,0.06121930992056589,0.0,0.0,0.2280000175724006,0.0,0.0,0.0,0.0,0.0,0.21223331381906307,0.22831378646267084,0.0
2023-12-05,0.19707142552437903,0.0,0.07316214670092056,0.06121930992056589,0.0,0.0,0.2280000175724006,0.0,0.0,0.0,0.0,0.0,0.21223331381906307,0.22831378646267084,0.0
2023-12-06,0.26434539921900396,0.06302183170076052,0.0,0.08211765291595748,0.0,0.0,0.3058320378347305,0.0,0.0,0.0,0.0,0.0,0.28468307832954753,0.0,0.0
2023-12-07,0.26434539921900396,0.06302183170076052,0.0,0.08211765291595748,0.0,0.0,0.3058320378347305,0.0,0.0,0.0,0.0,0.0,0.28468307832954753,0.0,0.0
2023-12-08,0.26434539921900396,0.06302183170076052,0.0,0.08211765291595748,0.0,0.0,0.3058320378347305,0.0,0.0,0.0,0.0,0.0,0.28468307832954753,0.0,0.0
2023-12-09,0.2679516668023243,0.0,0.0,0.08323792295131309,0.0,0.0,0.31000427675866365,0.0,0.0,0.0,0.0,0.05023933575190169,0.28856679773579724,0.0,0.0
2023-12-10,0.25226694224775287,0.058535648394165384,0.0,0.0783655371603744,0.0,0.0,0.29185797541363095,0.0,0.0,0.0,0.0,0.04729854365877195,0.2716753531253044,0.0,0.0
2023-12-11,0.25226694224775287,0.058535648394165384,0.0,0.0783655371603744,0.0,0.0,0.29185797541363095,0.0,0.0,0.0,0.0,0.04729854365877195,0.2716753531253044,0.0,0.0
2023-12-12,0.0,0.0,0.0,0.0,0.0,0.0,0.48814623959999853,0.0,0.0,0.0,0.0,0.0,0.0,0.0,0.0
2023-12-13,0.0,0.0,0.0,0.0,0.0,0.0,0.4445427110585024,0.0,0.0,0.0,0.0,0.0,0.0,0.5554572889414976,0.0
2023-12-14,0.2961433879619925,0.048538104852807795,0.0,0.0,0.0,0.0,0.2913170657909193,0.0,0.0,0.0,0.0,0.0,0.0,0.3640014413942803,0.0
2023-12-15,0.4656353130913043,0.07631794788846126,0.0,0.0,0.0,0.0,0.4580467390202344,0.0,0.0,0.0,0.0,0.0,0.0,0.0,0.0
2023-12-16,0.4656353130913043,0.07631794788846126,0.0,0.0,0.0,0.0,0.4580467390202344,0.0,0.0,0.0,0.0,0.0,0.0,0.0,0.0
2023-12-17,0.4656353130913043,0.07631794788846126,0.0,0.0,0.0,0.0,0.4580467390202344,0.0,0.0,0.0,0.0,0.0,0.0,0.0,0.0
2023-12-18,0.49623347957171504,0.0,0.0,0.0,0.0,0.0,0.0,0.0,0.0,0.0,0.0,0.0,0.0,0.0,0.0
2023-12-19,0.35773252709348213,0.0,0.0,0.0,0.0,0.0,0.43453705717229546,0.20773041573422235,0.0,0.0,0.0,0.0,0.0,0.0,0.0
2023-12-20,0.49623347957171504,0.0,0.0,0.0,0.0,0.0,0.0,0.28815603615976093,0.0,0.0,0.0,0.0,0.0,0.0,0.0
2023-12-21,0.49623347957171504,0.0,0.0,0.0,0.0,0.0,0.0,0.28815603615976093,0.0,0.0,0.0,0.06418644597126799,0.0,0.0,0.0
2023-12-22,0.0,0.0,0.0,0.0,0.0,0.0,0.0,0.28815603615976093,0.0,0.0,0.0,0.06418644597126799,0.0,0.0,0.0
2023-12-23,0.0,0.0,0.0,0.0,0.0,0.0,0.0,0.28815603615976093,0.0,0.0,0.0,0.06418644597126799,0.0,0.0,0.0
2023-12-24,0.0,0.0,0.0,0.0,0.0,0.0,0.0,0.28815603615976093,0.0,0.0,0.0,0.06418644597126799,0.0,0.0,0.0
2023-12-25,0.0,0.0,0.0,0.0,0.0,0.0,0.0,0.28815603615976093,0.0,0.0,0.0,0.06418644597126799,0.0,0.0,0.0
2023-12-26,0.0,0.0,0.0,0.0,0.0,0.0,0.0,0.28815603615976093,0.0,0.0,0.0,0.06418644597126799,0.0,0.0,0.0
2023-12-27,0.0,0.0,0.0,0.0,0.0,0.0,0.0,0.28815603615976093,0.0,0.0,0.0,0.0,0.0,0.0,0.0
2023-12-28,0.0,0.0,0.0,0.0,0.0,0.0,0.0,0.28815603615976093,0.0,0.0,0.0,0.0,0.0,0.0,0.0
2023-12-29,0.0,0.0,0.0,0.0,0.0,0.0,0.5393504881662281,0.28815603615976093,0.0,0.0,0.0,0.0,0.0,0.0,0.0
2023-12-30,0.0,0.0,0.0,0.0,0.0,0.0,0.5393504881662281,0.28815603615976093,0.0,0.0,0.0,0.0,0.0,0.0,0.0
2023-12-31,0.0,0.0,0.0,0.0,0.0,0.0,0.5393504881662281,0.28815603615976093,0.0,0.0,0.0,0.0,0.0,0.0,0.0
2024-01-01,0.0,0.0,0.0,0.0,0.0,0.0,0.5393504881662281,0.28815603615976093,0.0,0.0,0.0,0.0,0.0,0.0,0.0
2024-01-02,0.0,0.0,0.0,0.0,0.0,0.0,0.5393504881662281,0.28815603615976093,0.0,0.0,0.0,0.0,0.0,0.0,0.0
2024-01-03,0.0,0.0,0.15225464146055248,0.0,0.0,0.0,0.5393504881662281,0.0,0.0,0.0,0.0,0.0,0.0,0.0,0.0
2024-01-04,0.0,0.0,0.0,0.0,0.0,0.0,0.5393504881662281,0.0,0.0,0.0,0.0,0.0,0.0,0.0,0.0
2024-01-05,0.0,0.0,0.0,0.0,0.0,0.0,0.5393504881662281,0.0,0.0,0.0,0.0,0.0,0.0,0.0,0.0
2024-01-06,0.0,0.0,0.0,0.0,0.0,0.0,0.5393504881662281,0.0,0.0,0.0,0.0,0.0,0.0,0.0,0.0
2024-01-07,0.0,0.0,0.0,0.0,0.0,0.0,0.5393504881662281,0.0,0.0,0.0,0.0,0.0,0.0,0.0,0.0
2024-01-08,0.0,0.0,0.0,0.0,0.0,0.0,0.5393504881662281,0.0,0.0,0.0,0.0,0.0,0.0,0.0,0.0
2024-01-09,0.0,0.0,0.13622058483902816,0.0,0.0,0.0,0.5393504881662281,0.0,0.0,0.2664372605753843,0.0,0.0,0.0,0.0,0.0
2024-01-10,0.0,0.0,0.08814648112681431,0.0,0.0,0.0,0.3490063391084593,0.0,0.0,0.17240791462274985,0.0,0.0,0.0,0.3904392651419766,0.0
2024-01-11,0.0,0.0,0.09412002898310445,0.07691815632212352,0.0,0.0,0.0,0.22797137020612063,0.0,0.18409172679127542,0.0,0.0,0.0,0.41689871769737596,0.0
2024-01-12,0.0,0.0,0.07147786608213863,0.05841419447357682,0.0,0.0,0.0,0.17312900608094636,0.24056689256895938,0.13980535212944445,0.0,0.0,0.0,0.31660668866493447,0.0
2024-01-13,0.0,0.0,0.0,0.06291093377289834,0.0,0.0,0.0,0.18645652026671197,0.25908579212204363,0.15056760310014522,0.0,0.0,0.0,0.34097915073820095,0.0
2024-01-14,0.0,0.0,0.0,0.06291093377289834,0.0,0.0,0.0,0.18645652026671197,0.25908579212204363,0.15056760310014522,0.0,0.0,0.0,0.34097915073820095,0.0
2024-01-15,0.0,0.0,0.0,0.06291093377289834,0.0,0.0,0.0,0.18645652026671197,0.25908579212204363,0.15056760310014522,0.0,0.0,0.0,0.34097915073820095,0.0
2024-01-16,0.0,0.0,0.0,0.06291093377289834,0.0,0.0,0.0,0.18645652026671197,0.25908579212204363,0.15056760310014522,0.0,0.0,0.0,0.34097915073820095,0.0
2024-01-17,0.0,0.0,0.0,0.06291093377289834,0.0,0.0,0.0,0.18645652026671197,0.25908579212204363,0.15056760310014522,0.0,0.0,0.0,0.34097915073820095,0.0
2024-01-18,0.0,0.0,0.0,0.07732952858711749,0.0,0.0,0.0,0.0,0.3184658209134467,0.18507628276918558,0.0,0.0,0.0,0.4191283677302502,0.0
2024-01-19,0.0,0.0,0.0,0.07732952858711749,0.0,0.0,0.0,0.0,0.3184658209134467,0.18507628276918558,0.0,0.0,0.0,0.4191283677302502,0.0
2024-01-20,0.0,0.0,0.0,0.07732952858711749,0.0,0.0,0.0,0.0,0.3184658209134467,0.18507628276918558,0.0,0.0,0.0,0.4191283677302502,0.0
2024-01-21,0.0,0.0,0.0,0.07732952858711749,0.0,0.0,0.0,0.0,0.3184658209134467,0.18507628276918558,0.0,0.0,0.0,0.4191283677302502,0.0
2024-01-22,0.0,0.0,0.0,0.05925118218857409,0.1957394832297815,0.0,0.0,0.17985229236165834,0.24401385499872236,0.0,0.0,0.0,0.0,0.32114318722126367,0.0
2024-01-23,0.0,0.0,0.0,0.0,0.18017747850277496,0.0,0.0,0.16555337740738998,0.22461386117893975,0.13404415347950763,0.0,0.0,0.0,0.2956111294313877,0.0
2024-01-24,0.0,0.0,0.0,0.0,0.14413918921187044,0.0,0.0,0.13244013507726196,0.17968760638184514,0.10723324447472596,0.20001550465892165,0.0,0.0,0.23648432019537488,0.0
2024-01-25,0.0,0.0,0.0,0.0,0.14413918921187044,0.0,0.0,0.13244013507726196,0.17968760638184514,0.10723324447472596,0.20001550465892165,0.0,0.0,0.23648432019537488,0.0
2024-01-26,0.0,0.0,0.0,0.0,0.18017747850277496,0.0,0.0,0.16555337740738998,0.22461386117893975,0.13404415347950763,0.0,0.0,0.0,0.2956111294313877,0.0
2024-01-27,0.0,0.0,0.0,0.0,0.18017747850277496,0.0,0.0,0.16555337740738998,0.22461386117893975,0.13404415347950763,0.0,0.0,0.0,0.2956111294313877,0.0
2024-01-28,0.0,0.0,0.0,0.0,0.18017747850277496,0.0,0.0,0.16555337740738998,0.22461386117893975,0.13404415347950763,0.0,0.0,0.0,0.2956111294313877,0.0
2024-01-29,0.0,0.0,0.0,0.0,0.25579262539643494,0.0,0.0,0.2350312225599878,0.3188776406952909,0.19029851134828626,0.0,0.0,0.0,0.0,0.0
2024-01-30,0.0,0.0,0.0,0.0,0.1809510172941532,0.0,0.0,0.1662641319397125,0.22557817445575407,0.1346196324646476,0.0,0.0,0.0,0.29258704384573253,0.0
2024-01-31,0.0,0.0,0.0,0.0,0.14719319609348896,0.0,0.0,0.1352462635572405,0.18349480960972708,0.1095052918502854,0.18655778622005567,0.0,0.0,0.23800265266920229,0.0
2024-02-01,0.0,0.0,0.0,0.0,0.0,0.0,0.0,0.0,0.0,0.20504085086801732,0.3493161524550943,0.0,0.0,0.4456429966768884,0.0
2024-02-02,0.0,0.0,0.0,0.0,0.0,0.0,0.0,0.0,0.0,0.20504085086801732,0.3493161524550943,0.0,0.0,0.4456429966768884,0.0
2024-02-03,0.0,0.0,0.0,0.0,0.0,0.0,0.0,0.0,0.0,0.20504085086801732,0.3493161524550943,0.0,0.0,0.4456429966768884,0.0
2024-02-04,0.0,0.0,0.0,0.0,0.0,0.0,0.0,0.0,0.0,0.20504085086801732,0.3493161524550943,0.0,0.0,0.4456429966768884,0.0
2024-02-05,0.0,0.0,0.0,0.0,0.0,0.0,0.0,0.15419632450765136,0.0,0.17342430529024758,0.2954528856553643,0.0,0.0,0.3769264845467367,0.0
2024-02-06,0.0,0.0,0.0,0.0,0.0,0.0,0.0,0.15419632450765136,0.0,0.17342430529024758,0.2954528856553643,0.0,0.0,0.3769264845467367,0.0
2024-02-07,0.0,0.0,0.0,0.0,0.0,0.0,0.0,0.0,0.0,0.0,0.439413965908202,0.0,0.0,0.5605860340917981,0.0
2024-02-08,0.0,0.0,0.0,0.0,0.0,0.0,0.0,0.0,0.0,0.18103275110784395,0.35986564678463184,0.0,0.0,0.4591016021075242,0.0
2024-02-09,0.0,0.0,0.0,0.0,0.0,0.0,0.0,0.0,0.0,0.18103275110784395,0.35986564678463184,0.0,0.0,0.4591016021075242,0.0
2024-02-10,0.0,0.0,0.0,0.0,0.0,0.0,0.0,0.0,0.0,0.18103275110784395,0.35986564678463184,0.0,0.0,0.4591016021075242,0.0
2024-02-11,0.0,0.0,0.0,0.0,0.0,0.0,0.0,0.0,0.0,0.18103275110784395,0.35986564678463184,0.0,0.0,0.4591016021075242,0.0
2024-02-12,0.0,0.0,0.0,0.0,0.0,0.0,0.0,0.0,0.24397500525888483,0.13686528470427733,0.2720674237178593,0.0,0.0,0.3470922863189786,0.0
2024-02-13,0.0,0.0,0.12817736418536113,0.0,0.0,0.0,0.0,0.0,0.2922014195930825,0.16391937543423762,0.0,0.0,0.0,0.41570184078731875,0.0
2024-02-14,0.0,0.0,0.1833557030709352,0.0,0.0,0.0,0.0,0.0,0.0,0.23448408789424777,0.0,0.0,0.0,0.0,0.0
2024-02-15,0.0,0.0,0.1833557030709352,0.17190107732051385,0.0,0.0,0.0,0.0,0.0,0.23448408789424777,0.0,0.0,0.0,0.0,0.0
2024-02-16,0.0,0.0,0.1180452390067064,0.11067069863629998,0.0,0.0,0.30233302708571846,0.0,0.0,0.15096192665486663,0.0,0.0,0.0,0.31798910861640844,0.0
2024-02-17,0.0,0.0,0.1180452390067064,0.11067069863629998,0.0,0.0,0.30233302708571846,0.0,0.0,0.15096192665486663,0.0,0.0,0.0,0.31798910861640844,0.0
2024-02-18,0.0,0.0,0.1180452390067064,0.11067069863629998,0.0,0.0,0.30233302708571846,0.0,0.0,0.15096192665486663,0.0,0.0,0.0,0.31798910861640844,0.0
2024-02-19,0.0,0.0,0.1180452390067064,0.11067069863629998,0.0,0.0,0.30233302708571846,0.0,0.0,0.15096192665486663,0.0,0.0,0.0,0.31798910861640844,0.0
2024-02-20,0.0,0.0,0.1180452390067064,0.11067069863629998,0.0,0.0,0.30233302708571846,0.0,0.0,0.15096192665486663,0.0,0.0,0.0,0.31798910861640844,0.0
2024-02-21,0.0,0.0,0.1833557030709352,0.17190107732051385,0.0,0.0,0.46960373166525304,0.0,0.0,0.0,0.0,0.0,0.0,0.0,0.0
2024-02-22,0.0,0.0,0.1329844526629134,0.12467662743377951,0.0,0.0,0.34059477931703697,0.0,0.0,0.0,0.40174414058627006,0.0,0.0,0.0,0.0
2024-02-23,0.0,0.0,0.09162203386874437,0.0858982080434147,0.0,0.0,0.23465890772362274,0.0,0.0,0.08921877599588945,0.27678886154208304,0.0,0.0,0.22181321282624566,0.0
2024-02-24,0.0,0.0,0.09162203386874437,0.0858982080434147,0.0,0.0,0.23465890772362274,0.0,0.0,0.08921877599588945,0.27678886154208304,0.0,0.0,0.22181321282624566,0.0
2024-02-25,0.0,0.0,0.09162203386874437,0.0858982080434147,0.0,0.0,0.23465890772362274,0.0,0.0,0.08921877599588945,0.27678886154208304,0.0,0.0,0.22181321282624566,0.0
2024-02-26,0.0,0.0,0.09162203386874437,0.0858982080434147,0.0,0.0,0.23465890772362274,0.0,0.0,0.08921877599588945,0.27678886154208304,0.0,0.0,0.22181321282624566,0.0
2024-02-27,0.0,0.0,0.0,0.09456218803858886,0.0,0.0,0.2583273884581606,0.0,0.0,0.09821767955894894,0.3047067100503499,0.0,0.0,0.24418603389395163,0.0
2024-02-28,0.0,0.0,0.08165599877194285,0.08684061812823761,0.0,0.0,0.2372334075434618,0.0,0.0,0.09019761683750033,0.27982557930867574,0.0,0.0,0.22424677941018153,0.0
2024-02-29,0.0,0.0,0.0,0.09013944556506859,0.0,0.0,0.2462452281707819,0.0,0.0,0.0936239670820475,0.2904553550800486,0.04677072903299821,0.0,0.23276527506905512,0.0
2024-03-01,0.0,0.0,0.0,0.12703844107686535,0.0,0.0,0.34704684184962387,0.0,0.0,0.1319493674603236,0.0,0.06591654150004154,0.0,0.3280488081131455,0.0
2024-03-02,0.0,0.06235254026785509,0.0,0.11911727156405456,0.0,0.0,0.32540758966836325,0.0,0.0,0.12372198921243575,0.0,0.06180647769184246,0.0,0.30759413159544874,0.0
2024-03-03,0.0,0.057950139667236666,0.0,0.11070699757000577,0.0,0.0,0.30243218943530586,0.0,0.0,0.11498659916611663,0.0,0.057442631834980835,0.0,0.28587645042535825,0.07060499190099591
2024-03-04,0.0,0.051049675572936264,0.0,0.09752446399707064,0.0,0.0,0.2664198092039107,0.11907588374979752,0.0,0.10129446825102756,0.0,0.05060259968431624,0.0,0.2518354594477035,0.06219764009323752
2024-03-05,0.0,0.06131805489116602,0.10134601541854557,0.11714100764578013,0.0,0.0,0.32000878167225816,0.14302738448459493,0.0,0.12166932883861085,0.0,0.060781051990143616,0.0,0.0,0.07470837505890075
2024-03-06,0.0,0.0,0.0,0.0,0.0,0.0,0.46960373166525304,0.20988859472324095,0.0,0.17854625911589989,0.0,0.0,0.0,0.0,0.0
2024-03-07,0.0,0.0,0.0,0.0,0.0,0.0,0.46960373166525304,0.20988859472324095,0.0,0.17854625911589989,0.0,0.0,0.0,0.0,0.0
2024-03-08,0.0,0.0,0.0,0.0,0.0,0.0,0.46960373166525304,0.20988859472324095,0.0,0.17854625911589989,0.0,0.07055879899916598,0.0,0.0,0.0
2024-03-09,0.0,0.0,0.0,0.0,0.0,0.0,0.46960373166525304,0.20988859472324095,0.0,0.17854625911589989,0.0,0.07055879899916598,0.0,0.0,0.0
2024-03-10,0.0,0.0,0.0,0.0,0.0,0.0,0.46960373166525304,0.20988859472324095,0.0,0.17854625911589989,0.0,0.07055879899916598,0.0,0.0,0.0
2024-03-11,0.0,0.0,0.0,0.0,0.0,0.0,0.46960373166525304,0.20988859472324095,0.0,0.0,0.0,0.07055879899916598,0.0,0.0,0.0
2024-03-12,0.0,0.0,0.1122469685278177,0.1025845512430629,0.0,0.0,0.46960373166525304,0.0,0.0,0.0,0.0,0.07055879899916598,0.0,0.0,0.07793467715856417
2024-03-13,0.0,0.0,0.1122469685278177,0.1025845512430629,0.0,0.0,0.46960373166525304,0.0,0.0,0.0,0.0,0.07055879899916598,0.0,0.0,0.07793467715856417
2024-03-14,0.0,0.0,0.1122469685278177,0.1025845512430629,0.0,0.0,0.46960373166525304,0.0,0.0,0.0,0.0,0.07055879899916598,0.0,0.0,0.07793467715856417
2024-03-15,0.0,0.0,0.08771380483025061,0.0801632456034027,0.0,0.0,0.0,0.0,0.31314887287049503,0.0,0.0,0.0551371747998338,0.0,0.4029359515055336,0.06090095039048439
2024-03-16,0.0,0.0,0.0,0.0,0.0,0.0,0.0,0.0,0.40073522914255744,0.0,0.0,0.07055879899916598,0.0,0.5156353569987836,0.0
2024-03-17,0.0,0.0,0.0,0.0,0.0,0.0,0.0,0.0,0.40073522914255744,0.0,0.0,0.07055879899916598,0.0,0.5156353569987836,0.0
2024-03-18,0.0,0.0,0.0,0.0,0.0,0.0,0.0,0.0,0.0,0.0,0.0,0.07055879899916598,0.0,0.5156353569987836,0.0
2024-03-19,0.0,0.0,0.0,0.0,0.0,0.0,0.45765963601702114,0.0,0.0,0.0,0.0,0.06528022215824236,0.0,0.47706014182473655,0.0
2024-03-20,0.0,0.0,0.0,0.0,0.0,0.0,0.48962228773391814,0.0,0.0,0.0,0.0,0.0,0.0,0.5103777122660818,0.0
2024-03-21,0.0,0.0,0.0,0.0,0.0,0.0,0.48962228773391814,0.0,0.0,0.0,0.0,0.0,0.0,0.5103777122660818,0.0
2024-03-22,0.0,0.0,0.0,0.0,0.0,0.0,0.3521261580379711,0.0,0.2808208146167324,0.0,0.0,0.0,0.0,0.36705302734529643,0.0
2024-03-23,0.0,0.0,0.0,0.0,0.0,0.0,0.3521261580379711,0.0,0.2808208146167324,0.0,0.0,0.0,0.0,0.36705302734529643,0.0
2024-03-24,0.0,0.0,0.0,0.0,0.0,0.0,0.3521261580379711,0.0,0.2808208146167324,0.0,0.0,0.0,0.0,0.36705302734529643,0.0
2024-03-25,0.0,0.0,0.0,0.0,0.0,0.0,0.49466612091912504,0.0,0.3944965174238157,0.0,0.0,0.0,0.0,0.0,0.0
2024-03-26,0.0,0.0,0.0,0.0,0.0,0.0,0.0,0.0,0.3944965174238157,0.0,0.0,0.0,0.0,0.0,0.0
2024-03-27,0.0,0.0,0.0,0.0,0.0,0.0,0.0,0.0,0.3944965174238157,0.0,0.0,0.0,0.0,0.0,0.0
2024-03-28,0.0,0.0,0.0,0.0,0.0,0.0,0.0,0.0,0.3944965174238157,0.0,0.0,0.0,0.0,0.0,0.0
2024-03-29,0.0,0.0,0.0,0.0,0.0,0.0,0.0,0.0,0.3944965174238157,0.0,0.0,0.0,0.0,0.0,0.0
2024-03-30,0.0,0.0,0.0,0.0,0.0,0.0,0.0,0.0,0.3944965174238157,0.0,0.0,0.0,0.0,0.0,0.0
2024-03-31,0.0,0.0,0.0,0.0,0.0,0.0,0.0,0.0,0.3944965174238157,0.0,0.0,0.0,0.0,0.0,0.0
2024-04-01,0.0,0.0,0.0,0.0,0.0,0.0,0.0,0.0,0.3944965174238157,0.0,0.0,0.0,0.0,0.0,0.0
2024-04-02,0.0,0.0,0.0,0.0,0.29012039198821626,0.0,0.0,0.0,0.3944965174238157,0.0,0.0,0.0,0.0,0.0,0.0
2024-04-03,0.0,0.0,0.0,0.0,0.29012039198821626,0.0,0.0,0.0,0.0,0.0,0.0,0.0,0.0,0.0,0.0
2024-04-04,0.0,0.0,0.0,0.0,0.29012039198821626,0.0,0.0,0.0,0.0,0.0,0.0,0.0,0.0,0.0,0.0
2024-04-05,0.0,0.0,0.0,0.0,0.29012039198821626,0.0,0.0,0.0,0.0,0.0,0.0,0.0,0.0,0.0,0.0
2024-04-06,0.0,0.0,0.0,0.0,0.29012039198821626,0.0,0.0,0.0,0.0,0.0,0.0,0.0,0.0,0.0,0.0
2024-04-07,0.0,0.0,0.0,0.0,0.29012039198821626,0.0,0.0,0.0,0.0,0.0,0.0,0.0,0.0,0.0,0.0
2024-04-08,0.0,0.0,0.0,0.0,0.0,0.0,0.0,0.0,0.0,0.0,0.0,0.0,0.0,0.0,0.0
2024-04-09,0.0,0.0,0.0,0.0,0.0,0.0,0.0,0.0,0.0,0.0,0.0,0.0,0.0,0.0,0.0
2024-04-10,0.0,0.0,0.0,0.0,0.2984563088062886,0.0,0.0,0.0,0.0,0.0,0.0,0.0,0.0,0.0,0.0
2024-04-11,0.0,0.0,0.0,0.0,0.2984563088062886,0.0,0.0,0.0,0.0,0.0,0.0,0.0,0.0,0.0,0.0
2024-04-12,0.0,0.0,0.0,0.0,0.2984563088062886,0.0,0.0,0.0,0.0,0.0,0.0,0.0,0.0,0.0,0.0
2024-04-13,0.0,0.0,0.0,0.0,0.2984563088062886,0.0,0.0,0.0,0.0,0.0,0.0,0.0,0.0,0.0,0.0
2024-04-14,0.0,0.0,0.0,0.0,0.2984563088062886,0.0,0.0,0.0,0.0,0.0,0.0,0.0,0.0,0.0,0.0
2024-04-15,0.0,0.0,0.0,0.0,0.2984563088062886,0.0,0.0,0.0,0.0,0.0,0.0,0.0,0.0,0.0,0.0
2024-04-16,0.0,0.0,0.0,0.0,0.2984563088062886,0.0,0.0,0.0,0.0,0.0,0.0,0.0,0.0,0.0,0.0
2024-04-17,0.0,0.0,0.0,0.0,0.0,0.0,0.0,0.0,0.0,0.0,0.0,0.0,0.0,0.0,0.0
2024-04-18,0.0,0.0,0.0,0.0,0.0,0.0,0.0,0.0,0.0,0.0,0.0,0.0,0.0,0.0,0.0
2024-04-19,0.0,0.0,0.0,0.0,0.0,0.0,0.0,0.0,0.0,0.0,0.0,0.0,0.0,0.0,0.0
2024-04-20,0.0,0.0,0.0,0.0,0.0,0.0,0.0,0.0,0.0,0.0,0.0,0.0,0.0,0.0,0.0
2024-04-21,0.0,0.0,0.0,0.0,0.0,0.0,0.0,0.0,0.0,0.0,0.0,0.0,0.0,0.0,0.0
2024-04-22,0.0,0.0,0.0,0.0,0.0,0.0,0.0,0.0,0.0,0.0,0.0,0.0,0.0,0.0,0.0
2024-04-23,0.0,0.0,0.0,0.0,0.0,0.0,0.0,0.0,0.0,0.0,0.0,0.0,0.0,0.0,0.0
2024-04-24,0.0,0.0,0.0,0.0,0.0,0.0,0.0,0.0,0.0,0.0,0.0,0.0,0.0,0.0,0.0
2024-04-25,0.0,0.0,0.0,0.0,0.0,0.0,0.0,0.0,0.0,0.0,0.0,0.0,0.0,0.0,0.0
2024-04-26,0.0,0.0,0.0,0.0,0.0,0.0,0.0,0.0,0.0,0.0,0.0,0.0,0.0,0.0,0.0
2024-04-27,0.0,0.0,0.0,0.0,0.0,0.0,0.0,0.0,0.0,0.0,0.0,0.0,0.0,0.0,0.0
2024-04-28,0.0,0.0,0.0,0.0,0.0,0.0,0.0,0.0,0.0,0.0,0.0,0.0,0.0,0.0,0.0
2024-04-29,0.0,0.0,0.0,0.0,0.26749093615116,0.0,0.0,0.0,0.0,0.0,0.0,0.0,0.0,0.0,0.0
2024-04-30,0.0,0.0,0.0,0.0,0.0,0.0,0.0,0.0,0.0,0.0,0.0,0.0,0.0,0.0,0.0
2024-05-01,0.0,0.0,0.0,0.0,0.0,0.0,0.0,0.0,0.0,0.0,0.0,0.0,0.0,0.0,0.0
2024-05-02,0.0,0.0,0.0,0.0,0.0,0.0,0.0,0.0,0.0,0.0,0.0,0.0,0.0,0.0,0.0
2024-05-03,0.0,0.0,0.0,0.0,0.0,0.0,0.0,0.0,0.0,0.0,0.0,0.0,0.0,0.0,0.0
2024-05-04,0.0,0.0,0.0,0.0,0.0,0.0,0.0,0.0,0.0,0.0,0.0,0.0,0.0,0.0,0.0
2024-05-05,0.0,0.0,0.0,0.0,0.0,0.0,0.0,0.0,0.0,0.0,0.0,0.0,0.0,0.0,0.0
2024-05-06,0.0,0.0,0.0,0.0,0.0,0.0,0.0,0.0,0.0,0.0,0.0,0.0,0.0,0.0,0.0
2024-05-07,0.0,0.0,0.0,0.0,0.0,0.0,0.0,0.0,0.0,0.0,0.0,0.0,0.0,0.0,0.0
2024-05-08,0.0,0.0,0.0,0.0,0.0,0.0,0.0,0.0,0.0,0.0,0.5166277052725693,0.0,0.0,0.0,0.0
2024-05-09,0.0,0.0,0.0,0.0,0.0,0.0,0.0,0.0,0.0,0.0,0.5166277052725693,0.0,0.0,0.0,0.0
2024-05-10,0.0,0.0,0.0,0.0,0.0,0.0,0.0,0.0,0.0,0.0,0.5166277052725693,0.0,0.0,0.0,0.0
2024-05-11,0.0,0.0,0.0,0.0,0.0,0.0,0.0,0.0,0.0,0.0,0.5166277052725693,0.0,0.0,0.0,0.0
2024-05-12,0.0,0.0,0.0,0.0,0.0,0.0,0.0,0.0,0.0,0.0,0.5166277052725693,0.0,0.0,0.0,0.0
2024-05-13,0.0,0.0,0.0,0.0,0.0,0.0,0.0,0.0,0.0,0.0,0.5166277052725693,0.0,0.0,0.0,0.0
2024-05-14,0.0,0.0,0.0,0.0,0.0,0.0,0.0,0.0,0.0,0.0,0.5166277052725693,0.0,0.0,0.0,0.0
2024-05-15,0.2619611955932619,0.0,0.0,0.0,0.0,0.0,0.3372934821730225,0.0,0.0,0.0,0.40074532223371545,0.0,0.0,0.0,0.0
2024-05-16,0.2619611955932619,0.0,0.0,0.0,0.0,0.0,0.3372934821730225,0.0,0.0,0.0,0.40074532223371545,0.0,0.0,0.0,0.0
2024-05-17,0.2619611955932619,0.0,0.0,0.0,0.0,0.0,0.3372934821730225,0.0,0.0,0.0,0.40074532223371545,0.0,0.0,0.0,0.0
2024-05-18,0.2619611955932619,0.0,0.0,0.0,0.0,0.0,0.3372934821730225,0.0,0.0,0.0,0.40074532223371545,0.0,0.0,0.0,0.0
2024-05-19,0.2619611955932619,0.0,0.0,0.0,0.0,0.0,0.3372934821730225,0.0,0.0,0.0,0.40074532223371545,0.0,0.0,0.0,0.0
2024-05-20,0.217793300649977,0.0,0.0,0.0,0.16860472347157435,0.0,0.28042420788247563,0.0,0.0,0.0,0.3331777679959729,0.0,0.0,0.0,0.0
2024-05-21,0.3026690211590749,0.0,0.0,0.0,0.2343112780036896,0.0,0.0,0.0,0.0,0.0,0.4630197008372356,0.0,0.0,0.0,0.0
2024-05-22,0.2718470569129173,0.0,0.0,0.10183389145055063,0.21045044875382207,0.0,0.0,0.0,0.0,0.0,0.41586860288271016,0.0,0.0,0.0,0.0
2024-05-23,0.2718470569129173,0.0,0.0,0.10183389145055063,0.21045044875382207,0.0,0.0,0.0,0.0,0.0,0.41586860288271016,0.0,0.0,0.0,0.0
2024-05-24,0.0,0.0,0.0,0.12650680838705164,0.26143962698702156,0.0,0.0,0.0,0.0,0.20056618627479075,0.0,0.0,0.0,0.0,0.0
2024-05-25,0.0,0.0,0.0,0.12650680838705164,0.26143962698702156,0.0,0.0,0.0,0.0,0.20056618627479075,0.0,0.0,0.0,0.0,0.0
2024-05-26,0.0,0.0,0.0,0.12650680838705164,0.26143962698702156,0.0,0.0,0.0,0.0,0.20056618627479075,0.0,0.0,0.0,0.0,0.0
2024-05-27,0.0,0.0,0.0,0.12650680838705164,0.26143962698702156,0.0,0.0,0.0,0.0,0.20056618627479075,0.0,0.0,0.0,0.0,0.0
2024-05-28,0.0,0.0,0.0,0.12650680838705164,0.26143962698702156,0.0,0.0,0.0,0.0,0.20056618627479075,0.0,0.0,0.0,0.0,0.0
2024-05-29,0.0,0.0,0.0,0.12650680838705164,0.26143962698702156,0.0,0.0,0.0,0.0,0.20056618627479075,0.0,0.0,0.0,0.0,0.0
2024-05-30,0.0,0.0,0.0,0.12650680838705164,0.26143962698702156,0.0,0.0,0.0,0.0,0.20056618627479075,0.0,0.0,0.0,0.0,0.0
2024-05-31,0.0,0.0,0.0,0.12650680838705164,0.26143962698702156,0.0,0.0,0.0,0.0,0.20056618627479075,0.0,0.0,0.0,0.0,0.0
2024-06-01,0.0,0.0,0.0,0.12650680838705164,0.26143962698702156,0.0,0.0,0.0,0.0,0.20056618627479075,0.0,0.0,0.0,0.0,0.0
2024-06-02,0.0,0.0,0.0,0.12650680838705164,0.26143962698702156,0.0,0.0,0.0,0.0,0.20056618627479075,0.0,0.0,0.0,0.0,0.0
2024-06-03,0.0,0.0,0.0,0.12650680838705164,0.0,0.0,0.0,0.0,0.0,0.0,0.0,0.0,0.0,0.0,0.0
2024-06-04,0.4604959567473966,0.0,0.0,0.12650680838705164,0.0,0.0,0.0,0.0,0.0,0.0,0.0,0.0,0.0,0.0,0.0
2024-06-05,0.4604959567473966,0.0,0.0,0.12650680838705164,0.0,0.0,0.0,0.0,0.0,0.19598973475346507,0.0,0.0,0.0,0.0,0.0
2024-06-06,0.4604959567473966,0.0,0.0,0.12650680838705164,0.0,0.0,0.0,0.0,0.0,0.19598973475346507,0.0,0.0,0.0,0.0,0.0
2024-06-07,0.4604959567473966,0.0,0.0,0.12650680838705164,0.0,0.0,0.0,0.0,0.0,0.19598973475346507,0.0,0.0,0.0,0.0,0.0
2024-06-08,0.4604959567473966,0.0,0.0,0.12650680838705164,0.0,0.0,0.0,0.0,0.0,0.19598973475346507,0.0,0.0,0.0,0.0,0.0
2024-06-09,0.4604959567473966,0.0,0.0,0.12650680838705164,0.0,0.0,0.0,0.0,0.0,0.19598973475346507,0.0,0.0,0.0,0.0,0.0
2024-06-10,0.4604959567473966,0.0,0.0,0.12650680838705164,0.0,0.0,0.0,0.0,0.0,0.19598973475346507,0.0,0.0,0.0,0.0,0.0
2024-06-11,0.0,0.0,0.0,0.12650680838705164,0.0,0.0,0.0,0.0,0.0,0.19598973475346507,0.0,0.0,0.0,0.0,0.0
2024-06-12,0.41347283392499135,0.0,0.0,0.0,0.0,0.0,0.0,0.0,0.0,0.19598973475346507,0.0,0.0,0.0,0.0,0.0
2024-06-13,0.0,0.0,0.0,0.0,0.0,0.0,0.0,0.0,0.4151055747057847,0.19598973475346507,0.0,0.0,0.0,0.0,0.0
2024-06-14,0.0,0.0,0.0,0.0,0.0,0.0,0.0,0.0,0.4151055747057847,0.19598973475346507,0.0,0.0,0.0,0.0,0.0
2024-06-15,0.0,0.0,0.0,0.0,0.0,0.0,0.0,0.0,0.4151055747057847,0.19598973475346507,0.0,0.0,0.0,0.0,0.0
2024-06-16,0.0,0.0,0.0,0.0,0.0,0.0,0.0,0.0,0.4151055747057847,0.19598973475346507,0.0,0.0,0.0,0.0,0.0
2024-06-17,0.0,0.0,0.0,0.0,0.0,0.0,0.0,0.0,0.4151055747057847,0.19598973475346507,0.0,0.0,0.0,0.0,0.0
2024-06-18,0.0,0.0,0.0,0.0,0.0,0.0,0.0,0.0,0.4151055747057847,0.19598973475346507,0.0,0.0,0.0,0.0,0.0
2024-06-19,0.0,0.0,0.0,0.0,0.0,0.0,0.0,0.0,0.4151055747057847,0.19598973475346507,0.0,0.0,0.0,0.0,0.0
2024-06-20,0.0,0.0,0.0,0.0,0.0,0.0,0.0,0.0,0.4151055747057847,0.19598973475346507,0.0,0.0,0.0,0.0,0.0
2024-06-21,0.0,0.0,0.0,0.0,0.0,0.0,0.0,0.0,0.4151055747057847,0.19598973475346507,0.0,0.0,0.0,0.0,0.0
2024-06-22,0.0,0.0,0.0,0.0,0.0,0.0,0.0,0.0,0.4151055747057847,0.19598973475346507,0.0,0.0,0.0,0.0,0.0
2024-06-23,0.0,0.0,0.0,0.0,0.0,0.0,0.0,0.0,0.4151055747057847,0.19598973475346507,0.0,0.0,0.0,0.0,0.0
2024-06-24,0.0,0.0,0.0,0.0,0.0,0.0,0.0,0.0,0.4151055747057847,0.0,0.0,0.0,0.0,0.0,0.0
2024-06-25,0.0,0.0,0.0,0.0,0.0,0.0,0.0,0.0,0.4151055747057847,0.0,0.0,0.0,0.0,0.0,0.0
2024-06-26,0.0,0.0,0.0,0.0,0.3791308724196643,0.0,0.0,0.0,0.4151055747057847,0.0,0.0,0.0,0.0,0.0,0.0
2024-06-27,0.0,0.0,0.0,0.0,0.3791308724196643,0.0,0.0,0.0,0.4151055747057847,0.0,0.0,0.0,0.0,0.0,0.0
2024-06-28,0.0,0.0,0.0,0.0,0.3791308724196643,0.0,0.0,0.0,0.4151055747057847,0.0,0.0,0.0,0.0,0.0,0.0
2024-06-29,0.0,0.0,0.0,0.0,0.3791308724196643,0.0,0.0,0.0,0.4151055747057847,0.0,0.0,0.0,0.0,0.0,0.0
2024-06-30,0.0,0.0,0.0,0.0,0.3791308724196643,0.0,0.0,0.0,0.4151055747057847,0.0,0.0,0.0,0.0,0.0,0.0
2024-07-01,0.0,0.0,0.0,0.0,0.3791308724196643,0.0,0.0,0.0,0.4151055747057847,0.0,0.0,0.0,0.0,0.0,0.0
2024-07-02,0.0,0.0,0.0,0.0,0.3791308724196643,0.0,0.0,0.0,0.0,0.0,0.0,0.0,0.0,0.0,0.0
2024-07-03,0.17638049669550995,0.0,0.0,0.0,0.2510519396772784,0.0,0.2590287845858483,0.0,0.31353877904136324,0.0,0.0,0.0,0.0,0.0,0.0
2024-07-04,0.17638049669550995,0.0,0.0,0.0,0.2510519396772784,0.0,0.2590287845858483,0.0,0.31353877904136324,0.0,0.0,0.0,0.0,0.0,0.0
2024-07-05,0.17638049669550995,0.0,0.0,0.0,0.2510519396772784,0.0,0.2590287845858483,0.0,0.31353877904136324,0.0,0.0,0.0,0.0,0.0,0.0
2024-07-06,0.17638049669550995,0.0,0.0,0.0,0.2510519396772784,0.0,0.2590287845858483,0.0,0.31353877904136324,0.0,0.0,0.0,0.0,0.0,0.0
2024-07-07,0.17638049669550995,0.0,0.0,0.0,0.2510519396772784,0.0,0.2590287845858483,0.0,0.31353877904136324,0.0,0.0,0.0,0.0,0.0,0.0
2024-07-08,0.14655471848088358,0.0,0.0,0.0,0.20859928978995734,0.0,0.21522725763131847,0.169099071458651,0.2605196626391896,0.0,0.0,0.0,0.0,0.0,0.0
2024-07-09,0.14655471848088358,0.0,0.0,0.0,0.20859928978995734,0.0,0.21522725763131847,0.169099071458651,0.2605196626391896,0.0,0.0,0.0,0.0,0.0,0.0
2024-07-10,0.19818609241718885,0.0,0.0,0.0,0.28208902826874854,0.0,0.29105203581133743,0.22867284350272515,0.0,0.0,0.0,0.0,0.0,0.0,0.0
2024-07-11,0.19818609241718885,0.0,0.0,0.0,0.28208902826874854,0.0,0.29105203581133743,0.22867284350272515,0.0,0.0,0.0,0.0,0.0,0.0,0.0
2024-07-12,0.2663643693649368,0.0,0.0,0.0,0.0,0.0,0.3911772568181681,0.0,0.0,0.0,0.0,0.0,0.0,0.0,0.0
2024-07-13,0.2663643693649368,0.0,0.0,0.0,0.0,0.0,0.3911772568181681,0.0,0.0,0.0,0.0,0.0,0.0,0.0,0.0
2024-07-14,0.2663643693649368,0.0,0.0,0.0,0.0,0.0,0.3911772568181681,0.0,0.0,0.0,0.0,0.0,0.0,0.0,0.0
2024-07-15,0.2663643693649368,0.0,0.0,0.0,0.0,0.0,0.0,0.0,0.0,0.0,0.0,0.0,0.0,0.0,0.0
2024-07-16,0.2663643693649368,0.0,0.0,0.0,0.0,0.0,0.0,0.0,0.0,0.0,0.0,0.0,0.0,0.0,0.0
2024-07-17,0.24937697813926815,0.0,0.0,0.0,0.0,0.0,0.3597218649985383,0.0,0.0,0.0,0.0,0.0,0.29312665988417275,0.0,0.0977744969780208
2024-07-18,0.0,0.0,0.0,0.0,0.0,0.3229466366325056,0.2590775519996726,0.0,0.0,0.0,0.34755702454993415,0.0,0.0,0.0,0.0704187868178876
2024-07-19,0.0,0.0,0.0,0.0,0.0,0.47894714610729366,0.0,0.0,0.0,0.0,0.5154456685274508,0.0,0.0,0.0,0.0
2024-07-20,0.0,0.0,0.0,0.0,0.0,0.47894714610729366,0.0,0.0,0.0,0.0,0.5154456685274508,0.0,0.0,0.0,0.0
2024-07-21,0.0,0.0,0.0,0.0,0.0,0.47894714610729366,0.0,0.0,0.0,0.0,0.5154456685274508,0.0,0.0,0.0,0.0
2024-07-22,0.0,0.0,0.0,0.0,0.0,0.44360649130132074,0.0,0.0,0.0,0.0,0.4774118529160267,0.07898165578265255,0.0,0.0,0.0
2024-07-23,0.0,0.0,0.0,0.0,0.0,0.44360649130132074,0.0,0.0,0.0,0.0,0.4774118529160267,0.07898165578265255,0.0,0.0,0.0
2024-07-24,0.0,0.0,0.0,0.0,0.0,0.0,0.0,0.0,0.0,0.0,0.5154456685274508,0.08527386179801252,0.0,0.0,0.0
2024-07-25,0.0,0.0,0.0,0.0,0.0,0.0,0.0,0.0,0.0,0.0,0.0,0.08527386179801252,0.0,0.0,0.0
2024-07-26,0.0,0.0,0.0,0.0,0.0,0.4244329000430215,0.0,0.0,0.0,0.0,0.0,0.08527386179801252,0.0,0.0,0.0
2024-07-27,0.0,0.0,0.0,0.0,0.0,0.4244329000430215,0.0,0.0,0.0,0.0,0.0,0.08527386179801252,0.0,0.0,0.0
2024-07-28,0.0,0.0,0.0,0.0,0.0,0.4244329000430215,0.0,0.0,0.0,0.0,0.0,0.08527386179801252,0.0,0.0,0.0
2024-07-29,0.0,0.0,0.0,0.0,0.0,0.4244329000430215,0.0,0.0,0.0,0.0,0.0,0.08527386179801252,0.0,0.0,0.0
2024-07-30,0.0,0.0,0.0,0.0,0.0,0.4244329000430215,0.0,0.0,0.0,0.0,0.0,0.08527386179801252,0.0,0.0,0.0
2024-07-31,0.0,0.0,0.0,0.0,0.0,0.4244329000430215,0.0,0.0,0.0,0.0,0.0,0.08527386179801252,0.0,0.0,0.0
2024-08-01,0.0,0.0,0.0,0.0,0.0,0.4244329000430215,0.0,0.0,0.0,0.0,0.0,0.08527386179801252,0.0,0.0,0.0
2024-08-02,0.0,0.0,0.0,0.0,0.0,0.4244329000430215,0.0,0.0,0.0,0.0,0.0,0.0,0.0,0.0,0.0
2024-08-03,0.0,0.0,0.0,0.0,0.0,0.4244329000430215,0.0,0.0,0.0,0.0,0.0,0.0,0.0,0.0,0.0
2024-08-04,0.0,0.0,0.0,0.0,0.0,0.4244329000430215,0.0,0.0,0.0,0.0,0.0,0.0,0.0,0.0,0.0
2024-08-05,0.0,0.0,0.0,0.0,0.0,0.4244329000430215,0.0,0.0,0.0,0.0,0.0,0.0,0.26976292711873234,0.0,0.0
2024-08-06,0.0,0.0,0.0,0.0,0.0,0.4244329000430215,0.0,0.0,0.0,0.0,0.0,0.0,0.0,0.0,0.0
2024-08-07,0.0,0.0,0.0,0.0,0.0,0.0,0.0,0.0,0.0,0.0,0.0,0.0,0.0,0.0,0.0
2024-08-08,0.0,0.0,0.0,0.0,0.0,0.0,0.0,0.0,0.0,0.0,0.0,0.0,0.0,0.0,0.0
2024-08-09,0.0,0.0,0.0,0.0,0.0,0.0,0.0,0.0,0.0,0.0,0.0,0.0,0.0,0.0,0.0
2024-08-10,0.0,0.0,0.0,0.0,0.0,0.0,0.0,0.0,0.0,0.0,0.0,0.0,0.0,0.0,0.0
2024-08-11,0.0,0.0,0.0,0.0,0.0,0.0,0.0,0.0,0.0,0.0,0.0,0.0,0.0,0.0,0.0
2024-08-12,0.0,0.0,0.0,0.0,0.0,0.0,0.0,0.0,0.0,0.0,0.0,0.0,0.0,0.0,0.0
2024-08-13,0.0,0.0,0.0,0.0,0.0,0.0,0.0,0.0,0.0,0.0,0.0,0.0,0.0,0.0,0.0
2024-08-14,0.0,0.0,0.0,0.0,0.0,0.0,0.0,0.0,0.0,0.0,0.0,0.0,0.0,0.0,0.0
2024-08-15,0.0,0.0,0.0,0.0,0.0,0.0,0.0,0.0,0.0,0.0,0.0,0.0,0.0,0.0,0.0
2024-08-16,0.0,0.0,0.0,0.0,0.0,0.0,0.0,0.0,0.0,0.0,0.0,0.0,0.0,0.0,0.0
2024-08-17,0.0,0.0,0.0,0.0,0.0,0.0,0.0,0.0,0.0,0.0,0.0,0.0,0.0,0.0,0.0
2024-08-18,0.0,0.0,0.0,0.0,0.0,0.0,0.0,0.0,0.0,0.0,0.0,0.0,0.0,0.0,0.0
2024-08-19,0.0,0.0,0.0,0.0,0.0,0.0,0.0,0.0,0.0,0.0,0.0,0.0,0.0,0.0,0.0
2024-08-20,0.0,0.0,0.0,0.0,0.0,0.0,0.0,0.0,0.0,0.0,0.0,0.0,0.0,0.0,0.0
2024-08-21,0.0,0.0,0.0,0.0,0.0,0.0,0.0,0.0,0.0,0.0,0.0,0.0,0.0,0.0,0.0
2024-08-22,0.0,0.0,0.0,0.0,0.0,0.0,0.0,0.0,0.0,0.0,0.0,0.0,0.0,0.0,0.0
2024-08-23,0.0,0.0,0.0,0.0,0.0,0.0,0.0,0.0,0.0,0.0,0.0,0.0,0.0,0.0,0.0
2024-08-24,0.0,0.0,0.0,0.0,0.0,0.0,0.0,0.0,0.0,0.0,0.0,0.0,0.0,0.0,0.0
2024-08-25,0.0,0.0,0.0,0.0,0.0,0.0,0.0,0.0,0.0,0.0,0.0,0.0,0.0,0.0,0.0
2024-08-26,0.0,0.0,0.0,0.0,0.0,0.0,0.33058482250187765,0.0,0.0,0.0,0.0,0.0,0.0,0.0,0.0
2024-08-27,0.0,0.0,0.0,0.0,0.0,0.0,0.33058482250187765,0.0,0.0,0.0,0.0,0.0,0.0,0.0,0.0
2024-08-28,0.0,0.0,0.0,0.0,0.0,0.0,0.33058482250187765,0.0,0.0,0.0,0.0,0.0,0.0,0.0,0.0
2024-08-29,0.0,0.0,0.0,0.0,0.0,0.0,0.33058482250187765,0.0,0.0,0.0,0.0,0.0,0.0,0.0,0.0
2024-08-30,0.0,0.0,0.0,0.0,0.0,0.0,0.33058482250187765,0.0,0.0,0.0,0.0,0.0,0.0,0.0,0.0
2024-08-31,0.0,0.0,0.0,0.0,0.0,0.0,0.33058482250187765,0.0,0.0,0.0,0.0,0.0,0.0,0.0,0.0
2024-09-01,0.0,0.0,0.0,0.0,0.0,0.0,0.33058482250187765,0.0,0.0,0.0,0.0,0.0,0.0,0.0,0.0
2024-09-02,0.0,0.0,0.0,0.0,0.0,0.0,0.33058482250187765,0.0,0.0,0.0,0.0,0.0,0.0,0.0,0.0
2024-09-03,0.0,0.0,0.0,0.0,0.0,0.48753706633440147,0.33058482250187765,0.0,0.0,0.0,0.0,0.0,0.0,0.0,0.0
2024-09-04,0.0,0.0,0.0,0.0,0.0,0.34822816778505394,0.0,0.0,0.0,0.0,0.3389834242107476,0.0,0.31278840800419844,0.0,0.0
2024-09-05,0.0,0.0,0.0,0.0,0.0,0.34822816778505394,0.0,0.0,0.0,0.0,0.3389834242107476,0.0,0.31278840800419844,0.0,0.0
2024-09-06,0.0,0.0,0.0,0.0,0.0,0.48753706633440147,0.0,0.0,0.0,0.0,0.47459395725193004,0.0,0.0,0.0,0.0
2024-09-07,0.0,0.0,0.0,0.0,0.0,0.48753706633440147,0.0,0.0,0.0,0.0,0.47459395725193004,0.0,0.0,0.0,0.0
2024-09-08,0.0,0.0,0.0,0.0,0.0,0.48753706633440147,0.0,0.0,0.0,0.0,0.47459395725193004,0.0,0.0,0.0,0.0
2024-09-09,0.0,0.0,0.0,0.0,0.0,0.48753706633440147,0.0,0.0,0.0,0.0,0.47459395725193004,0.0,0.0,0.0,0.0
2024-09-10,0.0,0.0,0.0,0.0,0.0,0.3302675118162495,0.0,0.0,0.0,0.0,0.32149958681728724,0.0,0.0,0.34823290136646334,0.0
2024-09-11,0.0,0.0,0.0,0.0,0.0,0.3302675118162495,0.0,0.0,0.0,0.0,0.32149958681728724,0.0,0.0,0.34823290136646334,0.0
2024-09-12,0.0,0.0,0.0,0.0,0.0,0.0,0.0,0.0,0.0,0.0,0.0,0.0,0.0,0.0,0.0
2024-09-13,0.0,0.0,0.0,0.0,0.0,0.0,0.0,0.0,0.0,0.0,0.0,0.0,0.0,0.0,0.0
2024-09-14,0.0,0.0,0.0,0.0,0.0,0.0,0.0,0.0,0.0,0.0,0.0,0.0,0.0,0.0,0.0
2024-09-15,0.0,0.0,0.0,0.0,0.0,0.0,0.0,0.0,0.0,0.0,0.0,0.0,0.0,0.0,0.0
2024-09-16,0.0,0.0,0.0,0.0,0.0,0.0,0.0,0.0,0.0,0.0,0.0,0.0,0.0,0.49075689073359113,0.0
2024-09-17,0.0,0.0,0.0,0.0,0.0,0.0,0.0,0.0,0.0,0.0,0.0,0.0,0.0,0.49075689073359113,0.0
2024-09-18,0.0,0.0,0.0,0.0,0.0,0.0,0.0,0.0,0.0,0.0,0.0,0.0,0.0,0.49075689073359113,0.0
2024-09-19,0.0,0.0,0.0,0.0,0.0,0.0,0.0,0.0,0.0,0.0,0.0,0.0,0.0,0.49075689073359113,0.0
2024-09-20,0.0,0.0,0.0,0.0,0.0,0.0,0.0,0.2685108903539747,0.0,0.0,0.0,0.0,0.0,0.0,0.0
2024-09-21,0.0,0.0,0.0,0.0,0.0,0.0,0.0,0.2685108903539747,0.0,0.0,0.0,0.0,0.0,0.0,0.0
2024-09-22,0.0,0.0,0.0,0.0,0.0,0.0,0.0,0.2685108903539747,0.0,0.0,0.0,0.0,0.0,0.0,0.0
2024-09-23,0.0,0.0,0.0,0.0,0.0,0.0,0.0,0.2685108903539747,0.0,0.0,0.0,0.0,0.0,0.0,0.0
2024-09-24,0.0,0.0,0.0,0.0,0.0,0.0,0.0,0.2685108903539747,0.0,0.0,0.0,0.0,0.0,0.0,0.0
2024-09-25,0.0,0.0,0.0,0.0,0.0,0.0,0.0,0.2685108903539747,0.0,0.0,0.0,0.0,0.0,0.0,0.0
2024-09-26,0.0,0.0,0.0,0.0,0.0,0.0,0.0,0.2685108903539747,0.0,0.0,0.0,0.0,0.0,0.0,0.0
2024-09-27,0.0,0.0,0.0,0.0,0.0,0.0,0.0,0.2685108903539747,0.0,0.0,0.0,0.0,0.0,0.0,0.0
2024-09-28,0.0,0.0,0.0,0.0,0.0,0.0,0.0,0.2685108903539747,0.0,0.0,0.0,0.0,0.0,0.0,0.0
2024-09-29,0.0,0.0,0.0,0.0,0.0,0.0,0.0,0.2685108903539747,0.0,0.0,0.0,0.0,0.0,0.0,0.0
2024-09-30,0.0,0.0,0.0,0.0,0.0,0.0,0.0,0.2685108903539747,0.0,0.0,0.0,0.0,0.0,0.0,0.0
2024-10-01,0.0,0.0,0.0,0.0,0.0,0.0,0.0,0.2685108903539747,0.0,0.0,0.0,0.0,0.0,0.0,0.0
2024-10-02,0.0,0.0,0.0,0.0,0.0,0.0,0.0,0.2685108903539747,0.0,0.0,0.0,0.0,0.0,0.0,0.0
2024-10-03,0.0,0.0,0.0,0.0,0.0,0.0,0.0,0.2685108903539747,0.0,0.0,0.0,0.0,0.0,0.0,0.0
2024-10-04,0.0,0.0,0.0,0.0,0.0,0.0,0.0,0.2685108903539747,0.0,0.0,0.0,0.0,0.0,0.0,0.0
2024-10-05,0.0,0.0,0.0,0.0,0.0,0.0,0.0,0.2685108903539747,0.0,0.0,0.0,0.0,0.0,0.0,0.0
2024-10-06,0.0,0.0,0.0,0.0,0.0,0.0,0.0,0.2685108903539747,0.0,0.0,0.0,0.0,0.0,0.0,0.0
2024-10-07,0.0,0.0,0.0,0.0,0.0,0.0,0.0,0.2685108903539747,0.0,0.0,0.0,0.0,0.0,0.0,0.0
2024-10-08,0.0,0.0,0.0,0.0,0.0,0.0,0.0,0.2685108903539747,0.0,0.0,0.0,0.0,0.0,0.0,0.0
2024-10-09,0.0,0.0,0.0,0.0,0.0,0.0,0.0,0.2685108903539747,0.0,0.18087654911069714,0.0,0.0,0.0,0.0,0.0
2024-10-10,0.0,0.0,0.0,0.0,0.0,0.0,0.0,0.2685108903539747,0.0,0.18087654911069714,0.0,0.0,0.0,0.0,0.0
2024-10-11,0.0,0.0,0.0,0.0,0.0,0.0,0.0,0.2685108903539747,0.0,0.18087654911069714,0.0,0.0,0.0,0.0,0.0
2024-10-12,0.0,0.0,0.0,0.0,0.0,0.0,0.0,0.2685108903539747,0.0,0.18087654911069714,0.0,0.0,0.0,0.0,0.0
2024-10-13,0.0,0.0,0.0,0.0,0.0,0.0,0.0,0.2685108903539747,0.0,0.18087654911069714,0.0,0.0,0.0,0.0,0.0
2024-10-14,0.0,0.0,0.0,0.0,0.0,0.0,0.0,0.2685108903539747,0.0,0.18087654911069714,0.0,0.0,0.0,0.0,0.0
2024-10-15,0.0,0.0,0.0,0.0,0.0,0.0,0.0,0.2685108903539747,0.0,0.18087654911069714,0.0,0.0,0.0,0.0,0.0
2024-10-16,0.3385083679559305,0.0,0.15955335430290532,0.0,0.0,0.0,0.0,0.2685108903539747,0.0,0.0,0.0,0.0,0.0,0.0,0.0
2024-10-17,0.3385083679559305,0.0,0.15955335430290532,0.0,0.0,0.0,0.0,0.0,0.0,0.0,0.0,0.0,0.0,0.0,0.0
2024-10-18,0.3385083679559305,0.0,0.15955335430290532,0.0,0.0,0.0,0.0,0.0,0.0,0.0,0.0,0.0,0.0,0.0,0.0
2024-10-19,0.3385083679559305,0.0,0.15955335430290532,0.0,0.0,0.0,0.0,0.0,0.0,0.0,0.0,0.0,0.0,0.0,0.0
2024-10-20,0.3385083679559305,0.0,0.15955335430290532,0.0,0.0,0.0,0.0,0.0,0.0,0.0,0.0,0.0,0.0,0.0,0.0
2024-10-21,0.3385083679559305,0.0,0.15955335430290532,0.0,0.0,0.0,0.0,0.0,0.0,0.0,0.0,0.11093439363817095,0.0,0.0,0.0
2024-10-22,0.3385083679559305,0.0,0.15955335430290532,0.0,0.0,0.0,0.0,0.0,0.0,0.196809116782326,0.0,0.11093439363817095,0.0,0.0,0.0
2024-10-23,0.3385083679559305,0.0,0.15955335430290532,0.0,0.0,0.0,0.0,0.0,0.0,0.196809116782326,0.0,0.11093439363817095,0.0,0.0,0.0
2024-10-24,0.0,0.0,0.15955335430290532,0.0,0.0,0.0,0.0,0.0,0.0,0.196809116782326,0.0,0.11093439363817095,0.0,0.0,0.0
2024-10-25,0.0,0.0,0.15955335430290532,0.0,0.0,0.0,0.0,0.0,0.0,0.196809116782326,0.0,0.11093439363817095,0.0,0.0,0.0
2024-10-26,0.0,0.0,0.15955335430290532,0.0,0.0,0.0,0.0,0.0,0.0,0.196809116782326,0.0,0.0,0.0,0.0,0.0
2024-10-27,0.0,0.0,0.15955335430290532,0.0,0.0,0.0,0.0,0.0,0.0,0.196809116782326,0.0,0.0,0.0,0.0,0.0
2024-10-28,0.0,0.0,0.15955335430290532,0.0,0.0,0.0,0.0,0.0,0.0,0.196809116782326,0.0,0.0,0.0,0.0,0.0
2024-10-29,0.0,0.0,0.15955335430290532,0.0,0.0,0.0,0.0,0.0,0.0,0.196809116782326,0.0,0.0,0.0,0.0,0.0
2024-10-30,0.0,0.0,0.15955335430290532,0.0,0.3650208041856042,0.0,0.0,0.0,0.0,0.196809116782326,0.0,0.0,0.0,0.0,0.0
2024-10-31,0.0,0.0,0.15955335430290532,0.0,0.3650208041856042,0.0,0.0,0.0,0.0,0.196809116782326,0.0,0.0,0.0,0.0,0.0
2024-11-01,0.0,0.0,0.15955335430290532,0.0,0.3650208041856042,0.0,0.0,0.0,0.0,0.0,0.0,0.0,0.0,0.0,0.0
2024-11-02,0.0,0.0,0.15955335430290532,0.0,0.3650208041856042,0.0,0.0,0.0,0.0,0.0,0.0,0.0,0.0,0.0,0.0
2024-11-03,0.0,0.0,0.15955335430290532,0.0,0.3650208041856042,0.0,0.0,0.0,0.0,0.0,0.0,0.0,0.0,0.0,0.0
2024-11-04,0.0,0.0,0.0,0.0,0.0,0.0,0.0,0.0,0.0,0.0,0.0,0.0,0.0,0.0,0.0
2024-11-05,0.0,0.0,0.0,0.0,0.0,0.0,0.0,0.0,0.0,0.0,0.0,0.0,0.0,0.0,0.0
2024-11-06,0.0,0.0,0.0,0.0,0.0,0.0,0.0,0.0,0.0,0.0,0.0,0.0,0.0,0.0,0.0
2024-11-07,0.0,0.0,0.1332880475093301,0.0,0.0,0.0,0.2684843415461529,0.0,0.0,0.17827035285872303,0.0,0.07715467168206343,0.0,0.34280258640373057,0.0
2024-11-08,0.0,0.0,0.1592521772004174,0.0,0.0,0.0,0.0,0.0,0.0,0.21299690672602145,0.0,0.09218418062348693,0.0,0.40957954786536194,0.0
2024-11-09,0.0,0.09115462695318749,0.14594917249273634,0.1078425298673092,0.0,0.0,0.0,0.0,0.0,0.1952043785313718,0.0,0.08448364798169675,0.0,0.37536564417369855,0.0
2024-11-10,0.0,0.0,0.1592521772004174,0.11767218260195865,0.0,0.0,0.0,0.0,0.0,0.21299690672602145,0.0,0.09218418062348693,0.0,0.40957954786536194,0.0
2024-11-11,0.0,0.06654506407538273,0.117270504276779,0.08665172706376502,0.0,0.0,0.0,0.0,0.0,0.15684717848296476,0.0,0.0678828103835158,0.20319553543283708,0.3016071802847556,0.0
2024-11-12,0.0,0.07538556760342795,0.0,0.09816339828179321,0.0,0.0,0.0,0.0,0.0,0.17768430673596072,0.0,0.07690103334306209,0.23019003717142,0.341675656864336,0.0
2024-11-13,0.0,0.06865133428393944,0.0,0.08939440909090446,0.0,0.0,0.0,0.0,0.0,0.16181167200213253,0.0,0.07003142265356987,0.2096270372841102,0.31115358657870607,0.08933053810663749
2024-11-14,0.0,0.0,0.10884394749121439,0.0946112276085805,0.0,0.0,0.0,0.0,0.0,0.17125456821299564,0.0,0.07411826909322618,0.22186031027098405,0.3293116773229992,0.0
2024-11-15,0.0,0.0,0.13537404796492253,0.0,0.0,0.0,0.0,0.0,0.0,0.21299690672602145,0.0,0.09218418062348693,0.0,0.40957954786536194,0.09481554112023526
2024-11-16,0.0,0.07084460474902318,0.13537404796492253,0.0,0.0,0.0,0.0,0.0,0.0,0.21299690672602145,0.0,0.09218418062348693,0.0,0.40957954786536194,0.0
2024-11-17,0.0,0.0705256486990072,0.13476456793794614,0.0,0.0,0.0,0.0,0.0,0.0,0.21203795364447586,0.0,0.09176914969445867,0.0,0.4077355418861166,0.08316713813799559
2024-11-18,0.0,0.07084460474902318,0.13537404796492253,0.0,0.0,0.0,0.0,0.0,0.0,0.0,0.0,0.09218418062348693,0.0,0.40957954786536194,0.08354326600581345
2024-11-19,0.0,0.07084460474902318,0.13537404796492253,0.0,0.0,0.0,0.0,0.0,0.0,0.0,0.0,0.09218418062348693,0.0,0.40957954786536194,0.08354326600581345
2024-11-20,0.0,0.07084460474902318,0.13537404796492253,0.0,0.0,0.0,0.0,0.0,0.0,0.0,0.0,0.09218418062348693,0.0,0.40957954786536194,0.08354326600581345
2024-11-21,0.0,0.07084460474902318,0.13537404796492253,0.0,0.0,0.0,0.0,0.0,0.0,0.0,0.0,0.09218418062348693,0.0,0.40957954786536194,0.08354326600581345
2024-11-22,0.0,0.07084460474902318,0.13537404796492253,0.0,0.0,0.0,0.0,0.0,0.0,0.0,0.0,0.09218418062348693,0.0,0.40957954786536194,0.08354326600581345
2024-11-23,0.0,0.0,0.13537404796492253,0.0,0.0,0.0,0.0,0.0,0.0,0.0,0.0,0.09218418062348693,0.0,0.40957954786536194,0.0
2024-11-24,0.0,0.061692521416994675,0.13537404796492253,0.0,0.0,0.0,0.0,0.0,0.0,0.0,0.0,0.09218418062348693,0.0,0.40957954786536194,0.0
2024-11-25,0.0,0.061692521416994675,0.13537404796492253,0.0,0.0,0.0,0.2882240914618008,0.0,0.0,0.0,0.0,0.09218418062348693,0.0,0.40957954786536194,0.0
2024-11-26,0.0,0.061692521416994675,0.13537404796492253,0.0,0.0,0.0,0.2882240914618008,0.0,0.0,0.0,0.0,0.09218418062348693,0.0,0.40957954786536194,0.0
2024-11-27,0.0,0.0,0.0,0.0,0.0,0.0,0.24671475951410407,0.0,0.0,0.0,0.4026923419498947,0.0,0.0,0.3505928985360012,0.0
2024-11-28,0.0,0.0,0.0,0.07268126144887879,0.0,0.0,0.2287832195745622,0.0,0.0,0.0,0.3734241545611731,0.0,0.0,0.32511136441538585,0.0
2024-11-29,0.0,0.0,0.0,0.07268126144887879,0.0,0.0,0.2287832195745622,0.0,0.0,0.0,0.3734241545611731,0.0,0.0,0.32511136441538585,0.0
2024-11-30,0.0,0.0,0.0,0.0697459793800529,0.0,0.0,0.219543653988076,0.0,0.0,0.0,0.35834316665453314,0.0,0.0,0.3119815213263083,0.040385678651029634
2024-12-01,0.0,0.0,0.0,0.0697459793800529,0.0,0.0,0.219543653988076,0.0,0.0,0.0,0.35834316665453314,0.0,0.0,0.3119815213263083,0.040385678651029634
2024-12-02,0.0,0.0,0.0,0.07268126144887879,0.0,0.0,0.2287832195745622,0.0,0.0,0.0,0.3734241545611731,0.0,0.0,0.32511136441538585,0.0
2024-12-03,0.24247653661519816,0.02938826965979792,0.0,0.050492450996585586,0.0,0.0,0.15893815369914532,0.0,0.0,0.0,0.25942176083973706,0.0,0.0,0.22585834792813964,0.033424480261396355
2024-12-04,0.28193236265786403,0.03417033423222329,0.0,0.05870859178611979,0.0,0.0,0.18480059891316572,0.17777805311884864,0.0,0.0,0.0,0.0,0.0,0.26261005929177855,0.0
2024-12-05,0.38233822716252935,0.04633957197653742,0.0,0.07961675166023217,0.0,0.0,0.2506144832077247,0.2410909659929763,0.0,0.0,0.0,0.0,0.0,0.0,0.0
2024-12-06,0.28901537453794485,0.0350287985852741,0.0,0.06018353297117463,0.0,0.0,0.1894433608338199,0.1822443869954832,0.2440845460763034,0.0,0.0,0.0,0.0,0.0,0.0
2024-12-07,0.28901537453794485,0.0350287985852741,0.0,0.06018353297117463,0.0,0.0,0.1894433608338199,0.1822443869954832,0.2440845460763034,0.0,0.0,0.0,0.0,0.0,0.0
2024-12-08,0.28901537453794485,0.0350287985852741,0.0,0.06018353297117463,0.0,0.0,0.1894433608338199,0.1822443869954832,0.2440845460763034,0.0,0.0,0.0,0.0,0.0,0.0
2024-12-09,0.28901537453794485,0.0350287985852741,0.0,0.06018353297117463,0.0,0.0,0.1894433608338199,0.1822443869954832,0.2440845460763034,0.0,0.0,0.0,0.0,0.0,0.0
2024-12-10,0.319428949595566,0.0,0.0,0.0,0.0,0.0,0.20937880504020048,0.20142227104950117,0.2697699743147323,0.0,0.0,0.0,0.0,0.0,0.0
2024-12-11,0.262831551250152,0.0,0.0,0.0,0.177183058758678,0.0,0.17228042792394085,0.16573365696283104,0.22197130510439803,0.0,0.0,0.0,0.0,0.0,0.0
2024-12-12,0.319428949595566,0.0,0.0,0.0,0.0,0.0,0.20937880504020048,0.20142227104950117,0.2697699743147323,0.0,0.0,0.0,0.0,0.0,0.0
2024-12-13,0.40402275025248713,0.0,0.0,0.0,0.0,0.0,0.0,0.2547645728872002,0.34121267686031265,0.0,0.0,0.0,0.0,0.0,0.0
2024-12-14,0.40402275025248713,0.0,0.0,0.0,0.0,0.0,0.0,0.2547645728872002,0.34121267686031265,0.0,0.0,0.0,0.0,0.0,0.0
2024-12-15,0.40402275025248713,0.0,0.0,0.0,0.0,0.0,0.0,0.2547645728872002,0.34121267686031265,0.0,0.0,0.0,0.0,0.0,0.0
2024-12-16,0.36179694391646616,0.0,0.10451343720033746,0.0,0.0,0.0,0.0,0.22813825169788302,0.30555136718531334,0.0,0.0,0.0,0.0,0.0,0.0
2024-12-17,0.29478635500242195,0.0,0.08515587463938172,0.0,0.18521601699741289,0.0,0.0,0.18588339339364787,0.2489583599671356,0.0,0.0,0.0,0.0,0.0,0.0
2024-12-18,0.21779126887043676,0.0,0.06291405851987422,0.0,0.1368395472601285,0.0,0.0,0.13733261198203195,0.18393306268432924,0.0,0.0,0.0,0.0,0.26118945068319943,0.0
2024-12-19,0.0,0.0,0.12702203673989707,0.0,0.0,0.0,0.0,0.0,0.0,0.0,0.0,0.0,0.0,0.0,0.0
2024-12-20,0.0,0.0,0.0,0.0,0.0,0.0,0.0,0.0,0.0,0.0,0.0,0.0,0.0,0.0,0.0
2024-12-21,0.0,0.0,0.0,0.0,0.0,0.0,0.0,0.0,0.0,0.0,0.0,0.0,0.0,0.0,0.0
2024-12-22,0.0,0.0,0.0,0.0,0.0,0.0,0.0,0.0,0.0,0.0,0.0,0.0,0.0,0.0,0.0
2024-12-23,0.43811476693660956,0.0,0.0,0.0,0.0,0.0,0.0,0.0,0.0,0.0,0.0,0.0,0.0,0.0,0.0
2024-12-24,0.43811476693660956,0.0,0.0,0.0,0.0,0.0,0.0,0.0,0.0,0.0,0.0,0.0,0.0,0.0,0.0
2024-12-25,0.43811476693660956,0.0,0.0,0.0,0.0,0.0,0.0,0.0,0.0,0.0,0.0,0.0,0.0,0.0,0.0
2024-12-26,0.43811476693660956,0.0,0.0,0.0,0.0,0.0,0.0,0.0,0.0,0.0,0.0,0.0,0.0,0.0,0.0
2024-12-27,0.43811476693660956,0.0,0.0,0.0,0.0,0.0,0.0,0.0,0.0,0.0,0.0,0.0,0.0,0.0,0.0
2024-12-28,0.43811476693660956,0.0,0.0,0.0,0.0,0.0,0.0,0.0,0.0,0.0,0.0,0.0,0.0,0.0,0.0
2024-12-29,0.43811476693660956,0.0,0.0,0.0,0.0,0.0,0.0,0.0,0.0,0.0,0.0,0.0,0.0,0.0,0.0
2024-12-30,0.0,0.0,0.0,0.0,0.0,0.0,0.0,0.0,0.0,0.0,0.0,0.0,0.0,0.0,0.0
2024-12-31,0.0,0.0,0.0,0.0,0.0,0.0,0.0,0.0,0.0,0.0,0.0,0.0,0.0,0.0,0.0
2025-01-01,0.0,0.0,0.0,0.0,0.0,0.0,0.0,0.0,0.0,0.0,0.0,0.0,0.0,0.0,0.0
2025-01-02,0.0,0.0,0.0,0.0,0.0,0.0,0.0,0.0,0.0,0.0,0.0,0.0,0.0,0.0,0.0
2025-01-03,0.0,0.0,0.0,0.0,0.0,0.0,0.0,0.0,0.0,0.0,0.0,0.0,0.0,0.0,0.0
2025-01-04,0.0,0.0,0.0,0.0,0.0,0.0,0.0,0.0,0.0,0.0,0.0,0.0,0.0,0.0,0.0
2025-01-05,0.0,0.0,0.0,0.0,0.0,0.0,0.0,0.0,0.0,0.0,0.0,0.0,0.0,0.0,0.0
2025-01-06,0.0,0.0,0.0,0.0,0.0,0.0,0.0,0.0,0.0,0.0,0.0,0.0,0.0,0.0,0.0
2025-01-07,0.0,0.0,0.0,0.0,0.0,0.0,0.0,0.0,0.0,0.0,0.0,0.0,0.0,0.0,0.0
2025-01-08,0.0,0.0,0.0,0.0,0.0,0.0,0.0,0.0,0.0,0.0,0.0,0.0,0.0,0.0,0.0
2025-01-09,0.0,0.0,0.0,0.0,0.0,0.0,0.0,0.0,0.0,0.0,0.0,0.0,0.0,0.0,0.0
2025-01-10,0.0,0.0,0.0,0.0,0.0,0.0,0.0,0.0,0.0,0.0,0.0,0.0,0.0,0.0,0.0
2025-01-11,0.0,0.0,0.0,0.0,0.0,0.0,0.0,0.0,0.0,0.0,0.0,0.0,0.0,0.0,0.0
2025-01-12,0.0,0.0,0.0,0.0,0.0,0.0,0.0,0.0,0.0,0.0,0.0,0.0,0.0,0.0,0.0
2025-01-13,0.0,0.0,0.0,0.0,0.0,0.0,0.0,0.0,0.0,0.0,0.0,0.0,0.0,0.0,0.0
2025-01-14,0.0,0.0,0.0,0.0,0.0,0.0,0.0,0.0,0.0,0.0,0.0,0.0,0.0,0.0,0.0
2025-01-15,0.0,0.0,0.0,0.0,0.0,0.0,0.0,0.0,0.0,0.0,0.0,0.0,0.0,0.0,0.0
2025-01-16,0.0,0.0,0.0,0.0,0.0,0.0,0.0,0.0,0.0,0.0,0.0,0.0,0.0,0.0,0.09097988131422782
2025-01-17,0.0,0.0,0.0,0.0,0.0,0.0,0.0,0.0,0.0,0.0,0.0,0.0,0.0,0.0,0.09097988131422782
2025-01-18,0.0,0.0,0.0,0.0,0.0,0.0,0.0,0.0,0.0,0.0,0.0,0.0,0.0,0.0,0.09097988131422782
2025-01-19,0.0,0.0,0.0,0.0,0.0,0.0,0.0,0.0,0.0,0.0,0.0,0.08951648727148467,0.0,0.0,0.09097988131422782
2025-01-20,0.0,0.0,0.0,0.0,0.0,0.0,0.0,0.0,0.0,0.0,0.0,0.08951648727148467,0.0,0.0,0.0
2025-01-21,0.0,0.0,0.0,0.0,0.0,0.0,0.33041366904025615,0.0,0.0,0.0,0.0,0.0,0.0,0.0,0.0
2025-01-22,0.0,0.0,0.0,0.0,0.0,0.0,0.33041366904025615,0.0,0.0,0.0,0.0,0.0,0.0,0.4596852618918127,0.0
2025-01-23,0.0,0.0,0.0,0.0,0.0,0.0,0.33041366904025615,0.0,0.0,0.0,0.0,0.0,0.0,0.4596852618918127,0.0
2025-01-24,0.0,0.0,0.0,0.0,0.0,0.0,0.33041366904025615,0.0,0.0,0.0,0.0,0.0,0.0,0.4596852618918127,0.0
2025-01-25,0.0,0.0,0.0,0.0,0.0,0.0,0.33041366904025615,0.0,0.0,0.0,0.0,0.0,0.0,0.4596852618918127,0.0
2025-01-26,0.0,0.0,0.0,0.0,0.0,0.0,0.33041366904025615,0.0,0.0,0.0,0.0,0.0,0.0,0.4596852618918127,0.0
2025-01-27,0.0,0.0,0.0,0.0,0.0,0.0,0.31713543547086565,0.24165253436994177,0.0,0.0,0.0,0.0,0.0,0.44121203015919247,0.0
2025-01-28,0.0,0.0,0.0,0.0,0.0,0.0,0.33041366904025615,0.0,0.0,0.0,0.0,0.0,0.0,0.4596852618918127,0.0
2025-01-29,0.0,0.0,0.0,0.0,0.0,0.0,0.32321555283850933,0.2271135044137341,0.0,0.0,0.0,0.0,0.0,0.44967094274775643,0.0
2025-01-30,0.0,0.0,0.0,0.0,0.0,0.0,0.32321555283850933,0.2271135044137341,0.0,0.0,0.0,0.0,0.0,0.44967094274775643,0.0
2025-01-31,0.0,0.0,0.0,0.0,0.0,0.0,0.32321555283850933,0.2271135044137341,0.0,0.0,0.0,0.0,0.0,0.44967094274775643,0.0
2025-02-01,0.0,0.0,0.0,0.0,0.0,0.0,0.32321555283850933,0.2271135044137341,0.0,0.0,0.0,0.0,0.0,0.44967094274775643,0.0
2025-02-02,0.0,0.0,0.0,0.0,0.0,0.0,0.32321555283850933,0.2271135044137341,0.0,0.0,0.0,0.0,0.0,0.44967094274775643,0.0
2025-02-03,0.0,0.0,0.0,0.0,0.21211671788699196,0.0,0.25465613060037506,0.17893893326967994,0.0,0.0,0.0,0.0,0.0,0.35428821824295287,0.0
2025-02-04,0.0,0.0,0.0,0.0,0.21211671788699196,0.0,0.25465613060037506,0.17893893326967994,0.0,0.0,0.0,0.0,0.0,0.35428821824295287,0.0
2025-02-05,0.0,0.0,0.0,0.0,0.21211671788699196,0.0,0.25465613060037506,0.17893893326967994,0.0,0.0,0.0,0.0,0.0,0.35428821824295287,0.0
2025-02-06,0.0,0.0,0.0,0.0,0.0,0.0,0.32321555283850933,0.2271135044137341,0.0,0.0,0.0,0.0,0.0,0.44967094274775643,0.0
2025-02-07,0.0,0.0,0.0,0.0,0.0,0.0,0.32321555283850933,0.2271135044137341,0.0,0.0,0.0,0.0,0.0,0.44967094274775643,0.0
2025-02-08,0.0,0.0,0.0,0.0,0.0,0.0,0.32321555283850933,0.2271135044137341,0.0,0.0,0.0,0.0,0.0,0.44967094274775643,0.0
2025-02-09,0.0,0.0,0.0,0.0,0.0,0.0,0.32321555283850933,0.2271135044137341,0.0,0.0,0.0,0.0,0.0,0.44967094274775643,0.0
2025-02-10,0.0,0.0,0.0,0.0,0.0,0.0,0.32321555283850933,0.2271135044137341,0.0,0.0,0.0,0.0,0.0,0.44967094274775643,0.0
2025-02-11,0.0,0.0,0.0,0.0,0.0,0.0,0.0,0.23217139652752358,0.0,0.0,0.0,0.0,0.0,0.4596852618918127,0.0
2025-02-12,0.0,0.0,0.0,0.0,0.0,0.0,0.0,0.23217139652752358,0.0,0.0,0.0,0.0,0.0,0.4596852618918127,0.0
2025-02-13,0.0,0.0,0.0,0.0,0.0,0.0,0.0,0.23217139652752358,0.0,0.0,0.0,0.0,0.0,0.4596852618918127,0.0
2025-02-14,0.0,0.0,0.0,0.0,0.0,0.36593553321720534,0.0,0.21277764830329293,0.0,0.0,0.0,0.0,0.0,0.42128681847950167,0.0
2025-02-15,0.0,0.0,0.0,0.0,0.0,0.36593553321720534,0.0,0.21277764830329293,0.0,0.0,0.0,0.0,0.0,0.42128681847950167,0.0
2025-02-16,0.0,0.0,0.0,0.0,0.0,0.36593553321720534,0.0,0.21277764830329293,0.0,0.0,0.0,0.0,0.0,0.42128681847950167,0.0
2025-02-17,0.0,0.0,0.0,0.0,0.0,0.36593553321720534,0.0,0.21277764830329293,0.0,0.0,0.0,0.0,0.0,0.42128681847950167,0.0
2025-02-18,0.0,0.0,0.0,0.0,0.0,0.36593553321720534,0.0,0.21277764830329293,0.0,0.0,0.0,0.0,0.0,0.42128681847950167,0.0
2025-02-19,0.0,0.0,0.0,0.0,0.0,0.0,0.4467580232907386,0.0,0.0,0.0,0.0,0.0,0.0,0.4596852618918127,0.0
2025-02-20,0.0,0.0,0.0,0.0,0.0,0.0,0.4467580232907386,0.0,0.0,0.0,0.0,0.0,0.0,0.4596852618918127,0.0
2025-02-21,0.0,0.0,0.0,0.0,0.0,0.42812522660873664,0.0,0.0,0.0,0.0,0.0,0.0,0.0,0.0,0.0
2025-02-22,0.0,0.0,0.0,0.0,0.0,0.42812522660873664,0.0,0.0,0.0,0.0,0.0,0.0,0.0,0.0,0.0
2025-02-23,0.0,0.0,0.0,0.0,0.0,0.42812522660873664,0.0,0.0,0.0,0.0,0.0,0.0,0.0,0.0,0.0
2025-02-24,0.0,0.0,0.0,0.0,0.0,0.42812522660873664,0.0,0.0,0.0,0.0,0.0,0.0,0.0,0.0,0.0
2025-02-25,0.0,0.0,0.0,0.0,0.0,0.42812522660873664,0.0,0.0,0.0,0.0,0.0,0.0,0.0,0.0,0.0
2025-02-26,0.0,0.0,0.0,0.0,0.0,0.42812522660873664,0.0,0.0,0.0,0.0,0.0,0.0,0.0,0.0,0.0
2025-02-27,0.0,0.0,0.0,0.0,0.0,0.42812522660873664,0.0,0.0,0.0,0.0,0.0,0.0,0.0,0.0,0.0
2025-02-28,0.0,0.0,0.0,0.0,0.0,0.0,0.0,0.0,0.0,0.0,0.0,0.0,0.0,0.0,0.0
2025-03-01,0.0,0.0,0.0,0.0,0.0,0.0,0.0,0.0,0.0,0.0,0.0,0.0,0.0,0.0,0.0
2025-03-02,0.0,0.0,0.0,0.0,0.0,0.0,0.0,0.0,0.0,0.0,0.0,0.0,0.0,0.0,0.0
2025-03-03,0.0,0.0,0.0,0.0,0.0,0.0,0.0,0.0,0.0,0.0,0.0,0.0,0.0,0.4512160430940034,0.0
2025-03-04,0.0,0.0,0.0,0.0,0.0,0.3448563732443109,0.0,0.0,0.0,0.0,0.2971775262138574,0.0,0.0,0.35796610054183176,0.0
2025-03-05,0.0,0.0,0.0,0.0,0.0,0.4346912401356363,0.0,0.0,0.0,0.0,0.37459208364064456,0.0,0.0,0.0,0.0
2025-03-06,0.0,0.0,0.0,0.0,0.0,0.4346912401356363,0.0,0.0,0.0,0.0,0.37459208364064456,0.0,0.0,0.0,0.0
2025-03-07,0.0,0.0,0.0,0.0,0.0,0.4346912401356363,0.0,0.0,0.0,0.0,0.37459208364064456,0.0,0.0,0.0,0.0
2025-03-08,0.0,0.0,0.0,0.0,0.0,0.4346912401356363,0.0,0.0,0.0,0.0,0.37459208364064456,0.0,0.0,0.0,0.0
2025-03-09,0.0,0.0,0.0,0.0,0.0,0.4346912401356363,0.0,0.0,0.0,0.0,0.37459208364064456,0.0,0.0,0.0,0.0
2025-03-10,0.0,0.0,0.0,0.0,0.0,0.4346912401356363,0.0,0.0,0.0,0.0,0.37459208364064456,0.0,0.0,0.0,0.0
2025-03-11,0.0,0.0,0.0,0.0,0.0,0.4346912401356363,0.0,0.0,0.0,0.0,0.37459208364064456,0.0,0.0,0.0,0.0
2025-03-12,0.0,0.0,0.0,0.0,0.0,0.4346912401356363,0.0,0.0,0.0,0.0,0.37459208364064456,0.0,0.0,0.0,0.0
2025-03-13,0.0,0.0,0.0,0.0,0.0,0.0,0.0,0.0,0.0,0.0,0.0,0.0,0.0,0.0,0.0
2025-03-14,0.0,0.0,0.0,0.0,0.0,0.0,0.0,0.0,0.0,0.0,0.0,0.0,0.0,0.0,0.0
2025-03-15,0.0,0.0,0.0,0.0,0.0,0.0,0.0,0.0,0.0,0.0,0.0,0.0,0.0,0.0,0.0
2025-03-16,0.0,0.0,0.0,0.0,0.0,0.0,0.0,0.0,0.0,0.0,0.0,0.0,0.0,0.0,0.0
2025-03-17,0.0,0.0,0.0,0.0,0.0,0.0,0.0,0.0,0.0,0.0,0.0,0.0,0.0,0.0,0.0
2025-03-18,0.0,0.0,0.0,0.0,0.0,0.0,0.0,0.0,0.0,0.0,0.0,0.0,0.0,0.0,0.0
2025-03-19,0.0,0.0,0.0,0.0,0.0,0.0,0.0,0.0,0.0,0.0,0.0,0.0,0.0,0.0,0.0
2025-03-20,0.0,0.0,0.0,0.0,0.0,0.0,0.0,0.0,0.0,0.0,0.0,0.0,0.0,0.0,0.0
2025-03-21,0.0,0.0,0.0,0.0,0.0,0.0,0.0,0.0,0.0,0.0,0.0,0.0,0.0,0.0,0.0
2025-03-22,0.0,0.0,0.0,0.0,0.0,0.0,0.0,0.0,0.0,0.0,0.0,0.0,0.0,0.0,0.0
2025-03-23,0.0,0.0,0.0,0.0,0.0,0.0,0.0,0.0,0.0,0.0,0.0,0.0,0.0,0.0,0.0
2025-03-24,0.0,0.0,0.0,0.0,0.0,0.0,0.0,0.0,0.0,0.0,0.0,0.0,0.0,0.0,0.0
2025-03-25,0.0,0.0,0.0,0.0,0.0,0.0,0.0,0.0,0.0,0.0,0.0,0.0,0.0,0.0,0.0
2025-03-26,0.0,0.0,0.0,0.0,0.0,0.0,0.0,0.0,0.0,0.0,0.0,0.0,0.0,0.0,0.0
2025-03-27,0.0,0.0,0.0,0.0,0.0,0.0,0.0,0.0,0.0,0.0,0.0,0.0,0.0,0.0,0.0
2025-03-28,0.0,0.0,0.0,0.0,0.0,0.0,0.0,0.0,0.0,0.0,0.0,0.0,0.0,0.0,0.0
2025-03-29,0.0,0.0,0.0,0.0,0.0,0.0,0.0,0.0,0.0,0.0,0.0,0.0,0.0,0.0,0.0
2025-03-30,0.0,0.0,0.0,0.0,0.0,0.0,0.0,0.0,0.0,0.0,0.0,0.0,0.0,0.0,0.0
2025-03-31,0.0,0.0,0.0,0.0,0.0,0.0,0.0,0.0,0.0,0.0,0.0,0.0,0.0,0.0,0.0
2025-04-01,0.0,0.0,0.0,0.0,0.0,0.0,0.0,0.0,0.0,0.0,0.0,0.0,0.0,0.0,0.0
2025-04-02,0.0,0.0,0.0,0.0,0.0,0.0,0.0,0.0,0.0,0.0,0.0,0.0,0.0,0.0,0.0
2025-04-03,0.0,0.0,0.0,0.0,0.0,0.0,0.0,0.0,0.0,0.0,0.0,0.0,0.0,0.0,0.0
2025-04-04,0.0,0.0,0.0,0.0,0.0,0.0,0.0,0.0,0.0,0.0,0.0,0.0,0.0,0.0,0.0
2025-04-05,0.0,0.0,0.0,0.0,0.0,0.0,0.0,0.0,0.0,0.0,0.0,0.0,0.0,0.0,0.0
2025-04-06,0.0,0.0,0.0,0.0,0.0,0.0,0.0,0.0,0.0,0.0,0.0,0.0,0.0,0.0,0.0
2025-04-07,0.0,0.0,0.0,0.0,0.0,0.0,0.0,0.0,0.0,0.0,0.0,0.0,0.0,0.0,0.0
2025-04-08,0.0,0.0,0.0,0.0,0.0,0.0,0.0,0.0,0.0,0.0,0.0,0.0,0.0,0.0,0.0
2025-04-09,0.0,0.0,0.0,0.0,0.0,0.0,0.0,0.0,0.0,0.0,0.0,0.0,0.0,0.0,0.0
2025-04-10,0.0,0.0,0.0,0.0,0.0,0.0,0.0,0.0,0.0,0.0,0.0,0.0,0.0,0.0,0.0
2025-04-11,0.0,0.0,0.0,0.0,0.0,0.0,0.0,0.0,0.0,0.0,0.0,0.0,0.24053334425021977,0.0,0.0
2025-04-12,0.0,0.0,0.0,0.0,0.0,0.0,0.0,0.0,0.0,0.0,0.0,0.0,0.24053334425021977,0.0,0.0
2025-04-13,0.0,0.0,0.0,0.0,0.0,0.0,0.0,0.0,0.0,0.0,0.0,0.0,0.24053334425021977,0.0,0.0
2025-04-14,0.0,0.0,0.0,0.0,0.0,0.0,0.0,0.0,0.0,0.0,0.0,0.0,0.24053334425021977,0.0,0.0
2025-04-15,0.0,0.0,0.0,0.0,0.0,0.0,0.0,0.0,0.0,0.0,0.0,0.0,0.24053334425021977,0.0,0.0
2025-04-16,0.0,0.0,0.0,0.0,0.0,0.0,0.0,0.0,0.0,0.0,0.0,0.0,0.24053334425021977,0.0,0.0
2025-04-17,0.0,0.0,0.0,0.0,0.0,0.0,0.0,0.0,0.0,0.0,0.0,0.0,0.24053334425021977,0.0,0.0
2025-04-18,0.0,0.0,0.0,0.0,0.0,0.0,0.0,0.0,0.0,0.0,0.0,0.0,0.24053334425021977,0.0,0.0
2025-04-19,0.0,0.0,0.0,0.0,0.0,0.0,0.0,0.0,0.0,0.0,0.0,0.0,0.24053334425021977,0.0,0.0
2025-04-20,0.0,0.0,0.0,0.0,0.0,0.0,0.0,0.0,0.0,0.0,0.0,0.0,0.24053334425021977,0.0,0.0
2025-04-21,0.0,0.0,0.0,0.0,0.0,0.0,0.0,0.0,0.0,0.0,0.0,0.0,0.0,0.0,0.0
2025-04-22,0.0,0.0,0.0,0.0,0.0,0.0,0.0,0.0,0.0,0.0,0.0,0.0,0.0,0.0,0.0
2025-04-23,0.0,0.0,0.0,0.0,0.0,0.0,0.0,0.0,0.0,0.0,0.0,0.0,0.0,0.0,0.0
2025-04-24,0.0,0.0,0.0,0.0,0.0,0.0,0.0,0.0,0.0,0.0,0.0,0.0,0.0,0.0,0.0
2025-04-25,0.0,0.0,0.0,0.0,0.0,0.0,0.0,0.0,0.0,0.0,0.0,0.0,0.0,0.0,0.0
2025-04-26,0.0,0.0,0.0,0.0,0.0,0.0,0.0,0.0,0.0,0.0,0.0,0.0,0.0,0.0,0.0
2025-04-27,0.0,0.0,0.0,0.0,0.0,0.0,0.0,0.0,0.0,0.0,0.0,0.0,0.0,0.0,0.0
2025-04-28,0.0,0.0,0.0,0.0,0.0,0.0,0.0,0.0,0.0,0.0,0.0,0.0,0.0,0.0,0.0
2025-04-29,0.0,0.0,0.0,0.0,0.0,0.0,0.0,0.0,0.0,0.0,0.0,0.0,0.0,0.0,0.0
2025-04-30,0.0,0.0,0.0,0.0,0.0,0.0,0.0,0.0,0.0,0.0,0.0,0.0,0.0,0.0,0.0
2025-05-01,0.0,0.0,0.0,0.0,0.0,0.0,0.0,0.0,0.0,0.0,0.0,0.0,0.0,0.0,0.0
2025-05-02,0.0,0.0,0.19210420901530792,0.0,0.0,0.0,0.0,0.0,0.17975538476040806,0.0,0.0,0.0,0.0,0.0,0.0
2025-05-03,0.0,0.0,0.19210420901530792,0.0,0.0,0.0,0.0,0.0,0.17975538476040806,0.0,0.0,0.0,0.0,0.0,0.0
2025-05-04,0.0,0.0,0.19210420901530792,0.0,0.0,0.0,0.0,0.0,0.17975538476040806,0.0,0.0,0.0,0.0,0.0,0.0
2025-05-05,0.0,0.0,0.19210420901530792,0.0,0.0,0.0,0.0,0.0,0.17975538476040806,0.0,0.0,0.0,0.0,0.0,0.0
2025-05-06,0.0,0.0,0.19210420901530792,0.0,0.0,0.0,0.0,0.0,0.17975538476040806,0.0,0.0,0.0,0.0,0.0,0.0
2025-05-07,0.0,0.0,0.19210420901530792,0.0,0.0,0.0,0.0,0.0,0.17975538476040806,0.0,0.0,0.0,0.0,0.0,0.0
2025-05-08,0.0,0.0,0.19210420901530792,0.0,0.0,0.0,0.0,0.0,0.17975538476040806,0.0,0.0,0.0,0.0,0.0,0.0
2025-05-09,0.0,0.0,0.0,0.0,0.0,0.0,0.0,0.0,0.17975538476040806,0.0,0.0,0.0,0.0,0.0,0.0
2025-05-10,0.0,0.0,0.0,0.0,0.0,0.0,0.0,0.0,0.17975538476040806,0.0,0.0,0.0,0.0,0.0,0.0
2025-05-11,0.0,0.0903676628682004,0.19078659183463964,0.0,0.0,0.0,0.0,0.0,0.17975538476040806,0.0,0.0,0.0,0.0,0.0,0.0
2025-05-12,0.0,0.0903676628682004,0.19078659183463964,0.0,0.0,0.0,0.0,0.0,0.17975538476040806,0.0,0.0,0.0,0.0,0.0,0.0
2025-05-13,0.0,0.0903676628682004,0.19078659183463964,0.0,0.0,0.0,0.0,0.0,0.17975538476040806,0.0,0.0,0.0,0.0,0.0,0.0
2025-05-14,0.0,0.0903676628682004,0.19078659183463964,0.0,0.0,0.0,0.0,0.0,0.17975538476040806,0.0,0.0,0.10932944606414002,0.0,0.0,0.0
2025-05-15,0.0,0.0903676628682004,0.19078659183463964,0.0,0.0,0.0,0.0,0.0,0.17975538476040806,0.1782607290987266,0.0,0.10932944606414002,0.0,0.0,0.0
2025-05-16,0.0,0.0,0.19078659183463964,0.0,0.0,0.0,0.3117053648466453,0.0,0.17975538476040806,0.1782607290987266,0.0,0.0,0.0,0.0,0.0
2025-05-17,0.0,0.0,0.19078659183463964,0.0,0.0,0.0,0.3117053648466453,0.0,0.17975538476040806,0.1782607290987266,0.0,0.0,0.0,0.0,0.0
2025-05-18,0.0,0.0,0.19078659183463964,0.0,0.0,0.0,0.3117053648466453,0.0,0.17975538476040806,0.1782607290987266,0.0,0.0,0.0,0.0,0.0
2025-05-19,0.0,0.0,0.19078659183463964,0.0,0.0,0.0,0.3117053648466453,0.0,0.17975538476040806,0.1782607290987266,0.0,0.0,0.0,0.0,0.0
2025-05-20,0.0,0.0,0.15328684054108369,0.0,0.0,0.0,0.2504386188651069,0.0,0.14442385460741286,0.14322297858214914,0.0,0.0,0.0,0.3086277074042474,0.0
2025-05-21,0.0,0.0,0.15328684054108369,0.0,0.0,0.0,0.2504386188651069,0.0,0.14442385460741286,0.14322297858214914,0.0,0.0,0.0,0.3086277074042474,0.0
2025-05-22,0.0,0.0,0.19078659183463964,0.0,0.0,0.0,0.3117053648466453,0.0,0.17975538476040806,0.1782607290987266,0.0,0.0,0.0,0.0,0.0
2025-05-23,0.0,0.0,0.19078659183463964,0.0,0.0,0.0,0.0,0.0,0.17975538476040806,0.1782607290987266,0.0,0.0,0.0,0.0,0.0
2025-05-24,0.0,0.0,0.19078659183463964,0.0,0.0,0.0,0.0,0.0,0.17975538476040806,0.1782607290987266,0.0,0.0,0.0,0.0,0.0
2025-05-25,0.0,0.0,0.19078659183463964,0.0,0.0,0.0,0.0,0.0,0.17975538476040806,0.1782607290987266,0.0,0.0,0.0,0.0,0.0
2025-05-26,0.0,0.0,0.19078659183463964,0.0,0.0,0.0,0.0,0.0,0.17975538476040806,0.1782607290987266,0.0,0.0,0.0,0.0,0.0
2025-05-27,0.0,0.0,0.19078659183463964,0.0,0.0,0.0,0.0,0.0,0.17975538476040806,0.1782607290987266,0.0,0.0,0.0,0.0,0.0
2025-05-28,0.0,0.0,0.19078659183463964,0.0,0.0,0.0,0.0,0.0,0.17975538476040806,0.1782607290987266,0.0,0.0,0.0,0.0,0.0
2025-05-29,0.0,0.0,0.19078659183463964,0.0,0.0,0.0,0.0,0.0,0.17975538476040806,0.1782607290987266,0.0,0.0,0.0,0.0,0.0
2025-05-30,0.0,0.0,0.0,0.0,0.0,0.0,0.0,0.0,0.17975538476040806,0.1782607290987266,0.0,0.0,0.0,0.0,0.0
2025-05-31,0.0,0.0,0.0,0.0,0.0,0.0,0.0,0.0,0.17975538476040806,0.1782607290987266,0.0,0.0,0.0,0.0,0.0
2025-06-01,0.0,0.0,0.0,0.0,0.0,0.0,0.0,0.0,0.17975538476040806,0.1782607290987266,0.0,0.0,0.0,0.0,0.0
2025-06-02,0.0,0.0,0.0,0.0,0.0,0.0,0.0,0.0,0.17975538476040806,0.1782607290987266,0.0,0.0,0.0,0.0,0.0
2025-06-03,0.0,0.0,0.0,0.0,0.0,0.0,0.0,0.2625113454331385,0.17975538476040806,0.1782607290987266,0.0,0.0,0.0,0.0,0.0
2025-06-04,0.0,0.0,0.0,0.0,0.0,0.0,0.0,0.2625113454331385,0.17975538476040806,0.1782607290987266,0.0,0.0,0.0,0.0,0.0
2025-06-05,0.0,0.0,0.0,0.0,0.0,0.0,0.0,0.2625113454331385,0.17975538476040806,0.1782607290987266,0.0,0.0,0.0,0.0,0.0
2025-06-06,0.0,0.0,0.0,0.0,0.0,0.0,0.0,0.2625113454331385,0.17975538476040806,0.1782607290987266,0.0,0.0,0.0,0.0,0.0
2025-06-07,0.0,0.0,0.0,0.0,0.0,0.0,0.0,0.2625113454331385,0.17975538476040806,0.1782607290987266,0.0,0.0,0.0,0.0,0.0
2025-06-08,0.0,0.0,0.0,0.0,0.0,0.0,0.0,0.2625113454331385,0.17975538476040806,0.1782607290987266,0.0,0.0,0.0,0.0,0.0
2025-06-09,0.0,0.0,0.0,0.0,0.0,0.0,0.0,0.2625113454331385,0.17975538476040806,0.1782607290987266,0.0,0.0,0.0,0.0,0.0
2025-06-10,0.0,0.0,0.0,0.0,0.0,0.0,0.0,0.2625113454331385,0.17975538476040806,0.1782607290987266,0.0,0.0,0.0,0.0,0.0
2025-06-11,0.0,0.0,0.0,0.10804216728812784,0.24992996247867894,0.0,0.0,0.2625113454331385,0.17975538476040806,0.1782607290987266,0.0,0.0,0.0,0.0,0.0
2025-06-12,0.0,0.0,0.0,0.07472709697722463,0.1728634385299916,0.0,0.0,0.18156532083894458,0.12432736593803384,0.12329359105752659,0.0,0.0,0.0,0.32322318665827876,0.0
2025-06-13,0.0,0.0,0.0,0.07472709697722463,0.1728634385299916,0.0,0.0,0.18156532083894458,0.12432736593803384,0.12329359105752659,0.0,0.0,0.0,0.32322318665827876,0.0
2025-06-14,0.0,0.0,0.0,0.0,0.18682427418469055,0.0,0.0,0.196228939857407,0.13436832045104594,0.13325105561260744,0.0,0.0,0.0,0.349327409894249,0.0
2025-06-15,0.0,0.0,0.0,0.0,0.18682427418469055,0.0,0.0,0.196228939857407,0.13436832045104594,0.13325105561260744,0.0,0.0,0.0,0.349327409894249,0.0
2025-06-16,0.0,0.0,0.0,0.0,0.24992996247867894,0.0,0.0,0.2625113454331385,0.17975538476040806,0.1782607290987266,0.0,0.0,0.0,0.0,0.0
2025-06-17,0.0,0.0,0.0,0.0,0.19291384105807274,0.0,0.32811863353251836,0.2026250533012803,0.13874807718566487,0.13759439492246378,0.0,0.0,0.0,0.0,0.0
2025-06-18,0.0,0.0,0.0,0.0,0.19291384105807274,0.0,0.32811863353251836,0.2026250533012803,0.13874807718566487,0.13759439492246378,0.0,0.0,0.0,0.0,0.0
2025-06-19,0.0,0.0,0.0,0.0,0.19291384105807274,0.0,0.32811863353251836,0.2026250533012803,0.13874807718566487,0.13759439492246378,0.0,0.0,0.0,0.0,0.0
2025-06-20,0.0,0.0,0.0,0.0,0.19291384105807274,0.0,0.32811863353251836,0.2026250533012803,0.13874807718566487,0.13759439492246378,0.0,0.0,0.0,0.0,0.0
2025-06-21,0.0,0.0,0.0,0.0,0.19291384105807274,0.0,0.32811863353251836,0.2026250533012803,0.13874807718566487,0.13759439492246378,0.0,0.0,0.0,0.0,0.0
2025-06-22,0.0,0.0,0.0,0.0,0.19291384105807274,0.0,0.32811863353251836,0.2026250533012803,0.13874807718566487,0.13759439492246378,0.0,0.0,0.0,0.0,0.0
2025-06-23,0.0,0.0,0.0,0.0,0.0,0.0,0.42509483672895865,0.0,0.17975538476040806,0.1782607290987266,0.0,0.0,0.0,0.0,0.0
2025-06-24,0.0,0.0,0.0,0.0,0.0,0.0,0.42509483672895865,0.0,0.0,0.1782607290987266,0.0,0.0,0.0,0.0,0.0
2025-06-25,0.0,0.0,0.0,0.0,0.0,0.0,0.2982310860253823,0.2164549106134222,0.36025275527860245,0.12506124808259309,0.0,0.0,0.0,0.0,0.0
2025-06-26,0.0,0.0,0.0,0.0,0.0,0.0,0.2982310860253823,0.2164549106134222,0.36025275527860245,0.12506124808259309,0.0,0.0,0.0,0.0,0.0
2025-06-27,0.0,0.0,0.0,0.0,0.0,0.0,0.2982310860253823,0.2164549106134222,0.36025275527860245,0.12506124808259309,0.0,0.0,0.0,0.0,0.0
2025-06-28,0.0,0.0,0.0,0.0,0.0,0.0,0.2982310860253823,0.2164549106134222,0.36025275527860245,0.12506124808259309,0.0,0.0,0.0,0.0,0.0
2025-06-29,0.0,0.0,0.0,0.0,0.0,0.0,0.2982310860253823,0.2164549106134222,0.36025275527860245,0.12506124808259309,0.0,0.0,0.0,0.0,0.0
2025-06-30,0.0,0.0,0.0,0.0,0.0,0.0,0.2982310860253823,0.2164549106134222,0.36025275527860245,0.12506124808259309,0.0,0.0,0.0,0.0,0.0
2025-07-01,0.0,0.0,0.0,0.0,0.0,0.0,0.2982310860253823,0.2164549106134222,0.36025275527860245,0.12506124808259309,0.0,0.0,0.0,0.0,0.0
2025-07-02,0.0,0.0,0.0,0.0,0.0,0.0,0.34085938629625917,0.24739435776397667,0.41174625593976416,0.0,0.0,0.0,0.0,0.0,0.0
2025-07-03,0.0,0.0,0.0,0.0,0.0,0.0,0.42509483672895865,0.0,0.513499743528685,0.0,0.0,0.0,0.0,0.0,0.0
2025-07-04,0.0,0.0,0.0,0.0,0.0,0.0,0.42509483672895865,0.0,0.513499743528685,0.0,0.0,0.0,0.0,0.0,0.0
2025-07-05,0.0,0.0,0.0,0.0,0.0,0.0,0.42509483672895865,0.0,0.513499743528685,0.0,0.0,0.0,0.0,0.0,0.0
2025-07-06,0.0,0.0,0.0,0.0,0.0,0.0,0.42509483672895865,0.0,0.513499743528685,0.0,0.0,0.0,0.0,0.0,0.0
2025-07-07,0.0,0.0,0.0,0.0,0.0,0.0,0.34648943378594177,0.0,0.41854715703809875,0.2349634091759594,0.0,0.0,0.0,0.0,0.0
2025-07-08,0.0,0.0,0.0,0.0,0.0,0.0,0.34648943378594177,0.0,0.41854715703809875,0.2349634091759594,0.0,0.0,0.0,0.0,0.0
2025-07-09,0.0,0.0,0.0,0.0,0.0,0.0,0.0,0.0,0.513499743528685,0.2882677574596403,0.0,0.0,0.0,0.0,0.0
2025-07-10,0.0,0.0,0.0,0.0,0.0,0.0,0.0,0.0,0.513499743528685,0.2882677574596403,0.0,0.0,0.0,0.0,0.0
2025-07-11,0.0,0.0,0.17233608120651472,0.08872428474871266,0.0,0.0,0.0,0.0,0.4126045991473963,0.23162738445868278,0.0,0.0,0.0,0.0,0.09470765043869366
2025-07-12,0.0,0.0,0.17233608120651472,0.08872428474871266,0.0,0.0,0.0,0.0,0.4126045991473963,0.23162738445868278,0.0,0.0,0.0,0.0,0.09470765043869366
2025-07-13,0.0,0.0,0.17233608120651472,0.08872428474871266,0.0,0.0,0.0,0.0,0.4126045991473963,0.23162738445868278,0.0,0.0,0.0,0.0,0.09470765043869366
2025-07-14,0.0,0.0,0.17233608120651472,0.08872428474871266,0.0,0.0,0.0,0.0,0.4126045991473963,0.23162738445868278,0.0,0.0,0.0,0.0,0.09470765043869366
2025-07-15,0.0,0.0,0.14201910013533692,0.07311610541418787,0.17591778145893996,0.0,0.0,0.0,0.34002011344563104,0.19088000885957432,0.0,0.0,0.0,0.0,0.07804689068632985
2025-07-16,0.0,0.0,0.14201910013533692,0.07311610541418787,0.17591778145893996,0.0,0.0,0.0,0.34002011344563104,0.19088000885957432,0.0,0.0,0.0,0.0,0.07804689068632985
2025-07-17,0.0,0.0,0.1183101273535909,0.0,0.1465496902059989,0.22785208816321456,0.0,0.0,0.2832564273833589,0.15901409131525493,0.0,0.0,0.0,0.0,0.065017575578582
2025-07-18,0.0,0.0,0.1177504016663956,0.06944098117986838,0.1458563630336457,0.22677411901992323,0.0,0.0,0.28191634008892297,0.15826179501124402,0.0,0.0,0.0,0.0,0.0
2025-07-19,0.0,0.0,0.1177504016663956,0.06944098117986838,0.1458563630336457,0.22677411901992323,0.0,0.0,0.28191634008892297,0.15826179501124402,0.0,0.0,0.0,0.0,0.0
2025-07-20,0.0,0.0,0.1177504016663956,0.06944098117986838,0.1458563630336457,0.22677411901992323,0.0,0.0,0.28191634008892297,0.15826179501124402,0.0,0.0,0.0,0.0,0.0
2025-07-21,0.0,0.0,0.1177504016663956,0.06944098117986838,0.1458563630336457,0.22677411901992323,0.0,0.0,0.28191634008892297,0.15826179501124402,0.0,0.0,0.0,0.0,0.0
2025-07-22,0.0,0.0,0.1105354377588973,0.06518609825952416,0.1369192521612074,0.21287890456011213,0.0,0.0,0.2646423759249768,0.14856456151749292,0.0,0.06127336981778918,0.0,0.0,0.0
2025-07-23,0.0,0.0,0.12982245366237277,0.07656023617680724,0.1608099052175175,0.2500235425242824,0.0,0.0,0.31081907560324545,0.0,0.0,0.07196478681577459,0.0,0.0,0.0
2025-07-24,0.0,0.0,0.15396304522995063,0.09079667478755951,0.19071263877679048,0.29651562499604517,0.2680120162096542,0.0,0.0,0.0,0.0,0.0,0.0,0.0,0.0
2025-07-25,0.0,0.0,0.15396304522995063,0.09079667478755951,0.19071263877679048,0.29651562499604517,0.2680120162096542,0.0,0.0,0.0,0.0,0.0,0.0,0.0,0.0
2025-07-26,0.0,0.0,0.0,0.10731998676374344,0.22541880434599418,0.35047597309344164,0.31678523579682066,0.0,0.0,0.0,0.0,0.0,0.0,0.0,0.0
2025-07-27,0.0,0.0,0.0,0.10731998676374344,0.22541880434599418,0.35047597309344164,0.31678523579682066,0.0,0.0,0.0,0.0,0.0,0.0,0.0,0.0
2025-07-28,0.0,0.0,0.0,0.10731998676374344,0.22541880434599418,0.35047597309344164,0.31678523579682066,0.0,0.0,0.0,0.0,0.0,0.0,0.0,0.0
2025-07-29,0.0,0.0,0.0,0.11758090526151134,0.24697121083622633,0.0,0.3470732332502969,0.0,0.0,0.2883746506519654,0.0,0.0,0.0,0.0,0.0
2025-07-30,0.0,0.0,0.0,0.11758090526151134,0.24697121083622633,0.0,0.3470732332502969,0.0,0.0,0.2883746506519654,0.0,0.0,0.0,0.0,0.0
2025-07-31,0.0,0.0,0.0,0.11758090526151134,0.24697121083622633,0.0,0.3470732332502969,0.0,0.0,0.2883746506519654,0.0,0.0,0.0,0.0,0.0
2025-08-01,0.0,0.0,0.0,0.07001602924671504,0.1470642149126756,0.0,0.20667207482335376,0.16297154661114746,0.24155736825821317,0.17171876614789483,0.0,0.0,0.0,0.0,0.0
2025-08-02,0.0,0.0,0.0,0.0,0.1581362900196591,0.0,0.2222318677771939,0.17524124257662302,0.259743582529226,0.18464701709729797,0.0,0.0,0.0,0.0,0.0
2025-08-03,0.0,0.0,0.0,0.0,0.1581362900196591,0.0,0.2222318677771939,0.17524124257662302,0.259743582529226,0.18464701709729797,0.0,0.0,0.0,0.0,0.0
2025-08-04,0.0,0.0,0.0,0.0,0.0,0.0,0.0,0.0,0.0,0.0,0.0,0.0,0.0,0.0,0.0
2025-08-05,0.0,0.0,0.0,0.0,0.0,0.38002566779579783,0.0,0.0,0.0,0.0,0.0,0.0,0.0,0.0,0.0
2025-08-06,0.0,0.0,0.0,0.0,0.0,0.38002566779579783,0.0,0.0,0.0,0.0,0.0,0.0,0.0,0.0,0.0
2025-08-07,0.0,0.0,0.0,0.0,0.0,0.38002566779579783,0.0,0.0,0.0,0.0,0.0,0.0,0.0,0.0,0.0
2025-08-08,0.0,0.0,0.0,0.0,0.0,0.38002566779579783,0.0,0.0,0.0,0.0,0.0,0.0,0.0,0.0,0.0
2025-08-09,0.0,0.0,0.0,0.10348779285406405,0.0,0.38002566779579783,0.0,0.0,0.0,0.0,0.0,0.0,0.0,0.0,0.0
2025-08-10,0.0,0.0,0.0,0.10348779285406405,0.0,0.38002566779579783,0.0,0.0,0.0,0.0,0.0,0.0,0.0,0.0,0.0
2025-08-11,0.282050922198167,0.0,0.0,0.09106955352554837,0.2924558503342177,0.3344236739420669,0.0,0.0,0.0,0.0,0.0,0.0,0.0,0.0,0.0
2025-08-12,0.282050922198167,0.0,0.0,0.09106955352554837,0.2924558503342177,0.3344236739420669,0.0,0.0,0.0,0.0,0.0,0.0,0.0,0.0,0.0
2025-08-13,0.22768139319474326,0.0,0.0,0.07351453653376798,0.23608061598630276,0.26995851460800213,0.0,0.19276493967718392,0.0,0.0,0.0,0.0,0.0,0.0,0.0
2025-08-14,0.1956077161899387,0.0,0.1408708746672633,0.0631584794714976,0.20282373312032598,0.23192922253129772,0.0,0.16560997401967675,0.0,0.0,0.0,0.0,0.0,0.0,0.0
2025-08-15,0.22768139319474326,0.0,0.0,0.07351453653376798,0.23608061598630276,0.26995851460800213,0.0,0.19276493967718392,0.0,0.0,0.0,0.0,0.0,0.0,0.0
2025-08-16,0.22768139319474326,0.0,0.0,0.07351453653376798,0.23608061598630276,0.26995851460800213,0.0,0.19276493967718392,0.0,0.0,0.0,0.0,0.0,0.0,0.0
2025-08-17,0.22768139319474326,0.0,0.0,0.07351453653376798,0.23608061598630276,0.26995851460800213,0.0,0.19276493967718392,0.0,0.0,0.0,0.0,0.0,0.0,0.0
2025-08-18,0.22768139319474326,0.0,0.0,0.07351453653376798,0.23608061598630276,0.26995851460800213,0.0,0.19276493967718392,0.0,0.0,0.0,0.0,0.0,0.0,0.0
2025-08-19,0.31031078702686515,0.0,0.0,0.0,0.32175822855158165,0.36793098442155325,0.0,0.0,0.0,0.0,0.0,0.0,0.0,0.0,0.0
2025-08-20,0.31031078702686515,0.0,0.0,0.0,0.32175822855158165,0.36793098442155325,0.0,0.0,0.0,0.0,0.0,0.0,0.0,0.0,0.0
2025-08-21,0.0,0.0,0.0,0.0,0.0,0.38002566779579783,0.0,0.0,0.0,0.0,0.0,0.0,0.0,0.0,0.0
2025-08-22,0.0,0.0,0.0,0.0,0.0,0.38002566779579783,0.0,0.0,0.0,0.0,0.0,0.0,0.0,0.0,0.0
2025-08-23,0.0,0.0,0.0,0.09376378930619289,0.0,0.38002566779579783,0.0,0.0,0.0,0.0,0.0,0.0,0.0,0.0,0.0
2025-08-24,0.0,0.0,0.0,0.09376378930619289,0.0,0.38002566779579783,0.0,0.0,0.0,0.0,0.0,0.0,0.0,0.0,0.0
2025-08-25,0.0,0.0,0.0,0.09376378930619289,0.0,0.38002566779579783,0.0,0.0,0.0,0.0,0.0,0.0,0.0,0.0,0.0
2025-08-26,0.0,0.0,0.0,0.09376378930619289,0.0,0.38002566779579783,0.0,0.0,0.0,0.0,0.0,0.0,0.0,0.0,0.0
2025-08-27,0.0,0.0,0.0,0.0,0.0,0.38002566779579783,0.0,0.0,0.0,0.0,0.0,0.0,0.0,0.0,0.0
2025-08-28,0.0,0.0,0.0,0.0,0.0,0.38002566779579783,0.0,0.0,0.0,0.0,0.0,0.0,0.0,0.0,0.0
2025-08-29,0.0,0.0,0.0,0.0,0.32063025050063687,0.0,0.0,0.0,0.0,0.0,0.0,0.07614701704545455,0.0,0.0,0.0
2025-08-30,0.0,0.0,0.0,0.0,0.32063025050063687,0.0,0.0,0.0,0.0,0.0,0.0,0.07614701704545455,0.0,0.0,0.0
2025-08-31,0.0,0.0,0.0,0.0,0.32063025050063687,0.0,0.0,0.0,0.0,0.0,0.0,0.07614701704545455,0.0,0.0,0.0
2025-09-01,0.0,0.0,0.0,0.0,0.32063025050063687,0.0,0.0,0.0,0.0,0.0,0.0,0.07614701704545455,0.0,0.0,0.0
2025-09-02,0.0,0.0,0.0,0.0,0.32063025050063687,0.0,0.4158235939121868,0.0,0.0,0.0,0.0,0.07614701704545455,0.0,0.0,0.0
2025-09-03,0.0,0.0,0.0,0.0,0.0,0.0,0.4158235939121868,0.0,0.0,0.0,0.0,0.07614701704545455,0.0,0.0,0.0
2025-09-04,0.28021121966026435,0.0,0.0,0.0,0.26870975566572597,0.0,0.381261191218799,0.0,0.0,0.0,0.0,0.06981783345521063,0.0,0.0,0.0
2025-09-05,0.28021121966026435,0.0,0.0,0.0,0.26870975566572597,0.0,0.381261191218799,0.0,0.0,0.0,0.0,0.06981783345521063,0.0,0.0,0.0
2025-09-06,0.28021121966026435,0.0,0.0,0.0,0.26870975566572597,0.0,0.381261191218799,0.0,0.0,0.0,0.0,0.06981783345521063,0.0,0.0,0.0
2025-09-07,0.28021121966026435,0.0,0.0,0.0,0.26870975566572597,0.0,0.381261191218799,0.0,0.0,0.0,0.0,0.06981783345521063,0.0,0.0,0.0
2025-09-08,0.3056131573244246,0.0,0.0,0.0,0.2930690531679752,0.0,0.0,0.0,0.0,0.0,0.0,0.07614701704545455,0.0,0.0,0.0
2025-09-09,0.3056131573244246,0.0,0.0,0.0,0.2930690531679752,0.0,0.0,0.0,0.0,0.0,0.0,0.07614701704545455,0.0,0.0,0.0
2025-09-10,0.3056131573244246,0.0,0.0,0.0,0.2930690531679752,0.0,0.0,0.0,0.0,0.0,0.0,0.07614701704545455,0.0,0.0,0.0
2025-09-11,0.0,0.0,0.0,0.0,0.2930690531679752,0.0,0.0,0.0,0.0,0.0,0.0,0.07614701704545455,0.0,0.0,0.0
2025-09-12,0.0,0.0,0.0,0.0,0.2930690531679752,0.0,0.39767059468347493,0.0,0.0,0.0,0.0,0.07614701704545455,0.0,0.0,0.0
2025-09-13,0.0,0.0,0.0,0.0,0.2930690531679752,0.0,0.39767059468347493,0.0,0.0,0.0,0.0,0.07614701704545455,0.0,0.0,0.0
2025-09-14,0.0,0.0,0.0,0.0,0.2930690531679752,0.0,0.39767059468347493,0.0,0.0,0.0,0.0,0.07614701704545455,0.0,0.0,0.0
2025-09-15,0.0,0.0,0.0,0.0,0.2930690531679752,0.0,0.39767059468347493,0.0,0.0,0.0,0.0,0.07614701704545455,0.0,0.0,0.0
2025-09-16,0.0,0.0,0.0,0.0,0.2930690531679752,0.0,0.39767059468347493,0.0,0.0,0.0,0.0,0.07614701704545455,0.0,0.0,0.0
2025-09-17,0.0,0.0,0.0,0.0,0.2930690531679752,0.0,0.39767059468347493,0.0,0.0,0.0,0.0,0.07614701704545455,0.0,0.0,0.0
2025-09-18,0.0,0.0,0.0,0.0,0.2930690531679752,0.0,0.39767059468347493,0.0,0.0,0.0,0.0,0.07614701704545455,0.0,0.0,0.0
2025-09-19,0.0,0.0,0.0,0.0,0.2930690531679752,0.0,0.39767059468347493,0.0,0.0,0.0,0.0,0.07614701704545455,0.0,0.0,0.0
2025-09-20,0.0,0.0,0.0,0.0,0.2930690531679752,0.0,0.39767059468347493,0.0,0.0,0.0,0.0,0.07614701704545455,0.0,0.0,0.0
2025-09-21,0.0,0.0,0.0,0.0,0.2930690531679752,0.0,0.39767059468347493,0.0,0.0,0.0,0.0,0.07614701704545455,0.0,0.0,0.0
2025-09-22,0.316095099265427,0.0,0.0,0.0,0.26135721337932516,0.0,0.3546402369881112,0.0,0.0,0.0,0.0,0.06790745036713654,0.0,0.0,0.0
2025-09-23,0.0,0.0,0.0,0.0,0.2930690531679752,0.0,0.39767059468347493,0.0,0.0,0.0,0.0,0.0,0.0,0.0,0.0
2025-09-24,0.0,0.0,0.0,0.0,0.2930690531679752,0.0,0.39767059468347493,0.0,0.0,0.0,0.0,0.0,0.0,0.0,0.0
2025-09-25,0.0,0.0,0.0,0.0,0.2930690531679752,0.0,0.39767059468347493,0.0,0.0,0.0,0.0,0.0,0.0,0.0,0.0
2025-09-26,0.0,0.0,0.0,0.0,0.0,0.0,0.39767059468347493,0.0,0.0,0.0,0.0,0.0,0.0,0.0,0.0
2025-09-27,0.0,0.0,0.0,0.0,0.0,0.0,0.39767059468347493,0.0,0.0,0.0,0.0,0.0,0.0,0.0,0.0
2025-09-28,0.0,0.0,0.0,0.0,0.0,0.0,0.39767059468347493,0.0,0.0,0.0,0.0,0.0,0.0,0.0,0.0
2025-09-29,0.0,0.0,0.0,0.0,0.0,0.0,0.39767059468347493,0.0,0.0,0.0,0.0,0.0,0.0,0.0,0.0
2025-09-30,0.0,0.0,0.0,0.0,0.0,0.5076732996061609,0.39767059468347493,0.0,0.0,0.0,0.0,0.0,0.0,0.0,0.0
2025-10-01,0.0,0.0,0.0,0.0,0.0,0.0,0.39767059468347493,0.0,0.0,0.2360501614751716,0.0,0.0,0.0,0.0,0.0
2025-10-02,0.0,0.0,0.0,0.0,0.0,0.4845055339472034,0.0,0.0,0.0,0.2360501614751716,0.0,0.0,0.0,0.0,0.0
2025-10-03,0.0,0.0,0.0,0.0,0.0,0.4845055339472034,0.0,0.0,0.0,0.2360501614751716,0.0,0.0,0.0,0.0,0.0
2025-10-04,0.0,0.0,0.0,0.0,0.0,0.4845055339472034,0.0,0.0,0.0,0.2360501614751716,0.0,0.0,0.0,0.0,0.0
2025-10-05,0.0,0.0,0.0,0.0,0.0,0.4845055339472034,0.0,0.0,0.0,0.2360501614751716,0.0,0.0,0.0,0.0,0.0
2025-10-06,0.0,0.0,0.0,0.0,0.0,0.4845055339472034,0.0,0.0,0.0,0.2360501614751716,0.0,0.0,0.0,0.0,0.0
2025-10-07,0.0,0.0,0.0,0.0,0.0,0.4845055339472034,0.0,0.0,0.0,0.2360501614751716,0.0,0.0,0.0,0.0,0.0
2025-10-08,0.0,0.0,0.0,0.0,0.0,0.0,0.0,0.0,0.0,0.2360501614751716,0.0,0.0,0.0,0.0,0.0
2025-10-09,0.0,0.0,0.0,0.0,0.0,0.0,0.0,0.0,0.0,0.2360501614751716,0.0,0.0,0.0,0.0,0.0
2025-10-10,0.0,0.0,0.0,0.0,0.0,0.45397985831322724,0.0,0.0,0.0,0.2360501614751716,0.0,0.0,0.0,0.0,0.0
2025-10-11,0.0,0.0,0.0,0.0,0.0,0.45397985831322724,0.0,0.0,0.0,0.2360501614751716,0.0,0.0,0.0,0.0,0.0
2025-10-12,0.0,0.0,0.0,0.0,0.0,0.45397985831322724,0.0,0.0,0.0,0.2360501614751716,0.0,0.0,0.0,0.0,0.0
2025-10-13,0.0,0.0,0.0,0.0,0.0,0.45397985831322724,0.0,0.0,0.0,0.0,0.0,0.0,0.0,0.0,0.0
2025-10-14,0.0,0.0,0.0,0.0,0.0,0.45397985831322724,0.0,0.0,0.0,0.0,0.0,0.0,0.0,0.0,0.0
2025-10-15,0.0,0.0,0.0,0.0,0.0,0.0,0.0,0.0,0.0,0.0,0.0,0.0,0.0,0.0,0.0
2025-10-16,0.0,0.0,0.0,0.0,0.0,0.0,0.0,0.0,0.0,0.0,0.0,0.0,0.0,0.0,0.0
2025-10-17,0.0,0.0,0.0,0.0,0.0,0.0,0.0,0.0,0.0,0.0,0.0,0.0,0.0,0.0,0.0
2025-10-18,0.0,0.0,0.0,0.0,0.0,0.0,0.0,0.0,0.0,0.0,0.0,0.0,0.0,0.0,0.0
2025-10-19,0.0,0.0,0.0,0.0,0.0,0.0,0.0,0.0,0.0,0.0,0.0,0.0,0.0,0.0,0.0
2025-10-20,0.0,0.0,0.0,0.0,0.0,0.0,0.0,0.0,0.0,0.0,0.0,0.0,0.0,0.0,0.0
2025-10-21,0.3585818081725152,0.0,0.0,0.0,0.0,0.0,0.0,0.0,0.0,0.0,0.0,0.0,0.0,0.0,0.0
2025-10-22,0.3585818081725152,0.0,0.0,0.0,0.0,0.0,0.0,0.0,0.0,0.0,0.0,0.0,0.0,0.0,0.0
2025-10-23,0.0,0.0,0.0,0.0,0.0,0.0,0.0,0.0,0.0,0.0,0.0,0.0,0.0,0.0,0.0
2025-10-24,0.0,0.0,0.0,0.0,0.0,0.0,0.0,0.0,0.0,0.0,0.0,0.0,0.0,0.0,0.0
2025-10-25,0.0,0.0,0.0,0.0,0.0,0.0,0.0,0.0,0.0,0.0,0.0,0.0,0.0,0.0,0.0
2025-10-26,0.0,0.0,0.0,0.0,0.0,0.0,0.0,0.0,0.0,0.0,0.0,0.0,0.0,0.0,0.0
2025-10-27,0.0,0.0,0.0,0.0,0.2714925511998548,0.0,0.0,0.0,0.0,0.0,0.0,0.0,0.0,0.0,0.0
2025-10-28,0.3511788927051637,0.0,0.0,0.0,0.2714925511998548,0.0,0.0,0.0,0.0,0.0,0.0,0.0,0.0,0.0,0.0
2025-10-29,0.27660060658804486,0.0,0.0,0.0,0.21383689596932168,0.0,0.0,0.0,0.3288111782797965,0.18075131916283696,0.0,0.0,0.0,0.0,0.0
2025-10-30,0.27660060658804486,0.0,0.0,0.0,0.21383689596932168,0.0,0.0,0.0,0.3288111782797965,0.18075131916283696,0.0,0.0,0.0,0.0,0.0
2025-10-31,0.3511788927051637,0.0,0.0,0.0,0.2714925511998548,0.0,0.0,0.0,0.0,0.22948629398033382,0.0,0.0,0.0,0.0,0.0
2025-11-01,0.3511788927051637,0.0,0.0,0.0,0.2714925511998548,0.0,0.0,0.0,0.0,0.22948629398033382,0.0,0.0,0.0,0.0,0.0
2025-11-02,0.3511788927051637,0.0,0.0,0.0,0.2714925511998548,0.0,0.0,0.0,0.0,0.22948629398033382,0.0,0.0,0.0,0.0,0.0
2025-11-03,0.3511788927051637,0.0,0.0,0.0,0.2714925511998548,0.0,0.0,0.0,0.0,0.22948629398033382,0.0,0.0,0.0,0.0,0.0
2025-11-04,0.3511788927051637,0.0,0.0,0.0,0.2714925511998548,0.0,0.0,0.0,0.0,0.22948629398033382,0.0,0.0,0.0,0.0,0.0
2025-11-05,0.3511788927051637,0.0,0.0,0.0,0.2714925511998548,0.0,0.0,0.0,0.0,0.22948629398033382,0.0,0.0,0.0,0.0,0.0
2025-11-06,0.3511788927051637,0.0,0.0,0.0,0.2714925511998548,0.0,0.0,0.0,0.0,0.0,0.0,0.0,0.0,0.0,0.0
2025-11-07,0.3511788927051637,0.0,0.0,0.0,0.2714925511998548,0.0,0.0,0.0,0.0,0.0,0.0,0.0,0.0,0.0,0.0
2025-11-08,0.3511788927051637,0.0,0.0,0.0,0.2714925511998548,0.0,0.0,0.0,0.0,0.0,0.0,0.0,0.0,0.0,0.0
2025-11-09,0.3511788927051637,0.0,0.0,0.0,0.2714925511998548,0.0,0.0,0.0,0.0,0.0,0.0,0.0,0.0,0.0,0.0
2025-11-10,0.3511788927051637,0.0,0.0,0.0,0.2714925511998548,0.0,0.0,0.0,0.0,0.0,0.0,0.0,0.0,0.0,0.0
2025-11-11,0.3511788927051637,0.0,0.0,0.0,0.2714925511998548,0.0,0.0,0.0,0.0,0.0,0.0,0.0,0.0,0.0,0.0
2025-11-12,0.3511788927051637,0.0,0.0,0.0,0.2714925511998548,0.0,0.0,0.0,0.0,0.0,0.0,0.0,0.0,0.0,0.0
2025-11-13,0.3511788927051637,0.0,0.0,0.0,0.2714925511998548,0.0,0.3426757159574934,0.0,0.0,0.0,0.0,0.0,0.0,0.0,0.0
2025-11-14,0.3511788927051637,0.0,0.0,0.0,0.0,0.0,0.0,0.0,0.0,0.0,0.0,0.0,0.0,0.0,0.0
2025-11-15,0.3511788927051637,0.0,0.0,0.0,0.0,0.0,0.0,0.0,0.0,0.0,0.0,0.0,0.0,0.0,0.0
2025-11-16,0.3511788927051637,0.0,0.0,0.0,0.0,0.0,0.0,0.0,0.0,0.0,0.0,0.0,0.0,0.0,0.0
2025-11-17,0.3511788927051637,0.0,0.0,0.0,0.0,0.0,0.0,0.0,0.0,0.0,0.0,0.0,0.0,0.0,0.0
2025-11-18,0.0,0.0,0.0,0.0,0.0,0.4682499492985103,0.0,0.0,0.0,0.0,0.0,0.0,0.0,0.0,0.0
2025-11-19,0.0,0.0,0.0,0.0,0.0,0.4682499492985103,0.0,0.0,0.0,0.0,0.0,0.0,0.0,0.0,0.0
2025-11-20,0.0,0.0,0.0,0.0,0.0,0.4682499492985103,0.0,0.0,0.0,0.0,0.0,0.0,0.0,0.0,0.0
2025-11-21,0.0,0.0,0.0,0.0,0.0,0.4682499492985103,0.0,0.0,0.0,0.0,0.0,0.0,0.0,0.0,0.0
2025-11-22,0.0,0.0,0.0,0.0,0.0,0.4682499492985103,0.0,0.0,0.0,0.0,0.0,0.0,0.0,0.0,0.0
2025-11-23,0.0,0.0,0.0,0.0,0.0,0.4682499492985103,0.0,0.0,0.0,0.0,0.0,0.0,0.0,0.0,0.0
2025-11-24,0.0,0.0,0.0,0.0,0.0,0.4682499492985103,0.0,0.0,0.0,0.0,0.0,0.0,0.0,0.0,0.0
2025-11-25,0.0,0.0,0.0,0.0,0.19389843485102595,0.4682499492985103,0.0,0.0,0.0,0.0,0.0,0.0,0.0,0.0,0.0
2025-11-26,0.0,0.0,0.0,0.0,0.19389843485102595,0.4682499492985103,0.0,0.0,0.0,0.0,0.0,0.0,0.0,0.0,0.0
2025-11-27,0.0,0.0,0.0,0.0,0.19389843485102595,0.4682499492985103,0.0,0.0,0.0,0.0,0.0,0.0,0.0,0.0,0.0
2025-11-28,0.0,0.0,0.0,0.0,0.19389843485102595,0.4682499492985103,0.0,0.0,0.0,0.0,0.0,0.0,0.0,0.0,0.0
2025-11-29,0.0,0.0,0.0,0.0,0.19389843485102595,0.4682499492985103,0.0,0.0,0.0,0.0,0.0,0.0,0.0,0.0,0.0
2025-11-30,0.0,0.0,0.0,0.0,0.19389843485102595,0.4682499492985103,0.0,0.0,0.0,0.0,0.0,0.0,0.0,0.0,0.0
2025-12-01,0.0,0.0,0.0,0.0,0.19389843485102595,0.4682499492985103,0.0,0.0,0.0,0.0,0.0,0.0,0.0,0.0,0.0
2025-12-02,0.3358543714760121,0.0,0.0,0.0,0.19389843485102595,0.4682499492985103,0.0,0.0,0.0,0.0,0.0,0.0,0.0,0.0,0.0
2025-12-03,0.3358543714760121,0.0,0.0,0.0,0.19389843485102595,0.4682499492985103,0.0,0.0,0.0,0.0,0.0,0.0,0.0,0.0,0.0
2025-12-04,0.3358543714760121,0.0,0.0,0.0,0.19389843485102595,0.4682499492985103,0.0,0.0,0.0,0.0,0.0,0.0,0.0,0.0,0.0
2025-12-05,0.3358543714760121,0.0,0.0,0.0,0.19389843485102595,0.0,0.0,0.0,0.0,0.0,0.0,0.0,0.0,0.0,0.0
2025-12-06,0.3358543714760121,0.0,0.0,0.0,0.19389843485102595,0.0,0.0,0.0,0.0,0.0,0.0,0.0,0.0,0.0,0.0
2025-12-07,0.3358543714760121,0.0,0.0,0.0,0.19389843485102595,0.0,0.0,0.0,0.0,0.0,0.0,0.0,0.0,0.0,0.0
2025-12-08,0.3358543714760121,0.0,0.0,0.0,0.19389843485102595,0.0,0.0,0.0,0.0,0.0,0.0,0.0,0.0,0.0,0.0
2025-12-09,0.0,0.0,0.0,0.0,0.19389843485102595,0.0,0.0,0.0,0.0,0.0,0.0,0.0,0.0,0.0,0.0
2025-12-10,0.0,0.0,0.0,0.0,0.19389843485102595,0.0,0.0,0.0,0.0,0.0,0.0,0.0,0.0,0.0,0.0
2025-12-11,0.0,0.0,0.0,0.0,0.19389843485102595,0.0,0.0,0.0,0.0,0.0,0.0,0.0,0.0,0.0,0.0
2025-12-12,0.0,0.0,0.0,0.0,0.19389843485102595,0.4218342315138942,0.0,0.0,0.0,0.0,0.0,0.0,0.0,0.0,0.0
2025-12-13,0.0,0.0,0.0,0.0,0.19389843485102595,0.4218342315138942,0.0,0.0,0.0,0.0,0.0,0.0,0.0,0.0,0.0
2025-12-14,0.0,0.0,0.0,0.0,0.19389843485102595,0.4218342315138942,0.0,0.0,0.0,0.0,0.0,0.0,0.0,0.0,0.0
2025-12-15,0.0,0.0,0.0,0.0,0.0,0.4218342315138942,0.0,0.0,0.0,0.0,0.0,0.0,0.0,0.0,0.0
2025-12-16,0.0,0.0,0.0,0.0,0.0,0.4218342315138942,0.0,0.0,0.0,0.0,0.0,0.0,0.0,0.0,0.0
2025-12-17,0.0,0.0,0.0,0.0,0.0,0.0,0.0,0.0,0.0,0.0,0.0,0.0,0.0,0.0,0.0
2025-12-18,0.0,0.0,0.0,0.0,0.0,0.0,0.0,0.0,0.0,0.0,0.0,0.0,0.0,0.0,0.0
2025-12-19,0.0,0.0,0.0,0.0,0.0,0.0,0.0,0.0,0.0,0.0,0.0,0.0,0.0,0.0,0.0
2025-12-20,0.0,0.0,0.0,0.0,0.0,0.0,0.0,0.0,0.0,0.0,0.0,0.0,0.0,0.0,0.0
2025-12-21,0.0,0.0,0.0,0.0,0.0,0.0,0.0,0.0,0.0,0.0,0.0,0.0,0.0,0.0,0.0
2025-12-22,0.0,0.0,0.0,0.0,0.0,0.0,0.0,0.0,0.0,0.0,0.0,0.0,0.0,0.0,0.0
2025-12-23,0.0,0.0,0.0,0.0,0.0,0.0,0.33288513221021254,0.0,0.0,0.0,0.0,0.0,0.0,0.0,0.0
2025-12-24,0.0,0.0,0.0,0.0,0.0,0.0,0.33288513221021254,0.0,0.0,0.0,0.0,0.0,0.0,0.0,0.0
2025-12-25,0.0,0.0,0.0,0.0,0.0,0.0,0.33288513221021254,0.0,0.0,0.0,0.0,0.0,0.0,0.0,0.0
2025-12-26,0.0,0.0,0.0,0.0,0.0,0.0,0.33288513221021254,0.0,0.0,0.0,0.0,0.0,0.0,0.0,0.0
2025-12-27,0.0,0.0,0.0,0.0,0.0,0.0,0.33288513221021254,0.0,0.0,0.0,0.0,0.0,0.0,0.0,0.0
2025-12-28,0.0,0.0,0.0,0.0,0.0,0.0,0.33288513221021254,0.0,0.0,0.0,0.0,0.0,0.0,0.0,0.0
2025-12-29,0.0,0.0,0.0,0.0,0.0,0.0,0.33288513221021254,0.0,0.0,0.0,0.0,0.0,0.0,0.0,0.0
2025-12-30,0.0,0.0,0.0,0.0,0.0,0.0,0.33288513221021254,0.0,0.0,0.0,0.0,0.0,0.0,0.0,0.0
2025-12-31,0.0,0.0,0.0,0.0,0.0,0.0,0.33288513221021254,0.0,0.0,0.0,0.0,0.0,0.0,0.0,0.0
2026-01-01,0.0,0.0,0.0,0.0,0.0,0.0,0.33288513221021254,0.0,0.0,0.0,0.0,0.0,0.0,0.0,0.0
2026-01-02,0.0,0.0,0.0,0.0,0.0,0.0,0.33288513221021254,0.0,0.0,0.0,0.0,0.0,0.0,0.0,0.0
2026-01-03,0.0,0.0,0.0,0.0,0.0,0.0,0.33288513221021254,0.0,0.0,0.0,0.0,0.0,0.0,0.0,0.0
2026-01-04,0.0,0.0,0.0,0.0,0.0,0.0,0.33288513221021254,0.0,0.0,0.0,0.0,0.0,0.0,0.0,0.0
2026-01-05,0.0,0.0,0.0,0.0,0.0,0.0,0.33288513221021254,0.0,0.0,0.0,0.0,0.0,0.0,0.0,0.0
2026-01-06,0.0,0.0,0.0,0.0,0.0,0.0,0.33288513221021254,0.0,0.0,0.0,0.0,0.0,0.0,0.0,0.0
2026-01-07,0.0,0.0,0.0,0.0,0.0,0.0,0.33288513221021254,0.0,0.0,0.0,0.0,0.0,0.0,0.4325407313822448,0.0
2026-01-08,0.0,0.0,0.0,0.0,0.0,0.0,0.0,0.0,0.0,0.0,0.0,0.0,0.0,0.4325407313822448,0.0
2026-01-09,0.0,0.0,0.0,0.0,0.0,0.0,0.0,0.0,0.0,0.0,0.0,0.0,0.0,0.4325407313822448,0.0
2026-01-10,0.0,0.0,0.0,0.0,0.0,0.0,0.0,0.0,0.0,0.0,0.0,0.0,0.0,0.4325407313822448,0.0
2026-01-11,0.0,0.0,0.0,0.0,0.0,0.0,0.0,0.0,0.0,0.0,0.0,0.0,0.0,0.4325407313822448,0.0
2026-01-12,0.0,0.0,0.0,0.0,0.0,0.0,0.0,0.0,0.0,0.0,0.0,0.0,0.0,0.0,0.0
2026-01-13,0.0,0.0,0.0,0.0,0.3208702668418798,0.0,0.0,0.0,0.0,0.0,0.0,0.0,0.0,0.0,0.0
2026-01-14,0.0,0.0,0.0,0.0,0.3208702668418798,0.0,0.0,0.0,0.0,0.0,0.0,0.0,0.0,0.0,0.0
2026-01-15,0.0,0.0,0.0,0.0,0.3208702668418798,0.41688121016079455,0.0,0.0,0.0,0.0,0.0,0.0,0.0,0.0,0.0
2026-01-16,0.0,0.0,0.0,0.0,0.3208702668418798,0.41688121016079455,0.0,0.0,0.0,0.0,0.0,0.0,0.0,0.0,0.0
2026-01-17,0.0,0.0,0.0,0.0,0.3208702668418798,0.41688121016079455,0.0,0.0,0.0,0.0,0.0,0.0,0.0,0.0,0.0
2026-01-18,0.0,0.0,0.0,0.0,0.3208702668418798,0.41688121016079455,0.0,0.0,0.0,0.0,0.0,0.0,0.0,0.0,0.0
2026-01-19,0.0,0.0,0.0,0.0,0.3208702668418798,0.41688121016079455,0.0,0.0,0.0,0.0,0.0,0.0,0.0,0.0,0.0
2026-01-20,0.0,0.0,0.0,0.0,0.3208702668418798,0.41688121016079455,0.0,0.0,0.0,0.0,0.0,0.0,0.0,0.0,0.0
2026-01-21,0.0,0.0,0.0,0.0,0.0,0.41688121016079455,0.0,0.0,0.0,0.0,0.0,0.0,0.0,0.0,0.0
2026-01-22,0.0,0.0,0.0,0.0,0.0,0.0,0.0,0.0,0.0,0.0,0.0,0.0,0.0,0.0,0.0
2026-01-23,0.0,0.0,0.0,0.0,0.0,0.0,0.0,0.0,0.0,0.0,0.0,0.0,0.2785072506093929,0.0,0.0
2026-01-24,0.0,0.0,0.0,0.0,0.0,0.0,0.0,0.0,0.0,0.0,0.0,0.0,0.2785072506093929,0.0,0.0
2026-01-25,0.0,0.0,0.0,0.0,0.0,0.0,0.0,0.0,0.0,0.0,0.0,0.0,0.2785072506093929,0.0,0.0
2026-01-26,0.0,0.0,0.0,0.0,0.0,0.0,0.0,0.0,0.0,0.0,0.0,0.0,0.2785072506093929,0.0,0.0
2026-01-27,0.0,0.0,0.0,0.0,0.0,0.0,0.0,0.0,0.0,0.0,0.0,0.0,0.2785072506093929,0.0,0.0
2026-01-28,0.0,0.0,0.0,0.0,0.0,0.3903134005194934,0.0,0.0,0.0,0.0,0.0,0.0,0.0,0.0,0.0
2026-01-29,0.0,0.0,0.0,0.0,0.0,0.3903134005194934,0.0,0.0,0.0,0.0,0.0,0.0,0.0,0.0,0.0
2026-01-30,0.0,0.0,0.0,0.0,0.0,0.3903134005194934,0.0,0.25343379362794705,0.0,0.0,0.0,0.0,0.0,0.0,0.0
2026-01-31,0.0,0.0,0.0,0.0,0.0,0.3903134005194934,0.0,0.25343379362794705,0.0,0.0,0.0,0.0,0.0,0.0,0.0
2026-02-01,0.0,0.0,0.0,0.0,0.0,0.3903134005194934,0.0,0.25343379362794705,0.0,0.0,0.0,0.0,0.0,0.0,0.0
2026-02-02,0.0,0.0,0.0,0.0,0.0,0.3903134005194934,0.0,0.25343379362794705,0.0,0.0,0.0,0.0,0.0,0.0,0.0
2026-02-03,0.0,0.0,0.0,0.0,0.2780833590748564,0.3903134005194934,0.0,0.0,0.0,0.0,0.0,0.0,0.0,0.0,0.0
2026-02-04,0.0,0.0,0.0,0.0,0.2559807159250557,0.35929048049663326,0.0,0.0,0.0,0.0,0.38472880357831096,0.0,0.0,0.0,0.0
2026-02-05,0.0,0.0,0.0,0.0,0.0,0.3903134005194934,0.0,0.0,0.0,0.0,0.417948194438327,0.0,0.0,0.0,0.0
2026-02-06,0.0,0.0,0.0,0.0,0.0,0.3903134005194934,0.0,0.0,0.0,0.0,0.417948194438327,0.0,0.0,0.0,0.0
2026-02-07,0.0,0.0,0.0,0.0,0.0,0.3903134005194934,0.0,0.0,0.0,0.0,0.417948194438327,0.0,0.0,0.0,0.0
2026-02-08,0.0,0.0,0.0,0.0,0.0,0.3903134005194934,0.0,0.0,0.0,0.0,0.417948194438327,0.0,0.0,0.0,0.0
2026-02-09,0.0,0.0,0.0,0.0,0.0,0.3903134005194934,0.0,0.0,0.0,0.0,0.417948194438327,0.0,0.0,0.0,0.0
2026-02-10,0.0,0.0,0.0,0.0,0.0,0.3903134005194934,0.0,0.0,0.0,0.0,0.417948194438327,0.0,0.0,0.0,0.0
2026-02-11,0.0,0.0,0.0,0.0,0.0,0.3903134005194934,0.0,0.0,0.0,0.0,0.417948194438327,0.0,0.0,0.0,0.0
2026-02-12,0.0,0.0,0.0,0.0,0.0,0.3903134005194934,0.0,0.0,0.0,0.0,0.417948194438327,0.0,0.0,0.0,0.0
2026-02-13,0.0,0.0,0.0,0.0,0.0,0.3903134005194934,0.0,0.0,0.0,0.0,0.417948194438327,0.0,0.0,0.0,0.0
2026-02-14,0.0,0.0,0.0,0.0,0.0,0.3903134005194934,0.0,0.0,0.0,0.0,0.417948194438327,0.0,0.0,0.0,0.0
2026-02-15,0.0,0.0,0.0,0.0,0.0,0.3903134005194934,0.0,0.0,0.0,0.0,0.417948194438327,0.0,0.0,0.0,0.0
2026-02-16,0.0,0.0,0.0,0.0,0.0,0.3903134005194934,0.0,0.0,0.0,0.0,0.417948194438327,0.0,0.0,0.0,0.0
2026-02-17,0.0,0.0,0.0,0.0,0.0,0.3903134005194934,0.0,0.0,0.0,0.0,0.417948194438327,0.0,0.0,0.0,0.0
2026-02-18,0.0,0.0,0.0,0.0,0.0,0.3903134005194934,0.0,0.0,0.0,0.0,0.417948194438327,0.0,0.0,0.0,0.0
2026-02-19,0.0,0.0,0.0,0.0,0.0,0.3903134005194934,0.0,0.0,0.0,0.0,0.0,0.0,0.0,0.0,0.0
2026-02-20,0.0,0.0,0.0,0.0,0.0,0.3903134005194934,0.0,0.0,0.0,0.0,0.0,0.0,0.0,0.0,0.0
2026-02-21,0.0,0.0,0.0,0.0,0.0,0.3903134005194934,0.0,0.0,0.0,0.0,0.0,0.0,0.0,0.0,0.0
2026-02-22,0.0,0.0,0.0,0.0,0.0,0.3903134005194934,0.0,0.0,0.0,0.0,0.0,0.0,0.0,0.0,0.0
2026-02-23,0.0,0.0,0.0,0.0,0.0,0.0,0.0,0.0,0.0,0.0,0.0,0.0,0.0,0.0,0.0
2026-02-24,0.0,0.0,0.0,0.0,0.0,0.0,0.0,0.0,0.0,0.0,0.35896763213629074,0.0,0.0,0.0,0.0
2026-02-25,0.0,0.0,0.0,0.0,0.0,0.0,0.0,0.0,0.0,0.0,0.35896763213629074,0.0,0.0,0.0,0.0
2026-02-26,0.0,0.0,0.0,0.0,0.0,0.0,0.0,0.0,0.0,0.20096079595165645,0.35896763213629074,0.0,0.0,0.0,0.0
2026-02-27,0.0,0.0,0.0,0.0,0.0,0.0,0.0,0.0,0.0,0.0,0.35896763213629074,0.0,0.0,0.0,0.0
2026-02-28,0.0,0.0,0.0,0.0,0.0,0.0,0.0,0.0,0.0,0.0,0.35896763213629074,0.0,0.0,0.0,0.0
2026-03-01,0.0,0.0,0.0,0.0,0.0,0.0,0.0,0.0,0.0,0.0,0.35896763213629074,0.0,0.0,0.0,0.0
2026-03-02,0.0,0.0,0.0,0.0,0.0,0.4312456755034895,0.0,0.0,0.0,0.0,0.35896763213629074,0.0,0.0,0.0,0.0
2026-03-03,0.0,0.0,0.0,0.0,0.0,0.4312456755034895,0.0,0.0,0.0,0.0,0.35896763213629074,0.0,0.0,0.0,0.0
2026-03-04,0.0,0.0,0.0,0.0,0.0,0.4312456755034895,0.0,0.0,0.0,0.0,0.0,0.0,0.0,0.0,0.0
2026-03-05,0.0,0.0,0.0,0.0,0.0,0.4312456755034895,0.0,0.0,0.0,0.0,0.0,0.0,0.0,0.0,0.0
2026-03-06,0.0,0.0,0.0,0.0,0.0,0.0,0.0,0.0,0.0,0.0,0.0,0.0,0.0,0.0,0.0
2026-03-07,0.0,0.0,0.0,0.0,0.0,0.0,0.0,0.0,0.0,0.0,0.0,0.0,0.0,0.0,0.0
2026-03-08,0.0,0.0,0.0,0.0,0.0,0.0,0.0,0.0,0.0,0.0,0.0,0.0,0.0,0.0,0.0
2026-03-09,0.0,0.0,0.0,0.0,0.0,0.0,0.0,0.0,0.0,0.0,0.0,0.0,0.0,0.0,0.0
2026-03-10,0.0,0.0,0.0,0.0,0.0,0.0,0.0,0.0,0.0,0.0,0.0,0.0,0.0,0.0,0.0
2026-03-11,0.0,0.0,0.0,0.0,0.0,0.0,0.0,0.0,0.0,0.0,0.0,0.0,0.0,0.0,0.0
2026-03-12,0.0,0.0,0.0,0.0,0.0,0.0,0.0,0.0,0.0,0.0,0.0,0.0,0.0,0.0,0.0
2026-03-13,0.0,0.0,0.0,0.0,0.0,0.0,0.0,0.0,0.0,0.0,0.0,0.0,0.0,0.0,0.0
2026-03-14,0.0,0.0,0.0,0.0,0.0,0.0,0.0,0.0,0.0,0.0,0.0,0.0,0.0,0.0,0.0
2026-03-15,0.0,0.0,0.0,0.0,0.0,0.0,0.0,0.0,0.0,0.0,0.0,0.0,0.0,0.0,0.0
2026-03-16,0.0,0.0,0.0,0.0,0.0,0.0,0.0,0.0,0.0,0.0,0.0,0.0,0.0,0.0,0.0
2026-03-17,0.0,0.0,0.0,0.0,0.0,0.0,0.0,0.0,0.0,0.0,0.0,0.0,0.0,0.0,0.0
2026-03-18,0.0,0.0,0.0,0.0,0.0,0.0,0.0,0.0,0.0,0.0,0.0,0.0,0.0,0.0,0.0
2026-03-19,0.0,0.0,0.0,0.0,0.0,0.0,0.0,0.0,0.0,0.0,0.0,0.0,0.0,0.0,0.0
2026-03-20,0.0,0.0,0.0,0.0,0.0,0.0,0.0,0.0,0.0,0.0,0.0,0.0,0.0,0.0,0.0
2026-03-21,0.0,0.0,0.0,0.0,0.0,0.0,0.0,0.0,0.0,0.0,0.0,0.0,0.0,0.0,0.0
2026-03-22,0.0,0.0,0.0,0.0,0.0,0.0,0.0,0.0,0.0,0.0,0.0,0.0,0.0,0.0,0.0
2026-03-23,0.0,0.0,0.0,0.0,0.0,0.0,0.0,0.0,0.0,0.0,0.0,0.0,0.0,0.0,0.0
2026-03-24,0.0,0.0,0.0,0.0,0.0,0.0,0.0,0.0,0.0,0.0,0.0,0.0,0.0,0.0,0.0
2026-03-25,0.0,0.0,0.0,0.0,0.0,0.0,0.0,0.0,0.0,0.0,0.0,0.0,0.0,0.0,0.0
2026-03-26,0.0,0.0,0.0,0.0,0.0,0.0,0.0,0.0,0.0,0.0,0.0,0.0,0.0,0.0,0.0
2026-03-27,0.0,0.0,0.0,0.0,0.0,0.0,0.0,0.0,0.0,0.0,0.0,0.0,0.0,0.0,0.0
2026-03-28,0.0,0.0,0.0,0.0,0.0,0.0,0.0,0.0,0.0,0.0,0.0,0.0,0.0,0.0,0.0
2026-03-29,0.0,0.0,0.0,0.0,0.0,0.0,0.0,0.0,0.0,0.0,0.0,0.0,0.0,0.0,0.0
2026-03-30,0.0,0.0,0.0,0.0,0.0,0.0,0.0,0.0,0.0,0.0,0.0,0.0,0.0,0.0,0.0
2026-03-31,0.0,0.0,0.0,0.0,0.0,0.0,0.0,0.0,0.0,0.0,0.0,0.0,0.0,0.0,0.0
2026-04-01,0.0,0.0,0.0,0.0,0.0,0.0,0.0,0.0,0.0,0.0,0.0,0.0,0.0,0.0,0.0
2026-04-02,0.0,0.0,0.0,0.0,0.0,0.0,0.0,0.0,0.0,0.0,0.0,0.0,0.0,0.0,0.0
2026-04-03,0.0,0.0,0.0,0.0,0.0,0.0,0.0,0.0,0.0,0.0,0.0,0.0,0.0,0.0,0.0
2026-04-04,0.0,0.0,0.0,0.0,0.0,0.0,0.0,0.0,0.0,0.0,0.0,0.0,0.0,0.0,0.0
2026-04-05,0.0,0.0,0.0,0.0,0.0,0.0,0.0,0.0,0.0,0.0,0.0,0.0,0.0,0.0,0.0
2026-04-06,0.0,0.0,0.0,0.0,0.0,0.0,0.0,0.0,0.0,0.0,0.0,0.0,0.0,0.0,0.0
2026-04-07,0.0,0.0,0.0,0.0,0.0,0.0,0.0,0.0,0.0,0.0,0.0,0.0,0.0,0.0,0.0
2026-04-08,0.0,0.0,0.0,0.0,0.0,0.0,0.0,0.0,0.0,0.0,0.0,0.0,0.0,0.0,0.0
2026-04-09,0.0,0.0,0.0,0.0,0.0,0.0,0.0,0.0,0.0,0.0,0.0,0.0,0.0,0.0,0.0
2026-04-10,0.0,0.0,0.0,0.0,0.0,0.0,0.0,0.0,0.0,0.0,0.0,0.0,0.0,0.0,0.0
2026-04-11,0.0,0.0,0.0,0.0,0.0,0.0,0.0,0.0,0.0,0.0,0.0,0.0,0.0,0.0,0.0
2026-04-12,0.0,0.0,0.0,0.0,0.0,0.0,0.0,0.0,0.0,0.0,0.0,0.0,0.0,0.0,0.0
2026-04-13,0.0,0.0,0.0,0.0,0.0,0.0,0.0,0.0,0.0,0.0,0.0,0.0,0.0,0.0,0.0
2026-04-14,0.0,0.0,0.0,0.0,0.0,0.0,0.0,0.0,0.0,0.0,0.0,0.0,0.0,0.0,0.0
2026-04-15,0.0,0.0,0.0,0.0,0.0,0.0,0.0,0.0,0.0,0.0,0.0,0.0,0.0,0.0,0.0
2026-04-16,0.0,0.0,0.0,0.0,0.0,0.0,0.0,0.0,0.0,0.2574119472940392,0.0,0.0,0.0,0.0,0.0
2026-04-17,0.0,0.0,0.0,0.0,0.0,0.0,0.0,0.0,0.0,0.2574119472940392,0.0,0.0,0.0,0.0,0.0
2026-04-18,0.0,0.0,0.0,0.0,0.0,0.0,0.0,0.0,0.0,0.2574119472940392,0.0,0.0,0.0,0.0,0.0
2026-04-19,0.0,0.0,0.0,0.0,0.0,0.0,0.0,0.0,0.0,0.2574119472940392,0.0,0.0,0.0,0.0,0.0
2026-04-20,0.0,0.0,0.0,0.0,0.0,0.0,0.0,0.0,0.0,0.2574119472940392,0.0,0.0,0.2463517652924142,0.0,0.0
2026-04-21,0.0,0.0,0.0,0.0,0.0,0.0,0.0,0.0,0.0,0.2574119472940392,0.0,0.0,0.2463517652924142,0.0,0.0
2026-04-22,0.0,0.0,0.0,0.0,0.0,0.0,0.0,0.0,0.0,0.2574119472940392,0.0,0.0,0.2463517652924142,0.0,0.0
2026-04-23,0.0,0.0,0.0,0.0,0.0,0.0,0.0,0.0,0.0,0.2574119472940392,0.0,0.0,0.2463517652924142,0.0,0.0
2026-04-24,0.0,0.0,0.0,0.0,0.0,0.0,0.0,0.0,0.0,0.2574119472940392,0.0,0.0,0.2463517652924142,0.0,0.0
2026-04-25,0.0,0.0,0.0,0.0,0.0,0.0,0.0,0.0,0.0,0.2574119472940392,0.0,0.0,0.2463517652924142,0.0,0.0
2026-04-26,0.0,0.0,0.0,0.0,0.0,0.0,0.0,0.0,0.0,0.2574119472940392,0.0,0.0,0.2463517652924142,0.0,0.0
2026-04-27,0.0,0.0,0.0,0.0,0.27879303969681635,0.0,0.0,0.0,0.0,0.0,0.0,0.0,0.2463517652924142,0.0,0.0
2026-04-28,0.0,0.0,0.0,0.0,0.27879303969681635,0.0,0.0,0.0,0.0,0.264602318870727,0.0,0.0,0.2463517652924142,0.0,0.0
2026-04-29,0.0,0.0,0.0,0.0,0.27879303969681635,0.0,0.0,0.0,0.0,0.264602318870727,0.0,0.0,0.2463517652924142,0.0,0.0
