timestamp,ret,equity,drawdown,benchmark_equity,active_ret
2018-01-01,0.0,1000.0,0.0,1000.0,0.0
2018-01-02,0.0,1000.0,0.0,1037.2845160869608,-0.03728451608696085
2018-01-03,0.0,1000.0,0.0,1063.411309962318,-0.0251876832924466
2018-01-04,0.0,1000.0,0.0,1063.179329736505,0.00021814722454007094
2018-01-05,0.0,1000.0,0.0,1180.9507466126854,-0.11077286171973297
2018-01-06,0.0,1000.0,0.0,1277.2618525413204,-0.08155387191623682
2018-01-07,0.0,1000.0,0.0,1256.707795354817,0.016092281426559323
2018-01-08,0.0,1000.0,0.0,1238.689939319059,0.014337347235656257
2018-01-09,0.0,1000.0,0.0,1251.4868244826612,-0.010330983369927755
2018-01-10,0.0,1000.0,0.0,1252.727120826144,-0.0009910582510492022
2018-01-11,0.0,1000.0,0.0,1255.0514413883814,-0.0018554085112360325
2018-01-12,0.0,1000.0,0.0,1288.3688588469545,-0.026546654869952002
2018-01-13,0.0,1000.0,0.0,1312.9027652810403,-0.01904261055800665
2018-01-14,0.0,1000.0,0.0,1284.2844184339947,0.02179776568672195
2018-01-15,0.0,1000.0,0.0,1264.8201280651897,0.015155747503764836
2018-01-16,0.0,1000.0,0.0,1133.6989504082462,0.10366784552798118
2018-01-17,0.0,1000.0,0.0,1147.2905262125398,-0.01198869929217047
2018-01-18,0.0,1000.0,0.0,1145.2134184947747,0.0018104461514400563
2018-01-19,0.0,1000.0,0.0,1168.5206981336667,-0.02035190931444578
2018-01-20,0.0,1000.0,0.0,1220.9370719197623,-0.044857034941541016
2018-01-21,0.0,1000.0,0.0,1165.954639811617,0.04503297784356137
2018-01-22,0.0,1000.0,0.0,1131.521824232022,0.029531865480768933
2018-01-23,0.0,1000.0,0.0,1132.3999890538016,-0.0007760918110224026
2018-01-24,0.0,1000.0,0.0,1162.63767185453,-0.026702298739859614
2018-01-25,0.0,1000.0,0.0,1152.043892698261,0.00911184921384045
2018-01-26,0.0,1000.0,0.0,1149.2182434119384,0.0024527271089510106
2018-01-27,0.0,1000.0,0.0,1169.0978390404869,-0.017298364120575886
2018-01-28,0.0,1000.0,0.0,1199.2651754639546,-0.025803945072917975
2018-01-29,0.0,1000.0,0.0,1168.011391889063,0.0260607780616999
2018-01-30,0.0,1000.0,0.0,1122.5589607852573,0.03891437311265771
2018-01-31,0.0,1000.0,0.0,1126.8506603626824,-0.003823139565357752
2018-02-01,0.0,1000.0,0.0,1072.7878305809995,0.04797692514488353
2018-02-02,0.0,1000.0,0.0,1053.129877371187,0.018324176178588867
2018-02-03,0.0,1000.0,0.0,1066.259136172906,-0.01246689423957086
2018-02-04,0.0,1000.0,0.0,1004.8001034383265,0.057639865066172025
2018-02-05,0.0,1000.0,0.0,933.2318141492187,0.07122639522449101
2018-02-06,0.0,1000.0,0.0,992.7799822087297,-0.06380854912645484
2018-02-07,0.0,1000.0,0.0,983.7958960770393,0.009049423127673031
2018-02-08,0.0,1000.0,0.0,996.1098282098328,-0.012516754930465033
2018-02-09,0.0,1000.0,0.0,1057.090325877913,-0.0612186487283957
2018-02-10,0.0,1000.0,0.0,1040.6094738050292,0.015590769936520674
2018-02-11,0.0,1000.0,0.0,1015.8784275930535,0.023765924522621957
2018-02-12,0.0,1000.0,0.0,1052.4500330530439,-0.0359999823469432
2018-02-13,0.0,1000.0,0.0,1036.76701884968,0.014901433522567184
2018-02-14,0.0,1000.0,0.0,1089.087076512582,-0.050464623885270274
2018-02-15,0.0,1000.0,0.0,1105.891085020487,-0.015429444412942679
2018-02-16,0.0,1000.0,0.0,1116.4114607137328,-0.00951303056489583
2018-02-17,0.0,1000.0,0.0,1141.3525431446974,-0.022340403434249496
2018-02-18,0.0,1000.0,0.0,1107.8055718396727,0.02939229557643503
2018-02-19,0.0,1000.0,0.0,1130.1365436079375,-0.020157843881558675
2018-02-20,0.0,1000.0,0.0,1104.2472530856421,0.022908108465941934
2018-02-21,0.0,1000.0,0.0,1076.9632682489218,0.02470822070010102
2018-02-22,0.0,1000.0,0.0,1052.8685389111808,0.02237284227615063
2018-02-23,0.0,1000.0,0.0,1081.3193678317011,-0.027022204452934146
2018-02-24,0.0,1000.0,0.0,1061.807083557348,0.018044885585911347
2018-02-25,0.0,1000.0,0.0,1065.8755975372728,-0.0038316884893007585
2018-02-26,0.0,1000.0,0.0,1091.6602963879545,-0.024191095949900352
2018-02-27,0.0,1000.0,0.0,1105.8075619805372,-0.012959402883289466
2018-02-28,0.0,1000.0,0.0,1097.5789547398172,0.007441265120291355
2018-03-01,0.0,1000.0,0.0,1110.0813976047164,-0.011390928015618649
2018-03-02,0.0,1000.0,0.0,1105.5326745349319,0.004097648226156706
2018-03-03,0.0,1000.0,0.0,1111.650693499077,-0.005534001034134055
2018-03-04,0.0,1000.0,0.0,1117.0229239530947,-0.004832660551947088
2018-03-05,0.0,1000.0,0.0,1108.0361752055876,0.008045267966125083
2018-03-06,0.0,1000.0,0.0,1080.0968720692408,0.025215154307721952
2018-03-07,0.0,1000.0,0.0,1050.7483552618553,0.027172115359578735
2018-03-08,0.0,1000.0,0.0,1017.3936260109158,0.031743784402714845
2018-03-09,0.0,1000.0,0.0,1022.7804965021608,-0.005294775152431597
2018-03-10,0.0,1000.0,0.0,995.7110812631103,0.0264664953346549
2018-03-11,0.0,1000.0,0.0,1027.9996159962602,-0.0324276141350062
2018-03-12,0.0,1000.0,0.0,1012.8107542499929,0.014775162859907496
2018-03-13,0.0,1000.0,0.0,1050.9651335146687,-0.037671775407765784
2018-03-14,0.0,1000.0,0.0,998.4915986671464,0.049928901705843125
2018-03-15,0.0,1000.0,0.0,1002.3173516265978,-0.0038315324481027796
2018-03-16,0.0,1000.0,0.0,999.7154902182682,0.0025958459205630557
2018-03-17,0.0,1000.0,0.0,977.542085589743,0.02217971497439151
2018-03-18,0.0,1000.0,0.0,982.1717688075595,-0.004736044909026508
2018-03-19,0.0,1000.0,0.0,995.4890979515872,-0.013559063258554018
2018-03-20,0.0,1000.0,0.0,1002.6415425383692,-0.007184854762849501
2018-03-21,0.0,1000.0,0.0,1015.5536785735064,-0.012878117938787681
2018-03-22,0.0,1000.0,0.0,1009.4085258120102,0.006051036878846101
2018-03-23,0.0,1000.0,0.0,1036.8674094910566,-0.027202944077530353
2018-03-24,0.0,1000.0,0.0,1043.7268816367432,-0.006615573103077302
2018-03-25,0.0,1000.0,0.0,1040.1338658505765,0.0034424865828232643
2018-03-26,0.0,1000.0,0.0,1012.9231700116139,0.02616076327512995
2018-03-27,0.0,1000.0,0.0,989.8879225532427,0.02274135703511166
2018-03-28,0.0,1000.0,0.0,993.9191602807308,-0.00407241833710857
2018-03-29,0.0,1000.0,0.0,940.4169236585262,0.05382956558267057
2018-03-30,0.0,1000.0,0.0,941.3711418220574,-0.001014675660896239
2018-03-31,0.0,1000.0,0.0,952.0068191895969,-0.011298070330638963
2018-04-01,0.0,1000.0,0.0,944.8486394885005,0.007519042465672461
2018-04-02,0.0,1000.0,0.0,970.5272718336898,-0.027177508938458623
2018-04-03,0.0,1000.0,0.0,995.9391689236622,-0.02618359919135476
2018-04-04,0.0,1000.0,0.0,959.8936862068922,0.03619245415934919
2018-04-05,0.0,1000.0,0.0,963.623140133532,-0.003885278109680011
2018-04-06,0.0,1000.0,0.0,953.2040519291994,0.01081240971744281
2018-04-07,0.0,1000.0,0.0,967.7098569752497,-0.015217943122138295
2018-04-08,0.0,1000.0,0.0,971.7927983196842,-0.0042191792457260445
2018-04-09,0.0,1000.0,0.0,964.0328551382052,0.007985182844425984
2018-04-10,0.0,1000.0,0.0,973.3440908179938,-0.009658628987757536
2018-04-11,0.0,1000.0,0.0,982.827285154177,-0.009742900199058704
2018-04-12,0.0,1000.0,0.0,1031.7485526657347,-0.04977605755408306
2018-04-13,0.0,1000.0,0.0,1036.5271031635807,-0.004631506858429406
2018-04-14,0.0,1000.0,0.0,1038.544701048188,-0.0019464979530679255
2018-04-15,0.0,1000.0,0.0,1052.2358873546689,-0.013183049600717636
2018-04-16,0.0,1000.0,0.0,1030.7812542661661,0.02038956601493599
2018-04-17,0.0,1000.0,0.0,1019.4311307872057,0.011011185381946707
2018-04-18,0.0,1000.0,0.0,1049.680539528671,-0.029672832060863814
2018-04-19,0.0,1000.0,0.0,1068.9393301503644,-0.01834728748076153
2018-04-20,0.0,1000.0,0.0,1113.1067611954934,-0.04131893157950887
2018-04-21,0.0,1000.0,0.0,1112.804846272503,0.0002712362672796985
2018-04-22,0.0,1000.0,0.0,1106.6545148587425,0.005526873318679436
2018-04-23,0.0,1000.0,0.0,1128.2542646013915,-0.01951806047202192
2018-04-24,0.0,1000.0,0.0,1183.3689046539193,-0.048849485246128914
2018-04-25,0.0,1000.0,0.0,1109.2964859212675,0.06259452858811972
2018-04-26,0.0,1000.0,0.0,1156.560887144761,-0.042607546155021526
2018-04-27,0.0,1000.0,0.0,1136.4276068100346,0.017407886224157374
2018-04-28,0.0,1000.0,0.0,1206.4791103692553,-0.0616418530660798
2018-04-29,0.0,1000.0,0.0,1210.8715440282872,-0.0036407042784914706
2018-04-30,0.0,1000.0,0.0,1184.332549413195,0.021917266737314676
2018-05-01,0.0,1000.0,0.0,1186.3149299974598,-0.0016738377960202452
2018-05-02,0.0,1000.0,0.0,1205.0806999240085,-0.01581853979245532
2018-05-03,0.0,1000.0,0.0,1237.916002725705,-0.027247389161379126
2018-05-04,0.0,1000.0,0.0,1230.375062705872,0.006091641115575649
2018-05-05,0.0,1000.0,0.0,1247.6130071839893,-0.014010316854282763
2018-05-06,0.0,1000.0,0.0,1216.5449262112,0.02490201752778587
2018-05-07,0.0,1000.0,0.0,1182.272782648302,0.028171703999156774
2018-05-08,0.0,1000.0,0.0,1167.686715962506,0.012337310728851423
2018-05-09,0.0,1000.0,0.0,1180.501081246255,-0.010974146668429219
2018-05-10,0.0,1000.0,0.0,1133.5641518733078,0.03976017482626591
2018-05-11,0.0,1000.0,0.0,1068.2229650341078,0.05764224877014523
2018-05-12,0.0,1000.0,0.0,1078.2574507494483,-0.009393624780403382
2018-05-13,0.0,1000.0,0.0,1111.7290336339922,-0.03104229222926258
2018-05-14,0.0,1000.0,0.0,1100.5526209728566,0.01005318051702077
2018-05-15,0.0,1000.0,0.0,1072.7028000772302,0.025305306047981663
2018-05-16,0.0,1000.0,0.0,1070.371888428294,0.00217293331272052
2018-05-17,0.0,1000.0,0.0,1039.5477522633637,0.02879759502110227
2018-05-18,0.0,1000.0,0.0,1088.7027921648073,-0.0472850235060589
2018-05-19,0.0,1000.0,0.0,1078.9766716954696,0.008933678263098812
2018-05-20,0.0,1000.0,0.0,1102.10828615568,-0.021438475054202884
2018-05-21,0.0,1000.0,0.0,1089.704507165834,0.011254591899596449
2018-05-22,0.0,1000.0,0.0,1036.0935126566412,0.04919773586018036
2018-05-23,0.0,1000.0,0.0,972.1762140700171,0.06169066576117656
2018-05-24,0.0,1000.0,0.0,1000.5730511507168,-0.02920955755728308
2018-05-25,0.0,1000.0,0.0,982.3699702179231,0.0181926556105614
2018-05-26,0.0,1000.0,0.0,976.6435031148881,0.005829236720015674
2018-05-27,0.0,1000.0,0.0,967.7410054876435,0.009115401473363602
2018-05-28,0.0,1000.0,0.0,914.3502548059771,0.05517049538968636
2018-05-29,0.0,1000.0,0.0,977.59186746929,-0.0691656313659941
2018-05-30,0.0,1000.0,0.0,978.241908137173,-0.000664940748295928
2018-05-31,0.0,1000.0,0.0,1015.7109595006289,-0.03830243935756826
2018-06-01,0.0,1000.0,0.0,1018.1170155685961,-0.0023688393292027004
2018-06-02,0.0,1000.0,0.0,1036.2905887986578,-0.01785018121901435
2018-06-03,0.0,1000.0,0.0,1056.2054790813534,-0.019217476736696444
2018-06-04,0.0,1000.0,0.0,1023.2239275187169,0.03122645376856256
2018-06-05,0.0,1000.0,0.0,1052.700996217162,-0.028808033027458428
2018-06-06,0.0,1000.0,0.0,1066.1565310895792,-0.012781915207422714
2018-06-07,0.0,1000.0,0.0,1055.1629423107668,0.010311420938890956
2018-06-08,0.0,1000.0,0.0,1045.9304469786869,0.008749829018692812
2018-06-09,0.0,1000.0,0.0,1034.7395903688314,0.010699427138947495
2018-06-10,0.0,1000.0,0.0,949.0192413125875,0.08284243673878275
2018-06-11,0.0,1000.0,0.0,973.9296935028832,-0.026248627115127782
2018-06-12,0.0,1000.0,0.0,931.9785250807308,0.0430741240379155
2018-06-13,0.0,1000.0,0.0,906.2342628382056,0.027623235460597355
2018-06-14,0.0,1000.0,0.0,945.2347905847358,-0.04303581242270149
2018-06-15,0.0,1000.0,0.0,919.3307900225196,0.0274048319213808
2018-06-16,0.0,1000.0,0.0,931.3415186828897,-0.013064643097699216
2018-06-17,0.0,1000.0,0.0,934.9708243573979,-0.0038968580286646215
2018-06-18,0.0,1000.0,0.0,953.6091658510497,-0.019934677113012382
2018-06-19,0.0,1000.0,0.0,964.1925694446891,-0.011098261187741645
2018-06-20,0.0,1000.0,0.0,952.0738886984735,0.012568734846395964
2018-06-21,0.0,1000.0,0.0,952.4775267723134,-0.0004239566683124085
2018-06-22,0.0,1000.0,0.0,880.1663681464289,0.07591901813256127
2018-06-23,0.0,1000.0,0.0,886.9245953581093,-0.0076783520210079404
2018-06-24,0.0,1000.0,0.0,861.638021348151,0.028510398902342304
2018-06-25,0.0,1000.0,0.0,875.4869992087098,-0.016072849058923984
2018-06-26,0.0,1000.0,0.0,839.974172832201,0.040563510832949325
2018-06-27,0.0,1000.0,0.0,851.6002132854825,-0.013840949911687448
2018-06-28,0.0,1000.0,0.0,826.1494156987407,0.029885851588214662
2018-06-29,0.0,1000.0,0.0,848.9954706166585,-0.0276536598389954
2018-06-30,0.0,1000.0,0.0,875.3992655724769,-0.03110004219061424
2018-07-01,0.0,1000.0,0.0,873.8569964798417,0.0017617893380648595
2018-07-02,0.0,1000.0,0.0,905.9141059317985,-0.03668461725556092
2018-07-03,0.0,1000.0,0.0,890.6795697284961,0.016816755698524748
2018-07-04,0.0,1000.0,0.0,895.3248868247753,-0.0052154750756158485
2018-07-05,0.0,1000.0,0.0,885.1065655566515,0.011412975801848413
2018-07-06,0.0,1000.0,0.0,882.4027020345196,0.0030548451761074186
2018-07-07,0.0,1000.0,0.0,900.5977050853837,-0.02061984058855734
2018-07-08,0.0,1000.0,0.0,894.5337992125509,0.006733201560021567
2018-07-09,0.0,1000.0,0.0,878.8355837683125,0.017549046730327405
2018-07-10,0.0,1000.0,0.0,836.4533345885318,0.0482254587349002
2018-07-11,0.0,1000.0,0.0,845.2860768854669,-0.010559755017630639
2018-07-12,0.0,1000.0,0.0,826.8974032334644,0.021754378966890316
2018-07-13,0.0,1000.0,0.0,836.6963602630251,-0.01185026944242811
2018-07-14,0.0,1000.0,0.0,835.7084793940057,0.0011806922032131992
2018-07-15,0.0,1000.0,0.0,852.0688222184066,-0.019576614606404634
2018-07-16,0.0,1000.0,0.0,898.8026022232692,-0.05484742404162705
2018-07-17,0.0,1000.0,0.0,938.3225836425197,-0.04396958945322828
2018-07-18,0.0,1000.0,0.0,927.9524597850458,0.01105176837715833
2018-07-19,0.0,1000.0,0.0,925.2849976922366,0.0028745676189349772
2018-07-20,0.0,1000.0,0.0,884.5809864942842,0.04399078262316235
2018-07-21,0.0,1000.0,0.0,894.5849500341648,-0.011309268108426711
2018-07-22,0.0,1000.0,0.0,896.4654016727764,-0.002102038088769409
2018-07-23,0.0,1000.0,0.0,893.6627692991758,0.003126314042204933
2018-07-24,0.0,1000.0,0.0,925.4997864227018,-0.035625314399628794
2018-07-25,0.0,1000.0,0.0,929.0777241235468,-0.0038659519465418235
2018-07-26,0.0,1000.0,0.0,915.9257003300194,0.014155999495020142
2018-07-27,0.0,1000.0,0.0,932.1938865493062,-0.017761469312876636
2018-07-28,0.0,1000.0,0.0,937.8259551730275,-0.00604173520657747
2018-07-29,0.0,1000.0,0.0,928.1521823485731,0.01031510460026619
2018-07-30,0.0,1000.0,0.0,907.1992710439106,0.022574866172962924
2018-07-31,0.0,1000.0,0.0,887.2902079604064,0.021945633907526147
2018-08-01,0.0,1000.0,0.0,881.725125639668,0.0062719978996845305
2018-08-02,0.0,1000.0,0.0,868.72522019854,0.014743716678933086
2018-08-03,0.0,1000.0,0.0,871.0085679875842,-0.002628388972663106
2018-08-04,0.0,1000.0,0.0,852.8757474708319,0.020818188457832454
2018-08-05,0.0,1000.0,0.0,856.6388836893227,-0.004412291274139589
2018-08-06,0.0,1000.0,0.0,847.6664951218152,0.010473945017375181
2018-08-07,0.0,1000.0,0.0,815.5527920215285,0.03788483240177097
2018-08-08,0.0,1000.0,0.0,767.6003865868048,0.05879742660908928
2018-08-09,0.0,1000.0,0.0,792.8880076645885,-0.032943731555721376
2018-08-10,0.0,1000.0,0.0,755.868613835441,0.046689309803267354
2018-08-11,0.0,1000.0,0.0,737.3196257858725,0.024539963308500105
2018-08-12,0.0,1000.0,0.0,740.008596677169,-0.003646954180055181
2018-08-13,0.0,1000.0,0.0,696.3015251457168,0.05906292403589402
2018-08-14,0.0,1000.0,0.0,677.0878224673386,0.027593940246443318
2018-08-15,0.0,1000.0,0.0,683.2603663612955,-0.00911631207819376
2018-08-16,0.0,1000.0,0.0,693.8429553882326,-0.01548836951174962
2018-08-17,0.0,1000.0,0.0,761.5585854653135,-0.09759503869170409
2018-08-18,0.0,1000.0,0.0,717.2108437552912,0.05823286948163785
2018-08-19,0.0,1000.0,0.0,730.7073638540849,-0.018818064752237223
2018-08-20,0.0,1000.0,0.0,693.6611706643223,0.050699082864532875
2018-08-21,0.0,1000.0,0.0,711.1738830318636,-0.025246782014292694
2018-08-22,0.0,1000.0,0.0,693.9169358523241,0.024265439987714386
2018-08-23,0.0,1000.0,0.0,705.6250672818586,-0.016872525837914192
2018-08-24,0.0,1000.0,0.0,716.2181393834147,-0.015012323956065934
2018-08-25,0.0,1000.0,0.0,715.2317834792121,0.0013771724701803528
2018-08-26,0.0,1000.0,0.0,712.1409002003898,0.004321512760222809
2018-08-27,0.0,1000.0,0.0,743.2425474958254,-0.04367344620521564
2018-08-28,0.0,1000.0,0.0,760.96778427314,-0.0238485227158152
2018-08-29,0.0,1000.0,0.0,752.4053007135104,0.01125209731159403
2018-08-30,0.0,1000.0,0.0,738.3569189474126,0.0186712955806873
2018-08-31,0.0,1000.0,0.0,740.9164037563013,-0.0034664601132707385
2018-09-01,0.0,1000.0,0.0,763.061269534553,-0.029888480894715772
2018-09-02,0.0,1000.0,0.0,759.9963961195916,0.004016549571217236
2018-09-03,0.0,1000.0,0.0,752.7923519137595,0.009479050483153086
2018-09-04,0.0,1000.0,0.0,754.2258035160226,-0.0019041792847905858
2018-09-05,0.0,1000.0,0.0,673.1070879504709,0.10755229426969388
2018-09-06,0.0,1000.0,0.0,684.2250798004447,-0.016517419068972767
2018-09-07,0.0,1000.0,0.0,662.005966938812,0.032473397303871145
2018-09-08,0.0,1000.0,0.0,637.3132913464995,0.037299777986132314
2018-09-09,0.0,1000.0,0.0,636.2306706867472,0.00169872600250498
2018-09-10,0.0,1000.0,0.0,632.1846595087528,0.006359346325802199
2018-09-11,0.0,1000.0,0.0,618.7444357514487,0.02125996503576666
2018-09-12,0.0,1000.0,0.0,614.3001031750046,0.0071828243126690495
2018-09-13,0.0,1000.0,0.0,640.5741411209366,-0.042770687828530426
2018-09-14,0.0,1000.0,0.0,638.9722877281542,0.0025006526020223845
2018-09-15,0.0,1000.0,0.0,650.0529233057587,-0.01734133982085709
2018-09-16,0.0,1000.0,0.0,649.5238432416235,0.0008139030610686072
2018-09-17,0.0,1000.0,0.0,618.3442996487732,0.04800369365540204
2018-09-18,0.0,1000.0,0.0,650.3411420869481,-0.05174599726454903
2018-09-19,0.0,1000.0,0.0,659.2139448150442,-0.013643305265330927
2018-09-20,0.0,1000.0,0.0,717.313245457018,-0.08813421059876801
2018-09-21,0.0,1000.0,0.0,772.0425361511457,-0.076297616195918
2018-09-22,0.0,1000.0,0.0,762.8900943446095,0.01185484138239826
2018-09-23,0.0,1000.0,0.0,772.3517836800474,-0.01240242782751877
2018-09-24,0.0,1000.0,0.0,736.1061513996711,0.046928916390502375
2018-09-25,0.0,1000.0,0.0,733.2738706453958,0.003847652609463895
2018-09-26,0.0,1000.0,0.0,724.3247771564364,0.012204298894603885
2018-09-27,0.0,1000.0,0.0,754.1395743064631,-0.04116219421220694
2018-09-28,0.0,1000.0,0.0,745.5570976860536,0.011380488324462177
2018-09-29,0.0,1000.0,0.0,756.191557677444,-0.0142637767441233
2018-09-30,0.0,1000.0,0.0,760.8142591323773,-0.006113135498538583
2018-10-01,0.0,1000.0,0.0,758.0675078915418,0.0036102783404293737
2018-10-02,0.0,1000.0,0.0,743.6402253106901,0.019031659358385085
2018-10-03,0.0,1000.0,0.0,741.2657698792467,0.0031930163950602314
2018-10-04,0.0,1000.0,0.0,744.3922494285414,-0.0042177578897295565
2018-10-05,0.0,1000.0,0.0,752.3038101466514,-0.010628214794261395
2018-10-06,0.0,1000.0,0.0,738.8411234306105,0.017895279187030093
2018-10-07,0.0,1000.0,0.0,743.6604165097365,-0.006522773200209664
2018-10-08,0.0,1000.0,0.0,751.7484205439623,-0.010875937262044642
2018-10-09,0.0,1000.0,0.0,745.9552416968573,0.007706273387196586
2018-10-10,0.0,1000.0,0.0,739.2958539060829,0.00892732890464852
2018-10-11,0.0,1000.0,0.0,669.8097734494158,0.09398954436107831
2018-10-12,0.0,1000.0,0.0,687.8238984538577,-0.02689438959911253
2018-10-13,0.0,1000.0,0.0,693.0182361877314,-0.0075518424782126115
2018-10-14,0.0,1000.0,0.0,684.3453633875852,0.012514638644800338
2018-10-15,0.0,1000.0,0.0,728.4620689857495,-0.06446555782855283
2018-10-16,0.0,1000.0,0.0,732.4264688045203,-0.005442149958872108
2018-10-17,0.0,1000.0,0.0,733.7149123765009,-0.0017591439234624679
2018-10-18,0.0,1000.0,0.0,717.445324274836,0.02217426390989896
2018-10-19,0.0,1000.0,0.0,713.9330647260615,0.00489550831253162
2018-10-20,0.0,1000.0,0.0,719.3877529588879,-0.007640335631351215
2018-10-21,0.0,1000.0,0.0,717.8043226902998,0.0022010803799138606
2018-10-22,0.0,1000.0,0.0,716.4147816451609,0.0019358215062442094
2018-10-23,0.0,1000.0,0.0,715.9863325064092,0.0005980462013469737
2018-10-24,0.0,1000.0,0.0,713.3549798107531,0.0036751437509213248
2018-10-25,0.0,1000.0,0.0,710.3277827249864,0.004243605457930392
2018-10-26,0.0,1000.0,0.0,711.807544580937,-0.0020832098813222994
2018-10-27,0.0,1000.0,0.0,707.0369158941603,0.006702132792910146
2018-10-28,0.0,1000.0,0.0,708.1063734981491,-0.0015125908986468911
2018-10-29,0.0,1000.0,0.0,689.989174331634,0.025585420276636604
2018-10-30,0.0,1000.0,0.0,690.3763193149181,-0.0005610884890462511
2018-10-31,0.0,1000.0,0.0,694.2788313288772,-0.005652731567953666
2018-11-01,0.0,1000.0,0.0,699.4401484238269,-0.007434069515083376
2018-11-02,0.0,1000.0,0.0,704.1700973434746,-0.006762478434082604
2018-11-03,0.0,1000.0,0.0,698.7486301603597,0.007699087484071998
2018-11-04,0.0,1000.0,0.0,719.0673780935817,-0.02907876603430196
2018-11-05,0.0,1000.0,0.0,723.6435579378835,-0.006364048743852292
2018-11-06,0.0,1000.0,0.0,748.3732644386511,-0.0341738777738008
2018-11-07,0.0,1000.0,0.0,742.4437659359966,0.007923183235443514
2018-11-08,0.0,1000.0,0.0,724.0320827734461,0.024798757841732164
2018-11-09,0.0,1000.0,0.0,719.9049405505483,0.005700220088436593
2018-11-10,0.0,1000.0,0.0,723.2877339285951,-0.0046989445237863225
2018-11-11,0.0,1000.0,0.0,725.1122017170134,-0.002522464716093647
2018-11-12,0.0,1000.0,0.0,727.2542272775302,-0.0029540608411287345
2018-11-13,0.0,1000.0,0.0,720.4107859394413,0.00940997120595263
2018-11-14,0.0,1000.0,0.0,675.427188578711,0.062441593377964365
2018-11-15,0.0,1000.0,0.0,665.4536040455604,0.014766335589980957
2018-11-16,0.0,1000.0,0.0,649.2569894248203,0.024339209408852053
2018-11-17,0.0,1000.0,0.0,650.2268962849042,-0.0014938720350831896
2018-11-18,0.0,1000.0,0.0,660.047109376892,-0.01510274820696573
2018-11-19,0.0,1000.0,0.0,595.6488881508582,0.0975660984059578
2018-11-20,0.0,1000.0,0.0,552.2249986697998,0.0729018224408412
2018-11-21,0.0,1000.0,0.0,567.7775450301613,-0.028163423238398298
2018-11-22,0.0,1000.0,0.0,537.4320380021161,0.053446120392861375
2018-11-23,0.0,1000.0,0.0,532.9447787121256,0.008349445088297412
2018-11-24,0.0,1000.0,0.0,497.3642896177387,0.06676205587447197
2018-11-25,0.0,1000.0,0.0,502.931740101333,-0.011193908770316816
2018-11-26,0.0,1000.0,0.0,484.26923435948396,0.03710743278618459
2018-11-27,0.0,1000.0,0.0,484.9447752759652,-0.001394969716328877
2018-11-28,0.0,1000.0,0.0,519.1815358555822,-0.07059929774505565
2018-11-29,0.0,1000.0,0.0,514.6895724538854,0.008652009155707503
2018-11-30,0.0,1000.0,0.0,495.78108998631706,0.03673764435797359
2018-12-01,0.0,1000.0,0.0,509.1532193639089,-0.02697184230637149
2018-12-02,0.0,1000.0,0.0,508.08038307888535,0.002107099089668583
2018-12-03,0.0,1000.0,0.0,486.0885056820929,0.043284248180426234
2018-12-04,0.0,1000.0,0.0,497.6271708333357,-0.023737786465556115
2018-12-05,0.0,1000.0,0.0,483.27918723626294,0.02883279780130445
2018-12-06,0.0,1000.0,0.0,443.73498520446964,0.08182475694419089
2018-12-07,0.0,1000.0,0.0,434.61523262423304,0.020552250519607424
2018-12-08,0.0,1000.0,0.0,435.83283861335656,-0.0028015722821574463
2018-12-09,0.0,1000.0,0.0,445.2881742197485,-0.021694867317650943
2018-12-10,0.0,1000.0,0.0,434.40309752645237,0.024445016336599044
2018-12-11,0.0,1000.0,0.0,434.5203803898993,-0.0002699862503622308
2018-12-12,0.0,1000.0,0.0,441.17701173197537,-0.015319491656762116
2018-12-13,0.0,1000.0,0.0,428.5281519192863,0.02867071374148013
2018-12-14,0.0,1000.0,0.0,419.78094375177807,0.020412213592809186
2018-12-15,0.0,1000.0,0.0,418.5815697407039,0.0028571425857370886
2018-12-16,0.0,1000.0,0.0,422.87374056220034,-0.010254084584171526
2018-12-17,0.0,1000.0,0.0,456.3093179208219,-0.07906751862664681
2018-12-18,0.0,1000.0,0.0,477.6937267037503,-0.0468638442019257
2018-12-19,0.0,1000.0,0.0,472.44755941796046,0.010982282145487274
2018-12-20,0.0,1000.0,0.0,509.47888330342363,-0.07838187148449778
2018-12-21,0.0,1000.0,0.0,498.5535552222646,0.0214441234744018
2018-12-22,0.0,1000.0,0.0,512.9320701514729,-0.028840462130087667
2018-12-23,0.0,1000.0,0.0,528.7742406093299,-0.030885513657156558
2018-12-24,0.0,1000.0,0.0,546.5609627343221,-0.03363764865795244
2018-12-25,0.0,1000.0,0.0,515.5963820197948,0.056653480262509937
2018-12-26,0.0,1000.0,0.0,517.782470829452,-0.004239922710654971
2018-12-27,0.0,1000.0,0.0,483.2924112729194,0.06661109925425214
2018-12-28,0.0,1000.0,0.0,528.0141057473246,-0.09253547837967273
2018-12-29,0.0,1000.0,0.0,517.0065663955057,0.020847055470685754
2018-12-30,0.0,1000.0,0.0,530.6642422466623,-0.02641683247154087
2018-12-31,0.0,1000.0,0.0,520.8821572869134,0.018433661402047035
2019-01-01,0.0,1000.0,0.0,530.91575342737,-0.019262698865935252
2019-01-02,0.0,1000.0,0.0,545.8730685729064,-0.028172671556604318
2019-01-03,0.0,1000.0,0.0,530.3445400596325,0.028447141665864945
2019-01-04,0.0,1000.0,0.0,537.9026149076496,-0.014251254188772076
2019-01-05,0.0,1000.0,0.0,538.6524211976132,-0.001393944311075915
2019-01-06,0.0,1000.0,0.0,557.4972985146313,-0.03498522716210856
2019-01-07,0.0,1000.0,0.0,552.9015075449116,0.00824361119231357
2019-01-08,0.0,1000.0,0.0,556.0775269203644,-0.005744276931990184
2019-01-09,0.0,1000.0,0.0,563.9908468235668,-0.014230605482346035
2019-01-10,0.0,1000.0,0.0,513.9216151402576,0.08877667424090728
2019-01-11,0.0,1000.0,0.0,515.1577082063593,-0.002405217118109323
2019-01-12,0.0,1000.0,0.0,512.0167328170471,0.00609711422206657
2019-01-13,0.0,1000.0,0.0,490.45123082147427,0.042118744590479075
2019-01-14,0.0,1000.0,0.0,519.8636052185368,-0.0599700287178372
2019-01-15,0.0,1000.0,0.0,506.60031517165316,0.025513019018340594
2019-01-16,0.0,1000.0,0.0,517.1176123856309,-0.020760542184846655
2019-01-17,0.0,1000.0,0.0,521.1970879340863,-0.007888873731519854
2019-01-18,0.0,1000.0,0.0,518.5031701577254,0.005168712256315449
2019-01-19,0.0,1000.0,0.0,526.3541053500433,-0.015141537495189475
2019-01-20,0.0,1000.0,0.0,513.1731594056271,0.02504197423453263
2019-01-21,0.0,1000.0,0.0,512.1741852188613,0.0019466610216378585
2019-01-22,0.0,1000.0,0.0,515.8976999019893,-0.007270016315907893
2019-01-23,0.0,1000.0,0.0,512.9706388334986,0.005673723819755045
2019-01-24,0.0,1000.0,0.0,513.5803696186658,-0.0011886270655836473
2019-01-25,0.0,1000.0,0.0,514.0707620735965,-0.0009548504653609711
2019-01-26,0.0,1000.0,0.0,516.7537977228494,-0.005219195191009297
2019-01-27,0.0,1000.0,0.0,511.2152510206207,0.010717960325855638
2019-01-28,0.0,1000.0,0.0,487.9340749109309,0.04554084813238625
2019-01-29,0.0,1000.0,0.0,484.45493783044617,0.007130342518340882
2019-01-30,0.0,1000.0,0.0,498.7511444536521,-0.02950987905547864
2019-01-31,0.0,1000.0,0.0,492.9967339838483,0.011537638627591273
2019-02-01,0.0,1000.0,0.0,497.14579861780516,-0.008416008358572211
2019-02-02,0.0,1000.0,0.0,506.4747017868829,-0.018764924082662646
2019-02-03,0.0,1000.0,0.0,498.87234454360964,0.015010339542037501
2019-02-04,0.0,1000.0,0.0,501.40426201371537,-0.0050752812774619615
2019-02-05,0.0,1000.0,0.0,509.15259791042723,-0.015453270910768408
2019-02-06,0.0,1000.0,0.0,503.1836478220102,0.011723302822992101
2019-02-07,0.0,1000.0,0.0,500.28839194201134,0.005753875135908605
2019-02-08,0.0,1000.0,0.0,536.4790389789076,-0.07233956977576869
2019-02-09,0.0,1000.0,0.0,540.1853748577341,-0.0069086312969110575
2019-02-10,0.0025207515151473014,1002.5207515151474,0.0,549.3125304950181,-0.014375588263929057
2019-02-11,0.003454307305978954,1005.9837662715016,0.0,544.6180175719549,0.01200046757440181
2019-02-12,-0.0024339577270643398,1003.5352443102838,-0.002433957727064339,544.2857021082438,-0.0018237769159471823
2019-02-13,-0.003536991546768453,999.9857486342742,-0.0059623403859269414,538.8284038544901,0.006489540902302391
2019-02-14,-0.001408603346962023,998.5771653618336,-0.007362545160265582,534.1915043375583,0.007196918343732086
2019-02-15,-8.678660654892756e-05,998.4905022382746,-0.007448692796504478,540.5152507403454,-0.01192476297165268
2019-02-16,0.0,998.4905022382746,-0.007448692796504478,540.4754408991658,7.365165205795523e-05
2019-02-17,0.0,998.4905022382746,-0.007448692796504478,551.1150500687829,-0.019685647791722754
2019-02-18,0.0,998.4905022382746,-0.007448692796504478,579.035921049667,-0.05066250863118214
2019-02-19,0.0,998.4905022382746,-0.007448692796504478,585.9934245376303,-0.012015668173661715
2019-02-20,0.003207799842619652,1001.6934599142118,-0.0042647868694652155,599.0153251437351,-0.01901412289717833
2019-02-21,-0.0032996919982364314,998.388180019847,-0.0075504063845943286,586.0161972083018,0.018401134991981514
2019-02-22,0.0021083001560788794,1000.4930819756103,-0.005458024751474462,591.2986485299972,-0.00690587274026812
2019-02-23,-0.00023306215320506585,1000.2599049036583,-0.005689814845678708,608.1437443965779,-0.028721366512530815
2019-02-24,-0.005650958942217454,994.6074772495014,-0.0113086208778144,558.4134132703309,0.07612301568871645
2019-02-25,-8.255862752404308e-05,994.5253638212545,-0.011390245881119596,573.3991992557808,-0.026918923280167508
2019-02-26,0.0,994.5253638212545,-0.011390245881119596,565.933624984123,0.013019854721365878
2019-02-27,0.0,994.5253638212545,-0.011390245881119596,567.5906449819314,-0.00292794052987241
2019-02-28,0.0,994.5253638212545,-0.011390245881119596,571.9137458210736,-0.007616582262873174
2019-03-01,0.0,994.5253638212545,-0.011390245881119596,581.0149680609896,-0.015913627371990837
2019-03-02,0.002638119977916631,997.1490410520962,-0.008782174738415251,580.926365160036,0.0027906167393156717
2019-03-03,-0.001968080745550549,995.1865712239573,-0.010732971454959104,575.8651527762911,0.00674423235862498
2019-03-04,-0.00033208493629699465,994.8560847548488,-0.011061492133114232,564.3898574206607,0.01959496795153112
2019-03-05,0.014287066382533409,1009.0696596788085,0.0,599.0870674280984,-0.04719031410408382
2019-03-06,0.005740066961093637,1014.8617870937729,0.0,604.910986855604,-0.003981256940134912
2019-03-07,0.0035887317672584906,1018.503853828493,0.0,607.8167432308028,-0.0012148780833464478
2019-03-08,-0.00507916819885057,1013.3307014437206,-0.00507916819885052,598.7561182224644,0.009827668622026458
2019-03-09,0.0010771504190831838,1014.4222110334505,-0.004007488807921413,614.4537983081564,-0.02514000145285752
2019-03-10,-0.000602095629838928,1013.8114318533757,-0.004607171546262494,609.479766593669,0.0074929502925445025
2019-03-11,0.00026360605331299247,1014.0786786837302,-0.0043447799712576455,609.5170732901244,0.00020239533148072982
2019-03-12,0.005790093666125262,1019.9502892181296,0.0,615.7613040110353,-0.004454460579426953
2019-03-13,-0.0019476596455052508,1017.963773199398,-0.0019476596455052404,611.4836264347365,0.004999314041269599
2019-03-14,-0.0008536881325145185,1017.094749606888,-0.0027996850840942607,613.3833924830194,-0.00396050238911118
2019-03-15,0.00032471551331592075,1017.4250160505974,-0.002475878671957638,622.7034396660165,-0.0148697734428797
2019-03-16,0.006378918832961045,1023.9150876466083,0.0,636.9961152236997,-0.01657370138276956
2019-03-17,-0.0024448602038116274,1021.4117583967388,-0.002444860203811607,629.3166750911673,0.009610849319370507
2019-03-18,-0.0002008383748949294,1021.2066197190838,-0.0026452075569563705,628.5927439339023,0.0009495064132200978
2019-03-19,-0.00028232126283078696,1020.9183113765936,-0.0029267820214492445,633.7354212141211,-0.008463575866621609
2019-03-20,-0.0023069541875012645,1018.5630996030666,-0.005226984256910272,635.6540692462743,-0.005334476348843383
2019-03-21,-0.004895440559354758,1013.5767844930076,-0.010096836425530659,622.5061582231328,0.01578862591524775
2019-03-22,-3.7652609399918546e-05,1013.5386206822443,-0.01013410886269244,637.8031182080476,-0.02461083920819299
2019-03-23,0.009368858568678862,1023.03432067331,-0.0008601953266677873,648.4478852627259,-0.007320879613513527
2019-03-24,-0.003261602993818724,1019.6975888702227,-0.004118992704833744,655.3159263740142,-0.01385311122042941
2019-03-25,-0.006552872474080318,1013.015640608229,-0.010644873944997607,644.728890755099,0.009602748338457218
2019-03-26,-0.002724265354911881,1010.2559171945361,-0.013340139838613745,646.9599761005761,-0.006184766935450844
2019-03-27,0.0018718354551106042,1012.1469500390762,-0.011493274930229143,665.0277423153556,-0.026055342240918496
2019-03-28,-0.0015567422259423758,1010.5712981430916,-0.013032125089773255,660.7631290321093,0.004855942556798506
2019-03-29,0.006164179683331605,1016.8006412076633,-0.00694827776715065,673.7467386308036,-0.013485236314974416
2019-03-30,0.0035046680663002316,1020.3641899446973,-0.0034679611080568186,678.5411697374362,-0.0036114051281703596
2019-03-31,-0.00012340908311259113,1020.2382677355753,-0.0035909422132687926,677.3467438166703,0.0016368760315375042
2019-04-01,0.004378148780703972,1024.7050226634892,0.0,684.3305787059454,-0.005932426937019342
2019-04-02,0.025038850313680472,1050.362458341637,0.0,756.3840586503171,-0.080251607524143
2019-04-03,0.004055995998485384,1054.62272426963,0.0,752.8309434186534,0.008753497474129679
2019-04-04,-0.003694716352409033,1050.7261924446489,-0.0036947163524090085,745.5623626791921,0.005960280965387619
2019-04-05,0.01023049239361562,1061.4756387642265,0.0,769.1090438053404,-0.02135195101397918
2019-04-06,-0.0003457958423214169,1061.1085849016163,-0.00034579584232146576,765.4846580058514,0.00436665140905471
2019-04-07,0.004736432807705748,1066.1344544156825,0.0,775.8364130404555,-0.00878670567239302
2019-04-08,-0.006030936912550855,1059.7046647808047,-0.006030936912550855,768.1000364692725,0.003940722629522719
2019-04-09,-0.00864527966699502,1050.5432215893554,-0.014624077443282884,759.097989990682,0.00307460843504199
2019-04-10,0.016229639409741647,1067.593159260099,0.0,774.1857768900016,-0.0036463016390613535
2019-04-11,-0.027774951771166734,1037.940810750422,-0.027774951771166772,739.5303057703089,0.016988814438680215
2019-04-12,-0.00037863614097821685,1037.5478088472757,-0.0281430713115905,742.4635690145468,-0.004345022942642084
2019-04-13,0.0,1037.5478088472757,-0.0281430713115905,744.7556782663906,-0.0030871673001896843
2019-04-14,0.0,1037.5478088472757,-0.0281430713115905,756.4637187044784,-0.01572064608535936
2019-04-15,0.0,1037.5478088472757,-0.0281430713115905,742.7365986182823,0.01814643550877117
2019-04-16,0.0,1037.5478088472757,-0.0281430713115905,754.5539212863142,-0.015910516177627176
2019-04-17,0.0,1037.5478088472757,-0.0281430713115905,757.7406894724768,-0.004223380326126965
2019-04-18,0.0,1037.5478088472757,-0.0281430713115905,775.8384334087589,-0.023883822246475277
2019-04-19,0.009612652437727576,1047.5213953212503,-0.018800948436911494,782.7468345471732,0.0007082197093034436
2019-04-20,0.002243816205952376,1049.871840804154,-0.016599318103749056,781.0337630830055,0.0044323545539338705
2019-04-21,-0.0035161178345878286,1046.180367700671,-0.020057070779910334,767.2003661029124,0.014195532588164656
2019-04-22,-0.0008007965359561053,1045.342590086231,-0.020841805683064502,777.6667404914809,-0.014443092409371663
2019-04-23,-0.004977311560142916,1040.139594328285,-0.025715381082846843,765.8231023770059,0.010252397385606635
2019-04-24,-0.0003987298805193662,1039.724859592115,-0.026103857472539533,754.9741494795688,0.013767665549134587
2019-04-25,-0.005002070954694737,1034.5240820710753,-0.03097535507996536,735.6169345667305,0.020637502170003645
2019-04-26,0.002405357018812282,1037.0124818330153,-0.028644504848904923,747.1507436470637,-0.013273739720751725
2019-04-27,-0.00048519048600526027,1036.5093332429612,-0.02911579729368111,744.2628368639574,0.0033800359193242946
2019-04-28,0.00028960262367250245,1036.8095090653294,-0.02883462668129522,743.7932930244114,0.0009204870589677608
2019-04-29,-0.0017911339609512078,1034.9524443426053,-0.03057411396314624,726.4621609306151,0.021509872187308647
2019-04-30,0.0021083828228842805,1037.1345202987593,-0.028530193076966814,747.7670619986168,-0.027218541845442066
2019-05-01,0.0015843188118032092,1038.7776720296392,-0.026991075186759715,743.2204504002111,0.0076645700417164375
2019-05-02,0.002790684609050187,1041.6765728911973,-0.024275714155814927,754.1732744565999,-0.011946294238195947
2019-05-03,0.007121560170213259,1049.0949352829434,-0.017327034944637307,768.4528296069318,-0.011812490709036831
2019-05-04,0.0014225591916783298,1050.5873349260733,-0.0159291244857841,756.3852805906841,0.01712625439756407
2019-05-05,-0.0013757935623635031,1049.1419436339813,-0.01728300286122598,753.0901468162706,0.0029806288310497376
2019-05-06,-0.0007192557341670902,1048.3873422750673,-0.017989827696481546,757.8176570582312,-0.006996738266565565
2019-05-07,0.002482429735853442,1050.9898901882234,-0.015552056443844662,743.5716921123227,0.02128110091119904
2019-05-08,0.003547676243315756,1054.7184620536093,-0.01205955386170934,748.6737514371016,-0.0033138804551178557
2019-05-09,0.005573273479035024,1060.5966964860213,-0.006553491574380764,736.5525832692003,0.021763460652866433
2019-05-10,0.00409569210041294,1064.9405739975432,-0.0024846405576391026,748.7916810916581,-0.012521041179014775
2019-05-11,0.017516636617501025,1083.5947510514911,0.0,802.5977681921761,-0.054340581430213364
2019-05-12,-0.003779958037115616,1079.4988083632777,-0.00377995803711566,791.7869605884492,0.009689812291398727
2019-05-13,0.02395348537475761,1105.3565672814757,0.0,833.1030297989705,-0.028227304745624772
2019-05-14,0.013399579701390829,1120.1678807032197,0.0,899.1392143360117,-0.06586574784516223
2019-05-15,0.032407801566395555,1156.4700591020994,0.0,968.1912249228047,-0.04439010635021767
2019-05-16,-0.011045352811246856,1143.6964392836733,-0.011045352811246812,949.0344207542347,0.00874082545131432
2019-05-17,-0.022426464203058383,1118.0473720289126,-0.03322410880487365,909.4844518831651,0.01924743929944861
2019-05-18,-0.00022991891674606357,1117.790311788265,-0.03344638887051343,905.4344421963738,0.004223164012165381
2019-05-19,0.0006231713408342276,1118.4868866756335,-0.03284406036067773,964.6352033403001,-0.06476064706165434
2019-05-20,0.00035347859267464976,1118.8822478462607,-0.03250219144023705,947.5677995604411,0.018046595867224204
2019-05-21,0.007280276018782672,1127.0280194430975,-0.02545854034635463,962.1446591965395,-0.008103171627771346
2019-05-22,-0.003675548019770325,1122.8855738380078,-0.029040514278568654,926.4679296108272,0.03340487356205798
2019-05-23,0.001356464138819291,1124.4087278509164,-0.02772344255594121,940.9779883874813,-0.014305231547451416
2019-05-24,0.005911699579735918,1131.055894454804,-0.021975635639912113,957.8445334748714,-0.012012784622379553
2019-05-25,0.0024687417199404926,1133.8481793290293,-0.019561146088497995,963.8394519852625,-0.0037900177142682822
2019-05-26,-0.004438712881855156,1128.8153528093735,-0.023913032659226327,989.5636260239693,-0.03112798564997191
2019-05-27,0.002135494401280136,1131.225931675377,-0.02182860440530753,1015.9279040209399,-0.02450683288686149
2019-05-28,-0.0013004474626175933,1129.7548317828825,-0.0231006649147138,1023.0461144710894,-0.008307057303706004
2019-05-29,0.0005321974081178293,1130.356084376166,-0.02258076162058928,1017.7798615971807,0.005679817636978541
2019-05-30,-0.007757206020345353,1121.5876793533093,-0.03016280402094739,976.0334462484658,0.03325993032110586
2019-05-31,0.005318827083249822,1127.553210278493,-0.025004407676630976,1009.0767229210487,-0.028535829024683608
2019-06-01,0.000968277420208441,1128.6449945920892,-0.02406034145978148,1008.0186338534578,0.0020168488950592645
2019-06-02,0.001104106989261222,1129.8911394190131,-0.022982799661689934,1027.0245791593936,-0.017750648932541475
2019-06-03,-0.010845122030835208,1117.6373321304545,-0.033578670425583865,973.5187444308064,0.04125278858818932
2019-06-04,-0.007271315242509568,1109.5106387617366,-0.04060582457000472,940.566152554573,0.02657763945378644
2019-06-05,-0.00014362966156400425,1109.3512801241895,-0.040743622030728226,952.497158153489,-0.0128285488100062
2019-06-06,0.0,1109.3512801241895,-0.040743622030728226,962.7684705428962,-0.010783562241087705
2019-06-07,0.0,1109.3512801241895,-0.040743622030728226,970.1866647186405,-0.007705065550766539
2019-06-08,0.0,1109.3512801241895,-0.040743622030728226,961.200891552627,0.00926190133588299
2019-06-09,0.0,1109.3512801241895,-0.040743622030728226,927.5317659012024,0.03502818812104802
2019-06-10,0.0,1109.3512801241895,-0.040743622030728226,966.5721452182496,-0.04209061161276243
2019-06-11,0.0,1109.3512801241895,-0.040743622030728226,964.0825372273106,0.0025757083972007505
2019-06-12,0.0,1109.3512801241895,-0.040743622030728226,1007.4483312507625,-0.04498141222241338
2019-06-13,0.0,1109.3512801241895,-0.040743622030728226,996.7230350078555,0.010646001298737955
2019-06-14,0.0,1109.3512801241895,-0.040743622030728226,998.7912194047756,-0.00207498404700127
2019-06-15,0.0,1109.3512801241895,-0.040743622030728226,1010.15625841183,-0.011378793471800153
2019-06-16,0.0,1109.3512801241895,-0.040743622030728226,1017.4907879757342,-0.007260787133503136
2019-06-17,0.0,1109.3512801241895,-0.040743622030728226,1042.8067392335372,-0.024880767036887224
2019-06-18,0.0,1109.3512801241895,-0.040743622030728226,1023.6004337440152,0.01841789544210139
2019-06-19,0.0,1109.3512801241895,-0.040743622030728226,1034.791810087098,-0.010933344666676106
2019-06-20,0.0,1109.3512801241895,-0.040743622030728226,1042.467557421797,-0.007417673062229735
2019-06-21,0.011933267464744324,1122.589465662268,-0.029296559105159107,1079.8705859081253,-0.0239460538820346
2019-06-22,0.011177484303530383,1135.1371917940164,-0.018446536631174137,1116.673012117417,-0.02290292004264622
2019-06-23,-0.00039762169601054165,1134.6858366186107,-0.018836823584003844,1116.4064126834467,-0.00015887729090944904
2019-06-24,0.0032128494688219433,1138.3314114060706,-0.015684493993827993,1123.5651345283034,-0.003199440682440681
2019-06-25,0.008337582241372932,1147.8223431666067,-0.007477682511043032,1128.1763394800487,0.0042334988998396095
2019-06-26,0.02248209766393905,1173.6277971865297,0.0,1159.0002513626737,-0.004839794139634011
2019-06-27,-0.03837741981576215,1128.5869905064542,-0.0383774198157621,1068.627252789871,0.03959754047138922
2019-06-28,-0.00039246871564291297,1128.1440554197989,-0.038754826594740194,1100.490034922519,-0.030209022663208858
2019-06-29,0.0,1128.1440554197989,-0.038754826594740194,1103.302353088536,-0.0025555144315458278
2019-06-30,0.0,1128.1440554197989,-0.038754826594740194,1037.7641529165815,0.059401849355699775
2019-07-01,0.0,1128.1440554197989,-0.038754826594740194,1047.6290639966585,-0.009505927770151088
2019-07-02,0.0,1128.1440554197989,-0.038754826594740194,1034.2540422439774,0.012766944152595367
2019-07-03,0.0,1128.1440554197989,-0.038754826594740194,1062.3209302470923,-0.0271373249286215
2019-07-04,0.0,1128.1440554197989,-0.038754826594740194,1029.9828756804293,0.03044094646534125
2019-07-05,0.0,1128.1440554197989,-0.038754826594740194,1022.5582815384795,0.007208463671830224
2019-07-06,0.0,1128.1440554197989,-0.038754826594740194,1033.5414780152228,-0.010740900225480068
2019-07-07,0.0,1128.1440554197989,-0.038754826594740194,1052.1209129425108,-0.017976477308842505
2019-07-08,0.0,1128.1440554197989,-0.038754826594740194,1071.0929419402642,-0.01803217554595817
2019-07-09,0.0,1128.1440554197989,-0.038754826594740194,1061.4808238280184,0.00897412141922395
2019-07-10,0.0,1128.1440554197989,-0.038754826594740194,1017.2060725567898,0.04171036374596087
2019-07-11,0.0,1128.1440554197989,-0.038754826594740194,962.6721785034645,0.05361145152845196
2019-07-12,0.0,1128.1440554197989,-0.038754826594740194,997.3320117048718,-0.036003775714478596
2019-07-13,0.0,1128.1440554197989,-0.038754826594740194,977.5236062895477,0.019861395385738088
2019-07-14,0.0,1128.1440554197989,-0.038754826594740194,900.0076927184699,0.07929825231056072
2019-07-15,0.0,1128.1440554197989,-0.038754826594740194,913.6479242513426,-0.015155683271631177
2019-07-16,0.0,1128.1440554197989,-0.038754826594740194,840.4667667139737,0.08009776588430899
2019-07-17,0.0,1128.1440554197989,-0.038754826594740194,876.4398690745077,-0.0428013382387268
2019-07-18,0.0,1128.1440554197989,-0.038754826594740194,915.4710195154121,-0.044533745917013264
2019-07-19,0.0,1128.1440554197989,-0.038754826594740194,913.2924136443823,0.0023797649784510805
2019-07-20,0.0,1128.1440554197989,-0.038754826594740194,942.3458765534881,-0.03181178609945027
2019-07-21,0.0,1128.1440554197989,-0.038754826594740194,931.8016648182388,0.011189322304686453
2019-07-22,0.0,1128.1440554197989,-0.038754826594740194,918.6492973344951,0.014114986032257313
2019-07-23,0.0,1128.1440554197989,-0.038754826594740194,890.2745784567193,0.030887433278517142
2019-07-24,0.0,1128.1440554197989,-0.038754826594740194,898.1215406388411,-0.008814092159886695
2019-07-25,0.0,1128.1440554197989,-0.038754826594740194,900.3719587416491,-0.00250569438653855
2019-07-26,0.0,1128.1440554197989,-0.038754826594740194,912.313069750808,-0.013262419929034272
2019-07-27,0.0,1128.1440554197989,-0.038754826594740194,884.579260249836,0.03039944337150337
2019-07-28,0.0,1128.1440554197989,-0.038754826594740194,888.0407982038133,-0.003913202704978159
2019-07-29,0.0,1128.1440554197989,-0.038754826594740194,884.7283058278196,0.003730112831182662
2019-07-30,0.0,1128.1440554197989,-0.038754826594740194,887.0706630376466,-0.0026475441041024267
2019-07-31,0.0,1128.1440554197989,-0.038754826594740194,904.006917751255,-0.019092340012251702
2019-08-01,0.0,1128.1440554197989,-0.038754826594740194,906.5328037369685,-0.0027941002840960382
2019-08-02,0.0,1128.1440554197989,-0.038754826594740194,901.7829394426699,0.00523959450195136
2019-08-03,0.0,1128.1440554197989,-0.038754826594740194,908.8846738125798,-0.007875214820873675
2019-08-04,0.0,1128.1440554197989,-0.038754826594740194,905.4822053419487,0.0037435645782851585
2019-08-05,0.0,1128.1440554197989,-0.038754826594740194,928.5469819795993,-0.02547236875730793
2019-08-06,0.0,1128.1440554197989,-0.038754826594740194,907.5134796764254,0.022652060381836377
2019-08-07,0.0,1128.1440554197989,-0.038754826594740194,918.5180309999728,-0.01212604723785585
2019-08-08,0.0,1128.1440554197989,-0.038754826594740194,921.6214971562454,-0.003378775431217007
2019-08-09,0.0,1128.1440554197989,-0.038754826594740194,892.1582678710162,0.03196890412836617
2019-08-10,0.0,1128.1440554197989,-0.038754826594740194,895.4725785236299,-0.0037149357596862886
2019-08-11,0.0,1128.1440554197989,-0.038754826594740194,915.3674685465004,-0.022217196260405286
2019-08-12,0.0,1128.1440554197989,-0.038754826594740194,905.22688683835,0.011078153918068148
2019-08-13,0.0,1128.1440554197989,-0.038754826594740194,893.0816855751668,0.01341674826473844
2019-08-14,0.0,1128.1440554197989,-0.038754826594740194,831.0491024058337,0.06945902504918434
2019-08-15,0.0,1128.1440554197989,-0.038754826594740194,839.8021219013898,-0.010532493772289486
2019-08-16,0.0,1128.1440554197989,-0.038754826594740194,832.5390251905841,0.008648581042354917
2019-08-17,0.0,1128.1440554197989,-0.038754826594740194,835.7218578746562,-0.0038230432301278477
2019-08-18,0.0,1128.1440554197989,-0.038754826594740194,860.2052867352164,-0.029296145158659304
2019-08-19,0.0,1128.1440554197989,-0.038754826594740194,874.4902514514297,-0.016606460035173427
2019-08-20,0.0,1128.1440554197989,-0.038754826594740194,860.357201301172,0.01616147249989394
2019-08-21,0.0,1128.1440554197989,-0.038754826594740194,834.4378944424383,0.030126215971150457
2019-08-22,0.0,1128.1440554197989,-0.038754826594740194,842.591734225619,-0.00977165567082632
2019-08-23,0.0,1128.1440554197989,-0.038754826594740194,852.1252768344182,-0.011314545611536204
2019-08-24,0.0,1128.1440554197989,-0.038754826594740194,842.9695904445127,0.010744530926154636
2019-08-25,0.0,1128.1440554197989,-0.038754826594740194,837.2003782858509,0.006843914921793989
2019-08-26,0.0,1128.1440554197989,-0.038754826594740194,842.2350084230981,-0.006013650098385647
2019-08-27,0.0,1128.1440554197989,-0.038754826594740194,836.9042291745437,0.006329325182688679
2019-08-28,0.0,1128.1440554197989,-0.038754826594740194,796.3953157516452,0.0484032844031071
2019-08-29,0.0,1128.1440554197989,-0.038754826594740194,780.3652175452128,0.0201283180468019
2019-08-30,0.0,1128.1440554197989,-0.038754826594740194,782.8300315008677,-0.00315853897667105
2019-08-31,0.0,1128.1440554197989,-0.038754826594740194,780.3112838753152,0.0032174897796440733
2019-09-01,0.0,1128.1440554197989,-0.038754826594740194,781.4366360910234,-0.0014421837015085196
2019-09-02,0.0,1128.1440554197989,-0.038754826594740194,804.8654891540656,-0.029981769449971236
2019-09-03,0.0,1128.1440554197989,-0.038754826594740194,810.642108221362,-0.007177123563053762
2019-09-04,0.0,1128.1440554197989,-0.038754826594740194,799.1712526139333,0.014150332793095284
2019-09-05,0.0,1128.1440554197989,-0.038754826594740194,799.9921150319276,-0.0010271420741289697
2019-09-06,0.0,1128.1440554197989,-0.038754826594740194,788.0737980313113,0.014898043089013038
2019-09-07,0.0,1128.1440554197989,-0.038754826594740194,805.959891822944,-0.022695963038377936
2019-09-08,0.0,1128.1440554197989,-0.038754826594740194,809.952411837565,-0.004953745285749466
2019-09-09,0.0,1128.1440554197989,-0.038754826594740194,806.075762238745,0.0047862683562173
2019-09-10,0.0,1128.1440554197989,-0.038754826594740194,800.7813719461993,0.0065681050598040336
2019-09-11,0.0,1128.1440554197989,-0.038754826594740194,789.6339466786027,0.013920685043539827
2019-09-12,0.0,1128.1440554197989,-0.038754826594740194,795.3574163775988,-0.007248256895578683
2019-09-13,0.0,1128.1440554197989,-0.038754826594740194,795.7670001037668,-0.0005149681360028405
2019-09-14,0.0,1128.1440554197989,-0.038754826594740194,805.5980104623768,-0.012354131746262431
2019-09-15,0.0,1128.1440554197989,-0.038754826594740194,802.2227632914796,0.004189741194817346
2019-09-16,0.0,1128.1440554197989,-0.038754826594740194,807.6220030021334,-0.006730349670584025
2019-09-17,0.0,1128.1440554197989,-0.038754826594740194,833.1369155315913,-0.031592641649946004
2019-09-18,0.0,1128.1440554197989,-0.038754826594740194,862.5129622267483,-0.035259566762101006
2019-09-19,0.0,1128.1440554197989,-0.038754826594740194,858.9378938140188,0.004144944562339888
2019-09-20,0.0,1128.1440554197989,-0.038754826594740194,852.9231160565057,0.0070025758565676844
2019-09-21,0.0,1128.1440554197989,-0.038754826594740194,843.966945511952,0.010500560221609057
2019-09-22,0.0,1128.1440554197989,-0.038754826594740194,826.7076401152264,0.020450214891124734
2019-09-23,0.0,1128.1440554197989,-0.038754826594740194,801.346719063037,0.030677013035290863
2019-09-24,0.0,1128.1440554197989,-0.038754826594740194,708.7425231631404,0.11556071011081533
2019-09-25,0.0,1128.1440554197989,-0.038754826594740194,722.5628654634235,-0.01949980683902302
2019-09-26,0.0,1128.1440554197989,-0.038754826594740194,706.4520062180517,0.022296827051911765
2019-09-27,0.0,1128.1440554197989,-0.038754826594740194,718.0294286295191,-0.016388123056577535
2019-09-28,0.0,1128.1440554197989,-0.038754826594740194,717.0314554352951,0.00138987784404435
2019-09-29,0.0,1128.1440554197989,-0.038754826594740194,704.6676974690539,0.017242978494904953
2019-09-30,0.0,1128.1440554197989,-0.038754826594740194,730.3947870633381,-0.03650953447516879
2019-10-01,0.0,1128.1440554197989,-0.038754826594740194,722.3170219766702,0.011059450628263412
2019-10-02,0.0,1128.1440554197989,-0.038754826594740194,730.5460779441693,-0.011392582089481573
2019-10-03,0.0,1128.1440554197989,-0.038754826594740194,718.9181504084022,0.015916761292441954
2019-10-04,0.0,1128.1440554197989,-0.038754826594740194,723.5603017223724,-0.006457134670105558
2019-10-05,0.0,1128.1440554197989,-0.038754826594740194,725.6296973078619,-0.002860018136102086
2019-10-06,0.0,1128.1440554197989,-0.038754826594740194,713.1409951192243,0.017210847674745948
2019-10-07,0.0,1128.1440554197989,-0.038754826594740194,744.6321755028288,-0.04415842112447867
2019-10-08,0.0,1128.1440554197989,-0.038754826594740194,744.9251263081259,-0.0003934167968221753
2019-10-09,0.0,1128.1440554197989,-0.038754826594740194,772.7472530839495,-0.037348890235064304
2019-10-10,0.0,1128.1440554197989,-0.038754826594740194,764.5105517078814,0.010658984995671401
2019-10-11,0.0,1128.1440554197989,-0.038754826594740194,743.546976958566,0.027420909629675774
2019-10-12,0.0,1128.1440554197989,-0.038754826594740194,750.1594482071364,-0.008893145226167623
2019-10-13,0.0,1128.1440554197989,-0.038754826594740194,761.6710083735578,-0.01534548447524553
2019-10-14,0.0,1128.1440554197989,-0.038754826594740194,776.2263195209154,-0.019109708768406928
2019-10-15,0.0,1128.1440554197989,-0.038754826594740194,761.801502069235,0.018583262495638353
2019-10-16,0.0,1128.1440554197989,-0.038754826594740194,745.8687514030047,0.020914569770410063
2019-10-17,0.0,1128.1440554197989,-0.038754826594740194,762.7263025549933,-0.02260122993526546
2019-10-18,0.0,1128.1440554197989,-0.038754826594740194,750.0220088732459,0.01665642529855127
2019-10-19,0.0,1128.1440554197989,-0.038754826594740194,751.4063808478986,-0.0018457751349622972
2019-10-20,0.0,1128.1440554197989,-0.038754826594740194,761.1361622847575,-0.01294876073035153
2019-10-21,0.0,1128.1440554197989,-0.038754826594740194,756.6905037637126,0.005840818951105838
2019-10-22,0.0,1128.1440554197989,-0.038754826594740194,750.7003745203056,0.007916220982835906
2019-10-23,0.0,1128.1440554197989,-0.038754826594740194,715.9942752114079,0.0462316264742438
2019-10-24,0.0,1128.1440554197989,-0.038754826594740194,719.2405349082951,-0.004533918509234712
2019-10-25,0.0,1128.1440554197989,-0.038754826594740194,779.235673225142,-0.08341456773497405
2019-10-26,0.0,1128.1440554197989,-0.038754826594740194,783.836730583777,-0.005904577416985928
2019-10-27,0.0,1128.1440554197989,-0.038754826594740194,798.5057669491833,-0.018714402876324993
2019-10-28,0.0,1128.1440554197989,-0.038754826594740194,795.8108164235437,0.003374991937673829
2019-10-29,0.0,1128.1440554197989,-0.038754826594740194,814.5953828768506,-0.02360431155953207
2019-10-30,0.0,1128.1440554197989,-0.038754826594740194,795.7636628247925,0.023117882138677697
2019-10-31,0.0,1128.1440554197989,-0.038754826594740194,792.8963338559971,0.003603241895485649
2019-11-01,0.0,1128.1440554197989,-0.038754826594740194,796.1062478035001,-0.004048340004162353
2019-11-02,0.0,1128.1440554197989,-0.038754826594740194,799.7616955042279,-0.00459165809942262
2019-11-03,0.0,1128.1440554197989,-0.038754826594740194,794.2767268940272,0.006858253703614259
2019-11-04,0.0,1128.1440554197989,-0.038754826594740194,809.149712007235,-0.018725193134347378
2019-11-05,0.0,1128.1440554197989,-0.038754826594740194,813.409302537327,-0.005264279856845395
2019-11-06,0.0,1128.1440554197989,-0.038754826594740194,820.8982475829683,-0.00920685935393222
2019-11-07,0.0,1128.1440554197989,-0.038754826594740194,804.1731057062336,0.020374196102842097
2019-11-08,0.0,1128.1440554197989,-0.038754826594740194,783.1707688408545,0.026116686465079603
2019-11-09,0.0,1128.1440554197989,-0.038754826594740194,787.0956277769667,-0.005011498248231693
2019-11-10,0.0,1128.1440554197989,-0.038754826594740194,800.0990802386987,-0.016520803829717972
2019-11-11,0.0,1128.1440554197989,-0.038754826594740194,788.1638350626363,0.014917208969296316
2019-11-12,0.0,1128.1440554197989,-0.038754826594740194,796.1951635401051,-0.010189922602615404
2019-11-13,0.0,1128.1440554197989,-0.038754826594740194,797.2032383834791,-0.0012661152560784483
2019-11-14,0.0,1128.1440554197989,-0.038754826594740194,790.2759905965187,0.00868943759060373
2019-11-15,0.0,1128.1440554197989,-0.038754826594740194,779.2805014153063,0.013913479989329727
2019-11-16,0.0,1128.1440554197989,-0.038754826594740194,780.9791026266333,-0.0021797044943921823
2019-11-17,0.0,1128.1440554197989,-0.038754826594740194,785.5077307344532,-0.005798654653612083
2019-11-18,0.0,1128.1440554197989,-0.038754826594740194,762.2704484493,0.02958249979720259
2019-11-19,0.0,1128.1440554197989,-0.038754826594740194,755.2038114230251,0.009270511588965238
2019-11-20,0.0,1128.1440554197989,-0.038754826594740194,746.7945922514506,0.011135032747953164
2019-11-21,0.0,1128.1440554197989,-0.038754826594740194,715.1991074293431,0.04230813285197055
2019-11-22,0.0,1128.1440554197989,-0.038754826594740194,685.809522594257,0.04109287124353641
2019-11-23,0.0,1128.1440554197989,-0.038754826594740194,696.9693609991599,-0.016272504299281065
2019-11-24,0.0,1128.1440554197989,-0.038754826594740194,662.1435706806462,0.04996746236963461
2019-11-25,0.0,1128.1440554197989,-0.038754826594740194,670.7839960766145,-0.013049172080741347
2019-11-26,0.0,1128.1440554197989,-0.038754826594740194,677.8584636941638,-0.01054656589740913
2019-11-27,0.0,1128.1440554197989,-0.038754826594740194,698.1636941650298,-0.029954970776948833
2019-11-28,0.0,1128.1440554197989,-0.038754826594740194,691.9851604304455,0.008849692108343854
2019-11-29,0.0,1128.1440554197989,-0.038754826594740194,711.9600512749198,-0.028866068214597394
2019-11-30,0.0,1128.1440554197989,-0.038754826594740194,699.6968245627027,0.01722459945646842
2019-12-01,0.0,1128.1440554197989,-0.038754826594740194,693.2705418212905,0.009184381743376355
2019-12-02,0.0,1128.1440554197989,-0.038754826594740194,682.1164704694362,0.016089060011913077
2019-12-03,0.0,1128.1440554197989,-0.038754826594740194,681.6351058197735,0.0007056927526343713
2019-12-04,0.0,1128.1440554197989,-0.038754826594740194,674.0388945257747,0.011144102217069882
2019-12-05,0.0,1128.1440554197989,-0.038754826594740194,686.5368207903263,-0.01854184731185961
2019-12-06,0.0,1128.1440554197989,-0.038754826594740194,692.2429037970209,-0.008311401273606427
2019-12-07,0.0,1128.1440554197989,-0.038754826594740194,691.5869607489564,0.0009475619677234981
2019-12-08,0.0,1128.1440554197989,-0.038754826594740194,695.8113877683164,-0.006108309235305999
2019-12-09,0.0,1128.1440554197989,-0.038754826594740194,683.8752920561127,0.017154211503330612
2019-12-10,0.0,1128.1440554197989,-0.038754826594740194,674.674567003891,0.01345380533424331
2019-12-11,0.0,1128.1440554197989,-0.038754826594740194,672.9515273927652,0.0025538825611545824
2019-12-12,0.0,1128.1440554197989,-0.038754826594740194,671.9380109020174,0.0015060765144178884
2019-12-13,0.0,1128.1440554197989,-0.038754826594740194,676.4294268459397,-0.0066842712736149435
2019-12-14,0.0,1128.1440554197989,-0.038754826594740194,664.2075410143962,0.018068234979858575
2019-12-15,0.0,1128.1440554197989,-0.038754826594740194,666.707010253918,-0.0037630847064829
2019-12-16,0.0,1128.1440554197989,-0.038754826594740194,639.5648679509726,0.04071074982788671
2019-12-17,0.0,1128.1440554197989,-0.038754826594740194,604.7622179554705,0.05441613781413938
2019-12-18,0.0,1128.1440554197989,-0.038754826594740194,642.9306694755951,-0.06311315486797651
2019-12-19,0.0,1128.1440554197989,-0.038754826594740194,628.9490770921603,0.02174665643939306
2019-12-20,0.0,1128.1440554197989,-0.038754826594740194,636.4725379308334,-0.011961955447103005
2019-12-21,0.0,1128.1440554197989,-0.038754826594740194,629.4122410624797,0.011092853890140555
2019-12-22,0.0,1128.1440554197989,-0.038754826594740194,646.959070169195,-0.027878118603310513
2019-12-23,0.0,1128.1440554197989,-0.038754826594740194,631.8574872718971,0.023342408497879847
2019-12-24,0.0,1128.1440554197989,-0.038754826594740194,633.979378301501,-0.003358179767348154
2019-12-25,0.0,1128.1440554197989,-0.038754826594740194,627.1079389926482,0.010838584887827376
2019-12-26,0.0,1128.1440554197989,-0.038754826594740194,630.47980120012,-0.0053768450338679595
2019-12-27,0.0,1128.1440554197989,-0.038754826594740194,629.7174256443604,0.0012091990168574698
2019-12-28,0.0,1128.1440554197989,-0.038754826594740194,637.9606906142997,-0.013090419026445557
2019-12-29,0.0,1128.1440554197989,-0.038754826594740194,648.98801442573,-0.01728527160633034
2019-12-30,0.0,1128.1440554197989,-0.038754826594740194,640.2954559530834,0.01339402004263249
2019-12-31,0.0,1128.1440554197989,-0.038754826594740194,635.2570949377224,0.007868806452579749
2020-01-01,0.0,1128.1440554197989,-0.038754826594740194,638.2618854842843,-0.004730038547395399
2020-01-02,0.0,1128.1440554197989,-0.038754826594740194,623.3103071180623,0.023425460153989115
2020-01-03,0.0,1128.1440554197989,-0.038754826594740194,644.3537583716661,-0.03376079460469764
2020-01-04,0.0,1128.1440554197989,-0.038754826594740194,645.7578644205297,-0.0021790918895420335
2020-01-05,0.0,1128.1440554197989,-0.038754826594740194,649.6560651111009,-0.00603662906075364
2020-01-06,0.0,1128.1440554197989,-0.038754826594740194,687.5405010489264,-0.05831460363776759
2020-01-07,0.0,1128.1440554197989,-0.038754826594740194,686.8852865902966,0.0009529830717321623
2020-01-08,0.0,1128.1440554197989,-0.038754826594740194,676.6642488303316,0.014880268888422785
2020-01-09,0.0,1128.1440554197989,-0.038754826594740194,668.7011300322624,0.011768197908836018
2020-01-10,0.0,1128.1440554197989,-0.038754826594740194,689.0255358003639,-0.030393855872684044
2020-01-11,0.0,1128.1440554197989,-0.038754826594740194,683.0797438757919,0.008629276587935617
2020-01-12,0.0,1128.1440554197989,-0.038754826594740194,695.6341600192787,-0.018379136925145718
2020-01-13,0.0,1128.1440554197989,-0.038754826594740194,686.9130823725377,0.012536873759188756
2020-01-14,0.0,1128.1440554197989,-0.038754826594740194,743.5052113271271,-0.08238615686154237
2020-01-15,0.0,1128.1440554197989,-0.038754826594740194,753.1664424790886,-0.01299416736396053
2020-01-16,0.0,1128.1440554197989,-0.038754826594740194,741.8196912273577,0.015065396719458708
2020-01-17,0.0,1128.1440554197989,-0.038754826594740194,767.1851233733325,-0.03419352768057039
2020-01-18,0.0,1128.1440554197989,-0.038754826594740194,770.3608778154381,-0.004139489082037555
2020-01-19,0.0,1128.1440554197989,-0.038754826594740194,749.7756733968407,0.026721508076802007
2020-01-20,0.0,1128.1440554197989,-0.038754826594740194,752.1292428610087,-0.003139031509925196
2020-01-21,0.0,1128.1440554197989,-0.038754826594740194,767.2963514738686,-0.02016556164624867
2020-01-22,-0.0006646954242249814,1127.3941832282947,-0.039393761863061066,763.3863789633059,0.004431083414097671
2020-01-23,-0.005095277021116895,1121.6497975527507,-0.04428831675458175,740.3049514230747,0.02514029984570668
2020-01-24,0.0035123118323050484,1125.5893814083977,-0.04093155930124676,743.5811720396518,-0.0009131895915058807
2020-01-25,-0.0035967798917904137,1121.5408841549352,-0.04438111738360282,734.3256103796901,0.008850498237339141
2020-01-26,0.003234144397105121,1125.168109321549,-0.04129050792862121,755.6810017611893,-0.025847493339126486
2020-01-27,0.006316859759023297,1132.2756384734587,-0.03523447451756187,769.2699133393617,-0.011665478749556528
2020-01-28,0.00972502819859522,1143.2870509861955,-0.025852102577212616,796.3509947746819,-0.025478586248982325
2020-01-29,-0.0004157330689531502,1142.8117487517945,-0.026257088072222497,792.355381680556,0.0046016689564647596
2020-01-30,0.008510083230926613,1152.5371718509532,-0.017970454846192186,816.2153278283077,-0.021602599410473062
2020-01-31,-0.009084597511353265,1142.066835527814,-0.02689179800817179,802.7443904070468,0.0074195490808246015
2020-02-01,0.006562803318806099,1149.5619955463142,-0.020505480270582487,811.1157642014153,-0.0038656392768795043
2020-02-02,0.0009172430129360531,1150.6164232546657,-0.01960704576615162,818.2604641157066,-0.007891240596460482
2020-02-03,0.0024994550779022795,1153.4923373164875,-0.017156597618352126,823.0345896022282,-0.0033350263566627337
2020-02-04,-0.0035907391306951864,1149.350447243928,-0.020685731882629503,823.5191464715809,-0.0041794833651106955
2020-02-05,0.023410409404419852,1176.2572117630616,0.0,856.641643360594,-0.016810266740061364
2020-02-06,0.010189666544409004,1188.2428805213835,0.0,877.2336241941033,-0.013848367320868853
2020-02-07,0.01111391541152651,1201.4489113838467,0.0,890.0617296797752,-0.0035094473186204622
2020-02-08,-0.000986686477333354,1200.2634579897774,-0.0009866864773333593,888.7453285314616,0.0004923133542708014
2020-02-09,0.024950805397913722,1230.2109979563072,0.0,916.5586837386115,-0.0063442735344367215
2020-02-10,-0.008672909049992628,1219.5414898587314,-0.008672909049992671,905.9749829925834,0.0028743065662049736
2020-02-11,0.022497275325298105,1246.9778505267075,0.0,931.8715215389994,-0.006086889836609162
2020-02-12,0.03498276015881663,1290.60057759504,0.0,974.4812598317727,-0.010742146448912582
2020-02-13,0.0033697104067011985,1294.9495277922565,0.0,980.8979740842161,-0.003215038338032018
2020-02-14,0.019760984719653374,1320.5390056236815,0.0,1004.2106679954388,-0.0040057010388608386
2020-02-15,-0.04438987628894142,1261.9204425293246,-0.04438987628894138,951.1246300927637,0.008473571187316807
2020-02-16,-0.007899220339100621,1251.9522549033702,-0.051938451214410195,930.3727027549992,0.01391908472964801
2020-02-17,-0.0003692371579662179,1251.4899876108602,-0.05228851076626088,927.9728907555618,0.002210172139330581
2020-02-18,0.0,1251.4899876108602,-0.05228851076626088,955.7341939228703,-0.029916071303230707
2020-02-19,0.0,1251.4899876108602,-0.05228851076626088,904.1982159934865,0.05392291942370623
2020-02-20,0.0,1251.4899876108602,-0.05228851076626088,902.2740947659128,0.0021279860914785098
2020-02-21,0.0,1251.4899876108602,-0.05228851076626088,910.080897594953,-0.008652362817825856
2020-02-22,0.0,1251.4899876108602,-0.05228851076626088,906.2422916280493,0.0042178733528499225
2020-02-23,0.0,1251.4899876108602,-0.05228851076626088,932.6506608165987,-0.029140517312546965
2020-02-24,0.0,1251.4899876108602,-0.05228851076626088,909.0717154496151,0.02528164762821128
2020-02-25,0.0,1251.4899876108602,-0.05228851076626088,869.373738240497,0.04366869690746449
2020-02-26,0.0,1251.4899876108602,-0.05228851076626088,814.6706826047537,0.06292236955127661
2020-02-27,0.0,1251.4899876108602,-0.05228851076626088,826.4402614585508,-0.01444703866863877
2020-02-28,0.0,1251.4899876108602,-0.05228851076626088,819.5161816835639,0.008378197551468514
2020-02-29,0.0,1251.4899876108602,-0.05228851076626088,805.8152567769021,0.016718309183981633
2020-03-01,0.0,1251.4899876108602,-0.05228851076626088,799.6541205387116,0.007645842128670762
2020-03-02,0.0,1251.4899876108602,-0.05228851076626088,833.8386599153482,-0.04274915678994714
2020-03-03,0.0,1251.4899876108602,-0.05228851076626088,822.1733535503071,0.013989884285558854
2020-03-04,0.0,1251.4899876108602,-0.05228851076626088,824.6931452325629,-0.0030647936610627147
2020-03-05,0.0,1251.4899876108602,-0.05228851076626088,842.7028887581399,-0.021838114733569527
2020-03-06,0.0,1251.4899876108602,-0.05228851076626088,860.5689050398381,-0.021200848507861032
2020-03-07,0.0,1251.4899876108602,-0.05228851076626088,835.8498696006335,0.028724062994189108
2020-03-08,0.0,1251.4899876108602,-0.05228851076626088,754.8150414896016,0.09694902285472633
2020-03-09,0.0,1251.4899876108602,-0.05228851076626088,752.9128755571766,0.002520042431416379
2020-03-10,0.0,1251.4899876108602,-0.05228851076626088,754.0566863582585,-0.0015191808218652752
2020-03-11,0.0,1251.4899876108602,-0.05228851076626088,742.9485742289885,0.014731136703948575
2020-03-12,0.0,1251.4899876108602,-0.05228851076626088,525.9425237693737,0.2920875791232492
2020-03-13,0.0,1251.4899876108602,-0.05228851076626088,599.3841067653391,-0.13963803966566038
2020-03-14,0.0,1251.4899876108602,-0.05228851076626088,564.9474257009593,0.05745344375282497
2020-03-15,0.0,1251.4899876108602,-0.05228851076626088,578.0873239879382,-0.023258621403001407
2020-03-16,0.0,1251.4899876108602,-0.05228851076626088,542.0279992455963,0.06237695110418005
2020-03-17,0.0,1251.4899876108602,-0.05228851076626088,564.5561578208143,-0.0415627211261652
2020-03-18,0.0,1251.4899876108602,-0.05228851076626088,569.85678096317,-0.009389009523545124
2020-03-19,0.0,1251.4899876108602,-0.05228851076626088,631.273592288638,-0.10777587172282417
2020-03-20,0.0,1251.4899876108602,-0.05228851076626088,620.8515648527032,0.016509525447041713
2020-03-21,0.0,1251.4899876108602,-0.05228851076626088,622.0172582428324,-0.0018775717999613179
2020-03-22,0.0,1251.4899876108602,-0.05228851076626088,589.78597111853,0.051817351845436246
2020-03-23,0.0,1251.4899876108602,-0.05228851076626088,629.3617267880161,-0.06710189391997656
2020-03-24,0.0,1251.4899876108602,-0.05228851076626088,641.7387112604885,-0.01966593128507989
2020-03-25,0.0,1251.4899876108602,-0.05228851076626088,635.8555599120142,0.009167518251966886
2020-03-26,0.0,1251.4899876108602,-0.05228851076626088,657.0016867184007,-0.0332561797671672
2020-03-27,0.0,1251.4899876108602,-0.05228851076626088,632.8637649376708,0.03673951265071218
2020-03-28,0.0,1251.4899876108602,-0.05228851076626088,634.1592271283573,-0.002046984299715758
2020-03-29,0.0,1251.4899876108602,-0.05228851076626088,606.2380399080417,0.04402866981333718
2020-03-30,0.0,1251.4899876108602,-0.05228851076626088,634.7996051297495,-0.04711278960000609
2020-03-31,0.0,1251.4899876108602,-0.05228851076626088,642.2577278893325,-0.011748782921909109
2020-04-01,0.0,1251.4899876108602,-0.05228851076626088,651.229889442358,-0.013969721442684411
2020-04-02,0.0,1251.4899876108602,-0.05228851076626088,663.8587766006873,-0.019392364145237977
2020-04-03,0.0,1251.4899876108602,-0.05228851076626088,667.5198093532465,-0.0055147764578871005
2020-04-04,0.0,1251.4899876108602,-0.05228851076626088,675.2085666112152,-0.011518395634458032
2020-04-05,0.0,1251.4899876108602,-0.05228851076626088,669.9580486485843,0.007776142398462994
2020-04-06,0.0,1251.4899876108602,-0.05228851076626088,729.6888991283441,-0.08915610552070631
2020-04-07,0.0,1251.4899876108602,-0.05228851076626088,715.8225040151053,0.01900316029173954
2020-04-08,0.0,1251.4899876108602,-0.05228851076626088,734.0511178454802,-0.025465270689492354
2020-04-09,0.0,1251.4899876108602,-0.05228851076626088,727.4112175566041,0.009045555721466638
2020-04-10,0.0,1251.4899876108602,-0.05228851076626088,691.3943463543299,0.049513769286176186
2020-04-11,0.0,1251.4899876108602,-0.05228851076626088,693.7427652893376,-0.0033966417969583584
2020-04-12,0.0,1251.4899876108602,-0.05228851076626088,698.2814775329423,-0.006542356145093242
2020-04-13,0.0,1251.4899876108602,-0.05228851076626088,699.1001334482731,-0.0011723866974435568
2020-04-14,0.0,1251.4899876108602,-0.05228851076626088,704.063616649552,-0.007099817270520115
2020-04-15,0.0,1251.4899876108602,-0.05228851076626088,683.2154231102035,0.029611235471248314
2020-04-16,0.0,1251.4899876108602,-0.05228851076626088,724.0167071619019,-0.05971950086542065
2020-04-17,0.0,1251.4899876108602,-0.05228851076626088,719.8679366744637,0.005730213745620708
2020-04-18,0.0,1251.4899876108602,-0.05228851076626088,749.9374700202885,-0.04177090243070885
2020-04-19,0.0,1251.4899876108602,-0.05228851076626088,733.7140734713423,0.021632999013247587
2020-04-20,0.0,1251.4899876108602,-0.05228851076626088,707.799888619477,0.035319187390341775
2020-04-21,0.0,1251.4899876108602,-0.05228851076626088,712.211394801738,-0.006232702566350319
2020-04-22,0.0,1251.4899876108602,-0.05228851076626088,736.2278933802207,-0.033721025462065776
2020-04-23,0.0,1251.4899876108602,-0.05228851076626088,760.0068211366112,-0.032298324975456864
2020-04-24,0.0,1251.4899876108602,-0.05228851076626088,763.2723384677523,-0.004296694766841073
2020-04-25,0.0,1251.4899876108602,-0.05228851076626088,771.6550475200388,-0.010982592490007517
2020-04-26,0.0,1251.4899876108602,-0.05228851076626088,787.4212674153479,-0.02043169411770061
2020-04-27,0.0,1251.4899876108602,-0.05228851076626088,790.5480275789445,-0.003970886097425289
2020-04-28,0.0,1251.4899876108602,-0.05228851076626088,799.7011514015895,-0.011578200821873472
2020-04-29,0.0,1251.4899876108602,-0.05228851076626088,851.3311879212529,-0.06456166335283434
2020-04-30,0.0,1251.4899876108602,-0.05228851076626088,823.5685923536204,0.032610805244222406
2020-05-01,0.0,1251.4899876108602,-0.05228851076626088,845.3532310712374,-0.026451517116941207
2020-05-02,0.0,1251.4899876108602,-0.05228851076626088,852.0824010896899,-0.007960187257964641
2020-05-03,0.0,1251.4899876108602,-0.05228851076626088,838.8197465234367,0.015564990603364344
2020-05-04,0.0,1251.4899876108602,-0.05228851076626088,836.0947000898196,0.0032486674817935957
2020-05-05,0.0,1251.4899876108602,-0.05228851076626088,836.17950130445,-0.00010142537038095232
2020-05-06,0.0,1251.4899876108602,-0.05228851076626088,826.1957126905484,0.011939767236970973
2020-05-07,0.0,1251.4899876108602,-0.05228851076626088,858.9023113843151,-0.03958698670470714
2020-05-08,-0.002171238832658684,1248.772703951076,-0.05434621875384197,859.0851955540318,-0.0023841666211773366
2020-05-09,-0.0028997200002074397,1245.151612765716,-0.0570883499365932,849.9358333173718,0.007750402111092014
2020-05-10,-0.009089255803676588,1233.834111242928,-0.06565871512428625,796.1208387186672,0.054227282326808
2020-05-11,-7.810702518540324e-05,1233.7377401309266,-0.06573169374255577,788.9119439142232,0.008976918862651553
2020-05-12,0.0,1233.7377401309266,-0.06573169374255577,808.8311973293828,-0.025249019955673697
2020-05-13,0.0,1233.7377401309266,-0.06573169374255577,829.5901675727321,-0.025665392620724363
2020-05-14,0.0,1233.7377401309266,-0.06573169374255577,839.215226104395,-0.011602184919602696
2020-05-15,0.0,1233.7377401309266,-0.06573169374255577,818.5892929860673,0.024577644061669974
2020-05-16,0.0,1233.7377401309266,-0.06573169374255577,827.8684936710324,-0.01133559987220981
2020-05-17,0.0,1233.7377401309266,-0.06573169374255577,838.8836237338209,-0.01330541039669694
2020-05-18,0.0,1233.7377401309266,-0.06573169374255577,856.1655096020702,-0.020601052850845538
2020-05-19,0.0,1233.7377401309266,-0.06573169374255577,865.9551096698312,-0.011434237840661412
2020-05-20,0.00011831608603607435,1233.8837111515338,-0.06562115477325187,856.0808342574012,0.011521072767262759
2020-05-21,-0.0068580104019190236,1225.421723825698,-0.07202913461315001,823.0954857279496,0.0316726367163106
2020-05-22,0.005272789682742252,1231.8831148480945,-0.06713613940825285,845.1094486373485,-0.021472543381415514
2020-05-23,-0.0012321085553655964,1230.3653011230797,-0.06828552895187932,841.2409446994187,0.0033454097106617254
2020-05-24,-0.005209842335291759,1223.9552918894146,-0.07313961444754982,815.7825291139789,0.02505308738282392
2020-05-25,0.003789243399142439,1228.593156400052,-0.06962751484966857,831.9609984528947,-0.01604259751621449
2020-05-26,-0.0005072368069595212,1227.9699687303473,-0.07009943401831928,825.7912194942485,0.006908710539273634
2020-05-27,0.0022485769513045373,1230.7311536989284,-0.0680084810386479,842.8598051613297,-0.018420794754457712
2020-05-28,0.014083282985011047,1248.0638888149394,-0.05488298073748498,882.2423395193645,-0.03264161019042829
2020-05-29,-0.0004727860580119314,1247.4738216087997,-0.055329818887382046,877.5187273095153,0.004881312241580631
2020-05-30,0.017168120983345858,1268.8906031017364,-0.039111606928681354,929.1774698998552,-0.041700984578339914
2020-05-31,-0.009448870913331242,1256.901019589889,-0.0481909173169305,906.2948638512192,0.015177862719267705
2020-06-01,0.016955804785911077,1278.212787913268,-0.03205222831749922,950.190353616645,-0.03147819999140352
2020-06-02,-0.014520532285741461,1259.6524578583258,-0.046107345187126426,921.3566105136082,0.015824695902788233
2020-06-03,0.013960737848746962,1277.2381356030157,-0.03279029989743854,941.7243340001565,-0.008145494693714981
2020-06-04,0.005102585823616224,1283.7553528071257,-0.027855029393231076,947.4522112762423,-0.0009797432288311458
2020-06-05,-0.008045327122889523,1273.427121048032,-0.035676253692634365,938.1326229909893,0.0017911460779057118
2020-06-06,0.0025726314969565234,1276.7031797687187,-0.03319540404962102,940.8664581719493,-0.00034149291782381574
2020-06-07,0.002484180305322825,1279.8747406636433,-0.03079368711326541,942.8499345599222,0.00037604224731746516
2020-06-08,0.0009752613219617956,1281.1229529951684,-0.029848457683305796,944.9713502182243,-0.0012747421839432844
2020-06-09,-0.00611257287825917,1273.2919955789748,-0.0357785796886721,935.4308395828141,0.003983511657221106
2020-06-10,0.003749897951188963,1278.0667106244618,-0.03216284776015405,941.4382591829215,-0.00267219050891205
2020-06-11,-0.02487330592426329,1246.2769663394827,-0.05623615733268356,891.7334237259869,0.027923396325838228
2020-06-12,0.0028668435676160176,1249.8498474439011,-0.053530534030984116,911.8039746177183,-0.01964050039608708
2020-06-13,0.00023203342101929536,1250.139854379764,-0.05331092148290494,912.3929272497401,-0.0004138868079080879
2020-06-14,-0.0027529979485108047,1246.698221925305,-0.05591715457394008,899.4884279392269,0.01139057871139572
2020-06-15,-0.0004048096136551882,1246.1935464997428,-0.05629932838585554,903.138707521823,-0.004462982536412022
2020-06-16,-8.03400910472929e-05,1246.0934271967544,-0.05637514538373441,909.0888523725347,-0.006668635777142463
2020-06-17,0.0,1246.0934271967544,-0.05637514538373441,914.6424286129576,-0.006108947685288754
2020-06-18,0.0,1246.0934271967544,-0.05637514538373441,905.2294021782633,0.01029148237630866
2020-06-19,0.0,1246.0934271967544,-0.05637514538373441,896.5209307921077,0.00962018176298778
2020-06-20,0.0,1246.0934271967544,-0.05637514538373441,897.9288164545817,-0.0015703879453544836
2020-06-21,0.0,1246.0934271967544,-0.05637514538373441,892.8172686261464,0.005692598048716072
2020-06-22,0.0,1246.0934271967544,-0.05637514538373441,921.4306498820912,-0.032048418261414816
2020-06-23,0.0,1246.0934271967544,-0.05637514538373441,918.1743473132695,0.003533963808603919
2020-06-24,0.0,1246.0934271967544,-0.05637514538373441,901.8303783389014,0.01780050708473107
2020-06-25,0.0,1246.0934271967544,-0.05637514538373441,896.5993218303614,0.005800488245001345
2020-06-26,0.0,1246.0934271967544,-0.05637514538373441,891.724438320269,0.005437081415743902
2020-06-27,0.0,1246.0934271967544,-0.05637514538373441,869.3124361868772,0.025133327259269627
2020-06-28,0.0,1246.0934271967544,-0.05637514538373441,881.0380637882694,-0.013488392795604083
2020-06-29,0.0,1246.0934271967544,-0.05637514538373441,890.4257770825208,-0.010655286848659287
2020-06-30,0.0,1246.0934271967544,-0.05637514538373441,884.9106143752011,0.006193848885855597
2020-07-01,0.0,1246.0934271967544,-0.05637514538373441,914.6355647552857,-0.03359090725911588
2020-07-02,-0.003914578615241249,1241.2154965140573,-0.06006903906042536,899.7656710300325,0.01234314664523628
2020-07-03,0.003534199957045958,1245.602200268522,-0.05674713509864664,903.905628810511,-0.0010669511134754495
2020-07-04,0.003385601554375617,1249.8193130138848,-0.053553656733067376,915.802299577902,-0.009775806438012236
2020-07-05,-0.0018657712799332593,1247.4874360345575,-0.0553195091383327,910.0388105692633,0.004427605588955497
2020-07-06,0.0067604840407053945,1255.9210549368497,-0.04893301175629659,946.8327231153233,-0.033670662541981554
2020-07-07,0.012034391419419421,1271.0353005038498,-0.03748749935368356,961.9137005604719,-0.003893424631897839
2020-07-08,0.011671463022158157,1285.8701420135383,-0.026253570294025048,1002.3315536161415,-0.030346706624577946
2020-07-09,-0.005555937146144774,1278.7259283264068,-0.03166364425375432,984.0851547442549,0.012648018227761768
2020-07-10,-0.005274615254164505,1271.9811410389607,-0.036771245966935526,979.799845759371,-0.0009200032937823266
2020-07-11,-0.00011913774413729872,1271.829600075232,-0.036886002867779245,989.6848126527086,-0.010207899174464312
2020-07-12,0.0,1271.829600075232,-0.036886002867779245,1000.2678085249066,-0.010693299257398798
2020-07-13,0.0006244542519906471,1272.6237994768067,-0.036284582237118286,993.4700374925635,0.007420405270716127
2020-07-14,-0.002470905276707791,1269.4792666154156,-0.0386658317481132,1001.4871517685971,-0.010540715108384295
2020-07-15,-0.0033716962854251076,1265.198968087744,-0.041907158592260366,992.615764281388,0.005486517693199078
2020-07-16,-0.003583911737562673,1260.6646066556623,-0.045340878772256316,977.7944432188513,0.01134766762665058
2020-07-17,-0.00010452786791648183,1260.5328320721708,-0.045440667254785294,972.5624366577428,0.005246296732686585
2020-07-18,0.0,1260.5328320721708,-0.045440667254785294,979.7262456583202,-0.00736591166855703
2020-07-19,0.0,1260.5328320721708,-0.045440667254785294,990.6841743945339,-0.01118468427764804
2020-07-20,0.0,1260.5328320721708,-0.045440667254785294,973.0977953537869,0.017751751259673876
2020-07-21,0.0,1260.5328320721708,-0.045440667254785294,994.2723909765099,-0.02175998725289942
2020-07-22,0.0,1260.5328320721708,-0.045440667254785294,1013.1255985230307,-0.018961813400052683
2020-07-23,0.00675052018953437,1269.0420844046448,-0.03899689520698033,1030.1127605826978,-0.010016563856541958
2020-07-24,0.0022707461694282394,1271.9237568566498,-0.03681470108796301,1028.6789784879197,0.0036626152440011484
2020-07-25,0.019012743319496428,1296.1065167677348,-0.018501906230636075,1083.626423793521,-0.03440279880266301
2020-07-26,0.0039980322845507565,1301.2883924659889,-0.014577845164521087,1093.8758461531381,-0.005460414034740877
2020-07-27,0.0027151745760194412,1304.8216176252818,-0.011902251983065474,1114.3322519069723,-0.01598567326313308
2020-07-28,0.0016593440858889696,1306.9867656596284,-0.010262657828613313,1129.6315967933497,-0.012070263811751454
2020-07-29,0.004577208541994393,1312.9691166476794,-0.005732423611695566,1129.795732543996,0.0044319082944515665
2020-07-30,0.010966925650443882,1327.3683513312833,0.0,1140.6296027330282,0.001377696485418729
2020-07-31,0.021294000665597723,1355.633333888025,0.0,1163.4223938987266,0.0013113602790207415
2020-08-01,0.05367779626133573,1428.4007437895416,0.0,1224.0074933371225,0.00160290088703368
2020-08-02,-0.02965311738147758,1386.0442088661605,-0.02965311738147754,1187.2558510484826,0.0003725503441673883
2020-08-03,-0.000497909634800342,1385.3540841003069,-0.030136262443431743,1221.7907694845517,-0.029585926683165065
2020-08-04,0.0,1385.3540841003069,-0.030136262443431743,1227.599195711368,-0.0047540269347974605
2020-08-05,0.0,1385.3540841003069,-0.030136262443431743,1248.2664903220832,-0.01683553938689161
2020-08-06,-0.002394703514991936,1382.0365718056034,-0.03245879854482166,1245.07888613782,0.0001589212189705585
2020-08-07,-0.0018504077519839734,1379.479240619609,-0.03424914428435816,1220.3515159873639,0.018009675352596993
2020-08-08,0.0026074233968964577,1383.0761270671337,-0.03173102290759234,1246.2854426674794,-0.018643770493031946
2020-08-09,-0.002224484087598899,1379.999496230535,-0.03388492183965004,1231.4214827435155,0.009702125511683637
2020-08-10,0.0009412647080906389,1381.2984410535196,-0.03297555181262352,1241.2636369000857,-0.007051249873222809
2020-08-11,-0.005965167675435867,1373.0587642428172,-0.038744014792307026,1200.2954231977747,0.027040079948368212
2020-08-12,-3.539892254877941e-05,1373.0101594419668,-0.03877804221847698,1231.331617506344,-0.025892528516431552
2020-08-13,0.0,1373.0101594419668,-0.03877804221847698,1263.5478093330269,-0.02616370063811562
2020-08-14,0.002258533161920706,1376.1111484187204,-0.036607090550861164,1266.624821063341,-0.00017668274964701075
2020-08-15,-0.0009999624161037834,1374.7350889899203,-0.03757044725225115,1252.4200481682826,0.010214702462430296
2020-08-16,0.00021563492964871145,1375.0315298941202,-0.03736291382335257,1273.411280613334,-0.016544901981072137
2020-08-17,-0.0004757503234492644,1374.3773581990201,-0.037820888728465396,1271.2453673920238,0.0012251245268714653
2020-08-18,-0.004817627077130626,1367.7561206239652,-0.04245630886797666,1259.9980068044476,0.004029886452574896
2020-08-19,-0.004316266192181173,1361.852521121367,-0.04658932232954621,1204.7087071698024,0.039564199757814666
2020-08-20,0.0023894393024368465,1365.106585059457,-0.04431120538495756,1241.495887866915,-0.02814672307289442
2020-08-21,-0.00790104871509234,1354.320811429609,-0.05186214910767888,1179.7621861643843,0.04182420797391584
2020-08-22,0.002504127547082513,1357.712203481097,-0.049487890996827766,1197.0134523455274,-0.012118536565614743
2020-08-23,-0.00020881879693146477,1357.428687652187,-0.049686375791898635,1199.844390090953,-0.0025738195743902426
2020-08-24,0.0009414295775422854,1358.706611168147,-0.048791722438127794,1224.6094272119085,-0.01969877787392422
2020-08-25,-0.004098193661939198,1353.1383683458228,-0.05268995817241599,1170.2534381591456,0.04028819423033462
2020-08-26,-8.659533510602113e-05,1353.021192875371,-0.052771990802937326,1199.4310369059554,-0.025019313151092244
2020-08-27,0.0,1353.021192875371,-0.052771990802937326,1179.7331633892888,0.01642268118013606
2020-08-28,0.0,1353.021192875371,-0.052771990802937326,1222.4651880141237,-0.03622177111819834
2020-08-29,0.0,1353.021192875371,-0.052771990802937326,1232.1814404046754,-0.00794808104624686
2020-08-30,0.0,1353.021192875371,-0.052771990802937326,1283.6091805667993,-0.041737148828693504
2020-08-31,0.0,1353.021192875371,-0.052771990802937326,1300.6685844996664,-0.013290185354808779
2020-09-01,0.0,1353.021192875371,-0.052771990802937326,1331.7068526871435,-0.023863318109906353
2020-09-02,-0.00674325191579539,1343.8974301244025,-0.05915938789065045,1274.8436269160693,0.035956254853532044
2020-09-03,-0.01715731852901259,1320.8397538454367,-0.07530168995764173,1115.9635726775834,0.10746977367587769
2020-09-04,0.00010700241139671718,1320.9810868841669,-0.07520274500865268,1146.6650622739944,-0.02740419091792285
2020-09-05,0.0,1320.9810868841669,-0.07520274500865268,1036.9954501992727,0.09564223737420914
2020-09-06,0.0,1320.9810868841669,-0.07520274500865268,1107.735812562666,-0.06821665644704598
2020-09-07,0.0,1320.9810868841669,-0.07520274500865268,1099.5090264686662,0.007426667984099903
2020-09-08,0.0,1320.9810868841669,-0.07520274500865268,1062.1224504683098,0.03400297323654749
2020-09-09,0.0,1320.9810868841669,-0.07520274500865268,1152.3042007184133,-0.08490711236763764
2020-09-10,0.0,1320.9810868841669,-0.07520274500865268,1166.4938914395486,-0.012314188139111846
2020-09-11,0.0,1320.9810868841669,-0.07520274500865268,1171.3725025891758,-0.004182286067187909
2020-09-12,0.0,1320.9810868841669,-0.07520274500865268,1200.4877451424873,-0.024855665033075187
2020-09-13,0.005676000171423556,1328.4789757597687,-0.06995359563078976,1193.269182198199,0.011689025271843567
2020-09-14,0.0001791678292082377,1328.7169964540044,-0.06978696123545595,1209.7443108945606,-0.013627548159226035
2020-09-15,-0.008867134578384395,1316.93508402986,-0.07803528543674908,1157.1219124825204,0.0346316427567435
2020-09-16,0.0016189467092309062,1319.067131750421,-0.07654267369607988,1141.910698974357,0.014764677806422639
2020-09-17,-8.162355216390083e-05,1318.9594648055847,-0.07661804956332463,1178.6300805694614,-0.03223771213955078
2020-09-18,0.0,1318.9594648055847,-0.07661804956332463,1186.5858559799753,-0.006750018976836247
2020-09-19,0.0,1318.9594648055847,-0.07661804956332463,1183.3110036850142,0.0027598949359266705
2020-09-20,0.0,1318.9594648055847,-0.07661804956332463,1152.8457831635792,0.025745742604067257
2020-09-21,0.0,1318.9594648055847,-0.07661804956332463,1078.241033465466,0.0647135556096556
2020-09-22,0.0,1318.9594648055847,-0.07661804956332463,1100.1251165324784,-0.020296095573989544
2020-09-23,0.0,1318.9594648055847,-0.07661804956332463,1004.5695089146916,0.08685885467188643
2020-09-24,0.0,1318.9594648055847,-0.07661804956332463,1112.7647380460771,-0.10770307895197484
2020-09-25,0.0,1318.9594648055847,-0.07661804956332463,1152.8719418414532,-0.036042842142716566
2020-09-26,0.0,1318.9594648055847,-0.07661804956332463,1151.9110190274691,0.0008335035133644039
2020-09-27,0.0,1318.9594648055847,-0.07661804956332463,1172.080073370697,-0.01750921209196865
2020-09-28,0.0,1318.9594648055847,-0.07661804956332463,1144.1129052119854,0.02386114122585741
2020-09-29,0.0,1318.9594648055847,-0.07661804956332463,1160.1264972146485,-0.013996513744153847
2020-09-30,0.0,1318.9594648055847,-0.07661804956332463,1165.5255215317939,-0.0046538238115480125
2020-10-01,0.0,1318.9594648055847,-0.07661804956332463,1133.144324701503,0.027782486296596822
2020-10-02,0.0,1318.9594648055847,-0.07661804956332463,1093.747768768651,0.03476746525049222
2020-10-03,0.0,1318.9594648055847,-0.07661804956332463,1097.7788855330748,-0.0036855999888914764
2020-10-04,0.0,1318.9594648055847,-0.07661804956332463,1119.6282649689751,-0.019903260778503986
2020-10-05,0.0,1318.9594648055847,-0.07661804956332463,1131.5973041039388,-0.01069019022603487
2020-10-06,0.0,1318.9594648055847,-0.07661804956332463,1059.9954607228278,0.06327502117708662
2020-10-07,0.0,1318.9594648055847,-0.07661804956332463,1069.2747924896148,-0.008754124060549555
2020-10-08,0.0,1318.9594648055847,-0.07661804956332463,1108.5168752252014,-0.036699717426442256
2020-10-09,0.0,1318.9594648055847,-0.07661804956332463,1154.3596721124172,-0.041355073532734724
2020-10-10,0.0,1318.9594648055847,-0.07661804956332463,1149.9559986516415,0.0038148192172352707
2020-10-11,0.0,1318.9594648055847,-0.07661804956332463,1161.0542499382761,-0.009651022560556737
2020-10-12,0.0,1318.9594648055847,-0.07661804956332463,1209.9373395203027,-0.042102330347290114
2020-10-13,0.0,1318.9594648055847,-0.07661804956332463,1197.201306435652,0.010526192281742517
2020-10-14,0.0,1318.9594648055847,-0.07661804956332463,1169.2551262404909,0.023342924907393647
2020-10-15,0.0,1318.9594648055847,-0.07661804956332463,1165.6673349464286,0.0030684417913122075
2020-10-16,0.0,1318.9594648055847,-0.07661804956332463,1130.1572954119124,0.030463270669026894
2020-10-17,0.0,1318.9594648055847,-0.07661804956332463,1147.1512066174982,-0.015036766363917518
2020-10-18,0.0,1318.9594648055847,-0.07661804956332463,1156.8561238640696,-0.008460015724681453
2020-10-19,0.0,1318.9594648055847,-0.07661804956332463,1146.7044607570933,0.008775216638926664
2020-10-20,0.0,1318.9594648055847,-0.07661804956332463,1103.5489704010513,0.03763436162753685
2020-10-21,0.0,1318.9594648055847,-0.07661804956332463,1146.490135849143,-0.03891188030603294
2020-10-22,0.0026011235994729542,1322.3902413962387,-0.07421621898071647,1197.1413978175951,-0.04157829006023354
2020-10-23,-0.0006930100074500345,1321.4738117251968,-0.07485779640569779,1185.5862122127428,0.008959304770000334
2020-10-24,0.0027795943208035467,1325.1469728273587,-0.07228627639065144,1183.4779626913087,0.004557828159656234
2020-10-25,-0.0012458102821423234,1323.4960911032606,-0.0734420316864085,1160.2553924229283,0.018376498709206324
2020-10-26,0.0003267150082215675,1323.9284971395466,-0.07313931129217317,1141.2605341447677,0.01669798843837056
2020-10-27,0.008627940881835938,1335.3512739446446,-0.06514241206430424,1159.6202630160178,-0.007459296275636098
2020-10-28,-0.0054485444135965455,1328.0755532208045,-0.0702360251525596,1110.5956765030908,0.03682786975100284
2020-10-29,0.002774717557026962,1331.7605877753847,-0.06765619272765915,1082.5987348109709,0.027983659284833293
2020-10-30,0.0015169997419091086,1333.7808682433247,-0.06624182741265645,1067.8065053196226,0.015180630610581105
2020-10-31,0.003373857634745292,1338.2808550087245,-0.06309146027306689,1080.6691145197744,-0.0086719663381118
2020-11-01,-0.0004523398766667075,1337.6754972118244,-0.06351526136637498,1100.8301719098424,-0.019108427220318597
2020-11-02,-0.003128999285362033,1333.4899115370024,-0.066445521444312,1060.258851170733,0.033726204881800115
2020-11-03,0.006950848556775968,1342.7587979640846,-0.059956525644371525,1048.753831598314,0.017801990765789415
2020-11-04,0.0017385103992864082,1345.0931980980786,-0.05832225028842286,1049.0447539181582,0.0014611122996764292
2020-11-05,0.02105423349611124,1373.4131043648665,-0.03849594706790273,1090.6573001842498,-0.01861285040156784
2020-11-06,-0.00016642231709129707,1373.1845377737145,-0.038655962800284396,1207.1374078904216,-0.10696450425033861
2020-11-07,-0.015758228782709938,1351.5455816665965,-0.05380504207737155,1167.0186637074116,0.017476383880914707
2020-11-08,0.004274700157478106,1357.3230337773855,-0.04976034234173473,1211.51830003924,-0.03385634068677109
2020-11-09,-0.0023311043248965824,1354.1589721830653,-0.05197545011739013,1187.235072434697,0.01771252820113015
2020-11-10,0.0013926787269074037,1356.0448805764754,-0.050655156494182695,1220.206785643352,-0.02637917031478162
2020-11-11,0.00295692979356299,1360.0546100852605,-0.04784801044205499,1205.1076196226982,0.015331197989992338
2020-11-12,-0.00017318359499585156,1359.8190709384953,-0.04801290754658904,1195.825972869407,0.007528739952875492
2020-11-13,0.0033306546212767962,1364.3481586112168,-0.0448421673377133,1236.491125946325,-0.030675257609698595
2020-11-14,-0.005261613650339947,1357.169485716052,-0.0498678388282783,1206.975524700835,0.018608837682580752
2020-11-15,-0.003331066541053085,1352.6486638516449,-0.05303279227993592,1207.97137266211,-0.004156143720246038
2020-11-16,0.015852949305956487,1374.0921345484546,-0.03802056914154668,1266.671347757088,-0.032740896892249224
2020-11-17,0.01714495646177272,1397.6508843697522,-0.02152747368235758,1309.7147533860725,-0.01683655397911791
2020-11-18,-0.0039091571433995664,1392.1872474311394,-0.025352476548232458,1284.2653223813622,0.015522120498479657
2020-11-19,0.0027699713583797525,1396.0435662320251,-0.022652730823755393,1279.567345680298,0.0064280758163845885
2020-11-20,0.025154752528650404,1431.1606966598063,0.0,1351.4110600796298,-0.030992127619447904
2020-11-21,0.07418982243185912,1537.338254616453,0.0,1522.4191307164679,-0.052350558721127455
2020-11-22,0.002059585706335465,1540.5045345114638,0.0,1502.7664263575007,0.014968451578060578
2020-11-23,0.015117457550235747,1563.7930464178867,0.0,1644.8172684145602,-0.07940877058847173
2020-11-24,0.023501945361903864,1600.5452251521249,0.0,1736.2098812451673,-0.03206204620458819
2020-11-25,-0.03537834158804709,1543.9205894495753,-0.03537834158804704,1641.0605783958024,0.019424539029776748
2020-11-26,-0.030388903104908382,1497.0025362551191,-0.06469213569842393,1452.7525187497415,0.08435887776625177
2020-11-27,-0.000301943571023533,1496.550525963491,-0.0649745458949775,1466.2707419126937,-0.009607192048297757
2020-11-28,0.0,1496.550525963491,-0.0649745458949775,1548.8567982034242,-0.05632387930144483
2020-11-29,0.0,1496.550525963491,-0.0649745458949775,1580.6699542742242,-0.020539765914899984
2020-11-30,0.0,1496.550525963491,-0.0649745458949775,1661.0074026513091,-0.05082493543946209
2020-12-01,-0.004539148271868854,1489.7574612297994,-0.0692187650691317,1577.6638256569795,0.04563737524108851
2020-12-02,0.002097186836511611,1492.8817609670855,-0.0672667429155627,1627.6944048732325,-0.02961462552973753
2020-12-03,0.001033297753775697,1494.4243523373455,-0.06630295173614548,1651.165204066883,-0.013386361810931382
2020-12-04,-0.0036974833372794835,1488.8987431957535,-0.0697552810141681,1513.726248419403,0.07954007236517993
2020-12-05,0.002376843649265492,1492.4376227179175,-0.06754423476158396,1587.072091087816,-0.046076991874164745
2020-12-06,0.0010045711726494044,1493.9368825306774,-0.06660751658005466,1585.0562895702749,0.002274709768659511
2020-12-07,-0.0009299600826419008,1492.5475808639374,-0.06747553433107323,1550.075358450485,0.021139244241498156
2020-12-08,-0.004043872253313596,1486.5119091149313,-0.07124654414332791,1439.876713175597,0.06704857152635336
2020-12-09,0.0010350722465641837,1488.0505563362433,-0.07028521721727012,1480.4434538751113,-0.02713868758183529
2020-12-10,-0.0013853330787856333,1485.9891106776454,-0.071573181859695,1437.2012883046564,0.02782359446063996
2020-12-11,-0.0010574986674172226,1484.4176791733073,-0.07255499198267275,1403.4535019131247,0.022424101764030473
2020-12-12,-6.98254492584871e-05,1484.3140290419717,-0.07261975124702015,1431.6747009902306,-0.020178221658064915
2020-12-13,0.0,1484.3140290419717,-0.07261975124702015,1478.8925750621574,-0.03298086781813524
2020-12-14,0.0,1484.3140290419717,-0.07261975124702015,1475.3492065335781,0.0023959607265122695
2020-12-15,0.0,1484.3140290419717,-0.07261975124702015,1487.3672512716566,-0.008145898398058555
2020-12-16,0.0,1484.3140290419717,-0.07261975124702015,1604.7038734092555,-0.0788888030426106
2020-12-17,0.008172502092496536,1496.4445885502391,-0.0650407342235465,1594.0440486688722,0.014815363069541725
2020-12-18,0.0030576404265130197,1501.020178020227,-0.06218196497536553,1628.8201384554209,-0.018758626078536813
2020-12-19,0.004217858818704734,1507.3512692151432,-0.05822638090599655,1651.0280743530247,-0.009416510853727935
2020-12-20,-0.004503135520824153,1500.5634621723812,-0.062467315142713885,1609.4173485933673,0.020699782834130605
2020-12-21,-0.007847255167869882,1488.7881577891321,-0.0698243733490072,1526.361158783871,0.043759116468478805
2020-12-22,0.009489292916278647,1502.91570470868,-0.06099766436413287,1526.5242354442935,0.009382452762829865
2020-12-23,-0.009686231891163688,1488.3581146800002,-0.07009305873344615,1317.8517821833434,0.12701153445659172
2020-12-24,0.002500556552192279,1492.0798383156719,-0.06776777383853297,1453.3571513556894,-0.10032236405565365
2020-12-25,0.005096330998341614,1499.6839710476806,-0.06301680984669322,1467.7981187645066,-0.004839951625201169
2020-12-26,0.009193225173368846,1513.4709034824139,-0.05440291239595244,1455.2694057231665,0.0177289446849089
2020-12-27,-0.0010980844475926288,1511.808984621416,-0.0554412578515393,1452.3845025723183,0.0008842998033938843
2020-12-28,0.009335386383204414,1525.9223056304568,-0.04662343703194986,1527.307158555891,-0.04225057852545265
2020-12-29,0.008768152975573873,1539.3018258350648,-0.03826408548451926,1562.8448262714298,-0.014500033463845922
2020-12-30,0.005482356961229895,1547.7408279153656,-0.03299150589871054,1539.1266172066992,0.02065866152200743
2020-12-31,-0.004228049585389471,1541.1969029496076,-0.037080065761263596,1552.1539496083822,-0.01269215660299537
2021-01-01,7.569913997107491e-05,1541.313570229687,-0.03700717355038073,1647.4327436197068,-0.06130918734977696
2021-01-02,0.02134335439396029,1574.2103719913193,-0.016453676376625058,1658.9920337873,0.014326806852119258
2021-01-03,0.042850667461324266,1641.666337155687,0.0,1837.592234380602,-0.06480518437876978
2021-01-04,0.0075681986303135496,1654.0907940799805,0.0,1929.6259507337859,-0.04251566362773832
2021-01-05,0.01763289746159269,1683.257207444157,0.0,2009.4184167245226,-0.023718363367167483
2021-01-06,0.034342067587334046,1741.0637402290715,0.0,2168.7924092903345,-0.04497142493335338
2021-01-07,0.0005714665848353118,1742.0586999786808,0.0,2327.7415377249345,-0.07271776467294606
2021-01-08,-0.0007947051642474001,1740.6742769333857,-0.0007947051642473483,2539.5984395332207,-0.09180863363301921
2021-01-09,0.007895550191812761,1754.4178580545108,0.0,2714.740206679743,-0.06106880433768261
2021-01-10,-0.009443840452264651,1737.84941571644,-0.009443840452264702,2604.0929378679684,0.03131411809548953
2021-01-11,-0.025745638078476074,1693.1073736245135,-0.034946340832385896,2384.75587156449,0.05848218002814429
2021-01-12,-0.00016568348846124348,1692.8268536885118,-0.0351062342891891,2507.672137877337,-0.051708177954450055
2021-01-13,0.0,1692.8268536885118,-0.0351062342891891,2656.32058985049,-0.05927746682984599
2021-01-14,0.0,1692.8268536885118,-0.0351062342891891,2726.1455911036614,-0.026286360735208385
2021-01-15,0.0,1692.8268536885118,-0.0351062342891891,2635.9105898170574,0.0330998467510582
2021-01-16,0.0,1692.8268536885118,-0.0351062342891891,2887.89970464354,-0.09559850618604337
2021-01-17,0.0,1692.8268536885118,-0.0351062342891891,3005.5075215016223,-0.040724342562512277
2021-01-18,-0.0018506153562912742,1689.6940823175337,-0.03689188150920322,3000.7163747707327,-0.00025649300037861836
2021-01-19,-0.0043910285590202935,1682.27458734607,-0.04112091676292056,2959.710476108293,0.009274341153094905
2021-01-20,0.0013000601092922892,1684.4616454299548,-0.03987431631716917,3003.8575346613857,-0.013615945665415003
2021-01-21,-0.02123386498617008,1648.6940142765134,-0.0602614954542446,2587.7054608137955,0.11730535301788941
2021-01-22,0.008373609665895732,1662.4995344105637,-0.05239249202916582,2817.6360860072477,-0.08048141215762453
2021-01-23,-8.912243818803844e-05,1662.3513683985705,-0.05247694512072152,2829.3347801472232,-0.004241075984663548
2021-01-24,0.0,1662.3513683985705,-0.05247694512072152,2905.8673248095024,-0.027049660294458718
2021-01-25,0.0,1662.3513683985705,-0.05247694512072152,2861.380110937782,0.015309444272249275
2021-01-26,0.0,1662.3513683985705,-0.05247694512072152,2918.6169207156277,-0.020003217873450354
2021-01-27,0.0,1662.3513683985705,-0.05247694512072152,2703.1098459393584,0.07383876700181272
2021-01-28,0.0,1662.3513683985705,-0.05247694512072152,2888.5900647345206,-0.06861734423179014
2021-01-29,0.0,1662.3513683985705,-0.05247694512072152,2941.9898627362636,-0.018486457685248068
2021-01-30,0.0,1662.3513683985705,-0.05247694512072152,3278.6127117441147,-0.11442012539593419
2021-01-31,0.0,1662.3513683985705,-0.05247694512072152,3323.240523919414,-0.013611797457943418
2021-02-01,0.0,1662.3513683985705,-0.05247694512072152,3428.991450907529,-0.03182162898741766
2021-02-02,0.0009706566881493295,1663.9649408723608,-0.051557225530327225,3598.415365680769,-0.04843859883169145
2021-02-03,0.008298819906683352,1677.7738862476954,-0.0436862697532084,3848.412278363193,-0.06117534782468084
2021-02-04,0.0028367878995159135,1682.5333749063266,-0.04097341053510341,4000.7118696310827,-0.0367378678940329
2021-02-05,0.030937061622152484,1734.586013607132,-0.011303945839545092,4448.7121991858,-0.08104309194887398
2021-02-06,0.015432047623600065,1761.3542275763477,0.0,4548.585433181902,-0.007017872605984823
2021-02-07,-0.0052424839490713415,1752.1203563096499,-0.005242483949071289,4729.517247080078,-0.0450200843824455
2021-02-08,0.021154740982097797,1789.1860086168415,0.0,5398.966135739143,-0.12039224017594136
2021-02-09,0.039433323137627596,1859.7395586479515,0.0,5793.044069662123,-0.03355804669415012
2021-02-10,0.04651283503487047,1946.2413179471666,0.0,6967.832933714423,-0.15628017843530345
2021-02-11,-0.0011909192948531544,1943.923501609183,-0.0011909192948531403,6932.120088025657,0.003934468473267283
2021-02-12,0.015232490495639128,1973.5342978716944,0.0,7224.190479208959,-0.026900419418575426
2021-02-13,-0.0058141258597909085,1962.0599210752544,-0.005814125859790894,7069.460460415445,0.015604193499149415
2021-02-14,-0.001764664621684675,1958.5975433469075,-0.007568530499264728,6853.013020997328,0.028852585539071995
2021-02-15,-0.006577607381232697,1945.7146576889247,-0.014096355058420352,6732.335838940085,0.011031753886211786
2021-02-16,0.001584673027046124,1948.7979792252927,-0.012534020145014944,6610.568170520046,0.01967165967375049
2021-02-17,0.04830326457282785,2042.9312836148044,0.0,7021.84374179685,-0.013911595128777744
2021-02-18,0.03622049644513825,2116.927268910636,0.0,7452.378300140215,-0.025093109236607396
2021-02-19,0.15797551192800552,2451.3499379311484,0.0,8617.686640249578,0.001608202972764039
2021-02-20,-0.07744677579553905,2261.500788891786,-0.07744677579553902,8182.7987740337885,-0.026982203994493012
2021-02-21,0.0013927034937453175,2264.6503889415835,-0.0761619326970235,8614.759502542109,-0.05139616990236547
2021-02-22,-0.007940304555513644,2246.668375141625,-0.08349748831138624,8610.053745276065,-0.007394060952931951
2021-02-23,-0.00011956296053494686,2246.3997568193527,-0.08360706806502148,7733.495304294573,0.10168682140290994
2021-02-24,0.0,2246.3997568193527,-0.08360706806502148,8203.967753999714,-0.0608356805290717
2021-02-25,0.0,2246.3997568193527,-0.08360706806502148,7552.995854097632,0.07934842254648186
2021-02-26,0.0,2246.3997568193527,-0.08360706806502148,7544.525519287582,0.0011214536554332577
2021-02-27,0.002206922955211299,2251.3573880092586,-0.08158465946754072,7609.517949899766,-0.0064075923573860185
2021-02-28,-6.745533709018314e-05,2251.20552193774,-0.08164661148392516,7347.64725278188,0.0343461170918093
2021-03-01,-0.0005053323287478317,2250.067915008849,-0.08211068514035746,8156.3495282248105,-0.11056808406696574
2021-03-02,-0.002341613199121184,2244.799126280145,-0.08426002687536513,7808.615504276227,0.04029192313294262
2021-03-03,-0.00031291622597784396,2244.0966922094713,-0.08454657677173233,7956.183676020165,-0.01921103864769596
2021-03-04,-0.0032168592869483703,2236.877748924327,-0.08749146161801287,7684.45119136636,0.030936762062041163
2021-03-05,0.0014906671238257285,2240.212189044666,-0.0861312151396365,7542.602415406713,0.01994986120641911
2021-03-06,-0.0009649264223937637,2238.0505491116883,-0.08701303127674914,7700.609452406385,-0.02191353650383229
2021-03-07,4.180904679151887e-05,2238.144119871818,-0.08697486016185368,8016.547496892393,-0.04098585849545487
2021-03-08,-0.0003855175233262731,2237.2812760938778,-0.08732684735249872,8066.458545298422,-0.006611520478510816
2021-03-09,0.002515255059047483,2242.908609142085,-0.08503124158804533,9000.571922185312,-0.11328691160941491
2021-03-10,-0.0020653474248896186,2238.2762236219305,-0.08692096995708595,8543.286000603786,0.048740970832994925
2021-03-11,-0.00026940289284971275,2237.67322553229,-0.08716695608917994,8829.341881867156,-0.03375252416997343
2021-03-12,-0.002954199231069321,2231.062693010038,-0.08986364676559601,8288.783012953607,0.0582688087967088
2021-03-13,0.0021763289408551767,2235.918219317698,-0.08788289067992758,8846.583822437167,-0.06511953447019533
2021-03-14,-0.002601162245124411,2230.102233262423,-0.09025545526782298,8432.655699752964,0.04418843823708423
2021-03-15,-0.0038171480558479853,2221.589602858383,-0.09372808488806576,8234.003475015086,0.01974034460256759
2021-03-16,0.0014671818891667243,2224.849078888858,-0.09239841914755303,8725.788972221146,-0.058258988824546575
2021-03-17,0.0022788029446982883,2229.919071521339,-0.09033017399249374,9028.203423106463,-0.03237874514041629
2021-03-18,-0.0014398471231700238,2226.708328961307,-0.09163995947450525,8807.71331753632,0.02298252078735224
2021-03-19,0.00042676032334965086,2227.65859972778,-0.09125230744989271,9058.105218167166,-0.0280019466070075
2021-03-20,7.539029717773538e-05,2227.826543571624,-0.09118379669129173,9030.57741295102,0.003114414966590468
2021-03-21,-0.0008580390536812033,2225.914981392412,-0.09196359648634889,8920.539782648842,0.011326965876830368
2021-03-22,-0.0037165328758874683,2217.6422951851364,-0.09533834363251004,8604.601371547133,0.03170042829458291
2021-03-23,0.00028738824943963515,2218.279619522233,-0.09507835450275134,8550.993322131713,0.006517548962367654
2021-03-24,-0.0023267231808522526,2213.1182969098786,-0.09718385667218477,8041.336524072076,0.057275334598861014
2021-03-25,-4.7644717136252623e-05,2213.012853514633,-0.0972268710919597,8002.951529859781,0.0047258147814668305
2021-03-26,0.0,2213.012853514633,-0.0972268710919597,8778.953069243606,-0.09696441825100284
2021-03-27,0.0,2213.012853514633,-0.0972268710919597,8917.44022202814,-0.015774905241231152
2021-03-28,0.0,2213.012853514633,-0.0972268710919597,9077.920303251041,-0.017996204877995945
2021-03-29,0.0,2213.012853514633,-0.0972268710919597,9413.921238271965,-0.037012985771707516
2021-03-30,0.0,2213.012853514633,-0.0972268710919597,9649.05767535897,-0.024977523301455196
2021-03-31,0.0,2213.012853514633,-0.0972268710919597,9646.72946030301,0.00024128937086858354
2021-04-01,0.0,2213.012853514633,-0.0972268710919597,9774.980601693747,-0.013294779533156942
2021-04-02,0.0,2213.012853514633,-0.0972268710919597,10099.066741323933,-0.03315465808433747
2021-04-03,-0.005635638374376528,2200.5411133543776,-0.10231457398058985,9954.916826187246,0.008637949356937877
2021-04-04,0.006858945416468032,2215.634504737569,-0.0961573986423639,10443.513483782239,-0.0422219927898359
2021-04-05,-0.0010225482086206883,2213.3689116437913,-0.09708162127525723,11326.34901110624,-0.08555688894509395
2021-04-06,0.026838459783822266,2272.7723241657054,-0.07284868267977931,11984.82092629291,-0.03129783060781176
2021-04-07,-0.02072144673570553,2225.67719350812,-0.09206059931756946,11290.82018448559,0.037185195847896715
2021-04-08,0.01470806708211847,2258.412602973379,-0.07870656570583379,12036.259896702653,-0.051313683334326246
2021-04-09,0.008186202122926645,2276.900425018284,-0.0711646714381765,12170.602907881239,-0.002975322497806172
2021-04-10,0.0037753569958245414,2285.4965369666725,-0.06765798648252164,12934.632404276985,-0.05900127799741697
2021-04-11,0.013245154600806552,2315.768291938404,-0.055308972372655286,13274.333368651016,-0.013017745940665657
2021-04-12,0.01962246768468323,2361.2093804121796,-0.03677180321102754,13933.275527763159,-0.030017852534207523
2021-04-13,0.008825652179588861,2382.04859312688,-0.028270686176595523,14564.16062843265,-0.03645337064691023
2021-04-14,0.0024916035520443636,2387.983713862657,-0.025849521966647495,14971.011585776076,-0.025443474048593723
2021-04-15,0.002882026294813267,2394.8659457175954,-0.023041994673850364,15006.014743160276,0.0005439640213556712
2021-04-16,-0.028888032418526666,2325.68298063968,-0.05126438920325134,14096.036049385519,0.0317528978584161
2021-04-17,-0.008541693860437238,2305.8177086026267,-0.059368198345172075,13796.983197377518,0.012673692575882134
2021-04-18,0.010203063745813257,2329.3441136697243,-0.04977087211154873,13500.867612296932,0.03166540669748619
2021-04-19,-0.00024775838605561873,2328.7669991315533,-0.05000629934665739,12991.06596655418,0.03751289969775603
2021-04-20,0.0,2328.7669991315533,-0.05000629934665739,13785.599947902987,-0.061160029776952306
2021-04-21,0.0,2328.7669991315533,-0.05000629934665739,13279.134939407339,0.03673869910701214
2021-04-22,0.0,2328.7669991315533,-0.05000629934665739,13044.664815878295,0.017657032976841496
2021-04-23,-0.0018644517714567765,2324.4251253747125,-0.051777516784713276,13022.038380622607,-0.0001299161911982236
2021-04-24,0.004231837605742417,2334.2617150320057,-0.047764793221632386,12512.27538759571,0.04337801258441931
2021-04-25,0.008020545509873411,2352.983767349375,-0.04012734740956286,12819.906983109213,-0.01656583754068513
2021-04-26,-0.004283172219478826,2342.9055326441794,-0.04423864728937565,14379.379282481445,-0.12592775992412483
2021-04-27,-0.0008956895887266558,2340.80701655122,-0.04509471278230586,14909.282239596101,-0.03774727731756849
2021-04-28,0.004006238518731164,2350.1848477858434,-0.041269134438914355,15035.374984458727,-0.004451093151317214
2021-04-29,-0.0026485648344951596,2343.9602308434346,-0.04380839529518451,15008.505169981996,-0.0008614584600612801
2021-04-30,0.0007338693045522149,2345.6803913079416,-0.043106675627221175,16044.238583513234,-0.068275895612128
2021-05-01,0.01259720735226133,2375.2294135793813,-0.03105249200610257,16552.553058415775,-0.019084849247475
2021-05-02,-0.0032283908241863557,2367.561244735244,-0.0341806332500283,16168.959225403665,0.019945909337146177
2021-05-03,0.010520349647626936,2392.46881684203,-0.024019875815368942,17115.707722578463,-0.04803310972948173
2021-05-04,-0.01412586737910615,2358.6731196266724,-0.03780644161424457,15583.895813996924,0.0753715658214401
2021-05-05,0.013290079877358307,2390.0200737910886,-0.025018812365818297,17327.85541721583,-0.09861772700444489
2021-05-06,-0.004038649004710071,2380.3676215988353,-0.028956419168868076,17571.77070893261,-0.01811513370774184
2021-05-07,-0.0013692186776431692,2377.108377791685,-0.030285990176547557,17509.621159242575,0.0021676786971012957
2021-05-08,0.014045967468806042,2410.4971647359735,-0.016665418740521878,18072.4090236993,-0.0180956682261305
2021-05-09,0.005013172386553633,2422.581402560094,-0.011735792971008479,18269.711214200088,-0.0059041430771486405
2021-05-10,-0.007945970823609705,2403.331641417532,-0.019588511526078618,17250.77930276505,0.047825677643557926
2021-05-11,0.014918535343546369,2439.1858294522826,-0.004962208084061552,18176.9442027581,-0.038769758022110246
2021-05-12,-0.02205664140836916,2385.385582283678,-0.02690939984812687,16353.998034591203,0.0782322821770532
2021-05-13,0.004698410976574197,2396.5931040868413,-0.02233742029117224,16929.771028054613,-0.030508453561721716
2021-05-14,0.0024951690947476735,2402.573009132844,-0.019897986837191503,17694.469883458387,-0.04267371441446079
2021-05-15,0.005718443098119641,2416.311986174648,-0.01429332924456758,17354.0361181679,0.02495800028930379
2021-05-16,0.00426811928557691,2426.6250939628108,-0.010086215593194538,17719.472149711906,-0.01678957755541501
2021-05-17,-0.009128237632181735,2404.474283460903,-0.0191223838526322,16687.31890106071,0.049121423527616316
2021-05-18,-0.0009325067178522772,2402.2320950386725,-0.020037058819080557,17515.939936125025,-0.05058823871274113
2021-05-19,-0.03542946143865833,2317.1223056607923,-0.05475661805496417,12224.165186562304,0.26668248738396355
2021-05-20,-2.186675378879066e-05,2317.071637717836,-0.05477728745926763,14162.613609952929,-0.15859698364778402
2021-05-21,0.0,2317.071637717836,-0.05477728745926763,12322.603922573024,0.12992020668323664
2021-05-22,0.0,2317.071637717836,-0.05477728745926763,11224.029360568336,0.08915117039445501
2021-05-23,0.0,2317.071637717836,-0.05477728745926763,9773.582187338052,0.12922695821929303
2021-05-24,0.0,2317.071637717836,-0.05477728745926763,12103.470989422129,-0.23838637230702503
2021-05-25,0.0,2317.071637717836,-0.05477728745926763,12003.810043120226,0.00823407982627473
2021-05-26,0.0,2317.071637717836,-0.05477728745926763,13119.681483831026,-0.09295977166435929
2021-05-27,0.0,2317.071637717836,-0.05477728745926763,12471.808682062172,0.04938174776325975
2021-05-28,0.0,2317.071637717836,-0.05477728745926763,11161.821292983146,0.10503587911536363
2021-05-29,0.0,2317.071637717836,-0.05477728745926763,10534.977068108723,0.05615967219153449
2021-05-30,0.0,2317.071637717836,-0.05477728745926763,11169.298414177509,-0.060210984985339104
2021-05-31,0.0,2317.071637717836,-0.05477728745926763,12382.932818553872,-0.10865806959153874
2021-06-01,0.0,2317.071637717836,-0.05477728745926763,12166.60069570515,0.017470184650003225
2021-06-02,0.0,2317.071637717836,-0.05477728745926763,12746.744882831634,-0.04768334242540538
2021-06-03,0.0,2317.071637717836,-0.05477728745926763,13638.949901251239,-0.06999473407687799
2021-06-04,0.0,2317.071637717836,-0.05477728745926763,12638.379594177954,0.0733612422010211
2021-06-05,0.0,2317.071637717836,-0.05477728745926763,12400.178269212089,0.018847457713297038
2021-06-06,0.0,2317.071637717836,-0.05477728745926763,12687.929316137932,-0.02320539597727305
2021-06-07,0.0,2317.071637717836,-0.05477728745926763,11683.1975618713,0.0791880005974419
2021-06-08,0.0,2317.071637717836,-0.05477728745926763,11684.971531595253,-0.00015183940137602253
2021-06-09,0.0,2317.071637717836,-0.05477728745926763,12305.127671863043,-0.053072969719347496
2021-06-10,0.0,2317.071637717836,-0.05477728745926763,11686.802149035424,0.05024941953601062
2021-06-11,0.0,2317.071637717836,-0.05477728745926763,11169.33495008333,0.04427791215707398
2021-06-12,0.0,2317.071637717836,-0.05477728745926763,11144.363333570105,0.002235729936010035
2021-06-13,0.0,2317.071637717836,-0.05477728745926763,11916.074514742746,-0.06924677149102089
2021-06-14,0.0,2317.071637717836,-0.05477728745926763,12170.72897662193,-0.021370667123986258
2021-06-15,0.0,2317.071637717836,-0.05477728745926763,11988.058182315139,0.015009026547026976
2021-06-16,0.0,2317.071637717836,-0.05477728745926763,11492.502465343547,0.04133744676870516
2021-06-17,0.0,2317.071637717836,-0.05477728745926763,11598.868460633697,-0.009255251030913894
2021-06-18,0.0,2317.071637717836,-0.05477728745926763,10929.479815406508,0.05771154725127541
2021-06-19,0.0,2317.071637717836,-0.05477728745926763,10641.084848337618,0.026386888666225548
2021-06-20,0.0,2317.071637717836,-0.05477728745926763,10866.489716081744,-0.021182508264590956
2021-06-21,0.0,2317.071637717836,-0.05477728745926763,8837.003309346126,0.1867655940199437
2021-06-22,0.0,2317.071637717836,-0.05477728745926763,8632.556169592615,0.023135347198216638
2021-06-23,0.0,2317.071637717836,-0.05477728745926763,9482.800737463218,-0.09849279299977365
2021-06-24,0.0,2317.071637717836,-0.05477728745926763,9803.523288753704,-0.033821500648370986
2021-06-25,0.0,2317.071637717836,-0.05477728745926763,8919.510401664153,0.09017297771951675
2021-06-26,0.0,2317.071637717836,-0.05477728745926763,9025.113589728813,-0.011839572275733321
2021-06-27,0.0,2317.071637717836,-0.05477728745926763,9610.059126077005,-0.06481309409932533
2021-06-28,0.0,2317.071637717836,-0.05477728745926763,9743.098956746586,-0.01384380979598516
2021-06-29,0.0,2317.071637717836,-0.05477728745926763,10203.510363742778,-0.047255129917097
2021-06-30,0.0,2317.071637717836,-0.05477728745926763,10339.450940539831,-0.013322922401304806
2021-07-01,0.0,2317.071637717836,-0.05477728745926763,9741.133572575603,0.05786742172336173
2021-07-02,0.0,2317.071637717836,-0.05477728745926763,9863.787905144129,-0.012591381860714448
2021-07-03,0.0,2317.071637717836,-0.05477728745926763,10120.852060066207,-0.026061403326405212
2021-07-04,0.0,2317.071637717836,-0.05477728745926763,10458.286840065883,-0.03334055057785991
2021-07-05,0.0,2317.071637717836,-0.05477728745926763,10033.835151860281,0.0405852024042331
2021-07-06,0.0,2317.071637717836,-0.05477728745926763,10479.53643980518,-0.044419833612899806
2021-07-07,0.0,2317.071637717836,-0.05477728745926763,10530.654023155861,-0.004877847760184946
2021-07-08,0.0,2317.071637717836,-0.05477728745926763,9863.245387256855,0.063377700419313
2021-07-09,0.0,2317.071637717836,-0.05477728745926763,10075.51864075647,-0.021521643755702265
2021-07-10,0.0,2317.071637717836,-0.05477728745926763,9858.230689541999,0.021565932133311705
2021-07-11,0.0,2317.071637717836,-0.05477728745926763,10047.712823182457,-0.01922070395872035
2021-07-12,0.0,2317.071637717836,-0.05477728745926763,9748.47631335202,0.029781554777325057
2021-07-13,0.0,2317.071637717836,-0.05477728745926763,9465.136620375595,0.029065023483551587
2021-07-14,0.0,2317.071637717836,-0.05477728745926763,9598.462890031413,-0.014086037529432636
2021-07-15,0.0,2317.071637717836,-0.05477728745926763,9278.141969881564,0.033372105911095504
2021-07-16,0.0,2317.071637717836,-0.05477728745926763,8920.911262128668,0.03850239723777993
2021-07-17,0.0,2317.071637717836,-0.05477728745926763,8960.931992382439,-0.004486170647573585
2021-07-18,0.0,2317.071637717836,-0.05477728745926763,8955.277574340282,0.0006310078066616828
2021-07-19,0.0,2317.071637717836,-0.05477728745926763,8484.166074884059,0.052607135350679415
2021-07-20,0.0,2317.071637717836,-0.05477728745926763,8099.342335072,0.04535787447056976
2021-07-21,0.0,2317.071637717836,-0.05477728745926763,8929.865217139322,-0.1025420148585359
2021-07-22,0.0,2317.071637717836,-0.05477728745926763,9112.853875717603,-0.02049176041616683
2021-07-23,0.0,2317.071637717836,-0.05477728745926763,9388.136932998947,-0.030208215893252937
2021-07-24,0.0,2317.071637717836,-0.05477728745926763,9499.4002365152,-0.011851478553233144
2021-07-25,0.0,2317.071637717836,-0.05477728745926763,9538.546160698148,-0.004120883761953139
2021-07-26,0.0,2317.071637717836,-0.05477728745926763,9729.745843670775,-0.020044950221075854
2021-07-27,0.0,2317.071637717836,-0.05477728745926763,10027.797143262565,-0.030632999502826004
2021-07-28,0.0,2317.071637717836,-0.05477728745926763,10290.388260296168,-0.026186321211137478
2021-07-29,0.0,2317.071637717836,-0.05477728745926763,10578.62369327911,-0.02801016110296395
2021-07-30,0.0,2317.071637717836,-0.05477728745926763,10894.48072169856,-0.029858045581120405
2021-07-31,0.0,2317.071637717836,-0.05477728745926763,11232.32468267963,-0.031010561183350945
2021-08-01,0.0,2317.071637717836,-0.05477728745926763,10940.957506602177,0.025940059988360527
2021-08-02,0.0,2317.071637717836,-0.05477728745926763,10929.477088531066,0.0010493065222292636
2021-08-03,0.0,2317.071637717836,-0.05477728745926763,10812.993786086947,0.010657719623782527
2021-08-04,0.0,2317.071637717836,-0.05477728745926763,11321.796223283536,-0.04705472390553519
2021-08-05,0.0032456863849998907,2324.592125585446,-0.051709390970381595,11547.178820212781,-0.01666127824184433
2021-08-06,0.002086202327824749,2329.4416950890854,-0.04973106489436964,11946.82983008775,-0.03252407054466259
2021-08-07,0.008690400616018001,2349.6854766310657,-0.041472847155344855,12606.39076399416,-0.046517628902015704
2021-08-08,-0.00477492357351017,2338.4659080583656,-0.04604974105331239,12079.70441941134,0.037004389351416686
2021-08-09,0.004784698686264077,2349.654762816526,-0.04148537650256888,12670.976781031923,-0.04416288654359023
2021-08-10,-0.001999680486525768,2344.9562040372493,-0.04340209949122626,13170.801962672096,-0.04144614071431153
2021-08-11,0.012233810364284947,2373.6439535499944,-0.031699262181528846,13833.269292452382,-0.038064366744277774
2021-08-12,-0.008575240798429085,2353.289385078568,-0.040002674173618746,13604.49996196364,0.007962377724877005
2021-08-13,0.0498926253124472,2470.7011706200524,0.0,14977.640149391942,-0.05104016834166858
2021-08-14,0.011957449764079309,2500.244455749794,0.0,15290.529976565987,-0.00893301255529674
2021-08-15,0.015571390551801345,2539.1767386452498,0.0,15876.930674235555,-0.022779189746479807
2021-08-16,-0.0062806585122338054,2523.2290366476113,-0.006280658512233834,15847.447013941277,-0.004423645913311156
2021-08-17,-0.021187008953510555,2469.7693604564006,-0.027334599097611746,15882.783229219574,-0.023416782319984675
2021-08-18,0.030305086230949962,2544.61593389559,0.0,17095.63353449794,-0.04605749378884692
2021-08-19,0.019650213221810153,2594.6181795642538,0.0,18205.53142413694,-0.045272674099054236
2021-08-20,0.04576263871496744,2713.354753918939,0.0,19579.404190212364,-0.02970194037740323
2021-08-21,0.0006975707790184416,2715.2475109083834,0.0,19482.510788273223,0.005646311864182645
2021-08-22,0.007906361531342165,2736.7152393767024,0.0,19811.979542418543,-0.009004639197764841
2021-08-23,0.032198199883576084,2824.832543678582,0.0,20773.929147115025,-0.0163557370229754
2021-08-24,-0.0026925193733720043,2817.2266273281957,-0.0026925193733720572,20280.736808294947,0.021048407791991335
2021-08-25,-0.01044903340997505,2787.789332175772,-0.013113418558457776,20299.622309757735,-0.011380237322401962
2021-08-26,-0.015475878840111812,2744.6458422392634,-0.028386355721779256,19244.578636475853,0.03649768289333655
2021-08-27,0.03005755072768812,2827.1431738719084,0.0,21459.9127477943,-0.08505716044190535
2021-08-28,0.007772656815416168,2849.117587530461,0.0,21440.12194418689,0.008694878813240572
2021-08-29,-0.004861949838156354,2835.265320736879,-0.004861949838156373,21127.23048346184,0.00973178528795766
2021-08-30,0.013685895319978325,2874.068465120849,0.0,20803.380615812646,0.029014448104154242
2021-08-31,0.0036499545975503533,2884.558684528791,0.0,21091.77759157803,-0.01021303147626946
2021-09-01,0.021927838676188305,2947.8108220151366,0.0,22250.274037389434,-0.032998610305238145
2021-09-02,0.02029788436207558,3007.645145201675,0.0,23237.858118674518,-0.024087370382452344
2021-09-03,0.02828304437663154,3092.7105063125746,0.0,23913.34212560542,-0.0007852115478707185
2021-09-04,-0.008507860609056617,3066.3981564207024,-0.008507860609056568,23593.01433141949,0.004887498036481253
2021-09-05,0.009560379998688529,3095.7140880233624,0.0,24205.90542303142,-0.01641727097046835
2021-09-06,0.02542826425174649,3174.4327239014747,0.0,24776.83621534387,0.0018418384463637152
2021-09-07,-0.03815497778299515,3053.312313847401,-0.03815497778299515,21839.71925301398,0.08038787961826512
2021-09-08,-0.0003718842514541798,3052.1768350831103,-0.03851267279909721,21919.90009765321,-0.004043215540576199
2021-09-09,0.0,3052.1768350831103,-0.03851267279909721,22216.492256893194,-0.013530725866389037
2021-09-10,0.0,3052.1768350831103,-0.03851267279909721,22022.108719811287,0.008749515217533596
2021-09-11,0.0,3052.1768350831103,-0.03851267279909721,23020.50109991438,-0.04533591186955361
2021-09-12,0.0,3052.1768350831103,-0.03851267279909721,23400.012503339225,-0.01648580114645096
2021-09-13,0.0,3052.1768350831103,-0.03851267279909721,22239.78777211201,0.049582226977940805
2021-09-14,0.0,3052.1768350831103,-0.03851267279909721,22447.735733533365,-0.009350267347520138
2021-09-15,0.0,3052.1768350831103,-0.03851267279909721,23425.595411134822,-0.043561617492702896
2021-09-16,0.0,3052.1768350831103,-0.03851267279909721,23519.15785918408,-0.003994026465802729
2021-09-17,0.0014627339852493204,3056.641357868777,-0.03710627260921392,23045.312009283254,0.021609962586625158
2021-09-18,-0.0006532934458310935,3054.644474103425,-0.03773532477035017,23671.07298547043,-0.02780679763510398
2021-09-19,0.0006215923786760946,3056.543217828093,-0.03713718838195816,22987.56748909871,0.029496730264958963
2021-09-20,-0.0075913538187742935,3033.339916799185,-0.044446620663890504,20272.36551748835,0.1105247527635328
2021-09-21,0.0009867170560000638,3036.332965031737,-0.043503759846581024,19376.667337405222,0.04516992691922179
2021-09-22,-1.720814690786554e-05,3036.2807153680133,-0.043520219374398456,22179.787062576193,-0.14468190596931169
2021-09-23,0.0,3036.2807153680133,-0.043520219374398456,22626.15439751146,-0.02012496033780336
2021-09-24,-0.0020630993237009676,3030.016566677571,-0.04549353216294083,21345.864382922,0.054521417518908155
2021-09-25,-0.001988727777728072,3023.990688564443,-0.04739178568954948,21063.074149483986,0.011259282626772766
2021-09-26,-0.0007486739956124033,3021.726705372941,-0.04810497868761044,21005.221340564134,0.001997972030949139
2021-09-27,-0.00022063566846475258,3021.0600046813834,-0.048315000681945955,20551.305528145374,0.02138903009317052
2021-09-28,-0.0023846335612210945,3013.8558836037573,-0.05058442067103048,19806.99735720017,0.0338324413066436
2021-09-29,0.0019531445904987788,3019.742379919361,-0.04873007476812877,20577.148677425033,-0.03692964548292453
2021-09-30,0.0005750634220356154,3021.4789233060233,-0.048183034229645455,21392.43288097613,-0.03904579058119834
2021-10-01,0.0005104565685569717,3023.0212570691815,-0.047697173007403934,23249.562048998105,-0.08630197745214227
2021-10-02,0.0006928273838280319,3025.115688977973,-0.04703739153116666,23525.269005050443,-0.011165759692835635
2021-10-03,-0.00019583273362155929,3024.523272303079,-0.047224012803822275,23750.801338189744,-0.009782644816020234
2021-10-04,-0.0016812614584982288,3019.438257895025,-0.04882587834967782,23344.68853806173,0.015417647935982215
2021-10-05,-0.0003443103852982521,3018.398633945065,-0.049153377477988945,23858.570284936803,-0.022357101262213446
2021-10-06,-0.002272917205690339,3011.538063756339,-0.05131457312629175,23590.69625533576,0.008954663760054762
2021-10-07,-0.0020894848442164493,3005.245500614339,-0.05329683694767338,23708.623287445313,-0.007088363674801241
2021-10-08,-0.00021646714888734486,3004.5949636891146,-0.05350176708222195,23518.150375794612,0.007817441414313222
2021-10-09,0.0018362777045648482,3010.112234432185,-0.051763733479705,23929.255056685455,-0.015644037469963474
2021-10-10,-0.0025758919163653138,3002.3585106601586,-0.054206287613439055,22985.277790226177,0.03687277726381236
2021-10-11,0.0050074473329322355,3017.39266277687,-0.049470275410844915,23194.661419944,-0.004102019675852886
2021-10-12,-0.002641812636729135,3009.4212767103722,-0.05198139684885126,23245.224093551842,-0.004821739848960933
2021-10-13,0.002441764870431351,3016.769575864172,-0.04966655832716144,23773.59838901171,-0.020288680460334003
2021-10-14,-4.426747125552133e-05,3016.636031103688,-0.049708627185473905,24066.956920030254,-0.012383944713979253
2021-10-15,0.0077100559281189085,3039.894463618276,-0.04238182755306501,24818.991998046222,-0.023537562144861086
2021-10-16,-0.0014226223093464219,3035.569841936274,-0.04374415652902358,24544.406533357072,0.009640899718895717
2021-10-17,0.0011472726317640625,3039.052468137736,-0.04264707037084478,24444.245955632454,0.00522806299793139
2021-10-18,0.0008423725444084429,3041.612482497912,-0.04184062254761618,24293.003580725563,0.007029610849136765
2021-10-19,0.004009596240284408,3053.8081204721375,-0.037998790310189934,24615.920520096453,-0.009282993879246772
2021-10-20,0.0030233687895055983,3063.0409086327118,-0.03509030587734711,26021.28585223739,-0.054068354877443846
2021-10-21,-0.009388347589424972,3034.2840159018397,-0.04414921347817634,25613.399578100256,0.006286753036014083
2021-10-22,-0.004634500210848658,3020.221625990368,-0.04857910414985154,25902.236812176892,-0.015911302151798097
2021-10-23,0.005755665017735723,3037.6050099488893,-0.04310304418246416,26220.48462191681,-0.0065308340999894465
2021-10-24,-0.0021334686847201967,3031.1243747836143,-0.045144553872204944,25959.06596999695,0.007836547342418612
2021-10-25,0.003312910953336745,3041.166219925761,-0.041981202805874834,26816.703837155408,-0.02972517555369314
2021-10-26,-0.0021417582819420744,3034.652776987473,-0.04403304749902149,26305.895440050383,0.016906384256638103
2021-10-27,-0.005047392386355765,3019.335693665673,-0.048858187816682684,24310.620161463805,0.07080158538874758
2021-10-28,0.008786999331118261,3045.866594386335,-0.0405005053492292,25813.671586565324,-0.05303994770349888
2021-10-29,0.0031725443423455957,3055.5297412178943,-0.037456450655991534,26580.266458230268,-0.02652469841888618
2021-10-30,-0.0027272006202853083,3047.196698612345,-0.04008150002081409,26116.757318033982,0.014710891692471147
2021-10-31,-0.0014831194742982445,3042.6773418466155,-0.041505173841872384,26398.55921887342,-0.012273199475725234
2021-11-01,0.005196011718054283,3058.4871289691087,-0.03652482349346038,26545.34307959454,-0.00036428645974078463
2021-11-02,0.006945642572541599,3079.730287379647,-0.02983286928992952,27620.24900205382,-0.03354755878621447
2021-11-03,0.00936367029835905,3108.567866398541,-0.020748544143655328,29014.752558073767,-0.04112477953119363
2021-11-04,-0.0021644999524338404,3101.839371399584,-0.022868133873277185,28837.801038242735,0.003934174143678486
2021-11-05,0.0032292502542843327,3111.8559869784253,-0.019712730546118055,28532.4532083317,0.013817707727380224
2021-11-06,0.012649347336016303,3151.2189342173774,-0.0073127363857208505,29469.672484631086,-0.020198135824867847
2021-11-07,0.0014817110216978069,3155.8881300439903,-0.005841860726124491,30375.696894549023,-0.029262587558153728
2021-11-08,0.00765373729431329,3180.0424687215886,0.0,31474.197043356773,-0.02851004695140328
2021-11-09,-0.012566254952531941,3140.081244299754,-0.01256625495253198,31151.335629901674,-0.0023082835415266633
2021-11-10,-0.018175045406160217,3083.010125105574,-0.030512908104344517,29927.269332494612,0.02111913805838766
2021-11-11,0.003997631722994832,3095.3348641840103,-0.026637255750748438,30290.606115895345,-0.008143027665739409
2021-11-12,-0.0050473550124943145,3079.7116102419227,-0.031550163076910116,29781.235007985644,0.0117687861357147
2021-11-13,0.01086071589423554,3113.159483076939,-0.021032104540269634,30830.46794862765,-0.024370628284763676
2021-11-14,-0.0003381526241823529,3112.1067600282386,-0.021363145103109573,30723.639714136803,0.003126868882103419
2021-11-15,-0.006008188136898518,3093.408637111875,-0.027242979445032775,30236.043560664933,0.009862202155678474
2021-11-16,-0.011048643764157484,3059.230667063458,-0.037990625234227866,28569.559221989424,0.04406717637718841
2021-11-17,0.00828284569345783,3084.5698026194386,-0.030022450027383144,29029.86979949597,-0.007829078677858852
2021-11-18,-0.006007536902182475,3066.0391357028448,-0.035849625953132146,27050.647530678936,0.06217128313687244
2021-11-19,0.009732837735492605,3095.8803971013103,-0.026465706809919547,28957.093371165884,-0.060744064465269476
2021-11-20,0.01185786306668013,3132.590922920957,-0.01492167047055436,30072.222258142487,-0.026651833769363212
2021-11-21,0.0022169240232421394,3139.5356389929707,-0.012737826657045289,29694.768630816197,0.01476849484119469
2021-11-22,0.005352083197691648,3156.338694934979,-0.007453917367380016,28884.887875569453,0.03262559946298692
2021-11-23,-0.009231260928844742,3127.2017088622247,-0.016616369240064432,29315.654141031562,-0.024144466315611846
2021-11-24,-0.007270907832736095,3104.4641134627127,-0.023766460983541286,28284.492700823797,0.02790352270349076
2021-11-25,0.003421372084448704,3115.0856403176867,-0.020426402805247833,29280.02096412099,-0.03177559163087345
2021-11-26,-0.012737734274290924,3075.4065071896607,-0.03290395098842586,26473.943621608734,0.08309817192095234
2021-11-27,-4.671740310158157e-05,3075.262832184163,-0.03294913120438551,27065.52845908503,-0.022392645381637783
2021-11-28,0.0,3075.262832184163,-0.03294913120438551,27785.62560399515,-0.026605693142060422
2021-11-29,0.0,3075.262832184163,-0.03294913120438551,28566.88572698101,-0.02811742064477845
2021-11-30,0.0,3075.262832184163,-0.03294913120438551,28677.911987431835,-0.003886537073446566
2021-12-01,0.0,3075.262832184163,-0.03294913120438551,29027.681622765755,-0.012196481929619116
2021-12-02,0.0,3075.262832184163,-0.03294913120438551,28899.92930949306,0.004401051208047536
2021-12-03,0.0,3075.262832184163,-0.03294913120438551,27279.890192632065,0.05605685396361304
2021-12-04,0.0,3075.262832184163,-0.03294913120438551,25277.919529091207,0.0733863167851594
2021-12-05,0.0,3075.262832184163,-0.03294913120438551,24680.904535393216,0.0236180431309195
2021-12-06,0.0,3075.262832184163,-0.03294913120438551,25488.558705203046,-0.032723848052312224
2021-12-07,0.0,3075.262832184163,-0.03294913120438551,25061.32628191697,0.01676173330267077
2021-12-08,0.0,3075.262832184163,-0.03294913120438551,25817.961299558272,-0.030191339801008805
2021-12-09,0.0,3075.262832184163,-0.03294913120438551,24242.871271207925,0.06100752921871089
2021-12-10,0.0,3075.262832184163,-0.03294913120438551,23023.104761788338,0.05031444071842439
2021-12-11,0.0,3075.262832184163,-0.03294913120438551,24302.504993825394,-0.05557027365659598
2021-12-12,0.0,3075.262832184163,-0.03294913120438551,24470.512143816737,-0.0069131618338944545
2021-12-13,0.0,3075.262832184163,-0.03294913120438551,22369.31708363991,0.08586641128832127
2021-12-14,0.0,3075.262832184163,-0.03294913120438551,23271.8984401564,-0.040349079640728425
2021-12-15,0.0,3075.262832184163,-0.03294913120438551,24603.38787392846,-0.0572144742379302
2021-12-16,0.0,3075.262832184163,-0.03294913120438551,23946.637166717574,0.026693507031477864
2021-12-17,0.0,3075.262832184163,-0.03294913120438551,24078.77535489357,-0.0055180269052413754
2021-12-18,0.0,3075.262832184163,-0.03294913120438551,24757.300236609542,-0.028179376721419253
2021-12-19,0.0,3075.262832184163,-0.03294913120438551,24418.999126729523,0.013664701184976582
2021-12-20,0.0,3075.262832184163,-0.03294913120438551,24662.495769966103,-0.009971606206007202
2021-12-21,0.0,3075.262832184163,-0.03294913120438551,25708.911854550646,-0.04242944811201393
2021-12-22,0.0,3075.262832184163,-0.03294913120438551,25633.064702651893,0.002950228011510712
2021-12-23,0.0,3075.262832184163,-0.03294913120438551,26979.79422588783,-0.05253876346266976
2021-12-24,0.0,3075.262832184163,-0.03294913120438551,26133.409200640734,0.03137107044482078
2021-12-25,0.0,3075.262832184163,-0.03294913120438551,26456.794160920694,-0.012374388576597752
2021-12-26,0.0,3075.262832184163,-0.03294913120438551,26528.295097220795,-0.002702554809369793
2021-12-27,0.0,3075.262832184163,-0.03294913120438551,26725.959916944747,-0.007451093973417826
2021-12-28,0.0,3075.262832184163,-0.03294913120438551,24868.684191931756,0.06949332150406472
2021-12-29,0.0,3075.262832184163,-0.03294913120438551,23923.238642988403,0.03801751398049792
2021-12-30,0.0,3075.262832184163,-0.03294913120438551,24224.830890247842,-0.012606664664436353
2021-12-31,0.0,3075.262832184163,-0.03294913120438551,24124.088255215116,0.0041586517358633045
2022-01-01,0.0,3075.262832184163,-0.03294913120438551,25036.070362425453,-0.03780379583933852
2022-01-02,0.0,3075.262832184163,-0.03294913120438551,25024.87460847736,0.00044718495299067573
2022-01-03,0.0,3075.262832184163,-0.03294913120438551,24233.547784115228,0.031621609967790336
2022-01-04,0.0,3075.262832184163,-0.03294913120438551,23902.948365272223,0.01364222117983511
2022-01-05,0.0,3075.262832184163,-0.03294913120438551,22405.580482848072,0.06264364795263609
2022-01-06,0.0,3075.262832184163,-0.03294913120438551,22240.21118919197,0.007380719003584739
2022-01-07,0.0,3075.262832184163,-0.03294913120438551,20960.753959647936,0.057529005397476234
2022-01-08,0.0,3075.262832184163,-0.03294913120438551,20620.248088707056,0.01624492475778299
2022-01-09,0.0,3075.262832184163,-0.03294913120438551,20928.20581015296,-0.014934724360302964
2022-01-10,0.0,3075.262832184163,-0.03294913120438551,20320.305479620733,0.02904693962046732
2022-01-11,0.0,3075.262832184163,-0.03294913120438551,21354.42486997246,-0.05089093721493728
2022-01-12,0.0,3075.262832184163,-0.03294913120438551,22617.35047662603,-0.059141166963922166
2022-01-13,0.0,3075.262832184163,-0.03294913120438551,21664.771144244063,0.042117193760887774
2022-01-14,0.0,3075.262832184163,-0.03294913120438551,22056.553907780562,-0.018083863472547628
2022-01-15,0.0,3075.262832184163,-0.03294913120438551,22248.589271768044,-0.008706498974880263
2022-01-16,0.0,3075.262832184163,-0.03294913120438551,22566.064242314405,-0.014269442734924967
2022-01-17,0.0,3075.262832184163,-0.03294913120438551,22216.7217541749,0.015480878029427849
2022-01-18,0.0,3075.262832184163,-0.03294913120438551,21829.00957014537,0.0174513678624379
2022-01-19,0.0,3075.262832184163,-0.03294913120438551,21073.656631327987,0.034603170445737685
2022-01-20,0.0,3075.262832184163,-0.03294913120438551,20239.882094102064,0.039564777570990674
2022-01-21,0.0,3075.262832184163,-0.03294913120438551,17668.76067477181,0.1270324306918509
2022-01-22,0.0,3075.262832184163,-0.03294913120438551,16343.654435408922,0.07499712423265384
2022-01-23,0.0,3075.262832184163,-0.03294913120438551,17277.579467478397,-0.05714297470987284
2022-01-24,0.0,3075.262832184163,-0.03294913120438551,16671.99579737834,0.035050261018330024
2022-01-25,0.0,3075.262832184163,-0.03294913120438551,17031.834161388386,-0.02158340059482438
2022-01-26,0.0,3075.262832184163,-0.03294913120438551,16905.296769636603,0.007429463588757005
2022-01-27,0.0,3075.262832184163,-0.03294913120438551,16754.861906628354,0.00889868217388791
2022-01-28,0.0,3075.262832184163,-0.03294913120438551,17042.578040244818,-0.017172098177821598
2022-01-29,0.0,3075.262832184163,-0.03294913120438551,17502.722389208488,-0.02699969147138805
2022-01-30,0.0,3075.262832184163,-0.03294913120438551,17074.14371725928,0.02448640059636945
2022-01-31,0.0,3075.262832184163,-0.03294913120438551,17506.675292022344,-0.025332548555617587
2022-02-01,0.0,3075.262832184163,-0.03294913120438551,18221.16475346004,-0.04081240152796365
2022-02-02,0.0,3075.262832184163,-0.03294913120438551,17215.1911576492,0.055209071945843534
2022-02-03,0.0,3075.262832184163,-0.03294913120438551,17434.287827029497,-0.012726937933706701
2022-02-04,0.0,3075.262832184163,-0.03294913120438551,19148.26591508617,-0.09831076009880839
2022-02-05,0.0,3075.262832184163,-0.03294913120438551,19260.629992651826,-0.005868107225162685
2022-02-06,0.0,3075.262832184163,-0.03294913120438551,19626.408525659073,-0.018990995265824484
2022-02-07,0.0,3075.262832184163,-0.03294913120438551,20847.5099784536,-0.062217264620681396
2022-02-08,0.0,3075.262832184163,-0.03294913120438551,20775.076728221626,0.003474431733422196
2022-02-09,0.0,3075.262832184163,-0.03294913120438551,21194.046110103493,-0.020166923442103198
2022-02-10,0.0,3075.262832184163,-0.03294913120438551,20477.967318247447,0.03378679031535568
2022-02-11,0.0,3075.262832184163,-0.03294913120438551,19177.942772957584,0.06348406192305242
2022-02-12,0.0,3075.262832184163,-0.03294913120438551,19330.810994233023,-0.007971043770711292
2022-02-13,0.0,3075.262832184163,-0.03294913120438551,18930.839212938805,0.020690895038679206
2022-02-14,0.0,3075.262832184163,-0.03294913120438551,19297.152575563523,-0.019350085778254984
2022-02-15,0.0,3075.262832184163,-0.03294913120438551,20825.69019310561,-0.0792105266078328
2022-02-16,0.0,3075.262832184163,-0.03294913120438551,20541.31358013799,0.013655087074221457
2022-02-17,0.0,3075.262832184163,-0.03294913120438551,19065.663971879825,0.07183813257614725
2022-02-18,0.0,3075.262832184163,-0.03294913120438551,18640.48273784912,0.02230088785042106
2022-02-19,0.0,3075.262832184163,-0.03294913120438551,18850.75658518867,-0.011280493659780249
2022-02-20,0.0,3075.262832184163,-0.03294913120438551,17889.506130273683,0.05099267239333273
2022-02-21,0.0,3075.262832184163,-0.03294913120438551,16670.30848317453,0.0681515542251866
2022-02-22,0.0,3075.262832184163,-0.03294913120438551,17331.414235944292,-0.0396576796066505
2022-02-23,0.0,3075.262832184163,-0.03294913120438551,16929.871282015098,0.023168504800746233
2022-02-24,0.0,3075.262832184163,-0.03294913120438551,17180.973605137882,-0.014831909761153022
2022-02-25,0.0,3075.262832184163,-0.03294913120438551,18123.159423647652,-0.05483890727985357
2022-02-26,0.0,3075.262832184163,-0.03294913120438551,17979.025043120215,0.00795304930879597
2022-02-27,0.0,3075.262832184163,-0.03294913120438551,17109.598795862876,0.04835780834456479
2022-02-28,0.0,3075.262832184163,-0.03294913120438551,19202.00682291933,-0.12229439462732482
2022-03-01,0.0,3075.262832184163,-0.03294913120438551,19486.58416561916,-0.014820187562904137
2022-03-02,0.0,3075.262832184163,-0.03294913120438551,19250.96132130419,0.012091541663350438
2022-03-03,0.0,3075.262832184163,-0.03294913120438551,18544.52726693743,0.03669604039903079
2022-03-04,0.0,3075.262832184163,-0.03294913120438551,17349.730336915756,0.06442854610545139
2022-03-05,0.0,3075.262832184163,-0.03294913120438551,17743.982543704584,-0.022723823317873766
2022-03-06,0.0,3075.262832184163,-0.03294913120438551,17010.50442599249,0.0413367244870473
2022-03-07,0.0,3075.262832184163,-0.03294913120438551,16744.330840472114,0.01564760096788533
2022-03-08,0.0,3075.262832184163,-0.03294913120438551,16971.11171370266,-0.013543740588450457
2022-03-09,0.0,3075.262832184163,-0.03294913120438551,18005.87273032624,-0.06097190532238993
2022-03-10,0.0,3075.262832184163,-0.03294913120438551,17097.984558888234,0.05042178099531382
2022-03-11,0.0,3075.262832184163,-0.03294913120438551,17017.49534022457,0.004707526690438184
2022-03-12,0.0,3075.262832184163,-0.03294913120438551,16999.844019421056,0.0010372455200146227
2022-03-13,0.0,3075.262832184163,-0.03294913120438551,16543.566852876567,0.026840079592684734
2022-03-14,0.0,3075.262832184163,-0.03294913120438551,17013.901760642784,-0.028430078709685263
2022-03-15,0.0,3075.262832184163,-0.03294913120438551,17049.286803091672,-0.0020797723500873993
2022-03-16,0.0,3075.262832184163,-0.03294913120438551,17890.564128746384,-0.04934384267042507
2022-03-17,0.0,3075.262832184163,-0.03294913120438551,18136.36066209302,-0.013738892277392969
2022-03-18,0.0,3075.262832184163,-0.03294913120438551,18666.614123213032,-0.02923703773868496
2022-03-19,0.0,3075.262832184163,-0.03294913120438551,19156.886016212666,-0.026264639626848756
2022-03-20,0.0,3075.262832184163,-0.03294913120438551,18579.49790086112,0.030139977596718888
2022-03-21,0.0,3075.262832184163,-0.03294913120438551,18886.732182151012,-0.016536199359599175
2022-03-22,0.0,3075.262832184163,-0.03294913120438551,19260.6503305343,-0.01979792717856513
2022-03-23,0.0,3075.262832184163,-0.03294913120438551,19964.236814842436,-0.03652973665134903
2022-03-24,0.0,3075.262832184163,-0.03294913120438551,20500.668853669802,-0.026869649153257655
2022-03-25,0.0,3075.262832184163,-0.03294913120438551,20089.152474698523,0.02007331477370868
2022-03-26,0.0,3075.262832184163,-0.03294913120438551,20528.195516272946,-0.021854731907051957
2022-03-27,0.0,3075.262832184163,-0.03294913120438551,21385.910467813916,-0.041782286750973584
2022-03-28,0.0,3075.262832184163,-0.03294913120438551,21376.121216583615,0.0004577430194066613
2022-03-29,0.0,3075.262832184163,-0.03294913120438551,21796.123188854843,-0.019648184439812595
2022-03-30,0.0,3075.262832184163,-0.03294913120438551,22175.05330892578,-0.01738520730442101
2022-03-31,0.0,3075.262832184163,-0.03294913120438551,21690.93177338632,0.021831809321720543
2022-04-01,0.0,3075.262832184163,-0.03294913120438551,22435.779622413047,-0.03433913567238348
2022-04-02,0.0,3075.262832184163,-0.03294913120438551,22207.87300882687,0.01015817669016948
2022-04-03,0.0,3075.262832184163,-0.03294913120438551,22740.94960076474,-0.02400394633587769
2022-04-04,0.0,3075.262832184163,-0.03294913120438551,22560.02417519243,0.007955930985671125
2022-04-05,0.0,3075.262832184163,-0.03294913120438551,21915.242490050805,0.028580717827893176
2022-04-06,0.0,3075.262832184163,-0.03294913120438551,20203.74912357004,0.07809602687525606
2022-04-07,0.0,3075.262832184163,-0.03294913120438551,20892.873571655866,-0.034108741099040794
2022-04-08,0.0,3075.262832184163,-0.03294913120438551,20031.013915846008,0.0412513698919374
2022-04-09,0.0,3075.262832184163,-0.03294913120438551,20354.895613465662,-0.01616901166263191
2022-04-10,0.0,3075.262832184163,-0.03294913120438551,19956.300912457835,0.0195822522786183
2022-04-11,0.0,3075.262832184163,-0.03294913120438551,18370.67328950541,0.07945498666852578
2022-04-12,0.0,3075.262832184163,-0.03294913120438551,18914.943037374975,-0.029627098544095874
2022-04-13,0.0,3075.262832184163,-0.03294913120438551,19398.94097551627,-0.025588125599159368
2022-04-14,0.0,3075.262832184163,-0.03294913120438551,18842.807847995504,0.028668221024161666
2022-04-15,0.0,3075.262832184163,-0.03294913120438551,19240.744210070643,-0.02111874012011802
2022-04-16,0.0,3075.262832184163,-0.03294913120438551,19245.43368483783,-0.00024372626734108543
2022-04-17,0.0,3075.262832184163,-0.03294913120438551,18720.981428597373,0.027250737230912092
2022-04-18,0.0,3075.262832184163,-0.03294913120438551,19195.633963851393,-0.025354041243209675
2022-04-19,0.0,3075.262832184163,-0.03294913120438551,19637.084648400167,-0.022997452721806515
2022-04-20,0.0,3075.262832184163,-0.03294913120438551,19302.765876030175,0.017024867914760926
2022-04-21,0.0,3075.262832184163,-0.03294913120438551,18711.587276496335,0.030626626429114782
2022-04-22,0.0,3075.262832184163,-0.03294913120438551,18519.24333105117,0.010279402949784435
2022-04-23,0.0,3075.262832184163,-0.03294913120438551,18295.268156115697,0.012094186081562684
2022-04-24,0.0,3075.262832184163,-0.03294913120438551,18158.247777362783,0.007489388927437383
2022-04-25,0.0,3075.262832184163,-0.03294913120438551,18444.736504161512,-0.015777333270883376
2022-04-26,0.0,3075.262832184163,-0.03294913120438551,17308.067187294706,0.061625673894031965
2022-04-27,0.0,3075.262832184163,-0.03294913120438551,17677.575119662128,-0.021348884792789753
2022-04-28,0.0,3075.262832184163,-0.03294913120438551,17729.921273499454,-0.0029611614422785848
2022-04-29,0.0,3075.262832184163,-0.03294913120438551,16971.85187095687,0.04275650133177141
2022-04-30,0.0,3075.262832184163,-0.03294913120438551,15993.338730112095,0.057655060171675244
2022-05-01,0.0,3075.262832184163,-0.03294913120438551,16602.55286758065,-0.038091742302783275
2022-05-02,0.0,3075.262832184163,-0.03294913120438551,16638.657619132486,-0.002174650599808433
2022-05-03,0.0,3075.262832184163,-0.03294913120438551,16353.587767706,0.017132983799046837
2022-05-04,0.0,3075.262832184163,-0.03294913120438551,17754.810843553892,-0.08568291531812568
2022-05-05,0.0,3075.262832184163,-0.03294913120438551,16201.309098276866,0.08749751033484213
2022-05-06,0.0,3075.262832184163,-0.03294913120438551,15967.883645829104,0.01440781427178547
2022-05-07,0.0,3075.262832184163,-0.03294913120438551,15498.377172405382,0.029403174762383792
2022-05-08,0.0,3075.262832184163,-0.03294913120438551,14904.11566191267,0.038343466795400065
2022-05-09,0.0,3075.262832184163,-0.03294913120438551,12554.55119880478,0.15764534551433868
2022-05-10,0.0,3075.262832184163,-0.03294913120438551,13299.357683894628,-0.05932561612881521
2022-05-11,0.0,3075.262832184163,-0.03294913120438551,10977.37159057707,0.17459385246322526
2022-05-12,0.0,3075.262832184163,-0.03294913120438551,10373.420329500186,0.055017838841796486
2022-05-13,0.0,3075.262832184163,-0.03294913120438551,11094.770616742971,-0.06953832625401223
2022-05-14,0.0,3075.262832184163,-0.03294913120438551,11444.982848712929,-0.03156552253919141
2022-05-15,0.0,3075.262832184163,-0.03294913120438551,12264.61022269551,-0.0716145567727744
2022-05-16,0.0,3075.262832184163,-0.03294913120438551,11437.992996886607,0.06739857286938132
2022-05-17,0.0,3075.262832184163,-0.03294913120438551,11881.6715189312,-0.03878989278672946
2022-05-18,0.0,3075.262832184163,-0.03294913120438551,10754.876906475589,0.09483468808746957
2022-05-19,0.0,3075.262832184163,-0.03294913120438551,11279.965202645257,-0.04882327345406529
2022-05-20,0.0,3075.262832184163,-0.03294913120438551,10884.936020993908,0.035020425555808546
2022-05-21,0.0,3075.262832184163,-0.03294913120438551,11103.681292579464,-0.02009614674479116
2022-05-22,0.0,3075.262832184163,-0.03294913120438551,11471.615611218058,-0.03313624634421756
2022-05-23,0.0,3075.262832184163,-0.03294913120438551,10950.052326604979,0.045465547512160746
2022-05-24,0.0,3075.262832184163,-0.03294913120438551,11094.939530873678,-0.013231644922524202
2022-05-25,0.0,3075.262832184163,-0.03294913120438551,10860.999313334165,0.02108530802610788
2022-05-26,0.0,3075.262832184163,-0.03294913120438551,10089.377769932724,0.07104517007510644
2022-05-27,0.0,3075.262832184163,-0.03294913120438551,9770.404762174017,0.0316147353218627
2022-05-28,0.0,3075.262832184163,-0.03294913120438551,10149.481728498156,-0.03879849152122424
2022-05-29,0.0,3075.262832184163,-0.03294913120438551,10351.3227221401,-0.0198868276273856
2022-05-30,0.0,3075.262832184163,-0.03294913120438551,11236.487847663317,-0.08551227213020478
2022-05-31,0.0,3075.262832184163,-0.03294913120438551,11237.757093670552,-0.00011295753837357671
2022-06-01,0.0,3075.262832184163,-0.03294913120438551,10284.154527172528,0.08485701893620042
2022-06-02,0.0,3075.262832184163,-0.03294913120438551,10575.990884385452,-0.028377282395148726
2022-06-03,0.0,3075.262832184163,-0.03294913120438551,10121.514950271567,0.04297242112650433
2022-06-04,0.0,3075.262832184163,-0.03294913120438551,10317.019629936853,-0.019315752693724843
2022-06-05,0.0,3075.262832184163,-0.03294913120438551,10281.649603100113,0.00342831826490916
2022-06-06,0.0,3075.262832184163,-0.03294913120438551,10769.563332491975,-0.04745481009630465
2022-06-07,0.0,3075.262832184163,-0.03294913120438551,10531.581557134874,0.02209762531774197
2022-06-08,0.0,3075.262832184163,-0.03294913120438551,10475.047166215843,0.0053680817655285306
2022-06-09,0.0,3075.262832184163,-0.03294913120438551,10491.75347495602,-0.0015948671614634297
2022-06-10,0.0,3075.262832184163,-0.03294913120438551,9862.494348759576,0.059976545169355786
2022-06-11,0.0,3075.262832184163,-0.03294913120438551,9247.12204055517,0.06239520008260403
2022-06-12,0.0,3075.262832184163,-0.03294913120438551,8487.62859957986,0.0821329531117244
2022-06-13,0.0,3075.262832184163,-0.03294913120438551,7621.751295487954,0.10201639880128213
2022-06-14,0.0,3075.262832184163,-0.03294913120438551,7748.723589774675,-0.01665920198181852
2022-06-15,0.0,3075.262832184163,-0.03294913120438551,8355.969599026714,-0.07836723070795415
2022-06-16,0.0,3075.262832184163,-0.03294913120438551,7397.954830885211,0.11465034150592068
2022-06-17,0.0,3075.262832184163,-0.03294913120438551,7532.667417601474,-0.01820943622876167
2022-06-18,0.0,3075.262832184163,-0.03294913120438551,7120.5108587548375,0.05471588429399606
2022-06-19,0.0,3075.262832184163,-0.03294913120438551,7725.84152875731,-0.08501225291415773
2022-06-20,0.0,3075.262832184163,-0.03294913120438551,7833.572518673781,-0.013944240186065358
2022-06-21,0.0,3075.262832184163,-0.03294913120438551,7882.343146782949,-0.0062258475290690885
2022-06-22,0.0,3075.262832184163,-0.03294913120438551,7536.950563484047,0.043818516507983886
2022-06-23,0.0,3075.262832184163,-0.03294913120438551,8134.904834070891,-0.0793363662863715
2022-06-24,0.0,3075.262832184163,-0.03294913120438551,8686.361667319745,-0.06778897165941299
2022-06-25,0.0,3075.262832184163,-0.03294913120438551,8781.385842244043,-0.010939467934175662
2022-06-26,0.0,3075.262832184163,-0.03294913120438551,8449.697374142903,0.03777176792591292
2022-06-27,0.0,3075.262832184163,-0.03294913120438551,8346.081682004466,0.012262651258436095
2022-06-28,0.0,3075.262832184163,-0.03294913120438551,7969.367856421791,0.045136609002393545
2022-06-29,0.0,3075.262832184163,-0.03294913120438551,7783.718097788186,0.023295418404360176
2022-06-30,0.0,3075.262832184163,-0.03294913120438551,7677.642893010636,0.013627832283352228
2022-07-01,0.0,3075.262832184163,-0.03294913120438551,7443.302210040185,0.03052247756714274
2022-07-02,0.0,3075.262832184163,-0.03294913120438551,7509.492400401536,-0.008892584029715616
2022-07-03,0.0,3075.262832184163,-0.03294913120438551,7567.2287062179075,-0.007688443204667677
2022-07-04,0.0,3075.262832184163,-0.03294913120438551,8002.566005877572,-0.05752929065061193
2022-07-05,0.0,3075.262832184163,-0.03294913120438551,7901.149576339594,0.012672988821771971
2022-07-06,0.0,3075.262832184163,-0.03294913120438551,8176.4210936636755,-0.03483942617013559
2022-07-07,0.0,3075.262832184163,-0.03294913120438551,8479.90422218721,-0.03711686629725065
2022-07-08,0.0,3075.262832184163,-0.03294913120438551,8377.169234942246,0.012115111745739109
2022-07-09,0.0,3075.262832184163,-0.03294913120438551,8448.040561695394,-0.008460056704779355
2022-07-10,0.0,3075.262832184163,-0.03294913120438551,8122.317557585815,0.038556041691661984
2022-07-11,0.0,3075.262832184163,-0.03294913120438551,7636.039049984323,0.05986942817168396
2022-07-12,0.0,3075.262832184163,-0.03294913120438551,7401.139451705393,0.030761969227935376
2022-07-13,0.0,3075.262832184163,-0.03294913120438551,7875.163146906883,-0.06404739409311702
2022-07-14,0.0,3075.262832184163,-0.03294913120438551,8183.310908644828,-0.03912906386694659
2022-07-15,0.0,3075.262832184163,-0.03294913120438551,8219.14006200477,-0.0043783199440818555
2022-07-16,0.0,3075.262832184163,-0.03294913120438551,8698.228630918527,-0.05828937885223235
2022-07-17,0.0,3075.262832184163,-0.03294913120438551,8530.153923440384,0.01932286613859597
2022-07-18,0.0,3075.262832184163,-0.03294913120438551,9471.465874614383,-0.1103511096777898
2022-07-19,0.0,3075.262832184163,-0.03294913120438551,9701.582038658375,-0.024295728569402843
2022-07-20,0.0,3075.262832184163,-0.03294913120438551,9368.211542764631,0.03436248794942352
2022-07-21,0.0,3075.262832184163,-0.03294913120438551,9598.48063883204,-0.024579835224285973
2022-07-22,0.0,3075.262832184163,-0.03294913120438551,9283.617818688872,0.03280340212067993
2022-07-23,0.0,3075.262832184163,-0.03294913120438551,9344.157784528868,-0.006521160933415799
2022-07-24,0.0,3075.262832184163,-0.03294913120438551,9433.06456005764,-0.00951469116627893
2022-07-25,0.0,3075.262832184163,-0.03294913120438551,8653.868742060815,0.08260261689463767
2022-07-26,0.0,3075.262832184163,-0.03294913120438551,8640.27743224954,0.0015705472565370946
2022-07-27,0.0,3075.262832184163,-0.03294913120438551,9498.754693298255,-0.099357603708936
2022-07-28,0.0,3075.262832184163,-0.03294913120438551,9850.208676275832,-0.03700000624561268
2022-07-29,0.0,3075.262832184163,-0.03294913120438551,9912.687902366251,-0.006342934260966516
2022-07-30,0.0,3075.262832184163,-0.03294913120438551,9996.029761531123,-0.008407594386682546
2022-07-31,0.0,3075.262832184163,-0.03294913120438551,9798.865615969757,0.019724245551982694
2022-08-01,0.0,3075.262832184163,-0.03294913120438551,9714.055096280199,0.008655136524307225
2022-08-02,0.0,3075.262832184163,-0.03294913120438551,9524.66535269299,0.019496465864161174
2022-08-03,0.0,3075.262832184163,-0.03294913120438551,9542.806746721993,-0.0019046752150586757
2022-08-04,0.0,3075.262832184163,-0.03294913120438551,9620.615535141864,-0.008153658612713523
2022-08-05,0.0,3075.262832184163,-0.03294913120438551,10013.816245428643,-0.04087063960206178
2022-08-06,0.0,3075.262832184163,-0.03294913120438551,9994.230084846451,0.0019559137198200682
2022-08-07,0.0,3075.262832184163,-0.03294913120438551,10185.918583105855,-0.019179916475011587
2022-08-08,0.0,3075.262832184163,-0.03294913120438551,10409.84002729469,-0.021983431573881575
2022-08-09,0.0,3075.262832184163,-0.03294913120438551,10100.659403387981,0.029700804536480337
2022-08-10,0.0,3075.262832184163,-0.03294913120438551,10592.0614928216,-0.048650495953639475
2022-08-11,0.0,3075.262832184163,-0.03294913120438551,10540.850187962913,0.004834876090305322
2022-08-12,0.0,3075.262832184163,-0.03294913120438551,10816.82816209883,-0.026181756614952114
2022-08-13,0.0,3075.262832184163,-0.03294913120438551,10898.887131827929,-0.007586232165231831
2022-08-14,0.0,3075.262832184163,-0.03294913120438551,10728.973954294936,0.015589956614634106
2022-08-15,0.0,3075.262832184163,-0.03294913120438551,10585.367416361945,0.013384927444576613
2022-08-16,0.0,3075.262832184163,-0.03294913120438551,10499.120053715102,0.008147791120932748
2022-08-17,0.0,3075.262832184163,-0.03294913120438551,10175.008170023717,0.030870385521184644
2022-08-18,0.0,3075.262832184163,-0.03294913120438551,9914.31105093128,0.025621317913087287
2022-08-19,0.0,3075.262832184163,-0.03294913120438551,8952.583707317603,0.09700395102323696
2022-08-20,0.0,3075.262832184163,-0.03294913120438551,8950.765309445585,0.0002031143110708955
2022-08-21,0.0,3075.262832184163,-0.03294913120438551,9235.429552049165,-0.03180334114035805
2022-08-22,0.0,3075.262832184163,-0.03294913120438551,9156.300151757963,0.008568025974887658
2022-08-23,0.0,3075.262832184163,-0.03294913120438551,9283.394582802686,-0.013880544427141959
2022-08-24,0.0,3075.262832184163,-0.03294913120438551,9167.672095305541,0.012465535797812446
2022-08-25,0.0,3075.262832184163,-0.03294913120438551,9276.619210477751,-0.011883836380666177
2022-08-26,0.0,3075.262832184163,-0.03294913120438551,8555.660616470104,0.0777178169815721
2022-08-27,0.0,3075.262832184163,-0.03294913120438551,8512.371176616169,0.005059742525387386
2022-08-28,0.0,3075.262832184163,-0.03294913120438551,8191.426736710579,0.03770329479842682
2022-08-29,0.0,3075.262832184163,-0.03294913120438551,8601.992809344049,-0.050121436207624645
2022-08-30,0.0,3075.262832184163,-0.03294913120438551,8483.27757323462,0.013800899249819547
2022-08-31,0.0,3075.262832184163,-0.03294913120438551,8481.771337872282,0.00017755346908486316
2022-09-01,0.0,3075.262832184163,-0.03294913120438551,8574.69522529777,-0.010955717116608778
2022-09-02,0.0,3075.262832184163,-0.03294913120438551,8492.567634329895,0.00957790204899367
2022-09-03,0.0,3075.262832184163,-0.03294913120438551,8533.674049869162,-0.004840281209312839
2022-09-04,0.0,3075.262832184163,-0.03294913120438551,8681.577057005046,-0.01733169163382255
2022-09-05,0.0,3075.262832184163,-0.03294913120438551,8710.183758514568,-0.003295104256022038
2022-09-06,0.0,3075.262832184163,-0.03294913120438551,8274.653205194658,0.05000245292117506
2022-09-07,0.0,3075.262832184163,-0.03294913120438551,8654.331334764562,-0.04588447638283503
2022-09-08,0.0,3075.262832184163,-0.03294913120438551,8720.504492756312,-0.007646247345064282
2022-09-09,0.0,3075.262832184163,-0.03294913120438551,9216.6119270271,-0.0568897630501629
2022-09-10,0.0,3075.262832184163,-0.03294913120438551,9337.36433476644,-0.013101604873396193
2022-09-11,0.0,3075.262832184163,-0.03294913120438551,9336.356455216232,0.00010794047592803986
2022-09-12,0.0,3075.262832184163,-0.03294913120438551,9461.444692095707,-0.01339797141202643
2022-09-13,0.0,3075.262832184163,-0.03294913120438551,8615.959492120397,0.08936111000909248
2022-09-14,0.0,3075.262832184163,-0.03294913120438551,8814.883249392335,-0.02308782410755986
2022-09-15,0.0,3075.262832184163,-0.03294913120438551,8423.960213363096,0.04434806735031771
2022-09-16,0.0,3075.262832184163,-0.03294913120438551,8503.93687933661,-0.009493951057205297
2022-09-17,0.0,3075.262832184163,-0.03294913120438551,8754.685760953365,-0.029486211524692836
2022-09-18,0.0,3075.262832184163,-0.03294913120438551,8162.713425928452,0.06761777077883932
2022-09-19,0.0,3075.262832184163,-0.03294913120438551,8430.388848161392,-0.03279245616815153
2022-09-20,0.0,3075.262832184163,-0.03294913120438551,8293.216433489613,0.016271184774791805
2022-09-21,0.0,3075.262832184163,-0.03294913120438551,8084.9272427885135,0.02511561013408343
2022-09-22,0.0,3075.262832184163,-0.03294913120438551,8736.969604867905,-0.08064913171123377
2022-09-23,0.00342747738587712,3085.8032259971023,-0.02963458622059582,8867.08228737901,-0.011464720755525388
2022-09-24,-0.003219874955868063,3075.8673254709774,-0.032759041514464654,8708.936562212533,0.014615273071524455
2022-09-25,0.000649610256432176,3077.865440433028,-0.0321307118673911,8618.220427203347,0.011066052535136752
2022-09-26,-0.003952761680637851,3065.699371861925,-0.035956468501387874,8713.615463519172,-0.015021756390347387
2022-09-27,-0.0038326630401932515,3053.9495791870463,-0.03965132251369996,8539.084989098707,0.016196964747624887
2022-09-28,-4.364932474276717e-05,3053.8162763501164,-0.03969324108498984,8622.403323110993,-0.009800939961696953
2022-09-29,0.0,3053.8162763501164,-0.03969324108498984,8788.159763792262,-0.01922392568171611
2022-09-30,0.0,3053.8162763501164,-0.03969324108498984,8708.031955974564,0.009117700402743003
2022-10-01,0.0,3053.8162763501164,-0.03969324108498984,8603.228679205511,0.012035242555253471
2022-10-02,0.0,3053.8162763501164,-0.03969324108498984,8417.324579360895,0.02160864331015138
2022-10-03,0.0,3053.8162763501164,-0.03969324108498984,8641.879426517524,-0.02667769848239335
2022-10-04,0.0,3053.8162763501164,-0.03969324108498984,8898.250220678974,-0.02966609246766175
2022-10-05,0.0,3053.8162763501164,-0.03969324108498984,8875.224002543337,0.0025877242788841276
2022-10-06,0.0,3053.8162763501164,-0.03969324108498984,8786.80420828218,0.009962542267757961
2022-10-07,0.0,3053.8162763501164,-0.03969324108498984,8742.869213572618,0.005000110810270313
2022-10-08,0.0,3053.8162763501164,-0.03969324108498984,8663.78595516304,0.009045458244623692
2022-10-09,0.0,3053.8162763501164,-0.03969324108498984,8741.744571647389,-0.008998215894044577
2022-10-10,0.0,3053.8162763501164,-0.03969324108498984,8418.405626037069,0.03698791962636642
2022-10-11,0.0,3053.8162763501164,-0.03969324108498984,8291.090010762084,0.015123483107206728
2022-10-12,0.0,3053.8162763501164,-0.03969324108498984,8299.073791509869,-0.0009629349985856216
2022-10-13,0.0,3053.8162763501164,-0.03969324108498984,8225.050302724754,0.008919487962722001
2022-10-14,0.0,3053.8162763501164,-0.03969324108498984,8184.837050330357,0.0048891193262462496
2022-10-15,0.0,3053.8162763501164,-0.03969324108498984,8096.070426287268,0.010845252446352038
2022-10-16,0.0,3053.8162763501164,-0.03969324108498984,8208.373252495663,-0.013871275853006182
2022-10-17,0.0,3053.8162763501164,-0.03969324108498984,8350.14801368496,-0.017271968126716386
2022-10-18,0.0,3053.8162763501164,-0.03969324108498984,8176.612976417077,0.02078227080328121
2022-10-19,0.0,3053.8162763501164,-0.03969324108498984,7946.930860700257,0.028090129296723165
2022-10-20,0.0,3053.8162763501164,-0.03969324108498984,7859.234948604791,0.011035192533150853
2022-10-21,0.0,3053.8162763501164,-0.03969324108498984,7997.648631782869,-0.01761159757701988
2022-10-22,0.0,3053.8162763501164,-0.03969324108498984,8026.353205456511,-0.003589126628990421
2022-10-23,0.0,3053.8162763501164,-0.03969324108498984,8257.2881103293,-0.028772083530512242
2022-10-24,0.0,3053.8162763501164,-0.03969324108498984,8081.228082237367,0.021321773654923715
2022-10-25,0.0,3053.8162763501164,-0.03969324108498984,8595.370961321616,-0.06362187452849402
2022-10-26,0.0,3053.8162763501164,-0.03969324108498984,8828.332360512037,-0.02710312332518591
2022-10-27,0.0,3053.8162763501164,-0.03969324108498984,8639.160392294123,0.021427825833116247
2022-10-28,0.0,3053.8162763501164,-0.03969324108498984,8989.805489674085,-0.040587867507671974
2022-10-29,0.0,3053.8162763501164,-0.03969324108498984,9152.365886863889,-0.018082749106921807
2022-10-30,0.005323667870554161,3070.0737799430967,-0.03458088684667803,9079.219610952347,0.013315729903009206
2022-10-31,0.007409913617477226,3092.822761451757,-0.027427214613550452,9180.491324053794,-0.003744317411286748
2022-11-01,-0.0011077097578563455,3089.3968114995764,-0.02850454297814858,9102.575872837386,0.007379357923615342
2022-11-02,-0.0022585690356340393,3082.419195522337,-0.0306987325356373,8821.753173756671,0.028592335477966975
2022-11-03,0.00562099122087889,3099.7454467594366,-0.025250298620833292,8909.901949847223,-0.004371214903498042
2022-11-04,0.015118085917174673,3146.6076647449167,-0.010513948887642703,9624.554808518837,-0.06509074945433786
2022-11-05,-0.00322933917402235,3136.446201347877,-0.013709334954648544,9722.906117433195,-0.013448129639769903
2022-11-06,-0.0067561676874525745,3115.255844868897,-0.020372880076264088,9201.899002213111,0.046829366197927214
2022-11-07,-0.0005603724048139913,3113.510141459497,-0.020921836081276745,9036.26160790567,0.01743997668265188
2022-11-08,-0.0001612980106867612,3113.0079384674264,-0.021079759441423717,8038.331321424588,0.1102748900704563
2022-11-09,0.0,3113.0079384674264,-0.021079759441423717,6382.621355850936,0.2059768252100636
2022-11-10,0.0,3113.0079384674264,-0.021079759441423717,7489.83808973247,-0.17347366734618358
2022-11-11,0.0,3113.0079384674264,-0.021079759441423717,7173.754926848774,0.04220160156959899
2022-11-12,0.0,3113.0079384674264,-0.021079759441423717,6813.018599267484,0.050285566103071555
2022-11-13,0.0,3113.0079384674264,-0.021079759441423717,6547.333667683557,0.03899665437761941
2022-11-14,0.0,3113.0079384674264,-0.021079759441423717,6764.306855184004,-0.033139167562421176
2022-11-15,0.0,3113.0079384674264,-0.021079759441423717,6873.958369930621,-0.01621031054535668
2022-11-16,0.0,3113.0079384674264,-0.021079759441423717,6727.476477314142,0.02130968573467776
2022-11-17,0.0,3113.0079384674264,-0.021079759441423717,6643.402394426804,0.012497120305191076
2022-11-18,0.0,3113.0079384674264,-0.021079759441423717,6663.991811707517,-0.0030992277839417826
2022-11-19,0.0,3113.0079384674264,-0.021079759441423717,6632.711479441742,0.0046939331784322524
2022-11-20,0.0,3113.0079384674264,-0.021079759441423717,6323.721142859579,0.046585825049059774
2022-11-21,0.0,3113.0079384674264,-0.021079759441423717,6161.258721481172,0.025690952796337613
2022-11-22,0.0,3113.0079384674264,-0.021079759441423717,6391.8883996755185,-0.03743223399956545
2022-11-23,0.0,3113.0079384674264,-0.021079759441423717,6782.931406800874,-0.06117800916943539
2022-11-24,0.0,3113.0079384674264,-0.021079759441423717,6855.1696957901495,-0.010650010247316584
2022-11-25,0.0,3113.0079384674264,-0.021079759441423717,6810.932437093643,0.006453123797018868
2022-11-26,0.0,3113.0079384674264,-0.021079759441423717,6822.632343857259,-0.001717812776984018
2022-11-27,0.0,3113.0079384674264,-0.021079759441423717,6798.926526722668,0.003474585165934304
2022-11-28,0.0,3113.0079384674264,-0.021079759441423717,6597.621298395796,0.029608384137651274
2022-11-29,0.0,3113.0079384674264,-0.021079759441423717,6689.860484394946,-0.013980673007342561
2022-11-30,0.0,3113.0079384674264,-0.021079759441423717,6973.361676130429,-0.04237774351151139
2022-12-01,0.0,3113.0079384674264,-0.021079759441423717,6816.729250506505,0.02246153761966366
2022-12-02,0.0,3113.0079384674264,-0.021079759441423717,6919.674610026837,-0.015101870081268684
2022-12-03,0.0,3113.0079384674264,-0.021079759441423717,6791.740245272933,0.018488494324360758
2022-12-04,0.0,3113.0079384674264,-0.021079759441423717,6921.652028891953,-0.01912790815423742
2022-12-05,0.0,3113.0079384674264,-0.021079759441423717,6862.0235809576725,0.00861477111033355
2022-12-06,0.0,3113.0079384674264,-0.021079759441423717,6925.80763461058,-0.009295225074700915
2022-12-07,0.0,3113.0079384674264,-0.021079759441423717,6730.085699465057,0.02825979950228982
2022-12-08,0.0,3113.0079384674264,-0.021079759441423717,6875.741955634441,-0.021642555930745728
2022-12-09,0.0,3113.0079384674264,-0.021079759441423717,6816.665659037832,0.00859198861414488
2022-12-10,0.0,3113.0079384674264,-0.021079759441423717,6824.544127031399,-0.001155765646672302
2022-12-11,0.0,3113.0079384674264,-0.021079759441423717,6728.013706878096,0.01414459608678528
2022-12-12,0.0,3113.0079384674264,-0.021079759441423717,6724.853005399691,0.00046978225909004897
2022-12-13,0.0,3113.0079384674264,-0.021079759441423717,6917.151047956459,-0.028595129499836225
2022-12-14,0.0,3113.0079384674264,-0.021079759441423717,6860.686756473432,0.008162940362522329
2022-12-15,0.0,3113.0079384674264,-0.021079759441423717,6685.926867622893,0.02547265238216036
2022-12-16,0.0,3113.0079384674264,-0.021079759441423717,6064.817628115516,0.09289800080152623
2022-12-17,0.0,3113.0079384674264,-0.021079759441423717,6176.277755573993,-0.01837814989551651
2022-12-18,0.0,3113.0079384674264,-0.021079759441423717,6177.264090196939,-0.00015969725811883415
2022-12-19,0.0,3113.0079384674264,-0.021079759441423717,5970.65286513345,0.03344704420058253
2022-12-20,0.0,3113.0079384674264,-0.021079759441423717,6177.016645683694,-0.03456301768192484
2022-12-21,0.0,3113.0079384674264,-0.021079759441423717,6099.969309405689,0.012473227886125704
2022-12-22,0.0,3113.0079384674264,-0.021079759441423717,6110.524554319636,-0.001730376724629057
2022-12-23,0.0,3113.0079384674264,-0.021079759441423717,6126.252132193314,-0.0025738506954462925
2022-12-24,0.0,3113.0079384674264,-0.021079759441423717,6082.994091259274,0.007061093797742747
2022-12-25,0.0,3113.0079384674264,-0.021079759441423717,6057.085366742141,0.004259205931888491
2022-12-26,0.0,3113.0079384674264,-0.021079759441423717,6140.646186999178,-0.013795549376907936
2022-12-27,0.0,3113.0079384674264,-0.021079759441423717,6091.191073731642,0.008053731115829632
2022-12-28,0.0,3113.0079384674264,-0.021079759441423717,5855.120552563826,0.03875605252080732
2022-12-29,0.0,3113.0079384674264,-0.021079759441423717,5799.093522937517,0.009568894290618104
2022-12-30,0.0,3113.0079384674264,-0.021079759441423717,5823.192982253069,-0.004155728687635188
2022-12-31,0.0,3113.0079384674264,-0.021079759441423717,5812.181785329802,0.0018909208327501567
