timestamp,ret,equity,drawdown,benchmark_equity,active_ret
2023-01-01 16:00:00,0.0,1000.0,0.0,1000.0,0.0
2023-01-02 16:00:00,0.0,1000.0,0.0,1021.9808124119936,-0.021980812411993535
2023-01-03 16:00:00,0.0,1000.0,0.0,1058.1354191798218,-0.035376991748503554
2023-01-04 16:00:00,0.0,1000.0,0.0,1047.345919224775,0.010196709947966731
2023-01-05 16:00:00,0.0,1000.0,0.0,1050.4923248098369,-0.0030041703770525524
2023-01-06 16:00:00,0.0,1000.0,0.0,1059.2309917095506,-0.00831863945440595
2023-01-07 16:00:00,0.0,1000.0,0.0,1080.3847369150392,-0.01997085184540099
2023-01-08 16:00:00,0.0,1000.0,0.0,1165.099656346576,-0.07841180695817143
2023-01-09 16:00:00,0.0,1000.0,0.0,1153.263364030563,0.010159038543645684
2023-01-10 16:00:00,0.0,1000.0,0.0,1144.5511440775376,0.007554406239505381
2023-01-11 16:00:00,0.0,1000.0,0.0,1207.1241765761588,-0.05467036822461324
2023-01-12 16:00:00,0.0,1000.0,0.0,1252.2358373375469,-0.03737118486794037
2023-01-13 16:00:00,0.0,1000.0,0.0,1383.6369037673082,-0.10493316235793161
2023-01-14 16:00:00,0.0,1000.0,0.0,1396.7481921280814,-0.009475960293538208
2023-01-15 16:00:00,0.0,1000.0,0.0,1379.412727313501,0.012411302847772572
2023-01-16 16:00:00,0.0,1000.0,0.0,1406.829880314026,-0.019875960586446122
2023-01-17 16:00:00,0.0,1000.0,0.0,1357.710623951128,0.034914851504244435
2023-01-18 16:00:00,0.0,1000.0,0.0,1342.453171377929,0.01123763216111354
2023-01-19 16:00:00,0.0,1000.0,0.0,1359.38488764738,-0.01261251910342019
2023-01-20 16:00:00,0.0,1000.0,0.0,1466.7372141396463,-0.07897125197415995
2023-01-21 16:00:00,0.0,1000.0,0.0,1476.8305526902052,-0.006881490735529968
2023-01-22 16:00:00,0.0,1000.0,0.0,1467.8270267316293,0.006096519294088942
2023-01-23 16:00:00,0.0,1000.0,0.0,1488.1540274902286,-0.013848362503489864
2023-01-24 16:00:00,0.0,1000.0,0.0,1424.2634384057694,0.04293277974203417
2023-01-25 16:00:00,0.0,1000.0,0.0,1466.8245107319715,-0.029882865190896193
2023-01-26 16:00:00,0.0,1000.0,0.0,1460.4673697859428,0.004333947857781835
2023-01-27 16:00:00,0.0,1000.0,0.0,1499.224641060734,-0.02653758110355569
2023-01-28 16:00:00,0.0,1000.0,0.0,1526.2950226134958,-0.018056254420691125
2023-01-29 16:00:00,0.0,1000.0,0.0,1498.2113729849427,0.018399882861745258
2023-01-30 16:00:00,0.0,1000.0,0.0,1502.4970068248645,-0.0028605001384973683
2023-01-31 16:00:00,0.0,1000.0,0.0,1458.5680326487588,0.02923731227188136
2023-02-01 16:00:00,0.0,1000.0,0.0,1576.2185954444763,-0.08066169020725347
2023-02-02 16:00:00,0.0,1000.0,0.0,1564.6266386202449,0.007354282494657749
2023-02-03 16:00:00,0.0,1000.0,0.0,1561.9404396326775,0.0017168306618736537
2023-02-04 16:00:00,0.0,1000.0,0.0,1516.4825881012684,0.02910344746698487
2023-02-05 16:00:00,0.0,1000.0,0.0,1519.6449874759537,-0.002085351588932368
2023-02-06 16:00:00,0.0,1000.0,0.0,1499.1245550665828,0.013503438354674078
2023-02-07 16:00:00,0.0,1000.0,0.0,1509.8004379945305,-0.007121411554407772
2023-02-08 16:00:00,0.0,1000.0,0.0,1487.5188170486065,0.014757990781563559
2023-02-09 16:00:00,0.0,1000.0,0.0,1392.9745531364765,0.06355836499582282
2023-02-10 16:00:00,0.0,1000.0,0.0,1396.8812429028656,-0.002804566499504573
2023-02-11 16:00:00,0.0,1000.0,0.0,1419.009053196095,-0.015840867221644128
2023-02-12 16:00:00,0.0,1000.0,0.0,1352.1337680448357,0.04712815961295892
2023-02-13 16:00:00,0.0,1000.0,0.0,1414.6270396511268,-0.046218261153743265
2023-02-14 16:00:00,0.0,1000.0,0.0,1453.5962696541694,-0.027547352701990744
2023-02-15 16:00:00,0.0,1000.0,0.0,1557.1710251760567,-0.07125414235310967
2023-02-16 16:00:00,0.0,1000.0,0.0,1499.3172676950512,0.03715311712434693
2023-02-17 16:00:00,0.0,1000.0,0.0,1528.7584736193915,-0.019636408223058295
2023-02-18 16:00:00,0.0,1000.0,0.0,1559.3443703997013,-0.020007017006353385
2023-02-19 16:00:00,0.0,1000.0,0.0,1582.5920450847882,-0.014908621293914523
2023-02-20 16:00:00,0.0,1000.0,0.0,1537.9047153827394,0.028236796615298605
2023-02-21 16:00:00,0.0,1000.0,0.0,1487.1172657039672,0.03302379475839824
2023-02-22 16:00:00,0.0,1000.0,0.0,1505.1125344570864,-0.012100773199348738
2023-02-23 16:00:00,0.0,1000.0,0.0,1459.0814414941237,0.03058315701261933
2023-02-24 16:00:00,0.0,1000.0,0.0,1432.5921866475776,0.018154747290473856
2023-02-25 16:00:00,0.0,1000.0,0.0,1441.9718908982688,-0.006547365215386617
2023-02-26 16:00:00,0.0,1000.0,0.0,1455.90726363502,-0.009664108450872875
2023-02-27 16:00:00,0.0,1000.0,0.0,1440.8633424997686,0.010333021553646635
2023-02-28 16:00:00,0.0,1000.0,0.0,1447.390018630154,-0.004529698228745319
2023-03-01 16:00:00,0.0,1000.0,0.0,1413.5563954769177,0.023375609004998594
2023-03-02 16:00:00,0.0,1000.0,0.0,1365.586825663416,0.033935377440188486
2023-03-03 16:00:00,0.0,1000.0,0.0,1368.4900764821625,-0.002126009686228479
2023-03-04 16:00:00,0.0,1000.0,0.0,1369.586644706467,-0.0008012978998893162
2023-03-05 16:00:00,0.0,1000.0,0.0,1366.1646660837016,0.0024985484751852693
2023-03-06 16:00:00,0.0,1000.0,0.0,1352.9918099423583,0.009642216980406333
2023-03-07 16:00:00,0.0,1000.0,0.0,1347.8235937530685,0.0038198429224121566
2023-03-08 16:00:00,0.0,1000.0,0.0,1318.5696780064127,0.021704558283623103
2023-03-09 16:00:00,0.0,1000.0,0.0,1249.5902119575119,0.05231385735579243
2023-03-10 16:00:00,0.0,1000.0,0.0,1226.3849113161318,0.018570328431933323
2023-03-11 16:00:00,0.0,1000.0,0.0,1239.1833762490398,-0.01043592824309363
2023-03-12 16:00:00,0.0,1000.0,0.0,1410.3585729557337,-0.13813548501984788
2023-03-13 16:00:00,0.0,1000.0,0.0,1489.1159902607026,-0.05584212328352372
2023-03-14 16:00:00,0.0,1000.0,0.0,1370.044138652454,0.07996143509774696
2023-03-15 16:00:00,0.0,1000.0,0.0,1392.9291117033029,-0.016703821727494215
2023-03-16 16:00:00,0.0,1000.0,0.0,1435.9842611626768,-0.03090979224831122
2023-03-17 16:00:00,0.0,1000.0,0.0,1490.9729075086107,-0.03829334891275974
2023-03-18 16:00:00,0.0,1000.0,0.0,1514.4089402479904,-0.015718617435202642
2023-03-19 16:00:00,0.0,1000.0,0.0,1505.511129498508,0.005875434641864479
2023-03-20 16:00:00,0.0,1000.0,0.0,1545.8356589600112,-0.026784610669026154
2023-03-21 16:00:00,0.0,1000.0,0.0,1566.4748764980523,-0.013351495301852787
2023-03-22 16:00:00,0.0,1000.0,0.0,1577.761490378278,-0.007205103669110646
2023-03-23 16:00:00,0.0,1000.0,0.0,1518.796660697743,0.03737246094553729
2023-03-24 16:00:00,0.0,1000.0,0.0,1523.5577654938493,-0.0031347875059977
2023-03-25 16:00:00,0.0,1000.0,0.0,1523.2130106763673,0.00022628273459008547
2023-03-26 16:00:00,0.0,1000.0,0.0,1479.4887806121042,0.02870526299197494
2023-03-27 16:00:00,0.0,1000.0,0.0,1517.1450504266484,-0.02545221721719626
2023-03-28 16:00:00,0.0,1000.0,0.0,1595.4704717829352,-0.051626850929158134
2023-03-29 16:00:00,0.0,1000.0,0.0,1574.4631949512154,0.013166822704179635
2023-03-30 16:00:00,0.0,1000.0,0.0,1605.9362277551224,-0.019989691029190477
2023-03-31 16:00:00,0.0,1000.0,0.0,1588.738278744212,0.010708986268371674
2023-04-01 16:00:00,0.0,1000.0,0.0,1572.6576643260016,0.01012162584193621
2023-04-02 16:00:00,0.0,1000.0,0.0,1562.1850217711517,0.006659200404773413
2023-04-03 16:00:00,0.0,1000.0,0.0,1577.094216013239,-0.009543808213692813
2023-04-04 16:00:00,0.0,1000.0,0.0,1591.0984857806461,-0.00887979273857753
2023-04-05 16:00:00,0.0,1000.0,0.0,1591.1278463024817,-1.8452988358674816e-05
2023-04-06 16:00:00,0.0,1000.0,0.0,1577.3626465172651,0.008651221721249103
2023-04-07 16:00:00,0.0,1000.0,0.0,1581.2544711306505,-0.0024672985771397077
2023-04-08 16:00:00,0.0,1000.0,0.0,1565.1813046703082,0.010164819612398917
2023-04-09 16:00:00,0.0,1000.0,0.0,1577.6174676157282,-0.007945509512739328
2023-04-10 16:00:00,0.0,1000.0,0.0,1673.289112534169,-0.06064311969303323
2023-04-11 16:00:00,-0.0012497356812063432,998.7502643187937,-0.001249735681206289,1653.1320273884992,0.01079664948599422
2023-04-12 16:00:00,0.002244122126995318,1000.9915818862938,0.0,1701.1340743609437,-0.026792909505786517
2023-04-13 16:00:00,0.003400965606029649,1004.3959198282142,0.0,1707.1226177073188,-0.00011935853339752273
2023-04-14 16:00:00,0.010154095667148644,1014.5946520858437,0.0,1751.6379134679075,-0.01592211895202917
2023-04-15 16:00:00,-0.0023413785539281307,1012.2191019265197,-0.0023413785539281697,1754.054058922455,-0.0037207420833257187
2023-04-16 16:00:00,-0.009458425421205563,1002.645103041028,-0.011777658220698555,1747.9686300857477,-0.005989074630246767
2023-04-17 16:00:00,0.007417839042853869,1010.0825630324921,-0.004447183950827513,1779.3532536398277,-0.010537073313062178
2023-04-18 16:00:00,-0.01751797258866039,992.3879643810051,-0.021887250892940562,1689.2899148493916,0.03309779952191035
2023-04-19 16:00:00,-0.0037544229999058043,988.6621201827033,-0.025559499894689183,1637.7883847536966,0.026732664884169095
2023-04-20 16:00:00,-0.00010934186259969891,988.5540180250008,-0.02566604703396328,1601.0003919010549,0.022352652125820383
2023-04-21 16:00:00,0.0,988.5540180250008,-0.02566604703396328,1586.3853805961674,0.00912867440808897
2023-04-22 16:00:00,0.0,988.5540180250008,-0.02566604703396328,1570.6988724254763,0.00988820772213382
2023-04-23 16:00:00,0.0,988.5540180250008,-0.02566604703396328,1563.2128339982203,0.004766055772164649
2023-04-24 16:00:00,0.0,988.5540180250008,-0.02566604703396328,1553.3928454781617,0.006281926751421315
2023-04-25 16:00:00,0.0,988.5540180250008,-0.02566604703396328,1663.0432554771935,-0.07058768830963667
2023-04-26 16:00:00,0.0,988.5540180250008,-0.02566604703396328,1624.2953638369193,0.02329938894412929
2023-04-27 16:00:00,0.0,988.5540180250008,-0.02566604703396328,1611.1188112101017,0.008112165385790293
2023-04-28 16:00:00,0.0,988.5540180250008,-0.02566604703396328,1634.6079727686397,-0.014579409907637762
2023-04-29 16:00:00,0.0,988.5540180250008,-0.02566604703396328,1645.293437876655,-0.006537020059871811
2023-04-30 16:00:00,0.0,988.5540180250008,-0.02566604703396328,1578.0941743284607,0.0408433304364957
2023-05-01 16:00:00,0.0,988.5540180250008,-0.02566604703396328,1586.7098902140956,-0.005459570173815217
2023-05-02 16:00:00,0.0,988.5540180250008,-0.02566604703396328,1560.4658762706606,0.016539894346971007
2023-05-03 16:00:00,0.0,988.5540180250008,-0.02566604703396328,1585.9382154303821,-0.01632354769627994
2023-05-04 16:00:00,0.0,988.5540180250008,-0.02566604703396328,1611.438458577477,-0.01607896379505228
2023-05-05 16:00:00,0.0,988.5540180250008,-0.02566604703396328,1565.5538661666146,0.028474306397879987
2023-05-06 16:00:00,0.0,988.5540180250008,-0.02566604703396328,1589.9201540919425,-0.015564004824050404
2023-05-07 16:00:00,0.0,988.5540180250008,-0.02566604703396328,1528.9638707376798,0.03833921042976967
2023-05-08 16:00:00,0.0,988.5540180250008,-0.02566604703396328,1492.1312134091531,0.02408994616122346
2023-05-09 16:00:00,0.0,988.5540180250008,-0.02566604703396328,1522.5093113644543,-0.020358865012879677
2023-05-10 16:00:00,0.0,988.5540180250008,-0.02566604703396328,1473.3687771521056,0.03227601555244982
2023-05-11 16:00:00,0.0,988.5540180250008,-0.02566604703396328,1461.4952533101948,0.008058758965193591
2023-05-12 16:00:00,0.0,988.5540180250008,-0.02566604703396328,1483.0775014259505,-0.014767237913960538
2023-05-13 16:00:00,0.0,988.5540180250008,-0.02566604703396328,1502.8502857132273,-0.013332266363872256
2023-05-14 16:00:00,0.0,988.5540180250008,-0.02566604703396328,1509.6137910814637,-0.00450045186305876
2023-05-15 16:00:00,0.0,988.5540180250008,-0.02566604703396328,1487.0185330352192,0.014967575269736846
2023-05-16 16:00:00,0.0,988.5540180250008,-0.02566604703396328,1486.142557736842,0.000589081628047526
2023-05-17 16:00:00,0.0,988.5540180250008,-0.02566604703396328,1505.5388224745775,-0.013051415987489823
2023-05-18 16:00:00,0.0,988.5540180250008,-0.02566604703396328,1500.5444664964373,0.003317321282975096
2023-05-19 16:00:00,0.0,988.5540180250008,-0.02566604703396328,1497.5692412872827,0.001982763773806192
2023-05-20 16:00:00,0.0,988.5540180250008,-0.02566604703396328,1481.0915952059172,0.011002927695818374
2023-05-21 16:00:00,0.0,988.5540180250008,-0.02566604703396328,1485.8075781770422,-0.003184126482379614
2023-05-22 16:00:00,0.0,988.5540180250008,-0.02566604703396328,1507.5457953424843,-0.014630573625228793
2023-05-23 16:00:00,0.0,988.5540180250008,-0.02566604703396328,1457.829528024127,0.03297827997793103
2023-05-24 16:00:00,0.0,988.5540180250008,-0.02566604703396328,1450.837276392119,0.004796343809474706
2023-05-25 16:00:00,0.0,988.5540180250008,-0.02566604703396328,1476.9244281596132,-0.017980756485914556
2023-05-26 16:00:00,0.0,988.5540180250008,-0.02566604703396328,1482.483344928672,-0.0037638464521748205
2023-05-27 16:00:00,0.0,988.5540180250008,-0.02566604703396328,1511.6029182605873,-0.019642428652927663
2023-05-28 16:00:00,0.0,988.5540180250008,-0.02566604703396328,1526.656853551889,-0.009958921823612752
2023-05-29 16:00:00,0.0,988.5540180250008,-0.02566604703396328,1542.6048415170544,-0.010446347473606035
2023-05-30 16:00:00,0.0,988.5540180250008,-0.02566604703396328,1513.124279888976,0.019110896604658763
2023-05-31 16:00:00,0.0,988.5540180250008,-0.02566604703396328,1513.9473920871055,-0.0005439818850769353
2023-06-01 16:00:00,0.0,988.5540180250008,-0.02566604703396328,1541.3597495872436,-0.018106545606150565
2023-06-02 16:00:00,0.0,988.5540180250008,-0.02566604703396328,1550.5208299986687,-0.005943505670158
2023-06-03 16:00:00,0.0,988.5540180250008,-0.02566604703396328,1567.136315137182,-0.010716067025379956
2023-06-04 16:00:00,0.0,988.5540180250008,-0.02566604703396328,1464.4730043399643,0.06551013450813371
2023-06-05 16:00:00,0.0,988.5540180250008,-0.02566604703396328,1472.03285422543,-0.005162164043353457
2023-06-06 16:00:00,0.0,988.5540180250008,-0.02566604703396328,1438.623461135791,0.022696092002116735
2023-06-07 16:00:00,0.0,988.5540180250008,-0.02566604703396328,1449.050664639283,-0.00724804216334664
2023-06-08 16:00:00,0.0,988.5540180250008,-0.02566604703396328,1430.938641972235,0.012499233538916275
2023-06-09 16:00:00,0.0,988.5540180250008,-0.02566604703396328,1256.1617118251922,0.1221414566778007
2023-06-10 16:00:00,0.0,988.5540180250008,-0.02566604703396328,1279.8129073418668,-0.018828145527783557
2023-06-11 16:00:00,0.0,988.5540180250008,-0.02566604703396328,1287.3402816698454,-0.005881620887550573
2023-06-12 16:00:00,0.0,988.5540180250008,-0.02566604703396328,1279.9164026045946,0.0057668350559348614
2023-06-13 16:00:00,0.0,988.5540180250008,-0.02566604703396328,1300.2019532420074,-0.01584912154897947
2023-06-14 16:00:00,0.0,988.5540180250008,-0.02566604703396328,1232.5699083194932,0.05201656923670683
2023-06-15 16:00:00,0.0,988.5540180250008,-0.02566604703396328,1255.4016700280317,-0.018523705271750117
2023-06-16 16:00:00,0.0,988.5540180250008,-0.02566604703396328,1288.906402249795,-0.02668845599115342
2023-06-17 16:00:00,0.0,988.5540180250008,-0.02566604703396328,1298.8653422946809,-0.007726658838455961
2023-06-18 16:00:00,0.0,988.5540180250008,-0.02566604703396328,1278.7713605493425,0.015470411821012069
2023-06-19 16:00:00,0.0,988.5540180250008,-0.02566604703396328,1283.5948365079066,-0.0037719612022683352
2023-06-20 16:00:00,0.0,988.5540180250008,-0.02566604703396328,1375.1415083317038,-0.07132053606015984
2023-06-21 16:00:00,0.0,988.5540180250008,-0.02566604703396328,1382.877384629086,-0.005625512902135675
2023-06-22 16:00:00,0.0,988.5540180250008,-0.02566604703396328,1415.4934046824694,-0.02358561967670877
2023-06-23 16:00:00,-0.004407941085408207,984.196530153803,-0.0299608536961505,1369.8635453229783,0.02782806878121987
2023-06-24 16:00:00,0.0009500881329806976,985.1316035976229,-0.02903923101472052,1397.9796321082688,-0.01957464725492351
2023-06-25 16:00:00,-0.0008723820514553449,984.2721924683228,-0.02988627976225061,1390.995025449778,0.004123832841859957
2023-06-26 16:00:00,0.0004008099637262674,984.6666985700829,-0.029497448517231722,1370.3776518371417,0.015222842562994348
2023-06-27 16:00:00,-0.00046127181201471856,984.2124995778029,-0.029945113987719114,1354.1386302405863,0.011388762063527125
2023-06-28 16:00:00,0.0003143566570151801,984.5218933289627,-0.029640170776631024,1363.438665022656,-0.006553503526854877
2023-06-29 16:00:00,-0.002086247917773454,982.4679365790028,-0.031664581949839336,1368.9178652345374,-0.006104910694797175
2023-06-30 16:00:00,0.002537686285520424,984.9611319876228,-0.02920725043966977,1406.828798043802,-0.025156402433797447
2023-07-01 16:00:00,-0.00038284069195615444,984.5840487863028,-0.02957890940765744,1421.3111411332766,-0.010677158742320432
2023-07-02 16:00:00,0.0028778060250242987,987.4174906940427,-0.026786225746340247,1441.9763746443537,-0.011661750383855958
2023-07-03 16:00:00,-0.0016978339056380465,985.7410197993223,-0.028438581089702104,1439.5712653152054,-2.990829226494937e-05
2023-07-04 16:00:00,-0.006882104805972289,978.9570467895173,-0.03512496860008196,1388.0334341327446,0.02891871480206313
2023-07-05 16:00:00,-0.0008791682583833005,978.0963788276594,-0.035973256100995346,1399.7914944892648,-0.009350189249219138
2023-07-06 16:00:00,-0.0012896054824851344,976.8350203751244,-0.03721647027518977,1412.0206989638068,-0.010026052676718078
2023-07-07 16:00:00,-0.0010416840605085298,975.8174669046531,-0.03821938653182423,1433.7515541618895,-0.016431582532980986
2023-07-08 16:00:00,0.0007053395696874354,976.5057495768531,-0.03754100460778689,1430.7563060083578,0.00279443802251002
2023-07-09 16:00:00,-0.0001954054602777422,976.3149350213931,-0.03772907435077999,1435.0401534242915,-0.003189519411021096
2023-07-10 16:00:00,0.001423270212853378,977.704494986773,-0.036359502805608505,1450.8211489086452,-0.009573631474320348
2023-07-11 16:00:00,-0.0003979137375708097,977.3154529369331,-0.03674294859752174,1445.5203237398473,0.0032557586484331935
2023-07-12 16:00:00,0.0019758299171031,979.2464620472931,-0.034839716497500124,1551.210245733029,-0.07113965677473459
2023-07-13 16:00:00,0.05158968498729499,1029.7654785492361,0.0,1731.0341299513418,-0.06433520959934207
2023-07-14 16:00:00,-0.013070554962586134,1016.3058722632845,-0.013070554962586151,1667.615209322466,0.023565880756135783
2023-07-15 16:00:00,-0.002683951296321152,1013.5781567999646,-0.015719425525971886,1672.1968784832145,-0.005431389155567956
2023-07-16 16:00:00,-0.005481238767750529,1008.0224929127676,-0.02111450236912266,1631.877383969479,0.0186304522852238
2023-07-17 16:00:00,-0.0023952825549823364,1005.6079942204639,-0.023459209724923054,1606.6337723076101,0.013073778974913337
2023-07-18 16:00:00,7.130872080107764e-05,1005.679702840159,-0.02338957385035848,1635.2279309181483,-0.017726249816430846
2023-07-19 16:00:00,-0.00011852875807583096,1005.5605008739593,-0.023505330271293926,1624.8311188231726,0.00623949136768011
2023-07-20 16:00:00,0.0,1005.5605008739593,-0.023505330271293926,1619.9392023169667,0.0030107230527126765
2023-07-21 16:00:00,0.0,1005.5605008739593,-0.023505330271293926,1616.7042212253239,0.0019969768538325677
2023-07-22 16:00:00,0.0,1005.5605008739593,-0.023505330271293926,1593.564999419905,0.014312588228340981
2023-07-23 16:00:00,0.0,1005.5605008739593,-0.023505330271293926,1532.4383468507338,0.03835843068304263
2023-07-24 16:00:00,0.0,1005.5605008739593,-0.023505330271293926,1545.365335237391,-0.008435568330186343
2023-07-25 16:00:00,0.0,1005.5605008739593,-0.023505330271293926,1564.4049950637918,-0.012320491078878735
2023-07-26 16:00:00,0.0,1005.5605008739593,-0.023505330271293926,1576.5618199969585,-0.0077708937081674145
2023-07-27 16:00:00,0.0,1005.5605008739593,-0.023505330271293926,1578.5636042837752,-0.001269715060599649
2023-07-28 16:00:00,0.0,1005.5605008739593,-0.023505330271293926,1574.811156695749,0.002377127901494136
2023-07-29 16:00:00,0.0,1005.5605008739593,-0.023505330271293926,1580.68280420671,-0.003728477212011194
2023-07-30 16:00:00,0.0,1005.5605008739593,-0.023505330271293926,1554.3553771545826,0.016655730664028052
2023-07-31 16:00:00,0.0,1005.5605008739593,-0.023505330271293926,1536.8699010945875,0.011249342535813318
2023-08-01 16:00:00,0.0,1005.5605008739593,-0.023505330271293926,1533.9568432386973,0.0018954485697296583
2023-08-02 16:00:00,0.0,1005.5605008739593,-0.023505330271293926,1516.1140200064362,0.011631893889914575
2023-08-03 16:00:00,0.0,1005.5605008739593,-0.023505330271293926,1521.0360417617258,-0.0032464720267335284
2023-08-04 16:00:00,0.0,1005.5605008739593,-0.023505330271293926,1489.491025409744,0.020739164284000116
2023-08-05 16:00:00,0.0,1005.5605008739593,-0.023505330271293926,1498.316161484,-0.005924934036999928
2023-08-06 16:00:00,0.0,1005.5605008739593,-0.023505330271293926,1484.3634128899105,0.009312285986603957
2023-08-07 16:00:00,0.0,1005.5605008739593,-0.023505330271293926,1516.7063458389778,-0.021789093336717715
2023-08-08 16:00:00,0.0,1005.5605008739593,-0.023505330271293926,1537.5962516676404,-0.013773203946810966
2023-08-09 16:00:00,0.0,1005.5605008739593,-0.023505330271293926,1524.3005363350464,0.008647078397969552
2023-08-10 16:00:00,0.0,1005.5605008739593,-0.023505330271293926,1514.2533278331769,0.006591356666465772
2023-08-11 16:00:00,0.0,1005.5605008739593,-0.023505330271293926,1518.75671748507,-0.002974000168345053
2023-08-12 16:00:00,0.0,1005.5605008739593,-0.023505330271293926,1511.9493209114057,0.004482216602101209
2023-08-13 16:00:00,0.0,1005.5605008739593,-0.023505330271293926,1519.7681180782215,-0.005171335479751825
2023-08-14 16:00:00,0.0,1005.5605008739593,-0.023505330271293926,1505.7756659749944,0.009206965152631879
2023-08-15 16:00:00,0.0,1005.5605008739593,-0.023505330271293926,1447.531126737748,0.03868075474545063
2023-08-16 16:00:00,0.0,1005.5605008739593,-0.023505330271293926,1406.0655085421438,0.02864575236392584
2023-08-17 16:00:00,0.0,1005.5605008739593,-0.023505330271293926,1326.6350025599174,0.05649132668404807
2023-08-18 16:00:00,0.0,1005.5605008739593,-0.023505330271293926,1346.5877951971563,-0.01504015241474648
2023-08-19 16:00:00,0.0,1005.5605008739593,-0.023505330271293926,1349.1039788124247,-0.001868562617486009
2023-08-20 16:00:00,0.0,1005.5605008739593,-0.023505330271293926,1304.6982113622755,0.03291500740308996
2023-08-21 16:00:00,0.0,1005.5605008739593,-0.023505330271293926,1293.1187877165723,0.00887517400181965
2023-08-22 16:00:00,0.0,1005.5605008739593,-0.023505330271293926,1319.7045529191648,-0.02055941453726654
2023-08-23 16:00:00,0.0,1005.5605008739593,-0.023505330271293926,1312.1017717639895,0.005760972134526643
2023-08-24 16:00:00,0.0,1005.5605008739593,-0.023505330271293926,1303.1683616437135,0.0068084734831704375
2023-08-25 16:00:00,0.0,1005.5605008739593,-0.023505330271293926,1309.7673294100496,-0.005063787581531333
2023-08-26 16:00:00,0.0,1005.5605008739593,-0.023505330271293926,1321.2650478955582,-0.00877844348941527
2023-08-27 16:00:00,0.0,1005.5605008739593,-0.023505330271293926,1319.0257903427541,0.0016947830084286083
2023-08-28 16:00:00,0.0,1005.5605008739593,-0.023505330271293926,1372.5868395519765,-0.04060652157173093
2023-08-29 16:00:00,0.0,1005.5605008739593,-0.023505330271293926,1341.120713196602,0.022924688951298018
2023-08-30 16:00:00,0.0,1005.5605008739593,-0.023505330271293926,1322.827348561211,0.013640356498400643
2023-08-31 16:00:00,0.0,1005.5605008739593,-0.023505330271293926,1279.252604809224,0.03294061299789541
2023-09-01 16:00:00,0.0,1005.5605008739593,-0.023505330271293926,1282.3914358018237,-0.0024536444020512977
2023-09-02 16:00:00,0.0,1005.5605008739593,-0.023505330271293926,1277.515637085448,0.0038021142221113763
2023-09-03 16:00:00,0.0,1005.5605008739593,-0.023505330271293926,1279.8700150441584,-0.0018429347480098787
2023-09-04 16:00:00,0.0,1005.5605008739593,-0.023505330271293926,1291.9193210202814,-0.009414476340948623
2023-09-05 16:00:00,0.0,1005.5605008739593,-0.023505330271293926,1274.634167164888,0.013379437534646257
2023-09-06 16:00:00,0.0,1005.5605008739593,-0.023505330271293926,1280.3200896781973,-0.004460827004156271
2023-09-07 16:00:00,0.0,1005.5605008739593,-0.023505330271293926,1280.2217019914588,7.684616333967855e-05
2023-09-08 16:00:00,0.0,1005.5605008739593,-0.023505330271293926,1282.4554682529003,-0.0017448276794298026
2023-09-09 16:00:00,0.0,1005.5605008739593,-0.023505330271293926,1252.162040153152,0.023621426903046725
2023-09-10 16:00:00,0.0,1005.5605008739593,-0.023505330271293926,1214.621394879202,0.02998066070534966
2023-09-11 16:00:00,0.0,1005.5605008739593,-0.023505330271293926,1242.548120780338,-0.02299212414574108
2023-09-12 16:00:00,0.0,1005.5605008739593,-0.023505330271293926,1246.4411121805404,-0.003133070933106124
2023-09-13 16:00:00,0.0,1005.5605008739593,-0.023505330271293926,1263.349042044959,-0.013564964842053178
2023-09-14 16:00:00,0.0,1005.5605008739593,-0.023505330271293926,1255.2084791506484,0.006443637208236501
2023-09-15 16:00:00,0.0,1005.5605008739593,-0.023505330271293926,1267.129534101779,-0.00949727089096559
2023-09-16 16:00:00,0.0,1005.5605008739593,-0.023505330271293926,1265.2323444250774,0.0014972342019055538
2023-09-17 16:00:00,0.0,1005.5605008739593,-0.023505330271293926,1290.526269359117,-0.01999152570315716
2023-09-18 16:00:00,0.0,1005.5605008739593,-0.023505330271293926,1297.5529830957298,-0.005444843629647795
2023-09-19 16:00:00,0.0,1005.5605008739593,-0.023505330271293926,1288.6210435421879,0.006883680026870199
2023-09-20 16:00:00,0.0,1005.5605008739593,-0.023505330271293926,1255.8980465007394,0.0253938093013745
2023-09-21 16:00:00,0.0,1005.5605008739593,-0.023505330271293926,1254.057546544903,0.0014654851649499629
2023-09-22 16:00:00,0.0,1005.5605008739593,-0.023505330271293926,1254.0525747298816,3.964582833693164e-06
2023-09-23 16:00:00,0.0,1005.5605008739593,-0.023505330271293926,1257.3764836874793,-0.002650533976467005
2023-09-24 16:00:00,0.0,1005.5605008739593,-0.023505330271293926,1247.3246165171097,0.007994317772582082
2023-09-25 16:00:00,0.0,1005.5605008739593,-0.023505330271293926,1245.9311780518713,0.0011171417983630225
2023-09-26 16:00:00,0.0,1005.5605008739593,-0.023505330271293926,1248.180827630245,-0.001805596984811832
2023-09-27 16:00:00,0.0,1005.5605008739593,-0.023505330271293926,1279.6024057551263,-0.025173899029147524
2023-09-28 16:00:00,0.0,1005.5605008739593,-0.023505330271293926,1300.4458098953398,-0.016288969172352643
2023-09-29 16:00:00,0.0,1005.5605008739593,-0.023505330271293926,1306.2243538451105,-0.004443509991574343
2023-09-30 16:00:00,0.0,1005.5605008739593,-0.023505330271293926,1335.351253598654,-0.02229854287114081
2023-10-01 16:00:00,0.0,1005.5605008739593,-0.023505330271293926,1351.2348257728547,-0.011894677247949554
2023-10-02 16:00:00,0.0,1005.5605008739593,-0.023505330271293926,1328.1700917456794,0.01706937505402395
2023-10-03 16:00:00,0.0,1005.5605008739593,-0.023505330271293926,1328.1396777853927,2.28991455806555e-05
2023-10-04 16:00:00,0.0,1005.5605008739593,-0.023505330271293926,1331.5347895250916,-0.002556291176662911
2023-10-05 16:00:00,0.0,1005.5605008739593,-0.023505330271293926,1364.829023507188,-0.025004404123733868
2023-10-06 16:00:00,0.0,1005.5605008739593,-0.023505330271293926,1353.9797669303935,0.007949169009401045
2023-10-07 16:00:00,0.0,1005.5605008739593,-0.023505330271293926,1341.2282620589845,0.009417795732884562
2023-10-08 16:00:00,0.0,1005.5605008739593,-0.023505330271293926,1296.4901664869046,0.03335606386894961
2023-10-09 16:00:00,0.0,1005.5605008739593,-0.023505330271293926,1290.3842487537224,0.004709575044234368
2023-10-10 16:00:00,0.0,1005.5605008739593,-0.023505330271293926,1273.1711447617765,0.01333951806105081
2023-10-11 16:00:00,0.0,1005.5605008739593,-0.023505330271293926,1254.1964145503998,0.014903518894097467
2023-10-12 16:00:00,0.0,1005.5605008739593,-0.023505330271293926,1259.4773639838747,-0.004210623927965689
2023-10-13 16:00:00,0.0,1005.5605008739593,-0.023505330271293926,1275.98854298548,-0.013109548034573886
2023-10-14 16:00:00,0.0,1005.5605008739593,-0.023505330271293926,1272.2755663628145,0.002909882414757568
2023-10-15 16:00:00,0.0,1005.5605008739593,-0.023505330271293926,1306.299884709913,-0.02674288436141814
2023-10-16 16:00:00,0.0,1005.5605008739593,-0.023505330271293926,1307.8255332616102,-0.001167916011901233
2023-10-17 16:00:00,0.0,1005.5605008739593,-0.023505330271293926,1298.3032131626385,0.00728103241356954
2023-10-18 16:00:00,0.0,1005.5605008739593,-0.023505330271293926,1307.3641702222756,-0.006979076203289017
2023-10-19 16:00:00,0.0,1005.5605008739593,-0.023505330271293926,1358.3104598452496,-0.03896870572360278
2023-10-20 16:00:00,0.0071345441309278446,1012.7347166437625,-0.01653848595649869,1398.960558239317,-0.022792412625849665
2023-10-21 16:00:00,-0.002051059184456805,1010.657537801772,-0.018555623727437378,1390.49057098299,0.004003426916986281
2023-10-22 16:00:00,0.0018519029200168013,1012.5291774471641,-0.016738084021184176,1427.3469137787488,-0.0246540968795386
2023-10-23 16:00:00,0.022853038297379724,1035.6685455165784,0.0,1499.7904769870288,-0.027900960263834484
2023-10-24 16:00:00,0.00801937909580519,1043.973964200677,0.0,1548.028354334761,-0.024143698405952554
2023-10-25 16:00:00,-9.88918349197343e-05,1043.8707236997489,-9.88918349197237e-05,1512.8175342105515,0.02264669937186446
2023-10-26 16:00:00,0.0,1043.8707236997489,-9.88918349197237e-05,1535.3327210747907,-0.014882949433811521
2023-10-27 16:00:00,0.0,1043.8707236997489,-9.88918349197237e-05,1537.3787969291,-0.0013326595767964022
2023-10-28 16:00:00,0.0,1043.8707236997489,-9.88918349197237e-05,1556.2021780694654,-0.01224381471759923
2023-10-29 16:00:00,0.0,1043.8707236997489,-9.88918349197237e-05,1600.1902624529075,-0.028266304342287496
2023-10-30 16:00:00,-0.003578829571197706,1040.1348882852647,-0.003677367489094258,1587.267239941676,0.004497099157066182
2023-10-31 16:00:00,0.010562405529425334,1051.121214780637,0.0,1611.267084295012,-0.004557823597345785
2023-11-01 16:00:00,0.005362363907116308,1056.757709244781,0.0,1639.8399134943795,-0.012370778833690897
2023-11-02 16:00:00,0.01069561386004736,1068.0603816464914,0.0,1669.2238464831391,-0.007223167569137639
2023-11-03 16:00:00,0.003616369210263093,1071.9228823253795,0.0,1687.27695723156,-0.007198903280875009
2023-11-04 16:00:00,0.015056085607411562,1088.0618450062138,0.0,1729.3709758259686,-0.009891815455301507
2023-11-05 16:00:00,0.02773361621961512,1118.2377346388225,0.0,1792.4142553682964,-0.00872084058784791
2023-11-06 16:00:00,-0.014849581159109393,1101.6323726431247,-0.014849581159109436,1748.9788856920823,0.009383304484443737
2023-11-07 16:00:00,0.01540919312379585,1118.607638624608,0.0,1788.2760923258584,-0.007059463848141219
2023-11-08 16:00:00,0.040403683462233886,1163.8035075740336,0.0,1885.2549665257466,-0.013826686566230935
2023-11-09 16:00:00,0.0005329704527392565,1164.423780456365,0.0,1885.1416352417941,0.0005930850186546108
2023-11-10 16:00:00,0.00890741700875064,1174.7957886437957,0.0,2001.959866806368,-0.05306046348400114
2023-11-11 16:00:00,0.008873608649697218,1185.2204667155331,0.0,2035.5496257833163,-0.007904829087185372
2023-11-12 16:00:00,-0.009276496710420634,1174.2257729549233,-0.00927649671042062,1996.8912853665784,0.009715101395109005
2023-11-13 16:00:00,-0.011018762454561903,1161.2872580947087,-0.020193043651319825,1974.5491074901543,0.00016971737914250884
2023-11-14 16:00:00,0.008567973364405068,1171.2371363904872,-0.011798083747065508,2066.5400400002873,-0.03802035009697629
2023-11-15 16:00:00,0.007540037333975125,1180.0683081258096,-0.0043470044050126005,2085.759371741129,-0.0017602091499204463
2023-11-16 16:00:00,-0.008964295391235444,1169.4898272299345,-0.013272331964694462,1960.0083088161039,0.051326006850126386
2023-11-17 16:00:00,0.007045975294068363,1177.730023659261,-0.006319873193743932,2036.790306067214,-0.03212834703188573
2023-11-18 16:00:00,-0.0023409859356705587,1174.9729742378577,-0.008646064395152711,2052.833092850688,-0.01021748983284925
2023-11-19 16:00:00,0.001230633919180546,1176.4189358340752,-0.00742607061608426,2087.613735864851,-0.01571211857993485
2023-11-20 16:00:00,-0.0013673032156044096,1174.8104144402114,-0.008783220141455984,2051.8644359116424,0.015757176921233986
2023-11-21 16:00:00,-0.01934431616437815,1152.0845103500758,-0.027957630918476497,1985.8794060845778,0.012814255655571323
2023-11-22 16:00:00,-0.00012996646042306992,1151.9347780041574,-0.028083963824567272,2024.5012360677554,-0.01957819169748587
2023-11-23 16:00:00,0.0,1151.9347780041574,-0.028083963824567272,2085.6485609422234,-0.03020364906925718
2023-11-24 16:00:00,-0.0021807159111243424,1149.4227355051862,-0.030203436588931928,2067.2564098968483,0.00663771658503211
2023-11-25 16:00:00,-0.0010521439695975188,1148.2133773055061,-0.031223802194861296,2045.4494845268462,0.009496583931597104
2023-11-26 16:00:00,-0.002748351449767261,1145.0576834053463,-0.03388633966259911,1976.2134564343087,0.031100457145255743
2023-11-27 16:00:00,0.0030351924609282044,1148.5331538533462,-0.030953998764343214,2019.337367166005,-0.018786291747313704
2023-11-28 16:00:00,0.0012091292723948044,1149.9218789099862,-0.029782296877952103,2050.25336662331,-0.014100843176980158
2023-11-29 16:00:00,-0.0008458802296743562,1148.9491827269462,-0.030602984851503107,2036.6851688740053,0.005771934899999704
2023-11-30 16:00:00,0.0031364820653312364,1152.5528412325461,-0.027562488499304316,2077.804733943319,-0.017052973672713412
2023-12-01 16:00:00,0.0015400366745021987,1154.327814877346,-0.026064899067931486,2097.10748213467,-0.007749935513941986
2023-12-02 16:00:00,0.0037535356083058247,1158.6606254341461,-0.02240919898640398,2120.4908561209395,-0.007396762688502154
2023-12-03 16:00:00,0.009044092299483442,1169.1396590743498,-0.013567777550911073,2128.3147674319944,0.005354422387222089
2023-12-04 16:00:00,0.004888257723320022,1174.8547150424597,-0.008745842620992574,2158.595959302244,-0.00933952114361252
2023-12-05 16:00:00,0.007335932758498309,1183.4733702330159,-0.0014740687758782684,2270.261164128707,-0.04439454711442746
2023-12-06 16:00:00,0.00470538557364808,1189.042068756107,0.0,2313.061068663396,-0.014147028946297553
2023-12-07 16:00:00,0.03076471900588773,1225.6226138875681,0.0,2451.678380619791,-0.02916336237265349
2023-12-08 16:00:00,0.018947133777701186,1248.8446495138717,0.0,2600.738819864505,-0.04185221103971764
2023-12-09 16:00:00,-0.006557974242416331,1240.6547584695802,-0.006557974242416371,2568.578407287674,0.0058079013046354235
2023-12-10 16:00:00,-0.029151111895007076,1204.4882927823605,-0.03551791389647816,2486.7665675389844,0.002699907142048548
2023-12-11 16:00:00,0.004315536694696087,1209.6863062081945,-0.03135565606252148,2533.4961468574866,-0.014475764398251982
2023-12-12 16:00:00,0.002834967213632522,1213.115727225075,-0.028609581105788113,2572.625394887935,-0.012609795976153035
2023-12-13 16:00:00,-0.0015883517991993612,1211.1888726771,-0.030152490825363705,2611.9540202933126,-0.016875702022643532
2023-12-14 16:00:00,0.0045387839990798096,1216.6861973522705,-0.025750562469174423,2626.796639799504,-0.0011437890442714026
2023-12-15 16:00:00,0.009446451544387724,1228.179564560284,-0.01654736236539253,2687.8395548536782,-0.013792087034995255
2023-12-16 16:00:00,-0.005903844619402299,1220.928583246395,-0.02235351392852857,2600.1577832967814,0.02671780922841089
2023-12-17 16:00:00,-0.006213274156127491,1213.3426192336328,-0.02842789957426526,2510.3130357648784,0.02834030105729192
2023-12-18 16:00:00,-1.3448561866802322e-05,1213.3263015203524,-0.02844096582176589,2584.688081809988,-0.02964124596620445
2023-12-19 16:00:00,0.0,1213.3263015203524,-0.02844096582176589,2711.656818058042,-0.049123426978137
2023-12-20 16:00:00,0.005323315431044362,1219.7852201441276,-0.023269050622954434,2762.085964509126,-0.013273855905407417
2023-12-21 16:00:00,0.007055960018079954,1228.3919758881095,-0.016377276095728643,2837.699159392888,-0.02031943519240198
2023-12-22 16:00:00,0.0003165654816688068,1228.7808423856345,-0.016065895094355607,2819.170531080786,0.006846020251661414
2023-12-23 16:00:00,0.013255966772150352,1245.0695204025535,-0.0030228972937408035,2924.0312108631624,-0.02393961207854637
2023-12-24 16:00:00,-2.48226727730394e-05,1245.0386144492688,-0.0030476449301235224,2970.825652439461,-0.016028222842528823
2023-12-25 16:00:00,-0.007431184146839853,1235.78650323537,-0.010456181466273428,2902.219044654278,0.01566226387453678
2023-12-26 16:00:00,0.004412829095918003,1241.2398178731898,-0.006089493712161956,2942.229533110366,-0.00937334205122006
2023-12-27 16:00:00,0.007017740493714175,1249.9505168054889,0.0,2898.0115795331285,0.022046463806980846
2023-12-28 16:00:00,-0.006982877010433208,1241.2222660775087,-0.006982877010433195,2878.6803854060877,-0.0003123742893381366
2023-12-29 16:00:00,0.002747983112644903,1244.6331239037286,-0.004254082725890622,2886.193331156357,0.000138125558344217
2023-12-30 16:00:00,-0.001152942817413627,1243.1981330832086,-0.005402120829180793,2857.8497075038085,0.008667474736247707
2023-12-31 16:00:00,-0.0013510086187104031,1241.5185616906485,-0.0067458311360916534,2885.7404314395385,-0.01111034755892737
2024-01-01 16:00:00,-0.0015498177387536227,1239.5944342007485,-0.008285194066087886,2943.9675134619997,-0.02172733661331692
2024-01-02 16:00:00,-0.0043110528044000285,1234.2504771388687,-0.012560528961374298,2776.9782366569452,0.05241147420768693
2024-01-03 16:00:00,-0.00020483762561418484,1233.9976562017184,-0.01276279371805959,2840.2370337633233,-0.022984561381221322
2024-01-04 16:00:00,0.0,1233.9976562017184,-0.01276279371805959,2716.4720262508267,0.04357559106554835
2024-01-05 16:00:00,0.0,1233.9976562017184,-0.01276279371805959,2692.752366800974,0.008731788592202075
2024-01-06 16:00:00,0.0,1233.9976562017184,-0.01276279371805959,2671.618292614273,0.007848502687162608
2024-01-07 16:00:00,0.0,1233.9976562017184,-0.01276279371805959,2675.8084307611225,-0.001568389525716791
2024-01-08 16:00:00,0.0,1233.9976562017184,-0.01276279371805959,2720.386018975604,-0.016659484177573205
2024-01-09 16:00:00,-0.004029751431897988,1229.0249523796808,-0.016741114263697184,2709.455762560103,-1.1845024770711435e-05
2024-01-10 16:00:00,0.011127330935750468,1242.7007197531045,-0.005800067246592063,2920.190627553545,-0.06665023159375306
2024-01-11 16:00:00,-0.005240343083261267,1236.1885416317825,-0.011010015987575212,2836.2481059908273,0.023505219199788176
2024-01-12 16:00:00,-0.007755280753148797,1226.6015524276024,-0.01867991097564375,2763.1095843792177,0.018031786836997195
2024-01-13 16:00:00,-0.0013248982259326247,1224.976430206865,-0.019980060220664113,2798.619286526182,-0.014176253216596784
2024-01-14 16:00:00,-0.001067514174837636,1223.6687505037771,-0.02102624539800209,2735.5975408146337,0.02145135647504421
2024-01-15 16:00:00,0.002060567398710411,1226.190202437886,-0.019009003995076008,2791.8273546804376,-0.018494288725724832
2024-01-16 16:00:00,-0.0009518499371030664,1225.023053370819,-0.019942760212921996,2768.7948048435637,0.007298140807582574
2024-01-17 16:00:00,-0.0006426071839170655,1224.235844756259,-0.020572552035859084,2752.466883236546,0.005254515123035557
2024-01-18 16:00:00,-0.0029259124472524878,1220.653837859714,-0.023438270997038064,2624.83195555284,0.04344519140182409
2024-01-19 16:00:00,3.889242082788513e-05,1220.7013120424613,-0.023400290147309256,2654.1402758025674,-0.01112689675959003
2024-01-20 16:00:00,0.00018116734192230588,1220.9224632544451,-0.02322336217375311,2678.963443261587,-0.009171453423953979
2024-01-21 16:00:00,-0.004140659552890336,1215.8670389936321,-0.027267861690208502,2568.861207368915,0.03695816027968814
2024-01-22 16:00:00,-7.951472662126591e-05,1215.7703596584188,-0.02734520822026191,2442.8812603917067,0.048961650524279775
2024-01-23 16:00:00,0.0,1215.7703596584188,-0.02734520822026191,2497.658106892433,-0.02242304912189741
2024-01-24 16:00:00,0.0,1215.7703596584188,-0.02734520822026191,2459.719023938109,0.01518986239534903
2024-01-25 16:00:00,0.0,1215.7703596584188,-0.02734520822026191,2573.779090947082,-0.04637117731697587
2024-01-26 16:00:00,0.0,1215.7703596584188,-0.02734520822026191,2593.1811016878055,-0.007538335674948739
2024-01-27 16:00:00,0.0,1215.7703596584188,-0.02734520822026191,2654.509701650454,-0.023649948676061325
2024-01-28 16:00:00,0.0,1215.7703596584188,-0.02734520822026191,2679.4762197682116,-0.009405321857454432
2024-01-29 16:00:00,0.0,1215.7703596584188,-0.02734520822026191,2737.4033223662705,-0.021618815711329557
2024-01-30 16:00:00,0.0,1215.7703596584188,-0.02734520822026191,2684.553179890411,0.019306669953982208
2024-01-31 16:00:00,0.0,1215.7703596584188,-0.02734520822026191,2604.9345602810263,0.029658052671780104
2024-02-01 16:00:00,0.0,1215.7703596584188,-0.02734520822026191,2695.9011616415087,-0.03492087776311311
2024-02-02 16:00:00,0.0,1215.7703596584188,-0.02734520822026191,2681.6118192306326,0.0053003955093723675
2024-02-03 16:00:00,0.0,1215.7703596584188,-0.02734520822026191,2670.110038098526,0.0042891297874001
2024-02-04 16:00:00,0.0,1215.7703596584188,-0.02734520822026191,2626.90941201368,0.016179342974048532
2024-02-05 16:00:00,0.0,1215.7703596584188,-0.02734520822026191,2640.9641771270326,-0.005350304448670827
2024-02-06 16:00:00,0.0,1215.7703596584188,-0.02734520822026191,2636.731436636195,0.0016027254468259367
2024-02-07 16:00:00,0.0,1215.7703596584188,-0.02734520822026191,2791.2510136587794,-0.05860269835433533
2024-02-08 16:00:00,0.0,1215.7703596584188,-0.02734520822026191,2847.143199308104,-0.020024062821946385
2024-02-09 16:00:00,0.0,1215.7703596584188,-0.02734520822026191,2874.476364786189,-0.009600207493858148
2024-02-10 16:00:00,0.0,1215.7703596584188,-0.02734520822026191,2899.924466130904,-0.008853125966338518
2024-02-11 16:00:00,0.0,1215.7703596584188,-0.02734520822026191,2937.1399486129276,-0.012833259250947518
2024-02-12 16:00:00,-0.004462725978251814,1210.3447096907826,-0.03168590002740849,2918.773015807868,0.001790613367642492
2024-02-13 16:00:00,0.010314397963287147,1222.8286866992926,-0.021698323046828942,3060.280116721543,-0.0381673099829226
2024-02-14 16:00:00,0.004551769709684406,1228.3947212755436,-0.01724531910674003,3134.7864365188275,-0.01979447212294321
2024-02-15 16:00:00,-0.004409349300963705,1222.9782998699798,-0.021578627771955534,3090.9654876477525,0.009569577097524104
2024-02-16 16:00:00,-0.004949015732636952,1216.9257610232496,-0.026420850536260393,3031.6809740251883,0.01423091812928396
2024-02-17 16:00:00,0.003942361729788679,1221.7233225715017,-0.022582649356494244,3123.755107915183,-0.02642829226674556
2024-02-18 16:00:00,0.00713357848282703,1230.4385817773657,-0.015610165975201972,3144.448115110888,0.0005091772475087153
2024-02-19 16:00:00,-0.0006302287891507552,1229.6631239598478,-0.016230556788351728,3075.665646551386,0.02124402896341409
2024-02-20 16:00:00,0.0090978217345965,1240.8503798552415,-0.00728039776606891,3043.598459094318,0.01952391843760569
2024-02-21 16:00:00,0.004337065573014831,1246.2320293189741,-0.0029749077555630827,3096.0017383901522,-0.012880474782629974
2024-02-22 16:00:00,-0.008210538088550878,1235.9997937750786,-0.011161020250677002,3003.6246882440696,0.021626993654605298
2024-02-23 16:00:00,0.005540152823943156,1242.8474215229548,-0.005682701184593663,3050.9357137621996,-0.010211157818595367
2024-02-24 16:00:00,0.007541291146788254,1252.2200957796945,0.0,3080.042090679434,-0.001998856417102148
2024-02-25 16:00:00,0.0109849481445905,1265.9756685974487,0.0,3160.7841600577563,-0.015229651202170884
2024-02-26 16:00:00,0.0035743020538672177,1270.5006480298625,0.0,3236.4208020943743,-0.020355405957335777
2024-02-27 16:00:00,0.02629970501653034,1303.9144402963586,0.0,3394.2681499199125,-0.022472490404841068
2024-02-28 16:00:00,0.004888045695285337,1310.2880336632697,0.0,3603.1864873388163,-0.05666228804126223
2024-02-29 16:00:00,-0.00826956894460773,1299.452516431597,-0.00826956894460768,3520.30760833908,0.014731982401947081
2024-03-01 16:00:00,0.0074028361644979945,1309.0721505142847,-0.0009279510441576349,3602.702159501715,-0.016002661402661805
2024-03-02 16:00:00,0.0017042346745079762,1311.3031166646238,0.0,3613.203769500887,-0.0012106912711395807
2024-03-03 16:00:00,0.028347898276635863,1348.4758040256681,0.0,3776.2444682418436,-0.01677568432260368
2024-03-04 16:00:00,0.004123403729878294,1354.0361141856383,0.0,3804.8257799225216,-0.003445309556839907
2024-03-05 16:00:00,-0.016912013002297166,1331.136637816951,-0.016912013002297114,3652.420826767166,0.023143685200646393
2024-03-06 16:00:00,-0.0005341085696125569,1330.4256663313677,-0.01743708872083575,3867.1369468075945,-0.05932145269678914
2024-03-07 16:00:00,0.005473246740386628,1337.7074142729425,-0.01205927946945228,3859.9149015648395,0.007340789923391013
2024-03-08 16:00:00,0.0035580484874915275,1342.4670421150024,-0.008544138483037382,3917.267289668969,-0.011300410718663232
2024-03-09 16:00:00,0.007192326812378358,1352.1225038167404,-0.0014132639069592634,3903.5170338019007,0.010702492152214067
2024-03-10 16:00:00,0.0004847917619414943,1352.7780016677264,-0.0009291572837173831,4130.865697370223,-0.057757214510769046
2024-03-11 16:00:00,0.016801245145949606,1375.5063565017936,0.0,4254.812225436439,-0.013203731327897681
2024-03-12 16:00:00,0.010617514775440373,1390.1108155656634,0.0,4308.235236400168,-0.0019383885484128994
2024-03-13 16:00:00,-0.0027881803583373888,1386.2349358937909,-0.0027881803583373905,4314.432756896244,-0.0042267091656119325
2024-03-14 16:00:00,-0.0033257513194423494,1381.624663226685,-0.006104658883274149,4286.262759197706,0.003203495811251963
2024-03-15 16:00:00,0.009117542560784342,1394.2216848966837,0.0,4351.570707929769,-0.006119028877100727
2024-03-16 16:00:00,-0.003001396295098213,1390.0370730970892,-0.0030013962950981806,4279.077149726746,0.01365777416740169
2024-03-17 16:00:00,0.011720384035043274,1406.3288414167346,0.0,4278.666750031451,0.011816292494025256
2024-03-18 16:00:00,-0.011593107672367098,1390.025119735435,-0.011593107672367129,4069.571598370736,0.03727612283248075
2024-03-19 16:00:00,-0.009598402512817406,1376.6830991332872,-0.02108023487137067,3895.855197248815,0.03308825305345126
2024-03-20 16:00:00,0.00269248058277749,1380.3897916463416,-0.01844451241166471,4153.107209826367,-0.06333975099482798
2024-03-21 16:00:00,-0.0014130418273844425,1378.4392431326507,-0.01983149137152579,4003.1305206476127,0.034698881511340075
2024-03-22 16:00:00,0.0015922450962462253,1380.634056258002,-0.01827082287016723,4086.113221716153,-0.019137206676691627
2024-03-23 16:00:00,-0.0016430413805444966,1378.365617372181,-0.019883844532679405,4084.6387488790033,-0.0012821916543760573
2024-03-24 16:00:00,0.006424403507431009,1387.2207942789494,-0.013587182865805252,4327.84212414917,-0.05311657189386043
2024-03-25 16:00:00,-0.0022578505209356337,1384.0886570859338,-0.01581435555882932,4288.059986160196,0.00693429116255855
2024-03-26 16:00:00,-0.004477844394249697,1377.890923451657,-0.02022138572969121,4137.147981434188,0.03071569422533081
2024-03-27 16:00:00,0.001784708356958653,1380.3500568977186,-0.018472766648833717,4250.2414196742375,-0.025551378905949322
2024-03-28 16:00:00,-0.0021467604871799884,1377.386775937094,-0.020579870530483053,4211.279202364578,0.007020299324835579
2024-03-29 16:00:00,0.0008784044360423682,1378.5966785912233,-0.01971954354400777,4274.615353394881,-0.014161242185996237
2024-03-30 16:00:00,-0.0007310874580274129,1377.588803849827,-0.020436214291072164,4274.09139950847,-0.0006085141167803915
2024-03-31 16:00:00,-0.002570757134172097,1374.0473576043744,-0.02295443488156003,4090.4500326160587,0.040395419703677105
2024-04-01 16:00:00,-0.006005442758402091,1365.7955948509477,-0.02882202609522939,3876.741759095993,0.04624022014323908
2024-04-02 16:00:00,-7.22363484595423e-05,1365.6969347644335,-0.028892180445768637,3933.1511713179966,-0.014622963667257603
2024-04-03 16:00:00,0.0,1365.6969347644335,-0.028892180445768637,4016.758595260021,-0.021257109198273616
2024-04-04 16:00:00,0.0,1365.6969347644335,-0.028892180445768637,3931.544993251268,0.02121451911730757
2024-04-05 16:00:00,0.0,1365.6969347644335,-0.028892180445768637,3984.6434091628767,-0.013505737821328547
2024-04-06 16:00:00,0.0,1365.6969347644335,-0.028892180445768637,4023.758644254572,-0.009816495750096164
2024-04-07 16:00:00,0.0,1365.6969347644335,-0.028892180445768637,4143.308593092286,-0.029711013857259255
2024-04-08 16:00:00,0.0,1365.6969347644335,-0.028892180445768637,4048.4508111085615,0.022894211196788774
2024-04-09 16:00:00,0.0,1365.6969347644335,-0.028892180445768637,3977.4390106135706,0.017540487413146098
2024-04-10 16:00:00,0.0,1365.6969347644335,-0.028892180445768637,4024.829621502308,-0.011914855454044042
2024-04-11 16:00:00,0.0,1365.6969347644335,-0.028892180445768637,3942.0936550741703,0.020556389762718737
2024-04-12 16:00:00,0.0,1365.6969347644335,-0.028892180445768637,3638.022462854454,0.07713444144796591
2024-04-13 16:00:00,0.0,1365.6969347644335,-0.028892180445768637,3357.2562916314873,0.07717549138019135
2024-04-14 16:00:00,0.0,1365.6969347644335,-0.028892180445768637,3453.13167523524,-0.02855765996856961
2024-04-15 16:00:00,0.0,1365.6969347644335,-0.028892180445768637,3230.331271219646,0.06452125924228354
2024-04-16 16:00:00,0.0,1365.6969347644335,-0.028892180445768637,3182.6468398913635,0.014761467888176973
2024-04-17 16:00:00,0.0,1365.6969347644335,-0.028892180445768637,3368.80438506879,-0.058491423818729675
2024-04-18 16:00:00,0.0,1365.6969347644335,-0.028892180445768637,3435.77813522225,-0.019880569631855267
2024-04-19 16:00:00,0.0,1365.6969347644335,-0.028892180445768637,3508.936920889802,-0.021293221735582155
2024-04-20 16:00:00,0.0,1365.6969347644335,-0.028892180445768637,3555.594669619776,-0.013296833138323447
2024-04-21 16:00:00,0.0,1365.6969347644335,-0.028892180445768637,3649.692820968341,-0.02646481393184993
2024-04-22 16:00:00,0.0,1365.6969347644335,-0.028892180445768637,3679.784047118298,-0.00824486542458466
2024-04-23 16:00:00,0.0,1365.6969347644335,-0.028892180445768637,3553.746670161306,0.03425129718024985
2024-04-24 16:00:00,0.0,1365.6969347644335,-0.028892180445768637,3524.1113057361076,0.008339188798692063
2024-04-25 16:00:00,0.0,1365.6969347644335,-0.028892180445768637,3466.312252089423,0.016401029545408168
2024-04-26 16:00:00,0.0,1365.6969347644335,-0.028892180445768637,3409.8234682806888,0.016296507556318396
2024-04-27 16:00:00,0.0,1365.6969347644335,-0.028892180445768637,3494.248272832508,-0.02475928895943353
2024-04-28 16:00:00,0.0,1365.6969347644335,-0.028892180445768637,3426.4510600936574,0.01940251735000296
2024-04-29 16:00:00,0.0,1365.6969347644335,-0.028892180445768637,3254.365125250304,0.05022279081921261
2024-04-30 16:00:00,0.0,1365.6969347644335,-0.028892180445768637,3175.8853640230495,0.024115229301819197
2024-05-01 16:00:00,0.0,1365.6969347644335,-0.028892180445768637,3346.1750084697965,-0.05361958160575193
2024-05-02 16:00:00,0.0,1365.6969347644335,-0.028892180445768637,3434.3839636523007,-0.02636113023354441
2024-05-03 16:00:00,0.0,1365.6969347644335,-0.028892180445768637,3509.45676483886,-0.021859175322587823
2024-05-04 16:00:00,0.0,1365.6969347644335,-0.028892180445768637,3535.5050550483143,-0.007422314037440647
2024-05-05 16:00:00,0.0,1365.6969347644335,-0.028892180445768637,3563.99567614903,-0.008058430311118763
2024-05-06 16:00:00,0.0,1365.6969347644335,-0.028892180445768637,3530.4470427381184,0.009413208224528877
2024-05-07 16:00:00,0.0,1365.6969347644335,-0.028892180445768637,3435.5188425085576,0.026888436246288196
2024-05-08 16:00:00,0.0,1365.6969347644335,-0.028892180445768637,3430.447359507206,0.0014761912927390311
2024-05-09 16:00:00,0.0,1365.6969347644335,-0.028892180445768637,3381.6946587419984,0.014211761807128005
2024-05-10 16:00:00,0.0,1365.6969347644335,-0.028892180445768637,3372.0960837177645,0.0028383919877037794
2024-05-11 16:00:00,0.0,1365.6969347644335,-0.028892180445768637,3372.2586352667,-4.8204898348177695e-05
2024-05-12 16:00:00,0.0,1365.6969347644335,-0.028892180445768637,3397.1919823366607,-0.007393663940603605
2024-05-13 16:00:00,0.0,1365.6969347644335,-0.028892180445768637,3313.7071651058786,0.02457465390971501
2024-05-14 16:00:00,0.0,1365.6969347644335,-0.028892180445768637,3429.1313823966634,-0.034832352872405145
2024-05-15 16:00:00,0.0,1365.6969347644335,-0.028892180445768637,3472.8700415192784,-0.012755025761668346
2024-05-16 16:00:00,0.0,1365.6969347644335,-0.028892180445768637,3629.1468820036425,-0.04499933444558076
2024-05-17 16:00:00,0.0,1365.6969347644335,-0.028892180445768637,3628.1141161917835,0.00028457536865763737
2024-05-18 16:00:00,0.0,1365.6969347644335,-0.028892180445768637,3571.122818016357,0.015708243001806812
2024-05-19 16:00:00,0.0,1365.6969347644335,-0.028892180445768637,3624.467399252272,-0.014937761582097111
2024-05-20 16:00:00,0.0,1365.6969347644335,-0.028892180445768637,3886.6553293302545,-0.07233833311125148
2024-05-21 16:00:00,-0.000701168467968083,1364.739351136976,-0.02957309062783735,3891.319119180047,-0.0019011178986772434
2024-05-22 16:00:00,0.0018020431147729443,1367.198670288152,-0.027824339497412892,3777.0104714116806,0.031177338295511725
2024-05-23 16:00:00,-0.004182771608104763,1361.4799905074321,-0.03189072824825361,3738.037692069267,0.006135648114953913
2024-05-24 16:00:00,0.0017607560364882868,1363.8772246192761,-0.030186124004036426,3762.1198708621673,-0.00468170944319208
2024-05-25 16:00:00,0.0030638388415162865,1368.055924635124,-0.027214770581718596,3733.6184840349047,0.010639723663264742
2024-05-26 16:00:00,0.004564080651259461,1374.299842210592,-0.02277490033829965,3845.422094636228,-0.02538102784855112
2024-05-27 16:00:00,-0.0035883320714579225,1369.3683980109881,-0.026281508504449446,3750.8689399383834,0.021000166244430955
2024-05-28 16:00:00,-0.00350452969342252,1364.5694057989242,-0.029693933870930177,3713.585570130407,0.006435399001763709
2024-05-29 16:00:00,0.0005416145477681322,1365.3084764405442,-0.029168401989727054,3717.161866244446,-0.0004214159375948949
2024-05-30 16:00:00,-0.00112067117631387,1363.7784145842202,-0.030256384978671943,3657.485565827278,0.014933593492407908
2024-05-31 16:00:00,0.0018774267923344912,1366.338808718568,-0.028435762334135563,3692.536589352803,-0.007705939401373683
2024-06-01 16:00:00,1.2205974264656305e-05,1366.3554862149042,-0.028423903446054086,3692.3919421749324,5.1378823164178424e-05
2024-06-02 16:00:00,-0.0001119193811235375,1366.2025645544923,-0.028532641641494844,3728.687542535899,-0.0099417535182837
2024-06-03 16:00:00,0.0004770291968647644,1366.8542830666163,-0.028069223347756737,3797.5664536123745,-0.0179956667023554
2024-06-04 16:00:00,0.010057820760055014,1380.6018584508138,-0.018293717805007437,3872.6697747874277,-0.009718876262221645
2024-06-05 16:00:00,0.0006898521502387567,1381.5542696114896,-0.017616485615332363,3870.089867761536,0.0013560352166825146
2024-06-06 16:00:00,-0.0021715967058201224,1378.5540909106896,-0.01974982641902208,3862.142995509092,-0.00011818902693312098
2024-06-07 16:00:00,-0.007420935696013098,1368.3239296485656,-0.027024199923172218,3649.0065495778363,0.047765121935486064
2024-06-08 16:00:00,-0.0002366172365876329,1368.0001606215753,-0.027254422768253093,3653.967358510761,-0.0015961129967415927
2024-06-09 16:00:00,0.0,1368.0001606215753,-0.027254422768253093,3668.875941915557,-0.004080108534650969
2024-06-10 16:00:00,0.0,1368.0001606215753,-0.027254422768253093,3422.4879933776733,0.06715624960849505
2024-06-11 16:00:00,0.0,1368.0001606215753,-0.027254422768253093,3617.2543267542437,-0.05690782078810292
2024-06-12 16:00:00,0.0,1368.0001606215753,-0.027254422768253093,3430.1686361039006,0.051720358523481114
2024-06-13 16:00:00,0.0,1368.0001606215753,-0.027254422768253093,3402.169195799034,0.008162700810147219
2024-06-14 16:00:00,0.0,1368.0001606215753,-0.027254422768253093,3427.606271522557,-0.007476722720002564
2024-06-15 16:00:00,0.0,1368.0001606215753,-0.027254422768253093,3458.250120486792,-0.008940306014384542
2024-06-16 16:00:00,0.0,1368.0001606215753,-0.027254422768253093,3364.152140579981,0.02720970913855287
2024-06-17 16:00:00,0.0,1368.0001606215753,-0.027254422768253093,3234.8481814849106,0.03843582385449957
2024-06-18 16:00:00,0.0,1368.0001606215753,-0.027254422768253093,3295.0067671543143,-0.01859703525306974
2024-06-19 16:00:00,0.0,1368.0001606215753,-0.027254422768253093,3281.9843456087197,0.003952168376528501
2024-06-20 16:00:00,0.0,1368.0001606215753,-0.027254422768253093,3249.7282675613287,0.009828224223722728
2024-06-21 16:00:00,0.0,1368.0001606215753,-0.027254422768253093,3253.9946777787754,-0.0013128513728467097
2024-06-22 16:00:00,0.0,1368.0001606215753,-0.027254422768253093,3205.0561472901163,0.015039523826776884
2024-06-23 16:00:00,0.0,1368.0001606215753,-0.027254422768253093,3082.840411324616,0.038132166910346946
2024-06-24 16:00:00,0.0,1368.0001606215753,-0.027254422768253093,3229.890544911753,-0.04769956078393088
2024-06-25 16:00:00,0.0,1368.0001606215753,-0.027254422768253093,3198.5360011048538,0.00970761806659169
2024-06-26 16:00:00,0.0,1368.0001606215753,-0.027254422768253093,3285.895166095417,-0.027312234397357766
2024-06-27 16:00:00,0.0,1368.0001606215753,-0.027254422768253093,3276.782947469213,0.0027731312673106023
2024-06-28 16:00:00,0.0,1368.0001606215753,-0.027254422768253093,3260.7964778905825,0.004878708731982817
2024-06-29 16:00:00,0.0,1368.0001606215753,-0.027254422768253093,3272.2768008246235,-0.00352071127771452
2024-06-30 16:00:00,0.0,1368.0001606215753,-0.027254422768253093,3364.680037012537,-0.028238208994002884
2024-07-01 16:00:00,0.0,1368.0001606215753,-0.027254422768253093,3334.6979154754836,0.008910838833779331
2024-07-02 16:00:00,0.0,1368.0001606215753,-0.027254422768253093,3228.5349175777114,0.03183586657283007
2024-07-03 16:00:00,0.0,1368.0001606215753,-0.027254422768253093,3069.673452088072,0.049205435141717255
2024-07-04 16:00:00,0.0,1368.0001606215753,-0.027254422768253093,2943.748900959154,0.04102213251486418
2024-07-05 16:00:00,0.0,1368.0001606215753,-0.027254422768253093,3032.3622176782205,-0.030102199508318606
2024-07-06 16:00:00,0.0,1368.0001606215753,-0.027254422768253093,2972.654919981139,0.01969002823903971
2024-07-07 16:00:00,0.0,1368.0001606215753,-0.027254422768253093,2971.078723216664,0.0005302320003173211
2024-07-08 16:00:00,0.0,1368.0001606215753,-0.027254422768253093,3038.005826687438,-0.022526196612627843
2024-07-09 16:00:00,0.0,1368.0001606215753,-0.027254422768253093,3084.069275116801,-0.015162396340624789
2024-07-10 16:00:00,0.0,1368.0001606215753,-0.027254422768253093,3069.052539565803,0.004869130428475588
2024-07-11 16:00:00,0.0,1368.0001606215753,-0.027254422768253093,3131.465467617022,-0.02033622013523725
2024-07-12 16:00:00,0.0,1368.0001606215753,-0.027254422768253093,3254.958022819046,-0.03943602651189369
2024-07-13 16:00:00,0.0,1368.0001606215753,-0.027254422768253093,3274.9006835498017,-0.006126856503508383
2024-07-14 16:00:00,0.0,1368.0001606215753,-0.027254422768253093,3400.4484427263124,-0.03833635621597661
2024-07-15 16:00:00,0.0,1368.0001606215753,-0.027254422768253093,3555.3175482987867,-0.045543729946485687
2024-07-16 16:00:00,0.0030113025087343814,1372.119622937204,-0.024325191571174954,3543.5835484138843,0.0063117109041861885
2024-07-17 16:00:00,-0.006898436646170847,1362.654142647404,-0.031055822424386058,3437.4580066377366,0.023050212885078407
2024-07-18 16:00:00,-4.500276845953444e-05,1362.592819438532,-0.031099427594859685,3546.860481858477,-0.03187156617941146
2024-07-19 16:00:00,-6.200144327805912e-05,1362.5083367171264,-0.031159500828741728,3608.3338755673594,-0.0173937781013414
2024-07-20 16:00:00,0.0,1362.5083367171264,-0.031159500828741728,3671.471137429361,-0.017497621905088807
2024-07-21 16:00:00,0.0,1362.5083367171264,-0.031159500828741728,3706.7129588979374,-0.009598828412212854
2024-07-22 16:00:00,-0.0018285158544982805,1360.0169686215531,-0.03293104104195638,3634.3884660455974,0.017683243932222235
2024-07-23 16:00:00,0.0006550419431472498,1360.9078367793923,-0.03229757031192309,3623.60961433084,0.003620837101110941
2024-07-24 16:00:00,-0.003836246809543087,1355.6870584324652,-0.036009915670401044,3465.5300312125596,0.0397886465821455
2024-07-25 16:00:00,0.005785010992531037,1363.529722967929,-0.030433222435863386,3584.544731974241,-0.028557412731911293
2024-07-26 16:00:00,0.0005237014835517417,1364.2438055067141,-0.029925458876050654,3627.9716008398523,-0.011591329046892434
2024-07-27 16:00:00,0.000813061707314322,1365.3530199044123,-0.029136728413422294,3574.495210750584,0.015553086154277482
2024-07-28 16:00:00,0.0014532490494054695,1367.3372178826914,-0.027725822286886328,3598.1444672095454,-0.005162861775931203
2024-07-29 16:00:00,-0.0030806187089742476,1363.1249732678052,-0.03072102830900191,3552.97506818265,0.009472906986986915
2024-07-30 16:00:00,-0.0004856787931503126,1362.4629323758754,-0.031191786550198792,3585.5669032745636,-0.009658789908896062
2024-07-31 16:00:00,-0.016652729593831794,1339.7742055814008,-0.04732508775706164,3334.8643196974776,0.05326719948297019
2024-08-01 16:00:00,-0.002841643980608044,1335.9670442747365,-0.05003225068691306,3268.4115201587115,0.017085043634915174
2024-08-02 16:00:00,-4.041024405132543e-05,1335.9130575204329,-0.050070639115503676,3150.8468551645774,0.035929559959830985
2024-08-03 16:00:00,0.0,1335.9130575204329,-0.050070639115503676,2988.844315454686,0.05141555497829168
2024-08-04 16:00:00,0.0,1335.9130575204329,-0.050070639115503676,2745.070132000631,0.08156135205622772
2024-08-05 16:00:00,0.0,1335.9130575204329,-0.050070639115503676,2902.585854591372,-0.05738131086506785
2024-08-06 16:00:00,0.0,1335.9130575204329,-0.050070639115503676,2849.057827009882,0.01844149674223015
2024-08-07 16:00:00,0.0,1335.9130575204329,-0.050070639115503676,3080.0884861947247,-0.08109019655361362
2024-08-08 16:00:00,0.0,1335.9130575204329,-0.050070639115503676,3029.291389000187,0.016492090218257087
2024-08-09 16:00:00,0.0,1335.9130575204329,-0.050070639115503676,3092.090284787843,-0.020730556332641998
2024-08-10 16:00:00,0.0,1335.9130575204329,-0.050070639115503676,3044.1196961836295,0.015513967635490464
2024-08-11 16:00:00,0.0,1335.9130575204329,-0.050070639115503676,3058.659796234436,-0.004776454772470018
2024-08-12 16:00:00,0.0,1335.9130575204329,-0.050070639115503676,3031.0354605619696,0.009031516256392758
2024-08-13 16:00:00,0.0,1335.9130575204329,-0.050070639115503676,3049.2835907899594,-0.00602042782587794
2024-08-14 16:00:00,0.0,1335.9130575204329,-0.050070639115503676,3043.766026083238,0.0018094626303000025
2024-08-15 16:00:00,0.0,1335.9130575204329,-0.050070639115503676,2930.6029756965904,0.037178629834523455
2024-08-16 16:00:00,0.0,1335.9130575204329,-0.050070639115503676,3000.661142384831,-0.02390571744764815
2024-08-17 16:00:00,0.0,1335.9130575204329,-0.050070639115503676,3060.570703043988,-0.019965453550527684
2024-08-18 16:00:00,0.0,1335.9130575204329,-0.050070639115503676,3017.7050166776635,0.014005782099296513
2024-08-19 16:00:00,0.0,1335.9130575204329,-0.050070639115503676,3069.2325391094514,-0.01707506934806922
2024-08-20 16:00:00,0.0,1335.9130575204329,-0.050070639115503676,3120.3123434081213,-0.016642533156999356
2024-08-21 16:00:00,0.0,1335.9130575204329,-0.050070639115503676,3200.6365368462884,-0.025742356725235584
2024-08-22 16:00:00,0.0,1335.9130575204329,-0.050070639115503676,3274.751508308244,-0.02315632237798052
2024-08-23 16:00:00,0.0,1335.9130575204329,-0.050070639115503676,3417.4317971661853,-0.04356980628788244
2024-08-24 16:00:00,0.0,1335.9130575204329,-0.050070639115503676,3379.9013646219933,0.010982057513280297
2024-08-25 16:00:00,0.0,1335.9130575204329,-0.050070639115503676,3313.8881408881884,0.01953110952431222
2024-08-26 16:00:00,0.0,1335.9130575204329,-0.050070639115503676,3224.546336018124,0.02695981308714893
2024-08-27 16:00:00,0.0,1335.9130575204329,-0.050070639115503676,3085.421165886618,0.04314565698048124
2024-08-28 16:00:00,0.0,1335.9130575204329,-0.050070639115503676,3152.9099838207812,-0.021873453997250332
2024-08-29 16:00:00,0.0,1335.9130575204329,-0.050070639115503676,2970.5549005883745,0.05783707247214968
2024-08-30 16:00:00,0.0,1335.9130575204329,-0.050070639115503676,3048.1941346874205,-0.026136273086105253
2024-08-31 16:00:00,0.0,1335.9130575204329,-0.050070639115503676,2985.33494780235,0.02062177935773633
2024-09-01 16:00:00,0.0,1335.9130575204329,-0.050070639115503676,2973.75035335135,0.00388050073226406
2024-09-02 16:00:00,0.0,1335.9130575204329,-0.050070639115503676,2923.90281722814,0.016762515409887237
2024-09-03 16:00:00,0.0,1335.9130575204329,-0.050070639115503676,2949.2662661738773,-0.008674518453996265
2024-09-04 16:00:00,0.0,1335.9130575204329,-0.050070639115503676,2878.766349757307,0.02390422228916979
2024-09-05 16:00:00,0.0,1335.9130575204329,-0.050070639115503676,2808.8030010788552,0.024303239713896887
2024-09-06 16:00:00,0.0,1335.9130575204329,-0.050070639115503676,2844.2942681653435,-0.012635726703815171
2024-09-07 16:00:00,0.0,1335.9130575204329,-0.050070639115503676,2828.6650900161744,0.005494923054937674
2024-09-08 16:00:00,0.0,1335.9130575204329,-0.050070639115503676,2904.6589706063337,-0.0268656338491186
2024-09-09 16:00:00,0.0,1335.9130575204329,-0.050070639115503676,2952.654173490566,-0.016523524231215787
2024-09-10 16:00:00,0.0,1335.9130575204329,-0.050070639115503676,2932.9399593643925,0.0066767772207022725
2024-09-11 16:00:00,0.0,1335.9130575204329,-0.050070639115503676,3005.032218981475,-0.024580203009919716
2024-09-12 16:00:00,0.0,1335.9130575204329,-0.050070639115503676,3103.291583885956,-0.03269827334423213
2024-09-13 16:00:00,0.0,1335.9130575204329,-0.050070639115503676,3122.528380365747,-0.0061988362871474734
2024-09-14 16:00:00,0.0,1335.9130575204329,-0.050070639115503676,3108.3219601491314,0.004549652872955342
2024-09-15 16:00:00,0.0,1335.9130575204329,-0.050070639115503676,2973.1758049178684,0.04347881492455795
2024-09-16 16:00:00,0.0,1335.9130575204329,-0.050070639115503676,3082.105219974172,-0.03663739455841324
2024-09-17 16:00:00,0.0,1335.9130575204329,-0.050070639115503676,2959.1279351300823,0.03990041743127785
2024-09-18 16:00:00,0.0,1335.9130575204329,-0.050070639115503676,3194.3613298149608,-0.0794941617401
2024-09-19 16:00:00,0.0,1335.9130575204329,-0.050070639115503676,3248.6535107508194,-0.016996255379476275
2024-09-20 16:00:00,0.0,1335.9130575204329,-0.050070639115503676,3272.751407416986,-0.007417810667225323
2024-09-21 16:00:00,0.0,1335.9130575204329,-0.050070639115503676,3234.0686474522076,0.011819645047623308
2024-09-22 16:00:00,0.0,1335.9130575204329,-0.050070639115503676,3301.8208635730316,-0.02094952937198751
2024-09-23 16:00:00,0.0012588401462318988,1337.594758509115,-0.04887482989993779,3305.600935875511,0.00011399538975748994
2024-09-24 16:00:00,-0.0030745732683146176,1333.4822254207652,-0.05179913392274865,3337.3648300133045,-0.012683686634983269
2024-09-25 16:00:00,0.0018895189533216783,1336.0018653596153,-0.050007490414739654,3441.9733756057853,-0.029455134963961856
2024-09-26 16:00:00,0.005379909221434831,1343.1894341149175,-0.04489661695212798,3481.7433928942028,-0.0061745140551303646
2024-09-27 16:00:00,-0.005881238717453163,1335.2898164101268,-0.05051380794767964,3473.2390705262083,-0.0034386915770319637
2024-09-28 16:00:00,-0.0029807242925541377,1331.309685616753,-0.05334396450577466,3493.2967504114818,-0.008755644900663748
2024-09-29 16:00:00,-0.029009710953762702,1292.6887764470664,-0.08080618246809705,3357.3444235526595,0.009908347422700192
2024-09-30 16:00:00,-0.013273743137933725,1275.5299576712182,-0.09300732509599226,3274.3768279471337,0.011438524993833212
2024-10-01 16:00:00,-0.0007964906498281188,1274.5140099863575,-0.09372973628101587,3191.8325996039493,0.024412650716755215
2024-10-02 16:00:00,0.0,1274.5140099863575,-0.09372973628101587,3019.4397103186275,0.054010629914210684
2024-10-03 16:00:00,0.0,1274.5140099863575,-0.09372973628101587,3122.9049759382906,-0.03426637904578148
2024-10-04 16:00:00,0.0,1274.5140099863575,-0.09372973628101587,3135.028340437671,-0.0038820792155989264
2024-10-05 16:00:00,0.0,1274.5140099863575,-0.09372973628101587,3183.762473298231,-0.015545037418627037
2024-10-06 16:00:00,0.0,1274.5140099863575,-0.09372973628101587,3224.2574106719844,-0.01271920807955329
2024-10-07 16:00:00,0.0,1274.5140099863575,-0.09372973628101587,3142.7885135379393,0.025267491629046544
2024-10-08 16:00:00,0.0,1274.5140099863575,-0.09372973628101587,3154.4152919880407,-0.0036995102915827116
2024-10-09 16:00:00,0.0,1274.5140099863575,-0.09372973628101587,3097.423118638349,0.01806742869096759
2024-10-10 16:00:00,0.0,1274.5140099863575,-0.09372973628101587,3173.740674335317,-0.024639047612751788
2024-10-11 16:00:00,0.0,1274.5140099863575,-0.09372973628101587,3242.0477314591626,-0.02152257040917536
2024-10-12 16:00:00,0.0,1274.5140099863575,-0.09372973628101587,3186.4392968674388,0.017152256597621478
2024-10-13 16:00:00,0.0,1274.5140099863575,-0.09372973628101587,3360.2595981157247,-0.05455001180131301
2024-10-14 16:00:00,0.0,1274.5140099863575,-0.09372973628101587,3298.5077071174155,0.018377119146668557
2024-10-15 16:00:00,0.0,1274.5140099863575,-0.09372973628101587,3323.586314190754,-0.007603016060633913
2024-10-16 16:00:00,0.0,1274.5140099863575,-0.09372973628101587,3320.0321674506927,0.001069370975829915
2024-10-17 16:00:00,0.0,1274.5140099863575,-0.09372973628101587,3338.6434361348315,-0.0056057495064662744
2024-10-18 16:00:00,-0.0014012895336475983,1272.7280468436763,-0.09499968331622133,3343.5700049423313,-0.002876909467833398
2024-10-19 16:00:00,0.0009521887048105082,1273.9399241141764,-0.09413795223682513,3385.9546705092844,-0.011724281506461385
2024-10-20 16:00:00,-0.0031294694765706677,1269.9531680066764,-0.09697281986528375,3373.01213946769,0.0006929476261509559
2024-10-21 16:00:00,0.0014265694076536217,1271.7648443453074,-0.09568458891582389,3367.7397643219597,0.0029896752986873698
2024-10-22 16:00:00,-0.002352875644381136,1268.7725398176672,-0.09781233062140239,3283.4879857117094,0.022664431067621775
2024-10-23 16:00:00,0.008352354639755255,1279.3697780274074,-0.09027693925513802,3322.5918326015762,-0.003556885491480033
2024-10-24 16:00:00,-0.0019827504764502457,1276.8331069904675,-0.09208069308726767,3292.8613094195175,0.00696524093505581
2024-10-25 16:00:00,-0.004468251129834511,1271.1278960175473,-0.09613750455617902,3203.403653172754,0.022698898604307627
2024-10-26 16:00:00,0.002059716722892402,1273.7460594019096,-0.09427580385911816,3282.4306718117386,-0.022609986878373567
2024-10-27 16:00:00,0.0016729277211664506,1275.8769444944096,-0.09276059274366288,3267.8566398519083,0.006112939839316061
2024-10-28 16:00:00,0.00932194799022179,1287.7706030129095,-0.0843033541745397,3412.37867603629,-0.03490338136539254
2024-10-29 16:00:00,-0.0050341839021441626,1281.2877289735675,-0.08891313948820162,3380.5529626968623,0.004292364046044066
2024-10-30 16:00:00,-0.005517929794831344,1274.2176732381124,-0.09394045282149904,3285.771649876619,0.022519291886390506
2024-10-31 16:00:00,-0.007098210474885569,1265.1730080026493,-0.10037185419015154,3249.700780176967,0.003879688643882122
2024-11-01 16:00:00,-0.00010512463896672486,1265.0400071469526,-0.10046642727418413,3227.8201585306647,0.0066279942314761186
2024-11-02 16:00:00,-0.0031297314532601206,1261.0807716469524,-0.10328172579000756,3126.2252097102983,0.028345054572803105
2024-11-03 16:00:00,-0.00013187863199493055,1260.9144620399525,-0.10339998376929523,3152.650935850917,-0.008584796885785062
2024-11-04 16:00:00,0.0,1260.9144620399525,-0.10339998376929523,3192.565651357863,-0.012660683443589853
2024-11-05 16:00:00,0.0,1260.9144620399525,-0.10339998376929523,3414.645214719636,-0.06956147112192311
2024-11-06 16:00:00,0.007225353836308068,1270.0250151855091,-0.09692173140238886,3583.629176384734,-0.042262645952558096
2024-11-07 16:00:00,0.008660849734725362,1281.0245110013732,-0.08910030621936894,3722.524227531415,-0.03009735997680566
2024-11-08 16:00:00,-0.00012441150361264253,1280.8651368157948,-0.08921363261991251,3746.2212678790647,-0.006490264053983912
2024-11-09 16:00:00,0.05747311807908018,1354.480450067386,-0.03686790018266032,4174.878081402562,-0.05695066601474706
2024-11-10 16:00:00,0.009923829901983705,1367.922083659417,-0.027309941050932745,4209.837161646815,0.0015501529795411018
2024-11-11 16:00:00,0.0007401470645806985,1368.9345471742126,-0.026590007359054767,4294.069654178445,-0.0192683447837548
2024-11-12 16:00:00,0.02378994041804794,1401.5014184876945,-0.003432641631794238,4438.861170571261,-0.009929008749887523
2024-11-13 16:00:00,-0.020674917976980622,1372.5254916158394,-0.024036590024593168,4241.278648913916,0.02383706698152125
2024-11-14 16:00:00,-0.009353691018020305,1359.6873122529084,-0.0331654502063966,4438.2809282799,-0.05580248527878694
2024-11-15 16:00:00,0.04766970855289787,1424.5032101510776,0.0,4853.228283783847,-0.04582310143575767
2024-11-16 16:00:00,0.010940710687003863,1440.088287646049,0.0,4907.99925028765,-0.00034476019983057174
2024-11-17 16:00:00,0.006538081826359843,1449.503702707861,0.0,5036.893141948342,-0.019723921301113462
2024-11-18 16:00:00,-0.010789952337043496,1433.8636268432751,-0.010789952337043522,4909.790518431872,0.014444377622814301
2024-11-19 16:00:00,0.009929705934602406,1448.1014710081513,-0.0009673874561963674,5053.912366390277,-0.01942426495628513
2024-11-20 16:00:00,0.00874256325770384,1460.761589722014,0.0,5078.678341659449,0.0038422061731862656
2024-11-21 16:00:00,0.03176460401601622,1507.1621031813402,0.0,5585.8249918431775,-0.06809339368856342
2024-11-22 16:00:00,0.0349185268204093,1559.7899835039823,0.0,5976.397926141015,-0.0350036305812601
2024-11-23 16:00:00,-0.053208252797527056,1476.7962837506518,-0.05320825279752708,5485.79756570672,0.02888138823664646
2024-11-24 16:00:00,0.026192957569945552,1515.477946150386,-0.028408976735477987,5756.55984157624,-0.023163999668530035
2024-11-25 16:00:00,-0.0381361949294412,1457.6833837847257,-0.06546176139038905,5407.70621093292,0.022464865468429643
2024-11-26 16:00:00,0.023854487184510775,1492.4556733822926,-0.04316883095404091,5809.741912878455,-0.050490472815854545
2024-11-27 16:00:00,-0.006260222851886654,1483.1125682703569,-0.04915880730389987,5669.276019731989,0.0179174248393292
2024-11-28 16:00:00,0.009831785701088336,1497.6942132121817,-0.039810340461544615,6053.292734138321,-0.05790467889681736
2024-11-29 16:00:00,0.00998688397653047,1512.6515115518528,-0.030221037736269815,6161.055189248406,-0.007815403116301751
2024-11-30 16:00:00,0.0016201918404286086,1515.102297188281,-0.028649809774590845,6169.415428903475,0.0002632425195300905
2024-12-01 16:00:00,0.029465523131458005,1559.7455789726073,-2.8468275758023244e-05,6658.5922094290245,-0.049825097862190026
2024-12-02 16:00:00,-0.0011247867628912944,1557.9911977919007,-0.0011532230179095524,6535.971349228582,0.017290646461387466
2024-12-03 16:00:00,0.0225209659451453,1593.078664500208,0.0,6903.758000089573,-0.03375018813578561
2024-12-04 16:00:00,-0.009563258687449006,1577.843641122137,-0.00956325868744897,6862.687680074188,-0.00361427843425174
2024-12-05 16:00:00,-0.00020819878509314993,1577.5151359929882,-0.009769466413701907,6841.352358774075,0.0029006883295077707
2024-12-06 16:00:00,0.005856868589754649,1586.7544348428482,-0.003969816304924244,7005.80392383961,-0.018181005275143564
2024-12-07 16:00:00,-0.004333784051266498,1579.87778377985,-0.008286396029601949,6939.162690331883,0.005178505220912264
2024-12-08 16:00:00,-0.02008139229607364,1548.1516382239154,-0.028201385956284564,6606.653741301371,0.027836341279158093
2024-12-09 16:00:00,-0.04029881120986778,1485.7629676308823,-0.06736371483764343,5967.180848830413,0.056493440588240726
2024-12-10 16:00:00,-0.00018007389246077476,1485.4954205100269,-0.06753165828376279,6613.276795687798,-0.10845498012125755
2024-12-11 16:00:00,0.0,1485.4954205100269,-0.06753165828376279,6820.4014379939645,-0.03131951810050082
2024-12-12 16:00:00,0.0,1485.4954205100269,-0.06753165828376279,6658.581486800616,0.023725869021713
2024-12-13 16:00:00,0.0,1485.4954205100269,-0.06753165828376279,6690.802880729554,-0.004839077811514428
2024-12-14 16:00:00,0.0,1485.4954205100269,-0.06753165828376279,6691.892865682818,-0.0001629079458316886
2024-12-15 16:00:00,0.0,1485.4954205100269,-0.06753165828376279,6661.957621092937,0.004473359808761036
2024-12-16 16:00:00,4.878303557731556e-05,1485.5678874859755,-0.06748616964747418,6781.617535577337,-0.017912891488669876
2024-12-17 16:00:00,-0.002508276426549494,1481.8416725737554,-0.06982517210557881,6571.586552453234,0.028462355877948813
2024-12-18 16:00:00,-0.004604364670545258,1475.0187331292152,-0.07410803622056636,6168.47873905931,0.05673665399768476
2024-12-19 16:00:00,-0.0045460094223988,1468.313284070195,-0.07831714981203096,5800.069173806805,0.05517853220886369
2024-12-20 16:00:00,-9.640679867795043e-05,1468.1717286870216,-0.07840600630501392,5868.225150772652,-0.011847297162820594
2024-12-21 16:00:00,0.0,1468.1717286870216,-0.07840600630501392,5713.277915774997,0.026404446151363663
2024-12-22 16:00:00,0.0,1468.1717286870216,-0.07840600630501392,5625.981134654864,0.015279631484247904
2024-12-23 16:00:00,0.0,1468.1717286870216,-0.07840600630501392,6083.33417071439,-0.08129302696063588
2024-12-24 16:00:00,0.0,1468.1717286870216,-0.07840600630501392,6040.271908221062,0.007078727106696167
2024-12-25 16:00:00,0.0,1468.1717286870216,-0.07840600630501392,5781.96086334519,0.04276480410166653
2024-12-26 16:00:00,0.0,1468.1717286870216,-0.07840600630501392,5718.58841699511,0.010960372760706525
2024-12-27 16:00:00,0.0,1468.1717286870216,-0.07840600630501392,5814.217810067338,-0.01672255215780622
2024-12-28 16:00:00,0.0,1468.1717286870216,-0.07840600630501392,5819.0331537931415,-0.0008282014680402858
2024-12-29 16:00:00,0.0,1468.1717286870216,-0.07840600630501392,5606.991033676307,0.03643940746043276
2024-12-30 16:00:00,0.0,1468.1717286870216,-0.07840600630501392,5828.881792957384,-0.03957394580236943
2024-12-31 16:00:00,0.0,1468.1717286870216,-0.07840600630501392,5814.701452093706,0.002432772076594631
2025-01-01 16:00:00,0.0,1468.1717286870216,-0.07840600630501392,6126.446388470824,-0.053613231727463385
2025-01-02 16:00:00,0.0,1468.1717286870216,-0.07840600630501392,6404.441076521855,-0.0453761724862526
2025-01-03 16:00:00,0.0,1468.1717286870216,-0.07840600630501392,6353.991884860017,0.00787722005075223
2025-01-04 16:00:00,0.0,1468.1717286870216,-0.07840600630501392,6378.418342654847,-0.003844269592637078
2025-01-05 16:00:00,0.0,1468.1717286870216,-0.07840600630501392,6589.540164289866,-0.03309940024208968
2025-01-06 16:00:00,0.0,1468.1717286870216,-0.07840600630501392,6234.671992714524,0.05385325268953488
2025-01-07 16:00:00,0.0,1468.1717286870216,-0.07840600630501392,5999.6696709521,0.03769281239446679
2025-01-08 16:00:00,0.0,1468.1717286870216,-0.07840600630501392,5904.824605905079,0.015808381169086956
2025-01-09 16:00:00,0.0,1468.1717286870216,-0.07840600630501392,5829.093595365729,0.012825276886906252
2025-01-10 16:00:00,0.0,1468.1717286870216,-0.07840600630501392,5888.965250410699,-0.010271177510783071
2025-01-11 16:00:00,0.0,1468.1717286870216,-0.07840600630501392,6030.510393827514,-0.02403565607845001
2025-01-12 16:00:00,0.0,1468.1717286870216,-0.07840600630501392,5718.3946196755605,0.05175611246295464
2025-01-13 16:00:00,0.0,1468.1717286870216,-0.07840600630501392,5984.778629267658,-0.0465837052720245
2025-01-14 16:00:00,0.0,1468.1717286870216,-0.07840600630501392,6373.556230601889,-0.06496106630126196
2025-01-15 16:00:00,0.010214160307554732,1483.1678700828506,-0.06899269751493374,6586.991215308194,-0.02327342134764744
2025-01-16 16:00:00,-7.964937911997261e-05,1483.049736682868,-0.06906685166853281,6719.325362868788,-0.020169876196646137
2025-01-17 16:00:00,0.0,1483.049736682868,-0.06906685166853281,6756.38535836724,-0.005515433990329737
2025-01-18 16:00:00,0.0,1483.049736682868,-0.06906685166853281,6802.155522772089,-0.006774356697722528
2025-01-19 16:00:00,-0.004921664881771037,1475.750662875916,-0.07364859265195231,6698.849499728668,0.010265583145354513
2025-01-20 16:00:00,-2.411997763418494e-05,1475.7150678029338,-0.07367093622717896,6507.02196829412,0.028611772117317087
2025-01-21 16:00:00,0.0,1475.7150678029338,-0.07367093622717896,6602.810358471692,-0.014720772519949632
2025-01-22 16:00:00,0.0,1475.7150678029338,-0.07367093622717896,6541.850794473922,0.009232366324069208
2025-01-23 16:00:00,0.0,1475.7150678029338,-0.07367093622717896,6645.200498780867,-0.015798236241378043
2025-01-24 16:00:00,0.0,1475.7150678029338,-0.07367093622717896,6584.498810286936,0.009134666215875489
2025-01-25 16:00:00,0.0,1475.7150678029338,-0.07367093622717896,6602.10569879117,-0.002673990688057642
2025-01-26 16:00:00,0.0,1475.7150678029338,-0.07367093622717896,6196.652083930822,0.06141277243328363
2025-01-27 16:00:00,0.0,1475.7150678029338,-0.07367093622717896,6361.26753319209,-0.02656522377432632
2025-01-28 16:00:00,0.0,1475.7150678029338,-0.07367093622717896,6185.13383698685,0.027688459145320032
2025-01-29 16:00:00,0.0,1475.7150678029338,-0.07367093622717896,6445.37346038479,-0.04207501894974656
2025-01-30 16:00:00,0.0,1475.7150678029338,-0.07367093622717896,6539.126017681526,-0.014545713739160042
2025-01-31 16:00:00,0.0,1475.7150678029338,-0.07367093622717896,6234.099044228922,0.046646443672720604
2025-02-01 16:00:00,0.0,1475.7150678029338,-0.07367093622717896,5895.0709005642475,0.0543828613019105
2025-02-02 16:00:00,0.0,1475.7150678029338,-0.07367093622717896,5419.4847387081745,0.0806752233990183
2025-02-03 16:00:00,0.0,1475.7150678029338,-0.07367093622717896,5471.638660610723,-0.009623409681374873
2025-02-04 16:00:00,0.0,1475.7150678029338,-0.07367093622717896,5353.399304040386,0.021609496515462623
2025-02-05 16:00:00,0.0,1475.7150678029338,-0.07367093622717896,5137.637315429589,0.04030373531971606
2025-02-06 16:00:00,0.0,1475.7150678029338,-0.07367093622717896,5274.95711813469,-0.02672820097531917
2025-02-07 16:00:00,0.0,1475.7150678029338,-0.07367093622717896,5118.2831879226005,0.02970146044855269
2025-02-08 16:00:00,0.0,1475.7150678029338,-0.07367093622717896,5241.650499968676,-0.024103260315329975
2025-02-09 16:00:00,0.0,1475.7150678029338,-0.07367093622717896,5244.603498445192,-0.0005633718761931052
2025-02-10 16:00:00,0.0,1475.7150678029338,-0.07367093622717896,5413.730620493119,-0.032247837629301564
2025-02-11 16:00:00,0.0,1475.7150678029338,-0.07367093622717896,5304.9938966936625,0.020085359139933194
2025-02-12 16:00:00,0.0,1475.7150678029338,-0.07367093622717896,5419.218220032078,-0.021531471206706922
2025-02-13 16:00:00,0.0,1475.7150678029338,-0.07367093622717896,5582.313963649599,-0.030095806626616484
2025-02-14 16:00:00,0.0,1475.7150678029338,-0.07367093622717896,5520.7239774901145,0.011033056642915524
2025-02-15 16:00:00,0.0,1475.7150678029338,-0.07367093622717896,5467.152954936199,0.009703622708243178
2025-02-16 16:00:00,0.0,1475.7150678029338,-0.07367093622717896,5439.724923137652,0.00501687661285983
2025-02-17 16:00:00,0.0,1475.7150678029338,-0.07367093622717896,5192.100697968036,0.04552146085849965
2025-02-18 16:00:00,0.0,1475.7150678029338,-0.07367093622717896,5248.179705354526,-0.010800832003978142
2025-02-19 16:00:00,0.0,1475.7150678029338,-0.07367093622717896,5330.549805996067,-0.015694984788249995
2025-02-20 16:00:00,0.0,1475.7150678029338,-0.07367093622717896,5398.275707019363,-0.012705237449824516
2025-02-21 16:00:00,0.0,1475.7150678029338,-0.07367093622717896,5385.278332941392,0.002407689933485692
2025-02-22 16:00:00,0.0,1475.7150678029338,-0.07367093622717896,5263.476213951689,0.022617608869842005
2025-02-23 16:00:00,0.0,1475.7150678029338,-0.07367093622717896,5029.72812399277,0.04440945117968471
2025-02-24 16:00:00,0.0,1475.7150678029338,-0.07367093622717896,4615.67015751795,0.08232213675719026
2025-02-25 16:00:00,0.0,1475.7150678029338,-0.07367093622717896,4724.701391007578,-0.023621972491262015
2025-02-26 16:00:00,0.0,1475.7150678029338,-0.07367093622717896,4645.851234516262,0.01668891850845652
2025-02-27 16:00:00,0.0,1475.7150678029338,-0.07367093622717896,4532.102326371289,0.024483975573707295
2025-02-28 16:00:00,0.0,1475.7150678029338,-0.07367093622717896,4510.881371095223,0.004682364551344139
2025-03-01 16:00:00,0.0,1475.7150678029338,-0.07367093622717896,5040.981713461927,-0.11751591291304551
2025-03-02 16:00:00,0.0,1475.7150678029338,-0.07367093622717896,5156.293807948392,-0.02287492814713532
2025-03-03 16:00:00,0.0,1475.7150678029338,-0.07367093622717896,4673.520663304235,0.09362793561142027
2025-03-04 16:00:00,0.0,1475.7150678029338,-0.07367093622717896,4889.5905518897835,-0.046232787688753864
2025-03-05 16:00:00,0.0,1475.7150678029338,-0.07367093622717896,5074.974472797882,-0.0379139968757609
2025-03-06 16:00:00,0.0,1475.7150678029338,-0.07367093622717896,4892.876592240482,0.03588153625864613
2025-03-07 16:00:00,0.0,1475.7150678029338,-0.07367093622717896,4741.242644911513,0.030990756556060078
2025-03-08 16:00:00,0.0,1475.7150678029338,-0.07367093622717896,4476.545814904215,0.055828576985272056
2025-03-09 16:00:00,0.0,1475.7150678029338,-0.07367093622717896,4257.111720710185,0.04901861910213142
2025-03-10 16:00:00,0.0,1475.7150678029338,-0.07367093622717896,4260.346627182613,-0.0007598829170235101
2025-03-11 16:00:00,0.0,1475.7150678029338,-0.07367093622717896,4296.355056605891,-0.008451995242248727
2025-03-12 16:00:00,0.0,1475.7150678029338,-0.07367093622717896,4341.656480719279,-0.010544152779862663
2025-03-13 16:00:00,0.0,1475.7150678029338,-0.07367093622717896,4496.923461362857,-0.03576215237965018
2025-03-14 16:00:00,0.0,1475.7150678029338,-0.07367093622717896,4545.318116502306,-0.010761725334053649
2025-03-15 16:00:00,0.0,1475.7150678029338,-0.07367093622717896,4414.952327503263,0.02868133443195878
2025-03-16 16:00:00,0.0,1475.7150678029338,-0.07367093622717896,4478.844329302012,-0.014471730849895868
2025-03-17 16:00:00,0.0,1475.7150678029338,-0.07367093622717896,4361.376155199724,0.026227340239037517
2025-03-18 16:00:00,0.0,1475.7150678029338,-0.07367093622717896,4658.272009994621,-0.0680738932460416
2025-03-19 16:00:00,0.0,1475.7150678029338,-0.07367093622717896,4551.032404833375,0.02302132742166117
2025-03-20 16:00:00,0.0,1475.7150678029338,-0.07367093622717896,4483.490069593846,0.014841101805338914
2025-03-21 16:00:00,0.0,1475.7150678029338,-0.07367093622717896,4545.296254539196,-0.01378528422857612
2025-03-22 16:00:00,0.0,1475.7150678029338,-0.07367093622717896,4585.642337942001,-0.008876447462035959
2025-03-23 16:00:00,0.0,1475.7150678029338,-0.07367093622717896,4806.284618107387,-0.04811589389337504
2025-03-24 16:00:00,0.0,1475.7150678029338,-0.07367093622717896,4850.544088032252,-0.009208666036572206
2025-03-25 16:00:00,0.0,1475.7150678029338,-0.07367093622717896,4751.459820815609,0.020427454202738393
2025-03-26 16:00:00,0.0,1475.7150678029338,-0.07367093622717896,4724.328754743403,0.005710048510428127
2025-03-27 16:00:00,0.0,1475.7150678029338,-0.07367093622717896,4467.749601145357,0.05431018180951752
2025-03-28 16:00:00,0.0,1475.7150678029338,-0.07367093622717896,4360.4693935557125,0.02401213522846974
2025-03-29 16:00:00,0.0,1475.7150678029338,-0.07367093622717896,4329.7968708612825,0.007034224971229107
2025-03-30 16:00:00,0.0,1475.7150678029338,-0.07367093622717896,4328.0000064095975,0.00041499971136703195
2025-03-31 16:00:00,0.0,1475.7150678029338,-0.07367093622717896,4464.343245081442,-0.03150259668898452
2025-04-01 16:00:00,0.0,1475.7150678029338,-0.07367093622717896,4460.881291404737,0.000775467630209573
2025-04-02 16:00:00,0.0,1475.7150678029338,-0.07367093622717896,4126.725230746624,0.07490808179584763
2025-04-03 16:00:00,0.0,1475.7150678029338,-0.07367093622717896,4229.503558495736,-0.02490554180427375
2025-04-04 16:00:00,0.0,1475.7150678029338,-0.07367093622717896,4202.5895536042,0.006363395731746142
2025-04-05 16:00:00,0.0,1475.7150678029338,-0.07367093622717896,4120.081698538517,0.019632622699240803
2025-04-06 16:00:00,0.0,1475.7150678029338,-0.07367093622717896,3814.2527438153797,0.07422885687718819
2025-04-07 16:00:00,0.0,1475.7150678029338,-0.07367093622717896,3865.849543309919,-0.013527367733614784
2025-04-08 16:00:00,0.0,1475.7150678029338,-0.07367093622717896,3785.1362232300603,0.020878546662411575
2025-04-09 16:00:00,0.0,1475.7150678029338,-0.07367093622717896,3899.361079620809,-0.030177211506875277
2025-04-10 16:00:00,0.0,1475.7150678029338,-0.07367093622717896,4118.1253738702035,-0.05610259983173149
2025-04-11 16:00:00,0.0,1475.7150678029338,-0.07367093622717896,4356.531049802124,-0.057891796457830234
2025-04-12 16:00:00,0.0,1475.7150678029338,-0.07367093622717896,4259.264890508937,0.02232651579462611
2025-04-13 16:00:00,0.0,1475.7150678029338,-0.07367093622717896,4262.260711324534,-0.0007033656963367774
2025-04-14 16:00:00,0.0,1475.7150678029338,-0.07367093622717896,4254.003049201792,0.0019373901978359611
2025-04-15 16:00:00,0.0,1475.7150678029338,-0.07367093622717896,4195.745211671688,0.013694827402870742
2025-04-16 16:00:00,0.0,1475.7150678029338,-0.07367093622717896,4225.514281822245,-0.007095061460773592
2025-04-17 16:00:00,0.0,1475.7150678029338,-0.07367093622717896,4212.693548016615,0.003034123884229491
2025-04-18 16:00:00,0.0,1475.7150678029338,-0.07367093622717896,4287.274408379877,-0.0177038418563285
2025-04-19 16:00:00,0.0,1475.7150678029338,-0.07367093622717896,4225.425487487542,0.014426163338517524
2025-04-20 16:00:00,0.0,1475.7150678029338,-0.07367093622717896,4377.009652703734,-0.03587429613066585
2025-04-21 16:00:00,0.0,1475.7150678029338,-0.07367093622717896,4531.157241570746,-0.03521755744170964
2025-04-22 16:00:00,0.0,1475.7150678029338,-0.07367093622717896,4689.665493961846,-0.034981847669482376
2025-04-23 16:00:00,0.0,1475.7150678029338,-0.07367093622717896,4683.3420525457295,0.0013483779225316025
2025-04-24 16:00:00,0.0,1475.7150678029338,-0.07367093622717896,4733.815718024665,-0.010777275055427487
2025-04-25 16:00:00,-0.0011833906926523863,1473.968720326689,-0.07476714541958111,4687.892905001647,0.008517623406430743
2025-04-26 16:00:00,-0.0007038494955916574,1472.9312681863692,-0.07541837009758237,4662.134012258923,0.00479092038604131
2025-04-27 16:00:00,-0.00010638169708554468,1472.7745752583692,-0.07551672866046548,4634.916349993688,0.005731644879084682
2025-04-28 16:00:00,0.0014748270514777229,1474.946663042689,-0.07415327572325527,4710.387764630421,-0.014808404173792495
2025-04-29 16:00:00,-0.0012491150254607675,1473.104285004129,-0.07530976477782302,4551.184002353692,0.03254932583160947
2025-04-30 16:00:00,0.0042122927663756915,1479.3094315279689,-0.07141469878885845,4714.168310746888,-0.03159911549769499
2025-05-01 16:00:00,0.000698754838473814,1480.343106150849,-0.07076584531670145,4701.7583243249,0.003331241759591303
2025-05-02 16:00:00,-0.0013515327691852042,1478.3423739332488,-0.072021735727002,4680.837338008654,0.003098076264951939
2025-05-03 16:00:00,-0.0014381805834755568,1476.2162506353288,-0.0733563360485668,4594.038470257534,0.017105268266222544
2025-05-04 16:00:00,-0.0025156468695975986,1472.502611845569,-0.07568744428101869,4491.5716747240185,0.019788649491196932
2025-05-05 16:00:00,0.0011546396608348442,1474.2028217618888,-0.07462019634517789,4487.405058547045,0.0020822918233107824
2025-05-06 16:00:00,0.0035082137500039856,1479.3746403714886,-0.07137376619402004,4541.752553614827,-0.008602904894003203
2025-05-07 16:00:00,0.00565467409973941,1487.7400218342086,-0.06612268748137876,4900.410450903371,-0.07331437871734679
2025-05-08 16:00:00,0.009809097709384096,1502.3334090745416,-0.05696219367430658,5208.270196020246,-0.05301415928128736
2025-05-09 16:00:00,0.008109132179462186,1514.516029266349,-0.04931497545258148,5345.726190036839,-0.01828273860359118
2025-05-10 16:00:00,0.0007692017116551764,1515.6809975883898,-0.048583706904454745,5333.08275523578,0.003134349935038599
2025-05-11 16:00:00,0.009375470261563823,1529.8912197072973,-0.03966373174217007,5481.779380263767,-0.018506456918734076
2025-05-12 16:00:00,0.00031606244742987677,1530.3747608704996,-0.03936020551086875,5488.896517977296,-0.000982263738252498
2025-05-13 16:00:00,0.003453625023389195,1535.6601014398052,-0.03604251587815763,5521.949736674652,-0.0025682080698562638
2025-05-14 16:00:00,-0.016748286406271906,1509.9404262382068,-0.052187151905699544,5380.892174963124,0.008796596911784946
2025-05-15 16:00:00,-0.0004205745837049246,1509.3053836720223,-0.05258577789971703,5379.636883696235,-0.00018728775578269463
2025-05-16 16:00:00,-0.02113490748274427,1477.4063540249062,-0.07260928983164268,5201.911388845004,0.01190180088503675
2025-05-17 16:00:00,0.020828166227205402,1508.1780191516664,-0.05329344196269012,5407.182469829998,-0.01863253689533855
2025-05-18 16:00:00,-0.020245489110160886,1477.6442174887472,-0.07245997927395241,5185.256750259152,0.020797275917486334
2025-05-19 16:00:00,0.0004929944699878508,1478.3726879165786,-0.07200270717304215,5200.668562730831,-0.0024792426272222906
2025-05-20 16:00:00,0.01126064061495935,1495.0201114501788,-0.06155286316686248,5384.772118575905,-0.024139337988638036
2025-05-21 16:00:00,0.00900028745980408,1508.4757222114188,-0.053106569169534115,5591.081094071406,-0.029313121344218658
2025-05-22 16:00:00,-0.006850785644544666,1498.1414783885486,-0.059593533092381114,5473.263057795752,0.01422171076417043
2025-05-23 16:00:00,0.0009544285286247067,1499.5713473554388,-0.05869598233186125,5389.185453005199,0.016315942108864223
2025-05-24 16:00:00,-0.006227857359658029,1490.232230903479,-0.06455828948597142,5254.492415611574,0.0187653514597779
2025-05-25 16:00:00,0.008197416037676097,1502.448284492949,-0.05689008460589257,5422.19377203382,-0.023718389173877953
2025-05-26 16:00:00,0.004934029094859627,1509.861408042159,-0.05223675284368753,5475.453847033684,-0.004888577259521234
2025-05-27 16:00:00,-0.007241733453336008,1498.927394173639,-0.0591002016564618,5318.7611893084995,0.02137555784390905
2025-05-28 16:00:00,-0.00036960961751941745,1498.373376192789,-0.059447967271051685,5323.953373215638,-0.001345811353663327
2025-05-29 16:00:00,-0.00613366280924077,1489.1828591408787,-0.0652169962943571,5135.9212685670345,0.029184472318421535
2025-05-30 16:00:00,-0.0039539651630841055,1483.2946819943736,-0.06891309572605236,5018.865343610454,0.018837646864341005
2025-05-31 16:00:00,-0.0006474797489049999,1482.3342787261238,-0.06951595564104038,4996.602801865992,0.0037882921278608673
2025-06-01 16:00:00,0.0008890628821136559,1483.6521671122239,-0.06868869681480184,4996.034903737781,0.001002719730722555
2025-06-02 16:00:00,0.003050465129983193,1488.1779963130239,-0.0658477641592761,5168.653574121497,-0.03150066866104998
2025-06-03 16:00:00,0.0007289642818852915,1489.2628249174238,-0.06516680054550485,5131.84934502587,0.007849625120889554
2025-06-04 16:00:00,-0.003142843783037086,1484.582304506824,-0.06810483525458703,4993.251405438143,0.0238645623720297
2025-06-05 16:00:00,-0.0037161595632332345,1479.065359778524,-0.07156790638298653,4942.127427208534,0.00652245533485293
2025-06-06 16:00:00,-0.00016300013277159575,1478.8242719285022,-0.07171924093751554,4993.035199013419,-0.010463781032231318
2025-06-07 16:00:00,0.0,1478.8242719285022,-0.07171924093751554,5021.486627556796,-0.005698223106658129
2025-06-08 16:00:00,0.0,1478.8242719285022,-0.07171924093751554,5075.820898362244,-0.0108203555710524
2025-06-09 16:00:00,0.0,1478.8242719285022,-0.07171924093751554,5219.419233112427,-0.028290662264406352
2025-06-10 16:00:00,0.0,1478.8242719285022,-0.07171924093751554,5384.097248749701,-0.03155102287866513
2025-06-11 16:00:00,-0.005784660122094332,1470.2697761350921,-0.07708902962657181,5126.40557445276,0.04207697060101017
2025-06-12 16:00:00,-0.006627234721642505,1460.5259532245082,-0.08320537725441532,4892.655732695162,0.03896998507744642
2025-06-13 16:00:00,-7.382992191118376e-05,1460.4181227074323,-0.08327306412982124,4837.054777127816,0.011290336822091034
2025-06-14 16:00:00,0.0,1460.4181227074323,-0.08327306412982124,4891.413318380246,-0.011237942044705676
2025-06-15 16:00:00,0.0,1460.4181227074323,-0.08327306412982124,5050.806361988903,-0.03258629627754279
2025-06-16 16:00:00,0.0,1460.4181227074323,-0.08327306412982124,4824.6317391096,0.04477990377564962
2025-06-17 16:00:00,0.0,1460.4181227074323,-0.08327306412982124,4777.926030746776,0.009680678420327413
2025-06-18 16:00:00,0.0,1460.4181227074323,-0.08327306412982124,4726.093875523374,0.01084825401018219
2025-06-19 16:00:00,0.0,1460.4181227074323,-0.08327306412982124,4722.017487273197,0.0008625279898243196
2025-06-20 16:00:00,0.0,1460.4181227074323,-0.08327306412982124,4637.7461900674325,0.01784646021174057
2025-06-21 16:00:00,0.0,1460.4181227074323,-0.08327306412982124,4294.089250558395,0.07409998853431025
2025-06-22 16:00:00,0.0,1460.4181227074323,-0.08327306412982124,4439.653092467863,-0.03389865310567045
2025-06-23 16:00:00,0.0,1460.4181227074323,-0.08327306412982124,4746.940628376441,-0.06921431235920439
2025-06-24 16:00:00,0.0,1460.4181227074323,-0.08327306412982124,4707.526772539353,0.008303001643095878
2025-06-25 16:00:00,0.0,1460.4181227074323,-0.08327306412982124,4669.380467650716,0.008103258193061744
2025-06-26 16:00:00,0.0,1460.4181227074323,-0.08327306412982124,4679.852024397732,-0.0022426008802587383
2025-06-27 16:00:00,0.0,1460.4181227074323,-0.08327306412982124,4754.662739353819,-0.015985700950814925
2025-06-28 16:00:00,0.0,1460.4181227074323,-0.08327306412982124,4757.776722862199,-0.0006549325744190966
2025-06-29 16:00:00,0.0,1460.4181227074323,-0.08327306412982124,4831.187180568142,-0.015429571831983981
2025-06-30 16:00:00,0.0,1460.4181227074323,-0.08327306412982124,4693.362200045332,0.028528180625492148
2025-07-01 16:00:00,0.0,1460.4181227074323,-0.08327306412982124,4841.342993119883,-0.03152980459788947
2025-07-02 16:00:00,0.0,1460.4181227074323,-0.08327306412982124,4888.129277462341,-0.009663906153508603
2025-07-03 16:00:00,0.0,1460.4181227074323,-0.08327306412982124,4784.905022424541,0.021117333273842402
2025-07-04 16:00:00,0.0,1460.4181227074323,-0.08327306412982124,4806.948062947875,-0.004606787474365286
2025-07-05 16:00:00,0.0,1460.4181227074323,-0.08327306412982124,4896.159720944537,-0.01855889783463836
2025-07-06 16:00:00,0.0,1460.4181227074323,-0.08327306412982124,4891.408801965968,0.0009703357834193024
2025-07-07 16:00:00,0.0,1460.4181227074323,-0.08327306412982124,4873.490886108766,0.003663140126419281
2025-07-08 16:00:00,0.0,1460.4181227074323,-0.08327306412982124,5012.60697801458,-0.02854547082510117
2025-07-09 16:00:00,0.0,1460.4181227074323,-0.08327306412982124,5154.30293279021,-0.028267916355124618
2025-07-10 16:00:00,0.0,1460.4181227074323,-0.08327306412982124,5567.132533236141,-0.08009416711222513
2025-07-11 16:00:00,-0.0051724653534226395,1452.8641605662176,-0.08801480244415902,5433.807912592816,0.018776061082290574
2025-07-12 16:00:00,0.011987557103038116,1470.2804526539628,-0.0770823278113328,5631.010153560019,-0.024304163940355297
2025-07-13 16:00:00,0.007138208398142831,1480.7756209287227,-0.07049434913292116,5685.136168174228,-0.0024739239081698373
2025-07-14 16:00:00,-0.007445219466020725,1469.7509214509753,-0.07741472269853296,5602.73822802638,0.007048354251547706
2025-07-15 16:00:00,0.01600487117855187,1493.2740956133562,-0.06264886418409435,5823.295178514368,-0.023361049824985783
2025-07-16 16:00:00,0.016865025253059107,1518.4582009456144,-0.046840413607575467,6078.528864215824,-0.02696474429789302
2025-07-17 16:00:00,0.013889482245510676,1539.5487991681985,-0.033601520455239675,6234.9475275498335,-0.011843498024574534
2025-07-18 16:00:00,-0.001379540275524782,1537.4249295936102,-0.034934706079977555,6230.951236895539,-0.0007385901092825822
2025-07-19 16:00:00,0.0208584531252074,1569.4932354210637,-0.014804936883982324,6490.410060130462,-0.020781870056681653
2025-07-20 16:00:00,0.013459944868117413,1590.6185278407143,-0.0015442656500993734,6681.988796875033,-0.016057255889568
2025-07-21 16:00:00,-0.014447344862092648,1567.6383134249654,-0.0159692999737863,6582.129715423429,0.0004971700850597525
2025-07-22 16:00:00,-0.01333202453955562,1546.7385209612362,-0.02908842141421188,6421.757139478034,0.011032821320228332
2025-07-23 16:00:00,-0.0018477172859016067,1543.8805854592863,-0.030882391521046815,6375.301842068138,0.005386330405548685
2025-07-24 16:00:00,-0.013910601251399424,1522.404278255185,-0.04436340013830735,6128.501457785146,0.024801351593633343
2025-07-25 16:00:00,0.009137630011927467,1536.3154452784565,-0.035631146462914765,6394.718750020216,-0.03430158495258714
2025-07-26 16:00:00,0.015278512847990422,1559.7880605477094,-0.02089702454394672,6447.247142808699,0.007064173040111104
2025-07-27 16:00:00,0.006905041151428648,1570.5584612932985,-0.014136278206936394,6480.5825878382375,0.001734548336255336
2025-07-28 16:00:00,-0.012485896471103763,1550.9486309437743,-0.026445670571861625,6289.60220423458,0.01698373546631807
2025-07-29 16:00:00,-0.004023717725692433,1544.7080514458075,-0.030362978384106183,6241.943481639268,0.003553664920737133
2025-07-30 16:00:00,0.0028484969617699196,1549.1081476371724,-0.02760097027401374,6213.017199114535,0.007482675821258199
2025-07-31 16:00:00,-0.006422813375377423,1539.1585151066222,-0.033846507768341826,5979.154147432723,0.031218004956035217
2025-08-01 16:00:00,-0.00570235346377046,1530.3816892167122,-0.03935585648130293,5729.8471141416485,0.035993683658490414
2025-08-02 16:00:00,-0.00010658542691255324,1530.2185728310278,-0.03945824714745094,5808.863748036937,-0.013896941839786212
2025-08-03 16:00:00,0.0,1530.2185728310278,-0.03945824714745094,5983.6334488849825,-0.030086727530338
2025-08-04 16:00:00,0.0,1530.2185728310278,-0.03945824714745094,5863.2152471062145,0.020124595332825273
2025-08-05 16:00:00,0.0,1530.2185728310278,-0.03945824714745094,6008.835914689079,-0.02483631615856769
2025-08-06 16:00:00,0.0,1530.2185728310278,-0.03945824714745094,6126.465195508726,-0.019576051416563458
2025-08-07 16:00:00,0.0,1530.2185728310278,-0.03945824714745094,6271.2243136897905,-0.023628489440727818
2025-08-08 16:00:00,0.006587675267796023,1540.2991558775889,-0.033130509998498786,6462.824372726984,-0.023964582067177442
2025-08-09 16:00:00,0.00021137733780451917,1540.624740212581,-0.032926135699697774,6444.23327566993,0.003087998453412693
2025-08-10 16:00:00,0.00292028930061905,1545.1238101576928,-0.030102000240873263,6473.844947276101,-0.0016747758280704229
2025-08-11 16:00:00,0.00370027792500105,1550.8411976838129,-0.02651310808286185,6564.4634513195,-0.010297354823606544
2025-08-12 16:00:00,0.004976421980548373,1558.5588379083067,-0.021668626516149595,6827.931613303633,-0.03515909921443575
2025-08-13 16:00:00,-0.0011868319213038658,1556.7090905282469,-0.022829741419813292,6757.212074973148,0.009170556279933049
2025-08-14 16:00:00,-0.004863786496666966,1549.1375898744968,-0.027582488928440195,6602.207460514406,0.018075350641389844
2025-08-15 16:00:00,-0.0007977353291428457,1547.9017880893507,-0.028358220731699156,6659.0517423761685,-0.009407625612313992
2025-08-16 16:00:00,0.004163324654362421,1554.3462057662348,-0.024312960556862856,6893.268267840067,-0.031009329730257544
2025-08-17 16:00:00,-0.005601015081764582,1545.6402892254546,-0.029777798379866088,6584.554561452629,0.03918379444432258
2025-08-18 16:00:00,-8.986969798807642e-05,1545.5013829994637,-0.02986499195610703,6380.922545169399,0.030835839001478793
2025-08-19 16:00:00,0.0,1545.5013829994637,-0.02986499195610703,6423.130702593945,-0.006614742167102228
2025-08-20 16:00:00,0.0,1545.5013829994637,-0.02986499195610703,6393.048168596335,0.0046834690730271755
2025-08-21 16:00:00,0.0,1545.5013829994637,-0.02986499195610703,6741.894348897087,-0.054566487081129766
2025-08-22 16:00:00,0.0,1545.5013829994637,-0.02986499195610703,6882.772839291136,-0.020895980136071763
2025-08-23 16:00:00,-0.003639320228753795,1539.8768085527468,-0.033395623915503395,6857.025728390106,0.00010148474944465021
2025-08-24 16:00:00,-0.0006474489395141836,1538.8798169460667,-0.0340214508937291,6644.864234937714,0.030293297363067438
2025-08-25 16:00:00,-0.002240362456492284,1535.432168379127,-0.03618559296892371,6517.173119103697,0.016976149923495117
2025-08-26 16:00:00,0.00246179489779097,1539.212087457147,-0.03381287957927713,6772.7954253218795,-0.03676108618064463
2025-08-27 16:00:00,0.0007333120888912692,1540.3408102882468,-0.03310436288374161,6720.93197636482,0.00839092548190087
2025-08-28 16:00:00,-0.0017999868848381784,1537.568217031547,-0.03484476234955809,6476.273956388756,0.0346024080265284
2025-08-29 16:00:00,8.362226518210392e-05,1537.696791968727,-0.034764053882333494,6483.139994749576,-0.0009765611685415962
2025-08-30 16:00:00,0.0004413934607687686,1538.375521277347,-0.0343380050476183,6538.4643260253315,-0.008092176895657428
2025-08-31 16:00:00,-0.00241988753001543,1534.652825536927,-0.03667479846741339,6414.432531118479,0.01654967301544224
2025-09-01 16:00:00,-3.0100514351816265e-05,1534.6066316975268,-0.03670379505146755,6433.3013018301535,-0.00297171235922438
2025-09-02 16:00:00,0.0021372464827238424,1537.886464323487,-0.03464499362562013,6682.894017697741,-0.036659741899676704
2025-09-03 16:00:00,-0.0026157624143012814,1533.863718712647,-0.0371701329677518,6485.942206085702,0.026855273800019747
2025-09-04 16:00:00,0.0007362065667655404,1534.9929592548867,-0.03646129129696457,6500.830473271392,-0.001559260570101822
2025-09-05 16:00:00,0.0017782610751291283,1537.722577484927,-0.03474786791689783,6485.988430603706,0.004061360554297431
2025-09-06 16:00:00,0.0024254381977926176,1541.4522285619669,-0.03240670852524275,6595.178107377627,-0.01440926293406835
2025-09-07 16:00:00,0.0008294265630228725,1542.730749985967,-0.031604160947090905,6778.9975749821215,-0.027042370773104767
2025-09-08 16:00:00,-0.0011003377016213234,1541.0332251783068,-0.03266972339889404,6714.3419781798875,0.008437296157527117
2025-09-09 16:00:00,0.003572187787374226,1546.5380852452267,-0.02921423799846218,6989.841814097865,-0.03745935883525701
2025-09-10 16:00:00,0.0018844816437173506,1549.452507878181,-0.02738481004998822,7002.943350545891,1.0113554070133052e-05
2025-09-11 16:00:00,0.006134998218480847,1558.9583962536344,-0.021417817592377424,7127.934765502041,-0.011713413327845128
2025-09-12 16:00:00,0.008887347616166386,1572.8134014402817,-0.012720817566334142,7324.246764393433,-0.018653869489454276
2025-09-13 16:00:00,-0.002428778576611501,1568.993385945856,-0.015118700093763574,7192.601656638468,0.015545098053945789
2025-09-14 16:00:00,-0.007759768043895887,1556.8183612085095,-0.022761150531806575,7061.777537853583,0.01042893821709098
2025-09-15 16:00:00,0.010566371971140853,1573.2682831045406,-0.01243528134367586,7181.83420432694,-0.006434541160122782
2025-09-16 16:00:00,-0.0013467004454323916,1571.149562006899,-0.013765235190183673,7156.512596657408,0.002179085161575373
2025-09-17 16:00:00,0.024143459410477686,1609.0825476850023,0.0,7529.860359914221,-0.028025492745240035
2025-09-18 16:00:00,-0.0045324109828636105,1601.7895242735406,-0.004532410982863644,7382.958346084357,0.014976850385635041
2025-09-19 16:00:00,-2.0052090564104397e-05,1601.7574050449352,-0.0045523721891122205,7428.112046619919,-0.006135988063507887
2025-09-20 16:00:00,0.004174240113705485,1608.4435250574986,-0.00039713477001104136,7409.441537029945,0.006687733377242092
2025-09-21 16:00:00,-0.021344281474942384,1574.1124537221228,-0.021732939688638816,7019.157891668006,0.03132954602088572
2025-09-22 16:00:00,-0.00030182173718851235,1573.6373523668103,-0.02202820195221631,7148.305463413967,-0.018701118880690988
2025-09-23 16:00:00,0.0,1573.6373523668103,-0.02202820195221631,7111.079999433138,0.005207592788438409
2025-09-24 16:00:00,0.0,1573.6373523668103,-0.02202820195221631,6782.560058503945,0.04619831881449531
2025-09-25 16:00:00,0.0,1573.6373523668103,-0.02202820195221631,6542.74820469871,0.03535712942262267
2025-09-26 16:00:00,0.0,1573.6373523668103,-0.02202820195221631,6688.288751023753,-0.022244558673452035
2025-09-27 16:00:00,0.0,1573.6373523668103,-0.02202820195221631,6702.509287585352,-0.0021261846028134573
2025-09-28 16:00:00,0.0,1573.6373523668103,-0.02202820195221631,6943.666506170269,-0.03598013941309989
2025-09-29 16:00:00,0.0,1573.6373523668103,-0.02202820195221631,6804.354710975259,0.020063146044127306
2025-09-30 16:00:00,0.0,1573.6373523668103,-0.02202820195221631,7138.215333694466,-0.049065728772296015
2025-10-01 16:00:00,0.0,1573.6373523668103,-0.02202820195221631,7269.006285617491,-0.01832264029716963
2025-10-02 16:00:00,0.0,1573.6373523668103,-0.02202820195221631,7548.1457031314485,-0.03840131739413498
2025-10-03 16:00:00,-0.002392861811179481,1569.8718556416861,-0.024368353320175427,7325.678162003623,0.02708027634453101
2025-10-04 16:00:00,0.0014864148523807685,1572.2053364842463,-0.022918159950097914,7446.330329083819,-0.014983345955019618
2025-10-05 16:00:00,0.006726603324670677,1582.7809381277063,-0.016345717996342844,7633.202329431047,-0.01836924820065633
2025-10-06 16:00:00,0.0062487863109594866,1592.6713979871265,-0.010199072584241624,7382.848413255609,0.03904680546081981
2025-10-07 16:00:00,0.001306560041757443,1594.7523187953866,-0.008905838243185644,7334.071400348135,0.007913361397707788
2025-10-08 16:00:00,-0.005610920864124513,1585.8042897367466,-0.014466789153698981,7186.854827694249,0.014462046062117491
2025-10-09 16:00:00,-0.0025592385322615874,1581.7458382938266,-0.016989003721720276,6974.7379678522175,0.026955321720806058
2025-10-10 16:00:00,-0.007702633947134219,1569.5622291040463,-0.024560777592059598,6245.392532770269,0.09686694822837227
2025-10-11 16:00:00,-0.00012016700311079376,1569.373619514779,-0.02467799320013309,6487.051920103842,-0.03881419401030999
2025-10-12 16:00:00,0.0,1569.373619514779,-0.02467799320013309,6628.7015471245795,-0.021835747388078603
2025-10-13 16:00:00,0.0,1569.373619514779,-0.02467799320013309,6528.699103647579,0.015086279381575156
2025-10-14 16:00:00,0.0,1569.373619514779,-0.02467799320013309,6339.445096796433,0.028988011830015314
2025-10-15 16:00:00,0.0,1569.373619514779,-0.02467799320013309,6144.824620255834,0.030699923032529806
2025-10-16 16:00:00,0.0,1569.373619514779,-0.02467799320013309,5930.269055301516,0.03491646681779258
2025-10-17 16:00:00,0.0,1569.373619514779,-0.02467799320013309,6003.176275005911,-0.012294082953827517
2025-10-18 16:00:00,0.0,1569.373619514779,-0.02467799320013309,6174.172869256584,-0.0284843533518438
2025-10-19 16:00:00,0.0,1569.373619514779,-0.02467799320013309,6216.366208359501,-0.006833844791261526
2025-10-20 16:00:00,0.0,1569.373619514779,-0.02467799320013309,6329.702939011775,-0.018231990660373842
2025-10-21 16:00:00,0.0,1569.373619514779,-0.02467799320013309,5997.261215037233,0.05252090456340503
2025-10-22 16:00:00,0.0,1569.373619514779,-0.02467799320013309,6101.421087965274,-0.017367906648267324
2025-10-23 16:00:00,0.0,1569.373619514779,-0.02467799320013309,6094.959865684037,0.0010589700642003042
2025-10-24 16:00:00,0.0,1569.373619514779,-0.02467799320013309,6193.896853962459,-0.016232590609079795
2025-10-25 16:00:00,0.0,1569.373619514779,-0.02467799320013309,6388.303808623874,-0.03138685697309364
2025-10-26 16:00:00,0.0,1569.373619514779,-0.02467799320013309,6434.388885452428,-0.007213977013169092
2025-10-27 16:00:00,0.0,1569.373619514779,-0.02467799320013309,6360.8727247657025,0.011425507844721563
2025-10-28 16:00:00,0.0,1569.373619514779,-0.02467799320013309,6202.340951418689,0.02492295950676358
2025-10-29 16:00:00,0.0,1569.373619514779,-0.02467799320013309,5898.202718191082,0.04903603907135112
2025-10-30 16:00:00,0.0,1569.373619514779,-0.02467799320013309,5995.528256373665,-0.01650088049405531
2025-10-31 16:00:00,0.0,1569.373619514779,-0.02467799320013309,6011.690391242003,-0.0026956982232809734
2025-11-01 16:00:00,0.0,1569.373619514779,-0.02467799320013309,5944.845753426336,0.011119108514478409
2025-11-02 16:00:00,0.0,1569.373619514779,-0.02467799320013309,5478.526038441624,0.07844101164709723
2025-11-03 16:00:00,0.0,1569.373619514779,-0.02467799320013309,5369.470962861032,0.019905915353030528
2025-11-04 16:00:00,0.0,1569.373619514779,-0.02467799320013309,5379.134371850963,-0.001799694803598016
2025-11-05 16:00:00,0.0,1569.373619514779,-0.02467799320013309,5206.922231509774,0.03201484261898657
2025-11-06 16:00:00,0.0,1569.373619514779,-0.02467799320013309,5270.9496111628005,-0.012296588427144936
2025-11-07 16:00:00,0.0,1569.373619514779,-0.02467799320013309,5385.105916613655,-0.021657635506341207
2025-11-08 16:00:00,0.0,1569.373619514779,-0.02467799320013309,5534.651735232348,-0.027770265048516034
2025-11-09 16:00:00,0.0,1569.373619514779,-0.02467799320013309,5648.793541141497,-0.02062312343567136
2025-11-10 16:00:00,0.0,1569.373619514779,-0.02467799320013309,5537.467388386671,0.0197079521395165
2025-11-11 16:00:00,0.0,1569.373619514779,-0.02467799320013309,5400.07705986027,0.024811040659948547
2025-11-12 16:00:00,0.0,1569.373619514779,-0.02467799320013309,5391.496243175262,0.0015890174510267657
2025-11-13 16:00:00,0.0,1569.373619514779,-0.02467799320013309,5073.05762518287,0.05906312526795941
2025-11-14 16:00:00,0.0,1569.373619514779,-0.02467799320013309,5049.524638598965,0.004638817124230151
2025-11-15 16:00:00,0.0,1569.373619514779,-0.02467799320013309,4907.350072750168,0.028156029730403303
2025-11-16 16:00:00,0.0,1569.373619514779,-0.02467799320013309,4899.09139330899,0.0016829203783601848
2025-11-17 16:00:00,0.0,1569.373619514779,-0.02467799320013309,4887.448174907677,0.0023766077148948328
2025-11-18 16:00:00,0.0,1569.373619514779,-0.02467799320013309,4687.72222119053,0.04086507857874517
2025-11-19 16:00:00,0.0,1569.373619514779,-0.02467799320013309,4706.0780178427185,-0.003915717652639793
2025-11-20 16:00:00,0.0,1569.373619514779,-0.02467799320013309,4281.170336898599,0.09028912808778686
2025-11-21 16:00:00,0.0,1569.373619514779,-0.02467799320013309,4324.369858985546,-0.010090587079569826
2025-11-22 16:00:00,0.0,1569.373619514779,-0.02467799320013309,4497.456695681655,-0.040025909517534694
2025-11-23 16:00:00,0.0,1569.373619514779,-0.02467799320013309,4494.127097817417,0.0007403290547377857
2025-11-24 16:00:00,0.0,1569.373619514779,-0.02467799320013309,4570.06147035653,-0.016896356263709333
2025-11-25 16:00:00,0.0,1569.373619514779,-0.02467799320013309,4600.95822296622,-0.006760686439362181
2025-11-26 16:00:00,0.0,1569.373619514779,-0.02467799320013309,4786.142810703112,-0.0402491348025118
2025-11-27 16:00:00,0.0,1569.373619514779,-0.02467799320013309,4833.209633053375,-0.009833977842242492
2025-11-28 16:00:00,0.0,1569.373619514779,-0.02467799320013309,4733.641519860431,0.020600826521576434
2025-11-29 16:00:00,0.0,1569.373619514779,-0.02467799320013309,4721.41805595246,0.0025822538222815944
2025-11-30 16:00:00,0.0,1569.373619514779,-0.02467799320013309,4280.291112113612,0.09343102826548147
2025-12-01 16:00:00,0.0,1569.373619514779,-0.02467799320013309,4666.008175255283,-0.09011467982868195
2025-12-02 16:00:00,0.0,1569.373619514779,-0.02467799320013309,4767.312816627815,-0.021711201002554796
2025-12-03 16:00:00,0.0,1569.373619514779,-0.02467799320013309,4868.114219123956,-0.02114428114399323
2025-12-04 16:00:00,0.0,1569.373619514779,-0.02467799320013309,4658.495200392016,0.043059593365428715
2025-12-05 16:00:00,0.0,1569.373619514779,-0.02467799320013309,4579.406430263329,0.016977321372367755
2025-12-06 16:00:00,0.0,1569.373619514779,-0.02467799320013309,4591.2384510194815,-0.0025837454998448267
2025-12-07 16:00:00,0.0,1569.373619514779,-0.02467799320013309,4672.130908020714,-0.01761887513885704
2025-12-08 16:00:00,0.0,1569.373619514779,-0.02467799320013309,4833.765296547116,-0.03459543230026422
2025-12-09 16:00:00,0.0,1569.373619514779,-0.02467799320013309,4803.23741677852,0.0063155486242583315
2025-12-10 16:00:00,0.0,1569.373619514779,-0.02467799320013309,4564.12556531394,0.04978139340548176
2025-12-11 16:00:00,0.0,1569.373619514779,-0.02467799320013309,4535.354359786976,0.006303771689722245
2025-12-12 16:00:00,0.0,1569.373619514779,-0.02467799320013309,4609.588754724708,-0.016367937111140898
2025-12-13 16:00:00,0.0,1569.373619514779,-0.02467799320013309,4523.145575024166,0.018752904933643073
2025-12-14 16:00:00,0.0,1569.373619514779,-0.02467799320013309,4385.015553575023,0.030538486802606464
2025-12-15 16:00:00,0.0,1569.373619514779,-0.02467799320013309,4413.459353628211,-0.006486590459182825
2025-12-16 16:00:00,0.0,1569.373619514779,-0.02467799320013309,4332.183771864151,0.018415391476811753
2025-12-17 16:00:00,0.0,1569.373619514779,-0.02467799320013309,4342.933708272155,-0.0024814128333661306
2025-12-18 16:00:00,0.0,1569.373619514779,-0.02467799320013309,4308.994465687943,0.007814819397212038
2025-12-19 16:00:00,0.0,1569.373619514779,-0.02467799320013309,4355.571901560723,-0.010809351518937962
2025-12-20 16:00:00,0.0,1569.373619514779,-0.02467799320013309,4301.371304210391,0.012443967996696623
2025-12-21 16:00:00,0.0,1569.373619514779,-0.02467799320013309,4412.484520333067,-0.025832044774631253
2025-12-22 16:00:00,0.0,1569.373619514779,-0.02467799320013309,4261.609432806416,0.034192774350007796
2025-12-23 16:00:00,0.0,1569.373619514779,-0.02467799320013309,4241.051383974371,0.004824010542539796
2025-12-24 16:00:00,0.0,1569.373619514779,-0.02467799320013309,4288.987905799641,-0.011302980672766028
2025-12-25 16:00:00,0.0,1569.373619514779,-0.02467799320013309,4214.591462092974,0.017345920608931382
2025-12-26 16:00:00,0.0,1569.373619514779,-0.02467799320013309,4272.862803548089,-0.013826094884692917
2025-12-27 16:00:00,0.0,1569.373619514779,-0.02467799320013309,4335.697871205796,-0.014705613202822996
2025-12-28 16:00:00,0.0,1569.373619514779,-0.02467799320013309,4312.0859610626485,0.005445930700097579
2025-12-29 16:00:00,0.0,1569.373619514779,-0.02467799320013309,4327.444164835305,-0.0035616645659057706
2025-12-30 16:00:00,0.0,1569.373619514779,-0.02467799320013309,4289.089484568994,0.008863125393501536
2025-12-31 16:00:00,0.0,1569.373619514779,-0.02467799320013309,4297.072610074293,-0.0018612634532389563
2026-01-01 16:00:00,0.0,1569.373619514779,-0.02467799320013309,4458.282836079908,-0.037516290887816196
2026-01-02 16:00:00,0.0,1569.373619514779,-0.02467799320013309,4556.724218442625,-0.022080560157837596
2026-01-03 16:00:00,0.0,1569.373619514779,-0.02467799320013309,4666.260421458047,-0.024038365668936308
2026-01-04 16:00:00,0.0,1569.373619514779,-0.02467799320013309,4763.559592319887,-0.020851637515644245
2026-01-05 16:00:00,0.0,1569.373619514779,-0.02467799320013309,4901.729086070438,-0.02900551385424396
2026-01-06 16:00:00,0.0,1569.373619514779,-0.02467799320013309,4717.423700239173,0.03760007593137249
2026-01-07 16:00:00,0.0,1569.373619514779,-0.02467799320013309,4658.673985895234,0.012453770972694147
2026-01-08 16:00:00,0.0,1569.373619514779,-0.02467799320013309,4681.167700907196,-0.004828351389271893
2026-01-09 16:00:00,0.0,1569.373619514779,-0.02467799320013309,4645.8519713522,0.007544213711496209
2026-01-10 16:00:00,0.0,1569.373619514779,-0.02467799320013309,4660.900793608455,-0.0032391953831182796
2026-01-11 16:00:00,0.0,1569.373619514779,-0.02467799320013309,4697.412518043077,-0.00783361973391296
2026-01-12 16:00:00,0.0,1569.373619514779,-0.02467799320013309,4780.356468639391,-0.017657369940945022
2026-01-13 16:00:00,0.0,1569.373619514779,-0.02467799320013309,4936.204974451866,-0.03260185863436942
2026-01-14 16:00:00,0.0,1569.373619514779,-0.02467799320013309,4825.915912681072,0.022342885342406298
2026-01-15 16:00:00,0.0,1569.373619514779,-0.02467799320013309,4691.436687389396,0.027866052315231093
2026-01-16 16:00:00,0.0,1569.373619514779,-0.02467799320013309,4826.583446268808,-0.028807115577769223
2026-01-17 16:00:00,-0.0013672254578039889,1567.2279319493723,-0.026011478277386382,4765.40883435086,0.011307291122912812
2026-01-18 16:00:00,-0.005650381232444657,1558.3724966557224,-0.0315148847411444,4558.7788428346375,0.03771001001599467
2026-01-19 16:00:00,-0.00016786472293217614,1558.1109008883461,-0.03167745922668132,4412.22637565379,0.031979443192913716
2026-01-20 16:00:00,0.0,1558.1109008883461,-0.03167745922668132,4424.947370198305,-0.002883123725180784
2026-01-21 16:00:00,0.0,1558.1109008883461,-0.03167745922668132,4349.640182014787,0.017018776017700805
2026-01-22 16:00:00,0.0,1558.1109008883461,-0.03167745922668132,4375.071229541259,-0.005846701442484115
2026-01-23 16:00:00,0.0,1558.1109008883461,-0.03167745922668132,4347.863225686532,0.00621887105997592
2026-01-24 16:00:00,0.0,1558.1109008883461,-0.03167745922668132,4294.561171686343,0.012259367701653636
2026-01-25 16:00:00,0.0,1558.1109008883461,-0.03167745922668132,4276.218135702977,0.0042712247538351554
2026-01-26 16:00:00,0.0,1558.1109008883461,-0.03167745922668132,4290.623560413617,-0.003368730091284831
2026-01-27 16:00:00,0.0,1558.1109008883461,-0.03167745922668132,4362.037753839165,-0.016644245858442184
2026-01-28 16:00:00,0.0,1558.1109008883461,-0.03167745922668132,4096.085832007319,0.06096965153448602
2026-01-29 16:00:00,0.0,1558.1109008883461,-0.03167745922668132,4017.7259704321086,0.019130424700307076
2026-01-30 16:00:00,0.0,1558.1109008883461,-0.03167745922668132,3761.1845512024456,0.06385239339806736
2026-01-31 16:00:00,0.0,1558.1109008883461,-0.03167745922668132,3577.701220345427,0.04878338947722184
2026-02-01 16:00:00,0.0,1558.1109008883461,-0.03167745922668132,3689.6341463059875,-0.03128626988861665
2026-02-02 16:00:00,0.0,1558.1109008883461,-0.03167745922668132,3650.148573219479,0.010701758364319445
2026-02-03 16:00:00,0.0,1558.1109008883461,-0.03167745922668132,3434.711363076858,0.05902149072047304
2026-02-04 16:00:00,0.0,1558.1109008883461,-0.03167745922668132,3090.390331208068,0.10024744308073184
2026-02-05 16:00:00,0.0,1558.1109008883461,-0.03167745922668132,3197.6633188372452,-0.03471179240560317
2026-02-06 16:00:00,0.0,1558.1109008883461,-0.03167745922668132,3197.133230656799,0.00016577360640931564
2026-02-07 16:00:00,0.0,1558.1109008883461,-0.03167745922668132,3240.079871342422,-0.013432859248346187
2026-02-08 16:00:00,0.0,1558.1109008883461,-0.03167745922668132,3181.7915416550704,0.017989781734362355
2026-02-09 16:00:00,0.0,1558.1109008883461,-0.03167745922668132,3126.937008241995,0.01724014056073009
2026-02-10 16:00:00,0.0,1558.1109008883461,-0.03167745922668132,2997.810036346714,0.04129503458334067
2026-02-11 16:00:00,0.0,1558.1109008883461,-0.03167745922668132,3057.0194523821765,-0.01975088992217084
2026-02-12 16:00:00,0.0,1558.1109008883461,-0.03167745922668132,3139.3684008550304,-0.02693765929709199
2026-02-13 16:00:00,0.0,1558.1109008883461,-0.03167745922668132,3261.2788283277696,-0.038832787970833955
2026-02-14 16:00:00,0.0,1558.1109008883461,-0.03167745922668132,3244.0752138484254,0.00527511304151973
2026-02-15 16:00:00,0.0,1558.1109008883461,-0.03167745922668132,3150.0200729065436,0.028992897741820473
2026-02-16 16:00:00,0.0,1558.1109008883461,-0.03167745922668132,3158.799703854901,-0.0027871666672450524
2026-02-17 16:00:00,0.0,1558.1109008883461,-0.03167745922668132,3174.5778011359434,-0.004994966050486676
2026-02-18 16:00:00,0.0,1558.1109008883461,-0.03167745922668132,3065.714157735744,0.034292321757320075
2026-02-19 16:00:00,0.0,1558.1109008883461,-0.03167745922668132,3171.7746761562303,-0.03459569710791958
2026-02-20 16:00:00,0.0,1558.1109008883461,-0.03167745922668132,3206.452455121636,-0.010933241641058371
2026-02-21 16:00:00,0.0,1558.1109008883461,-0.03167745922668132,3112.3396934241337,0.02935105479177678
2026-02-22 16:00:00,0.0,1558.1109008883461,-0.03167745922668132,3024.834753130572,0.028115485105448146
2026-02-23 16:00:00,0.0,1558.1109008883461,-0.03167745922668132,2947.6730476233233,0.025509395323956147
2026-02-24 16:00:00,0.0,1558.1109008883461,-0.03167745922668132,3219.7472501219772,-0.09230135028646567
2026-02-25 16:00:00,0.0,1558.1109008883461,-0.03167745922668132,3212.8656608938145,0.002137307277116759
2026-02-26 16:00:00,0.0,1558.1109008883461,-0.03167745922668132,3106.103311612668,0.03322963377542693
2026-02-27 16:00:00,0.0,1558.1109008883461,-0.03167745922668132,3019.220946205756,0.027971498913796085
2026-02-28 16:00:00,0.0,1558.1109008883461,-0.03167745922668132,3157.7866525167865,-0.04589452338198896
2026-03-01 16:00:00,0.0,1558.1109008883461,-0.03167745922668132,3238.8726492070655,-0.025678111162339805
2026-03-02 16:00:00,0.0,1558.1109008883461,-0.03167745922668132,3131.0319882013478,0.0332957398099981
2026-03-03 16:00:00,0.0,1558.1109008883461,-0.03167745922668132,3357.9283390660726,-0.07246695393714808
2026-03-04 16:00:00,0.0,1558.1109008883461,-0.03167745922668132,3262.3931260791865,0.028450640794036936
2026-03-05 16:00:00,0.0,1558.1109008883461,-0.03167745922668132,3108.105405029437,0.04729280472558371
2026-03-06 16:00:00,0.0,1558.1109008883461,-0.03167745922668132,3094.59571673722,0.0043465991437600104
2026-03-07 16:00:00,0.0,1558.1109008883461,-0.03167745922668132,3048.474699749838,0.01490372934271668
2026-03-08 16:00:00,0.0,1558.1109008883461,-0.03167745922668132,3145.359344507804,-0.03178135110188607
2026-03-09 16:00:00,0.0,1558.1109008883461,-0.03167745922668132,3272.7166487239606,-0.04049054186401259
2026-03-10 16:00:00,0.0,1558.1109008883461,-0.03167745922668132,3201.8605197425213,0.021650554137971727
2026-03-11 16:00:00,0.0,1558.1109008883461,-0.03167745922668132,3214.4856860253453,-0.0039430719124013015
2026-03-12 16:00:00,0.0,1558.1109008883461,-0.03167745922668132,3301.333589419024,-0.02701766686074888
2026-03-13 16:00:00,0.0,1558.1109008883461,-0.03167745922668132,3219.852157828865,0.02468136872060175
2026-03-14 16:00:00,0.0,1558.1109008883461,-0.03167745922668132,3261.7975882878177,-0.01302712932237122
2026-03-15 16:00:00,0.0,1558.1109008883461,-0.03167745922668132,3427.7647463862163,-0.05088211441885277
2026-03-16 16:00:00,0.0,1558.1109008883461,-0.03167745922668132,3462.560423283444,-0.010151127475685537
2026-03-17 16:00:00,0.0,1558.1109008883461,-0.03167745922668132,3297.494669250156,0.047671588031599085
2026-03-18 16:00:00,0.0,1558.1109008883461,-0.03167745922668132,3231.336175047786,0.020063260395630715
2026-03-19 16:00:00,0.0,1558.1109008883461,-0.03167745922668132,3254.4297741772184,-0.007146764644223528
2026-03-20 16:00:00,0.0,1558.1109008883461,-0.03167745922668132,3270.1549938407697,-0.004831943152783886
2026-03-21 16:00:00,0.0,1558.1109008883461,-0.03167745922668132,3168.3368904263316,0.03113555889742516
2026-03-22 16:00:00,0.0,1558.1109008883461,-0.03167745922668132,3243.237815186546,-0.023640454708758973
2026-03-23 16:00:00,0.0,1558.1109008883461,-0.03167745922668132,3228.5156572750966,0.0045393396199662995
2026-03-24 16:00:00,0.0,1558.1109008883461,-0.03167745922668132,3291.208165659747,-0.019418369009107903
2026-03-25 16:00:00,0.0,1558.1109008883461,-0.03167745922668132,3159.887836887544,0.03990034120065411
2026-03-26 16:00:00,0.0,1558.1109008883461,-0.03167745922668132,3048.1713116231585,0.03535458567871998
2026-03-27 16:00:00,0.0,1558.1109008883461,-0.03167745922668132,3088.058103721878,-0.013085482415842207
2026-03-28 16:00:00,0.0,1558.1109008883461,-0.03167745922668132,3021.59524084084,0.021522542856604248
2026-03-29 16:00:00,0.0,1558.1109008883461,-0.03167745922668132,3099.8441972526357,-0.02589657123964138
2026-03-30 16:00:00,0.0,1558.1109008883461,-0.03167745922668132,3024.0558169747474,0.024449093391551276
2026-03-31 16:00:00,0.0,1558.1109008883461,-0.03167745922668132,3133.2359881357756,-0.03610388755001611
2026-04-01 16:00:00,0.0,1558.1109008883461,-0.03167745922668132,2990.1497204979096,0.04566724886975415
2026-04-02 16:00:00,0.0,1558.1109008883461,-0.03167745922668132,3035.845756694804,-0.015282190013310073
2026-04-03 16:00:00,0.0,1558.1109008883461,-0.03167745922668132,3041.0417742356753,-0.001711555183399002
2026-04-04 16:00:00,0.0,1558.1109008883461,-0.03167745922668132,3021.4725816322584,0.0064350291959850104
2026-04-05 16:00:00,0.0,1558.1109008883461,-0.03167745922668132,3149.3511135394792,-0.04232324750673011
2026-04-06 16:00:00,0.0,1558.1109008883461,-0.03167745922668132,3017.30353423239,0.04192850353820483
2026-04-07 16:00:00,0.0,1558.1109008883461,-0.03167745922668132,3166.5855231306678,-0.04947529713355662
2026-04-08 16:00:00,0.0,1558.1109008883461,-0.03167745922668132,3180.6982392475365,-0.004456761396078154
2026-04-09 16:00:00,0.0,1558.1109008883461,-0.03167745922668132,3186.062872658463,-0.0016866213036906988
2026-04-10 16:00:00,0.0,1558.1109008883461,-0.03167745922668132,3182.506694995245,0.0011161668194734314
2026-04-11 16:00:00,0.0,1558.1109008883461,-0.03167745922668132,3087.068202191373,0.029988465681457157
2026-04-12 16:00:00,0.0,1558.1109008883461,-0.03167745922668132,3129.4428522849644,-0.013726502726279908
2026-04-13 16:00:00,0.0,1558.1109008883461,-0.03167745922668132,3248.9398991749185,-0.03818476723506979
2026-04-14 16:00:00,0.0,1558.1109008883461,-0.03167745922668132,3212.8328282909993,0.011113493017549683
2026-04-15 16:00:00,0.0,1558.1109008883461,-0.03167745922668132,3287.534937719784,-0.023251166002471742
2026-04-16 16:00:00,0.0,1558.1109008883461,-0.03167745922668132,3408.0747741693212,-0.03666572028376464
2026-04-17 16:00:00,-0.007414598099921843,1546.5581347631519,-0.038857181697610654,3297.609795638843,0.024998123407165083
2026-04-18 16:00:00,-0.0023325102085913763,1542.9507721256368,-0.041099057133215246,3269.2980593613697,0.006253022353483082
2026-04-19 16:00:00,-0.001140428065732113,1541.1911477610618,-0.042192614680717486,3260.3689318871093,0.0015907782397598063
2026-04-20 16:00:00,6.67740944830797e-05,1541.2940594043787,-0.04212865795987368,3274.111515361195,-0.0041482652955933275
2026-04-21 16:00:00,0.011690248107310008,1559.3121693651387,-0.030930904316542687,3367.0523391054408,-0.01669633045245928
2026-04-22 16:00:00,-0.0053114974684730365,1551.0298867249967,-0.03607811236504078,3304.7270209797334,0.013198852787105704
2026-04-23 16:00:00,-0.001178056720236409,1549.2026855436527,-0.037213667022552153,3313.9393085044635,-0.003965665943705303
2026-04-24 16:00:00,-0.0022723769029664442,1545.6823131430097,-0.03940148044810191,3280.8542278263635,0.007711234019899387
2026-04-25 16:00:00,0.003432591014787656,1550.9880083628207,-0.03610413860106967,3310.086599026107,-0.005477396802351502
2026-04-26 16:00:00,-0.0062128337674097756,1541.3519776916164,-0.04209266335703553,3219.3949993098395,0.021185724247039208
2026-04-27 16:00:00,-0.001276557011076318,1539.3843540179578,-0.04331548668358858,3214.893651830531,0.00012163969366902586
2026-04-28 16:00:00,-0.0006773430278296244,1538.3416627586137,-0.04396349026851605,3195.278819818361,0.005423895189179803
