timestamp,ret,equity,drawdown,benchmark_equity,active_ret
2018-01-02,0.0,1000.0,0.0,1000.0,0.0
2018-01-03,0.0,1000.0,0.0,1004.801063143895,-0.004801063143894946
2018-01-04,0.0,1000.0,0.0,1009.0364048566394,-0.004215104728783344
2018-01-05,0.0,1000.0,0.0,1013.2266268906018,-0.004152696586361304
2018-01-08,0.0,1000.0,0.0,1014.1237163024155,-0.0008853788362892365
2018-01-09,0.0,1000.0,0.0,1011.5807283383214,0.0025075717323387154
2018-01-10,0.0,1000.0,0.0,1010.0204490535118,0.0015424169728623133
2018-01-11,0.0,1000.0,0.0,1017.493404566185,-0.007398816053354272
2018-01-12,0.0,1000.0,0.0,1024.9764413331036,-0.007354383559968948
2018-01-16,0.0,1000.0,0.0,1022.3397112443413,0.002572478724811319
2018-01-17,0.0,1000.0,0.0,1027.9913364233332,-0.0055281283871025455
2018-01-18,0.0,1000.0,0.0,1025.0718750868643,0.0028399668684237884
2018-01-19,0.0,1000.0,0.0,1030.0210560227733,-0.0048281306474140685
2018-01-22,0.0,1000.0,0.0,1035.5922022713798,-0.005408769282948914
2018-01-23,0.0,1000.0,0.0,1040.1514524289967,-0.00440255358008379
2018-01-24,0.0,1000.0,0.0,1040.726624394966,-0.0005529694398117727
2018-01-25,0.0,1000.0,0.0,1040.3581439538825,0.0003540607422220272
2018-01-26,0.0,1000.0,0.0,1047.8234950655317,-0.007175751115165964
2018-01-29,0.0,1000.0,0.0,1039.7337526871734,0.007720520122382208
2018-01-30,0.0,1000.0,0.0,1030.789959172767,0.00860200362957437
2018-01-31,0.0,1000.0,0.0,1033.643586069252,-0.0027683883327453973
2018-02-01,0.0,1000.0,0.0,1029.1502853563288,0.004347050350315018
2018-02-02,0.0,1000.0,0.0,1010.1479558413981,0.018464095851998423
2018-02-05,0.0,1000.0,0.0,983.5009818019521,0.0263792782882489
2018-02-06,0.0,1000.0,0.0,996.6664317534385,-0.013386310939278143
2018-02-07,0.0,1000.0,0.0,986.1782000194864,0.01052331191239188
2018-02-08,0.0,1000.0,0.0,962.3148857805035,0.024197770989575127
2018-02-09,0.0,1000.0,0.0,969.6916518590825,-0.007665646855910329
2018-02-12,0.0,1000.0,0.0,981.0720086533988,-0.01173605730491548
2018-02-13,0.0,1000.0,0.0,984.5149558124704,-0.0035093725319889873
2018-02-14,0.0,1000.0,0.0,998.4281976894741,-0.01413207772503752
2018-02-15,0.0,1000.0,0.0,1008.9217606341938,-0.010510082717018112
2018-02-16,0.0,1000.0,0.0,1009.3240919159363,-0.00039877351985118104
2018-02-20,0.0,1000.0,0.0,1001.6233426953032,0.007629610035380556
2018-02-21,0.0,1000.0,0.0,997.4376139074101,0.004178944928169995
2018-02-22,0.0,1000.0,0.0,999.3696168135855,-0.0019369661613290218
2018-02-23,0.0,1000.0,0.0,1011.1837819662841,-0.01182161730148179
2018-02-26,0.0,1000.0,0.0,1018.8213515958107,-0.007553097434647446
2018-02-27,0.0,1000.0,0.0,1004.9815343503308,0.013584145271202077
2018-02-28,0.0,1000.0,0.0,997.6854713653915,0.00725989755588479
2018-03-01,0.0,1000.0,0.0,990.6112180217672,0.007090664890551894
2018-03-02,0.0,1000.0,0.0,995.7811632743417,-0.005218944787339181
2018-03-05,0.0,1000.0,0.0,1000.6143229392983,-0.004853636364303455
2018-03-06,0.0,1000.0,0.0,1006.9742504763426,-0.006356022886382405
2018-03-07,0.0,1000.0,0.0,1007.550544975669,-0.0005723031140606302
2018-03-08,0.0,1000.0,0.0,1009.5687215305865,-0.002003052417550087
2018-03-09,0.0,1000.0,0.0,1020.3778957110172,-0.010706724515041668
2018-03-12,0.0,1000.0,0.0,1022.5832484374653,-0.0021613097811290344
2018-03-13,0.0,1000.0,0.0,1017.7025555555383,0.004772905178512128
2018-03-14,0.0,1000.0,0.0,1018.0177299670978,-0.00030969207047677153
2018-03-15,0.0,1000.0,0.0,1015.4668383451468,0.002505743806675707
2018-03-16,0.0,1000.0,0.0,1014.1334289361749,0.0013130999050100828
2018-03-19,0.0,1000.0,0.0,1004.579206629628,0.009421070279252384
2018-03-20,0.0,1000.0,0.0,1005.6099211884766,-0.00102601621857842
2018-03-21,0.0,1000.0,0.0,1009.2826783465912,-0.0036522682212344177
2018-03-22,0.0,1000.0,0.0,992.0092146003316,0.0171145944707553
2018-03-23,0.0,1000.0,0.0,979.4921421031543,0.012617899423666454
2018-03-26,0.0,1000.0,0.0,998.8263004924027,-0.019738962221518497
2018-03-27,0.0,1000.0,0.0,986.0184925267735,0.012822858147923341
2018-03-28,0.0,1000.0,0.0,982.4725103550618,0.0035962633546807255
2018-03-29,0.0,1000.0,0.0,993.2241405405146,-0.010943441238439584
2018-04-02,0.0,1000.0,0.0,979.7332267398833,0.013582949960609603
2018-04-03,0.0,1000.0,0.0,985.2536462914084,-0.005634615016471873
2018-04-04,0.0,1000.0,0.0,991.1918802336899,-0.006027111865694347
2018-04-05,0.0,1000.0,0.0,993.7980605847005,-0.002629339891682712
2018-04-06,0.0,1000.0,0.0,982.7543587281937,0.011112621662804547
2018-04-09,0.0,1000.0,0.0,986.6119943185267,-0.003925330430816253
2018-04-10,0.0,1000.0,0.0,998.9615782544099,-0.012517163795898416
2018-04-11,0.0,1000.0,0.0,998.8299915451778,0.0001317234937723923
2018-04-12,0.0,1000.0,0.0,1000.4796224296251,-0.0016515632273871
2018-04-13,0.0,1000.0,0.0,998.5545600410907,0.0019241395280590482
2018-04-16,0.0,1000.0,0.0,1002.7807578989596,-0.004232315415689676
2018-04-17,0.0,1000.0,0.0,1010.4280550390705,-0.0076260908278034745
2018-04-18,0.0,1000.0,0.0,1012.1646273019816,-0.0017186500852292166
2018-04-19,0.0,1000.0,0.0,1006.1854750372092,0.005907292256112862
2018-04-20,0.0,1000.0,0.0,997.4447246931036,0.008687017017198031
2018-04-23,0.0,1000.0,0.0,994.4260575837303,0.0030264003955728764
2018-04-24,0.0,1000.0,0.0,987.484130613478,0.006980837757932393
2018-04-25,0.0,1000.0,0.0,984.6026729992692,0.0029179786539138236
2018-04-26,0.0,1000.0,0.0,992.8656329302669,-0.008392177024897982
2018-04-27,0.0,1000.0,0.0,995.5962082054509,-0.0027501961842763623
2018-04-30,0.0,1000.0,0.0,989.969453543735,0.005651643322203946
2018-05-01,0.0,1000.0,0.0,989.5181464335649,0.00045587983402379476
2018-05-02,0.0,1000.0,0.0,986.8629025128798,0.0026833706185733935
2018-05-03,0.0,1000.0,0.0,987.2548917906956,-0.00039720743055350816
2018-05-04,0.0,1000.0,0.0,995.1657630088828,-0.008012997741483277
2018-05-07,0.0,1000.0,0.0,997.0337088739789,-0.0018770198237612532
2018-05-08,0.0,1000.0,0.0,998.3087702013358,-0.001278854782950946
2018-05-09,0.0,1000.0,0.0,1001.4771810015974,-0.0031737783888473275
2018-05-10,0.0,1000.0,0.0,1011.1034270441228,-0.009612047308854408
2018-05-11,0.0,1000.0,0.0,1011.9852960637583,-0.0008721847795666157
2018-05-14,0.0,1000.0,0.0,1010.8409787613382,0.0011307647520879063
2018-05-15,0.0,1000.0,0.0,1000.2728367998521,0.010454801678534948
2018-05-16,0.0,1000.0,0.0,1004.8901820734006,-0.004616085835461263
2018-05-17,0.0,1000.0,0.0,1002.2640187636999,0.002613383389100427
2018-05-18,0.0,1000.0,0.0,1000.9207462622359,0.0013402381770834446
2018-05-21,0.0,1000.0,0.0,1005.6697027572501,-0.004744587933408674
2018-05-22,0.0,1000.0,0.0,1004.0553473796532,0.001605254064203056
2018-05-23,0.0,1000.0,0.0,1005.3985788594911,-0.0013378062109258293
2018-05-24,0.0,1000.0,0.0,1006.2725929238978,-0.000869320966614343
2018-05-25,0.0,1000.0,0.0,1005.9248741648719,0.0003455512566586779
2018-05-29,0.0,1000.0,0.0,1000.2966715768702,0.0055950526053689985
2018-05-30,0.0,1000.0,0.0,1008.0575757750314,-0.007758602441340713
2018-05-31,0.0,1000.0,0.0,1004.4099333217433,0.0036184862263284323
2018-06-01,0.0,1000.0,0.0,1010.4649384350977,-0.006028420182314801
2018-06-04,0.0,1000.0,0.0,1013.9330574727554,-0.0034322012627463483
2018-06-05,0.0,1000.0,0.0,1014.9507828753597,-0.001003740232260448
2018-06-06,0.0,1000.0,0.0,1020.4550768687293,-0.005423212717542568
2018-06-07,0.0,1000.0,0.0,1016.7489230737674,0.00363186374292368
2018-06-08,0.0,1000.0,0.0,1017.2489273444207,-0.0004917676914196438
2018-06-11,0.0,1000.0,0.0,1018.9731202279681,-0.001694956698601218
2018-06-12,0.0,1000.0,0.0,1018.8410918445272,0.00012957003557794483
2018-06-13,0.0,1000.0,0.0,1017.3905833913328,0.0014236846793922453
2018-06-14,0.0,1000.0,0.0,1020.1427819792539,-0.002705154375173332
2018-06-15,0.0,1000.0,0.0,1014.6681067025229,0.005366577476644041
2018-06-18,0.0,1000.0,0.0,1011.454019672213,0.0031676239837233095
2018-06-19,0.0,1000.0,0.0,1004.3315857023305,0.00704177731400059
2018-06-20,0.0,1000.0,0.0,1005.5812733784269,-0.0012442978931331838
2018-06-21,0.0,1000.0,0.0,999.5521140767862,0.005995695684929176
2018-06-22,0.0,1000.0,0.0,1002.343046987518,-0.002792183490412246
2018-06-25,0.0,1000.0,0.0,990.7062456633428,0.01160959948707087
2018-06-26,0.0,1000.0,0.0,991.5749595610648,-0.000876863249348357
2018-06-27,0.0,1000.0,0.0,982.6765387215977,0.008974027383069596
2018-06-28,0.0,1000.0,0.0,986.4474833738753,-0.0038374220851791685
2018-06-29,0.0,1000.0,0.0,989.8579898801895,-0.0034573624686531196
2018-07-02,0.0,1000.0,0.0,987.5439615681103,0.002337737671197937
2018-07-03,0.0,1000.0,0.0,988.1730696374946,-0.0006370431027549987
2018-07-05,0.0,1000.0,0.0,994.6047291827444,-0.00650863673871338
2018-07-06,0.0,1000.0,0.0,1002.174141549135,-0.00761047292888923
2018-07-09,0.0,1000.0,0.0,1009.0307517722816,-0.006841735322114596
2018-07-10,0.0,1000.0,0.0,1008.3320824319316,0.0006924163006161642
2018-07-11,0.0,1000.0,0.0,999.1003021514475,0.009155495933659481
2018-07-12,0.0,1000.0,0.0,1007.1831056164333,-0.008090082094440685
2018-07-13,0.0,1000.0,0.0,1007.2648666703343,-8.117794415450432e-05
2018-07-16,0.0,1000.0,0.0,1004.710393836618,0.002536048777478531
2018-07-17,0.0,1000.0,0.0,1006.2875757848946,-0.001569787630298041
2018-07-18,0.0,1000.0,0.0,1006.0393632362305,0.00024666164487866356
2018-07-19,0.0,1000.0,0.0,1004.0246314267556,0.0020026371562579088
2018-07-20,0.0,1000.0,0.0,1005.1420929977179,-0.0011129822277113582
2018-07-23,0.0,1000.0,0.0,1002.6364805782296,0.002492794239683817
2018-07-24,0.0,1000.0,0.0,1005.9017776923811,-0.0032567108592223637
2018-07-25,0.0,1000.0,0.0,1013.6299395363488,-0.00768281955092747
2018-07-26,0.0,1000.0,0.0,1008.205665316662,0.005351335835806064
2018-07-27,0.0,1000.0,0.0,1003.7066103211445,0.0044624377250493796
2018-07-30,0.0,1000.0,0.0,999.0513192158899,0.004638099477859552
2018-07-31,0.0,1000.0,0.0,1004.4517575246639,-0.005405566465807191
2018-08-01,0.0,1000.0,0.0,1000.1150979519986,0.004317439379420719
2018-08-02,0.0,1000.0,0.0,1000.4819313821911,-0.0003667912132749862
2018-08-03,0.0,1000.0,0.0,1003.4374654101883,-0.0029541103495132376
2018-08-06,0.0,1000.0,0.0,1003.2436796849355,0.00019312187548597187
2018-08-07,0.0,1000.0,0.0,1006.7527940880241,-0.003497768761613768
2018-08-08,0.0,1000.0,0.0,1006.9639250102971,-0.0002097147616701037
2018-08-09,0.0,1000.0,0.0,1007.2039925386296,-0.0002384072779271218
2018-08-10,0.0,1000.0,0.0,999.7818661905947,0.007369039840010694
2018-08-13,0.0,1000.0,0.0,992.941628134932,0.006841730468392522
2018-08-14,0.0,1000.0,0.0,996.8078232380489,-0.0038936781312902996
2018-08-15,0.0,1000.0,0.0,984.5237192800314,0.012323442565000777
2018-08-16,0.0,1000.0,0.0,989.1715962505994,-0.004720939556404894
2018-08-17,0.0,1000.0,0.0,994.1166253227021,-0.00499916201682961
2018-08-20,0.0,1000.0,0.0,997.7602624615123,-0.003665200888907205
2018-08-21,0.0,1000.0,0.0,1002.8845451303796,-0.005135785480397503
2018-08-22,0.0,1000.0,0.0,1006.2805398868311,-0.0033862270317566007
2018-08-23,0.0,1000.0,0.0,1000.9640529688078,0.005283304910796887
2018-08-24,0.0,1000.0,0.0,1010.1979842515973,-0.00922503785765543
2018-08-27,0.0,1000.0,0.0,1016.7285262292685,-0.006464615926262399
2018-08-28,0.0,1000.0,0.0,1014.4651832811963,0.002226103516998939
2018-08-29,0.0,1000.0,0.0,1019.8725829675095,-0.005330295978047588
2018-08-30,0.0,1000.0,0.0,1013.3243675591168,0.006420621083213555
2018-08-31,0.0,1000.0,0.0,1013.1601277044878,0.00016208023796442688
2018-09-04,0.0,1000.0,0.0,1005.705104425376,0.007358188577754721
2018-09-05,0.0,1000.0,0.0,999.8095824296457,0.005862078227293914
2018-09-06,0.0,1000.0,0.0,997.6457757037388,0.002164218831198423
2018-09-07,0.0,1000.0,0.0,993.283979483469,0.004372089098651245
2018-09-10,0.0,1000.0,0.0,994.0744622667737,-0.0007958275776438484
2018-09-11,0.0,1000.0,0.0,995.3168390622131,-0.0012497824283769696
2018-09-12,0.0,1000.0,0.0,997.4481424399241,-0.0021413315781125025
2018-09-13,0.0,1000.0,0.0,1002.5308902298193,-0.005095751421684994
2018-09-14,0.0,1000.0,0.0,1001.2021436631837,0.0013253921446061412
2018-09-17,0.0,1000.0,0.0,996.4458390370968,0.0047505937299381195
2018-09-18,0.0,1000.0,0.0,1000.1504802838939,-0.003717855102267171
2018-09-19,0.0,1000.0,0.0,1001.856579930122,-0.0017058429504965675
2018-09-20,0.0,1000.0,0.0,1010.4310226890267,-0.008558553120949552
2018-09-21,0.0,1000.0,0.0,1007.8558215040971,0.0025486165083058137
2018-09-24,0.0,1000.0,0.0,1004.3097418608115,0.003518439411297528
2018-09-25,0.0,1000.0,0.0,1005.956273967516,-0.0016394664296036168
2018-09-26,0.0,1000.0,0.0,1004.5528045163226,0.001395159498989004
2018-09-27,0.0,1000.0,0.0,1005.4138994346808,-0.0008571922894315488
2018-09-28,0.0,1000.0,0.0,1004.2278166886671,0.0011796959905573073
2018-10-01,0.0,1000.0,0.0,1001.7204703770349,0.002496790339765766
2018-10-02,0.0,1000.0,0.0,999.7571190743257,0.0019599792165274793
2018-10-03,0.0,1000.0,0.0,996.7615486998271,0.002996298118159189
2018-10-04,0.0,1000.0,0.0,984.7661548791876,0.012034366530577212
2018-10-05,0.0,1000.0,0.0,978.816751395555,0.006041437811560952
2018-10-08,0.0,1000.0,0.0,975.183129631908,0.0037122594790766072
2018-10-09,0.0,1000.0,0.0,975.5034228443583,-0.0003284441688109961
2018-10-10,0.0,1000.0,0.0,953.8284311007068,0.022219288252676654
2018-10-11,0.0,1000.0,0.0,948.4130751847554,0.00567749475626573
2018-10-12,0.0,1000.0,0.0,957.4471576050622,-0.009525472240613017
2018-10-15,0.0,1000.0,0.0,954.6039862143947,0.0029695334808653717
2018-10-16,0.0,1000.0,0.0,971.3367930102779,-0.017528532289331013
2018-10-17,0.0,1000.0,0.0,967.4963093221096,0.003953812638216069
2018-10-18,0.0,1000.0,0.0,953.951592744411,0.013999760461297108
2018-10-19,0.0,1000.0,0.0,954.1737690787096,-0.00023290105702254506
2018-10-22,0.0,1000.0,0.0,954.3161896523665,-0.0001492606255507781
2018-10-23,0.0,1000.0,0.0,950.3484536745755,0.004157674385924705
2018-10-24,0.0,1000.0,0.0,928.0237464225269,0.023491075474189334
2018-10-25,0.0,1000.0,0.0,941.2366533228927,-0.014237681903400532
2018-10-26,0.0,1000.0,0.0,932.7226025066138,0.009045600579005655
2018-10-29,0.0,1000.0,0.0,925.0066901993985,0.008272462022984626
2018-10-30,0.0,1000.0,0.0,934.8331552924075,-0.010623128672605302
2018-10-31,0.0,1000.0,0.0,940.6767853507571,-0.006250987168423412
2018-11-01,0.0,1000.0,0.0,955.0300831607314,-0.01525847988756541
2018-11-02,0.0,1000.0,0.0,951.9460716445274,0.0032292297076100657
2018-11-05,0.0,1000.0,0.0,952.8274594967247,-0.0009258800245633969
2018-11-06,0.0,1000.0,0.0,955.2473894323389,-0.002539735721819298
2018-11-07,0.0,1000.0,0.0,969.4594343391722,-0.014877868355420345
2018-11-08,0.0,1000.0,0.0,962.697911801008,0.006974528586410836
2018-11-09,0.0,1000.0,0.0,952.5215951949112,0.010570622914366739
2018-11-12,0.0,1000.0,0.0,938.9352487458364,0.014263557401336098
2018-11-13,0.0,1000.0,0.0,940.4546574516788,-0.0016182252267895128
2018-11-14,0.0,1000.0,0.0,939.6423918556575,0.0008636945860019793
2018-11-15,0.0,1000.0,0.0,948.8183912627471,-0.00976541659531611
2018-11-16,0.0,1000.0,0.0,951.2218978661267,-0.0025331576890926483
2018-11-19,0.0,1000.0,0.0,939.1788582689848,0.01266059961840468
2018-11-20,0.0,1000.0,0.0,926.5403290051663,0.013456999327170371
2018-11-21,0.0,1000.0,0.0,934.3220997420616,-0.008398739367611232
2018-11-23,0.0,1000.0,0.0,929.9344654820763,0.004696061734166923
2018-11-26,0.0,1000.0,0.0,940.0632477927762,-0.01089193129910404
2018-11-27,0.0,1000.0,0.0,939.6283468970457,0.0004626293994062859
2018-11-28,0.0,1000.0,0.0,955.3300228964633,-0.01671051756928107
2018-11-29,0.0,1000.0,0.0,953.3080220927842,0.0021165469054856673
2018-11-30,0.0,1000.0,0.0,955.3933913988509,-0.0021875083999488725
2018-12-03,0.0,1000.0,0.0,967.1324886043174,-0.012287186944299882
2018-12-04,0.0,1000.0,0.0,948.1113369073112,0.01966757597447255
2018-12-06,0.0,1000.0,0.0,946.4939458006247,0.0017059084136281813
2018-12-07,0.0,1000.0,0.0,933.4205757398101,0.01381241804960084
2018-12-10,0.0,1000.0,0.0,932.3339320342775,0.0011641522950910366
2018-12-11,0.0,1000.0,0.0,933.9176609924825,-0.0016986713706209158
2018-12-12,0.0,1000.0,0.0,940.8716182113956,-0.00744600676201249
2018-12-13,0.0,1000.0,0.0,938.0752257547047,0.0029721296748294523
2018-12-14,0.0,1000.0,0.0,926.6204910416792,0.012210891406720508
2018-12-17,0.0,1000.0,0.0,917.0504931873334,0.010327850448879627
2018-12-18,0.0,1000.0,0.0,916.0010039144829,0.0011444181979585663
2018-12-19,0.0,1000.0,0.0,905.605142445158,0.011349181305368343
2018-12-20,0.0,1000.0,0.0,901.4950280274135,0.00453852813451031
2018-12-21,0.0,1000.0,0.0,887.068622506571,0.01600275661243435
2018-12-24,0.0,1000.0,0.0,877.1251199293674,0.011209394994838686
2018-12-26,0.0,1000.0,0.0,900.9866046950848,-0.02720419723886022
2018-12-27,0.0,1000.0,0.0,904.2203051186343,-0.00358906603793934
2018-12-28,0.0,1000.0,0.0,907.8840193523712,-0.004051793808430555
2018-12-31,0.0,1000.0,0.0,911.4293618559549,-0.0039050610298358673
2019-01-02,0.0,1000.0,0.0,913.6664013661673,-0.002454429935916364
2019-01-03,0.0,1000.0,0.0,903.0743508558867,0.011592907974335891
2019-01-04,0.0,1000.0,0.0,923.3087669186773,-0.02240614634178622
2019-01-07,0.0,1000.0,0.0,929.0993760581858,-0.0062715847038184525
2019-01-08,0.0,1000.0,0.0,934.2347378388424,-0.005527247044814411
2019-01-09,0.0,1000.0,0.0,941.5680437410263,-0.00784953246241728
2019-01-10,0.0,1000.0,0.0,942.953888215752,-0.0014718473974750948
2019-01-11,0.0,1000.0,0.0,941.729953291851,0.0012979796140584674
2019-01-14,0.0,1000.0,0.0,936.4608114425524,0.005595172831532007
2019-01-15,0.0,1000.0,0.0,942.64827334912,-0.0066072833277840415
2019-01-16,0.0,1000.0,0.0,946.5496981649344,-0.004138791663992526
2019-01-17,0.0,1000.0,0.0,950.801192700142,-0.004491570324780488
2019-01-18,0.0,1000.0,0.0,955.4537138260102,-0.004893263872183172
2019-01-22,0.0,1000.0,0.0,945.6507602778944,0.010259998371727577
2019-01-23,0.0,1000.0,0.0,947.499255891299,-0.001954733915574975
2019-01-24,0.0,1000.0,0.0,951.4056267884258,-0.004122822126601263
2019-01-25,0.0,1000.0,0.0,960.6051607214796,-0.009669412996965285
2019-01-28,0.0,1000.0,0.0,955.2936515774046,0.005529336465448144
2019-01-29,0.0,1000.0,0.0,955.4910435049113,-0.00020662958157507166
2019-01-30,0.0,1000.0,0.0,967.76546837543,-0.012846195633078745
2019-01-31,0.0,1000.0,0.0,974.7138997158677,-0.007179871123219416
2019-02-01,0.0,1000.0,0.0,971.7301548157409,0.003061149431639963
2019-02-04,0.0,1000.0,0.0,975.6025191471728,-0.0039850202365761134
2019-02-05,0.0,1000.0,0.0,981.5697511242951,-0.006116458147667243
2019-02-06,0.0,1000.0,0.0,977.2988829488215,0.004351059280893458
2019-02-07,0.0,1000.0,0.0,970.9467025194117,0.006499731597199061
2019-02-08,0.0,1000.0,0.0,971.4243711932992,-0.0004919617860052223
2019-02-11,0.0,1000.0,0.0,970.7061699433583,0.0007393280128010136
2019-02-12,0.0,1000.0,0.0,978.9798476174943,-0.008523359519409286
2019-02-13,0.0,1000.0,0.0,977.8747973757813,0.0011287773128347675
2019-02-14,0.0,1000.0,0.0,979.9426591059579,-0.0021146487625264276
2019-02-15,0.0,1000.0,0.0,987.1729493407902,-0.007378278889734968
2019-02-19,0.0,1000.0,0.0,992.2271174839007,-0.005119840597825919
2019-02-20,0.0,1000.0,0.0,993.7074252060361,-0.0014919041175664688
2019-02-21,0.0,1000.0,0.0,988.680642913101,0.005058613999883134
2019-02-22,0.0,1000.0,0.0,995.199867561655,-0.00659386293772833
2019-02-25,0.0,1000.0,0.0,997.3859799186288,-0.0021966565995733384
2019-02-26,0.0,1000.0,0.0,997.5897736362838,-0.00020432783471808453
2019-02-27,0.0,1000.0,0.0,993.2241115855065,0.004376209706785745
2019-02-28,0.0,1000.0,0.0,988.8199405005391,0.004434216843504598
2019-03-01,0.0,1000.0,0.0,988.9273295186903,-0.00010860320848382621
2019-03-04,-0.0001665371966553808,999.8334628033447,-0.00016653719665532662,987.5721395603294,0.0012038263456490203
2019-03-05,0.00043848305791893694,1000.2718728375244,0.0,988.8333474900069,-0.00083859623498098
2019-03-06,-0.0003013197517073296,999.9704711651611,-0.0003013197517073279,983.658295326809,0.004932173006535415
2019-03-07,-0.0002740039101080116,999.6964753460693,-0.0005752410990252255,975.9327467945255,0.007579890647571428
2019-03-08,0.00364529054810081,1003.3406594586181,0.0,976.5437683557263,0.0030192007245881036
2019-03-11,-0.0010411733536075385,1002.2960078993988,-0.001041173353607556,986.6337773884508,-0.011373540790362235
2019-03-12,0.0,1002.2960078993988,-0.001041173353607556,990.4973696078373,-0.003915933457714412
2019-03-13,0.0,1002.2960078993988,-0.001041173353607556,995.1614290972644,-0.004708805527947803
2019-03-14,0.0,1002.2960078993988,-0.001041173353607556,990.7951611518874,0.004387497161478317
2019-03-15,0.0,1002.2960078993988,-0.001041173353607556,997.7464396841764,-0.007015858378039942
2019-03-18,0.0,1002.2960078993988,-0.001041173353607556,1001.3449321849434,-0.0036066202370073235
2019-03-19,0.0,1002.2960078993988,-0.001041173353607556,1001.5635055140137,-0.00021827975759886837
2019-03-20,0.0,1002.2960078993988,-0.001041173353607556,1002.8502087908198,-0.0012846946496375253
2019-03-21,0.0,1002.2960078993988,-0.001041173353607556,1008.4347956646099,-0.005568714873703441
2019-03-22,0.0,1002.2960078993988,-0.001041173353607556,992.8444923277219,0.015459902220661879
2019-03-25,0.0,1002.2960078993988,-0.001041173353607556,994.9402911345201,-0.0021109033922167087
2019-03-26,0.0,1002.2960078993988,-0.001041173353607556,998.4890787408809,-0.0035668347517760412
2019-03-27,0.0,1002.2960078993988,-0.001041173353607556,995.3675833765604,0.003126218834818625
2019-03-28,0.0,1002.2960078993988,-0.001041173353607556,996.5789885192808,-0.001217042992912238
2019-03-29,0.0,1002.2960078993988,-0.001041173353607556,1001.0562618450978,-0.004492642708100236
2019-04-01,0.0,1002.2960078993988,-0.001041173353607556,1007.4985901222367,-0.0064355306716373795
2019-04-02,-0.0008416453097138676,1001.4524301654053,-0.0018819423646517686,1008.1237242408212,-0.001462126692728684
2019-04-03,-0.0010910269394568406,1000.3598185855103,-0.0029709160542902837,1010.574712932958,-0.0035222649246381887
2019-04-04,0.0038515273187489374,1004.2127317553711,0.0,1012.9713689750677,0.0014799500257114883
2019-04-05,0.0026623821587428154,1006.886329815979,0.0,1017.2969933699969,-0.0016078514603038762
2019-04-08,0.0002711230694278921,1007.1593199282837,0.0,1017.7412176085207,-0.00016554807127040175
2019-04-09,0.00209531494135895,1009.2696358996583,0.0,1014.7114016548384,0.005072315284139397
2019-04-10,0.0034199713136497945,1012.721309102173,0.0,1019.9897625202459,-0.001781863273799652
2019-04-11,-0.00983250769536037,1002.7637190371704,-0.009832507695360418,1014.8192128258058,-0.004763290449822107
2019-04-12,-0.00023854277641333077,1002.5245169955447,-0.010068704998089038,1017.8417563685547,-0.0032169486880758236
2019-04-15,-0.001554966253562995,1000.9656252032471,-0.011608014755162883,1016.70441521532,-0.0004375615625897833
2019-04-16,-0.0025232800480720075,998.4399086123658,-0.014102004531205487,1016.6256664263193,-0.00244582509870604
2019-04-17,0.0004990857712079411,998.9382157641603,-0.013609956869804664,1016.0707000421731,0.0010449763605110884
2019-04-18,0.0017341598766174027,1000.6705343371583,-0.011899398834313357,1016.7986940245481,0.0010176802238286748
2019-04-22,-0.003797171502232244,996.8708167010498,-0.01565138627839822,1015.0697457953297,-0.0020967875035321337
2019-04-23,0.0007792324131774553,997.6476107531739,-0.014884349932720035,1021.0217092342997,-0.005084368057257728
2019-04-24,-0.0009532348874335961,996.6966182452393,-0.015823396538520936,1019.328242809745,0.0007053649339400384
2019-04-25,-0.0006696275398532237,996.0292027407837,-0.016482428296277923,1018.2218840365889,0.00041575273971840494
2019-04-26,0.004636529347481044,1000.6473213702394,-0.01192232021131042,1023.05906490695,-0.00011408635445689808
2019-04-29,-0.002906422405526854,997.7390175753785,-0.01479409131824926,1023.5844451241818,-0.003419960905163309
2019-04-30,0.002401622730030306,1000.1352102786256,-0.012427998414199103,1022.9969516192932,0.00297557977645405
2019-05-01,-0.004045954410220709,996.0887088137817,-0.016423669709425645,1017.4444238430427,0.001381752649376503
2019-05-02,-0.003593841597433034,992.5089237773134,-0.01995848723947448,1016.043472960024,-0.0022169104843537324
2019-05-03,0.009244353650562642,1001.6840272700501,-0.010898636903283835,1027.1058682926353,-0.0016433648644565823
2019-05-06,-0.008978076284750225,992.6908316600038,-0.019778864394516562,1021.6821280393959,-0.003697471411705019
2019-05-07,-0.013010206052717965,979.7757193934632,-0.03253174334597312,1009.6941027455478,-0.0012765905133590594
2019-05-08,-0.001297524924923632,978.5044359767152,-0.03378705752305415,1007.4178098787531,0.0009569131871786573
2019-05-09,-0.007009181515398422,971.6459207713318,-0.04055941941940228,1003.6826145608433,-0.0033014891545104985
2019-05-10,0.002382753421507955,973.9611134135439,-0.03827330909329034,1006.9733546610913,-0.000895912615452204
2019-05-13,-0.022415452759583565,952.1293340861512,-0.059830848300940334,988.2376495227254,-0.003809493573432521
2019-05-14,0.00814771960144034,959.8870169245913,-0.05217061367497231,995.584034685933,0.0007138951901201219
2019-05-15,0.005235814267336103,964.9128070628358,-0.0472079550510513,1000.4654812716633,0.00033271576870440127
2019-05-16,0.0017186918676546092,966.5711948573305,-0.045570399111831486,1003.0683801558545,-0.0008829959795688203
2019-05-17,-0.00924399842714052,957.63621225235,-0.054393144841258095,994.4560905767133,-0.0006580537901428474
2019-05-20,-0.006942937933442361,950.9874034678651,-0.06095843454606287,988.6585528496482,-0.0011130800020549957
2019-05-21,0.007527149956326751,958.1456282603456,-0.0538901278676672,995.4901076485044,0.0006172266272205396
2019-05-22,-0.0030620623292340055,955.2117266261293,-0.05678717526643999,992.6316004307422,-0.0001906051486957011
2019-05-23,-0.009187503344331716,946.4357156932069,-0.06545294624809612,985.3841878412455,-0.001886292516113307
2019-05-24,0.00016611097937313524,946.5929290568544,-0.0652977077217272,988.8805810748415,-0.0033821428659173308
2019-05-28,-9.972763486953973e-05,946.4985275828553,-0.0653909233706432,985.5021536174935,0.003316688383408325
2019-05-29,-0.0005715005760406067,945.9576031291201,-0.06592505299630969,982.709340813505,0.0022623976490793334
2019-05-30,0.003135044118658392,948.9232219493103,-0.06299668682731953,986.7484866013928,-0.0009751699803996717
2019-05-31,-0.0040186784684409504,945.109804629059,-0.06676220186682445,983.5007160483594,-0.0007272920643740838
2019-06-03,0.0015684999151426293,946.5922092774202,-0.06529841845964458,985.3160363011359,-0.0002772742903611261
2019-06-04,0.0,946.5922092774202,-0.06529841845964458,996.3393339870377,-0.011187575640484957
2019-06-05,0.0,946.5922092774202,-0.06529841845964458,997.0330629235445,-0.0006962777769004161
2019-06-06,0.0,946.5922092774202,-0.06529841845964458,1000.2900307651428,-0.003266659815721686
2019-06-07,0.0,946.5922092774202,-0.06529841845964458,1010.4622308127274,-0.010169250652037063
2019-06-10,0.0,946.5922092774202,-0.06529841845964458,1012.7668076726694,-0.0022807154880875985
2019-06-11,0.0,946.5922092774202,-0.06529841845964458,1014.7762433559369,-0.0019841049963761825
2019-06-12,0.0,946.5922092774202,-0.06529841845964458,1012.083699234833,0.0026533377567054144
2019-06-13,0.0,946.5922092774202,-0.06529841845964458,1016.3357263139432,-0.004201260313079721
2019-06-14,0.0,946.5922092774202,-0.06529841845964458,1011.9375982988488,0.0043274362016631086
2019-06-17,0.0,946.5922092774202,-0.06529841845964458,1010.0323974551291,0.0018827256215426485
2019-06-18,0.0,946.5922092774202,-0.06529841845964458,1022.1806298778207,-0.012027567089234279
2019-06-19,0.0,946.5922092774202,-0.06529841845964458,1026.7959092107656,-0.004515130885914344
2019-06-20,0.0,946.5922092774202,-0.06529841845964458,1037.770083481894,-0.010687785345350325
2019-06-21,0.0,946.5922092774202,-0.06529841845964458,1033.5779410276116,0.004039567647023702
2019-06-24,0.0,946.5922092774202,-0.06529841845964458,1034.685432279674,-0.0010715120825442698
2019-06-25,0.0,946.5922092774202,-0.06529841845964458,1028.1362893724615,0.006329598062266089
2019-06-26,0.0,946.5922092774202,-0.06529841845964458,1027.616894428966,0.0005051810240183403
2019-06-27,0.0,946.5922092774202,-0.06529841845964458,1033.736827867146,-0.00595546207089283
2019-06-28,0.0,946.5922092774202,-0.06529841845964458,1037.4143112037214,-0.0035574657276770433
2019-07-01,0.0,946.5922092774202,-0.06529841845964458,1040.2852914784642,-0.002767438470567818
2019-07-02,-0.0006252723522502945,946.0003313401036,-0.06588286151618636,1044.7284760835707,-0.004896393593224294
2019-07-03,0.007163633777123257,952.7771312668614,-0.059191188431153945,1050.16118342806,0.001963519614584789
2019-07-05,-0.002346417431629666,950.5415183975987,-0.0613987186264499,1044.237001038337,0.0032947950633745527
2019-07-08,-0.007427514653352896,943.4813573410802,-0.06837019339750777,1038.4353767137532,-0.0018716644787131831
2019-07-09,0.000715523905505222,944.1564408066562,-0.06770358999980254,1038.9444235184365,0.0002253183365326729
2019-07-10,0.005100296783176361,948.9719188645175,-0.06294860161891173,1044.6934862641342,-0.00043326460428289807
2019-07-11,-0.0019646228037800695,947.1075469925694,-0.06478955416448522,1040.6299291607397,0.0019250894963568038
2019-07-12,0.004919508458846256,951.7668505814365,-0.06018877846539595,1044.6910310696567,0.0010169665511842335
2019-07-15,-0.00035180316957039715,951.43201598671,-0.06051940703192961,1045.9877530975361,-0.0015930524856976166
2019-07-16,-0.003215043923304628,948.3731202652745,-0.06353987840341423,1042.1575253471653,0.00044678456276328994
2019-07-17,-0.00448977156482655,944.1151415970616,-0.06774437042895264,1042.7516646816075,-0.005059876678489061
2019-07-18,0.0026405584134610027,946.6081327774815,-0.06528269498279252,1047.5017942614988,-0.0019148211086055566
2019-07-19,-0.005344112268785839,941.5493526413729,-0.07027792920038138,1040.9609144403883,0.0009001537142828376
2019-07-22,0.0027502287396972136,944.1388287308505,-0.06772098084133751,1042.8280055418982,0.0009566060631785525
2019-07-23,0.006482394693017701,950.2591092636874,-0.06167758027513158,1045.3069805778023,0.004105228925767209
2019-07-24,0.008082964498475675,957.9400199082188,-0.054093153468371756,1051.2927790446133,0.002356609869615849
2019-07-25,-0.010567847085489745,947.8166562607578,-0.06408935237963578,1042.7061691192991,-0.002400179527535509
2019-07-26,0.008081903965445392,955.4768194535068,-0.05652541240533021,1048.210400887988,0.002803109294710885
2019-07-29,-0.002691960668954163,952.9047134354405,-0.05906520888729283,1047.5060496214621,-0.002020004670493252
2019-07-30,-0.0016939774981661326,951.2905142929844,-0.06065913125067939,1046.0858291379031,-0.00033816625099277907
2019-07-31,-0.00957886851756884,942.1782275345615,-0.06965695392560799,1037.5862312542072,-0.0014537246269374117
2019-08-01,-0.007461996325471065,935.1476970627598,-0.07659917031684266,1036.2898148766383,-0.006212542218893494
2019-08-02,-0.005696034513023029,929.8210635055163,-0.08185889331207198,1029.3992188506759,0.0009532598513941459
2019-08-05,-0.0015306489938259338,928.3978338302235,-0.08326424507321407,1010.8542553521434,0.016484677964784113
2019-08-06,0.009979366986077265,937.6626565230945,-0.07411580254554107,1021.6032668380386,-0.000654224779483974
2019-08-07,0.00694739993007798,944.1769739974598,-0.06768331473688566,1025.9311535520346,0.0027110325901504384
2019-08-08,0.009505822292861899,953.1521525252917,-0.058820878006104395,1039.4379795137913,-0.0036596088522910433
2019-08-09,-0.00487748111998787,948.5031708968738,-0.06341146140415638,1031.830376415389,0.0024414770558147825
2019-08-12,0.006470321235655163,954.6402911056141,-0.05735143269380849,1027.9934488575286,0.010188885493464701
2019-08-13,0.0038988115420295344,958.3622536910632,-0.05367622357951742,1036.9493923893388,-0.0048132513040551415
2019-08-14,7.002553836521486e-05,958.4293635238269,-0.05360995674760573,1020.016389683849,0.016399658237674277
2019-08-15,0.005701198781608907,963.893559843407,-0.04821439898608842,1023.7224917393255,0.0020678237761099227
2019-08-16,0.00014992165154370518,964.0380683578112,-0.048071705716868814,1033.0605786393937,-0.008971775854782213
2019-08-19,-0.0037086992914249217,960.462741056786,-0.051602121507363985,1036.3363837233655,-0.0068796702409561795
2019-08-20,0.003559888714319115,963.881881529198,-0.04822593060303382,1035.5759022584389,0.004293705915828815
2019-08-21,-0.000458794930756512,963.4396574081044,-0.048662599721298654,1040.3147897516772,-0.005034883929064815
2019-08-22,-0.004159973034935871,959.4317744124988,-0.052620137653584025,1035.8701700520378,0.00011240657883485484
2019-08-23,0.0017231200165148675,961.0849905074695,-0.05098768844953175,1024.137395937585,0.013049610974221939
2019-08-26,0.00343172905741973,964.3831737960438,-0.047730935324135026,1030.994687915886,-0.003263946743016428
2019-08-27,0.007816912610831395,971.9216727889636,-0.04028713126356572,1031.7460842965647,0.007088105382738233
2019-08-28,0.0006286549987259971,972.5326762069325,-0.03968380297129297,1035.2178759914252,-0.0027363121649028243
2019-08-29,0.0011463772899924507,973.6475655807117,-0.03858291829180736,1043.2710734466125,-0.006632852224832675
2019-08-30,-0.0015336136097913178,972.1543664229969,-0.04005736061300093,1043.9862737187361,-0.00221914998698723
2019-09-03,0.0013389908279883844,973.4560722030262,-0.03877200622346667,1040.2751863949459,0.004893718909394162
2019-09-04,0.007213976906149222,980.4785618270496,-0.03183772967481861,1051.042329751306,-0.003136306842974104
2019-09-05,-0.008383059939283344,972.2591512740711,-0.03995389201790727,1054.6917700745234,-0.011855270543856315
2019-09-06,-0.0007448730040520157,971.5349416793445,-0.040669004446388386,1054.9086225113347,-0.0009504804080006725
2019-09-09,-0.007966546971722832,963.795162931786,-0.04831155988389585,1054.3692326590494,-0.007455232682717273
2019-09-10,-0.0096895150466898,954.4564551986316,-0.05753295934416156,1052.2601927135752,-0.007689229112553193
2019-09-11,0.004541121281274041,958.7907577193835,-0.053253102208939994,1060.350222866341,-0.0031471199054454247
2019-09-12,-0.00010416404224999898,958.6908861983875,-0.053351719192801544,1062.8351910636954,-0.0024476993608328096
2019-09-13,-0.011004025781812365,948.1414269698719,-0.06376866128111232,1059.677596743342,-0.008033109550488304
2019-09-16,0.005427609759700136,953.2875686324695,-0.05868716292974461,1059.757359437281,0.005352339041338409
2019-09-17,0.004058502182383794,957.1564883102038,-0.054866842726189004,1062.1050005626355,0.001843239316362052
2019-09-18,-0.0008324762014257914,956.3596783126453,-0.055653643586797856,1060.0878545053251,0.0010667202586623745
2019-09-19,0.0028966766404017186,959.1299430526356,-0.052918177555727364,1060.5551071975879,0.002455908745291097
2019-09-20,0.004744113120672244,963.6801639999012,-0.04842511425551929,1060.8146949390812,0.004499347205415576
2019-09-23,0.0012772957117914707,964.9110685409169,-0.04720967173450932,1060.992640081767,0.0011095518602641796
2019-09-24,0.0014163014229902071,966.2776734603503,-0.04586023343677562,1055.4273357196098,0.006661676510349958
2019-09-25,-0.007527128646318215,959.0043771041492,-0.05304216620626509,1054.112376136106,-0.006281226120392788
2019-09-26,0.0008411788336000203,959.8110712874989,-0.052245605320166165,1053.009372819844,0.0018875599797023262
2019-09-27,-0.004972354982218485,955.038549925194,-0.05695817660647186,1046.2789951495777,0.0014192098452085865
2019-09-30,-0.001215022866719484,953.8781562484363,-0.05810399398616784,1048.016715915114,-0.0028758807961934817
2019-10-01,-0.0004750957322940952,953.4249728072741,-0.05855148475888987,1040.552595595231,0.006647042881082151
2019-10-02,-0.0009601295913674868,952.5095612777332,-0.0594553973371218,1032.172700855192,0.0070931824425576485
2019-10-03,0.008175351236664463,960.2966614974597,-0.05176611485660385,1040.3860678716549,0.00021799389747340948
2019-10-04,0.007294308725867893,967.3013618148425,-0.044849404154038694,1048.9147119298095,-0.0009032674639034722
2019-10-07,-0.006638140932237024,960.8802790511708,-0.051189828420774366,1043.604559100555,-0.001575619862735752
2019-10-08,-0.001099640874120067,959.8236558211902,-0.05223317886722376,1035.87840304341,0.006303695945148061
2019-10-09,0.0015146791932425518,961.2774807418446,-0.0507976161832083,1040.9142647160515,-0.0033467617421476204
2019-10-10,-0.005460481852206267,956.0284425033192,-0.05598071857411079,1042.7378027323477,-0.007212343727971304
2019-10-11,-0.0017698966453054688,954.3363709701159,-0.057651535133410176,1051.1066503723098,-0.00979573748279372
2019-10-14,0.0037114765590586796,957.8783680404285,-0.05415403089559299,1050.7987929218443,0.004004365439893512
2019-10-15,-0.0021177974619668305,955.8497756637196,-0.05615714108837387,1056.1424126152933,-0.007203090411905033
2019-10-16,0.0014482237669948272,957.2340600265125,-0.05479024542778971,1057.3937952036229,0.00026336216747776696
2019-10-17,0.0005535926658442047,957.7639777816394,-0.05426698423997416,1060.8109616333986,-0.0026780949469224096
2019-10-18,-0.00359554897267389,954.3202904952625,-0.057667413613213946,1056.9495577779167,4.4500004135663e-05
2019-10-21,-0.0011023995264547448,953.2682482589344,-0.05870624061020961,1061.0579873814186,-0.004989462606493562
2019-10-22,0.00019869948491213485,953.4576621688465,-0.058519206025067896,1060.5973141051265,0.0006328635756313673
2019-10-23,0.0017601144200369845,955.1358567489247,-0.056862092103404704,1062.8822376457701,-0.00039425982762123337
2019-10-24,0.004959812348396042,959.8731513656238,-0.05218430506157875,1065.43945412264,0.002553885909608113
2019-10-25,0.001862147972096384,961.660577207909,-0.05041933198732811,1068.9351867118592,-0.0014188761871767636
2019-10-28,-0.0024770815402818114,959.2784655440905,-0.05277152073107079,1071.4978269486303,-0.0048744581713703015
2019-10-29,-0.003365337450808359,956.050169798241,-0.055959264206826814,1069.6127159202306,-0.0016060142109581208
2019-10-30,0.008244041765046894,963.9318873275379,-0.04817655295304226,1074.705486705036,0.0034827195509371045
2019-10-31,0.007874393383516365,971.5222662032703,-0.04068152069933994,1075.5290021881906,0.007108122536905658
2019-11-01,0.0017891321930150195,973.2604479659656,-0.03896517312466883,1084.0444233610285,-0.006128293702068022
2019-11-04,-0.0031521563590906077,970.1925788558583,-0.041994505165511425,1086.3110285795958,-0.0052430348966506935
2019-11-05,-0.008794646337548784,961.6600782455066,-0.05041982468200917,1082.7574138359598,-0.005523378118646053
2019-11-06,0.002581539181616188,964.1426414168934,-0.047968446253339875,1082.5892610260084,0.0027368397205944956
2019-11-07,-0.00981295315853381,954.6815548385243,-0.05731068729570206,1080.4668367978582,-0.007852445785553917
2019-11-08,-0.0020298788309008886,952.7436669601061,-0.05922423237567698,1078.759281542123,-0.00044949228169810507
2019-11-11,-0.0010381534089323186,951.7545728744128,-0.06020090194587707,1076.4036761218902,0.001145471298208443
2019-11-12,0.0033710954449961417,954.963028379784,-0.057032749487215366,1077.4161537510354,0.002430483988899144
2019-11-13,0.0034751324902131397,958.281651426659,-0.053755813357751335,1076.740448452233,0.004102285978166436
2019-11-14,0.004423027729716589,962.5201577437977,-0.0495705490811496,1078.7078059529197,0.002595885911542774
2019-11-15,0.0013959376884240537,963.8637759078601,-0.04824380879042374,1083.39808236598,-0.0029521131805663025
2019-11-18,0.0018230584726959265,965.6209559310536,-0.0465087016020984,1083.9147653499188,0.0013461488377715103
2019-11-19,0.0033854038234586437,968.8899728072743,-0.043280748514867684,1086.1635518187059,0.0013107144284294331
2019-11-20,0.0014334812926286578,970.2788584579089,-0.04190930936556615,1084.0945052531413,0.0033383938282224457
2019-11-21,-0.004595682559771164,965.8197648299792,-0.04631239004319388,1080.3911550134449,-0.0011796056202135591
2019-11-22,4.214439321059693e-05,965.8604687179187,-0.04627219745755989,1081.6539875349713,-0.001126721638010039
2019-11-25,0.003558484030842912,969.2974677718739,-0.04287837230244165,1090.4526062835994,-0.004575927573998859
2019-11-26,0.0041243518933615775,973.2951916183094,-0.03893086590506991,1092.3109133702976,0.0024201906340919344
2019-11-27,-0.000190225190945581,973.1100463546375,-0.039113685464614995,1094.5078094406554,-0.0022014621414027102
2019-11-29,-0.0003476192552096524,972.7717745650866,-0.03944770804961495,1089.2802677201064,0.004428538279217139
2019-12-02,-0.008690864886207184,964.3175465072254,-0.04779573823509242,1081.592534535608,-0.0016332384769920227
2019-12-03,0.0042420396399964755,968.4082197650531,-0.04375645001131221,1082.2053413832905,0.003675461350931568
2019-12-04,0.0013288571848506514,969.6950959857563,-0.04248573889944265,1085.8399706953708,-0.002029682246709249
2019-12-05,0.0008761717464778052,970.544715431557,-0.04164679195701684,1086.3102518673847,0.00044306817255707856
2019-12-06,0.000554004360736382,971.0824014361957,-0.0411158601006354,1091.1207375070692,-0.0038742753424286635
2019-12-09,-0.0016951937220701652,969.4362286456683,-0.04274135447478543,1088.4872485142293,0.0007183696007722379
2019-12-10,0.0006133216872434843,970.0308049090961,-0.042154246987183584,1089.3439747676675,-0.00017375804621939342
2019-12-11,0.004062341258593394,973.9714010699848,-0.03826315066535121,1095.9539256419828,-0.0020054858257991803
2019-12-12,0.0015057790113222058,975.4379867633442,-0.03681498750320789,1100.463498727677,-0.0026089679503738606
2019-12-13,0.002587900596559445,977.9623233111959,-0.03432236043477023,1104.0140125307655,-0.0006384797488075966
2019-12-16,0.0035344726819528383,981.4189044269184,-0.030909199198154234,1103.703821640756,0.003815439124850162
2019-12-17,0.00014376583974784474,981.5599989398578,-0.030769877045385002,1104.8983335767648,-0.0009385099597804297
2019-12-18,0.00029843123389050596,981.8529271014789,-0.030480628503867846,1104.7012998481282,0.00047675870769411536
2019-12-19,0.003060333302222551,984.8577243121723,-0.027513576084128334,1107.493343842762,0.0005329134512477929
2019-12-20,0.0017636140039667403,986.5946331866841,-0.025798485408242776,1109.0783015888599,0.00033249231379162136
2019-12-23,0.001153227689711489,987.7324014361957,-0.0246750092462567,1110.4316509497578,-6.701921166528207e-05
2019-12-24,0.0031967336400309243,990.8899188312153,-0.021557155038351407,1112.315703406006,0.001500048882678549
2019-12-26,0.005672066202493609,996.5103120502093,-0.016007362446372835,1118.0250392175851,0.0005392286509810417
2019-12-27,-0.0004227698906569266,996.0890174945454,-0.0164233649061586,1118.0999671284574,-0.0004897879879656651
2019-12-30,-0.001673728846601219,994.4218345721821,-0.018069605493158114,1113.2672212011746,0.002648555447614649
2019-12-31,0.0012849326118384852,995.6995996173481,-0.01680789110670089,1114.0093869107773,0.0006182771175702476
2020-01-02,0.008327925382495716,1003.9917115863423,-0.008619940587178864,1126.059077109747,-0.002488581498460001
2020-01-03,0.000980476175503453,1004.9761015399555,-0.007647916058055505,1122.3664148157084,0.004259755539350461
2020-01-06,0.005720837949392044,1010.7254069598773,-0.0019708305970821743,1125.228630483258,0.0031706764069873794
2020-01-07,0.0012361479382294593,1011.974813087807,-0.0007371188970318218,1123.515145150511,0.00275893653987672
2020-01-08,0.0002104700776401902,1012.1878035052875,-0.0005268039608630596,1125.2031307534533,-0.0012919445628996051
2020-01-09,0.0011927778737141903,1013.3951187213521,0.0,1128.9455983851408,-0.002133259469588787
2020-01-10,0.0010248614888113128,1014.433708351479,0.0,1130.122693269729,-1.778829544039711e-05
2020-01-13,0.0017414794416372725,1016.200323799477,0.0,1135.80678301192,-0.0032881423649522923
2020-01-14,-0.0017115747605990217,1014.4610209735492,-0.0017115747605990627,1135.458451219788,-0.0014048924997234044
2020-01-15,0.002041254538153181,1016.5317941363911,0.0,1137.424093697339,0.0003101101925020919
2020-01-16,0.0029785695699930947,1019.5596048053363,0.0,1143.368892464419,-0.002247975919962064
2020-01-17,0.0023931115747011233,1021.9995246966937,0.0,1144.5602265465122,0.0013511608185237747
2020-01-21,0.00017514485182901218,1022.1785226520161,0.0,1139.2700306848506,0.004797178484453189
2020-01-22,0.001072871702985978,1023.2751890643696,0.0,1141.9029661214608,-0.0012382006202521184
2020-01-23,0.001899592771442915,1025.2189952167132,0.0,1141.932507213181,0.001873722717159132
2020-01-24,-0.0012113485887423892,1023.9770976337055,-0.0012113485887424312,1137.367673606463,0.0027861149897821114
2020-01-27,-0.005301156441300692,1018.5488348468402,-0.006506083481669221,1124.2191170997794,0.006259358959133623
2020-01-28,0.002567948150779875,1021.1644154437641,-0.0039548426159349516,1129.866492130415,-0.0024554275815283433
2020-01-29,0.0023422358095865903,1023.5562233050921,-0.0016218699803446778,1132.332392893904,0.00015976488876192014
2020-01-30,0.0013109215496418525,1024.8980252154927,-0.000313074575010857,1130.9155755116744,0.0025621596058177853
2020-01-31,-0.0038970672484806013,1020.903928688393,-0.004208921750818824,1118.4794039480314,0.007099484424279132
2020-02-03,0.003294230894026917,1024.2670219501117,-0.0009285560168540073,1124.5923127554363,-0.0021711436008697692
2020-02-04,0.003033210365354533,1027.3738392979817,0.0,1135.7237505980747,-0.006864988045200828
2020-02-05,-0.0017791950087336916,1025.5459408909992,-0.0017791950087336663,1141.544469082121,-0.006904313226065122
2020-02-06,0.006326567459041144,1032.0341264683918,0.0,1145.3389474189414,0.0030025810182225626
2020-02-07,0.0030772109775396572,1035.2099132115559,0.0,1140.4074038831704,0.007382961294408312
2020-02-10,0.00615231593589205,1041.5788516576008,0.0,1146.6140317510992,0.0007098505092427865
2020-02-11,-0.0025934564275924554,1038.877562289925,-0.0025934564275925066,1149.9283992136616,-0.005484025852685307
2020-02-12,0.0018130804258069677,1040.761130862923,-0.0007850781468695137,1155.5509787764713,-0.0030764236221447116
2020-02-13,0.002507806732590101,1043.371158633919,0.0,1153.8344907164558,0.003993234975516275
2020-02-14,0.003749860980225783,1047.2836554295734,0.0,1155.1344830973956,0.0026231895282980344
2020-02-18,0.0063455401121581545,1053.9292358739094,0.0,1155.5322768486105,0.0060011700348766095
2020-02-19,0.005422839270738722,1059.6445247227862,0.0,1161.4576655874366,0.0002949957153981497
2020-02-20,0.00023765242166318146,1059.8963518101887,0.0,1158.0426484478985,0.003177937927300621
2020-02-21,0.000624762248127464,1060.5585350377278,0.0,1153.7943784333577,0.004293254095327215
2020-02-24,-0.006407844921601624,1053.762640414925,-0.006407844921601598,1128.1911393088656,0.01578262471758721
2020-02-25,-0.013812299559391561,1039.2077551610187,-0.02013163740740589,1107.241534091546,0.004756898945529536
2020-02-26,0.0015253832707071702,1040.7929452855305,-0.018636962599611815,1106.955902314469,0.0017833502709347757
2020-02-27,-0.013851636731704198,1026.376259494515,-0.03223044689560383,1079.637936286806,0.01082682242872433
2020-02-28,-0.009154737432087945,1016.980054332314,-0.041090123049043706,1072.635006209808,-0.0026683683988886365
2020-03-02,0.0,1016.980054332314,-0.041090123049043706,1096.892732587951,-0.02261507990855024
2020-03-03,-0.009084651527427656,1007.7411449283605,-0.049801485127351636,1089.216570507425,-0.0020865542181169715
2020-03-04,0.0106464714907899,1018.4700322979362,-0.03968522372816918,1112.713392542034,-0.010925750848484954
2020-03-05,0.0,1018.4700322979362,-0.03968522372816918,1097.370655848116,0.013788579158615897
2020-03-06,0.0,1018.4700322979362,-0.03968522372816918,1091.680545093849,0.005185222261906637
2020-03-09,0.0,1018.4700322979362,-0.03968522372816918,1035.2430875301059,0.05169777717243408
2020-03-10,0.0,1018.4700322979362,-0.03968522372816918,1057.8322350362726,-0.021820138456620848
2020-03-11,0.0,1018.4700322979362,-0.03968522372816918,1013.4327139145365,0.04197217635385596
2020-03-12,0.0,1018.4700322979362,-0.03968522372816918,935.0262331446913,0.07736722891743673
2020-03-13,0.0,1018.4700322979362,-0.03968522372816918,977.3259267609088,-0.04523904476343373
2020-03-16,0.0,1018.4700322979362,-0.03968522372816918,902.4141684939057,0.0766497196235022
2020-03-17,0.0,1018.4700322979362,-0.03968522372816918,933.3736217739508,-0.03430736613069307
2020-03-18,0.0,1018.4700322979362,-0.03968522372816918,882.9000110901356,0.05407653431204339
2020-03-19,0.0,1018.4700322979362,-0.03968522372816918,892.8376927927625,-0.011255727237285613
2020-03-20,0.0,1018.4700322979362,-0.03968522372816918,889.4641961195198,0.0037783985829390626
2020-03-23,0.0,1018.4700322979362,-0.03968522372816918,890.4828142292632,-0.001145204173689399
2020-03-24,0.0,1018.4700322979362,-0.03968522372816918,947.6413966813901,-0.06418830497206095
2020-03-25,0.0,1018.4700322979362,-0.03968522372816918,956.8328222186519,-0.009699265533829429
2020-03-26,0.0,1018.4700322979362,-0.03968522372816918,994.2306508318363,-0.039085018557858904
2020-03-27,0.0,1018.4700322979362,-0.03968522372816918,970.701267740271,0.02366592004770642
2020-03-30,0.0,1018.4700322979362,-0.03968522372816918,987.8670865758688,-0.01768393573396557
2020-03-31,0.0,1018.4700322979362,-0.03968522372816918,977.9346486665123,0.01005442740661008
2020-04-01,0.0,1018.4700322979362,-0.03968522372816918,947.0952883596609,0.031535195474363405
2020-04-02,0.0,1018.4700322979362,-0.03968522372816918,964.5248806490926,-0.018403208741138637
2020-04-03,0.0,1018.4700322979362,-0.03968522372816918,951.9234961470548,0.013064862042291212
2020-04-06,0.0,1018.4700322979362,-0.03968522372816918,999.2478695512714,-0.04971447137901708
2020-04-07,0.0,1018.4700322979362,-0.03968522372816918,998.9779273762161,0.0002701453596058366
2020-04-08,0.0,1018.4700322979362,-0.03968522372816918,1013.6255122005072,-0.014662571036741798
2020-04-09,0.0,1018.4700322979362,-0.03968522372816918,1029.7607134565728,-0.0159183061809853
2020-04-13,0.0,1018.4700322979362,-0.03968522372816918,1026.0070269749501,0.0036452026500631363
2020-04-14,0.0,1018.4700322979362,-0.03968522372816918,1046.7565897476882,-0.020223606883000973
2020-04-15,0.0,1018.4700322979362,-0.03968522372816918,1030.4499547902915,0.015578249152773378
2020-04-16,0.0,1018.4700322979362,-0.03968522372816918,1035.1516588707786,-0.004562768001133898
2020-04-17,0.0,1018.4700322979362,-0.03968522372816918,1049.4370590720878,-0.013800296873303577
2020-04-20,0.0,1018.4700322979362,-0.03968522372816918,1041.3915347493685,0.007666514397569569
2020-04-21,0.0,1018.4700322979362,-0.03968522372816918,1021.6775222813249,0.01893045200601535
2020-04-22,0.0,1018.4700322979362,-0.03968522372816918,1038.8506856764739,-0.01680879046531517
2020-04-23,0.0,1018.4700322979362,-0.03968522372816918,1041.2454318759246,-0.002305188062605236
2020-04-24,0.0,1018.4700322979362,-0.03968522372816918,1049.4431760804177,-0.007873018169908295
2020-04-27,0.0,1018.4700322979362,-0.03968522372816918,1059.9805924049406,-0.010040959400850305
2020-04-28,0.0,1018.4700322979362,-0.03968522372816918,1061.130719870297,-0.0010850457768731994
2020-04-29,0.0,1018.4700322979362,-0.03968522372816918,1086.1930506395631,-0.02361851400582344
2020-04-30,0.0,1018.4700322979362,-0.03968522372816918,1067.6638657572066,0.01705883210304691
2020-05-01,0.0,1018.4700322979362,-0.03968522372816918,1046.5127925603792,0.019810610694243693
2020-05-04,0.0,1018.4700322979362,-0.03968522372816918,1050.6882682488263,-0.003989894550864974
2020-05-05,0.0,1018.4700322979362,-0.03968522372816918,1055.7232317363842,-0.0047920621555520414
2020-05-06,0.0,1018.4700322979362,-0.03968522372816918,1048.7076982144577,0.006645239311810761
2020-05-07,0.0,1018.4700322979362,-0.03968522372816918,1062.7692528298849,-0.013408459420454813
2020-05-08,0.0,1018.4700322979362,-0.03968522372816918,1076.1157979846068,-0.012558271815997018
2020-05-11,0.0,1018.4700322979362,-0.03968522372816918,1073.459912314141,0.002468029626030734
2020-05-12,0.0,1018.4700322979362,-0.03968522372816918,1061.3246490452627,0.01130481271789398
2020-05-13,0.0,1018.4700322979362,-0.03968522372816918,1052.7364295283633,0.008091981586054111
2020-05-14,0.0,1018.4700322979362,-0.03968522372816918,1058.6826010229743,-0.005648300303690472
2020-05-15,0.0,1018.4700322979362,-0.03968522372816918,1061.2988933706922,-0.0024712716967199805
2020-05-18,0.0,1018.4700322979362,-0.03968522372816918,1085.5414256877066,-0.02284232318383003
2020-05-19,0.0,1018.4700322979362,-0.03968522372816918,1079.1970526524815,0.005844431990428992
2020-05-20,0.0,1018.4700322979362,-0.03968522372816918,1095.6408811271767,-0.015237095425973577
2020-05-21,0.0,1018.4700322979362,-0.03968522372816918,1087.6419331378988,0.007300702380736942
2020-05-22,0.0,1018.4700322979362,-0.03968522372816918,1087.4283270907056,0.00019639372176196077
2020-05-26,0.0,1018.4700322979362,-0.03968522372816918,1096.969109211171,-0.008773711225631309
2020-05-27,0.0,1018.4700322979362,-0.03968522372816918,1107.4219519918636,-0.009528839684655566
2020-05-28,0.0,1018.4700322979362,-0.03968522372816918,1103.516699253765,0.0035264360897617913
2020-05-29,0.0,1018.4700322979362,-0.03968522372816918,1110.079256635198,-0.0059469488643627555
2020-06-01,0.0,1018.4700322979362,-0.03968522372816918,1119.3677070270444,-0.008367375875485797
2020-06-02,-0.0014713775002757057,1016.971478407708,-0.041098209283157806,1126.7764211136605,-0.008090037338420206
2020-06-03,-0.009013549415282096,1007.8049557331476,-0.04974131795818657,1136.0068786352015,-0.017205465174770555
2020-06-04,-0.003728216801552664,1004.0476403644952,-0.05328408834239616,1130.5827351531195,0.0010465284786858675
2020-06-05,-0.0023432088620848335,1001.6949470356378,-0.055502441456468946,1146.7773063876411,-0.016667300970503965
2020-06-08,0.007478052635914834,1009.1856745747002,-0.048439438999187394,1158.737332494298,-0.002951196390934996
2020-06-09,0.009359510136730753,1018.6311581257256,-0.03953329828278706,1155.8419151608873,0.011858279488692416
2020-06-10,0.013672470777408297,1032.5583628681572,-0.026401345370884663,1158.081525802261,0.01173482635389573
2020-06-11,-0.013344518466104738,1018.7793687275323,-0.03939355059615757,1112.1649743085875,0.02630428904065934
2020-06-12,0.005770048857563381,1024.6577754601678,-0.033850804450206814,1123.9558744264807,-0.0048317057294513365
2020-06-15,0.0,1024.6577754601678,-0.033850804450206814,1126.3959140206614,-0.00217093895739067
2020-06-16,0.0,1024.6577754601678,-0.033850804450206814,1136.5915458302538,-0.00905155255153516
2020-06-17,0.0,1024.6577754601678,-0.033850804450206814,1136.6458052745966,-4.773873652467017e-05
2020-06-18,0.0,1024.6577754601678,-0.033850804450206814,1137.703055272676,-0.0009301490342665966
2020-06-19,0.0,1024.6577754601678,-0.033850804450206814,1136.2902089813629,0.0012418409924850327
2020-06-22,0.0,1024.6577754601678,-0.033850804450206814,1145.6193133877543,-0.008210142384976273
2020-06-23,0.0,1024.6577754601678,-0.033850804450206814,1151.1949749339406,-0.004866940947161827
2020-06-24,0.0,1024.6577754601678,-0.033850804450206814,1133.0775482958554,0.015737930613469366
2020-06-25,0.0,1024.6577754601678,-0.033850804450206814,1142.1516383245653,-0.008008357452989112
2020-06-26,0.0,1024.6577754601678,-0.033850804450206814,1128.1630494822136,0.012247575867309244
2020-06-29,0.0,1024.6577754601678,-0.033850804450206814,1139.172581953579,-0.00975881321092593
2020-06-30,0.0,1024.6577754601678,-0.033850804450206814,1145.9107930250098,-0.005915004607884046
2020-07-01,0.0,1024.6577754601678,-0.033850804450206814,1148.6311135605451,-0.002373937440936645
2020-07-02,0.0017913446726354199,1026.4932907075129,-0.0321200982357877,1157.3770487886818,-0.005822879881169284
2020-07-06,0.0087803986702093,1035.5063110322199,-0.02362172683341493,1175.3223299934482,-0.006724730987880925
2020-07-07,0.0044219656991830725,1040.0852844208919,-0.01930421560004475,1167.6173255706833,0.010977617902955768
2020-07-08,0.005124103991566598,1045.4147895783626,-0.014279028416688428,1178.430627687644,-0.0041368943510843945
2020-07-09,0.007189022609975559,1052.9303001374444,-0.0071926580648488175,1175.795420312749,0.009425223293308067
2020-07-10,-0.00023694424861353536,1052.6808143586359,-0.007427898054501697,1180.8000364253987,-0.004493310642113176
2020-07-13,-0.005457495892715825,1046.9358131379329,-0.012844856224093551,1172.2859636108276,0.0017529314039715915
2020-07-14,0.004388023433897326,1051.5297920197686,-0.008513196320312487,1182.1309073273987,-0.004010050092673887
2020-07-15,-0.0005848732022116776,1050.914780423089,-0.009093090382131219,1191.9968902449466,-0.008930804144710607
2020-07-16,-0.003848534376219681,1046.8702987641534,-0.012906629687429215,1184.9594982508597,0.0020553333701474052
2020-07-17,0.0024067075487852474,1049.3898094147883,-0.010530984621741984,1189.1315246159795,-0.0011141101426869826
2020-07-20,0.011890722415768495,1061.8678123444756,0.0,1198.8440111425944,0.0037230081423187088
2020-07-21,0.0006403597595552313,1062.547789761468,0.0,1203.9491321497862,-0.003618009936370562
2020-07-22,0.007243909588102504,1070.2447898835383,0.0,1208.465459641632,0.0034926485329269358
2020-07-23,-0.001914036745020553,1068.1963020295343,-0.0019140367450206077,1202.8501219176712,0.002732631208257873
2020-07-24,-0.00019892990164716018,1067.9838058442317,-0.0021125858875263343,1197.9444290327135,0.003879460909950251
2020-07-27,0.011301186293000809,1080.0532897919854,0.0,1211.6753301867689,-0.00016086555287862618
2020-07-28,0.0010226423266961326,1081.1577980012141,0.0,1206.7626011950792,0.005077135200568897
2020-07-29,0.005749403634449868,1087.3738105744562,0.0,1220.2609157162797,-0.005436155569848333
2020-07-30,0.0012686436672157964,1088.7533004731379,0.0,1214.9367971372749,0.005631742173799946
2020-07-31,0.008710421272041913,1098.236800381585,0.0,1214.3477268792517,0.009195277981799295
2020-08-03,0.0027972131418483315,1101.308802792474,0.0,1224.438644592605,-0.005512530014904609
2020-08-04,0.011667495529742444,1114.158318325921,0.0,1235.6511833801985,0.002510206320429642
2020-08-05,0.0012228934845537331,1115.5208152741632,0.0,1243.2933495160464,-0.00496183424333355
2020-08-06,0.010800798979087256,1127.569331356927,0.0,1250.8652900691372,0.004710570509645041
2020-08-07,-0.011518157011007002,1114.5818107575617,-0.011518157011007054,1243.3398136763956,-0.005501940514724016
2020-08-10,-0.004050876225869526,1110.0667777985773,-0.015522374608474864,1244.5767809153012,-0.005045750857325456
2020-08-11,-0.028884266241221312,1078.0033134431085,-0.043958288448809044,1227.2117130778693,-0.014931677615342214
2020-08-12,0.0037944924777666422,1082.0937889069758,-0.040330595365897004,1238.6115817464781,-0.005494751217616445
2020-08-13,0.0053521690809517075,1087.8853378266535,-0.03519428245047904,1239.311250730215,0.004787287406948369
2020-08-14,-0.003121246374445663,1084.4897796601495,-0.03820567879842497,1236.135633142998,-0.0005588411793456022
2020-08-17,0.012213140820797719,1097.7348060578547,-0.026459149312946618,1247.5027946397443,0.00301741731605246
2020-08-18,0.00863457444191762,1107.2132789582452,-0.01805303836544154,1250.4707519262101,0.006255455694273596
2020-08-19,-0.01523145078693322,1090.3488143891536,-0.03300951518695697,1238.791524152968,-0.005891585975819593
2020-08-20,0.009961485296745343,1101.2103080720149,-0.023376853690399216,1242.7638598683511,0.006754863651429077
2020-08-21,0.0015296626568939153,1102.8947883576593,-0.021882949733631144,1242.9365292006992,0.0013907228808640276
2020-08-24,-0.000274272114916152,1102.5922950715265,-0.022151219965643253,1250.7195825450758,-0.006536098975360782
2020-08-25,0.0007205738785718285,1103.3867942780696,-0.02144660767755712,1253.699095934618,-0.0016616654587857343
2020-08-26,0.010240286355803097,1114.6857910126887,-0.011425940725732721,1261.1413566532444,0.004304044762617492
2020-08-27,-0.010257133379778294,1103.2523101777278,-0.021565876707497756,1252.919267599938,-0.0037375715480057236
2020-08-28,0.007435724769489616,1111.455790707513,-0.014290509861617897,1263.0948307343356,-0.0006857587111577888
2020-08-31,0.005687611399697978,1117.7773193330013,-0.0086841773287164,1258.1999272375933,0.009562936812831348
2020-09-01,0.009628044876856867,1128.5393295258723,0.0,1270.3487247792066,-2.7652344717863167e-05
2020-09-02,-0.0018202462843672773,1126.4851100045405,-0.0018202462843672604,1277.4260685650167,-0.007391428155739026
2020-09-03,-0.02544637462224353,1097.8201478889857,-0.027220302237754054,1247.9449088918147,-0.0023678103133756116
2020-09-04,-0.003636952356587786,1093.8274283150113,-0.030758255651971256,1240.413836148067,0.0023978274562770673
2020-09-08,-0.02285623925256708,1068.8266469124233,-0.052911476854365216,1219.146068292688,-0.005710535749756218
2020-09-09,0.0180380250111134,1088.106168701974,-0.03582787038612586,1237.4128394335885,0.0030547743441267407
2020-09-10,-0.01297017385244148,1073.9932425239954,-0.04833335053089651,1223.939386533229,-0.002081768244393354
2020-09-11,0.0005929427985424951,1074.6300590828332,-0.0477690666444808,1225.4456864312763,-0.0006377553182274859
2020-09-14,0.01371158972343034,1089.3649455574428,-0.03471246676435077,1240.5591273792463,0.0013785739763325644
2020-09-15,0.007301314508034729,1097.3187416389858,-0.027664598893512252,1246.4554818209704,0.0025483331211817927
2020-09-16,-0.004921011560255706,1091.918823426095,-0.03244947264280318,1244.3288847143363,-0.0032148959888216944
2020-09-17,-0.008459567881142882,1082.6816620186244,-0.04063453200741695,1237.7921613545839,-0.0032063559368962534
2020-09-18,-0.0063172076162779645,1075.8421371773159,-0.04669504284861374,1229.2181605226808,0.0006096425445116004
2020-09-21,-0.009120635551544964,1066.0297731331264,-0.05538978993227269,1212.8310481426245,0.004210693992991106
2020-09-22,0.002255815408299222,1068.4345395210657,-0.053258923665565186,1216.8224026734783,-0.0010351248566012566
2020-09-23,-0.02278119301662551,1044.094326050607,-0.07482681486230776,1193.989101240884,-0.004016497870951454
2020-09-24,0.0014031844429467366,1045.55938296589,-0.07352862624189105,1195.571438594185,7.79316817140416e-05
2020-09-25,0.007278452953543013,1053.1694377449428,-0.0667853479351883,1205.3205384717232,-0.0008758902858718408
2020-09-28,0.014137520975704199,1068.0586427620326,-0.05359200621678745,1221.7624523016032,0.0004964078401666107
2020-09-29,0.0010653165861902458,1069.196463349191,-0.05258378208370707,1220.5955056289436,0.0020204504343955664
2020-09-30,0.0053366893610884425,1074.90243274006,-0.04752771603303048,1222.8867923345738,0.0034595017956224883
2020-10-01,0.011466070925451932,1087.2273402717983,-0.03660660127053807,1233.8741367015991,0.002481310900323377
2020-10-02,-0.006232344728977823,1080.4513646884548,-0.04261080104104169,1224.8239414470622,0.0011024352014370308
2020-10-05,0.020816219089587085,1102.942277011453,-0.0226815777215078,1238.9262870470461,0.00930244545831514
2020-10-06,-0.00654099899895233,1095.7279326816188,-0.029074216543289115,1230.0514705690089,0.0006223137588955586
2020-10-07,0.016740854261118265,1114.0713543124782,-0.012820089504078199,1242.06042072662,0.00697788869020948
2020-10-08,0.008247313895400454,1123.259450473367,-0.004678506910985108,1250.87202329863,0.001152970959285523
2020-10-09,0.009063787761339759,1133.4404357333767,0.0,1261.9529427388668,0.00020523210269156843
2020-10-12,0.015499785515693532,1151.0085193820582,0.0,1274.2993585568108,0.0057162069052676245
2020-10-13,-0.003536197926140461,1146.9383254428494,-0.003536197926140447,1267.5465028871658,0.0017630715306792433
2020-10-14,-0.008315443126688415,1137.4010250278102,-0.011822236000089296,1262.554798731957,-0.004377359479391123
2020-10-15,-0.001054829853749606,1136.2012604709255,-0.012864595406367904,1259.8949337058468,0.0010519024867248839
2020-10-16,-0.0016547082809450497,1134.321178836404,-0.01449801653476308,1258.705424854598,-0.0007105749096408662
2020-10-19,-0.010568738274590816,1122.3328351779567,-0.02491352906709733,1249.1188193841829,-0.002952495998108413
2020-10-20,0.004882686642031064,1127.812834720193,-0.02015248738064798,1252.617958784555,0.0020814003704038614
2020-10-21,-0.00230709263883333,1125.2108660312283,-0.022413086364191218,1250.9850928903836,-0.00100353006197578
2020-10-22,0.005761205025037075,1131.6934365268337,-0.01678100772494215,1251.532783771363,0.005323397345239852
2020-10-23,0.004475952473421252,1136.7588425632107,-0.012380166244553749,1256.6430832168246,0.000392719887166223
2020-10-26,-0.016504189824132154,1117.9975588412867,-0.028680031454931462,1242.7802755631592,-0.00547257087137522
2020-10-27,0.0010824309698305168,1119.2077140231715,-0.027628644639363386,1243.0740178362105,0.0008460719940507502
2020-10-28,-0.031542184323465006,1083.9054580112088,-0.05829936116100605,1212.1642379932828,-0.006676585493934541
2020-10-29,0.013123109677090294,1098.1296682162867,-0.04594132039453588,1219.1787270336854,0.007336361627160242
2020-10-30,-0.016627760205909614,1079.8702314181912,-0.0618051793413823,1206.8528723029733,-0.0065177948190451775
2020-11-02,0.010824941576707214,1091.5597635837184,-0.051649275220183456,1219.4668117283022,0.00037301349598051203
2020-11-03,0.016853203090731794,1109.956041965066,-0.03566652785422646,1235.8115007066017,0.0034500593388041255
2020-11-04,0.025141894773461626,1137.8624399753198,-0.011421357171010465,1259.0545092648092,0.0063340033232544175
2020-11-05,0.023676958817563376,1164.8035621066676,0.0,1284.1209303209703,0.0037680344050707547
2020-11-06,-0.0009489588484548062,1163.698211459695,-0.0009489588484547534,1282.0595690095138,0.0006563115453087473
2020-11-09,0.007361804422979068,1172.2651300998318,0.0,1281.8989713738908,0.007487069769071304
2020-11-10,-0.0031161770434516844,1168.6121444125758,-0.003116177043451667,1280.8549080552525,-0.002301710894438837
2020-11-11,0.009207609695967678,1179.3722689242948,0.0,1288.8345354789517,0.0029776867175604427
2020-11-12,-0.009259118817071643,1168.4523209567653,-0.00925911881707165,1283.544446905499,-0.005154566659422488
2020-11-13,0.014503906932535227,1185.399444675027,0.0,1297.8919037508783,0.0033259092558907133
2020-11-16,0.014779175456925753,1202.9186710544216,0.0,1309.8369096291478,0.005575785063820726
2020-11-17,0.0002877824597564693,1203.2648499484646,0.0,1309.2681964981605,0.0007219686754650187
2020-11-18,-0.008468476494857602,1193.0750298495877,-0.008468476494857581,1300.847386892108,-0.0020367846317426164
2020-11-19,0.005785234207954071,1199.9772483249294,-0.002732234406810807,1306.729547491552,0.0012634427520807267
2020-11-20,-0.00015257844928329156,1199.7941576572048,-0.002884395976005211,1308.186939045327,-0.0012678754566656236
2020-11-23,0.007452536460128778,1208.7356673617946,0.0,1308.528592303067,0.0071913709893977685
2020-11-24,0.015451158283554589,1227.4120334811796,0.0,1318.2581084923427,0.00801569508733118
2020-11-25,-0.0009788120100477915,1226.210627841531,-0.0009788120100477876,1316.5172371671833,0.00034177256587427816
2020-11-27,0.007454283165302611,1235.3511490817652,0.0,1322.5671481770464,0.0028588925095136076
2020-11-30,-0.013916211919994481,1218.1597406955348,-0.01391621191999443,1308.1296959384194,-0.002999978095098126
2020-12-01,0.013572580019103775,1234.6933112521756,-0.0005325108007376062,1323.3726250900027,0.0019201198701516795
2020-12-02,0.00122736817718061,1236.2087345309842,0.0,1324.4241219975768,0.00043280972279020294
2020-12-03,0.005983628655054529,1243.6057485385525,0.0,1331.2047812368319,0.00086392483311859
2020-12-04,0.012766070171845056,1259.4817067905055,0.0,1338.2934194258546,0.007441090657846816
2020-12-07,0.002195930103831234,1262.2474405856715,0.0,1342.1869580321888,-0.0007134009515396
2020-12-08,0.005815508450017104,1269.5880512424098,0.0,1348.1766860072364,0.0013528455257480077
2020-12-09,-0.01268655834079202,1253.4813483615505,-0.012686558340792036,1335.3577836806046,-0.0031782331637736673
2020-12-10,0.008754182511478303,1264.4545528598414,-0.004043436276471569,1341.9531460658443,0.0038151598271898447
2020-12-11,-0.004667219880232332,1258.5530654330837,-0.008691784550529902,1339.4627149391288,-0.0028113941876463894
2020-12-14,-0.0030885001415996705,1254.666024112283,-0.011753440114314517,1333.372161051329,0.0014585124925493255
2020-12-15,0.015833382440306742,1274.5316311069118,0.0,1348.7783426835874,0.004279082686432321
2020-12-16,0.001916094786101885,1276.9737545199978,0.0,1351.6609138974409,-0.0002210771439560594
2020-12-17,0.008433269783617803,1287.7428186984644,0.0,1360.2362188514014,0.002088997440020779
2020-12-18,-0.003104561944980544,1283.744941348611,-0.0031045619449805942,1354.9594911910824,0.0007747110718596207
2020-12-21,-0.005848480063079586,1276.2369846530544,-0.008934885039420413,1348.2856712805008,-0.0009230044647536373
2020-12-22,0.002651377727341142,1279.6207709689725,-0.006307197067269176,1348.1298919126361,0.002766916571358175
2020-12-23,0.004536948054643775,1285.4263439365018,-0.0017988644380901053,1352.9643150351908,0.0009509262984642242
2020-12-24,-0.00012098058199216943,1285.2708323093043,-0.0019196273924156136,1355.2137574022531,-0.0017835834622491292
2020-12-28,0.002733285465327917,1288.7838443942653,0.0,1359.6111481216583,-0.000511509457529456
2020-12-29,-0.002381803106366931,1285.7142150302516,-0.0023818031063668993,1360.262544576643,-0.0028609080739045367
2020-12-30,0.0077318440258724586,1295.6551568027126,0.0,1367.2875482241668,0.0025673971508684956
2020-12-31,-2.025943162631272e-05,1295.628907565652,-2.0259431626281205e-05,1367.8220094045641,-0.0004111510045740539
2021-01-04,-0.007392294377007502,1286.051237277566,-0.007412404044951322,1366.2309633795667,-0.006229097693478299
2021-01-05,0.015659249076110715,1306.189833926736,0.0,1378.0429684705068,0.007013562213823956
2021-01-06,0.007614214394960017,1316.1354433627712,0.0,1377.904240509838,0.007714884667108869
2021-01-07,0.017143829649863163,1338.6990451999295,0.0,1388.973635415335,0.009110328786696518
2021-01-08,0.01132770633012048,1353.863434848367,0.0,1391.898428289204,0.009221983946848193
2021-01-11,-0.009090490628997694,1341.5561519809353,-0.009090490628997683,1381.5049942575636,-0.0016233983323169021
2021-01-12,0.00914236319754358,1353.821145572244,-3.123599842827951e-05,1388.7271498592188,0.0039146183600834595
2021-01-13,0.00012549543713391564,1353.9910439487087,0.0,1390.7354967032124,-0.0013206827010245256
2021-01-14,0.008588697031517212,1365.620062808572,0.0,1394.4267602393215,0.005934516171922168
2021-01-15,-0.012408175692266488,1348.6752091403591,-0.0124081756922665,1380.816070014601,-0.002647397562632405
2021-01-19,0.014437522801107106,1368.146738223611,0.0,1394.776363241501,0.004327346992715324
2021-01-20,0.014321121293745076,1387.740133609353,0.0,1411.3408458875115,0.0024450362936279425
2021-01-21,-0.0001332512160051591,1387.5552155490504,-0.00013325121600515823,1410.3657923203966,0.0005576191502540169
2021-01-22,0.0006419615818753499,1388.4459726901637,0.0,1407.7662945314992,0.002485098875088156
2021-01-25,0.004565054878935548,1394.7843047519314,0.0,1413.8411153927668,0.0002498351689131772
2021-01-26,-0.004334333733356011,1388.7388440890895,-0.00433433373335603,1410.3638667297307,-0.001874899907886775
2021-01-27,-0.02416070379988522,1355.185936221658,-0.02839031697973979,1385.162590927191,-0.006292069756548089
2021-01-28,0.0028434497914493484,1359.0393393893826,-0.025627593629185687,1389.1429910166753,-3.0147947585395466e-05
2021-01-29,-0.019917596695174344,1331.9705419345487,-0.045034750250186086,1367.672040090678,-0.004461339805245752
2021-02-01,0.025287434792797825,1365.652660159646,-0.020886128767749847,1390.0387688687815,0.008933566231866554
2021-02-02,0.014421943122735259,1385.3480251498806,-0.006765404206157168,1399.7995942341615,0.00739996245285549
2021-02-03,0.0013814830671592393,1387.2618599887478,-0.0053932674303511455,1399.1822767599242,0.0018224872486005206
2021-02-04,0.011395139853295655,1403.0699028964627,0.0,1403.3445750782216,0.008420332076330354
2021-02-05,0.008852670926839723,1415.490819034158,0.0,1410.8603404308597,0.003497061558970084
2021-02-08,0.012213713088208067,1432.7792177768338,0.0,1423.4889164094452,0.0032627378451665877
2021-02-09,0.004918299393773529,1439.8260549350368,0.0,1428.3564196056627,0.0014988816939892147
2021-02-10,-0.0021412359806722847,1436.7430475803005,-0.0021412359806722704,1428.5824001815615,-0.0022994461954317486
2021-02-11,0.0045307079834238095,1443.2525107761012,0.0,1430.470210217422,0.0032092511072780677
2021-02-12,0.0030737014390853634,1447.6886380954372,0.0,1431.3482008529206,0.002459923795044085
2021-02-16,-0.0024705534104046967,1444.1120459933863,-0.002470553410404744,1425.2519555699782,0.0017885397154395587
2021-02-17,-0.004328630977457837,1437.8610178561794,-0.006788490273838817,1420.5855826096981,-0.0010545621771704656
2021-02-18,-0.01138933829459765,1421.4847323032009,-0.018100512156198116,1411.0477901822017,-0.004675351791950682
2021-02-19,0.008345703388799475,1433.3480222507105,-0.009905870273039546,1414.0612090273662,0.006210113888478189
2021-02-22,-0.019523512079652416,1405.3640348239528,-0.029235984974756858,1401.0110960075688,-0.01029469444680496
2021-02-23,-0.002913331549962872,1401.269743442117,-0.03206414240729855,1398.9385827603276,-0.0014340333108930903
2021-02-24,0.009527573322917204,1414.620443667947,-0.02284206255220345,1405.4049586874469,0.004905228920663267
2021-02-25,-0.03181767021626447,1369.6105169101345,-0.05393295155512267,1371.0976672371467,-0.007406705078969948
2021-02-26,-0.003304345167971401,1365.0848510165797,-0.05705908363522845,1366.987201032789,-0.00030640687183204835
2021-03-01,0.03099110512958747,1407.3903391452418,-0.02783630256517825,1390.2896578795105,0.013944525008635442
2021-03-02,-0.009845794628134619,1393.533462904397,-0.037408026675049465,1380.6740356371988,-0.0029295220457884142
2021-03-03,-0.004758830801234404,1386.9018729385768,-0.041988839006729214,1364.2877323798139,0.007109505123416031
2021-03-04,-0.01762108447196198,1362.4631578812039,-0.05887003459967403,1343.675884741764,-0.0025129462480000565
2021-03-05,0.011223513530835394,1377.7547815689481,-0.04830724969872891,1357.9957898297866,0.0005662521699419474
2021-03-08,-0.006276521920185907,1369.1072734817897,-0.05428057010727688,1343.0335366908837,0.004741371692561216
2021-03-09,0.014534990075479204,1389.007234114114,-0.04053454757959821,1370.9068876835527,-0.006219034475051614
2021-03-10,0.005383721387794749,1396.4852620682157,-0.035369052902552406,1376.3135267176644,0.0014398802103332874
2021-03-11,0.017782644954192017,1421.3184636673366,-0.018215363258492486,1392.8109219246746,0.0057959901064738185
2021-03-12,-0.0029480429521948626,1417.1283557876977,-0.021109706537411427,1385.3287562736746,0.0024239465499128797
2021-03-15,0.00210572534744502,1420.112438887063,-0.019048432434099316,1391.99223615397,-0.002704309707496926
2021-03-16,-0.005348871207063732,1412.516440351907,-0.024295416029376557,1390.0761141915586,-0.003972339131205744
2021-03-17,0.003479387090220998,1417.4311318191924,-0.020900562096039705,1394.487520599544,0.00030588719122377154
2021-03-18,-0.017370354098661722,1392.8098511490261,-0.03790786603023216,1370.7760548506626,-0.00036664097924512043
2021-03-19,0.006555539916248243,1401.9404717239775,-0.03160083264288483,1376.9357169573107,0.00206198162505162
2021-03-22,-0.003781147750703706,1396.639527662698,-0.03526249297632049,1381.9735100181865,-0.007439846554746816
2021-03-23,-0.019706363352538503,1369.116841658059,-0.0542739608295513,1366.2309190750423,-0.008314979343349333
2021-03-24,-0.01554856616671918,1347.8290378555691,-0.06897864472518224,1353.710801997727,-0.006384583048995949
2021-03-25,0.009602559921793707,1360.771646955911,-0.060038456372686136,1358.79071830701,0.0058499738437435755
2021-03-26,0.014603559476441319,1380.6437566360867,-0.046311672064757,1375.8048953724883,0.0020820012730725004
2021-03-29,-0.01282351602383136,1362.939049299661,-0.058541309619775536,1363.9758179812682,-0.0042255836927231095
2021-03-30,0.007274490185129601,1372.8537360367213,-0.051692677616899614,1363.8204460115028,0.007388401273374082
2021-03-31,0.006574570123395018,1381.8796591934597,-0.04545796462736288,1372.2257023978495,0.00041154740957100814
2021-04-01,0.007803581493457834,1392.6632697281277,-0.03800911806540132,1390.094551037502,-0.00521821849792002
2021-04-05,0.0033593785558032607,1397.3417528519071,-0.03477742652575203,1400.729305069104,-0.004291003228417546
2021-04-06,0.0004401108016125477,1397.9567380508815,-0.03435262164520571,1401.8312688388544,-0.00034659635569657594
2021-04-07,-0.01054723839154903,1383.2121550735867,-0.04453753474688802,1394.8249410406154,-0.00554925614220008
2021-04-08,0.005699543704981602,1391.0958332046903,-0.03909183466770852,1406.0963366247415,-0.0023813238307803155
2021-04-09,-0.002454105675332774,1387.681937025491,-0.04145000484972407,1405.4681434114293,-0.0020073416827460938
2021-04-12,-0.0032973593682167346,1383.1062509903347,-0.04461068865613697,1400.8826584779583,-3.47561175013506e-05
2021-04-13,0.00025204535010825424,1383.4548564896024,-0.044369887222669664,1408.194474924838,-0.004967389984200178
2021-04-14,0.005262348918591675,1390.735078657571,-0.039341028132122195,1406.7326825846214,0.006300410327186947
2021-04-15,0.004414823790312328,1396.8749289688503,-0.03509988804874289,1422.9273462597114,-0.007097430012830395
2021-04-16,0.0014306196765292434,1398.8733257278836,-0.03371948296270009,1425.8185872875135,-0.0006012767765130995
2021-04-19,-0.006093169465986148,1390.349753492776,-0.03960719390468906,1418.0487182425936,-0.000643760183349884
2021-04-20,-0.010344593042393213,1375.9671511063016,-0.04954206664458708,1407.3148394803138,-0.002775121962737849
2021-04-21,0.011125343793761733,1391.275258711282,-0.03896789537449985,1421.5540828995688,0.0010073211453875963
2021-04-22,-0.0026462157717668244,1387.5936441788112,-0.041510993686934144,1414.5948680067759,0.002249282033422546
2021-04-23,0.011563473749506281,1403.6390468582547,-0.030427531223242647,1426.8857119417057,0.0028748773089946854
2021-04-26,0.00438753251890156,1409.7975588211452,-0.026173500487052984,1431.4241164243808,0.0012068962249834258
2021-04-27,0.00039166764417197797,1410.3497309097681,-0.025792084156156483,1427.7163681282186,0.002981919026427685
2021-04-28,0.002898944895694422,1414.438257063333,-0.022967909091175943,1430.096132326819,0.0012321122868334453
2021-04-29,-0.002135891341099372,1411.4171706375516,-0.025054743474124327,1429.521472085255,-0.0017340580457185625
2021-04-30,-0.01058413059441432,1396.478546980325,-0.03537369139159894,1417.6878837633244,-0.0023061238956630613
2021-05-03,0.0019565031389507936,1399.2107616409696,-0.033486396990892016,1422.7197604222824,-0.0015928512123051875
2021-05-04,-0.010605755705821784,1384.3710741220486,-0.04373700415076025,1409.9615338549684,-0.001638264761907966
2021-05-05,-0.0025591555317499015,1380.8282532297146,-0.04618422988639558,1413.3988139827998,-0.0049970093634311395
2021-05-06,0.0028818365207659014,1384.8075745187773,-0.043435488765999807,1423.9906622914918,-0.004612048576565719
2021-05-07,0.007610523703283301,1395.3466853891387,-0.03615553187953388,1434.9150627998793,-6.115617333045213e-05
2021-05-10,-0.01825918496512491,1369.8687921701444,-0.05375454630055793,1416.27292970462,-0.005267382468548076
2021-05-11,-0.0017698848635294695,1367.444282129861,-0.055429291806244195,1409.2119362066414,0.003215731503120457
2021-05-12,-0.021096199923607006,1338.5964041696561,-0.07535614430828276,1380.2953977185439,-0.0005765479499401406
2021-05-13,0.009559311634787626,1351.39246435032,-0.06651718554053397,1390.1413154489057,0.002426115547460369
2021-05-14,0.016687998464394838,1373.944499720193,-0.05093922576629535,1413.0072512656118,0.00023935719131519886
2021-05-17,-0.0014943887801079914,1371.8912924753201,-0.052357491538950814,1412.8943275223821,-0.00141447146678318
2021-05-18,-0.005130816570898866,1364.8523698984159,-0.05721967142465096,1411.278100248221,-0.003986904218306212
2021-05-19,-0.0026441051435148744,1361.243556727029,-0.05971248174064166,1406.705210760779,0.0005961417551211584
2021-05-20,0.009009320324300019,1373.5074359689725,-0.051241130291701895,1420.47775683417,-0.0007813209330408879
2021-05-21,-0.0008403668978254064,1372.353185785867,-0.05203843583982304,1418.3976009658797,0.0006240389038721611
2021-05-24,0.008103950465492504,1383.4746680246365,-0.044356202280678214,1429.2143876431605,0.0004778894301982828
2021-05-25,-0.003233026241378223,1379.0018581186307,-0.047445823756115175,1432.8844605658535,-0.0058009215511540336
2021-05-26,0.008253456928414504,1390.3833905588162,-0.03958395889050502,1438.499425038845,0.004334812663981581
2021-05-27,0.0027168556773267127,1394.1608615671169,-0.036974647116620955,1439.6297567935217,0.001931084244261202
2021-05-28,0.0008060747820264336,1395.2846594797145,-0.03619837666520946,1442.7635512632082,-0.0013707310632948356
2021-06-01,0.0033042107966338996,1399.894974115945,-0.03301377293557342,1448.3238240557412,-0.0005496935993184143
2021-06-02,0.0014396494660864345,1401.9103321680082,-0.031621651730067105,1451.8102953157618,-0.0009675962079212902
2021-06-03,-0.0062178716416583235,1393.1934336694728,-0.037642904000170695,1439.0704824447653,0.0025572506398830377
2021-06-04,0.004195390202487603,1399.0384237512599,-0.03360544046831854,1453.9652848258936,-0.006154903659300557
2021-06-07,0.003864575165456907,1404.445112899209,-0.02987073605351964,1457.010450258037,0.0017701885498177606
2021-06-08,0.0028338619095664708,1408.425116408731,-0.027121523685065988,1459.0661766582564,0.0014229410751582159
2021-06-09,-0.0034260297833855757,1403.5998100122463,-0.03045463432053574,1457.6966348567596,-0.0024873870930084896
2021-06-10,-0.0026082858563786226,1399.9388204797756,-0.03298348578495495,1459.6338927785096,-0.003937271514591382
2021-06-11,0.0032194301951808946,1404.445825789834,-0.029870243619852466,1459.817977965959,0.00309331282536629
2021-06-14,-0.0004146818717974954,1403.8634275659574,-0.030272538843114614,1459.777936504148,-0.0003872527933675667
2021-06-15,-0.002966520864601918,1399.6988374170314,-0.033149255589613964,1455.2264790471017,0.00015138997870499165
2021-06-16,-0.004544629857949123,1393.3377242883694,-0.0375432343508417,1445.0645618558533,0.0024384187173506055
2021-06-17,-0.0030010020032246176,1389.1563149866115,-0.04043156903257194,1441.7536565866556,-0.0007098204487163535
2021-06-18,-0.01089206438905499,1374.025534957315,-0.05088325016837368,1429.0538482202176,-0.0020834802676145125
2021-06-21,0.009497128914962127,1387.0748325952543,-0.04186936603987289,1439.9988129163473,0.0018382399866261013
2021-06-22,0.0005427943796882939,1387.827729018594,-0.041349298116752184,1442.6715824368844,-0.0013132970952235107
2021-06-23,0.002873925271989153,1391.8162422021878,-0.03859420763759982,1442.4684333232087,0.00301473979703342
2021-06-24,0.00806923269688875,1403.0471313318267,-0.030836400582890815,1451.949457080405,0.0014964554088939342
2021-06-25,0.0029214221556210784,1407.14602430668,-0.028005064571132304,1453.4888750140406,0.0018611800610161147
2021-06-28,-0.002925635755848699,1403.029227584268,-0.0308487677087268,1455.7732151849286,-0.004497261249622131
2021-06-29,-0.0020671139242303127,1400.1290063318265,-0.032852113715681024,1453.7106523936907,-0.0006502979190149891
2021-06-30,-0.0017597528955228814,1397.6651252588285,-0.03455405500896868,1452.5773193458695,-0.0009801389840782904
2021-07-01,0.0019534014704232217,1400.3953263696683,-0.032668151480409136,1455.4244572168468,-6.6579584678655955e-06
2021-07-02,-0.0031369045868918644,1396.0024198469173,-0.03570257919307686,1460.5242425987858,-0.006640889528639393
2021-07-06,-0.0043023706529017325,1389.996300004388,-0.03985134411702541,1456.471230949702,-0.0015273317108076396
2021-07-07,-0.0028628866533357833,1386.0168981489194,-0.04260014088917109,1459.2495126753843,-0.004770429807394997
2021-07-08,-0.005685229324475127,1378.1370742353452,-0.04804317864343629,1448.0275008841402,0.0020050331657754782
2021-07-09,0.010345012489611616,1392.3939194807065,-0.038195173436931754,1460.7648094963245,0.0015486957039103164
2021-07-12,0.0016718767865961937,1394.7218305524839,-0.03658715427416483,1463.0595483984314,0.00010096072455171136
2021-07-13,-0.007353229702723341,1384.4661205610287,-0.043671350227341275,1456.1767927514293,-0.0026488718694851953
2021-07-14,-0.005295273573470594,1377.1349936994566,-0.048735372054035206,1459.6144175402403,-0.007655992962711657
2021-07-15,-0.004625400377855304,1370.7651929792414,-0.0531353518235768,1457.1066791764197,-0.0029073176200493656
2021-07-16,-0.007492747130695587,1360.4943960126889,-0.060229969199357754,1445.6633600487166,0.000360706079862003
2021-07-19,-0.008581581232886215,1348.8192028364194,-0.0682946820589055,1435.3872375365747,-0.0014733409633152271
2021-07-20,0.015662225760007642,1369.944713700677,-0.053702103027512306,1446.982892209585,0.007583810145200693
2021-07-21,0.009291595856702362,1382.6736863264096,-0.044909485408796614,1454.9041968824156,0.0038172362664969295
2021-07-22,-0.003852013847306157,1377.3476081403744,-0.048588507296432666,1456.2504896135529,-0.004777361876421781
2021-07-23,0.005829182502616437,1385.376418717767,-0.043042556070376825,1458.1184639684905,0.004546453763116702
2021-07-26,0.0013857389400533382,1387.2961887678157,-0.04171646287634968,1454.6119024335985,0.0037905926069825885
2021-07-27,-0.008259746107001864,1375.8374744733821,-0.04963164159151077,1446.479621433529,-0.0026690583184142734
2021-07-28,0.006911296557335689,1385.3462952741636,-0.04306336402784131,1457.7822450296794,-0.0009025871840396982
2021-07-29,0.0035904559226518362,1390.3203200849543,-0.039627525215612656,1464.2649244830613,-0.0008564904408977824
2021-07-30,-0.004348284370400468,1384.2748119672788,-0.04380349783748042,1457.0302180283263,0.0005925609191151449
2021-08-02,-0.001836352124039653,1381.732795976068,-0.04555941131522588,1459.4583075781115,-0.003502816909561509
2021-08-03,0.0037028126004692297,1386.8490935834898,-0.04202529667704463,1465.6142325220992,-0.0005151393012901339
2021-08-04,-0.004263117997423738,1380.9367922529232,-0.046109255875857416,1463.2184891218756,-0.0026284836256623067
2021-08-05,0.00901172149018592,1393.3814100202574,-0.03751305815774436,1468.4308150201591,0.005449488004869821
2021-08-06,0.0007954518119470677,1394.4897777875913,-0.0367474461758806,1457.8542090775486,0.007998110482975607
2021-08-09,-0.0014775725000892859,1392.4293180402767,-0.03817072166005188,1453.060149762718,0.0018108628489186102
2021-08-10,-0.0009938121479186046,1391.0455048688902,-0.03912659928108992,1452.5154110043811,-0.0006189214330189088
2021-08-11,0.0013314339894923144,1392.8975901350032,-0.03784725977577372,1458.399053386574,-0.002719223468334261
2021-08-12,0.00031654335444963877,1393.3385026105893,-0.03754269671989021,1456.9784411467708,0.0012906335641933442
2021-08-13,-0.0022362736869976363,1390.2226163801206,-0.039695014662074216,1463.2023903558086,-0.006508093388145271
2021-08-16,-0.0034280762867889836,1385.4568271955502,-0.042987013410396374,1460.4098374740556,-0.0015195550185358295
2021-08-17,-0.00772130328325471,1374.7592948469176,-0.05037640092586807,1448.4825046435403,0.0004458101697367243
2021-08-18,-0.006641398005556298,1365.6289712080013,-0.05668322920278817,1442.804602585638,-0.0027215011205747397
2021-08-19,-0.002901286681649351,1361.666890061761,-0.0594200615864786,1437.0096055440806,0.00111519415794048
2021-08-20,0.009910228097905094,1375.161319535638,-0.050098699852487105,1445.122859193199,0.004264299484890234
2021-08-23,0.012389658243026735,1392.1990983137143,-0.038329747379052655,1461.3816809107987,0.0011388350938607485
2021-08-24,0.004787237623486762,1398.8638862165462,-0.03372600336431754,1467.8603373584467,0.0003539971276770937
2021-08-25,0.0017348274113464512,1401.2906736310972,-0.03204968474808275,1466.4052255041345,0.0027261423323088497
2021-08-26,-0.006269054721569689,1392.5059057172787,-0.03811781824215761,1459.3452450193374,-0.0014545734567678837
2021-08-27,0.01410084445974169,1412.1414149030697,-0.024554467208593285,1478.147260331261,0.0012169738498955286
2021-08-30,0.002309175973248312,1415.4022979291929,-0.022301991821058922,1480.4849156916887,0.0007276993347813715
2021-08-31,0.00045485930033284383,1416.0461068281186,-0.021857276789121728,1482.1965004069066,-0.000701238068223293
2021-09-01,0.0032056705406200425,1420.585484116937,-0.01872167347680281,1488.8062677119397,-0.0012537700957721788
2021-09-02,0.0016729176907921417,1422.962006704599,-0.01708007560477118,1491.1029456798303,0.00013028718358698566
2021-09-03,-0.001939183296723268,1420.2026225493255,-0.018986137504174945,1493.1547106601695,-0.0033151882105917985
2021-09-07,-0.002299551349623452,1416.9367936919034,-0.021242029255676552,1486.6488102436645,0.0020575995671951687
2021-09-08,0.0009690045417616311,1418.30981188038,-0.020293608336739894,1479.4660818169932,0.005800494250144046
2021-09-09,0.0028008193069806175,1422.2822413847746,-0.01754962775979717,1480.4582583990739,0.002130187790466111
2021-09-10,-0.005598908942301306,1414.319012625009,-0.0230502779343001,1471.4721032555492,0.0004709380746907221
2021-09-13,0.0018389177561768388,1416.9198289702238,-0.021253747743501368,1477.2574220423892,-0.0020927359761911636
2021-09-14,0.0030517054128347265,1421.243850881845,-0.018266902507698544,1474.1051478634563,0.00518557465721768
2021-09-15,0.001386373675293262,1423.2142259428801,-0.016905853585171007,1477.9408226939784,-0.0012156624386713277
2021-09-16,-0.0013151883283976096,1421.3424312041107,-0.018198807532251785,1469.4322609289543,0.004441849865807376
2021-09-17,-0.005798756124137605,1413.1004130766692,-0.023892033209759765,1459.5217848962684,0.0009456691183165689
2021-09-20,-0.0034426053267407886,1408.2356660673918,-0.02725238769570599,1441.1680123193553,0.009132590718186697
2021-09-21,0.00018829271893205934,1408.5008265898527,-0.02706922640295051,1446.291789141728,-0.0033670018605852186
2021-09-22,0.0052225728882178135,1415.8568248198333,-0.0219880245226498,1457.5290065230533,-0.002547102267024418
2021-09-23,-0.004499023080946185,1409.4868522856536,-0.02638812297376418,1462.448740308074,-0.007874416478266526
2021-09-24,-0.003013310388546353,1405.2396309111418,-0.02932191775721942,1454.6044200375309,0.002350515401949923
2021-09-27,-0.003983094431238343,1399.6424287627042,-0.03318822022112579,1456.3993016054728,-0.005217025487144009
2021-09-28,-0.015064140645571378,1378.5580183623138,-0.04775240884950988,1429.1008940849251,0.003679625223071286
2021-09-29,4.645959064353278e-06,1378.5644230864348,-0.04774798474618236,1425.7406524628104,0.002355943642819753
2021-09-30,-0.0013178740591061056,1376.7476487944425,-0.049002932974816935,1425.050746245851,-0.000833980851903401
2021-10-01,0.004491888610040462,1382.9318458769621,-0.0447311600812647,1434.223219402888,-0.001944705441926423
2021-10-04,-0.004812098616642113,1376.2770414545073,-0.04932800794435896,1420.6945092702342,0.004620680011977463
2021-10-05,-0.0002827771413586033,1375.8878617670073,-0.04959683625264217,1426.1639230966348,-0.004132594108138947
2021-10-06,0.004918431415127822,1382.6550718500152,-0.04492234347503024,1426.4479884330412,0.0047192500084142375
2021-10-07,-0.0021068052210728716,1379.7420869256987,-0.04693450606832713,1435.5762792638936,-0.00850612079715626
2021-10-08,-0.003870157166462884,1374.4022682001128,-0.050623019319775274,1432.0317977896889,-0.0014011267670318095
2021-10-11,-0.004075503256950719,1368.8008872797027,-0.054492208296611604,1425.8455036974742,0.0002444385919404702
2021-10-12,0.00592709240165834,1376.9138966180815,-0.048888096248697645,1429.2157328121598,0.0035634217894174236
2021-10-13,0.011806650635843852,1393.1706379510895,-0.03765865028551375,1443.0259370036795,0.0021438657430785015
2021-10-14,0.0082314709451492,1404.6384815790188,-0.029737165426023292,1457.3087371206545,-0.0016663415270452252
2021-10-15,-0.00503276652462914,1397.569264049722,-0.034620271739958984,1459.277204197142,-0.006383521533740555
2021-10-18,0.00418856092981823,1403.4230680658354,-0.030576719927730513,1460.9228156453062,0.003060871520683826
2021-10-19,-0.0008999601980923533,1402.1600431634915,-0.03144916229489968,1466.7204340790126,-0.0048684233993092785
2021-10-20,0.00019997745050015503,1402.4404435541167,-0.031255473967695555,1469.7757762678432,-0.0018831340394880641
2021-10-21,0.0014420534670824825,1404.4628376581206,-0.029858492565213446,1469.350061810517,0.0017316993193273417
2021-10-22,0.002625101356154236,1408.1496949579252,-0.027311772778384837,1471.283650756419,0.0013091528996513255
2021-10-25,0.005312607517553136,1415.6306416131988,-0.0221442619902119,1478.3641826234038,0.0005001215884500787
2021-10-26,0.0013288854325419486,1417.5118525506987,-0.02084480374484308,1477.1418872247896,0.00215567453700002
2021-10-27,0.007586258362262788,1428.2654636957182,-0.013416679449299251,1474.6673325319127,0.009261489911972651
2021-10-28,0.0026505017543392295,1432.0510838129057,-0.010801738627377827,1484.73099389302,-0.004173858655020576
2021-10-29,-4.109646265548772e-05,1431.992231579019,-0.01084239117678521,1480.6825351050816,0.0026856323552855482
2021-11-01,9.932886229613302e-05,1432.1344697381987,-0.010744139276869218,1490.276800374738,-0.006380294583100521
2021-11-02,0.0025140857835650454,1435.7349786487212,-0.008257065181116689,1490.6074995825886,0.002292181230150863
2021-11-03,0.006122122971485178,1444.5247247424713,-0.0021854929780538313,1496.740347867963,0.0020077948957900283
2021-11-04,0.007781185221957143,1455.764839183389,0.0,1504.4475830869212,0.0026318383563255065
2021-11-05,0.009556616183515887,1469.6770250049224,0.0,1514.4199558091527,0.002928021851389374
2021-11-08,-7.81853595093196e-05,1469.5621177783598,-7.818535950927825e-05,1517.324339437109,-0.0019960045329925824
2021-11-09,-0.00011601194213473054,1469.3916310229888,-0.00019418823120856136,1516.4254318716696,0.000476417469346838
2021-11-10,-0.016207934855616002,1445.5758271899808,-0.01639897569662343,1502.9611790463366,-0.007328993272108881
2021-11-11,0.0030901566923224877,1450.0428830066314,-0.013359494408797187,1510.7161220135474,-0.0020696192721713557
2021-11-12,0.002585337926573894,1453.791733867227,-0.01080869528979816,1516.049161432858,-0.0009448020789504241
2021-11-15,-0.005414495161825683,1445.9201855579008,-0.01616466682327158,1511.0528678521916,-0.002118893866189575
2021-11-16,0.0023122001264874736,1449.2634423938384,-0.013889842641457614,1511.5452189241707,0.001986367005453785
2021-11-17,-0.001542949384706227,1447.0273022571196,-0.015411360702006577,1510.6012215063602,-0.0009184246228983728
2021-11-18,0.0035486568559721654,1452.1623056140534,-0.011917393476849338,1510.3542033901638,0.0037121799040669146
2021-11-19,0.00249641393228206,1455.7875038257232,-0.009450730291679319,1507.6577942626468,0.004281696564306056
2021-11-22,-0.009328649564537494,1442.2069723621003,-0.01869121730519677,1493.285709150745,0.00020407408574582217
2021-11-23,-0.006861388474052599,1432.3114300647367,-0.025424358076265467,1486.8728788686265,-0.0025669455266506148
2021-11-24,0.006656458577357416,1441.8455517688383,-0.018937135685298527,1489.8551439073626,0.004650728914035174
2021-11-26,-0.010561682951126916,1426.617236186563,-0.029298810613314887,1465.2261245056798,0.005969467410974434
2021-11-29,0.004846020014738883,1433.5306518664947,-0.02459477322121612,1472.1088893195717,0.00014861208651625445
2021-11-30,-0.0065267145911259705,1424.1744064441314,-0.03096096474709374,1460.3649140454188,0.0014509393442299866
2021-12-01,-0.011232980322570918,1408.1766833606353,-0.04184616116189279,1451.2416808730788,-0.004985751917810445
2021-12-02,0.004407661128474238,1414.3834489899077,-0.03762294373134768,1465.9217069927452,-0.005707832598824585
2021-12-03,-0.0021397133317924144,1411.3570738678375,-0.039682154748856856,1456.5987938417495,0.004220048657216717
2021-12-06,-0.0019489210243464061,1408.6064503937164,-0.04155373838752187,1465.152905668982,-0.007821582640844744
2021-12-07,0.007956502157218992,1419.8140306549467,-0.03392785863942363,1487.4173756539783,-0.0072395022317092005
2021-12-08,-0.004215906730454466,1413.8282271271148,-0.03800072868229025,1488.0732599972998,-0.0046568618746236955
2021-12-09,-0.0035397233949842066,1408.823666275064,-0.04140594000893129,1475.8072159635894,0.004703179937431365
2021-12-10,0.003136798861317125,1413.242862747232,-0.03839902325308604,1480.5042942783732,-4.591922270924531e-05
2021-12-13,-0.0003389436573264515,1412.763853042642,-0.0387249518050333,1463.6558644984414,0.01104125283723618
2021-12-14,-0.004546264935401001,1406.3410542755523,-0.04309516284991794,1454.2145588191247,0.0019042306409973965
2021-12-15,0.0049020669241999215,1413.2350322418608,-0.03840435129811769,1466.6085478367017,-0.0036207393855110757
2021-12-16,-0.009639437546993923,1399.6122414093416,-0.04767359249924054,1457.8036392652164,-0.0036358528928113676
2021-12-17,0.002047150775325468,1402.4774586944977,-0.04572403675576243,1453.9939019744802,0.00466049127477451
2021-12-20,-0.006473841741962527,1393.3980415802398,-0.05190186831996444,1440.591065009538,0.0027441040463531373
2021-12-21,0.0066480723190924795,1402.661452529947,-0.045598843374959196,1459.619033591785,-0.006560373189432842
2021-12-22,0.005957413833636682,1411.0176872711577,-0.039913080721642374,1472.1108386153253,-0.002600850162688977
2021-12-23,-0.00019348312933187284,1410.744679153482,-0.0400988413432149,1477.6584481730126,-0.003961955863970238
2021-12-27,0.006856519758695168,1420.4174779205719,-0.03351726008249025,1489.7168861527205,-0.0013039844461951878
2021-12-28,-0.003032397354714611,1416.110207717935,-0.03644801978639348,1484.8800033194725,0.00021444966582195857
2021-12-29,-0.0036929197108573897,1410.880626419107,-0.04000633988656,1481.9308751475628,-0.0017068143250236678
2021-12-30,0.0016666259166469022,1413.2320366363922,-0.03840638957279823,1485.271392950414,-0.0005875398200099031
2021-12-31,-0.0016471271290231515,1410.9042638092437,-0.03999025649562821,1483.5944548286475,-0.0005180822085284476
2022-01-03,-0.005238637166763871,1403.513048294107,-0.04501939921840569,1483.6647108800883,-0.005285992460666601
2022-01-04,-0.006853298172780464,1393.8943548847594,-0.05156416602478298,1481.6768508471607,-0.005513467132552867
2022-01-05,-0.017172711400430973,1369.9574094056336,-0.06785138088346641,1456.840863674478,-0.0004106305469152409
2022-01-06,-0.005838073678473332,1361.959497113153,-0.07329333320115593,1455.571711963158,-0.004966906660190411
2022-01-07,-0.0015858342895741506,1359.7996550416199,-0.07476293640974246,1452.039430301875,0.0008408971673864452
2022-01-10,-0.0016048629036006234,1357.6173630189146,-0.07624781505013488,1450.416417973631,-0.00048711617140160895
2022-01-11,0.012778355441360079,1374.9654802369323,-0.06444378129111247,1468.5459431858335,0.00027882428083222596
2022-01-12,0.005288535424649021,1382.2370338868348,-0.05949605908671993,1473.66275254216,0.0018042662534536935
2022-01-13,-0.012457789326417279,1365.0174161195007,-0.07121265904328275,1460.20641393102,-0.0033265694540775305
2022-01-14,0.0009689865840631917,1366.3400996827331,-0.07031267657044794,1457.8353768091404,0.0025927550453292503
2022-01-18,-0.01404748694619462,1347.1464549683776,-0.08337244711036723,1432.6336394573786,0.003239607161044211
2022-01-19,0.0011285619924592538,1348.6667932557311,-0.08233797609293507,1430.2884059434773,0.0027655705404294895
2022-01-20,-0.006932860933840379,1339.3166739320006,-0.0886999992889493,1422.6251495985732,-0.0015750209953636785
2022-01-21,-0.01500706178012401,1319.217465863153,-0.10237593469984706,1405.2500619847772,-0.002793663458929887
2022-01-24,-0.010539075434034206,1305.3141334765257,-0.11183606243544982,1406.2764976109477,-0.01126950459674192
2022-01-25,0.0,1305.3141334765257,-0.11183606243544982,1395.2060926756028,0.007872139621298926
2022-01-26,0.0,1305.3141334765257,-0.11183606243544982,1382.5937443706125,0.009039774389748947
2022-01-27,0.0,1305.3141334765257,-0.11183606243544982,1373.0181634661235,0.006925809510911611
2022-01-28,0.0,1305.3141334765257,-0.11183606243544982,1388.9628982751194,-0.011612908869860963
2022-01-31,0.0,1305.3141334765257,-0.11183606243544982,1414.5167888933347,-0.018397820884884397
2022-02-01,0.0,1305.3141334765257,-0.11183606243544982,1421.763409327846,-0.005123036001701149
2022-02-02,0.0,1305.3141334765257,-0.11183606243544982,1425.9755652728347,-0.0029626279009248462
2022-02-03,0.0,1305.3141334765257,-0.11183606243544982,1401.8113524761866,0.016945741136893084
2022-02-04,0.0,1305.3141334765257,-0.11183606243544982,1404.4676002709737,-0.0018948682289490362
2022-02-07,0.0,1305.3141334765257,-0.11183606243544982,1404.7465289002778,-0.00019860097110844878
2022-02-08,0.0,1305.3141334765257,-0.11183606243544982,1414.3159575572313,-0.00681221021734416
2022-02-09,0.0,1305.3141334765257,-0.11183606243544982,1432.90220506235,-0.013141510145456139
2022-02-10,0.0,1305.3141334765257,-0.11183606243544982,1413.4604504638048,0.013568095945319094
2022-02-11,0.0,1305.3141334765257,-0.11183606243544982,1401.7609580432454,0.00827719828787597
2022-02-14,0.0,1305.3141334765257,-0.11183606243544982,1396.544361914303,0.003721459139669925
2022-02-15,0.0,1305.3141334765257,-0.11183606243544982,1413.902162766816,-0.0124291081084741
2022-02-16,0.0,1305.3141334765257,-0.11183606243544982,1420.0095018389547,-0.004319491993835999
2022-02-17,0.0,1305.3141334765257,-0.11183606243544982,1403.0911850096668,0.011914227902967065
2022-02-18,0.0,1305.3141334765257,-0.11183606243544982,1396.9027159475902,0.004410596494506496
2022-02-22,0.0,1305.3141334765257,-0.11183606243544982,1385.7237964512578,0.008002647119738098
2022-02-23,0.0,1305.3141334765257,-0.11183606243544982,1367.6704140276254,0.013028124702675845
2022-02-24,0.0,1305.3141334765257,-0.11183606243544982,1374.5136340522258,-0.005003559303771055
2022-02-25,0.0,1305.3141334765257,-0.11183606243544982,1394.3427353170716,-0.01442626742550904
2022-02-28,0.0,1305.3141334765257,-0.11183606243544982,1395.2660126522378,-0.0006621595335067898
2022-03-01,0.0,1305.3141334765257,-0.11183606243544982,1384.0816881464723,0.00801590836754156
2022-03-02,0.0,1305.3141334765257,-0.11183606243544982,1389.7561467508758,-0.004099800360774001
2022-03-03,0.0,1305.3141334765257,-0.11183606243544982,1380.0746488819248,0.006966328511362014
2022-03-04,0.0,1305.3141334765257,-0.11183606243544982,1369.3770129504796,0.00775149079081464
2022-03-07,0.0,1305.3141334765257,-0.11183606243544982,1339.4177067332237,0.021878055447057152
2022-03-08,0.0,1305.3141334765257,-0.11183606243544982,1343.728729816818,-0.003218580030652975
2022-03-09,0.0,1305.3141334765257,-0.11183606243544982,1367.0756691964166,-0.017374741539373826
2022-03-10,0.0,1305.3141334765257,-0.11183606243544982,1355.4839206495324,0.008479229649151678
2022-03-11,0.0,1305.3141334765257,-0.11183606243544982,1339.0579586456288,0.012118153342632396
2022-03-14,0.0,1305.3141334765257,-0.11183606243544982,1319.8543105541241,0.014341162731244321
2022-03-15,0.0,1305.3141334765257,-0.11183606243544982,1331.1311110495524,-0.00854397368349978
2022-03-16,0.0,1305.3141334765257,-0.11183606243544982,1373.5770975679882,-0.03188715684435366
2022-03-17,0.0,1305.3141334765257,-0.11183606243544982,1381.6326607119888,-0.0058646603516203655
2022-03-18,0.0,1305.3141334765257,-0.11183606243544982,1394.7133475353141,-0.009467557618813429
2022-03-21,0.0,1305.3141334765257,-0.11183606243544982,1384.6880845276473,0.007188045504392115
2022-03-22,0.0,1305.3141334765257,-0.11183606243544982,1394.3547801213822,-0.006981135825280419
2022-03-23,0.0,1305.3141334765257,-0.11183606243544982,1388.6587501208194,0.00408506506505251
2022-03-24,0.0,1305.3141334765257,-0.11183606243544982,1400.7334266822463,-0.00869520791942329
2022-03-25,0.0,1305.3141334765257,-0.11183606243544982,1396.742583459027,0.002849109721520669
2022-03-28,0.0,1305.3141334765257,-0.11183606243544982,1399.4057040021269,-0.0019066652471529943
2022-03-29,0.0,1305.3141334765257,-0.11183606243544982,1420.1084285520005,-0.01479394037816644
2022-03-30,0.0,1305.3141334765257,-0.11183606243544982,1414.3452181759064,0.004058288973026022
2022-03-31,0.0,1305.3141334765257,-0.11183606243544982,1400.7782133742735,0.009592428091304703
2022-04-01,0.0,1305.3141334765257,-0.11183606243544982,1407.5874907581342,-0.004861067454395994
2022-04-04,0.005965196574662768,1313.1005888743987,-0.10653798995735085,1417.7171775100896,-0.001231291614145591
2022-04-05,-0.009567624238147276,1300.5373358531585,-0.11508629874049867,1393.553423443802,0.00747650448485079
2022-04-06,-0.0064556393629428,1292.1415358348481,-0.12079898246315691,1378.2849517820919,0.004500863204413548
2022-04-07,-0.0008869240228224218,1290.9955044658295,-0.12157876696650027,1377.2347410876478,-0.0001249548138528686
2022-04-08,0.0,1290.9955044658295,-0.12157876696650027,1371.7480895800852,0.003983817241808486
2022-04-11,0.0,1290.9955044658295,-0.12157876696650027,1355.803609958063,0.011623474997441525
2022-04-12,0.0,1290.9955044658295,-0.12157876696650027,1354.0369151034351,0.0013030610345420301
2022-04-13,0.0,1290.9955044658295,-0.12157876696650027,1369.8003534479392,-0.011641808409115693
2022-04-14,0.0,1290.9955044658295,-0.12157876696650027,1352.9951660740062,0.012268347961535007
2022-04-18,0.0,1290.9955044658295,-0.12157876696650027,1349.7768936491595,0.0023786281766142886
2022-04-19,0.0,1290.9955044658295,-0.12157876696650027,1356.638568726389,-0.005083562409101905
2022-04-20,0.0,1290.9955044658295,-0.12157876696650027,1359.4020652491884,-0.002037017512625892
2022-04-21,0.0,1290.9955044658295,-0.12157876696650027,1340.1711461353211,0.01414660136649258
2022-04-22,0.0,1290.9955044658295,-0.12157876696650027,1317.054293989228,0.0172491791162312
2022-04-25,0.0,1290.9955044658295,-0.12157876696650027,1317.9208915321437,-0.0006579816389275596
2022-04-26,0.0,1290.9955044658295,-0.12157876696650027,1292.2309494485314,0.019492780066447408
2022-04-27,0.0,1290.9955044658295,-0.12157876696650027,1290.9919235479106,0.0009588269814691916
2022-04-28,0.0,1290.9955044658295,-0.12157876696650027,1312.184017885938,-0.016415357796962127
2022-04-29,0.0,1290.9955044658295,-0.12157876696650027,1287.4342897345437,0.01886147660239647
2022-05-02,0.0,1290.9955044658295,-0.12157876696650027,1285.9202767145446,0.0011759924619619197
2022-05-03,0.0,1290.9955044658295,-0.12157876696650027,1292.9703489854319,-0.005482511162278143
2022-05-04,0.0,1290.9955044658295,-0.12157876696650027,1317.8351119755705,-0.019230729466959202
2022-05-05,0.0,1290.9955044658295,-0.12157876696650027,1275.14127550795,0.0323969486619747
2022-05-06,0.0,1290.9955044658295,-0.12157876696650027,1262.1854025619778,0.010160343167317985
2022-05-09,0.0,1290.9955044658295,-0.12157876696650027,1230.108456578055,0.025413814736577826
2022-05-10,0.0,1290.9955044658295,-0.12157876696650027,1234.9691749331575,-0.003951455116912512
2022-05-11,0.0,1290.9955044658295,-0.12157876696650027,1225.1047617615857,0.007987578452802893
2022-05-12,0.0,1290.9955044658295,-0.12157876696650027,1221.9739959043648,0.0025555086837792634
2022-05-13,0.0,1290.9955044658295,-0.12157876696650027,1243.8304674930669,-0.017886200248088402
2022-05-16,0.0,1290.9955044658295,-0.12157876696650027,1241.1696003435331,0.0021392522687571874
2022-05-17,0.0,1290.9955044658295,-0.12157876696650027,1259.2343998004633,-0.014554658325445795
2022-05-18,0.0,1290.9955044658295,-0.12157876696650027,1232.175398224498,0.021488454874051377
2022-05-19,0.0,1290.9955044658295,-0.12157876696650027,1237.9355525016788,-0.004674784357390264
2022-05-20,0.0,1290.9955044658295,-0.12157876696650027,1241.0853806030898,-0.0025444200992899013
2022-05-23,0.0,1290.9955044658295,-0.12157876696650027,1251.7471620265014,-0.00859069133360584
2022-05-24,0.0,1290.9955044658295,-0.12157876696650027,1245.4129411408464,0.005060303772049516
2022-05-25,0.0,1290.9955044658295,-0.12157876696650027,1253.233077413229,-0.006279151287137693
2022-05-26,0.0,1290.9955044658295,-0.12157876696650027,1269.4027553963272,-0.012902370895343471
2022-05-27,0.0,1290.9955044658295,-0.12157876696650027,1289.476555721682,-0.015813578661319
2022-05-31,0.0,1290.9955044658295,-0.12157876696650027,1281.4322508638722,0.006238426609708795
2022-06-01,0.0,1290.9955044658295,-0.12157876696650027,1274.9694185052667,0.00504344443824383
2022-06-02,0.0,1290.9955044658295,-0.12157876696650027,1297.1367975252733,-0.017386596649506054
2022-06-03,0.0,1290.9955044658295,-0.12157876696650027,1279.667060939267,0.01346792151709483
2022-06-06,0.0,1290.9955044658295,-0.12157876696650027,1279.1742944591394,0.0003850739736677473
2022-06-07,0.0,1290.9955044658295,-0.12157876696650027,1289.7214463407417,-0.008245281293790954
2022-06-08,0.0,1290.9955044658295,-0.12157876696650027,1280.1615080783392,0.00741240543803201
2022-06-09,0.0,1290.9955044658295,-0.12157876696650027,1253.130927322113,0.021114976966306535
2022-06-10,0.0,1290.9955044658295,-0.12157876696650027,1231.759447472015,0.017054466843115956
2022-06-13,0.0,1290.9955044658295,-0.12157876696650027,1186.4787639014758,0.03676097931578289
2022-06-14,0.0,1290.9955044658295,-0.12157876696650027,1182.7146930677727,0.0031724721488698266
2022-06-15,0.0,1290.9955044658295,-0.12157876696650027,1202.562301276469,-0.016781399880316572
2022-06-16,0.0,1290.9955044658295,-0.12157876696650027,1176.2333977694764,0.021894003727745064
2022-06-17,0.0,1290.9955044658295,-0.12157876696650027,1178.3438407195745,-0.0017942382473582802
2022-06-21,0.0,1290.9955044658295,-0.12157876696650027,1191.2933545128813,-0.010989588391618312
2022-06-22,0.0,1290.9955044658295,-0.12157876696650027,1191.5860210532578,-0.00024567126079236675
2022-06-23,0.0,1290.9955044658295,-0.12157876696650027,1198.5074160755084,-0.005808556747025866
2022-06-24,0.0,1290.9955044658295,-0.12157876696650027,1221.7477433361535,-0.01939105836887107
2022-06-27,0.0,1290.9955044658295,-0.12157876696650027,1218.241547637017,0.0028698196647062462
2022-06-28,0.0,1290.9955044658295,-0.12157876696650027,1204.3918786779552,0.01136857381520565
2022-06-29,0.0,1290.9955044658295,-0.12157876696650027,1203.8817701300734,0.0004235403417380347
2022-06-30,0.0,1290.9955044658295,-0.12157876696650027,1197.7348046879017,0.005105954417357379
2022-07-01,0.0,1290.9955044658295,-0.12157876696650027,1203.3618587428261,-0.004698080103291916
2022-07-05,0.0,1290.9955044658295,-0.12157876696650027,1200.7434687275606,0.002175895800786698
2022-07-06,0.0,1290.9955044658295,-0.12157876696650027,1194.6532855509126,0.0050720102463700355
2022-07-07,0.0,1290.9955044658295,-0.12157876696650027,1209.5110686039054,-0.012436899670134092
2022-07-08,0.0,1290.9955044658295,-0.12157876696650027,1207.9209630798916,0.0013146680218885257
2022-07-11,0.0,1290.9955044658295,-0.12157876696650027,1193.4437665442415,0.011985218386091345
2022-07-12,0.0,1290.9955044658295,-0.12157876696650027,1189.3950576064653,0.0033924589086419743
2022-07-13,0.0,1290.9955044658295,-0.12157876696650027,1190.2890978440746,-0.0007516764357575122
2022-07-14,0.0,1290.9955044658295,-0.12157876696650027,1181.0403387770386,0.007770178760594905
2022-07-15,0.0,1290.9955044658295,-0.12157876696650027,1195.0053864625456,-0.011824361308410105
2022-07-18,0.0,1290.9955044658295,-0.12157876696650027,1191.9385845831987,0.0025663498374892363
2022-07-19,0.0,1290.9955044658295,-0.12157876696650027,1214.713501826878,-0.019107458671323574
2022-07-20,0.0,1290.9955044658295,-0.12157876696650027,1218.2171375605003,-0.002884330937585587
2022-07-21,0.0,1290.9955044658295,-0.12157876696650027,1232.628835837186,-0.011830155587488709
2022-07-22,0.0,1290.9955044658295,-0.12157876696650027,1226.285842133163,0.005145907283367073
2022-07-25,0.0,1290.9955044658295,-0.12157876696650027,1226.1907120983985,7.757574253573565e-05
2022-07-26,0.0,1290.9955044658295,-0.12157876696650027,1215.7125405853074,0.008545303279258874
2022-07-27,0.0,1290.9955044658295,-0.12157876696650027,1239.6436562103768,-0.019684847220172386
2022-07-28,0.0,1290.9955044658295,-0.12157876696650027,1251.2565746065416,-0.009367948876264798
2022-07-29,0.0,1290.9955044658295,-0.12157876696650027,1260.0441419511794,-0.007022993943029854
2022-08-01,0.0,1290.9955044658295,-0.12157876696650027,1263.071255352954,-0.002402386790265102
2022-08-02,0.0,1290.9955044658295,-0.12157876696650027,1252.535632964925,0.008341273181048539
2022-08-03,0.0,1290.9955044658295,-0.12157876696650027,1268.5521200271482,-0.012787250630395177
2022-08-04,0.0,1290.9955044658295,-0.12157876696650027,1274.026736908771,-0.0043156420577386955
2022-08-05,0.0,1290.9955044658295,-0.12157876696650027,1266.1500739406517,0.006182494244375828
2022-08-08,0.0,1290.9955044658295,-0.12157876696650027,1272.3651887174954,-0.004908671495394138
2022-08-09,0.0,1290.9955044658295,-0.12157876696650027,1265.300323939165,0.005552544851884405
2022-08-10,0.0,1290.9955044658295,-0.12157876696650027,1284.0017773510506,-0.01478024865564206
2022-08-11,0.0,1290.9955044658295,-0.12157876696650027,1279.555608633724,0.0034627434289842274
2022-08-12,0.0,1290.9955044658295,-0.12157876696650027,1296.8195846361484,-0.0134921654720879
2022-08-15,0.0,1290.9955044658295,-0.12157876696650027,1295.2250735795044,0.0012295550402959662
2022-08-16,0.0,1290.9955044658295,-0.12157876696650027,1295.4249604663703,-0.0001543259862268252
2022-08-17,0.0,1290.9955044658295,-0.12157876696650027,1283.5112741107532,0.009196739849236872
2022-08-18,0.0,1290.9955044658295,-0.12157876696650027,1283.8430026981694,-0.00025845397240144486
2022-08-19,0.0,1290.9955044658295,-0.12157876696650027,1264.559205255864,0.015020370404930856
2022-08-22,0.0,1290.9955044658295,-0.12157876696650027,1245.8571440294465,0.014789391551369427
2022-08-23,0.0,1290.9955044658295,-0.12157876696650027,1246.862524130472,-0.000806978637834315
2022-08-24,0.0,1290.9955044658295,-0.12157876696650027,1248.7115343408489,-0.0014829302947144368
2022-08-25,0.0,1290.9955044658295,-0.12157876696650027,1266.0084111735348,-0.013851779499911692
2022-08-26,0.0,1290.9955044658295,-0.12157876696650027,1238.2782916131157,0.0219035824056765
2022-08-29,0.0,1290.9955044658295,-0.12157876696650027,1230.882063049746,0.005972993803949033
2022-08-30,0.0,1290.9955044658295,-0.12157876696650027,1220.1601158260376,0.008710783547485066
2022-08-31,0.0,1290.9955044658295,-0.12157876696650027,1213.1924459612817,0.005710455352852369
2022-09-01,0.0,1290.9955044658295,-0.12157876696650027,1203.1731526212172,0.008258618303648888
2022-09-02,0.0,1290.9955044658295,-0.12157876696650027,1197.3715578227348,0.004821911780397687
2022-09-06,0.0,1290.9955044658295,-0.12157876696650027,1186.1169337191773,0.009399441660383803
2022-09-07,0.0,1290.9955044658295,-0.12157876696650027,1203.6670708779873,-0.014796295929929926
2022-09-08,0.0,1290.9955044658295,-0.12157876696650027,1203.4996962476228,0.00013905392480539902
2022-09-09,0.0,1290.9955044658295,-0.12157876696650027,1221.5995943429812,-0.0150393873399319
2022-09-12,0.0,1290.9955044658295,-0.12157876696650027,1232.1407506450407,-0.008628978227296247
2022-09-13,0.0,1290.9955044658295,-0.12157876696650027,1194.5257498472502,0.030528168781122394
2022-09-14,0.0,1290.9955044658295,-0.12157876696650027,1198.5290329714853,-0.0033513577457389776
2022-09-15,0.0,1290.9955044658295,-0.12157876696650027,1185.8508825502718,0.01057809203818865
2022-09-16,0.0,1290.9955044658295,-0.12157876696650027,1177.314412324286,0.007198603426113337
2022-09-19,0.0,1290.9955044658295,-0.12157876696650027,1182.7030787250508,-0.004577083525314559
2022-09-20,0.0,1290.9955044658295,-0.12157876696650027,1170.6585992725609,0.010183857359595181
2022-09-21,0.0,1290.9955044658295,-0.12157876696650027,1160.786222891264,0.008433181447974336
2022-09-22,0.0,1290.9955044658295,-0.12157876696650027,1147.9996299880067,0.011015458877009023
2022-09-23,0.0,1290.9955044658295,-0.12157876696650027,1127.2377575725639,0.018085260546346897
2022-09-26,0.0,1290.9955044658295,-0.12157876696650027,1112.6528968876812,0.01293858424001886
2022-09-27,0.0,1290.9955044658295,-0.12157876696650027,1107.7345273706956,0.004420398788106691
2022-09-28,0.0,1290.9955044658295,-0.12157876696650027,1132.788926707704,-0.022617692883941283
2022-09-29,0.0,1290.9955044658295,-0.12157876696650027,1114.7249051408428,0.01594650260164676
2022-09-30,0.0,1290.9955044658295,-0.12157876696650027,1105.1986326274382,0.008545850612533878
2022-10-03,0.0,1290.9955044658295,-0.12157876696650027,1128.928607269914,-0.021471230547998044
2022-10-04,0.0,1290.9955044658295,-0.12157876696650027,1158.9922846756704,-0.02663027335134971
2022-10-05,0.0,1290.9955044658295,-0.12157876696650027,1153.1304296969113,0.005057716998003455
2022-10-06,0.0,1290.9955044658295,-0.12157876696650027,1144.2329030993283,0.007715975893482956
2022-10-07,0.0,1290.9955044658295,-0.12157876696650027,1119.2415667867806,0.021841127138412877
2022-10-10,0.0,1290.9955044658295,-0.12157876696650027,1107.4718894869422,0.010515761430865887
2022-10-11,0.0,1290.9955044658295,-0.12157876696650027,1100.461807531295,0.0063298057695122855
2022-10-12,0.0,1290.9955044658295,-0.12157876696650027,1100.7460884853303,-0.00025832877805458717
2022-10-13,0.0,1290.9955044658295,-0.12157876696650027,1113.58323671598,-0.011662224708255984
2022-10-14,0.0,1290.9955044658295,-0.12157876696650027,1092.8616074334207,0.018608065027692505
2022-10-17,0.0,1290.9955044658295,-0.12157876696650027,1114.833351120376,-0.020104781371683002
2022-10-18,0.0,1290.9955044658295,-0.12157876696650027,1121.7506331077316,-0.006204767717438894
2022-10-19,0.0,1290.9955044658295,-0.12157876696650027,1107.357209324088,0.012831215208470716
2022-10-20,0.0,1290.9955044658295,-0.12157876696650027,1100.9029803264502,0.005828497745165108
2022-10-21,0.0,1290.9955044658295,-0.12157876696650027,1117.0399083452282,-0.01465790201966106
2022-10-24,0.0,1290.9955044658295,-0.12157876696650027,1113.5602524562537,0.003115068551247419
2022-10-25,0.0,1290.9955044658295,-0.12157876696650027,1133.5467085484663,-0.017948248465340915
2022-10-26,0.0,1290.9955044658295,-0.12157876696650027,1137.0924398260627,-0.0031279975062844206
2022-10-27,0.0,1290.9955044658295,-0.12157876696650027,1131.9716076725897,0.0045034440245302265
2022-10-28,0.0,1290.9955044658295,-0.12157876696650027,1142.3046727864942,-0.009128378347889614
2022-10-31,0.0,1290.9955044658295,-0.12157876696650027,1134.882556002628,0.006497493147568597
2022-11-01,0.0,1290.9955044658295,-0.12157876696650027,1139.7773772414089,-0.004313064125350152
2022-11-02,0.0,1290.9955044658295,-0.12157876696650027,1119.140642004532,0.018105935114121712
2022-11-03,0.0,1290.9955044658295,-0.12157876696650027,1111.3970366481092,0.006919242377394909
2022-11-04,0.0,1290.9955044658295,-0.12157876696650027,1133.666537335027,-0.020037394335764076
2022-11-07,0.0,1290.9955044658295,-0.12157876696650027,1136.0689873636613,-0.0021191858006869607
2022-11-08,0.0,1290.9955044658295,-0.12157876696650027,1146.7168066541408,-0.009372511184543932
2022-11-09,0.0,1290.9955044658295,-0.12157876696650027,1129.6654011347723,0.01486976158404875
2022-11-10,0.0,1290.9955044658295,-0.12157876696650027,1186.4060747682088,-0.05022785824584809
2022-11-11,0.0,1290.9955044658295,-0.12157876696650027,1201.045829797536,-0.012339581986873729
2022-11-14,0.0,1290.9955044658295,-0.12157876696650027,1193.278073739913,0.006467493466866766
2022-11-15,0.0,1290.9955044658295,-0.12157876696650027,1208.017853774099,-0.012352342977349043
2022-11-16,0.0,1290.9955044658295,-0.12157876696650027,1201.5323306207215,0.00536873120965496
2022-11-17,0.0,1290.9955044658295,-0.12157876696650027,1196.2120381948516,0.004427922820122133
2022-11-18,0.0,1290.9955044658295,-0.12157876696650027,1195.1041335172329,0.0009261775021849645
2022-11-21,0.0,1290.9955044658295,-0.12157876696650027,1188.161241193775,0.005809445494113219
2022-11-22,0.0,1290.9955044658295,-0.12157876696650027,1200.0785851698913,-0.010030072992570162
2022-11-23,0.0,1290.9955044658295,-0.12157876696650027,1210.6785227873063,-0.00883270291496298
2022-11-25,0.0,1290.9955044658295,-0.12157876696650027,1209.4953671754904,0.000977266540660057
2022-11-28,0.0,1290.9955044658295,-0.12157876696650027,1196.8339433371527,0.010468352489770738
2022-11-29,0.0,1290.9955044658295,-0.12157876696650027,1198.7615059182258,-0.0016105513983823666
2022-11-30,0.0,1290.9955044658295,-0.12157876696650027,1228.0933035311457,-0.02446841800317277
2022-12-01,0.0,1290.9955044658295,-0.12157876696650027,1237.3175801842224,-0.007511055248452319
2022-12-02,0.0,1290.9955044658295,-0.12157876696650027,1239.5948191365196,-0.0018404643955339647
2022-12-05,0.0,1290.9955044658295,-0.12157876696650027,1218.6974529506274,0.016858223238177872
2022-12-06,0.0,1290.9955044658295,-0.12157876696650027,1211.6294749302508,0.005799616634353387
2022-12-07,0.0,1290.9955044658295,-0.12157876696650027,1214.742146152777,-0.0025689959570398707
2022-12-08,0.0,1290.9955044658295,-0.12157876696650027,1222.0707513369614,-0.006033054181411915
2022-12-09,0.0,1290.9955044658295,-0.12157876696650027,1212.5361480196618,0.007802005986043208
2022-12-12,0.0,1290.9955044658295,-0.12157876696650027,1218.3521922614812,-0.00479659451911431
2022-12-13,0.0,1290.9955044658295,-0.12157876696650027,1227.2065677562437,-0.007267500769483888
2022-12-14,0.0,1290.9955044658295,-0.12157876696650027,1223.8936836713874,0.002699532557842499
2022-12-15,0.0,1290.9955044658295,-0.12157876696650027,1198.272162936975,0.020934433338649035
2022-12-16,0.0,1290.9955044658295,-0.12157876696650027,1191.1427841196921,0.00594971579729323
2022-12-19,0.0,1290.9955044658295,-0.12157876696650027,1180.9843459714498,0.008528312712526758
2022-12-20,0.0,1290.9955044658295,-0.12157876696650027,1182.407865327177,-0.0012053668285979535
2022-12-21,0.0,1290.9955044658295,-0.12157876696650027,1193.7101378870987,-0.009558691963533634
2022-12-22,0.0,1290.9955044658295,-0.12157876696650027,1179.8724964348096,0.011592128619081876
2022-12-23,0.0,1290.9955044658295,-0.12157876696650027,1180.3902485991207,-0.0004388204368487144
2022-12-27,0.0,1290.9955044658295,-0.12157876696650027,1177.0512174667438,0.0028287518778976617
2022-12-28,0.0,1290.9955044658295,-0.12157876696650027,1164.143381304788,0.010966248511883834
2022-12-29,0.0,1290.9955044658295,-0.12157876696650027,1183.6178568758323,-0.016728588491580147
2022-12-30,0.0,1290.9955044658295,-0.12157876696650027,1177.4415116083935,0.005218192030104508
