trade_date,open,high,low,close,volume
2018-01-02,70.00360107421875,71.62640380859375,69.77999877929688,71.38999938964844,11887500
2018-01-03,71.60919952392578,73.16079711914062,71.4000015258789,72.96640014648438,13125000
2018-01-04,73.5416030883789,73.95600128173828,72.0811996459961,72.29000091552734,14815000
2018-01-05,72.80719757080078,73.0199966430664,72.23200225830078,72.94159698486328,8965000
2018-01-08,73.09960174560547,74.99800109863281,73.00759887695312,74.07240295410156,13890000
2018-01-09,74.52799987792969,75.06919860839844,74.30000305175781,74.61160278320312,9220000
2018-01-10,74.2208023071289,74.94200134277344,74.216796875,74.91639709472656,6855000
2018-01-11,75.19999694824219,76.0344009399414,75.11519622802734,75.7239990234375,9647500
2018-01-12,75.92160034179688,77.03919982910156,75.60040283203125,76.7760009765625,13882500
2018-01-16,77.22840118408203,77.99320220947266,76.59839630126953,76.77880096435547,15122500
2018-01-17,77.10199737548828,78.3583984375,76.74720001220703,77.99600219726562,12892500
2018-01-18,77.94599914550781,78.29959869384766,77.03880310058594,77.06839752197266,9965000
2018-01-19,77.25920104980469,77.35199737548828,76.04119873046875,76.40840148925781,15862500
2018-01-22,76.4000015258789,77.06759643554688,76.04000091552734,76.63079833984375,9955000
2018-01-23,77.10199737548828,78.77439880371094,76.99960327148438,78.5176010131836,11800000
2018-01-24,79.11640167236328,79.39759826660156,77.70600128173828,78.20960235595703,10132500
2018-01-25,78.67520141601562,79.06400299072266,77.81880187988281,77.98680114746094,8247500
2018-01-26,78.4395980834961,78.59839630126953,77.79840087890625,78.01920318603516,9512500
2018-01-29,77.70680236816406,78.41840362548828,76.8499984741211,77.16919708251953,11220000
2018-01-30,76.28479766845703,77.32520294189453,76.01319885253906,76.86119842529297,9557500
2018-01-31,77.12039947509766,77.3988037109375,75.83999633789062,76.48200225830078,11320000
2018-02-01,76.15959930419922,77.15360260009766,75.73560333251953,76.14759826660156,9000000
2018-02-02,75.6052017211914,76.0,74.26280212402344,74.36399841308594,12845000
2018-02-05,73.6520004272461,74.90440368652344,72.66000366210938,73.03720092773438,13705000
2018-02-06,72.00039672851562,74.55999755859375,72.00039672851562,74.34639739990234,14112500
2018-02-07,73.89559936523438,76.01480102539062,73.46720123291016,75.30719757080078,12280000
2018-02-08,75.36840057373047,75.57119750976562,72.12039947509766,72.24240112304688,16927500
2018-02-09,70.71920013427734,72.95999908447266,68.56279754638672,70.5999984741211,28437500
2018-02-12,70.95960235595703,72.06759643554688,69.29399871826172,71.5999984741211,17057500
2018-02-13,71.16919708251953,72.19319915771484,70.4800033569336,71.91439819335938,9380000
2018-02-14,71.3687973022461,73.033203125,70.9207992553711,72.73639678955078,11310000
2018-02-15,74.0344009399414,75.03279876708984,73.443603515625,74.80999755859375,12282500
2018-02-16,74.98480224609375,77.07479858398438,74.74720001220703,75.4000015258789,13977500
2018-02-20,75.32279968261719,76.61280059814453,75.23719787597656,75.78479766845703,10200000
2018-02-21,76.53679656982422,76.6416015625,75.22640228271484,75.22720336914062,12967500
2018-02-22,75.36759948730469,76.30999755859375,74.82879638671875,75.08560180664062,10807500
2018-02-23,75.58920288085938,76.3124008178711,75.00640106201172,76.28079986572266,13882500
2018-02-26,76.23799896240234,76.92880249023438,75.90640258789062,76.22560119628906,14252500
2018-02-27,75.36000061035156,76.79000091552734,74.80079650878906,76.20040130615234,16547500
2018-02-28,82.04000091552734,83.49359893798828,81.36160278320312,81.36160278320312,36027500
2018-03-01,81.3843994140625,82.1416015625,79.95320129394531,81.13480377197266,20937500
2018-03-02,80.11280059814453,81.51480102539062,79.82319641113281,81.35160064697266,16060000
2018-03-05,80.80000305175781,83.08000183105469,80.59559631347656,82.90640258789062,15370000
2018-03-06,83.00399780273438,83.83480072021484,82.35240173339844,83.42040252685547,13327500
2018-03-07,82.5999984741211,85.11840057373047,82.5999984741211,84.91719818115234,14507500
2018-03-08,85.51959991455078,86.76599884033203,85.22720336914062,86.0031967163086,14610000
2018-03-09,86.76000213623047,87.11840057373047,86.36280059814453,86.82440185546875,12235000
2018-03-12,87.19999694824219,88.7239990234375,86.96279907226562,88.24359893798828,13242500
2018-03-13,88.43720245361328,89.15959930419922,86.48719787597656,86.80000305175781,12980000
2018-03-14,87.02200317382812,87.783203125,86.49320220947266,87.55599975585938,8612500
2018-03-15,87.60040283203125,88.30280303955078,86.84400177001953,87.51080322265625,8400000
2018-03-16,87.84760284423828,87.94319915771484,86.79080200195312,86.8595962524414,11850000
2018-03-19,86.46479797363281,86.63040161132812,84.99559783935547,85.87560272216797,11270000
2018-03-20,85.5780029296875,86.70760345458984,85.52120208740234,85.56439971923828,6420000
2018-03-21,85.69200134277344,86.63279724121094,85.3832015991211,85.79920196533203,7430000
2018-03-22,85.31559753417969,86.18160247802734,84.07319641113281,84.552001953125,11082500
2018-03-23,84.64959716796875,85.55960083007812,83.44560241699219,83.48040008544922,10312500
2018-03-26,84.44879913330078,85.69519805908203,83.16079711914062,85.34839630126953,7317500
2018-03-27,85.49720001220703,85.6095962524414,82.2603988647461,83.10240173339844,10720000
2018-03-28,82.67919921875,83.35679626464844,80.8280029296875,82.1875991821289,15812500
2018-03-29,82.38680267333984,83.76719665527344,81.62879943847656,83.2155990600586,9895000
2018-04-02,82.81719970703125,82.96040344238281,80.39679718017578,81.2343978881836,9307500
2018-04-03,82.0,83.19960021972656,81.44280242919922,82.70279693603516,9460000
2018-04-04,81.72840118408203,83.27519989013672,80.56719970703125,82.84040069580078,9637500
2018-04-05,83.1011962890625,84.09839630126953,82.83999633789062,83.64360046386719,8002500
2018-04-06,82.99600219726562,83.82440185546875,81.02159881591797,81.3364028930664,8760000
2018-04-09,82.14959716796875,83.55239868164062,81.80000305175781,81.94960021972656,8887500
2018-04-10,83.04080200195312,83.48919677734375,82.31999969482422,83.10359954833984,7280000
2018-04-11,82.70559692382812,84.19120025634766,82.60160064697266,83.22599792480469,7667500
2018-04-12,83.77799987792969,84.10600280761719,83.28600311279297,83.43240356445312,6007500
2018-04-13,84.18679809570312,84.18679809570312,83.0927963256836,83.43440246582031,6550000
2018-04-16,83.76439666748047,84.70559692382812,83.43080139160156,83.86360168457031,4860000
2018-04-17,84.7959976196289,86.87999725341797,84.5,86.49240112304688,10955000
2018-04-18,86.86479949951172,87.44200134277344,86.2488021850586,87.2239990234375,7430000
2018-04-19,87.01959991455078,87.44200134277344,86.23880004882812,86.35800170898438,6622500
2018-04-20,86.44120025634766,86.69920349121094,84.74479675292969,85.25479888916016,10367500
2018-04-23,85.3239974975586,86.01200103759766,84.50759887695312,85.34760284423828,6337500
2018-04-24,85.50440216064453,86.0792007446289,82.2052001953125,82.69159698486328,9837500
2018-04-25,82.4448013305664,83.59359741210938,81.38240051269531,83.10440063476562,6695000
2018-04-26,83.92040252685547,84.64600372314453,83.12039947509766,84.47200012207031,8900000
2018-04-27,85.8407974243164,86.87999725341797,84.92359924316406,85.6688003540039,11455000
2018-04-30,85.74600219726562,87.72239685058594,85.35240173339844,87.12000274658203,11700000
2018-05-01,86.81600189208984,87.2936019897461,86.07160186767578,87.17559814453125,6977500
2018-05-02,87.05079650878906,87.4280014038086,85.95960235595703,85.9927978515625,6702500
2018-05-03,85.95999908447266,86.45800018310547,84.66799926757812,86.0884017944336,6775000
2018-05-04,85.94400024414062,87.15280151367188,85.04000091552734,87.02839660644531,7572500
2018-05-07,87.59600067138672,88.07360076904297,86.90360260009766,87.79840087890625,8622500
2018-05-08,86.9739990234375,87.9520034790039,86.19999694824219,86.46399688720703,9860000
2018-05-09,87.4000015258789,87.66320037841797,86.33039855957031,87.34359741210938,15897500
2018-05-10,82.0,83.93720245361328,81.88040161132812,83.20079803466797,28362500
2018-05-11,83.69280242919922,83.80000305175781,82.55719757080078,82.87960052490234,11975000
2018-05-14,82.6688003540039,82.98480224609375,82.20079803466797,82.88079833984375,11095000
2018-05-15,82.16400146484375,82.84600067138672,81.38680267333984,82.70999908447266,10017500
2018-05-16,82.8135986328125,83.7083969116211,82.622802734375,82.98359680175781,7007500
2018-05-17,82.94039916992188,83.93840026855469,82.77159881591797,83.56439971923828,7587500
2018-05-18,83.91639709472656,83.91639709472656,82.65360260009766,82.65360260009766,6932500
2018-05-21,83.05480194091797,83.13880157470703,82.50039672851562,82.86239624023438,8665000
2018-05-22,83.04119873046875,83.29920196533203,82.60440063476562,83.08760070800781,7412500
2018-05-23,82.24199676513672,83.46040344238281,82.12000274658203,83.41000366210938,10267500
2018-05-24,83.4800033569336,83.82039642333984,82.99800109863281,83.53119659423828,6990000
2018-05-25,83.36000061035156,84.75640106201172,83.2427978515625,84.42479705810547,8612500
2018-05-29,83.78880310058594,84.2040023803711,82.36399841308594,83.04119873046875,12192500
2018-05-30,83.4563980102539,84.3364028930664,82.94920349121094,83.91999816894531,8567500
2018-05-31,84.00080108642578,84.72039794921875,83.90399932861328,84.35679626464844,8850000
2018-06-01,84.839599609375,85.41719818115234,84.72200012207031,85.15760040283203,7537500
2018-06-04,85.36000061035156,85.83679962158203,85.0103988647461,85.03199768066406,7117500
2018-06-05,85.27799987792969,85.79560089111328,85.04000091552734,85.63960266113281,8497500
2018-06-06,85.83399963378906,86.2583999633789,85.16120147705078,86.15119934082031,7442500
2018-06-07,86.2863998413086,86.2863998413086,84.87680053710938,85.2791976928711,7345000
2018-06-08,85.1083984375,85.74800109863281,84.88520050048828,85.46160125732422,6395000
2018-06-11,85.55999755859375,85.57440185546875,84.83679962158203,84.97160339355469,5882500
2018-06-12,85.0436019897461,85.34639739990234,84.87960052490234,85.27999877929688,6395000
2018-06-13,85.36119842529297,85.36119842529297,84.12480163574219,84.25440216064453,11432500
2018-06-14,84.58000183105469,85.19960021972656,84.45240020751953,84.92240142822266,9690000
2018-06-15,85.04280090332031,85.83280181884766,84.48480224609375,85.65799713134766,12900000
2018-06-18,85.0624008178711,86.1531982421875,84.83560180664062,85.80879974365234,7195000
2018-06-19,84.95040130615234,85.86920166015625,84.64640045166016,85.57039642333984,8972500
2018-06-20,85.95999908447266,86.51640319824219,85.52120208740234,85.83080291748047,8702500
2018-06-21,85.82160186767578,86.09880065917969,84.72119903564453,84.89959716796875,7882500
2018-06-22,85.20159912109375,85.302001953125,83.83879852294922,84.11399841308594,9230000
2018-06-25,83.65039825439453,83.73639678955078,81.24079895019531,82.02079772949219,11342500
2018-06-26,81.91999816894531,82.49400329589844,81.31919860839844,81.61519622802734,8937500
2018-06-27,81.95719909667969,82.41280364990234,80.05239868164062,80.05999755859375,11240000
2018-06-28,79.87999725341797,81.02439880371094,79.19999694824219,80.77960205078125,8930000
2018-06-29,81.43800354003906,81.97920227050781,80.95480346679688,81.08360290527344,8710000
2018-07-02,80.50679779052734,82.46440124511719,79.75399780273438,81.9176025390625,7360000
2018-07-03,82.40599822998047,82.90959930419922,82.03600311279297,82.4092025756836,5220000
2018-07-05,82.91799926757812,83.00599670410156,82.03959655761719,82.76599884033203,6205000
2018-07-06,83.08000183105469,83.58439636230469,82.53679656982422,83.47720336914062,6320000
2018-07-09,83.79399871826172,83.96240234375,83.07839965820312,83.26599884033203,7132500
2018-07-10,83.43800354003906,83.51119995117188,82.21640014648438,82.56159973144531,7127500
2018-07-11,82.27439880371094,82.35919952392578,81.08080291748047,82.11399841308594,8317500
2018-07-12,82.49720001220703,82.80159759521484,81.69640350341797,82.2844009399414,8927500
2018-07-13,82.11920166015625,82.13040161132812,81.12319946289062,81.25759887695312,6782500
2018-07-16,81.23919677734375,81.35600280761719,80.61039733886719,80.80000305175781,10280000
2018-07-17,80.02400207519531,81.86319732666016,80.00080108642578,81.2208023071289,8812500
2018-07-18,80.98359680175781,81.39920043945312,80.56600189208984,80.9563980102539,6645000
2018-07-19,80.65480041503906,80.82759857177734,80.10240173339844,80.42400360107422,8677500
2018-07-20,80.35160064697266,81.02680206298828,80.09400177001953,80.38680267333984,8982500
2018-07-23,80.2396011352539,80.4219970703125,79.4000015258789,79.83879852294922,8250000
2018-07-24,80.36000061035156,81.99960327148438,80.3499984741211,81.05000305175781,8450000
2018-07-25,81.17919921875,82.71959686279297,81.16000366210938,82.62760162353516,8470000
2018-07-26,82.716796875,83.4375991821289,81.6404037475586,83.32520294189453,11372500
2018-07-27,84.74240112304688,85.2760009765625,82.40760040283203,83.40119934082031,13017500
2018-07-30,83.55999755859375,83.82520294189453,81.09200286865234,81.19599914550781,9397500
2018-07-31,81.29440307617188,81.7020034790039,80.29720306396484,81.1488037109375,7012500
2018-08-01,81.22599792480469,81.95999908447266,80.4540023803711,80.92520141601562,7255000
2018-08-02,80.44760131835938,81.5199966430664,79.87999725341797,81.32279968261719,9387500
2018-08-03,81.43080139160156,81.59960174560547,80.8280029296875,81.18840026855469,7585000
2018-08-06,81.27999877929688,83.51280212402344,81.06520080566406,83.03399658203125,10092500
2018-08-07,83.72000122070312,84.36000061035156,83.04000091552734,83.11959838867188,9960000
2018-08-08,83.11479949951172,83.39600372314453,81.66560363769531,81.80000305175781,13892500
2018-08-09,76.44000244140625,78.26959991455078,76.04000091552734,77.69560241699219,42005000
2018-08-10,76.39399719238281,76.77760314941406,75.60399627685547,75.90640258789062,23410000
2018-08-13,76.06880187988281,76.19599914550781,74.08719635009766,74.17040252685547,16462500
2018-08-14,74.52559661865234,74.71720123291016,73.29720306396484,73.34200286865234,17215000
2018-08-15,72.7979965209961,74.88880157470703,72.62000274658203,74.53959655761719,17155000
2018-08-16,74.91999816894531,75.38240051269531,72.88480377197266,72.99960327148438,23535000
2018-08-17,72.88600158691406,73.7063980102539,72.6416015625,73.627197265625,15382500
2018-08-20,73.77040100097656,75.14959716796875,73.62560272216797,74.34400177001953,12332500
2018-08-21,74.95999908447266,76.06400299072266,74.83999633789062,75.92320251464844,13935000
2018-08-22,75.97760009765625,77.05560302734375,75.92359924316406,76.68000030517578,11537500
2018-08-23,76.40080261230469,77.19999694824219,75.69239807128906,75.7959976196289,10675000
2018-08-24,76.01640319824219,76.7676010131836,76.01640319824219,76.13359832763672,10285000
2018-08-27,76.55960083007812,77.55159759521484,76.55960083007812,77.4280014038086,8517500
2018-08-28,77.74839782714844,77.77999877929688,77.00080108642578,77.24919891357422,6627500
2018-08-29,77.17880249023438,78.13079833984375,77.17880249023438,77.76119995117188,6785000
2018-08-30,77.58439636230469,78.31759643554688,77.26959991455078,77.76000213623047,6672500
2018-08-31,77.55480194091797,78.1156005859375,77.55480194091797,78.06199645996094,7617500
2018-09-04,78.02439880371094,78.04199981689453,76.85600280761719,77.01439666748047,9737500
2018-09-05,77.1187973022461,77.1187973022461,75.58439636230469,75.68720245361328,13252500
2018-09-06,75.63520050048828,76.43319702148438,74.87439727783203,76.37999725341797,10297500
2018-09-07,75.8196029663086,76.91919708251953,75.58399963378906,76.07240295410156,8705000
2018-09-10,76.60279846191406,76.64080047607422,74.87640380859375,75.03040313720703,9775000
2018-09-11,74.7947998046875,75.5031967163086,73.85440063476562,75.23719787597656,9405000
2018-09-12,74.9364013671875,75.5811996459961,74.68679809570312,75.04319763183594,12590000
2018-09-13,75.56600189208984,76.37039947509766,75.05599975585938,75.30439758300781,9835000
2018-09-14,75.48719787597656,76.74839782714844,75.33519744873047,76.65080261230469,9800000
2018-09-17,76.71759796142578,76.79759979248047,75.17279815673828,75.63040161132812,10440000
2018-09-18,75.86640167236328,76.72160339355469,75.55400085449219,76.44439697265625,7467500
2018-09-19,76.03800201416016,77.3311996459961,75.53559875488281,77.07119750976562,6707500
2018-09-20,77.59960174560547,78.34400177001953,77.32039642333984,77.90959930419922,8210000
2018-09-21,78.23999786376953,78.48480224609375,77.58439636230469,78.26959991455078,14935000
2018-09-24,77.5199966430664,78.92279815673828,76.93440246582031,78.35040283203125,10962500
2018-09-25,78.56839752197266,78.90440368652344,78.0884017944336,78.20040130615234,9500000
2018-09-26,78.4092025756836,79.45760345458984,78.13600158691406,78.70040130615234,7590000
2018-09-27,78.99199676513672,79.59159851074219,78.63919830322266,78.77359771728516,8645000
2018-09-28,78.98480224609375,79.62960052490234,78.58480072021484,79.36000061035156,10415000
2018-10-01,79.9092025756836,80.68440246582031,79.49320220947266,79.56839752197266,7775000
2018-10-02,79.19960021972656,79.85600280761719,79.04759979248047,79.0635986328125,7432500
2018-10-03,79.32240295410156,79.50039672851562,78.87999725341797,78.90519714355469,8770000
2018-10-04,78.5999984741211,78.79959869384766,77.19560241699219,77.33599853515625,11085000
2018-10-05,77.31880187988281,77.57879638671875,76.00479888916016,76.15360260009766,9690000
2018-10-08,75.80000305175781,76.6760025024414,75.23919677734375,76.03600311279297,8087500
2018-10-09,76.04000091552734,76.62640380859375,74.76840209960938,74.81999969482422,8195000
2018-10-10,74.5999984741211,74.62960052490234,71.41840362548828,71.54959869384766,15882500
2018-10-11,71.18479919433594,72.32080078125,70.2863998413086,71.26840209960938,15325000
2018-10-12,72.59480285644531,73.16200256347656,71.67120361328125,72.28679656982422,17465000
2018-10-15,72.14320373535156,73.05000305175781,71.60079956054688,72.45320129394531,10177500
2018-10-16,73.0,73.42559814453125,72.7959976196289,73.21080017089844,8985000
2018-10-17,73.3759994506836,74.33159637451172,72.94000244140625,74.02040100097656,8165000
2018-10-18,74.12439727783203,74.36000061035156,72.32360076904297,72.46839904785156,8795000
2018-10-19,72.69159698486328,73.44080352783203,71.83999633789062,72.22959899902344,6552500
2018-10-22,72.4352035522461,74.0447998046875,72.2947998046875,73.09159851074219,6730000
2018-10-23,71.48159790039062,73.66079711914062,71.42680358886719,73.19999694824219,10120000
2018-10-24,73.12840270996094,73.88839721679688,69.82520294189453,70.14320373535156,13337500
2018-10-25,70.83159637451172,72.58719635009766,70.40039825439453,72.18119812011719,11760000
2018-10-26,71.5999984741211,72.0479965209961,70.04319763183594,70.8323974609375,13145000
2018-10-29,72.03119659423828,73.63200378417969,70.3927993774414,71.52120208740234,11667500
2018-10-30,71.61599731445312,74.20439910888672,71.0,73.44000244140625,10825000
2018-10-31,73.95999908447266,75.92160034179688,73.8051986694336,74.98320007324219,11592500
2018-11-01,75.30919647216797,76.32360076904297,74.74639892578125,75.84359741210938,8730000
2018-11-02,76.05919647216797,76.19840240478516,74.27519989013672,75.00039672851562,8850000
2018-11-05,74.95040130615234,75.40599822998047,73.5436019897461,74.84480285644531,16987500
2018-11-06,79.5416030883789,80.39959716796875,77.84880065917969,77.97840118408203,22525000
2018-11-07,78.93000030517578,80.6259994506836,78.63520050048828,79.92680358886719,15412500
2018-11-08,79.6447982788086,80.7791976928711,79.00279998779297,79.10440063476562,10465000
2018-11-09,78.69999694824219,78.9540023803711,76.88839721679688,77.50559997558594,9262500
2018-11-12,77.12519836425781,77.55680084228516,75.67440032958984,76.2511978149414,10022500
2018-11-13,76.64360046386719,77.24359893798828,76.16919708251953,76.4031982421875,10260000
2018-11-14,77.30359649658203,77.4000015258789,75.40440368652344,75.53479766845703,7525000
2018-11-15,74.88040161132812,75.96520233154297,73.61799621582031,75.55480194091797,9172500
2018-11-16,74.5979995727539,74.9823989868164,73.26000213623047,74.21279907226562,8367500
2018-11-19,74.18599700927734,75.0,71.19280242919922,71.19999694824219,13962500
2018-11-20,70.4520034790039,71.22560119628906,69.07119750976562,70.01719665527344,20747500
2018-11-21,71.17120361328125,71.55359649658203,70.27079772949219,70.41600036621094,9220000
2018-11-23,70.02880096435547,71.056396484375,69.49040222167969,70.56320190429688,4015000
2018-11-26,71.12359619140625,72.74839782714844,70.6707992553711,72.09760284423828,11297500
2018-11-27,71.7427978515625,73.29640197753906,71.59120178222656,72.9843978881836,9925000
2018-11-28,73.13040161132812,75.0363998413086,72.66200256347656,74.77799987792969,8712500
2018-11-29,74.63999938964844,75.40599822998047,74.38839721679688,74.60600280761719,8952500
2018-11-30,74.73280334472656,75.8843994140625,74.11199951171875,75.67520141601562,9025000
2018-12-03,77.018798828125,77.83360290527344,76.6144027709961,76.78800201416016,13387500
2018-12-04,76.71199798583984,77.02159881591797,74.11720275878906,74.52559661865234,8885000
2018-12-06,73.58560180664062,75.58039855957031,72.71520233154297,75.28959655761719,9920000
2018-12-07,74.68879699707031,75.2863998413086,72.59960174560547,73.38040161132812,10235000
2018-12-10,73.32160186767578,74.11360168457031,72.45040130615234,73.04039764404297,10792500
2018-12-11,73.59320068359375,75.11959838867188,73.37239837646484,74.09400177001953,6605000
2018-12-12,75.3656005859375,75.76080322265625,73.68000030517578,74.24600219726562,8147500
2018-12-13,74.58399963378906,74.62439727783203,72.8511962890625,73.32279968261719,9040000
2018-12-14,72.2760009765625,73.3311996459961,71.86160278320312,72.28559875488281,9977500
2018-12-17,71.86640167236328,72.27839660644531,68.04039764404297,69.58080291748047,15822500
2018-12-18,70.08920288085938,71.98560333251953,69.4800033569336,70.77680206298828,9797500
2018-12-19,70.77680206298828,72.2656021118164,68.2699966430664,69.46520233154297,13102500
2018-12-20,69.08039855957031,69.60040283203125,67.4303970336914,68.20719909667969,11845000
2018-12-21,68.18479919433594,68.6355972290039,64.6864013671875,65.33560180664062,26092500
2018-12-24,64.86720275878906,65.9636001586914,64.25080108642578,64.67320251464844,9680000
2018-12-26,65.16960144042969,68.20040130615234,65.05599975585938,68.12999725341797,10340000
2018-12-27,66.79119873046875,68.78720092773438,66.67520141601562,68.71199798583984,7912500
2018-12-28,68.99600219726562,69.37000274658203,68.07039642333984,68.6332015991211,7025000
2018-12-31,69.21920013427734,69.58799743652344,68.49960327148438,68.89679718017578,7005000
2019-01-02,67.6500015258789,69.4708023071289,67.63359832763672,68.86799621582031,7815000
2019-01-03,68.18599700927734,68.5072021484375,66.31919860839844,66.5248031616211,11130000
2019-01-04,67.4448013305664,69.48320007324219,67.1447982788086,68.7020034790039,13525000
2019-01-07,68.86959838867188,69.25599670410156,68.14399719238281,68.4728012084961,8370000
2019-01-08,69.20159912109375,70.2396011352539,67.24600219726562,67.47679901123047,16310000
2019-01-09,65.69400024414062,67.31520080566406,65.48079681396484,65.97959899902344,19657500
2019-01-10,65.5999984741211,67.43920135498047,65.5999984741211,67.09320068359375,11492500
2019-01-11,66.82360076904297,67.12200164794922,66.19719696044922,66.6355972290039,8280000
2019-01-14,65.90239715576172,68.35320281982422,65.80000305175781,67.71520233154297,10980000
2019-01-15,67.80000305175781,68.16719818115234,67.26239776611328,67.93240356445312,10902500
2019-01-16,67.73680114746094,67.92880249023438,67.06159973144531,67.2228012084961,12592500
2019-01-17,67.26920318603516,69.51640319824219,67.06159973144531,68.98040008544922,9080000
2019-01-18,69.88079833984375,71.07360076904297,69.5,70.410400390625,13815000
2019-01-22,69.72720336914062,70.38680267333984,67.6592025756836,68.35919952392578,18950000
2019-01-23,68.69000244140625,69.86319732666016,68.60440063476562,69.77239990234375,10947500
2019-01-24,69.95919799804688,72.20719909667969,69.9552001953125,71.82679748535156,17392500
2019-01-25,72.47959899902344,73.36319732666016,71.96040344238281,72.08799743652344,12080000
2019-01-28,71.50479888916016,73.4000015258789,71.20719909667969,72.54399871826172,9695000
2019-01-29,72.66480255126953,72.81600189208984,71.76799774169922,72.35199737548828,5307500
2019-01-30,73.01319885253906,73.41919708251953,72.22319793701172,72.74800109863281,7512500
2019-01-31,72.8147964477539,74.04720306396484,72.8147964477539,73.3124008178711,7872500
2019-02-01,72.96199798583984,74.48280334472656,72.84600067138672,73.47840118408203,6955000
2019-02-04,73.6156005859375,74.49040222167969,73.5176010131836,74.4395980834961,7987500
2019-02-05,75.5011978149414,76.64920043945312,75.19719696044922,76.09040069580078,12197500
2019-02-06,75.83760070800781,76.4000015258789,74.99120330810547,76.2771987915039,6075000
2019-02-07,75.68399810791016,76.0260009765625,74.48040008544922,75.0823974609375,9065000
2019-02-08,75.6948013305664,75.99960327148438,74.48040008544922,74.84359741210938,6900000
2019-02-11,74.92520141601562,75.22760009765625,74.27960205078125,74.5999984741211,8192500
2019-02-12,75.07319641113281,76.0,74.46839904785156,75.81159973144531,6555000
2019-02-13,75.97160339355469,76.95999908447266,75.95079803466797,76.79879760742188,6932500
2019-02-14,76.39520263671875,76.90519714355469,76.04000091552734,76.09320068359375,5222500
2019-02-15,77.01319885253906,77.38600158691406,75.94280242919922,77.3427963256836,8295000
2019-02-19,77.10240173339844,78.07440185546875,76.36720275878906,77.41999816894531,8460000
2019-02-20,77.46040344238281,77.79959869384766,76.80000305175781,77.04679870605469,8055000
2019-02-21,76.98600006103516,77.30599975585938,76.0115966796875,76.25240325927734,10352500
2019-02-22,76.81520080566406,76.9563980102539,75.88839721679688,76.4207992553711,9645000
2019-02-25,77.14520263671875,77.39320373535156,75.43319702148438,75.6011962890625,11352500
2019-02-26,75.43319702148438,76.79319763183594,75.43319702148438,76.62920379638672,9150000
2019-02-27,76.23999786376953,78.08999633789062,75.88040161132812,76.23999786376953,18765000
2019-02-28,70.16000366210938,70.55560302734375,67.68000030517578,67.88159942626953,49745000
2019-03-01,68.3280029296875,69.0531997680664,67.91999816894531,68.56320190429688,31202500
2019-03-04,68.94640350341797,69.19999694824219,67.60160064697266,68.31279754638672,26085000
2019-03-05,68.5999984741211,69.94920349121094,68.37480163574219,69.83719635009766,15490000
2019-03-06,69.93479919433594,70.63279724121094,69.81159973144531,70.0647964477539,15535000
2019-03-07,69.86000061035156,70.26840209960938,68.77120208740234,69.00039672851562,14972500
2019-03-08,68.32160186767578,68.78040313720703,67.71720123291016,68.63279724121094,19330000
2019-03-11,68.86759948730469,68.95960235595703,67.73280334472656,68.39600372314453,17030000
2019-03-12,68.38880157470703,69.61519622802734,67.57759857177734,69.44000244140625,17482500
2019-03-13,69.61759948730469,70.7936019897461,69.58439636230469,70.42839813232422,17022500
2019-03-14,70.7531967163086,71.28679656982422,69.54920196533203,69.75520324707031,13017500
2019-03-15,70.07160186767578,70.32279968261719,69.768798828125,70.08679962158203,19002500
2019-03-18,70.30840301513672,70.6240005493164,70.11239624023438,70.2531967163086,10075000
2019-03-19,70.04199981689453,71.49199676513672,69.60559844970703,70.56120300292969,12477500
2019-03-20,70.67120361328125,71.2396011352539,70.04519653320312,70.97720336914062,9730000
2019-03-21,70.63200378417969,71.38600158691406,70.44039916992188,70.97440338134766,10000000
2019-03-22,70.1615982055664,70.44719696044922,68.443603515625,68.86360168457031,16402500
2019-03-25,68.5604019165039,70.39520263671875,68.5083999633789,70.09559631347656,13992500
2019-03-26,70.447998046875,71.35440063476562,70.3687973022461,70.75479888916016,11560000
2019-03-27,70.75920104980469,71.47840118408203,69.84839630126953,70.08439636230469,8887500
2019-03-28,70.39959716796875,70.62319946289062,69.089599609375,69.15560150146484,10432500
2019-03-29,69.46399688720703,70.26119995117188,69.33719635009766,69.79640197753906,11002500
2019-04-01,70.20320129394531,70.87879943847656,69.92400360107422,70.36920166015625,12560000
2019-04-02,70.64119720458984,70.86280059814453,70.04959869384766,70.54199981689453,12315000
2019-04-03,71.13880157470703,71.84559631347656,70.7603988647461,70.99720001220703,12155000
2019-04-04,71.01239776611328,71.64759826660156,70.69999694824219,71.2239990234375,9330000
2019-04-05,71.52120208740234,71.52120208740234,70.73519897460938,70.77799987792969,9145000
2019-04-08,70.716796875,71.72360229492188,70.65599822998047,71.54879760742188,8100000
2019-04-09,71.06999969482422,71.87519836425781,70.70600128173828,71.77880096435547,9462500
2019-04-10,71.75399780273438,72.35919952392578,70.88040161132812,72.23999786376953,9817500
2019-04-11,72.4000015258789,72.93599700927734,72.24600219726562,72.74359893798828,10525000
2019-04-12,73.11479949951172,73.91999816894531,73.08560180664062,73.32279968261719,10337500
2019-04-15,73.36000061035156,73.92559814453125,73.03800201416016,73.84919738769531,9657500
2019-04-16,74.0719985961914,74.53199768066406,73.56559753417969,73.66799926757812,10412500
2019-04-17,73.94519805908203,74.24919891357422,73.50440216064453,73.59159851074219,8105000
2019-04-18,73.90560150146484,74.16919708251953,73.59359741210938,73.77239990234375,8615000
2019-04-22,73.3572006225586,74.12799835205078,73.2416000366211,73.76679992675781,7897500
2019-04-23,73.96920013427734,75.81120300292969,73.89360046386719,75.50920104980469,13732500
2019-04-24,75.48560333251953,75.75920104980469,74.54399871826172,74.69120025634766,12665000
2019-04-25,74.82599639892578,75.39240264892578,74.2771987915039,74.65039825439453,9610000
2019-04-26,74.7239990234375,75.33999633789062,74.00039672851562,74.72000122070312,13527500
2019-04-29,74.79239654541016,75.4000015258789,74.62480163574219,75.05280303955078,10822500
2019-04-30,74.87999725341797,75.56400299072266,74.08799743652344,74.19960021972656,10560000
2019-05-01,74.30280303955078,74.61959838867188,73.12760162353516,73.18080139160156,10185000
2019-05-02,72.98639678955078,73.21720123291016,72.0072021484375,72.31999969482422,13225000
2019-05-03,72.64679718017578,73.19840240478516,72.56999969482422,72.96279907226562,12402500
2019-05-06,71.9583969116211,72.46800231933594,71.28119659423828,72.02040100097656,13502500
2019-05-07,71.25800323486328,72.02320098876953,70.84839630126953,71.4000015258789,11930000
2019-05-08,70.60040283203125,70.86479949951172,69.83999633789062,70.06520080566406,11615000
2019-05-09,69.17720031738281,70.04399871826172,68.60040283203125,69.44120025634766,15697500
2019-05-10,73.0,74.4000015258789,70.62480163574219,73.19400024414062,29210000
2019-05-13,72.0,72.57160186767578,70.80000305175781,71.09040069580078,12325000
2019-05-14,71.48480224609375,72.59200286865234,71.26799774169922,71.7468032836914,10260000
2019-05-15,71.14399719238281,72.0635986328125,70.40039825439453,71.57720184326172,9520000
2019-05-16,71.5999984741211,72.6719970703125,71.5999984741211,72.13240051269531,7625000
2019-05-17,71.45480346679688,72.77680206298828,71.4000015258789,71.4916000366211,8655000
2019-05-20,70.78919982910156,70.80000305175781,69.84719848632812,70.08920288085938,8800000
2019-05-21,70.49359893798828,71.3407974243164,70.28919982910156,70.88760375976562,8515000
2019-05-22,70.29399871826172,71.0,69.71640014648438,69.80079650878906,9197500
2019-05-23,69.87799835205078,69.87799835205078,68.20600128173828,68.67720031738281,12095000
2019-05-24,69.26080322265625,69.26319885253906,68.30359649658203,68.33920288085938,6732500
2019-05-28,68.30359649658203,69.1592025756836,67.41519927978516,67.43199920654297,9770000
2019-05-29,67.07720184326172,67.58080291748047,66.4884033203125,67.43679809570312,7937500
2019-05-30,67.4800033569336,67.74040222167969,66.81079864501953,66.92240142822266,6645000
2019-05-31,66.00399780273438,66.48560333251953,65.62159729003906,66.2488021850586,9160000
2019-06-03,66.33999633789062,67.68840026855469,65.9352035522461,66.01840209960938,11557500
2019-06-04,66.94000244140625,69.93240356445312,66.94000244140625,69.8812026977539,16200000
2019-06-05,70.2300033569336,70.6875991821289,69.443603515625,70.5999984741211,9717500
2019-06-06,70.6404037475586,70.66519927978516,69.85559844970703,70.19439697265625,8392500
2019-06-07,70.61000061035156,71.58760070800781,70.25240325927734,71.13159942626953,8440000
2019-06-10,71.30280303955078,72.57640075683594,71.13200378417969,71.24479675292969,7457500
2019-06-11,71.9800033569336,72.50640106201172,71.64360046386719,72.14520263671875,8775000
2019-06-12,72.16680145263672,72.55999755859375,71.16519927978516,71.95600128173828,5307500
2019-06-13,72.08200073242188,73.57360076904297,72.08200073242188,72.38079833984375,7980000
2019-06-14,72.3280029296875,72.46720123291016,70.9092025756836,71.0199966430664,8137500
2019-06-17,71.04000091552734,71.49639892578125,70.72000122070312,71.25640106201172,7030000
2019-06-18,72.33519744873047,72.86799621582031,71.63719940185547,72.3595962524414,10320000
2019-06-19,72.4800033569336,73.77639770507812,72.36360168457031,73.68240356445312,10505000
2019-06-20,74.48280334472656,74.877197265625,73.79000091552734,74.45240020751953,13625000
2019-06-21,74.37439727783203,75.32759857177734,73.98359680175781,75.19999694824219,18895000
2019-06-24,75.23880004882812,75.57319641113281,74.77279663085938,74.8323974609375,8780000
2019-06-25,75.23320007324219,75.39959716796875,73.64199829101562,73.81880187988281,8055000
2019-06-26,73.93199920654297,74.72599792480469,73.1355972290039,73.20880126953125,6937500
2019-06-27,73.4000015258789,74.3499984741211,73.31320190429688,73.80680084228516,10677500
2019-06-28,74.10320281982422,75.08000183105469,73.79319763183594,74.9884033203125,15342500
2019-07-01,76.0,76.23999786376953,75.33760070800781,75.93679809570312,11362500
2019-07-02,76.089599609375,76.4000015258789,75.57679748535156,76.3196029663086,5550000
2019-07-03,76.2488021850586,76.9843978881836,76.19999694824219,76.78600311279297,4322500
2019-07-05,76.19039916992188,77.14440155029297,76.056396484375,76.98999786376953,4255000
2019-07-08,76.74919891357422,76.87999725341797,75.0,75.03040313720703,8577500
2019-07-09,74.91999816894531,75.589599609375,74.6404037475586,75.11479949951172,9020000
2019-07-10,75.62079620361328,75.71959686279297,74.3552017211914,74.77559661865234,7980000
2019-07-11,75.01799774169922,75.16400146484375,74.74919891357422,74.966796875,6760000
2019-07-12,75.12079620361328,75.39920043945312,74.77960205078125,75.29920196533203,6705000
2019-07-15,75.27559661865234,75.40959930419922,74.8916015625,75.27639770507812,7105000
2019-07-16,75.19560241699219,75.88880157470703,75.02279663085938,75.55599975585938,6477500
2019-07-17,75.51000213623047,75.88359832763672,74.66120147705078,74.70960235595703,7120000
2019-07-18,74.47319793701172,75.82720184326172,74.47319793701172,75.4364013671875,5765000
2019-07-19,75.84120178222656,76.0635986328125,75.28359985351562,75.28359985351562,4950000
2019-07-22,75.34600067138672,76.26399993896484,75.30960083007812,75.74800109863281,6985000
2019-07-23,75.94519805908203,76.41519927978516,75.5176010131836,76.01000213623047,5487500
2019-07-24,75.85040283203125,76.83319854736328,75.85040283203125,76.7699966430664,5302500
2019-07-25,76.47959899902344,77.15640258789062,76.20120239257812,77.04519653320312,6202500
2019-07-26,77.5999984741211,78.79519653320312,77.5999984741211,78.67400360107422,9545000
2019-07-29,78.3511962890625,78.51920318603516,76.32759857177734,76.78199768066406,7622500
2019-07-30,76.39440155029297,77.0115966796875,76.14360046386719,76.6635971069336,5187500
2019-07-31,76.2531967163086,76.61920166015625,74.65080261230469,75.46440124511719,6750000
2019-08-01,75.4188003540039,76.69960021972656,74.70960235595703,75.19439697265625,5960000
2019-08-02,74.96440124511719,74.99919891357422,73.57559967041016,73.84320068359375,7605000
2019-08-05,72.79920196533203,72.79920196533203,70.92359924316406,71.54399871826172,10785000
2019-08-06,71.96800231933594,72.63960266113281,70.69280242919922,71.46080017089844,9847500
2019-08-07,70.33599853515625,73.0479965209961,70.19999694824219,72.86239624023438,13557500
2019-08-08,76.0,78.35240173339844,75.80000305175781,77.6404037475586,19925000
2019-08-09,77.06159973144531,77.10479736328125,75.88040161132812,76.70760345458984,10050000
2019-08-12,76.0176010131836,77.07160186767578,75.64679718017578,76.67559814453125,7027500
2019-08-13,76.30680084228516,78.55599975585938,76.30680084228516,77.72760009765625,9607500
2019-08-14,76.34239959716797,77.04920196533203,75.59839630126953,75.64759826660156,11010000
2019-08-15,76.0011978149414,76.78839874267578,74.95480346679688,76.18679809570312,7262500
2019-08-16,77.16000366210938,77.4583969116211,76.20040130615234,76.88760375976562,6020000
2019-08-19,77.7947998046875,78.39520263671875,77.25640106201172,77.74919891357422,7085000
2019-08-20,77.70040130615234,78.08480072021484,77.16840362548828,77.3759994506836,5760000
2019-08-21,77.82759857177734,78.30400085449219,77.58799743652344,78.2300033569336,5075000
2019-08-22,78.49800109863281,78.70079803466797,77.13200378417969,78.09880065917969,5115000
2019-08-23,77.71920013427734,78.07720184326172,75.72319793701172,75.9468002319336,7585000
2019-08-26,76.72959899902344,76.73999786376953,76.08879852294922,76.67240142822266,5480000
2019-08-27,76.86959838867188,77.27200317382812,76.49320220947266,76.79959869384766,6905000
2019-08-28,76.47200012207031,77.91799926757812,76.1427993774414,77.68000030517578,5707500
2019-08-29,78.6572036743164,79.07039642333984,77.91999816894531,78.28559875488281,7820000
2019-08-30,78.87200164794922,78.92919921875,78.12000274658203,78.65640258789062,6772500
2019-09-03,78.26239776611328,78.71600341796875,77.25679779052734,77.67120361328125,8537500
2019-09-04,78.4352035522461,78.54239654541016,77.42839813232422,78.35160064697266,7000000
2019-09-05,78.96600341796875,80.4375991821289,78.69760131835938,79.77760314941406,11007500
2019-09-06,80.25360107421875,80.25360107421875,78.51000213623047,78.7052001953125,10325000
2019-09-09,79.22560119628906,79.78040313720703,78.9352035522461,79.69000244140625,9242500
2019-09-10,79.33360290527344,80.75039672851562,78.56120300292969,80.75039672851562,11402500
2019-09-11,80.52799987792969,82.16680145263672,80.0551986694336,82.00640106201172,9990000
2019-09-12,82.23999786376953,82.68280029296875,81.49199676513672,81.65640258789062,11055000
2019-09-13,81.88079833984375,82.87120056152344,81.58399963378906,82.55599975585938,9820000
2019-09-16,82.28959655761719,83.27239990234375,81.40039825439453,82.91799926757812,9847500
2019-09-17,82.7040023803711,83.24960327148438,82.32679748535156,83.09760284423828,6582500
2019-09-18,82.88839721679688,83.15399932861328,81.47920227050781,82.33480072021484,4627500
2019-09-19,82.14959716796875,82.50800323486328,81.86920166015625,82.3427963256836,6402500
2019-09-20,81.84880065917969,82.29720306396484,81.17839813232422,81.26280212402344,12685000
2019-09-23,80.63999938964844,81.19999694824219,80.28559875488281,80.37640380859375,7887500
2019-09-24,80.51280212402344,80.839599609375,79.43679809570312,79.62560272216797,7070000
2019-09-25,79.66600036621094,80.02559661865234,78.4800033569336,79.74120330810547,8335000
2019-09-26,79.76319885253906,79.76319885253906,78.55999755859375,79.13800048828125,7685000
2019-09-27,78.78240203857422,79.17400360107422,77.47440338134766,77.7699966430664,7640000
2019-09-30,78.12000274658203,79.30840301513672,77.693603515625,78.50440216064453,5662500
2019-10-01,79.08000183105469,79.5103988647461,78.58879852294922,79.12120056152344,5867500
2019-10-02,78.76000213623047,78.76000213623047,77.19640350341797,77.65760040283203,7232500
2019-10-03,77.46199798583984,78.5719985961914,76.72920227050781,78.45800018310547,5305000
2019-10-04,78.82559967041016,79.3947982788086,78.61239624023438,79.3280029296875,4055000
2019-10-07,78.84040069580078,79.21040344238281,77.96320343017578,78.0624008178711,6352500
2019-10-08,77.48200225830078,78.22920227050781,76.94239807128906,77.52760314941406,4257500
2019-10-09,78.1488037109375,78.16639709472656,77.0479965209961,77.73320007324219,5757500
2019-10-10,77.70760345458984,78.81719970703125,77.35359954833984,78.51640319824219,5687500
2019-10-11,79.37200164794922,80.15160369873047,78.9176025390625,79.08719635009766,6930000
2019-10-14,78.58080291748047,79.77559661865234,78.58080291748047,79.55000305175781,4412500
2019-10-15,79.68840026855469,80.92440032958984,79.66400146484375,80.65560150146484,6835000
2019-10-16,80.6719970703125,81.48359680175781,80.6719970703125,81.1052017211914,7500000
2019-10-17,81.31999969482422,81.79080200195312,80.85479736328125,81.14119720458984,4997500
2019-10-18,81.2343978881836,81.35679626464844,80.27839660644531,80.54119873046875,8805000
2019-10-21,80.9072036743164,81.4000015258789,80.69599914550781,80.88960266113281,4862500
2019-10-22,81.1615982055664,81.33200073242188,80.40039825439453,80.9219970703125,4660000
2019-10-23,80.7863998413086,81.38719940185547,80.64839935302734,81.28919982910156,4402500
2019-10-24,81.4000015258789,81.83319854736328,80.65879821777344,81.75,4297500
2019-10-25,80.8051986694336,82.35440063476562,80.79080200195312,82.23719787597656,6060000
2019-10-28,82.12079620361328,83.18800354003906,81.8916015625,82.28199768066406,4892500
2019-10-29,82.16560363769531,82.29720306396484,81.50959777832031,81.71199798583984,4442500
2019-10-30,81.42120361328125,82.0344009399414,81.21399688720703,81.98200225830078,3757500
2019-10-31,81.84320068359375,82.3667984008789,81.25160217285156,81.95079803466797,4810000
2019-11-01,80.9448013305664,81.66320037841797,80.30999755859375,81.28079986572266,8330000
2019-11-04,81.68000030517578,81.8311996459961,80.11319732666016,80.30719757080078,8207500
2019-11-05,80.3595962524414,81.19200134277344,80.0635986328125,81.01719665527344,6392500
2019-11-06,80.74240112304688,80.89759826660156,80.056396484375,80.48359680175781,9457500
2019-11-07,77.68800354003906,77.80879974365234,73.77799987792969,73.99720001220703,45682500
2019-11-08,77.63999938964844,78.16000366210938,73.63999938964844,75.1676025390625,25842500
2019-11-11,74.76000213623047,75.91919708251953,74.11360168457031,75.84159851074219,11780000
2019-11-12,76.05400085449219,76.05400085449219,74.4092025756836,75.03359985351562,12415000
2019-11-13,74.22360229492188,74.87439727783203,74.10559844970703,74.36360168457031,10650000
2019-11-14,74.2155990600586,75.0,74.03839874267578,74.62200164794922,6922500
2019-11-15,74.9540023803711,74.95960235595703,73.72119903564453,73.95279693603516,9160000
2019-11-18,73.88159942626953,74.1259994506836,73.06800079345703,73.52120208740234,9050000
2019-11-19,73.80000305175781,74.17440032958984,73.3364028930664,73.81199645996094,6850000
2019-11-20,73.84239959716797,74.2676010131836,73.4800033569336,74.07279968261719,8867500
2019-11-21,74.05359649658203,75.04000091552734,73.78359985351562,74.93240356445312,8567500
2019-11-22,75.25800323486328,75.39959716796875,74.81759643554688,75.1011962890625,5997500
2019-11-25,75.40360260009766,76.10279846191406,75.00039672851562,75.90160369873047,7467500
2019-11-26,75.98799896240234,75.98999786376953,75.28079986572266,75.49839782714844,8240000
2019-11-27,75.72000122070312,76.65399932861328,75.32119750976562,76.25800323486328,6570000
2019-11-29,76.19560241699219,76.4000015258789,75.96320343017578,76.16120147705078,3840000
2019-12-02,75.92839813232422,76.13960266113281,74.71040344238281,75.37760162353516,10007500
2019-12-03,74.6156005859375,75.26319885253906,74.10079956054688,75.19920349121094,4817500
2019-12-04,75.78559875488281,77.16000366210938,75.19920349121094,76.86119842529297,10590000
2019-12-05,77.16000366210938,77.16000366210938,76.0604019165039,76.1688003540039,9070000
2019-12-06,76.93080139160156,77.43679809570312,76.80840301513672,77.21080017089844,7482500
2019-12-09,77.12319946289062,77.14600372314453,76.127197265625,76.23159790039062,8577500
2019-12-10,76.09600067138672,77.05599975585938,76.06320190429688,76.1852035522461,5970000
2019-12-11,76.63600158691406,77.19280242919922,76.17919921875,77.03520202636719,6685000
2019-12-12,77.23400115966797,78.36160278320312,76.97840118408203,77.93920135498047,7560000
2019-12-13,78.43479919433594,79.5999984741211,77.96320343017578,78.94400024414062,9892500
2019-12-16,79.33879852294922,79.92040252685547,79.33879852294922,79.80079650878906,6602500
2019-12-17,80.0,80.4655990600586,79.63999938964844,80.07479858398438,7782500
2019-12-18,80.3468017578125,80.3468017578125,79.11080169677734,79.660400390625,9495000
2019-12-19,79.83999633789062,80.59880065917969,79.79039764404297,80.12480163574219,6937500
2019-12-20,80.68000030517578,81.0,80.09359741210938,80.9303970336914,14580000
2019-12-23,81.04039764404297,81.66000366210938,80.70719909667969,81.28399658203125,5490000
2019-12-24,81.28959655761719,81.89199829101562,81.25160217285156,81.76000213623047,2432500
2019-12-26,81.97360229492188,82.75240325927734,81.90599822998047,82.57279968261719,4565000
2019-12-27,82.5199966430664,83.2396011352539,82.14600372314453,82.90160369873047,7000000
2019-12-30,82.87960052490234,83.30680084228516,82.018798828125,82.15480041503906,5617500
2019-12-31,81.86039733886719,82.3196029663086,81.59880065917969,82.14920043945312,5672500
2020-01-02,82.73600006103516,83.09639739990234,82.12879943847656,82.98320007324219,8225000
2020-01-03,81.69879913330078,82.70760345458984,81.4000015258789,82.61920166015625,7350000
2020-01-06,82.0,82.3916015625,81.4000015258789,81.89600372314453,9600000
2020-01-07,81.89559936523438,82.91320037841797,81.5416030883789,82.72200012207031,8632500
2020-01-08,82.67359924316406,83.54640197753906,82.28559875488281,82.51599884033203,8145000
2020-01-09,82.87999725341797,83.5999984741211,82.87999725341797,83.37159729003906,6845000
2020-01-10,83.53479766845703,83.76000213623047,83.07759857177734,83.47599792480469,4962500
2020-01-13,83.61000061035156,83.61000061035156,82.92040252685547,83.22000122070312,6372500
2020-01-14,82.98400115966797,83.44000244140625,82.6864013671875,82.85919952392578,8292500
2020-01-15,82.94239807128906,83.3595962524414,82.4552001953125,82.60639953613281,7725000
2020-01-16,82.92040252685547,82.92040252685547,81.63880157470703,82.19000244140625,13670000
2020-01-17,82.4000015258789,82.56159973144531,81.87640380859375,82.1875991821289,11770000
2020-01-21,80.23999786376953,80.58039855957031,78.55480194091797,79.622802734375,17792500
2020-01-22,80.17320251464844,80.5696029663086,79.68160247802734,80.03119659423828,8932500
2020-01-23,79.44960021972656,80.25559997558594,79.00479888916016,79.72799682617188,9212500
2020-01-24,79.91999816894531,80.03240203857422,78.1895980834961,78.51840209960938,14510000
2020-01-27,76.25640106201172,76.71600341796875,74.72160339355469,76.35559844970703,17722500
2020-01-28,76.58679962158203,77.48079681396484,76.0,76.697998046875,12812500
2020-01-29,76.96160125732422,77.32160186767578,75.60359954833984,75.75800323486328,11130000
2020-01-30,74.85679626464844,75.42040252685547,74.35440063476562,74.88359832763672,14722500
2020-01-31,74.63719940185547,74.63719940185547,72.81759643554688,73.22200012207031,17945000
2020-02-03,73.55480194091797,74.32640075683594,73.2020034790039,73.56120300292969,15865000
2020-02-04,74.28240203857422,75.81999969482422,73.92720031738281,74.58039855957031,16565000
2020-02-05,75.947998046875,77.75920104980469,75.30840301513672,77.57160186767578,13807500
2020-02-06,78.35600280761719,78.87999725341797,77.48040008544922,78.43599700927734,10300000
2020-02-07,78.00920104980469,78.4000015258789,76.16639709472656,76.38359832763672,11237500
2020-02-10,76.06759643554688,76.50360107421875,75.31999969482422,75.4655990600586,11755000
2020-02-11,75.7791976928711,76.75559997558594,75.70480346679688,76.37200164794922,10222500
2020-02-12,76.95800018310547,78.68000030517578,76.44840240478516,78.41439819335938,11830000
2020-02-13,77.76000213623047,78.4352035522461,77.16400146484375,78.39759826660156,9720000
2020-02-14,79.9375991821289,80.99520111083984,79.38639831542969,79.63839721679688,13397500
2020-02-18,78.88999938964844,79.52760314941406,78.47799682617188,79.05120086669922,9087500
2020-02-19,79.3104019165039,79.59960174560547,78.4927978515625,78.7396011352539,6032500
2020-02-20,78.4000015258789,79.5103988647461,78.25559997558594,78.8364028930664,8980000
2020-02-21,78.5999984741211,78.7239990234375,76.88639831542969,77.1488037109375,8962500
2020-02-24,73.23719787597656,73.41999816894531,71.11519622802734,71.70159912109375,22150000
2020-02-25,72.12000274658203,72.45240020751953,68.44039916992188,69.06320190429688,23957500
2020-02-26,69.2488021850586,69.71759796142578,66.3855972290039,67.12799835205078,22582500
2020-02-27,64.51920318603516,69.19999694824219,63.698001861572266,66.39399719238281,33450000
2020-02-28,65.74559783935547,68.72000122070312,65.38159942626953,67.82640075683594,24425000
2020-03-02,68.38999938964844,69.31680297851562,66.07039642333984,69.1592025756836,21730000
2020-03-03,69.06520080566406,69.99960327148438,65.877197265625,67.32080078125,17607500
2020-03-04,67.88600158691406,69.47560119628906,66.84960174560547,69.28520202636719,14837500
2020-03-05,66.51959991455078,67.20159912109375,65.3031997680664,65.89759826660156,19720000
2020-03-06,64.12359619140625,67.36000061035156,63.36000061035156,64.48359680175781,26937500
2020-03-09,59.35960006713867,63.54679870605469,59.06039810180664,61.11199951171875,19257500
2020-03-10,63.597999572753906,64.5999984741211,59.99760055541992,62.36000061035156,18550000
2020-03-11,60.8916015625,61.14120101928711,56.8223991394043,57.70000076293945,20745000
2020-03-12,51.880001068115234,54.799598693847656,51.20000076293945,51.215999603271484,32052500
2020-03-13,53.47200012207031,56.866798400878906,50.834800720214844,56.85319900512695,28827500
2020-03-16,51.0,56.473201751708984,50.08879852294922,51.58679962158203,24672500
2020-03-17,52.38240051269531,54.82080078125,50.11640167236328,54.73040008544922,27002500
2020-03-18,51.11439895629883,53.08359909057617,46.600799560546875,49.349998474121094,23335000
2020-03-19,48.4463996887207,49.465599060058594,46.0,47.65919876098633,24515000
2020-03-20,48.65359878540039,51.99800109863281,46.2963981628418,47.097198486328125,28662500
2020-03-23,46.67919921875,49.04560089111328,44.29159927368164,46.089599609375,21497500
2020-03-24,48.74480056762695,51.15999984741211,48.02320098876953,50.37879943847656,21350000
2020-03-25,50.37879943847656,57.97919845581055,49.87799835205078,54.63399887084961,24967500
2020-03-26,55.213199615478516,57.17919921875,54.14080047607422,56.2400016784668,15412500
2020-03-27,53.7947998046875,54.21839904785156,50.14440155029297,50.20600128173828,17537500
2020-03-30,50.450801849365234,52.8755989074707,48.67919921875,52.329200744628906,15020000
2020-03-31,52.120399475097656,55.6156005859375,51.84040069580078,53.812801361083984,19257500
2020-04-01,51.75239944458008,53.13359832763672,49.92720031738281,50.86520004272461,14070000
2020-04-02,50.83879852294922,53.399600982666016,49.648799896240234,50.400001525878906,14345000
2020-04-03,49.7672004699707,51.16640090942383,48.123199462890625,49.22719955444336,11057500
2020-04-06,52.13119888305664,54.534000396728516,51.712398529052734,54.2672004699707,18787500
2020-04-07,56.48040008544922,59.79999923706055,54.671600341796875,55.0547981262207,19585000
2020-04-08,55.305999755859375,57.148799896240234,54.40039825439453,54.88240051269531,19522500
2020-04-09,56.99039840698242,58.0,56.119998931884766,56.825599670410156,25820000
2020-04-13,56.5275993347168,57.120399475097656,54.735599517822266,56.84040069580078,10110000
2020-04-14,58.40359878540039,58.79840087890625,56.959999084472656,57.97679901123047,14475000
2020-04-15,56.3135986328125,57.599998474121094,55.626800537109375,56.98440170288086,11320000
2020-04-16,57.29399871826172,57.29399871826172,55.64080047607422,56.29600143432617,12210000
2020-04-17,58.7599983215332,59.38639831542969,58.007598876953125,58.834800720214844,17282500
2020-04-20,58.481998443603516,58.79999923706055,56.400001525878906,56.4651985168457,11480000
2020-04-21,55.312400817871094,55.50960159301758,52.69599914550781,53.68880081176758,16317500
2020-04-22,54.600399017333984,55.19960021972656,53.68000030517578,54.20000076293945,8915000
2020-04-23,54.1619987487793,55.559600830078125,54.03160095214844,54.400001525878906,9317500
2020-04-24,54.895599365234375,54.98320007324219,53.5463981628418,54.510799407958984,8362500
2020-04-27,54.99720001220703,56.44960021972656,54.84159851074219,56.119598388671875,11422500
2020-04-28,57.36800003051758,58.54600143432617,56.43199920654297,57.57279968261719,15337500
2020-04-29,59.51319885253906,61.10919952392578,58.93199920654297,60.82120132446289,17575000
2020-04-30,60.581199645996094,60.81679916381836,58.59120178222656,59.222801208496094,11272500
2020-05-01,57.709999084472656,58.4119987487793,56.61240005493164,57.95159912109375,11462500
2020-05-04,56.62919998168945,57.812801361083984,55.540401458740234,56.53200149536133,11785000
2020-05-05,57.72999954223633,57.854400634765625,55.354400634765625,55.72800064086914,10647500
2020-05-06,55.898399353027344,56.65439987182617,54.2400016784668,55.15639877319336,13165000
2020-05-07,55.690399169921875,57.943599700927734,55.279998779296875,57.75640106201172,16370000
2020-05-08,57.63959884643555,57.77000045776367,54.64400100708008,57.23320007324219,21935000
2020-05-11,57.0807991027832,57.15879821777344,56.12480163574219,56.439998626708984,14117500
2020-05-12,56.04359817504883,56.559200286865234,55.40439987182617,55.436798095703125,12672500
2020-05-13,55.17359924316406,55.556800842285156,53.45280075073242,54.642799377441406,19522500
2020-05-14,53.94960021972656,55.55759811401367,52.130001068115234,55.30039978027344,17717500
2020-05-15,55.08039855957031,56.379600524902344,54.88520050048828,55.372398376464844,15815000
2020-05-18,57.20000076293945,63.26240158081055,57.20000076293945,62.29719924926758,33050000
2020-05-19,62.2515983581543,63.95320129394531,61.76639938354492,61.902400970458984,20710000
2020-05-20,63.14080047607422,64.22959899902344,63.12799835205078,63.965999603271484,17500000
2020-05-21,64.19999694824219,64.9375991821289,63.03160095214844,63.82720184326172,15797500
2020-05-22,63.66960144042969,65.4916000366211,63.38600158691406,65.25199890136719,14365000
2020-05-26,68.17279815673828,70.59600067138672,67.68440246582031,69.87640380859375,30025000
2020-05-27,71.03720092773438,71.5199966430664,67.70439910888672,67.94920349121094,25447500
2020-05-28,67.82360076904297,68.31999969482422,65.76080322265625,65.95960235595703,16602500
2020-05-29,66.27999877929688,66.27999877929688,64.73719787597656,65.57679748535156,17220000
2020-06-01,65.32479858398438,67.3667984008789,65.32479858398438,66.8292007446289,12252500
2020-06-02,67.5999984741211,67.68199920654297,66.14320373535156,66.19999694824219,12840000
2020-06-03,68.16120147705078,69.75360107421875,67.77159881591797,69.03880310058594,14937500
2020-06-04,68.59600067138672,69.96720123291016,68.23999786376953,69.70559692382812,12560000
2020-06-05,73.07039642333984,74.13520050048828,72.11399841308594,72.50559997558594,25860000
2020-06-08,73.86399841308594,74.87879943847656,73.02279663085938,73.63639831542969,16800000
2020-06-09,72.32279968261719,72.73359680175781,70.80000305175781,71.1187973022461,11260000
2020-06-10,71.6780014038086,71.72000122070312,68.70880126953125,69.3323974609375,13410000
2020-06-11,66.23400115966797,66.27040100097656,63.062801361083984,63.5348014831543,23002500
2020-06-12,66.1427993774414,66.55960083007812,62.91360092163086,64.95680236816406,12235000
2020-06-15,62.70640182495117,66.59719848632812,62.200401306152344,66.02680206298828,10245000
2020-06-16,68.65280151367188,68.8740005493164,65.66999816894531,66.94960021972656,11365000
2020-06-17,67.1167984008789,67.14320373535156,65.04039764404297,65.52960205078125,8875000
2020-06-18,64.89600372314453,66.31999969482422,63.63719940185547,65.13400268554688,13665000
2020-06-19,66.16000366210938,66.29959869384766,64.0,65.07640075683594,18855000
2020-06-22,64.38960266113281,65.45159912109375,63.754798889160156,65.3407974243164,8347500
2020-06-23,66.09200286865234,67.13999938964844,65.5999984741211,67.08399963378906,9082500
2020-06-24,66.42839813232422,66.79080200195312,63.279998779296875,64.41320037841797,14932500
2020-06-25,63.43239974975586,64.95880126953125,62.46879959106445,64.6156005859375,12465000
2020-06-26,63.891998291015625,64.46839904785156,61.313201904296875,61.650001525878906,15042500
2020-06-29,62.71080017089844,63.8120002746582,61.61920166015625,63.72880172729492,9145000
2020-06-30,63.35599899291992,64.12960052490234,62.65679931640625,63.693599700927734,7340000
2020-07-01,64.24199676513672,66.80000305175781,64.04560089111328,66.35160064697266,13470000
2020-07-02,67.60440063476562,68.5635986328125,66.33599853515625,66.79920196533203,9020000
2020-07-06,68.24759674072266,69.5199966430664,67.20680236816406,68.15039825439453,11020000
2020-07-07,67.25440216064453,67.89320373535156,66.1864013671875,66.2979965209961,6677500
2020-07-08,66.4800033569336,66.63839721679688,65.33000183105469,66.4520034790039,8312500
2020-07-09,66.8759994506836,67.18800354003906,65.09919738769531,66.81120300292969,10165000
2020-07-10,66.42720031738281,68.35199737548828,66.11920166015625,68.2959976196289,8085000
2020-07-13,68.83560180664062,69.58319854736328,67.40039825439453,67.47039794921875,10015000
2020-07-14,66.74759674072266,68.14240264892578,66.10759735107422,67.84919738769531,6527500
2020-07-15,69.87999725341797,72.10919952392578,69.80159759521484,71.97360229492188,16170000
2020-07-16,70.68840026855469,70.94000244140625,69.22679901123047,69.87159729003906,6292500
2020-07-17,70.28479766845703,70.28479766845703,68.7615966796875,69.28759765625,9217500
2020-07-20,68.96040344238281,69.91999816894531,68.01679992675781,68.5459976196289,7707500
2020-07-21,69.4364013671875,70.50679779052734,68.14440155029297,68.46839904785156,9565000
2020-07-22,68.71839904785156,69.13279724121094,67.25,68.82160186767578,9187500
2020-07-23,68.8511962890625,69.17320251464844,67.68599700927734,67.81839752197266,6595000
2020-07-24,67.13079833984375,68.36959838867188,66.87879943847656,68.052001953125,8122500
2020-07-27,67.62560272216797,68.4751968383789,66.84040069580078,68.11319732666016,5597500
2020-07-28,67.85359954833984,68.11360168457031,67.09159851074219,67.2699966430664,5265000
2020-07-29,67.55439758300781,68.97599792480469,67.0780029296875,68.30159759521484,7782500
2020-07-30,67.35199737548828,67.96839904785156,66.2863998413086,67.50959777832031,5135000
2020-07-31,67.51480102539062,67.69000244140625,65.02439880371094,66.48519897460938,7630000
2020-08-03,66.63639831542969,66.79560089111328,65.38760375976562,66.00959777832031,5032500
2020-08-04,65.63999938964844,67.19999694824219,65.41400146484375,67.00520324707031,6005000
2020-08-05,68.00520324707031,69.377197265625,67.33560180664062,68.99079895019531,7860000
2020-08-06,68.08000183105469,70.63919830322266,68.0291976928711,70.07160186767578,11277500
2020-08-07,72.53600311279297,72.85800170898438,69.68000030517578,70.17919921875,14150000
2020-08-10,70.4000015258789,71.43560028076172,69.24199676513672,70.74320220947266,8927500
2020-08-11,72.73079681396484,73.89679718017578,72.00039672851562,72.2040023803711,11900000
2020-08-12,72.6520004272461,73.12000274658203,72.22000122070312,72.32279968261719,6855000
2020-08-13,71.96240234375,72.95919799804688,71.55999755859375,71.71880340576172,5505000
2020-08-14,71.19999694824219,71.48880004882812,70.73079681396484,71.15480041503906,6562500
2020-08-17,71.69560241699219,71.69560241699219,70.0,70.1167984008789,6112500
2020-08-18,70.0,71.68000030517578,69.76519775390625,71.15640258789062,5972500
2020-08-19,71.32039642333984,72.28359985351562,70.41280364990234,70.69879913330078,7790000
2020-08-20,70.07599639892578,70.99800109863281,69.84040069580078,70.74759674072266,6147500
2020-08-21,70.5199966430664,71.4020004272461,70.18679809570312,71.17479705810547,6760000
2020-08-24,72.14240264892578,73.50879669189453,71.87760162353516,73.37760162353516,9060000
2020-08-25,73.44080352783203,74.33159637451172,72.65640258789062,74.1520004272461,7830000
2020-08-26,73.552001953125,75.35880279541016,73.40039825439453,74.67880249023438,9860000
2020-08-27,75.70320129394531,76.99440002441406,74.9708023071289,75.73999786376953,9972500
2020-08-28,75.84600067138672,78.22440338134766,75.80919647216797,77.80999755859375,8020000
2020-08-31,76.8988037109375,77.45999908447266,76.32520294189453,76.41799926757812,8030000
2020-09-01,76.2052001953125,77.4800033569336,75.98919677734375,77.15440368652344,7897500
2020-09-02,77.5999984741211,78.21600341796875,75.82599639892578,77.94920349121094,8382500
2020-09-03,78.08599853515625,78.6488037109375,76.39559936523438,77.81800079345703,10702500
2020-09-04,77.9188003540039,78.50399780273438,76.24320220947266,76.70960235595703,9482500
2020-09-08,75.47440338134766,77.20320129394531,75.31759643554688,75.66400146484375,8672500
2020-09-09,75.50199890136719,76.4031982421875,72.93599700927734,74.8427963256836,11522500
2020-09-10,74.83999633789062,76.07599639892578,72.46959686279297,72.6635971069336,8545000
2020-09-11,72.54080200195312,73.40080261230469,70.79920196533203,71.34960174560547,9570000
2020-09-14,72.12000274658203,72.21800231933594,70.98400115966797,71.38359832763672,9425000
2020-09-15,71.89640045166016,72.70960235595703,71.4000015258789,71.4800033569336,6700000
2020-09-16,72.0,73.51319885253906,71.51599884033203,72.26640319824219,9557500
2020-09-17,71.32759857177734,72.23359680175781,70.25959777832031,71.4884033203125,12015000
2020-09-18,71.64640045166016,71.78079986572266,68.80000305175781,69.29119873046875,15732500
2020-09-21,67.0479965209961,67.52359771728516,65.28679656982422,66.09559631347656,16402500
2020-09-22,66.3687973022461,67.17359924316406,65.0,66.95999908447266,10850000
2020-09-23,67.68399810791016,67.72360229492188,65.34960174560547,65.53880310058594,7222500
2020-09-24,64.69120025634766,67.21399688720703,64.04039764404297,66.02279663085938,9852500
2020-09-25,65.4000015258789,66.42960357666016,64.4800033569336,66.31079864501953,7565000
2020-09-28,67.79959869384766,69.16999816894531,66.8499984741211,68.01599884033203,7407500
2020-09-29,68.00599670410156,68.49079895019531,66.81639862060547,66.91919708251953,5710000
2020-09-30,67.30560302734375,69.19159698486328,67.16000366210938,68.42720031738281,8152500
2020-10-01,69.42160034179688,70.0,69.19999694824219,69.71920013427734,8487500
2020-10-02,67.95960235595703,68.80000305175781,67.36119842529297,68.42839813232422,6747500
2020-10-05,68.21119689941406,68.81880187988281,66.4988021850586,68.27159881591797,7925000
2020-10-06,68.5635986328125,70.36119842529297,68.00399780273438,68.38839721679688,8260000
2020-10-07,68.95999908447266,70.44719696044922,68.80000305175781,70.35399627685547,5387500
2020-10-08,70.80239868164062,71.78119659423828,70.12000274658203,71.55239868164062,6572500
2020-10-09,72.27999877929688,73.15239715576172,71.46839904785156,72.7155990600586,6622500
2020-10-12,73.23320007324219,74.63999938964844,73.06639862060547,73.80000305175781,8925000
2020-10-13,73.5999984741211,73.87920379638672,70.87480163574219,71.23880004882812,10655000
2020-10-14,71.33519744873047,71.64679718017578,69.23519897460938,69.30400085449219,7920000
2020-10-15,68.0,68.44640350341797,67.45680236816406,68.08439636230469,8040000
2020-10-16,68.16000366210938,68.51360321044922,66.70320129394531,66.71479797363281,10405000
2020-10-19,67.19000244140625,67.45880126953125,66.09480285644531,66.12079620361328,7947500
2020-10-20,66.91999816894531,67.54920196533203,66.44400024414062,66.86840057373047,7315000
2020-10-21,66.4000015258789,68.17040252685547,66.29519653320312,68.0811996459961,7112500
2020-10-22,68.56759643554688,71.8947982788086,68.09519958496094,71.68080139160156,11877500
2020-10-23,72.03160095214844,73.04640197753906,71.55799865722656,72.94200134277344,7920000
2020-10-26,71.00520324707031,71.73079681396484,68.5647964477539,69.97160339355469,7372500
2020-10-27,69.54239654541016,69.80000305175781,67.41439819335938,67.90840148925781,6122500
2020-10-28,66.52680206298828,66.79920196533203,64.10199737548828,64.2020034790039,10520000
2020-10-29,64.0,65.7239990234375,63.560001373291016,65.21040344238281,8522500
2020-10-30,64.8311996459961,65.39839935302734,63.64400100708008,64.9000015258789,10277500
2020-11-02,66.13999938964844,66.13999938964844,63.9203987121582,64.16519927978516,8567500
2020-11-03,64.9115982055664,67.29319763183594,63.95119857788086,66.783203125,8527500
2020-11-04,68.1187973022461,70.07319641113281,66.99199676513672,68.53279876708984,10580000
2020-11-05,69.36039733886719,71.32679748535156,69.36039733886719,70.7323989868164,9705000
2020-11-06,68.84159851074219,71.84040069580078,68.0436019897461,71.3499984741211,11307500
2020-11-09,81.95999908447266,85.12079620361328,80.52880096435547,84.72959899902344,41232500
2020-11-10,83.18360137939453,84.12000274658203,79.58439636230469,80.29759979248047,18462500
2020-11-11,79.87799835205078,80.31999969482422,78.22799682617188,80.00080108642578,11032500
2020-11-12,79.0,79.5999984741211,78.1259994506836,78.51679992675781,9537500
2020-11-13,78.80000305175781,82.79560089111328,78.80000305175781,82.11479949951172,11137500
2020-11-16,84.71479797363281,84.87960052490234,82.43119812011719,84.3843994140625,21147500
2020-11-17,83.19999694824219,83.66079711914062,82.31839752197266,83.25,8477500
2020-11-18,83.04000091552734,84.1404037475586,81.76080322265625,81.78399658203125,9417500
2020-11-19,80.9135971069336,82.19920349121094,80.0,80.43879699707031,9720000
2020-11-20,80.7040023803711,81.46080017089844,79.51360321044922,79.71080017089844,7695000
2020-11-23,80.1948013305664,81.68240356445312,80.0,80.7936019897461,8412500
2020-11-24,82.0,84.28119659423828,81.06439971923828,84.13800048828125,11140000
2020-11-25,84.34960174560547,84.7583999633789,81.75399780273438,82.552001953125,5397500
2020-11-27,82.71440124511719,83.34880065917969,81.93119812011719,82.10679626464844,2930000
2020-11-30,82.30680084228516,82.31999969482422,80.7947998046875,81.13800048828125,8387500
2020-12-01,81.88839721679688,83.55400085449219,81.19999694824219,82.10679626464844,7377500
2020-12-02,82.10679626464844,83.91960144042969,81.4751968383789,83.13680267333984,6192500
2020-12-03,83.87200164794922,84.8812026977539,82.6072006225586,83.86519622802734,8432500
2020-12-04,84.14800262451172,85.55879974365234,83.5999984741211,85.0011978149414,8487500
2020-12-07,84.79879760742188,85.49720001220703,83.4000015258789,85.15119934082031,8037500
2020-12-08,83.72239685058594,85.12840270996094,83.2979965209961,83.46600341796875,8557500
2020-12-09,84.018798828125,86.80120086669922,83.07240295410156,84.2844009399414,17447500
2020-12-10,83.79959869384766,86.06320190429688,83.1676025390625,84.1948013305664,9505000
2020-12-11,83.60880279541016,84.16079711914062,82.00520324707031,83.56839752197266,8862500
2020-12-14,84.80359649658203,85.72239685058594,82.60320281982422,82.6404037475586,8480000
2020-12-15,83.12879943847656,84.23280334472656,82.20040130615234,83.9219970703125,7867500
2020-12-16,84.72799682617188,84.72799682617188,83.09600067138672,83.94840240478516,5965000
2020-12-17,84.71800231933594,85.0780029296875,82.82080078125,84.53720092773438,7382500
2020-12-18,84.75,84.75,83.51719665527344,83.98600006103516,13405000
2020-12-21,82.0,82.872802734375,80.96080017089844,82.72799682617188,8927500
2020-12-22,82.73400115966797,82.77439880371094,81.25559997558594,82.11280059814453,4970000
2020-12-23,82.2155990600586,84.56600189208984,82.01719665527344,84.03399658203125,7867500
2020-12-24,84.76000213623047,84.76000213623047,83.23999786376953,83.53399658203125,4562500
2020-12-28,85.1780014038086,86.09040069580078,84.97840118408203,85.51679992675781,6275000
2020-12-29,86.63919830322266,88.0,86.15840148925781,87.41600036621094,8547500
2020-12-30,88.0,88.5604019165039,86.9988021850586,88.21040344238281,5742500
2020-12-31,87.92279815673828,89.1187973022461,87.4000015258789,89.0907974243164,4415000
2021-01-04,90.0,90.28759765625,84.84839630126953,86.56320190429688,8350000
2021-01-05,86.55999755859375,89.03759765625,86.18240356445312,87.52279663085938,8705000
2021-01-06,87.03559875488281,91.53959655761719,86.4000015258789,89.99240112304688,9835000
2021-01-07,91.1259994506836,91.5199966430664,88.79080200195312,89.59400177001953,7492500
2021-01-08,90.25360107421875,91.59919738769531,89.93879699707031,91.2615966796875,7762500
2021-01-11,90.09719848632812,91.60160064697266,88.56120300292969,88.85079956054688,8015000
2021-01-12,89.49440002441406,89.74559783935547,87.66519927978516,87.85359954833984,6485000
2021-01-13,86.73600006103516,88.32319641113281,86.73600006103516,87.29679870605469,5990000
2021-01-14,87.41079711914062,88.6312026977539,87.15080261230469,87.30359649658203,6827500
2021-01-15,87.17160034179688,87.17160034179688,84.63999938964844,84.76920318603516,8520000
2021-01-19,85.4000015258789,86.7979965209961,84.3583984375,86.52159881591797,6872500
2021-01-20,87.19920349121094,87.19920349121094,84.9823989868164,86.4020004272461,8475000
2021-01-21,85.63600158691406,86.28040313720703,84.19999694824219,84.39759826660156,11520000
2021-01-22,84.07319641113281,84.38040161132812,82.5999984741211,82.64959716796875,8917500
2021-01-25,81.79440307617188,82.41400146484375,77.88359832763672,80.73719787597656,21987500
2021-01-26,81.33480072021484,82.26920318603516,78.98600006103516,79.32640075683594,11190000
2021-01-27,77.97319793701172,79.03839874267578,74.42919921875,75.443603515625,17640000
2021-01-28,79.1615982055664,81.95079803466797,77.4352035522461,81.36399841308594,21082500
2021-01-29,81.44000244140625,81.5999984741211,77.552001953125,77.77320098876953,13405000
2021-02-01,79.84760284423828,80.25520324707031,78.5999984741211,79.61840057373047,11967500
2021-02-02,81.4000015258789,84.51640319824219,81.01640319824219,82.62120056152344,11017500
2021-02-03,83.18119812011719,83.79199981689453,80.98880004882812,81.09200286865234,8815000
2021-02-04,81.44760131835938,83.43599700927734,80.62640380859375,83.31759643554688,8880000
2021-02-05,84.37159729003906,85.19960021972656,82.9552001953125,83.85679626464844,5960000
2021-02-08,84.68199920654297,85.26640319824219,82.83159637451172,83.9823989868164,5475000
2021-02-09,83.31520080566406,84.19400024414062,82.06559753417969,83.41120147705078,5742500
2021-02-10,84.6520004272461,86.44840240478516,83.64720153808594,85.67040252685547,8352500
2021-02-11,85.8135986328125,87.34639739990234,85.3135986328125,86.37039947509766,6457500
2021-02-12,85.05400085449219,87.55960083007812,84.40039825439453,86.02320098876953,5265000
2021-02-16,85.56759643554688,87.92120361328125,85.34839630126953,87.36640167236328,6060000
2021-02-17,87.33560180664062,89.51799774169922,86.96600341796875,89.35079956054688,7192500
2021-02-18,87.6011962890625,91.0363998413086,87.6011962890625,90.3916015625,7925000
2021-02-19,90.91999816894531,92.88159942626953,90.39399719238281,91.72200012207031,8837500
2021-02-22,90.62680053710938,95.71880340576172,90.62680053710938,94.00080108642578,12602500
2021-02-23,93.93440246582031,94.68000030517578,91.68679809570312,94.37480163574219,12882500
2021-02-24,93.75080108642578,98.0103988647461,92.96720123291016,97.73999786376953,15250000
2021-02-25,96.79720306396484,97.55799865722656,90.45880126953125,90.9280014038086,18795000
2021-02-26,93.75599670410156,93.80000305175781,90.06839752197266,93.1404037475586,12597500
2021-03-01,94.91960144042969,95.29199981689453,92.0083999633789,92.81999969482422,8997500
2021-03-02,93.5199966430664,93.68000030517578,91.0,91.28839874267578,7750000
2021-03-03,91.44920349121094,93.39759826660156,90.8855972290039,91.0,9112500
2021-03-04,91.08679962158203,91.08679962158203,86.53600311279297,88.77400207519531,12102500
2021-03-05,89.43080139160156,92.51200103759766,87.15519714355469,92.28399658203125,10882500
2021-03-08,92.13719940185547,96.49359893798828,91.93440246582031,94.74960327148438,14100000
2021-03-09,95.20559692382812,97.66999816894531,93.7603988647461,94.67160034179688,12042500
2021-03-10,95.17400360107422,96.80000305175781,94.556396484375,94.77279663085938,11097500
2021-03-11,95.93119812011719,97.8988037109375,93.7511978149414,94.4823989868164,12805000
2021-03-12,94.3595962524414,96.51319885253906,94.03520202636719,96.0416030883789,10115000
2021-03-15,96.5103988647461,97.74079895019531,94.96040344238281,97.58000183105469,11720000
2021-03-16,96.65399932861328,97.18119812011719,95.20040130615234,95.86239624023438,9017500
2021-03-17,94.94000244140625,98.783203125,94.80000305175781,98.47119903564453,9860000
2021-03-18,97.12120056152344,97.89839935302734,93.76000213623047,93.87799835205078,12450000
2021-03-19,93.31279754638672,94.00360107421875,90.63240051269531,91.50959777832031,15940000
2021-03-22,93.5999984741211,93.5999984741211,89.0,89.27559661865234,13282500
2021-03-23,90.0248031616211,90.0248031616211,87.37879943847656,88.5999984741211,12547500
2021-03-24,89.27200317382812,91.12000274658203,87.96040344238281,88.10919952392578,11025000
2021-03-25,87.46800231933594,91.31520080566406,86.91999816894531,90.75640106201172,10532500
2021-03-26,91.03759765625,93.17320251464844,89.8656005859375,92.94120025634766,9425000
2021-03-29,92.44000244140625,95.0,92.29640197753906,94.05439758300781,8535000
2021-03-30,93.7300033569336,94.80919647216797,92.67160034179688,93.39559936523438,6260000
2021-03-31,93.82720184326172,94.55680084228516,92.77239990234375,93.193603515625,13270000
2021-04-01,94.17120361328125,95.58920288085938,93.92919921875,95.29840087890625,6205000
2021-04-05,96.4000015258789,97.4751968383789,95.47440338134766,96.36720275878906,8557500
2021-04-06,96.5999984741211,97.89640045166016,96.28919982910156,96.87999725341797,10277500
2021-04-07,97.16239929199219,97.6083984375,95.82279968261719,96.42559814453125,5887500
2021-04-08,95.68000030517578,97.41719818115234,95.68000030517578,97.11959838867188,5550000
2021-04-09,97.36000061035156,98.18879699707031,96.22200012207031,98.00240325927734,5995000
2021-04-12,97.44000244140625,98.00800323486328,95.8595962524414,96.36199951171875,13785000
2021-04-13,96.15679931640625,96.63159942626953,94.68599700927734,96.17160034179688,19742500
2021-04-14,96.52400207519531,99.31279754638672,96.29920196533203,98.1688003540039,23490000
2021-04-15,98.70159912109375,98.7572021484375,97.04720306396484,97.32839965820312,15982500
2021-04-16,97.74919891357422,99.57640075683594,97.43319702148438,99.07599639892578,19587500
2021-04-19,99.21720123291016,99.53279876708984,97.72440338134766,98.24800109863281,8175000
2021-04-20,97.3499984741211,97.45960235595703,92.69159698486328,93.80000305175781,11942500
2021-04-21,94.39679718017578,94.63960266113281,93.72239685058594,94.30919647216797,7020000
2021-04-22,94.1488037109375,95.80000305175781,93.72000122070312,93.88200378417969,7187500
2021-04-23,94.6875991821289,96.17320251464844,94.01840209960938,95.81719970703125,6342500
2021-04-26,96.99559783935547,98.43720245361328,96.27999877929688,98.33000183105469,8082500
2021-04-27,98.31999969482422,98.76480102539062,97.66680145263672,98.56600189208984,5517500
2021-04-28,99.0,100.59960174560547,98.44000244140625,100.2040023803711,8087500
2021-04-29,100.29879760742188,100.63999938964844,99.04039764404297,100.05719757080078,5470000
2021-04-30,99.90799713134766,99.90799713134766,97.44560241699219,98.64320373535156,8202500
2021-05-03,99.36280059814453,99.47959899902344,97.41239929199219,97.61759948730469,4752500
2021-05-04,96.3916015625,97.11280059814453,94.7531967163086,95.31759643554688,8477500
2021-05-05,96.08200073242188,96.1500015258789,93.08760070800781,93.51679992675781,9537500
2021-05-06,91.90840148925781,92.95999908447266,90.20600128173828,91.17400360107422,10817500
2021-05-07,92.4896011352539,94.45680236816406,91.62960052490234,93.08319854736328,9540000
2021-05-10,93.2656021118164,93.31999969482422,90.46759796142578,90.52400207519531,9572500
2021-05-11,89.19999694824219,90.51080322265625,88.20320129394531,89.9072036743164,10472500
2021-05-12,89.25240325927734,89.46199798583984,86.53919982910156,86.88999938964844,10427500
2021-05-13,87.75800323486328,89.42680358886719,86.48600006103516,88.29080200195312,7487500
2021-05-14,90.0447998046875,91.67400360107422,89.09639739990234,91.29920196533203,8510000
2021-05-17,90.46160125732422,91.0199966430664,88.4636001586914,88.9260025024414,8057500
2021-05-18,89.26200103759766,90.10399627685547,88.42400360107422,88.46479797363281,8615000
2021-05-19,86.69159698486328,90.90840148925781,86.47119903564453,90.80039978027344,10145000
2021-05-20,91.193603515625,92.3904037475586,90.4364013671875,92.24199676513672,7797500
2021-05-21,92.98280334472656,93.4520034790039,90.73359680175781,91.73519897460938,6580000
2021-05-24,92.06880187988281,94.24600219726562,92.00800323486328,93.93920135498047,8312500
2021-05-25,94.30000305175781,94.9552001953125,93.17160034179688,93.5604019165039,6952500
2021-05-26,94.65959930419922,94.90799713134766,93.66439819335938,93.87999725341797,7347500
2021-05-27,94.43080139160156,94.43080139160156,93.06759643554688,93.39119720458984,17225000
2021-05-28,93.59359741210938,94.71240234375,92.61920166015625,94.46199798583984,5807500
2021-06-01,95.19999694824219,95.21160125732422,92.64199829101562,93.1312026977539,7900000
2021-06-02,93.58799743652344,94.26000213623047,92.42839813232422,92.716796875,7317500
2021-06-03,91.73680114746094,93.08200073242188,90.4800033569336,91.8323974609375,7082500
2021-06-04,92.19120025634766,93.13839721679688,92.16960144042969,92.62760162353516,4342500
2021-06-07,92.79319763183594,93.6447982788086,91.66239929199219,91.94080352783203,4970000
2021-06-08,92.01679992675781,92.78079986572266,91.6072006225586,92.14959716796875,5847500
2021-06-09,92.0,93.2136001586914,91.79039764404297,92.5624008178711,6660000
2021-06-10,92.29319763183594,93.1500015258789,91.3147964477539,92.97799682617188,6735000
2021-06-11,92.55599975585938,93.11720275878906,91.73680114746094,92.17479705810547,7292500
2021-06-14,92.47480010986328,92.62680053710938,91.63400268554688,92.20159912109375,4755000
2021-06-15,92.09480285644531,93.31999969482422,91.35279846191406,92.07839965820312,5302500
2021-06-16,92.48079681396484,92.77400207519531,91.38719940185547,91.92919921875,4197500
2021-06-17,91.84559631347656,92.75959777832031,91.49800109863281,91.76000213623047,6195000
2021-06-18,91.32360076904297,91.96080017089844,89.2208023071289,89.70439910888672,12072500
2021-06-21,90.15560150146484,91.06839752197266,89.24919891357422,90.52279663085938,5075000
2021-06-22,90.7155990600586,91.06600189208984,89.55999755859375,90.03600311279297,5360000
2021-06-23,90.0416030883789,90.44120025634766,89.30919647216797,89.8511962890625,4055000
2021-06-24,90.70760345458984,90.71880340576172,89.38200378417969,89.84919738769531,5307500
2021-06-25,90.31600189208984,91.9751968383789,89.8583984375,91.26640319824219,8430000
2021-06-28,89.98999786376953,90.4000015258789,86.8644027709961,88.18199920654297,15305000
2021-06-29,87.69280242919922,87.87480163574219,86.63600158691406,86.88760375976562,12942500
2021-06-30,87.1416015625,88.80000305175781,87.0,87.52359771728516,10367500
2021-07-01,87.78679656982422,88.95999908447266,87.78679656982422,88.40080261230469,6130000
2021-07-02,88.8051986694336,89.86360168457031,88.61199951171875,89.55560302734375,6082500
2021-07-06,89.35040283203125,89.72679901123047,88.71839904785156,88.8927993774414,7555000
2021-07-07,88.9968032836914,89.0979995727539,86.12120056152344,86.6707992553711,6830000
2021-07-08,86.00599670410156,87.38359832763672,85.05120086669922,86.55680084228516,7490000
2021-07-09,87.17520141601562,88.2136001586914,86.41799926757812,87.79959869384766,7405000
2021-07-12,87.28240203857422,88.24720001220703,86.66000366210938,88.16000366210938,7555000
2021-07-13,88.1760025024414,89.14959716796875,87.43240356445312,87.53759765625,9872500
2021-07-14,88.24079895019531,88.7239990234375,87.03559875488281,87.0647964477539,5287500
2021-07-15,86.91999816894531,87.3323974609375,85.81999969482422,86.77559661865234,6797500
2021-07-16,87.35559844970703,87.45919799804688,85.58799743652344,85.78880310058594,4692500
2021-07-19,84.06839752197266,84.8667984008789,82.34719848632812,82.7020034790039,11412500
2021-07-20,82.7020034790039,85.65799713134766,82.1427993774414,85.21720123291016,7850000
2021-07-21,85.74759674072266,87.94200134277344,85.74759674072266,87.76119995117188,6760000
2021-07-22,87.6615982055664,88.1852035522461,86.80000305175781,87.77639770507812,6220000
2021-07-23,87.72200012207031,88.56719970703125,87.29840087890625,88.10279846191406,5382500
2021-07-26,88.15519714355469,89.443603515625,87.97799682617188,89.22799682617188,6277500
2021-07-27,89.1072006225586,89.98799896240234,88.12480163574219,89.84760284423828,7782500
2021-07-28,90.0,90.58560180664062,88.5291976928711,89.0531997680664,7555000
2021-07-29,89.77839660644531,89.89360046386719,88.49960327148438,88.57360076904297,7087500
2021-07-30,87.94400024414062,88.20760345458984,86.80120086669922,87.13040161132812,6917500
2021-08-02,87.66719818115234,89.43879699707031,86.40760040283203,86.83760070800781,6317500
2021-08-03,86.943603515625,87.48359680175781,84.64080047607422,85.57160186767578,6742500
2021-08-04,85.27159881591797,85.943603515625,83.16680145263672,83.42559814453125,9790000
2021-08-05,85.99960327148438,89.13159942626953,85.40239715576172,88.30840301513672,10960000
2021-08-06,88.31320190429688,89.19879913330078,86.0968017578125,87.31919860839844,11447500
2021-08-09,87.31880187988281,87.31880187988281,85.21600341796875,86.31120300292969,6850000
2021-08-10,86.31120300292969,88.11959838867188,86.31120300292969,88.018798828125,6937500
2021-08-11,87.79080200195312,88.39679718017578,86.75279998779297,88.00879669189453,5622500
2021-08-12,87.25440216064453,87.86000061035156,86.16519927978516,87.72679901123047,5157500
2021-08-13,87.85600280761719,88.32240295410156,86.68080139160156,88.13680267333984,5702500
2021-08-16,87.72679901123047,87.92160034179688,83.70760345458984,85.23560333251953,10360000
2021-08-17,84.15599822998047,85.0479965209961,83.72200012207031,84.53079986572266,7060000
2021-08-18,84.4000015258789,84.95919799804688,83.26439666748047,83.45240020751953,7517500
2021-08-19,83.16480255126953,83.71160125732422,82.33719635009766,83.0344009399414,8670000
2021-08-20,82.95800018310547,83.31999969482422,82.339599609375,82.9896011352539,8750000
2021-08-23,82.88240051269531,85.88279724121094,82.80599975585938,85.4927978515625,12330000
2021-08-24,86.0,89.99120330810547,85.54080200195312,89.32440185546875,11490000
2021-08-25,89.61319732666016,91.13999938964844,88.40679931640625,90.55159759521484,8500000
2021-08-26,90.0,91.69560241699219,90.0,91.0719985961914,7315000
2021-08-27,91.16000366210938,92.78520202636719,91.14119720458984,92.21880340576172,6012500
2021-08-30,92.0,92.26280212402344,90.81680297851562,91.1083984375,6122500
2021-08-31,91.44080352783203,92.64320373535156,91.3656005859375,91.98680114746094,9710000
2021-09-01,92.2343978881836,93.19999694824219,91.4000015258789,91.4739990234375,8117500
2021-09-02,92.16960144042969,93.07160186767578,91.31079864501953,92.01840209960938,5795000
2021-09-03,91.37120056152344,92.46959686279297,91.05999755859375,92.1780014038086,4912500
2021-09-07,92.31639862060547,93.6803970336914,92.21119689941406,93.54280090332031,5972500
2021-09-08,93.5999984741211,94.23999786376953,91.85399627685547,92.63800048828125,6617500
2021-09-09,92.2511978149414,93.81719970703125,92.16519927978516,92.7468032836914,5592500
2021-09-10,93.19999694824219,93.80000305175781,92.06520080566406,92.19200134277344,6055000
2021-09-13,92.58000183105469,93.16000366210938,91.00679779052734,92.88480377197266,5807500
2021-09-14,92.9219970703125,93.74240112304688,92.4260025024414,93.14640045166016,4300000
2021-09-15,93.1520004272461,95.1240005493164,92.61280059814453,95.03880310058594,6225000
2021-09-16,94.72480010986328,95.51080322265625,93.52680206298828,93.80000305175781,6075000
2021-09-17,94.033203125,94.6072006225586,92.80000305175781,93.01480102539062,9230000
2021-09-20,92.4000015258789,93.83159637451172,91.43599700927734,93.62960052490234,7795000
2021-09-21,94.54080200195312,94.54080200195312,92.89559936523438,93.0248031616211,5277500
2021-09-22,93.55400085449219,97.09159851074219,93.55400085449219,96.24440002441406,10425000
2021-09-23,96.4260025024414,99.55719757080078,96.4260025024414,99.02040100097656,10487500
2021-09-24,98.09519958496094,100.09960174560547,98.09519958496094,99.65399932861328,7472500
2021-09-27,99.76640319824219,101.5999984741211,98.63040161132812,99.06079864501953,8020000
2021-09-28,98.4000015258789,99.17440032958984,96.91519927978516,97.30999755859375,7745000
2021-09-29,97.4655990600586,97.90440368652344,94.99079895019531,95.11280059814453,7357500
2021-09-30,95.31719970703125,96.25599670410156,94.19999694824219,94.95480346679688,7790000
2021-10-01,96.67359924316406,99.07080078125,96.67359924316406,98.23480224609375,7665000
2021-10-04,98.23480224609375,99.55400085449219,96.87000274658203,98.38079833984375,6435000
2021-10-05,98.36000061035156,99.47640228271484,97.04280090332031,97.2936019897461,6682500
2021-10-06,96.0,98.09439849853516,95.36000061035156,97.9280014038086,5997500
2021-10-07,98.9207992553711,99.88760375976562,98.65799713134766,98.76000213623047,3920000
2021-10-08,98.94760131835938,99.63960266113281,98.51360321044922,98.97480010986328,4107500
2021-10-11,99.21959686279297,100.31639862060547,98.52760314941406,98.69640350341797,3762500
2021-10-12,98.8196029663086,99.91400146484375,98.13800048828125,98.58799743652344,5502500
2021-10-13,98.5999984741211,99.2791976928711,97.45079803466797,98.5011978149414,4462500
2021-10-14,99.30400085449219,100.62879943847656,98.9800033569336,99.84880065917969,6960000
2021-10-15,100.80000305175781,101.5999984741211,100.62000274658203,101.53359985351562,5832500
2021-10-18,100.81400299072266,101.5199966430664,99.7748031616211,100.08519744873047,5245000
2021-10-19,100.10079956054688,100.13040161132812,98.231201171875,98.52400207519531,6865000
2021-10-20,98.60040283203125,98.60040283203125,94.74960327148438,95.36720275878906,10172500
2021-10-21,96.02200317382812,96.79319763183594,95.6011962890625,96.44519805908203,5312500
2021-10-22,96.2844009399414,97.55840301513672,95.42880249023438,95.78359985351562,4047500
2021-10-25,95.9135971069336,96.82080078125,94.87239837646484,96.51920318603516,3560000
2021-10-26,96.91600036621094,98.5999984741211,96.91600036621094,97.72119903564453,4385000
2021-10-27,97.25479888916016,98.30359649658203,96.4000015258789,97.12359619140625,4895000
2021-10-28,97.04080200195312,97.24960327148438,95.82360076904297,97.19080352783203,3735000
2021-10-29,96.75559997558594,97.20439910888672,95.6875991821289,96.8311996459961,5412500
2021-11-01,96.8051986694336,99.5999984741211,96.8051986694336,99.58760070800781,7245000
2021-11-02,99.0271987915039,99.7615966796875,96.82559967041016,98.1531982421875,6825000
2021-11-03,97.73280334472656,98.99960327148438,96.19999694824219,97.41320037841797,9037500
2021-11-04,101.55999755859375,101.57520294189453,97.2916030883789,97.48040008544922,13327500
2021-11-05,101.77359771728516,105.26719665527344,100.6259994506836,104.75879669189453,18887500
2021-11-08,106.36000061035156,107.4916000366211,104.00199890136719,105.59439849853516,12430000
2021-11-09,105.55999755859375,107.4800033569336,104.84760284423828,105.9280014038086,10182500
2021-11-10,106.35440063476562,106.79640197753906,102.4000015258789,102.79119873046875,9152500
2021-11-11,102.9303970336914,103.01319885253906,99.00759887695312,99.1615982055664,8557500
2021-11-12,99.82640075683594,99.82640075683594,97.6968002319336,98.06600189208984,7920000
2021-11-15,98.19999694824219,98.55999755859375,96.00920104980469,96.20040130615234,8427500
2021-11-16,96.48519897460938,96.48519897460938,94.68080139160156,95.21320343017578,10780000
2021-11-17,95.44840240478516,96.11160278320312,94.1948013305664,94.65519714355469,11445000
2021-11-18,94.96600341796875,95.48200225830078,93.43360137939453,95.03919982910156,8512500
2021-11-19,92.59480285644531,94.32279968261719,91.12000274658203,93.59960174560547,12135000
2021-11-22,93.2323989868164,94.64119720458984,91.73320007324219,91.88520050048828,9340000
2021-11-23,92.4896011352539,93.98320007324219,92.08679962158203,93.64520263671875,6412500
2021-11-24,92.47840118408203,94.05039978027344,91.64600372314453,92.92479705810547,7377500
2021-11-26,84.87840270996094,86.50360107421875,83.96479797363281,86.22239685058594,18045000
2021-11-29,88.25679779052734,89.11519622802734,85.61720275878906,87.28040313720703,11252500
2021-11-30,84.85919952392578,86.81520080566406,83.02159881591797,84.0739974975586,16517500
2021-12-01,85.87680053710938,87.30280303955078,82.29280090332031,82.6803970336914,14315000
2021-12-02,83.99120330810547,87.59519958496094,83.0,86.877197265625,13290000
2021-12-03,87.4000015258789,87.8031997680664,83.49720001220703,84.57759857177734,10152500
2021-12-06,86.5199966430664,91.7979965209961,86.09519958496094,89.09120178222656,14260000
2021-12-07,91.5624008178711,92.7020034790039,89.22000122070312,89.80120086669922,10062500
2021-12-08,90.7583999633789,92.98040008544922,90.41840362548828,92.28800201416016,9380000
2021-12-09,91.98280334472656,91.98280334472656,90.31199645996094,90.70439910888672,6010000
2021-12-10,90.93280029296875,91.35320281982422,88.8104019165039,89.45439910888672,7842500
2021-12-13,88.0811996459961,88.47000122070312,85.66799926757812,85.98040008544922,9820000
2021-12-14,84.80000305175781,86.6083984375,84.45079803466797,84.99720001220703,9810000
2021-12-15,86.24600219726562,86.30919647216797,83.46040344238281,85.21520233154297,10905000
2021-12-16,87.47959899902344,87.5979995727539,85.4000015258789,86.59639739990234,13125000
2021-12-17,86.10160064697266,89.24800109863281,85.23999786376953,88.41840362548828,12172500
2021-12-20,86.04000091552734,88.45240020751953,84.30159759521484,88.3499984741211,8315000
2021-12-21,89.65480041503906,94.8135986328125,89.65480041503906,94.62999725341797,13942500
2021-12-22,93.86759948730469,96.27320098876953,93.18879699707031,95.4072036743164,8215000
2021-12-23,96.3104019165039,96.89640045166016,95.80120086669922,96.08999633789062,4662500
2021-12-27,95.58679962158203,96.65080261230469,94.9800033569336,95.78040313720703,4127500
2021-12-28,95.4823989868164,96.5968017578125,94.60199737548828,95.47640228271484,3650000
2021-12-29,95.55799865722656,96.4375991821289,94.95999908447266,95.38719940185547,2575000
2021-12-30,95.42720031738281,97.14839935302734,95.42720031738281,95.83679962158203,4895000
2021-12-31,95.64600372314453,96.6968002319336,95.3499984741211,95.96920013427734,4557500
2022-01-03,96.91999816894531,98.63999938964844,95.8644027709961,98.45680236816406,9725000
2022-01-04,99.0,100.7300033569336,97.66919708251953,98.59719848632812,9540000
2022-01-05,99.16799926757812,99.22160339355469,96.51200103759766,96.53199768066406,6375000
2022-01-06,96.51959991455078,98.40599822998047,96.51959991455078,97.19879913330078,6177500
2022-01-07,97.4000015258789,98.65039825439453,96.95079803466797,97.3832015991211,5747500
2022-01-10,97.34960174560547,97.34960174560547,94.49639892578125,97.05599975585938,8185000
2022-01-11,95.68280029296875,98.97039794921875,95.68280029296875,98.77680206298828,7222500
2022-01-12,99.19999694824219,99.7979965209961,96.6803970336914,97.44400024414062,6952500
2022-01-13,97.7136001586914,99.80000305175781,97.6707992553711,98.35919952392578,6310000
2022-01-14,98.35919952392578,98.4000015258789,96.11119842529297,98.03800201416016,6902500
2022-01-18,96.9655990600586,98.0,95.06439971923828,95.36840057373047,8747500
2022-01-19,94.88639831542969,96.552001953125,94.66919708251953,95.08360290527344,6822500
2022-01-20,96.75,99.30120086669922,96.41439819335938,97.34559631347656,13950000
2022-01-21,97.34559631347656,97.34559631347656,93.57240295410156,93.83439636230469,14562500
2022-01-24,92.69280242919922,94.25399780273438,88.7468032836914,93.98480224609375,14602500
2022-01-25,91.40360260009766,94.71600341796875,89.40119934082031,93.16079711914062,11340000
2022-01-26,95.0,96.98719787597656,92.839599609375,94.82520294189453,10982500
2022-01-27,96.77639770507812,97.55760192871094,93.68280029296875,94.38600158691406,8277500
2022-01-28,94.38880157470703,96.59400177001953,93.65039825439453,96.5176010131836,7570000
2022-01-31,96.231201171875,98.80000305175781,94.92520141601562,98.24520111083984,9482500
2022-02-01,98.59839630126953,99.08399963378906,97.42320251464844,98.62560272216797,9202500
2022-02-02,99.4000015258789,99.49759674072266,97.52279663085938,97.63919830322266,9177500
2022-02-03,97.5927963256836,98.83360290527344,97.04720306396484,97.50080108642578,11522500
2022-02-04,96.3364028930664,98.79920196533203,95.65080261230469,97.71720123291016,7817500
2022-02-07,98.69599914550781,100.05560302734375,98.16639709472656,99.3219985961914,10812500
2022-02-08,99.4000015258789,101.87439727783203,99.04959869384766,101.65519714355469,11235000
2022-02-09,103.84320068359375,105.57879638671875,103.48799896240234,105.0792007446289,17337500
2022-02-10,103.23200225830078,106.33080291748047,103.23200225830078,105.13520050048828,11830000
2022-02-11,107.19999694824219,107.4800033569336,100.49800109863281,101.20040130615234,14850000
2022-02-14,100.86280059814453,103.23400115966797,100.56559753417969,101.82640075683594,11292500
2022-02-15,102.93920135498047,106.39600372314453,102.93920135498047,105.40640258789062,11377500
2022-02-16,105.35199737548828,108.62640380859375,105.28880310058594,108.13040161132812,12690000
2022-02-17,106.59239959716797,107.056396484375,104.48560333251953,104.95800018310547,8265000
2022-02-18,105.00080108642578,105.55999755859375,103.31919860839844,104.65640258789062,8215000
2022-02-22,103.53839874267578,104.70999908447266,99.47360229492188,100.72879791259766,12835000
2022-02-23,101.46920013427734,102.27040100097656,98.60040283203125,98.79319763183594,12950000
2022-02-24,86.46440124511719,91.9020004272461,85.54879760742188,91.80000305175781,37952500
2022-02-25,92.77040100097656,93.46880340576172,90.00039672851562,91.2583999633789,13652500
2022-02-28,89.6719970703125,89.6719970703125,86.14640045166016,86.88999938964844,20442500
2022-03-01,85.93800354003906,85.93800354003906,82.5291976928711,82.87999725341797,20915000
2022-03-02,83.64640045166016,87.7323989868164,83.54720306396484,86.54080200195312,14502500
2022-03-03,86.92359924316406,87.9207992553711,83.59559631347656,84.0823974609375,11222500
2022-03-04,81.93160247802734,82.3988037109375,78.54840087890625,79.40160369873047,18667500
2022-03-07,78.8104019165039,79.16200256347656,72.63880157470703,72.6864013671875,27232500
2022-03-08,73.73560333251953,79.27120208740234,71.85800170898438,75.981201171875,30175000
2022-03-09,80.38159942626953,83.3196029663086,80.30000305175781,81.4188003540039,19410000
2022-03-10,79.04039764404297,82.44599914550781,78.6447982788086,81.21440124511719,15962500
2022-03-11,82.4800033569336,83.2300033569336,80.42559814453125,80.69599914550781,9017500
2022-03-14,80.40799713134766,81.61920166015625,79.43000030517578,79.99800109863281,10630000
2022-03-15,81.30879974365234,84.05039978027344,80.60359954833984,83.20719909667969,11885000
2022-03-16,85.48799896240234,89.58879852294922,85.20040130615234,88.09760284423828,18510000
2022-03-17,86.68720245361328,87.58439636230469,84.80120086669922,86.44560241699219,9825000
2022-03-18,86.44560241699219,88.37519836425781,85.36360168457031,87.45240020751953,12730000
2022-03-21,88.18000030517578,88.18000030517578,85.68000030517578,86.45559692382812,7837500
2022-03-22,86.83999633789062,88.68879699707031,86.5604019165039,88.07839965820312,6790000
2022-03-23,88.19280242919922,88.35279846191406,86.08080291748047,86.38999938964844,7302500
2022-03-24,86.55999755859375,90.63880157470703,86.47959899902344,90.47959899902344,8500000
2022-03-25,90.67880249023438,91.92320251464844,89.04720306396484,89.91719818115234,6195000
2022-03-28,90.43080139160156,91.23159790039062,88.8280029296875,91.07279968261719,6620000
2022-03-29,93.61399841308594,96.83560180664062,93.61399841308594,94.87680053710938,13417500
2022-03-30,94.72160339355469,94.72160339355469,92.71720123291016,93.11959838867188,6157500
2022-03-31,94.57319641113281,95.57839965820312,93.91200256347656,93.93800354003906,8882500
2022-04-01,95.10479736328125,96.73159790039062,94.0,94.71320343017578,7052500
2022-04-04,95.02680206298828,95.19840240478516,93.36160278320312,94.9988021850586,7335000
2022-04-05,93.90119934082031,94.90480041503906,91.70279693603516,91.91999816894531,8880000
2022-04-06,89.50479888916016,89.56159973144531,87.78359985351562,88.8855972290039,10555000
2022-04-07,88.32720184326172,88.98560333251953,86.84919738769531,88.52799987792969,7487500
2022-04-08,88.13800048828125,89.12319946289062,86.65519714355469,86.6968002319336,7540000
2022-04-11,86.0,88.38240051269531,85.7979965209961,86.76840209960938,6315000
2022-04-12,87.87799835205078,89.2947998046875,86.91280364990234,87.25520324707031,6960000
2022-04-13,87.69000244140625,90.89240264892578,87.62760162353516,90.40440368652344,8210000
2022-04-14,91.08000183105469,92.29840087890625,88.53800201416016,89.09159851074219,10055000
2022-04-18,88.4000015258789,89.04720306396484,86.91999816894531,87.97239685058594,8235000
2022-04-19,88.19239807128906,90.11959838867188,88.19239807128906,89.57520294189453,8492500
2022-04-20,90.4000015258789,91.37000274658203,89.75080108642578,90.0719985961914,6637500
2022-04-21,92.6427993774414,93.51599884033203,88.97119903564453,89.57279968261719,9745000
2022-04-22,89.04000091552734,90.55840301513672,88.3927993774414,88.55480194091797,7545000
2022-04-25,87.68280029296875,90.66639709472656,87.46040344238281,89.84159851074219,10505000
2022-04-26,89.27359771728516,89.73079681396484,86.35800170898438,86.39839935302734,11090000
2022-04-27,87.5199966430664,91.20279693603516,87.36000061035156,90.35800170898438,11597500
2022-04-28,91.43240356445312,94.53800201416016,90.3687973022461,92.71199798583984,12080000
2022-04-29,91.70159912109375,92.60800170898438,88.24759674072266,88.41239929199219,11827500
2022-05-02,88.27999877929688,88.98359680175781,84.63999938964844,87.716796875,14875000
2022-05-03,88.15039825439453,88.21880340576172,82.46759796142578,84.23719787597656,15505000
2022-05-04,83.5199966430664,84.3843994140625,79.88960266113281,84.1332015991211,21817500
2022-05-05,92.0,92.31999969482422,86.26799774169922,86.87640380859375,25987500
2022-05-06,85.80560302734375,89.79920196533203,83.30799865722656,87.76920318603516,17250000
2022-05-09,84.21399688720703,85.72840118408203,80.83679962158203,80.94280242919922,16795000
2022-05-10,83.9927978515625,83.9927978515625,80.5436019897461,81.79920196533203,12287500
2022-05-11,82.54399871826172,85.44280242919922,80.46199798583984,82.88600158691406,11542500
2022-05-12,82.05760192871094,84.59120178222656,80.07720184326172,82.12200164794922,10910000
2022-05-13,84.1719970703125,84.99960327148438,82.88839721679688,84.07559967041016,7547500
2022-05-16,83.44439697265625,83.78359985351562,81.34439849853516,81.84040069580078,7232500
2022-05-17,85.0,86.44000244140625,84.39440155029297,85.86360168457031,10177500
2022-05-18,84.80000305175781,85.36239624023438,81.68000030517578,82.01519775390625,9012500
2022-05-19,82.38480377197266,85.69719696044922,81.70320129394531,84.13600158691406,9680000
2022-05-20,85.11080169677734,85.29119873046875,82.11399841308594,84.63600158691406,10775000
2022-05-23,86.29560089111328,86.29560089111328,83.7863998413086,84.26599884033203,7407500
2022-05-24,83.57720184326172,83.78959655761719,80.77400207519531,82.00240325927734,8475000
2022-05-25,81.52279663085938,86.69439697265625,81.52279663085938,85.88880157470703,8907500
2022-05-26,86.83280181884766,90.08000183105469,86.33480072021484,88.86039733886719,7555000
2022-05-27,90.54440307617188,90.966796875,89.54000091552734,90.63919830322266,7715000
2022-05-31,89.73280334472656,90.76000213623047,87.80159759521484,89.74240112304688,12627500
2022-06-01,90.5999984741211,91.0719985961914,87.88600158691406,89.54280090332031,6462500
2022-06-02,90.38200378417969,95.35600280761719,90.27400207519531,94.89440155029297,12002500
2022-06-03,92.69439697265625,95.1572036743164,92.43599700927734,93.43479919433594,7717500
2022-06-06,94.65760040283203,95.7323989868164,93.30999755859375,93.89199829101562,5165000
2022-06-07,92.0811996459961,93.8407974243164,92.0,93.06919860839844,5865000
2022-06-08,92.13800048828125,94.19999694824219,92.01480102539062,93.83200073242188,6742500
2022-06-09,93.19999694824219,93.44200134277344,91.04920196533203,91.11360168457031,9312500
2022-06-10,87.99320220947266,88.3280029296875,83.86119842529297,84.19840240478516,10787500
2022-06-13,80.25800323486328,80.64600372314453,76.53720092773438,79.17279815673828,18240000
2022-06-14,79.33399963378906,79.83439636230469,76.12079620361328,78.0604019165039,14465000
2022-06-15,79.71600341796875,80.15519714355469,77.26439666748047,78.92960357666016,9507500
2022-06-16,76.1144027709961,76.37079620361328,73.29199981689453,73.84960174560547,13827500
2022-06-17,74.07679748535156,76.89839935302734,74.02040100097656,76.2748031616211,14137500
2022-06-21,77.98320007324219,78.15480041503906,76.53520202636719,77.4916000366211,15080000
2022-06-22,75.8667984008789,77.8667984008789,75.28919982910156,75.59359741210938,10967500
2022-06-23,74.8656005859375,75.04959869384766,71.80039978027344,73.40239715576172,15050000
2022-06-24,74.71320343017578,77.32080078125,74.1332015991211,77.24199676513672,12730000
2022-06-27,77.59639739990234,77.98400115966797,75.6404037475586,75.84960174560547,8612500
2022-06-28,76.87039947509766,78.16000366210938,73.41320037841797,73.53679656982422,10130000
2022-06-29,72.95359802246094,73.35399627685547,70.4000015258789,72.41320037841797,10575000
2022-06-30,70.1052017211914,71.35679626464844,68.12200164794922,69.95960235595703,16017500
2022-07-01,69.7239990234375,70.71920013427734,68.79000091552734,70.71920013427734,8907500
2022-07-05,68.46119689941406,71.88639831542969,67.57839965820312,71.51840209960938,13140000
2022-07-06,71.74759674072266,72.2979965209961,69.84519958496094,70.0344009399414,9735000
2022-07-07,71.32759857177734,71.95999908447266,70.43240356445312,71.43679809570312,8367500
2022-07-08,70.54640197753906,71.26000213623047,69.02400207519531,70.7791976928711,5767500
2022-07-11,69.50640106201172,70.17720031738281,68.55999755859375,68.98200225830078,8882500
2022-07-12,69.2959976196289,70.49320220947266,68.68119812011719,69.52999877929688,8067500
2022-07-13,67.70120239257812,69.90119934082031,67.12039947509766,69.52120208740234,7217500
2022-07-14,67.65599822998047,68.36799621582031,66.77359771728516,66.9563980102539,13430000
2022-07-15,68.36959838867188,68.93240356445312,67.21720123291016,67.943603515625,12025000
2022-07-18,69.79640197753906,71.5999984741211,69.16600036621094,69.55159759521484,11110000
2022-07-19,70.9448013305664,73.69879913330078,70.9448013305664,73.39199829101562,11180000
2022-07-20,73.08999633789062,73.96320343017578,72.26239776611328,73.39199829101562,11887500
2022-07-21,72.58879852294922,73.26280212402344,71.43599700927734,73.17639923095703,8442500
2022-07-22,74.12079620361328,74.30359649658203,71.88159942626953,72.39520263671875,7712500
2022-07-25,72.7531967163086,73.75959777832031,72.14080047607422,73.38680267333984,8495000
2022-07-26,72.82520294189453,72.98200225830078,71.79000091552734,71.83200073242188,7510000
2022-07-27,73.47039794921875,76.12640380859375,73.47039794921875,75.10320281982422,10187500
2022-07-28,75.46399688720703,76.53040313720703,74.28279876708984,76.51719665527344,8007500
2022-07-29,76.54440307617188,77.8583984375,76.00039672851562,77.42759704589844,9965000
2022-08-01,76.94999694824219,76.98320007324219,74.51959991455078,76.26679992675781,10207500
2022-08-02,76.26679992675781,78.88800048828125,76.11199951171875,78.25199890136719,11000000
2022-08-03,77.40039825439453,78.96279907226562,76.90560150146484,78.6592025756836,15337500
2022-08-04,76.033203125,78.17680358886719,75.02279663085938,77.88999938964844,20115000
2022-08-05,77.35040283203125,78.23680114746094,76.16000366210938,76.9988021850586,9590000
2022-08-08,76.91519927978516,79.57959747314453,76.91519927978516,78.23200225830078,8742500
2022-08-09,78.06600189208984,78.28839874267578,76.77200317382812,78.28839874267578,7495000
2022-08-10,80.00080108642578,81.0884017944336,79.22560119628906,80.94760131835938,11595000
2022-08-11,82.46440124511719,83.94719696044922,82.03520202636719,82.55039978027344,9460000
2022-08-12,83.3583984375,84.91960144042969,82.89399719238281,84.83920288085938,8242500
2022-08-15,84.08000183105469,86.31880187988281,84.0,85.19039916992188,9440000
2022-08-16,84.65080261230469,86.44200134277344,84.60800170898438,86.05359649658203,6592500
2022-08-17,84.50479888916016,85.72239685058594,84.06559753417969,85.18599700927734,6410000
2022-08-18,84.75479888916016,86.18920135498047,84.34839630126953,85.78919982910156,5397500
2022-08-19,84.87159729003906,85.1719970703125,83.35679626464844,83.47679901123047,5907500
2022-08-22,80.73719787597656,81.68240356445312,78.76319885253906,78.90679931640625,11625000
2022-08-23,79.03880310058594,80.48400115966797,79.02559661865234,79.71320343017578,8085000
2022-08-24,78.87920379638672,80.76640319824219,78.8196029663086,79.63839721679688,5727500
2022-08-25,80.0,81.35800170898438,79.79840087890625,80.34159851074219,6260000
2022-08-26,80.54119873046875,80.83360290527344,76.31999969482422,76.43840026855469,9595000
2022-08-29,75.87999725341797,76.85479736328125,75.44400024414062,75.94640350341797,8010000
2022-08-30,76.83999633789062,76.99960327148438,74.79560089111328,75.20919799804688,8132500
2022-08-31,75.66480255126953,76.6760025024414,74.93679809570312,75.03240203857422,9740000
2022-09-01,74.36000061035156,74.94120025634766,72.07640075683594,74.10040283203125,14422500
2022-09-02,74.55439758300781,74.91600036621094,72.7583999633789,73.51640319824219,8440000
2022-09-06,73.51640319824219,73.94239807128906,71.20359802246094,72.59400177001953,8460000
2022-09-07,72.96759796142578,75.23159790039062,72.28600311279297,74.89800262451172,9877500
2022-09-08,73.73200225830078,76.49400329589844,73.19159698486328,76.24079895019531,11545000
2022-09-09,76.80000305175781,79.39959716796875,76.72200012207031,79.24120330810547,13172500
2022-09-12,80.40840148925781,81.23799896240234,80.0103988647461,80.53279876708984,10287500
2022-09-13,77.63999938964844,78.71160125732422,76.53919982910156,76.83200073242188,9900000
2022-09-14,76.67120361328125,78.80159759521484,75.88480377197266,78.69519805908203,7575000
2022-09-15,78.22480010986328,80.60199737548828,77.88960266113281,78.27079772949219,9522500
2022-09-16,77.36000061035156,77.38480377197266,74.17559814453125,75.05799865722656,19800000
2022-09-19,73.96399688720703,76.4000015258789,73.96399688720703,76.11959838867188,6687500
2022-09-20,75.50920104980469,77.05799865722656,75.1531982421875,75.86519622802734,7762500
2022-09-21,75.52839660644531,75.63359832763672,72.23560333251953,72.26799774169922,9315000
2022-09-22,72.23999786376953,72.24320220947266,68.5999984741211,68.82319641113281,14470000
2022-09-23,67.84600067138672,67.95600128173828,65.84159851074219,66.79519653320312,15725000
2022-09-26,67.1072006225586,68.5719985961914,66.76000213623047,66.7699966430664,11222500
2022-09-27,67.86000061035156,68.42520141601562,66.2155990600586,66.76640319824219,10032500
2022-09-28,66.4751968383789,69.4395980834961,66.11759948730469,69.07520294189453,9547500
2022-09-29,67.62200164794922,67.9000015258789,66.38760375976562,67.15679931640625,8620000
2022-09-30,66.35880279541016,68.07039642333984,65.67479705810547,65.72840118408203,12460000
2022-10-03,66.89759826660156,67.76000213623047,65.04879760742188,67.1572036743164,9672500
2022-10-04,69.15959930419922,70.62120056152344,69.08799743652344,70.36160278320312,11652500
2022-10-05,69.07240295410156,69.80000305175781,68.38279724121094,69.06839752197266,8757500
2022-10-06,68.9468002319336,69.31639862060547,67.70439910888672,68.38919830322266,9282500
2022-10-07,67.23079681396484,67.96119689941406,66.72480010986328,67.40640258789062,11085000
2022-10-10,67.97000122070312,68.06600189208984,66.30439758300781,66.85320281982422,6957500
2022-10-11,66.85320281982422,66.85320281982422,64.83360290527344,65.3843994140625,7617500
2022-10-12,65.75920104980469,67.30239868164062,65.160400390625,67.0248031616211,7270000
2022-10-13,65.04920196533203,68.4364013671875,64.67400360107422,67.6852035522461,11942500
2022-10-14,68.61080169677734,69.43440246582031,66.69000244140625,66.8196029663086,9725000
2022-10-17,68.13040161132812,70.07959747314453,68.05359649658203,69.89959716796875,7970000
2022-10-18,72.00440216064453,72.62359619140625,70.01920318603516,70.9583969116211,9185000
2022-10-19,70.03479766845703,71.99919891357422,70.03479766845703,70.872802734375,7840000
2022-10-20,70.7844009399414,73.08000183105469,70.54280090332031,70.9448013305664,8627500
2022-10-21,70.8812026977539,73.1719970703125,70.40080261230469,72.9115982055664,7672500
2022-10-24,72.52079772949219,73.14559936523438,70.55999755859375,72.34239959716797,7845000
2022-10-25,72.09120178222656,75.20919799804688,72.09120178222656,74.9843978881836,8120000
2022-10-26,74.9843978881836,76.72200012207031,73.90080261230469,74.06079864501953,9390000
2022-10-27,74.7748031616211,75.03399658203125,72.92479705810547,73.34960174560547,9390000
2022-10-28,73.5604019165039,74.98880004882812,72.5416030883789,74.8687973022461,11517500
2022-10-31,74.8364028930664,75.4135971069336,73.51360321044922,74.7791976928711,8955000
2022-11-01,75.6500015258789,77.08000183105469,75.44159698486328,75.58080291748047,8722500
2022-11-02,74.5115966796875,75.38919830322266,70.85279846191406,71.127197265625,15147500
2022-11-03,73.95999908447266,76.10800170898438,72.910400390625,73.0291976928711,18565000
2022-11-04,75.39320373535156,76.64600372314453,74.08399963378906,74.97599792480469,10967500
2022-11-07,75.04039764404297,75.47319793701172,71.91680145263672,73.35279846191406,10847500
2022-11-08,73.43160247802734,75.71800231933594,73.2228012084961,74.36759948730469,7942500
2022-11-09,73.5999984741211,75.2936019897461,73.20279693603516,74.63279724121094,8987500
2022-11-10,77.87439727783203,78.21199798583984,76.65599822998047,77.86039733886719,12905000
2022-11-11,77.45240020751953,81.33519744873047,77.45240020751953,80.63079833984375,11070000
2022-11-14,79.86039733886719,80.78079986572266,78.96040344238281,79.16999816894531,10392500
2022-11-15,81.18479919433594,82.47840118408203,79.00879669189453,80.07599639892578,10280000
2022-11-16,80.35800170898438,81.1531982421875,79.5999984741211,80.55120086669922,7562500
2022-11-17,78.43679809570312,78.89800262451172,76.09839630126953,77.63040161132812,12372500
2022-11-18,78.39080047607422,78.88800048828125,77.0199966430664,77.61119842529297,7652500
2022-11-21,76.9176025390625,77.93679809570312,76.00039672851562,76.77960205078125,6997500
2022-11-22,77.19999694824219,78.00199890136719,75.97239685058594,77.87879943847656,8177500
2022-11-23,78.19519805908203,80.08000183105469,78.0696029663086,78.77799987792969,6360000
2022-11-25,78.73919677734375,79.8511962890625,78.52880096435547,79.38520050048828,4220000
2022-11-28,79.44080352783203,80.19599914550781,79.12239837646484,79.39600372314453,8285000
2022-11-29,79.40840148925781,81.10279846191406,79.40840148925781,80.6864013671875,7117500
2022-11-30,81.27999877929688,83.38800048828125,80.48799896240234,83.1780014038086,11102500
2022-12-01,83.3479995727539,84.02559661865234,81.91999816894531,82.4115982055664,7297500
2022-12-02,81.2656021118164,83.77960205078125,80.98919677734375,83.4176025390625,6760000
2022-12-05,82.2427978515625,83.4751968383789,81.87079620361328,82.26080322265625,6975000
2022-12-06,82.32160186767578,82.99800109863281,80.94039916992188,81.6875991821289,6570000
2022-12-07,79.052001953125,79.50559997558594,77.61039733886719,78.22239685058594,10385000
2022-12-08,78.49559783935547,80.83159637451172,77.94560241699219,80.4303970336914,7852500
2022-12-09,80.06600189208984,81.24839782714844,79.65160369873047,80.79920196533203,6050000
2022-12-12,80.80159759521484,83.2760009765625,80.5999984741211,83.19999694824219,8375000
2022-12-13,86.09480285644531,86.09480285644531,81.53279876708984,81.91320037841797,10472500
2022-12-14,82.28160095214844,82.7863998413086,79.52040100097656,80.27200317382812,10037500
2022-12-15,78.67359924316406,79.04879760742188,78.09239959716797,78.62760162353516,8557500
2022-12-16,77.9751968383789,78.89119720458984,77.12039947509766,77.54199981689453,20197500
2022-12-19,78.0823974609375,78.37799835205078,76.78399658203125,77.25759887695312,6962500
2022-12-20,76.98880004882812,78.52439880371094,76.98880004882812,78.34040069580078,6132500
2022-12-21,79.02320098876953,79.89959716796875,78.7136001586914,78.83599853515625,6275000
2022-12-22,77.90799713134766,77.90799713134766,76.29519653320312,77.3196029663086,6317500
2022-12-23,77.05680084228516,78.93360137939453,76.7488021850586,78.86080169677734,3945000
2022-12-27,79.11519622802734,80.49559783935547,78.48760223388672,79.93080139160156,5787500
2022-12-28,80.29959869384766,81.19999694824219,78.21399688720703,78.35359954833984,6022500
2022-12-29,79.39199829101562,80.52279663085938,78.98320007324219,80.1404037475586,5165000
2022-12-30,79.17160034179688,80.7040023803711,79.12000274658203,80.61119842529297,4917500
