trade_date,open,high,low,close,volume
2018-01-02,38.29428482055664,38.52858352661133,37.5351448059082,38.49109649658203,19494410
2018-01-03,38.19118881225586,38.77225875854492,37.5351448059082,37.87253952026367,22474114
2018-01-04,37.92877197265625,38.1630744934082,37.58200454711914,38.116214752197266,19359435
2018-01-05,38.34114456176758,38.650421142578125,37.87253952026367,38.46297836303711,18147003
2018-01-08,38.20993423461914,38.453609466552734,37.760074615478516,37.93814468383789,16207197
2018-01-09,37.98500442504883,38.453609466552734,37.91002655029297,38.05998229980469,18166742
2018-01-10,37.89128494262695,38.584815979003906,37.63823699951172,38.50984191894531,21551373
2018-01-11,38.61293411254883,39.99062728881836,38.55670166015625,39.92502212524414,39162848
2018-01-12,39.896907806396484,40.028114318847656,39.297096252441406,39.77507019042969,20240990
2018-01-16,39.9156494140625,39.9156494140625,39.12839889526367,39.194000244140625,20292313
2018-01-17,39.40956115722656,39.559513092041016,38.80974578857422,39.06279373168945,18222333
2018-01-18,38.48172378540039,39.30646514892578,38.43486404418945,39.22211837768555,23279059
2018-01-19,39.31583786010742,39.906280517578125,39.16588592529297,39.831302642822266,25172344
2018-01-22,39.74695587158203,40.22492980957031,39.50328063964844,40.19681167602539,23940706
2018-01-23,39.831302642822266,40.14995193481445,39.32521057128906,39.77507019042969,20438919
2018-01-24,40.01874542236328,41.23711395263672,38.95970153808594,40.29053497314453,52196360
2018-01-25,40.41237258911133,40.796627044677734,39.343955993652344,39.4939079284668,29661640
2018-01-26,39.4564208984375,40.112464904785156,39.31583786010742,40.112464904785156,29875893
2018-01-29,39.64385986328125,39.68135070800781,38.75351333618164,39.343955993652344,23003773
2018-01-30,39.39081573486328,39.79381561279297,39.072166442871094,39.68135070800781,22832306
2018-01-31,39.63448715209961,40.04685974121094,39.43767547607422,39.85942077636719,28730362
2018-02-01,39.52202224731445,39.9156494140625,39.2502326965332,39.259605407714844,28260455
2018-02-02,38.89409637451172,39.51265335083008,38.26616668701172,38.52858352661133,34176650
2018-02-05,38.76288604736328,39.025306701660156,36.644798278808594,36.73851776123047,45205909
2018-02-06,36.47610092163086,37.30084228515625,36.08247375488281,37.17900848388672,51958952
2018-02-07,37.01968002319336,37.88191223144531,36.89784240722656,37.62886428833008,35280995
2018-02-08,37.39456558227539,37.63823699951172,35.754451751708984,35.79193878173828,36409134
2018-02-09,35.960636138916016,36.54170608520508,35.07966232299805,36.14807891845703,39880192
2018-02-12,36.17619323730469,36.61668014526367,35.86691665649414,36.119964599609375,32738228
2018-02-13,35.763824462890625,36.71040344238281,35.70759201049805,36.51359176635742,19348231
2018-02-14,36.382381439208984,37.132144927978516,36.08247375488281,36.954078674316406,23455328
2018-02-15,37.26335525512695,37.60074996948242,36.79475021362305,37.56325912475586,23140776
2018-02-16,37.478912353515625,37.88191223144531,37.197750091552734,37.29146957397461,24075681
2018-02-20,37.05717086791992,37.197750091552734,36.588565826416016,36.9915657043457,19380775
2018-02-21,36.97282028198242,37.33833312988281,36.55107879638672,36.56045150756836,15183730
2018-02-22,36.6073112487793,37.08528518676758,36.14807891845703,36.3636360168457,20060560
2018-02-23,36.69165802001953,37.16026306152344,36.46672821044922,37.01968002319336,17620865
2018-02-26,37.04779815673828,37.24460983276367,36.89784240722656,37.09465789794922,15872265
2018-02-27,35.61387252807617,35.80131149291992,34.29240798950195,34.35801315307617,73836400
2018-02-28,34.582942962646484,34.75164031982422,33.50515365600586,33.93627166748047,74496340
2018-03-01,34.15182876586914,34.55482864379883,33.92689895629883,34.245548248291016,36830279
2018-03-02,33.973758697509766,34.28303527832031,33.79568862915039,34.19868850708008,30788178
2018-03-05,34.12371063232422,34.7703857421875,33.880035400390625,34.47047805786133,31219780
2018-03-06,34.75164031982422,34.76101303100586,34.10496520996094,34.55482864379883,21121478
2018-03-07,34.507965087890625,34.507965087890625,33.767574310302734,33.85192108154297,26820646
2018-03-08,34.08622360229492,34.68603515625,33.84254837036133,34.5641975402832,24659544
2018-03-09,34.67666244506836,34.8078727722168,34.20806121826172,34.798500061035156,25327806
2018-03-12,34.76101303100586,34.882850646972656,34.55482864379883,34.63917541503906,19150196
2018-03-13,34.66728973388672,34.779754638671875,33.945640563964844,34.1424560546875,21959607
2018-03-14,34.16120147705078,34.254920959472656,33.701969146728516,33.758201599121094,27856596
2018-03-15,33.73945617675781,34.029991149902344,33.64573669433594,33.880035400390625,23693269
2018-03-16,34.01124572753906,34.320526123046875,33.53327178955078,33.58013153076172,49729776
2018-03-19,33.36457443237305,33.617618560791016,32.68978500366211,33.083412170410156,36723366
2018-03-20,33.139644622802734,33.270851135253906,32.3805046081543,32.39925003051758,22293578
2018-03-21,32.3805046081543,32.94282913208008,32.28678512573242,32.32427215576172,23113994
2018-03-22,32.02436828613281,32.08060073852539,31.124649047851562,31.14339256286621,57534774
2018-03-23,31.537019729614258,31.611995697021484,31.068416595458984,31.087160110473633,46801928
2018-03-26,31.630739212036133,31.668228149414062,30.684160232543945,31.433927536010742,34408829
2018-03-27,31.537019729614258,31.75257682800293,30.693532943725586,30.9184627532959,33089057
2018-03-28,31.115276336669922,31.72446060180664,31.059043884277344,31.19025230407715,35111449
2018-03-29,31.358949661254883,32.35239028930664,31.23711395263672,32.02436828613281,34722954
2018-04-02,31.949390411376953,32.14620590209961,31.1715087890625,31.41518211364746,37968128
2018-04-03,31.321462631225586,31.44329833984375,30.85285758972168,31.368322372436523,31235892
2018-04-04,31.068416595458984,32.249298095703125,30.974695205688477,32.155574798583984,28169867
2018-04-05,32.39925003051758,32.62417984008789,32.19306564331055,32.427364349365234,25327806
2018-04-06,32.099342346191406,32.36176300048828,31.74320411682129,31.977506637573242,36044114
2018-04-09,32.230552673339844,32.38987731933594,31.79006576538086,31.81818199157715,18730865
2018-04-10,32.08060073852539,32.239925384521484,31.433927536010742,31.73383331298828,32583726
2018-04-11,31.48078727722168,31.930646896362305,31.433927536010742,31.45267105102539,23339878
2018-04-12,31.649484634399414,31.76194953918457,30.83411407470703,31.049671173095703,31422723
2018-04-13,31.15276527404785,31.349578857421875,30.805997848510742,30.946578979492188,26382109
2018-04-16,31.246484756469727,31.621368408203125,30.90909194946289,31.4245548248291,16290102
2018-04-17,31.630739212036133,31.72446060180664,30.974695205688477,31.18088150024414,35830394
2018-04-18,31.227741241455078,31.44329833984375,31.10590362548828,31.18088150024414,25142788
2018-04-19,31.1715087890625,31.640111923217773,30.993440628051758,31.37769317626953,22414256
2018-04-20,31.44329833984375,31.677600860595703,31.021556854248047,31.124649047851562,26965758
2018-04-23,31.15276527404785,31.79006576538086,31.087160110473633,31.74320411682129,22357064
2018-04-24,31.949390411376953,32.13683319091797,31.10590362548828,31.255857467651367,30854759
2018-04-25,31.096532821655273,32.596065521240234,30.974695205688477,32.10871505737305,42393617
2018-04-26,32.155574798583984,32.314903259277344,30.946578979492188,31.23711395263672,34735865
2018-04-27,30.993440628051758,31.030927658081055,29.803186416625977,29.812559127807617,55114605
2018-04-30,29.906278610229492,30.215557098388672,29.3720703125,29.41893196105957,40906219
2018-05-01,29.40955924987793,30.084348678588867,29.250234603881836,30.046859741210938,26797705
2018-05-02,29.98125648498535,29.99062728881836,29.222118377685547,29.334583282470703,21194995
2018-05-03,29.194002151489258,29.297094345092773,28.631677627563477,29.062793731689453,23233178
2018-05-04,29.044048309326172,30.03748893737793,29.015932083129883,29.953140258789062,22140250
2018-05-07,30.01874351501465,30.3748836517334,29.821931838989258,30.356138229370117,19905525
2018-05-08,29.568885803222656,30.00937271118164,28.603561401367188,28.669166564941406,56538943
2018-05-09,28.650421142578125,29.025304794311523,28.51921272277832,28.80037498474121,24333148
2018-05-10,28.80974769592285,29.65323257446289,28.772258758544922,29.578256607055664,26147582
2018-05-11,29.559513092041016,29.943767547607422,29.531396865844727,29.896907806396484,15657371
2018-05-14,29.887535095214844,30.224929809570312,29.812559127807617,30.121837615966797,20974873
2018-05-15,29.97188377380371,30.01874351501465,29.737581253051758,30.0,25597650
2018-05-16,30.112464904785156,30.6279296875,30.02811622619629,30.506092071533203,20454177
2018-05-17,30.60918426513672,30.777881622314453,30.34676742553711,30.3748836517334,24612809
2018-05-18,30.412370681762695,30.702905654907227,30.24367332458496,30.665416717529297,19277596
2018-05-21,30.712276458740234,30.82474136352539,30.178068161010742,30.30927848815918,19599083
2018-05-22,30.3748836517334,30.65604591369629,30.28116226196289,30.468603134155273,14486659
2018-05-23,29.850046157836914,30.215557098388672,29.803186416625977,29.878162384033203,29735369
2018-05-24,29.775070190429688,30.03748893737793,29.315839767456055,29.643861770629883,25645025
2018-05-25,29.606372833251953,30.0,29.597000122070312,29.75632667541504,14074050
2018-05-29,29.568885803222656,29.887535095214844,29.40955924987793,29.531396865844727,20362948
2018-05-30,29.69072151184082,29.7094669342041,29.35332679748535,29.503280639648438,18575083
2018-05-31,29.568885803222656,29.587629318237305,28.744142532348633,29.222118377685547,37837954
2018-06-01,29.3720703125,29.47516441345215,29.16588592529297,29.297094345092773,19455785
2018-06-04,29.334583282470703,29.531396865844727,29.194002151489258,29.325210571289062,20736505
2018-06-05,29.297094345092773,29.35332679748535,29.09090805053711,29.12839698791504,24455533
2018-06-06,29.17525863647461,30.449859619140625,29.015932083129883,30.24367332458496,35970171
2018-06-07,30.384254455566406,30.60918426513672,29.943767547607422,29.99062728881836,28184805
2018-06-08,29.97188377380371,30.168697357177734,29.840675354003906,30.065603256225586,23233925
2018-06-11,29.96251106262207,30.402999877929688,29.878162384033203,29.99062728881836,27699960
2018-06-12,29.934396743774414,30.57169532775879,29.831302642822266,30.34676742553711,35204918
2018-06-13,29.0815372467041,30.59981346130371,29.044048309326172,30.2905330657959,48900717
2018-06-14,30.787254333496094,31.921274185180664,30.712276458740234,31.69634437561035,45496347
2018-06-15,32.230552673339844,32.239925384521484,31.48078727722168,31.75257682800293,56698993
2018-06-18,31.668228149414062,31.668228149414062,30.515464782714844,30.534208297729492,31995275
2018-06-19,30.149953842163086,31.002811431884766,30.149953842163086,30.749765396118164,30963380
2018-06-20,31.255857467651367,31.602624893188477,30.30927848815918,31.293346405029297,53371553
2018-06-21,31.255857467651367,31.537019729614258,30.59981346130371,30.731021881103516,37479015
2018-06-22,30.92783546447754,32.00562286376953,30.843486785888672,31.686973571777344,112581411
2018-06-25,31.677600860595703,31.968135833740234,30.843486785888672,31.040300369262695,35278541
2018-06-26,31.218368530273438,31.218368530273438,30.61855697631836,30.721649169921875,33579877
2018-06-27,30.515464782714844,30.83411407470703,30.262418746948242,30.262418746948242,30774841
2018-06-28,30.402999877929688,30.64667320251465,30.065603256225586,30.58106803894043,26887760
2018-06-29,30.468603134155273,31.490158081054688,30.459230422973633,30.749765396118164,40499692
2018-07-02,30.402999877929688,31.134021759033203,30.384254455566406,31.087160110473633,18315055
2018-07-03,31.115276336669922,31.499530792236328,30.9184627532959,31.012184143066406,13509074
2018-07-05,31.283973693847656,31.302717208862305,30.843486785888672,31.040300369262695,12089430
2018-07-06,31.18088150024414,31.499530792236328,30.92783546447754,31.47141456604004,12314567
2018-07-09,31.658857345581055,31.677600860595703,31.16213607788086,31.45267105102539,14580448
2018-07-10,31.593252182006836,31.602624893188477,31.10590362548828,31.246484756469727,13191641
2018-07-11,31.012184143066406,32.03373718261719,30.955951690673828,31.649484634399414,35892920
2018-07-12,31.565135955810547,32.39925003051758,31.490158081054688,32.3805046081543,23873165
2018-07-13,32.239925384521484,32.94282913208008,32.239925384521484,32.521087646484375,26853509
2018-07-16,32.55857467651367,33.055294036865234,32.47422790527344,32.774131774902344,24474419
2018-07-17,32.530460357666016,32.727272033691406,32.06185531616211,32.11808776855469,22534933
2018-07-18,31.977506637573242,32.28678512573242,31.846298217773438,31.902530670166016,17256164
2018-07-19,32.93345642089844,33.074039459228516,32.55857467651367,32.717899322509766,44416329
2018-07-20,32.586692810058594,32.75539016723633,32.13683319091797,32.14620590209961,26223659
2018-07-23,32.01499557495117,32.14620590209961,31.69634437561035,32.02436828613281,23832619
2018-07-24,32.02436828613281,32.13683319091797,31.255857467651367,31.293346405029297,23255265
2018-07-25,31.293346405029297,31.41518211364746,30.749765396118164,31.321462631225586,23533539
2018-07-26,32.65229415893555,32.89596939086914,31.649484634399414,32.56794738769531,42992631
2018-07-27,32.65229415893555,33.37394714355469,32.57732009887695,32.877227783203125,24206922
2018-07-30,32.858482360839844,33.45829391479492,32.82099151611328,33.23336410522461,23349268
2018-07-31,33.411434173583984,33.82380676269531,33.30834197998047,33.53327178955078,23094468
2018-08-01,33.64573669433594,33.64573669433594,33.10215759277344,33.17713165283203,21506025
2018-08-02,32.96157455444336,32.98969268798828,32.446109771728516,32.4648551940918,20529400
2018-08-03,32.74601745605469,33.20524978637695,32.54920196533203,33.18650436401367,17590349
2018-08-06,33.355201721191406,33.5145263671875,33.074039459228516,33.10215759277344,12897042
2018-08-07,33.22399139404297,33.28959655761719,32.98031997680664,33.17713165283203,11685997
2018-08-08,33.24273681640625,33.26148223876953,32.69915771484375,32.8491096496582,13121646
2018-08-09,32.89596939086914,33.56138610839844,32.8491096496582,33.26148223876953,18270028
2018-08-10,33.045921325683594,33.12089920043945,32.75539016723633,32.877227783203125,12669238
2018-08-13,32.91471481323242,32.98031997680664,32.596065521240234,32.83973693847656,16976610
2018-08-14,32.89596939086914,33.26148223876953,32.83973693847656,33.16775894165039,11180986
2018-08-15,32.98969268798828,33.055294036865234,32.49296951293945,32.774131774902344,16397229
2018-08-16,32.8491096496582,33.598873138427734,32.811622619628906,33.420806884765625,17492932
2018-08-17,33.327083587646484,33.598873138427734,33.130271911621094,33.36457443237305,12888827
2018-08-20,33.45829391479492,33.48640823364258,33.083412170410156,33.20524978637695,10625079
2018-08-21,33.22399139404297,33.74882888793945,33.20524978637695,33.495784759521484,12171269
2018-08-22,33.45829391479492,33.495784759521484,33.22399139404297,33.25210952758789,8484571
2018-08-23,33.15838623046875,33.25210952758789,33.045921325683594,33.0927848815918,12257163
2018-08-24,33.149017333984375,34.47985076904297,33.10215759277344,34.20806121826172,26143527
2018-08-27,34.33926773071289,34.39550018310547,34.11433792114258,34.1424560546875,12759506
2018-08-28,34.35801315307617,34.39550018310547,33.92689895629883,34.06747817993164,11539818
2018-08-29,33.99250030517578,34.582942962646484,33.945640563964844,34.44236373901367,14318180
2018-08-30,34.254920959472656,34.39550018310547,34.12371063232422,34.37675857543945,11271361
2018-08-31,34.301780700683594,34.74226760864258,34.28303527832031,34.66728973388672,21782698
2018-09-04,34.44236373901367,34.53608322143555,33.93627166748047,34.09559631347656,20442440
2018-09-05,34.01124572753906,34.18931579589844,33.880035400390625,34.00187301635742,17926774
2018-09-06,34.236175537109375,34.236175537109375,33.4770393371582,33.66447830200195,19557043
2018-09-07,33.64573669433594,34.08622360229492,33.50515365600586,33.898780822753906,19372772
2018-09-10,34.11433792114258,34.217430114746094,34.00187301635742,34.07685089111328,15249884
2018-09-11,34.15182876586914,34.20806121826172,33.945640563964844,34.0206184387207,21981160
2018-09-12,33.93627166748047,34.0206184387207,33.430179595947266,33.82380676269531,22276186
2018-09-13,33.880035400390625,34.89221954345703,33.81443405151367,34.71415328979492,24534491
2018-09-14,34.81724548339844,34.873477935791016,34.41424560546875,34.63917541503906,16010015
2018-09-17,34.70478057861328,34.873477935791016,34.41424560546875,34.63917541503906,14210840
2018-09-18,34.779754638671875,35.501407623291016,34.657920837402344,35.37019729614258,25014641
2018-09-19,35.28584671020508,35.55763626098633,34.948455810546875,34.97657012939453,18621497
2018-09-20,35.24835968017578,35.60449981689453,34.789127349853516,35.4358024597168,21862723
2018-09-21,35.56700897216797,35.670101165771484,35.126522064208984,35.52014923095703,61495691
2018-09-24,33.692596435546875,33.99250030517578,32.56794738769531,33.3926887512207,72399578
2018-09-25,33.608245849609375,33.72071075439453,33.074039459228516,33.17713165283203,27244245
2018-09-26,33.36457443237305,33.65510940551758,33.083412170410156,33.149017333984375,21102059
2018-09-27,33.270851135253906,33.4770393371582,32.970947265625,33.0084342956543,18198005
2018-09-28,33.03655242919922,33.420806884765625,32.94282913208008,33.18650436401367,18465822
2018-10-01,33.29896926879883,33.402061462402344,32.792877197265625,33.28959655761719,21799557
2018-10-02,33.064666748046875,33.6363639831543,32.802249908447266,33.45829391479492,26713839
2018-10-03,33.53327178955078,33.626991271972656,32.811622619628906,32.98031997680664,30908536
2018-10-04,32.8491096496582,33.064666748046875,32.65229415893555,32.999061584472656,24667333
2018-10-05,32.98031997680664,33.01780700683594,32.249298095703125,32.38987731933594,21802865
2018-10-08,32.33364486694336,33.01780700683594,32.28678512573242,32.970947265625,20193402
2018-10-09,33.064666748046875,33.58013153076172,32.792877197265625,33.21461868286133,18573269
2018-10-10,33.149017333984375,33.411434173583984,32.08060073852539,32.12746047973633,27479518
2018-10-11,32.427364349365234,32.511714935302734,31.405811309814453,31.555763244628906,38715028
2018-10-12,31.911903381347656,32.60543441772461,31.76194953918457,32.446109771728516,33545733
2018-10-15,32.43674087524414,33.430179595947266,32.343017578125,32.8865966796875,24410079
2018-10-16,33.0084342956543,33.83317565917969,32.98969268798828,33.73945617675781,28043107
2018-10-17,33.85192108154297,34.36738586425781,33.54264450073242,34.11433792114258,21752502
2018-10-18,34.00187301635742,34.33926773071289,33.57075881958008,33.683223724365234,29775489
2018-10-19,33.85192108154297,34.217430114746094,33.53327178955078,33.72071075439453,26040455
2018-10-22,33.83317565917969,33.973758697509766,33.355201721191406,33.50515365600586,25930127
2018-10-23,33.18650436401367,33.54264450073242,32.8491096496582,33.411434173583984,21446913
2018-10-24,33.72071075439453,33.983131408691406,31.911903381347656,31.977506637573242,31983218
2018-10-25,33.626991271972656,34.00187301635742,32.8491096496582,33.58950424194336,36106853
2018-10-26,33.402061462402344,34.13308334350586,32.727272033691406,33.02717971801758,45278252
2018-10-29,33.66447830200195,34.226802825927734,33.19587707519531,33.73008346557617,34542525
2018-10-30,34.19868850708008,35.398311614990234,33.85192108154297,35.342079162597656,39063510
2018-10-31,35.57638168334961,36.22305679321289,34.97657012939453,35.745079040527344,30070194
2018-11-01,35.70759201049805,35.773197174072266,35.29521942138672,35.56700897216797,25391933
2018-11-02,35.698219299316406,35.829429626464844,34.68603515625,35.29521942138672,26241158
2018-11-05,35.55763626098633,35.94189453125,35.473289489746094,35.63261413574219,20038260
2018-11-06,35.71696472167969,35.79193878173828,35.17338180541992,35.36082458496094,21001654
2018-11-07,35.58575439453125,35.93252182006836,35.2764778137207,35.89503479003906,22995877
2018-11-08,36.07310104370117,36.15745162963867,35.52952194213867,35.89503479003906,15287122
2018-11-09,35.763824462890625,36.27928924560547,35.56700897216797,35.93252182006836,19013086
2018-11-12,35.84817123413086,36.15745162963867,35.210872650146484,35.61387252807617,18184027
2018-11-13,35.84817123413086,36.07310104370117,35.154640197753906,35.3514518737793,18746657
2018-11-14,35.62324142456055,36.25117111206055,35.398311614990234,35.88566207885742,25018589
2018-11-15,35.71696472167969,36.07310104370117,35.44517135620117,36.07310104370117,22163831
2018-11-16,36.27928924560547,36.47610092163086,35.90440368652344,36.16682434082031,22985741
2018-11-19,36.16682434082031,36.46672821044922,35.60449981689453,35.782569885253906,20556609
2018-11-20,35.763824462890625,36.06372833251953,34.311153411865234,34.45173263549805,31238132
2018-11-21,34.39550018310547,35.36082458496094,34.35801315307617,35.154640197753906,17632602
2018-11-23,34.92033767700195,35.342079162597656,34.864105224609375,35.04217529296875,6128741
2018-11-26,35.407684326171875,35.60449981689453,35.08903503417969,35.398311614990234,14173815
2018-11-27,35.25773239135742,36.035614013671875,35.25773239135742,35.951263427734375,14637640
2018-11-28,35.829429626464844,36.61668014526367,35.79193878173828,36.6073112487793,19009672
2018-11-29,36.26991653442383,37.16963577270508,36.21368408203125,36.944705963134766,17458467
2018-11-30,36.97282028198242,37.1134033203125,36.288658142089844,36.56045150756836,40626238
2018-12-03,36.63542556762695,36.76663589477539,36.25117111206055,36.69165802001953,24949341
2018-12-04,36.73851776123047,36.82286834716797,35.01405715942383,35.32333755493164,32221479
2018-12-06,34.96719741821289,35.53889465332031,34.657920837402344,35.501407623291016,29294592
2018-12-07,35.29521942138672,35.63261413574219,34.75164031982422,35.060916900634766,21985748
2018-12-10,35.18275451660156,35.23898696899414,34.40487289428711,35.00468444824219,17323172
2018-12-11,35.417057037353516,35.54826736450195,34.43299102783203,34.526710510253906,25922765
2018-12-12,34.96719741821289,35.135894775390625,34.517337799072266,34.657920837402344,25169570
2018-12-13,34.70478057861328,34.95782470703125,34.10496520996094,34.45173263549805,19640589
2018-12-14,34.10496520996094,34.53608322143555,33.90815353393555,34.05810546875,19362742
2018-12-17,34.10496520996094,34.54545593261719,33.73945617675781,33.93627166748047,22113895
2018-12-18,34.170570373535156,34.170570373535156,33.01780700683594,33.411434173583984,25277550
2018-12-19,33.57075881958008,34.2642936706543,32.75539016723633,32.98031997680664,34505500
2018-12-20,33.0084342956543,33.20524978637695,32.08060073852539,32.446109771728516,29054837
2018-12-21,32.49296951293945,33.73945617675781,31.555763244628906,31.630739212036133,42979187
2018-12-24,31.602624893188477,31.836925506591797,30.955951690673828,30.993440628051758,14288624
2018-12-26,31.1715087890625,32.02436828613281,30.56232452392578,31.99625015258789,24452652
2018-12-27,31.677600860595703,32.33364486694336,31.030927658081055,32.3055305480957,18626192
2018-12-28,32.67103958129883,33.139644622802734,32.03373718261719,32.19306564331055,17318797
2018-12-31,32.13683319091797,32.427364349365234,31.20899772644043,31.911903381347656,23061284
2019-01-02,31.387067794799805,32.28678512573242,31.321462631225586,32.21180725097656,18107417
2019-01-03,32.174320220947266,33.11152648925781,31.986879348754883,32.4648551940918,30676677
2019-01-04,32.83036422729492,33.58950424194336,32.67103958129883,33.56138610839844,24374335
2019-01-07,33.3926887512207,33.65510940551758,33.055294036865234,33.20524978637695,27934914
2019-01-08,33.420806884765625,33.6363639831543,33.139644622802734,33.4770393371582,21810227
2019-01-09,33.617618560791016,33.85192108154297,33.28022384643555,33.79568862915039,17120122
2019-01-10,33.65510940551758,33.73945617675781,33.270851135253906,33.57075881958008,17786463
2019-01-11,33.37394714355469,33.495784759521484,33.0927848815918,33.3926887512207,20445427
2019-01-14,33.18650436401367,33.73008346557617,33.130271911621094,33.52389907836914,17722230
2019-01-15,33.4770393371582,33.73945617675781,33.336456298828125,33.58013153076172,14351150
2019-01-16,33.74882888793945,34.039363861083984,33.626991271972656,33.64573669433594,22234680
2019-01-17,33.5520133972168,33.92689895629883,33.495784759521484,33.65510940551758,27162832
2019-01-18,33.86129379272461,34.00187301635742,33.29896926879883,33.93627166748047,24188890
2019-01-22,33.78631591796875,33.82380676269531,32.64292526245117,32.774131774902344,35051910
2019-01-23,33.82380676269531,35.070289611816406,33.701969146728516,34.573570251464844,39103736
2019-01-24,34.53608322143555,34.5641975402832,33.21461868286133,33.964385986328125,43146172
2019-01-25,34.329898834228516,34.517337799072266,33.327083587646484,33.53327178955078,26887867
2019-01-28,33.25210952758789,33.29896926879883,32.49296951293945,33.149017333984375,28229619
2019-01-29,33.15838623046875,34.048736572265625,33.15838623046875,33.81443405151367,20606224
2019-01-30,33.767574310302734,33.767574310302734,33.03655242919922,33.20524978637695,24193158
2019-01-31,33.626991271972656,34.498592376708984,33.52389907836914,34.27366256713867,33369892
2019-02-01,34.40487289428711,34.5641975402832,34.18931579589844,34.47985076904297,19966024
2019-02-04,34.43299102783203,34.55482864379883,33.99250030517578,34.46110534667969,24423950
2019-02-05,34.55482864379883,34.929710388183594,34.27366256713867,34.81724548339844,26011860
2019-02-06,34.8078727722168,34.948455810546875,34.47985076904297,34.83599090576172,21721239
2019-02-07,34.82661819458008,35.342079162597656,34.76101303100586,35.31396484375,24436754
2019-02-08,35.145267486572266,35.38894271850586,34.66728973388672,35.23898696899414,19281757
2019-02-11,35.33271026611328,35.37019729614258,34.582942962646484,34.67666244506836,15750414
2019-02-12,34.96719741821289,35.09840774536133,34.71415328979492,34.90159225463867,15606369
2019-02-13,34.90159225463867,35.09840774536133,34.47985076904297,34.70478057861328,15286269
2019-02-14,34.63917541503906,35.10778045654297,34.44236373901367,34.92033767700195,17080963
2019-02-15,35.23898696899414,35.407684326171875,34.81724548339844,35.398311614990234,16940866
2019-02-19,35.37957000732422,35.55763626098633,35.126522064208984,35.1921272277832,13714685
2019-02-20,35.33271026611328,35.53889465332031,35.17338180541992,35.417057037353516,15973417
2019-02-21,35.24835968017578,36.054359436035156,35.08903503417969,36.054359436035156,23561707
2019-02-22,36.06372833251953,36.307403564453125,35.99812698364258,36.18556594848633,21742152
2019-02-25,36.232425689697266,36.3636360168457,35.90440368652344,36.14807891845703,17298204
2019-02-26,36.20431137084961,36.41986846923828,35.99812698364258,36.3636360168457,19342256
2019-02-27,36.21368408203125,36.288658142089844,35.9793815612793,36.110591888427734,18709738
2019-02-28,36.12933349609375,36.45735549926758,36.101219177246094,36.241798400878906,19542425
2019-03-01,36.41049575805664,37.029052734375,36.382381439208984,36.644798278808594,25733052
2019-03-04,36.78538131713867,37.16026306152344,35.970008850097656,36.298030853271484,17040417
2019-03-05,36.35426330566406,36.54170608520508,36.12933349609375,36.288658142089844,15947382
2019-03-06,36.43861389160156,36.504215240478516,36.035614013671875,36.18556594848633,11792377
2019-03-07,36.14807891845703,36.232425689697266,35.745079040527344,35.970008850097656,15126539
2019-03-08,35.8200569152832,36.06372833251953,35.51077651977539,35.79193878173828,14567644
2019-03-11,35.84817123413086,36.77600860595703,35.70759201049805,36.71040344238281,27372711
2019-03-12,36.70103073120117,37.23523712158203,36.5229606628418,37.01030731201172,22808299
2019-03-13,37.197750091552734,37.35707473754883,36.89784240722656,37.07591247558594,22994277
2019-03-14,36.9915657043457,37.44142532348633,36.89784240722656,37.36644744873047,17677629
2019-03-15,37.403934478759766,37.97563171386719,37.05717086791992,37.92877197265625,71406521
2019-03-18,37.70384216308594,37.91002655029297,37.37582015991211,37.413307189941406,23260280
2019-03-19,37.469539642333984,37.816307067871094,37.207122802734375,37.282100677490234,17911729
2019-03-20,37.26335525512695,37.30084228515625,36.45735549926758,36.9915657043457,24901539
2019-03-21,36.97282028198242,37.64760971069336,36.78538131713867,37.5351448059082,18868828
2019-03-22,37.43205261230469,37.46017074584961,36.87910079956055,36.98219299316406,18171117
2019-03-25,37.000938415527344,37.03842544555664,36.49484634399414,36.71977615356445,16905655
2019-03-26,36.925960540771484,37.225868225097656,36.74789047241211,37.141517639160156,11937916
2019-03-27,37.188377380371094,37.85379409790039,37.188377380371094,37.685096740722656,19490462
2019-03-28,37.685096740722656,37.956886291503906,37.60074996948242,37.88191223144531,11154845
2019-03-29,37.67572784423828,37.80693435668945,37.10403060913086,37.469539642333984,22551792
2019-04-01,37.80693435668945,37.85379409790039,37.46017074584961,37.7788200378418,15285842
2019-04-02,37.64760971069336,37.85379409790039,37.31021499633789,37.50703048706055,15191092
2019-04-03,37.769447326660156,38.031864166259766,37.46017074584961,37.741329193115234,22449893
2019-04-04,37.78819274902344,38.06935119628906,37.60074996948242,37.87253952026367,13118552
2019-04-05,37.89128494262695,38.00374984741211,37.7788200378418,37.88191223144531,22557447
2019-04-08,37.816307067871094,38.19118881225586,37.64760971069336,38.15370178222656,13302502
2019-04-09,38.14432907104492,38.55670166015625,38.022491455078125,38.46297836303711,15951223
2019-04-10,38.59418869018555,38.69728088378906,38.21930694580078,38.50046920776367,14271338
2019-04-11,38.53795623779297,38.55670166015625,38.284912109375,38.46297836303711,9869110
2019-04-12,38.49109649658203,38.734771728515625,38.378631591796875,38.7066535949707,12309339
2019-04-15,38.725399017333984,39.17525863647461,38.669166564941406,39.15651321411133,13581950
2019-04-16,39.212745666503906,39.531394958496094,38.90346908569336,39.3345832824707,10727191
2019-04-17,39.4939079284668,39.9625129699707,39.259605407714844,39.896907806396484,16366393
2019-04-18,40.05623245239258,40.14057922363281,39.40018844604492,39.76569747924805,14894573
2019-04-22,39.60637283325195,39.74695587158203,39.23149108886719,39.36269760131836,10861633
2019-04-23,39.3345832824707,39.540767669677734,39.09090805053711,39.353328704833984,18100161
2019-04-24,39.39081573486328,39.59700012207031,39.11902618408203,39.22211837768555,27223545
2019-04-25,39.78444290161133,41.059043884277344,39.46579360961914,40.23430252075195,29588444
2019-04-26,41.1715087890625,41.199623107910156,40.178070068359375,40.374881744384766,17637937
2019-04-29,40.459232330322266,40.76850891113281,40.21555709838867,40.721649169921875,12625278
2019-04-30,40.82474136352539,40.91846466064453,40.33739471435547,40.796627044677734,16755101
2019-05-01,40.7497673034668,41.0496711730957,40.5810661315918,40.69353485107422,15287443
2019-05-02,40.59981155395508,40.6654167175293,39.70009231567383,39.971885681152344,19260524
2019-05-03,40.27178955078125,40.77788162231445,40.05623245239258,40.57169723510742,13605317
2019-05-06,40.0843505859375,40.68416213989258,40.01874542236328,40.5810661315918,14199103
2019-05-07,40.29990768432617,40.40299987792969,39.70946502685547,40.07497787475586,16544048
2019-05-08,40.04685974121094,40.26241683959961,39.70009231567383,39.8781623840332,13953052
2019-05-09,39.63448715209961,40.28116226196289,39.51265335083008,40.22492980957031,14537235
2019-05-10,40.01874542236328,40.5060920715332,39.568885803222656,40.440486907958984,13797911
2019-05-13,39.896907806396484,40.35614013671875,39.4939079284668,39.625118255615234,18254983
2019-05-14,39.615745544433594,40.6654167175293,39.615745544433594,40.21555709838867,17704304
2019-05-15,40.06560516357422,40.22492980957031,39.50328063964844,39.821929931640625,39765383
2019-05-16,39.896907806396484,40.5810661315918,39.74695587158203,40.47797775268555,18772478
2019-05-17,40.35614013671875,41.059043884277344,40.31864929199219,40.805999755859375,14848265
2019-05-20,40.656044006347656,40.656044006347656,39.74695587158203,40.093719482421875,15038405
2019-05-21,40.35614013671875,40.59043884277344,40.0,40.57169723510742,17586401
2019-05-22,40.5435791015625,40.76850891113281,40.374881744384766,40.5810661315918,12765908
2019-05-23,40.29990768432617,40.440486907958984,39.831302642822266,40.04685974121094,15743585
2019-05-24,40.1218376159668,40.35614013671875,39.95314025878906,39.99062728881836,9989041
2019-05-28,40.159324645996094,40.32802200317383,39.76569747924805,39.80318832397461,16244648
2019-05-29,39.58762741088867,39.70946502685547,39.12839889526367,39.287723541259766,17626840
2019-05-30,39.5782585144043,39.58762741088867,38.81911849975586,39.11902618408203,24182381
2019-05-31,38.7910041809082,38.87535095214844,38.20993423461914,38.42549133300781,23596065
2019-06-03,38.453609466552734,38.669166564941406,38.125587463378906,38.388004302978516,23693589
2019-06-04,38.84723663330078,39.24086380004883,38.659793853759766,38.800376892089844,23387040
2019-06-05,39.13776779174805,39.16588592529297,38.63167953491211,38.7066535949707,25955095
2019-06-06,38.67853927612305,38.744140625,38.24742126464844,38.56607437133789,25605546
2019-06-07,38.75351333618164,38.97844314575195,38.51921463012695,38.87535095214844,34450869
2019-06-10,38.87535095214844,39.015933990478516,38.53795623779297,38.69728088378906,17906074
2019-06-11,38.95970153808594,39.18463134765625,38.453609466552734,38.63167953491211,18027712
2019-06-12,38.69728088378906,39.16588592529297,38.659793853759766,38.84723663330078,26391071
2019-06-13,38.856605529785156,39.10965347290039,38.77225875854492,39.072166442871094,27907278
2019-06-14,39.3345832824707,39.831302642822266,39.08153533935547,39.65323257446289,22346928
2019-06-17,39.68135070800781,40.093719482421875,39.44704818725586,39.887535095214844,15537654
2019-06-18,40.28116226196289,40.87160110473633,40.25304412841797,40.53420639038086,23272657
2019-06-19,40.5060920715332,41.012184143066406,40.36551284790039,40.431114196777344,15859568
2019-06-20,40.89971923828125,41.02155685424805,40.59043884277344,40.93720626831055,19383122
2019-06-21,40.702903747558594,41.03092956542969,40.56232452392578,40.82474136352539,26333027
2019-06-24,40.81536865234375,41.10590362548828,40.702903747558594,40.86223220825195,13543751
2019-06-25,40.787254333496094,40.82474136352539,40.00937271118164,40.06560516357422,20936887
2019-06-26,39.98125457763672,40.159324645996094,39.30646514892578,39.46579360961914,18926019
2019-06-27,39.63448715209961,39.66260528564453,38.80974578857422,39.36269760131836,20282923
2019-06-28,39.52202224731445,39.65323257446289,39.23149108886719,39.625118255615234,53283739
2019-07-01,39.971885681152344,40.29990768432617,39.68135070800781,40.028114318847656,20838830
2019-07-02,39.896907806396484,40.19681167602539,39.79381561279297,40.19681167602539,16000839
2019-07-03,40.29990768432617,40.61855697631836,40.25304412841797,40.59981155395508,8967388
2019-07-05,40.440486907958984,40.6279296875,40.178070068359375,40.56232452392578,12386590
2019-07-08,40.468605041503906,40.5060920715332,39.896907806396484,39.95314025878906,15796402
2019-07-09,39.887535095214844,40.431114196777344,39.70009231567383,40.28116226196289,16927955
2019-07-10,41.274600982666016,41.36832046508789,40.53420639038086,41.04029846191406,23664353
2019-07-11,41.059043884277344,41.358951568603516,41.002811431884766,41.31209182739258,16206770
2019-07-12,41.30271911621094,42.183692932128906,41.199623107910156,41.8369255065918,19287839
2019-07-15,42.05248260498047,42.05248260498047,41.686973571777344,41.911903381347656,17034548
2019-07-16,42.01499557495117,42.41799545288086,41.958763122558594,42.258670806884766,18638890
2019-07-17,42.20243835449219,42.2211799621582,41.56513595581055,41.640113830566406,17806309
2019-07-18,41.47141647338867,41.78069305419922,41.32146072387695,41.76194763183594,13295780
2019-07-19,41.94001770019531,41.94939041137695,41.255859375,41.2933464050293,19602924
2019-07-22,41.340206146240234,41.36832046508789,40.89971923828125,41.09653091430664,18312708
2019-07-23,41.24648666381836,41.630741119384766,41.19025421142578,41.53702163696289,17723937
2019-07-24,41.52764892578125,42.06185531616211,41.45267105102539,42.05248260498047,18824441
2019-07-25,41.52764892578125,42.455482482910156,41.059043884277344,41.80881118774414,27378366
2019-07-26,41.255859375,42.249298095703125,41.255859375,41.827552795410156,18139320
2019-07-29,41.893157958984375,41.902530670166016,41.349578857421875,41.45267105102539,10500027
2019-07-30,41.274600982666016,41.48078536987305,40.974693298339844,41.31209182739258,11028192
2019-07-31,41.0496711730957,41.143394470214844,40.01874542236328,40.459232330322266,19749316
2019-08-01,40.47797775268555,41.087158203125,40.093719482421875,40.187442779541016,18588100
2019-08-02,40.06560516357422,40.22492980957031,39.550140380859375,39.971885681152344,22235747
2019-08-05,39.4939079284668,39.550140380859375,38.54732894897461,38.997188568115234,25201153
2019-08-06,39.072166442871094,39.540767669677734,38.7066535949707,39.42830276489258,19668438
2019-08-07,38.7066535949707,39.212745666503906,38.1630744934082,39.10965347290039,24193905
2019-08-08,39.3345832824707,40.187442779541016,39.268978118896484,39.98125457763672,15029015
2019-08-09,39.95314025878906,40.440486907958984,39.71883773803711,40.23430252075195,16839607
2019-08-12,40.04685974121094,40.0843505859375,39.550140380859375,39.79381561279297,17009581
2019-08-13,39.86878967285156,41.274600982666016,39.79381561279297,40.731021881103516,22904009
2019-08-14,40.75913619995117,40.75913619995117,39.540767669677734,39.70946502685547,19546800
2019-08-15,39.78444290161133,40.187442779541016,39.40956115722656,39.69072341918945,15338552
2019-08-16,40.093719482421875,40.59981155395508,39.840675354003906,40.468605041503906,14993591
2019-08-19,40.89034652709961,41.36832046508789,40.87160110473633,41.23711395263672,14840370
2019-08-20,41.12464904785156,41.66822814941406,40.94657897949219,41.18088150024414,16813893
2019-08-21,41.012184143066406,41.38706588745117,40.7497673034668,41.340206146240234,12088470
2019-08-22,41.45267105102539,41.621368408203125,40.88097381591797,41.02155685424805,10627854
2019-08-23,40.76850891113281,41.087158203125,39.615745544433594,39.76569747924805,19415879
2019-08-26,40.05623245239258,40.77788162231445,39.8781623840332,40.6279296875,13881243
2019-08-27,41.143394470214844,41.16213607788086,40.69353485107422,40.86223220825195,13346036
2019-08-28,40.67478942871094,41.143394470214844,40.49671936035156,41.02155685424805,12549094
2019-08-29,41.37769317626953,41.70571517944336,41.19025421142578,41.39643859863281,12099247
2019-08-30,41.696346282958984,41.84629821777344,41.265228271484375,41.48078536987305,16521962
2019-09-03,41.1340217590332,41.31209182739258,40.796627044677734,41.12464904785156,13563704
2019-09-04,41.53702163696289,42.83973693847656,41.44329833984375,42.66166687011719,27951132
2019-09-05,43.5145263671875,43.692596435546875,43.10215759277344,43.495784759521484,23554665
2019-09-06,43.5145263671875,43.683223724365234,43.29896926879883,43.43954849243164,13979621
2019-09-09,43.72071075439453,43.758201599121094,43.24273681640625,43.50515365600586,17480768
2019-09-10,43.28959655761719,43.64573669433594,43.12089920043945,43.53327178955078,18743669
2019-09-11,43.37394714355469,43.64573669433594,43.19587707519531,43.48640823364258,13736985
2019-09-12,43.85192108154297,44.301780700683594,43.58013153076172,44.0206184387207,19910220
2019-09-13,44.01124572753906,44.19868850708008,43.85192108154297,43.93627166748047,12518791
2019-09-16,43.327083587646484,43.692596435546875,42.91471481323242,43.36457443237305,14491674
2019-09-17,43.22399139404297,43.77694320678711,42.999061584472656,43.73945617675781,10557752
2019-09-18,44.029991149902344,44.09559631347656,43.54264450073242,43.99250030517578,13867692
2019-09-19,44.08622360229492,44.19868850708008,43.64573669433594,43.74882888793945,11204780
2019-09-20,43.73945617675781,43.880035400390625,43.28022384643555,43.44892120361328,29078418
2019-09-23,43.270851135253906,43.58950424194336,43.26148223876953,43.31771469116211,14338880
2019-09-24,43.692596435546875,43.72071075439453,42.596065521240234,42.83973693847656,22120084
2019-09-25,42.91471481323242,43.0927848815918,42.47422790527344,42.95220184326172,23611110
2019-09-26,42.75539016723633,42.92408752441406,41.47141647338867,42.08060073852539,23704792
2019-09-27,42.32427215576172,42.455482482910156,41.546390533447266,41.99625015258789,16010655
2019-09-30,42.174320220947266,42.3805046081543,41.958763122558594,42.249298095703125,14823724
2019-10-01,42.343017578125,42.83973693847656,41.686973571777344,41.72446060180664,16194713
2019-10-02,41.602622985839844,41.827552795410156,41.2089958190918,41.283973693847656,18347812
2019-10-03,41.30271911621094,41.39643859863281,40.87160110473633,41.2933464050293,12105115
2019-10-04,41.546390533447266,42.19306564331055,41.50890350341797,41.902530670166016,15898513
2019-10-07,41.602622985839844,42.13683319091797,41.546390533447266,41.79006576538086,13007584
2019-10-08,41.94001770019531,41.94001770019531,40.89971923828125,41.340206146240234,15196001
2019-10-09,41.696346282958984,41.72446060180664,41.283973693847656,41.5932502746582,11139267
2019-10-10,41.611995697021484,42.02436828613281,41.51827621459961,41.70571517944336,9993949
2019-10-11,42.02436828613281,43.055294036865234,41.827552795410156,42.68978500366211,24500241
2019-10-14,42.521087646484375,42.68041229248047,42.230552673339844,42.38987731933594,10782142
2019-10-15,42.4648551940918,42.94282913208008,42.26803970336914,42.802249908447266,9630955
2019-10-16,42.69915771484375,42.93345642089844,42.4648551940918,42.73664474487305,16007454
2019-10-17,42.95220184326172,43.074039459228516,42.65229415893555,43.045921325683594,9732214
2019-10-18,43.16775894165039,43.20524978637695,42.56794738769531,42.70853042602539,14462011
2019-10-21,43.0084342956543,43.31771469116211,42.93345642089844,43.18650436401367,11360242
2019-10-22,43.0084342956543,43.15838623046875,42.83036422729492,42.89596939086914,12726002
2019-10-23,43.12089920043945,43.28959655761719,42.61480712890625,42.8491096496582,24923733
2019-10-24,44.245548248291016,44.27366256713867,41.70571517944336,42.02436828613281,20239710
2019-10-25,42.343017578125,42.90534210205078,42.10871505737305,42.783504486083984,16279006
2019-10-28,42.53982925415039,43.15838623046875,41.75257873535156,42.586692810058594,15817208
2019-10-29,42.35239028930664,42.783504486083984,42.28678512573242,42.502342224121094,13513022
2019-10-30,42.502342224121094,42.57732009887695,41.66822814941406,41.883785247802734,15410788
2019-10-31,41.94001770019531,42.03373718261719,41.1340217590332,42.00562286376953,25141828
2019-11-01,42.35239028930664,42.37113571166992,41.715087890625,41.94001770019531,17407145
2019-11-04,42.27741241455078,42.3805046081543,41.002811431884766,41.1340217590332,22328469
2019-11-05,41.199623107910156,41.686973571777344,40.927833557128906,41.49953079223633,17062717
2019-11-06,41.53702163696289,41.56513595581055,40.796627044677734,41.44329833984375,21262536
2019-11-07,41.686973571777344,42.183692932128906,41.49015808105469,41.893157958984375,16679984
2019-11-08,41.874412536621094,42.36176300048828,41.640113830566406,42.35239028930664,14662394
2019-11-11,42.06185531616211,42.73664474487305,42.06185531616211,42.40862274169922,11917857
2019-11-12,42.343017578125,42.4648551940918,42.12746047973633,42.38987731933594,12991045
2019-11-13,42.2211799621582,42.69915771484375,42.14620590209961,42.36176300048828,12141606
2019-11-14,42.3055305480957,42.70853042602539,42.21180725097656,42.596065521240234,12125281
2019-11-15,42.792877197265625,42.802249908447266,41.640113830566406,41.76194763183594,24731566
2019-11-18,41.52764892578125,41.81818389892578,41.31209182739258,41.80881118774414,17349527
2019-11-19,41.94939041137695,42.08997344970703,41.79006576538086,41.99625015258789,17572636
2019-11-20,41.602622985839844,41.827552795410156,41.12464904785156,41.44329833984375,16261293
2019-11-21,41.50890350341797,41.65885543823242,41.03092956542969,41.57450866699219,17341738
2019-11-22,41.73383331298828,42.08060073852539,41.50890350341797,41.98687744140625,15052596
2019-11-25,42.01499557495117,42.08060073852539,40.56232452392578,40.6279296875,27949105
2019-11-26,40.740394592285156,41.09653091430664,40.53420639038086,40.81536865234375,41246486
2019-11-27,41.09653091430664,41.78069305419922,40.91846466064453,41.630741119384766,21794755
2019-11-29,41.7994384765625,41.7994384765625,41.274600982666016,41.37769317626953,9047413
2019-12-02,41.611995697021484,41.611995697021484,40.82474136352539,40.89034652709961,17912156
2019-12-03,40.6279296875,40.984066009521484,40.374881744384766,40.90909194946289,23293464
2019-12-04,40.95595169067383,40.993438720703125,40.6279296875,40.77788162231445,18003064
2019-12-05,40.7497673034668,41.32146072387695,40.5435791015625,41.274600982666016,24081230
2019-12-06,41.57450866699219,41.630741119384766,41.24648666381836,41.46204376220703,15650436
2019-12-09,41.48078536987305,42.258670806884766,40.993438720703125,41.1340217590332,22981900
2019-12-10,40.984066009521484,41.0496711730957,40.028114318847656,40.0843505859375,32198219
2019-12-11,40.103092193603516,40.159324645996094,39.3720703125,39.42830276489258,40131150
2019-12-12,39.540767669677734,40.48734664916992,39.52202224731445,40.30927658081055,38404104
2019-12-13,40.14995193481445,41.0496711730957,40.04685974121094,40.84348678588867,30917285
2019-12-16,41.1340217590332,41.31209182739258,40.59981155395508,40.796627044677734,25137240
2019-12-17,41.1340217590332,41.1340217590332,40.55295181274414,40.6654167175293,19998248
2019-12-18,40.721649169921875,41.12464904785156,40.431114196777344,40.47797775268555,28867578
2019-12-19,40.55295181274414,40.90909194946289,40.32802200317383,40.89971923828125,22111654
2019-12-20,40.993438720703125,41.415184020996094,40.515464782714844,41.32146072387695,44189272
2019-12-23,41.31209182739258,41.47141647338867,41.19025421142578,41.330833435058594,24124123
2019-12-24,41.330833435058594,41.893157958984375,41.330833435058594,41.73383331298828,6940515
2019-12-26,41.9212760925293,42.174320220947266,41.77132034301758,42.14620590209961,12824913
2019-12-27,42.26803970336914,42.3805046081543,42.043113708496094,42.26803970336914,13094331
2019-12-30,42.26803970336914,42.49296951293945,42.11808776855469,42.343017578125,13760992
2019-12-31,42.28678512573242,42.343017578125,41.958763122558594,42.14620590209961,14811774
2020-01-02,42.511714935302734,42.54920196533203,42.10871505737305,42.521087646484375,21521924
2020-01-03,42.01499557495117,42.3805046081543,41.77132034301758,42.183692932128906,21869659
2020-01-06,41.85567092895508,42.05248260498047,41.75257873535156,41.86504364013672,18809289
2020-01-07,41.47141647338867,42.183692932128906,41.44329833984375,42.10871505737305,26209468
2020-01-08,42.11808776855469,42.70853042602539,41.94939041137695,42.53982925415039,19309926
2020-01-09,42.53982925415039,42.74601745605469,42.343017578125,42.65229415893555,15146492
2020-01-10,42.76476287841797,42.76476287841797,42.10871505737305,42.155574798583984,16961245
2020-01-13,42.099342346191406,42.98969268798828,42.08060073852539,42.92408752441406,23249183
2020-01-14,42.70853042602539,43.31771469116211,42.64292526245117,43.139644622802734,17831597
2020-01-15,43.16775894165039,43.626991271972656,43.12089920043945,43.37394714355469,16446205
2020-01-16,43.52389907836914,43.973758697509766,43.402061462402344,43.92689895629883,26060835
2020-01-17,44.68603515625,44.74226760864258,44.15182876586914,44.517337799072266,29520796
2020-01-21,44.498592376708984,44.498592376708984,43.85192108154297,44.329898834228516,20424087
2020-01-22,44.517337799072266,44.70478057861328,44.301780700683594,44.46110534667969,19474457
2020-01-23,43.617618560791016,44.029991149902344,42.65229415893555,42.783504486083984,40282451
2020-01-24,42.08060073852539,42.230552673339844,41.43392562866211,41.79006576538086,41857663
2020-01-27,41.1715087890625,41.94001770019531,41.0496711730957,41.23711395263672,25660070
2020-01-28,41.30271911621094,41.630741119384766,41.059043884277344,41.274600982666016,16939372
2020-01-29,41.48078536987305,41.48078536987305,40.440486907958984,40.59981155395508,23381384
2020-01-30,40.178070068359375,41.415184020996094,40.01874542236328,41.36832046508789,26787142
2020-01-31,41.349578857421875,41.36832046508789,40.29990768432617,40.47797775268555,25616856
2020-02-03,40.82474136352539,40.90909194946289,39.94376754760742,39.98125457763672,28151301
2020-02-04,40.76850891113281,41.72446060180664,40.656044006347656,41.49953079223633,30028794
2020-02-05,41.84629821777344,42.3055305480957,41.686973571777344,41.79006576538086,21694351
2020-02-06,41.94939041137695,42.230552673339844,41.50890350341797,41.7994384765625,16242301
2020-02-07,41.72446060180664,42.03373718261719,41.49015808105469,41.93064880371094,15049181
2020-02-10,41.8369255065918,41.9212760925293,41.48078536987305,41.85567092895508,16022179
2020-02-11,42.00562286376953,42.03373718261719,41.57450866699219,41.977508544921875,11817772
2020-02-12,42.155574798583984,43.24273681640625,42.08997344970703,43.130271911621094,25221746
2020-02-13,43.01780700683594,43.43954849243164,42.82099151611328,43.17713165283203,19113278
2020-02-14,43.18650436401367,43.28022384643555,42.877227783203125,43.19587707519531,16997950
2020-02-18,43.24273681640625,43.4770393371582,42.93345642089844,43.25210952758789,14612032
2020-02-19,43.31771469116211,43.355201721191406,42.98031997680664,43.083412170410156,15806965
2020-02-20,42.92408752441406,43.25210952758789,42.64292526245117,43.130271911621094,12844333
2020-02-21,42.8865966796875,43.50515365600586,42.792877197265625,42.94282913208008,22658172
2020-02-24,42.28678512573242,43.12089920043945,41.6776008605957,41.7994384765625,23176094
2020-02-25,41.94001770019531,42.07122802734375,40.32802200317383,40.459232330322266,23944120
2020-02-26,41.40581130981445,41.40581130981445,39.540767669677734,39.568885803222656,32571242
2020-02-27,39.23149108886719,39.92502212524414,38.41611862182617,38.47235107421875,38516673
2020-02-28,37.488285064697266,38.4067497253418,36.5229606628418,37.89128494262695,66353209
2020-03-02,37.80693435668945,39.85942077636719,36.925960540771484,39.85004806518555,42687362
2020-03-03,39.42830276489258,40.721649169921875,38.51921463012695,38.83786392211914,46151378
2020-03-04,39.3345832824707,39.887535095214844,38.89409637451172,39.831302642822266,26671692
2020-03-05,38.81911849975586,39.15651321411133,37.88191223144531,38.20993423461914,26978668
2020-03-06,36.46672821044922,38.05060958862305,36.391754150390625,37.835052490234375,33399341
2020-03-09,35.773197174072266,36.4479866027832,34.81724548339844,35.501407623291016,50070255
2020-03-10,36.21368408203125,36.69165802001953,34.36738586425781,36.644798278808594,51988828
2020-03-11,35.426429748535156,36.07310104370117,35.03280258178711,35.52952194213867,41469062
2020-03-12,33.345829010009766,35.473289489746094,32.27741241455078,32.74601745605469,67492552
2020-03-13,33.955013275146484,37.225868225097656,32.314903259277344,36.860355377197266,70681708
2020-03-16,32.4648551940918,36.54170608520508,32.33364486694336,33.77694320678711,44265242
2020-03-17,34.28303527832031,35.94189453125,33.93627166748047,35.8200569152832,41543538
2020-03-18,33.955013275146484,34.44236373901367,31.18088150024414,33.43954849243164,45383138
2020-03-19,33.402061462402344,36.84161376953125,32.427364349365234,33.683223724365234,39298037
2020-03-20,33.82380676269531,33.82380676269531,30.59044075012207,31.27460289001465,50478703
2020-03-23,31.087160110473633,32.49296951293945,29.71883773803711,32.02436828613281,41187160
2020-03-24,33.149017333984375,33.149017333984375,31.4245548248291,32.4648551940918,49607818
2020-03-25,31.658857345581055,32.38987731933594,29.784442901611328,31.46204376220703,61708985
2020-03-26,31.10590362548828,34.96719741821289,30.984067916870117,34.43299102783203,40897577
2020-03-27,33.355201721191406,33.54264450073242,32.249298095703125,32.39925003051758,29780397
2020-03-30,32.55857467651367,33.3926887512207,32.3805046081543,33.26148223876953,33504013
2020-03-31,32.64292526245117,33.53327178955078,32.099342346191406,32.2211799621582,29647982
2020-04-01,31.077787399291992,31.640111923217773,30.03748893737793,30.384254455566406,27845712
2020-04-02,30.084348678588867,32.3055305480957,30.046859741210938,32.21180725097656,26337721
2020-04-03,31.958763122558594,32.4648551940918,31.312089920043945,31.81818199157715,20606224
2020-04-06,33.149017333984375,34.11433792114258,32.8865966796875,33.955013275146484,33699274
2020-04-07,34.62980270385742,35.58575439453125,34.42361831665039,34.62042999267578,28146393
2020-04-08,34.89221954345703,35.52952194213867,34.45173263549805,35.31396484375,28299508
2020-04-09,35.135894775390625,35.66073226928711,34.48922348022461,35.61387252807617,30533059
2020-04-13,35.09840774536133,35.51077651977539,34.28303527832031,34.854732513427734,21593306
2020-04-14,35.201499938964844,36.21368408203125,34.89221954345703,36.101219177246094,23264121
2020-04-15,35.407684326171875,35.66073226928711,34.44236373901367,34.82661819458008,21111982
2020-04-16,35.17338180541992,35.63261413574219,34.35801315307617,35.45454406738281,22379045
2020-04-17,36.12933349609375,36.27928924560547,35.31396484375,35.688846588134766,30661952
2020-04-20,35.31396484375,35.8200569152832,34.789127349853516,34.873477935791016,19680282
2020-04-21,34.44236373901367,34.47985076904297,33.29896926879883,33.46766662597656,24545802
2020-04-22,33.955013275146484,34.06747817993164,33.43954849243164,33.48640823364258,21465159
2020-04-23,33.58013153076172,34.226802825927734,33.5520133972168,33.82380676269531,22614211
2020-04-24,33.880035400390625,34.882850646972656,33.880035400390625,34.82661819458008,20473596
2020-04-27,35.210872650146484,35.94189453125,35.051544189453125,35.81068420410156,23234565
2020-04-28,36.20431137084961,36.61668014526367,35.52952194213867,35.688846588134766,17027933
2020-04-29,36.382381439208984,36.663543701171875,35.94189453125,36.55107879638672,20390583
2020-04-30,34.217430114746094,35.64198684692383,33.74882888793945,35.26710510253906,35437738
2020-05-01,34.8078727722168,35.154640197753906,34.47047805786133,34.657920837402344,21288357
2020-05-04,34.81724548339844,34.864105224609375,33.66447830200195,33.945640563964844,26574702
2020-05-05,34.10496520996094,34.19868850708008,33.73008346557617,33.78631591796875,20042635
2020-05-06,33.945640563964844,33.983131408691406,32.89596939086914,32.93345642089844,21502077
2020-05-07,33.345829010009766,33.626991271972656,33.149017333984375,33.345829010009766,18632381
2020-05-08,33.973758697509766,34.34864044189453,33.73945617675781,34.236175537109375,13848593
2020-05-11,33.983131408691406,34.0206184387207,33.30834197998047,33.889408111572266,23215893
2020-05-12,33.80506134033203,33.955013275146484,33.12089920043945,33.130271911621094,18280911
2020-05-13,32.96157455444336,33.083412170410156,32.258670806884766,32.774131774902344,32968486
2020-05-14,32.596065521240234,33.58950424194336,32.02436828613281,33.5145263671875,25965338
2020-05-15,33.0927848815918,33.72071075439453,32.66166687011719,33.66447830200195,33686897
2020-05-18,34.62042999267578,35.94189453125,34.517337799072266,35.698219299316406,26490836
2020-05-19,35.45454406738281,36.232425689697266,34.98594284057617,35.81068420410156,29623334
2020-05-20,36.18556594848633,36.77600860595703,36.08247375488281,36.71040344238281,24672775
2020-05-21,36.401126861572266,36.729148864746094,36.13870620727539,36.504215240478516,22134061
2020-05-22,36.241798400878906,36.55107879638672,36.054359436035156,36.307403564453125,13212661
2020-05-26,36.97282028198242,37.61012268066406,36.925960540771484,37.03842544555664,23031088
2020-05-27,37.141517639160156,37.92877197265625,37.132144927978516,37.42267990112305,22038778
2020-05-28,37.46017074584961,37.61012268066406,36.96344757080078,37.06654357910156,19477018
2020-05-29,37.07591247558594,37.31958770751953,36.3636360168457,37.1134033203125,21658713
2020-06-01,37.05717086791992,37.741329193115234,36.925960540771484,37.656982421875,14245090
2020-06-02,37.61012268066406,38.26616668701172,37.60074996948242,38.21930694580078,20337127
2020-06-03,38.56607437133789,38.96907043457031,38.41611862182617,38.7066535949707,18290407
2020-06-04,38.397377014160156,38.78163146972656,38.27553939819336,38.69728088378906,13611186
2020-06-05,39.484535217285156,40.39362716674805,39.353328704833984,39.44704818725586,21629797
2020-06-08,39.297096252441406,40.468605041503906,39.268978118896484,40.41237258911133,18365204
2020-06-09,39.99062728881836,40.19681167602539,39.2502326965332,39.50328063964844,15379631
2020-06-10,39.4564208984375,39.475162506103516,38.54732894897461,38.76288604736328,16682118
2020-06-11,38.34114456176758,38.67853927612305,36.729148864746094,36.78538131713867,24333895
2020-06-12,37.10403060913086,37.46017074584961,36.101219177246094,36.98219299316406,19747289
2020-06-15,36.82286834716797,37.572635650634766,36.119964599609375,37.32896041870117,17696729
2020-06-16,37.99437713623047,38.47235107421875,36.68228530883789,37.25398254394531,22633631
2020-06-17,37.282100677490234,37.38519287109375,36.663543701171875,36.75726318359375,20204392
2020-06-18,36.729148864746094,37.1134033203125,36.504215240478516,36.96344757080078,18147749
2020-06-19,37.34770584106445,37.91939926147461,36.42924118041992,36.644798278808594,37709167
2020-06-22,36.3636360168457,36.597938537597656,35.91377639770508,36.026241302490234,22194347
2020-06-23,36.4854736328125,37.16026306152344,36.26054382324219,36.73851776123047,26587399
2020-06-24,37.000938415527344,37.000938415527344,35.7357063293457,36.13870620727539,22363146
2020-06-25,35.951263427734375,36.307403564453125,35.398311614990234,36.14807891845703,19375866
2020-06-26,35.89503479003906,36.307403564453125,35.64198684692383,36.22305679321289,54358955
2020-06-29,36.42924118041992,36.579193115234375,35.9793815612793,36.49484634399414,21952245
2020-06-30,36.08247375488281,36.672916412353516,35.72633743286133,36.53233337402344,23654750
2020-07-01,37.122772216796875,37.685096740722656,36.925960540771484,37.207122802734375,19493877
2020-07-02,37.52577209472656,37.750701904296875,36.71040344238281,36.78538131713867,24938778
2020-07-06,37.30084228515625,37.835052490234375,37.16026306152344,37.79756164550781,18727344
2020-07-07,37.52577209472656,37.816307067871094,37.488285064697266,37.553890228271484,20704815
2020-07-08,37.61012268066406,37.71321487426758,37.03842544555664,37.24460983276367,13375912
2020-07-09,37.207122802734375,37.225868225097656,36.579193115234375,36.82286834716797,16362658
2020-07-10,36.76663589477539,37.99437713623047,36.68228530883789,37.96626281738281,20307891
2020-07-13,37.92877197265625,38.51921463012695,37.656982421875,37.99437713623047,18634835
2020-07-14,37.44142532348633,38.69728088378906,37.32896041870117,38.59418869018555,22439650
2020-07-15,38.52858352661133,39.43767547607422,38.47235107421875,39.32521057128906,22480410
2020-07-16,39.09090805053711,39.531394958496094,39.04404830932617,39.4939079284668,15810699
2020-07-17,39.812557220458984,39.812557220458984,39.268978118896484,39.531394958496094,16979064
2020-07-20,39.353328704833984,39.46579360961914,39.13776779174805,39.31583786010742,13832695
2020-07-21,39.4939079284668,40.0843505859375,39.4189338684082,39.896907806396484,24928855
2020-07-22,39.85004806518555,40.07497787475586,39.74695587158203,39.896907806396484,17456654
2020-07-23,40.07497787475586,40.26241683959961,39.68135070800781,39.821929931640625,23855132
2020-07-24,40.702903747558594,41.143394470214844,40.028114318847656,40.6279296875,23395149
2020-07-27,40.48734664916992,40.89971923828125,40.440486907958984,40.82474136352539,19492596
2020-07-28,40.168697357177734,40.83411407470703,40.112464904785156,40.49671936035156,18752098
2020-07-29,40.60918426513672,41.340206146240234,40.5435791015625,41.143394470214844,27208393
2020-07-30,41.686973571777344,42.36176300048828,40.41237258911133,40.927833557128906,18841726
2020-07-31,40.805999755859375,40.89971923828125,39.32521057128906,40.112464904785156,25515171
2020-08-03,40.00937271118164,40.431114196777344,39.74695587158203,40.187442779541016,14653111
2020-08-04,39.94376754760742,40.524837493896484,39.86878967285156,40.49671936035156,12913368
2020-08-05,40.57169723510742,40.740394592285156,39.59700012207031,39.63448715209961,17293509
2020-08-06,39.40018844604492,40.19681167602539,39.38144302368164,40.178070068359375,14694937
2020-08-07,39.9156494140625,40.22492980957031,39.80318832397461,40.1218376159668,11046651
2020-08-10,39.887535095214844,40.5060920715332,39.887535095214844,40.31864929199219,17472125
2020-08-11,40.53420639038086,41.23711395263672,40.22492980957031,40.29053497314453,18289127
2020-08-12,40.30927658081055,40.984066009521484,40.27178955078125,40.61855697631836,11104803
2020-08-13,40.39362716674805,40.702903747558594,40.29053497314453,40.6654167175293,13497017
2020-08-14,40.88097381591797,41.40581130981445,40.48734664916992,41.02155685424805,16258946
2020-08-17,41.11527633666992,41.19025421142578,40.5810661315918,40.796627044677734,13159631
2020-08-18,40.96532440185547,40.993438720703125,40.56232452392578,40.805999755859375,9301359
2020-08-19,40.91846466064453,41.012184143066406,40.449859619140625,40.59981155395508,10518379
2020-08-20,40.515464782714844,40.712276458740234,40.20618438720703,40.55295181274414,12077053
2020-08-21,40.33739471435547,40.515464782714844,40.0374870300293,40.36551284790039,13797804
2020-08-24,40.168697357177734,41.068416595458984,40.159324645996094,41.0496711730957,16289569
2020-08-25,41.02155685424805,41.03092956542969,40.468605041503906,40.68416213989258,8976671
2020-08-26,40.31864929199219,41.57450866699219,40.21555709838867,41.424556732177734,15394889
2020-08-27,41.76194763183594,41.98687744140625,41.46204376220703,41.74320602416992,15276773
2020-08-28,41.73383331298828,41.77132034301758,41.1715087890625,41.76194763183594,11710432
2020-08-31,41.48078536987305,42.29615783691406,41.47141647338867,41.99625015258789,26566273
2020-09-01,41.64948654174805,42.258670806884766,41.46204376220703,42.2211799621582,18077007
2020-09-02,42.2211799621582,43.045921325683594,42.183692932128906,42.33364486694336,21789314
2020-09-03,42.74601745605469,43.055294036865234,41.32146072387695,41.64948654174805,19755612
2020-09-04,42.08997344970703,42.14620590209961,41.143394470214844,41.640113830566406,17287214
2020-09-08,41.059043884277344,41.48078536987305,40.41237258911133,41.059043884277344,22297739
2020-09-09,41.22774124145508,42.164947509765625,40.96532440185547,41.7994384765625,16454100
2020-09-10,41.84629821777344,42.183692932128906,41.10590362548828,41.255859375,17097181
2020-09-11,41.32146072387695,41.93064880371094,41.2089958190918,41.86504364013672,19543385
2020-09-14,42.19306564331055,42.63355255126953,41.902530670166016,42.427364349365234,12201892
2020-09-15,42.32427215576172,43.80506134033203,42.2211799621582,43.54264450073242,19649765
2020-09-16,44.09559631347656,44.517337799072266,43.767574310302734,43.87066650390625,28090802
2020-09-17,43.055294036865234,43.5145263671875,42.19306564331055,42.717899322509766,22677485
2020-09-18,42.62417984008789,42.970947265625,41.50890350341797,42.41799545288086,42280942
2020-09-21,42.099342346191406,42.586692810058594,40.68416213989258,41.874412536621094,34418966
2020-09-22,42.11808776855469,43.56138610839844,42.02436828613281,43.28959655761719,35103553
2020-09-23,43.29896926879883,43.46766662597656,42.40862274169922,42.511714935302734,20989170
2020-09-24,42.35239028930664,43.18650436401367,42.08997344970703,42.83036422729492,15472140
2020-09-25,42.502342224121094,43.420806884765625,42.3805046081543,43.25210952758789,13397252
2020-09-28,43.945640563964844,44.11433792114258,43.336456298828125,43.82380676269531,17294790
2020-09-29,43.90815353393555,43.92689895629883,43.270851135253906,43.29896926879883,12669345
2020-09-30,43.617618560791016,43.78631591796875,42.877227783203125,43.355201721191406,29766419
2020-10-01,43.64573669433594,43.83317565917969,43.270851135253906,43.52389907836914,16564535
2020-10-02,42.92408752441406,43.10215759277344,42.27741241455078,42.314903259277344,19316861
2020-10-05,42.455482482910156,43.045921325683594,42.19306564331055,42.93345642089844,13443560
2020-10-06,42.43674087524414,42.66166687011719,41.58388137817383,41.715087890625,19111250
2020-10-07,42.20243835449219,42.27741241455078,41.48078536987305,42.13683319091797,19023756
2020-10-08,42.258670806884766,42.53982925415039,42.01499557495117,42.455482482910156,16395522
2020-10-09,42.530460357666016,42.76476287841797,41.874412536621094,42.03373718261719,26785861
2020-10-12,42.455482482910156,43.355201721191406,42.099342346191406,43.10215759277344,20827947
2020-10-13,43.23336410522461,43.402061462402344,42.530460357666016,43.0084342956543,14782645
2020-10-14,42.92408752441406,43.12089920043945,42.164947509765625,42.43674087524414,16351775
2020-10-15,42.20243835449219,42.314903259277344,41.73383331298828,42.27741241455078,13769422
2020-10-16,42.38987731933594,43.0084342956543,42.08060073852539,42.69915771484375,14256080
2020-10-19,42.69915771484375,42.8865966796875,41.424556732177734,41.546390533447266,18694267
2020-10-20,41.827552795410156,41.85567092895508,41.358951568603516,41.49015808105469,14017606
2020-10-21,41.23711395263672,42.08060073852539,41.2089958190918,41.72446060180664,14083226
2020-10-22,41.70571517944336,42.39925003051758,41.57450866699219,42.27741241455078,17025692
2020-10-23,42.54920196533203,42.68978500366211,41.7994384765625,42.230552673339844,11234656
2020-10-26,41.902530670166016,42.00562286376953,40.81536865234375,41.02155685424805,16682118
2020-10-27,40.86223220825195,41.087158203125,40.63730239868164,40.712276458740234,11880938
2020-10-28,40.21555709838867,40.374881744384766,39.278350830078125,39.343955993652344,21613365
2020-10-29,39.43767547607422,40.94657897949219,39.259605407714844,40.35614013671875,21718145
2020-10-30,39.80318832397461,40.34676742553711,39.12839889526367,39.58762741088867,23475921
2020-11-02,40.06560516357422,40.23430252075195,38.397377014160156,38.800376892089844,26120587
2020-11-03,39.31583786010742,40.28116226196289,39.12839889526367,39.94376754760742,22152627
2020-11-04,41.49015808105469,41.80881118774414,40.67478942871094,40.95595169067383,24609395
2020-11-05,41.78069305419922,41.99625015258789,41.43392562866211,41.56513595581055,20163526
2020-11-06,41.77132034301758,41.893157958984375,41.19025421142578,41.73383331298828,15075750
2020-11-09,44.61105728149414,45.201499938964844,43.78631591796875,44.217430114746094,39966406
2020-11-10,43.270851135253906,44.948455810546875,43.064666748046875,44.7703857421875,22517008
2020-11-11,44.779754638671875,44.95782470703125,44.16120147705078,44.67666244506836,12633280
2020-11-12,44.63917541503906,45.070289611816406,44.28303527832031,44.96719741821289,21361767
2020-11-13,44.8078727722168,46.15745162963867,44.73289489746094,45.92314910888672,18173784
2020-11-16,46.298030853271484,46.62605285644531,46.15745162963867,46.42924118041992,20728182
2020-11-17,46.101219177246094,46.850982666015625,45.90440368652344,46.654170989990234,20727542
2020-11-18,46.4854736328125,47.216495513916016,45.960636138916016,46.054359436035156,19503906
2020-11-19,46.119964599609375,46.61668014526367,45.92314910888672,46.373008728027344,14387962
2020-11-20,46.18556594848633,46.56045150756836,46.016868591308594,46.08247375488281,21158610
2020-11-23,46.00749969482422,46.84161376953125,45.72633743286133,46.68228530883789,15660146
2020-11-24,46.860355377197266,49.194000244140625,46.78538131713867,49.05342102050781,33881518
2020-11-25,48.89409637451172,48.922210693359375,47.59137725830078,48.54732894897461,20616681
2020-11-27,48.088096618652344,48.931583404541016,48.088096618652344,48.50046920776367,6662028
2020-11-30,47.91939926147461,48.24742126464844,46.71040344238281,47.08528518676758,36661907
2020-12-01,47.56325912475586,48.05060958862305,46.96344757080078,47.816307067871094,15332363
2020-12-02,47.73196029663086,48.116214752197266,47.6194953918457,47.844425201416016,15405346
2020-12-03,47.58200454711914,48.47235107421875,47.497657775878906,48.35051345825195,15660572
2020-12-04,48.50046920776367,48.650421142578125,48.25679397583008,48.444236755371094,13079393
2020-12-07,48.34114456176758,48.75351333618164,48.022491455078125,48.669166564941406,13013025
2020-12-08,48.0787239074707,48.54732894897461,47.99437713623047,48.18181610107422,14247011
2020-12-09,48.378631591796875,49.072166442871094,47.93814468383789,48.041236877441406,18488336
2020-12-10,48.05998229980469,48.05998229980469,47.09465789794922,47.31021499633789,18463475
2020-12-11,47.39456558227539,47.900657653808594,46.98219299316406,47.73196029663086,20956093
2020-12-14,47.656982421875,48.05060958862305,47.56325912475586,47.78819274902344,14944082
2020-12-15,48.15370178222656,48.8284912109375,48.0787239074707,48.27553939819336,20133223
2020-12-16,48.43486404418945,48.800376892089844,47.80693435668945,48.2005615234375,14009497
2020-12-17,48.303653717041016,48.62230682373047,47.87253952026367,48.13495635986328,14367048
2020-12-18,48.3223991394043,48.359886169433594,47.23523712158203,47.70384216308594,33760307
2020-12-21,47.34770584106445,47.469539642333984,46.373008728027344,47.207122802734375,20990451
2020-12-22,46.860355377197266,47.1508903503418,46.672916412353516,46.87910079956055,14660367
2020-12-23,47.000938415527344,47.1134033203125,46.53233337402344,46.89784240722656,13800791
2020-12-24,47.04779815673828,47.272727966308594,46.944705963134766,47.216495513916016,4134945
2020-12-28,47.59137725830078,48.13495635986328,47.35707473754883,47.900657653808594,14415917
2020-12-29,47.94751739501953,48.48172378540039,47.835052490234375,48.313026428222656,11998628
2020-12-30,48.444236755371094,48.669166564941406,47.97563171386719,47.99437713623047,10620918
2020-12-31,48.13495635986328,49.18463134765625,48.022491455078125,49.10965347290039,12431830
2021-01-04,48.997188568115234,49.10965347290039,46.504215240478516,47.33833312988281,23796341
2021-01-05,47.01030731201172,47.141517639160156,46.110591888427734,46.84161376953125,19050858
2021-01-06,46.035614013671875,47.58200454711914,46.016868591308594,47.38519287109375,24063624
2021-01-07,47.04779815673828,47.7788200378418,46.954078674316406,47.478912353515625,21586264
2021-01-08,47.197750091552734,48.41611862182617,47.1508903503418,48.303653717041016,23623807
2021-01-11,48.49109649658203,48.49109649658203,47.544517517089844,48.284912109375,20053518
2021-01-12,48.06935119628906,48.313026428222656,46.49484634399414,46.869728088378906,22406467
2021-01-13,46.504215240478516,47.216495513916016,46.41049575805664,47.01030731201172,17314209
2021-01-14,47.01030731201172,47.1134033203125,46.33552169799805,46.46672821044922,20066002
2021-01-15,46.119964599609375,46.16682434082031,45.126522064208984,45.63261413574219,27713298
2021-01-19,45.61387252807617,46.00749969482422,45.2764778137207,45.782569885253906,20215702
2021-01-20,45.91377639770508,46.08247375488281,45.60449981689453,45.81068420410156,16873751
2021-01-21,45.45454406738281,46.17619323730469,45.210872650146484,46.044986724853516,24116654
2021-01-22,45.773197174072266,45.86691665649414,45.2296142578125,45.62324142456055,14896067
2021-01-25,45.45454406738281,46.044986724853516,45.28584671020508,45.89503479003906,17422403
2021-01-26,46.06372833251953,47.05717086791992,45.81068420410156,46.944705963134766,25140867
2021-01-27,46.3636360168457,47.07591247558594,45.28584671020508,45.37957000732422,26322890
2021-01-28,46.860355377197266,49.006561279296875,46.654170989990234,48.359886169433594,31117028
2021-01-29,47.1508903503418,47.98500442504883,46.382381439208984,46.45735549926758,29321373
2021-02-01,46.729148864746094,47.197750091552734,46.016868591308594,47.000938415527344,17995702
2021-02-02,47.188377380371094,48.24742126464844,46.925960540771484,47.96626281738281,18524614
2021-02-03,48.031864166259766,48.29428482055664,47.25398254394531,47.30084228515625,18409271
2021-02-04,47.16963577270508,48.26616668701172,47.07591247558594,48.21930694580078,19961543
2021-02-05,48.60356140136719,48.800376892089844,47.741329193115234,47.900657653808594,15154601
2021-02-08,47.85379409790039,48.80974578857422,47.816307067871094,48.59418869018555,15756496
2021-02-09,48.734771728515625,49.66260528564453,48.13495635986328,49.40956115722656,16101030
2021-02-10,49.70946502685547,49.72821044921875,48.77225875854492,49.43767547607422,17533691
2021-02-11,49.59700012207031,49.9625129699707,49.212745666503906,49.887535095214844,11925219
2021-02-12,49.971885681152344,50.23430252075195,49.625118255615234,49.887535095214844,10790891
2021-02-16,49.67197799682617,49.887535095214844,49.24086380004883,49.52202224731445,11542806
2021-02-17,49.4189338684082,49.906280517578125,49.11902618408203,49.66260528564453,11714060
2021-02-18,49.3720703125,49.550140380859375,48.97844314575195,49.259605407714844,15507245
2021-02-19,49.11902618408203,49.297096252441406,48.51921463012695,48.8284912109375,16158115
2021-02-22,48.7066535949707,49.540767669677734,48.55670166015625,49.203372955322266,14381346
2021-02-23,49.484535217285156,50.06560516357422,48.80974578857422,49.99062728881836,19500492
2021-02-24,49.268978118896484,50.168697357177734,49.268978118896484,50.04685974121094,20588619
2021-02-25,49.756324768066406,50.05623245239258,48.68790817260742,48.95970153808594,24118148
2021-02-26,48.987815856933594,50.103092193603516,48.63167953491211,49.40956115722656,24309034
2021-03-01,49.8781623840332,51.274600982666016,49.559513092041016,51.03092956542969,18530909
2021-03-02,50.89971923828125,51.340206146240234,50.67478942871094,50.84348678588867,15986968
2021-03-03,50.53420639038086,51.358951568603516,50.27178955078125,50.35614013671875,24286200
2021-03-04,50.440486907958984,51.78069305419922,50.23430252075195,50.5435791015625,30075529
2021-03-05,51.255859375,51.7994384765625,50.5435791015625,51.630741119384766,23530231
2021-03-08,51.37769317626953,52.32427215576172,51.23711395263672,51.99625015258789,26997661
2021-03-09,51.98687744140625,52.596065521240234,51.64948654174805,52.08060073852539,26987844
2021-03-10,52.57732009887695,54.06747817993164,52.26803970336914,53.617618560791016,25176719
2021-03-11,53.064666748046875,54.07685089111328,53.055294036865234,53.31771469116211,18662043
2021-03-12,53.28022384643555,53.78631591796875,52.68041229248047,53.50515365600586,19599083
2021-03-15,53.6363639831543,53.973758697509766,52.98031997680664,53.91752624511719,15720218
2021-03-16,53.973758697509766,54.91096496582031,53.767574310302734,54.39550018310547,16166864
2021-03-17,53.79568862915039,54.245548248291016,53.0084342956543,53.889408111572266,20526199
2021-03-18,53.12089920043945,53.53327178955078,52.29615783691406,52.36176300048828,20206526
2021-03-19,52.03373718261719,52.521087646484375,51.7994384765625,51.977508544921875,36232226
2021-03-22,52.20243835449219,52.970947265625,51.78069305419922,52.83036422729492,19518631
2021-03-23,52.91471481323242,53.15838623046875,52.48360061645508,52.61480712890625,15702612
2021-03-24,52.530460357666016,52.96157455444336,52.35239028930664,52.40862274169922,16806530
2021-03-25,52.64292526245117,52.95220184326172,51.94939041137695,52.76476287841797,18632701
2021-03-26,52.67103958129883,53.0084342956543,50.47797775268555,51.715087890625,25743829
2021-03-29,51.57450866699219,52.12746047973633,50.76850891113281,51.72446060180664,21839569
2021-03-30,51.902530670166016,52.03373718261719,51.1340217590332,51.52764892578125,13019214
2021-03-31,51.340206146240234,51.424556732177734,50.5810661315918,50.712276458740234,23448712
2021-04-01,51.19025421142578,51.621368408203125,50.82474136352539,51.31209182739258,17781555
2021-04-05,51.15276336669922,51.65885543823242,51.03092956542969,51.358951568603516,15832039
2021-04-06,50.96532440185547,51.5932502746582,50.740394592285156,51.39643859863281,16593877
2021-04-07,51.640113830566406,51.65885543823242,50.83411407470703,51.1715087890625,18493031
2021-04-08,51.15276336669922,51.199623107910156,50.702903747558594,50.91846466064453,11502580
2021-04-09,50.4217414855957,50.49671936035156,49.16588592529297,50.20618438720703,19425695
2021-04-12,50.103092193603516,50.32802200317383,49.78444290161133,49.971885681152344,15819555
2021-04-13,50.13121032714844,50.59981155395508,49.9156494140625,50.49671936035156,16840461
2021-04-14,50.159324645996094,50.49671936035156,49.812557220458984,49.95314025878906,14228018
2021-04-15,50.33739471435547,51.077789306640625,50.14995193481445,50.740394592285156,19558750
2021-04-16,51.546390533447266,52.01499557495117,51.16213607788086,51.64948654174805,20533455
2021-04-19,51.46204376220703,51.555763244628906,50.524837493896484,50.740394592285156,18144548
2021-04-20,50.431114196777344,50.86223220825195,50.29053497314453,50.75913619995117,15312730
2021-04-21,50.61855697631836,51.330833435058594,50.39362716674805,51.22774124145508,17202494
2021-04-22,50.89971923828125,51.30271911621094,50.740394592285156,50.984066009521484,16023779
2021-04-23,50.89034652709961,51.274600982666016,50.5810661315918,50.974693298339844,13073204
2021-04-26,50.96532440185547,51.15276336669922,50.61855697631836,50.90909194946289,13660054
2021-04-27,51.04029846191406,51.330833435058594,50.81536865234375,50.89034652709961,13252247
2021-04-28,50.7497673034668,51.15276336669922,50.56232452392578,50.702903747558594,13403441
2021-04-29,52.4648551940918,52.94282913208008,51.80881118774414,52.858482360839844,23164997
2021-04-30,52.83973693847656,52.83973693847656,51.2933464050293,52.62417984008789,23375196
2021-05-03,52.89596939086914,53.3926887512207,52.64292526245117,53.01780700683594,15470326
2021-05-04,52.82099151611328,53.28022384643555,52.65229415893555,53.074039459228516,27010145
2021-05-05,53.430179595947266,53.44892120361328,52.727272033691406,52.867855072021484,19055340
2021-05-06,53.11152648925781,53.5145263671875,52.90534210205078,53.402061462402344,13951879
2021-05-07,53.66447830200195,54.75164031982422,53.139644622802734,54.46110534667969,19043069
2021-05-10,54.67666244506836,55.398311614990234,53.880035400390625,53.898780822753906,20509020
2021-05-11,53.90815353393555,54.15182876586914,53.37394714355469,53.889408111572266,16429133
2021-05-12,53.336456298828125,53.5520133972168,53.0084342956543,53.064666748046875,20565785
2021-05-13,52.8491096496582,54.41424560546875,52.8491096496582,53.78631591796875,16693215
2021-05-14,54.217430114746094,55.18275451660156,53.77694320678711,54.99531555175781,16927315
2021-05-17,54.47985076904297,54.61105728149414,51.64948654174805,51.977508544921875,33647418
2021-05-18,52.10871505737305,52.43674087524414,51.24648666381836,51.49953079223633,37027141
2021-05-19,51.18088150024414,51.199623107910156,50.29990768432617,50.83411407470703,19827528
2021-05-20,50.721649169921875,51.85567092895508,50.69353485107422,51.58388137817383,16343452
2021-05-21,51.85567092895508,52.00562286376953,51.47141647338867,51.621368408203125,17551403
2021-05-24,51.893157958984375,52.26803970336914,51.424556732177734,52.164947509765625,14091229
2021-05-25,52.69915771484375,52.69915771484375,52.01499557495117,52.20243835449219,12797491
2021-05-26,52.39925003051758,53.91752624511719,52.11808776855469,53.28022384643555,25308386
2021-05-27,53.430179595947266,53.86129379272461,53.22399139404297,53.73945617675781,27231014
2021-05-28,54.05810546875,54.226802825927734,53.626991271972656,53.73945617675781,13889886
2021-06-01,54.27366256713867,54.28303527832031,53.270851135253906,53.37394714355469,12878903
2021-06-02,53.44892120361328,53.44892120361328,52.69915771484375,53.130271911621094,14742206
2021-06-03,52.970947265625,53.074039459228516,52.343017578125,52.8491096496582,11386384
2021-06-04,53.10215759277344,53.617618560791016,52.8865966796875,53.420806884765625,12072998
2021-06-07,53.16775894165039,53.64573669433594,53.074039459228516,53.345829010009766,11843060
2021-06-08,53.22399139404297,53.36457443237305,52.60543441772461,52.8865966796875,15733555
2021-06-09,53.22399139404297,53.345829010009766,52.68978500366211,52.727272033691406,9838700
2021-06-10,52.91471481323242,53.45829391479492,52.811622619628906,53.045921325683594,13202311
2021-06-11,52.999061584472656,53.31771469116211,52.877227783203125,53.30834197998047,10390339
2021-06-14,53.21461868286133,53.692596435546875,52.727272033691406,53.683223724365234,13309651
2021-06-15,53.673851013183594,54.1424560546875,53.626991271972656,53.72071075439453,12902911
2021-06-16,54.048736572265625,54.45173263549805,53.270851135253906,53.53327178955078,15962320
2021-06-17,53.402061462402344,54.236175537109375,53.18650436401367,53.90815353393555,16591210
2021-06-18,53.65510940551758,53.87066650390625,52.89596939086914,53.149017333984375,28513121
2021-06-21,53.402061462402344,53.79568862915039,53.28959655761719,53.683223724365234,13834829
2021-06-22,53.85192108154297,54.1799430847168,53.692596435546875,54.01124572753906,15284242
2021-06-23,53.86129379272461,54.170570373535156,51.46204376220703,51.99625015258789,36279814
2021-06-24,52.20243835449219,52.774131774902344,52.10871505737305,52.53982925415039,21896441
2021-06-25,52.446109771728516,53.045921325683594,52.38987731933594,52.877227783203125,18438507
2021-06-28,53.074039459228516,53.130271911621094,52.314903259277344,52.57732009887695,14387321
2021-06-29,52.64292526245117,53.44892120361328,52.64292526245117,52.98969268798828,13333659
2021-06-30,52.98031997680664,53.5520133972168,52.83973693847656,53.43954849243164,13855102
2021-07-01,53.48640823364258,54.34864044189453,53.43954849243164,54.12371063232422,10706171
2021-07-02,54.35801315307617,54.854732513427734,54.19868850708008,54.75164031982422,11383290
2021-07-06,54.34864044189453,54.61105728149414,53.355201721191406,54.039363861083984,13728662
2021-07-07,54.33926773071289,54.63917541503906,54.10496520996094,54.517337799072266,13731223
2021-07-08,54.170570373535156,54.70478057861328,53.80506134033203,54.573570251464844,22923001
2021-07-09,54.5641975402832,55.02342987060547,54.36738586425781,54.38612747192383,15729074
2021-07-12,54.601688385009766,54.70478057861328,53.90815353393555,54.601688385009766,12351912
2021-07-13,54.601688385009766,54.779754638671875,54.07685089111328,54.18931579589844,12128696
2021-07-14,54.47985076904297,54.526710510253906,53.99250030517578,54.1424560546875,10431846
2021-07-15,54.0206184387207,54.47985076904297,53.880035400390625,54.311153411865234,13612039
2021-07-16,54.28303527832031,54.68603515625,53.889408111572266,53.93627166748047,13241043
2021-07-19,53.87066650390625,53.955013275146484,52.783504486083984,53.074039459228516,19512763
2021-07-20,53.16775894165039,53.83317565917969,52.970947265625,53.495784759521484,18752845
2021-07-21,53.355201721191406,54.46110534667969,53.19587707519531,54.1799430847168,14927650
2021-07-22,54.19868850708008,54.329898834228516,53.31771469116211,54.16120147705078,14273686
2021-07-23,54.28303527832031,54.91096496582031,54.15182876586914,54.69540786743164,9123704
2021-07-26,54.55482864379883,55.07966232299805,54.35801315307617,55.01405715942383,12372292
2021-07-27,54.98594284057617,55.37019729614258,54.62042999267578,54.882850646972656,12404195
2021-07-28,54.592315673828125,54.864105224609375,53.77694320678711,54.33926773071289,14126653
2021-07-29,55.482662200927734,55.951263427734375,54.41424560546875,54.46110534667969,21094163
2021-07-30,54.42361831665039,55.51077651977539,54.27366256713867,55.135894775390625,23984346
2021-08-02,55.25773239135742,55.54826736450195,54.36738586425781,54.798500061035156,12413798
2021-08-03,55.01405715942383,55.060916900634766,53.64573669433594,54.573570251464844,11958403
2021-08-04,54.36738586425781,54.76101303100586,53.880035400390625,54.329898834228516,10144609
2021-08-05,54.63917541503906,54.948455810546875,54.37675857543945,54.67666244506836,9307975
2021-08-06,54.54545593261719,55.26710510253906,54.48922348022461,55.00468444824219,11298570
2021-08-09,54.97657012939453,55.00468444824219,54.38612747192383,54.62042999267578,12931186
2021-08-10,54.5641975402832,54.789127349853516,54.40487289428711,54.779754638671875,8780663
2021-08-11,55.210872650146484,55.4358024597168,54.798500061035156,55.37957000732422,9442630
2021-08-12,55.342079162597656,55.426429748535156,54.91096496582031,55.32333755493164,9938998
2021-08-13,55.64198684692383,55.763824462890625,55.28584671020508,55.59512710571289,8048061
2021-08-16,55.426429748535156,55.83879852294922,55.16400909423828,55.52952194213867,13040127
2021-08-17,55.407684326171875,55.763824462890625,55.117149353027344,55.7357063293457,13776677
2021-08-18,55.7357063293457,55.93252182006836,55.2764778137207,55.32333755493164,13352438
2021-08-19,55.32333755493164,55.492034912109375,54.845359802246094,55.25773239135742,11160927
2021-08-20,55.16400909423828,55.94189453125,55.01405715942383,55.679473876953125,12311259
2021-08-23,55.398311614990234,56.34489059448242,55.29521942138672,56.044986724853516,13251927
2021-08-24,56.101219177246094,56.27928924560547,55.670101165771484,55.79193878173828,10257605
2021-08-25,55.773197174072266,56.06372833251953,55.492034912109375,55.745079040527344,8276719
2021-08-26,55.84817123413086,55.951263427734375,55.26710510253906,55.29521942138672,8662546
2021-08-27,55.398311614990234,55.773197174072266,55.25773239135742,55.670101165771484,14009283
2021-08-30,55.51077651977539,55.99812698364258,55.38894271850586,55.960636138916016,12798772
2021-08-31,55.7357063293457,56.944705963134766,55.679473876953125,56.869728088378906,17838853
2021-09-01,57.17900848388672,57.656982421875,56.75726318359375,57.30084228515625,16047787
2021-09-02,57.51639938354492,57.91939926147461,57.43205261230469,57.87253952026367,10908688
2021-09-03,57.544517517089844,57.91939926147461,57.478912353515625,57.844425201416016,8621787
2021-09-07,57.572635650634766,57.70384216308594,56.41986846923828,56.51359176635742,17049593
2021-09-08,56.382381439208984,56.71977615356445,56.26991653442383,56.3636360168457,17872677
2021-09-09,56.579193115234375,56.579193115234375,55.698219299316406,55.8200569152832,11086664
2021-09-10,55.70759201049805,56.09184646606445,55.3514518737793,55.57638168334961,10895350
2021-09-13,56.21368408203125,56.78538131713867,55.79193878173828,56.20431137084961,14956993
2021-09-14,56.56045150756836,57.029052734375,51.9212760925293,52.099342346191406,58417503
2021-09-15,52.01499557495117,54.05810546875,52.01499557495117,53.420806884765625,39523174
2021-09-16,53.65510940551758,54.10496520996094,52.858482360839844,53.683223724365234,19836384
2021-09-17,53.355201721191406,54.029991149902344,53.24273681640625,53.52389907836914,25350426
2021-09-20,53.31771469116211,53.411434173583984,52.35239028930664,52.94282913208008,20579442
2021-09-21,53.3926887512207,53.701969146728516,52.249298095703125,52.53982925415039,14615766
2021-09-22,53.29896926879883,53.4770393371582,52.39925003051758,52.502342224121094,18681143
2021-09-23,52.54920196533203,53.31771469116211,52.36176300048828,52.64292526245117,16276765
2021-09-24,52.40862274169922,52.93345642089844,52.249298095703125,52.70853042602539,12182793
2021-09-27,52.343017578125,52.792877197265625,52.249298095703125,52.75539016723633,10870703
2021-09-28,52.06185531616211,52.32427215576172,51.1715087890625,51.31209182739258,22819609
2021-09-29,51.49953079223633,52.66166687011719,51.274600982666016,52.41799545288086,18060896
2021-09-30,52.49296951293945,53.345829010009766,52.40862274169922,52.41799545288086,20760939
2021-10-01,52.8491096496582,53.87066650390625,52.55857467651367,53.617618560791016,16527297
2021-10-04,53.608245849609375,53.608245849609375,52.970947265625,53.21461868286133,15217021
2021-10-05,52.792877197265625,53.711341857910156,52.73664474487305,53.22399139404297,16667074
2021-10-06,52.56794738769531,53.3926887512207,52.39925003051758,53.327083587646484,24375508
2021-10-07,53.81443405151367,54.320526123046875,53.683223724365234,53.79568862915039,14765573
2021-10-08,53.402061462402344,53.402061462402344,51.143394470214844,51.265228271484375,25618350
2021-10-11,50.5435791015625,50.702903747558594,48.89409637451172,48.940956115722656,34074538
2021-10-12,49.08153533935547,49.32521057128906,48.27553939819336,49.04404830932617,29525064
2021-10-13,49.896907806396484,49.95314025878906,48.83786392211914,49.38144302368164,21284729
2021-10-14,49.4564208984375,50.89971923828125,49.4564208984375,50.59981155395508,22343514
2021-10-15,50.84348678588867,51.11527633666992,50.31864929199219,50.6279296875,20141332
2021-10-18,50.243675231933594,50.36551284790039,49.568885803222656,49.8781623840332,21453209
2021-10-19,50.33739471435547,50.84348678588867,50.13121032714844,50.83411407470703,16362445
2021-10-20,51.09653091430664,51.43392562866211,50.524837493896484,51.274600982666016,13506833
2021-10-21,51.30271911621094,51.30271911621094,50.40299987792969,50.63730239868164,14603602
2021-10-22,50.656044006347656,50.93720626831055,50.14057922363281,50.81536865234375,15905662
2021-10-25,50.731021881103516,50.87160110473633,50.28116226196289,50.68416213989258,14373664
2021-10-26,50.731021881103516,50.94657897949219,50.178070068359375,50.384254455566406,14347309
2021-10-27,50.39362716674805,50.47797775268555,48.856605529785156,49.14714050292969,24370600
2021-10-28,47.23523712158203,49.42830276489258,46.672916412353516,48.641048431396484,22577080
2021-10-29,48.303653717041016,49.259605407714844,47.91002655029297,48.2005615234375,28727908
2021-11-01,48.24742126464844,49.38144302368164,48.20993423461914,48.97844314575195,20328697
2021-11-02,49.16588592529297,49.625118255615234,48.62230682373047,49.3345832824707,16506277
2021-11-03,49.18463134765625,49.756324768066406,48.97844314575195,49.625118255615234,17404797
2021-11-04,49.475162506103516,49.906280517578125,48.856605529785156,49.4189338684082,17693101
2021-11-05,50.00937271118164,50.91846466064453,49.9625129699707,50.515464782714844,18805662
2021-11-08,50.449859619140625,50.646671295166016,49.8781623840332,50.13121032714844,14328103
2021-11-09,50.00937271118164,50.61855697631836,49.9156494140625,50.374881744384766,14406527
2021-11-10,50.40299987792969,51.16213607788086,50.40299987792969,50.76850891113281,17362224
2021-11-11,50.68416213989258,50.787254333496094,50.0843505859375,50.29053497314453,11573002
2021-11-12,50.5060920715332,50.59981155395508,49.821929931640625,50.14057922363281,12910913
2021-11-15,50.093719482421875,50.35614013671875,49.896907806396484,50.028114318847656,10638203
2021-11-16,50.103092193603516,50.35614013671875,49.72821044921875,49.78444290161133,13714791
2021-11-17,49.80318832397461,50.41237258911133,49.59700012207031,50.35614013671875,15706347
2021-11-18,49.812557220458984,50.243675231933594,49.3720703125,49.46579360961914,16061338
2021-11-19,49.42830276489258,49.475162506103516,48.369258880615234,48.650421142578125,19447355
2021-11-22,48.50046920776367,49.23149108886719,47.92877197265625,48.27553939819336,19200238
2021-11-23,48.51921463012695,49.22211837768555,48.27553939819336,48.77225875854492,20821545
2021-11-24,48.650421142578125,48.856605529785156,48.25679397583008,48.62230682373047,10800387
2021-11-26,47.87253952026367,48.14432907104492,47.50703048706055,47.89128494262695,13737412
2021-11-29,48.33177185058594,48.50984191894531,47.62886428833008,48.29428482055664,20384075
2021-11-30,48.0787239074707,48.0787239074707,46.68228530883789,46.84161376953125,33628852
2021-12-01,47.91939926147461,48.172447204589844,45.970008850097656,45.99812698364258,22658705
2021-12-02,46.63542556762695,48.69728088378906,46.56045150756836,48.26616668701172,27911013
2021-12-03,48.20993423461914,48.96907043457031,48.18181610107422,48.52858352661133,23848944
2021-12-06,48.922210693359375,49.971885681152344,48.7910041809082,49.06279373168945,23829845
2021-12-07,49.015933990478516,49.85004806518555,45.66073226928711,46.46672821044922,49174722
2021-12-08,46.17619323730469,46.71040344238281,45.53889465332031,45.86691665649414,39058069
2021-12-09,45.61387252807617,45.754451751708984,44.601688385009766,44.8078727722168,37396429
2021-12-10,45.24835968017578,45.46391677856445,44.779754638671875,45.407684326171875,29732382
2021-12-13,44.96719741821289,45.36082458496094,44.47047805786133,44.71415328979492,32200246
2021-12-14,43.38331985473633,45.92314910888672,43.38331985473633,45.698219299316406,37056483
2021-12-15,45.117149353027344,45.65135955810547,44.7703857421875,45.154640197753906,24584107
2021-12-16,45.501407623291016,46.41049575805664,45.37957000732422,45.773197174072266,30303760
2021-12-17,45.18275451660156,46.15745162963867,45.02342987060547,45.688846588134766,44217974
2021-12-20,45.220245361328125,45.62324142456055,44.96719741821289,45.36082458496094,20263610
2021-12-21,45.57638168334961,46.22305679321289,45.36082458496094,45.79193878173828,21079972
2021-12-22,45.71696472167969,46.07310104370117,45.38894271850586,45.951263427734375,28330984
2021-12-23,46.26991653442383,47.06654357910156,46.21368408203125,46.88847351074219,19654140
2021-12-27,46.87910079956055,47.413307189941406,46.54170608520508,47.30084228515625,17521954
2021-12-28,47.30084228515625,47.816307067871094,47.1508903503418,47.33833312988281,9904748
2021-12-29,47.45079803466797,47.58200454711914,47.1508903503418,47.413307189941406,12852655
2021-12-30,47.5351448059082,47.98500442504883,47.35707473754883,47.413307189941406,12103088
2021-12-31,47.60074996948242,48.06935119628906,47.132144927978516,47.16963577270508,13172542
2022-01-03,46.84161376953125,47.750701904296875,46.588565826416016,47.553890228271484,22093302
2022-01-04,47.52577209472656,47.816307067871094,46.78538131713867,47.03842544555664,26240518
2022-01-05,47.39456558227539,47.98500442504883,47.000938415527344,47.06654357910156,22116669
2022-01-06,47.26335525512695,47.7788200378418,47.03842544555664,47.33833312988281,19513509
2022-01-07,47.188377380371094,47.413307189941406,46.83224105834961,46.9072151184082,19093432
2022-01-10,47.207122802734375,47.72258758544922,46.73851776123047,47.34770584106445,21571219
2022-01-11,47.403934478759766,47.96626281738281,47.197750091552734,47.92877197265625,20098225
2022-01-12,48.2005615234375,48.444236755371094,47.62886428833008,47.750701904296875,19198104
2022-01-13,47.61012268066406,48.43486404418945,46.97282028198242,48.05998229980469,19125655
2022-01-14,48.23805236816406,48.8284912109375,47.92877197265625,48.43486404418945,20048823
2022-01-18,47.86316680908203,48.1630744934082,46.916587829589844,47.029052734375,24929922
2022-01-19,47.05717086791992,47.59137725830078,46.401126861572266,47.16963577270508,19048404
2022-01-20,47.33833312988281,48.378631591796875,47.000938415527344,47.06654357910156,21395804
2022-01-21,47.216495513916016,47.750701904296875,46.53233337402344,46.6073112487793,35376812
2022-01-24,47.38519287109375,47.98500442504883,45.71696472167969,46.925960540771484,44367887
2022-01-25,46.16682434082031,46.89784240722656,45.754451751708984,46.55107879638672,34308638
2022-01-26,46.41049575805664,47.188377380371094,44.864105224609375,45.417057037353516,36514127
2022-01-27,42.61480712890625,46.925960540771484,42.61480712890625,44.99531555175781,52462363
2022-01-28,44.873477935791016,46.75726318359375,44.73289489746094,46.597938537597656,36766686
2022-01-31,46.19493865966797,46.954078674316406,45.951263427734375,46.850982666015625,26110237
2022-02-01,46.06372833251953,46.869728088378906,45.8200569152832,46.80412292480469,25063617
2022-02-02,46.80412292480469,47.09465789794922,46.26054382324219,46.850982666015625,21639294
2022-02-03,47.272727966308594,47.7788200378418,46.47610092163086,46.5229606628418,30320299
2022-02-04,46.07310104370117,46.56045150756836,45.66073226928711,46.232425689697266,24757708
2022-02-07,46.34489059448242,46.41986846923828,45.65135955810547,45.79193878173828,20309278
2022-02-08,45.99812698364258,46.42924118041992,45.763824462890625,46.119964599609375,19168122
2022-02-09,46.391754150390625,46.663543701171875,46.15745162963867,46.644798278808594,20425474
2022-02-10,45.87628936767578,46.49484634399414,45.688846588134766,45.84817123413086,23029488
2022-02-11,45.679473876953125,46.232425689697266,44.517337799072266,44.62980270385742,28075544
2022-02-14,45.07966232299805,45.3514518737793,44.11433792114258,44.42361831665039,26121867
2022-02-15,44.71415328979492,45.28584671020508,44.69540786743164,45.03280258178711,22500683
2022-02-16,44.91096496582031,45.2296142578125,44.657920837402344,45.070289611816406,15847191
2022-02-17,44.6485481262207,44.66728973388672,43.73945617675781,43.83317565917969,21947123
2022-02-18,43.84254837036133,44.18931579589844,43.5145263671875,43.711341857910156,22642167
2022-02-22,44.048736572265625,44.48922348022461,43.692596435546875,43.99250030517578,23085079
2022-02-23,43.880035400390625,44.048736572265625,41.98687744140625,42.29615783691406,38709800
2022-02-24,41.6776008605957,43.16775894165039,41.49015808105469,43.12089920043945,31779528
2022-02-25,43.28959655761719,44.47985076904297,43.11152648925781,44.11433792114258,32481507
2022-02-28,43.54264450073242,44.170570373535156,43.20524978637695,43.82380676269531,31822955
2022-03-01,43.24273681640625,44.00187301635742,42.93345642089844,43.4770393371582,23306908
2022-03-02,43.80506134033203,44.1424560546875,43.345829010009766,43.46766662597656,27719273
2022-03-03,43.92689895629883,44.6485481262207,43.767574310302734,44.16120147705078,24681417
2022-03-04,43.955013275146484,44.42361831665039,43.48640823364258,44.245548248291016,22800403
2022-03-07,44.048736572265625,44.43299102783203,43.01780700683594,43.3926887512207,32776853
2022-03-08,43.430179595947266,44.329898834228516,43.18650436401367,43.23336410522461,26240411
2022-03-09,43.84254837036133,44.1799430847168,43.0927848815918,43.22399139404297,21461318
2022-03-10,42.727272033691406,42.95220184326172,42.12746047973633,42.53982925415039,19397527
2022-03-11,43.074039459228516,43.345829010009766,42.12746047973633,42.19306564331055,20896982
2022-03-14,42.511714935302734,42.8865966796875,42.02436828613281,42.14620590209961,18741001
2022-03-15,42.69915771484375,42.877227783203125,42.27741241455078,42.68041229248047,24353421
2022-03-16,42.75539016723633,43.430179595947266,42.19306564331055,43.327083587646484,21454916
2022-03-17,43.327083587646484,43.58013153076172,42.596065521240234,43.56138610839844,18091625
2022-03-18,43.402061462402344,44.0206184387207,43.055294036865234,43.964385986328125,37542822
2022-03-21,43.945640563964844,44.170570373535156,43.28959655761719,43.73945617675781,19082975
2022-03-22,44.1799430847168,44.517337799072266,44.0206184387207,44.254920959472656,16442043
2022-03-23,44.18931579589844,44.37675857543945,43.598873138427734,43.598873138427734,17316983
2022-03-24,43.93627166748047,44.06747817993164,43.5145263671875,43.86129379272461,14271552
2022-03-25,44.09559631347656,44.39550018310547,43.90815353393555,44.170570373535156,16017271
2022-03-28,44.19868850708008,44.5641975402832,43.79568862915039,44.54545593261719,20236082
2022-03-29,44.96719741821289,45.17338180541992,44.41424560546875,44.779754638671875,21830073
2022-03-30,44.582942962646484,44.83599090576172,44.43299102783203,44.69540786743164,16487284
2022-03-31,44.864105224609375,44.91096496582031,43.880035400390625,43.880035400390625,22606102
2022-04-01,44.19868850708008,44.798500061035156,43.90815353393555,44.70478057861328,16079903
2022-04-04,44.69540786743164,45.24835968017578,44.63917541503906,45.08903503417969,16164303
2022-04-05,44.44236373901367,45.25773239135742,44.43299102783203,44.864105224609375,16476614
2022-04-06,44.873477935791016,45.220245361328125,44.45173263549805,44.73289489746094,22776716
2022-04-07,44.61105728149414,44.779754638671875,43.66447830200195,44.18931579589844,20092677
2022-04-08,44.16120147705078,44.592315673828125,43.617618560791016,44.44236373901367,19439566
2022-04-11,44.657920837402344,45.37957000732422,44.5641975402832,44.62042999267578,21613152
2022-04-12,44.98594284057617,45.154640197753906,44.170570373535156,44.28303527832031,14833541
2022-04-13,44.36738586425781,45.02342987060547,44.254920959472656,44.90159225463867,15439277
2022-04-14,44.97657012939453,45.210872650146484,44.507965087890625,44.592315673828125,17648287
2022-04-18,44.66728973388672,44.99531555175781,43.72071075439453,43.91752624511719,15833640
2022-04-19,43.81443405151367,45.1921272277832,43.80506134033203,45.08903503417969,22874880
2022-04-20,44.89221954345703,45.04217529296875,44.36738586425781,44.42361831665039,24066932
2022-04-21,44.55482864379883,45.16400909423828,43.889408111572266,43.99250030517578,23844569
2022-04-22,43.92689895629883,44.048736572265625,42.48360061645508,42.530460357666016,31987486
2022-04-25,42.56794738769531,42.98969268798828,42.043113708496094,42.83973693847656,29964774
2022-04-26,42.446109771728516,42.970947265625,41.696346282958984,41.77132034301758,31183075
2022-04-27,41.80881118774414,42.249298095703125,41.31209182739258,41.65885543823242,27259609
2022-04-28,40.04685974121094,40.974693298339844,38.2005615234375,39.08153533935547,53279578
2022-04-29,38.62230682373047,39.194000244140625,37.122772216796875,37.26335525512695,47090765
2022-05-02,37.544517517089844,38.106842041015625,37.1134033203125,37.91002655029297,40131791
2022-05-03,38.19118881225586,38.21930694580078,37.46017074584961,37.835052490234375,26004177
2022-05-04,37.93814468383789,39.072166442871094,37.66635513305664,39.006561279296875,28958914
2022-05-05,38.54732894897461,38.987815856933594,37.52577209472656,37.844425201416016,32266614
2022-05-06,37.72258758544922,37.88191223144531,36.9915657043457,37.488285064697266,39047505
2022-05-09,37.488285064697266,37.85379409790039,37.10403060913086,37.26335525512695,39132865
2022-05-10,37.769447326660156,38.47235107421875,37.44142532348633,37.769447326660156,33469976
2022-05-11,37.835052490234375,38.23805236816406,37.122772216796875,37.33833312988281,33884719
2022-05-12,37.38519287109375,38.856605529785156,37.282100677490234,38.7910041809082,42257788
2022-05-13,38.48172378540039,39.268978118896484,38.47235107421875,38.87535095214844,31672935
2022-05-16,38.931583404541016,39.51265335083008,38.76288604736328,39.24086380004883,22423752
2022-05-17,39.43767547607422,40.21555709838867,39.297096252441406,40.14995193481445,19670679
2022-05-18,40.028114318847656,40.25304412841797,39.297096252441406,39.484535217285156,25136599
2022-05-19,39.287723541259766,39.76569747924805,39.17525863647461,39.38144302368164,18591088
2022-05-20,39.71883773803711,40.0,38.59418869018555,39.3720703125,25955522
2022-05-23,39.99062728881836,40.39362716674805,39.40018844604492,40.187442779541016,21617847
2022-05-24,40.01874542236328,40.39362716674805,39.43767547607422,40.36551284790039,22323027
2022-05-25,40.31864929199219,41.1340217590332,40.06560516357422,40.95595169067383,17694381
2022-05-26,40.993438720703125,41.696346282958984,40.993438720703125,41.358951568603516,26064463
2022-05-27,41.358951568603516,41.8369255065918,41.21836853027344,41.38706588745117,19284425
2022-05-31,41.15276336669922,41.85567092895508,40.7497673034668,41.49953079223633,26941323
2022-06-01,41.75257873535156,41.76194763183594,40.740394592285156,41.1715087890625,19185407
2022-06-02,40.82474136352539,41.087158203125,40.29053497314453,41.0496711730957,17864568
2022-06-03,40.927833557128906,41.03092956542969,40.1218376159668,40.23430252075195,20988637
2022-06-06,40.39362716674805,40.60918426513672,39.3720703125,39.625118255615234,21494182
2022-06-07,39.31583786010742,40.028114318847656,39.10965347290039,39.95314025878906,15455495
2022-06-08,39.85004806518555,40.702903747558594,39.756324768066406,40.14995193481445,18351120
2022-06-09,40.06560516357422,40.35614013671875,39.51265335083008,39.531394958496094,23113674
2022-06-10,39.194000244140625,39.38144302368164,38.912841796875,39.015933990478516,22729447
2022-06-13,38.47235107421875,38.60356140136719,37.553890228271484,37.67572784423828,34198524
2022-06-14,37.91939926147461,38.388004302978516,37.132144927978516,37.33833312988281,25295369
2022-06-15,37.79756164550781,38.35051345825195,37.216495513916016,37.61012268066406,33895389
2022-06-16,37.01968002319336,37.04779815673828,35.201499938964844,35.52952194213867,38455107
2022-06-17,35.52952194213867,36.373008728027344,35.52952194213867,36.27928924560547,55635087
2022-06-21,36.54170608520508,36.83224105834961,35.87628936767578,36.06372833251953,31123323
2022-06-22,35.93252182006836,36.860355377197266,35.782569885253906,36.45735549926758,28614593
2022-06-23,36.4854736328125,36.73851776123047,36.054359436035156,36.654170989990234,28413463
2022-06-24,36.47610092163086,37.141517639160156,36.46672821044922,37.08528518676758,28474922
2022-06-27,37.141517639160156,37.51639938354492,37.01968002319336,37.32896041870117,19373306
2022-06-28,37.51639938354492,38.022491455078125,36.644798278808594,36.672916412353516,18464435
2022-06-29,36.81349563598633,36.935333251953125,36.326148986816406,36.860355377197266,18117767
2022-06-30,36.56045150756836,37.16963577270508,36.08247375488281,36.77600860595703,23011242
2022-07-01,36.89784240722656,37.85379409790039,36.81349563598633,37.760074615478516,17259685
2022-07-05,36.87910079956055,37.32896041870117,36.46672821044922,37.32896041870117,20614867
2022-07-06,37.46017074584961,37.59137725830078,37.122772216796875,37.32896041870117,21352057
2022-07-07,37.216495513916016,37.572635650634766,36.935333251953125,37.43205261230469,20292633
2022-07-08,37.403934478759766,37.685096740722656,37.01968002319336,37.45079803466797,13978127
2022-07-11,37.31021499633789,37.43205261230469,36.56045150756836,36.71040344238281,22360799
2022-07-12,36.860355377197266,37.825679779052734,36.672916412353516,37.25398254394531,26460213
2022-07-13,36.89784240722656,37.62886428833008,36.5229606628418,37.37582015991211,18132918
2022-07-14,36.80412292480469,37.16026306152344,36.597938537597656,37.09465789794922,17565488
2022-07-15,37.43205261230469,38.359886169433594,37.38519287109375,38.33177185058594,23626261
2022-07-18,38.33177185058594,38.59418869018555,37.900657653808594,37.99437713623047,17722870
2022-07-19,38.50046920776367,38.800376892089844,38.303653717041016,38.716026306152344,16125144
2022-07-20,38.81911849975586,39.343955993652344,38.378631591796875,39.194000244140625,17924853
2022-07-21,38.96907043457031,39.71883773803711,38.55670166015625,39.615745544433594,20835309
2022-07-22,39.74695587158203,40.21555709838867,39.568885803222656,39.92502212524414,25713206
2022-07-25,40.19681167602539,40.19681167602539,39.50328063964844,39.80318832397461,17971374
2022-07-26,39.559513092041016,40.14995193481445,39.559513092041016,40.0374870300293,27080994
2022-07-27,39.831302642822266,40.974693298339844,39.76569747924805,40.646671295166016,29251378
2022-07-28,37.10403060913086,37.78819274902344,36.53233337402344,36.935333251953125,49754103
2022-07-29,36.63542556762695,36.654170989990234,34.27366256713867,35.16400909423828,57761725
2022-08-01,34.70478057861328,35.25773239135742,34.45173263549805,35.154640197753906,28357766
2022-08-02,35.2296142578125,35.679473876953125,35.08903503417969,35.31396484375,27275188
2022-08-03,35.44517135620117,36.21368408203125,35.2764778137207,36.06372833251953,29531893
2022-08-04,36.15745162963867,36.75726318359375,35.951263427734375,36.4854736328125,21247491
2022-08-05,35.398311614990234,36.00749969482422,35.398311614990234,35.86691665649414,22142597
2022-08-08,36.33552169799805,36.9072151184082,36.09184646606445,36.16682434082031,16754354
2022-08-09,36.16682434082031,36.307403564453125,35.482662200927734,35.763824462890625,18717207
2022-08-10,36.33552169799805,36.61668014526367,36.13870620727539,36.51359176635742,19661182
2022-08-11,36.71040344238281,37.33833312988281,36.672916412353516,36.925960540771484,16072861
2022-08-12,37.282100677490234,37.553890228271484,36.96344757080078,37.488285064697266,18064737
2022-08-15,37.10403060913086,38.0787239074707,36.925960540771484,38.022491455078125,20279082
2022-08-16,37.63823699951172,38.01312255859375,37.43205261230469,37.825679779052734,18823801
2022-08-17,37.469539642333984,37.56325912475586,36.62605285644531,36.79475021362305,19683696
2022-08-18,36.81349563598633,36.935333251953125,35.99812698364258,36.18556594848633,30982372
2022-08-19,35.9793815612793,36.35426330566406,35.745079040527344,36.25117111206055,21011577
2022-08-22,36.20431137084961,36.20431137084961,35.18275451660156,35.25773239135742,22834013
2022-08-23,35.28584671020508,35.4358024597168,34.882850646972656,34.90159225463867,17611582
2022-08-24,34.873477935791016,35.29521942138672,34.74226760864258,34.779754638671875,18852076
2022-08-25,34.948455810546875,35.342079162597656,34.70478057861328,35.23898696899414,23016257
2022-08-26,35.37957000732422,35.688846588134766,34.47047805786133,34.48922348022461,23199034
2022-08-29,34.41424560546875,34.5641975402832,33.973758697509766,34.01124572753906,24853951
2022-08-30,34.226802825927734,34.2642936706543,33.37394714355469,33.4770393371582,25290674
2022-08-31,33.983131408691406,34.1799430847168,33.767574310302734,33.91752624511719,34654346
2022-09-01,33.880035400390625,34.61105728149414,33.880035400390625,34.582942962646484,24252056
2022-09-02,34.62042999267578,34.70478057861328,33.411434173583984,33.5145263671875,21437417
2022-09-06,33.72071075439453,33.72071075439453,32.41799545288086,32.55857467651367,31841627
2022-09-07,32.586692810058594,32.877227783203125,32.41799545288086,32.783504486083984,35412450
2022-09-08,32.717899322509766,32.717899322509766,31.621368408203125,32.21180725097656,41693772
2022-09-09,32.27741241455078,33.270851135253906,32.183692932128906,33.20524978637695,30190765
2022-09-12,33.4770393371582,33.64573669433594,33.149017333984375,33.44892120361328,23240327
2022-09-13,32.867855072021484,32.95220184326172,31.312089920043945,31.358949661254883,38369960
2022-09-14,31.893157958984375,32.530460357666016,31.537019729614258,32.3055305480957,33878530
2022-09-15,32.28678512573242,32.427364349365234,31.602624893188477,31.865041732788086,39478467
2022-09-16,31.949390411376953,32.530460357666016,31.7994384765625,32.35239028930664,55798232
2022-09-19,32.20243835449219,32.586692810058594,31.865041732788086,32.29615783691406,24976229
2022-09-20,31.855670928955078,32.08060073852539,31.490158081054688,31.715089797973633,28407808
2022-09-21,31.883785247802734,31.949390411376953,30.6279296875,30.64667320251465,39194858
2022-09-22,30.55295181274414,30.85285758972168,30.27178955078125,30.431114196777344,26870154
2022-09-23,30.33739471435547,30.3748836517334,29.47516441345215,29.840675354003906,29287550
2022-09-26,29.671977996826172,29.850046157836914,28.612932205200195,28.950328826904297,36436983
2022-09-27,29.315839767456055,29.43767547607422,28.116214752197266,28.359888076782227,36665641
2022-09-28,28.744142532348633,29.41893196105957,28.49109649658203,29.2033748626709,28175949
2022-09-29,28.922212600708008,28.922212600708008,28.116214752197266,28.51921272277832,30373756
2022-09-30,28.72539710998535,28.72539710998535,27.441425323486328,27.488285064697266,33524713
2022-10-03,27.96626091003418,28.83786392211914,27.731958389282227,28.706653594970703,36646755
2022-10-04,28.5754451751709,29.14714241027832,28.49109649658203,29.044048309326172,30071688
2022-10-05,28.612932205200195,28.969072341918945,28.24742317199707,28.80974769592285,23828991
2022-10-06,28.706653594970703,28.79100227355957,28.106842041015625,28.163074493408203,34686783
2022-10-07,28.00374984741211,28.097469329833984,27.36644744873047,27.432052612304688,30783590
2022-10-10,27.68509864807129,27.881912231445312,27.207122802734375,27.30084228515625,25163168
2022-10-11,27.113401412963867,27.31958770751953,26.832239151000977,26.879100799560547,37072702
2022-10-12,26.925960540771484,27.488285064697266,26.72914695739746,26.888471603393555,31779528
2022-10-13,26.869728088378906,28.594188690185547,26.607309341430664,28.331771850585938,37521909
2022-10-14,28.603561401367188,28.903467178344727,28.125585556030273,28.163074493408203,29430528
2022-10-17,28.55670166015625,29.015932083129883,28.49109649658203,28.884723663330078,31059303
2022-10-18,29.3720703125,29.606372833251953,28.55670166015625,28.81911849975586,31195239
2022-10-19,28.80037498474121,29.015932083129883,28.359888076782227,28.48172378540039,31036789
2022-10-20,28.58481788635254,28.875350952148438,28.359888076782227,28.54732894897461,24537906
2022-10-21,28.406747817993164,28.81911849975586,28.163074493408203,28.566072463989258,32882806
2022-10-24,28.903467178344727,29.40955924987793,28.80037498474121,29.12839698791504,30569977
2022-10-25,29.240861892700195,29.6251163482666,29.12839698791504,29.578256607055664,27008651
2022-10-26,29.99062728881836,30.159324645996094,29.47516441345215,29.522024154663086,34201191
2022-10-27,30.9184627532959,32.10871505737305,29.859418869018555,29.96251106262207,41570427
2022-10-28,29.47516441345215,30.01874351501465,28.706653594970703,29.943767547607422,36719738
2022-10-31,29.878162384033203,29.878162384033203,29.268978118896484,29.7469539642334,27599769
2022-11-01,29.98125648498535,30.56232452392578,29.559513092041016,29.578256607055664,24896311
2022-11-02,29.512651443481445,29.99062728881836,28.912839889526367,28.969072341918945,26980055
2022-11-03,28.54732894897461,28.659793853759766,28.153701782226562,28.47235107421875,31133886
2022-11-04,28.753515243530273,29.465791702270508,28.47235107421875,29.053421020507812,30902347
2022-11-07,29.362699508666992,29.850046157836914,29.17525863647461,29.615745544433594,28448247
2022-11-08,29.72821044921875,30.30927848815918,29.493907928466797,29.896907806396484,23344360
2022-11-09,29.671977996826172,29.896907806396484,29.222118377685547,29.41893196105957,22251538
2022-11-10,30.674789428710938,30.83411407470703,30.140581130981445,30.712276458740234,33641550
2022-11-11,31.049671173095703,31.921274185180664,30.768510818481445,31.883785247802734,26125388
2022-11-14,31.78069305419922,32.48360061645508,31.686973571777344,31.986879348754883,30706233
2022-11-15,32.455482482910156,32.877227783203125,31.81818199157715,32.12746047973633,27835896
2022-11-16,32.05248260498047,32.35239028930664,31.537019729614258,31.846298217773438,20782706
2022-11-17,31.358949661254883,32.3805046081543,31.124649047851562,32.10871505737305,27760779
2022-11-18,32.258670806884766,32.717899322509766,32.12746047973633,32.33364486694336,22841589
2022-11-21,32.446109771728516,32.69915771484375,31.893157958984375,32.19306564331055,21108354
2022-11-22,32.39925003051758,32.98969268798828,32.27741241455078,32.89596939086914,27532228
2022-11-23,32.83036422729492,33.43954849243164,32.75539016723633,33.29896926879883,19089057
2022-11-25,33.3926887512207,33.72071075439453,33.26148223876953,33.411434173583984,11535230
2022-11-28,33.139644622802734,33.420806884765625,33.03655242919922,33.355201721191406,20547539
2022-11-29,33.24273681640625,33.43954849243164,32.90534210205078,33.25210952758789,17636230
2022-11-30,33.23336410522461,34.39550018310547,32.96157455444336,34.33926773071289,38620812
2022-12-01,34.09559631347656,34.75164031982422,33.92689895629883,34.00187301635742,22598420
2022-12-02,33.37394714355469,33.82380676269531,33.24273681640625,33.608245849609375,27538203
2022-12-05,33.149017333984375,33.77694320678711,32.92408752441406,32.94282913208008,34945530
2022-12-06,33.083412170410156,33.0927848815918,32.32427215576172,32.586692810058594,24498747
2022-12-07,32.521087646484375,32.64292526245117,32.10871505737305,32.446109771728516,24214498
2022-12-08,32.427364349365234,32.93345642089844,32.2211799621582,32.774131774902344,19201199
2022-12-09,32.783504486083984,33.52389907836914,32.61480712890625,33.10215759277344,19224032
2022-12-12,33.30834197998047,34.27366256713867,33.22399139404297,34.226802825927734,31123430
2022-12-13,35.10778045654297,35.501407623291016,34.19868850708008,34.40487289428711,30258306
2022-12-14,32.68041229248047,33.93627166748047,32.54920196533203,33.130271911621094,36185598
2022-12-15,32.717899322509766,32.96157455444336,32.28678512573242,32.43674087524414,29568277
2022-12-16,32.174320220947266,32.586692810058594,31.921274185180664,32.32427215576172,73475967
2022-12-19,32.39925003051758,32.55857467651367,31.7994384765625,31.846298217773438,25314575
2022-12-20,31.846298217773438,32.38987731933594,31.658857345581055,32.249298095703125,34072511
2022-12-21,32.54920196533203,33.17713165283203,32.49296951293945,32.877227783203125,24542387
2022-12-22,32.57732009887695,32.90534210205078,32.249298095703125,32.63355255126953,33027171
2022-12-23,32.596065521240234,32.98969268798828,32.55857467651367,32.93345642089844,13213408
2022-12-27,32.90534210205078,33.064666748046875,32.4648551940918,32.802249908447266,16339611
2022-12-28,32.89596939086914,33.03655242919922,32.43674087524414,32.446109771728516,15311557
2022-12-29,32.62417984008789,33.130271911621094,32.521087646484375,32.8491096496582,13420939
2022-12-30,32.62417984008789,32.783504486083984,32.36176300048828,32.774131774902344,16416969
