trade_date,open,high,low,close,volume
2018-01-02,19.610000610351562,20.165000915527344,19.54199981689453,20.10700035095215,109669000
2018-01-03,20.204999923706055,20.621000289916992,20.149999618530273,20.5049991607666,85914000
2018-01-04,20.6200008392334,20.704999923706055,20.399999618530273,20.562999725341797,60296000
2018-01-05,20.725000381469727,21.00200080871582,20.55900001525879,20.999000549316406,70332000
2018-01-08,21.00200080871582,21.25,20.8439998626709,21.204999923706055,55802000
2018-01-09,21.211000442504883,21.29800033569336,20.858999252319336,20.930999755859375,61259000
2018-01-10,20.756999969482422,21.36400032043457,20.69099998474121,21.25200080871582,59515000
2018-01-11,21.429000854492188,21.774999618530273,21.334999084472656,21.724000930786133,76595000
2018-01-12,21.718000411987305,22.2549991607666,21.600000381469727,22.12299919128418,81994000
2018-01-16,22.423999786376953,22.60700035095215,21.719999313354492,22.152999877929688,135161000
2018-01-17,22.100000381469727,22.114999771118164,21.631999969482422,21.75,91231000
2018-01-18,22.034000396728516,22.058000564575195,21.655000686645508,22.033000946044922,82253000
2018-01-19,22.274999618530273,22.349000930786133,21.850000381469727,22.04599952697754,105486000
2018-01-22,22.200000762939453,22.77899932861328,22.1200008392334,22.757999420166016,177033000
2018-01-23,25.5049991607666,25.770999908447266,24.802000045776367,25.02899932861328,277053000
2018-01-24,25.08799934387207,26.17099952697754,24.930999755859375,26.1299991607666,173524000
2018-01-25,26.299999237060547,27.229999542236328,26.023000717163086,26.969999313354492,153364000
2018-01-26,27.14900016784668,27.459999084472656,26.875999450683594,27.459999084472656,110218000
2018-01-29,27.420000076293945,28.680999755859375,27.392000198364258,28.458999633789062,175297000
2018-01-30,27.700000762939453,28.273000717163086,27.270000457763672,27.8799991607666,124829000
2018-01-31,28.194000244140625,28.229000091552734,26.95800018310547,27.030000686645508,116951000
2018-02-01,26.641000747680664,27.19499969482422,26.33799934387207,26.506999969482422,96690000
2018-02-02,26.299999237060547,27.062000274658203,26.270999908447266,26.743000030517578,91236000
2018-02-05,26.200000762939453,26.790000915527344,25.003000259399414,25.426000595092773,118961000
2018-02-06,24.770000457763672,26.670000076293945,24.5,26.57200050354004,125958000
2018-02-07,26.658000946044922,27.2450008392334,26.433000564575195,26.45599937438965,89815000
2018-02-08,26.70800018310547,26.761999130249023,25.0,25.010000228881836,93067000
2018-02-09,25.385000228881836,25.579999923706055,23.611000061035156,24.94700050354004,169069000
2018-02-12,25.214000701904297,25.915000915527344,24.899999618530273,25.795000076293945,85349000
2018-02-13,25.729000091552734,26.141000747680664,25.469999313354492,25.82699966430664,68552000
2018-02-14,26.047000885009766,26.988000869750977,26.033000946044922,26.600000381469727,109720000
2018-02-15,27.003000259399414,28.049999237060547,26.76300048828125,28.027000427246094,107597000
2018-02-16,27.87299919128418,28.195999145507812,27.569000244140625,27.851999282836914,83124000
2018-02-20,27.77400016784668,28.58099937438965,27.660999298095703,27.854999542236328,77690000
2018-02-21,28.207000732421875,28.663999557495117,28.000999450683594,28.104000091552734,93711000
2018-02-22,28.38800048828125,28.450000762939453,27.44499969482422,27.81399917602539,88915000
2018-02-23,28.100000381469727,28.600000381469727,27.7810001373291,28.593000411987305,73018000
2018-02-26,28.875,29.565000534057617,28.701000213623047,29.416000366210938,102686000
2018-02-27,29.476999282836914,29.736000061035156,29.05900001525879,29.06100082397461,94165000
2018-02-28,29.309999465942383,29.575000762939453,29.077999114990234,29.13800048828125,76535000
2018-03-01,29.274999618530273,29.524999618530273,28.382999420166016,29.038999557495117,119321000
2018-03-02,28.46500015258789,30.118000030517578,28.322999954223633,30.104999542236328,133453000
2018-03-05,30.28499984741211,31.69099998474121,29.760000228881836,31.5,189861000
2018-03-06,31.988000869750977,32.57899856567383,31.649999618530273,32.52199935913086,185258000
2018-03-07,32.0,32.374000549316406,31.454999923706055,32.11600112915039,171322000
2018-03-08,32.220001220703125,32.29199981689453,31.413000106811523,31.700000762939453,113401000
2018-03-09,32.132999420166016,33.14400100708008,32.02299880981445,33.14400100708008,145002000
2018-03-12,33.35599899291992,33.39799880981445,31.860000610351562,32.130001068115234,203692000
2018-03-13,32.387001037597656,32.58399963378906,31.327999114990234,31.58799934387207,129172000
2018-03-14,31.81599998474121,32.38800048828125,31.770000457763672,32.154998779296875,104751000
2018-03-15,32.31700134277344,32.34000015258789,31.81399917602539,32.10900115966797,56429000
2018-03-16,32.141998291015625,32.4109992980957,31.836999893188477,31.844999313354492,73337000
2018-03-19,31.579999923706055,31.700000762939453,30.733999252319336,31.347999572753906,99252000
2018-03-20,31.326000213623047,31.950000762939453,31.280000686645508,31.75,59919000
2018-03-21,31.635000228881836,31.940000534057617,31.451000213623047,31.648000717163086,52639000
2018-03-22,31.30699920654297,31.41200065612793,30.56599998474121,30.670000076293945,80633000
2018-03-23,30.740999221801758,30.937000274658203,30.035999298095703,30.0939998626709,95299000
2018-03-26,30.93600082397461,32.10300064086914,30.200000762939453,32.03499984741211,119883000
2018-03-27,32.249000549316406,32.290000915527344,29.700000762939453,30.069000244140625,120686000
2018-03-28,29.839000701904297,29.8799991607666,28.160999298095703,28.57699966430664,189729000
2018-03-29,28.700000762939453,29.53499984741211,27.59000015258789,29.53499984741211,191455000
2018-04-02,29.194000244140625,29.28700065612793,27.5049991607666,28.02899932861328,134058000
2018-04-03,28.545000076293945,29.125,27.801000595092773,28.367000579833984,126949000
2018-04-04,27.363000869750977,29.0310001373291,27.121999740600586,28.893999099731445,129140000
2018-04-05,29.315000534057617,29.916000366210938,28.910999298095703,29.39699935913086,106552000
2018-04-06,28.90999984741211,29.885000228881836,28.565000534057617,28.885000228881836,114448000
2018-04-09,29.177000045776367,29.954999923706055,28.91200065612793,28.993000030517578,98536000
2018-04-10,29.76799964904785,29.895000457763672,29.16900062561035,29.80699920654297,106605000
2018-04-11,30.288000106811523,31.163999557495117,30.18199920654297,30.367000579833984,148774000
2018-04-12,30.972000122070312,31.113000869750977,30.674999237060547,30.924999237060547,102494000
2018-04-13,31.729000091552734,31.749000549316406,30.822999954223633,31.165000915527344,120466000
2018-04-16,31.599000930786133,31.610000610351562,30.399999618530273,30.777999877929688,203079000
2018-04-17,32.965999603271484,33.86199951171875,32.37699890136719,33.60599899291992,338665000
2018-04-18,33.630001068115234,33.88199996948242,33.11000061035156,33.45199966430664,112211000
2018-04-19,33.28799819946289,33.53099822998047,32.676998138427734,33.27000045776367,84388000
2018-04-20,33.22200012207031,33.6510009765625,32.599998474121094,32.777000427246094,91587000
2018-04-23,32.915000915527344,33.12200164794922,31.70800018310547,31.868999481201172,89680000
2018-04-24,31.922000885009766,32.025001525878906,30.231000900268555,30.70199966430664,138932000
2018-04-25,30.636999130249023,30.99799919128418,29.261999130249023,30.576000213623047,149197000
2018-04-26,31.0,31.663000106811523,30.558000564575195,31.398000717163086,92667000
2018-04-27,31.625,31.7450008392334,30.649999618530273,31.176000595092773,70744000
2018-04-30,31.10700035095215,31.788000106811523,31.011999130249023,31.246000289916992,60888000
2018-05-01,31.035999298095703,31.347999572753906,30.66900062561035,31.329999923706055,60366000
2018-05-02,31.165000915527344,31.709999084472656,31.040000915527344,31.336000442504883,56971000
2018-05-03,31.259000778198242,31.259000778198242,30.572999954223633,31.16900062561035,61358000
2018-05-04,30.871000289916992,32.097999572753906,30.767000198364258,32.00899887084961,82095000
2018-05-07,32.19900131225586,32.902000427246094,31.93400001525879,32.625999450683594,71178000
2018-05-08,32.59000015258789,32.73500061035156,32.30500030517578,32.68899917602539,47357000
2018-05-09,32.87900161743164,33.19499969482422,32.750999450683594,33.029998779296875,56334000
2018-05-10,33.150001525878906,33.20600128173828,32.73400115966797,32.959999084472656,53023000
2018-05-11,32.96500015258789,33.125999450683594,32.48699951171875,32.645999908447266,45897000
2018-05-14,32.724998474121094,33.04999923706055,32.70399856567383,32.85300064086914,40898000
2018-05-15,32.59400177001953,32.694000244140625,32.24300003051758,32.612998962402344,47461000
2018-05-16,32.62799835205078,32.97200012207031,32.513999938964844,32.819000244140625,36717000
2018-05-17,32.75299835205078,33.04499816894531,32.31700134277344,32.52199935913086,49357000
2018-05-18,32.4900016784668,32.641998291015625,32.279998779296875,32.417999267578125,35777000
2018-05-21,32.71099853515625,33.1879997253418,32.54499816894531,33.18199920654297,66573000
2018-05-22,33.404998779296875,33.66299819946289,33.1150016784668,33.1619987487793,59644000
2018-05-23,32.90399932861328,34.5,32.808998107910156,34.47200012207031,100491000
2018-05-24,34.433998107910156,35.400001525878906,34.11199951171875,34.92900085449219,147586000
2018-05-25,34.9900016784668,35.43600082397461,34.882999420166016,35.12900161743164,78174000
2018-05-29,35.150001525878906,35.61000061035156,34.67100143432617,34.972999572753906,97179000
2018-05-30,35.23699951171875,35.400001525878906,34.92599868774414,35.354000091552734,56855000
2018-05-31,35.380001068115234,35.553001403808594,35.020999908447266,35.15999984741211,69217000
2018-06-01,35.38800048828125,35.999000549316406,35.28200149536133,35.99300003051758,71123000
2018-06-04,36.268001556396484,36.29999923706055,35.55099868774414,36.180999755859375,76820000
2018-06-05,36.332000732421875,36.983001708984375,36.14099884033203,36.58000183105469,83580000
2018-06-06,36.77799987792969,36.96799850463867,36.33300018310547,36.744998931884766,77123000
2018-06-07,36.854000091552734,36.869998931884766,35.779998779296875,36.13999938964844,82780000
2018-06-08,35.805999755859375,36.23899841308594,35.625,36.05699920654297,52257000
2018-06-11,36.1879997253418,36.56700134277344,36.090999603271484,36.14500045776367,44324000
2018-06-12,36.36000061035156,36.597999572753906,36.20000076293945,36.382999420166016,42910000
2018-06-13,36.75299835205078,38.42499923706055,36.4109992980957,37.99300003051758,182228000
2018-06-14,38.426998138427734,39.50299835205078,38.32500076293945,39.2869987487793,145983000
2018-06-15,39.07099914550781,39.88600158691406,38.750999450683594,39.198001861572266,135881000
2018-06-18,38.77199935913086,39.316001892089844,38.650001525878906,39.040000915527344,68248000
2018-06-19,38.95000076293945,40.52899932861328,38.849998474121094,40.49800109863281,166971000
2018-06-20,41.51499938964844,41.946998596191406,40.959999084472656,41.67599868774414,164946000
2018-06-21,42.13800048828125,42.32099914550781,40.637001037597656,41.54399871826172,183899000
2018-06-22,41.99800109863281,42.04999923706055,40.96500015258789,41.10900115966797,104286000
2018-06-25,40.46900177001953,40.5989990234375,37.875,38.448001861572266,224909000
2018-06-26,39.327999114990234,40.47800064086914,38.904998779296875,39.93899917602539,151912000
2018-06-27,40.75600051879883,41.159000396728516,39.0,39.03900146484375,165414000
2018-06-28,39.5,39.689998626708984,38.709999084472656,39.54199981689453,122199000
2018-06-29,39.91899871826172,40.132999420166016,39.05500030517578,39.143001556396484,92525000
2018-07-02,38.54499816894531,39.8380012512207,38.0,39.81800079345703,81425000
2018-07-03,39.94900131225586,39.99800109863281,38.95000076293945,39.051998138427734,52803000
2018-07-05,39.380001068115234,39.92399978637695,39.08599853515625,39.8390007019043,84489000
2018-07-06,39.744998931884766,40.8650016784668,39.551998138427734,40.82500076293945,86296000
2018-07-09,41.595001220703125,41.9119987487793,41.11000061035156,41.89699935913086,111275000
2018-07-10,41.7239990234375,41.944000244140625,41.30799865722656,41.5629997253418,93829000
2018-07-11,41.13399887084961,41.97700119018555,41.060001373291016,41.8650016784668,97139000
2018-07-12,41.51599884033203,41.67900085449219,40.779998779296875,41.349998474121094,127433000
2018-07-13,40.91899871826172,41.0,39.507999420166016,39.58000183105469,157190000
2018-07-16,39.89799880981445,40.33599853515625,39.17499923706055,40.04800033569336,229600000
2018-07-17,34.69499969482422,38.5,34.400001525878906,37.948001861572266,584104000
2018-07-18,38.124000549316406,38.3129997253418,37.236000061035156,37.51300048828125,217463000
2018-07-19,37.10599899291992,37.57500076293945,36.29999923706055,36.42300033569336,168787000
2018-07-20,36.492000579833984,37.04999923706055,36.013999938964844,36.10499954223633,150967000
2018-07-23,35.915000915527344,36.38999938964844,35.36000061035156,36.26599884033203,115052000
2018-07-24,36.694000244140625,36.7400016784668,35.45600128173828,35.731998443603516,128515000
2018-07-25,35.75699996948242,36.327999114990234,35.564998626708984,36.2869987487793,84678000
2018-07-26,35.819000244140625,36.55400085449219,35.66299819946289,36.308998107910156,69937000
2018-07-27,36.685001373291016,36.70000076293945,35.165000915527344,35.520999908447266,89495000
2018-07-30,35.19300079345703,35.202999114990234,33.402000427246094,33.49599838256836,182607000
2018-07-31,33.1510009765625,34.25,32.79999923706055,33.744998931884766,140854000
2018-08-01,33.58700180053711,34.441001892089844,33.402000427246094,33.8380012512207,77905000
2018-08-02,33.722999572753906,34.5,33.47100067138672,34.45000076293945,71313000
2018-08-03,34.775001525878906,34.7859992980957,33.847999572753906,34.308998107910156,88484000
2018-08-06,34.2869987487793,35.198001861572266,34.17399978637695,35.09199905395508,81981000
2018-08-07,35.323001861572266,35.73099899291992,34.9010009765625,35.18299865722656,79709000
2018-08-08,35.22100067138672,35.229000091552734,34.6609992980957,34.76100158691406,53947000
2018-08-09,34.79600143432617,35.24399948120117,34.582000732421875,34.93600082397461,48203000
2018-08-10,34.691001892089844,34.90999984741211,34.44200134277344,34.58700180053711,43284000
2018-08-13,33.98899841308594,34.71900177001953,33.90700149536133,34.13100051879883,68889000
2018-08-14,34.20899963378906,34.24100112915039,33.625,33.749000549316406,58052000
2018-08-15,33.40299987792969,33.54999923706055,32.099998474121094,32.63999938964844,117845000
2018-08-16,32.9900016784668,33.117000579833984,32.12099838256836,32.24399948120117,66897000
2018-08-17,31.900999069213867,32.4370002746582,31.29599952697754,31.67799949645996,104079000
2018-08-20,31.464000701904297,33.15999984741211,31.093000411987305,32.77299880981445,135911000
2018-08-21,33.099998474121094,34.150001525878906,32.970001220703125,33.801998138427734,147832000
2018-08-22,33.8489990234375,34.62099838256836,33.74100112915039,34.444000244140625,89307000
2018-08-23,34.81100082397461,35.007999420166016,33.76499938964844,33.91699981689453,113364000
2018-08-24,34.599998474121094,35.915000915527344,34.45399856567383,35.88199996948242,147291000
2018-08-27,36.71500015258789,37.44900131225586,36.0,36.45800018310547,174273000
2018-08-28,36.722999572753906,36.999000549316406,36.03799819946289,36.8489990234375,92226000
2018-08-29,36.720001220703125,36.986000061035156,36.29100036621094,36.80400085449219,81187000
2018-08-30,36.5,37.680999755859375,36.354000091552734,37.097999572753906,109810000
2018-08-31,37.066001892089844,37.599998474121094,36.70800018310547,36.768001556396484,79434000
2018-09-04,36.64699935913086,36.88800048828125,36.125999450683594,36.36000061035156,76052000
2018-09-05,36.0,36.3390007019043,33.58300018310547,34.11800003051758,130928000
2018-09-06,34.74399948120117,35.599998474121094,34.19900131225586,34.645999908447266,130502000
2018-09-07,34.220001220703125,35.57500076293945,34.125,34.86800003051758,91058000
2018-09-10,35.22700119018555,35.25,34.30799865722656,34.840999603271484,57522000
2018-09-11,34.46699905395508,35.6150016784668,34.38999938964844,35.59299850463867,61981000
2018-09-12,35.90800094604492,37.042999267578125,35.624000549316406,36.994998931884766,104808000
2018-09-13,37.191001892089844,37.409000396728516,36.683998107910156,36.814998626708984,83661000
2018-09-14,36.85499954223633,37.10900115966797,36.34600067138672,36.45600128173828,47564000
2018-09-17,36.422000885009766,36.733001708984375,34.957000732421875,35.03499984741211,70719000
2018-09-18,35.367000579833984,36.814998626708984,35.15599822998047,36.76499938964844,104140000
2018-09-19,37.39500045776367,37.76100158691406,35.91699981689453,36.69599914550781,118768000
2018-09-20,37.0260009765625,37.0260009765625,36.31700134277344,36.5359992980957,67681000
2018-09-21,36.659000396728516,37.22200012207031,36.07400131225586,36.11899948120117,119306000
2018-09-24,35.900001525878906,37.36399841308594,35.43299865722656,36.96099853515625,93225000
2018-09-25,37.02299880981445,37.13399887084961,36.44900131225586,36.94300079345703,67998000
2018-09-26,37.35900115966797,38.20000076293945,37.0880012512207,37.78799819946289,137997000
2018-09-27,37.98699951171875,38.31999969482422,37.599998474121094,38.07099914550781,73262000
2018-09-28,37.92399978637695,38.08000183105469,37.37300109863281,37.41299819946289,71149000
2018-10-01,37.584999084472656,38.611000061035156,37.558998107910156,38.143001556396484,83766000
2018-10-02,38.4379997253418,38.68000030517578,37.382999420166016,37.7140007019043,86387000
2018-10-03,37.85300064086914,38.09299850463867,37.487998962402344,37.70500183105469,57986000
2018-10-04,37.5880012512207,37.59199905395508,36.040000915527344,36.3650016784668,90744000
2018-10-05,35.97700119018555,36.349998474121094,34.29999923706055,35.1349983215332,135230000
2018-10-08,34.518001556396484,35.29499816894531,33.81100082397461,34.90999984741211,123755000
2018-10-09,34.847999572753906,35.87200164794922,34.70899963378906,35.57099914550781,87550000
2018-10-10,35.35200119018555,35.51499938964844,32.53900146484375,32.5890007019043,171831000
2018-10-11,32.49399948120117,33.41999816894531,31.58099937438965,32.11000061035156,160821000
2018-10-12,33.957000732421875,34.130001068115234,32.88999938964844,33.95600128173828,148708000
2018-10-15,33.76300048828125,33.92100143432617,32.69300079345703,33.3129997253418,112150000
2018-10-16,33.7239990234375,34.79499816894531,33.055999755859375,34.63999938964844,201564000
2018-10-17,37.83300018310547,38.0,35.650001525878906,36.470001220703125,326109000
2018-10-18,36.06700134277344,36.220001220703125,34.60499954223633,34.67100143432617,184610000
2018-10-19,35.099998474121094,35.58000183105469,33.220001220703125,33.266998291015625,167172000
2018-10-22,33.310001373291016,33.58000183105469,32.034000396728516,32.95399856567383,170972000
2018-10-23,31.799999237060547,33.65800094604492,31.677000045776367,33.316001892089844,149073000
2018-10-24,33.22800064086914,33.29999923706055,30.072999954223633,30.183000564575195,190393000
2018-10-25,30.711999893188477,31.993999481201172,30.524999618530273,31.28700065612793,133469000
2018-10-26,30.051000595092773,31.39900016784668,29.229999542236328,29.982999801635742,196160000
2018-10-29,30.525999069213867,30.788999557495117,27.540000915527344,28.483999252319336,216988000
2018-10-30,27.55699920654297,29.052000045776367,27.121000289916992,28.58099937438965,236857000
2018-10-31,29.777000427246094,31.149999618530273,29.5049991607666,30.17799949645996,203603000
2018-11-01,30.458999633789062,31.844999313354492,29.66699981689453,31.738000869750977,151215000
2018-11-02,31.799999237060547,32.1879997253418,30.83300018310547,30.90999984741211,134046000
2018-11-05,31.110000610351562,31.753000259399414,30.374000549316406,31.54400062561035,102830000
2018-11-06,31.47599983215332,32.02199935913086,30.530000686645508,31.083999633789062,97104000
2018-11-07,31.290000915527344,32.85599899291992,31.100000381469727,32.75,133283000
2018-11-08,32.79999923706055,33.20500183105469,31.660999298095703,31.79199981689453,110239000
2018-11-09,31.10700035095215,31.29800033569336,29.801000595092773,30.347000122070312,134808000
2018-11-12,30.0,30.249000549316406,29.062999725341797,29.406999588012695,109248000
2018-11-13,29.5,30.354999542236328,28.90999984741211,29.440000534057617,122322000
2018-11-14,30.040000915527344,30.18400001525879,27.829999923706055,28.67300033569336,168536000
2018-11-15,28.551000595092773,29.25,28.215999603271484,29.006000518798828,99671000
2018-11-16,28.714000701904297,29.172000885009766,28.100000381469727,28.621000289916992,90995000
2018-11-19,28.378999710083008,28.509000778198242,26.915000915527344,27.059999465942383,129938000
2018-11-20,25.46299934387207,27.634000778198242,25.0,26.697999954223633,166938000
2018-11-21,27.441999435424805,27.534000396728516,26.150999069213867,26.21299934387207,110230000
2018-11-23,26.01099967956543,26.549999237060547,25.68400001525879,25.881999969482422,52451000
2018-11-26,26.05500030517578,26.625,25.3799991607666,26.14299964904785,124986000
2018-11-27,25.923999786376953,26.908000946044922,25.61400032043457,26.663000106811523,111495000
2018-11-28,27.197999954223633,28.399999618530273,26.333999633789062,28.264999389648438,148013000
2018-11-29,28.23200035095215,29.048999786376953,27.549999237060547,28.875,154315000
2018-11-30,28.799999237060547,29.08099937438965,28.305999755859375,28.613000869750977,118601000
2018-12-03,29.319000244140625,29.871999740600586,28.45800018310547,29.030000686645508,141174000
2018-12-04,28.812999725341797,29.573999404907227,27.472000122070312,27.533000946044922,128006000
2018-12-06,26.83300018310547,28.32200050354004,26.714000701904297,28.288000106811523,130743000
2018-12-07,28.24799919128418,28.42099952697754,26.33799934387207,26.513999938964844,124667000
2018-12-10,26.41900062561035,27.118000030517578,26.06100082397461,26.969999313354492,96056000
2018-12-11,27.408000946044922,27.450000762939453,26.275999069213867,26.531999588012695,98432000
2018-12-12,26.766000747680664,28.177000045776367,26.648000717163086,27.488000869750977,114567000
2018-12-13,27.763999938964844,27.93199920654297,27.184999465942383,27.601999282836914,83793000
2018-12-14,27.180999755859375,27.767000198364258,26.5,26.68400001525879,99153000
2018-12-17,26.650999069213867,27.29800033569336,26.107999801635742,26.280000686645508,96347000
2018-12-18,26.329999923706055,27.575000762939453,26.32900047302246,27.0939998626709,103501000
2018-12-19,26.996000289916992,28.086999893188477,26.37700080871582,26.677000045776367,137884000
2018-12-20,26.464000701904297,26.989999771118164,25.187999725341797,26.058000564575195,167929000
2018-12-21,26.382999420166016,26.450000762939453,24.128999710083008,24.638999938964844,213976000
2018-12-24,24.200000762939453,25.065000534057617,23.368000030517578,23.38800048828125,95476000
2018-12-26,23.392000198364258,25.450000762939453,23.12299919128418,25.367000579833984,144027000
2018-12-27,25.01099967956543,25.55900001525879,24.010000228881836,25.55699920654297,122352000
2018-12-28,25.79400062561035,26.19099998474121,24.979999542236328,25.607999801635742,109928000
2018-12-31,26.016000747680664,27.010000228881836,26.0,26.766000747680664,135089000
2019-01-02,25.92799949645996,26.975000381469727,25.658000946044922,26.766000747680664,116795000
2019-01-03,27.020000457763672,27.57900047302246,26.44300079345703,27.1200008392334,149696000
2019-01-04,28.187999725341797,29.780000686645508,27.854000091552734,29.756999969482422,193301000
2019-01-07,30.209999084472656,31.68000030517578,30.165000915527344,31.534000396728516,186201000
2019-01-08,31.99799919128418,32.058998107910156,30.801000595092773,32.027000427246094,153592000
2019-01-09,31.770999908447266,32.334999084472656,31.350000381469727,31.996000289916992,133432000
2019-01-10,31.457000732421875,32.5369987487793,31.25,32.465999603271484,134725000
2019-01-11,33.09600067138672,34.10900115966797,32.85200119018555,33.75899887084961,195004000
2019-01-14,33.42399978637695,33.54800033569336,32.91299819946289,33.29399871826172,104996000
2019-01-15,34.959999084472656,35.72200012207031,34.70000076293945,35.4640007019043,211812000
2019-01-16,35.400001525878906,35.8849983215332,34.81100082397461,35.138999938964844,153855000
2019-01-17,34.95000076293945,35.57899856567383,34.64099884033203,35.319000244140625,188712000
2019-01-18,35.196998596191406,35.29999923706055,33.67300033569336,33.90999984741211,266210000
2019-01-22,33.48899841308594,33.6879997253418,32.10300064086914,32.51599884033203,179414000
2019-01-23,32.82500076293945,33.17499923706055,31.860000610351562,32.19900131225586,134801000
2019-01-24,32.060001373291016,33.18000030517578,31.899999618530273,32.66699981689453,111316000
2019-01-25,32.87200164794922,34.0,32.85100173950195,33.80500030517578,111529000
2019-01-28,33.470001220703125,33.630001068115234,32.88800048828125,33.566001892089844,86521000
2019-01-29,33.58700180053711,33.821998596191406,32.814998626708984,32.88999938964844,76552000
2019-01-30,33.275001525878906,34.178001403808594,33.08000183105469,34.066001892089844,92345000
2019-01-31,33.96799850463867,34.5989990234375,33.808998107910156,33.95000076293945,85355000
2019-02-01,33.71799850463867,34.683998107910156,33.650001525878906,33.98500061035156,98278000
2019-02-04,34.2599983215332,35.20000076293945,34.130001068115234,35.13399887084961,90514000
2019-02-05,35.31999969482422,36.0,35.290000915527344,35.58100128173828,90466000
2019-02-06,35.70000076293945,35.70399856567383,34.71900177001953,35.21900177001953,67177000
2019-02-07,34.790000915527344,34.875,33.902000427246094,34.47100067138672,78645000
2019-02-08,33.79999923706055,34.79999923706055,33.79999923706055,34.75699996948242,75614000
2019-02-11,35.0,35.2869987487793,34.48099899291992,34.573001861572266,54549000
2019-02-12,34.808998107910156,36.0,34.652000427246094,35.99700164794922,104294000
2019-02-13,35.72999954223633,35.959999084472656,35.02799987792969,35.176998138427734,105591000
2019-02-14,35.17499923706055,36.04499816894531,34.83300018310547,35.90700149536133,92953000
2019-02-15,35.84700012207031,36.439998626708984,35.54999923706055,35.6870002746582,92300000
2019-02-19,35.58000183105469,36.5,35.53200149536133,36.19200134277344,73966000
2019-02-20,36.48500061035156,36.67100143432617,35.66999816894531,35.99100112915039,81107000
2019-02-21,36.00299835205078,36.28499984741211,35.38800048828125,35.696998596191406,62279000
2019-02-22,36.034000396728516,36.612998962402344,36.005001068115234,36.301998138427734,70882000
2019-02-25,36.70100021362305,37.14899826049805,36.37900161743164,36.39099884033203,75693000
2019-02-26,36.29800033569336,36.56999969482422,35.93299865722656,36.49700164794922,49446000
2019-02-27,36.349998474121094,36.803001403808594,35.97999954223633,36.2869987487793,56299000
2019-02-28,36.24700164794922,36.638999938964844,35.770999908447266,35.810001373291016,61868000
2019-03-01,36.22600173950195,36.2869987487793,35.46900177001953,35.731998443603516,55265000
2019-03-04,35.97200012207031,36.224998474121094,34.80400085449219,35.104000091552734,74870000
2019-03-05,35.145999908447266,35.617000579833984,34.82500076293945,35.43000030517578,59378000
2019-03-06,35.36000061035156,35.987998962402344,35.16999816894531,35.96099853515625,62119000
2019-03-07,36.01599884033203,36.2859992980957,35.04999923706055,35.2599983215332,61513000
2019-03-08,34.57500076293945,34.992000579833984,34.24700164794922,34.959999084472656,68988000
2019-03-11,35.20000076293945,35.89799880981445,35.00299835205078,35.88600158691406,53873000
2019-03-12,35.9370002746582,36.01300048828125,35.380001068115234,35.62699890136719,51646000
2019-03-13,35.58100128173828,36.24800109863281,35.277000427246094,36.12099838256836,64441000
2019-03-14,36.04999923706055,36.38399887084961,35.810001373291016,35.88199996948242,52714000
2019-03-15,36.10200119018555,36.400001525878906,35.888999938964844,36.145999908447266,84445000
2019-03-18,36.24700164794922,37.09700012207031,36.18600082397461,36.34400177001953,71947000
2019-03-19,36.63999938964844,36.69599914550781,35.68000030517578,35.87799835205078,75414000
2019-03-20,35.89099884033203,37.59000015258789,35.70100021362305,37.52199935913086,109172000
2019-03-21,37.400001525878906,37.900001525878906,37.06100082397461,37.7869987487793,85440000
2019-03-22,37.595001220703125,37.643001556396484,36.00400161743164,36.10100173950195,86613000
2019-03-25,35.900001525878906,36.70399856567383,35.74399948120117,36.62300109863281,84738000
2019-03-26,36.7869987487793,36.8380012512207,35.801998138427734,35.99700164794922,76665000
2019-03-27,36.099998474121094,36.24700164794922,35.0369987487793,35.33700180053711,78524000
2019-03-28,35.44900131225586,35.59400177001953,34.91999816894531,35.46099853515625,43610000
2019-03-29,35.715999603271484,35.82500076293945,35.37099838256836,35.65599822998047,47056000
2019-04-01,35.900001525878906,36.83300018310547,35.85100173950195,36.69599914550781,70361000
2019-04-02,36.625,36.84199905395508,36.22200012207031,36.77199935913086,51587000
2019-04-03,36.92599868774414,37.340999603271484,36.61899948120117,36.974998474121094,53689000
2019-04-04,37.00699996948242,37.20500183105469,36.2400016784668,36.78799819946289,46273000
2019-04-05,36.900001525878906,36.97999954223633,36.465999603271484,36.54899978637695,39055000
2019-04-08,36.51100158691406,36.59400177001953,35.99300003051758,36.14099884033203,46538000
2019-04-09,36.05400085449219,36.67399978637695,35.900001525878906,36.47100067138672,54392000
2019-04-10,36.57899856567383,36.8849983215332,36.224998474121094,36.391998291015625,45456000
2019-04-11,36.5,37.012001037597656,36.08100128173828,36.76499938964844,65269000
2019-04-12,36.069000244140625,36.17499923706055,34.93600082397461,35.11399841308594,156462000
2019-04-15,35.07099914550781,35.22100067138672,34.22700119018555,34.887001037597656,88423000
2019-04-16,35.5,36.448001861572266,35.27199935913086,35.94599914550781,187402000
2019-04-17,36.505001068115234,36.875999450683594,35.060001373291016,35.4739990234375,180541000
2019-04-18,35.5,36.04100036621094,35.16400146484375,36.03499984741211,83532000
2019-04-22,35.970001220703125,37.76900100708008,35.900001525878906,37.73400115966797,119805000
2019-04-23,37.54499816894531,38.47999954223633,37.47100067138672,38.18899917602539,100898000
2019-04-24,38.106998443603516,38.189998626708984,37.32699966430664,37.42300033569336,65419000
2019-04-25,37.44900131225586,37.47600173950195,36.56999969482422,36.83300018310547,62555000
2019-04-26,36.834999084472656,37.513999938964844,36.624000549316406,37.48500061035156,56219000
2019-04-29,37.36800003051758,37.45800018310547,36.9119987487793,37.18299865722656,38217000
2019-04-30,36.95600128173828,37.45000076293945,36.834999084472656,37.05400085449219,38701000
2019-05-01,37.400001525878906,38.5989990234375,37.31700134277344,37.88100051879883,92573000
2019-05-02,37.79999923706055,38.349998474121094,37.45100021362305,37.90599822998047,53982000
2019-05-03,38.15299987792969,38.50299835205078,37.82699966430664,38.50299835205078,51303000
2019-05-06,37.76900100708008,38.1349983215332,37.599998474121094,37.867000579833984,57931000
2019-05-07,37.70000076293945,37.99100112915039,36.58100128173828,37.04600143432617,69749000
2019-05-08,36.79199981689453,36.900001525878906,36.13600158691406,36.4370002746582,65720000
2019-05-09,36.09000015258789,36.41999816894531,35.275001525878906,36.275001525878906,58826000
2019-05-10,36.1619987487793,36.5260009765625,35.305999755859375,36.104000091552734,56571000
2019-05-13,35.229000091552734,35.42599868774414,34.310001373291016,34.5260009765625,80267000
2019-05-14,34.87099838256836,34.994998931884766,34.25,34.56100082397461,53530000
2019-05-15,34.33399963378906,35.650001525878906,34.138999938964844,35.499000549316406,63401000
2019-05-16,35.637001037597656,36.400001525878906,35.39400100708008,35.930999755859375,64415000
2019-05-17,35.638999938964844,35.96200180053711,35.37900161743164,35.44499969482422,47254000
2019-05-20,35.12300109863281,35.242000579833984,34.540000915527344,34.81100082397461,46215000
2019-05-21,35.095001220703125,35.643001556396484,34.99300003051758,35.426998138427734,40264000
2019-05-22,35.80099868774414,37.04600143432617,35.72999954223633,35.972999572753906,62294000
2019-05-23,35.54999923706055,35.742000579833984,34.77000045776367,35.22100067138672,56304000
2019-05-24,35.54100036621094,35.944000244140625,35.37900161743164,35.43899917602539,38310000
2019-05-28,35.43899917602539,36.119998931884766,35.3650016784668,35.50600051879883,47171000
2019-05-29,35.36000061035156,35.3849983215332,34.59000015258789,34.91899871826172,56589000
2019-05-30,35.05500030517578,35.42100143432617,34.83000183105469,35.185001373291016,40080000
2019-05-31,34.72200012207031,34.933998107910156,34.29199981689453,34.327999114990234,50234000
2019-06-03,34.35599899291992,34.76599884033203,33.26499938964844,33.66299819946289,78496000
2019-06-04,34.5,35.361000061035156,34.32500076293945,35.34000015258789,78916000
2019-06-05,35.4379997253418,35.78799819946289,34.87099838256836,35.573001861572266,50201000
2019-06-06,35.48400115966797,35.82099914550781,35.20899963378906,35.7130012512207,37100000
2019-06-07,35.73899841308594,36.51499938964844,35.569000244140625,36.08700180053711,47773000
2019-06-10,36.3650016784668,36.709999084472656,34.92900085449219,35.20100021362305,78103000
2019-06-11,35.5,35.757999420166016,34.849998474121094,35.12699890136719,53967000
2019-06-12,35.18199920654297,35.361000061035156,34.323001861572266,34.555999755859375,45847000
2019-06-13,34.722999572753906,34.849998474121094,33.92499923706055,34.34299850463867,62093000
2019-06-14,34.16299819946289,34.34000015258789,33.61600112915039,33.972999572753906,50190000
2019-06-17,34.26900100708008,35.176998138427734,34.20600128173828,35.0620002746582,53582000
2019-06-18,35.55699920654297,36.150001525878906,35.375,35.71200180053711,54285000
2019-06-19,36.172000885009766,36.4739990234375,35.61199951171875,36.35200119018555,56672000
2019-06-20,36.590999603271484,37.012001037597656,36.12200164794922,36.520999908447266,58995000
2019-06-21,36.5,37.14500045776367,36.5,36.92100143432617,74484000
2019-06-24,37.027000427246094,37.5,37.02000045776367,37.104000091552734,48302000
2019-06-25,37.07500076293945,37.099998474121094,35.82899856567383,36.029998779296875,57504000
2019-06-26,36.15999984741211,36.67900085449219,36.15999984741211,36.220001220703125,36697000
2019-06-27,36.31999969482422,37.084999084472656,36.31999969482422,37.00199890136719,41386000
2019-06-28,37.0260009765625,37.15399932861328,36.48699951171875,36.731998443603516,45927000
2019-07-01,37.349998474121094,37.66600036621094,37.20000076293945,37.459999084472656,49926000
2019-07-02,37.48899841308594,37.599998474121094,37.03099822998047,37.542999267578125,36250000
2019-07-03,37.66899871826172,38.19900131225586,37.58399963378906,38.172000885009766,37990000
2019-07-05,37.82899856567383,38.13999938964844,37.555999755859375,38.05500030517578,37322000
2019-07-08,37.819000244140625,37.82500076293945,37.5359992980957,37.61600112915039,31134000
2019-07-09,37.90599822998047,38.47600173950195,37.75,37.99300003051758,69328000
2019-07-10,38.277000427246094,38.433998107910156,36.268001556396484,38.099998474121094,58788000
2019-07-11,38.11000061035156,38.45399856567383,37.880001068115234,37.95000076293945,43363000
2019-07-12,37.86800003051758,37.9739990234375,37.27899932861328,37.32500076293945,66369000
2019-07-15,37.29399871826172,37.36800003051758,36.22999954223633,36.65999984741211,79447000
2019-07-16,37.00899887084961,37.13399887084961,36.492000579833984,36.5989990234375,58632000
2019-07-17,36.625,36.650001525878906,36.17499923706055,36.24399948120117,136395000
2019-07-18,32.375999450683594,32.98500061035156,32.029998779296875,32.520999908447266,312871000
2019-07-19,32.34000015258789,32.584999084472656,31.42300033569336,31.510000228881836,163025000
2019-07-22,31.200000762939453,31.45400047302246,30.58099937438965,31.062000274658203,177180000
2019-07-23,31.143999099731445,31.350000381469727,30.600000381469727,30.729999542236328,91711000
2019-07-24,31.051000595092773,31.999000549316406,30.725000381469727,31.79400062561035,119618000
2019-07-25,31.88599967956543,32.76900100708008,31.6299991607666,32.645999908447266,107985000
2019-07-26,32.87900161743164,33.599998474121094,32.75,33.577999114990234,108475000
2019-07-29,33.597999572753906,33.63999938964844,32.87699890136719,33.27000045776367,57828000
2019-07-30,32.91999816894531,32.96500015258789,32.323001861572266,32.59299850463867,60293000
2019-07-31,32.51599884033203,33.176998138427734,31.85300064086914,32.29899978637695,62595000
2019-08-01,32.42499923706055,32.858001708984375,31.874000549316406,31.950000762939453,65632000
2019-08-02,31.749000549316406,31.94099998474121,31.18000030517578,31.882999420166016,62803000
2019-08-05,31.09600067138672,31.341999053955078,30.468000411987305,30.76300048828125,86925000
2019-08-06,31.058000564575195,31.187999725341797,30.530000686645508,31.010000228881836,61791000
2019-08-07,30.256000518798828,30.5,29.680999755859375,30.429000854492188,93224000
2019-08-08,31.10300064086914,31.63599967956543,30.663000106811523,31.59000015258789,59059000
2019-08-09,31.374000549316406,31.663999557495117,30.56800079345703,30.89299964904785,53491000
2019-08-12,30.54599952697754,31.288999557495117,30.323999404907227,31.08300018310547,65317000
2019-08-13,30.976999282836914,31.64299964904785,30.81599998474121,31.22800064086914,52894000
2019-08-14,30.801000595092773,30.840999603271484,29.801000595092773,29.910999298095703,73558000
2019-08-15,29.950000762939453,30.062999725341797,28.799999237060547,29.576000213623047,96292000
2019-08-16,29.88599967956543,30.354999542236328,29.62700080871582,30.280000686645508,69058000
2019-08-19,30.625,31.174999237060547,30.475000381469727,30.937999725341797,49422000
2019-08-20,30.457000732421875,30.5,29.76799964904785,29.89900016784668,73499000
2019-08-21,30.160999298095703,30.288000106811523,29.6200008392334,29.7810001373291,56854000
2019-08-22,29.864999771118164,30.033000946044922,29.315000534057617,29.69300079345703,49742000
2019-08-23,29.5,29.900999069213867,29.031999588012695,29.143999099731445,63249000
2019-08-26,29.52400016784668,29.69499969482422,29.25,29.49799919128418,46957000
2019-08-27,29.45400047302246,29.677000045776367,28.719999313354492,29.10300064086914,63094000
2019-08-28,28.94700050354004,29.281999588012695,28.774999618530273,29.177000045776367,39557000
2019-08-29,29.5,29.993000030517578,29.499000549316406,29.67799949645996,43885000
2019-08-30,29.878000259399414,29.893999099731445,29.084999084472656,29.375,44464000
2019-09-03,29.082000732421875,29.389999389648438,28.805999755859375,28.929000854492188,36828000
2019-09-04,29.125,29.238000869750977,28.650999069213867,29.152000427246094,46525000
2019-09-05,28.531999588012695,29.39699935913086,28.27899932861328,29.325000762939453,89668000
2019-09-06,29.334999084472656,29.334999084472656,28.702999114990234,29.017000198364258,51666000
2019-09-09,29.481000900268555,30.155000686645508,29.059999465942383,29.43400001525879,82327000
2019-09-10,29.115999221801758,29.716999053955078,28.266000747680664,28.798999786376953,123202000
2019-09-11,28.56999969482422,29.264999389648438,28.461000442504883,28.82699966430664,74059000
2019-09-12,28.809999465942383,29.273000717163086,28.65999984741211,28.88599967956543,50109000
2019-09-13,29.06100082397461,29.66200065612793,29.003999710083008,29.415000915527344,65831000
2019-09-16,29.42300033569336,29.743000030517578,28.97800064086914,29.429000854492188,53074000
2019-09-17,29.450000762939453,29.915000915527344,29.179000854492188,29.860000610351562,47771000
2019-09-18,29.499000549316406,29.604999542236328,28.7450008392334,29.1560001373291,78111000
2019-09-19,29.1560001373291,29.381000518798828,28.34000015258789,28.65999984741211,84613000
2019-09-20,28.025999069213867,28.25,26.600000381469727,27.075000762939453,238328000
2019-09-23,26.834999084472656,27.339000701904297,26.18899917602539,26.591999053955078,134786000
2019-09-24,26.25,26.5,25.22800064086914,25.458999633789062,163382000
2019-09-25,25.570999145507812,26.65999984741211,25.3700008392334,26.475000381469727,116438000
2019-09-26,26.642000198364258,26.80500030517578,26.020000457763672,26.33099937438965,76840000
2019-09-27,26.618000030517578,26.743999481201172,26.038999557495117,26.308000564575195,73283000
2019-09-30,26.399999618530273,26.88800048828125,26.277999877929688,26.761999130249023,67272000
2019-10-01,26.735000610351562,27.219999313354492,26.402999877929688,26.95800018310547,86503000
2019-10-02,26.361000061035156,26.934999465942383,26.2189998626709,26.80299949645996,76591000
2019-10-03,26.777999877929688,26.884000778198242,25.701000213623047,26.815000534057617,89510000
2019-10-04,26.81999969482422,27.54800033569336,26.64699935913086,27.27899932861328,98904000
2019-10-07,27.198999404907227,27.667999267578125,27.128000259399414,27.445999145507812,65256000
2019-10-08,27.30299949645996,27.55299949645996,27.06399917602539,27.07200050354004,62764000
2019-10-09,27.00200080871582,27.100000381469727,26.457000732421875,26.753000259399414,67944000
2019-10-10,26.597000122070312,28.05299949645996,26.503000259399414,28.04800033569336,108091000
2019-10-11,28.479999542236328,28.78700065612793,28.233999252319336,28.292999267578125,87861000
2019-10-14,28.39299964904785,28.69300079345703,28.200000762939453,28.55299949645996,55132000
2019-10-15,28.381999969482422,28.586999893188477,27.940000534057617,28.424999237060547,76856000
2019-10-16,28.312000274658203,28.816999435424805,28.073999404907227,28.628000259399414,161759000
2019-10-17,30.448999404907227,30.875,28.829999923706055,29.334999084472656,382589000
2019-10-18,28.93600082397461,29.09000015258789,27.336000442504883,27.530000686645508,234299000
2019-10-21,27.288999557495117,27.993999481201172,26.899999618530273,27.80500030517578,125992000
2019-10-22,27.115999221801758,27.541000366210938,26.579999923706055,26.66900062561035,118024000
2019-10-23,26.805999755859375,27.392000198364258,26.663000106811523,27.12700080871582,71335000
2019-10-24,27.180999755859375,27.402000427246094,26.8799991607666,27.149999618530273,48274000
2019-10-25,27.06800079345703,27.777000427246094,27.01799964904785,27.68199920654297,47478000
2019-10-28,27.80500030517578,28.575000762939453,27.735000610351562,28.18600082397461,62484000
2019-10-29,28.187000274658203,28.44099998474121,27.7549991607666,28.121000289916992,43562000
2019-10-30,28.43400001525879,29.349000930786133,28.299999237060547,29.145000457763672,93456000
2019-10-31,29.100000381469727,29.145000457763672,28.47800064086914,28.740999221801758,50900000
2019-11-01,28.8700008392334,28.91200065612793,28.302000045776367,28.680999755859375,55943000
2019-11-04,28.799999237060547,29.538999557495117,28.715999603271484,29.285999298095703,55662000
2019-11-05,28.999000549316406,29.118999481201172,28.631000518798828,28.80299949645996,40624000
2019-11-06,28.819000244140625,29.055999755859375,28.583999633789062,28.858999252319336,34383000
2019-11-07,29.06999969482422,29.819000244140625,28.82699966430664,28.957000732421875,59285000
2019-11-08,28.87299919128418,29.39900016784668,28.750999450683594,29.156999588012695,45090000
2019-11-11,28.916000366210938,29.63599967956543,28.850000381469727,29.417999267578125,39443000
2019-11-12,29.531999588012695,29.53499984741211,28.8700008392334,29.201000213623047,57728000
2019-11-13,29.10300064086914,29.340999603271484,28.11400032043457,28.31100082397461,91589000
2019-11-14,28.325000762939453,29.062999725341797,28.32200050354004,28.961999893188477,65290000
2019-11-15,29.05900001525879,29.582000732421875,28.756999969482422,29.503000259399414,63338000
2019-11-18,29.600000381469727,30.499000549316406,29.327999114990234,30.256999969482422,86166000
2019-11-19,30.400999069213867,30.566999435424805,29.851999282836914,30.260000228881836,59180000
2019-11-20,30.10099983215332,30.825000762939453,30.100000381469727,30.516000747680664,51118000
2019-11-21,30.600000381469727,31.268999099731445,30.426000595092773,31.16900062561035,74884000
2019-11-22,30.90999984741211,31.139999389648438,30.44099998474121,31.04800033569336,59701000
2019-11-25,30.882999420166016,31.572999954223633,30.524999618530273,31.55500030517578,78739000
2019-11-26,31.5,31.649999618530273,31.16900062561035,31.249000549316406,53210000
2019-11-27,31.39299964904785,31.68199920654297,31.274999618530273,31.593000411987305,40969000
2019-11-29,31.577999114990234,31.66200065612793,31.333999633789062,31.465999603271484,24117000
2019-12-02,31.43899917602539,31.43899917602539,30.375,30.999000549316406,62188000
2019-12-03,30.222000122070312,30.736000061035156,30.187999725341797,30.615999221801758,49928000
2019-12-04,30.843000411987305,30.843000411987305,30.32699966430664,30.43199920654297,35121000
2019-12-05,30.527000427246094,30.648000717163086,29.881000518798828,30.285999298095703,46155000
2019-12-06,30.469999313354492,30.78499984741211,30.260000228881836,30.735000610351562,44578000
2019-12-09,30.735000610351562,31.14900016784668,30.243999481201172,30.25,57484000
2019-12-10,29.61199951171875,29.893999099731445,29.20199966430664,29.312000274658203,104761000
2019-12-11,29.448999404907227,29.94300079345703,29.420000076293945,29.89299964904785,55898000
2019-12-12,29.566999435424805,29.91699981689453,29.506000518798828,29.8439998626709,47666000
2019-12-13,29.850000381469727,30.18000030517578,29.725000381469727,29.850000381469727,38797000
2019-12-16,30.084999084472656,30.570999145507812,29.863000869750977,30.42099952697754,46589000
2019-12-17,30.736000061035156,31.68000030517578,30.65999984741211,31.54800033569336,104271000
2019-12-18,31.625999450683594,32.5359992980957,31.559999465942383,32.08000183105469,112074000
2019-12-19,32.45000076293945,33.28300094604492,32.417999267578125,33.22200012207031,98223000
2019-12-20,33.5,33.79999923706055,33.060001373291016,33.689998626708984,99149000
2019-12-23,33.7760009765625,33.79499816894531,33.10200119018555,33.310001373291016,57653000
2019-12-24,33.4010009765625,33.56999969482422,33.15999984741211,33.31999969482422,20193000
2019-12-26,33.459999084472656,33.645999908447266,33.20100021362305,33.26300048828125,35899000
2019-12-27,33.29600143432617,33.38199996948242,32.60100173950195,32.909000396728516,50361000
2019-12-30,32.90800094604492,32.91899871826172,32.2859992980957,32.33100128173828,43115000
2019-12-31,32.20000076293945,32.492000579833984,32.10900115966797,32.356998443603516,37133000
2020-01-02,32.61000061035156,32.99800109863281,32.47800064086914,32.98099899291992,44858000
2020-01-03,32.678001403808594,32.986000061035156,32.553001403808594,32.59000015258789,38069000
2020-01-06,32.3120002746582,33.63600158691406,32.119998931884766,33.58300018310547,56631000
2020-01-07,33.64699935913086,33.66999816894531,33.029998779296875,33.07500076293945,47032000
2020-01-08,33.14899826049805,34.27000045776367,33.10499954223633,33.92599868774414,71045000
2020-01-09,34.20000076293945,34.34199905395508,33.46099853515625,33.566001892089844,47093000
2020-01-10,33.7130012512207,33.849998474121094,32.72700119018555,32.904998779296875,47183000
2020-01-13,33.18000030517578,34.084999084472656,33.1510009765625,33.891998291015625,62900000
2020-01-14,34.439998626708984,34.53799819946289,33.551998138427734,33.86899948120117,71994000
2020-01-15,33.86800003051758,34.31700134277344,33.65999984741211,33.90700149536133,51580000
2020-01-16,34.349998474121094,34.35599899291992,33.584999084472656,33.86199951171875,50160000
2020-01-17,34.099998474121094,34.15700149536133,33.737998962402344,33.96699905395508,60665000
2020-01-21,34.0,34.099998474121094,33.25899887084961,33.81100082397461,143503000
2020-01-22,33.255001068115234,33.630001068115234,32.36000061035156,32.599998474121094,217300000
2020-01-23,32.604000091552734,34.987998962402344,32.500999450683594,34.959999084472656,182003000
2020-01-24,34.84600067138672,35.98500061035156,34.5880012512207,35.316001892089844,179397000
2020-01-27,34.595001220703125,35.189998626708984,34.10200119018555,34.28799819946289,77095000
2020-01-28,34.5880012512207,35.2400016784668,34.27799987792969,34.85200119018555,68216000
2020-01-29,34.900001525878906,34.939998626708984,33.85499954223633,34.316001892089844,76435000
2020-01-30,34.11000061035156,34.81999969482422,33.92499923706055,34.77399826049805,53281000
2020-01-31,34.73899841308594,34.73899841308594,34.097999572753906,34.50899887084961,52300000
2020-02-03,34.7239990234375,35.9630012512207,34.62799835205078,35.79999923706055,66706000
2020-02-04,36.099998474121094,36.957000732421875,35.61000061035156,36.9010009765625,71615000
2020-02-05,37.51300048828125,37.525001525878906,36.22999954223633,36.96699905395508,64370000
2020-02-06,36.959999084472656,37.154998779296875,36.250999450683594,36.69499969482422,39204000
2020-02-07,36.50400161743164,37.18000030517578,36.356998443603516,36.676998138427734,43852000
2020-02-10,36.5,37.47999954223633,36.25199890136719,37.106998443603516,52941000
2020-02-11,37.375,37.81100082397461,36.97200012207031,37.36899948120117,47729000
2020-02-12,37.71799850463867,38.0620002746582,37.5880012512207,38.000999450683594,46248000
2020-02-13,37.69599914550781,38.5369987487793,37.6510009765625,38.13999938964844,44854000
2020-02-14,38.14699935913086,38.51499938964844,37.94300079345703,38.040000915527344,37363000
2020-02-18,37.93000030517578,38.95399856567383,37.91899871826172,38.77799987792969,51739000
2020-02-19,38.8120002746582,39.29499816894531,38.4900016784668,38.61899948120117,48964000
2020-02-20,38.65599822998047,38.970001220703125,37.667999267578125,38.599998474121094,40794000
2020-02-21,38.53300094604492,38.731998443603516,37.790000915527344,38.00699996948242,39301000
2020-02-24,36.47600173950195,37.28200149536133,36.099998474121094,36.869998931884766,69364000
2020-02-25,37.20000076293945,37.564998626708984,35.77199935913086,36.00899887084961,64812000
2020-02-26,36.63100051879883,38.20000076293945,36.5,37.92399978637695,89341000
2020-02-27,37.145999908447266,39.15599822998047,37.060001373291016,37.17100143432617,109677000
2020-02-28,36.42100143432617,37.676998138427734,35.68000030517578,36.90299987792969,111686000
2020-03-02,37.31100082397461,38.13600158691406,36.45000076293945,38.10499954223633,69979000
2020-03-03,38.10300064086914,39.35200119018555,36.7400016784668,36.87699890136719,83646000
2020-03-04,37.777000427246094,38.4010009765625,37.05099868774414,38.37900161743164,54873000
2020-03-05,38.099998474121094,39.13999938964844,36.86399841308594,37.27799987792969,87470000
2020-03-06,36.77000045776367,37.13100051879883,35.685001373291016,36.89699935913086,81472000
2020-03-09,34.38600158691406,35.74700164794922,34.172000885009766,34.64899826049805,74055000
2020-03-10,35.643001556396484,36.45399856567383,34.78499984741211,36.41299819946289,76044000
2020-03-11,35.891998291015625,36.29800033569336,34.479000091552734,34.992000579833984,60360000
2020-03-12,32.650001525878906,33.571998596191406,30.73200035095215,31.524999618530273,120716000
2020-03-13,33.05099868774414,33.641998291015625,30.73900032043457,33.630001068115234,94582000
2020-03-16,30.663000106811523,33.435001373291016,29.475000381469727,29.884000778198242,105599000
2020-03-17,30.618999481201172,32.290000915527344,29.024999618530273,31.975000381469727,100139000
2020-03-18,30.239999771118164,33.15800094604492,30.0,31.547000885009766,125936000
2020-03-19,32.43299865722656,34.85100173950195,31.68199920654297,33.202999114990234,106160000
2020-03-20,34.23099899291992,35.04899978637695,33.20000076293945,33.28300094604492,108538000
2020-03-23,34.78900146484375,36.611000061035156,34.0880012512207,36.027000427246094,134494000
2020-03-24,36.999000549316406,37.292999267578125,35.303001403808594,35.731998443603516,116387000
2020-03-25,36.10200119018555,36.20000076293945,33.91699981689453,34.23899841308594,87672000
2020-03-26,34.400001525878906,36.38399887084961,34.17300033569336,36.29899978637695,72296000
2020-03-27,35.909000396728516,36.85599899291992,35.29999923706055,35.71200180053711,79488000
2020-03-30,36.29999923706055,37.779998779296875,36.117000579833984,37.09600067138672,86220000
2020-03-31,36.792999267578125,38.30099868774414,36.64400100708008,37.54999923706055,93665000
2020-04-01,37.60499954223633,38.02299880981445,36.10200119018555,36.40800094604492,66725000
2020-04-02,36.40800094604492,37.0989990234375,36.00600051879883,37.007999420166016,45925000
2020-04-03,36.74700164794922,37.09000015258789,35.750999450683594,36.17599868774414,48608000
2020-04-06,36.52199935913086,38.02899932861328,36.17100143432617,37.99599838256836,81839000
2020-04-07,38.0,38.132999420166016,36.933998107910156,37.22800064086914,70464000
2020-04-08,37.4010009765625,37.8390007019043,36.83100128173828,37.11199951171875,69089000
2020-04-09,37.10599899291992,37.209999084472656,36.303001403808594,37.071998596191406,77113000
2020-04-13,37.13100051879883,40.05099868774414,36.77000045776367,39.672000885009766,116929000
2020-04-14,39.75,41.78200149536133,39.48500061035156,41.35499954223633,115810000
2020-04-15,41.29999923706055,43.49800109863281,41.224998474121094,42.67499923706055,135612000
2020-04-16,43.70000076293945,44.95199966430664,43.1609992980957,43.91699981689453,161287000
2020-04-17,43.099998474121094,43.20000076293945,41.470001220703125,42.29600143432617,126163000
2020-04-20,43.516998291015625,44.44900131225586,43.055999755859375,43.749000549316406,126558000
2020-04-21,44.47700119018555,44.70000076293945,42.560001373291016,43.382999420166016,231776000
2020-04-22,42.972999572753906,43.29999923706055,41.29999923706055,42.141998291015625,210848000
2020-04-23,41.92599868774414,43.840999603271484,41.92599868774414,42.66999816894531,139523000
2020-04-24,42.5,42.71699905395508,41.5880012512207,42.499000549316406,86589000
2020-04-27,42.5,42.900001525878906,42.08399963378906,42.13800048828125,62775000
2020-04-28,41.999000549316406,42.099998474121094,40.29100036621094,40.382999420166016,101012000
2020-04-29,39.952999114990234,41.58599853515625,39.36000061035156,41.18899917602539,96931000
2020-04-30,41.03099822998047,42.444000244140625,40.79999923706055,41.98500061035156,79540000
2020-05-01,41.5099983215332,42.797000885009766,41.17300033569336,41.527000427246094,82999000
2020-05-04,41.77799987792969,42.854000091552734,41.48699951171875,42.814998626708984,77991000
2020-05-05,42.75600051879883,43.099998474121094,42.15599822998047,42.46799850463867,62863000
2020-05-06,42.93000030517578,43.97700119018555,42.638999938964844,43.42599868774414,66607000
2020-05-07,43.68899917602539,43.88800048828125,43.066001892089844,43.65299987792969,56419000
2020-05-08,43.41400146484375,44.20000076293945,43.36399841308594,43.55500030517578,50493000
2020-05-11,43.632999420166016,44.48899841308594,43.555999755859375,44.051998138427734,54860000
2020-05-12,44.20000076293945,44.41699981689453,43.13600158691406,43.18199920654297,45982000
2020-05-13,43.569000244140625,44.70000076293945,42.72700119018555,43.82699966430664,70146000
2020-05-14,44.4900016784668,45.237998962402344,43.28200149536133,44.19499969482422,90075000
2020-05-15,44.06999969482422,45.5,43.750999450683594,45.41899871826172,72440000
2020-05-18,45.11600112915039,45.63600158691406,44.334999084472656,45.257999420166016,77735000
2020-05-19,45.34000015258789,45.89699935913086,45.047000885009766,45.104000091552734,48105000
2020-05-20,45.42499923706055,45.58100128173828,44.400001525878906,44.766998291015625,56073000
2020-05-21,44.85599899291992,44.895999908447266,43.025001525878906,43.625,91173000
2020-05-22,43.70000076293945,43.909000396728516,42.71799850463867,42.93199920654297,54223000
2020-05-26,42.777000427246094,42.849998474121094,41.31399917602539,41.47700119018555,78811000
2020-05-27,41.03799819946289,42.00199890136719,39.7859992980957,41.98899841308594,104463000
2020-05-28,41.7239990234375,42.23699951171875,41.150001525878906,41.34400177001953,56551000
2020-05-29,41.74599838256836,42.029998779296875,41.185001373291016,41.972999572753906,52549000
2020-06-01,41.882999420166016,42.672000885009766,41.597999572753906,42.59199905395508,37437000
2020-06-02,42.58700180053711,42.75899887084961,41.94599914550781,42.73099899291992,34948000
2020-06-03,42.69499969482422,42.709999084472656,41.80500030517578,42.196998596191406,43160000
2020-06-04,42.23899841308594,42.87099838256836,41.00299835205078,41.43299865722656,54105000
2020-06-05,40.729000091552734,42.02399826049805,40.42499923706055,41.959999084472656,50996000
2020-06-08,41.599998474121094,42.08000183105469,40.650001525878906,41.94900131225586,58515000
2020-06-09,42.165000915527344,43.472999572753906,42.03099822998047,43.404998779296875,67970000
2020-06-10,43.599998474121094,43.96900177001953,43.05500030517578,43.448001861572266,48969000
2020-06-11,42.81999969482422,44.55699920654297,42.41600036621094,42.555999755859375,74629000
2020-06-12,42.900001525878906,43.40599822998047,41.244998931884766,41.80699920654297,64611000
2020-06-15,42.13999938964844,42.64899826049805,41.54199981689453,42.54999923706055,44679000
2020-06-16,42.57600021362305,43.79600143432617,42.518001556396484,43.612998962402344,55079000
2020-06-17,44.18199920654297,45.04600143432617,43.922000885009766,44.777000427246094,65296000
2020-06-18,44.87300109863281,45.2760009765625,44.279998779296875,44.98699951171875,42776000
2020-06-19,44.9119987487793,45.39699935913086,44.560001373291016,45.37200164794922,59345000
2020-06-22,45.500999450683594,46.85900115966797,45.42100143432617,46.80400085449219,62721000
2020-06-23,46.650001525878906,47.4010009765625,46.45000076293945,46.625999450683594,59484000
2020-06-24,46.854000091552734,47.236000061035156,45.400001525878906,45.78499984741211,48262000
2020-06-25,45.88600158691406,46.70100021362305,45.400001525878906,46.590999603271484,41345000
2020-06-26,46.638999938964844,46.803001403808594,44.2239990234375,44.34000015258789,68047000
2020-06-29,44.52299880981445,44.766998291015625,43.2140007019043,44.7239990234375,48440000
2020-06-30,45.00199890136719,45.75899887084961,44.70000076293945,45.50400161743164,41985000
2020-07-01,45.400001525878906,48.823001861572266,45.400001525878906,48.56399917602539,97059000
2020-07-02,48.56399917602539,49.22800064086914,47.553001403808594,47.68899917602539,63515000
2020-07-06,48.07699966430664,49.95000076293945,47.97999954223633,49.38100051879883,78390000
2020-07-07,49.73099899291992,50.481998443603516,49.08300018310547,49.316001892089844,56699000
2020-07-08,49.858001708984375,50.5099983215332,49.38100051879883,50.27799987792969,56917000
2020-07-09,50.84000015258789,51.0,49.577999114990234,50.7760009765625,58405000
2020-07-10,51.972999572753906,55.5880012512207,51.12799835205078,54.87300109863281,216056000
2020-07-13,56.79800033569336,57.5369987487793,52.09600067138672,52.54999923706055,183990000
2020-07-14,51.70800018310547,52.54999923706055,49.04899978637695,52.487998962402344,150833000
2020-07-15,51.630001068115234,52.900001525878906,51.018001556396484,52.32600021362305,100667000
2020-07-16,52.64799880981445,53.55400085449219,50.43600082397461,52.73899841308594,244990000
2020-07-17,49.48699951171875,50.35900115966797,48.41400146484375,49.29899978637695,249914000
2020-07-20,48.91400146484375,50.45000076293945,48.41999816894531,50.24100112915039,119403000
2020-07-21,50.599998474121094,50.62200164794922,48.861000061035156,49.0099983215332,91137000
2020-07-22,49.21900177001953,49.720001220703125,48.720001220703125,48.981998443603516,69541000
2020-07-23,49.112998962402344,49.189998626708984,47.20199966430664,47.757999420166016,77220000
2020-07-24,46.87699890136719,48.71699905395508,46.75400161743164,48.04499816894531,77462000
2020-07-27,48.45100021362305,49.69200134277344,48.23099899291992,49.564998626708984,78631000
2020-07-28,49.60200119018555,49.77899932861328,48.7760009765625,48.85100173950195,59867000
2020-07-29,49.224998474121094,49.492000579833984,48.41299819946289,48.448001861572266,66118000
2020-07-30,48.07099914550781,48.834999084472656,47.750999450683594,48.58000183105469,66086000
2020-07-31,48.82899856567383,49.47999954223633,48.45000076293945,48.88800048828125,59163000
2020-08-03,49.08599853515625,50.308998107910156,49.02299880981445,49.86199951171875,58731000
2020-08-04,49.8650016784668,51.04399871826172,49.8650016784668,50.9640007019043,56080000
2020-08-05,50.86800003051758,51.0099983215332,50.119998931884766,50.21099853515625,43082000
2020-08-06,50.4109992980957,51.082000732421875,49.869998931884766,50.90800094604492,37259000
2020-08-07,50.54499816894531,50.82899856567383,48.667999267578125,49.472999572753906,59103000
2020-08-10,49.334999084472656,49.74599838256836,47.862998962402344,48.3380012512207,46912000
2020-08-11,47.974998474121094,48.09199905395508,46.654998779296875,46.69300079345703,73292000
2020-08-12,47.13399887084961,48.249000549316406,47.018001556396484,47.547000885009766,54392000
2020-08-13,47.84000015258789,48.44499969482422,47.64500045776367,48.132999420166016,30089000
2020-08-14,48.28200149536133,48.83300018310547,48.020999908447266,48.268001556396484,29435000
2020-08-17,48.41899871826172,48.624000549316406,47.90999984741211,48.23500061035156,24235000
2020-08-18,48.435001373291016,49.529998779296875,48.279998779296875,49.1870002746582,35055000
2020-08-19,49.393001556396484,49.45000076293945,48.349998474121094,48.452999114990234,31562000
2020-08-20,48.46900177001953,49.89400100708008,48.388999938964844,49.790000915527344,51325000
2020-08-21,49.645999908447266,49.8129997253418,49.0,49.23099899291992,39213000
2020-08-24,49.54399871826172,50.099998474121094,48.316001892089844,48.88100051879883,47622000
2020-08-25,48.819000244140625,49.24700164794922,48.50899887084961,49.05799865722656,57277000
2020-08-26,49.25,54.90399932861328,49.20800018310547,54.75299835205078,203737000
2020-08-27,53.77799987792969,54.099998474121094,52.125,52.62699890136719,90629000
2020-08-28,53.20000076293945,53.900001525878906,52.20000076293945,52.388999938964844,44175000
2020-08-31,52.11600112915039,53.19900131225586,51.757999420166016,52.95600128173828,49414000
2020-09-01,53.2599983215332,55.73899841308594,53.244998931884766,55.654998779296875,95727000
2020-09-02,55.37799835205078,55.650001525878906,53.73699951171875,55.284000396728516,58869000
2020-09-03,54.5,55.400001525878906,52.13199996948242,52.57500076293945,90711000
2020-09-04,52.018001556396484,52.736000061035156,48.597999572753906,51.60499954223633,82701000
2020-09-08,49.84000015258789,52.20000076293945,49.5,50.70199966430664,55727000
2020-09-09,51.92100143432617,52.0,49.25699996948242,50.01900100708008,68481000
2020-09-10,50.334999084472656,50.62900161743164,47.88399887084961,48.06700134277344,62402000
2020-09-11,48.64899826049805,49.37300109863281,47.680999755859375,48.202999114990234,50352000
2020-09-14,48.0620002746582,48.89899826049805,47.130001068115234,47.625999450683594,73591000
2020-09-15,48.400001525878906,49.74700164794922,48.16299819946289,49.5989990234375,53370000
2020-09-16,49.999000549316406,50.465999603271484,48.33100128173828,48.38600158691406,43949000
2020-09-17,47.51599884033203,47.84000015258789,46.32699966430664,47.02000045776367,53793000
2020-09-18,47.250999450683594,47.939998626708984,45.86000061035156,46.99599838256836,67177000
2020-09-21,46.76900100708008,48.77799987792969,46.63199996948242,48.73500061035156,54575000
2020-09-22,48.9010009765625,49.18199920654297,47.92599868774414,49.117000579833984,34823000
2020-09-23,49.104000091552734,49.104000091552734,46.900001525878906,47.06100082397461,37264000
2020-09-24,47.053001403808594,47.70000076293945,46.78200149536133,47.30799865722656,37272000
2020-09-25,47.43899917602539,48.48699951171875,46.803001403808594,48.28799819946289,37694000
2020-09-28,48.9109992980957,49.20000076293945,47.78799819946289,49.064998626708984,47735000
2020-09-29,48.95000076293945,49.62900161743164,48.65299987792969,49.347999572753906,35415000
2020-09-30,49.25699996948242,50.4630012512207,48.926998138427734,50.00299835205078,46341000
2020-10-01,50.60300064086914,52.95500183105469,50.36000061035156,52.750999450683594,81537000
2020-10-02,51.643001556396484,52.637001037597656,50.27000045776367,50.305999755859375,60712000
2020-10-05,50.68000030517578,52.0989990234375,50.16999816894531,52.064998626708984,40881000
2020-10-06,51.87200164794922,52.18199920654297,50.41600036621094,50.58700180053711,41990000
2020-10-07,51.79999923706055,53.64899826049805,51.582000732421875,53.465999603271484,79887000
2020-10-08,53.347999572753906,53.5,52.415000915527344,53.17900085449219,53865000
2020-10-09,53.78300094604492,54.428001403808594,53.5,53.944000244140625,47813000
2020-10-12,54.88100051879883,55.180999755859375,53.82400131225586,53.98099899291992,53911000
2020-10-13,54.055999755859375,55.76499938964844,53.720001220703125,55.409000396728516,56025000
2020-10-14,56.26100158691406,57.249000549316406,54.099998474121094,54.14500045776367,94990000
2020-10-15,54.551998138427734,55.12200164794922,53.5099983215332,54.194000244140625,51131000
2020-10-16,54.95000076293945,55.43299865722656,53.00299835205078,53.07899856567383,63474000
2020-10-19,53.707000732421875,54.18000030517578,52.53799819946289,53.071998596191406,75675000
2020-10-20,52.81399917602539,53.37799835205078,52.22600173950195,52.54199981689453,100472000
2020-10-21,50.10300064086914,50.685001373291016,48.82500076293945,48.904998779296875,174057000
2020-10-22,49.46900177001953,49.513999938964844,48.20000076293945,48.52299880981445,69979000
2020-10-23,48.81100082397461,49.00600051879883,48.1349983215332,48.827999114990234,49279000
2020-10-26,48.702999114990234,49.68199920654297,47.88999938964844,48.82400131225586,61861000
2020-10-27,49.000999450683594,49.04899978637695,48.292999267578125,48.893001556396484,36272000
2020-10-28,48.63600158691406,49.400001525878906,48.327999114990234,48.624000549316406,59927000
2020-10-29,48.849998474121094,51.38999938964844,47.933998107910156,50.42100143432617,111207000
2020-10-30,50.20100021362305,50.5880012512207,47.22100067138672,47.57400131225586,78079000
2020-11-02,47.887001037597656,48.630001068115234,47.5,48.4119987487793,44082000
2020-11-03,48.49300003051758,49.53099822998047,47.875999450683594,48.72200012207031,36902000
2020-11-04,49.5359992980957,50.77299880981445,49.39799880981445,49.69499969482422,51373000
2020-11-05,50.65599822998047,51.87300109863281,50.345001220703125,51.375999450683594,53728000
2020-11-06,51.5,51.520999908447266,50.250999450683594,51.472999572753906,42363000
2020-11-09,48.55400085449219,49.584999084472656,46.72600173950195,47.04999923706055,104197000
2020-11-10,47.095001220703125,48.459999084472656,46.340999603271484,48.02399826049805,83061000
2020-11-11,48.29999923706055,49.167999267578125,47.82600021362305,49.07600021362305,54605000
2020-11-12,49.099998474121094,49.652000427246094,48.042999267578125,48.676998138427734,50637000
2020-11-13,48.676998138427734,48.89400100708008,47.779998779296875,48.284000396728516,30027000
2020-11-16,48.0,48.55799865722656,47.72999954223633,47.90999984741211,39536000
2020-11-17,48.012001037597656,48.750999450683594,47.8849983215332,48.0629997253418,36981000
2020-11-18,48.19499969482422,48.861000061035156,47.77199935913086,48.17900085449219,36292000
2020-11-19,48.20000076293945,48.779998779296875,48.047000885009766,48.46699905395508,22547000
2020-11-20,48.52199935913086,49.47600173950195,48.15700149536133,48.82400131225586,42534000
2020-11-23,49.04600143432617,49.1150016784668,47.58399963378906,47.6619987487793,54166000
2020-11-24,47.88399887084961,48.404998779296875,47.5890007019043,48.28799819946289,35505000
2020-11-25,48.51300048828125,48.689998626708984,47.891998291015625,48.5,35986000
2020-11-27,48.65800094604492,49.32500076293945,48.185001373291016,49.13600158691406,28058000
2020-11-30,49.007999420166016,49.255001068115234,48.12699890136719,49.06999969482422,35309000
2020-12-01,49.23400115966797,50.946998596191406,49.198001861572266,50.45800018310547,50527000
2020-12-02,50.1619987487793,50.68000030517578,49.349998474121094,50.3380012512207,30284000
2020-12-03,50.29899978637695,50.87699890136719,49.604000091552734,49.75199890136719,28261000
2020-12-04,49.75,50.45000076293945,49.36399841308594,49.83100128173828,36662000
2020-12-07,50.000999450683594,51.7760009765625,49.777000427246094,51.577999114990234,42893000
2020-12-08,51.790000915527344,52.14899826049805,50.55500030517578,51.26599884033203,42290000
2020-12-09,51.053001403808594,51.45000076293945,49.12900161743164,49.36000061035156,41788000
2020-12-10,49.45600128173828,50.37699890136719,49.29100036621094,50.10900115966797,30182000
2020-12-11,49.5,50.33399963378906,49.48500061035156,50.321998596191406,32109000
2020-12-14,50.54399871826172,52.41600036621094,50.11800003051758,52.242000579833984,57704000
2020-12-15,51.849998474121094,52.470001220703125,51.35599899291992,51.97800064086914,33949000
2020-12-16,52.01100158691406,52.737998962402344,51.76900100708008,52.483001708984375,36824000
2020-12-17,52.900001525878906,53.54899978637695,52.64400100708008,53.290000915527344,31934000
2020-12-18,53.31999969482422,53.637001037597656,52.60200119018555,53.44499969482422,45027000
2020-12-21,53.005001068115234,53.262001037597656,52.1150016784668,52.89099884033203,38940000
2020-12-22,52.76900100708008,53.040000915527344,52.04999923706055,52.733001708984375,19066000
2020-12-23,52.47600173950195,52.63199996948242,51.41999816894531,51.448001861572266,23932000
2020-12-24,51.512001037597656,51.935001373291016,51.22100067138672,51.39699935913086,11440000
2020-12-28,51.643001556396484,52.36600112915039,50.7130012512207,51.9119987487793,28919000
2020-12-29,51.9900016784668,53.654998779296875,51.54800033569336,53.08700180053711,40224000
2020-12-30,53.01300048828125,53.32600021362305,52.36899948120117,52.45899963378906,18763000
2020-12-31,52.553001403808594,54.54999923706055,52.314998626708984,54.073001861572266,53923000
2021-01-04,53.900001525878906,54.08000183105469,51.50899887084961,52.2859992980957,44444000
2021-01-05,52.154998779296875,52.678001403808594,51.5890007019043,52.08000183105469,31339000
2021-01-06,51.196998596191406,51.310001373291016,49.95000076293945,50.04899978637695,53462000
2021-01-07,50.827999114990234,51.64400100708008,50.641998291015625,50.888999938964844,36864000
2021-01-08,51.13100051879883,51.32400131225586,50.45100021362305,51.040000915527344,29739000
2021-01-11,50.784000396728516,51.073001861572266,49.79499816894531,49.90999984741211,38062000
2021-01-12,50.0,50.10900115966797,48.56700134277344,49.42499923706055,59904000
2021-01-13,49.54999923706055,51.23500061035156,49.30099868774414,50.77899932861328,50321000
2021-01-14,50.73500061035156,51.45000076293945,49.95800018310547,50.08599853515625,41774000
2021-01-15,50.0,50.63199996948242,49.5099983215332,49.79800033569336,58958000
2021-01-19,50.099998474121094,50.92499923706055,49.354000091552734,50.176998138427734,123158000
2021-01-20,56.54199981689453,59.32899856567383,55.68600082397461,58.63399887084961,326375000
2021-01-21,58.244998931884766,58.875,57.040000915527344,57.98400115966797,118021000
2021-01-22,58.209999084472656,58.39899826049805,56.435001373291016,56.516998291015625,75508000
2021-01-25,56.70000076293945,56.974998474121094,54.8650016784668,55.678001403808594,72073000
2021-01-26,55.472999572753906,56.79899978637695,55.40599822998047,56.19300079345703,50238000
2021-01-27,55.07099914550781,55.641998291015625,51.573001861572266,52.327999114990234,86703000
2021-01-28,53.5880012512207,55.314998626708984,53.07400131225586,53.86000061035156,59690000
2021-01-29,53.79999923706055,54.099998474121094,53.018001556396484,53.23899841308594,43253000
2021-02-01,53.67900085449219,54.50600051879883,53.17300033569336,53.90399932861328,35475000
2021-02-02,54.20100021362305,55.54800033569336,53.893001556396484,54.816001892089844,37676000
2021-02-03,55.016998291015625,55.04800033569336,53.82400131225586,53.94499969482422,31723000
2021-02-04,53.98099899291992,55.948001861572266,53.750999450683594,55.215999603271484,51645000
2021-02-05,55.22600173950195,55.444000244140625,54.54800033569336,55.07899856567383,23762000
2021-02-08,55.5,55.5,54.369998931884766,54.79199981689453,27917000
2021-02-09,54.599998474121094,56.599998474121094,54.29999923706055,55.90700149536133,37035000
2021-02-10,56.25,56.665000915527344,55.34600067138672,56.35900115966797,39913000
2021-02-11,56.444000244140625,56.59299850463867,55.422000885009766,55.75899887084961,27306000
2021-02-12,55.694000244140625,56.125,55.084999084472656,55.652000427246094,21971000
2021-02-16,55.729000091552734,56.362998962402344,55.27299880981445,55.72800064086914,26241000
2021-02-17,55.0989990234375,55.525001525878906,54.303001403808594,55.13399887084961,20696000
2021-02-18,54.900001525878906,55.0,53.823001861572266,54.821998596191406,24562000
2021-02-19,54.79999923706055,54.89899826049805,53.88100051879883,54.02199935913086,28415000
2021-02-22,53.499000549316406,54.17900085449219,53.07899856567383,53.37799835205078,30786000
2021-02-23,52.5,54.854000091552734,51.827999114990234,54.6150016784668,41365000
2021-02-24,53.97999954223633,55.685001373291016,53.90700149536133,55.340999603271484,32450000
2021-02-25,55.027000427246094,55.64799880981445,53.57500076293945,54.66999816894531,42529000
2021-02-26,54.6510009765625,55.308998107910156,53.79999923706055,53.8849983215332,37556000
2021-03-01,54.55699920654297,55.2140007019043,54.20000076293945,55.06399917602539,30414000
2021-03-02,55.33399963378906,55.69900131225586,54.60200119018555,54.78200149536133,30422000
2021-03-03,54.59299850463867,54.80099868774414,51.78099822998047,52.06999969482422,53624000
2021-03-04,52.150001525878906,53.150001525878906,50.768001556396484,51.12900161743164,50348000
2021-03-05,51.198001861572266,51.7760009765625,49.87900161743164,51.638999938964844,50700000
2021-03-08,51.44599914550781,51.88399887084961,49.28499984741211,49.33300018310547,39818000
2021-03-09,50.73099899291992,51.31100082397461,50.38199996948242,50.64400100708008,34700000
2021-03-10,51.349998474121094,51.89699935913086,50.42499923706055,50.45399856567383,37715000
2021-03-11,51.220001220703125,53.02399826049805,51.07099914550781,52.305999755859375,47145000
2021-03-12,51.25,52.6510009765625,50.659000396728516,51.801998138427734,39817000
2021-03-15,51.63199996948242,52.073001861572266,50.803001403808594,52.025001525878906,34843000
2021-03-16,52.446998596191406,53.34199905395508,52.32099914550781,52.40299987792969,32389000
2021-03-17,52.20000076293945,52.83700180053711,51.43000030517578,52.444000244140625,28174000
2021-03-18,51.63999938964844,51.790000915527344,50.3849983215332,50.479000091552734,40945000
2021-03-19,50.49599838256836,51.319000244140625,50.16299819946289,51.21799850463867,43864000
2021-03-22,50.91299819946289,52.930999755859375,50.91299819946289,52.31100082397461,33606000
2021-03-23,52.98699951171875,54.3120002746582,52.939998626708984,53.50899887084961,55835000
2021-03-24,53.37799835205078,53.44200134277344,52.0,52.08100128173828,41022000
2021-03-25,51.69900131225586,51.85300064086914,49.70000076293945,50.2859992980957,49268000
2021-03-26,50.28200149536133,50.87200164794922,49.667999267578125,50.80500030517578,34678000
2021-03-29,50.566001892089844,51.79999923706055,50.439998626708984,51.39500045776367,33300000
2021-03-30,51.05099868774414,51.441001892089844,50.691001892089844,51.3390007019043,24181000
2021-03-31,51.56700134277344,52.8129997253418,51.54399871826172,52.16600036621094,35031000
2021-04-01,52.99300003051758,54.04999923706055,52.702999114990234,53.94200134277344,39386000
2021-04-05,54.000999450683594,54.28499984741211,52.92300033569336,54.06700134277344,33559000
2021-04-06,54.48099899291992,55.41699981689453,54.33000183105469,54.452999114990234,34742000
2021-04-07,54.349998474121094,54.9640007019043,54.14500045776367,54.69900131225586,21513000
2021-04-08,55.112998962402344,55.689998626708984,54.75699996948242,55.45800018310547,43098000
2021-04-09,55.26900100708008,55.689998626708984,54.71099853515625,55.53099822998047,28940000
2021-04-12,55.10499954223633,55.79800033569336,54.95800018310547,55.27799987792969,29441000
2021-04-13,55.70000076293945,55.974998474121094,55.029998779296875,55.37300109863281,27203000
2021-04-14,55.48699951171875,55.48699951171875,53.85300064086914,54.00199890136719,37403000
2021-04-15,54.41699981689453,55.3489990234375,54.26599884033203,54.922000885009766,31391000
2021-04-16,55.05400085449219,55.198001861572266,53.95100021362305,54.65399932861328,32091000
2021-04-19,54.689998626708984,55.64400100708008,54.553001403808594,55.444000244140625,42887000
2021-04-20,55.44200134277344,56.35599899291992,54.630001068115234,54.957000732421875,112576000
2021-04-21,50.79999923706055,51.54600143432617,50.36000061035156,50.88999938964844,228974000
2021-04-22,51.38199996948242,51.395999908447266,50.05500030517578,50.87799835205078,90611000
2021-04-23,50.9010009765625,50.970001220703125,50.06999969482422,50.55500030517578,73077000
2021-04-26,50.67599868774414,51.04800033569336,50.29999923706055,51.029998779296875,43888000
2021-04-27,51.262001037597656,51.29899978637695,50.45800018310547,50.55500030517578,37613000
2021-04-28,50.52000045776367,50.84000015258789,50.33399963378906,50.652000427246094,31930000
2021-04-29,50.7599983215332,50.92900085449219,49.900001525878906,50.900001525878906,51278000
2021-04-30,50.5,51.45500183105469,50.5,51.34700012207031,44132000
2021-05-03,51.26499938964844,51.89500045776367,50.52000045776367,50.9109992980957,40919000
2021-05-04,51.077999114990234,51.16299819946289,49.67900085449219,50.31800079345703,43495000
2021-05-05,50.499000549316406,50.77799987792969,49.4630012512207,49.608001708984375,31294000
2021-05-06,49.5989990234375,49.95500183105469,49.137001037597656,49.95500183105469,37837000
2021-05-07,50.46200180053711,50.85499954223633,50.11199951171875,50.38399887084961,31328000
2021-05-10,50.20000076293945,50.314998626708984,48.611000061035156,48.66899871826172,51316000
2021-05-11,47.974998474121094,49.79899978637695,47.862998962402344,49.507999420166016,44010000
2021-05-12,48.68299865722656,49.354000091552734,48.27000045776367,48.49800109863281,41215000
2021-05-13,48.91299819946289,49.077999114990234,48.270999908447266,48.66600036621094,27125000
2021-05-14,48.7859992980957,49.48500061035156,48.659000396728516,49.33700180053711,28825000
2021-05-17,48.558998107910156,49.270999908447266,48.28099822998047,48.89400100708008,27052000
2021-05-18,48.84000015258789,49.347999572753906,48.61899948120117,48.62799835205078,23505000
2021-05-19,48.16299819946289,48.856998443603516,47.854000091552734,48.77000045776367,33499000
2021-05-20,48.95500183105469,50.27000045776367,48.89799880981445,50.16699981689453,37212000
2021-05-21,50.3120002746582,50.540000915527344,49.72600173950195,49.78900146484375,33229000
2021-05-24,50.10499954223633,50.42499923706055,49.95100021362305,50.290000915527344,24126000
2021-05-25,50.599998474121094,50.637001037597656,49.922000885009766,50.13399887084961,26995000
2021-05-26,50.23400115966797,50.41400146484375,50.04999923706055,50.236000061035156,24653000
2021-05-27,50.18000030517578,50.5099983215332,49.854000091552734,50.38600158691406,32538000
2021-05-28,50.439998626708984,51.17599868774414,50.25299835205078,50.28099822998047,29103000
2021-06-01,50.4010009765625,50.54100036621094,49.77399826049805,49.90800094604492,24826000
2021-06-02,49.981998443603516,50.321998596191406,49.582000732421875,49.92399978637695,22690000
2021-06-03,49.51900100708008,49.66600036621094,48.724998474121094,48.94300079345703,38874000
2021-06-04,49.20000076293945,50.18600082397461,49.095001220703125,49.4739990234375,31605000
2021-06-07,49.29199981689453,49.66999816894531,49.05500030517578,49.465999603271484,27919000
2021-06-08,49.70000076293945,49.88199996948242,48.9370002746582,49.23899841308594,23740000
2021-06-09,49.45000076293945,49.60900115966797,48.46500015258789,48.58100128173828,30550000
2021-06-10,48.71699905395508,49.020999908447266,48.2140007019043,48.72700119018555,43829000
2021-06-11,49.0,49.14099884033203,48.77799987792969,48.87699890136719,31240000
2021-06-14,48.96799850463867,50.349998474121094,48.691001892089844,49.98899841308594,44002000
2021-06-15,50.12300109863281,50.12300109863281,49.040000915527344,49.189998626708984,31041000
2021-06-16,49.5,49.645999908447266,48.62799835205078,49.24100112915039,35332000
2021-06-17,49.025001525878906,50.18000030517578,49.01499938964844,49.83399963378906,31983000
2021-06-18,49.63999938964844,50.44900131225586,49.52399826049805,50.07699966430664,51976000
2021-06-21,50.16400146484375,50.20500183105469,49.22800064086914,49.70000076293945,52773000
2021-06-22,49.854000091552734,51.35499954223633,49.58000183105469,50.88199996948242,58093000
2021-06-23,50.847999572753906,51.66299819946289,50.81999969482422,51.27399826049805,39448000
2021-06-24,51.79600143432617,52.09600067138672,51.439998626708984,51.805999755859375,33612000
2021-06-25,52.88399887084961,53.305999755859375,52.5,52.707000732421875,52991000
2021-06-28,52.8120002746582,53.39400100708008,52.45600128173828,53.303001403808594,28202000
2021-06-29,53.35499954223633,53.612998962402344,52.856998443603516,53.349998474121094,23146000
2021-06-30,53.40599822998047,53.4379997253418,52.68199920654297,52.82099914550781,27734000
2021-07-01,52.571998596191406,53.70399856567383,52.571998596191406,53.354000091552734,28054000
2021-07-02,53.54999923706055,53.854000091552734,52.93899917602539,53.39799880981445,19755000
2021-07-06,53.29999923706055,54.2859992980957,53.29999923706055,54.16400146484375,27751000
2021-07-07,54.42399978637695,54.4640007019043,53.16600036621094,53.59600067138672,27225000
2021-07-08,53.09299850463867,53.54999923706055,52.909000396728516,53.07600021362305,32690000
2021-07-09,53.099998474121094,53.82600021362305,52.858001708984375,53.597999572753906,27772000
2021-07-12,54.029998779296875,54.064998626708984,53.29199981689453,53.73099899291992,17807000
2021-07-13,53.57600021362305,54.53300094604492,53.57600021362305,54.06800079345703,27516000
2021-07-14,54.10100173950195,55.40999984741211,54.10100173950195,54.79499816894531,46595000
2021-07-15,55.39699935913086,55.75400161743164,53.81999969482422,54.29499816894531,57139000
2021-07-16,54.180999755859375,54.40599822998047,52.70500183105469,53.03099822998047,34421000
2021-07-19,52.60499954223633,53.49100112915039,52.2239990234375,53.22800064086914,38858000
2021-07-20,52.606998443603516,53.66400146484375,52.029998779296875,53.10499954223633,69304000
2021-07-21,52.612998962402344,53.0989990234375,50.56100082397461,51.362998962402344,119068000
2021-07-22,51.020999908447266,51.36800003051758,50.70000076293945,51.176998138427734,43281000
2021-07-23,51.215999603271484,51.74100112915039,50.465999603271484,51.54100036621094,38205000
2021-07-26,51.4379997253418,52.112998962402344,50.9010009765625,51.64899826049805,22545000
2021-07-27,51.80799865722656,52.19499969482422,51.20500183105469,51.89099884033203,27590000
2021-07-28,52.18199920654297,52.446998596191406,51.698001861572266,51.93000030517578,23905000
2021-07-29,51.99599838256836,52.077999114990234,51.37900161743164,51.42499923706055,17360000
2021-07-30,51.26900100708008,51.979000091552734,51.09600067138672,51.75699996948242,25371000
2021-08-02,51.900001525878906,51.98500061035156,51.05099868774414,51.51499938964844,20966000
2021-08-03,51.43899917602539,51.5629997253418,50.5369987487793,51.082000732421875,25794000
2021-08-04,51.29999923706055,51.79800033569336,51.0369987487793,51.73500061035156,20394000
2021-08-05,51.7130012512207,52.54100036621094,51.402000427246094,52.48899841308594,25567000
2021-08-06,52.400001525878906,52.683998107910156,51.93899917602539,52.05500030517578,19198000
2021-08-09,52.1150016784668,52.266998291015625,51.79899978637695,51.99700164794922,13678000
2021-08-10,52.0,52.07899856567383,51.297000885009766,51.58399963378906,19605000
2021-08-11,51.70000076293945,51.957000732421875,50.97700119018555,51.2400016784668,16739000
2021-08-12,51.18600082397461,51.29999923706055,50.720001220703125,51.071998596191406,16857000
2021-08-13,51.263999938964844,52.14400100708008,51.1510009765625,51.59199905395508,21777000
2021-08-16,51.52399826049805,52.3380012512207,51.22999954223633,51.79199981689453,20328000
2021-08-17,51.547000885009766,52.07899856567383,51.41999816894531,51.89099884033203,23098000
2021-08-18,52.0,52.63800048828125,51.8650016784668,52.1870002746582,25820000
2021-08-19,52.27399826049805,54.8390007019043,52.1870002746582,54.37099838256836,74973000
2021-08-20,54.50899887084961,55.138999938964844,53.90999984741211,54.6879997253418,37764000
2021-08-23,54.597999572753906,55.55500030517578,54.374000549316406,55.33300018310547,26020000
2021-08-24,55.14799880981445,55.53099822998047,54.926998138427734,55.340999603271484,21095000
2021-08-25,55.01599884033203,55.284000396728516,54.54499816894531,54.757999420166016,20656000
2021-08-26,54.61600112915039,55.2599983215332,54.59000015258789,55.012001037597656,15955000
2021-08-27,55.15999984741211,56.41699981689453,54.92499923706055,55.891998291015625,32526000
2021-08-30,55.724998474121094,56.715999603271484,55.64500045776367,56.61800003051758,24348000
2021-08-31,56.61199951171875,56.948001861572266,56.1609992980957,56.91899871826172,24319000
2021-09-01,56.900001525878906,59.099998474121094,56.900001525878906,58.207000732421875,56262000
2021-09-02,58.36800003051758,59.875999450683594,58.36800003051758,58.85499954223633,61799000
2021-09-03,58.58000183105469,59.1879997253418,58.31399917602539,59.053001403808594,26812000
2021-09-07,59.46900177001953,61.3849983215332,59.39899826049805,60.67100143432617,58214000
2021-09-08,60.38399887084961,61.560001373291016,59.57099914550781,60.60499954223633,54245000
2021-09-09,60.64699935913086,60.944000244140625,59.654998779296875,59.75400161743164,29542000
2021-09-10,59.816001892089844,60.94499969482422,59.367000579833984,59.87200164794922,39508000
2021-09-13,59.856998443603516,59.856998443603516,58.27799987792969,58.92900085449219,30629000
2021-09-14,58.48899841308594,58.72800064086914,57.555999755859375,57.7760009765625,34570000
2021-09-15,57.81700134277344,58.46200180053711,57.5369987487793,58.2869987487793,27556000
2021-09-16,58.43000030517578,58.74800109863281,57.77199935913086,58.650001525878906,18320000
2021-09-17,58.78499984741211,59.02799987792969,58.084999084472656,58.935001373291016,41451000
2021-09-20,58.67900085449219,59.15299987792969,56.80799865722656,57.542999267578125,37322000
2021-09-21,57.83100128173828,58.1879997253418,56.9370002746582,57.31399917602539,22509000
2021-09-22,57.96900177001953,59.564998626708984,57.96900177001953,59.064998626708984,40218000
2021-09-23,59.07899856567383,59.93199920654297,58.91299819946289,59.32600021362305,25262000
2021-09-24,59.25,59.29800033569336,58.36399841308594,59.23899841308594,21262000
2021-09-27,58.79499816894531,59.358001708984375,57.69300079345703,59.263999938964844,25047000
2021-09-28,58.900001525878906,59.95399856567383,58.01599884033203,58.3849983215332,44311000
2021-09-29,58.9010009765625,60.987998962402344,58.80099868774414,59.90599822998047,62210000
2021-09-30,60.80500030517578,61.900001525878906,60.80500030517578,61.034000396728516,66126000
2021-10-01,60.42399978637695,61.499000549316406,59.750999450683594,61.314998626708984,40908000
2021-10-04,61.3390007019043,62.612998962402344,59.46799850463867,60.334999084472656,49959000
2021-10-05,60.694000244140625,64.03900146484375,60.68899917602539,63.48099899291992,95343000
2021-10-06,62.81800079345703,63.98699951171875,62.63600158691406,63.90999984741211,45804000
2021-10-07,64.2229995727539,64.68399810791016,63.04499816894531,63.185001373291016,35569000
2021-10-08,63.41699981689453,64.37999725341797,63.08599853515625,63.26599884033203,32721000
2021-10-11,63.31999969482422,63.94200134277344,62.678001403808594,62.70399856567383,28625000
2021-10-12,63.301998138427734,63.76599884033203,62.19900131225586,62.49399948120117,32273000
2021-10-13,63.21799850463867,63.21799850463867,62.209999084472656,62.97600173950195,24203000
2021-10-14,63.222999572753906,63.6879997253418,62.67900085449219,63.380001068115234,26717000
2021-10-15,63.79999923706055,63.94200134277344,62.51599884033203,62.82899856567383,41169000
2021-10-18,63.209999084472656,63.840999603271484,62.058998107910156,63.797000885009766,46691000
2021-10-19,63.696998596191406,64.0999984741211,63.22999954223633,63.900001525878906,76331000
2021-10-20,62.55699920654297,63.7400016784668,61.71500015258789,62.513999938964844,106220000
2021-10-21,62.888999938964844,65.4010009765625,62.8650016784668,65.31600189208984,84371000
2021-10-22,65.18099975585938,66.5459976196289,65.18099975585938,66.47799682617188,61860000
2021-10-25,66.3740005493164,67.58799743652344,65.70700073242188,67.16600036621094,38335000
2021-10-26,67.3759994506836,67.64900207519531,66.2770004272461,66.85199737548828,29048000
2021-10-27,66.9000015258789,67.14099884033203,66.18499755859375,66.29199981689453,22769000
2021-10-28,67.09500122070312,67.68000030517578,66.8030014038086,67.40499877929688,28594000
2021-10-29,67.30599975585938,69.09700012207031,67.1240005493164,69.03099822998047,38253000
2021-11-01,68.90599822998047,68.99700164794922,67.65399932861328,68.11699676513672,31109000
2021-11-02,68.31099700927734,68.76799774169922,67.38200378417969,67.77200317382812,38886000
2021-11-03,67.72699737548828,68.93900299072266,67.72699737548828,68.8290023803711,23349000
2021-11-04,68.58899688720703,68.59400177001953,66.55000305175781,66.83999633789062,48650000
2021-11-05,66.39700317382812,66.56400299072266,64.5009994506836,64.5719985961914,52835000
2021-11-08,65.02899932861328,65.5999984741211,64.37899780273438,65.1449966430664,28875000
2021-11-09,65.37000274658203,66.05000305175781,65.052001953125,65.5989990234375,24156000
2021-11-10,65.3010025024414,66.03299713134766,64.21099853515625,64.69100189208984,24058000
2021-11-11,65.02400207519531,66.58200073242188,64.97100067138672,65.75800323486328,28683000
2021-11-12,66.0009994506836,68.33399963378906,65.38200378417969,68.26100158691406,41984000
2021-11-15,68.1240005493164,68.5260009765625,67.14900207519531,67.93299865722656,28722000
2021-11-16,67.8270034790039,68.83599853515625,67.69000244140625,68.73999786376953,20774000
2021-11-17,69.0,70.0989990234375,68.60900115966797,69.16899871826172,27328000
2021-11-18,69.16100311279297,69.17400360107422,67.9739990234375,68.2020034790039,20129000
2021-11-19,69.23500061035156,69.41600036621094,67.5,67.87999725341797,26137000
2021-11-22,67.60199737548828,67.947998046875,65.64700317382812,65.91999816894531,27644000
2021-11-23,65.81800079345703,66.64299774169922,64.6050033569336,65.40599822998047,23202000
2021-11-24,65.8010025024414,66.14399719238281,65.11000061035156,65.8290023803711,18673000
2021-11-26,67.5,67.64099884033203,66.06700134277344,66.56400299072266,28725000
2021-11-29,66.31999969482422,66.79900360107422,65.8290023803711,66.38400268554688,25294000
2021-11-30,66.81999969482422,67.53800201416016,64.0009994506836,64.19000244140625,56089000
2021-12-01,64.947998046875,65.4520034790039,61.707000732421875,61.777000427246094,38828000
2021-12-02,61.709999084472656,62.5359992980957,61.28799819946289,61.64699935913086,33311000
2021-12-03,62.275001525878906,62.54999923706055,59.400001525878906,60.2130012512207,48293000
2021-12-06,60.60100173950195,61.729000091552734,60.099998474121094,61.26900100708008,30757000
2021-12-07,61.983001708984375,62.888999938964844,61.13999938964844,62.55799865722656,31252000
2021-12-08,63.0,63.24599838256836,62.31999969482422,62.80799865722656,22203000
2021-12-09,62.757999420166016,63.02399826049805,61.04399871826172,61.099998474121094,23763000
2021-12-10,61.678001403808594,61.77399826049805,60.5880012512207,61.16600036621094,27488000
2021-12-13,61.20000076293945,61.263999938964844,59.95199966430664,60.45600128173828,25179000
2021-12-14,59.87099838256836,60.229000091552734,58.8129997253418,59.79899978637695,29845000
2021-12-15,59.81800079345703,60.569000244140625,58.45100021362305,60.50400161743164,28662000
2021-12-16,59.70899963378906,60.28300094604492,58.79999923706055,59.10599899291992,31432000
2021-12-17,59.1609992980957,59.32500076293945,58.17399978637695,58.67300033569336,43869000
2021-12-20,58.643001556396484,60.28799819946289,58.42599868774414,59.374000549316406,33584000
2021-12-21,59.75400161743164,60.78200149536133,59.38600158691406,60.492000579833984,23194000
2021-12-22,60.33599853515625,61.481998443603516,60.26300048828125,61.42399978637695,23357000
2021-12-23,61.63999938964844,61.6879997253418,60.75699996948242,61.409000396728516,16211000
2021-12-27,61.5,61.5,60.92499923706055,61.3120002746582,20615000
2021-12-28,61.494998931884766,61.840999603271484,60.96900177001953,61.07099914550781,18828000
2021-12-29,61.07099914550781,61.39799880981445,60.46799850463867,61.05400085449219,12872000
2021-12-30,61.29899978637695,62.06100082397461,61.124000549316406,61.20899963378906,16251000
2021-12-31,61.000999450683594,61.40800094604492,60.20500183105469,60.24399948120117,19959000
2022-01-03,60.56100082397461,60.999000549316406,59.055999755859375,59.73699951171875,30675000
2022-01-04,59.99100112915039,60.04100036621094,58.15999984741211,59.1150016784668,43931000
2022-01-05,59.20000076293945,59.284000396728516,56.6879997253418,56.75199890136719,41487000
2022-01-06,55.433998107910156,56.33599853515625,54.20100021362305,55.32899856567383,57118000
2022-01-07,54.94599914550781,55.34299850463867,53.821998596191406,54.10599899291992,33829000
2022-01-10,53.8489990234375,54.36899948120117,52.63199996948242,53.98500061035156,44861000
2022-01-11,53.69900131225586,54.39099884033203,53.00699996948242,54.08399963378906,30778000
2022-01-12,54.426998138427734,54.426998138427734,53.20199966430664,53.72200012207031,37874000
2022-01-13,53.70600128173828,54.07899856567383,51.82600021362305,51.91999816894531,44751000
2022-01-14,51.7599983215332,53.83700180053711,51.1879997253418,52.569000244140625,78611000
2022-01-18,52.007999420166016,52.17499923706055,50.86800003051758,51.08000183105469,48391000
2022-01-19,51.5,52.32099914550781,51.05099868774414,51.58599853515625,43535000
2022-01-20,51.775001525878906,52.66400146484375,50.69300079345703,50.82500076293945,126590000
2022-01-21,40.042999267578125,40.915000915527344,37.999000549316406,39.75,589043000
2022-01-24,38.39099884033203,38.72600173950195,35.145999908447266,38.71500015258789,323460000
2022-01-25,37.91400146484375,38.770999908447266,36.51300048828125,36.641998291015625,151458000
2022-01-26,37.82699966430664,38.26599884033203,35.6619987487793,35.970001220703125,126840000
2022-01-27,38.20600128173828,39.47999954223633,37.810001373291016,38.66999816894531,243247000
2022-01-28,38.67599868774414,38.70000076293945,37.20800018310547,38.43600082397461,119666000
2022-01-31,40.196998596191406,42.77000045776367,39.81999969482422,42.7140007019043,200475000
2022-02-01,43.29600143432617,45.847999572753906,42.55400085449219,45.7130012512207,225681000
2022-02-02,44.82500076293945,45.198001861572266,42.64799880981445,42.948001861572266,143460000
2022-02-03,42.14400100708008,42.92599868774414,40.428001403808594,40.560001373291016,99052000
2022-02-04,40.73099899291992,41.277000427246094,39.66400146484375,41.016998291015625,77898000
2022-02-07,41.016998291015625,41.23500061035156,39.35499954223633,40.209999084472656,82329000
2022-02-08,39.81800079345703,40.6609992980957,39.58300018310547,40.35300064086914,68185000
2022-02-09,40.8650016784668,41.29800033569336,39.87900161743164,41.28900146484375,77382000
2022-02-10,40.209999084472656,40.79999923706055,39.63600158691406,40.62699890136719,84529000
2022-02-11,40.53300094604492,41.1609992980957,38.76499938964844,39.13100051879883,75589000
2022-02-14,38.75899887084961,40.93600082397461,38.68899917602539,39.65700149536133,72022000
2022-02-15,40.37900161743164,40.91600036621094,40.10100173950195,40.74599838256836,53923000
2022-02-16,40.15299987792969,40.15599822998047,39.03799819946289,39.80799865722656,52777000
2022-02-17,39.42399978637695,39.9109992980957,38.56999969482422,38.66699981689453,46692000
2022-02-18,39.25299835205078,40.2869987487793,38.904998779296875,39.12900161743164,68017000
2022-02-22,38.89500045776367,39.242000579833984,37.301998138427734,37.737998962402344,66975000
2022-02-23,38.27199935913086,38.599998474121094,36.66600036621094,36.74599838256836,46143000
2022-02-24,35.50899887084961,39.073001861572266,35.47200012207031,39.00299835205078,70687000
2022-02-25,38.6609992980957,39.12900161743164,37.55799865722656,39.08000183105469,48416000
2022-02-28,38.733001708984375,39.775001525878906,38.2130012512207,39.45199966430664,50350000
2022-03-01,39.15999984741211,39.5,38.37099838256836,38.624000549316406,32904000
2022-03-02,38.893001556396484,38.922000885009766,37.520999908447266,38.00299835205078,53568000
2022-03-03,38.599998474121094,38.61199951171875,36.46500015258789,36.80699920654297,60768000
2022-03-04,36.79999923706055,37.481998443603516,35.71699905395508,36.17300033569336,53255000
2022-03-07,36.04100036621094,36.20000076293945,35.02000045776367,35.0260009765625,57084000
2022-03-08,34.97999954223633,35.88600158691406,34.06700134277344,34.17599868774414,64287000
2022-03-09,35.76900100708008,36.41400146484375,35.05099868774414,35.87900161743164,65202000
2022-03-10,35.619998931884766,36.70199966430664,35.33000183105469,35.676998138427734,48078000
2022-03-11,36.11899948120117,36.33599853515625,34.0,34.03200149536133,48199000
2022-03-14,33.87200164794922,34.13199996948242,32.981998443603516,33.10100173950195,59078000
2022-03-15,33.5099983215332,34.5359992980957,33.236000061035156,34.375,54606000
2022-03-16,34.81999969482422,35.999000549316406,34.305999755859375,35.75299835205078,69825000
2022-03-17,35.970001220703125,37.33100128173828,35.487998962402344,37.13999938964844,58183000
2022-03-18,37.20000076293945,38.18000030517578,36.84700012207031,38.060001373291016,83248000
2022-03-21,37.801998138427734,38.18199920654297,36.89400100708008,37.45899963378906,48665000
2022-03-22,37.11399841308594,38.66600036621094,36.67599868774414,38.29199981689453,42428000
2022-03-23,37.97700119018555,38.24599838256836,37.44900131225586,37.44900131225586,37290000
2022-03-24,37.97600173950195,37.97600173950195,36.88999938964844,37.57099914550781,38885000
2022-03-25,37.707000732421875,37.763999938964844,36.643001556396484,37.3849983215332,35745000
2022-03-28,37.52299880981445,38.02799987792969,36.67300033569336,37.85100173950195,43234000
2022-03-29,38.43899917602539,39.650001525878906,38.03300094604492,39.18199920654297,58807000
2022-03-30,38.95500183105469,39.27000045776367,37.862998962402344,38.14699935913086,40233000
2022-03-31,38.35900115966797,38.400001525878906,37.361000061035156,37.45899963378906,41347000
2022-04-01,37.68000030517578,38.08700180053711,36.849998474121094,37.34700012207031,46442000
2022-04-04,37.35499954223633,39.60200119018555,37.3129997253418,39.150001525878906,70018000
2022-04-05,38.93000030517578,39.0,37.73099899291992,38.01499938964844,42345000
2022-04-06,37.415000915527344,37.64699935913086,36.27299880981445,36.834999084472656,43549000
2022-04-07,36.5,36.854000091552734,35.36899948120117,36.21500015258789,49489000
2022-04-08,36.19599914550781,36.25,35.48699951171875,35.5880012512207,40252000
2022-04-11,35.0,35.47800064086914,34.52000045776367,34.79999923706055,37771000
2022-04-12,35.590999603271484,35.941001892089844,34.224998474121094,34.40999984741211,38243000
2022-04-13,34.391998291015625,35.20000076293945,34.11600112915039,35.042999267578125,32310000
2022-04-14,35.095001220703125,35.20000076293945,33.986000061035156,34.112998962402344,43438000
2022-04-18,34.0,34.236000061035156,33.1619987487793,33.7859992980957,51050000
2022-04-19,33.321998596191406,35.167999267578125,33.321998596191406,34.861000061035156,209069000
2022-04-20,24.520000457763672,24.8700008392334,21.250999450683594,22.618999481201172,1333875000
2022-04-21,22.0,22.76799964904785,21.152000427246094,21.82200050354004,535016000
2022-04-22,22.01799964904785,22.62700080871582,21.0049991607666,21.552000045776367,375151000
2022-04-25,21.381000518798828,21.666000366210938,20.451000213623047,20.990999221801758,281520000
2022-04-26,20.8799991607666,20.915000915527344,19.827999114990234,19.84000015258789,203181000
2022-04-27,19.400999069213867,20.018999099731445,18.777000427246094,18.854000091552734,222984000
2022-04-28,19.1560001373291,20.148000717163086,18.559999465942383,19.95199966430664,213632000
2022-04-29,19.868000030517578,20.47100067138672,19.0,19.035999298095703,163919000
2022-05-02,19.17099952697754,20.020999908447266,19.000999450683594,19.945999145507812,145916000
2022-05-03,19.82900047302246,20.31999969482422,19.476999282836914,19.98699951171875,118394000
2022-05-04,19.764999389648438,20.437999725341797,19.10099983215332,20.400999069213867,122188000
2022-05-05,20.045000076293945,20.070999145507812,18.600000381469727,18.832000732421875,139713000
2022-05-06,18.674999237060547,18.72100067138672,17.58099937438965,18.097000122070312,171855000
2022-05-09,17.766000747680664,18.31999969482422,17.229999542236328,17.309999465942383,140313000
2022-05-10,17.60099983215332,18.187000274658203,17.05699920654297,17.766000747680664,138839000
2022-05-11,17.608999252319336,18.091999053955078,16.55500030517578,16.636999130249023,126655000
2022-05-12,16.395999908447266,17.757999420166016,16.270999908447266,17.430999755859375,176621000
2022-05-13,17.715999603271484,18.777000427246094,17.60099983215332,18.763999938964844,131363000
2022-05-16,19.329999923706055,19.589000701904297,18.56999969482422,18.650999069213867,161450000
2022-05-17,18.91699981689453,19.139999389648438,18.517000198364258,19.055999755859375,98767000
2022-05-18,18.672000885009766,18.770000457763672,17.62700080871582,17.7189998626709,96656000
2022-05-19,17.80500030517578,18.6299991607666,17.570999145507812,18.347999572753906,104485000
2022-05-20,18.586999893188477,19.018999099731445,17.976999282836914,18.635000228881836,104294000
2022-05-23,18.614999771118164,18.766000747680664,17.788999557495117,18.743999481201172,96020000
2022-05-24,18.200000762939453,18.399999618530273,17.716999053955078,18.034000396728516,77064000
2022-05-25,18.027999877929688,18.886999130249023,18.017000198364258,18.783000946044922,85221000
2022-05-26,18.64900016784668,19.233999252319336,18.30900001525879,19.139999389648438,80499000
2022-05-27,19.319000244140625,19.524999618530273,19.03700065612793,19.518999099731445,85860000
2022-05-31,19.618000030517578,19.9950008392334,19.079999923706055,19.743999481201172,113985000
2022-06-01,19.8700008392334,20.27400016784668,19.166000366210938,19.291000366210938,84162000
2022-06-02,19.20199966430664,20.547000885009766,19.172000885009766,20.509000778198242,96231000
2022-06-03,20.013999938964844,20.295000076293945,19.80500030517578,19.898000717163086,71918000
2022-06-06,20.208999633789062,20.386999130249023,19.538000106811523,19.714000701904297,53720000
2022-06-07,19.48699951171875,19.959999084472656,19.299999237060547,19.861000061035156,48395000
2022-06-08,19.795000076293945,20.738000869750977,19.763999938964844,20.283000946044922,72441000
2022-06-09,20.065000534057617,20.16900062561035,19.253999710083008,19.277000427246094,69490000
2022-06-10,18.263999938964844,18.586000442504883,18.084999084472656,18.29400062561035,130656000
2022-06-13,17.707000732421875,17.909000396728516,16.895999908447266,16.9689998626709,102224000
2022-06-14,16.975000381469727,17.20599937438965,16.42799949645996,16.753999710083008,115553000
2022-06-15,16.926000595092773,18.385000228881836,16.85300064086914,18.01099967956543,123960000
2022-06-16,17.399999618530273,17.62700080871582,17.1560001373291,17.334999084472656,82013000
2022-06-17,17.363000869750977,17.96500015258789,17.333999633789062,17.551000595092773,121334000
2022-06-21,17.760000228881836,17.86199951171875,16.979999542236328,17.090999603271484,121776000
2022-06-22,17.075000762939453,18.281999588012695,17.020000457763672,17.888999938964844,119924000
2022-06-23,18.049999237060547,18.275999069213867,17.586999893188477,18.17099952697754,95382000
2022-06-24,18.350000381469727,19.118999481201172,18.18400001525879,19.084999084472656,124240000
2022-06-27,19.177000045776367,19.17799949645996,18.23900032043457,18.913999557495117,83639000
2022-06-28,18.920000076293945,19.219999313354492,17.937000274658203,17.959999084472656,71854000
2022-06-29,17.954999923706055,18.066999435424805,17.510000228881836,17.836000442504883,57668000
2022-06-30,17.707000732421875,17.94499969482422,17.030000686645508,17.48699951171875,78947000
2022-07-01,17.64900016784668,18.010000228881836,17.427000045776367,17.9950008392334,52016000
2022-07-05,17.628000259399414,18.591999053955078,17.26799964904785,18.58799934387207,73343000
2022-07-06,18.520000457763672,18.621999740600586,18.082000732421875,18.4060001373291,57534000
2022-07-07,18.427000045776367,19.020999908447266,18.350000381469727,18.927000045776367,63345000
2022-07-08,18.601999282836914,18.990999221801758,18.274999618530273,18.697999954223633,58357000
2022-07-11,18.472999572753906,18.499000549316406,17.68899917602539,17.733999252319336,60388000
2022-07-12,17.732999801635742,17.97800064086914,17.341999053955078,17.44499969482422,68453000
2022-07-13,17.049999237060547,17.917999267578125,16.969999313354492,17.6560001373291,127344000
2022-07-14,17.555999755859375,17.75200080871582,17.18199920654297,17.47800064086914,90395000
2022-07-15,17.558000564575195,18.922000885009766,17.45599937438965,18.910999298095703,163191000
2022-07-18,19.25,19.966999053955078,18.979999542236328,19.091999053955078,163228000
2022-07-19,19.302000045776367,20.19700050354004,18.84000015258789,20.163000106811523,281787000
2022-07-20,20.816999435424805,21.69700050354004,20.010000228881836,21.643999099731445,539203000
2022-07-21,21.43000030517578,22.43199920654297,21.149999618530273,22.38800048828125,234301000
2022-07-22,22.238000869750977,22.934999465942383,21.8439998626709,22.04400062561035,178055000
2022-07-25,22.131000518798828,22.523000717163086,21.635000228881836,21.85099983215332,109352000
2022-07-26,21.666000366210938,21.93899917602539,21.163999557495117,21.391000747680664,95085000
2022-07-27,21.648000717163086,22.777999877929688,21.45800018310547,22.674999237060547,105084000
2022-07-28,22.459999084472656,22.809999465942383,21.966999053955078,22.601999282836914,89727000
2022-07-29,22.32900047302246,23.075000762939453,22.239999771118164,22.489999771118164,90649000
2022-08-01,22.309999465942383,22.839000701904297,22.100000381469727,22.621000289916992,55250000
2022-08-02,22.275999069213867,22.81999969482422,22.08799934387207,22.142000198364258,63613000
2022-08-03,22.479000091552734,22.809999465942383,22.242000579833984,22.67300033569336,64007000
2022-08-04,22.76799964904785,23.207000732421875,22.5049991607666,22.990999221801758,71427000
2022-08-05,22.530000686645508,22.86199951171875,22.28700065612793,22.67799949645996,55397000
2022-08-08,22.749000549316406,24.195999145507812,22.641000747680664,23.349000930786133,109821000
2022-08-09,23.16200065612793,23.219999313354492,22.46500015258789,22.993999481201172,61812000
2022-08-10,23.698999404907227,24.45400047302246,23.65999984741211,24.410999298095703,92548000
2022-08-11,24.468000411987305,25.16200065612793,24.150999069213867,24.270000457763672,87801000
2022-08-12,24.481000900268555,24.94099998474121,24.375999450683594,24.93000030517578,60985000
2022-08-15,24.81100082397461,25.198999404907227,24.750999450683594,24.910999298095703,65274000
2022-08-16,24.715999603271484,24.929000854492188,24.402999877929688,24.569000244140625,51368000
2022-08-17,24.118000030517578,24.423999786376953,23.756000518798828,24.114999771118164,56272000
2022-08-18,24.195999145507812,24.648000717163086,23.92799949645996,24.517000198364258,52804000
2022-08-19,24.094999313354492,24.32900047302246,23.56800079345703,24.115999221801758,75047000
2022-08-22,23.2549991607666,23.347999572753906,22.458999633789062,22.65399932861328,86301000
2022-08-23,22.645999908447266,22.989999771118164,22.43000030517578,22.454999923706055,52769000
2022-08-24,22.56599998474121,23.40999984741211,22.393999099731445,22.961000442504883,54263000
2022-08-25,23.02400016784668,23.416000366210938,22.899999618530273,23.398000717163086,37669000
2022-08-26,23.363000869750977,23.69499969482422,22.315000534057617,22.327999114990234,53498000
2022-08-29,22.19300079345703,22.98699951171875,22.152000427246094,22.457000732421875,71094000
2022-08-30,22.666000366210938,22.979000091552734,21.874000549316406,22.065000534057617,57404000
2022-08-31,22.700000762939453,23.38800048828125,22.343000411987305,22.356000900268555,86159000
2022-09-01,22.07200050354004,23.03700065612793,21.94700050354004,23.003999710083008,72929000
2022-09-02,23.10300064086914,23.38800048828125,22.503999710083008,22.611000061035156,81649000
2022-09-06,22.55900001525879,22.684999465942383,21.4689998626709,21.839000701904297,74690000
2022-09-07,22.020999908447266,22.933000564575195,21.82699966430664,22.895999908447266,81493000
2022-09-08,22.416000366210938,22.874000549316406,22.1299991607666,22.743999481201172,67374000
2022-09-09,22.961999893188477,23.47800064086914,22.961999893188477,23.35700035095215,66996000
2022-09-12,23.361000061035156,23.948999404907227,23.336999893188477,23.652999877929688,60474000
2022-09-13,22.649999618530273,22.768999099731445,21.77199935913086,21.812999725341797,80001000
2022-09-14,21.98200035095215,22.799999237060547,21.579999923706055,22.41200065612793,82303000
2022-09-15,23.047000885009766,24.229000091552734,22.90999984741211,23.538000106811523,194541000
2022-09-16,23.121999740600586,24.13599967956543,22.783000946044922,24.01300048828125,189142000
2022-09-19,24.5049991607666,24.524999618530273,23.575000762939453,24.363000869750977,179124000
2022-09-20,24.03700065612793,25.048999786376953,23.965999603271484,24.28499984741211,160374000
2022-09-21,24.267000198364258,24.829999923706055,23.667999267578125,23.687000274658203,91668000
2022-09-22,23.53499984741211,24.049999237060547,23.166000366210938,23.704999923706055,100180000
2022-09-23,23.513999938964844,23.645000457763672,22.14299964904785,22.641000747680664,112072000
2022-09-26,22.559999465942383,23.270000457763672,22.301000595092773,22.406999588012695,82343000
2022-09-27,22.863000869750977,23.06399917602539,22.07200050354004,22.43600082397461,77622000
2022-09-28,22.9689998626709,24.665000915527344,22.738000869750977,24.520000457763672,175797000
2022-09-29,24.160999298095703,24.697999954223633,23.56800079345703,23.97100067138672,189949000
2022-09-30,23.700000762939453,24.243999481201172,23.326000213623047,23.54400062561035,118486000
2022-10-03,23.78499984741211,24.15399932861328,23.28499984741211,23.90399932861328,86574000
2022-10-04,24.483999252319336,24.579999923706055,23.325000762939453,24.073999404907227,139259000
2022-10-05,23.875999450683594,24.159000396728516,22.738000869750977,23.67300033569336,108256000
2022-10-06,23.667999267578125,24.42799949645996,23.391000747680664,24.00200080871582,91889000
2022-10-07,23.57699966430664,23.732999801635742,22.42799949645996,22.475000381469727,98061000
2022-10-10,22.56399917602539,23.382999420166016,22.42300033569336,22.99799919128418,99911000
2022-10-11,22.604999542236328,23.04400062561035,21.3700008392334,21.429000854492188,152824000
2022-10-12,21.43000030517578,22.367000579833984,21.263999938964844,22.086999893188477,129526000
2022-10-13,21.268999099731445,23.44700050354004,21.17300033569336,23.250999450683594,175050000
2022-10-14,23.780000686645508,23.8799991607666,22.951000213623047,23.0,152934000
2022-10-17,23.44099998474121,24.992000579833984,23.440000534057617,24.510000228881836,210578000
2022-10-18,24.979999542236328,25.03700065612793,23.773000717163086,24.086000442504883,257767000
2022-10-19,26.5,27.93000030517578,26.266000747680664,27.238000869750977,466853000
2022-10-20,27.277999877929688,27.83799934387207,26.63800048828125,26.81599998474121,172071000
2022-10-21,26.895000457763672,29.075000762939453,26.56800079345703,28.957000732421875,248891000
2022-10-24,29.023000717163086,29.048999786376953,28.035999298095703,28.2450008392334,133264000
2022-10-25,28.69499969482422,29.759000778198242,28.55500030517578,29.101999282836914,151007000
2022-10-26,29.003999710083008,30.562999725341797,28.804000854492188,29.86199951171875,157141000
2022-10-27,29.83300018310547,30.520999908447266,29.47800064086914,29.694000244140625,146126000
2022-10-28,29.770000457763672,30.118999481201172,29.229000091552734,29.57200050354004,99605000
2022-10-31,29.51300048828125,29.761999130249023,28.950000762939453,29.187999725341797,75051000
2022-11-01,29.617000579833984,29.969999313354492,28.642000198364258,28.674999237060547,69164000
2022-11-02,28.639999389648438,28.732999801635742,27.284000396728516,27.299999237060547,103676000
2022-11-03,27.125,27.628999710083008,26.8799991607666,26.9060001373291,70574000
2022-11-04,27.20199966430664,27.496999740600586,25.531999588012695,26.07900047302246,111247000
2022-11-07,26.106000900268555,26.114999771118164,25.208999633789062,25.860000610351562,79270000
2022-11-08,25.992000579833984,26.607999801635742,25.687999725341797,26.34600067138672,76838000
2022-11-09,25.965999603271484,26.09000015258789,25.422000885009766,25.465999603271484,72660000
2022-11-10,26.599000930786133,27.535999298095703,26.009000778198242,27.496999740600586,96673000
2022-11-11,27.44700050354004,29.06599998474121,27.1560001373291,29.01300048828125,95738000
2022-11-14,29.0,31.100000381469727,28.819000244140625,29.927000045776367,179782000
2022-11-15,30.920000076293945,31.270999908447266,30.2549991607666,31.020000457763672,146269000
2022-11-16,30.993999481201172,31.048999786376953,30.361000061035156,30.601999282836914,80386000
2022-11-17,29.472000122070312,29.98200035095215,29.100000381469727,29.527999877929688,98382000
2022-11-18,29.732999801635742,29.799999237060547,28.700000762939453,28.79800033569336,84001000
2022-11-21,29.100000381469727,29.187000274658203,28.266000747680664,28.5049991607666,72565000
2022-11-22,28.499000549316406,28.697999954223633,27.733999252319336,28.66900062561035,62451000
2022-11-23,28.590999603271484,29.246999740600586,28.375999450683594,29.149999618530273,59190000
2022-11-25,28.899999618530273,28.92099952697754,28.41699981689453,28.554000854492188,32360000
2022-11-28,28.399999618530273,28.954999923706055,28.05299949645996,28.117000579833984,47034000
2022-11-29,28.25,28.29599952697754,27.5939998626709,28.09600067138672,57869000
2022-11-30,28.136999130249023,30.826000213623047,28.041000366210938,30.55299949645996,160701000
2022-12-01,30.39900016784668,31.979999542236328,30.30299949645996,31.69499969482422,146649000
2022-12-02,31.048999786376953,32.19900131225586,31.0,32.04100036621094,126906000
2022-12-05,31.645999908447266,32.277000427246094,31.091999053955078,31.259000778198242,84230000
2022-12-06,31.100000381469727,31.32200050354004,30.312999725341797,30.555999755859375,71954000
2022-12-07,30.649999618530273,30.961000442504883,30.209999084472656,30.841999053955078,78216000
2022-12-08,30.910999298095703,31.238000869750977,30.481000900268555,31.025999069213867,72053000
2022-12-09,32.14500045776367,32.900001525878906,31.95199966430664,32.000999450683594,143640000
2022-12-12,32.0,32.31800079345703,30.885000228881836,31.51799964904785,101486000
2022-12-13,32.79999923706055,33.27199935913086,31.719999313354492,32.034000396728516,107564000
2022-12-14,31.89699935913086,32.47100067138672,31.441999435424805,31.783000946044922,75433000
2022-12-15,30.211999893188477,30.339000701904297,28.655000686645508,29.041000366210938,177246000
2022-12-16,28.875999450683594,29.472000122070312,28.8700008392334,29.070999145507812,140800000
2022-12-19,28.972999572753906,29.225000381469727,28.613000869750977,28.829999923706055,61637000
2022-12-20,28.124000549316406,28.92799949645996,28.08099937438965,28.819000244140625,69181000
2022-12-21,28.999000549316406,30.06599998474121,28.649999618530273,29.79599952697754,63762000
2022-12-22,29.80900001525879,29.88800048828125,29.08099937438965,29.774999618530273,78562000
2022-12-23,29.618000030517578,29.84600067138672,29.19099998474121,29.496000289916992,42511000
2022-12-27,29.319000244140625,29.35700035095215,28.21299934387207,28.41699981689453,57781000
2022-12-28,28.191999435424805,28.518999099731445,27.340999603271484,27.687999725341797,59644000
2022-12-29,28.31800079345703,29.549999237060547,28.10099983215332,29.11199951171875,95885000
2022-12-30,28.55299949645996,29.500999450683594,28.32200050354004,29.488000869750977,75669000
