trade_date,open,high,low,close,volume
2018-01-02,138.9525604248047,139.11517333984375,137.94985961914062,138.8531951904297,3169995
2018-01-03,138.12149047851562,138.7538299560547,137.1278076171875,137.70594787597656,7015701
2018-01-04,138.04019165039062,139.56683349609375,137.94985961914062,139.56683349609375,4977610
2018-01-05,140.0004425048828,141.14768981933594,139.57586669921875,140.54244995117188,2744244
2018-01-08,140.92185974121094,141.04832458496094,139.32293701171875,139.7836456298828,3033060
2018-01-09,140.0275421142578,141.617431640625,139.8468780517578,140.93089294433594,3754711
2018-01-10,141.07542419433594,141.93360900878906,140.0365753173828,141.90650939941406,2836236
2018-01-11,141.93360900878906,142.72854614257812,141.83424377441406,142.65628051757812,2578638
2018-01-12,143.2524871826172,144.0745391845703,142.54788208007812,143.69512939453125,2594357
2018-01-16,143.75836181640625,144.3997344970703,142.07814025878906,142.62918090820312,3788585
2018-01-17,142.44851684570312,143.58673095703125,142.23170471191406,143.0989227294922,3501541
2018-01-18,143.54156494140625,144.2190704345703,142.52078247070312,142.52981567382812,2939961
2018-01-19,143.0989227294922,143.3608856201172,142.36721801757812,143.3518524169922,4168395
2018-01-22,143.3608856201172,143.60479736328125,142.73757934570312,143.2163543701172,3619104
2018-01-23,143.62286376953125,144.84237670898438,143.4150848388672,144.1648712158203,4319943
2018-01-24,144.74301147460938,145.09530639648438,143.74932861328125,144.5081329345703,2938854
2018-01-25,145.07723999023438,146.24256896972656,144.2371368408203,146.1973876953125,4519977
2018-01-26,146.98330688476562,149.14230346679688,145.43858337402344,149.04293823242188,5556901
2018-01-29,148.9164581298828,149.16940307617188,145.7999267578125,145.8631591796875,4062456
2018-01-30,144.85140991210938,145.43858337402344,142.73757934570312,143.60479736328125,4304224
2018-01-31,144.5261993408203,145.01400756835938,143.90289306640625,144.2371368408203,3641908
2018-02-01,143.63189697265625,145.26695251464844,143.1079559326172,144.2190704345703,3048115
2018-02-02,143.3518524169922,144.0926055908203,141.274169921875,141.509033203125,4659016
2018-02-05,140.42501831054688,142.29493713378906,132.78271484375,135.6553497314453,6389805
2018-02-06,133.40602111816406,137.70594787597656,132.96339416503906,136.76646423339844,5888336
2018-02-07,136.75743103027344,139.5939483642578,136.41416931152344,136.57676696777344,3511282
2018-02-08,136.8477783203125,136.8477783203125,131.63546752929688,131.90647888183594,3722386
2018-02-09,132.809814453125,134.87847900390625,129.9462127685547,133.60476684570312,5984312
2018-02-12,134.63458251953125,136.07089233398438,132.864013671875,135.02301025390625,3825337
2018-02-13,134.4719696044922,135.00494384765625,133.78543090820312,134.1467742919922,3116527
2018-02-14,133.52346801757812,136.19735717773438,132.8369140625,135.84506225585938,3277042
2018-02-15,136.9290771484375,138.9886932373047,136.21542358398438,138.5912322998047,4024264
2018-02-16,138.29312133789062,140.0456085205078,138.02212524414062,139.14227294921875,3100808
2018-02-20,138.13052368164062,140.30758666992188,137.81434631347656,139.42230224609375,4111163
2018-02-21,140.0004425048828,141.69873046875,139.14227294921875,139.16033935546875,4488760
2018-02-22,139.12420654296875,139.8378448486328,138.02212524414062,138.4918670654297,2462403
2018-02-23,138.9706268310547,140.26242065429688,138.7718963623047,140.12692260742188,3504197
2018-02-26,140.54244995117188,141.572265625,140.1178741455078,141.37353515625,3213500
2018-02-27,141.490966796875,141.77099609375,138.9706268310547,139.0428924560547,3429696
2018-02-28,139.47650146484375,140.0004425048828,136.38706970214844,136.50450134277344,3906591
2018-03-01,136.70323181152344,136.81163024902344,132.45751953125,132.98146057128906,5121298
2018-03-02,132.17747497558594,134.4087371826172,132.00584411621094,133.82156372070312,3768105
2018-03-05,133.30665588378906,134.5803680419922,132.35813903808594,134.1558074951172,3763788
2018-03-06,134.92364501953125,135.4295196533203,133.98416137695312,134.89654541015625,3080660
2018-03-07,133.30665588378906,136.71226501464844,133.00856018066406,135.87216186523438,4411270
2018-03-08,136.73033142089844,137.2271728515625,135.6553497314453,136.61289978027344,2420226
2018-03-09,137.3175048828125,139.53973388671875,136.9471435546875,139.30487060546875,3193242
2018-03-12,139.49456787109375,139.53070068359375,137.2452392578125,137.51625061035156,2673618
2018-03-13,137.88661193847656,138.7718963623047,136.47740173339844,136.8568115234375,2087685
2018-03-14,137.85047912597656,137.88661193847656,135.5830841064453,135.88119506835938,2245432
2018-03-15,136.11605834960938,136.9832763671875,135.6101837158203,136.46836853027344,2045508
2018-03-16,136.66709899902344,137.70594787597656,136.66709899902344,137.1097412109375,4792409
2018-03-19,136.46836853027344,136.81163024902344,134.85137939453125,135.6824493408203,2405946
2018-03-20,136.26058959960938,137.2181396484375,135.6463165283203,135.93539428710938,3012248
2018-03-21,136.19735717773438,138.00405883789062,135.5559844970703,136.73033142089844,2866789
2018-03-22,135.14044189453125,135.75473022460938,132.24974060058594,132.683349609375,2855387
2018-03-23,132.78271484375,133.81253051757812,129.26870727539062,129.43130493164062,4001239
2018-03-26,131.40060424804688,133.08082580566406,130.37982177734375,132.737548828125,2485761
2018-03-27,133.31568908691406,133.83059692382812,129.6932830810547,130.38885498046875,3410324
2018-03-28,129.9913787841797,131.0302276611328,128.71766662597656,129.41323852539062,5559558
2018-03-29,130.0907440185547,131.76193237304688,129.7113494873047,130.54241943359375,2848523
2018-04-02,129.9371795654297,130.65985107421875,126.62190246582031,128.66346740722656,4529940
2018-04-03,129.17837524414062,130.38885498046875,127.94078826904297,130.31658935546875,3548699
2018-04-04,128.1124267578125,131.0482940673828,127.86852264404297,130.8405303955078,3065273
2018-04-05,131.72579956054688,132.737548828125,131.2379913330078,132.24974060058594,2479229
2018-04-06,131.1386260986328,131.81613159179688,127.80528259277344,128.94349670410156,3174755
2018-04-09,129.46743774414062,131.2650909423828,128.85316467285156,129.02479553222656,2161300
2018-04-10,131.0031280517578,132.85498046875,130.62371826171875,131.55416870117188,3188593
2018-04-11,130.52435302734375,131.63546752929688,130.0365447998047,130.33465576171875,2162075
2018-04-12,131.0753936767578,132.936279296875,131.0753936767578,132.31297302246094,2576645
2018-04-13,132.97242736816406,133.12599182128906,131.32833862304688,131.99681091308594,1758464
2018-04-16,133.14405822753906,133.81253051757812,132.28587341308594,132.56591796875,2840332
2018-04-17,133.59573364257812,134.63458251953125,133.41505432128906,134.3274383544922,2331667
2018-04-18,134.92364501953125,135.71859741210938,134.2100067138672,134.93267822265625,3045790
2018-04-19,134.4087371826172,135.4566192626953,133.26148986816406,133.81253051757812,3522795
2018-04-20,136.19735717773438,136.9200439453125,133.64089965820312,136.01669311523438,5834093
2018-04-23,136.14315795898438,136.9742431640625,133.29762268066406,134.2551727294922,4939197
2018-04-24,134.4900360107422,135.5740509033203,130.8495635986328,132.99049377441406,4640197
2018-04-25,133.20729064941406,133.87576293945312,131.0302276611328,132.845947265625,3184940
2018-04-26,133.08082580566406,133.70413208007812,131.95164489746094,132.611083984375,2661884
2018-04-27,132.37620544433594,132.96339416503906,131.77096557617188,132.728515625,2360227
2018-04-30,132.81884765625,133.43312072753906,130.62371826171875,130.69598388671875,3581798
2018-05-01,130.41595458984375,130.73211669921875,128.4376220703125,130.54241943359375,2691662
2018-05-02,130.56048583984375,131.31930541992188,128.90736389160156,129.16030883789062,2598010
2018-05-03,128.4918212890625,130.1449432373047,126.02569580078125,129.50357055664062,4822298
2018-05-04,128.3382568359375,130.63275146484375,127.86852264404297,129.9823455810547,2922471
2018-05-07,130.27142333984375,130.9308624267578,129.7836151123047,130.22625732421875,2021597
2018-05-08,129.6752166748047,130.38885498046875,128.99769592285156,130.28948974609375,3130697
2018-05-09,130.71405029296875,131.64450073242188,130.24432373046875,131.60836791992188,2737381
2018-05-10,131.88841247558594,133.15309143066406,131.61740112304688,133.06275939941406,2184879
2018-05-11,132.773681640625,133.94802856445312,132.647216796875,133.11695861816406,1708538
2018-05-14,133.55960083007812,134.0925750732422,132.593017578125,133.06275939941406,2012630
2018-05-15,132.864013671875,133.40602111816406,132.67431640625,133.10792541503906,2963651
2018-05-16,132.918212890625,133.60476684570312,132.538818359375,133.28858947753906,2157204
2018-05-17,132.81884765625,133.34278869628906,132.24974060058594,132.900146484375,2180008
2018-05-18,133.10792541503906,134.3726043701172,132.574951171875,134.00222778320312,3261765
2018-05-21,134.97784423828125,136.52256774902344,134.61651611328125,135.94442749023438,2709263
2018-05-22,136.51353454589844,137.72401428222656,135.95346069335938,136.28770446777344,3706335
2018-05-23,135.5017852783203,136.77549743652344,135.3301544189453,136.69419860839844,3132136
2018-05-24,136.79356384277344,137.59754943847656,135.3211212158203,136.47740173339844,2921585
2018-05-25,136.23348999023438,136.8839111328125,135.3211212158203,136.09799194335938,2141374
2018-05-29,135.13140869140625,135.6643829345703,133.22535705566406,133.87576293945312,2600335
2018-05-30,134.3906707763672,136.19735717773438,134.3906707763672,135.89926147460938,2426315
2018-05-31,136.19735717773438,136.19735717773438,133.47828674316406,133.61380004882812,5576827
2018-06-01,134.4629364013672,135.79086303710938,134.3997039794922,135.5830841064453,1918978
2018-06-04,135.5017852783203,135.96249389648438,134.78814697265625,135.6282501220703,2320707
2018-06-05,135.92636108398438,136.08895874023438,135.12237548828125,135.3843536376953,1868942
2018-06-06,135.5921173095703,136.40513610839844,134.3455047607422,136.40513610839844,2882730
2018-06-07,136.44126892089844,137.67884826660156,136.40513610839844,137.3897705078125,2196281
2018-06-08,137.1097412109375,137.66078186035156,137.0194091796875,137.1820068359375,2149344
2018-06-11,137.2362060546875,137.70594787597656,136.8658447265625,137.1910400390625,1909237
2018-06-12,137.2542724609375,137.75111389160156,136.9110107421875,137.54335021972656,2487864
2018-06-13,137.2542724609375,137.76014709472656,136.74839782714844,137.1549072265625,2142260
2018-06-14,137.62464904785156,137.75111389160156,135.77279663085938,136.58580017089844,2803026
2018-06-15,135.91732788085938,135.91732788085938,134.3997039794922,135.7095489501953,4345183
2018-06-18,134.63458251953125,135.6011505126953,134.1919403076172,135.4566192626953,1751601
2018-06-19,134.1016082763672,134.5442352294922,132.719482421875,133.04469299316406,2868781
2018-06-20,132.96339416503906,133.50540161132812,132.06907653808594,132.37620544433594,2142260
2018-06-21,131.86131286621094,132.05101013183594,129.7023162841797,130.0546112060547,3543053
2018-06-22,131.34640502929688,131.34640502929688,129.9733123779297,130.0817108154297,3197006
2018-06-25,129.55776977539062,130.58758544921875,128.2298583984375,130.1178436279297,3957402
2018-06-26,130.53338623046875,131.1115264892578,130.0004119873047,130.0907440185547,3521799
2018-06-27,131.1747589111328,131.71676635742188,129.28677368164062,129.30484008789062,3444087
2018-06-28,129.9462127685547,130.1268768310547,128.57313537597656,129.29580688476562,3163575
2018-06-29,129.48550415039062,131.58126831054688,129.35000610351562,130.1268768310547,3131250
2018-07-02,129.50357055664062,130.9489288330078,129.18740844726562,130.8134307861328,2494617
2018-07-03,131.0663604736328,132.448486328125,130.70501708984375,130.9308624267578,1380535
2018-07-05,131.80709838867188,131.97874450683594,130.32562255859375,130.9127960205078,2191853
2018-07-06,130.56048583984375,132.20457458496094,130.46112060546875,131.63546752929688,2092666
2018-07-09,131.85226440429688,133.71316528320312,131.66256713867188,133.17115783691406,2210672
2018-07-10,133.49635314941406,133.90286254882812,133.14405822753906,133.73123168945312,1909901
2018-07-11,132.74658203125,132.74658203125,130.44305419921875,130.55145263671875,2576313
2018-07-12,131.83419799804688,133.71316528320312,131.32833862304688,133.59573364257812,3447962
2018-07-13,133.55056762695312,134.1829071044922,132.85498046875,133.24342346191406,2842213
2018-07-16,133.22535705566406,133.36085510253906,131.90647888183594,132.24974060058594,1968572
2018-07-17,132.24070739746094,134.2913055419922,131.71676635742188,134.1377410888672,2763949
2018-07-18,134.2822723388672,135.05914306640625,134.04739379882812,134.73394775390625,3369476
2018-07-19,133.61380004882812,134.5803680419922,133.06275939941406,133.27955627441406,3349218
2018-07-20,134.77008056640625,139.10614013671875,134.70684814453125,138.32925415039062,7139242
2018-07-23,138.32022094726562,138.9254608154297,136.52256774902344,138.8441619873047,4837132
2018-07-24,139.13323974609375,140.82249450683594,138.38345336914062,140.16305541992188,4225848
2018-07-25,138.6725311279297,142.9272918701172,138.6725311279297,142.74661254882812,4361898
2018-07-26,142.9272918701172,144.2732696533203,142.81887817382812,143.74029541015625,5301849
2018-07-27,143.85772705078125,144.2823028564453,143.0537567138672,143.93902587890625,3142099
2018-07-30,143.81256103515625,144.2642364501953,141.5,141.7529296875,3453275
2018-07-31,142.31300354003906,144.3997344970703,142.31300354003906,144.2190704345703,3015237
2018-08-01,144.4629669189453,144.5261993408203,141.33740234375,141.725830078125,3735781
2018-08-02,140.63278198242188,141.13865661621094,139.8649444580078,140.83152770996094,2368972
2018-08-03,140.68699645996094,141.07542419433594,139.32293701171875,140.0546417236328,3282687
2018-08-06,139.8197784423828,140.19918823242188,138.9344940185547,139.9914093017578,3401357
2018-08-07,140.34371948242188,141.35546875,139.9462432861328,141.2470703125,1803187
2018-08-08,141.21092224121094,141.33740234375,140.0907745361328,140.19918823242188,1878905
2018-08-09,139.8830108642578,140.38888549804688,138.7357635498047,139.07904052734375,2772141
2018-08-10,138.5912322998047,138.7809295654297,137.78724670410156,138.29312133789062,1707431
2018-08-13,138.40151977539062,138.6634979248047,137.1278076171875,137.62464904785156,2253291
2018-08-14,137.94082641601562,139.9101104736328,137.68788146972656,139.23260498046875,2861586
2018-08-15,138.16665649414062,138.6634979248047,136.59483337402344,138.37442016601562,2512328
2018-08-16,138.40151977539062,139.56683349609375,138.26602172851562,139.20550537109375,2325357
2018-08-17,139.15130615234375,140.43405151367188,138.6634979248047,140.17208862304688,2249417
2018-08-20,140.34371948242188,140.75926208496094,139.8559112548828,140.44308471679688,2369747
2018-08-21,140.88572692871094,142.13233947753906,140.87669372558594,141.80714416503906,2730185
2018-08-22,141.62646484375,141.62646484375,139.9281768798828,141.03929138183594,2256391
2018-08-23,142.60208129882812,143.48736572265625,141.83424377441406,142.64724731445312,3866849
2018-08-24,142.53884887695312,143.1440887451172,141.92457580566406,142.28590393066406,2745573
2018-08-27,142.67434692382812,144.1468048095703,142.67434692382812,143.94805908203125,2054143
2018-08-28,144.5442657470703,144.81527709960938,143.79449462890625,144.62557983398438,3327521
2018-08-29,144.67977905273438,145.43858337402344,144.3907012939453,144.80624389648438,2394212
2018-08-30,144.4449005126953,144.85140991210938,143.64093017578125,144.0384063720703,1684738
2018-08-31,143.55963134765625,144.1016387939453,143.1531219482422,143.68609619140625,2667640
2018-09-04,143.69512939453125,144.2461700439453,142.91824340820312,144.2100372314453,2585944
2018-09-05,144.3094024658203,146.44129943847656,144.2642364501953,146.1522216796875,3546927
2018-09-06,146.75746154785156,148.7990264892578,146.75746154785156,148.15765380859375,4525291
2018-09-07,147.5795135498047,148.22991943359375,146.55873107910156,147.07363891601562,3063059
2018-09-10,147.7782440185547,148.37445068359375,147.3536834716797,147.5795135498047,2574984
2018-09-11,147.20913696289062,147.7782440185547,146.42323303222656,147.29946899414062,2819188
2018-09-12,146.93814086914062,148.6996612548828,146.88394165039062,148.04925537109375,2489746
2018-09-13,148.7177276611328,149.82884216308594,148.7177276611328,149.69334411621094,2316833
2018-09-14,149.54879760742188,149.96434020996094,148.8441925048828,149.15133666992188,2173255
2018-09-17,149.05197143554688,150.370849609375,148.5551300048828,149.72947692871094,3125162
2018-09-18,149.88304138183594,150.208251953125,148.6996612548828,150.08177185058594,2883394
2018-09-19,150.190185546875,150.57861328125,149.67527770996094,149.77464294433594,1632488
2018-09-20,150.497314453125,150.75929260253906,148.9887237548828,150.443115234375,2262369
2018-09-21,150.75929260253906,151.42776489257812,150.226318359375,151.16578674316406,3476744
2018-09-24,150.515380859375,150.78639221191406,149.27780151367188,149.46749877929688,2155433
2018-09-25,149.79270935058594,150.117919921875,149.01583862304688,149.55784606933594,2544542
2018-09-26,149.88304138183594,150.6328125,148.7899932861328,149.73851013183594,3075125
2018-09-27,150.07273864746094,150.21728515625,149.12423706054688,149.37716674804688,1931930
2018-09-28,149.39523315429688,150.587646484375,149.20553588867188,150.316650390625,2429304
2018-10-01,151.94273376464844,153.1756591796875,151.15731811523438,152.0066680908203,2399697
2018-10-02,151.5226287841797,152.18931579589844,151.23037719726562,151.63221740722656,2950348
2018-10-03,152.2349853515625,152.29891967773438,150.58193969726562,151.03858947753906,2515105
2018-10-04,150.69154357910156,151.48609924316406,148.7279815673828,150.4266815185547,3262519
2018-10-05,150.68240356445312,151.3217010498047,149.37640380859375,149.84217834472656,2669712
2018-10-08,149.79652404785156,150.69154357910156,149.0384979248047,150.5636749267578,2044823
2018-10-09,149.9974365234375,149.9974365234375,146.8557586669922,146.98361206054688,4018364
2018-10-10,146.8009490966797,146.8009490966797,142.93777465820312,143.03823852539062,4972615
2018-10-11,142.9834442138672,144.45382690429688,140.11573791503906,140.2983856201172,5321138
2018-10-12,141.6774444580078,143.63186645507812,140.90115356445312,142.65464782714844,4864981
2018-10-15,142.2254180908203,144.0702362060547,141.94229125976562,142.66378784179688,3636993
2018-10-16,143.44007873535156,145.8602752685547,143.21176147460938,145.72328186035156,3107255
2018-10-17,145.66848754882812,146.58177185058594,143.50401306152344,144.34422302246094,3796746
2018-10-18,143.54966735839844,143.73233032226562,140.67283630371094,141.73223876953125,3979056
2018-10-19,142.56332397460938,144.0611114501953,139.18418884277344,140.16139221191406,7436476
2018-10-22,140.4353790283203,140.85548400878906,137.99691772460938,139.3759765625,4930240
2018-10-23,136.4260711669922,139.10198974609375,134.11546325683594,137.540283203125,5880549
2018-10-24,137.6042022705078,137.75033569335938,132.43502807617188,132.7364044189453,5063496
2018-10-25,134.41685485839844,135.6315155029297,133.54010009765625,134.6908416748047,3069588
2018-10-26,133.1017303466797,135.23880004882812,132.21583557128906,133.37571716308594,3810871
2018-10-29,136.77662658691406,137.5966033935547,131.29122924804688,132.95004272460938,5030519
2018-10-30,133.32705688476562,134.86334228515625,132.5824737548828,134.74081420898438,4461081
2018-10-31,136.56927490234375,138.162109375,135.80584716796875,136.49388122558594,5022668
2018-11-01,137.07823181152344,137.1724853515625,135.24977111816406,136.1451416015625,4023312
2018-11-02,137.2384490966797,138.114990234375,135.43826293945312,137.1159210205078,5156991
2018-11-05,137.2196044921875,139.641845703125,137.12535095214844,138.7181854248047,4436678
2018-11-06,139.19886779785156,140.83883666992188,139.11404418945312,139.91517639160156,3372282
2018-11-07,141.42318725585938,142.8840789794922,140.1979217529297,141.56455993652344,2318285
2018-11-08,141.41375732421875,142.7803955078125,141.29122924804688,141.89443969726562,2971861
2018-11-09,141.4608917236328,142.0452423095703,140.27333068847656,141.6776580810547,2523482
2018-11-12,141.53628540039062,141.96983337402344,139.40621948242188,139.6135711669922,2399133
2018-11-13,139.4439239501953,142.12063598632812,138.6993408203125,139.18943786621094,2623747
2018-11-14,140.1036834716797,140.3769989013672,138.7464599609375,139.04806518554688,2999765
2018-11-15,137.27615356445312,139.91517639160156,136.8614501953125,139.27427673339844,3213769
2018-11-16,139.00094604492188,140.42413330078125,138.3694610595703,140.00942993164062,3349789
2018-11-19,139.8963165283203,141.16871643066406,138.51083374023438,138.99151611328125,2394571
2018-11-20,137.32327270507812,138.5014190673828,135.06126403808594,135.7681427001953,3796789
2018-11-21,136.61639404296875,137.3515625,135.74929809570312,135.8152618408203,3041463
2018-11-23,134.439208984375,135.83412170410156,133.84542846679688,135.0235595703125,1605611
2018-11-26,135.59849548339844,136.277099609375,133.8548583984375,134.98585510253906,4274875
2018-11-27,134.19415283203125,135.41941833496094,133.96795654296875,134.67483520507812,3882305
2018-11-28,135.41941833496094,136.1168670654297,133.9302520751953,136.00376892089844,4557313
2018-11-29,136.00376892089844,138.40716552734375,135.5419464111328,137.36097717285156,2808361
2018-11-30,137.51177978515625,138.64279174804688,136.97454833984375,138.3129119873047,5723034
2018-12-03,141.3760528564453,142.7992401123047,140.2544708251953,140.41470336914062,4582777
2018-12-04,139.7738037109375,140.66917419433594,134.31668090820312,134.47691345214844,4364530
2018-12-06,132.18661499023438,133.5720977783203,129.2554168701172,133.42129516601562,6308812
2018-12-07,132.7332763671875,134.9481658935547,130.16964721679688,130.7351531982422,3866815
2018-12-10,130.72572326660156,131.23468017578125,127.85108184814453,130.0188446044922,3312230
2018-12-11,131.75306701660156,132.13006591796875,128.2940673828125,128.94439697265625,4376413
2018-12-12,130.7917022705078,132.74269104003906,130.28274536132812,130.3393096923828,4457367
2018-12-13,131.11215209960938,132.13949584960938,129.9717254638672,130.83883666992188,2505552
2018-12-14,129.52874755859375,130.42413330078125,128.23751831054688,128.5956573486328,2756266
2018-12-17,128.02073669433594,129.29312133789062,125.90009307861328,126.65409851074219,3324325
2018-12-18,128.1338348388672,128.8972625732422,126.65409851074219,127.4081039428711,2798706
2018-12-19,127.7568359375,129.8397674560547,124.55230712890625,125.59849548339844,4104691
2018-12-20,125.09896087646484,125.93779754638672,121.93213653564453,123.15740203857422,4794553
2018-12-21,122.53534698486328,124.8350601196289,121.89443969726562,121.99811553955078,7324826
2018-12-24,121.20640563964844,121.57398986816406,117.46465301513672,117.65316009521484,3011967
2018-12-26,117.83223724365234,122.14891815185547,116.38077545166016,122.12064361572266,3650052
2018-12-27,120.28275299072266,124.06220245361328,119.54759979248047,124.00565338134766,3447826
2018-12-28,124.52403259277344,125.41941833496094,122.76154327392578,123.24222564697266,2927511
2018-12-31,123.99623107910156,124.56173706054688,122.9688949584961,124.52403259277344,2334094
2019-01-02,122.70499420166016,124.49575805664062,122.0546646118164,124.2507095336914,2924116
2019-01-03,124.50518035888672,125.33458709716797,121.64938354492188,122.5918960571289,3378224
2019-01-04,124.99528503417969,127.27615356445312,124.45806121826172,126.88030242919922,3802200
2019-01-07,126.61640167236328,128.1809539794922,125.49481964111328,127.5871810913086,3124221
2019-01-08,128.23751831054688,129.01036071777344,126.59754943847656,127.32328033447266,2796902
2019-01-09,128.3694610595703,128.87841796875,127.30442810058594,127.91706085205078,2114467
2019-01-10,127.44580841064453,130.00942993164062,126.92742919921875,129.83035278320312,2280832
2019-01-11,128.88784790039062,129.83035278320312,128.5673828125,129.4627685546875,2005714
2019-01-14,128.5014190673828,130.1036834716797,128.162109375,129.69839477539062,3289737
2019-01-15,129.52874755859375,130.2073516845703,128.68991088867188,129.8491973876953,1954256
2019-01-16,129.6135711669922,130.72572326660156,129.35910034179688,130.08482360839844,2384385
2019-01-17,129.4156494140625,132.54476928710938,129.30255126953125,131.837890625,2734621
2019-01-18,133.62864685058594,134.31668090820312,132.29029846191406,133.6946258544922,5752318
2019-01-22,132.8557891845703,133.0348663330078,130.72572326660156,131.78134155273438,3391487
2019-01-23,132.72384643554688,133.1668243408203,131.2252655029297,132.6484375,3147244
2019-01-24,132.78982543945312,133.83599853515625,132.38453674316406,133.06314086914062,2872339
2019-01-25,134.3072509765625,134.49575805664062,133.2893524169922,133.56268310546875,3401884
2019-01-28,132.26202392578125,132.69557189941406,130.88595581054688,132.4033966064453,3690476
2019-01-29,132.7521209716797,134.033935546875,132.4222412109375,133.59095764160156,2572395
2019-01-30,134.26956176757812,135.4853973388672,132.83694458007812,135.04241943359375,3302681
2019-01-31,134.5900115966797,135.77757263183594,134.07162475585938,135.37228393554688,3685490
2019-02-01,140.1508026123047,140.4335479736328,136.04147338867188,136.39019775390625,5874227
2019-02-04,136.1734161376953,139.50047302246094,136.13572692871094,139.42506408691406,4979061
2019-02-05,139.8680419921875,140.14137268066406,138.93496704101562,140.14137268066406,3143425
2019-02-06,140.42413330078125,140.8953857421875,139.76437377929688,140.3393096923828,3339179
2019-02-07,139.18002319335938,140.3393096923828,138.78416442871094,139.63241577148438,3142364
2019-02-08,139.47219848632812,140.09425354003906,138.7276153564453,140.06597900390625,4193178
2019-02-11,140.42413330078125,140.7351531982422,139.53817749023438,139.94345092773438,3159340
2019-02-12,140.62205505371094,141.8567352294922,140.39585876464844,141.71536254882812,2816849
2019-02-13,142.30914306640625,143.9019775390625,142.0169677734375,142.77096557617188,2928042
2019-02-14,142.25259399414062,142.92176818847656,141.33836364746094,141.8661651611328,2239453
2019-02-15,143.26107788085938,144.50518798828125,142.87464904785156,144.50518798828125,3224803
2019-02-19,143.83599853515625,144.91046142578125,143.62864685058594,144.4674835205078,2630856
2019-02-20,144.5146026611328,145.9377899169922,144.2130126953125,145.6927490234375,2782366
2019-02-21,144.71253967285156,144.91046142578125,143.3364715576172,143.83599853515625,2871384
2019-02-22,144.439208984375,144.7690887451172,143.61923217773438,144.39208984375,3043479
2019-02-25,145.3345947265625,145.7869873046875,144.89161682128906,145.20263671875,2453563
2019-02-26,145.04241943359375,145.90951538085938,144.78793334960938,145.07069396972656,2107464
2019-02-27,145.01414489746094,145.84353637695312,144.3072509765625,145.7115936279297,1858235
2019-02-28,145.2309112548828,145.68331909179688,144.5900115966797,145.21206665039062,3017378
2019-03-01,146.0791778564453,146.8897247314453,145.74929809570312,146.76719665527344,3591909
2019-03-04,147.7756805419922,147.9547576904297,145.1272430419922,145.61734008789062,4316572
2019-03-05,145.62677001953125,146.26766967773438,144.77850341796875,145.28746032714844,3588196
2019-03-06,145.24034118652344,146.10745239257812,144.89161682128906,144.90103149414062,4169093
2019-03-07,144.74081420898438,144.9952850341797,142.92176818847656,143.71347045898438,3797956
2019-03-08,142.5730438232422,143.08200073242188,141.7342071533203,142.87464904785156,3098863
2019-03-11,142.31857299804688,144.4203643798828,141.89443969726562,144.38265991210938,2963161
2019-03-12,144.74081420898438,145.49481201171875,144.01507568359375,144.67483520507812,1933142
2019-03-13,145.42884826660156,146.5032958984375,145.0047149658203,146.1262969970703,2688468
2019-03-14,146.41847229003906,146.682373046875,145.49481201171875,146.32421875,2819714
2019-03-15,146.22996520996094,147.04052734375,146.1168670654297,146.41847229003906,5609825
2019-03-18,146.6069793701172,148.05844116210938,145.9943389892578,147.9076385498047,2542050
2019-03-19,148.55796813964844,149.06692504882812,147.6531524658203,148.19981384277344,2858971
2019-03-20,148.15267944335938,148.61451721191406,146.7012176513672,147.30442810058594,2518496
2019-03-21,147.3798370361328,149.7738037109375,147.12535095214844,149.34024047851562,2070966
2019-03-22,148.5391082763672,148.75588989257812,146.67294311523438,146.87088012695312,2579185
2019-03-25,146.9651336669922,148.1903839111328,146.6635284423828,146.9651336669922,2173459
2019-03-26,147.85108947753906,148.79359436035156,147.5777587890625,148.42601013183594,2349478
2019-03-27,148.28463745117188,149.18943786621094,147.2196044921875,148.07728576660156,2933347
2019-03-28,148.55796813964844,149.54759216308594,147.9830322265625,149.42506408691406,2312131
2019-03-29,150.03770446777344,150.32044982910156,148.8972625732422,149.78321838378906,2869687
2019-04-01,150.80113220214844,152.46937561035156,150.57493591308594,152.18661499023438,2539610
2019-04-02,152.0452423095703,152.26202392578125,150.66917419433594,151.78134155273438,3535995
2019-04-03,152.33741760253906,152.63902282714844,150.95193481445312,151.074462890625,4047927
2019-04-04,151.0461883544922,152.07351684570312,150.60321044921875,151.8096160888672,2087305
2019-04-05,152.32798767089844,152.8557891845703,151.9132843017578,152.4033966064453,1851445
2019-04-08,151.93214416503906,152.7803955078125,151.3195037841797,152.74269104003906,1967094
2019-04-09,151.9132843017578,152.2431640625,151.3195037841797,151.60226440429688,2050383
2019-04-10,151.5551300048828,151.5551300048828,150.05654907226562,150.77285766601562,2526241
2019-04-11,150.9707794189453,151.79075622558594,150.49952697753906,151.64938354492188,1863328
2019-04-12,152.601318359375,153.27992248535156,152.12063598632812,153.12911987304688,2248153
2019-04-15,153.3930206298828,153.50611877441406,152.48822021484375,152.68614196777344,2538761
2019-04-16,153.23280334472656,153.55325317382812,152.8086700439453,153.4967041015625,3190533
2019-04-17,153.9208221435547,155.1837921142578,153.30819702148438,153.5249786376953,3624800
2019-04-18,157.88877868652344,160.09425354003906,156.3524932861328,159.34024047851562,6765891
2019-04-22,158.57681274414062,159.67955017089844,157.86993408203125,158.5673828125,3463847
2019-04-23,158.57681274414062,162.11122131347656,158.35061645507812,161.93214416503906,4423733
2019-04-24,161.89443969726562,162.2148895263672,161.21583557128906,161.44203186035156,4058537
2019-04-25,160.88595581054688,161.12158203125,158.925537109375,160.62205505371094,3544058
2019-04-26,160.3769989013672,162.38453674316406,160.2261962890625,162.3468475341797,2868201
2019-04-29,162.0169677734375,163.1668243408203,161.89443969726562,162.6295928955078,3122629
2019-04-30,163.06314086914062,164.0056610107422,162.56361389160156,163.6475067138672,3874454
2019-05-01,163.77003479003906,164.31668090820312,161.00848388671875,161.11215209960938,3991694
2019-05-02,160.6126251220703,161.6776580810547,159.81149291992188,161.52685546875,4691318
2019-05-03,161.71536254882812,163.65692138671875,161.54571533203125,163.56268310546875,4380445
2019-05-06,160.6880340576172,163.5249786376953,160.47125244140625,162.68614196777344,3184804
2019-05-07,160.87652587890625,161.89443969726562,159.17059326171875,160.08482360839844,4969618
2019-05-08,159.99057006835938,161.58340454101562,159.75494384765625,160.5655059814453,3076476
2019-05-09,159.4910430908203,160.69744873046875,158.51083374023438,160.59378051757812,3140136
2019-05-10,160.0,162.20545959472656,158.3600311279297,161.76248168945312,2485180
2019-05-13,158.79359436035156,159.18943786621094,155.80584716796875,157.22903442382812,3930793
2019-05-14,157.33270263671875,159.54759216308594,157.21017456054688,158.4919891357422,2780563
2019-05-15,157.398681640625,160.2261962890625,156.95570373535156,159.641845703125,1983433
2019-05-16,160.09425354003906,162.15834045410156,160.0188446044922,160.9707794189453,3217801
2019-05-17,159.53817749023438,161.36663818359375,159.14231872558594,160.1790771484375,2222795
2019-05-20,159.65127563476562,160.18850708007812,158.35061645507812,158.925537109375,2187464
2019-05-21,160.08482360839844,160.763427734375,159.34024047851562,159.8491973876953,2691120
2019-05-22,159.72666931152344,160.6880340576172,159.28369140625,159.57586669921875,2388842
2019-05-23,157.36097717285156,157.66258239746094,155.82469177246094,156.87088012695312,2881994
2019-05-24,158.10556030273438,158.20924377441406,156.9651336669922,157.09707641601562,2159666
2019-05-28,157.2667236328125,157.9830322265625,155.45712280273438,155.7587127685547,4113921
2019-05-29,154.3072509765625,155.6361846923828,153.32705688476562,154.91989135742188,2682102
2019-05-30,155.19320678710938,156.21112060546875,155.1272430419922,155.9377899169922,2070648
2019-05-31,154.32611083984375,155.7210235595703,154.2412872314453,154.86334228515625,2011126
2019-06-03,155.0235595703125,157.3704071044922,154.8727569580078,156.89915466308594,2530273
2019-06-04,158.3883056640625,159.09519958496094,157.34213256835938,158.48255920410156,2864912
2019-06-05,159.4439239501953,159.9246063232422,158.5485382080078,159.6701202392578,2872551
2019-06-06,159.72666931152344,160.8671112060547,159.2082977294922,160.47125244140625,2365181
2019-06-07,161.2252655029297,163.27992248535156,161.1027374267578,162.35626220703125,2151496
2019-06-10,163.5155487060547,163.96795654296875,161.35720825195312,161.4326171875,3199764
2019-06-11,162.5730438232422,163.44015502929688,160.59378051757812,161.78134155273438,1832029
2019-06-12,161.97926330566406,163.2139434814453,161.58340454101562,162.95947265625,1666619
2019-06-13,163.59095764160156,163.60980224609375,162.4222412109375,163.23280334472656,1486143
2019-06-14,162.99717712402344,163.53440856933594,161.26295471191406,162.87464904785156,1726884
2019-06-17,163.41188049316406,163.5249786376953,162.13006591796875,162.4505157470703,1746830
2019-06-18,163.58152770996094,166.28652954101562,163.1856689453125,165.64561462402344,3059606
2019-06-19,165.5419464111328,166.02261352539062,164.2318572998047,165.32516479492188,2320407
2019-06-20,166.277099609375,167.16305541992188,165.06126403808594,166.15457153320312,4492592
2019-06-21,166.7106475830078,166.72007751464844,163.58152770996094,164.2884063720703,4046442
2019-06-24,164.26956176757812,165.41941833496094,164.19415283203125,164.57115173339844,1905132
2019-06-25,164.95758056640625,165.32516479492188,163.6475067138672,163.93968200683594,1956166
2019-06-26,164.5146026611328,164.74081420898438,163.56268310546875,163.60980224609375,1926564
2019-06-27,164.07162475585938,164.58058166503906,163.25164794921875,163.84542846679688,1922108
2019-06-28,164.17530822753906,165.29689025878906,163.99623107910156,164.55230712890625,3767929
2019-07-01,166.4750213623047,166.8143310546875,165.560791015625,166.64466857910156,1712030
2019-07-02,166.8143310546875,167.27615356445312,166.02261352539062,166.46559143066406,1492827
2019-07-03,166.6069793701172,168.20924377441406,166.0791778564453,168.1432647705078,1315640
2019-07-05,167.0216827392578,167.2478790283203,164.62771606445312,166.43731689453125,1282537
2019-07-08,166.16400146484375,166.1734161376953,164.75022888183594,165.57022094726562,1669908
2019-07-09,164.93873596191406,165.65504455566406,164.55230712890625,165.42884826660156,1693250
2019-07-10,165.9943389892578,166.76719665527344,164.34495544433594,164.42977905273438,1979402
2019-07-11,164.77850341796875,164.96701049804688,163.27992248535156,164.50518798828125,2574410
2019-07-12,164.70310974121094,167.00282287597656,164.70310974121094,166.95570373535156,2331229
2019-07-15,167.16305541992188,167.16305541992188,164.49575805664062,164.9481658935547,1769748
2019-07-16,164.93873596191406,165.77757263183594,164.2789764404297,164.73138427734375,2110329
2019-07-17,164.53346252441406,164.60885620117188,158.83128356933594,158.925537109375,5809506
2019-07-18,160.7917022705078,163.8831329345703,159.94345092773438,163.8831329345703,4379808
2019-07-19,164.033935546875,164.93873596191406,162.9783172607422,163.04429626464844,3223212
2019-07-22,163.07257080078125,164.4580535888672,162.51649475097656,163.60037231445312,1871816
2019-07-23,165.13665771484375,165.49481201171875,163.4967041015625,164.80679321289062,2208259
2019-07-24,164.2318572998047,165.2309112548828,163.80772399902344,163.95852661132812,1858129
2019-07-25,164.5146026611328,164.6182861328125,163.06314086914062,163.77944946289062,1866511
2019-07-26,163.5438232421875,163.74176025390625,162.7332763671875,163.62864685058594,1866193
2019-07-29,163.86427307128906,164.80679321289062,163.41188049316406,164.49575805664062,1612508
2019-07-30,164.20358276367188,164.89161682128906,163.37417602539062,163.91140747070312,1520944
2019-07-31,163.50611877441406,163.97738647460938,160.3864288330078,162.54476928710938,3073611
2019-08-01,162.00753784179688,163.81715393066406,159.51931762695312,159.8020782470703,2919448
2019-08-02,159.18002319335938,159.33082580566406,157.0593719482422,158.35061645507812,2286137
2019-08-05,155.68331909179688,156.44674682617188,151.6399688720703,152.69557189941406,3496419
2019-08-06,153.97738647460938,156.01319885253906,153.83599853515625,155.06126403808594,3824693
2019-08-07,153.59095764160156,154.4203643798828,151.8096160888672,153.99623107910156,3267031
2019-08-08,155.1272430419922,157.81338500976562,154.75965881347656,157.40811157226562,2576957
2019-08-09,157.2949981689453,158.03016662597656,155.74929809570312,157.087646484375,1912028
2019-08-12,155.90951538085938,157.27615356445312,154.96701049804688,155.22149658203125,1581102
2019-08-13,155.42884826660156,160.2544708251953,155.04241943359375,158.3223419189453,3418330
2019-08-14,156.4844512939453,157.2007598876953,154.55230712890625,154.60885620117188,2607195
2019-08-15,153.9302520751953,154.4674835205078,151.837890625,152.9406280517578,2355844
2019-08-16,154.39208984375,156.04147338867188,153.83599853515625,155.5419464111328,1854840
2019-08-19,157.5966033935547,157.70970153808594,155.98492431640625,156.32421875,1747679
2019-08-20,156.08859252929688,156.31480407714844,153.99623107910156,154.07162475585938,1831498
2019-08-21,155.513671875,155.513671875,153.42129516601562,154.37322998046875,1837864
2019-08-22,155.21206665039062,155.41941833496094,152.29029846191406,153.53440856933594,2058340
2019-08-23,152.196044921875,152.95004272460938,146.55043029785156,147.49293518066406,4607817
2019-08-26,148.79359436035156,148.94439697265625,146.00376892089844,147.88877868652344,3282734
2019-08-27,149.01979064941406,149.1046142578125,147.25730895996094,148.42601013183594,2684542
2019-08-28,148.1338348388672,150.80113220214844,147.46466064453125,150.3769989013672,2507567
2019-08-29,152.196044921875,154.57115173339844,151.6870880126953,154.19415283203125,4158377
2019-08-30,155.513671875,156.1168670654297,154.6654052734375,155.155517578125,3349153
2019-09-03,154.1093292236328,155.0047149658203,153.2987823486328,154.128173828125,2970270
2019-09-04,155.68331909179688,158.0867156982422,155.68331909179688,157.53062438964844,4217157
2019-09-05,158.91612243652344,161.13101196289062,158.82186889648438,160.57493591308594,4786808
2019-09-06,161.12158203125,161.9132843017578,160.71630859375,161.3195037841797,3530796
2019-09-09,162.00753784179688,162.7992401123047,159.34024047851562,159.90574645996094,5296300
2019-09-10,158.93496704101562,159.88690185546875,157.30442810058594,159.85862731933594,4479118
2019-09-11,160.0282745361328,161.5080108642578,159.47219848632812,161.4326171875,4294398
2019-09-12,161.66824340820312,162.11122131347656,158.7181854248047,158.93496704101562,2946928
2019-09-13,159.21771240234375,159.45333862304688,157.85108947753906,158.06785583496094,2906716
2019-09-16,157.43638610839844,157.7851104736328,156.22996520996094,156.6540985107422,2575790
2019-09-17,156.91799926757812,157.2007598876953,155.7587127685547,156.8897247314453,2426719
2019-09-18,156.3524932861328,158.33175659179688,155.9943389892578,158.3129119873047,1943434
2019-09-19,158.41659545898438,159.0574951171875,156.95570373535156,157.18190002441406,2069162
2019-09-20,157.9641876220703,159.01036071777344,157.10650634765625,158.63336181640625,5358474
2019-09-23,157.15362548828125,158.162109375,156.6540985107422,157.53062438964844,2467356
2019-09-24,158.1432647705078,158.76531982421875,155.44769287109375,156.22996520996094,2799130
2019-09-25,156.39019775390625,157.66258239746094,155.7587127685547,157.33270263671875,1745345
2019-09-26,157.27615356445312,158.3411865234375,156.89915466308594,157.4269561767578,2103963
2019-09-27,158.20924377441406,158.79359436035156,156.74835205078125,158.37889099121094,2668203
2019-09-30,159.12347412109375,159.7926483154297,158.39773559570312,159.47219848632812,2206350
2019-10-01,159.8020782470703,160.3769989013672,154.5900115966797,154.75022888183594,2963585
2019-10-02,152.81809997558594,153.4684295654297,150.27333068847656,151.8190460205078,4795826
2019-10-03,151.3760528564453,152.2431640625,149.70782470703125,152.23374938964844,3276580
2019-10-04,152.68614196777344,154.35438537597656,152.5259246826172,154.22242736816406,2908838
2019-10-07,153.89254760742188,155.10838317871094,153.19509887695312,153.79830932617188,2349478
2019-10-08,152.0452423095703,152.0923614501953,149.47219848632812,149.50047302246094,3626604
2019-10-09,151.39491271972656,151.4326171875,149.6230010986328,150.65032958984375,1782904
2019-10-10,150.66917419433594,152.92176818847656,150.65975952148438,151.71536254882812,1711499
2019-10-11,153.63807678222656,155.84353637695312,153.38360595703125,154.128173828125,2381839
2019-10-14,154.2130126953125,154.77850341796875,153.1668243408203,153.60980224609375,1120310
2019-10-15,154.11875915527344,155.34400939941406,153.74176025390625,154.2318572998047,2986185
2019-10-16,154.20358276367188,154.89161682128906,153.32705688476562,154.22242736816406,3660238
2019-10-17,156.73892211914062,159.27427673339844,156.0697479248047,157.88877868652344,3504165
2019-10-18,157.54005432128906,157.84165954589844,153.09141540527344,156.05088806152344,4691636
2019-10-21,157.3704071044922,159.50990295410156,156.993408203125,159.22714233398438,2688998
2019-10-22,159.00094604492188,160.3298797607422,158.23751831054688,159.22714233398438,3490796
2019-10-23,160.16964721679688,160.2261962890625,159.28369140625,160.08482360839844,2524225
2019-10-24,160.18850708007812,161.84732055664062,159.24598693847656,161.60226440429688,2314041
2019-10-25,161.39491271972656,162.20545959472656,160.83883666992188,161.76248168945312,2069162
2019-10-28,162.08294677734375,163.73233032226562,162.08294677734375,162.7521209716797,2511599
2019-10-29,162.20545959472656,163.3459014892578,161.77191162109375,163.20452880859375,2879554
2019-10-30,163.27992248535156,164.93873596191406,163.10084533691406,164.56173706054688,2075740
2019-10-31,164.15646362304688,164.56173706054688,161.76248168945312,162.7992401123047,2273935
2019-11-01,164.26956176757812,166.15457153320312,163.9302520751953,165.9943389892578,3008147
2019-11-04,166.44674682617188,169.65127563476562,166.44674682617188,169.65127563476562,4650681
2019-11-05,169.4344940185547,171.3760528564453,168.925537109375,170.29217529296875,5470728
2019-11-06,170.29217529296875,170.57493591308594,169.3873748779297,170.41470336914062,2909686
2019-11-07,171.3477783203125,171.52685546875,169.06692504882812,169.33082580566406,2704277
2019-11-08,169.33082580566406,170.81056213378906,169.22714233398438,170.7917022705078,1736645
2019-11-11,170.30160522460938,171.00848388671875,169.45333862304688,170.4335479736328,1691871
2019-11-12,170.75401306152344,172.59188842773438,170.6880340576172,171.54571533203125,1927731
2019-11-13,170.39585876464844,172.28086853027344,170.1319580078125,171.48916625976562,1968367
2019-11-14,170.28274536132812,170.9425048828125,168.81243896484375,169.32139587402344,2343006
2019-11-15,170.5089569091797,171.48916625976562,170.27333068847656,171.3006591796875,3440505
2019-11-18,171.00848388671875,171.00848388671875,169.06692504882812,169.4627685546875,2552554
2019-11-19,170.12252807617188,170.31101989746094,168.7181854248047,169.76437377929688,2836265
2019-11-20,170.52780151367188,171.2535400390625,166.39019775390625,167.03109741210938,4446333
2019-11-21,166.75778198242188,167.4740753173828,165.31573486328125,166.38076782226562,3326341
2019-11-22,166.7106475830078,167.31385803222656,165.560791015625,166.62582397460938,1965184
2019-11-25,167.63430786132812,167.71913146972656,165.85296630859375,166.36192321777344,2819608
2019-11-26,167.2949981689453,169.35910034179688,166.8802947998047,168.25636291503906,4858213
2019-11-27,168.3223419189453,169.32139587402344,167.88877868652344,169.1046142578125,1108533
2019-11-29,168.5014190673828,168.86898803710938,167.46466064453125,168.28463745117188,1732719
2019-12-02,168.28463745117188,168.47314453125,164.2789764404297,164.29783630371094,3239764
2019-12-03,162.65786743164062,163.3459014892578,161.41375732421875,162.6295928955078,4005806
2019-12-04,163.96795654296875,165.871826171875,163.19509887695312,163.25164794921875,3112337
2019-12-05,163.68519592285156,164.2789764404297,162.7050018310547,164.0056610107422,2484968
2019-12-06,164.85391235351562,166.0980224609375,164.6936798095703,165.37228393554688,2247198
2019-12-09,165.10838317871094,165.65504455566406,164.2318572998047,164.4580535888672,1651447
2019-12-10,164.4580535888672,164.75022888183594,163.67578125,164.033935546875,2151496
2019-12-11,164.55230712890625,166.06031799316406,164.17530822753906,165.8906707763672,2306720
2019-12-12,166.20169067382812,167.91705322265625,165.1272430419922,167.1913299560547,2416534
2019-12-13,167.1913299560547,168.51083374023438,166.6635284423828,166.80490112304688,2175262
2019-12-16,167.07823181152344,167.76625061035156,166.01319885253906,166.25823974609375,3403264
2019-12-17,166.1168670654297,167.04995727539062,165.70216369628906,166.54100036621094,3225228
2019-12-18,166.40904235839844,166.85202026367188,164.38265991210938,164.5994415283203,3835197
2019-12-19,164.9481658935547,166.46559143066406,164.4580535888672,166.3524932861328,2844117
2019-12-20,166.9651336669922,167.4740753173828,166.02261352539062,166.26766967773438,4617366
2019-12-23,167.18190002441406,167.18190002441406,165.70216369628906,166.28652954101562,2734940
2019-12-24,166.2959442138672,166.682373046875,165.62677001953125,166.1734161376953,663656
2019-12-26,166.40904235839844,166.72950744628906,165.61734008789062,166.7106475830078,1347152
2019-12-27,166.89915466308594,167.04995727539062,166.15457153320312,166.33364868164062,1383438
2019-12-30,166.40904235839844,166.82374572753906,165.65504455566406,166.277099609375,1771976
2019-12-31,166.31480407714844,166.89915466308594,165.37228393554688,166.82374572753906,1834363
2020-01-02,167.2949981689453,170.4052734375,166.95570373535156,170.39585876464844,3031701
2020-01-03,168.0867156982422,169.4910430908203,167.21017456054688,168.57681274414062,2976317
2020-01-06,167.61546325683594,168.12440490722656,166.75778198242188,167.30442810058594,3477852
2020-01-07,167.1724853515625,167.8322296142578,165.49481201171875,167.398681640625,3185971
2020-01-08,167.45523071289062,168.80300903320312,166.56927490234375,167.54005432128906,2700776
2020-01-09,168.42601013183594,169.11404418945312,167.82281494140625,168.7747344970703,1898660
2020-01-10,169.55702209472656,169.55702209472656,167.89820861816406,168.40716552734375,1773674
2020-01-13,168.94439697265625,170.9142303466797,168.41659545898438,170.84825134277344,2399876
2020-01-14,170.11309814453125,170.80113220214844,169.18943786621094,170.0753936767578,2324863
2020-01-15,170.8671112060547,171.95098876953125,169.50990295410156,170.3393096923828,2759449
2020-01-16,171.06503295898438,171.99810791015625,170.39585876464844,171.78134155273438,2350539
2020-01-17,172.3468475341797,173.47784423828125,172.0358123779297,172.69557189941406,2767088
2020-01-21,172.51649475097656,172.7615509033203,170.09425354003906,170.52780151367188,2322105
2020-01-22,171.12158203125,171.42318725585938,169.47219848632812,169.69839477539062,1996484
2020-01-23,169.47219848632812,170.1602325439453,168.73704528808594,169.2554168701172,2582474
2020-01-24,169.57586669921875,169.8963165283203,166.34307861328125,166.94627380371094,2903957
2020-01-27,164.25070190429688,165.25918579101562,163.4967041015625,163.56268310546875,2643482
2020-01-28,164.1093292236328,166.58811950683594,163.27992248535156,165.37228393554688,2311282
2020-01-29,166.82374572753906,167.52120971679688,165.5325164794922,165.57022094726562,2333139
2020-01-30,163.80772399902344,168.4919891357422,163.80772399902344,168.0867156982422,3263742
2020-01-31,167.68142700195312,167.68142700195312,161.48916625976562,163.26107788085938,5835500
2020-02-03,164.42977905273438,165.52308654785156,160.85768127441406,161.47030639648438,3758805
2020-02-04,164.07162475585938,165.9377899169922,163.99623107910156,165.13665771484375,3175043
2020-02-05,166.73892211914062,167.4175262451172,165.31573486328125,166.72950744628906,2990004
2020-02-06,167.76625061035156,167.76625061035156,166.03204345703125,166.21112060546875,2575578
2020-02-07,165.7398681640625,166.55984497070312,164.65599060058594,165.20263671875,3453025
2020-02-10,164.86334228515625,166.93685913085938,164.0998992919922,166.77662658691406,2546082
2020-02-11,168.00189208984375,169.5947265625,167.0122528076172,168.8501434326172,3128359
2020-02-12,169.16116333007812,171.19699096679688,168.75588989257812,170.763427734375,3130799
2020-02-13,169.96229553222656,170.54666137695312,168.41659545898438,169.76437377929688,2106828
2020-02-14,170.1319580078125,171.4043426513672,169.63241577148438,170.41470336914062,2640829
2020-02-18,169.7455291748047,170.11309814453125,168.66163635253906,169.1046142578125,1929535
2020-02-19,169.4910430908203,171.23468017578125,169.18002319335938,170.46182250976562,2614835
2020-02-20,170.52780151367188,171.7342071533203,168.7181854248047,170.31101989746094,2479345
2020-02-21,169.28369140625,170.5843505859375,168.47314453125,169.53817749023438,2058764
2020-02-24,164.4109344482422,167.1724853515625,163.48727416992188,165.19320678710938,3399762
2020-02-25,165.5419464111328,166.39962768554688,157.2384490966797,158.15267944335938,4341824
2020-02-26,158.8972625732422,162.18661499023438,157.18190002441406,157.56832885742188,3619814
2020-02-27,153.63807678222656,157.2384490966797,150.34872436523438,150.3769989013672,4192329
2020-02-28,144.91046142578125,152.84637451171875,141.96041870117188,152.84637451171875,10141144
2020-03-02,153.71347045898438,155.966064453125,148.52969360351562,154.79736328125,7156339
2020-03-03,154.83506774902344,158.51083374023438,151.3289337158203,152.5824737548828,6481119
2020-03-04,155.41941833496094,162.0452423095703,154.8162078857422,161.3477783203125,4808983
2020-03-05,156.92742919921875,158.25636291503906,153.83599853515625,155.43826293945312,5723777
2020-03-06,149.67955017089844,155.62677001953125,148.520263671875,154.5994415283203,5327918
2020-03-09,143.73233032226562,148.21865844726562,141.13101196289062,144.07162475585938,6205789
2020-03-10,146.8897247314453,152.6295928955078,144.53346252441406,152.3939666748047,5811734
2020-03-11,147.81338500976562,148.42601013183594,142.84637451171875,144.57115173339844,5121341
2020-03-12,135.14608764648438,137.1159210205078,126.71064758300781,127.09707641601562,7607901
2020-03-13,133.97738647460938,141.074462890625,130.08482360839844,140.81997680664062,6710613
2020-03-16,120.64090728759766,134.9952850341797,116.88030242919922,127.49292755126953,6250351
2020-03-17,128.39773559570312,133.80772399902344,122.70499420166016,124.2224349975586,9044813
2020-03-18,114.91046142578125,116.99340057373047,95.28746795654297,112.73326873779297,8099568
2020-03-19,110.98020935058594,115.3817138671875,105.57964324951172,112.12064361572266,7229760
2020-03-20,113.93968200683594,114.19415283203125,104.41093444824219,106.03204345703125,7216073
2020-03-23,101.3100814819336,104.69368743896484,95.26861572265625,97.88878631591797,8700624
2020-03-24,103.67578125,112.65786743164062,102.9688949584961,112.63902282714844,6152845
2020-03-25,113.37417602539062,127.55890655517578,112.91234588623047,122.19603729248047,7595805
2020-03-26,124.2507095336914,131.3760528564453,123.61922454833984,129.50047302246094,5935658
2020-03-27,123.8642807006836,127.4363784790039,120.77285766601562,123.722900390625,4164319
2020-03-30,123.23279571533203,126.06974792480469,122.64844512939453,124.17530822753906,5342878
2020-03-31,124.2601318359375,128.28463745117188,122.52591705322266,126.0980224609375,5619056
2020-04-01,120.9048080444336,123.73233032226562,118.28463745117188,122.25259399414062,4505112
2020-04-02,121.20640563964844,125.49481964111328,119.83035278320312,125.17436218261719,3717956
2020-04-03,124.88218688964844,125.20263671875,119.25541687011719,120.12252807617188,4277422
2020-04-06,125.84354400634766,127.5871810913086,124.89160919189453,126.29594421386719,5171632
2020-04-07,132.55419921875,134.04335021972656,127.23845672607422,127.46465301513672,4298854
2020-04-08,128.81243896484375,132.30914306640625,127.4363784790039,131.24411010742188,4127927
2020-04-09,131.95098876953125,137.88877868652344,131.66824340820312,135.1837921142578,4631265
2020-04-13,134.55230712890625,134.9764404296875,128.66163635253906,130.00942993164062,3200294
2020-04-14,132.6201629638672,135.46653747558594,130.5843505859375,132.50706481933594,3699283
2020-04-15,129.6606903076172,130.03770446777344,124.89160919189453,127.08765411376953,3451221
2020-04-16,126.84259796142578,127.52120971679688,122.13006591796875,124.72196197509766,4261719
2020-04-17,128.05844116210938,132.13949584960938,127.86993408203125,130.36758422851562,5040493
2020-04-20,127.9830322265625,130.24505615234375,127.13478088378906,127.89820861816406,2683269
2020-04-21,125.41941833496094,126.3147964477539,123.20452117919922,124.41093444824219,2565604
2020-04-22,126.5032958984375,126.96512603759766,124.17530822753906,125.3817138671875,2790112
2020-04-23,127.0028305053711,130.62205505371094,126.44674682617188,126.93685150146484,2956370
2020-04-24,127.89820861816406,128.40716552734375,124.75023651123047,127.72856140136719,3011012
2020-04-27,128.6804962158203,132.96890258789062,127.9736099243164,131.837890625,3329100
2020-04-28,135.08010864257812,138.162109375,133.94911193847656,134.55230712890625,3583952
2020-04-29,137.13478088378906,139.36851501464844,135.73043823242188,137.7568359375,2812923
2020-04-30,135.24034118652344,135.7115936279297,132.47879028320312,133.74176025390625,4766649
2020-05-01,131.3195037841797,131.479736328125,126.4561767578125,129.35910034179688,3905647
2020-05-04,126.20169830322266,128.520263671875,125.17436218261719,127.42695617675781,4374503
2020-05-05,129.2082977294922,129.2082977294922,126.79547882080078,127.11592864990234,3312760
2020-05-06,128.28463745117188,128.28463745117188,125.33458709716797,125.39114379882812,2492820
2020-05-07,126.88030242919922,127.85108184814453,124.42035675048828,125.155517578125,3285387
2020-05-08,126.92742919921875,129.42506408691406,126.6729507446289,129.0386505126953,2907564
2020-05-11,127.95475769042969,128.10556030273438,126.43732452392578,126.55985260009766,2500140
2020-05-12,127.54005432128906,128.20924377441406,120.16964721679688,120.25447845458984,5167494
2020-05-13,119.8209228515625,119.83035278320312,114.87276458740234,115.90009307861328,6139158
2020-05-14,113.3553237915039,119.94345092773438,110.37700653076172,119.74552154541016,5544998
2020-05-15,118.162109375,119.37794494628906,116.61640167236328,118.19981384277344,4944578
2020-05-18,122.9971694946289,129.67955017089844,122.22431945800781,128.21865844726562,6793371
2020-05-19,127.47408294677734,127.63430786132812,124.35438537597656,124.36380767822266,4697896
2020-05-20,126.81432342529297,128.82186889648438,126.54100036621094,128.20924377441406,3129632
2020-05-21,129.6230010986328,130.81056213378906,128.45428466796875,129.7738037109375,2519132
2020-05-22,129.5664520263672,131.3289337158203,128.60508728027344,131.17813110351562,3138438
2020-05-26,135.50424194335938,137.85108947753906,135.16493225097656,136.6069793701172,4636782
2020-05-27,139.83035278320312,142.26202392578125,138.42601013183594,140.047119140625,4553494
2020-05-28,141.3760528564453,142.51649475097656,136.36192321777344,139.0763397216797,3694190
2020-05-29,137.34213256835938,141.2818145751953,136.03204345703125,137.46466064453125,4387235
2020-06-01,137.12535095214844,139.29312133789062,136.57870483398438,137.7756805419922,2197437
2020-06-02,139.29312133789062,140.1790771484375,138.03016662597656,139.8209228515625,3846974
2020-06-03,141.60226440429688,145.50424194335938,141.42318725585938,144.53346252441406,3175255
2020-06-04,143.27049255371094,147.2007598876953,142.4410858154297,146.94627380371094,3998060
2020-06-05,153.5438232421875,156.19227600097656,151.31008911132812,152.0923614501953,4800919
2020-06-08,152.28086853027344,154.85391235351562,151.8096160888672,153.55325317382812,3791377
2020-06-09,151.1404266357422,151.74363708496094,148.48255920410156,149.01036071777344,3903525
2020-06-10,148.6522216796875,148.7747344970703,144.60885620117188,145.25918579101562,3511698
2020-06-11,140.11309814453125,140.26390075683594,134.86334228515625,135.19320678710938,4440179
2020-06-12,139.68898010253906,140.4335479736328,133.0348663330078,136.20169067382812,3832756
2020-06-15,132.0640869140625,139.58529663085938,131.66824340820312,138.19981384277344,3516154
2020-06-16,143.36474609375,143.6475067138672,137.76625061035156,140.5372314453125,4036575
2020-06-17,141.08387756347656,141.44203186035156,139.3119659423828,139.81149291992188,3721564
2020-06-18,138.40716552734375,140.4335479736328,137.9076385498047,139.70782470703125,2739078
2020-06-19,141.8096160888672,142.1677703857422,136.40904235839844,137.0122528076172,5587120
2020-06-22,136.2959442138672,138.07728576660156,135.09896850585938,136.6069793701172,2684224
2020-06-23,138.4448699951172,138.7747344970703,136.39962768554688,136.5315704345703,2450698
2020-06-24,134.60885620117188,135.08953857421875,130.14137268066406,130.39585876464844,3576843
2020-06-25,130.09425354003906,134.5900115966797,129.8680419921875,134.26956176757812,4264159
2020-06-26,134.128173828125,134.128173828125,129.6230010986328,130.26390075683594,10880873
2020-06-29,132.05467224121094,135.06126403808594,131.2723846435547,135.0047149658203,3152443
2020-06-30,134.0810546875,137.15362548828125,133.8548583984375,136.277099609375,3912968
2020-07-01,136.87088012695312,138.05844116210938,134.75022888183594,135.82469177246094,2768680
2020-07-02,137.21017456054688,138.68991088867188,136.23939514160156,136.682373046875,2926769
2020-07-06,138.78416442871094,139.7738037109375,137.7285614013672,138.75588989257812,2479239
2020-07-07,137.6060333251953,137.70028686523438,135.966064453125,136.63525390625,2781942
2020-07-08,136.1262969970703,137.54005432128906,135.6361846923828,137.2196044921875,3806656
2020-07-09,136.41847229003906,137.15362548828125,133.20452880859375,133.24221801757812,3360399
2020-07-10,133.48727416992188,134.89161682128906,132.7992401123047,134.2601318359375,2466825
2020-07-13,135.32516479492188,137.49293518066406,134.07162475585938,135.24034118652344,2743428
2020-07-14,135.24034118652344,139.78321838378906,134.1093292236328,139.58529663085938,2811438
2020-07-15,142.50706481933594,143.91140747070312,142.196044921875,143.19509887695312,3166661
2020-07-16,142.32798767089844,144.68426513671875,141.6116943359375,144.2789764404297,3923154
2020-07-17,144.67483520507812,146.44674682617188,143.6946258544922,146.08859252929688,5184577
2020-07-20,145.25918579101562,145.97549438476562,143.7511749267578,144.57115173339844,5173648
2020-07-21,145.03298950195312,147.99246215820312,145.03298950195312,145.86239624023438,2540034
2020-07-22,145.24977111816406,146.6635284423828,145.06126403808594,145.7210235595703,1908315
2020-07-23,145.4853973388672,146.55043029785156,144.0810546875,144.89161682128906,2785762
2020-07-24,145.14608764648438,145.3817138671875,140.47125244140625,140.83883666992188,4634766
2020-07-27,140.24505615234375,142.28086853027344,139.4156494140625,142.0923614501953,3584376
2020-07-28,141.84732055664062,143.3364715576172,140.82940673828125,143.27049255371094,4142356
2020-07-29,142.8557891845703,146.49388122558594,142.47879028320312,145.6927490234375,3513502
2020-07-30,144.13760375976562,144.26956176757812,140.46182250976562,140.5843505859375,2916795
2020-07-31,140.358154296875,140.88595581054688,138.5485382080078,140.78228759765625,4308933
2020-08-03,141.4985809326172,141.6116943359375,138.84071350097656,139.99057006835938,2233829
2020-08-04,138.79359436035156,139.641845703125,137.803955078125,138.8595733642578,3266076
2020-08-05,140.23562622070312,142.31857299804688,140.00942993164062,142.14891052246094,4347129
2020-08-06,142.2431640625,144.1093292236328,141.69651794433594,143.80772399902344,2655365
2020-08-07,143.67578125,146.33364868164062,143.12911987304688,146.19227600097656,2673932
2020-08-10,146.23939514160156,150.6880340576172,146.23939514160156,150.26390075683594,3033187
2020-08-11,151.479736328125,153.86427307128906,150.8953857421875,151.06503295898438,4003896
2020-08-12,153.17625427246094,153.45899963378906,149.8491973876953,150.8671112060547,2832233
2020-08-13,148.61451721191406,150.47125244140625,148.51083374023438,149.8397674560547,2731969
2020-08-14,148.91612243652344,151.62110900878906,148.87841796875,151.06503295898438,3018227
2020-08-17,150.82940673828125,151.6305389404297,148.96324157714844,149.63241577148438,2989049
2020-08-18,149.8491973876953,150.57493591308594,148.1809539794922,148.33175659179688,1983327
2020-08-19,148.51083374023438,149.0386505126953,147.18190002441406,147.8322296142578,2226084
2020-08-20,146.55984497070312,147.99246215820312,146.28652954101562,147.1913299560547,1697918
2020-08-21,146.993408203125,148.68991088867188,146.993408203125,148.4448699951172,2660776
2020-08-24,149.01036071777344,150.28274536132812,147.51177978515625,150.2073516845703,2214307
2020-08-25,154.89161682128906,157.398681640625,154.11875915527344,155.07069396972656,7851931
2020-08-26,155.32516479492188,156.8614501953125,153.94911193847656,155.80584716796875,3678063
2020-08-27,156.63525390625,158.99151611328125,155.59849548339844,156.44674682617188,4542247
2020-08-28,156.75778198242188,159.00094604492188,155.9472198486328,158.6993408203125,13805520
2020-08-31,158.88784790039062,158.8972625732422,155.22149658203125,156.03204345703125,4840176
2020-09-01,154.37322998046875,158.4919891357422,154.0998992919922,158.3129119873047,4217051
2020-09-02,159.0292205810547,162.9877471923828,158.2657928466797,162.55419921875,4362726
2020-09-03,163.40245056152344,163.8265838623047,155.57022094726562,156.73892211914062,3742890
2020-09-04,159.01979064941406,159.90574645996094,155.11781311035156,157.10650634765625,3529417
2020-09-08,155.6927490234375,156.87088012695312,153.91140747070312,154.8256378173828,2967405
2020-09-09,155.74929809570312,157.91705322265625,155.3817138671875,156.22055053710938,2978758
2020-09-10,157.68142700195312,157.68142700195312,154.40150451660156,154.8256378173828,2986609
2020-09-11,155.0518341064453,157.82281494140625,154.8256378173828,156.8802947998047,2245819
2020-09-14,158.35061645507812,159.7926483154297,157.74740600585938,158.78416442871094,2264174
2020-09-15,159.53817749023438,160.21678161621094,158.40716552734375,158.6239471435547,1964123
2020-09-16,159.55702209472656,161.5080108642578,158.79359436035156,160.2261962890625,3344272
2020-09-17,158.37889099121094,161.59283447265625,157.12535095214844,160.54666137695312,2823745
2020-09-18,159.73609924316406,160.66917419433594,158.05844116210938,159.00094604492188,5207388
2020-09-21,155.34400939941406,155.68331909179688,149.47219848632812,152.0923614501953,4731636
2020-09-22,151.60226440429688,153.62864685058594,150.9142303466797,153.32705688476562,2653561
2020-09-23,152.9877471923828,154.47691345214844,148.75588989257812,149.6606903076172,2660564
2020-09-24,149.21771240234375,151.66824340820312,147.8322296142578,149.63241577148438,2374836
2020-09-25,148.58624267578125,152.74269104003906,148.1338348388672,152.20545959472656,2752128
2020-09-28,154.98585510253906,156.59754943847656,153.84542846679688,155.1743621826172,2665869
2020-09-29,155.09896850585938,156.67294311523438,154.07162475585938,155.0518341064453,2301627
2020-09-30,156.23939514160156,158.2657928466797,153.6475067138672,155.14608764648438,3059287
2020-10-01,156.64466857910156,157.53062438964844,152.7992401123047,154.26956176757812,2556267
2020-10-02,152.32798767089844,157.398681640625,152.07351684570312,156.08859252929688,2482634
2020-10-05,157.38925170898438,159.51931762695312,157.15362548828125,159.01979064941406,1856750
2020-10-06,159.3873748779297,161.56455993652344,157.04052734375,157.2949981689453,2488894
2020-10-07,159.27427673339844,162.29971313476562,158.83128356933594,161.6870880126953,2154042
2020-10-08,162.46937561035156,163.8737030029297,161.62110900878906,163.78887939453125,2098552
2020-10-09,164.37322998046875,165.9377899169922,163.30819702148438,164.35438537597656,2797751
2020-10-12,164.9952850341797,166.80490112304688,164.1093292236328,165.27804565429688,3603474
2020-10-13,163.9302520751953,164.88218688964844,160.71630859375,161.6870880126953,2456533
2020-10-14,163.1385498046875,164.90103149414062,162.86521911621094,163.4967041015625,2530061
2020-10-15,161.2252655029297,163.56268310546875,160.5372314453125,162.68614196777344,2585233
2020-10-16,163.3364715576172,166.25823974609375,162.86521911621094,164.80679321289062,3850157
2020-10-19,164.55230712890625,165.08953857421875,161.21583557128906,161.72479248046875,2231814
2020-10-20,162.55419921875,165.61734008789062,162.55419921875,163.2987823486328,1676698
2020-10-21,162.66729736328125,165.14608764648438,162.6295928955078,162.9311981201172,1938447
2020-10-22,163.62864685058594,167.0593719482422,163.09141540527344,166.682373046875,1996908
2020-10-23,167.76625061035156,168.3694610595703,163.67578125,165.44769287109375,2109162
2020-10-26,163.24221801757812,163.24221801757812,157.9641876220703,160.3864288330078,2465446
2020-10-27,159.32139587402344,160.08482360839844,157.07823181152344,157.16305541992188,2131867
2020-10-28,153.17625427246094,155.9943389892578,151.71536254882812,151.89443969726562,3430744
2020-10-29,151.18756103515625,156.21112060546875,150.2544708251953,155.13665771484375,3303530
2020-10-30,152.25259399414062,156.22996520996094,151.79075622558594,155.46653747558594,4657260
2020-11-02,159.47219848632812,164.4674835205078,158.4448699951172,163.62864685058594,4454396
2020-11-03,165.43826293945312,170.0188446044922,164.2318572998047,168.9066925048828,3946708
2020-11-04,166.2959442138672,171.94155883789062,163.317626953125,168.6239471435547,4582035
2020-11-05,170.0188446044922,173.77944946289062,169.85862731933594,172.74269104003906,4864791
2020-11-06,172.9783172607422,175.3063201904297,172.36569213867188,173.67578125,3268198
2020-11-09,193.1197052001953,197.92648315429688,182.29971313476562,185.6644744873047,8207047
2020-11-10,187.94532775878906,191.3477783203125,186.73892211914062,190.36758422851562,6241014
2020-11-11,190.66917419433594,191.2818145751953,186.93685913085938,187.8322296142578,3436049
2020-11-12,186.19227600097656,187.85108947753906,184.42977905273438,185.9001007080078,2822048
2020-11-13,187.40811157226562,190.29217529296875,187.40811157226562,189.952880859375,2498867
2020-11-16,194.14703369140625,197.5589141845703,191.7059326171875,196.59754943847656,5197627
2020-11-17,195.01414489746094,195.01414489746094,191.66824340820312,193.5249786376953,3658116
2020-11-18,192.74269104003906,193.1856689453125,189.40621948242188,189.54759216308594,4692060
2020-11-19,189.70782470703125,191.41375732421875,188.39773559570312,191.06503295898438,3462043
2020-11-20,190.16964721679688,191.6399688720703,188.97267150878906,190.3864288330078,2502899
2020-11-23,191.94155883789062,193.4967041015625,191.72479248046875,192.81809997558594,2977590
2020-11-24,196.32421875,196.7860565185547,194.85391235351562,195.9377899169922,4300870
2020-11-25,196.04147338867188,196.64466857910156,194.67483520507812,195.7398681640625,2582792
2020-11-27,195.73043823242188,197.3798370361328,195.6644744873047,197.3704071044922,1521686
2020-11-30,195.25918579101562,196.277099609375,192.196044921875,192.196044921875,6860108
2020-12-01,195.1837921142578,197.76625061035156,194.09048461914062,194.34495544433594,4027026
2020-12-02,194.14703369140625,197.0216827392578,194.128173828125,196.04147338867188,2609954
2020-12-03,194.73138427734375,197.398681640625,194.54287719726562,196.2488250732422,2948943
2020-12-04,197.3515625,200.65032958984375,197.3515625,200.45240783691406,3393927
2020-12-07,199.34967041015625,199.6135711669922,197.31385803222656,198.96324157714844,2753401
2020-12-08,198.22808837890625,200.81056213378906,197.8322296142578,199.87747192382812,2442740
2020-12-09,200.60321044921875,201.52685546875,198.60508728027344,200.03770446777344,3126130
2020-12-10,198.162109375,200.5655059814453,198.1338348388672,199.78321838378906,3169419
2020-12-11,197.50234985351562,202.8840789794922,197.50234985351562,202.29029846191406,3311063
2020-12-14,203.58152770996094,204.2412872314453,199.52874755859375,199.6701202392578,3549363
2020-12-15,201.69651794433594,202.54476928710938,199.69839477539062,201.8567352294922,2655153
2020-12-16,201.12158203125,202.00753784179688,197.2007598876953,198.21865844726562,3108836
2020-12-17,198.82186889648438,199.75494384765625,197.92648315429688,199.75494384765625,2279346
2020-12-18,200.08482360839844,200.29217529296875,196.62582397460938,197.9641876220703,7094058
2020-12-21,193.80772399902344,199.01979064941406,193.07257080078125,198.5485382080078,2618018
2020-12-22,198.46371459960938,199.06692504882812,195.9001007080078,195.98492431640625,2142796
2020-12-23,197.5589141845703,199.94345092773438,197.21017456054688,197.91705322265625,2171549
2020-12-24,198.42601013183594,198.58624267578125,196.6069793701172,197.48350524902344,800949
2020-12-28,198.86898803710938,199.0857696533203,197.34213256835938,197.86993408203125,1820358
2020-12-29,199.24598693847656,199.24598693847656,195.92837524414062,197.10650634765625,1620784
2020-12-30,197.92648315429688,199.42506408691406,197.51177978515625,198.82186889648438,1699828
2020-12-31,198.86898803710938,200.75401306152344,197.61546325683594,200.47125244140625,1492190
2021-01-04,200.60321044921875,200.763427734375,194.49575805664062,195.9943389892578,2470963
2021-01-05,195.08010864257812,198.10556030273438,195.08010864257812,196.4750213623047,2304598
2021-01-06,197.40811157226562,201.6776580810547,197.2007598876953,200.05654907226562,2915522
2021-01-07,200.65032958984375,201.7059326171875,198.6804962158203,200.3864288330078,2182795
2021-01-08,200.5655059814453,201.1404266357422,195.73043823242188,197.9547576904297,3478913
2021-01-11,196.1451416015625,197.56832885742188,195.88124084472656,196.38076782226562,3118173
2021-01-12,195.90951538085938,197.43638610839844,193.45899963378906,196.87088012695312,2651227
2021-01-13,196.3053741455078,196.62582397460938,194.53346252441406,195.11781311035156,2275951
2021-01-14,196.0791778564453,197.71913146972656,195.26861572265625,196.61639404296875,3884852
2021-01-15,195.59849548339844,195.90951538085938,193.40245056152344,194.128173828125,4124638
2021-01-19,196.26766967773438,196.75778198242188,194.58058166503906,194.8727569580078,2818334
2021-01-20,195.966064453125,196.67294311523438,194.78793334960938,196.1168670654297,2601996
2021-01-21,194.96701049804688,195.86239624023438,193.30819702148438,193.43072509765625,2870111
2021-01-22,192.51649475097656,192.7050018310547,189.81149291992188,190.62205505371094,3716365
2021-01-25,189.76437377929688,190.9142303466797,188.5956573486328,190.26390075683594,5026700
2021-01-26,192.12063598632812,192.99717712402344,189.42506408691406,189.50047302246094,2336216
2021-01-27,186.72007751464844,189.21771240234375,185.2309112548828,187.91705322265625,4359225
2021-01-28,189.0857696533203,193.5438232421875,188.15267944335938,191.17813110351562,3959334
2021-01-29,185.21206665039062,189.3873748779297,183.36474609375,184.13760375976562,4917841
2021-02-01,186.19227600097656,186.39962768554688,184.0527801513672,184.31668090820312,3065229
2021-02-02,186.4561767578125,189.32139587402344,186.15457153320312,188.61451721191406,2936636
2021-02-03,188.15267944335938,188.40716552734375,186.06031799316406,187.69085693359375,2026616
2021-02-04,188.3411865234375,189.87747192382812,187.398681640625,189.0574951171875,2411971
2021-02-05,190.60321044921875,192.14891052246094,189.70782470703125,191.2535400390625,1982054
2021-02-08,192.10179138183594,193.1197052001953,190.9142303466797,192.13949584960938,2202318
2021-02-09,191.89443969726562,192.08294677734375,189.51931762695312,190.4052734375,1903434
2021-02-10,191.3289337158203,191.6588134765625,189.6135711669922,190.5372314453125,2010171
2021-02-11,190.5560760498047,191.42318725585938,189.33082580566406,190.5560760498047,1813249
2021-02-12,190.7351531982422,192.07351684570312,190.05654907226562,191.8661651611328,2111708
2021-02-16,193.08200073242188,193.7511749267578,190.27333068847656,191.74363708496094,2422687
2021-02-17,189.78321838378906,190.5655059814453,188.3694610595703,190.29217529296875,3087722
2021-02-18,189.91517639160156,193.04429626464844,189.11404418945312,191.8190460205078,1872559
2021-02-19,192.38453674316406,194.93873596191406,191.6305389404297,191.8567352294922,2582898
2021-02-22,191.36663818359375,192.55419921875,190.78228759765625,191.9132843017578,2339823
2021-02-23,193.22337341308594,194.0056610107422,191.3006591796875,193.25164794921875,2609317
2021-02-24,193.1102752685547,199.94345092773438,191.80018615722656,198.8972625732422,3545332
2021-02-25,197.87936401367188,198.3600311279297,192.51649475097656,193.01602172851562,2901835
2021-02-26,193.80772399902344,193.96795654296875,190.45240783691406,190.71630859375,3889308
2021-03-01,192.5824737548828,196.18284606933594,191.97926330566406,194.3638153076172,2690696
2021-03-02,194.88218688964844,196.03204345703125,193.38360595703125,194.70310974121094,2652712
2021-03-03,194.26956176757812,197.40811157226562,194.26956176757812,195.10838317871094,2871490
2021-03-04,195.42884826660156,196.0791778564453,188.98208618164062,191.2723846435547,2969527
2021-03-05,192.77096557617188,195.5325164794922,190.1790771484375,194.70310974121094,3032126
2021-03-08,195.60791015625,200.23562622070312,195.28746032714844,195.7587127685547,3412070
2021-03-09,196.97454833984375,197.86993408203125,194.6182861328125,195.67388916015625,2804541
2021-03-10,195.7398681640625,201.00848388671875,195.7115936279297,200.66917419433594,4596783
2021-03-11,199.6135711669922,202.41281127929688,199.0574951171875,200.28274536132812,3140242
2021-03-12,201.02732849121094,203.006591796875,200.9425048828125,202.05467224121094,1951391
2021-03-15,201.42318725585938,204.52403259277344,200.47125244140625,203.77003479003906,2717221
2021-03-16,203.9208221435547,204.02450561523438,199.2554168701172,199.63241577148438,2734940
2021-03-17,201.2252655029297,202.10179138183594,199.75494384765625,200.78228759765625,2896742
2021-03-18,201.2252655029297,206.40904235839844,200.9236602783203,202.65786743164062,4555828
2021-03-19,202.9877471923828,203.19509887695312,199.9717254638672,200.66917419433594,10727559
2021-03-22,198.97267150878906,200.45240783691406,197.48350524902344,199.93402099609375,3508197
2021-03-23,198.3223419189453,200.14137268066406,195.9189453125,196.59754943847656,2030542
2021-03-24,197.88877868652344,202.68614196777344,197.82281494140625,200.0188446044922,2718388
2021-03-25,200.00942993164062,201.74363708496094,196.277099609375,201.58340454101562,2352768
2021-03-26,202.7521209716797,206.1168670654297,201.82846069335938,205.966064453125,2694940
2021-03-29,205.13665771484375,207.04052734375,204.65599060058594,206.2959442138672,3250798
2021-03-30,206.40904235839844,206.7012176513672,204.57115173339844,205.55136108398438,2597434
2021-03-31,205.64561462402344,206.56927490234375,204.2884063720703,204.5900115966797,2599450
2021-04-01,205.42884826660156,205.43826293945312,203.10084533691406,204.3355255126953,2238286
2021-04-05,206.13572692871094,207.45523071289062,205.8152618408203,206.6635284423828,2396481
2021-04-06,206.94627380371094,208.3411865234375,205.9472198486328,206.58811950683594,1905556
2021-04-07,205.67388916015625,207.2384490966797,204.78793334960938,205.9377899169922,1821949
2021-04-08,205.6361846923828,207.31385803222656,204.1847381591797,207.2196044921875,2198074
2021-04-09,214.4203643798828,214.54287719726562,210.47125244140625,213.9302520751953,4097476
2021-04-12,212.66729736328125,216.05088806152344,212.59188842773438,215.45712280273438,2822366
2021-04-13,216.03204345703125,216.72950744628906,214.5146026611328,215.83412170410156,2917644
2021-04-14,214.89161682128906,217.70970153808594,214.89161682128906,216.19227600097656,2319877
2021-04-15,216.993408203125,217.44580078125,215.42884826660156,216.62582397460938,2131973
2021-04-16,218.3600311279297,218.99151611328125,216.82374572753906,218.76531982421875,4348084
2021-04-19,218.3883056640625,218.76531982421875,217.2478790283203,217.69085693359375,3081568
2021-04-20,216.77662658691406,216.95570373535156,212.7992401123047,214.2601318359375,2175687
2021-04-21,214.07162475585938,217.40811157226562,213.8831329345703,217.2478790283203,1827466
2021-04-22,217.15362548828125,218.68991088867188,215.64561462402344,216.0791778564453,2669688
2021-04-23,212.25259399414062,213.9019775390625,209.4439239501953,211.59283447265625,5634334
2021-04-26,212.6201629638672,212.7615509033203,208.5391082763672,208.78416442871094,3831695
2021-04-27,209.2554168701172,210.88595581054688,208.39773559570312,210.11309814453125,2956477
2021-04-28,209.93402099609375,211.2535400390625,209.70782470703125,210.05654907226562,2300142
2021-04-29,210.84825134277344,211.2723846435547,208.93496704101562,211.02732849121094,1898872
2021-04-30,210.1979217529297,210.72572326660156,208.33175659179688,210.21678161621094,2352131
2021-05-03,211.3477783203125,211.8567352294922,209.48162841796875,210.36758422851562,2354041
2021-05-04,209.36851501464844,212.6295928955078,208.05844116210938,212.46937561035156,2999447
2021-05-05,213.27992248535156,214.20358276367188,212.7803955078125,213.1856689453125,2879448
2021-05-06,214.1847381591797,215.6644744873047,212.48822021484375,215.513671875,2178127
2021-05-07,215.01414489746094,216.49388122558594,213.35533142089844,215.6361846923828,2076483
2021-05-10,215.83412170410156,219.27427673339844,215.83412170410156,217.66258239746094,2537488
2021-05-11,214.9481658935547,216.0791778564453,211.35720825195312,215.98492431640625,3586392
2021-05-12,213.60980224609375,214.19415283203125,207.2478790283203,207.38925170898438,4453123
2021-05-13,206.2488250732422,211.94155883789062,206.16400146484375,210.81997680664062,3081887
2021-05-14,212.7615509033203,215.10838317871094,211.93214416503906,214.2884063720703,2208259
2021-05-17,214.75965881347656,214.75965881347656,211.8190460205078,213.44956970214844,2183644
2021-05-18,212.41281127929688,212.99717712402344,209.45333862304688,209.53817749023438,2546824
2021-05-19,207.9830322265625,208.73704528808594,204.31668090820312,208.5956573486328,3236262
2021-05-20,207.81338500976562,210.0753936767578,207.79454040527344,209.35910034179688,2342476
2021-05-21,210.1790771484375,212.65786743164062,209.85862731933594,210.36758422851562,2413351
2021-05-24,211.59283447265625,212.55419921875,210.3393096923828,212.0640869140625,1924124
2021-05-25,212.0640869140625,212.7332763671875,210.54666137695312,211.15928649902344,1914681
2021-05-26,212.02638244628906,212.05467224121094,210.47125244140625,211.3760528564453,1854416
2021-05-27,213.65692138671875,218.41659545898438,213.56268310546875,217.97361755371094,7052361
2021-05-28,218.66163635253906,218.88784790039062,217.0688018798828,217.63430786132812,2683587
2021-06-01,219.50047302246094,220.2544708251953,218.19981384277344,219.55702209472656,2370274
2021-06-02,220.5655059814453,220.5655059814453,217.2478790283203,217.4740753173828,2361149
2021-06-03,217.44580078125,218.3223419189453,215.3345947265625,216.02261352539062,2462899
2021-06-04,216.55043029785156,217.48350524902344,216.01319885253906,216.82374572753906,1379300
2021-06-07,216.31480407714844,217.1159210205078,214.44863891601562,215.07069396972656,2156376
2021-06-08,215.1837921142578,217.5494842529297,214.3638153076172,216.59754943847656,1825557
2021-06-09,216.6069793701172,217.15362548828125,214.5146026611328,214.71253967285156,2093777
2021-06-10,215.9472198486328,216.8331756591797,213.14797973632812,213.24221801757812,2359240
2021-06-11,214.65599060058594,215.20263671875,211.08387756347656,212.23374938964844,2120515
2021-06-14,211.9886932373047,212.0169677734375,209.9246063232422,210.3393096923828,2743852
2021-06-15,210.1979217529297,210.98963928222656,208.925537109375,209.70782470703125,2188843
2021-06-16,209.70782470703125,210.08482360839844,206.03204345703125,206.39962768554688,3238490
2021-06-17,206.59754943847656,207.54005432128906,202.38453674316406,203.8548583984375,2573349
2021-06-18,201.3195037841797,202.912353515625,199.7738037109375,200.28274536132812,5757304
2021-06-21,202.3939666748047,204.92930603027344,202.0169677734375,203.58152770996094,3047616
2021-06-22,203.27992248535156,204.3355255126953,202.5259246826172,203.10084533691406,2239665
2021-06-23,203.27049255371094,203.9302520751953,202.2243194580078,202.31857299804688,2370486
2021-06-24,203.38360595703125,205.50424194335938,202.30914306640625,205.1743621826172,3569522
2021-06-25,205.34400939941406,207.51177978515625,204.83506774902344,206.16400146484375,5537465
2021-06-28,206.52215576171875,207.45523071289062,203.86427307128906,204.32611083984375,2504278
2021-06-29,204.55230712890625,205.80584716796875,203.0348663330078,203.53440856933594,3185016
2021-06-30,203.1385498046875,207.2196044921875,203.1385498046875,206.73892211914062,3041144
2021-07-01,207.89820861816406,208.5391082763672,207.03109741210938,207.9359130859375,1729642
2021-07-02,208.28463745117188,209.28369140625,207.07823181152344,208.5956573486328,1636805
2021-07-06,207.43638610839844,208.24693298339844,203.5155487060547,205.9943389892578,2053672
2021-07-07,205.49481201171875,208.8501434326172,205.47596740722656,208.04901123046875,1658555
2021-07-08,205.9943389892578,208.02073669433594,204.6465606689453,206.7106475830078,2551387
2021-07-09,208.3223419189453,211.6870880126953,208.04901123046875,211.44203186035156,2293670
2021-07-12,210.06597900390625,212.72384643554688,209.35910034179688,212.08294677734375,2192344
2021-07-13,212.86521911621094,212.86521911621094,210.84825134277344,211.19699096679688,1503755
2021-07-14,211.2818145751953,215.60791015625,211.2818145751953,214.67483520507812,2792340
2021-07-15,216.77662658691406,220.00942993164062,215.871826171875,219.42506408691406,5885155
2021-07-16,218.84071350097656,220.41470336914062,216.41847229003906,217.087646484375,3811961
2021-07-19,212.69557189941406,213.58152770996094,207.36097717285156,207.97361755371094,6479633
2021-07-20,208.8972625732422,217.97361755371094,208.76531982421875,216.4561767578125,29959563
2021-07-21,216.02261352539062,218.7276153564453,215.5796356201172,218.520263671875,4832537
2021-07-22,219.33082580566406,220.78228759765625,216.89915466308594,219.35910034179688,3904692
2021-07-23,215.83412170410156,217.8322296142578,213.17625427246094,216.13572692871094,4146812
2021-07-26,215.34400939941406,216.55043029785156,212.2714385986328,216.0697479248047,2946079
2021-07-27,215.5325164794922,218.91612243652344,214.9764404296875,217.1159210205078,2299293
2021-07-28,216.8426055908203,218.925537109375,216.18284606933594,217.2384490966797,1818448
2021-07-29,219.50047302246094,219.8397674560547,218.03958129882812,219.4910430908203,1593516
2021-07-30,219.40621948242188,220.49009704589844,218.73704528808594,220.34872436523438,2373775
2021-08-02,221.62110900878906,223.24221801757812,218.86898803710938,219.0574951171875,2148843
2021-08-03,219.76437377929688,220.4052734375,217.32327270507812,219.27427673339844,1891763
2021-08-04,218.47314453125,219.58529663085938,215.74929809570312,216.39019775390625,2465764
2021-08-05,216.33364868164062,218.23751831054688,215.7869873046875,216.6635284423828,1556699
2021-08-06,216.77662658691406,217.61546325683594,215.84353637695312,216.4750213623047,1408371
2021-08-09,215.61734008789062,216.13572692871094,214.4674835205078,215.10838317871094,1453358
2021-08-10,215.27804565429688,218.7276153564453,215.0047149658203,218.5485382080078,2534517
2021-08-11,219.22714233398438,221.18756103515625,218.5391082763672,220.71630859375,2226509
2021-08-12,220.09425354003906,220.31101989746094,217.43638610839844,218.60508728027344,2034149
2021-08-13,218.520263671875,219.28369140625,217.86050415039062,218.43544006347656,1490387
2021-08-16,218.52969360351562,220.358154296875,216.93685913085938,220.30160522460938,1903965
2021-08-17,219.78321838378906,220.26390075683594,215.21206665039062,218.1432647705078,2842525
2021-08-18,216.73892211914062,218.1809539794922,215.11781311035156,215.28746032714844,2711173
2021-08-19,214.49575805664062,216.06031799316406,213.04429626464844,214.6371307373047,2063751
2021-08-20,215.01414489746094,215.5796356201172,213.48727416992188,214.60885620117188,2207941
2021-08-23,214.1847381591797,218.2940673828125,214.1847381591797,215.9377899169922,2274041
2021-08-24,215.6927490234375,217.64373779296875,215.1837921142578,217.1913299560547,1342589
2021-08-25,217.58718872070312,218.98208618164062,215.64561462402344,217.398681640625,1914256
2021-08-26,216.85202026367188,217.88877868652344,216.23939514160156,217.6060333251953,1382589
2021-08-27,218.2657928466797,220.1319580078125,217.398681640625,217.85108947753906,1765080
2021-08-30,217.92648315429688,219.39678955078125,217.30442810058594,218.5391082763672,1398716
2021-08-31,218.12440490722656,219.27427673339844,217.31385803222656,218.57681274414062,2075634
2021-09-01,219.55702209472656,219.78321838378906,216.1168670654297,216.58811950683594,2635842
2021-09-02,217.64373779296875,218.1338348388672,216.55984497070312,217.69085693359375,1691765
2021-09-03,217.71913146972656,217.71913146972656,214.67483520507812,215.2309112548828,1721366
2021-09-07,214.60885620117188,214.60885620117188,209.96229553222656,210.11309814453125,3418966
2021-09-08,209.94345092773438,211.96983337402344,209.06692504882812,211.4985809326172,2576745
2021-09-09,211.03675842285156,212.0452423095703,209.54759216308594,210.11309814453125,2056112
2021-09-10,210.1508026123047,212.2431640625,209.4344940185547,209.58529663085938,2501732
2021-09-13,211.42318725585938,212.7332763671875,209.4344940185547,210.7445831298828,2940455
2021-09-14,211.16871643066406,211.23468017578125,207.07823181152344,207.53062438964844,2864382
2021-09-15,207.94532775878906,210.09425354003906,207.48350524902344,208.94439697265625,2145024
2021-09-16,208.5485382080078,208.6804962158203,205.95664978027344,207.0216827392578,2539504
2021-09-17,207.2196044921875,207.2196044921875,204.9952850341797,205.92837524414062,4659488
2021-09-20,203.66635131835938,205.31573486328125,201.87559509277344,203.32705688476562,4253019
2021-09-21,204.32611083984375,204.4674835205078,202.02638244628906,202.54476928710938,2725391
2021-09-22,203.99623107910156,205.871826171875,203.8831329345703,204.54287719726562,2420247
2021-09-23,204.80679321289062,208.64279174804688,204.80679321289062,207.0688018798828,2312980
2021-09-24,207.10650634765625,208.114990234375,205.90951538085938,206.58811950683594,2067995
2021-09-27,206.3524932861328,207.1913299560547,205.21206665039062,205.37228393554688,2333457
2021-09-28,204.16587829589844,205.79641723632812,202.13949584960938,202.61074829101562,2816000
2021-09-29,203.42129516601562,203.96795654296875,202.2148895263672,202.56361389160156,2237649
2021-09-30,203.74176025390625,203.81715393066406,199.90574645996094,200.0753936767578,3113398
2021-10-01,200.7351531982422,203.97738647460938,199.47219848632812,203.25164794921875,2415367
2021-10-04,202.87464904785156,204.16587829589844,200.93307495117188,201.89443969726562,2792764
2021-10-05,201.3289337158203,204.57115173339844,201.3289337158203,203.317626953125,1655266
2021-10-06,201.479736328125,204.5146026611328,200.8671112060547,204.39208984375,1841790
2021-10-07,205.46653747558594,207.2196044921875,205.19320678710938,205.8152618408203,1965609
2021-10-08,206.10745239257812,206.92742919921875,204.2789764404297,205.1837921142578,1426833
2021-10-11,204.88218688964844,205.67388916015625,202.8840789794922,202.912353515625,1437867
2021-10-12,203.2987823486328,203.80772399902344,201.6305389404297,202.00753784179688,1468106
2021-10-13,202.912353515625,204.22242736816406,200.69744873046875,203.1856689453125,1697812
2021-10-14,204.67483520507812,206.20169067382812,204.0810546875,206.02261352539062,1512456
2021-10-15,207.63430786132812,208.7181854248047,206.6540985107422,208.03016662597656,2313617
2021-10-18,206.01319885253906,208.73704528808594,205.31573486328125,207.94532775878906,1998181
2021-10-19,208.63336181640625,209.0857696533203,206.8426055908203,209.0292205810547,1697176
2021-10-20,209.45333862304688,210.82940673828125,208.1338348388672,210.78228759765625,1757971
2021-10-21,210.763427734375,211.93214416503906,208.520263671875,211.6116943359375,2810801
2021-10-22,210.1508026123047,211.02732849121094,204.75022888183594,204.90103149414062,3712015
2021-10-25,204.34495544433594,206.40904235839844,203.25164794921875,205.03298950195312,2875734
2021-10-26,205.65504455566406,207.79454040527344,204.3072509765625,205.7681427001953,2592978
2021-10-27,205.560791015625,205.61734008789062,202.84637451171875,203.317626953125,1747573
2021-10-28,202.05467224121094,206.20169067382812,202.05467224121094,205.9189453125,2066722
2021-10-29,205.46653747558594,207.63430786132812,204.58058166503906,206.05088806152344,2774833
2021-11-01,206.1262969970703,207.398681640625,205.5325164794922,207.12535095214844,1801366
2021-11-02,207.86050415039062,209.2082977294922,206.64466857910156,208.47314453125,2437541
2021-11-03,208.20924377441406,210.2261962890625,206.95570373535156,209.99057006835938,2182795
2021-11-04,209.8680419921875,211.9132843017578,209.3119659423828,209.69839477539062,2461520
2021-11-05,211.3477783203125,214.52403259277344,210.95193481445312,213.06314086914062,2471281
2021-11-08,214.71253967285156,215.11781311035156,211.479736328125,212.7521209716797,1820039
2021-11-09,212.72384643554688,215.13665771484375,212.3939666748047,214.65599060058594,2513509
2021-11-10,214.20358276367188,214.80679321289062,212.23374938964844,212.4505157470703,1405613
2021-11-11,212.53533935546875,212.53533935546875,207.91705322265625,208.30348205566406,1693144
2021-11-12,209.18002319335938,209.7455291748047,206.8802947998047,209.60414123535156,2317861
2021-11-15,209.83035278320312,211.15928649902344,208.8972625732422,209.67955017089844,1281582
2021-11-16,209.8209228515625,210.44297790527344,208.35061645507812,208.64279174804688,1749059
2021-11-17,208.28463745117188,208.5673828125,206.97454833984375,207.81338500976562,2012293
2021-11-18,206.8802947998047,208.24693298339844,206.4279022216797,208.0113067626953,1791286
2021-11-19,208.30348205566406,208.48255920410156,204.68426513671875,205.92837524414062,2223962
2021-11-22,205.77757263183594,208.3411865234375,205.49481201171875,205.59849548339844,2601148
2021-11-23,204.86334228515625,205.9001007080078,202.7803955078125,203.58152770996094,4266705
2021-11-24,202.77096557617188,203.4967041015625,199.6606903076172,200.00942993164062,3465226
2021-11-26,193.1668243408203,196.98397827148438,190.9236602783203,196.23939514160156,4093126
2021-11-29,198.12440490722656,198.12440490722656,195.09896850585938,195.7210235595703,2756584
2021-11-30,194.37322998046875,194.5994415283203,189.54759216308594,190.6126251220703,6026798
2021-12-01,193.8265838623047,194.04335021972656,187.7285614013672,187.9547576904297,3313609
2021-12-02,189.40621948242188,193.63807678222656,188.03016662597656,192.2714385986328,6371199
2021-12-03,192.28086853027344,192.72384643554688,189.4439239501953,191.80018615722656,3762200
2021-12-06,193.43072509765625,196.1262969970703,193.09141540527344,194.39208984375,4643360
2021-12-07,195.4099884033203,197.5494842529297,193.9302520751953,195.24034118652344,5078689
2021-12-08,193.06314086914062,193.5249786376953,190.87652587890625,192.8840789794922,5302241
2021-12-09,192.81809997558594,195.24977111816406,191.2818145751953,194.15646362304688,5296512
2021-12-10,194.9481658935547,197.9641876220703,193.98680114746094,197.74740600585938,3618222
2021-12-13,197.73797607421875,198.63336181640625,196.6069793701172,197.2007598876953,3068730
2021-12-14,196.82374572753906,199.37794494628906,194.07162475585938,194.79736328125,4021827
2021-12-15,195.61734008789062,198.30348205566406,193.44015502929688,197.70028686523438,3132072
2021-12-16,199.1046142578125,199.1328887939453,197.2667236328125,197.5589141845703,3175785
2021-12-17,197.4175262451172,198.03016662597656,192.9406280517578,193.37417602539062,5919425
2021-12-20,190.49952697753906,190.99905395507812,186.7106475830078,188.3600311279297,3594031
2021-12-21,189.58529663085938,191.12158203125,188.79359436035156,190.0753936767578,2788520
2021-12-22,189.65127563476562,190.3864288330078,188.57681274414062,190.23562622070312,3300877
2021-12-23,191.51744079589844,194.44863891601562,191.3289337158203,193.42129516601562,2521042
2021-12-27,193.86427307128906,194.75965881347656,193.12911987304688,194.56173706054688,2638070
2021-12-28,194.5994415283203,196.1451416015625,194.3638153076172,195.14608764648438,2091443
2021-12-29,195.95664978027344,196.0791778564453,194.5900115966797,195.59849548339844,1819085
2021-12-30,196.13572692871094,196.8897247314453,195.01414489746094,195.20263671875,1350759
2021-12-31,194.96701049804688,197.16305541992188,194.5146026611328,196.52215576171875,1630227
2022-01-03,195.90951538085938,197.31385803222656,193.74176025390625,194.91046142578125,2735895
2022-01-04,194.8256378173828,197.50234985351562,193.8265838623047,196.98397827148438,3455040
2022-01-05,197.49293518066406,203.1856689453125,197.09707641601562,198.925537109375,4337899
2022-01-06,199.6230010986328,202.02638244628906,198.51083374023438,198.6993408203125,3469894
2022-01-07,199.952880859375,204.8162078857422,199.40621948242188,203.3459014892578,3243159
2022-01-10,203.27049255371094,204.01507568359375,199.67955017089844,201.18756103515625,3664376
2022-01-11,202.0923614501953,204.5146026611328,199.35910034179688,203.8737030029297,3744800
2022-01-12,204.98585510253906,206.58811950683594,204.85391235351562,205.70216369628906,3294193
2022-01-13,205.84353637695312,209.1328887939453,205.5325164794922,206.8143310546875,3270533
2022-01-14,205.09896850585938,205.43826293945312,202.9783172607422,205.13665771484375,3547029
2022-01-18,202.5259246826172,203.5249786376953,199.8680419921875,201.31008911132812,3241355
2022-01-19,202.08294677734375,202.4222412109375,198.4919891357422,198.61451721191406,2774303
2022-01-20,199.50990295410156,202.12063598632812,196.72950744628906,196.90858459472656,2725391
2022-01-21,197.22903442382812,197.5494842529297,193.17625427246094,193.30819702148438,4711689
2022-01-24,192.45994567871094,193.006591796875,187.54005432128906,192.69557189941406,5769824
2022-01-25,189.17059326171875,192.07351684570312,186.5315704345703,190.66917419433594,5557306
2022-01-26,191.47030639648438,194.0527801513672,187.2949981689453,189.11404418945312,3594244
2022-01-27,191.39491271972656,193.05372619628906,187.803955078125,189.11404418945312,2917750
2022-01-28,188.8595733642578,190.4335479736328,184.77850341796875,190.3769989013672,3599230
2022-01-31,189.0292205810547,193.19509887695312,187.85108947753906,192.72384643554688,3498966
2022-02-01,192.20545959472656,193.98680114746094,189.9246063232422,193.53440856933594,3239551
2022-02-02,193.60980224609375,195.8906707763672,192.87464904785156,195.61734008789062,3008890
2022-02-03,188.6522216796875,189.4439239501953,180.5655059814453,180.71630859375,9209374
2022-02-04,180.83883666992188,181.7059326171875,177.2196044921875,180.49009704589844,5814174
2022-02-07,181.1027374267578,183.40245056152344,179.8397674560547,181.41375732421875,3668726
2022-02-08,181.41375732421875,183.84542846679688,180.06597900390625,183.37417602539062,2902684
2022-02-09,184.844482421875,185.6927490234375,183.4967041015625,185.31573486328125,3406341
2022-02-10,182.95004272460938,185.64561462402344,180.03770446777344,180.72572326660156,3882836
2022-02-11,180.78228759765625,181.80018615722656,175.82469177246094,176.23939514160156,5648234
2022-02-14,176.6069793701172,177.58718872070312,173.9302520751953,175.95664978027344,3349365
2022-02-15,177.36097717285156,179.01036071777344,175.80584716796875,178.63336181640625,3001039
2022-02-16,178.64279174804688,178.88784790039062,176.06031799316406,178.1903839111328,3273822
2022-02-17,176.7012176513672,177.07823181152344,173.7040557861328,173.97738647460938,3263530
2022-02-18,173.35533142089844,174.4203643798828,170.9613494873047,171.6588134765625,5345742
2022-02-22,172.59188842773438,174.62771606445312,170.5372314453125,172.0640869140625,4252488
2022-02-23,173.01602172851562,173.30819702148438,168.520263671875,168.6710662841797,3800926
2022-02-24,164.89161682128906,172.18661499023438,164.39208984375,171.8567352294922,6259582
2022-02-25,171.6305389404297,178.6239471435547,171.60226440429688,177.71913146972656,5306061
2022-02-28,175.3534393310547,179.01979064941406,175.3534393310547,178.84071350097656,4361877
2022-03-01,175.9189453125,178.93496704101562,172.41281127929688,173.04429626464844,5796243
2022-03-02,174.68426513671875,177.4269561767578,173.5720977783203,175.7210235595703,5666483
2022-03-03,178.57681274414062,180.81997680664062,176.36192321777344,176.73892211914062,5329297
2022-03-04,174.9764404296875,176.8802947998047,173.91140747070312,176.6540985107422,5370782
2022-03-07,176.28652954101562,176.5315704345703,171.5551300048828,171.6870880126953,3749362
2022-03-08,171.71536254882812,176.26766967773438,171.64938354492188,172.7050018310547,4854075
2022-03-09,175.64561462402344,176.46559143066406,174.2601318359375,174.74081420898438,3076263
2022-03-10,172.0452423095703,174.4674835205078,171.74363708496094,173.76060485839844,2605179
2022-03-11,175.6644744873047,176.18284606933594,171.56455993652344,171.76248168945312,2891756
2022-03-14,172.92176818847656,174.56173706054688,172.2148895263672,172.66729736328125,3185228
2022-03-15,174.486328125,177.3515625,174.16587829589844,176.993408203125,4162091
2022-03-16,178.6993408203125,180.2544708251953,175.79641723632812,180.047119140625,4384795
2022-03-17,178.7464599609375,181.53628540039062,178.3223419189453,180.8953857421875,3345864
2022-03-18,180.7445831298828,183.71347045898438,178.88784790039062,183.5249786376953,9282265
2022-03-21,182.4410858154297,183.23280334472656,180.5089569091797,181.92271423339844,3714137
2022-03-22,182.0358123779297,184.65599060058594,182.0358123779297,183.81715393066406,2514040
2022-03-23,183.26107788085938,183.7511749267578,180.9707794189453,181.2818145751953,1926882
2022-03-24,182.07351684570312,183.5249786376953,181.00848388671875,183.4967041015625,2331866
2022-03-25,184.11875915527344,186.95570373535156,184.09048461914062,186.41847229003906,2698229
2022-03-28,185.7587127685547,185.9943389892578,183.08200073242188,185.77757263183594,3470001
2022-03-29,187.63430786132812,187.92648315429688,183.62864685058594,186.18284606933594,3554668
2022-03-30,185.7869873046875,186.7860565185547,184.439208984375,185.24034118652344,2575578
2022-03-31,185.3628692626953,186.8143310546875,183.36474609375,183.3930206298828,3475836
2022-04-01,184.6371307373047,184.83506774902344,182.3751220703125,184.75965881347656,2426083
2022-04-04,184.0998992919922,185.32516479492188,182.31857299804688,184.79736328125,2176323
2022-04-05,183.44956970214844,185.1743621826172,181.9886932373047,182.49765014648438,2433722
2022-04-06,180.88595581054688,183.8548583984375,180.14137268066406,182.48822021484375,3121993
2022-04-07,181.4326171875,182.46937561035156,177.6060333251953,181.62110900878906,2335792
2022-04-08,181.90386962890625,182.2714385986328,178.8972625732422,179.22714233398438,3053346
2022-04-11,179.33082580566406,180.2544708251953,177.87936401367188,178.3883056640625,2865443
2022-04-12,179.9246063232422,181.80018615722656,179.0763397216797,180.00942993164062,3287827
2022-04-13,180.80113220214844,183.79830932617188,180.32044982910156,183.6475067138672,2537169
2022-04-14,183.94911193847656,185.39114379882812,183.7040557861328,183.96795654296875,4536624
2022-04-18,183.1197052001953,184.6182861328125,180.1508026123047,181.02732849121094,2077438
2022-04-19,181.96983337402344,186.01319885253906,181.4985809326172,185.86239624023438,3544483
2022-04-20,186.7860565185547,188.03016662597656,184.74081420898438,185.0518341064453,2782897
2022-04-21,186.57870483398438,189.0574951171875,184.22242736816406,184.67483520507812,2565710
2022-04-22,183.41188049316406,183.43072509765625,179.40621948242188,179.6701202392578,3226289
2022-04-25,179.3873748779297,180.8671112060547,176.55984497070312,180.7917022705078,2543748
2022-04-26,178.61451721191406,179.88690185546875,176.7860565185547,176.8802947998047,3022789
2022-04-27,175.7210235595703,177.92648315429688,175.08010864257812,175.6361846923828,3239764
2022-04-28,176.98397827148438,179.70782470703125,174.5994415283203,179.00094604492188,3633395
2022-04-29,188.6804962158203,190.3769989013672,181.78134155273438,182.38453674316406,7690659
2022-05-02,183.30819702148438,189.36851501464844,180.8953857421875,185.55136108398438,7532676
2022-05-03,185.03298950195312,186.94627380371094,184.02450561523438,185.7115936279297,5686748
2022-05-04,186.13572692871094,194.53346252441406,186.00376892089844,194.01507568359375,5818206
2022-05-05,191.9886932373047,192.90292358398438,185.1743621826172,186.49388122558594,6110299
2022-05-06,185.9377899169922,186.0697479248047,182.05467224121094,184.19415283203125,3845913
2022-05-09,183.89254760742188,184.54287719726562,181.3006591796875,182.8086700439453,4012065
2022-05-10,184.9952850341797,185.9001007080078,181.16871643066406,183.5720977783203,5058318
2022-05-11,183.62864685058594,185.5419464111328,180.41470336914062,180.98020935058594,3484218
2022-05-12,180.0,183.55325317382812,177.84165954589844,181.82846069335938,4233708
2022-05-13,182.29029846191406,183.74176025390625,179.952880859375,182.4033966064453,3434881
2022-05-16,182.46937561035156,184.0622100830078,181.2723846435547,182.8086700439453,2784276
2022-05-17,184.70310974121094,188.5485382080078,184.54287719726562,187.61546325683594,2890058
2022-05-18,186.39019775390625,187.2667236328125,182.13949584960938,182.72384643554688,3380240
2022-05-19,180.98963928222656,183.98680114746094,177.30442810058594,181.57398986816406,3316898
2022-05-20,182.4033966064453,183.04429626464844,175.09896850585938,178.84071350097656,4121030
2022-05-23,180.87652587890625,181.13101196289062,177.66258239746094,178.6804962158203,3953286
2022-05-24,178.42601013183594,179.7926483154297,174.2601318359375,179.0386505126953,3015786
2022-05-25,178.24693298339844,180.1790771484375,175.966064453125,179.4910430908203,2665232
2022-05-26,180.28274536132812,183.01602172851562,180.1979217529297,181.99810791015625,2375155
2022-05-27,183.77944946289062,185.09896850585938,182.8840789794922,185.06126403808594,2383430
2022-05-31,182.43167114257812,184.15646362304688,180.5560760498047,182.48822021484375,3717107
2022-06-01,183.317626953125,183.5249786376953,179.4439239501953,180.87652587890625,2505339
2022-06-02,182.6484375,185.86239624023438,181.01791381835938,185.7115936279297,2663747
2022-06-03,184.11875915527344,184.89161682128906,182.47879028320312,183.61923217773438,2392449
2022-06-06,185.28746032714844,185.64561462402344,183.30819702148438,183.96795654296875,1682958
2022-06-07,182.49765014648438,186.6069793701172,181.1027374267578,186.25823974609375,2260036
2022-06-08,185.3345947265625,185.560791015625,182.48822021484375,183.3364715576172,1791817
2022-06-09,182.13006591796875,184.3355255126953,180.81997680664062,180.9707794189453,1776963
2022-06-10,177.49293518066406,177.84165954589844,175.50424194335938,175.57022094726562,3054301
2022-06-13,171.87559509277344,175.41941833496094,171.84732055664062,173.81715393066406,5054922
2022-06-14,174.49575805664062,176.26766967773438,171.95098876953125,172.74269104003906,3663103
2022-06-15,173.81715393066406,176.51272583007812,172.2714385986328,174.3355255126953,3160931
2022-06-16,171.39491271972656,171.9132843017578,168.7464599609375,169.53817749023438,4698320
2022-06-17,169.0857696533203,171.885009765625,167.94532775878906,169.36851501464844,5977250
2022-06-21,171.3006591796875,171.4514617919922,169.09519958496094,170.1319580078125,3114566
2022-06-22,168.19981384277344,169.4344940185547,166.04147338867188,167.51177978515625,3084009
2022-06-23,167.04052734375,168.3411865234375,162.9783172607422,164.53346252441406,3536737
2022-06-24,166.34307861328125,169.78321838378906,165.59849548339844,169.6701202392578,4408773
2022-06-27,170.5843505859375,170.72572326660156,167.2007598876953,168.03958129882812,2759343
2022-06-28,169.15174865722656,171.02732849121094,165.64561462402344,165.83412170410156,3375147
2022-06-29,165.92837524414062,166.33364868164062,161.5551300048828,163.24221801757812,2576426
2022-06-30,161.41375732421875,164.39208984375,160.39585876464844,163.81715393066406,3047404
2022-07-01,163.66635131835938,165.28746032714844,161.7059326171875,165.04241943359375,2093459
2022-07-05,163.74176025390625,163.74176025390625,159.24598693847656,162.196044921875,3549682
2022-07-06,162.83694458007812,164.2318572998047,161.24411010742188,163.25164794921875,2336216
2022-07-07,164.19415283203125,164.19415283203125,161.41375732421875,163.79830932617188,2924859
2022-07-08,163.89254760742188,164.3072509765625,161.6588134765625,163.37417602539062,1713303
2022-07-11,164.9481658935547,164.98585510253906,162.196044921875,162.90292358398438,3420876
2022-07-12,161.84732055664062,166.6540985107422,161.84732055664062,163.62864685058594,2925814
2022-07-13,160.9613494873047,162.4222412109375,160.1036834716797,161.0461883544922,2118923
2022-07-14,159.01979064941406,160.0188446044922,157.7285614013672,159.76437377929688,1935476
2022-07-15,161.19699096679688,163.006591796875,160.34872436523438,162.86521911621094,2321999
2022-07-18,163.1856689453125,164.2130126953125,160.72572326660156,161.12158203125,1758077
2022-07-19,162.9783172607422,167.4740753173828,162.8557891845703,167.04052734375,2605179
2022-07-20,166.64466857910156,168.3694610595703,166.05088806152344,168.0113067626953,1749377
2022-07-21,168.0113067626953,169.8680419921875,166.92742919921875,169.67955017089844,1966776
2022-07-22,170.12252807617188,172.3751220703125,169.8397674560547,171.03675842285156,2469053
2022-07-25,171.3195037841797,171.95098876953125,169.99057006835938,170.83883666992188,2059613
2022-07-26,171.20640563964844,172.9783172607422,170.03770446777344,170.98963928222656,2465870
2022-07-27,169.9811553955078,174.38265991210938,169.22714233398438,173.10084533691406,3719972
2022-07-28,178.23751831054688,180.47125244140625,176.13572692871094,179.4910430908203,3876788
2022-07-29,179.52874755859375,182.02638244628906,178.00189208984375,181.39491271972656,3084751
2022-08-01,180.4052734375,182.05467224121094,179.9246063232422,180.95193481445312,2475631
2022-08-02,180.14137268066406,180.34872436523438,177.81338500976562,178.24693298339844,3538966
2022-08-03,178.47314453125,180.87652587890625,177.00282287597656,180.49009704589844,2689741
2022-08-04,180.14137268066406,181.7342071533203,179.4910430908203,181.3760528564453,1804973
2022-08-05,180.5560760498047,181.76248168945312,179.34024047851562,181.21583557128906,1961471
2022-08-08,183.02545166015625,184.22242736816406,181.9886932373047,182.81809997558594,2204440
2022-08-09,183.38360595703125,183.7040557861328,182.28086853027344,182.9311981201172,2420778
2022-08-10,185.61734008789062,186.91799926757812,185.08010864257812,185.8906707763672,2800616
2022-08-11,185.67388916015625,188.1432647705078,185.67388916015625,187.09707641601562,2538655
2022-08-12,187.86993408203125,189.42506408691406,186.8426055908203,189.32139587402344,2395526
2022-08-15,189.09519958496094,191.0461883544922,187.97361755371094,190.62205505371094,2448682
2022-08-16,188.8972625732422,192.51649475097656,188.55796813964844,191.96041870117188,1762533
2022-08-17,190.2073516845703,192.2431640625,189.67955017089844,191.12158203125,1762533
2022-08-18,190.8671112060547,192.2714385986328,190.7445831298828,192.00753784179688,1601261
2022-08-19,190.9707794189453,191.15928649902344,189.3119659423828,189.9717254638672,2165183
2022-08-22,188.10556030273438,188.1903839111328,185.98492431640625,186.46559143066406,2745868
2022-08-23,186.95570373535156,187.398681640625,185.80584716796875,186.19227600097656,1705664
2022-08-24,185.42884826660156,187.1159210205078,185.03298950195312,186.41847229003906,1434260
2022-08-25,187.76625061035156,188.97267150878906,186.54100036621094,188.9066925048828,1731022
2022-08-26,187.7851104736328,188.91612243652344,181.84732055664062,181.96041870117188,3010057
2022-08-29,181.69651794433594,182.7521209716797,180.2073516845703,181.35720825195312,2223538
2022-08-30,180.9236602783203,181.94155883789062,178.40716552734375,179.73609924316406,2359664
2022-08-31,181.4985809326172,181.58340454101562,178.1432647705078,178.46371459960938,2789687
2022-09-01,178.27520751953125,180.1508026123047,177.70028686523438,179.76437377929688,2379399
2022-09-02,181.9886932373047,182.30914306640625,175.52308654785156,176.1451416015625,2916052
2022-09-06,176.3524932861328,177.5966033935547,173.76060485839844,174.92930603027344,2704383
2022-09-07,175.21206665039062,178.8501434326172,175.14608764648438,178.21865844726562,2487302
2022-09-08,177.51177978515625,177.51177978515625,173.83599853515625,177.0216827392578,3720397
2022-09-09,178.23751831054688,180.9707794189453,177.9547576904297,180.66917419433594,3087404
2022-09-12,182.0923614501953,182.53533935546875,180.3769989013672,180.98963928222656,2935469
2022-09-13,177.67201232910156,179.11404418945312,174.0056610107422,174.34495544433594,5154869
2022-09-14,174.5994415283203,174.5994415283203,167.94532775878906,169.6230010986328,5251844
2022-09-15,168.84071350097656,169.641845703125,166.0697479248047,166.69180297851562,3662678
2022-09-16,163.58152770996094,167.4269561767578,162.601318359375,167.15362548828125,6809392
2022-09-19,165.88124084472656,168.7747344970703,165.6361846923828,168.3600311279297,2563588
2022-09-20,166.8614501953125,167.34213256835938,165.0047149658203,166.8331756591797,2630007
2022-09-21,167.68142700195312,169.30255126953125,164.26956176757812,164.2789764404297,2658229
2022-09-22,163.56268310546875,164.70310974121094,162.13006591796875,163.2893524169922,2365924
2022-09-23,162.84637451171875,164.2789764404297,160.1508026123047,161.52685546875,3397640
2022-09-26,161.66824340820312,162.4222412109375,159.15174865722656,160.29217529296875,3471168
2022-09-27,161.03675842285156,162.54476928710938,158.6993408203125,160.29217529296875,2856636
2022-09-28,161.97926330566406,164.71253967285156,160.63148498535156,163.83599853515625,3265546
2022-09-29,163.3930206298828,163.3930206298828,158.4448699951172,160.29217529296875,3307137
2022-09-30,160.32044982910156,161.35720825195312,157.04995727539062,157.3704071044922,4042728
2022-10-03,160.29217529296875,164.35438537597656,159.35910034179688,163.09141540527344,3585119
2022-10-04,164.844482421875,168.15267944335938,164.77850341796875,167.94532775878906,3916469
2022-10-05,166.46559143066406,169.4344940185547,164.9481658935547,167.58718872070312,3119552
2022-10-06,166.15457153320312,167.4740753173828,163.86427307128906,164.9764404296875,2757751
2022-10-07,163.60980224609375,164.14703369140625,160.57493591308594,161.5551300048828,3142258
2022-10-10,162.87464904785156,163.80772399902344,160.3393096923828,162.00753784179688,2049958
2022-10-11,161.54571533203125,165.65504455566406,160.9613494873047,163.63807678222656,3085706
2022-10-12,164.0527801513672,164.93873596191406,162.29971313476562,162.8557891845703,2894408
2022-10-13,159.6606903076172,168.1338348388672,159.4910430908203,167.34213256835938,3419603
2022-10-14,167.9076385498047,168.25636291503906,163.83599853515625,164.14703369140625,3151488
2022-10-17,167.44580078125,168.70877075195312,166.00376892089844,166.8614501953125,3647612
2022-10-18,169.8209228515625,170.7445831298828,167.4269561767578,169.53817749023438,2099295
2022-10-19,169.18002319335938,170.4335479736328,167.70970153808594,168.97267150878906,1790968
2022-10-20,169.04806518554688,170.42413330078125,166.92742919921875,167.4269561767578,2851438
2022-10-21,166.8143310546875,172.77096557617188,166.37135314941406,172.29971313476562,3140348
2022-10-24,173.9019775390625,177.2667236328125,173.27049255371094,176.15457153320312,3470531
2022-10-25,175.92837524414062,178.94439697265625,175.49481201171875,178.7464599609375,3084433
2022-10-26,180.6126251220703,181.8567352294922,178.8501434326172,179.33082580566406,4459277
2022-10-27,182.2431640625,188.10556030273438,181.71536254882812,185.19320678710938,5043994
2022-10-28,187.5589141845703,193.36474609375,185.3817138671875,193.14797973632812,5191155
2022-10-31,190.77285766601562,193.20452880859375,190.65975952148438,192.29029846191406,4703837
2022-11-01,192.69557189941406,193.2893524169922,189.93402099609375,191.42318725585938,4643573
2022-11-02,191.64938354492188,194.9952850341797,188.5485382080078,188.94439697265625,4978955
2022-11-03,188.8501434326172,194.20358276367188,187.71913146972656,192.63902282714844,4937576
2022-11-04,194.439208984375,196.0697479248047,192.46937561035156,195.9001007080078,4376625
2022-11-07,195.7587127685547,198.15267944335938,195.2309112548828,197.70970153808594,2834674
2022-11-08,197.2949981689453,200.16964721679688,196.87088012695312,199.2082977294922,2791809
2022-11-09,197.92648315429688,199.37794494628906,196.4561767578125,196.63525390625,3225864
2022-11-10,202.49765014648438,202.7050018310547,199.01036071777344,202.4505157470703,4620231
2022-11-11,202.25259399414062,202.601318359375,199.29312133789062,200.49952697753906,4484635
2022-11-14,200.54666137695312,203.65692138671875,199.65127563476562,200.75401306152344,3261514
2022-11-15,202.9783172607422,203.76060485839844,200.83883666992188,203.04429626464844,2511811
2022-11-16,203.35533142089844,203.79830932617188,201.0461883544922,201.69651794433594,2596161
2022-11-17,200.047119140625,202.99717712402344,199.83035278320312,202.17718505859375,2853347
2022-11-18,203.94911193847656,204.85391235351562,200.90480041503906,202.196044921875,3156157
2022-11-21,202.63902282714844,204.73138427734375,201.5551300048828,204.1093292236328,2489637
2022-11-22,204.6465606689453,206.41847229003906,204.52403259277344,206.18284606933594,2669900
2022-11-23,206.21112060546875,207.99246215820312,205.74929809570312,206.32421875,2850589
2022-11-25,205.22149658203125,208.25636291503906,205.22149658203125,207.398681640625,1188214
2022-11-28,207.0688018798828,207.5494842529297,203.08200073242188,203.36474609375,2803799
2022-11-29,203.50611877441406,204.91989135742188,202.8086700439453,204.2601318359375,2229904
2022-11-30,203.8831329345703,207.9641876220703,201.4043426513672,206.92742919921875,4960175
2022-12-01,207.61546325683594,207.9359130859375,203.91140747070312,204.89161682128906,4233814
2022-12-02,202.47879028320312,207.2196044921875,202.3751220703125,206.4844512939453,2328152
2022-12-05,205.2309112548828,206.02261352539062,202.8275146484375,203.20452880859375,3265546
2022-12-06,203.83599853515625,204.2789764404297,199.2082977294922,200.93307495117188,2672022
2022-12-07,201.66824340820312,201.78134155273438,199.8209228515625,201.17813110351562,3165494
2022-12-08,201.5551300048828,202.25259399414062,200.00942993164062,201.08387756347656,2301840
2022-12-09,201.08387756347656,202.15834045410156,199.24598693847656,199.4627685546875,2397860
2022-12-12,199.96229553222656,202.25259399414062,198.925537109375,202.1677703857422,3551167
2022-12-13,206.92742919921875,207.31385803222656,200.88595581054688,202.601318359375,3660238
2022-12-14,203.78887939453125,205.34400939941406,200.80113220214844,202.3751220703125,2701200
2022-12-15,200.65032958984375,201.4326171875,196.0697479248047,196.95570373535156,3417905
2022-12-16,195.42884826660156,198.19981384277344,194.37322998046875,197.68142700195312,7563339
2022-12-19,197.22903442382812,200.12252807617188,196.39019775390625,197.3704071044922,3278278
2022-12-20,197.52120971679688,200.52780151367188,197.1913299560547,199.33082580566406,1990330
2022-12-21,200.71630859375,202.92176818847656,200.51837158203125,202.7332763671875,2785337
2022-12-22,202.0169677734375,202.2714385986328,196.97454833984375,200.1036834716797,2355420
2022-12-23,199.81149291992188,202.36569213867188,199.30255126953125,201.57398986816406,1380043
2022-12-27,201.60226440429688,203.37417602539062,201.42318725585938,202.53533935546875,1550121
2022-12-28,203.5155487060547,204.0622100830078,199.8209228515625,199.99057006835938,1705345
2022-12-29,200.83883666992188,202.87464904785156,200.5372314453125,202.4033966064453,1994574
2022-12-30,201.6776580810547,202.1677703857422,199.7455291748047,201.97926330566406,1697600
