trade_date,open,high,low,close,volume
2018-01-02,158.22000122070312,158.85000610351562,157.00999450683594,158.72000122070312,1436100
2018-01-03,158.22999572753906,159.3300018310547,157.74000549316406,159.16000366210938,1410900
2018-01-04,159.4600067138672,163.82000732421875,159.4600067138672,162.00999450683594,1695000
2018-01-05,162.8000030517578,164.5500030517578,162.5,164.11000061035156,1071900
2018-01-08,164.02999877929688,164.52999877929688,163.33999633789062,164.2100067138672,1185800
2018-01-09,164.13999938964844,165.1300048828125,162.77000427246094,164.85000610351562,1098300
2018-01-10,164.3800048828125,164.5800018310547,162.5500030517578,163.50999450683594,1095400
2018-01-11,163.52000427246094,164.27999877929688,162.25,163.0,813700
2018-01-12,163.0800018310547,164.94000244140625,162.92999267578125,164.50999450683594,651800
2018-01-16,165.0,166.49000549316406,161.8300018310547,162.2899932861328,1385000
2018-01-17,163.8800048828125,164.67999267578125,162.92999267578125,164.2899932861328,903200
2018-01-18,163.88999938964844,164.9600067138672,163.61000061035156,164.39999389648438,980800
2018-01-19,164.94000244140625,167.82000732421875,164.6199951171875,167.74000549316406,1555400
2018-01-22,167.75,168.8000030517578,167.13999938964844,168.6699981689453,1042600
2018-01-23,169.0,169.7899932861328,167.75,168.4600067138672,1058800
2018-01-24,168.63999938964844,169.5800018310547,166.88999938964844,167.5500030517578,860600
2018-01-25,168.02999877929688,168.77999877929688,166.27999877929688,167.82000732421875,740000
2018-01-26,168.5399932861328,170.58999633789062,168.19000244140625,170.44000244140625,751700
2018-01-29,169.9600067138672,170.42999267578125,168.27000427246094,169.2100067138672,939800
2018-01-30,169.7100067138672,170.0,167.3300018310547,168.5,1189200
2018-01-31,168.60000610351562,168.97999572753906,166.97000122070312,167.89999389648438,1314500
2018-02-01,167.55999755859375,168.4499969482422,164.9199981689453,165.64999389648438,1499900
2018-02-02,164.49000549316406,166.41000366210938,163.41000366210938,163.4199981689453,1412900
2018-02-05,162.66000366210938,163.99000549316406,157.63999938964844,157.64999389648438,1678300
2018-02-06,155.2100067138672,160.91000366210938,152.61000061035156,160.8699951171875,2205500
2018-02-07,159.75,165.30999755859375,159.13999938964844,161.2899932861328,1673500
2018-02-08,161.27999877929688,161.27999877929688,152.66000366210938,152.75,1615100
2018-02-09,152.72000122070312,158.3800048828125,150.42999267578125,157.05999755859375,2175700
2018-02-12,159.2100067138672,160.77999877929688,157.5,159.3800048828125,1484900
2018-02-13,156.92999267578125,160.1999969482422,155.02000427246094,159.36000061035156,1264500
2018-02-14,158.85000610351562,164.05999755859375,158.1300048828125,163.89999389648438,1235400
2018-02-15,164.72999572753906,169.32000732421875,163.3800048828125,169.30999755859375,1237600
2018-02-16,169.02000427246094,173.0,168.80999755859375,171.69000244140625,1700500
2018-02-20,171.0,174.5500030517578,170.5500030517578,173.57000732421875,1819800
2018-02-21,174.5,176.25999450683594,173.2100067138672,173.32000732421875,1460400
2018-02-22,173.88999938964844,177.50999450683594,171.5800018310547,172.10000610351562,2068800
2018-02-23,167.89999389648438,172.3000030517578,164.85000610351562,171.77999877929688,3189900
2018-02-26,171.75,172.86000061035156,169.92999267578125,172.6699981689453,2290700
2018-02-27,172.36000061035156,173.16000366210938,170.25999450683594,170.35000610351562,1740400
2018-02-28,171.3800048828125,172.11000061035156,166.8000030517578,166.86000061035156,1672300
2018-03-01,167.39999389648438,168.13999938964844,163.24000549316406,164.33999633789062,1794300
2018-03-02,162.83999633789062,169.2100067138672,162.58999633789062,168.83999633789062,1896100
2018-03-05,167.58999633789062,171.41000366210938,167.0,170.17999267578125,1301800
2018-03-06,170.89999389648438,171.08999633789062,168.7899932861328,169.4600067138672,1262600
2018-03-07,168.5800018310547,171.16000366210938,168.25999450683594,170.66000366210938,1352300
2018-03-08,171.0399932861328,171.6199951171875,169.82000732421875,171.47000122070312,817700
2018-03-09,172.3800048828125,177.25999450683594,172.02000427246094,177.1699981689453,1761600
2018-03-12,177.42999267578125,178.61000061035156,176.5399932861328,177.3300018310547,1990600
2018-03-13,177.6699981689453,179.1699981689453,176.57000732421875,177.67999267578125,1679200
2018-03-14,178.8000030517578,178.99000549316406,176.25999450683594,177.2899932861328,1021600
2018-03-15,177.27000427246094,178.4199981689453,176.72000122070312,177.92999267578125,1230900
2018-03-16,178.16000366210938,179.3000030517578,177.50999450683594,178.58999633789062,1654800
2018-03-19,177.33999633789062,177.57000732421875,173.47999572753906,175.74000549316406,1292900
2018-03-20,176.13999938964844,178.99000549316406,175.24000549316406,178.14999389648438,1451000
2018-03-21,177.60000610351562,178.8800048828125,175.80999755859375,176.66000366210938,1256500
2018-03-22,174.77999877929688,177.08999633789062,174.0,174.8300018310547,1531700
2018-03-23,174.8000030517578,176.6699981689453,169.83999633789062,169.8699951171875,1751500
2018-03-26,173.00999450683594,174.66000366210938,171.63999938964844,174.52999877929688,2560700
2018-03-27,176.1199951171875,177.08999633789062,172.16000366210938,173.25,1746500
2018-03-28,173.44000244140625,174.05999755859375,170.3800048828125,170.92999267578125,1592700
2018-03-29,172.30999755859375,175.14999389648438,169.8800048828125,173.35000610351562,1244000
2018-04-02,173.00999450683594,173.8699951171875,167.7100067138672,169.8800048828125,1797200
2018-04-03,170.77000427246094,170.77000427246094,167.6699981689453,170.47000122070312,1400100
2018-04-04,168.38999938964844,173.7899932861328,167.42999267578125,173.0500030517578,2024000
2018-04-05,174.19000244140625,174.61000061035156,171.05999755859375,171.8300018310547,2026800
2018-04-06,169.9199981689453,171.22999572753906,166.52000427246094,167.67999267578125,1995800
2018-04-09,168.77000427246094,172.16000366210938,168.0,169.38999938964844,1684200
2018-04-10,172.13999938964844,172.13999938964844,169.82000732421875,171.30999755859375,1663100
2018-04-11,169.6999969482422,172.88999938964844,169.11000061035156,171.58999633789062,812300
2018-04-12,172.17999267578125,174.1699981689453,171.05999755859375,173.6300048828125,708200
2018-04-13,174.66000366210938,174.66000366210938,171.11000061035156,171.99000549316406,678300
2018-04-16,173.35000610351562,175.74000549316406,172.74000549316406,175.3000030517578,852300
2018-04-17,176.61000061035156,181.5,175.57000732421875,181.0,1909100
2018-04-18,181.1300048828125,181.97000122070312,177.64999389648438,181.19000244140625,1775000
2018-04-19,180.75999450683594,181.97000122070312,178.94000244140625,179.41000366210938,1150500
2018-04-20,178.3300018310547,179.9499969482422,177.07000732421875,178.1300048828125,1264700
2018-04-23,179.10000610351562,181.85000610351562,178.64999389648438,180.3000030517578,943700
2018-04-24,181.19000244140625,182.92999267578125,176.77000427246094,178.57000732421875,1220300
2018-04-25,178.1699981689453,179.77999877929688,174.36000061035156,176.3699951171875,1505000
2018-04-26,180.77999877929688,186.38999938964844,180.75,185.17999267578125,2036400
2018-04-27,185.4499969482422,186.83999633789062,184.17999267578125,186.58999633789062,1110300
2018-04-30,187.1999969482422,188.55999755859375,184.72000122070312,184.7899932861328,1444300
2018-05-01,184.82000732421875,187.50999450683594,184.3699951171875,187.24000549316406,1001200
2018-05-02,187.17999267578125,188.0500030517578,185.25,185.92999267578125,1190400
2018-05-03,184.89999389648438,187.61000061035156,183.02000427246094,186.3800048828125,1245200
2018-05-04,185.97999572753906,190.49000549316406,185.33999633789062,189.4499969482422,1191100
2018-05-07,190.52999877929688,191.3000030517578,188.6999969482422,189.55999755859375,1103000
2018-05-08,188.27999877929688,190.39999389648438,188.14999389648438,190.1699981689453,1108700
2018-05-09,190.64999389648438,193.67999267578125,189.85000610351562,192.6699981689453,932800
2018-05-10,194.5399932861328,194.74000549316406,192.75,194.3000030517578,924400
2018-05-11,194.19000244140625,196.27999877929688,193.4600067138672,194.1999969482422,1208100
2018-05-14,194.6300048828125,195.99000549316406,191.9600067138672,192.58999633789062,1090000
2018-05-15,190.47000122070312,190.8800048828125,188.61000061035156,189.77000427246094,2066200
2018-05-16,190.3800048828125,191.42999267578125,188.8000030517578,190.41000366210938,1572700
2018-05-17,189.80999755859375,191.1999969482422,188.47000122070312,189.77999877929688,991100
2018-05-18,189.27999877929688,191.0399932861328,188.25,190.5399932861328,1305400
2018-05-21,192.2100067138672,192.75,190.88999938964844,191.69000244140625,1297200
2018-05-22,192.5800018310547,192.66000366210938,189.72999572753906,190.5399932861328,1934100
2018-05-23,187.25999450683594,196.97000122070312,187.2100067138672,196.22999572753906,2200300
2018-05-24,195.5,198.1999969482422,194.66000366210938,197.7899932861328,2051000
2018-05-25,197.17999267578125,199.47999572753906,196.52999877929688,197.08999633789062,1399600
2018-05-29,195.6699981689453,198.35000610351562,194.82000732421875,196.6999969482422,1850500
2018-05-30,198.0500030517578,201.58999633789062,197.8300018310547,201.10000610351562,1532200
2018-05-31,200.89999389648438,203.44000244140625,200.16000366210938,201.60000610351562,2822900
2018-06-01,202.27999877929688,204.25,201.0,204.0800018310547,1296400
2018-06-04,204.22999572753906,207.13999938964844,203.9499969482422,207.0,1548300
2018-06-05,207.25,208.5,206.22000122070312,208.22999572753906,1344700
2018-06-06,208.2899932861328,209.5399932861328,206.91000366210938,209.5,1722200
2018-06-07,209.3699951171875,209.3699951171875,203.35000610351562,206.25999450683594,1231000
2018-06-08,206.10000610351562,207.19000244140625,204.5,206.25999450683594,1108100
2018-06-11,206.72999572753906,206.97999572753906,205.8300018310547,206.36000061035156,766000
2018-06-12,206.7899932861328,207.74000549316406,205.97999572753906,207.49000549316406,1093300
2018-06-13,207.27000427246094,209.42999267578125,207.0500030517578,207.7899932861328,1090800
2018-06-14,208.8300018310547,210.1300048828125,207.75,209.0800018310547,797600
2018-06-15,208.63999938964844,210.19000244140625,206.7100067138672,208.9600067138672,2175400
2018-06-18,207.67999267578125,209.8300018310547,205.8000030517578,209.16000366210938,1205400
2018-06-19,209.82000732421875,210.85000610351562,207.1199951171875,210.61000061035156,1824100
2018-06-20,210.85000610351562,213.75999450683594,210.16000366210938,213.52000427246094,1235800
2018-06-21,214.25,216.6300048828125,209.42999267578125,209.8000030517578,1693500
2018-06-22,209.77000427246094,210.47000122070312,205.8300018310547,205.97999572753906,2316100
2018-06-25,204.8699951171875,205.0,200.00999450683594,201.74000549316406,2058200
2018-06-26,201.94000244140625,203.41000366210938,201.5,202.11000061035156,1638000
2018-06-27,202.42999267578125,203.97000122070312,198.02999877929688,198.22000122070312,1276400
2018-06-28,198.4499969482422,204.75,198.4499969482422,204.02000427246094,1467800
2018-06-29,204.36000061035156,206.52000427246094,203.30999755859375,204.30999755859375,1268100
2018-07-02,203.00999450683594,206.19000244140625,201.7100067138672,205.44000244140625,1974400
2018-07-03,206.9499969482422,206.9499969482422,204.36000061035156,204.75999450683594,776700
2018-07-05,206.5500030517578,207.94000244140625,203.8000030517578,205.05999755859375,1341800
2018-07-06,205.67999267578125,208.38999938964844,204.47000122070312,208.14999389648438,1384200
2018-07-09,209.22000122070312,209.7899932861328,206.50999450683594,207.72999572753906,1109400
2018-07-10,208.1300048828125,209.3000030517578,207.55999755859375,208.4600067138672,998300
2018-07-11,207.60000610351562,209.52999877929688,207.5500030517578,209.19000244140625,966800
2018-07-12,210.6999969482422,213.86000061035156,209.9499969482422,213.72000122070312,1656900
2018-07-13,213.9199981689453,214.36000061035156,212.24000549316406,213.7100067138672,870300
2018-07-16,213.5500030517578,214.9199981689453,213.42999267578125,214.4600067138672,623300
2018-07-17,213.5399932861328,216.99000549316406,210.92999267578125,216.47999572753906,725800
2018-07-18,216.0,218.61000061035156,215.0800018310547,218.30999755859375,878500
2018-07-19,217.50999450683594,218.1699981689453,215.13999938964844,215.99000549316406,1136000
2018-07-20,216.0399932861328,216.58999633789062,215.11000061035156,215.27999877929688,776100
2018-07-23,215.2899932861328,217.75,215.02000427246094,217.38999938964844,770200
2018-07-24,218.14999389648438,219.4600067138672,215.33999633789062,215.8000030517578,966500
2018-07-25,216.0,217.5,215.42999267578125,217.25,1338700
2018-07-26,217.61000061035156,219.33999633789062,216.25,216.63999938964844,1062900
2018-07-27,217.5,218.19000244140625,209.32000732421875,212.30999755859375,1284100
2018-07-30,208.05999755859375,212.16000366210938,202.39999389648438,202.67999267578125,1780000
2018-07-31,204.1999969482422,206.4199981689453,201.85000610351562,204.24000549316406,2225500
2018-08-01,203.91000366210938,205.6199951171875,203.30999755859375,204.25999450683594,1264700
2018-08-02,202.6999969482422,205.80999755859375,202.38999938964844,205.72999572753906,1427900
2018-08-03,206.7899932861328,206.99000549316406,203.9199981689453,205.14999389648438,936100
2018-08-06,204.5399932861328,207.99000549316406,204.35000610351562,207.47999572753906,936000
2018-08-07,207.74000549316406,210.16000366210938,207.7100067138672,209.47999572753906,1221400
2018-08-08,209.6999969482422,210.5800018310547,208.11000061035156,210.0399932861328,808900
2018-08-09,212.61000061035156,212.83999633789062,210.6199951171875,211.19000244140625,812900
2018-08-10,209.58999633789062,212.7100067138672,209.11000061035156,211.00999450683594,918100
2018-08-13,211.38999938964844,212.74000549316406,209.3000030517578,209.57000732421875,995500
2018-08-14,210.0,211.5,208.61000061035156,210.69000244140625,1065400
2018-08-15,209.50999450683594,211.58999633789062,207.10000610351562,209.47000122070312,952100
2018-08-16,210.69000244140625,211.1699981689453,208.8699951171875,209.69000244140625,958300
2018-08-17,209.0500030517578,210.5,206.2100067138672,207.88999938964844,2001200
2018-08-20,208.82000732421875,208.82000732421875,207.07000732421875,207.39999389648438,2210600
2018-08-21,208.41000366210938,210.38999938964844,208.02000427246094,209.00999450683594,2091500
2018-08-22,209.00999450683594,210.38999938964844,208.58999633789062,209.69000244140625,1797400
2018-08-23,210.30999755859375,213.4600067138672,210.00999450683594,212.4499969482422,2073500
2018-08-24,212.85000610351562,217.36000061035156,211.4600067138672,216.6300048828125,2736600
2018-08-27,216.63999938964844,217.4600067138672,210.22000122070312,211.97000122070312,2418600
2018-08-28,212.32000732421875,216.02999877929688,212.2100067138672,215.92999267578125,1618900
2018-08-29,215.60000610351562,218.75,215.44000244140625,217.89999389648438,1517100
2018-08-30,217.1699981689453,219.2100067138672,216.35000610351562,218.6300048828125,1246800
2018-08-31,217.97000122070312,219.77999877929688,217.60000610351562,219.47000122070312,1341100
2018-09-04,219.94000244140625,221.1199951171875,218.05999755859375,220.74000549316406,1200600
2018-09-05,220.60000610351562,221.08999633789062,214.7100067138672,218.69000244140625,1837100
2018-09-06,218.41000366210938,220.8000030517578,216.61000061035156,219.86000061035156,1456700
2018-09-07,218.27999877929688,221.5800018310547,217.17999267578125,220.32000732421875,1604600
2018-09-10,220.6199951171875,225.1199951171875,220.07000732421875,224.72000122070312,1567400
2018-09-11,224.11000061035156,226.7899932861328,223.7100067138672,226.02000427246094,1595300
2018-09-12,226.2100067138672,226.92999267578125,223.08999633789062,225.67999267578125,1001000
2018-09-13,226.33999633789062,228.3800048828125,225.92999267578125,227.77999877929688,1543200
2018-09-14,228.72999572753906,229.86000061035156,226.8300018310547,227.5399932861328,1434400
2018-09-17,227.50999450683594,228.22000122070312,225.2100067138672,225.47000122070312,1515300
2018-09-18,225.7899932861328,229.6199951171875,225.2100067138672,228.17999267578125,1331100
2018-09-19,227.75999450683594,228.41000366210938,219.05999755859375,220.8800048828125,2072200
2018-09-20,222.02000427246094,222.42999267578125,220.47000122070312,221.4499969482422,1366000
2018-09-21,222.50999450683594,223.52000427246094,219.75999450683594,220.44000244140625,5539700
2018-09-24,219.47999572753906,221.97000122070312,217.69000244140625,218.89999389648438,1505500
2018-09-25,219.0,221.97999572753906,219.0,221.9600067138672,2041500
2018-09-26,222.64999389648438,224.60000610351562,221.05999755859375,222.17999267578125,1452500
2018-09-27,222.67999267578125,224.30999755859375,222.49000549316406,222.82000732421875,890700
2018-09-28,223.88999938964844,227.92999267578125,223.5,227.39999389648438,1593400
2018-10-01,228.85000610351562,229.8000030517578,226.6199951171875,227.72000122070312,1110400
2018-10-02,227.8699951171875,228.57000732421875,224.57000732421875,227.6199951171875,1276100
2018-10-03,230.0,231.83999633789062,228.52999877929688,231.32000732421875,1646400
2018-10-04,230.27000427246094,230.77000427246094,223.39999389648438,224.6699981689453,1533700
2018-10-05,225.0399932861328,226.75999450683594,220.33999633789062,222.30999755859375,1343000
2018-10-08,222.4199981689453,222.69000244140625,213.97999572753906,217.33999633789062,1842100
2018-10-09,218.8000030517578,221.47999572753906,217.33999633789062,220.66000366210938,1721900
2018-10-10,219.5,220.00999450683594,204.2100067138672,204.44000244140625,2826000
2018-10-11,204.63999938964844,208.55999755859375,199.0,200.69000244140625,2918800
2018-10-12,208.19000244140625,212.39999389648438,205.5800018310547,211.82000732421875,2602200
2018-10-15,211.69000244140625,211.69000244140625,207.57000732421875,208.77999877929688,1220200
2018-10-16,211.6300048828125,215.86000061035156,209.69000244140625,214.9199981689453,1591000
2018-10-17,215.44000244140625,218.9499969482422,213.25,218.8300018310547,2167000
2018-10-18,217.44000244140625,218.1199951171875,212.39999389648438,212.67999267578125,1727400
2018-10-19,214.97000122070312,215.9499969482422,210.13999938964844,211.10000610351562,1725900
2018-10-22,212.02000427246094,214.63999938964844,209.1699981689453,213.27000427246094,1334800
2018-10-23,209.52999877929688,210.33999633789062,204.32000732421875,208.8699951171875,1591300
2018-10-24,208.22999572753906,211.16000366210938,201.27000427246094,201.42999267578125,1533000
2018-10-25,204.32000732421875,208.19000244140625,202.7899932861328,207.66000366210938,1367400
2018-10-26,200.97000122070312,205.30999755859375,199.5500030517578,202.02000427246094,1399400
2018-10-29,206.35000610351562,208.1999969482422,196.39999389648438,200.6699981689453,1534300
2018-10-30,200.8800048828125,204.2100067138672,199.4600067138672,202.8000030517578,1486900
2018-10-31,205.38999938964844,212.77000427246094,205.08999633789062,211.0,1589600
2018-11-01,210.80999755859375,212.58999633789062,207.80999755859375,212.36000061035156,1411600
2018-11-02,212.9499969482422,215.72999572753906,211.67999267578125,212.97999572753906,2165800
2018-11-05,213.94000244140625,214.8699951171875,211.32000732421875,214.44000244140625,1361300
2018-11-06,213.82000732421875,216.14999389648438,211.3699951171875,213.6999969482422,1228300
2018-11-07,215.69000244140625,221.88999938964844,215.02000427246094,221.8800048828125,1146400
2018-11-08,220.7100067138672,223.30999755859375,220.07000732421875,223.24000549316406,920600
2018-11-09,222.88999938964844,223.41000366210938,219.0500030517578,222.1699981689453,1588100
2018-11-12,221.47999572753906,221.47999572753906,212.6199951171875,212.8699951171875,1651800
2018-11-13,213.92999267578125,216.3800048828125,212.0500030517578,212.83999633789062,1569800
2018-11-14,214.8699951171875,216.30999755859375,208.1699981689453,209.3800048828125,1189400
2018-11-15,208.7899932861328,215.19000244140625,207.6699981689453,214.5399932861328,1342800
2018-11-16,213.00999450683594,214.35000610351562,210.42999267578125,211.44000244140625,1606200
2018-11-19,210.0500030517578,211.14999389648438,196.27000427246094,199.24000549316406,3277600
2018-11-20,197.61000061035156,198.97999572753906,190.7100067138672,195.17999267578125,4439900
2018-11-21,198.35000610351562,200.57000732421875,194.3300018310547,198.39999389648438,2578600
2018-11-23,195.6199951171875,197.92999267578125,195.0,197.0500030517578,1622700
2018-11-26,202.07000732421875,202.0800018310547,199.61000061035156,201.4199981689453,2151400
2018-11-27,199.6999969482422,199.7100067138672,195.52999877929688,198.75,1781400
2018-11-28,199.32000732421875,209.02000427246094,199.32000732421875,208.9199981689453,2284600
2018-11-29,206.9600067138672,209.9499969482422,205.13999938964844,209.19000244140625,1899500
2018-11-30,210.41000366210938,214.8800048828125,209.00999450683594,214.52999877929688,2692500
2018-12-03,217.72000122070312,219.85000610351562,211.50999450683594,213.52000427246094,2120200
2018-12-04,212.66000366210938,214.11000061035156,205.39999389648438,207.64999389648438,1726000
2018-12-06,203.1999969482422,211.57000732421875,199.39999389648438,211.5500030517578,2659600
2018-12-07,210.2100067138672,212.25,202.1999969482422,202.4600067138672,1767600
2018-12-10,202.9600067138672,207.00999450683594,201.27999877929688,206.7899932861328,1584400
2018-12-11,210.0,210.42999267578125,204.05999755859375,206.11000061035156,1594600
2018-12-12,210.11000061035156,212.9600067138672,208.6699981689453,209.17999267578125,1480100
2018-12-13,206.86000061035156,211.1699981689453,204.7100067138672,208.44000244140625,2405900
2018-12-14,205.47999572753906,206.5800018310547,200.35000610351562,200.92999267578125,2277800
2018-12-17,200.2899932861328,201.52000427246094,195.7899932861328,197.49000549316406,2636300
2018-12-18,199.02999877929688,200.75,196.0,198.1300048828125,1984500
2018-12-19,198.57000732421875,202.8800048828125,193.32000732421875,195.57000732421875,1889400
2018-12-20,194.49000549316406,196.2100067138672,188.07000732421875,192.05999755859375,2181200
2018-12-21,192.77999877929688,194.99000549316406,184.99000549316406,185.80999755859375,3323100
2018-12-24,185.0,188.3800048828125,182.61000061035156,182.75,1007900
2018-12-26,184.1300048828125,192.86000061035156,183.07000732421875,192.8000030517578,1987700
2018-12-27,189.55999755859375,197.38999938964844,187.83999633789062,197.24000549316406,2730900
2018-12-28,197.74000549316406,199.49000549316406,194.4499969482422,195.85000610351562,1340200
2018-12-31,197.3699951171875,198.75999450683594,195.42999267578125,196.85000610351562,1074200
2019-01-02,191.5,195.80999755859375,191.11000061035156,194.47000122070312,1485600
2019-01-03,191.25,193.24000549316406,188.2100067138672,188.52000427246094,2015900
2019-01-04,191.80999755859375,198.27999877929688,189.75999450683594,196.0,1736400
2019-01-07,195.3300018310547,200.41000366210938,195.3300018310547,198.99000549316406,1175400
2019-01-08,200.8300018310547,203.86000061035156,198.0800018310547,203.75999450683594,1654000
2019-01-09,204.05999755859375,205.0,200.33999633789062,202.66000366210938,1643200
2019-01-10,201.75,207.2899932861328,201.11000061035156,206.05999755859375,1507300
2019-01-11,205.44000244140625,207.0,204.05999755859375,206.14999389648438,1479600
2019-01-14,203.75,206.33999633789062,202.91000366210938,205.14999389648438,1058000
2019-01-15,205.3800048828125,210.25,205.3800048828125,209.80999755859375,1559900
2019-01-16,210.99000549316406,214.3800048828125,209.25,209.99000549316406,1340700
2019-01-17,208.50999450683594,212.11000061035156,208.50999450683594,211.72999572753906,1106400
2019-01-18,214.17999267578125,215.32000732421875,210.88999938964844,213.8699951171875,1623000
2019-01-22,212.83999633789062,215.82000732421875,210.8699951171875,212.33999633789062,1656500
2019-01-23,213.0,216.49000549316406,209.89999389648438,212.24000549316406,1454700
2019-01-24,212.33999633789062,213.57000732421875,210.27000427246094,212.16000366210938,966200
2019-01-25,214.60000610351562,215.50999450683594,212.75999450683594,214.3000030517578,1127500
2019-01-28,212.8300018310547,212.89999389648438,209.75,211.0500030517578,972500
2019-01-29,211.2100067138672,211.8699951171875,207.69000244140625,208.3300018310547,995700
2019-01-30,209.72000122070312,214.64999389648438,209.60000610351562,214.10000610351562,1251400
2019-01-31,213.60000610351562,217.39999389648438,213.3000030517578,215.82000732421875,2792300
2019-02-01,215.74000549316406,216.86000061035156,212.6699981689453,214.4499969482422,1935000
2019-02-04,216.8800048828125,222.36000061035156,215.55999755859375,220.91000366210938,2256000
2019-02-05,221.42999267578125,225.47000122070312,221.19000244140625,224.49000549316406,1818200
2019-02-06,224.14999389648438,224.85000610351562,221.0800018310547,224.5800018310547,915900
2019-02-07,222.16000366210938,223.44000244140625,220.5,220.97000122070312,1166400
2019-02-08,219.30999755859375,224.91000366210938,218.8300018310547,224.8300018310547,1400600
2019-02-11,226.8300018310547,227.32000732421875,224.66000366210938,225.47000122070312,1472900
2019-02-12,227.5800018310547,229.25999450683594,225.80999755859375,228.9600067138672,1394900
2019-02-13,230.0,230.5,228.13999938964844,228.58999633789062,1133100
2019-02-14,227.64999389648438,231.39999389648438,226.50999450683594,230.77999877929688,1356200
2019-02-15,233.33999633789062,233.72999572753906,231.30999755859375,233.32000732421875,1142500
2019-02-19,233.36000061035156,234.77000427246094,232.61000061035156,234.6300048828125,1398700
2019-02-20,235.74000549316406,236.47000122070312,233.72000122070312,235.97000122070312,1904400
2019-02-21,235.02999877929688,236.75999450683594,232.97000122070312,235.02999877929688,2289200
2019-02-22,236.72000122070312,251.57000732421875,236.72000122070312,250.94000244140625,3333700
2019-02-25,247.10000610351562,249.66000366210938,245.1199951171875,247.72000122070312,2876900
2019-02-26,246.3000030517578,249.32000732421875,245.41000366210938,248.91000366210938,1306900
2019-02-27,247.5500030517578,249.8699951171875,246.47999572753906,249.85000610351562,1524800
2019-02-28,249.35000610351562,250.41000366210938,246.8800048828125,247.1300048828125,1677800
2019-03-01,250.0,252.02000427246094,248.6300048828125,250.41000366210938,1943100
2019-03-04,250.67999267578125,252.1999969482422,245.02999877929688,249.0,1447400
2019-03-05,248.19000244140625,248.83999633789062,245.88999938964844,247.08999633789062,1357500
2019-03-06,247.33999633789062,249.0399932861328,244.72000122070312,246.91000366210938,800400
2019-03-07,246.1699981689453,247.47000122070312,244.25999450683594,245.42999267578125,960700
2019-03-08,242.82000732421875,246.0800018310547,240.00999450683594,245.8800048828125,1080600
2019-03-11,247.4600067138672,250.74000549316406,246.52999877929688,250.5399932861328,1467700
2019-03-12,249.75999450683594,251.8800048828125,248.39999389648438,250.3000030517578,1326200
2019-03-13,251.08999633789062,255.75999450683594,251.08999633789062,253.64999389648438,1374100
2019-03-14,252.9600067138672,256.9100036621094,252.88999938964844,256.7699890136719,1497500
2019-03-15,256.5,259.8599853515625,256.260009765625,258.1300048828125,3496100
2019-03-18,258.25,259.75,256.4200134277344,257.7200012207031,1427000
2019-03-19,258.6199951171875,259.25,254.5800018310547,256.05999755859375,1477200
2019-03-20,256.17999267578125,257.6700134277344,253.92999267578125,255.99000549316406,1129000
2019-03-21,254.6300048828125,260.7099914550781,254.6300048828125,260.6199951171875,1177000
2019-03-22,258.3599853515625,259.6400146484375,252.47000122070312,252.67999267578125,1544900
2019-03-25,252.36000061035156,254.11000061035156,250.72000122070312,253.8300018310547,1525900
2019-03-26,255.66000366210938,257.510009765625,254.27999877929688,255.99000549316406,916900
2019-03-27,257.7200012207031,258.260009765625,253.1300048828125,255.3800048828125,966800
2019-03-28,256.54998779296875,259.739990234375,255.17999267578125,259.2200012207031,1285900
2019-03-29,260.239990234375,261.6300048828125,258.9800109863281,261.4100036621094,1418300
2019-04-01,264.5199890136719,266.32000732421875,261.32000732421875,265.75,1245700
2019-04-02,269.1300048828125,269.17999267578125,264.82000732421875,268.260009765625,1255800
2019-04-03,270.2300109863281,272.1400146484375,268.4200134277344,269.0799865722656,1957100
2019-04-04,269.3500061035156,269.92999267578125,258.6099853515625,262.6300048828125,1945600
2019-04-05,263.4200134277344,264.6600036621094,260.989990234375,261.70001220703125,1119800
2019-04-08,261.79998779296875,262.2699890136719,257.6199951171875,260.760009765625,1630400
2019-04-09,258.4200134277344,261.2099914550781,258.4200134277344,258.8999938964844,1019900
2019-04-10,259.9200134277344,261.0,257.7300109863281,259.0899963378906,2061500
2019-04-11,260.739990234375,260.739990234375,258.7099914550781,259.5899963378906,1329700
2019-04-12,260.92999267578125,261.8399963378906,258.2900085449219,260.05999755859375,2117700
2019-04-15,260.489990234375,261.54998779296875,259.69000244140625,260.8800048828125,1595600
2019-04-16,261.79998779296875,262.1099853515625,256.1400146484375,257.989990234375,1043400
2019-04-17,259.7200012207031,260.04998779296875,255.14999389648438,256.2699890136719,1803700
2019-04-18,258.2200012207031,258.2200012207031,254.60000610351562,257.7699890136719,1370900
2019-04-22,256.1099853515625,261.760009765625,255.8300018310547,261.5899963378906,1068900
2019-04-23,262.0199890136719,266.4200134277344,262.0199890136719,265.67999267578125,1520400
2019-04-24,266.4100036621094,267.3399963378906,263.8599853515625,264.0400085449219,1025900
2019-04-25,264.010009765625,264.3900146484375,260.44000244140625,263.8399963378906,987200
2019-04-26,246.4199981689453,253.86000061035156,238.3000030517578,253.5800018310547,5424300
2019-04-29,252.77000427246094,255.1999969482422,246.08999633789062,247.72999572753906,2419500
2019-04-30,248.3800048828125,251.7100067138672,247.67999267578125,251.05999755859375,1480900
2019-05-01,252.49000549316406,252.6699981689453,243.57000732421875,243.85000610351562,1372100
2019-05-02,243.60000610351562,247.89999389648438,243.11000061035156,245.9499969482422,1463400
2019-05-03,246.11000061035156,250.17999267578125,246.0399932861328,248.86000061035156,1202900
2019-05-06,244.00999450683594,248.94000244140625,243.52999877929688,248.47999572753906,854900
2019-05-07,245.0,247.02999877929688,241.61000061035156,244.41000366210938,1439500
2019-05-08,243.4199981689453,245.9499969482422,241.9199981689453,244.1199951171875,2088900
2019-05-09,241.7899932861328,243.1199951171875,237.72000122070312,241.3000030517578,1646300
2019-05-10,240.55999755859375,245.60000610351562,237.66000366210938,244.6300048828125,1407800
2019-05-13,237.94000244140625,241.11000061035156,236.02999877929688,236.92999267578125,1256400
2019-05-14,238.41000366210938,243.35000610351562,238.10000610351562,240.99000549316406,1704800
2019-05-15,239.55999755859375,244.38999938964844,239.0399932861328,243.13999938964844,985600
2019-05-16,244.0,249.41000366210938,244.0,247.5500030517578,1044500
2019-05-17,245.60000610351562,249.75999450683594,245.1300048828125,245.4499969482422,1294000
2019-05-20,242.6699981689453,245.32000732421875,240.6300048828125,243.69000244140625,957400
2019-05-21,245.75999450683594,247.13999938964844,244.0500030517578,246.0800018310547,979300
2019-05-22,244.82000732421875,248.10000610351562,244.82000732421875,247.52999877929688,865500
2019-05-23,245.0800018310547,246.63999938964844,240.13999938964844,241.30999755859375,1552100
2019-05-24,251.24000549316406,258.3999938964844,248.64999389648438,257.4800109863281,2702600
2019-05-28,256.3999938964844,259.260009765625,254.1699981689453,255.6999969482422,3059700
2019-05-29,253.9600067138672,255.57000732421875,248.5800018310547,249.6199951171875,1674900
2019-05-30,250.0,251.49000549316406,245.86000061035156,248.0800018310547,1154700
2019-05-31,245.1999969482422,246.66000366210938,243.58999633789062,244.85000610351562,1362000
2019-06-03,245.1999969482422,248.55999755859375,236.75,238.07000732421875,1638600
2019-06-04,241.0500030517578,247.30999755859375,237.77999877929688,247.10000610351562,1664300
2019-06-05,249.41000366210938,252.47999572753906,248.30999755859375,252.1199951171875,1130100
2019-06-06,252.83999633789062,254.3800048828125,250.11000061035156,253.1999969482422,1055600
2019-06-07,254.02999877929688,260.6000061035156,253.80999755859375,257.4700012207031,1222000
2019-06-10,259.8599853515625,263.9700012207031,259.2300109863281,260.5199890136719,1157400
2019-06-11,262.79998779296875,264.0,254.9499969482422,256.7300109863281,1209400
2019-06-12,256.7200012207031,258.79998779296875,255.63999938964844,257.3900146484375,825900
2019-06-13,258.80999755859375,259.3999938964844,255.97999572753906,257.19000244140625,1756100
2019-06-14,256.3699951171875,257.3399963378906,253.9499969482422,254.1300048828125,1234200
2019-06-17,254.02999877929688,256.239990234375,253.35000610351562,254.74000549316406,1282100
2019-06-18,257.30999755859375,259.3500061035156,256.1499938964844,258.2200012207031,1216300
2019-06-19,259.2900085449219,263.3900146484375,258.04998779296875,262.6499938964844,1032800
2019-06-20,265.79998779296875,268.42999267578125,263.989990234375,266.6600036621094,1750600
2019-06-21,267.8399963378906,268.07000732421875,261.4700012207031,261.510009765625,1856900
2019-06-24,263.07000732421875,264.1199951171875,261.3699951171875,262.3399963378906,1188500
2019-06-25,262.70001220703125,262.70001220703125,256.6499938964844,257.489990234375,1015400
2019-06-26,259.2900085449219,260.489990234375,256.3800048828125,256.5,1293500
2019-06-27,257.6600036621094,259.20001220703125,256.1099853515625,257.989990234375,1459600
2019-06-28,258.1000061035156,262.010009765625,257.75,261.3299865722656,1478900
2019-07-01,266.0299987792969,266.9800109863281,263.3699951171875,264.20001220703125,973100
2019-07-02,265.1600036621094,266.3599853515625,262.70001220703125,266.3299865722656,720200
2019-07-03,267.8999938964844,270.7699890136719,265.7699890136719,270.1700134277344,774700
2019-07-05,269.0,270.8299865722656,265.20001220703125,270.5400085449219,894800
2019-07-08,269.4599914550781,271.30999755859375,267.7900085449219,271.1300048828125,863800
2019-07-09,269.9200134277344,270.8699951171875,268.8599853515625,270.67999267578125,1135500
2019-07-10,273.05999755859375,275.9200134277344,272.70001220703125,274.80999755859375,1132200
2019-07-11,275.95001220703125,278.79998779296875,274.1700134277344,278.2200012207031,1867300
2019-07-12,278.4100036621094,281.8399963378906,278.2300109863281,281.6499938964844,1199700
2019-07-15,282.0,282.760009765625,280.0,282.54998779296875,990800
2019-07-16,281.5,282.95001220703125,280.6499938964844,280.8800048828125,1156000
2019-07-17,280.8999938964844,282.3699951171875,280.1099853515625,280.6300048828125,797100
2019-07-18,279.9800109863281,283.0299987792969,279.0299987792969,282.8800048828125,1224000
2019-07-19,284.54998779296875,284.54998779296875,278.6400146484375,279.32000732421875,1599100
2019-07-22,280.4100036621094,282.489990234375,279.1700134277344,281.1499938964844,723400
2019-07-23,282.29998779296875,283.0799865722656,278.2799987792969,281.8999938964844,1245800
2019-07-24,281.1700134277344,282.6400146484375,279.7099914550781,281.3599853515625,1413900
2019-07-25,279.9800109863281,282.42999267578125,279.1600036621094,281.6000061035156,868200
2019-07-26,282.1600036621094,284.9700012207031,281.45001220703125,283.7699890136719,788700
2019-07-29,284.2900085449219,284.8800048828125,279.5199890136719,281.3500061035156,1267400
2019-07-30,279.4800109863281,281.8399963378906,278.3699951171875,279.6199951171875,767100
2019-07-31,278.7699890136719,281.3399963378906,275.1499938964844,277.30999755859375,1147600
2019-08-01,278.6099853515625,283.510009765625,277.07000732421875,277.9599914550781,1272600
2019-08-02,278.04998779296875,278.6499938964844,273.17999267578125,274.6400146484375,1494500
2019-08-05,268.9800109863281,269.739990234375,261.94000244140625,263.5299987792969,1774500
2019-08-06,266.739990234375,270.6400146484375,264.8699951171875,270.0899963378906,1201900
2019-08-07,265.8699951171875,269.489990234375,263.79998779296875,268.57000732421875,1221800
2019-08-08,270.8599853515625,276.8299865722656,270.6300048828125,276.70001220703125,1107000
2019-08-09,276.0799865722656,278.82000732421875,274.510009765625,276.57000732421875,1279200
2019-08-12,274.7300109863281,276.2200012207031,271.489990234375,272.6499938964844,968200
2019-08-13,272.3800048828125,279.5400085449219,271.8699951171875,279.1499938964844,1241700
2019-08-14,274.9100036621094,276.3299865722656,267.32000732421875,267.8900146484375,1239300
2019-08-15,269.6000061035156,270.69000244140625,265.8800048828125,268.44000244140625,1244600
2019-08-16,271.2699890136719,274.44000244140625,269.1600036621094,270.9599914550781,1044200
2019-08-19,274.9800109863281,275.9599914550781,271.6499938964844,274.2300109863281,1222000
2019-08-20,273.2200012207031,274.6099853515625,271.2200012207031,272.8399963378906,1062200
2019-08-21,275.3699951171875,277.8299865722656,274.5400085449219,276.239990234375,925400
2019-08-22,277.0,278.0,271.6000061035156,275.7099914550781,1558800
2019-08-23,290.3699951171875,295.7699890136719,277.989990234375,278.739990234375,3381800
2019-08-26,280.0,282.8999938964844,275.6099853515625,282.7699890136719,2004400
2019-08-27,283.1000061035156,284.989990234375,281.3599853515625,283.2099914550781,1778000
2019-08-28,281.0799865722656,282.9800109863281,273.79998779296875,281.94000244140625,1482100
2019-08-29,284.7699890136719,288.6000061035156,283.3500061035156,286.94000244140625,1209600
2019-08-30,287.25,288.989990234375,283.9700012207031,288.3599853515625,1080100
2019-09-03,285.30999755859375,289.0,282.1400146484375,284.20001220703125,1399400
2019-09-04,285.6199951171875,286.3999938964844,281.6199951171875,286.30999755859375,945600
2019-09-05,289.3500061035156,292.92999267578125,287.1600036621094,292.30999755859375,1092400
2019-09-06,293.3900146484375,293.4599914550781,287.2300109863281,287.79998779296875,1298900
2019-09-09,288.7799987792969,288.7799987792969,273.5799865722656,275.8999938964844,2141500
2019-09-10,273.79998779296875,274.510009765625,263.8800048828125,267.55999755859375,2095300
2019-09-11,267.70001220703125,269.82000732421875,265.0199890136719,266.1300048828125,1306700
2019-09-12,268.5,271.20001220703125,267.3299865722656,268.25,1329500
2019-09-13,267.30999755859375,270.010009765625,264.70001220703125,265.2200012207031,1031000
2019-09-16,262.80999755859375,267.2300109863281,261.69000244140625,265.82000732421875,803000
2019-09-17,265.8299865722656,268.70001220703125,265.5199890136719,268.5400085449219,935900
2019-09-18,269.3900146484375,269.3900146484375,263.82000732421875,268.2699890136719,846800
2019-09-19,268.760009765625,272.4200134277344,268.6099853515625,270.0199890136719,903700
2019-09-20,269.9800109863281,272.9100036621094,267.4599914550781,269.17999267578125,1584200
2019-09-23,268.3900146484375,270.989990234375,268.2099914550781,269.0,803500
2019-09-24,270.760009765625,271.6700134277344,264.010009765625,264.8500061035156,1169500
2019-09-25,264.3299865722656,267.1000061035156,260.3500061035156,266.42999267578125,983000
2019-09-26,267.0799865722656,270.6300048828125,266.4200134277344,269.7200012207031,1182300
2019-09-27,271.32000732421875,271.32000732421875,259.260009765625,263.19000244140625,1020100
2019-09-30,263.5,267.2699890136719,262.4100036621094,265.94000244140625,1135600
2019-10-01,267.69000244140625,268.2699890136719,263.3800048828125,264.29998779296875,1007300
2019-10-02,263.2099914550781,263.2099914550781,255.47000122070312,260.45001220703125,1375000
2019-10-03,259.42999267578125,263.5400085449219,255.41000366210938,263.0,1270300
2019-10-04,264.04998779296875,267.8299865722656,262.010009765625,267.0899963378906,1312900
2019-10-07,264.8999938964844,268.1000061035156,264.8599853515625,266.760009765625,1551300
2019-10-08,265.3299865722656,266.20001220703125,260.989990234375,260.989990234375,1340000
2019-10-09,262.8699951171875,265.1199951171875,262.3699951171875,264.0,864200
2019-10-10,262.3599853515625,268.94000244140625,262.3599853515625,267.5299987792969,1177400
2019-10-11,270.3999938964844,273.80999755859375,269.4200134277344,270.07000732421875,1068600
2019-10-14,269.989990234375,271.6600036621094,268.8999938964844,269.05999755859375,1024300
2019-10-15,270.05999755859375,274.1099853515625,269.1000061035156,273.5,1042100
2019-10-16,271.5199890136719,271.69000244140625,265.80999755859375,269.1499938964844,1065500
2019-10-17,269.8500061035156,270.7900085449219,263.7300109863281,266.5299987792969,879800
2019-10-18,267.6700134277344,267.6700134277344,260.5400085449219,262.4700012207031,1551800
2019-10-21,264.4800109863281,264.5,258.5799865722656,262.20001220703125,1040400
2019-10-22,260.739990234375,263.54998779296875,253.17999267578125,253.3300018310547,1482400
2019-10-23,253.3300018310547,258.9700012207031,252.5399932861328,255.97000122070312,1227800
2019-10-24,257.1300048828125,260.8399963378906,255.83999633789062,258.8999938964844,1071500
2019-10-25,259.1300048828125,260.2799987792969,256.70001220703125,257.6700134277344,1185800
2019-10-28,259.2099914550781,259.55999755859375,256.2699890136719,258.6099853515625,1027100
2019-10-29,258.489990234375,261.0899963378906,257.95001220703125,258.489990234375,953200
2019-10-30,259.760009765625,261.6700134277344,258.239990234375,260.2900085449219,1665800
2019-10-31,260.1400146484375,261.57000732421875,257.1400146484375,257.5,890100
2019-11-01,259.9100036621094,260.8800048828125,256.239990234375,256.4800109863281,1108700
2019-11-04,258.1700134277344,258.6099853515625,253.77999877929688,254.05999755859375,1410900
2019-11-05,254.39999389648438,255.6300048828125,250.41000366210938,253.16000366210938,1918900
2019-11-06,253.25,255.3300018310547,251.99000549316406,253.4199981689453,1430600
2019-11-07,253.0,260.9700012207031,252.7899932861328,259.3500061035156,1401400
2019-11-08,258.5199890136719,259.510009765625,255.44000244140625,256.8500061035156,1357200
2019-11-11,255.64999389648438,259.3999938964844,255.47000122070312,258.0299987792969,963900
2019-11-12,258.6499938964844,262.3699951171875,258.0,259.9800109863281,1227800
2019-11-13,259.7799987792969,262.92999267578125,259.0,261.75,1242800
2019-11-14,261.44000244140625,264.9700012207031,260.54998779296875,264.7799987792969,974300
2019-11-15,266.3500061035156,266.8999938964844,263.8599853515625,266.04998779296875,1484300
2019-11-18,266.9599914550781,268.7300109863281,264.0400085449219,268.3999938964844,1945000
2019-11-19,269.8500061035156,272.5199890136719,267.9599914550781,272.260009765625,1334100
2019-11-20,271.4100036621094,274.5899963378906,270.5400085449219,273.4800109863281,1448800
2019-11-21,275.1099853515625,275.70001220703125,269.54998779296875,271.1499938964844,1308100
2019-11-22,267.9200134277344,270.0,255.25,259.80999755859375,4071600
2019-11-25,260.8599853515625,261.010009765625,256.3399963378906,257.07000732421875,2428600
2019-11-26,257.4100036621094,266.5,257.0,265.8800048828125,2081500
2019-11-27,267.2799987792969,267.5899963378906,260.69000244140625,262.1499938964844,1164200
2019-11-29,261.3399963378906,262.4200134277344,258.3399963378906,258.8900146484375,721500
2019-12-02,259.1099853515625,259.92999267578125,252.64999389648438,256.54998779296875,1486200
2019-12-03,253.19000244140625,256.3699951171875,252.36000061035156,253.67999267578125,1302400
2019-12-04,255.3699951171875,255.5800018310547,252.94000244140625,254.25,1526100
2019-12-05,254.77999877929688,255.67999267578125,252.16000366210938,253.77999877929688,1248700
2019-12-06,254.77000427246094,256.2900085449219,253.72999572753906,256.17999267578125,1029400
2019-12-09,256.0,256.8800048828125,255.41000366210938,255.77000427246094,1086900
2019-12-10,256.07000732421875,256.8699951171875,252.13999938964844,252.32000732421875,975400
2019-12-11,254.13999938964844,255.61000061035156,247.8000030517578,251.89999389648438,1588900
2019-12-12,251.3699951171875,255.69000244140625,250.02000427246094,252.75,1102300
2019-12-13,252.55999755859375,260.6600036621094,250.02999877929688,259.6400146484375,1965200
2019-12-16,260.7799987792969,264.1199951171875,260.75,263.5,1948500
2019-12-17,265.0,265.0,259.1400146484375,260.3999938964844,1778700
2019-12-18,261.2699890136719,264.260009765625,260.0,263.20001220703125,1453400
2019-12-19,263.0400085449219,264.55999755859375,262.3699951171875,264.04998779296875,1352900
2019-12-20,265.8399963378906,267.4700012207031,264.42999267578125,267.1000061035156,2361500
2019-12-23,268.0299987792969,268.95001220703125,266.2200012207031,266.2799987792969,1411500
2019-12-24,266.6000061035156,267.2099914550781,264.2900085449219,264.3299865722656,417100
2019-12-26,264.44000244140625,267.8999938964844,264.3800048828125,266.8699951171875,691600
2019-12-27,267.4599914550781,267.4599914550781,264.489990234375,267.05999755859375,637900
2019-12-30,267.1600036621094,267.8800048828125,262.4200134277344,262.8399963378906,995500
2019-12-31,262.70001220703125,264.04998779296875,260.3599853515625,261.92999267578125,1007900
2020-01-02,261.0799865722656,266.6000061035156,261.0799865722656,266.1600036621094,1124500
2020-01-03,261.6099853515625,265.3699951171875,261.44000244140625,264.3800048828125,798500
2020-01-06,261.8900146484375,266.6300048828125,261.7699890136719,266.4100036621094,1026100
2020-01-07,266.80999755859375,267.5199890136719,265.3500061035156,266.4700012207031,915100
2020-01-08,268.0,274.7699890136719,266.79998779296875,272.8800048828125,1373900
2020-01-09,274.0,277.2699890136719,273.57000732421875,274.8999938964844,1076300
2020-01-10,276.489990234375,276.5,273.8299865722656,275.25,1127400
2020-01-13,276.3299865722656,277.8500061035156,274.8299865722656,276.0400085449219,1697600
2020-01-14,275.6300048828125,276.30999755859375,272.0899963378906,272.67999267578125,1216400
2020-01-15,273.82000732421875,276.0799865722656,272.6099853515625,273.0,1147300
2020-01-16,274.6400146484375,276.8900146484375,273.30999755859375,276.8699951171875,834700
2020-01-17,278.489990234375,283.0,276.3500061035156,282.8500061035156,2172700
2020-01-21,281.80999755859375,285.260009765625,281.5400085449219,285.010009765625,1636000
2020-01-22,286.1300048828125,291.489990234375,285.8800048828125,290.2799987792969,2611200
2020-01-23,289.7300109863281,292.67999267578125,288.3599853515625,288.5799865722656,1659500
2020-01-24,290.0,293.0,287.260009765625,288.0799865722656,1089900
2020-01-27,281.4800109863281,285.9800109863281,281.010009765625,283.760009765625,881200
2020-01-28,284.4100036621094,288.5299987792969,282.94000244140625,288.1600036621094,840900
2020-01-29,289.3399963378906,289.739990234375,283.8900146484375,285.9200134277344,858100
2020-01-30,284.19000244140625,286.8399963378906,282.45001220703125,286.6300048828125,785000
2020-01-31,285.79998779296875,286.4800109863281,279.75,280.3800048828125,1268800
2020-02-03,283.57000732421875,285.7699890136719,281.4700012207031,282.79998779296875,1042000
2020-02-04,287.1600036621094,292.79998779296875,284.45001220703125,290.9200134277344,1345700
2020-02-05,298.82000732421875,298.82000732421875,286.6199951171875,289.80999755859375,1060700
2020-02-06,291.8500061035156,294.3299865722656,289.80999755859375,294.2099914550781,1000700
2020-02-07,293.1700134277344,295.7699890136719,291.1000061035156,294.7099914550781,921600
2020-02-10,295.04998779296875,298.0199890136719,294.0899963378906,297.739990234375,1139800
2020-02-11,299.8999938964844,299.9599914550781,296.5,296.9200134277344,903500
2020-02-12,297.0,298.8699951171875,294.6300048828125,298.6499938964844,792300
2020-02-13,297.2900085449219,300.54998779296875,296.8500061035156,297.8399963378906,721200
2020-02-14,298.55999755859375,304.44000244140625,297.4599914550781,304.2900085449219,855300
2020-02-18,303.95001220703125,304.8299865722656,302.0199890136719,303.57000732421875,888200
2020-02-19,305.5,306.8900146484375,304.3999938964844,305.6099853515625,791600
2020-02-20,304.3900146484375,306.19000244140625,297.489990234375,301.239990234375,900900
2020-02-21,300.6000061035156,303.989990234375,295.3699951171875,297.57000732421875,1173200
2020-02-24,288.44000244140625,292.70001220703125,278.010009765625,286.42999267578125,1996800
2020-02-25,297.54998779296875,301.6400146484375,283.57000732421875,284.79998779296875,3430400
2020-02-26,286.2799987792969,290.92999267578125,278.6700134277344,280.0899963378906,2449200
2020-02-27,274.260009765625,278.5899963378906,268.3999938964844,268.7699890136719,2246700
2020-02-28,259.6199951171875,266.1199951171875,255.58999633789062,265.8500061035156,2899400
2020-03-02,266.7200012207031,281.3299865722656,263.7300109863281,281.17999267578125,2520500
2020-03-03,280.9599914550781,284.6600036621094,264.17999267578125,268.239990234375,2015100
2020-03-04,274.2200012207031,286.5199890136719,270.5199890136719,285.54998779296875,2551100
2020-03-05,276.1400146484375,290.2200012207031,275.1400146484375,287.17999267578125,2418800
2020-03-06,276.45001220703125,281.80999755859375,268.1400146484375,276.17999267578125,1913900
2020-03-09,258.260009765625,269.2300109863281,250.0,260.0400085449219,2138600
2020-03-10,270.1099853515625,270.1099853515625,257.9700012207031,269.6600036621094,2541500
2020-03-11,263.9200134277344,266.2900085449219,256.0799865722656,261.1199951171875,1848500
2020-03-12,245.08999633789062,257.9800109863281,235.9600067138672,237.94000244140625,3430300
2020-03-13,250.0,261.3999938964844,235.0,261.25,2399200
2020-03-16,232.0,244.99000549316406,222.3800048828125,223.42999267578125,2642500
2020-03-17,228.50999450683594,240.77999877929688,216.17999267578125,239.1699981689453,2901100
2020-03-18,226.0399932861328,232.27000427246094,215.07000732421875,225.07000732421875,2103300
2020-03-19,224.36000061035156,224.99000549316406,210.52000427246094,215.88999938964844,2340900
2020-03-20,217.72999572753906,219.22999572753906,199.38999938964844,201.83999633789062,3858400
2020-03-23,202.33999633789062,202.33999633789062,187.67999267578125,194.72000122070312,3415600
2020-03-24,206.16000366210938,235.55999755859375,204.33999633789062,233.82000732421875,3329600
2020-03-25,229.77999877929688,240.74000549316406,223.5399932861328,232.5800018310547,2505000
2020-03-26,234.5500030517578,249.6699981689453,228.50999450683594,248.38999938964844,2245400
2020-03-27,240.0,247.5399932861328,226.67999267578125,229.69000244140625,2143700
2020-03-30,236.99000549316406,240.44000244140625,233.22999572753906,238.0500030517578,1321100
2020-03-31,236.2899932861328,238.4199981689453,229.6199951171875,230.0,1698100
2020-04-01,224.0500030517578,228.85000610351562,216.07000732421875,218.1199951171875,1646700
2020-04-02,216.10000610351562,228.33999633789062,215.5500030517578,225.22000122070312,1584400
2020-04-03,223.85000610351562,225.22000122070312,216.8000030517578,218.38999938964844,1553400
2020-04-06,231.72999572753906,241.69000244140625,227.1699981689453,240.1199951171875,2535600
2020-04-07,247.6199951171875,248.97999572753906,239.02000427246094,239.75999450683594,1466200
2020-04-08,241.4600067138672,247.86000061035156,240.3800048828125,245.92999267578125,1223200
2020-04-09,246.80999755859375,254.94000244140625,245.8699951171875,252.10000610351562,1646900
2020-04-13,250.7100067138672,252.77000427246094,244.55999755859375,250.08999633789062,1298900
2020-04-14,257.17999267578125,262.3500061035156,252.66000366210938,261.32000732421875,1817900
2020-04-15,256.95001220703125,257.4700012207031,250.72999572753906,251.9600067138672,1198400
2020-04-16,256.1499938964844,259.4700012207031,251.83999633789062,257.44000244140625,1087700
2020-04-17,264.7300109863281,267.3299865722656,259.010009765625,265.3599853515625,1423600
2020-04-20,260.489990234375,267.9200134277344,260.3299865722656,264.0,1297300
2020-04-21,259.4800109863281,260.8800048828125,246.4199981689453,249.14999389648438,1525800
2020-04-22,254.91000366210938,265.9100036621094,252.00999450683594,263.8500061035156,1258600
2020-04-23,263.0299987792969,267.79998779296875,256.9800109863281,258.05999755859375,1309200
2020-04-24,260.17999267578125,264.8399963378906,256.5799865722656,263.6600036621094,1069900
2020-04-27,267.42999267578125,273.0799865722656,265.2200012207031,271.8299865722656,941200
2020-04-28,273.3399963378906,276.9800109863281,265.7799987792969,266.30999755859375,1000000
2020-04-29,269.9100036621094,274.94000244140625,267.69000244140625,273.42999267578125,1132400
2020-04-30,272.760009765625,275.1000061035156,268.2200012207031,269.80999755859375,1410900
2020-05-01,265.3299865722656,267.5299987792969,259.75,261.1300048828125,1193600
2020-05-04,259.0,268.010009765625,258.29998779296875,267.7799987792969,1366500
2020-05-05,270.0799865722656,277.8399963378906,269.5400085449219,274.4800109863281,1052700
2020-05-06,276.010009765625,278.239990234375,273.8900146484375,275.8699951171875,754500
2020-05-07,278.989990234375,284.0400085449219,278.25,280.79998779296875,954200
2020-05-08,282.0,282.9599914550781,277.1600036621094,280.3599853515625,1209500
2020-05-11,280.4700012207031,289.2799987792969,279.6400146484375,287.8399963378906,882200
2020-05-12,288.989990234375,289.7699890136719,280.7300109863281,281.67999267578125,933500
2020-05-13,281.5799865722656,286.1700134277344,273.54998779296875,277.1600036621094,957100
2020-05-14,274.94000244140625,280.55999755859375,270.9100036621094,280.2699890136719,912900
2020-05-15,277.239990234375,285.0799865722656,276.5899963378906,284.3900146484375,850000
2020-05-18,290.8699951171875,295.3699951171875,286.4100036621094,290.3699951171875,1187500
2020-05-19,290.8900146484375,292.9800109863281,286.5400085449219,286.75,1318200
2020-05-20,288.6300048828125,293.6300048828125,288.6300048828125,290.489990234375,1418100
2020-05-21,291.1499938964844,293.4700012207031,286.3999938964844,290.0,1358300
2020-05-22,286.17999267578125,289.6400146484375,280.5899963378906,287.6099853515625,1770100
2020-05-26,291.4599914550781,291.94000244140625,280.9700012207031,282.20001220703125,1775700
2020-05-27,283.1400146484375,283.1400146484375,271.5400085449219,281.2099914550781,1479400
2020-05-28,282.0,290.239990234375,281.3800048828125,283.8699951171875,1717800
2020-05-29,285.8599853515625,290.8699951171875,281.95001220703125,290.32000732421875,1689000
2020-06-01,289.1099853515625,291.7200012207031,288.0799865722656,289.95001220703125,1283800
2020-06-02,289.95001220703125,290.0,283.7099914550781,287.17999267578125,1132900
2020-06-03,288.55999755859375,290.7200012207031,285.6499938964844,290.1000061035156,1309700
2020-06-04,286.92999267578125,288.4599914550781,280.9599914550781,282.9200134277344,1316500
2020-06-05,280.7699890136719,289.0,275.6300048828125,288.1099853515625,1874000
2020-06-08,285.3599853515625,293.2900085449219,284.1099853515625,293.04998779296875,1067200
2020-06-09,292.6300048828125,295.25,290.6000061035156,291.25,1283000
2020-06-10,293.95001220703125,298.0,291.1000061035156,295.8699951171875,1072000
2020-06-11,293.8999938964844,294.9800109863281,277.7200012207031,277.8699951171875,1392600
2020-06-12,283.9100036621094,287.0400085449219,275.95001220703125,280.67999267578125,1173500
2020-06-15,275.0,285.1400146484375,274.19000244140625,283.1400146484375,943100
2020-06-16,289.9800109863281,293.3999938964844,285.4200134277344,288.5799865722656,1225500
2020-06-17,291.30999755859375,291.95001220703125,285.9700012207031,286.489990234375,855500
2020-06-18,285.010009765625,287.9100036621094,282.3699951171875,287.2300109863281,1127000
2020-06-19,289.5299987792969,291.989990234375,285.2699890136719,286.32000732421875,2482200
2020-06-22,285.79998779296875,294.20001220703125,285.2900085449219,294.1199951171875,1179100
2020-06-23,294.9800109863281,296.489990234375,292.44000244140625,293.8299865722656,1291400
2020-06-24,291.44000244140625,296.0,284.20001220703125,286.1300048828125,951000
2020-06-25,286.25,289.3399963378906,281.9800109863281,288.75,966600
2020-06-26,286.5,290.0,283.9200134277344,286.5199890136719,1376800
2020-06-29,285.80999755859375,289.7799987792969,281.75,287.9200134277344,965700
2020-06-30,289.1499938964844,297.9200134277344,288.0,296.19000244140625,1621800
2020-07-01,297.4100036621094,304.9200134277344,297.0199890136719,302.5799865722656,1653400
2020-07-02,304.8500061035156,307.7799987792969,303.1099853515625,305.29998779296875,1228500
2020-07-06,308.0,314.1400146484375,308.0,309.6499938964844,1161800
2020-07-07,309.17999267578125,314.7300109863281,307.19000244140625,307.92999267578125,1133100
2020-07-08,310.5400085449219,312.07000732421875,307.7699890136719,310.3800048828125,774500
2020-07-09,309.7200012207031,311.0,303.95001220703125,307.9100036621094,1027500
2020-07-10,307.7799987792969,308.6400146484375,303.0,307.54998779296875,762400
2020-07-13,309.0,311.2300109863281,296.9800109863281,297.6400146484375,1383100
2020-07-14,294.57000732421875,294.7099914550781,280.989990234375,285.3699951171875,3106100
2020-07-15,288.0299987792969,290.8800048828125,284.7699890136719,289.9700012207031,1526100
2020-07-16,287.92999267578125,288.4100036621094,281.19000244140625,285.70001220703125,1128500
2020-07-17,287.92999267578125,290.4200134277344,284.5899963378906,289.2699890136719,896300
2020-07-20,289.5,300.4100036621094,289.010009765625,298.7200012207031,1019900
2020-07-21,299.4200134277344,300.7099914550781,296.8500061035156,297.8800048828125,1042300
2020-07-22,300.1600036621094,300.1600036621094,294.2200012207031,296.44000244140625,1145100
2020-07-23,295.94000244140625,298.8800048828125,290.20001220703125,291.54998779296875,1266100
2020-07-24,290.45001220703125,291.1099853515625,286.3500061035156,288.67999267578125,1193300
2020-07-27,290.4700012207031,297.42999267578125,290.4599914550781,296.1499938964844,1227800
2020-07-28,292.2799987792969,300.6700134277344,292.2099914550781,296.79998779296875,1050300
2020-07-29,298.8699951171875,305.2200012207031,298.0199890136719,302.17999267578125,1115500
2020-07-30,297.1000061035156,305.04998779296875,295.04998779296875,303.94000244140625,867300
2020-07-31,304.7699890136719,306.489990234375,298.8699951171875,306.3699951171875,1015500
2020-08-03,309.8399963378906,313.45001220703125,308.9700012207031,311.70001220703125,1248300
2020-08-04,310.80999755859375,312.3800048828125,307.239990234375,310.6400146484375,1200900
2020-08-05,311.260009765625,312.7200012207031,308.6400146484375,310.95001220703125,863000
2020-08-06,310.3599853515625,312.4200134277344,307.8699951171875,312.2300109863281,716700
2020-08-07,311.3900146484375,312.42999267578125,306.2200012207031,309.42999267578125,752000
2020-08-10,308.1000061035156,308.75,301.010009765625,304.17999267578125,569000
2020-08-11,303.6300048828125,305.1499938964844,298.4700012207031,299.20001220703125,828300
2020-08-12,299.92999267578125,305.6000061035156,299.8800048828125,304.75,813900
2020-08-13,305.25,310.7099914550781,305.25,306.7099914550781,760800
2020-08-14,307.54998779296875,308.739990234375,304.82000732421875,305.5400085449219,596000
2020-08-17,307.8399963378906,310.0199890136719,306.8299865722656,308.010009765625,714900
2020-08-18,310.0,311.0,306.5799865722656,308.8999938964844,755800
2020-08-19,308.6700134277344,313.95001220703125,305.8599853515625,310.54998779296875,990900
2020-08-20,310.0,320.6499938964844,309.94000244140625,320.05999755859375,1083500
2020-08-21,319.8599853515625,322.6000061035156,318.3999938964844,322.2300109863281,1174500
2020-08-24,325.2699890136719,334.1499938964844,324.6300048828125,333.1199951171875,2088000
2020-08-25,332.5,337.3699951171875,329.95001220703125,336.4200134277344,1718400
2020-08-26,356.8599853515625,360.0,338.07000732421875,342.3399963378906,3108600
2020-08-27,341.8399963378906,349.510009765625,339.05999755859375,345.0,1880500
2020-08-28,346.7300109863281,347.3800048828125,343.8399963378906,346.1099853515625,1189400
2020-08-31,345.8900146484375,346.239990234375,342.1000061035156,345.3900146484375,1070800
2020-09-01,344.9200134277344,349.3299865722656,343.55999755859375,347.17999267578125,1074500
2020-09-02,348.6700134277344,355.6700134277344,347.4700012207031,354.17999267578125,1438000
2020-09-03,353.1099853515625,353.1099853515625,336.6600036621094,339.6300048828125,1570100
2020-09-04,337.760009765625,340.5299987792969,324.6099853515625,333.1099853515625,1219500
2020-09-08,320.7900085449219,329.3599853515625,319.6499938964844,320.82000732421875,1578500
2020-09-09,324.3999938964844,331.30999755859375,319.739990234375,328.2099914550781,1303200
2020-09-10,329.5799865722656,332.6600036621094,317.07000732421875,320.3900146484375,1254100
2020-09-11,323.82000732421875,325.3500061035156,311.4100036621094,315.0,955200
2020-09-14,320.1700134277344,321.25,315.7699890136719,318.30999755859375,888800
2020-09-15,321.3800048828125,324.1499938964844,319.3800048828125,322.4700012207031,1111600
2020-09-16,324.8599853515625,326.2300109863281,312.6099853515625,313.3800048828125,1668800
2020-09-17,304.9100036621094,308.3999938964844,301.3399963378906,307.2300109863281,1818200
2020-09-18,307.70001220703125,312.95001220703125,296.7699890136719,300.1300048828125,2284400
2020-09-21,296.2900085449219,308.0199890136719,295.3699951171875,307.70001220703125,1594200
2020-09-22,309.80999755859375,318.1199951171875,306.70001220703125,317.2799987792969,2099900
2020-09-23,315.3999938964844,315.9800109863281,303.05999755859375,304.92999267578125,1412100
2020-09-24,304.6700134277344,312.6300048828125,301.94000244140625,308.5899963378906,1216900
2020-09-25,309.8999938964844,318.7900085449219,307.7699890136719,318.5,1239800
2020-09-28,325.42999267578125,326.1300048828125,322.260009765625,325.54998779296875,1134300
2020-09-29,325.5400085449219,329.2200012207031,323.04998779296875,323.6400146484375,1115500
2020-09-30,323.0199890136719,329.1400146484375,319.6700134277344,326.2099914550781,1804900
2020-10-01,330.739990234375,333.9800109863281,329.8500061035156,332.3399963378906,1091400
2020-10-02,326.1600036621094,329.4800109863281,319.9100036621094,321.8900146484375,902700
2020-10-05,330.3299865722656,332.0,327.1199951171875,331.3599853515625,1296500
2020-10-06,331.30999755859375,333.8699951171875,323.9100036621094,325.3800048828125,1042400
2020-10-07,327.739990234375,336.9100036621094,327.0799865722656,334.9100036621094,1235700
2020-10-08,336.3599853515625,337.760009765625,333.260009765625,334.989990234375,788200
2020-10-09,336.6199951171875,342.20001220703125,335.7699890136719,341.80999755859375,846800
2020-10-12,345.17999267578125,353.9800109863281,342.2099914550781,350.92999267578125,1571000
2020-10-13,352.6700134277344,353.739990234375,347.510009765625,349.5899963378906,1118700
2020-10-14,351.489990234375,351.489990234375,341.2300109863281,345.29998779296875,896400
2020-10-15,341.2900085449219,343.17999267578125,338.0,341.9700012207031,790000
2020-10-16,343.7799987792969,346.82000732421875,340.95001220703125,341.1499938964844,790000
2020-10-19,343.32000732421875,344.2300109863281,334.04998779296875,335.2699890136719,822700
2020-10-20,338.3500061035156,338.9700012207031,333.45001220703125,334.510009765625,1131200
2020-10-21,335.69000244140625,336.67999267578125,331.30999755859375,332.7900085449219,816800
2020-10-22,332.94000244140625,333.9100036621094,325.30999755859375,331.82000732421875,803400
2020-10-23,333.32000732421875,334.5899963378906,330.0,334.4200134277344,721900
2020-10-26,330.9100036621094,332.1000061035156,323.44000244140625,328.0899963378906,927800
2020-10-27,330.5899963378906,333.3999938964844,329.30999755859375,330.2699890136719,838700
2020-10-28,323.4700012207031,325.1000061035156,317.9599914550781,318.510009765625,948400
2020-10-29,319.42999267578125,329.3900146484375,319.3299865722656,325.6099853515625,896800
2020-10-30,321.9100036621094,325.1700134277344,312.04998779296875,314.67999267578125,1682700
2020-11-02,317.760009765625,321.8699951171875,312.1700134277344,316.4200134277344,1109900
2020-11-03,319.9100036621094,326.94000244140625,317.8299865722656,324.7300109863281,1114900
2020-11-04,339.7200012207031,347.9100036621094,334.1099853515625,343.0,1344400
2020-11-05,350.9200134277344,352.010009765625,346.2099914550781,350.9599914550781,1074200
2020-11-06,351.4800109863281,353.8500061035156,344.79998779296875,352.260009765625,623100
2020-11-09,365.95001220703125,377.1499938964844,359.30999755859375,360.1400146484375,1820100
2020-11-10,358.1499938964844,358.1499938964844,339.3500061035156,342.260009765625,1544100
2020-11-11,345.6499938964844,356.54998779296875,342.92999267578125,352.3999938964844,1127000
2020-11-12,352.9700012207031,356.6400146484375,347.6499938964844,349.510009765625,947700
2020-11-13,351.8399963378906,358.3299865722656,350.42999267578125,356.95001220703125,1179400
2020-11-16,356.5400085449219,361.2200012207031,353.3299865722656,357.05999755859375,1158800
2020-11-17,354.9800109863281,360.0,353.42999267578125,358.75,953900
2020-11-18,356.239990234375,360.260009765625,353.760009765625,354.739990234375,912000
2020-11-19,353.20001220703125,363.3900146484375,349.04998779296875,361.44000244140625,1533600
2020-11-20,358.8500061035156,359.989990234375,347.510009765625,347.69000244140625,2369800
2020-11-23,348.07000732421875,350.32000732421875,337.7200012207031,343.3299865722656,1529400
2020-11-24,345.0,347.7300109863281,342.5199890136719,345.20001220703125,1045500
2020-11-25,345.7200012207031,352.4700012207031,345.010009765625,350.4700012207031,1199300
2020-11-27,353.92999267578125,358.0400085449219,351.8299865722656,354.239990234375,528300
2020-11-30,353.45001220703125,356.44000244140625,348.1300048828125,352.0199890136719,1875700
2020-12-01,356.010009765625,359.2900085449219,352.2900085449219,356.82000732421875,1088900
2020-12-02,355.6600036621094,356.1499938964844,350.05999755859375,355.489990234375,760700
2020-12-03,355.19000244140625,366.67999267578125,353.4700012207031,363.70001220703125,1841100
2020-12-04,365.1499938964844,371.94000244140625,364.07000732421875,368.6000061035156,1404400
2020-12-07,367.82000732421875,373.9800109863281,367.2799987792969,372.19000244140625,1909800
2020-12-08,372.3999938964844,380.5,370.5299987792969,372.5899963378906,1705200
2020-12-09,368.9100036621094,370.1400146484375,361.1099853515625,364.17999267578125,2477800
2020-12-10,361.2300109863281,364.3999938964844,357.45001220703125,362.5,1499200
2020-12-11,362.1199951171875,364.6499938964844,358.0,364.32000732421875,1194000
2020-12-14,364.44000244140625,369.30999755859375,363.6099853515625,365.510009765625,1366000
2020-12-15,365.82000732421875,367.760009765625,360.1499938964844,360.42999267578125,1654200
2020-12-16,361.30999755859375,370.3599853515625,360.0299987792969,369.260009765625,1577800
2020-12-17,371.92999267578125,380.989990234375,370.3399963378906,380.32000732421875,1965900
2020-12-18,377.1600036621094,380.79998779296875,375.5299987792969,380.1099853515625,2569600
2020-12-21,374.7200012207031,377.82000732421875,368.4200134277344,375.92999267578125,997600
2020-12-22,376.0,380.1400146484375,373.5799865722656,379.9700012207031,1003500
2020-12-23,379.010009765625,383.94000244140625,376.7099914550781,376.9200134277344,900900
2020-12-24,377.510009765625,381.7900085449219,377.42999267578125,381.1600036621094,441900
2020-12-28,387.57000732421875,387.94000244140625,378.0400085449219,381.1199951171875,871900
2020-12-29,383.20001220703125,384.82000732421875,377.32000732421875,378.3299865722656,640500
2020-12-30,380.82000732421875,381.9800109863281,375.3399963378906,375.54998779296875,703200
2020-12-31,375.0199890136719,380.4800109863281,374.95001220703125,379.8500061035156,982500
2021-01-04,379.739990234375,384.6199951171875,366.1700134277344,371.70001220703125,1839800
2021-01-05,370.44000244140625,374.0,367.30999755859375,368.8699951171875,1117700
2021-01-06,359.1700134277344,364.010009765625,357.69000244140625,361.0,1537600
2021-01-07,363.239990234375,370.2300109863281,360.3299865722656,368.6300048828125,1109000
2021-01-08,369.7900085449219,375.0299987792969,368.6000061035156,374.4599914550781,1259100
2021-01-11,376.1300048828125,376.760009765625,366.3800048828125,372.3399963378906,1514900
2021-01-12,371.8299865722656,372.6300048828125,362.3500061035156,365.6700134277344,1242200
2021-01-13,364.9700012207031,367.3299865722656,360.5,364.9599914550781,1019500
2021-01-14,365.2900085449219,369.6300048828125,364.9700012207031,365.510009765625,1146200
2021-01-15,364.8800048828125,373.8399963378906,363.0299987792969,371.010009765625,1597800
2021-01-19,374.8699951171875,386.3800048828125,374.3599853515625,384.95001220703125,1578400
2021-01-20,391.6700134277344,398.1199951171875,388.9800109863281,389.4599914550781,2051800
2021-01-21,386.2099914550781,388.4200134277344,377.80999755859375,381.75,1736700
2021-01-22,384.3999938964844,384.3999938964844,374.6400146484375,374.8500061035156,1150600
2021-01-25,378.0400085449219,378.8399963378906,364.30999755859375,374.42999267578125,1588200
2021-01-26,374.0299987792969,376.1400146484375,370.2799987792969,374.79998779296875,663500
2021-01-27,368.010009765625,375.0,359.3299865722656,363.1099853515625,1928100
2021-01-28,366.3500061035156,376.6700134277344,365.7099914550781,369.95001220703125,1395100
2021-01-29,366.3599853515625,369.8900146484375,359.69000244140625,361.2300109863281,1523500
2021-02-01,365.489990234375,378.45001220703125,364.5899963378906,373.5799865722656,1260100
2021-02-02,376.3299865722656,385.4700012207031,375.5299987792969,384.1099853515625,1123400
2021-02-03,382.67999267578125,383.67999267578125,377.0,380.1499938964844,807300
2021-02-04,381.94000244140625,392.95001220703125,380.0,392.7300109863281,1522100
2021-02-05,392.5400085449219,396.4700012207031,387.7200012207031,389.3800048828125,867300
2021-02-08,393.4800109863281,395.1499938964844,386.8800048828125,389.739990234375,898600
2021-02-09,385.8500061035156,392.8599853515625,384.6400146484375,391.54998779296875,817700
2021-02-10,395.8399963378906,399.0400085449219,390.5899963378906,397.2900085449219,1150300
2021-02-11,400.0,409.29998779296875,396.5899963378906,408.82000732421875,1226900
2021-02-12,410.0,414.4700012207031,407.1199951171875,413.989990234375,1066800
2021-02-16,417.5400085449219,423.739990234375,417.2699890136719,422.260009765625,1378600
2021-02-17,419.92999267578125,420.4100036621094,412.04998779296875,415.80999755859375,1164700
2021-02-18,414.3800048828125,420.0,408.42999267578125,415.3900146484375,1038700
2021-02-19,413.3500061035156,417.80999755859375,409.1600036621094,411.3500061035156,1287900
2021-02-22,408.1600036621094,408.8399963378906,401.239990234375,401.54998779296875,1179200
2021-02-23,398.1199951171875,402.79998779296875,390.239990234375,399.0899963378906,2483100
2021-02-24,388.2900085449219,415.42999267578125,382.79998779296875,413.17999267578125,3307900
2021-02-25,407.5899963378906,408.95001220703125,386.6499938964844,387.9800109863281,2148100
2021-02-26,390.4599914550781,396.6099853515625,385.0,390.1400146484375,1765300
2021-03-01,396.3299865722656,407.8599853515625,394.2200012207031,406.4100036621094,1545000
2021-03-02,406.489990234375,406.5199890136719,398.6700134277344,401.75,1198400
2021-03-03,399.0799865722656,401.010009765625,388.4599914550781,388.7099914550781,1369900
2021-03-04,388.4200134277344,392.0799865722656,373.57000732421875,376.3299865722656,1930000
2021-03-05,381.92999267578125,384.0,367.7799987792969,382.2099914550781,1588200
2021-03-08,381.5400085449219,388.1099853515625,369.79998779296875,370.4200134277344,1652900
2021-03-09,380.8800048828125,388.69000244140625,379.7799987792969,384.5799865722656,1770700
2021-03-10,394.57000732421875,394.57000732421875,382.25,382.82000732421875,1388800
2021-03-11,390.4800109863281,401.0299987792969,390.32000732421875,399.1700134277344,1445300
2021-03-12,394.2099914550781,396.6300048828125,387.3800048828125,395.95001220703125,1305100
2021-03-15,393.3699951171875,398.0,390.3800048828125,396.8399963378906,1407900
2021-03-16,400.510009765625,401.8900146484375,392.489990234375,395.4200134277344,1077300
2021-03-17,392.8500061035156,395.8299865722656,385.75,391.7200012207031,1765800
2021-03-18,384.07000732421875,385.6300048828125,373.4599914550781,373.9700012207031,1868400
2021-03-19,374.25,385.30999755859375,373.2900085449219,381.2799987792969,4423200
2021-03-22,381.80999755859375,386.05999755859375,380.07000732421875,383.0199890136719,1468800
2021-03-23,386.0299987792969,387.79998779296875,381.5299987792969,383.20001220703125,1154500
2021-03-24,384.32000732421875,386.19000244140625,376.7300109863281,377.2900085449219,1138300
2021-03-25,374.54998779296875,375.8699951171875,365.1499938964844,372.3900146484375,1510700
2021-03-26,369.1600036621094,377.04998779296875,367.94000244140625,376.5799865722656,2107200
2021-03-29,377.6400146484375,379.69000244140625,369.3500061035156,374.6199951171875,1631200
2021-03-30,371.0799865722656,376.1199951171875,368.739990234375,373.6600036621094,998000
2021-03-31,378.07000732421875,386.0,376.4599914550781,383.05999755859375,1512700
2021-04-01,388.9200134277344,397.4100036621094,388.489990234375,395.2300109863281,1445100
2021-04-05,397.57000732421875,402.8900146484375,396.3800048828125,402.1400146484375,1473600
2021-04-06,399.5899963378906,405.0,396.8500061035156,401.20001220703125,813300
2021-04-07,400.1600036621094,403.1199951171875,399.0199890136719,401.04998779296875,713700
2021-04-08,403.5400085449219,412.4800109863281,402.8999938964844,411.32000732421875,1397000
2021-04-09,412.4100036621094,418.3699951171875,409.2900085449219,417.6099853515625,1003500
2021-04-12,415.5299987792969,417.1300048828125,412.489990234375,415.92999267578125,1251600
2021-04-13,416.44000244140625,419.5299987792969,414.30999755859375,418.94000244140625,1550200
2021-04-14,422.7699890136719,422.7699890136719,410.44000244140625,411.2900085449219,1016600
2021-04-15,414.6600036621094,418.3500061035156,413.1700134277344,417.55999755859375,914800
2021-04-16,419.17999267578125,420.17999267578125,414.2699890136719,415.82000732421875,973100
2021-04-19,415.82000732421875,417.0,400.9700012207031,402.2900085449219,1130900
2021-04-20,401.05999755859375,406.92999267578125,399.239990234375,405.3699951171875,1095800
2021-04-21,405.8999938964844,409.7799987792969,401.989990234375,408.95001220703125,857400
2021-04-22,407.4200134277344,411.510009765625,404.2300109863281,406.7799987792969,761700
2021-04-23,409.19000244140625,416.20001220703125,408.42999267578125,414.9200134277344,981500
2021-04-26,414.44000244140625,418.67999267578125,410.8999938964844,418.2900085449219,716400
2021-04-27,420.0,420.8900146484375,414.0,416.1199951171875,619400
2021-04-28,415.2699890136719,417.4599914550781,411.3999938964844,415.79998779296875,541700
2021-04-29,417.20001220703125,418.1000061035156,411.55999755859375,416.1499938964844,636700
2021-04-30,413.3500061035156,418.0799865722656,411.6199951171875,412.1600036621094,1409200
2021-05-03,414.7900085449219,415.6700134277344,409.0,411.3399963378906,771800
2021-05-04,409.1499938964844,409.1499938964844,395.8800048828125,397.6199951171875,1214200
2021-05-05,401.0799865722656,403.0799865722656,390.80999755859375,392.0400085449219,989800
2021-05-06,390.80999755859375,394.510009765625,386.1499938964844,394.07000732421875,975400
2021-05-07,399.8299865722656,406.07000732421875,396.42999267578125,401.0400085449219,965500
2021-05-10,400.2300109863281,401.510009765625,392.2900085449219,392.5400085449219,1005400
2021-05-11,390.3699951171875,400.2099914550781,385.6600036621094,394.989990234375,932600
2021-05-12,393.67999267578125,402.239990234375,391.0899963378906,399.8900146484375,2256300
2021-05-13,401.6700134277344,405.989990234375,397.0,403.5199890136719,1402100
2021-05-14,406.8599853515625,418.54998779296875,403.5400085449219,417.260009765625,1191200
2021-05-17,415.0799865722656,419.5,409.4599914550781,419.4200134277344,1286200
2021-05-18,421.0,424.6400146484375,417.07000732421875,417.42999267578125,1153700
2021-05-19,409.5199890136719,421.75,408.7200012207031,421.20001220703125,1321200
2021-05-20,423.3699951171875,436.989990234375,423.3699951171875,435.2699890136719,1242200
2021-05-21,438.45001220703125,441.3599853515625,431.760009765625,433.42999267578125,1172800
2021-05-24,439.20001220703125,442.7099914550781,438.07000732421875,440.4100036621094,1127300
2021-05-25,440.010009765625,442.0400085449219,436.8800048828125,438.989990234375,1469700
2021-05-26,440.9200134277344,445.6600036621094,437.5899963378906,442.80999755859375,2008700
2021-05-27,436.2099914550781,437.7699890136719,427.4200134277344,432.1099853515625,2974200
2021-05-28,435.5,442.0,433.82000732421875,439.0899963378906,1451300
2021-06-01,441.70001220703125,441.95001220703125,434.6499938964844,438.6600036621094,948000
2021-06-02,438.05999755859375,447.0799865722656,436.010009765625,445.44000244140625,1321000
2021-06-03,439.5,451.92999267578125,438.0,450.55999755859375,1490100
2021-06-04,454.9800109863281,463.6199951171875,454.010009765625,461.92999267578125,1400700
2021-06-07,459.55999755859375,461.8299865722656,454.79998779296875,457.2099914550781,868100
2021-06-08,461.1600036621094,466.0,458.82000732421875,465.260009765625,1516200
2021-06-09,466.1199951171875,470.6099853515625,465.4200134277344,468.3299865722656,919500
2021-06-10,467.32000732421875,473.7099914550781,466.239990234375,471.3299865722656,1149800
2021-06-11,470.29998779296875,474.6199951171875,468.69000244140625,472.1600036621094,1471000
2021-06-14,472.3299865722656,476.989990234375,469.8699951171875,476.9700012207031,961500
2021-06-15,478.19000244140625,478.19000244140625,468.8500061035156,470.7099914550781,1359600
2021-06-16,469.20001220703125,473.7200012207031,464.7200012207031,469.3399963378906,1230300
2021-06-17,468.8800048828125,476.489990234375,467.30999755859375,474.7300109863281,1442700
2021-06-18,477.0799865722656,478.489990234375,472.3399963378906,473.3999938964844,1571100
2021-06-21,477.17999267578125,481.1199951171875,472.0,477.8999938964844,1073600
2021-06-22,477.30999755859375,479.739990234375,475.1199951171875,477.55999755859375,1480600
2021-06-23,477.55999755859375,482.20001220703125,477.55999755859375,478.5899963378906,1218800
2021-06-24,482.0,486.25,480.29998779296875,482.6199951171875,1088500
2021-06-25,480.989990234375,490.19000244140625,477.0,486.0899963378906,1494500
2021-06-28,486.8599853515625,491.3900146484375,485.6400146484375,486.989990234375,934500
2021-06-29,485.6199951171875,491.6600036621094,484.4599914550781,491.3999938964844,718400
2021-06-30,490.6300048828125,492.6000061035156,487.4700012207031,490.1700134277344,955100
2021-07-01,493.67999267578125,493.67999267578125,487.2300109863281,491.04998779296875,905600
2021-07-02,494.8599853515625,500.8299865722656,494.5899963378906,497.6400146484375,1072500
2021-07-06,501.8599853515625,502.69000244140625,498.2300109863281,500.9700012207031,1181000
2021-07-07,505.5299987792969,508.6300048828125,503.1199951171875,506.0899963378906,929000
2021-07-08,501.25,506.8900146484375,497.0799865722656,506.0899963378906,989500
2021-07-09,502.94000244140625,505.5899963378906,495.739990234375,503.92999267578125,1269400
2021-07-12,506.75,507.70001220703125,503.0,505.1000061035156,922300
2021-07-13,504.8999938964844,509.9700012207031,503.6300048828125,506.69000244140625,1002900
2021-07-14,509.4599914550781,511.69000244140625,504.5899963378906,505.55999755859375,1453600
2021-07-15,505.9700012207031,506.3800048828125,500.3800048828125,503.1700134277344,1101400
2021-07-16,504.6400146484375,505.0,500.8500061035156,501.510009765625,727800
2021-07-19,498.8399963378906,502.4800109863281,496.0,498.7799987792969,1320300
2021-07-20,500.05999755859375,512.6699829101562,499.010009765625,508.55999755859375,1273300
2021-07-21,506.7099914550781,514.5900268554688,503.0799865722656,514.4500122070312,1118900
2021-07-22,516.1099853515625,522.0900268554688,514.0999755859375,521.3099975585938,917700
2021-07-23,524.9199829101562,532.3300170898438,522.02001953125,528.4299926757812,974500
2021-07-26,528.1500244140625,530.22998046875,523.1300048828125,529.3099975585938,720500
2021-07-27,528.02001953125,530.52001953125,516.4400024414062,522.9099731445312,983100
2021-07-28,524.5900268554688,527.22998046875,520.9299926757812,523.0999755859375,694700
2021-07-29,521.2100219726562,529.4400024414062,521.2100219726562,525.510009765625,627400
2021-07-30,525.2000122070312,530.8599853515625,525.02001953125,529.969970703125,905300
2021-08-02,532.1099853515625,534.77001953125,525.3699951171875,527.510009765625,857400
2021-08-03,528.8900146484375,532.1099853515625,524.260009765625,530.1799926757812,870800
2021-08-04,530.8300170898438,537.1699829101562,528.4400024414062,536.0599975585938,709100
2021-08-05,536.739990234375,540.6300048828125,534.5399780273438,538.010009765625,897000
2021-08-06,534.8099975585938,537.8800048828125,530.010009765625,534.2899780273438,1040200
2021-08-09,534.1699829101562,537.239990234375,531.8699951171875,535.22998046875,733100
2021-08-10,538.22998046875,539.989990234375,528.7100219726562,530.1300048828125,855800
2021-08-11,529.3900146484375,533.0399780273438,526.6199951171875,532.22998046875,765000
2021-08-12,532.2899780273438,538.1400146484375,530.22998046875,536.9199829101562,521200
2021-08-13,536.3599853515625,541.2100219726562,534.510009765625,540.739990234375,541200
2021-08-16,540.4500122070312,542.9600219726562,535.8699951171875,542.9400024414062,785300
2021-08-17,542.1099853515625,542.1099853515625,534.1400146484375,535.8599853515625,1079200
2021-08-18,535.0800170898438,539.5900268554688,532.1099853515625,532.97998046875,723900
2021-08-19,528.5900268554688,547.9000244140625,527.8300170898438,543.4400024414062,1495300
2021-08-20,547.5800170898438,549.6799926757812,542.969970703125,545.2999877929688,1243200
2021-08-23,548.8499755859375,553.7999877929688,548.2000122070312,552.489990234375,1368500
2021-08-24,554.0,555.030029296875,548.8300170898438,554.02001953125,1661300
2021-08-25,577.3099975585938,582.9600219726562,551.010009765625,555.6099853515625,2237800
2021-08-26,547.6799926757812,556.6099853515625,546.1699829101562,552.6400146484375,1557000
2021-08-27,554.6300048828125,566.25,553.6699829101562,565.9400024414062,1414200
2021-08-30,567.1400146484375,568.3099975585938,563.5399780273438,565.5700073242188,893900
2021-08-31,567.1099853515625,567.1099853515625,563.25,566.1099853515625,1231100
2021-09-01,567.2999877929688,567.780029296875,562.6699829101562,563.1300048828125,1259400
2021-09-02,563.7000122070312,565.2899780273438,555.6400146484375,559.7899780273438,1086000
2021-09-03,559.5,566.739990234375,558.0399780273438,563.25,762600
2021-09-07,563.75,563.75,555.510009765625,560.469970703125,881900
2021-09-08,559.5,568.47998046875,558.1699829101562,567.5900268554688,918200
2021-09-09,568.530029296875,572.8599853515625,566.5900268554688,567.75,775300
2021-09-10,571.4099731445312,573.0,567.0399780273438,567.3800048828125,1088400
2021-09-13,570.1900024414062,571.469970703125,551.260009765625,557.4199829101562,1192700
2021-09-14,565.9500122070312,571.2000122070312,563.02001953125,568.27001953125,1182800
2021-09-15,570.0,572.3699951171875,564.5999755859375,572.1099853515625,1025700
2021-09-16,570.9099731445312,574.719970703125,567.9400024414062,572.8800048828125,999900
2021-09-17,572.8400268554688,572.8400268554688,560.6699829101562,561.8499755859375,1860900
2021-09-20,553.010009765625,560.2100219726562,547.510009765625,554.4000244140625,1300000
2021-09-21,559.739990234375,559.8699951171875,553.510009765625,555.25,758100
2021-09-22,560.5999755859375,565.0,553.6400146484375,562.7999877929688,911100
2021-09-23,566.1799926757812,578.3099975585938,565.0800170898438,577.3699951171875,1235100
2021-09-24,573.3900146484375,579.1699829101562,570.3400268554688,577.9199829101562,1168700
2021-09-27,572.8499755859375,573.8300170898438,561.2999877929688,567.010009765625,1279100
2021-09-28,560.4400024414062,562.780029296875,544.47998046875,545.010009765625,1647600
2021-09-29,548.8800048828125,553.1500244140625,545.0399780273438,546.9299926757812,994800
2021-09-30,549.3900146484375,554.489990234375,539.2100219726562,539.510009765625,1540800
2021-10-01,541.239990234375,546.0499877929688,533.280029296875,543.969970703125,1439900
2021-10-04,539.6900024414062,541.530029296875,519.0,525.3499755859375,1456000
2021-10-05,529.0599975585938,536.9299926757812,526.4000244140625,533.3499755859375,958300
2021-10-06,526.4199829101562,537.9299926757812,526.010009765625,534.6099853515625,977600
2021-10-07,538.1699829101562,544.75,537.0800170898438,537.72998046875,955600
2021-10-08,539.0599975585938,541.3900146484375,529.4400024414062,531.1199951171875,937000
2021-10-11,528.75,533.4600219726562,525.0399780273438,525.4099731445312,1025300
2021-10-12,527.02001953125,533.4000244140625,524.1400146484375,527.0499877929688,873000
2021-10-13,534.25,539.6400146484375,532.25,534.9400024414062,866500
2021-10-14,543.3499755859375,549.9199829101562,542.0,543.780029296875,1068300
2021-10-15,545.0,553.280029296875,543.27001953125,552.1599731445312,1602700
2021-10-18,552.760009765625,564.8099975585938,548.27001953125,564.5599975585938,1321800
2021-10-19,568.1500244140625,573.1300048828125,563.9600219726562,572.7999877929688,978000
2021-10-20,574.3400268554688,575.6799926757812,568.9099731445312,570.530029296875,836200
2021-10-21,570.0,578.9299926757812,565.2999877929688,578.3499755859375,729600
2021-10-22,580.9000244140625,591.6300048828125,580.0,590.7999877929688,991800
2021-10-25,590.7999877929688,604.22998046875,589.75,602.5599975585938,1104600
2021-10-26,605.5800170898438,613.3599853515625,602.4600219726562,608.6099853515625,1418600
2021-10-27,609.219970703125,617.3200073242188,606.9000244140625,613.1300048828125,1457700
2021-10-28,613.1500244140625,620.4099731445312,605.8200073242188,615.4099731445312,1066600
2021-10-29,613.3599853515625,626.5999755859375,610.8800048828125,625.989990234375,1038200
2021-11-01,628.530029296875,629.97998046875,607.3099975585938,608.8099975585938,1246300
2021-11-02,612.0900268554688,625.6599731445312,610.5,618.3900146484375,1024500
2021-11-03,619.9099731445312,625.6599731445312,609.260009765625,622.8699951171875,1093900
2021-11-04,621.280029296875,631.5599975585938,620.3099975585938,625.6799926757812,1267100
2021-11-05,628.1900024414062,629.3099975585938,612.7899780273438,614.989990234375,1428200
2021-11-08,619.010009765625,619.489990234375,608.2100219726562,615.25,1222800
2021-11-09,615.9500122070312,618.1300048828125,611.219970703125,612.780029296875,1205100
2021-11-10,611.3900146484375,617.989990234375,603.5599975585938,603.97998046875,1197300
2021-11-11,607.25,610.5999755859375,605.9099731445312,606.8699951171875,684300
2021-11-12,610.9299926757812,628.3800048828125,610.9299926757812,626.989990234375,1182600
2021-11-15,628.1900024414062,632.9500122070312,622.5499877929688,626.1400146484375,1402500
2021-11-16,626.1599731445312,646.47998046875,625.9500122070312,645.760009765625,1331700
2021-11-17,643.5800170898438,644.5499877929688,629.8400268554688,635.0599975585938,1321900
2021-11-18,636.52001953125,636.719970703125,626.4299926757812,628.9400024414062,1319900
2021-11-19,715.8699951171875,716.8599853515625,681.4600219726562,692.3400268554688,3615700
2021-11-22,691.9600219726562,693.510009765625,660.8099975585938,661.6300048828125,2177000
2021-11-23,652.75,672.1400146484375,648.7999877929688,670.6300048828125,2112500
2021-11-24,661.5,684.6500244140625,659.6799926757812,684.0,1715100
2021-11-26,684.0,691.0499877929688,663.7100219726562,666.9099731445312,1279300
2021-11-29,674.3300170898438,697.27001953125,674.3300170898438,694.6599731445312,2009300
2021-11-30,668.9500122070312,681.5700073242188,652.0,652.2999877929688,4186000
2021-12-01,667.9000244140625,674.9500122070312,657.5999755859375,663.8900146484375,5184800
2021-12-02,660.2000122070312,677.8099975585938,660.2000122070312,672.1199951171875,1961900
2021-12-03,671.4299926757812,673.4500122070312,634.97998046875,647.9600219726562,2277100
2021-12-06,649.989990234375,652.0599975585938,639.530029296875,645.3400268554688,1687000
2021-12-07,654.219970703125,674.4500122070312,653.9600219726562,673.2999877929688,1615300
2021-12-08,673.1699829101562,676.2000122070312,666.780029296875,673.0599975585938,1332800
2021-12-09,674.030029296875,680.25,662.7100219726562,665.510009765625,1180200
2021-12-10,670.3099975585938,678.22998046875,666.8900146484375,677.9500122070312,1276500
2021-12-13,678.0,684.0700073242188,668.4000244140625,668.739990234375,1430800
2021-12-14,655.6400146484375,657.0399780273438,626.8499755859375,639.47998046875,1865900
2021-12-15,645.2100219726562,648.739990234375,625.25,647.489990234375,2555000
2021-12-16,649.0,649.989990234375,624.8099975585938,633.9600219726562,1954700
2021-12-17,621.4000244140625,631.739990234375,612.1900024414062,620.27001953125,4330300
2021-12-20,609.0999755859375,614.3300170898438,599.27001953125,604.6300048828125,2236700
2021-12-21,610.5399780273438,623.0999755859375,601.0499877929688,621.0700073242188,1875800
2021-12-22,620.9600219726562,632.4199829101562,616.719970703125,631.6599731445312,1014600
2021-12-23,631.6599731445312,638.8099975585938,630.75,635.7100219726562,759800
2021-12-27,639.0900268554688,653.6500244140625,638.0,652.77001953125,1068700
2021-12-28,657.8599853515625,658.8400268554688,647.4000244140625,649.780029296875,955700
2021-12-29,649.0900268554688,650.77001953125,642.0800170898438,648.030029296875,651300
2021-12-30,648.0399780273438,650.7000122070312,642.4500122070312,643.3599853515625,776400
2021-12-31,644.3300170898438,647.3499755859375,638.719970703125,643.219970703125,821500
2022-01-03,640.030029296875,645.6099853515625,621.280029296875,631.469970703125,1360600
2022-01-04,631.469970703125,631.469970703125,606.1300048828125,618.3200073242188,1998900
2022-01-05,609.4299926757812,614.6900024414062,593.1699829101562,593.7000122070312,2295800
2022-01-06,586.7999877929688,595.8499755859375,580.2100219726562,586.3900146484375,1789000
2022-01-07,586.4400024414062,588.989990234375,563.77001953125,567.5599975585938,2275200
2022-01-10,553.52001953125,570.8900146484375,543.8599853515625,570.1900024414062,2956700
2022-01-11,566.2000122070312,579.6099853515625,558.52001953125,578.719970703125,1696500
2022-01-12,584.8099975585938,589.5700073242188,575.7999877929688,577.260009765625,1433700
2022-01-13,580.8900146484375,582.530029296875,551.7000122070312,552.9199829101562,1633400
2022-01-14,551.3300170898438,557.3400268554688,543.4000244140625,550.7899780273438,1722600
2022-01-18,539.3200073242188,548.9000244140625,536.1099853515625,537.8200073242188,1888100
2022-01-19,542.1099853515625,558.5700073242188,540.8099975585938,545.3499755859375,1904500
2022-01-20,552.0999755859375,566.47998046875,543.77001953125,544.6199951171875,1924000
2022-01-21,546.989990234375,552.760009765625,527.8200073242188,528.5499877929688,2574900
2022-01-24,526.0,535.72998046875,500.3599853515625,534.6799926757812,2850100
2022-01-25,516.9099731445312,528.8499755859375,509.0199890136719,515.989990234375,2418200
2022-01-26,532.0399780273438,536.8499755859375,499.75,507.4800109863281,2503100
2022-01-27,516.4099731445312,526.0,513.2899780273438,517.219970703125,2485400
2022-01-28,520.1599731445312,536.22998046875,506.1700134277344,534.8200073242188,1760600
2022-01-31,535.8499755859375,556.6400146484375,532.0399780273438,555.22998046875,2209400
2022-02-01,556.4000244140625,561.8499755859375,548.1900024414062,560.8300170898438,1706300
2022-02-02,562.760009765625,564.8699951171875,554.4000244140625,562.2999877929688,1245500
2022-02-03,543.8699951171875,552.77001953125,533.5800170898438,535.5900268554688,1372400
2022-02-04,531.030029296875,550.280029296875,531.030029296875,544.02001953125,1504500
2022-02-07,544.4000244140625,555.9000244140625,542.5,545.280029296875,1411600
2022-02-08,539.280029296875,556.4000244140625,538.4099731445312,554.22998046875,915500
2022-02-09,566.0999755859375,579.9600219726562,565.0,579.4000244140625,1670700
2022-02-10,562.6199951171875,575.9099731445312,552.3300170898438,557.5800170898438,1594200
2022-02-11,559.7999877929688,561.7000122070312,532.6699829101562,535.8099975585938,1250400
2022-02-14,536.1400146484375,538.3200073242188,524.1500244140625,529.0499877929688,1165400
2022-02-15,537.739990234375,539.3300170898438,515.77001953125,527.780029296875,2170300
2022-02-16,525.969970703125,530.4199829101562,511.7099914550781,528.1500244140625,1318400
2022-02-17,523.280029296875,525.9000244140625,494.7200012207031,496.17999267578125,2145400
2022-02-18,497.70001220703125,498.6700134277344,478.75,481.20001220703125,2323300
2022-02-22,479.92999267578125,494.3699951171875,476.8699951171875,483.25,2282900
2022-02-23,491.9100036621094,491.9100036621094,465.54998779296875,467.0,1799500
2022-02-24,458.0,498.29998779296875,450.260009765625,497.1300048828125,2683700
2022-02-25,489.0299987792969,492.1300048828125,474.6099853515625,487.17999267578125,2846500
2022-02-28,478.8399963378906,484.4599914550781,463.3900146484375,474.3699951171875,2525400
2022-03-01,476.1300048828125,484.55999755859375,465.8500061035156,468.5799865722656,2176700
2022-03-02,472.1099853515625,489.3399963378906,468.0,486.0,2083000
2022-03-03,490.1499938964844,492.8699951171875,468.989990234375,472.70001220703125,1640400
2022-03-04,470.80999755859375,474.6300048828125,460.9599914550781,464.95001220703125,1611900
2022-03-07,464.2200012207031,466.739990234375,436.510009765625,437.3900146484375,2312700
2022-03-08,438.42999267578125,455.25,432.1499938964844,442.2099914550781,2669000
2022-03-09,456.4800109863281,469.9599914550781,452.0,464.739990234375,1950400
2022-03-10,460.1499938964844,460.1499938964844,443.3399963378906,452.3699951171875,1756200
2022-03-11,457.57000732421875,461.8999938964844,438.510009765625,439.32000732421875,2303200
2022-03-14,439.9200134277344,445.2799987792969,423.0299987792969,424.6300048828125,2353900
2022-03-15,427.79998779296875,441.489990234375,425.5400085449219,439.67999267578125,1953400
2022-03-16,445.0,457.8999938964844,437.989990234375,457.8999938964844,2487400
2022-03-17,454.8299865722656,475.0,453.2300109863281,473.75,2680700
2022-03-18,475.69000244140625,483.32000732421875,467.8599853515625,479.8699951171875,3112900
2022-03-21,473.07000732421875,476.5,463.55999755859375,466.5,2044600
2022-03-22,466.4599914550781,478.7099914550781,465.9800109863281,475.989990234375,1979900
2022-03-23,471.1700134277344,471.9800109863281,459.75,461.44000244140625,1718700
2022-03-24,464.1600036621094,467.2200012207031,453.0400085449219,465.6300048828125,1567200
2022-03-25,467.5199890136719,469.0400085449219,452.82000732421875,459.3500061035156,1312200
2022-03-28,460.5400085449219,481.7099914550781,458.20001220703125,480.5,2085000
2022-03-29,488.1300048828125,490.0899963378906,475.79998779296875,485.3599853515625,1918000
2022-03-30,480.9599914550781,481.5199890136719,468.2200012207031,471.95001220703125,1747800
2022-03-31,477.6700134277344,488.8599853515625,473.57000732421875,480.8399963378906,2647900
2022-04-01,480.6400146484375,487.489990234375,477.07000732421875,483.92999267578125,1316200
2022-04-04,485.3800048828125,507.7099914550781,485.0,505.6499938964844,2326700
2022-04-05,501.9100036621094,506.3599853515625,491.0,496.04998779296875,1632600
2022-04-06,485.2699890136719,493.5899963378906,482.0799865722656,490.2099914550781,2041300
2022-04-07,484.6199951171875,498.45001220703125,484.2300109863281,495.010009765625,1568200
2022-04-08,493.32000732421875,493.32000732421875,481.510009765625,482.8399963378906,1717500
2022-04-11,478.3699951171875,478.6300048828125,464.739990234375,473.3399963378906,1595600
2022-04-12,479.8900146484375,484.489990234375,461.1700134277344,461.6199951171875,1509700
2022-04-13,464.3500061035156,473.239990234375,460.0,470.4200134277344,1477800
2022-04-14,467.70001220703125,469.2799987792969,459.8800048828125,465.1099853515625,1646100
2022-04-18,461.67999267578125,474.1700134277344,460.6000061035156,469.0400085449219,989300
2022-04-19,466.29998779296875,485.6600036621094,464.9100036621094,485.07000732421875,1184300
2022-04-20,487.5799865722656,492.3699951171875,481.239990234375,481.95001220703125,1184600
2022-04-21,484.8299865722656,491.6300048828125,463.55999755859375,465.6499938964844,1426600
2022-04-22,466.260009765625,468.0199890136719,442.7799987792969,443.2900085449219,1699300
2022-04-25,441.5899963378906,447.42999267578125,433.6000061035156,446.92999267578125,2094000
2022-04-26,444.54998779296875,445.2699890136719,421.1099853515625,421.3500061035156,2218200
2022-04-27,421.1700134277344,428.82000732421875,416.1600036621094,418.25,1927900
2022-04-28,423.989990234375,448.010009765625,421.7900085449219,444.5799865722656,1791000
2022-04-29,441.57000732421875,442.5,417.6300048828125,418.75,1898500
2022-05-02,420.0799865722656,427.8999938964844,413.2300109863281,427.010009765625,1778700
2022-05-03,429.6199951171875,433.5400085449219,425.6600036621094,430.8399963378906,1324300
2022-05-04,432.0,448.3500061035156,418.1600036621094,447.9200134277344,1599300
2022-05-05,437.8699951171875,439.75,404.7699890136719,409.8599853515625,2110600
2022-05-06,406.17999267578125,406.5400085449219,390.80999755859375,395.7099914550781,1989700
2022-05-09,386.8299865722656,390.92999267578125,363.7699890136719,367.010009765625,3485200
2022-05-10,381.6700134277344,383.4700012207031,364.510009765625,371.19000244140625,2271000
2022-05-11,366.8500061035156,376.42999267578125,354.5199890136719,356.1700134277344,2563400
2022-05-12,342.57000732421875,355.4700012207031,339.3599853515625,353.8900146484375,3268000
2022-05-13,362.1000061035156,376.95001220703125,360.6099853515625,371.760009765625,1894200
2022-05-16,370.1000061035156,370.3299865722656,356.3900146484375,359.5899963378906,1554800
2022-05-17,369.1000061035156,373.7300109863281,359.2200012207031,371.8699951171875,1643100
2022-05-18,364.1499938964844,368.8399963378906,351.8999938964844,353.30999755859375,1721100
2022-05-19,355.55999755859375,369.1199951171875,354.6600036621094,362.3299865722656,2102900
2022-05-20,367.82000732421875,371.7900085449219,356.2699890136719,367.7799987792969,1921600
2022-05-23,371.1499938964844,372.0,363.0,371.3699951171875,1799400
2022-05-24,363.1099853515625,365.7099914550781,355.739990234375,358.9700012207031,2877700
2022-05-25,372.7900085449219,395.5799865722656,363.5,388.45001220703125,5277100
2022-05-26,386.2900085449219,414.0,385.8500061035156,406.4200134277344,3508100
2022-05-27,411.0,422.8299865722656,410.69000244140625,422.4800109863281,2932400
2022-05-31,419.82000732421875,425.0,412.57000732421875,414.4599914550781,4297700
2022-06-01,420.2099914550781,424.5899963378906,406.3599853515625,408.3699951171875,1598400
2022-06-02,409.3599853515625,427.25,408.4800109863281,426.8599853515625,1453400
2022-06-03,416.70001220703125,420.67999267578125,405.3800048828125,408.95001220703125,1519000
2022-06-06,416.5799865722656,419.8599853515625,406.75,408.9700012207031,859900
2022-06-07,404.1099853515625,418.75,403.1499938964844,416.6499938964844,1218100
2022-06-08,415.3399963378906,420.17999267578125,412.3599853515625,414.4599914550781,1335100
2022-06-09,409.54998779296875,414.4200134277344,400.1099853515625,400.54998779296875,1186300
2022-06-10,390.3999938964844,393.3999938964844,378.8399963378906,381.2200012207031,2197200
2022-06-13,368.2900085449219,372.989990234375,361.760009765625,363.989990234375,2191200
2022-06-14,366.80999755859375,371.1099853515625,359.8399963378906,364.7799987792969,1401500
2022-06-15,370.3900146484375,386.7900085449219,368.4700012207031,378.5400085449219,1830300
2022-06-16,365.4599914550781,370.3999938964844,355.2200012207031,359.6300048828125,2106100
2022-06-17,363.04998779296875,375.1600036621094,362.5400085449219,369.7099914550781,2776200
2022-06-21,377.0400085449219,383.0299987792969,374.3999938964844,377.42999267578125,2019000
2022-06-22,371.7699890136719,391.1499938964844,371.55999755859375,380.8399963378906,1773500
2022-06-23,387.30999755859375,401.4800109863281,380.79998779296875,400.75,2111700
2022-06-24,407.7699890136719,419.67999267578125,407.3299865722656,417.6199951171875,2632900
2022-06-27,415.3599853515625,420.0,402.82000732421875,404.7200012207031,1783800
2022-06-28,405.75,409.7699890136719,384.489990234375,386.2900085449219,1631100
2022-06-29,389.3800048828125,392.54998779296875,382.739990234375,389.6600036621094,1066300
2022-06-30,387.70001220703125,389.5799865722656,376.17999267578125,385.44000244140625,1670400
2022-07-01,382.5,391.1300048828125,378.0799865722656,388.30999755859375,1133800
2022-07-05,384.7699890136719,400.3399963378906,380.3299865722656,400.2200012207031,1590500
2022-07-06,403.3399963378906,408.5799865722656,396.7300109863281,404.9100036621094,1356400
2022-07-07,399.3699951171875,411.6199951171875,397.8699951171875,410.8399963378906,1585100
2022-07-08,402.4100036621094,409.79998779296875,398.2200012207031,406.80999755859375,1173100
2022-07-11,404.6499938964844,406.94000244140625,395.3699951171875,402.55999755859375,1019400
2022-07-12,405.1199951171875,406.0,381.1300048828125,385.8699951171875,1611300
2022-07-13,376.989990234375,387.1600036621094,373.95001220703125,383.30999755859375,1255400
2022-07-14,380.5799865722656,383.3599853515625,370.7699890136719,379.8699951171875,1312400
2022-07-15,388.0400085449219,394.44000244140625,382.6700134277344,392.9599914550781,1520700
2022-07-18,396.04998779296875,400.0,386.7200012207031,388.25,1085600
2022-07-19,397.6199951171875,404.5899963378906,391.1499938964844,403.8599853515625,1358900
2022-07-20,408.3500061035156,422.44000244140625,405.8900146484375,420.45001220703125,1663600
2022-07-21,420.5799865722656,436.8699951171875,420.5799865722656,434.70001220703125,2076400
2022-07-22,436.69000244140625,446.0,429.1700134277344,434.739990234375,1590300
2022-07-25,431.6099853515625,432.7200012207031,422.07000732421875,426.20001220703125,1026500
2022-07-26,423.8599853515625,424.489990234375,409.4100036621094,414.2200012207031,1540000
2022-07-27,418.1099853515625,437.1199951171875,416.7099914550781,433.1600036621094,1758500
2022-07-28,434.9100036621094,450.1499938964844,431.0299987792969,448.5899963378906,1754000
2022-07-29,445.239990234375,459.5799865722656,445.239990234375,456.1700134277344,2178600
2022-08-01,448.7900085449219,456.5299987792969,444.45001220703125,448.4599914550781,1696800
2022-08-02,442.989990234375,451.2900085449219,441.0199890136719,446.9700012207031,1064700
2022-08-03,451.4700012207031,466.8800048828125,450.2099914550781,465.75,1565400
2022-08-04,465.75,467.8599853515625,458.20001220703125,466.29998779296875,1421400
2022-08-05,456.4800109863281,470.6499938964844,455.2200012207031,468.989990234375,933800
2022-08-08,471.32000732421875,476.3500061035156,463.8299865722656,466.760009765625,1218800
2022-08-09,460.7699890136719,466.0799865722656,458.6099853515625,462.07000732421875,1067900
2022-08-10,477.7900085449219,479.5899963378906,474.3999938964844,478.0899963378906,1408700
2022-08-11,486.3599853515625,489.2699890136719,475.5199890136719,478.7699890136719,1259600
2022-08-12,480.6400146484375,487.6000061035156,475.4599914550781,486.6600036621094,1178700
2022-08-15,485.20001220703125,490.2300109863281,483.70001220703125,489.2300109863281,830800
2022-08-16,482.8900146484375,490.8299865722656,481.05999755859375,488.17999267578125,1031500
2022-08-17,478.30999755859375,483.8399963378906,474.8800048828125,478.29998779296875,1422600
2022-08-18,477.29998779296875,480.7099914550781,472.0799865722656,477.760009765625,1162100
2022-08-19,469.42999267578125,470.760009765625,459.7699890136719,463.95001220703125,1509600
2022-08-22,456.7300109863281,457.45001220703125,445.010009765625,446.1199951171875,1692800
2022-08-23,451.9700012207031,453.0400085449219,444.3800048828125,449.55999755859375,2339700
2022-08-24,479.6499938964844,487.79998779296875,465.3299865722656,465.7699890136719,3587400
2022-08-25,464.79998779296875,466.69000244140625,457.69000244140625,465.8500061035156,1701800
2022-08-26,466.95001220703125,467.8500061035156,447.8399963378906,448.4599914550781,1777600
2022-08-29,438.25,446.3900146484375,436.1700134277344,436.79998779296875,1796600
2022-08-30,440.0,443.82000732421875,428.1600036621094,433.20001220703125,1251000
2022-08-31,439.0899963378906,441.2799987792969,429.8599853515625,431.7799987792969,1294300
2022-09-01,427.3900146484375,428.20001220703125,415.6600036621094,425.5,1994300
2022-09-02,432.739990234375,433.9800109863281,418.0,420.05999755859375,1299800
2022-09-06,420.5,422.6300048828125,413.7300109863281,418.760009765625,1391000
2022-09-07,421.2900085449219,438.7200012207031,419.010009765625,435.2900085449219,1421900
2022-09-08,429.5199890136719,440.8699951171875,427.6300048828125,439.0400085449219,1131100
2022-09-09,441.3699951171875,452.6000061035156,441.32000732421875,450.0299987792969,1292200
2022-09-12,457.3299865722656,459.989990234375,449.8800048828125,455.3699951171875,1250300
2022-09-13,434.260009765625,439.69000244140625,428.0199890136719,429.30999755859375,1697600
2022-09-14,430.739990234375,437.260009765625,425.7300109863281,436.8399963378906,1475100
2022-09-15,433.239990234375,436.92999267578125,419.6600036621094,422.1199951171875,1468000
2022-09-16,418.70001220703125,424.3900146484375,414.0199890136719,423.0,2095700
2022-09-19,415.2799987792969,424.2200012207031,415.04998779296875,423.69000244140625,1270000
2022-09-20,420.05999755859375,421.19000244140625,414.0799865722656,417.82000732421875,1271400
2022-09-21,422.1400146484375,427.9200134277344,408.5,408.67999267578125,1485800
2022-09-22,404.82000732421875,406.6499938964844,395.45001220703125,396.7099914550781,2261300
2022-09-23,394.8999938964844,395.4599914550781,386.3699951171875,393.9700012207031,1680700
2022-09-26,394.3599853515625,404.8299865722656,393.1000061035156,395.79998779296875,1819200
2022-09-27,399.70001220703125,407.2900085449219,395.2300109863281,400.7699890136719,1624300
2022-09-28,404.05999755859375,412.0,398.80999755859375,409.2900085449219,1710600
2022-09-29,401.1400146484375,404.7900085449219,394.1199951171875,396.80999755859375,1999000
2022-09-30,395.2699890136719,403.0,387.010009765625,387.32000732421875,2001500
2022-10-03,389.32000732421875,399.5299987792969,388.0,396.79998779296875,1819000
2022-10-04,406.44000244140625,414.7200012207031,405.17999267578125,412.010009765625,1788900
2022-10-05,405.29998779296875,417.44000244140625,400.7900085449219,413.5799865722656,1200800
2022-10-06,412.3699951171875,417.29998779296875,407.2200012207031,411.32000732421875,1282700
2022-10-07,402.1600036621094,403.7200012207031,391.3900146484375,392.9599914550781,1414300
2022-10-10,393.0,394.9100036621094,379.7099914550781,387.6400146484375,1305300
2022-10-11,384.32000732421875,389.45001220703125,374.5299987792969,383.4800109863281,1786800
2022-10-12,386.4800109863281,399.7900085449219,383.1000061035156,388.05999755859375,2210700
2022-10-13,373.1199951171875,398.989990234375,371.010009765625,395.7799987792969,1731500
2022-10-14,402.3599853515625,403.0799865722656,379.57000732421875,380.1099853515625,1804400
2022-10-17,393.2300109863281,405.1400146484375,391.7900085449219,403.739990234375,2311500
2022-10-18,415.8500061035156,420.0,401.510009765625,408.6499938964844,1704500
2022-10-19,408.82000732421875,412.2099914550781,399.7799987792969,402.07000732421875,1291800
2022-10-20,403.2200012207031,408.6099853515625,397.9700012207031,401.1499938964844,1399100
2022-10-21,404.0199890136719,418.6099853515625,395.82000732421875,417.17999267578125,1488900
2022-10-24,420.0,421.07000732421875,405.1499938964844,417.760009765625,1411900
2022-10-25,420.8299865722656,433.7900085449219,420.3399963378906,432.0799865722656,1292000
2022-10-26,425.6099853515625,437.1300048828125,420.0899963378906,424.3900146484375,1355200
2022-10-27,430.2300109863281,431.6700134277344,420.1300048828125,422.0,998300
2022-10-28,422.0,432.80999755859375,416.6199951171875,431.7900085449219,1169600
2022-10-31,427.55999755859375,430.79998779296875,423.80999755859375,427.5,1038500
2022-11-01,433.4800109863281,434.1400146484375,387.05999755859375,394.7699890136719,4241900
2022-11-02,402.5199890136719,408.989990234375,384.82000732421875,385.0299987792969,2702400
2022-11-03,375.8399963378906,382.6199951171875,364.3299865722656,364.989990234375,3252100
2022-11-04,371.6600036621094,371.6600036621094,352.6300048828125,361.19000244140625,3187600
2022-11-07,363.55999755859375,370.5,357.4800109863281,370.1099853515625,1650000
2022-11-08,372.45001220703125,391.1000061035156,370.1300048828125,382.57000732421875,2668500
2022-11-09,376.9700012207031,379.6499938964844,368.1300048828125,368.54998779296875,1446900
2022-11-10,397.3500061035156,403.75,388.0,403.239990234375,3088200
2022-11-11,402.260009765625,411.94000244140625,398.6400146484375,408.0400085449219,1720200
2022-11-14,400.04998779296875,403.57000732421875,391.0400085449219,397.6600036621094,1801700
2022-11-15,414.5,416.4800109863281,401.7799987792969,407.0199890136719,2076400
2022-11-16,407.0199890136719,407.1000061035156,390.8299865722656,393.6600036621094,1260100
2022-11-17,384.6000061035156,388.489990234375,378.0199890136719,381.8800048828125,2049800
2022-11-18,388.4700012207031,389.42999267578125,369.94000244140625,380.07000732421875,2046100
2022-11-21,376.57000732421875,380.3999938964844,372.1600036621094,375.0,1429400
2022-11-22,379.989990234375,394.0,375.0,392.2300109863281,2298700
2022-11-23,390.4200134277344,400.1000061035156,390.05999755859375,395.8500061035156,1488700
2022-11-25,394.8500061035156,395.8299865722656,391.4800109863281,392.4700012207031,861800
2022-11-28,394.3800048828125,398.70001220703125,383.4800109863281,385.6400146484375,1690700
2022-11-29,381.6300048828125,385.3399963378906,377.42999267578125,379.7099914550781,1716300
2022-11-30,375.489990234375,411.489990234375,374.0,407.5899963378906,4902300
2022-12-01,407.8900146484375,418.2200012207031,405.0,416.07000732421875,1943100
2022-12-02,401.8699951171875,409.1700134277344,400.1600036621094,407.9200134277344,1876000
2022-12-05,401.1600036621094,404.20001220703125,393.17999267578125,395.1400146484375,1499000
2022-12-06,395.45001220703125,395.489990234375,385.1600036621094,389.7799987792969,1209800
2022-12-07,388.05999755859375,394.19000244140625,385.3900146484375,388.6499938964844,968600
2022-12-08,391.6000061035156,406.7200012207031,389.4599914550781,405.3599853515625,1525700
2022-12-09,404.19000244140625,405.8299865722656,399.2799987792969,399.8299865722656,1061300
2022-12-12,400.7300109863281,410.9800109863281,398.3299865722656,410.7799987792969,1810500
2022-12-13,432.1099853515625,441.9800109863281,422.2099914550781,428.3900146484375,3247700
2022-12-14,426.5299987792969,434.239990234375,416.1499938964844,418.9200134277344,1631400
2022-12-15,410.94000244140625,415.1600036621094,394.239990234375,396.5299987792969,1741300
2022-12-16,392.7300109863281,393.989990234375,380.54998779296875,384.9800109863281,3565600
2022-12-19,388.739990234375,388.739990234375,377.5,383.5199890136719,1535400
2022-12-20,381.8699951171875,390.05999755859375,380.82000732421875,387.0799865722656,1320100
2022-12-21,389.42999267578125,396.3900146484375,384.260009765625,393.3299865722656,1330100
2022-12-22,385.3500061035156,387.75,376.760009765625,383.95001220703125,1312600
2022-12-23,383.32000732421875,385.42999267578125,378.5,384.489990234375,705200
2022-12-27,383.44000244140625,385.3399963378906,377.4599914550781,383.1099853515625,823300
2022-12-28,385.3599853515625,388.5,374.82000732421875,376.5,843600
2022-12-29,380.3800048828125,391.9800109863281,377.55999755859375,390.8699951171875,1004600
2022-12-30,386.010009765625,389.44000244140625,382.67999267578125,389.2200012207031,948900
