trade_date,open,high,low,close,volume
2018-01-02,64.37999725341797,65.33000183105469,64.16999816894531,65.19999694824219,6329600
2018-01-03,65.22000122070312,66.05999755859375,64.69000244140625,65.94000244140625,6844200
2018-01-04,66.18000030517578,66.52999877929688,65.91000366210938,66.02999877929688,5060100
2018-01-05,66.04000091552734,66.5999984741211,65.5,66.47000122070312,5421800
2018-01-08,66.25,66.52999877929688,65.94000244140625,66.2699966430664,4266900
2018-01-09,65.63999938964844,65.86000061035156,64.94000244140625,65.2699966430664,7632300
2018-01-10,65.4800033569336,65.73999786376953,64.87999725341797,65.26000213623047,6569300
2018-01-11,65.19999694824219,65.5,65.13999938964844,65.43000030517578,4233100
2018-01-12,65.61000061035156,65.9000015258789,65.08000183105469,65.37999725341797,5007200
2018-01-16,66.2300033569336,68.6500015258789,66.02999877929688,68.25,24478800
2018-01-17,68.5199966430664,68.9000015258789,67.23999786376953,68.0199966430664,12559100
2018-01-18,67.75,68.18000030517578,67.48999786376953,68.05000305175781,6797900
2018-01-19,68.04000091552734,68.25,67.75,68.04000091552734,8864300
2018-01-22,67.80999755859375,68.75,67.70999908447266,68.66999816894531,8566200
2018-01-23,68.5999984741211,68.9000015258789,68.23999786376953,68.33999633789062,7825600
2018-01-24,68.19999694824219,68.29000091552734,67.37999725341797,67.9800033569336,12383100
2018-01-25,68.13999938964844,68.37000274658203,67.29000091552734,67.41999816894531,9122200
2018-01-26,67.94000244140625,68.52999877929688,67.5999984741211,68.52999877929688,7919000
2018-01-29,68.16000366210938,68.30000305175781,67.23999786376953,67.31999969482422,9745300
2018-01-30,67.43000030517578,67.91000366210938,66.7300033569336,66.98999786376953,8059500
2018-01-31,67.55000305175781,68.37999725341797,67.45999908447266,68.25,13915600
2018-02-01,67.0,68.3499984741211,66.31999969482422,66.80000305175781,16838500
2018-02-02,66.18000030517578,67.04000091552734,65.86000061035156,66.06999969482422,10971700
2018-02-05,66.30000305175781,66.55000305175781,60.5,61.72999954223633,35996000
2018-02-06,62.310001373291016,64.52999877929688,62.20000076293945,64.4000015258789,24458700
2018-02-07,64.22000122070312,66.12000274658203,64.0199966430664,65.04000091552734,15021200
2018-02-08,64.62999725341797,65.06999969482422,62.400001525878906,62.41999816894531,13451600
2018-02-09,62.95000076293945,64.31999969482422,61.459999084472656,63.9900016784668,23095000
2018-02-12,64.88999938964844,65.69999694824219,64.38999938964844,65.66000366210938,13692100
2018-02-13,65.2300033569336,65.76000213623047,64.9800033569336,65.69999694824219,7695900
2018-02-14,65.1500015258789,66.80000305175781,65.0999984741211,66.58999633789062,10370900
2018-02-15,66.37999725341797,66.37999725341797,63.86000061035156,65.27999877929688,15548400
2018-02-16,64.7699966430664,65.83000183105469,64.5999984741211,64.8499984741211,11760300
2018-02-20,63.0099983215332,64.13999938964844,61.86000061035156,63.9900016784668,27494600
2018-02-21,63.119998931884766,63.86000061035156,62.650001525878906,63.400001525878906,14895600
2018-02-22,63.150001525878906,63.58000183105469,62.029998779296875,62.18000030517578,11722300
2018-02-23,62.810001373291016,63.31999969482422,62.029998779296875,63.31999969482422,6762200
2018-02-26,64.55000305175781,67.36000061035156,64.19000244140625,66.9800033569336,27374300
2018-02-27,67.0,67.62999725341797,66.01000213623047,66.33999633789062,14326000
2018-02-28,66.69999694824219,66.72000122070312,64.91000366210938,65.0,9582100
2018-03-01,65.02999877929688,66.23999786376953,64.33000183105469,64.95999908447266,10799200
2018-03-02,64.30999755859375,64.8499984741211,64.02999877929688,64.73999786376953,10612700
2018-03-05,64.33999633789062,65.5999984741211,63.540000915527344,64.01000213623047,15445500
2018-03-06,63.5,63.54999923706055,61.060001373291016,62.13999938964844,23450400
2018-03-07,61.4900016784668,62.61000061035156,61.43000030517578,62.4900016784668,12602400
2018-03-08,62.650001525878906,62.7400016784668,61.56999969482422,61.81999969482422,8902100
2018-03-09,62.36000061035156,63.060001373291016,62.119998931884766,63.029998779296875,7655300
2018-03-12,63.04999923706055,63.47999954223633,62.29999923706055,62.810001373291016,15801300
2018-03-13,59.77000045776367,61.400001525878906,59.130001068115234,59.70000076293945,38572700
2018-03-14,59.900001525878906,60.380001068115234,57.900001525878906,60.119998931884766,29759100
2018-03-15,60.029998779296875,60.279998779296875,59.560001373291016,59.88999938964844,10494300
2018-03-16,60.599998474121094,61.4900016784668,60.47999954223633,60.619998931884766,25574500
2018-03-19,60.189998626708984,60.349998474121094,57.900001525878906,58.369998931884766,14131400
2018-03-20,58.9900016784668,59.09000015258789,57.95000076293945,58.2599983215332,10615400
2018-03-21,57.5,58.279998779296875,56.77000045776367,56.810001373291016,12231900
2018-03-22,56.2400016784668,56.83000183105469,55.52000045776367,55.58000183105469,13554600
2018-03-23,55.630001068115234,55.79999923706055,53.650001525878906,53.65999984741211,14713300
2018-03-26,54.58000183105469,56.13999938964844,54.25,56.130001068115234,12093900
2018-03-27,56.59000015258789,57.2400016784668,54.540000915527344,54.84000015258789,12243200
2018-03-28,54.810001373291016,55.970001220703125,54.459999084472656,54.70000076293945,12925500
2018-03-29,55.040000915527344,55.93000030517578,54.619998931884766,55.40999984741211,8482500
2018-04-02,55.099998474121094,55.2400016784668,53.06999969482422,53.810001373291016,16469600
2018-04-03,54.290000915527344,55.04999923706055,53.619998931884766,54.779998779296875,7930700
2018-04-04,53.79999923706055,55.119998931884766,53.41999816894531,54.9900016784668,7496700
2018-04-05,55.4900016784668,55.5,54.439998626708984,55.040000915527344,5823300
2018-04-06,54.41999816894531,54.77000045776367,53.11000061035156,53.119998931884766,8322200
2018-04-09,53.52000045776367,54.88999938964844,53.34000015258789,53.43000030517578,7608500
2018-04-10,54.58000183105469,55.0099983215332,54.220001220703125,54.77000045776367,12009000
2018-04-11,54.189998626708984,55.06999969482422,54.150001525878906,55.0099983215332,6205300
2018-04-12,55.470001220703125,55.650001525878906,55.02000045776367,55.20000076293945,7412700
2018-04-13,56.61000061035156,56.790000915527344,55.41999816894531,55.72999954223633,12588200
2018-04-16,55.939998626708984,55.9900016784668,54.56999969482422,54.77000045776367,7850500
2018-04-17,54.9900016784668,55.68000030517578,54.779998779296875,55.349998474121094,7089700
2018-04-18,55.13999938964844,55.619998931884766,54.880001068115234,55.22999954223633,4796800
2018-04-19,54.0,54.13999938964844,52.5,52.56999969482422,19179500
2018-04-20,52.810001373291016,52.88999938964844,51.31999969482422,51.439998626708984,11838200
2018-04-23,51.5,51.810001373291016,50.27000045776367,50.529998779296875,10961500
2018-04-24,50.880001068115234,51.290000915527344,49.380001068115234,49.939998626708984,11670000
2018-04-25,50.0,50.439998626708984,48.869998931884766,49.75,9619200
2018-04-26,49.52000045776367,50.59000015258789,48.560001373291016,50.470001220703125,13684000
2018-04-27,50.75,51.36000061035156,50.4900016784668,51.11000061035156,9443100
2018-04-30,51.25,51.81999969482422,51.0,51.0099983215332,9469600
2018-05-01,50.7599983215332,51.04999923706055,50.040000915527344,50.81999969482422,6780500
2018-05-02,51.2400016784668,51.25,49.91999816894531,50.2599983215332,8143000
2018-05-03,49.9900016784668,50.540000915527344,49.310001373291016,50.310001373291016,8609200
2018-05-04,50.18000030517578,52.599998474121094,49.91999816894531,52.4900016784668,9880600
2018-05-07,52.58000183105469,53.27000045776367,52.52000045776367,53.0099983215332,9571700
2018-05-08,53.040000915527344,53.27000045776367,52.11000061035156,52.86000061035156,9930000
2018-05-09,52.86000061035156,53.33000183105469,52.20000076293945,53.16999816894531,7016100
2018-05-10,54.45000076293945,55.06999969482422,53.95000076293945,54.970001220703125,12267200
2018-05-11,54.7599983215332,55.790000915527344,54.619998931884766,55.22999954223633,9639100
2018-05-14,57.33000183105469,57.79999923706055,56.34000015258789,56.7400016784668,15400300
2018-05-15,56.5,56.61000061035156,55.220001220703125,55.63999938964844,12050500
2018-05-16,55.7599983215332,56.810001373291016,55.66999816894531,56.70000076293945,8675600
2018-05-17,56.4900016784668,57.380001068115234,56.38999938964844,56.95000076293945,11450700
2018-05-18,56.93000030517578,57.9900016784668,56.400001525878906,57.5099983215332,11999700
2018-05-21,57.68000030517578,58.27000045776367,56.77000045776367,57.709999084472656,14286400
2018-05-22,57.90999984741211,58.36000061035156,57.06999969482422,57.38999938964844,9432500
2018-05-23,56.90999984741211,58.86000061035156,56.83000183105469,58.81999969482422,11322500
2018-05-24,58.58000183105469,59.25,58.04999923706055,59.08000183105469,12487200
2018-05-25,58.849998474121094,60.0,58.810001373291016,59.959999084472656,11501500
2018-05-29,59.5,59.599998474121094,57.70000076293945,58.22999954223633,14696300
2018-05-30,58.40999984741211,58.650001525878906,57.65999984741211,58.38999938964844,9146000
2018-05-31,58.0,58.56999969482422,57.7599983215332,58.119998931884766,12813200
2018-06-01,58.34000015258789,58.72999954223633,58.0099983215332,58.61000061035156,8869700
2018-06-04,58.619998931884766,58.869998931884766,57.95000076293945,58.709999084472656,9696700
2018-06-05,58.86000061035156,59.599998474121094,58.7599983215332,58.97999954223633,6562700
2018-06-06,59.2599983215332,59.849998474121094,59.11000061035156,59.84000015258789,6236700
2018-06-07,62.0,62.650001525878906,60.220001220703125,60.63999938964844,14786100
2018-06-08,60.25,60.619998931884766,59.810001373291016,60.2599983215332,7035300
2018-06-11,60.16999816894531,60.41999816894531,59.81999969482422,59.93000030517578,7369500
2018-06-12,60.11000061035156,60.380001068115234,59.54999923706055,59.790000915527344,7153500
2018-06-13,59.66999816894531,60.22999954223633,59.119998931884766,59.220001220703125,9676300
2018-06-14,59.290000915527344,59.70000076293945,58.95000076293945,59.459999084472656,8372900
2018-06-15,59.869998931884766,59.95000076293945,58.91999816894531,59.86000061035156,13804900
2018-06-18,59.310001373291016,59.369998931884766,58.91999816894531,59.20000076293945,6946600
2018-06-19,58.279998779296875,58.7400016784668,57.849998474121094,58.70000076293945,7958300
2018-06-20,59.18000030517578,59.20000076293945,58.310001373291016,58.790000915527344,6526400
2018-06-21,59.209999084472656,59.209999084472656,58.38999938964844,58.75,6605400
2018-06-22,58.779998779296875,59.099998474121094,58.43000030517578,58.5,8074100
2018-06-25,58.09000015258789,58.13999938964844,56.61000061035156,57.04999923706055,8635900
2018-06-26,57.08000183105469,57.150001525878906,56.310001373291016,56.45000076293945,8934700
2018-06-27,56.54999923706055,57.529998779296875,55.13999938964844,55.16999816894531,11832400
2018-06-28,55.119998931884766,56.459999084472656,55.09000015258789,55.900001525878906,11723600
2018-06-29,56.130001068115234,56.86000061035156,56.08000183105469,56.119998931884766,11274000
2018-07-02,55.400001525878906,56.220001220703125,55.119998931884766,56.18000030517578,7299900
2018-07-03,56.40999984741211,56.529998779296875,55.25,55.33000183105469,3618900
2018-07-05,55.70000076293945,57.43000030517578,55.650001525878906,57.380001068115234,11728300
2018-07-06,57.459999084472656,58.06999969482422,57.029998779296875,57.84000015258789,8806200
2018-07-09,58.060001373291016,58.310001373291016,57.22999954223633,58.040000915527344,4577100
2018-07-10,58.060001373291016,58.470001220703125,57.95000076293945,58.369998931884766,6848900
2018-07-11,57.43000030517578,58.0099983215332,56.7400016784668,57.29999923706055,8702000
2018-07-12,57.849998474121094,58.4900016784668,57.310001373291016,58.31999969482422,8426400
2018-07-13,58.25,58.779998779296875,58.18000030517578,58.38999938964844,5266100
2018-07-16,58.41999816894531,58.84000015258789,58.060001373291016,58.349998474121094,5907100
2018-07-17,57.91999816894531,58.90999984741211,57.619998931884766,58.90999984741211,7560300
2018-07-18,59.0,59.0,58.369998931884766,58.7599983215332,6795100
2018-07-19,58.709999084472656,59.59000015258789,58.650001525878906,59.310001373291016,8150200
2018-07-20,58.97999954223633,59.18000030517578,58.400001525878906,58.61000061035156,10859700
2018-07-23,58.400001525878906,59.209999084472656,57.81999969482422,59.08000183105469,8011800
2018-07-24,59.349998474121094,59.619998931884766,58.45000076293945,58.849998474121094,6637600
2018-07-25,58.54999923706055,59.5,57.7599983215332,59.41999816894531,13143100
2018-07-26,63.04999923706055,63.7599983215332,61.2599983215332,63.58000183105469,31025100
2018-07-27,63.220001220703125,63.5099983215332,62.220001220703125,62.689998626708984,13488800
2018-07-30,62.650001525878906,62.97999954223633,61.93000030517578,62.040000915527344,9547700
2018-07-31,63.83000183105469,64.66000366210938,63.5,64.08999633789062,22350800
2018-08-01,63.54999923706055,64.87000274658203,63.54999923706055,64.3499984741211,10706200
2018-08-02,63.959999084472656,65.04000091552734,63.63999938964844,64.7699966430664,10618500
2018-08-03,64.73999786376953,65.61000061035156,64.66999816894531,65.4000015258789,7809400
2018-08-06,65.86000061035156,66.0199966430664,65.33000183105469,65.7300033569336,10878400
2018-08-07,65.93000030517578,65.93000030517578,65.25,65.44000244140625,7810900
2018-08-08,65.20999908447266,65.55000305175781,65.12000274658203,65.16000366210938,7912200
2018-08-09,65.0999984741211,65.30000305175781,64.91999816894531,65.08000183105469,6629700
2018-08-10,64.6500015258789,64.94000244140625,64.48999786376953,64.81999969482422,8736000
2018-08-13,65.1500015258789,65.2300033569336,64.6500015258789,64.83999633789062,7092400
2018-08-14,65.08999633789062,65.62000274658203,64.7699966430664,65.43000030517578,7844200
2018-08-15,65.13999938964844,65.81999969482422,64.55000305175781,65.68000030517578,13524800
2018-08-16,65.86000061035156,66.0999984741211,65.52999877929688,65.76000213623047,9958800
2018-08-17,65.5,66.19000244140625,65.12000274658203,66.05999755859375,15170500
2018-08-20,66.33000183105469,66.58999633789062,65.73999786376953,66.16000366210938,13966900
2018-08-21,66.08999633789062,66.77999877929688,66.02999877929688,66.55000305175781,12181400
2018-08-22,66.22000122070312,67.08000183105469,66.20999908447266,66.83999633789062,13860300
2018-08-23,66.9800033569336,67.29000091552734,66.80000305175781,66.86000061035156,12038100
2018-08-24,67.0,67.36000061035156,66.94000244140625,67.1500015258789,16001400
2018-08-27,67.37000274658203,67.4800033569336,67.22000122070312,67.33999633789062,12578000
2018-08-28,68.55999755859375,70.48999786376953,67.91999816894531,69.77999877929688,24952700
2018-08-29,69.66999816894531,70.06999969482422,69.13999938964844,69.19999694824219,11874300
2018-08-30,68.97000122070312,69.16000366210938,68.0,68.13999938964844,12027500
2018-08-31,67.98999786376953,69.0,67.94000244140625,68.70999908447266,11166900
2018-09-04,68.73999786376953,70.11000061035156,68.70999908447266,69.9800033569336,13024100
2018-09-05,69.80000305175781,71.06999969482422,69.30999755859375,70.88999938964844,15310700
2018-09-06,70.8499984741211,71.3499984741211,70.19000244140625,70.36000061035156,11997700
2018-09-07,69.83999633789062,70.62000274658203,69.61000061035156,70.37999725341797,24421900
2018-09-10,70.66999816894531,72.75,70.5,72.31999969482422,14636000
2018-09-11,71.83999633789062,72.66000366210938,71.80999755859375,72.51000213623047,9501100
2018-09-12,72.08999633789062,72.5,70.0199966430664,71.75,12638300
2018-09-13,73.68000030517578,75.36000061035156,73.4800033569336,74.61000061035156,24617700
2018-09-14,74.52999877929688,76.04000091552734,74.41000366210938,75.08999633789062,13450700
2018-09-17,74.83999633789062,75.27999877929688,73.11000061035156,73.23999786376953,11558300
2018-09-18,73.80000305175781,76.5,73.51000213623047,74.72000122070312,11692000
2018-09-19,75.37000274658203,75.37000274658203,73.7699966430664,74.05999755859375,12383200
2018-09-20,74.4800033569336,75.11000061035156,74.20999908447266,74.5999984741211,12013900
2018-09-21,74.83000183105469,74.87000274658203,73.12999725341797,73.69999694824219,23465400
2018-09-24,73.08000183105469,73.8499984741211,72.80000305175781,73.58000183105469,15446100
2018-09-25,72.63999938964844,73.56999969482422,72.58000183105469,72.73999786376953,20741900
2018-09-26,72.68000030517578,73.26000213623047,71.58000183105469,71.76000213623047,11306000
2018-09-27,72.18000030517578,72.68000030517578,71.47000122070312,71.70999908447266,12498300
2018-09-28,71.51000213623047,73.26000213623047,71.25,72.02999877929688,20080800
2018-10-01,72.45999908447266,73.43000030517578,72.0999984741211,72.5999984741211,9340200
2018-10-02,72.4000015258789,73.91000366210938,72.2699966430664,73.3499984741211,9221200
2018-10-03,73.58999633789062,73.88999938964844,72.58999633789062,72.63999938964844,7079800
2018-10-04,72.0,72.69999694824219,71.86000061035156,72.37999725341797,8599500
2018-10-05,72.38999938964844,72.66000366210938,70.55000305175781,71.20999908447266,23411300
2018-10-08,70.77999877929688,71.5999984741211,70.55999755859375,70.93000030517578,10104600
2018-10-09,70.76000213623047,70.95999908447266,70.08999633789062,70.12999725341797,10329200
2018-10-10,68.7699966430664,69.55999755859375,66.62000274658203,66.7300033569336,22296800
2018-10-11,66.3499984741211,66.98999786376953,63.61000061035156,64.29000091552734,25852600
2018-10-12,65.55000305175781,65.6500015258789,63.27000045776367,64.29000091552734,15760900
2018-10-15,64.2300033569336,65.19999694824219,64.01000213623047,64.16999816894531,12314700
2018-10-16,64.77999877929688,66.38999938964844,64.62000274658203,66.12000274658203,15931400
2018-10-17,66.37999725341797,66.61000061035156,65.29000091552734,66.0999984741211,14779100
2018-10-18,65.68000030517578,66.31999969482422,64.87000274658203,65.1500015258789,12218600
2018-10-19,65.44999694824219,66.20999908447266,65.0,65.36000061035156,10673000
2018-10-22,65.69000244140625,66.5999984741211,65.22000122070312,66.12000274658203,12890400
2018-10-23,63.65999984741211,66.91999816894531,63.56999969482422,66.37999725341797,13441000
2018-10-24,65.87000274658203,66.38999938964844,62.5,62.619998931884766,23384300
2018-10-25,63.810001373291016,63.83000183105469,62.349998474121094,63.20000076293945,20385700
2018-10-26,61.5,63.63999938964844,61.18000030517578,62.47999954223633,17049300
2018-10-29,63.5,63.689998626708984,61.27000045776367,62.16999816894531,14778300
2018-10-30,62.36000061035156,63.720001220703125,62.16999816894531,63.18000030517578,18865300
2018-10-31,62.90999984741211,63.52000045776367,62.06999969482422,62.88999938964844,12917500
2018-11-01,63.20000076293945,64.30999755859375,62.880001068115234,63.709999084472656,11003900
2018-11-02,63.939998626708984,63.959999084472656,62.34000015258789,63.33000183105469,13707900
2018-11-05,63.08000183105469,63.79999923706055,62.65999984741211,63.470001220703125,13373800
2018-11-06,63.349998474121094,64.33999633789062,62.40999984741211,63.630001068115234,8774100
2018-11-07,63.5,63.75,62.279998779296875,63.209999084472656,18493500
2018-11-08,58.0,60.150001525878906,57.599998474121094,58.04999923706055,32155200
2018-11-09,57.779998779296875,58.2400016784668,56.189998626708984,56.720001220703125,21745200
2018-11-12,56.369998931884766,56.5,54.43000030517578,54.4900016784668,24447800
2018-11-13,54.7400016784668,55.4900016784668,54.04999923706055,54.15999984741211,20883800
2018-11-14,54.84000015258789,54.88999938964844,53.66999816894531,53.939998626708984,14071900
2018-11-15,53.83000183105469,55.540000915527344,53.529998779296875,55.38999938964844,18856300
2018-11-16,55.119998931884766,57.040000915527344,54.9900016784668,55.880001068115234,57303300
2018-11-19,55.849998474121094,56.619998931884766,54.869998931884766,54.900001525878906,20321400
2018-11-20,54.20000076293945,55.43000030517578,54.06999969482422,54.91999816894531,20658300
2018-11-21,55.209999084472656,56.5,55.18000030517578,55.27000045776367,13015500
2018-11-23,54.77000045776367,55.75,54.75,55.25,4671900
2018-11-26,55.790000915527344,56.380001068115234,55.18000030517578,55.72999954223633,10373700
2018-11-27,55.59000015258789,56.22999954223633,55.349998474121094,55.56999969482422,9719000
2018-11-28,55.88999938964844,56.720001220703125,54.689998626708984,56.650001525878906,17483500
2018-11-29,57.88999938964844,59.04999923706055,57.77000045776367,58.11000061035156,26949000
2018-11-30,58.220001220703125,58.470001220703125,57.02000045776367,58.2599983215332,18197800
2018-12-03,60.5099983215332,60.5099983215332,58.400001525878906,59.13999938964844,17114500
2018-12-04,58.9900016784668,59.47999954223633,57.220001220703125,57.72999954223633,15836500
2018-12-06,56.0099983215332,57.209999084472656,55.689998626708984,57.11000061035156,18203300
2018-12-07,56.61000061035156,57.119998931884766,55.72999954223633,55.9900016784668,17054700
2018-12-10,57.77000045776367,58.25,56.63999938964844,57.2400016784668,20484900
2018-12-11,58.45000076293945,58.65999984741211,56.83000183105469,57.349998474121094,13116300
2018-12-12,58.439998626708984,58.58000183105469,57.529998779296875,57.720001220703125,13246500
2018-12-13,58.13999938964844,58.380001068115234,57.560001373291016,58.09000015258789,8949900
2018-12-14,57.560001373291016,59.0,57.36000061035156,57.619998931884766,13551000
2018-12-17,57.59000015258789,58.34000015258789,56.66999816894531,57.0,16648200
2018-12-18,57.689998626708984,58.540000915527344,57.400001525878906,57.779998779296875,12384200
2018-12-19,57.540000915527344,58.5,56.060001373291016,56.689998626708984,17376400
2018-12-20,57.220001220703125,57.939998626708984,56.060001373291016,56.369998931884766,21742300
2018-12-21,56.2599983215332,57.279998779296875,54.689998626708984,54.849998474121094,38202300
2018-12-24,53.70000076293945,54.88999938964844,53.56999969482422,53.650001525878906,8275000
2018-12-26,54.25,56.0,53.5099983215332,55.959999084472656,18451600
2018-12-27,55.540000915527344,56.38999938964844,54.77000045776367,56.09000015258789,15804800
2018-12-28,56.33000183105469,57.529998779296875,56.2400016784668,56.810001373291016,12749600
2018-12-31,57.119998931884766,57.40999984741211,56.279998779296875,56.90999984741211,8877000
2019-01-02,56.20000076293945,58.0,55.91999816894531,57.400001525878906,9896600
2019-01-03,55.95000076293945,56.84000015258789,55.52000045776367,55.70000076293945,14422200
2019-01-04,56.5,56.83000183105469,55.209999084472656,56.599998474121094,14177300
2019-01-07,56.38999938964844,57.15999984741211,55.95000076293945,56.439998626708984,12352000
2019-01-08,56.709999084472656,56.880001068115234,55.61000061035156,55.95000076293945,12110000
2019-01-09,56.2599983215332,57.11000061035156,56.13999938964844,56.61000061035156,10971000
2019-01-10,56.189998626708984,56.9900016784668,56.099998474121094,56.79999923706055,10958200
2019-01-11,56.470001220703125,58.16999816894531,56.33000183105469,57.5,12024300
2019-01-14,57.02000045776367,57.650001525878906,56.369998931884766,57.29999923706055,9449400
2019-01-15,57.31999969482422,57.400001525878906,55.560001373291016,55.72999954223633,17423400
2019-01-16,55.75,56.08000183105469,55.15999984741211,55.27000045776367,13856000
2019-01-17,54.970001220703125,55.20000076293945,54.369998931884766,54.77000045776367,18365000
2019-01-18,55.38999938964844,55.900001525878906,54.9900016784668,55.27000045776367,28020000
2019-01-22,54.970001220703125,54.9900016784668,53.939998626708984,54.290000915527344,17867500
2019-01-23,52.91999816894531,53.56999969482422,51.220001220703125,51.77000045776367,33788600
2019-01-24,51.95000076293945,51.97999954223633,50.40999984741211,50.810001373291016,32782700
2019-01-25,50.93000030517578,52.029998779296875,50.279998779296875,51.29999923706055,19516200
2019-01-28,50.31999969482422,51.290000915527344,50.2400016784668,50.63999938964844,24457600
2019-01-29,50.4900016784668,50.84000015258789,49.34000015258789,49.400001525878906,26266600
2019-01-30,49.68000030517578,50.869998931884766,49.209999084472656,50.16999816894531,18124100
2019-01-31,51.20000076293945,51.279998779296875,49.099998474121094,49.52000045776367,24736300
2019-02-01,49.58000183105469,50.279998779296875,49.400001525878906,49.61000061035156,15533200
2019-02-04,49.709999084472656,49.79999923706055,49.470001220703125,49.689998626708984,10880000
2019-02-05,49.72999954223633,51.08000183105469,49.720001220703125,50.72999954223633,15454200
2019-02-06,50.939998626708984,51.63999938964844,50.93000030517578,51.099998474121094,11052900
2019-02-07,50.83000183105469,51.119998931884766,50.27000045776367,50.54999923706055,10623300
2019-02-08,50.2400016784668,50.68000030517578,49.90999984741211,50.290000915527344,12461200
2019-02-11,50.54999923706055,51.29999923706055,50.380001068115234,50.83000183105469,9971800
2019-02-12,51.29999923706055,52.18000030517578,51.02000045776367,51.65999984741211,16637600
2019-02-13,52.0,52.4900016784668,51.560001373291016,51.59000015258789,11004000
2019-02-14,51.5,51.77000045776367,51.09000015258789,51.56999969482422,17895000
2019-02-15,52.08000183105469,52.36000061035156,51.599998474121094,51.97999954223633,12239500
2019-02-19,52.0,52.47999954223633,51.75,52.0099983215332,8258400
2019-02-20,52.25,52.91999816894531,52.13999938964844,52.45000076293945,12863700
2019-02-21,52.5,52.59000015258789,51.900001525878906,52.349998474121094,7826200
2019-02-22,52.689998626708984,53.150001525878906,52.63999938964844,53.119998931884766,13394500
2019-02-25,53.779998779296875,53.970001220703125,52.900001525878906,52.9900016784668,15341700
2019-02-26,53.08000183105469,53.220001220703125,52.279998779296875,53.029998779296875,11366700
2019-02-27,52.95000076293945,53.130001068115234,52.27000045776367,53.040000915527344,10426200
2019-02-28,53.0,53.7599983215332,52.709999084472656,53.38999938964844,19000200
2019-03-01,54.0,54.400001525878906,53.709999084472656,54.20000076293945,12659000
2019-03-04,54.58000183105469,54.70000076293945,53.2599983215332,53.779998779296875,14021700
2019-03-05,53.900001525878906,54.22999954223633,53.70000076293945,53.939998626708984,10092800
2019-03-06,53.88999938964844,55.459999084472656,53.72999954223633,54.79999923706055,20521300
2019-03-07,54.83000183105469,55.04999923706055,53.61000061035156,54.029998779296875,13667300
2019-03-08,53.45000076293945,53.630001068115234,53.029998779296875,53.529998779296875,10117100
2019-03-11,53.720001220703125,54.75,53.650001525878906,54.349998474121094,10738800
2019-03-12,54.65999984741211,55.310001373291016,54.540000915527344,54.84000015258789,9575300
2019-03-13,55.029998779296875,55.939998626708984,55.0,55.38999938964844,9198900
2019-03-14,55.529998779296875,55.869998931884766,55.25,55.400001525878906,7306100
2019-03-15,55.0,57.34000015258789,54.91999816894531,56.599998474121094,27985600
2019-03-18,56.619998931884766,57.189998626708984,56.439998626708984,56.83000183105469,13089300
2019-03-19,57.16999816894531,57.68000030517578,56.779998779296875,56.970001220703125,9363700
2019-03-20,57.029998779296875,57.689998626708984,56.75,57.15999984741211,8804800
2019-03-21,57.22999954223633,58.279998779296875,57.20000076293945,57.77000045776367,19542700
2019-03-22,57.68000030517578,58.09000015258789,56.75,56.81999969482422,10243500
2019-03-25,56.58000183105469,56.939998626708984,56.06999969482422,56.63999938964844,6929600
2019-03-26,57.150001525878906,58.38999938964844,56.66999816894531,58.0,16051800
2019-03-27,57.349998474121094,57.66999816894531,56.31999969482422,56.90999984741211,11934400
2019-03-28,57.029998779296875,57.38999938964844,56.34000015258789,56.54999923706055,11064300
2019-03-29,57.0,57.560001373291016,56.939998626708984,57.029998779296875,8529100
2019-04-01,57.63999938964844,58.150001525878906,57.11000061035156,57.810001373291016,12066500
2019-04-02,57.97999954223633,58.529998779296875,57.65999984741211,58.09000015258789,7614500
2019-04-03,58.20000076293945,58.290000915527344,57.18000030517578,57.68000030517578,11563400
2019-04-04,57.75,58.61000061035156,57.689998626708984,57.86000061035156,9905100
2019-04-05,57.97999954223633,58.189998626708984,57.689998626708984,57.9900016784668,12332600
2019-04-08,57.790000915527344,58.4900016784668,57.5099983215332,57.7599983215332,8942400
2019-04-09,57.56999969482422,57.65999984741211,57.029998779296875,57.439998626708984,11713400
2019-04-10,57.709999084472656,57.86000061035156,56.099998474121094,56.33000183105469,15976500
2019-04-11,56.439998626708984,56.900001525878906,55.790000915527344,55.900001525878906,13903800
2019-04-12,56.279998779296875,57.16999816894531,56.06999969482422,56.95000076293945,13483500
2019-04-15,57.13999938964844,57.66999816894531,57.029998779296875,57.18000030517578,10712500
2019-04-16,57.459999084472656,71.02999877929688,57.290000915527344,70.44999694824219,86755900
2019-04-17,78.81999969482422,82.5199966430664,76.48999786376953,79.08000183105469,156019300
2019-04-18,78.72000122070312,80.19999694824219,78.0199966430664,79.88999938964844,41621200
2019-04-22,79.83000183105469,82.5,79.33999633789062,81.97000122070312,33292500
2019-04-23,83.9000015258789,87.95999908447266,83.2699966430664,86.72000122070312,56973700
2019-04-24,87.04000091552734,88.62999725341797,85.30000305175781,86.83000183105469,40290400
2019-04-25,86.16999816894531,86.31999969482422,84.5199966430664,85.06999969482422,20732200
2019-04-26,84.51000213623047,86.76000213623047,84.20999908447266,86.63999938964844,18860600
2019-04-29,86.4000015258789,87.9800033569336,85.83999633789062,87.25,17930000
2019-04-30,86.9800033569336,87.45999908447266,86.05000305175781,86.12999725341797,17582400
2019-05-01,87.16999816894531,88.22000122070312,86.1500015258789,86.37000274658203,28211500
2019-05-02,87.5,90.33999633789062,86.1500015258789,87.13999938964844,40342000
2019-05-03,87.76000213623047,89.81999969482422,87.05999755859375,89.29000091552734,21068400
2019-05-06,86.33000183105469,88.69999694824219,86.13999938964844,88.25,15682100
2019-05-07,87.19999694824219,88.1500015258789,84.77999877929688,85.19999694824219,21579500
2019-05-08,84.8499984741211,85.72000122070312,84.11000061035156,84.54000091552734,15500700
2019-05-09,83.37000274658203,84.83999633789062,82.26000213623047,83.77999877929688,14516000
2019-05-10,83.37999725341797,86.33000183105469,83.3499984741211,85.83999633789062,15955600
2019-05-13,83.23999786376953,84.8499984741211,82.98999786376953,83.88999938964844,16689000
2019-05-14,84.2699966430664,86.44000244140625,84.0,86.12999725341797,14353700
2019-05-15,85.55000305175781,87.0,84.88999938964844,86.26000213623047,11784800
2019-05-16,83.79000091552734,84.80000305175781,82.12999725341797,82.80999755859375,22498800
2019-05-17,80.48999786376953,83.12000274658203,80.0,81.5,19523400
2019-05-20,77.94999694824219,78.33000183105469,76.06999969482422,76.62000274658203,32679300
2019-05-21,78.91000366210938,79.04000091552734,77.22000122070312,77.75,17282200
2019-05-22,69.12999725341797,71.73999786376953,67.97000122070312,69.30999755859375,66150700
2019-05-23,67.0199966430664,68.2699966430664,65.9000015258789,68.26000213623047,31820700
2019-05-24,68.93000030517578,69.1500015258789,65.97000122070312,66.20999908447266,21420000
2019-05-28,66.63999938964844,67.70999908447266,65.23999786376953,65.37000274658203,22667300
2019-05-29,65.36000061035156,66.1500015258789,64.76000213623047,65.76000213623047,16312600
2019-05-30,65.97000122070312,67.06999969482422,65.93000030517578,66.58999633789062,11554600
2019-05-31,65.77999877929688,67.83999633789062,65.52999877929688,66.81999969482422,15060300
2019-06-03,67.08999633789062,68.12999725341797,66.27999877929688,66.66000366210938,13620700
2019-06-04,67.61000061035156,68.5,66.69999694824219,68.44999694824219,15866700
2019-06-05,68.04000091552734,68.33000183105469,65.83000183105469,67.0199966430664,11779200
2019-06-06,66.91999816894531,67.97000122070312,66.2699966430664,67.58999633789062,10781700
2019-06-07,67.69000244140625,68.77999877929688,67.30000305175781,68.69000244140625,10495600
2019-06-10,69.0,71.45999908447266,69.0,70.54000091552734,15229200
2019-06-11,71.58000183105469,72.22000122070312,70.2699966430664,71.23999786376953,11839500
2019-06-12,69.52999877929688,70.37000274658203,69.19999694824219,69.58999633789062,9396200
2019-06-13,69.97000122070312,70.48999786376953,69.37999725341797,69.93000030517578,6790500
2019-06-14,68.3499984741211,69.12000274658203,67.9000015258789,68.72000122070312,12119500
2019-06-17,69.08999633789062,69.9800033569336,68.9000015258789,69.11000061035156,9411100
2019-06-18,69.69000244140625,72.38999938964844,69.66999816894531,71.95999908447266,14508000
2019-06-19,72.37000274658203,72.62000274658203,70.80000305175781,71.80000305175781,11999300
2019-06-20,73.19000244140625,73.66999816894531,72.2300033569336,72.73999786376953,9871800
2019-06-21,72.30999755859375,73.16999816894531,72.30999755859375,72.72000122070312,15244500
2019-06-24,72.97000122070312,73.44999694824219,72.19999694824219,73.16000366210938,8893000
2019-06-25,73.2300033569336,74.13999938964844,72.5199966430664,72.55000305175781,8953400
2019-06-26,73.76000213623047,75.69000244140625,73.6500015258789,74.94999694824219,13808000
2019-06-27,75.33999633789062,75.9000015258789,75.16999816894531,75.43000030517578,11151900
2019-06-28,75.66000366210938,76.44000244140625,74.80999755859375,76.06999969482422,29217500
2019-07-01,80.66999816894531,80.76000213623047,77.08000183105469,77.5199966430664,17693000
2019-07-02,77.27999877929688,77.4800033569336,76.62000274658203,77.01000213623047,7075600
2019-07-03,77.06999969482422,77.2300033569336,76.05000305175781,76.62999725341797,5290400
2019-07-05,74.19999694824219,76.72000122070312,74.0999984741211,76.66000366210938,9220800
2019-07-08,75.9800033569336,77.02999877929688,75.93000030517578,76.62999725341797,7924900
2019-07-09,76.44000244140625,76.83999633789062,75.83999633789062,76.55000305175781,7506500
2019-07-10,76.83000183105469,76.91000366210938,74.08000183105469,74.36000061035156,15075700
2019-07-11,74.5199966430664,75.77999877929688,73.30000305175781,73.70999908447266,14298400
2019-07-12,74.25,74.9800033569336,73.66000366210938,74.9000015258789,8028100
2019-07-15,75.1500015258789,75.9000015258789,74.79000091552734,75.43000030517578,8898200
2019-07-16,75.11000061035156,76.5,74.55000305175781,75.66999816894531,9909600
2019-07-17,78.56999969482422,79.4000015258789,75.70999908447266,75.76000213623047,20602300
2019-07-18,74.97000122070312,75.3499984741211,74.05000305175781,74.37000274658203,12580800
2019-07-19,74.41999816894531,75.70999908447266,74.41999816894531,75.0,14477400
2019-07-22,75.05999755859375,76.62000274658203,75.05999755859375,75.94999694824219,9645800
2019-07-23,75.33999633789062,75.58999633789062,73.30999755859375,74.12000274658203,14420400
2019-07-24,74.01000213623047,76.41999816894531,73.68000030517578,75.87000274658203,14012700
2019-07-25,75.83999633789062,76.13999938964844,75.0999984741211,75.3499984741211,7299500
2019-07-26,75.11000061035156,75.8499984741211,74.8499984741211,75.22000122070312,8262500
2019-07-29,75.16000366210938,76.31999969482422,74.66999816894531,74.97000122070312,8237500
2019-07-30,74.58000183105469,75.06999969482422,74.36000061035156,74.80999755859375,7397900
2019-07-31,74.83000183105469,75.27999877929688,72.76000213623047,73.16000366210938,14052800
2019-08-01,68.87999725341797,73.70999908447266,68.25,71.19999694824219,29729800
2019-08-02,70.44000244140625,71.52999877929688,70.01000213623047,71.1500015258789,12649400
2019-08-05,69.97000122070312,70.83999633789062,68.55999755859375,68.80000305175781,13071800
2019-08-06,69.5199966430664,69.93000030517578,67.37999725341797,68.16999816894531,13189900
2019-08-07,67.26000213623047,69.5999984741211,67.12000274658203,69.4000015258789,8934900
2019-08-08,69.55999755859375,71.3499984741211,69.3499984741211,71.26000213623047,8367900
2019-08-09,70.51000213623047,72.19000244140625,70.19000244140625,71.5,8702200
2019-08-12,71.0,71.4800033569336,69.7300033569336,69.80000305175781,7364300
2019-08-13,69.88999938964844,72.47000122070312,69.30999755859375,72.18000030517578,10134800
2019-08-14,70.63999938964844,71.88999938964844,70.55000305175781,70.87999725341797,10336900
2019-08-15,71.44000244140625,72.19000244140625,70.58999633789062,71.16000366210938,9107000
2019-08-16,71.8499984741211,73.41000366210938,71.7300033569336,73.27999877929688,10090600
2019-08-19,74.58000183105469,75.52999877929688,74.13999938964844,74.87000274658203,9688400
2019-08-20,74.56999969482422,76.44000244140625,74.33000183105469,76.06999969482422,9387300
2019-08-21,76.5,77.19000244140625,75.98999786376953,76.69999694824219,11004100
2019-08-22,76.91000366210938,77.94999694824219,76.5999984741211,77.1500015258789,7198800
2019-08-23,76.12000274658203,79.0999984741211,73.22000122070312,73.5199966430664,16479400
2019-08-26,74.9000015258789,75.08999633789062,72.5199966430664,72.91000366210938,11153800
2019-08-27,73.68000030517578,74.37999725341797,73.19999694824219,73.97000122070312,7303100
2019-08-28,73.79000091552734,74.87999725341797,72.91000366210938,74.3499984741211,5678500
2019-08-29,75.22000122070312,77.02999877929688,75.22000122070312,76.44999694824219,7348400
2019-08-30,77.18000030517578,78.05000305175781,77.0,77.7699966430664,8465300
2019-09-03,76.7699966430664,76.98999786376953,74.69999694824219,75.12000274658203,7580700
2019-09-04,75.98999786376953,77.12000274658203,75.62999725341797,77.08999633789062,4923700
2019-09-05,77.88999938964844,80.44000244140625,77.88999938964844,78.98999786376953,13480300
2019-09-06,78.95999908447266,79.08000183105469,78.44000244140625,78.83999633789062,5128000
2019-09-09,79.04000091552734,79.44999694824219,77.97000122070312,78.20999908447266,6885100
2019-09-10,78.02999877929688,78.87999725341797,77.33999633789062,78.70999908447266,9373900
2019-09-11,78.16999816894531,79.91000366210938,78.12000274658203,79.9000015258789,6575700
2019-09-12,80.05000305175781,80.05000305175781,78.58000183105469,79.08000183105469,5847100
2019-09-13,79.18000030517578,79.54000091552734,78.37000274658203,78.41000366210938,5343700
2019-09-16,77.58000183105469,78.48999786376953,76.91000366210938,78.04000091552734,3756500
2019-09-17,77.61000061035156,78.79000091552734,77.51000213623047,78.69000244140625,4400800
2019-09-18,78.69000244140625,79.06999969482422,77.63999938964844,78.9000015258789,5147500
2019-09-19,79.23999786376953,80.0,78.20999908447266,78.2300033569336,5180900
2019-09-20,78.19999694824219,78.69999694824219,76.16999816894531,76.44000244140625,9122000
2019-09-23,76.66999816894531,77.91000366210938,76.05999755859375,77.23999786376953,5815700
2019-09-24,78.08000183105469,78.30000305175781,74.62999725341797,75.2300033569336,10177800
2019-09-25,75.02999877929688,77.48999786376953,74.87999725341797,77.26000213623047,5571600
2019-09-26,77.16000366210938,77.69000244140625,75.94000244140625,77.3499984741211,3760300
2019-09-27,77.01000213623047,78.19999694824219,76.20999908447266,76.62999725341797,5013200
2019-09-30,76.88999938964844,76.94999694824219,76.0199966430664,76.27999877929688,4775800
2019-10-01,77.05999755859375,78.05999755859375,74.97000122070312,75.47000122070312,7043700
2019-10-02,75.26000213623047,75.70999908447266,73.7699966430664,73.98999786376953,5997500
2019-10-03,73.93000030517578,75.83000183105469,73.16000366210938,75.7300033569336,5419400
2019-10-04,76.31999969482422,77.55999755859375,75.83999633789062,77.48999786376953,4893600
2019-10-07,77.01000213623047,77.55000305175781,76.2699966430664,76.33999633789062,4215500
2019-10-08,75.5199966430664,75.81999969482422,72.80999755859375,72.8499984741211,8489600
2019-10-09,73.91000366210938,74.80000305175781,73.55999755859375,74.3499984741211,5137500
2019-10-10,74.3499984741211,75.97000122070312,74.16999816894531,74.97000122070312,5580600
2019-10-11,76.19000244140625,77.81999969482422,76.01000213623047,76.69999694824219,7280800
2019-10-14,76.6500015258789,77.37000274658203,76.27999877929688,76.30000305175781,4545300
2019-10-15,76.87999725341797,77.9800033569336,76.27999877929688,77.81999969482422,5222500
2019-10-16,77.48999786376953,78.31999969482422,77.27999877929688,78.2300033569336,6218000
2019-10-17,78.69999694824219,79.95999908447266,78.4000015258789,78.97000122070312,5916700
2019-10-18,78.62000274658203,79.22000122070312,77.66999816894531,77.68000030517578,6107000
2019-10-21,78.37999725341797,79.08999633789062,78.01000213623047,78.9800033569336,5119800
2019-10-22,78.93000030517578,79.06999969482422,78.23999786376953,78.47000122070312,4944500
2019-10-23,77.20999908447266,78.12999725341797,76.87000274658203,77.23999786376953,5785700
2019-10-24,78.05999755859375,79.0199966430664,77.58999633789062,78.98999786376953,5271200
2019-10-25,79.0,80.2300033569336,78.91000366210938,80.16999816894531,6712300
2019-10-28,80.55000305175781,83.12999725341797,80.54000091552734,83.05000305175781,9949800
2019-10-29,82.75,82.8499984741211,81.44000244140625,81.66000366210938,4993600
2019-10-30,82.0999984741211,82.25,80.8499984741211,81.44000244140625,3971000
2019-10-31,81.44000244140625,81.47000122070312,79.83999633789062,80.44000244140625,5693700
2019-11-01,81.58999633789062,83.6500015258789,81.25,83.58000183105469,8620300
2019-11-04,84.54000091552734,85.87000274658203,84.30999755859375,85.08999633789062,8389200
2019-11-05,85.19999694824219,85.73999786376953,84.7300033569336,85.45999908447266,7280000
2019-11-06,85.33999633789062,85.61000061035156,84.22000122070312,84.62999725341797,9755300
2019-11-07,89.83000183105469,92.5,88.31999969482422,89.9800033569336,30254000
2019-11-08,89.9800033569336,94.11000061035156,89.5999984741211,94.02999877929688,16371300
2019-11-11,91.70999908447266,92.5199966430664,90.88999938964844,91.83999633789062,11297700
2019-11-12,92.18000030517578,92.25,90.16999816894531,90.97000122070312,9332100
2019-11-13,90.69999694824219,91.9000015258789,89.62000274658203,90.47000122070312,9353200
2019-11-14,90.30999755859375,90.58000183105469,89.43000030517578,90.4800033569336,8793600
2019-11-15,92.5999984741211,93.94000244140625,90.58000183105469,90.80999755859375,25490200
2019-11-18,90.80999755859375,91.9800033569336,89.27999877929688,90.4800033569336,10360500
2019-11-19,91.25,91.38999938964844,86.68000030517578,87.95999908447266,18091300
2019-11-20,87.81999969482422,88.36000061035156,85.30999755859375,85.62000274658203,13045100
2019-11-21,84.79000091552734,86.30000305175781,84.55000305175781,85.11000061035156,10180400
2019-11-22,85.29000091552734,85.81999969482422,84.52999877929688,84.88999938964844,6166700
2019-11-25,85.76000213623047,86.29000091552734,85.08000183105469,85.29000091552734,8964100
2019-11-26,85.25,85.55000305175781,84.13999938964844,84.62999725341797,11584500
2019-11-27,85.16000366210938,85.30999755859375,84.47000122070312,84.80000305175781,5215000
2019-11-29,84.51000213623047,85.0999984741211,83.41999816894531,83.55000305175781,3882400
2019-12-02,83.9800033569336,84.29000091552734,82.30999755859375,82.44999694824219,7668800
2019-12-03,81.37999725341797,81.38999938964844,79.80999755859375,80.58000183105469,11126100
2019-12-04,80.91999816894531,82.44000244140625,80.44999694824219,82.08000183105469,8477400
2019-12-05,82.6500015258789,83.44000244140625,81.77999877929688,82.58999633789062,6358300
2019-12-06,83.44999694824219,84.25,83.41999816894531,83.81999969482422,6860400
2019-12-09,84.0,85.30000305175781,83.83999633789062,84.91999816894531,8382900
2019-12-10,85.04000091552734,85.33000183105469,83.69000244140625,84.12000274658203,8082200
2019-12-11,84.83999633789062,87.0999984741211,84.76000213623047,86.98999786376953,9571500
2019-12-12,86.83999633789062,89.2300033569336,86.37000274658203,89.05000305175781,12164600
2019-12-13,88.91000366210938,89.69999694824219,87.55999755859375,87.83000183105469,12269100
2019-12-16,89.27999877929688,90.45999908447266,88.3499984741211,88.43000030517578,8719100
2019-12-17,89.0,89.04000091552734,87.68000030517578,88.31999969482422,7485900
2019-12-18,88.54000091552734,88.6500015258789,87.58999633789062,87.9800033569336,5860600
2019-12-19,88.36000061035156,88.69999694824219,87.62000274658203,88.48999786376953,7471400
2019-12-20,88.81999969482422,89.8499984741211,88.18000030517578,88.8499984741211,17538000
2019-12-23,89.01000213623047,89.33000183105469,88.25,88.44999694824219,7274700
2019-12-24,88.62000274658203,88.80999755859375,87.9800033569336,88.7699966430664,2435200
2019-12-26,88.91999816894531,88.95999908447266,88.0,88.4000015258789,5070000
2019-12-27,88.9000015258789,88.94999694824219,88.08999633789062,88.80000305175781,5808900
2019-12-30,88.70999908447266,88.77999877929688,87.30999755859375,88.43000030517578,6543100
2019-12-31,87.98999786376953,88.7699966430664,87.87999725341797,88.2300033569336,5173400
2020-01-02,89.05000305175781,89.80999755859375,88.08000183105469,88.69000244140625,8413900
2020-01-03,87.26000213623047,87.63999938964844,86.44000244140625,87.0199966430664,8340300
2020-01-06,85.91000366210938,86.55000305175781,85.54000091552734,86.51000213623047,8381400
2020-01-07,87.04000091552734,89.48999786376953,86.91000366210938,88.97000122070312,8377400
2020-01-08,88.9000015258789,89.47000122070312,87.91999816894531,88.70999908447266,7619900
2020-01-09,89.66000366210938,90.72000122070312,88.83000183105469,89.91000366210938,9155500
2020-01-10,90.51000213623047,92.38999938964844,89.87000274658203,90.26000213623047,9668300
2020-01-13,91.05000305175781,92.7300033569336,90.55000305175781,90.97000122070312,10367800
2020-01-14,91.12999725341797,91.61000061035156,90.29000091552734,90.55999755859375,7800100
2020-01-15,90.75,91.18000030517578,89.25,89.66999816894531,7259100
2020-01-16,90.22000122070312,92.2300033569336,89.81999969482422,91.79000091552734,9295500
2020-01-17,93.0,96.16999816894531,92.94999694824219,95.91000366210938,23694400
2020-01-21,95.33000183105469,95.72000122070312,93.41999816894531,94.54000091552734,10868500
2020-01-22,95.26000213623047,95.38999938964844,92.70999908447266,92.97000122070312,8342300
2020-01-23,92.8499984741211,92.94999694824219,91.45999908447266,92.0,11282000
2020-01-24,92.68000030517578,93.25,88.83000183105469,89.6500015258789,9471700
2020-01-27,87.30000305175781,88.22000122070312,86.44999694824219,87.05000305175781,9240200
2020-01-28,88.1500015258789,89.54000091552734,87.38999938964844,89.1500015258789,9187000
2020-01-29,88.66000366210938,89.0199966430664,87.3499984741211,88.2300033569336,8158500
2020-01-30,87.30999755859375,87.86000061035156,86.19000244140625,87.77999877929688,8379400
2020-01-31,87.05000305175781,87.16999816894531,85.04000091552734,85.30999755859375,9503600
2020-02-03,85.55000305175781,86.58000183105469,85.16000366210938,86.4800033569336,7792700
2020-02-04,88.25,88.94999694824219,87.37000274658203,88.93000030517578,9236400
2020-02-05,90.98999786376953,91.13999938964844,89.2699966430664,90.91000366210938,14220900
2020-02-06,88.05999755859375,90.77999877929688,86.19000244140625,90.61000061035156,21059000
2020-02-07,89.62000274658203,90.02999877929688,87.37999725341797,87.41999816894531,10725100
2020-02-10,86.77999877929688,88.63999938964844,86.5,88.5999984741211,7481300
2020-02-11,89.37000274658203,91.47000122070312,88.9000015258789,90.0,9452800
2020-02-12,91.6500015258789,92.44000244140625,91.29000091552734,91.72000122070312,9824200
2020-02-13,91.02999877929688,91.37999725341797,89.77999877929688,90.02999877929688,8428300
2020-02-14,90.55000305175781,90.80000305175781,88.79000091552734,89.5999984741211,6256500
2020-02-18,87.83000183105469,89.0,87.52999877929688,88.02999877929688,7248100
2020-02-19,88.91999816894531,90.62000274658203,88.6500015258789,90.55999755859375,7820900
2020-02-20,90.80999755859375,91.87999725341797,88.68000030517578,89.47000122070312,9754900
2020-02-21,88.55999755859375,89.02999877929688,86.33000183105469,87.02999877929688,12257600
2020-02-24,83.9000015258789,84.83000183105469,82.70999908447266,83.31999969482422,12158500
2020-02-25,83.94000244140625,84.4000015258789,79.63999938964844,80.22000122070312,14725000
2020-02-26,81.0,82.02999877929688,79.08999633789062,79.66000366210938,13125000
2020-02-27,77.12999725341797,78.19000244140625,75.33000183105469,75.94000244140625,17898300
2020-02-28,73.76000213623047,79.80999755859375,73.33999633789062,78.30000305175781,20843300
2020-03-02,79.0199966430664,80.70999908447266,77.12999725341797,80.55999755859375,15043400
2020-03-03,80.81999969482422,82.6500015258789,77.83000183105469,78.55999755859375,16356200
2020-03-04,79.12000274658203,81.91000366210938,78.05000305175781,81.80000305175781,9894900
2020-03-05,79.45999908447266,81.37000274658203,78.69999694824219,79.16999816894531,9396200
2020-03-06,76.33000183105469,78.08000183105469,75.83000183105469,77.47000122070312,11536500
2020-03-09,72.4000015258789,76.0999984741211,71.83000183105469,72.63999938964844,13898500
2020-03-10,74.80000305175781,79.04000091552734,74.16000366210938,78.88999938964844,13615600
2020-03-11,76.29000091552734,77.79000091552734,73.72000122070312,74.62000274658203,13376500
2020-03-12,69.5199966430664,72.52999877929688,67.0,67.0199966430664,19386200
2020-03-13,71.18000030517578,76.66999816894531,67.26000213623047,75.80999755859375,15971400
2020-03-16,68.27999877929688,71.16999816894531,64.45999908447266,64.4800033569336,16134700
2020-03-17,65.91000366210938,69.80999755859375,62.20000076293945,68.86000061035156,16864500
2020-03-18,63.560001373291016,65.55999755859375,58.0,61.189998626708984,18381200
2020-03-19,61.119998931884766,67.55000305175781,59.040000915527344,65.0,17127400
2020-03-20,65.02999877929688,67.9800033569336,60.790000915527344,60.90999984741211,16591500
2020-03-23,61.54999923706055,64.86000061035156,59.11000061035156,62.529998779296875,14920300
2020-03-24,66.0,67.62000274658203,62.189998626708984,65.45999908447266,18966800
2020-03-25,65.9000015258789,66.95999908447266,62.459999084472656,63.08000183105469,15969800
2020-03-26,64.0,69.66000366210938,63.25,68.9800033569336,15820300
2020-03-27,66.5,69.12000274658203,65.93000030517578,66.58999633789062,9739100
2020-03-30,67.19000244140625,69.5,66.05999755859375,69.02999877929688,9880800
2020-03-31,69.30000305175781,70.36000061035156,66.66000366210938,67.6500015258789,13213900
2020-04-01,65.0,68.69999694824219,65.0,65.9000015258789,14167900
2020-04-02,65.87000274658203,68.26000213623047,65.30999755859375,68.0199966430664,15432900
2020-04-03,67.68000030517578,68.69000244140625,64.55000305175781,65.2300033569336,8600700
2020-04-06,68.5,71.37000274658203,67.6500015258789,70.94999694824219,12153100
2020-04-07,73.66000366210938,74.9000015258789,70.86000061035156,72.7300033569336,11285600
2020-04-08,73.69999694824219,74.37999725341797,72.41999816894531,73.33000183105469,10695600
2020-04-09,74.62000274658203,74.83999633789062,70.0,71.58000183105469,15459400
2020-04-13,71.70999908447266,73.51000213623047,71.44000244140625,73.30000305175781,7896500
2020-04-14,75.0,77.66999816894531,74.97000122070312,77.55000305175781,11314100
2020-04-15,75.86000061035156,76.33999633789062,74.02999877929688,75.98999786376953,9951700
2020-04-16,76.86000061035156,77.69000244140625,75.37999725341797,76.8499984741211,8819700
2020-04-17,77.31999969482422,78.25,75.4800033569336,76.16999816894531,9926000
2020-04-20,75.0199966430664,76.2300033569336,74.0999984741211,74.30999755859375,7217700
2020-04-21,73.30999755859375,73.97000122070312,71.75,71.83999633789062,9273800
2020-04-22,73.79000091552734,75.33999633789062,72.75,74.68000030517578,7365300
2020-04-23,75.0,76.16999816894531,73.76000213623047,73.80999755859375,7673800
2020-04-24,73.91999816894531,76.11000061035156,73.66000366210938,76.04000091552734,6071300
2020-04-27,76.58999633789062,77.81999969482422,75.48999786376953,75.9800033569336,7219500
2020-04-28,77.11000061035156,77.77999877929688,75.16000366210938,75.29000091552734,6250500
2020-04-29,77.16999816894531,79.23999786376953,76.83000183105469,78.97000122070312,11950200
2020-04-30,80.2699966430664,80.87000274658203,77.27999877929688,78.66999816894531,17113500
2020-05-01,76.8499984741211,77.58999633789062,74.68000030517578,75.63999938964844,9742100
2020-05-04,75.16000366210938,75.94000244140625,74.08999633789062,75.68000030517578,7202400
2020-05-05,76.75,78.80999755859375,76.55999755859375,77.62999725341797,7540800
2020-05-06,78.80999755859375,80.13999938964844,78.5199966430664,78.87000274658203,8179700
2020-05-07,79.69999694824219,80.16999816894531,78.26000213623047,78.83000183105469,7291800
2020-05-08,79.69999694824219,81.08999633789062,79.36000061035156,80.55999755859375,7887200
2020-05-11,80.29000091552734,81.2699966430664,79.54000091552734,80.4800033569336,6604600
2020-05-12,81.29000091552734,81.79000091552734,78.4000015258789,78.41999816894531,7318100
2020-05-13,78.86000061035156,79.51000213623047,76.75,78.0,9584800
2020-05-14,77.5,80.0,76.47000122070312,79.87000274658203,9956800
2020-05-15,74.66999816894531,77.69999694824219,74.37000274658203,75.7699966430664,29597800
2020-05-18,77.2699966430664,80.18000030517578,77.20999908447266,79.94000244140625,13191000
2020-05-19,79.75,80.1500015258789,78.0,78.08999633789062,8118400
2020-05-20,79.95999908447266,81.95999908447266,79.69000244140625,80.62999725341797,11379200
2020-05-21,79.47000122070312,80.08999633789062,77.87000274658203,78.0,8141500
2020-05-22,78.26000213623047,78.76000213623047,77.29000091552734,78.69999694824219,5530400
2020-05-26,80.19000244140625,80.56999969482422,77.77999877929688,78.0199966430664,10067300
2020-05-27,78.2699966430664,79.31999969482422,76.16000366210938,79.29000091552734,9125900
2020-05-28,80.23999786376953,81.4800033569336,77.7300033569336,78.11000061035156,11161700
2020-05-29,78.69999694824219,81.19999694824219,77.9000015258789,80.87999725341797,10558700
2020-06-01,79.88999938964844,80.4800033569336,79.23999786376953,79.7300033569336,6474800
2020-06-02,79.93000030517578,84.87999725341797,79.91000366210938,84.62999725341797,13255300
2020-06-03,84.94999694824219,85.94999694824219,83.62000274658203,84.11000061035156,13029300
2020-06-04,83.94999694824219,86.69999694824219,83.94999694824219,86.04000091552734,12109000
2020-06-05,88.0,89.4800033569336,87.81999969482422,88.55000305175781,11882100
2020-06-08,89.0,91.5,88.33999633789062,91.37000274658203,9748300
2020-06-09,90.2300033569336,90.38999938964844,89.05999755859375,89.75,7327700
2020-06-10,90.25,92.13999938964844,90.02999877929688,91.01000213623047,9079700
2020-06-11,88.62000274658203,89.05999755859375,83.91000366210938,84.0199966430664,15241700
2020-06-12,86.25,87.13999938964844,83.52999877929688,85.23999786376953,10113200
2020-06-15,83.66999816894531,86.56999969482422,83.0999984741211,86.38999938964844,9852600
2020-06-16,89.9000015258789,90.44000244140625,87.76000213623047,89.5199966430664,12639800
2020-06-17,90.68000030517578,91.08999633789062,89.30000305175781,89.94000244140625,7620300
2020-06-18,89.8499984741211,90.48999786376953,89.02999877929688,89.91999816894531,5709500
2020-06-19,89.87000274658203,90.25,87.54000091552734,88.80999755859375,23213800
2020-06-22,88.72000122070312,89.44000244140625,87.61000061035156,89.12999725341797,8028000
2020-06-23,90.13999938964844,90.61000061035156,89.11000061035156,89.3499984741211,7778700
2020-06-24,89.16999816894531,89.83000183105469,87.41999816894531,89.13999938964844,8208800
2020-06-25,88.69999694824219,89.45999908447266,87.31999969482422,88.95999908447266,7062600
2020-06-26,89.06999969482422,89.7300033569336,87.54000091552734,88.0199966430664,9126500
2020-06-29,88.20999908447266,89.1500015258789,86.68000030517578,89.01000213623047,5870400
2020-06-30,89.19999694824219,91.93000030517578,89.0,91.20999908447266,9378500
2020-07-01,91.01000213623047,91.30000305175781,89.58000183105469,89.77999877929688,6990600
2020-07-02,91.08999633789062,92.5,90.80000305175781,91.87000274658203,8317300
2020-07-06,93.20999908447266,93.75,92.0999984741211,92.91999816894531,6933100
2020-07-07,92.97000122070312,93.55000305175781,91.91000366210938,92.13999938964844,6722400
2020-07-08,93.2699966430664,93.5999984741211,92.33999633789062,93.52999877929688,6692700
2020-07-09,93.94999694824219,93.94999694824219,91.44000244140625,93.25,6287700
2020-07-10,93.0,93.5199966430664,91.55999755859375,92.51000213623047,5687600
2020-07-13,93.30000305175781,94.12999725341797,91.19999694824219,91.33000183105469,7606400
2020-07-14,90.86000061035156,92.62000274658203,89.19999694824219,92.37999725341797,6571000
2020-07-15,92.93000030517578,92.93000030517578,91.01000213623047,92.55000305175781,6154100
2020-07-16,91.26000213623047,91.75,90.68000030517578,91.19999694824219,6178700
2020-07-17,91.68000030517578,92.45999908447266,91.0,92.2300033569336,5985700
2020-07-20,92.19000244140625,93.2699966430664,91.30000305175781,93.16999816894531,5407500
2020-07-21,93.55000305175781,93.8499984741211,91.80999755859375,92.30999755859375,7098600
2020-07-22,92.73999786376953,93.29000091552734,91.66999816894531,92.5999984741211,4366400
2020-07-23,92.91000366210938,92.97000122070312,89.2300033569336,89.66999816894531,9438500
2020-07-24,89.20999908447266,90.29000091552734,87.51000213623047,88.88999938964844,9520000
2020-07-27,90.0199966430664,92.83999633789062,89.26000213623047,92.69999694824219,8021700
2020-07-28,92.16999816894531,92.58999633789062,90.56999969482422,91.44999694824219,5818400
2020-07-29,92.08000183105469,93.62000274658203,91.73999786376953,93.02999877929688,11453000
2020-07-30,102.41999816894531,107.69000244140625,100.69999694824219,107.19000244140625,42122500
2020-07-31,105.66000366210938,107.75,104.51000213623047,105.61000061035156,16765100
2020-08-03,107.4000015258789,113.0,107.02999877929688,109.58999633789062,18899400
2020-08-04,109.48999786376953,111.0199966430664,108.66000366210938,110.94999694824219,10205400
2020-08-05,111.0,112.45999908447266,110.08000183105469,111.38999938964844,7967400
2020-08-06,111.2300033569336,111.36000061035156,109.93000030517578,111.05999755859375,6392200
2020-08-07,110.01000213623047,111.05000305175781,106.0,108.25,11155900
2020-08-10,108.5999984741211,108.98999786376953,105.72000122070312,106.36000061035156,10087100
2020-08-11,106.19999694824219,112.01000213623047,104.73999786376953,108.83000183105469,17803000
2020-08-12,110.38999938964844,116.25,109.6500015258789,115.79000091552734,18664700
2020-08-13,116.19999694824219,116.19999694824219,112.7699966430664,113.41000366210938,9958400
2020-08-14,113.30000305175781,114.5199966430664,112.56999969482422,113.73999786376953,6641000
2020-08-17,113.29000091552734,114.48999786376953,110.62999725341797,112.18000030517578,10283000
2020-08-18,112.91000366210938,113.37999725341797,111.5199966430664,112.02999877929688,6387000
2020-08-19,112.33000183105469,113.47000122070312,110.75,111.04000091552734,7747600
2020-08-20,110.0,110.9800033569336,109.66999816894531,110.66000366210938,7200300
2020-08-21,110.2300033569336,113.1500015258789,109.94999694824219,113.0,8546900
2020-08-24,114.37000274658203,116.0,113.2699966430664,115.91000366210938,10235000
2020-08-25,116.11000061035156,117.0999984741211,114.44000244140625,115.94999694824219,6208000
2020-08-26,116.25,116.55000305175781,115.16999816894531,116.04000091552734,7487400
2020-08-27,116.43000030517578,118.18000030517578,115.3499984741211,116.0199966430664,8206200
2020-08-28,116.70999908447266,118.26000213623047,116.16999816894531,118.19999694824219,6280300
2020-08-31,118.33000183105469,121.05999755859375,118.12000274658203,119.0999984741211,9694600
2020-09-01,121.08000183105469,122.56999969482422,119.51000213623047,122.01000213623047,9091900
2020-09-02,123.26000213623047,123.93000030517578,121.80999755859375,123.18000030517578,9167700
2020-09-03,121.30000305175781,121.70999908447266,115.5999984741211,116.43000030517578,13560800
2020-09-04,115.69000244140625,117.81999969482422,112.37999725341797,115.97000122070312,11064300
2020-09-08,111.94000244140625,113.87999725341797,109.62000274658203,109.7699966430664,10245200
2020-09-09,113.4800033569336,115.7699966430664,112.30000305175781,114.0199966430664,9708400
2020-09-10,115.1500015258789,115.80999755859375,111.56999969482422,112.44000244140625,6166300
2020-09-11,113.37999725341797,114.8499984741211,112.4000015258789,113.41999816894531,6740200
2020-09-14,115.23999786376953,115.43000030517578,112.6500015258789,113.45999908447266,5397300
2020-09-15,114.94000244140625,117.80999755859375,114.79000091552734,116.58000183105469,8773700
2020-09-16,118.0,118.0,114.54000091552734,114.55999755859375,6340100
2020-09-17,111.91999816894531,115.69999694824219,111.0,114.87999725341797,7418100
2020-09-18,115.04000091552734,115.43000030517578,109.80000305175781,110.69000244140625,15443200
2020-09-21,109.16000366210938,112.13999938964844,108.30000305175781,111.91999816894531,8197600
2020-09-22,112.61000061035156,114.25,110.41999816894531,113.81999969482422,6911200
2020-09-23,113.63999938964844,113.93000030517578,110.06999969482422,110.56999969482422,6553300
2020-09-24,109.38999938964844,113.29000091552734,109.23999786376953,112.19000244140625,6849000
2020-09-25,113.55000305175781,115.75,111.80000305175781,114.5,11718000
2020-09-28,115.95999908447266,118.73999786376953,114.91999816894531,118.47000122070312,9043600
2020-09-29,118.13999938964844,119.25,117.19999694824219,117.37999725341797,5655700
2020-09-30,117.5,119.26000213623047,116.91999816894531,117.68000030517578,5829700
2020-10-01,119.93000030517578,120.20999908447266,117.69999694824219,119.5199966430664,5316800
2020-10-02,116.77999877929688,118.66000366210938,115.43000030517578,115.47000122070312,5834300
2020-10-05,116.9000015258789,120.6500015258789,116.7300033569336,120.5199966430664,5835900
2020-10-06,120.44999694824219,122.5199966430664,119.0999984741211,119.54000091552734,7637000
2020-10-07,121.23999786376953,123.36000061035156,120.6500015258789,123.02999877929688,7410300
2020-10-08,124.0,124.43000030517578,121.83999633789062,122.33999633789062,4757500
2020-10-09,123.93000030517578,125.88999938964844,122.79000091552734,124.87000274658203,11073400
2020-10-12,127.69999694824219,127.69999694824219,124.94999694824219,126.69000244140625,7893800
2020-10-13,127.47000122070312,128.17999267578125,125.4000015258789,127.45999908447266,7605700
2020-10-14,129.0800018310547,132.4199981689453,128.92999267578125,129.8800048828125,13177100
2020-10-15,127.30000305175781,129.13999938964844,126.6500015258789,128.5800018310547,7376600
2020-10-16,129.6999969482422,130.19000244140625,127.73999786376953,129.02999877929688,6625400
2020-10-19,130.1300048828125,131.9600067138672,127.69999694824219,128.4199981689453,5765800
2020-10-20,129.17999267578125,129.3300018310547,127.51000213623047,128.3000030517578,4409800
2020-10-21,128.0399932861328,130.4199981689453,126.37000274658203,128.5500030517578,4344000
2020-10-22,129.50999450683594,129.58999633789062,126.86000061035156,128.3800048828125,3895100
2020-10-23,128.58999633789062,129.10000610351562,127.0999984741211,128.8800048828125,3943100
2020-10-26,127.52999877929688,128.6699981689453,124.4000015258789,126.19999694824219,6065900
2020-10-27,126.51000213623047,126.95999908447266,125.19000244140625,125.91000366210938,5825500
2020-10-28,123.5,123.81999969482422,121.05000305175781,121.58000183105469,8234800
2020-10-29,122.05999755859375,127.69000244140625,121.88999938964844,126.44000244140625,7053300
2020-10-30,123.68000030517578,125.25,121.5999984741211,123.36000061035156,7811200
2020-11-02,124.5,126.16999816894531,122.41000366210938,123.97000122070312,5860300
2020-11-03,125.44000244140625,126.91999816894531,124.69000244140625,125.44999694824219,5832800
2020-11-04,129.32000732421875,129.57000732421875,126.06999969482422,128.97000122070312,12608900
2020-11-05,145.82000732421875,148.8000030517578,141.8300018310547,145.41000366210938,27910900
2020-11-06,146.00999450683594,146.22999572753906,143.9600067138672,145.00999450683594,7278500
2020-11-09,149.41000366210938,149.41000366210938,142.44000244140625,142.61000061035156,10666300
2020-11-10,140.14999389648438,143.1699981689453,138.52999877929688,140.11000061035156,12019900
2020-11-11,144.5,148.08999633789062,144.0,147.69000244140625,10222700
2020-11-12,147.57000732421875,148.50999450683594,143.07000732421875,143.91000366210938,8580700
2020-11-13,145.5399932861328,146.25,143.22999572753906,144.25999450683594,5899200
2020-11-16,145.1999969482422,149.25,144.5500030517578,149.07000732421875,7598500
2020-11-17,149.02000427246094,149.85000610351562,147.17999267578125,148.74000549316406,7438600
2020-11-18,149.24000549316406,153.3300018310547,146.91000366210938,147.0500030517578,12124500
2020-11-19,146.55999755859375,149.3000030517578,145.4600067138672,147.52999877929688,7743700
2020-11-20,148.27999877929688,149.10000610351562,145.94000244140625,146.02999877929688,5551900
2020-11-23,142.35000610351562,147.0,141.8800048828125,143.82000732421875,11649400
2020-11-24,143.38999938964844,146.3300018310547,141.11000061035156,145.92999267578125,10800800
2020-11-25,145.9499969482422,147.49000549316406,144.0399932861328,144.0800018310547,6398900
2020-11-27,145.49000549316406,146.42999267578125,143.6999969482422,143.8300018310547,3878000
2020-11-30,144.6300048828125,147.2899932861328,144.0500030517578,147.1699981689453,8712500
2020-12-01,148.7899932861328,152.38999938964844,147.7899932861328,151.25999450683594,11906100
2020-12-02,150.50999450683594,151.49000549316406,149.6199951171875,149.97999572753906,7800300
2020-12-03,151.0399932861328,152.77000427246094,149.63999938964844,149.91000366210938,6355300
2020-12-04,150.3000030517578,158.08999633789062,150.0,157.6199951171875,12759900
2020-12-07,158.5500030517578,158.97000122070312,156.7100067138672,158.02000427246094,7009300
2020-12-08,157.4600067138672,159.2899932861328,155.8699951171875,158.8000030517578,6088300
2020-12-09,158.60000610351562,161.07000732421875,155.5500030517578,156.02000427246094,7947200
2020-12-10,154.4199981689453,157.85000610351562,152.72999572753906,155.75,7522200
2020-12-11,149.24000549316406,150.27000427246094,141.88999938964844,144.27999877929688,25923100
2020-12-14,144.89999389648438,147.75,143.3300018310547,146.2899932861328,12258500
2020-12-15,149.3699951171875,149.9199981689453,147.10000610351562,148.36000061035156,6616400
2020-12-16,149.13999938964844,150.44000244140625,146.7100067138672,149.74000549316406,6610900
2020-12-17,150.8699951171875,151.22999572753906,148.3800048828125,149.52999877929688,7039000
2020-12-18,150.7899932861328,150.7899932861328,146.1199951171875,147.4199981689453,13288300
2020-12-21,145.00999450683594,147.36000061035156,144.41000366210938,146.8000030517578,7024600
2020-12-22,146.61000061035156,147.02999877929688,144.72000122070312,146.33999633789062,5751500
2020-12-23,147.6300048828125,151.5399932861328,146.8699951171875,146.9600067138672,5186700
2020-12-24,147.8000030517578,148.89999389648438,147.1999969482422,148.7899932861328,2120200
2020-12-28,150.6199951171875,151.07000732421875,147.44000244140625,147.74000549316406,4576600
2020-12-29,148.97000122070312,148.99000549316406,147.02999877929688,148.49000549316406,3543800
2020-12-30,149.1199951171875,151.61000061035156,148.9199981689453,149.9499969482422,3965600
2020-12-31,150.32000732421875,152.55999755859375,150.10000610351562,152.33999633789062,4941700
2021-01-04,153.00999450683594,155.14999389648438,147.13999938964844,148.5,9827000
2021-01-05,148.64999389648438,152.6999969482422,148.5,152.42999267578125,8507200
2021-01-06,151.52999877929688,153.8699951171875,149.47000122070312,151.19000244140625,7174600
2021-01-07,152.3300018310547,156.4199981689453,152.25999450683594,155.6999969482422,8482300
2021-01-08,157.22999572753906,157.52999877929688,154.5399932861328,156.63999938964844,6252400
2021-01-11,156.10000610351562,158.1300048828125,154.9199981689453,156.11000061035156,5147800
2021-01-12,156.63999938964844,156.8699951171875,153.9600067138672,154.4499969482422,4385700
2021-01-13,155.19000244140625,157.92999267578125,153.64999389648438,157.4199981689453,5479900
2021-01-14,159.39999389648438,163.17999267578125,158.5,160.85000610351562,10102400
2021-01-15,160.77000427246094,160.86000061035156,156.8800048828125,157.08999633789062,8607400
2021-01-19,158.94000244140625,164.10000610351562,158.4499969482422,163.77000427246094,8209000
2021-01-20,164.72000122070312,167.94000244140625,164.44000244140625,164.60000610351562,7943300
2021-01-21,165.80999755859375,166.49000549316406,163.33999633789062,164.75,6295700
2021-01-22,164.0,164.27000427246094,161.52000427246094,162.4199981689453,5062300
2021-01-25,164.32000732421875,167.0500030517578,161.72999572753906,164.39999389648438,5370800
2021-01-26,164.1999969482422,164.64999389648438,160.91000366210938,162.5500030517578,6554200
2021-01-27,158.49000549316406,160.72999572753906,152.69000244140625,153.6699981689453,9854000
2021-01-28,156.27999877929688,158.97000122070312,153.11000061035156,155.5500030517578,8087400
2021-01-29,160.25,160.63999938964844,154.75,156.27999877929688,9502100
2021-02-01,157.3699951171875,162.39999389648438,156.49000549316406,161.5800018310547,8265100
2021-02-02,164.50999450683594,165.3800048828125,161.3000030517578,164.77999877929688,6926500
2021-02-03,167.5800018310547,167.5800018310547,161.8000030517578,162.3000030517578,14156700
2021-02-04,150.17999267578125,151.77999877929688,145.1999969482422,147.97000122070312,46141800
2021-02-05,148.85000610351562,148.89999389648438,144.6199951171875,145.83999633789062,24695400
2021-02-08,147.10000610351562,147.60000610351562,145.3000030517578,147.3800048828125,12181600
2021-02-09,147.5500030517578,148.5,145.89999389648438,146.11000061035156,11681300
2021-02-10,147.6199951171875,147.75,144.3699951171875,145.5,11701300
2021-02-11,145.77999877929688,146.57000732421875,143.52999877929688,145.55999755859375,11600200
2021-02-12,145.57000732421875,151.39999389648438,144.8699951171875,147.97999572753906,9155200
2021-02-16,149.0,149.74000549316406,146.05999755859375,147.16000366210938,10211900
2021-02-17,145.82000732421875,146.88999938964844,143.4199981689453,144.75,11937200
2021-02-18,143.5399932861328,144.6999969482422,142.9600067138672,143.91000366210938,8404400
2021-02-19,144.77999877929688,145.85000610351562,143.49000549316406,144.94000244140625,10012500
2021-02-22,142.25,144.1199951171875,139.0800018310547,139.4600067138672,12763900
2021-02-23,136.3800048828125,138.47999572753906,134.44000244140625,137.1199951171875,14425300
2021-02-24,136.39999389648438,141.17999267578125,135.08999633789062,141.10000610351562,13146200
2021-02-25,139.55999755859375,140.8300018310547,135.02000427246094,135.52999877929688,12701100
2021-02-26,136.75999450683594,138.14999389648438,134.6999969482422,136.19000244140625,11772600
2021-03-01,137.5,139.6300048828125,136.4600067138672,139.49000549316406,9421400
2021-03-02,140.0,140.10000610351562,136.77000427246094,137.0399932861328,8693200
2021-03-03,135.60000610351562,136.17999267578125,131.5399932861328,131.66000366210938,14862700
2021-03-04,132.35000610351562,134.1999969482422,126.58000183105469,127.80000305175781,15831100
2021-03-05,130.9199981689453,131.1699981689453,125.4000015258789,129.75,13292000
2021-03-08,129.0,129.77000427246094,122.98999786376953,123.19999694824219,15256100
2021-03-09,127.38999938964844,129.9199981689453,126.33000183105469,129.11000061035156,13130200
2021-03-10,130.6699981689453,131.10000610351562,127.63999938964844,127.87000274658203,12492300
2021-03-11,131.00999450683594,133.24000549316406,130.00999450683594,131.74000549316406,11920200
2021-03-12,129.89999389648438,130.3300018310547,127.62000274658203,129.97999572753906,9365700
2021-03-15,130.05999755859375,131.75999450683594,129.1199951171875,131.63999938964844,7807200
2021-03-16,132.88999938964844,135.44000244140625,132.2899932861328,133.64999389648438,10434700
2021-03-17,131.30999755859375,135.60000610351562,129.67999267578125,133.9199981689453,10781500
2021-03-18,132.44000244140625,133.60000610351562,129.66000366210938,129.75,9579000
2021-03-19,129.7899932861328,132.47999572753906,129.1699981689453,131.02000427246094,17599900
2021-03-22,132.9600067138672,135.5500030517578,132.60000610351562,134.08999633789062,9036900
2021-03-23,134.0,134.35000610351562,131.41000366210938,132.52000427246094,7425700
2021-03-24,132.99000549316406,133.05999755859375,127.11000061035156,127.18000030517578,10962300
2021-03-25,126.66000366210938,127.63999938964844,124.38999938964844,127.27999877929688,10460800
2021-03-26,127.05999755859375,133.35000610351562,127.04000091552734,132.99000549316406,11071600
2021-03-29,132.5399932861328,133.33999633789062,129.77000427246094,131.27000427246094,9750100
2021-03-30,130.1699981689453,131.24000549316406,129.07000732421875,130.11000061035156,7097300
2021-03-31,130.9600067138672,133.52000427246094,130.57000732421875,132.58999633789062,8361300
2021-04-01,134.5,138.42999267578125,133.60000610351562,137.7899932861328,14069600
2021-04-05,139.0399932861328,140.5,138.22999572753906,140.3300018310547,12562800
2021-04-06,139.85000610351562,140.22999572753906,137.63999938964844,138.05999755859375,9100000
2021-04-07,138.3300018310547,139.9499969482422,137.39999389648438,139.42999267578125,6958500
2021-04-08,140.0,140.3699951171875,138.80999755859375,140.33999633789062,7304900
2021-04-09,139.89999389648438,140.67999267578125,138.8800048828125,140.57000732421875,6033200
2021-04-12,138.86000061035156,139.88999938964844,136.0500030517578,137.44000244140625,10355500
2021-04-13,138.3800048828125,138.77000427246094,135.75,137.3000030517578,9225200
2021-04-14,137.0800018310547,137.83999633789062,133.91000366210938,134.75,9967800
2021-04-15,136.0,137.99000549316406,135.57000732421875,137.83999633789062,11733200
2021-04-16,137.6199951171875,139.00999450683594,136.64999389648438,138.2100067138672,6583900
2021-04-19,136.89999389648438,137.0500030517578,134.08999633789062,135.25,8728900
2021-04-20,134.5500030517578,134.77999877929688,132.7899932861328,133.39999389648438,7473700
2021-04-21,132.82000732421875,136.3699951171875,132.5,136.19000244140625,7237900
2021-04-22,135.3699951171875,135.9600067138672,132.47000122070312,132.97000122070312,8345100
2021-04-23,133.74000549316406,136.11000061035156,133.5399932861328,135.42999267578125,7666600
2021-04-26,135.3300018310547,139.69000244140625,135.1199951171875,138.9600067138672,9715400
2021-04-27,138.7100067138672,139.3800048828125,136.97999572753906,138.00999450683594,9284500
2021-04-28,138.1699981689453,138.27000427246094,135.75,136.57000732421875,13118100
2021-04-29,145.00999450683594,145.3000030517578,140.6699981689453,142.67999267578125,20502100
2021-04-30,141.07000732421875,142.08999633789062,138.25999450683594,138.8000030517578,11374600
2021-05-03,139.6999969482422,139.75999450683594,136.8699951171875,137.42999267578125,7920300
2021-05-04,136.0,136.0,132.4199981689453,134.1199951171875,11996300
2021-05-05,136.0800018310547,136.4499969482422,134.11000061035156,134.64999389648438,6285500
2021-05-06,134.49000549316406,136.5399932861328,133.10000610351562,136.0,8352500
2021-05-07,136.94000244140625,138.69000244140625,136.2899932861328,137.85000610351562,6893700
2021-05-10,136.02000427246094,136.67999267578125,128.82000732421875,128.94000244140625,19537200
2021-05-11,125.25,128.55999755859375,124.7699966430664,128.3699951171875,11948000
2021-05-12,126.02999877929688,127.12999725341797,123.68000030517578,124.62000274658203,13529600
2021-05-13,127.12000274658203,128.47999572753906,125.87000274658203,127.11000061035156,10633000
2021-05-14,128.6300048828125,131.4199981689453,127.80999755859375,130.14999389648438,9391100
2021-05-17,129.2899932861328,129.8300018310547,127.70999908447266,129.8000030517578,5917400
2021-05-18,130.63999938964844,131.24000549316406,128.7899932861328,128.91000366210938,8651100
2021-05-19,127.19000244140625,130.8300018310547,126.44999694824219,130.66000366210938,8112900
2021-05-20,131.52999877929688,133.27999877929688,131.4600067138672,132.63999938964844,9208400
2021-05-21,132.13999938964844,132.69000244140625,130.49000549316406,131.4600067138672,8674000
2021-05-24,131.3300018310547,134.0,131.3300018310547,132.91000366210938,8229300
2021-05-25,133.5399932861328,134.3000030517578,132.8000030517578,133.75,7271400
2021-05-26,133.8699951171875,134.52000427246094,132.22000122070312,133.08999633789062,6663300
2021-05-27,132.72999572753906,134.63999938964844,132.7100067138672,133.63999938964844,7379300
2021-05-28,134.14999389648438,135.63999938964844,133.9499969482422,134.5399932861328,7042200
2021-06-01,135.10000610351562,136.07000732421875,133.52999877929688,133.94000244140625,7059600
2021-06-02,133.17999267578125,134.72999572753906,132.47000122070312,133.82000732421875,6026000
2021-06-03,132.64999389648438,133.38999938964844,131.4199981689453,131.77999877929688,6644000
2021-06-04,132.52999877929688,135.0500030517578,132.1999969482422,134.33999633789062,7416700
2021-06-07,133.6999969482422,133.77000427246094,132.63999938964844,133.32000732421875,5563300
2021-06-08,134.05999755859375,135.38999938964844,133.0,134.1999969482422,9657900
2021-06-09,135.10000610351562,135.35000610351562,132.7899932861328,132.88999938964844,6717200
2021-06-10,133.0500030517578,135.10000610351562,132.5800018310547,134.22000122070312,5522300
2021-06-11,133.8000030517578,134.64999389648438,133.64999389648438,134.6199951171875,6529900
2021-06-14,135.1999969482422,137.30999755859375,134.7899932861328,137.30999755859375,7912600
2021-06-15,137.13999938964844,137.3800048828125,135.22999572753906,135.5800018310547,5723600
2021-06-16,136.47000122070312,137.0500030517578,133.66000366210938,134.9499969482422,7404700
2021-06-17,134.30999755859375,136.6199951171875,134.08999633789062,135.35000610351562,6618300
2021-06-18,134.5500030517578,134.5800018310547,132.24000549316406,133.0,12753600
2021-06-21,133.0500030517578,135.10000610351562,132.66000366210938,133.9600067138672,6371400
2021-06-22,134.22000122070312,135.30999755859375,133.2899932861328,135.0800018310547,5976400
2021-06-23,134.88999938964844,136.22999572753906,134.80999755859375,135.52000427246094,6613800
2021-06-24,136.6199951171875,138.50999450683594,136.35000610351562,137.9199981689453,7941700
2021-06-25,138.4499969482422,139.47000122070312,136.97000122070312,137.64999389648438,7949200
2021-06-28,138.22999572753906,140.1699981689453,137.97999572753906,139.72000122070312,6645500
2021-06-29,139.6300048828125,142.9499969482422,139.25,142.6199951171875,6885400
2021-06-30,142.35000610351562,143.6300048828125,141.83999633789062,142.92999267578125,6449700
2021-07-01,142.91000366210938,143.02000427246094,140.35000610351562,140.8000030517578,6094100
2021-07-02,141.99000549316406,142.67999267578125,141.25,142.5800018310547,5399100
2021-07-06,143.0,143.17999267578125,139.67999267578125,141.19000244140625,7095200
2021-07-07,142.24000549316406,142.36000061035156,139.05999755859375,139.97000122070312,5034900
2021-07-08,137.72000122070312,138.8699951171875,135.60000610351562,138.2899932861328,7501100
2021-07-09,137.88999938964844,141.72999572753906,137.80999755859375,141.42999267578125,7356800
2021-07-12,141.39999389648438,143.02000427246094,141.1999969482422,142.47000122070312,6786500
2021-07-13,142.44000244140625,142.66000366210938,140.4199981689453,141.17999267578125,5657600
2021-07-14,143.5,146.33999633789062,142.5,143.75,11305700
2021-07-15,144.1199951171875,144.13999938964844,140.72000122070312,141.4600067138672,6667400
2021-07-16,141.8699951171875,142.50999450683594,139.52999877929688,139.7100067138672,5914300
2021-07-19,138.32000732421875,138.89999389648438,136.80999755859375,138.7899932861328,9371300
2021-07-20,139.02000427246094,140.4199981689453,137.1999969482422,139.5500030517578,6020400
2021-07-21,139.64999389648438,142.22000122070312,139.64999389648438,142.1699981689453,6161900
2021-07-22,142.0,142.85000610351562,141.5,142.44000244140625,3862600
2021-07-23,143.4499969482422,144.99000549316406,142.02999877929688,144.8800048828125,6310400
2021-07-26,143.9499969482422,144.3800048828125,142.24000549316406,143.5,6253900
2021-07-27,142.49000549316406,143.0,138.2100067138672,140.92999267578125,7575800
2021-07-28,141.27000427246094,142.91000366210938,140.13999938964844,142.44000244140625,9303400
2021-07-29,146.5,151.52000427246094,146.41000366210938,150.99000549316406,19446900
2021-07-30,149.1999969482422,150.41000366210938,148.36000061035156,149.8000030517578,8404800
2021-08-02,150.0,152.27999877929688,148.2100067138672,148.86000061035156,10823800
2021-08-03,148.91000366210938,149.5800018310547,146.55999755859375,147.9499969482422,6223400
2021-08-04,148.02000427246094,149.1999969482422,147.3300018310547,148.22000122070312,5556400
2021-08-05,147.24000549316406,147.47000122070312,144.57000732421875,146.8300018310547,7169200
2021-08-06,146.1300048828125,148.22999572753906,145.9199981689453,146.27999877929688,5733300
2021-08-09,146.7899932861328,147.72000122070312,145.75,146.9199981689453,4966600
2021-08-10,147.32000732421875,147.5,142.39999389648438,145.8699951171875,4197100
2021-08-11,146.05999755859375,146.7899932861328,144.39999389648438,146.67999267578125,6216000
2021-08-12,147.75999450683594,148.0,146.38999938964844,147.14999389648438,5777700
2021-08-13,147.0,149.30999755859375,146.92999267578125,148.63999938964844,5764000
2021-08-16,148.39999389648438,149.0800018310547,146.72000122070312,148.1300048828125,4410800
2021-08-17,146.9499969482422,147.0,143.57000732421875,144.41000366210938,7256800
2021-08-18,143.83999633789062,144.66000366210938,141.97999572753906,142.17999267578125,6546500
2021-08-19,140.64999389648438,141.4499969482422,138.9600067138672,140.61000061035156,8661000
2021-08-20,140.61000061035156,142.25999450683594,140.3000030517578,142.08999633789062,6141000
2021-08-23,142.64999389648438,144.61000061035156,142.35000610351562,144.13999938964844,6936900
2021-08-24,144.58999633789062,145.58999633789062,143.83999633789062,144.4600067138672,7066800
2021-08-25,144.4600067138672,145.42999267578125,143.47000122070312,143.8699951171875,5721600
2021-08-26,143.19000244140625,143.75999450683594,141.6199951171875,142.3800048828125,6825100
2021-08-27,142.1999969482422,144.9499969482422,141.9199981689453,144.85000610351562,6274500
2021-08-30,145.58999633789062,147.86000061035156,145.55999755859375,145.94000244140625,5263600
2021-08-31,146.8000030517578,147.52999877929688,144.55999755859375,146.69000244140625,7820500
2021-09-01,146.83999633789062,148.10000610351562,146.22000122070312,146.4499969482422,6451400
2021-09-02,146.6999969482422,146.88999938964844,144.50999450683594,145.1199951171875,6006700
2021-09-03,145.1199951171875,145.99000549316406,144.22999572753906,144.6300048828125,5505800
2021-09-07,144.67999267578125,144.75999450683594,143.1199951171875,143.75,6361200
2021-09-08,143.36000061035156,143.6199951171875,141.49000549316406,142.52000427246094,5981300
2021-09-09,142.47000122070312,143.5399932861328,141.4499969482422,141.5800018310547,6190800
2021-09-10,143.1300048828125,146.0,142.5399932861328,142.67999267578125,6263300
2021-09-13,144.02000427246094,144.72999572753906,142.02999877929688,143.41000366210938,4312800
2021-09-14,144.47000122070312,144.80999755859375,140.6199951171875,141.13999938964844,6442100
2021-09-15,140.80999755859375,141.0,137.52000427246094,138.24000549316406,11289100
2021-09-16,137.32000732421875,138.9600067138672,137.32000732421875,138.39999389648438,6719900
2021-09-17,137.80999755859375,138.0,133.13999938964844,133.60000610351562,14550500
2021-09-20,131.47000122070312,133.1199951171875,130.61000061035156,132.75999450683594,9647100
2021-09-21,133.58999633789062,133.91000366210938,131.27999877929688,131.75,6175300
2021-09-22,132.58999633789062,133.49000549316406,131.97999572753906,133.00999450683594,5163000
2021-09-23,133.75,135.16000366210938,133.22000122070312,133.91000366210938,5918900
2021-09-24,133.11000061035156,134.5500030517578,132.8000030517578,133.8800048828125,4554600
2021-09-27,132.42999267578125,134.0399932861328,132.02000427246094,133.47999572753906,4319500
2021-09-28,131.75,132.74000549316406,129.6999969482422,129.89999389648438,8851700
2021-09-29,130.58999633789062,131.4499969482422,128.88999938964844,129.27999877929688,7037200
2021-09-30,130.35000610351562,131.0800018310547,128.6999969482422,128.97999572753906,6976800
2021-10-01,129.8000030517578,130.02000427246094,126.47000122070312,128.7100067138672,6863700
2021-10-04,128.9199981689453,129.7899932861328,125.91999816894531,126.68000030517578,8470300
2021-10-05,126.12999725341797,128.77000427246094,125.69000244140625,127.52999877929688,9244300
2021-10-06,126.55000305175781,128.27000427246094,126.06999969482422,128.05999755859375,8513700
2021-10-07,129.25999450683594,130.72000122070312,127.58999633789062,127.83999633789062,8010600
2021-10-08,128.58999633789062,128.58999633789062,126.20999908447266,126.55000305175781,6920500
2021-10-11,126.05999755859375,127.2300033569336,124.87999725341797,124.94000244140625,6288200
2021-10-12,125.37999725341797,125.47000122070312,122.16999816894531,122.94999694824219,10531500
2021-10-13,125.19999694824219,126.31999969482422,123.5199966430664,125.04000091552734,12373800
2021-10-14,126.16000366210938,129.3000030517578,125.98999786376953,128.66000366210938,10637900
2021-10-15,129.02000427246094,130.47999572753906,128.67999267578125,130.1999969482422,7609700
2021-10-18,129.32000732421875,130.27000427246094,128.24000549316406,130.1199951171875,5290000
2021-10-19,131.02000427246094,132.8000030517578,130.32000732421875,132.5,7330700
2021-10-20,132.5,133.00999450683594,131.25999450683594,132.16000366210938,4804100
2021-10-21,132.0,133.25999450683594,131.39999389648438,133.0500030517578,4579200
2021-10-22,132.89999389648438,133.69000244140625,131.42999267578125,131.6199951171875,5216200
2021-10-25,131.82000732421875,133.1699981689453,131.3000030517578,131.92999267578125,4876300
2021-10-26,132.89999389648438,133.7899932861328,131.07000732421875,131.94000244140625,5802200
2021-10-27,131.94000244140625,132.36000061035156,130.50999450683594,131.1999969482422,5090400
2021-10-28,131.99000549316406,133.8300018310547,131.8699951171875,133.69000244140625,5016700
2021-10-29,132.86000061035156,133.67999267578125,132.4499969482422,133.0399932861328,5251100
2021-11-01,132.44000244140625,134.8699951171875,132.44000244140625,134.80999755859375,6903000
2021-11-02,134.5500030517578,135.72999572753906,134.1199951171875,135.22999572753906,7321900
2021-11-03,135.75,138.85000610351562,135.0399932861328,138.47999572753906,13216000
2021-11-04,156.32000732421875,159.5800018310547,153.3000030517578,156.11000061035156,48321500
2021-11-05,157.07000732421875,168.5500030517578,155.91000366210938,163.02999877929688,27226600
2021-11-08,163.2100067138672,167.7100067138672,161.27999877929688,165.85000610351562,14541400
2021-11-09,166.50999450683594,169.52000427246094,164.3800048828125,166.74000549316406,12353900
2021-11-10,165.08999633789062,166.1199951171875,159.02999877929688,159.8000030517578,11327100
2021-11-11,161.8000030517578,165.55999755859375,161.38999938964844,164.4199981689453,7624200
2021-11-12,165.0,166.02000427246094,164.3300018310547,164.94000244140625,7371000
2021-11-15,166.5,169.94000244140625,165.80999755859375,168.50999450683594,12350200
2021-11-16,168.11000061035156,183.72999572753906,167.05999755859375,181.80999755859375,33338200
2021-11-17,180.7899932861328,186.3300018310547,178.6300048828125,183.5399932861328,21678900
2021-11-18,185.24000549316406,188.72000122070312,182.75,186.32000732421875,15542600
2021-11-19,184.69000244140625,186.60000610351562,182.3000030517578,185.0,11889100
2021-11-22,181.11000061035156,188.77000427246094,180.97999572753906,181.39999389648438,16062800
2021-11-23,180.33999633789062,181.3300018310547,177.02000427246094,180.94000244140625,10696200
2021-11-24,179.52000427246094,180.77999877929688,177.3300018310547,180.7100067138672,7886200
2021-11-26,175.6699981689453,180.25,175.05999755859375,175.74000549316406,7835900
2021-11-29,179.47999572753906,184.07000732421875,179.0,183.74000549316406,10440500
2021-11-30,183.22000122070312,186.80999755859375,180.33999633789062,180.55999755859375,19309200
2021-12-01,180.88999938964844,183.14999389648438,175.32000732421875,175.6300048828125,10637700
2021-12-02,172.08999633789062,177.88999938964844,171.2100067138672,177.02999877929688,13101400
2021-12-03,178.0399932861328,180.27000427246094,173.7100067138672,176.50999450683594,12111800
2021-12-06,176.8800048828125,176.97999572753906,172.27000427246094,175.4499969482422,8577500
2021-12-07,179.07000732421875,184.77999877929688,178.5,183.72000122070312,9910100
2021-12-08,183.00999450683594,183.72000122070312,180.77999877929688,182.6300048828125,4799400
2021-12-09,181.77000427246094,187.83999633789062,181.50999450683594,182.25999450683594,9398900
2021-12-10,185.5500030517578,185.5500030517578,181.14999389648438,183.8800048828125,6854800
2021-12-13,186.85000610351562,191.3000030517578,183.11000061035156,183.32000732421875,16346800
2021-12-14,181.1999969482422,183.89999389648438,179.41000366210938,181.97999572753906,8542800
2021-12-15,183.97000122070312,189.77999877929688,179.97999572753906,189.27999877929688,11082000
2021-12-16,190.3000030517578,192.67999267578125,176.11000061035156,178.14999389648438,14873000
2021-12-17,175.72999572753906,180.1199951171875,175.02000427246094,176.8000030517578,16232300
2021-12-20,174.2899932861328,177.0800018310547,173.4600067138672,176.6699981689453,6306400
2021-12-21,179.3800048828125,180.14999389648438,174.22000122070312,179.5800018310547,7702400
2021-12-22,179.0,181.52000427246094,177.6300048828125,181.3800048828125,5227200
2021-12-23,181.52999877929688,183.7100067138672,181.3800048828125,182.74000549316406,4918900
2021-12-27,183.2100067138672,186.41000366210938,183.02000427246094,186.3300018310547,4865900
2021-12-28,186.58999633789062,186.72999572753906,183.49000549316406,184.82000732421875,5399400
2021-12-29,184.67999267578125,187.38999938964844,184.55999755859375,186.1999969482422,5417200
2021-12-30,185.8800048828125,186.52000427246094,182.30999755859375,182.72999572753906,4108400
2021-12-31,183.30999755859375,185.14999389648438,182.60000610351562,182.8699951171875,4113300
2022-01-03,182.91000366210938,186.8800048828125,182.24000549316406,186.2100067138672,5990200
2022-01-04,187.0,188.92999267578125,181.00999450683594,187.22999572753906,8484200
2022-01-05,186.5,193.5800018310547,184.72999572753906,186.5,17141200
2022-01-06,184.52000427246094,188.47000122070312,183.0,185.9499969482422,9117700
2022-01-07,186.60000610351562,188.36000061035156,180.1199951171875,180.41000366210938,7386200
2022-01-10,178.27000427246094,180.0,173.75999450683594,179.67999267578125,11159300
2022-01-11,179.19000244140625,185.64999389648438,177.22000122070312,185.39999389648438,9591000
2022-01-12,186.60000610351562,189.4600067138672,185.19000244140625,186.4199981689453,7317500
2022-01-13,188.6999969482422,191.5800018310547,183.2899932861328,183.88999938964844,10190900
2022-01-14,182.8000030517578,190.08999633789062,182.00999450683594,188.69000244140625,9587300
2022-01-18,185.8699951171875,186.0,178.27000427246094,178.86000061035156,10471200
2022-01-19,180.57000732421875,181.2100067138672,172.27000427246094,172.47000122070312,10082700
2022-01-20,174.52999877929688,174.99000549316406,166.2899932861328,166.5,9468500
2022-01-21,166.24000549316406,172.0399932861328,164.57000732421875,164.92999267578125,11898700
2022-01-24,162.17999267578125,170.82000732421875,158.60000610351562,170.07000732421875,17489100
2022-01-25,166.1699981689453,170.32000732421875,161.1999969482422,165.4499969482422,10708500
2022-01-26,168.5800018310547,174.5500030517578,163.89999389648438,167.0,10492200
2022-01-27,169.30999755859375,171.4499969482422,160.61000061035156,161.1999969482422,10743000
2022-01-28,162.00999450683594,166.94000244140625,157.3800048828125,166.80999755859375,10320800
2022-01-31,167.05999755859375,175.9499969482422,165.8000030517578,175.75999450683594,11273500
2022-02-01,176.44000244140625,177.42999267578125,173.11000061035156,177.1300048828125,9724600
2022-02-02,180.94000244140625,188.63999938964844,180.25999450683594,188.1999969482422,25646300
2022-02-03,180.8000030517578,192.10000610351562,177.2899932861328,179.10000610351562,36120200
2022-02-04,178.99000549316406,182.41000366210938,176.80999755859375,179.47000122070312,15708400
2022-02-07,179.6699981689453,180.64999389648438,174.44000244140625,175.08999633789062,10376300
2022-02-08,174.30999755859375,179.2899932861328,173.97999572753906,178.58999633789062,10163900
2022-02-09,181.39999389648438,184.0,178.9499969482422,183.9499969482422,9666900
2022-02-10,179.39999389648438,181.99000549316406,173.4499969482422,174.07000732421875,14362200
2022-02-11,174.6999969482422,175.47999572753906,163.5500030517578,164.63999938964844,13572000
2022-02-14,165.35000610351562,167.85000610351562,162.47999572753906,165.1300048828125,8381700
2022-02-15,169.0,173.9600067138672,168.25,173.0,11100000
2022-02-16,170.67999267578125,173.2100067138672,168.25999450683594,172.60000610351562,8340600
2022-02-17,169.8800048828125,170.77000427246094,166.6999969482422,166.8000030517578,8878900
2022-02-18,167.47000122070312,170.4499969482422,164.24000549316406,167.63999938964844,9591700
2022-02-22,164.05999755859375,169.9600067138672,163.60000610351562,165.88999938964844,9835500
2022-02-23,166.64999389648438,169.16000366210938,161.32000732421875,161.6199951171875,9749000
2022-02-24,156.88999938964844,168.36000061035156,155.7899932861328,167.97999572753906,12567000
2022-02-25,167.61000061035156,171.08999633789062,165.60000610351562,170.92999267578125,7350200
2022-02-28,168.3000030517578,172.99000549316406,168.1999969482422,171.99000549316406,10638900
2022-03-01,170.9600067138672,171.83999633789062,161.72000122070312,163.69000244140625,10723300
2022-03-02,165.25,170.49000549316406,164.35000610351562,169.25,7299400
2022-03-03,170.6699981689453,170.8300018310547,164.5,165.35000610351562,8553900
2022-03-04,163.85000610351562,166.07000732421875,159.88999938964844,162.25999450683594,9057300
2022-03-07,162.32000732421875,163.16000366210938,150.0,150.10000610351562,13416100
2022-03-08,150.66000366210938,158.33999633789062,147.8800048828125,150.75999450683594,11878400
2022-03-09,156.00999450683594,158.47999572753906,154.1699981689453,157.11000061035156,9276800
2022-03-10,154.0399932861328,155.3000030517578,150.3300018310547,154.7100067138672,8888800
2022-03-11,157.9499969482422,158.32000732421875,152.02000427246094,152.33999633789062,7394400
2022-03-14,150.8000030517578,151.2899932861328,140.47000122070312,141.2899932861328,16154200
2022-03-15,142.5,144.42999267578125,139.0500030517578,144.2100067138672,13893000
2022-03-16,146.97000122070312,151.55999755859375,143.57000732421875,150.4499969482422,11727700
2022-03-17,149.19000244140625,152.94000244140625,146.5800018310547,152.8300018310547,8602900
2022-03-18,152.52000427246094,156.02999877929688,149.00999450683594,153.99000549316406,18454200
2022-03-21,153.99000549316406,157.7100067138672,152.80999755859375,155.58999633789062,8986400
2022-03-22,155.4499969482422,159.94000244140625,154.77000427246094,157.61000061035156,7220500
2022-03-23,156.11000061035156,157.2100067138672,152.5800018310547,152.8699951171875,7245600
2022-03-24,154.3000030517578,158.55999755859375,153.58999633789062,158.4600067138672,9261000
2022-03-25,157.97000122070312,158.4600067138672,155.17999267578125,157.97000122070312,7198700
2022-03-28,156.5,158.5,154.0500030517578,158.4499969482422,9470800
2022-03-29,161.2100067138672,161.3000030517578,156.64999389648438,161.07000732421875,10212400
2022-03-30,159.38999938964844,160.27000427246094,151.7899932861328,152.72999572753906,14777800
2022-03-31,152.88999938964844,155.13999938964844,151.02999877929688,152.82000732421875,13364200
2022-04-01,151.94000244140625,152.8699951171875,142.55999755859375,146.99000549316406,19762100
2022-04-04,147.74000549316406,154.1300048828125,146.66000366210938,153.80999755859375,12116000
2022-04-05,151.80999755859375,152.00999450683594,145.27000427246094,145.4600067138672,15946100
2022-04-06,142.89999389648438,143.0,137.4600067138672,139.27999877929688,21054200
2022-04-07,139.7899932861328,141.49000549316406,136.9199981689453,139.22000122070312,10201200
2022-04-08,138.5399932861328,139.9600067138672,136.36000061035156,136.69000244140625,12992500
2022-04-11,134.2899932861328,137.61000061035156,133.69000244140625,135.36000061035156,11210400
2022-04-12,137.9199981689453,140.16000366210938,135.5,136.08999633789062,10591300
2022-04-13,137.5399932861328,142.58999633789062,136.47999572753906,140.5,10440800
2022-04-14,141.0500030517578,141.55999755859375,136.67999267578125,136.91000366210938,8002600
2022-04-18,135.6199951171875,140.35000610351562,135.55999755859375,139.32000732421875,8785700
2022-04-19,138.8300018310547,141.39999389648438,137.5399932861328,141.0500030517578,7213800
2022-04-20,143.2100067138672,144.80999755859375,140.05999755859375,140.33999633789062,7731600
2022-04-21,142.33999633789062,143.63999938964844,135.25999450683594,136.11000061035156,8576500
2022-04-22,136.1300048828125,137.3300018310547,132.64999389648438,132.80999755859375,8315100
2022-04-25,131.32000732421875,136.80999755859375,130.91000366210938,136.55999755859375,9673200
2022-04-26,135.02000427246094,136.35000610351562,132.6300048828125,133.5,9262800
2022-04-27,130.82000732421875,138.11000061035156,130.66000366210938,135.10000610351562,13855900
2022-04-28,142.8699951171875,151.1999969482422,139.1300048828125,148.19000244140625,31111100
2022-04-29,145.80999755859375,147.5,139.52000427246094,139.69000244140625,13693100
2022-05-02,140.60000610351562,145.66000366210938,139.16000366210938,145.27000427246094,13320900
2022-05-03,144.7100067138672,145.69000244140625,142.75999450683594,144.25999450683594,7556800
2022-05-04,144.5800018310547,149.5,140.35000610351562,149.0500030517578,11038100
2022-05-05,146.97999572753906,146.97999572753906,139.17999267578125,141.63999938964844,14561400
2022-05-06,141.25,144.10000610351562,137.8800048828125,140.5800018310547,10080600
2022-05-09,137.99000549316406,140.11000061035156,134.05999755859375,134.9199981689453,11668100
2022-05-10,139.5,139.8000030517578,134.6300048828125,136.80999755859375,8841200
2022-05-11,135.02999877929688,138.2899932861328,131.88999938964844,132.3000030517578,11530900
2022-05-12,131.0,133.05999755859375,127.81999969482422,131.77000427246094,10749800
2022-05-13,134.2899932861328,135.99000549316406,132.5,134.92999267578125,9280700
2022-05-16,133.97999572753906,135.97999572753906,132.0,133.91000366210938,6378800
2022-05-17,137.25,140.0,136.6999969482422,139.69000244140625,9094100
2022-05-18,136.8300018310547,137.27999877929688,129.8800048828125,130.4499969482422,11992700
2022-05-19,130.4499969482422,133.38999938964844,129.47999572753906,130.57000732421875,8419500
2022-05-20,132.8800048828125,133.2899932861328,125.86000061035156,131.60000610351562,11370100
2022-05-23,129.9499969482422,132.42999267578125,128.14999389648438,132.1199951171875,10023400
2022-05-24,130.33999633789062,130.33999633789062,126.05000305175781,128.52999877929688,9157100
2022-05-25,127.80000305175781,132.07000732421875,127.25,131.22999572753906,9766000
2022-05-26,130.00999450683594,136.0,129.86000061035156,134.83999633789062,7932800
2022-05-27,136.10000610351562,140.13999938964844,136.10000610351562,139.75999450683594,9180800
2022-05-31,139.5,143.97000122070312,137.44000244140625,143.22000122070312,16007300
2022-06-01,142.5500030517578,143.91000366210938,138.1699981689453,140.02000427246094,8514300
2022-06-02,140.25999450683594,146.25,139.6999969482422,146.1999969482422,9589500
2022-06-03,142.17999267578125,143.44000244140625,140.61000061035156,141.22000122070312,7458900
2022-06-06,144.9499969482422,144.97000122070312,139.9199981689453,140.44000244140625,7238700
2022-06-07,139.1300048828125,142.14999389648438,138.49000549316406,141.88999938964844,6062800
2022-06-08,140.75,141.75999450683594,137.4499969482422,138.9600067138672,6773000
2022-06-09,137.77000427246094,140.44000244140625,136.69000244140625,136.7100067138672,7153200
2022-06-10,134.75,136.05999755859375,132.4199981689453,133.1999969482422,8544700
2022-06-13,130.58999633789062,131.35000610351562,126.5999984741211,128.66000366210938,12320900
2022-06-14,130.2100067138672,131.92999267578125,128.82000732421875,130.25999450683594,6794700
2022-06-15,131.6699981689453,133.27999877929688,128.2100067138672,131.02999877929688,7860000
2022-06-16,126.26000213623047,126.6500015258789,119.02999877929688,120.81999969482422,16422800
2022-06-17,121.41999816894531,122.83000183105469,118.36000061035156,120.98999786376953,17273400
2022-06-21,123.7699966430664,126.12000274658203,123.72000122070312,124.38999938964844,9208500
2022-06-22,121.80000305175781,123.66000366210938,120.36000061035156,122.16000366210938,9081000
2022-06-23,122.75,122.93000030517578,118.2300033569336,120.08999633789062,7908900
2022-06-24,122.37999725341797,125.37000274658203,121.76000213623047,125.0999984741211,8128000
2022-06-27,126.19999694824219,130.0399932861328,125.44000244140625,127.18000030517578,9947300
2022-06-28,129.77999877929688,136.4499969482422,126.5999984741211,131.60000610351562,27081900
2022-06-29,130.0800018310547,131.57000732421875,126.9000015258789,130.22999572753906,9973300
2022-06-30,127.61000061035156,130.08999633789062,125.33000183105469,127.73999786376953,9277900
2022-07-01,125.75,126.76000213623047,122.0999984741211,123.52999877929688,7672800
2022-07-05,121.0999984741211,126.16999816894531,120.36000061035156,125.83000183105469,8113100
2022-07-06,126.05999755859375,128.22999572753906,125.05999755859375,127.05999755859375,6038400
2022-07-07,130.64999389648438,134.7100067138672,130.25999450683594,134.39999389648438,9408100
2022-07-08,132.52000427246094,136.38999938964844,131.6199951171875,136.00999450683594,8393200
2022-07-11,133.58999633789062,134.60000610351562,131.32000732421875,132.24000549316406,5887200
2022-07-12,133.74000549316406,135.35000610351562,131.9600067138672,132.9499969482422,5991300
2022-07-13,130.5500030517578,136.77999877929688,130.52000427246094,135.63999938964844,7200200
2022-07-14,134.94000244140625,142.35000610351562,133.85000610351562,141.89999389648438,10718700
2022-07-15,143.75999450683594,145.47999572753906,142.02999877929688,144.3699951171875,11880500
2022-07-18,145.97000122070312,146.42999267578125,140.82000732421875,141.69000244140625,7856600
2022-07-19,144.13999938964844,148.47000122070312,143.17999267578125,147.3699951171875,9686500
2022-07-20,147.42999267578125,152.3300018310547,146.6199951171875,151.7100067138672,8517400
2022-07-21,152.8800048828125,155.9199981689453,150.6300048828125,155.86000061035156,8060400
2022-07-22,155.66000366210938,156.66000366210938,152.35000610351562,153.6999969482422,7200100
2022-07-25,152.8000030517578,154.0399932861328,151.6699981689453,153.25,4928900
2022-07-26,152.6199951171875,152.6999969482422,149.80999755859375,149.97000122070312,5941800
2022-07-27,151.52999877929688,154.8000030517578,150.5500030517578,153.4199981689453,12863000
2022-07-28,149.77999877929688,149.99000549316406,143.0,146.4499969482422,17051000
2022-07-29,144.60000610351562,145.30999755859375,140.6699981689453,145.05999755859375,11749400
2022-08-01,144.30999755859375,149.4600067138672,144.07000732421875,147.42999267578125,7611400
2022-08-02,145.69000244140625,149.39999389648438,144.83999633789062,147.02999877929688,5946400
2022-08-03,147.66000366210938,150.33999633789062,146.58999633789062,149.16000366210938,6890200
2022-08-04,148.67999267578125,151.16000366210938,147.7100067138672,151.00999450683594,6254700
2022-08-05,148.57000732421875,151.27999877929688,147.6699981689453,150.2100067138672,5041300
2022-08-08,149.80999755859375,151.19000244140625,146.5500030517578,147.80999755859375,5553300
2022-08-09,145.58999633789062,146.5,141.30999755859375,142.50999450683594,6770800
2022-08-10,145.85000610351562,147.17999267578125,143.69000244140625,146.99000549316406,6840000
2022-08-11,148.30999755859375,151.63999938964844,147.02000427246094,147.8300018310547,6243200
2022-08-12,148.0,151.47000122070312,147.17999267578125,151.2899932861328,4967500
2022-08-15,150.32000732421875,152.6999969482422,148.39999389648438,152.1300048828125,4502900
2022-08-16,151.4499969482422,152.49000549316406,148.85000610351562,150.02999877929688,5270800
2022-08-17,148.22999572753906,149.6300048828125,146.36000061035156,148.52999877929688,5169600
2022-08-18,148.07000732421875,152.91000366210938,147.75999450683594,151.3800048828125,7808200
2022-08-19,149.2899932861328,150.3800048828125,146.89999389648438,147.60000610351562,5400300
2022-08-22,145.3000030517578,145.80999755859375,141.10000610351562,141.61000061035156,6736800
2022-08-23,142.08999633789062,143.61000061035156,140.55999755859375,140.72000122070312,4499300
2022-08-24,140.25,141.7100067138672,138.61000061035156,141.30999755859375,5113100
2022-08-25,142.33999633789062,147.0,142.02000427246094,146.25,5618800
2022-08-26,146.16000366210938,147.36000061035156,138.0500030517578,138.3800048828125,7918600
2022-08-29,137.80999755859375,139.1300048828125,136.11000061035156,137.0800018310547,6852300
2022-08-30,137.8000030517578,138.3000030517578,132.94000244140625,134.41000366210938,6147400
2022-08-31,133.7899932861328,134.1699981689453,131.3000030517578,132.27000427246094,8701100
2022-09-01,129.97999572753906,130.1300048828125,126.08000183105469,129.9199981689453,8716300
2022-09-02,131.63999938964844,132.6699981689453,127.55999755859375,128.47999572753906,6121400
2022-09-06,128.83999633789062,129.52000427246094,126.20999908447266,126.66999816894531,6674200
2022-09-07,127.47000122070312,129.77999877929688,126.37000274658203,128.60000610351562,5340100
2022-09-08,127.47000122070312,129.8000030517578,125.9000015258789,128.85000610351562,6618800
2022-09-09,130.67999267578125,132.61000061035156,130.30999755859375,132.0500030517578,5097300
2022-09-12,133.0,134.22000122070312,132.32000732421875,133.0,7081300
2022-09-13,128.3800048828125,129.89999389648438,124.48999786376953,124.93000030517578,9610900
2022-09-14,126.2699966430664,127.9000015258789,125.5,127.52999877929688,7509300
2022-09-15,126.69999694824219,128.0800018310547,124.2300033569336,124.9800033569336,7459600
2022-09-16,124.12000274658203,125.73999786376953,123.05000305175781,124.94999694824219,13818500
2022-09-19,123.62000274658203,127.18000030517578,123.41000366210938,126.6500015258789,5922700
2022-09-20,125.73999786376953,126.55000305175781,123.88999938964844,124.7699966430664,5672700
2022-09-21,125.44000244140625,129.7899932861328,124.5,124.62000274658203,8123700
2022-09-22,124.75,125.16000366210938,122.47000122070312,123.68000030517578,8753000
2022-09-23,122.33999633789062,122.68000030517578,119.05000305175781,121.19000244140625,10681300
2022-09-26,121.54000091552734,123.18000030517578,119.58999633789062,119.73999786376953,6424600
2022-09-27,121.55999755859375,122.68000030517578,118.75,120.33999633789062,5544400
2022-09-28,118.58000183105469,120.44999694824219,117.77999877929688,118.93000030517578,11321200
2022-09-29,117.27999877929688,117.47000122070312,113.45999908447266,114.83999633789062,12125800
2022-09-30,113.76000213623047,116.27999877929688,112.91999816894531,112.9800033569336,7568100
2022-10-03,114.98999786376953,118.31999969482422,113.66999816894531,117.22000122070312,7481700
2022-10-04,120.4000015258789,122.44999694824219,120.31999969482422,122.37000274658203,6637200
2022-10-05,120.87999725341797,125.55999755859375,120.52999877929688,124.88999938964844,7070300
2022-10-06,124.51000213623047,127.20999908447266,124.4000015258789,125.27999877929688,6238600
2022-10-07,122.62000274658203,124.11000061035156,120.31999969482422,120.91000366210938,8618500
2022-10-10,120.58999633789062,121.04000091552734,113.44999694824219,114.5999984741211,9512600
2022-10-11,112.0,112.48999786376953,108.6500015258789,110.02999877929688,10758800
2022-10-12,110.31999969482422,110.80000305175781,108.37999725341797,108.63999938964844,6987900
2022-10-13,105.37999725341797,115.19999694824219,104.66000366210938,112.86000061035156,10455000
2022-10-14,114.62999725341797,114.98999786376953,109.79000091552734,109.94999694824219,7989800
2022-10-17,113.91999816894531,114.4800033569336,110.61000061035156,111.58999633789062,7886400
2022-10-18,114.94999694824219,116.08999633789062,109.54000091552734,111.20999908447266,8908900
2022-10-19,110.86000061035156,113.66999816894531,110.75,112.8499984741211,5620200
2022-10-20,113.16999816894531,116.08999633789062,111.72000122070312,111.9800033569336,7736400
2022-10-21,111.75,115.98999786376953,111.0199966430664,115.73999786376953,7490100
2022-10-24,116.33999633789062,117.0199966430664,114.23999786376953,116.37999725341797,6525700
2022-10-25,116.56999969482422,119.94000244140625,116.2300033569336,119.16999816894531,6205100
2022-10-26,118.04000091552734,120.73999786376953,116.16000366210938,118.11000061035156,7342300
2022-10-27,119.31999969482422,120.5999984741211,114.37999725341797,114.69999694824219,8937200
2022-10-28,114.16999816894531,119.44999694824219,112.33000183105469,119.20999908447266,9418700
2022-10-31,118.12999725341797,118.37999725341797,115.4000015258789,117.66000366210938,6870800
2022-11-01,119.73999786376953,120.62999725341797,116.75,117.33000183105469,5749100
2022-11-02,118.70999908447266,118.79000091552734,112.25,112.5,13936300
2022-11-03,104.37999725341797,106.5,101.93000030517578,103.87999725341797,24706100
2022-11-04,106.61000061035156,107.5,104.33000183105469,106.69000244140625,11977900
2022-11-07,107.4800033569336,110.27999877929688,106.26000213623047,110.08999633789062,7570800
2022-11-08,111.56999969482422,114.88999938964844,109.91999816894531,112.54000091552734,9383600
2022-11-09,111.45999908447266,113.51000213623047,110.2699966430664,110.43000030517578,9581300
2022-11-10,115.91000366210938,121.0,114.52999877929688,120.68000030517578,11673200
2022-11-11,118.98999786376953,122.16000366210938,118.98999786376953,121.43000030517578,9433800
2022-11-14,120.73999786376953,123.20999908447266,120.26000213623047,120.80000305175781,6971000
2022-11-15,125.6500015258789,128.1300048828125,123.41999816894531,126.0199966430664,12470200
2022-11-16,123.19999694824219,123.83999633789062,119.95999908447266,120.7300033569336,9561700
2022-11-17,118.94999694824219,123.12000274658203,118.70999908447266,122.86000061035156,7273700
2022-11-18,124.04000091552734,124.48999786376953,122.12999725341797,123.8499984741211,6436600
2022-11-21,121.08999633789062,122.5,120.0999984741211,120.19999694824219,8204200
2022-11-22,120.83999633789062,123.79000091552734,120.02999877929688,123.6500015258789,7010200
2022-11-23,123.54000091552734,127.04000091552734,123.29000091552734,125.1500015258789,5481500
2022-11-25,124.86000061035156,125.36000061035156,123.4000015258789,123.44999694824219,3153800
2022-11-28,122.16000366210938,123.44999694824219,118.8499984741211,119.54000091552734,7087500
2022-11-29,120.13999938964844,121.37000274658203,118.31999969482422,118.37999725341797,6277600
2022-11-30,118.75,126.5999984741211,118.06999969482422,126.48999786376953,12776700
2022-12-01,126.72000122070312,128.1999969482422,125.68000030517578,126.80999755859375,7924800
2022-12-02,123.70999908447266,125.81999969482422,123.12000274658203,125.66000366210938,6122200
2022-12-05,124.58000183105469,125.47000122070312,122.43000030517578,123.30000305175781,6091600
2022-12-06,122.81999969482422,123.0,118.56999969482422,119.77999877929688,5968000
2022-12-07,118.5,120.31999969482422,117.76000213623047,118.20999908447266,5427100
2022-12-08,118.9800033569336,122.3499984741211,118.18000030517578,121.75,7347600
2022-12-09,120.41000366210938,121.4000015258789,118.8499984741211,119.05000305175781,6036000
2022-12-12,116.05999755859375,121.25,116.05999755859375,121.20999908447266,9008400
2022-12-13,126.9800033569336,127.94999694824219,121.81999969482422,123.48999786376953,9712700
2022-12-14,124.2300033569336,126.58000183105469,120.0999984741211,121.70999908447266,9444100
2022-12-15,120.25,120.5199966430664,116.08000183105469,116.63999938964844,10207800
2022-12-16,116.08000183105469,116.66000366210938,113.3499984741211,114.52999877929688,12733900
2022-12-19,114.01000213623047,115.16000366210938,111.51000213623047,112.61000061035156,7720200
2022-12-20,111.4000015258789,112.77999877929688,111.0999984741211,112.0999984741211,6260200
2022-12-21,112.76000213623047,114.95999908447266,112.69000244140625,114.58999633789062,5843800
2022-12-22,112.56999969482422,112.58999633789062,107.37999725341797,110.68000030517578,12051400
2022-12-23,109.69999694824219,110.91999816894531,108.20999908447266,110.83999633789062,5356700
2022-12-27,109.75,110.69000244140625,108.88999938964844,109.45999908447266,6158100
2022-12-28,108.87000274658203,110.2699966430664,106.81999969482422,106.97000122070312,5395600
2022-12-29,108.3499984741211,110.66000366210938,108.11000061035156,109.83999633789062,6668600
2022-12-30,107.97000122070312,110.05999755859375,107.22000122070312,109.94000244140625,5642300
