timestamp,ret,equity,drawdown,benchmark_equity,active_ret
2018-01-01,0.0,1000.0,0.0,1000.0,0.0
2018-01-02,0.0,1000.0,0.0,1037.2845160869608,-0.03728451608696085
2018-01-03,0.0,1000.0,0.0,1063.411309962318,-0.0251876832924466
2018-01-04,0.0,1000.0,0.0,1063.179329736505,0.00021814722454007094
2018-01-05,0.0,1000.0,0.0,1180.9507466126854,-0.11077286171973297
2018-01-06,0.0,1000.0,0.0,1277.2618525413204,-0.08155387191623682
2018-01-07,0.0,1000.0,0.0,1256.707795354817,0.016092281426559323
2018-01-08,0.0,1000.0,0.0,1238.689939319059,0.014337347235656257
2018-01-09,0.0,1000.0,0.0,1251.4868244826612,-0.010330983369927755
2018-01-10,0.0,1000.0,0.0,1252.727120826144,-0.0009910582510492022
2018-01-11,0.0,1000.0,0.0,1255.0514413883814,-0.0018554085112360325
2018-01-12,0.0,1000.0,0.0,1288.3688588469545,-0.026546654869952002
2018-01-13,0.0,1000.0,0.0,1312.9027652810403,-0.01904261055800665
2018-01-14,0.0,1000.0,0.0,1284.2844184339947,0.02179776568672195
2018-01-15,0.0,1000.0,0.0,1264.8201280651897,0.015155747503764836
2018-01-16,0.0,1000.0,0.0,1133.6989504082462,0.10366784552798118
2018-01-17,0.0,1000.0,0.0,1147.2905262125398,-0.01198869929217047
2018-01-18,0.0,1000.0,0.0,1145.2134184947747,0.0018104461514400563
2018-01-19,0.0,1000.0,0.0,1168.5206981336667,-0.02035190931444578
2018-01-20,0.0,1000.0,0.0,1220.9370719197623,-0.044857034941541016
2018-01-21,0.0,1000.0,0.0,1165.954639811617,0.04503297784356137
2018-01-22,0.0,1000.0,0.0,1131.521824232022,0.029531865480768933
2018-01-23,0.0,1000.0,0.0,1132.3999890538016,-0.0007760918110224026
2018-01-24,0.0,1000.0,0.0,1162.63767185453,-0.026702298739859614
2018-01-25,0.0,1000.0,0.0,1152.043892698261,0.00911184921384045
2018-01-26,0.0,1000.0,0.0,1149.2182434119384,0.0024527271089510106
2018-01-27,0.0,1000.0,0.0,1169.0978390404869,-0.017298364120575886
2018-01-28,0.0,1000.0,0.0,1199.2651754639546,-0.025803945072917975
2018-01-29,0.0,1000.0,0.0,1168.011391889063,0.0260607780616999
2018-01-30,0.0,1000.0,0.0,1122.5589607852573,0.03891437311265771
2018-01-31,0.0,1000.0,0.0,1126.8506603626824,-0.003823139565357752
2018-02-01,0.0,1000.0,0.0,1072.7878305809995,0.04797692514488353
2018-02-02,0.0,1000.0,0.0,1053.129877371187,0.018324176178588867
2018-02-03,0.0,1000.0,0.0,1066.259136172906,-0.01246689423957086
2018-02-04,0.0,1000.0,0.0,1004.8001034383265,0.057639865066172025
2018-02-05,0.0,1000.0,0.0,933.2318141492187,0.07122639522449101
2018-02-06,0.0,1000.0,0.0,992.7799822087297,-0.06380854912645484
2018-02-07,0.0,1000.0,0.0,983.7958960770393,0.009049423127673031
2018-02-08,0.0,1000.0,0.0,996.1098282098328,-0.012516754930465033
2018-02-09,0.0,1000.0,0.0,1057.090325877913,-0.0612186487283957
2018-02-10,0.0,1000.0,0.0,1040.6094738050292,0.015590769936520674
2018-02-11,0.0,1000.0,0.0,1015.8784275930535,0.023765924522621957
2018-02-12,0.0,1000.0,0.0,1052.4500330530439,-0.0359999823469432
2018-02-13,0.0,1000.0,0.0,1036.76701884968,0.014901433522567184
2018-02-14,0.0,1000.0,0.0,1089.087076512582,-0.050464623885270274
2018-02-15,0.0,1000.0,0.0,1105.891085020487,-0.015429444412942679
2018-02-16,0.0,1000.0,0.0,1116.4114607137328,-0.00951303056489583
2018-02-17,0.0,1000.0,0.0,1141.3525431446974,-0.022340403434249496
2018-02-18,0.0,1000.0,0.0,1107.8055718396727,0.02939229557643503
2018-02-19,0.0,1000.0,0.0,1130.1365436079375,-0.020157843881558675
2018-02-20,0.0,1000.0,0.0,1104.2472530856421,0.022908108465941934
2018-02-21,0.0,1000.0,0.0,1076.9632682489218,0.02470822070010102
2018-02-22,0.0,1000.0,0.0,1052.8685389111808,0.02237284227615063
2018-02-23,0.0,1000.0,0.0,1081.3193678317011,-0.027022204452934146
2018-02-24,0.0,1000.0,0.0,1061.807083557348,0.018044885585911347
2018-02-25,0.0,1000.0,0.0,1065.8755975372728,-0.0038316884893007585
2018-02-26,0.0,1000.0,0.0,1091.6602963879545,-0.024191095949900352
2018-02-27,0.0,1000.0,0.0,1105.8075619805372,-0.012959402883289466
2018-02-28,0.0,1000.0,0.0,1097.5789547398172,0.007441265120291355
2018-03-01,0.0,1000.0,0.0,1110.0813976047164,-0.011390928015618649
2018-03-02,0.0,1000.0,0.0,1105.5326745349319,0.004097648226156706
2018-03-03,0.0,1000.0,0.0,1111.650693499077,-0.005534001034134055
2018-03-04,0.0,1000.0,0.0,1117.0229239530947,-0.004832660551947088
2018-03-05,0.0,1000.0,0.0,1108.0361752055876,0.008045267966125083
2018-03-06,0.0,1000.0,0.0,1080.0968720692408,0.025215154307721952
2018-03-07,0.0,1000.0,0.0,1050.7483552618553,0.027172115359578735
2018-03-08,0.0,1000.0,0.0,1017.3936260109158,0.031743784402714845
2018-03-09,0.0,1000.0,0.0,1022.7804965021608,-0.005294775152431597
2018-03-10,0.0,1000.0,0.0,995.7110812631103,0.0264664953346549
2018-03-11,0.0,1000.0,0.0,1027.9996159962602,-0.0324276141350062
2018-03-12,0.0,1000.0,0.0,1012.8107542499929,0.014775162859907496
2018-03-13,0.0,1000.0,0.0,1050.9651335146687,-0.037671775407765784
2018-03-14,0.0,1000.0,0.0,998.4915986671464,0.049928901705843125
2018-03-15,0.0,1000.0,0.0,1002.3173516265978,-0.0038315324481027796
2018-03-16,0.0,1000.0,0.0,999.7154902182682,0.0025958459205630557
2018-03-17,0.0,1000.0,0.0,977.542085589743,0.02217971497439151
2018-03-18,0.0,1000.0,0.0,982.1717688075595,-0.004736044909026508
2018-03-19,0.0,1000.0,0.0,995.4890979515872,-0.013559063258554018
2018-03-20,0.0,1000.0,0.0,1002.6415425383692,-0.007184854762849501
2018-03-21,0.0,1000.0,0.0,1015.5536785735064,-0.012878117938787681
2018-03-22,0.0,1000.0,0.0,1009.4085258120102,0.006051036878846101
2018-03-23,0.0,1000.0,0.0,1036.8674094910566,-0.027202944077530353
2018-03-24,0.0,1000.0,0.0,1043.7268816367432,-0.006615573103077302
2018-03-25,0.0,1000.0,0.0,1040.1338658505765,0.0034424865828232643
2018-03-26,0.0,1000.0,0.0,1012.9231700116139,0.02616076327512995
2018-03-27,0.0,1000.0,0.0,989.8879225532427,0.02274135703511166
2018-03-28,0.0,1000.0,0.0,993.9191602807308,-0.00407241833710857
2018-03-29,0.0,1000.0,0.0,940.4169236585262,0.05382956558267057
2018-03-30,0.0,1000.0,0.0,941.3711418220574,-0.001014675660896239
2018-03-31,0.0,1000.0,0.0,952.0068191895969,-0.011298070330638963
2018-04-01,0.0,1000.0,0.0,944.8486394885005,0.007519042465672461
2018-04-02,0.0,1000.0,0.0,970.5272718336898,-0.027177508938458623
2018-04-03,0.0,1000.0,0.0,995.9391689236622,-0.02618359919135476
2018-04-04,0.0,1000.0,0.0,959.8936862068922,0.03619245415934919
2018-04-05,0.0,1000.0,0.0,963.623140133532,-0.003885278109680011
2018-04-06,0.0,1000.0,0.0,953.2040519291994,0.01081240971744281
2018-04-07,0.0,1000.0,0.0,967.7098569752497,-0.015217943122138295
2018-04-08,0.0,1000.0,0.0,971.7927983196842,-0.0042191792457260445
2018-04-09,0.0,1000.0,0.0,964.0328551382052,0.007985182844425984
2018-04-10,0.0,1000.0,0.0,973.3440908179938,-0.009658628987757536
2018-04-11,0.0,1000.0,0.0,982.827285154177,-0.009742900199058704
2018-04-12,0.0,1000.0,0.0,1031.7485526657347,-0.04977605755408306
2018-04-13,0.0,1000.0,0.0,1036.5271031635807,-0.004631506858429406
2018-04-14,0.0,1000.0,0.0,1038.544701048188,-0.0019464979530679255
2018-04-15,0.0,1000.0,0.0,1052.2358873546689,-0.013183049600717636
2018-04-16,0.0,1000.0,0.0,1030.7812542661661,0.02038956601493599
2018-04-17,0.0,1000.0,0.0,1019.4311307872057,0.011011185381946707
2018-04-18,0.0,1000.0,0.0,1049.680539528671,-0.029672832060863814
2018-04-19,0.0,1000.0,0.0,1068.9393301503644,-0.01834728748076153
2018-04-20,0.0,1000.0,0.0,1113.1067611954934,-0.04131893157950887
2018-04-21,0.0,1000.0,0.0,1112.804846272503,0.0002712362672796985
2018-04-22,0.0,1000.0,0.0,1106.6545148587425,0.005526873318679436
2018-04-23,0.0,1000.0,0.0,1128.2542646013915,-0.01951806047202192
2018-04-24,0.0,1000.0,0.0,1183.3689046539193,-0.048849485246128914
2018-04-25,-0.009646625830385558,990.3533741696144,-0.009646625830385573,1109.2964859212675,0.05294790275773416
2018-04-26,-6.234772623581186e-05,990.291627888565,-0.009708372111434983,1156.560887144761,-0.04266989388125734
2018-04-27,0.0,990.291627888565,-0.009708372111434983,1136.4276068100346,0.017407886224157374
2018-04-28,0.0,990.291627888565,-0.009708372111434983,1206.4791103692553,-0.0616418530660798
2018-04-29,0.0,990.291627888565,-0.009708372111434983,1210.8715440282872,-0.0036407042784914706
2018-04-30,0.0,990.291627888565,-0.009708372111434983,1184.332549413195,0.021917266737314676
2018-05-01,0.0,990.291627888565,-0.009708372111434983,1186.3149299974598,-0.0016738377960202452
2018-05-02,0.0,990.291627888565,-0.009708372111434983,1205.0806999240085,-0.01581853979245532
2018-05-03,0.0,990.291627888565,-0.009708372111434983,1237.916002725705,-0.027247389161379126
2018-05-04,0.0006146949203797991,990.9003551219228,-0.009099644878077243,1230.375062705872,0.006706336035955448
2018-05-05,0.0033064037081174114,994.1766717304727,-0.005823328269527337,1247.6130071839893,-0.010703913146165351
2018-05-06,-0.002492174966665872,991.6990095167428,-0.008300990483257237,1216.5449262112,0.022409842561119997
2018-05-07,-0.004139577735122968,987.5937943770037,-0.012406205622996254,1182.272782648302,0.024032126264033806
2018-05-08,-9.122712001596867e-06,987.584784843243,-0.012415215156756972,1167.686715962506,0.012328188016849826
2018-05-09,0.0,987.584784843243,-0.012415215156756972,1180.501081246255,-0.010974146668429219
2018-05-10,0.0,987.584784843243,-0.012415215156756972,1133.5641518733078,0.03976017482626591
2018-05-11,0.0,987.584784843243,-0.012415215156756972,1068.2229650341078,0.05764224877014523
2018-05-12,0.0,987.584784843243,-0.012415215156756972,1078.2574507494483,-0.009393624780403382
2018-05-13,0.0,987.584784843243,-0.012415215156756972,1111.7290336339922,-0.03104229222926258
2018-05-14,0.0,987.584784843243,-0.012415215156756972,1100.5526209728566,0.01005318051702077
2018-05-15,0.0,987.584784843243,-0.012415215156756972,1072.7028000772302,0.025305306047981663
2018-05-16,0.0,987.584784843243,-0.012415215156756972,1070.371888428294,0.00217293331272052
2018-05-17,0.0,987.584784843243,-0.012415215156756972,1039.5477522633637,0.02879759502110227
2018-05-18,0.0,987.584784843243,-0.012415215156756972,1088.7027921648073,-0.0472850235060589
2018-05-19,0.0,987.584784843243,-0.012415215156756972,1078.9766716954696,0.008933678263098812
2018-05-20,0.0,987.584784843243,-0.012415215156756972,1102.10828615568,-0.021438475054202884
2018-05-21,0.0,987.584784843243,-0.012415215156756972,1089.704507165834,0.011254591899596449
2018-05-22,0.0,987.584784843243,-0.012415215156756972,1036.0935126566412,0.04919773586018036
2018-05-23,0.0,987.584784843243,-0.012415215156756972,972.1762140700171,0.06169066576117656
2018-05-24,0.0,987.584784843243,-0.012415215156756972,1000.5730511507168,-0.02920955755728308
2018-05-25,0.0,987.584784843243,-0.012415215156756972,982.3699702179231,0.0181926556105614
2018-05-26,0.0,987.584784843243,-0.012415215156756972,976.6435031148881,0.005829236720015674
2018-05-27,0.0,987.584784843243,-0.012415215156756972,967.7410054876435,0.009115401473363602
2018-05-28,0.0,987.584784843243,-0.012415215156756972,914.3502548059771,0.05517049538968636
2018-05-29,0.0,987.584784843243,-0.012415215156756972,977.59186746929,-0.0691656313659941
2018-05-30,0.0,987.584784843243,-0.012415215156756972,978.241908137173,-0.000664940748295928
2018-05-31,0.0,987.584784843243,-0.012415215156756972,1015.7109595006289,-0.03830243935756826
2018-06-01,0.0,987.584784843243,-0.012415215156756972,1018.1170155685961,-0.0023688393292027004
2018-06-02,0.0,987.584784843243,-0.012415215156756972,1036.2905887986578,-0.01785018121901435
2018-06-03,0.0,987.584784843243,-0.012415215156756972,1056.2054790813534,-0.019217476736696444
2018-06-04,0.0,987.584784843243,-0.012415215156756972,1023.2239275187169,0.03122645376856256
2018-06-05,0.0,987.584784843243,-0.012415215156756972,1052.700996217162,-0.028808033027458428
2018-06-06,0.0,987.584784843243,-0.012415215156756972,1066.1565310895792,-0.012781915207422714
2018-06-07,-0.003840807196981988,983.7916620939872,-0.016208337906012844,1055.1629423107668,0.006470613741908968
2018-06-08,-0.00020078989368943478,983.5941266707428,-0.016405873329257248,1045.9304469786869,0.008549039125003377
2018-06-09,-0.0008263581306093837,982.7813256669488,-0.01721867433305124,1034.7395903688314,0.009873069008338111
2018-06-10,-0.0071788833722558065,975.7260531495548,-0.024273946850445212,949.0192413125875,0.07566355336652694
2018-06-11,-4.507543551801607e-05,975.6820718727628,-0.024317928127237223,973.9296935028832,-0.0262937025506458
2018-06-12,0.0,975.6820718727628,-0.024317928127237223,931.9785250807308,0.0430741240379155
2018-06-13,0.0,975.6820718727628,-0.024317928127237223,906.2342628382056,0.027623235460597355
2018-06-14,0.0,975.6820718727628,-0.024317928127237223,945.2347905847358,-0.04303581242270149
2018-06-15,0.0,975.6820718727628,-0.024317928127237223,919.3307900225196,0.0274048319213808
2018-06-16,0.0,975.6820718727628,-0.024317928127237223,931.3415186828897,-0.013064643097699216
2018-06-17,0.0,975.6820718727628,-0.024317928127237223,934.9708243573979,-0.0038968580286646215
2018-06-18,0.0,975.6820718727628,-0.024317928127237223,953.6091658510497,-0.019934677113012382
2018-06-19,0.0,975.6820718727628,-0.024317928127237223,964.1925694446891,-0.011098261187741645
2018-06-20,0.0,975.6820718727628,-0.024317928127237223,952.0738886984735,0.012568734846395964
2018-06-21,0.0,975.6820718727628,-0.024317928127237223,952.4775267723134,-0.0004239566683124085
2018-06-22,0.0,975.6820718727628,-0.024317928127237223,880.1663681464289,0.07591901813256127
2018-06-23,0.0,975.6820718727628,-0.024317928127237223,886.9245953581093,-0.0076783520210079404
2018-06-24,0.0,975.6820718727628,-0.024317928127237223,861.638021348151,0.028510398902342304
2018-06-25,0.0,975.6820718727628,-0.024317928127237223,875.4869992087098,-0.016072849058923984
2018-06-26,0.0,975.6820718727628,-0.024317928127237223,839.974172832201,0.040563510832949325
2018-06-27,0.0,975.6820718727628,-0.024317928127237223,851.6002132854825,-0.013840949911687448
2018-06-28,0.0,975.6820718727628,-0.024317928127237223,826.1494156987407,0.029885851588214662
2018-06-29,0.0,975.6820718727628,-0.024317928127237223,848.9954706166585,-0.0276536598389954
2018-06-30,0.0,975.6820718727628,-0.024317928127237223,875.3992655724769,-0.03110004219061424
2018-07-01,0.0,975.6820718727628,-0.024317928127237223,873.8569964798417,0.0017617893380648595
2018-07-02,0.0,975.6820718727628,-0.024317928127237223,905.9141059317985,-0.03668461725556092
2018-07-03,0.0,975.6820718727628,-0.024317928127237223,890.6795697284961,0.016816755698524748
2018-07-04,0.0,975.6820718727628,-0.024317928127237223,895.3248868247753,-0.0052154750756158485
2018-07-05,0.0,975.6820718727628,-0.024317928127237223,885.1065655566515,0.011412975801848413
2018-07-06,0.0,975.6820718727628,-0.024317928127237223,882.4027020345196,0.0030548451761074186
2018-07-07,0.0,975.6820718727628,-0.024317928127237223,900.5977050853837,-0.02061984058855734
2018-07-08,0.0,975.6820718727628,-0.024317928127237223,894.5337992125509,0.006733201560021567
2018-07-09,0.0,975.6820718727628,-0.024317928127237223,878.8355837683125,0.017549046730327405
2018-07-10,0.0,975.6820718727628,-0.024317928127237223,836.4533345885318,0.0482254587349002
2018-07-11,0.0,975.6820718727628,-0.024317928127237223,845.2860768854669,-0.010559755017630639
2018-07-12,0.0,975.6820718727628,-0.024317928127237223,826.8974032334644,0.021754378966890316
2018-07-13,0.0,975.6820718727628,-0.024317928127237223,836.6963602630251,-0.01185026944242811
2018-07-14,0.0,975.6820718727628,-0.024317928127237223,835.7084793940057,0.0011806922032131992
2018-07-15,0.0,975.6820718727628,-0.024317928127237223,852.0688222184066,-0.019576614606404634
2018-07-16,0.0,975.6820718727628,-0.024317928127237223,898.8026022232692,-0.05484742404162705
2018-07-17,0.0,975.6820718727628,-0.024317928127237223,938.3225836425197,-0.04396958945322828
2018-07-18,0.0,975.6820718727628,-0.024317928127237223,927.9524597850458,0.01105176837715833
2018-07-19,0.0,975.6820718727628,-0.024317928127237223,925.2849976922366,0.0028745676189349772
2018-07-20,0.0,975.6820718727628,-0.024317928127237223,884.5809864942842,0.04399078262316235
2018-07-21,0.0,975.6820718727628,-0.024317928127237223,894.5849500341648,-0.011309268108426711
2018-07-22,0.0,975.6820718727628,-0.024317928127237223,896.4654016727764,-0.002102038088769409
2018-07-23,0.0,975.6820718727628,-0.024317928127237223,893.6627692991758,0.003126314042204933
2018-07-24,0.0,975.6820718727628,-0.024317928127237223,925.4997864227018,-0.035625314399628794
2018-07-25,-0.0034895385678973545,972.2773916529568,-0.027722608347043206,929.0777241235468,-0.007355490514439178
2018-07-26,-0.003904197432325729,968.4814287569569,-0.03151857124304308,915.9257003300194,0.010251802062694413
2018-07-27,0.004092510245566672,972.4449489267859,-0.027555051073214144,932.1938865493062,-0.013668959067309965
2018-07-28,0.0005426424229673099,972.9726388100738,-0.027027361189926182,937.8259551730275,-0.00549909278361016
2018-07-29,-0.000226099742711261,972.7526499467738,-0.02724735005322623,928.1521823485731,0.010089004857554928
2018-07-30,-0.0005767088825784361,972.1916548529978,-0.027808345147002228,907.1992710439106,0.021998157290384488
2018-07-31,-0.0067569239386984226,965.6226297873187,-0.03437737021268129,887.2902079604064,0.015188709968827725
2018-08-01,-2.1993244683327084e-05,965.6013926125501,-0.034398607387449945,881.725125639668,0.006250004655001203
2018-08-02,0.0,965.6013926125501,-0.034398607387449945,868.72522019854,0.014743716678933086
2018-08-03,0.0,965.6013926125501,-0.034398607387449945,871.0085679875842,-0.002628388972663106
2018-08-04,0.0,965.6013926125501,-0.034398607387449945,852.8757474708319,0.020818188457832454
2018-08-05,0.0,965.6013926125501,-0.034398607387449945,856.6388836893227,-0.004412291274139589
2018-08-06,0.0,965.6013926125501,-0.034398607387449945,847.6664951218152,0.010473945017375181
2018-08-07,0.0,965.6013926125501,-0.034398607387449945,815.5527920215285,0.03788483240177097
2018-08-08,0.0,965.6013926125501,-0.034398607387449945,767.6003865868048,0.05879742660908928
2018-08-09,0.0,965.6013926125501,-0.034398607387449945,792.8880076645885,-0.032943731555721376
2018-08-10,0.0,965.6013926125501,-0.034398607387449945,755.868613835441,0.046689309803267354
2018-08-11,0.0,965.6013926125501,-0.034398607387449945,737.3196257858725,0.024539963308500105
2018-08-12,0.0,965.6013926125501,-0.034398607387449945,740.008596677169,-0.003646954180055181
2018-08-13,0.0,965.6013926125501,-0.034398607387449945,696.3015251457168,0.05906292403589402
2018-08-14,0.0,965.6013926125501,-0.034398607387449945,677.0878224673386,0.027593940246443318
2018-08-15,0.0,965.6013926125501,-0.034398607387449945,683.2603663612955,-0.00911631207819376
2018-08-16,0.0,965.6013926125501,-0.034398607387449945,693.8429553882326,-0.01548836951174962
2018-08-17,0.0,965.6013926125501,-0.034398607387449945,761.5585854653135,-0.09759503869170409
2018-08-18,0.0,965.6013926125501,-0.034398607387449945,717.2108437552912,0.05823286948163785
2018-08-19,0.0,965.6013926125501,-0.034398607387449945,730.7073638540849,-0.018818064752237223
2018-08-20,0.0,965.6013926125501,-0.034398607387449945,693.6611706643223,0.050699082864532875
2018-08-21,0.0,965.6013926125501,-0.034398607387449945,711.1738830318636,-0.025246782014292694
2018-08-22,0.0,965.6013926125501,-0.034398607387449945,693.9169358523241,0.024265439987714386
2018-08-23,0.0,965.6013926125501,-0.034398607387449945,705.6250672818586,-0.016872525837914192
2018-08-24,0.0,965.6013926125501,-0.034398607387449945,716.2181393834147,-0.015012323956065934
2018-08-25,0.0,965.6013926125501,-0.034398607387449945,715.2317834792121,0.0013771724701803528
2018-08-26,0.0,965.6013926125501,-0.034398607387449945,712.1409002003898,0.004321512760222809
2018-08-27,0.0,965.6013926125501,-0.034398607387449945,743.2425474958254,-0.04367344620521564
2018-08-28,0.0,965.6013926125501,-0.034398607387449945,760.96778427314,-0.0238485227158152
2018-08-29,0.0,965.6013926125501,-0.034398607387449945,752.4053007135104,0.01125209731159403
2018-08-30,0.0,965.6013926125501,-0.034398607387449945,738.3569189474126,0.0186712955806873
2018-08-31,0.0,965.6013926125501,-0.034398607387449945,740.9164037563013,-0.0034664601132707385
2018-09-01,0.0,965.6013926125501,-0.034398607387449945,763.061269534553,-0.029888480894715772
2018-09-02,0.0,965.6013926125501,-0.034398607387449945,759.9963961195916,0.004016549571217236
2018-09-03,0.0,965.6013926125501,-0.034398607387449945,752.7923519137595,0.009479050483153086
2018-09-04,0.0,965.6013926125501,-0.034398607387449945,754.2258035160226,-0.0019041792847905858
2018-09-05,0.0,965.6013926125501,-0.034398607387449945,673.1070879504709,0.10755229426969388
2018-09-06,0.0,965.6013926125501,-0.034398607387449945,684.2250798004447,-0.016517419068972767
2018-09-07,0.0,965.6013926125501,-0.034398607387449945,662.005966938812,0.032473397303871145
2018-09-08,0.0,965.6013926125501,-0.034398607387449945,637.3132913464995,0.037299777986132314
2018-09-09,0.0,965.6013926125501,-0.034398607387449945,636.2306706867472,0.00169872600250498
2018-09-10,0.0,965.6013926125501,-0.034398607387449945,632.1846595087528,0.006359346325802199
2018-09-11,0.0,965.6013926125501,-0.034398607387449945,618.7444357514487,0.02125996503576666
2018-09-12,0.0,965.6013926125501,-0.034398607387449945,614.3001031750046,0.0071828243126690495
2018-09-13,0.0,965.6013926125501,-0.034398607387449945,640.5741411209366,-0.042770687828530426
2018-09-14,0.0,965.6013926125501,-0.034398607387449945,638.9722877281542,0.0025006526020223845
2018-09-15,0.0,965.6013926125501,-0.034398607387449945,650.0529233057587,-0.01734133982085709
2018-09-16,0.0,965.6013926125501,-0.034398607387449945,649.5238432416235,0.0008139030610686072
2018-09-17,0.0,965.6013926125501,-0.034398607387449945,618.3442996487732,0.04800369365540204
2018-09-18,0.0,965.6013926125501,-0.034398607387449945,650.3411420869481,-0.05174599726454903
2018-09-19,0.0,965.6013926125501,-0.034398607387449945,659.2139448150442,-0.013643305265330927
2018-09-20,0.0,965.6013926125501,-0.034398607387449945,717.313245457018,-0.08813421059876801
2018-09-21,0.0,965.6013926125501,-0.034398607387449945,772.0425361511457,-0.076297616195918
2018-09-22,0.00091840876095306,966.4882093911139,-0.03351179060888614,762.8900943446095,0.01277325014335132
2018-09-23,-0.0001847213881503995,966.3096783474441,-0.033690321652555894,772.3517836800474,-0.012587149215669169
2018-09-24,-0.007881150676207871,958.69404617251,-0.04130595382749004,736.1061513996711,0.039047765714294504
2018-09-25,0.0032403170011210403,961.8005187891962,-0.03819948121080381,733.2738706453958,0.007087969610584935
2018-09-26,3.1353549645896095e-05,961.8306746495116,-0.038169325350488406,724.3247771564364,0.01223565244424978
2018-09-27,0.0,961.8306746495116,-0.038169325350488406,754.1395743064631,-0.04116219421220694
2018-09-28,0.0,961.8306746495116,-0.038169325350488406,745.5570976860536,0.011380488324462177
2018-09-29,0.0,961.8306746495116,-0.038169325350488406,756.191557677444,-0.0142637767441233
2018-09-30,0.0,961.8306746495116,-0.038169325350488406,760.8142591323773,-0.006113135498538583
2018-10-01,0.0,961.8306746495116,-0.038169325350488406,758.0675078915418,0.0036102783404293737
2018-10-02,0.0,961.8306746495116,-0.038169325350488406,743.6402253106901,0.019031659358385085
2018-10-03,0.0,961.8306746495116,-0.038169325350488406,741.2657698792467,0.0031930163950602314
2018-10-04,0.0,961.8306746495116,-0.038169325350488406,744.3922494285414,-0.0042177578897295565
2018-10-05,0.0,961.8306746495116,-0.038169325350488406,752.3038101466514,-0.010628214794261395
2018-10-06,0.0,961.8306746495116,-0.038169325350488406,738.8411234306105,0.017895279187030093
2018-10-07,0.0,961.8306746495116,-0.038169325350488406,743.6604165097365,-0.006522773200209664
2018-10-08,0.0,961.8306746495116,-0.038169325350488406,751.7484205439623,-0.010875937262044642
2018-10-09,0.0,961.8306746495116,-0.038169325350488406,745.9552416968573,0.007706273387196586
2018-10-10,0.0,961.8306746495116,-0.038169325350488406,739.2958539060829,0.00892732890464852
2018-10-11,0.0,961.8306746495116,-0.038169325350488406,669.8097734494158,0.09398954436107831
2018-10-12,0.0,961.8306746495116,-0.038169325350488406,687.8238984538577,-0.02689438959911253
2018-10-13,0.0,961.8306746495116,-0.038169325350488406,693.0182361877314,-0.0075518424782126115
2018-10-14,0.0,961.8306746495116,-0.038169325350488406,684.3453633875852,0.012514638644800338
2018-10-15,0.0,961.8306746495116,-0.038169325350488406,728.4620689857495,-0.06446555782855283
2018-10-16,0.0,961.8306746495116,-0.038169325350488406,732.4264688045203,-0.005442149958872108
2018-10-17,0.0,961.8306746495116,-0.038169325350488406,733.7149123765009,-0.0017591439234624679
2018-10-18,0.0,961.8306746495116,-0.038169325350488406,717.445324274836,0.02217426390989896
2018-10-19,0.0,961.8306746495116,-0.038169325350488406,713.9330647260615,0.00489550831253162
2018-10-20,0.0,961.8306746495116,-0.038169325350488406,719.3877529588879,-0.007640335631351215
2018-10-21,0.0,961.8306746495116,-0.038169325350488406,717.8043226902998,0.0022010803799138606
2018-10-22,0.0,961.8306746495116,-0.038169325350488406,716.4147816451609,0.0019358215062442094
2018-10-23,0.0,961.8306746495116,-0.038169325350488406,715.9863325064092,0.0005980462013469737
2018-10-24,0.0,961.8306746495116,-0.038169325350488406,713.3549798107531,0.0036751437509213248
2018-10-25,0.0,961.8306746495116,-0.038169325350488406,710.3277827249864,0.004243605457930392
2018-10-26,0.0,961.8306746495116,-0.038169325350488406,711.807544580937,-0.0020832098813222994
2018-10-27,0.0,961.8306746495116,-0.038169325350488406,707.0369158941603,0.006702132792910146
2018-10-28,0.0,961.8306746495116,-0.038169325350488406,708.1063734981491,-0.0015125908986468911
2018-10-29,0.0,961.8306746495116,-0.038169325350488406,689.989174331634,0.025585420276636604
2018-10-30,0.0,961.8306746495116,-0.038169325350488406,690.3763193149181,-0.0005610884890462511
2018-10-31,0.0,961.8306746495116,-0.038169325350488406,694.2788313288772,-0.005652731567953666
2018-11-01,0.0,961.8306746495116,-0.038169325350488406,699.4401484238269,-0.007434069515083376
2018-11-02,0.0,961.8306746495116,-0.038169325350488406,704.1700973434746,-0.006762478434082604
2018-11-03,0.0,961.8306746495116,-0.038169325350488406,698.7486301603597,0.007699087484071998
2018-11-04,0.0,961.8306746495116,-0.038169325350488406,719.0673780935817,-0.02907876603430196
2018-11-05,0.0,961.8306746495116,-0.038169325350488406,723.6435579378835,-0.006364048743852292
2018-11-06,0.0,961.8306746495116,-0.038169325350488406,748.3732644386511,-0.0341738777738008
2018-11-07,0.0,961.8306746495116,-0.038169325350488406,742.4437659359966,0.007923183235443514
2018-11-08,0.0,961.8306746495116,-0.038169325350488406,724.0320827734461,0.024798757841732164
2018-11-09,0.0,961.8306746495116,-0.038169325350488406,719.9049405505483,0.005700220088436593
2018-11-10,0.0,961.8306746495116,-0.038169325350488406,723.2877339285951,-0.0046989445237863225
2018-11-11,0.0,961.8306746495116,-0.038169325350488406,725.1122017170134,-0.002522464716093647
2018-11-12,0.0,961.8306746495116,-0.038169325350488406,727.2542272775302,-0.0029540608411287345
2018-11-13,0.0,961.8306746495116,-0.038169325350488406,720.4107859394413,0.00940997120595263
2018-11-14,0.0,961.8306746495116,-0.038169325350488406,675.427188578711,0.062441593377964365
2018-11-15,0.0,961.8306746495116,-0.038169325350488406,665.4536040455604,0.014766335589980957
2018-11-16,0.0,961.8306746495116,-0.038169325350488406,649.2569894248203,0.024339209408852053
2018-11-17,0.0,961.8306746495116,-0.038169325350488406,650.2268962849042,-0.0014938720350831896
2018-11-18,0.0,961.8306746495116,-0.038169325350488406,660.047109376892,-0.01510274820696573
2018-11-19,0.0,961.8306746495116,-0.038169325350488406,595.6488881508582,0.0975660984059578
2018-11-20,0.0,961.8306746495116,-0.038169325350488406,552.2249986697998,0.0729018224408412
2018-11-21,0.0,961.8306746495116,-0.038169325350488406,567.7775450301613,-0.028163423238398298
2018-11-22,0.0,961.8306746495116,-0.038169325350488406,537.4320380021161,0.053446120392861375
2018-11-23,0.0,961.8306746495116,-0.038169325350488406,532.9447787121256,0.008349445088297412
2018-11-24,0.0,961.8306746495116,-0.038169325350488406,497.3642896177387,0.06676205587447197
2018-11-25,0.0,961.8306746495116,-0.038169325350488406,502.931740101333,-0.011193908770316816
2018-11-26,0.0,961.8306746495116,-0.038169325350488406,484.26923435948396,0.03710743278618459
2018-11-27,0.0,961.8306746495116,-0.038169325350488406,484.9447752759652,-0.001394969716328877
2018-11-28,0.0,961.8306746495116,-0.038169325350488406,519.1815358555822,-0.07059929774505565
2018-11-29,0.0,961.8306746495116,-0.038169325350488406,514.6895724538854,0.008652009155707503
2018-11-30,0.0,961.8306746495116,-0.038169325350488406,495.78108998631706,0.03673764435797359
2018-12-01,0.0,961.8306746495116,-0.038169325350488406,509.1532193639089,-0.02697184230637149
2018-12-02,0.0,961.8306746495116,-0.038169325350488406,508.08038307888535,0.002107099089668583
2018-12-03,0.0,961.8306746495116,-0.038169325350488406,486.0885056820929,0.043284248180426234
2018-12-04,0.0,961.8306746495116,-0.038169325350488406,497.6271708333357,-0.023737786465556115
2018-12-05,0.0,961.8306746495116,-0.038169325350488406,483.27918723626294,0.02883279780130445
2018-12-06,0.0,961.8306746495116,-0.038169325350488406,443.73498520446964,0.08182475694419089
2018-12-07,0.0,961.8306746495116,-0.038169325350488406,434.61523262423304,0.020552250519607424
2018-12-08,0.0,961.8306746495116,-0.038169325350488406,435.83283861335656,-0.0028015722821574463
2018-12-09,0.0,961.8306746495116,-0.038169325350488406,445.2881742197485,-0.021694867317650943
2018-12-10,0.0,961.8306746495116,-0.038169325350488406,434.40309752645237,0.024445016336599044
2018-12-11,0.0,961.8306746495116,-0.038169325350488406,434.5203803898993,-0.0002699862503622308
2018-12-12,0.0,961.8306746495116,-0.038169325350488406,441.17701173197537,-0.015319491656762116
2018-12-13,0.0,961.8306746495116,-0.038169325350488406,428.5281519192863,0.02867071374148013
2018-12-14,0.0,961.8306746495116,-0.038169325350488406,419.78094375177807,0.020412213592809186
2018-12-15,0.0,961.8306746495116,-0.038169325350488406,418.5815697407039,0.0028571425857370886
2018-12-16,0.0,961.8306746495116,-0.038169325350488406,422.87374056220034,-0.010254084584171526
2018-12-17,0.0,961.8306746495116,-0.038169325350488406,456.3093179208219,-0.07906751862664681
2018-12-18,0.0,961.8306746495116,-0.038169325350488406,477.6937267037503,-0.0468638442019257
2018-12-19,0.0,961.8306746495116,-0.038169325350488406,472.44755941796046,0.010982282145487274
2018-12-20,0.0,961.8306746495116,-0.038169325350488406,509.47888330342363,-0.07838187148449778
2018-12-21,0.0,961.8306746495116,-0.038169325350488406,498.5535552222646,0.0214441234744018
2018-12-22,0.0,961.8306746495116,-0.038169325350488406,512.9320701514729,-0.028840462130087667
2018-12-23,0.0,961.8306746495116,-0.038169325350488406,528.7742406093299,-0.030885513657156558
2018-12-24,0.0,961.8306746495116,-0.038169325350488406,546.5609627343221,-0.03363764865795244
2018-12-25,0.0,961.8306746495116,-0.038169325350488406,515.5963820197948,0.056653480262509937
2018-12-26,0.0,961.8306746495116,-0.038169325350488406,517.782470829452,-0.004239922710654971
2018-12-27,0.0,961.8306746495116,-0.038169325350488406,483.2924112729194,0.06661109925425214
2018-12-28,0.0,961.8306746495116,-0.038169325350488406,528.0141057473246,-0.09253547837967273
2018-12-29,0.0,961.8306746495116,-0.038169325350488406,517.0065663955057,0.020847055470685754
2018-12-30,0.0,961.8306746495116,-0.038169325350488406,530.6642422466623,-0.02641683247154087
2018-12-31,0.0,961.8306746495116,-0.038169325350488406,520.8821572869134,0.018433661402047035
2019-01-01,0.0,961.8306746495116,-0.038169325350488406,530.91575342737,-0.019262698865935252
2019-01-02,0.0,961.8306746495116,-0.038169325350488406,545.8730685729064,-0.028172671556604318
2019-01-03,0.0,961.8306746495116,-0.038169325350488406,530.3445400596325,0.028447141665864945
2019-01-04,0.0,961.8306746495116,-0.038169325350488406,537.9026149076496,-0.014251254188772076
2019-01-05,0.0,961.8306746495116,-0.038169325350488406,538.6524211976132,-0.001393944311075915
2019-01-06,0.0,961.8306746495116,-0.038169325350488406,557.4972985146313,-0.03498522716210856
2019-01-07,0.0,961.8306746495116,-0.038169325350488406,552.9015075449116,0.00824361119231357
2019-01-08,0.0,961.8306746495116,-0.038169325350488406,556.0775269203644,-0.005744276931990184
2019-01-09,0.0,961.8306746495116,-0.038169325350488406,563.9908468235668,-0.014230605482346035
2019-01-10,0.0,961.8306746495116,-0.038169325350488406,513.9216151402576,0.08877667424090728
2019-01-11,0.0,961.8306746495116,-0.038169325350488406,515.1577082063593,-0.002405217118109323
2019-01-12,0.0,961.8306746495116,-0.038169325350488406,512.0167328170471,0.00609711422206657
2019-01-13,0.0,961.8306746495116,-0.038169325350488406,490.45123082147427,0.042118744590479075
2019-01-14,0.0,961.8306746495116,-0.038169325350488406,519.8636052185368,-0.0599700287178372
2019-01-15,0.0,961.8306746495116,-0.038169325350488406,506.60031517165316,0.025513019018340594
2019-01-16,0.0,961.8306746495116,-0.038169325350488406,517.1176123856309,-0.020760542184846655
2019-01-17,0.0,961.8306746495116,-0.038169325350488406,521.1970879340863,-0.007888873731519854
2019-01-18,0.0,961.8306746495116,-0.038169325350488406,518.5031701577254,0.005168712256315449
2019-01-19,0.0,961.8306746495116,-0.038169325350488406,526.3541053500433,-0.015141537495189475
2019-01-20,0.0,961.8306746495116,-0.038169325350488406,513.1731594056271,0.02504197423453263
2019-01-21,0.0,961.8306746495116,-0.038169325350488406,512.1741852188613,0.0019466610216378585
2019-01-22,0.0,961.8306746495116,-0.038169325350488406,515.8976999019893,-0.007270016315907893
2019-01-23,0.0,961.8306746495116,-0.038169325350488406,512.9706388334986,0.005673723819755045
2019-01-24,0.0,961.8306746495116,-0.038169325350488406,513.5803696186658,-0.0011886270655836473
2019-01-25,0.0,961.8306746495116,-0.038169325350488406,514.0707620735965,-0.0009548504653609711
2019-01-26,0.0,961.8306746495116,-0.038169325350488406,516.7537977228494,-0.005219195191009297
2019-01-27,0.001103161815841247,962.8917295230898,-0.037108270476910205,511.2152510206207,0.011821122141696885
2019-01-28,-0.011043264189169122,952.2582617684003,-0.0477417382315997,487.9340749109309,0.03449758394321713
2019-01-29,-7.055111701625982e-05,952.1910788843446,-0.04780892111565538,484.45493783044617,0.007059791401324622
2019-01-30,0.0,952.1910788843446,-0.04780892111565538,498.7511444536521,-0.02950987905547864
2019-01-31,0.0,952.1910788843446,-0.04780892111565538,492.9967339838483,0.011537638627591273
2019-02-01,0.0,952.1910788843446,-0.04780892111565538,497.14579861780516,-0.008416008358572211
2019-02-02,0.0,952.1910788843446,-0.04780892111565538,506.4747017868829,-0.018764924082662646
2019-02-03,0.0,952.1910788843446,-0.04780892111565538,498.87234454360964,0.015010339542037501
2019-02-04,0.0,952.1910788843446,-0.04780892111565538,501.40426201371537,-0.0050752812774619615
2019-02-05,0.0,952.1910788843446,-0.04780892111565538,509.15259791042723,-0.015453270910768408
2019-02-06,0.003250513305983249,955.2861886560968,-0.04471381134390322,503.1836478220102,0.01497381612897535
2019-02-07,-0.003917647493431264,951.5437141135988,-0.048456285886401246,500.28839194201134,0.0018362276424773406
2019-02-08,0.009632211854710526,960.7091847569591,-0.03929081524304093,536.4790389789076,-0.06270735792105817
2019-02-09,0.0037248098351403414,964.2876437770515,-0.03571235622294853,540.1853748577341,-0.003183821461770716
2019-02-10,0.0031872771309722214,967.3610957317412,-0.03263890426825879,549.3125304950181,-0.013709062648104137
2019-02-11,0.0043153606158528035,971.5356077055702,-0.028464392294429784,544.6180175719549,0.01286152088427566
2019-02-12,-0.0030380621221329784,968.5840221754964,-0.03141597782450355,544.2857021082438,-0.002427881311015821
2019-02-13,-0.00441754233065228,964.3052612567427,-0.03569473874325729,538.8284038544901,0.005608990118418564
2019-02-14,-0.0017608378269314828,962.6072760760128,-0.0373927239239872,534.1915043375583,0.006844683863762626
2019-02-15,-0.00010852669236272039,962.502807492296,-0.037497192507703975,540.5152507403454,-0.011946503057466473
2019-02-16,0.0,962.502807492296,-0.037497192507703975,540.4754408991658,7.365165205795523e-05
2019-02-17,0.0,962.502807492296,-0.037497192507703975,551.1150500687829,-0.019685647791722754
2019-02-18,0.0,962.502807492296,-0.037497192507703975,579.035921049667,-0.05066250863118214
2019-02-19,0.0,962.502807492296,-0.037497192507703975,585.9934245376303,-0.012015668173661715
2019-02-20,0.00320779966304352,965.5903236738482,-0.03440967632615184,599.0153251437351,-0.01901412307675446
2019-02-21,-0.003299691814106831,962.4041731870408,-0.03759582681295922,586.0161972083018,0.018401135176111114
2019-02-22,0.002108300038041966,964.4332099419827,-0.03556679005801732,591.2986485299972,-0.006905872858305033
2019-02-23,-0.00023306214018403715,964.208437074009,-0.035791562925991005,608.1437443965779,-0.028721366499509786
2019-02-24,-0.023073473144214485,941.9607995957568,-0.05803920040424316,558.4134132703309,0.05870050148671942
2019-02-25,-0.00022549877007527197,941.7483885939889,-0.05825161140601108,573.3991992557808,-0.027061863422718737
2019-02-26,0.0,941.7483885939889,-0.05825161140601108,565.933624984123,0.013019854721365878
2019-02-27,0.0,941.7483885939889,-0.05825161140601108,567.5906449819314,-0.00292794052987241
2019-02-28,0.0,941.7483885939889,-0.05825161140601108,571.9137458210736,-0.007616582262873174
2019-03-01,0.0,941.7483885939889,-0.05825161140601108,581.0149680609896,-0.015913627371990837
2019-03-02,0.0026381198970106823,944.2328337559165,-0.055767166244083455,580.926365160036,0.002790616658409723
2019-03-03,-0.001968080685352369,942.374507353326,-0.05762549264667405,575.8651527762911,0.0067442324188231595
2019-03-04,-0.00033208492611935814,942.0615589846748,-0.05793844101532523,564.3898574206607,0.019594967961708756
2019-03-05,0.014287065944522892,955.5208546016889,-0.04447914539831106,599.0870674280984,-0.04719031454209434
2019-03-06,-6.905275970925384e-05,955.454873249719,-0.04454512675028104,604.910986855604,-0.009790376660937803
2019-03-07,0.0030027780001800064,958.323892123278,-0.04167610787672197,607.8167432308028,-0.001800831850424932
2019-03-08,-0.004348802797813578,954.1563305000008,-0.04584366949999924,598.7561182224644,0.01055803402306345
2019-03-09,0.0009215836861697912,955.0356654082451,-0.04496433459175489,614.4537983081564,-0.025295568185770913
2019-03-10,-0.0005152184335320831,954.5436134287462,-0.0454563865712538,609.479766593669,0.007579827488851347
2019-03-11,0.00022555037081306573,954.7589110947123,-0.04524108890528771,609.5170732901244,0.00016433964898080307
2019-03-12,0.004954391012381931,959.4891600628315,-0.040510839937168495,615.7613040110353,-0.005290163233170284
2019-03-13,-0.0016679335999781886,957.8887958539478,-0.04211120414605216,611.4836264347365,0.0052790400867966615
2019-03-14,-0.0007308752108761141,957.1886986782822,-0.042811301321717794,613.3833924830194,-0.0038376894674727762
2019-03-15,0.00027796726011519723,957.4547657982671,-0.04254523420173291,622.7034396660165,-0.014916521696080423
2019-03-16,0.005460821505299807,962.6832553736901,-0.03731674462630986,636.9961152236997,-0.017491798710430797
2019-03-17,-0.005207237963943401,957.6703345790556,-0.042329665420944365,629.3166750911673,0.0068484715592387335
2019-03-18,0.00011451655306138342,957.7800036847407,-0.04221999631525932,628.5927439339023,0.0012648613411764106
2019-03-19,0.00416904096444215,961.7730277550259,-0.03822697224497415,633.7354212141211,-0.004012213639348672
2019-03-20,0.0011919983085142416,962.9194595772846,-0.03708054042271544,635.6540692462743,-0.0018355238528278773
2019-03-21,-0.00672069307736034,956.447973431248,-0.04355202656875201,622.5061582231328,0.013963373397242167
2019-03-22,0.01153848961004611,967.483938435234,-0.032516061564766004,637.8031182080476,-0.013034696988746961
2019-03-23,0.01198473190586613,979.0789740606118,-0.020921025939388188,648.4478852627259,-0.004705006276326258
2019-03-24,-0.0001260078099265538,978.9556024633453,-0.02104439753665474,655.3159263740142,-0.01071751603653724
2019-03-25,-0.0017077246689884973,977.2838158311741,-0.022716184168825863,644.728890755099,0.014447896143549039
2019-03-26,-0.002646049119773841,974.6978748505248,-0.02530212514947516,646.9599761005761,-0.006106550700312804
2019-03-27,0.001871688495452828,976.5222056494248,-0.023477794350575207,665.0277423153556,-0.026055489200576272
2019-03-28,-0.0015567659988831029,975.0019890825155,-0.02499801091748452,660.7631290321093,0.004855918783857779
2019-03-29,0.006164250616490952,981.0121456947973,-0.018987854305202747,673.7467386308036,-0.01348516538181507
2019-03-30,0.0035044888316624334,984.4500918031098,-0.015549908196890215,678.5411697374362,-0.003611584362808158
2019-03-31,-0.0001236164717579591,984.3283975561393,-0.015671602443860705,677.3467438166703,0.0016366686428921362
2019-04-01,0.004378022855414887,988.637809777874,-0.011362190222125946,684.3305787059454,-0.005932552862308427
2019-04-02,0.02503819941736629,1013.3915204106407,0.0,756.3840586503171,-0.08025225842045718
2019-04-03,-0.0022216431670272208,1011.1401260637971,-0.0022216431670272476,752.8309434186534,0.002475858308617074
2019-04-04,-0.004703329459175065,1006.3844009215272,-0.006914523506447065,745.5623626791921,0.004951667858621587
2019-04-05,0.00748002219021715,1013.9121785723087,0.0,769.1090438053404,-0.02410242121737765
2019-04-06,0.001169948328601178,1015.0984034309778,0.0,765.4846580058514,0.005882395579977305
2019-04-07,0.005367065823614903,1020.5465033796382,0.0,775.8364130404555,-0.008156072656483866
2019-04-08,-0.0004101501945796837,1020.1279260326995,-0.000410150194579629,768.1000364692725,0.00956150934749389
2019-04-09,-0.00900524614200493,1010.9414229624421,-0.00941170283312718,759.097989990682,0.00271464196003208
2019-04-10,0.014062567546578641,1025.1578550084857,0.0,774.1857768900016,-0.0058133735022243595
2019-04-11,-0.025671466825527234,998.8405491427068,-0.0256714668255272,739.5303057703089,0.019092299384319715
2019-04-12,-0.0003457470264097706,998.4952029929832,-0.026008338018618453,742.4635690145468,-0.0043121338280736375
2019-04-13,0.0,998.4952029929832,-0.026008338018618453,744.7556782663906,-0.0030871673001896843
2019-04-14,0.0,998.4952029929832,-0.026008338018618453,756.4637187044784,-0.01572064608535936
2019-04-15,0.0,998.4952029929832,-0.026008338018618453,742.7365986182823,0.01814643550877117
2019-04-16,0.0,998.4952029929832,-0.026008338018618453,754.5539212863142,-0.015910516177627176
2019-04-17,0.0,998.4952029929832,-0.026008338018618453,757.7406894724768,-0.004223380326126965
2019-04-18,0.0,998.4952029929832,-0.026008338018618453,775.8384334087589,-0.023883822246475277
2019-04-19,0.009612651961969698,1008.093389865051,-0.01664569515813103,782.7468345471732,0.0007082192335455661
2019-04-20,-7.713676645748624e-05,1008.0156288006697,-0.01672154792948855,781.0337630830055,0.0021114015815240084
2019-04-21,-0.0031529598756980803,1004.8373959689845,-0.019821785435505442,767.2003661029124,0.014558690547054404
2019-04-22,-0.0007154372099246187,1004.1184979059846,-0.02052304140256237,777.6667404914809,-0.014357733083340176
2019-04-23,-0.004446385014662879,999.6538004639496,-0.024878173073477623,765.8231023770059,0.010783323931086672
2019-04-24,-0.0005783682967150927,999.0756323980704,-0.025442152623606863,754.9741494795688,0.01358802713293886
2019-04-25,-0.005001598492142434,994.078657221532,-0.030316499683550168,735.6169345667305,0.02063797463255595
2019-04-26,0.002405320826033286,996.4697353184621,-0.027984099765578238,747.1507436470637,-0.013273775913530721
2019-04-27,-0.00048518320298873707,995.986264940599,-0.02845570555340992,744.2628368639574,0.003380043202340818
2019-04-28,0.00028959827444330344,996.274700844295,-0.02817434800219294,743.7932930244114,0.0009204827097385618
2019-04-29,-0.0017911070696323694,994.490266184317,-0.029914991797936254,726.4621609306151,0.021509899078627485
2019-04-30,0.002108351111728579,996.58700084263,-0.027869711992422122,747.7670619986168,-0.027218573556597767
2019-05-01,0.001584295032972527,998.16588867799,-0.026329570805729553,743.2204504002111,0.007664546262885755
2019-05-02,0.002790642790288178,1000.9514131187409,-0.023612404442381676,754.1732744565999,-0.011946336056957956
2019-05-03,0.007121453749715068,1008.079642312978,-0.016659105338822585,768.4528296069318,-0.011812597129535023
2019-05-04,0.0014225380840888757,1009.5136739959629,-0.015260265466524998,756.3852805906841,0.017126233289974615
2019-05-05,-0.0013757731776691262,1008.124812160789,-0.016615043980281193,753.0901468162706,0.0029806492157441146
2019-05-06,-0.0007192450625026492,1007.399723367256,-0.01732233875443772,757.8176570582312,-0.006996727594901124
2019-05-07,0.0024823928773010095,1009.900485265138,-0.014882946727478865,743.5716921123227,0.021281064052646608
2019-05-08,0.003547623698662017,1013.4832321599549,-0.011388122123333075,748.6737514371016,-0.003313932999771595
2019-05-09,0.005573191225054952,1019.131568016169,-0.005878399080565836,736.5525832692003,0.02176337839888636
2019-05-10,0.004095631988550785,1023.3055558666779,-0.0018068428513309585,748.7916810916581,-0.01252110129087693
2019-05-11,0.017516380577084822,1041.230165429884,0.0,802.5977681921761,-0.054340837470629566
2019-05-12,-0.0012307923866512471,1039.9486272695212,-0.0012307923866512695,791.7869605884492,0.012238977941863096
2019-05-13,0.0036996774185413805,1043.7961017222733,0.0,833.1030297989705,-0.048481112701841
2019-05-14,0.011972562116796315,1056.293015387413,0.0,899.1392143360117,-0.06729276542975675
2019-05-15,0.030683933097834792,1088.7042396032707,0.0,968.1912249228047,-0.046113974818778436
2019-05-16,-0.00615716942929434,1082.0009031416423,-0.006157169429294338,949.0344207542347,0.013629008833266835
2019-05-17,-0.01549467297109175,1065.2356529930366,-0.021556439073651575,909.4844518831651,0.026179230531415243
2019-05-18,-0.00015262430564111362,1065.0730721411544,-0.021705773342746995,905.4344421963738,0.004300458623270331
2019-05-19,0.0006231712794733113,1065.7367950902533,-0.02109612847781954,964.6352033403001,-0.06476064712301526
2019-05-20,0.00035347855789114035,1066.1135101956734,-0.02075010694899977,947.5677995604411,0.018046595832440695
2019-05-21,0.007280275302627981,1073.875110053749,-0.013620898137519403,962.1446591965395,-0.008103172343926037
2019-05-22,-0.0036755476608228976,1069.928030904975,-0.01724638153805468,926.4679296108272,0.033404873921005405
2019-05-23,0.001356464005860536,1071.3793497677589,-0.015913311627981826,940.9779883874813,-0.01430523168041017
2019-05-24,0.0059116990010652515,1077.713021999543,-0.010095687335371334,957.8445334748714,-0.01201278520105022
2019-05-25,0.0024687414797064378,1080.3736168401729,-0.007651869497755934,963.8394519852625,-0.003790017954502337
2019-05-26,-0.004438712450985927,1075.5781490153877,-0.012056617500328869,989.5636260239693,-0.03112798521910268
2019-05-27,0.002135553458614492,1077.8751036515278,-0.009946811592916317,1015.9279040209399,-0.024506773829527134
2019-05-28,-0.0013004654393552473,1076.4733643312875,-0.011234341547563198,1023.0461144710894,-0.008307075280443658
2019-05-29,0.000532166306019155,1077.0462271851118,-0.010708153779585878,1017.7798615971807,0.005679786534879867
2019-05-30,-0.007757370249958817,1068.6911808245156,-0.018382456915982916,976.0334462484658,0.03325976609149239
2019-05-31,0.005318952986533398,1074.3754989724441,-0.013161279353562592,1009.0767229210487,-0.02853570312140003
2019-06-01,0.0009682721824031404,1075.4157868815546,-0.012205750871842376,1008.0186338534578,0.002016843657253964
2019-06-02,0.0011041863119283235,1076.603246273061,-0.011115041982953485,1027.0245791593936,-0.017750569609874374
2019-06-03,-0.010845388136773493,1064.9270661979192,-0.021839883175265327,973.5187444308064,0.04125252248225104
2019-06-04,-0.007271506404053163,1057.1834422162115,-0.0289525807289458,940.566152554573,0.026577448292242845
2019-06-05,-0.0001436324501146169,1057.0315963681853,-0.0290920546489532,952.497158153489,-0.012828551598556812
2019-06-06,0.0,1057.0315963681853,-0.0290920546489532,962.7684705428962,-0.010783562241087705
2019-06-07,0.0,1057.0315963681853,-0.0290920546489532,970.1866647186405,-0.007705065550766539
2019-06-08,0.0,1057.0315963681853,-0.0290920546489532,961.200891552627,0.00926190133588299
2019-06-09,0.0,1057.0315963681853,-0.0290920546489532,927.5317659012024,0.03502818812104802
2019-06-10,0.0,1057.0315963681853,-0.0290920546489532,966.5721452182496,-0.04209061161276243
2019-06-11,0.0,1057.0315963681853,-0.0290920546489532,964.0825372273106,0.0025757083972007505
2019-06-12,0.0,1057.0315963681853,-0.0290920546489532,1007.4483312507625,-0.04498141222241338
2019-06-13,0.0,1057.0315963681853,-0.0290920546489532,996.7230350078555,0.010646001298737955
2019-06-14,0.0,1057.0315963681853,-0.0290920546489532,998.7912194047756,-0.00207498404700127
2019-06-15,0.0,1057.0315963681853,-0.0290920546489532,1010.15625841183,-0.011378793471800153
2019-06-16,0.0,1057.0315963681853,-0.0290920546489532,1017.4907879757342,-0.007260787133503136
2019-06-17,0.0,1057.0315963681853,-0.0290920546489532,1042.8067392335372,-0.024880767036887224
2019-06-18,0.0,1057.0315963681853,-0.0290920546489532,1023.6004337440152,0.01841789544210139
2019-06-19,0.0,1057.0315963681853,-0.0290920546489532,1034.791810087098,-0.010933344666676106
2019-06-20,0.0,1057.0315963681853,-0.0290920546489532,1042.467557421797,-0.007417673062229735
2019-06-21,0.011933213102770734,1069.6453796640087,-0.017506003233905967,1079.8705859081253,-0.02394610824400819
2019-06-22,0.011177439571631753,1081.6012762582782,-0.006524235955562079,1116.673012117417,-0.02290296477454485
2019-06-23,-0.0003976364581076419,1081.171192157702,-0.006919278139592537,1116.4064126834467,-0.00015889205300654931
2019-06-24,0.003212837788268974,1084.6448198194541,-0.003728670869598008,1123.5651345283034,-0.00319945236299365
2019-06-25,0.008337521260673775,1093.6880690649784,0.0,1128.1763394800487,0.004233437919140453
2019-06-26,0.02248200010853263,1118.276364352398,0.0,1159.0002513626737,-0.00483989169504043
2019-06-27,-0.01822989310193346,1097.890305771835,-0.01822989310193348,1068.627252789871,0.05974506718521791
2019-06-28,-0.0002774459149024189,1097.5857005914877,-0.018502281207465672,1100.490034922519,-0.030093999862468364
2019-06-29,0.0,1097.5857005914877,-0.018502281207465672,1103.302353088536,-0.0025555144315458278
2019-06-30,0.0,1097.5857005914877,-0.018502281207465672,1037.7641529165815,0.059401849355699775
2019-07-01,0.0,1097.5857005914877,-0.018502281207465672,1047.6290639966585,-0.009505927770151088
2019-07-02,0.0,1097.5857005914877,-0.018502281207465672,1034.2540422439774,0.012766944152595367
2019-07-03,0.0,1097.5857005914877,-0.018502281207465672,1062.3209302470923,-0.0271373249286215
2019-07-04,0.0,1097.5857005914877,-0.018502281207465672,1029.9828756804293,0.03044094646534125
2019-07-05,0.0,1097.5857005914877,-0.018502281207465672,1022.5582815384795,0.007208463671830224
2019-07-06,0.0,1097.5857005914877,-0.018502281207465672,1033.5414780152228,-0.010740900225480068
2019-07-07,0.0,1097.5857005914877,-0.018502281207465672,1052.1209129425108,-0.017976477308842505
2019-07-08,0.0,1097.5857005914877,-0.018502281207465672,1071.0929419402642,-0.01803217554595817
2019-07-09,0.0,1097.5857005914877,-0.018502281207465672,1061.4808238280184,0.00897412141922395
2019-07-10,0.0,1097.5857005914877,-0.018502281207465672,1017.2060725567898,0.04171036374596087
2019-07-11,0.0,1097.5857005914877,-0.018502281207465672,962.6721785034645,0.05361145152845196
2019-07-12,0.0,1097.5857005914877,-0.018502281207465672,997.3320117048718,-0.036003775714478596
2019-07-13,0.0,1097.5857005914877,-0.018502281207465672,977.5236062895477,0.019861395385738088
2019-07-14,0.0,1097.5857005914877,-0.018502281207465672,900.0076927184699,0.07929825231056072
2019-07-15,0.0,1097.5857005914877,-0.018502281207465672,913.6479242513426,-0.015155683271631177
2019-07-16,0.0,1097.5857005914877,-0.018502281207465672,840.4667667139737,0.08009776588430899
2019-07-17,0.0,1097.5857005914877,-0.018502281207465672,876.4398690745077,-0.0428013382387268
2019-07-18,0.0,1097.5857005914877,-0.018502281207465672,915.4710195154121,-0.044533745917013264
2019-07-19,0.0,1097.5857005914877,-0.018502281207465672,913.2924136443823,0.0023797649784510805
2019-07-20,0.0,1097.5857005914877,-0.018502281207465672,942.3458765534881,-0.03181178609945027
2019-07-21,0.0,1097.5857005914877,-0.018502281207465672,931.8016648182388,0.011189322304686453
2019-07-22,0.0,1097.5857005914877,-0.018502281207465672,918.6492973344951,0.014114986032257313
2019-07-23,0.0,1097.5857005914877,-0.018502281207465672,890.2745784567193,0.030887433278517142
2019-07-24,0.0,1097.5857005914877,-0.018502281207465672,898.1215406388411,-0.008814092159886695
2019-07-25,0.0,1097.5857005914877,-0.018502281207465672,900.3719587416491,-0.00250569438653855
2019-07-26,0.0,1097.5857005914877,-0.018502281207465672,912.313069750808,-0.013262419929034272
2019-07-27,0.0,1097.5857005914877,-0.018502281207465672,884.579260249836,0.03039944337150337
2019-07-28,0.0,1097.5857005914877,-0.018502281207465672,888.0407982038133,-0.003913202704978159
2019-07-29,0.0,1097.5857005914877,-0.018502281207465672,884.7283058278196,0.003730112831182662
2019-07-30,0.0,1097.5857005914877,-0.018502281207465672,887.0706630376466,-0.0026475441041024267
2019-07-31,0.0,1097.5857005914877,-0.018502281207465672,904.006917751255,-0.019092340012251702
2019-08-01,0.0,1097.5857005914877,-0.018502281207465672,906.5328037369685,-0.0027941002840960382
2019-08-02,0.0,1097.5857005914877,-0.018502281207465672,901.7829394426699,0.00523959450195136
2019-08-03,0.0,1097.5857005914877,-0.018502281207465672,908.8846738125798,-0.007875214820873675
2019-08-04,0.0,1097.5857005914877,-0.018502281207465672,905.4822053419487,0.0037435645782851585
2019-08-05,0.0,1097.5857005914877,-0.018502281207465672,928.5469819795993,-0.02547236875730793
2019-08-06,0.0,1097.5857005914877,-0.018502281207465672,907.5134796764254,0.022652060381836377
2019-08-07,0.0,1097.5857005914877,-0.018502281207465672,918.5180309999728,-0.01212604723785585
2019-08-08,0.0,1097.5857005914877,-0.018502281207465672,921.6214971562454,-0.003378775431217007
2019-08-09,0.0,1097.5857005914877,-0.018502281207465672,892.1582678710162,0.03196890412836617
2019-08-10,0.0,1097.5857005914877,-0.018502281207465672,895.4725785236299,-0.0037149357596862886
2019-08-11,0.0,1097.5857005914877,-0.018502281207465672,915.3674685465004,-0.022217196260405286
2019-08-12,0.0,1097.5857005914877,-0.018502281207465672,905.22688683835,0.011078153918068148
2019-08-13,0.0,1097.5857005914877,-0.018502281207465672,893.0816855751668,0.01341674826473844
2019-08-14,0.0,1097.5857005914877,-0.018502281207465672,831.0491024058337,0.06945902504918434
2019-08-15,0.0,1097.5857005914877,-0.018502281207465672,839.8021219013898,-0.010532493772289486
2019-08-16,0.0,1097.5857005914877,-0.018502281207465672,832.5390251905841,0.008648581042354917
2019-08-17,0.0,1097.5857005914877,-0.018502281207465672,835.7218578746562,-0.0038230432301278477
2019-08-18,0.0,1097.5857005914877,-0.018502281207465672,860.2052867352164,-0.029296145158659304
2019-08-19,0.0,1097.5857005914877,-0.018502281207465672,874.4902514514297,-0.016606460035173427
2019-08-20,0.0,1097.5857005914877,-0.018502281207465672,860.357201301172,0.01616147249989394
2019-08-21,0.0,1097.5857005914877,-0.018502281207465672,834.4378944424383,0.030126215971150457
2019-08-22,0.0,1097.5857005914877,-0.018502281207465672,842.591734225619,-0.00977165567082632
2019-08-23,0.0,1097.5857005914877,-0.018502281207465672,852.1252768344182,-0.011314545611536204
2019-08-24,0.0,1097.5857005914877,-0.018502281207465672,842.9695904445127,0.010744530926154636
2019-08-25,0.0,1097.5857005914877,-0.018502281207465672,837.2003782858509,0.006843914921793989
2019-08-26,0.0,1097.5857005914877,-0.018502281207465672,842.2350084230981,-0.006013650098385647
2019-08-27,0.0,1097.5857005914877,-0.018502281207465672,836.9042291745437,0.006329325182688679
2019-08-28,0.0,1097.5857005914877,-0.018502281207465672,796.3953157516452,0.0484032844031071
2019-08-29,0.0,1097.5857005914877,-0.018502281207465672,780.3652175452128,0.0201283180468019
2019-08-30,0.0,1097.5857005914877,-0.018502281207465672,782.8300315008677,-0.00315853897667105
2019-08-31,0.0,1097.5857005914877,-0.018502281207465672,780.3112838753152,0.0032174897796440733
2019-09-01,0.0,1097.5857005914877,-0.018502281207465672,781.4366360910234,-0.0014421837015085196
2019-09-02,0.0,1097.5857005914877,-0.018502281207465672,804.8654891540656,-0.029981769449971236
2019-09-03,0.0,1097.5857005914877,-0.018502281207465672,810.642108221362,-0.007177123563053762
2019-09-04,0.0,1097.5857005914877,-0.018502281207465672,799.1712526139333,0.014150332793095284
2019-09-05,0.0,1097.5857005914877,-0.018502281207465672,799.9921150319276,-0.0010271420741289697
2019-09-06,0.0,1097.5857005914877,-0.018502281207465672,788.0737980313113,0.014898043089013038
2019-09-07,0.0,1097.5857005914877,-0.018502281207465672,805.959891822944,-0.022695963038377936
2019-09-08,0.0,1097.5857005914877,-0.018502281207465672,809.952411837565,-0.004953745285749466
2019-09-09,0.0,1097.5857005914877,-0.018502281207465672,806.075762238745,0.0047862683562173
2019-09-10,0.0,1097.5857005914877,-0.018502281207465672,800.7813719461993,0.0065681050598040336
2019-09-11,0.0,1097.5857005914877,-0.018502281207465672,789.6339466786027,0.013920685043539827
2019-09-12,0.0,1097.5857005914877,-0.018502281207465672,795.3574163775988,-0.007248256895578683
2019-09-13,0.0,1097.5857005914877,-0.018502281207465672,795.7670001037668,-0.0005149681360028405
2019-09-14,0.0,1097.5857005914877,-0.018502281207465672,805.5980104623768,-0.012354131746262431
2019-09-15,0.0,1097.5857005914877,-0.018502281207465672,802.2227632914796,0.004189741194817346
2019-09-16,0.0,1097.5857005914877,-0.018502281207465672,807.6220030021334,-0.006730349670584025
2019-09-17,0.0,1097.5857005914877,-0.018502281207465672,833.1369155315913,-0.031592641649946004
2019-09-18,0.0,1097.5857005914877,-0.018502281207465672,862.5129622267483,-0.035259566762101006
2019-09-19,0.0,1097.5857005914877,-0.018502281207465672,858.9378938140188,0.004144944562339888
2019-09-20,0.0,1097.5857005914877,-0.018502281207465672,852.9231160565057,0.0070025758565676844
2019-09-21,0.0,1097.5857005914877,-0.018502281207465672,843.966945511952,0.010500560221609057
2019-09-22,0.0,1097.5857005914877,-0.018502281207465672,826.7076401152264,0.020450214891124734
2019-09-23,0.0,1097.5857005914877,-0.018502281207465672,801.346719063037,0.030677013035290863
2019-09-24,0.0,1097.5857005914877,-0.018502281207465672,708.7425231631404,0.11556071011081533
2019-09-25,0.0,1097.5857005914877,-0.018502281207465672,722.5628654634235,-0.01949980683902302
2019-09-26,0.0,1097.5857005914877,-0.018502281207465672,706.4520062180517,0.022296827051911765
2019-09-27,0.0,1097.5857005914877,-0.018502281207465672,718.0294286295191,-0.016388123056577535
2019-09-28,0.0,1097.5857005914877,-0.018502281207465672,717.0314554352951,0.00138987784404435
2019-09-29,0.0,1097.5857005914877,-0.018502281207465672,704.6676974690539,0.017242978494904953
2019-09-30,0.0,1097.5857005914877,-0.018502281207465672,730.3947870633381,-0.03650953447516879
2019-10-01,0.0,1097.5857005914877,-0.018502281207465672,722.3170219766702,0.011059450628263412
2019-10-02,0.0,1097.5857005914877,-0.018502281207465672,730.5460779441693,-0.011392582089481573
2019-10-03,0.0,1097.5857005914877,-0.018502281207465672,718.9181504084022,0.015916761292441954
2019-10-04,0.0,1097.5857005914877,-0.018502281207465672,723.5603017223724,-0.006457134670105558
2019-10-05,0.0,1097.5857005914877,-0.018502281207465672,725.6296973078619,-0.002860018136102086
2019-10-06,0.0,1097.5857005914877,-0.018502281207465672,713.1409951192243,0.017210847674745948
2019-10-07,0.0,1097.5857005914877,-0.018502281207465672,744.6321755028288,-0.04415842112447867
2019-10-08,0.0,1097.5857005914877,-0.018502281207465672,744.9251263081259,-0.0003934167968221753
2019-10-09,0.0,1097.5857005914877,-0.018502281207465672,772.7472530839495,-0.037348890235064304
2019-10-10,0.0,1097.5857005914877,-0.018502281207465672,764.5105517078814,0.010658984995671401
2019-10-11,0.0,1097.5857005914877,-0.018502281207465672,743.546976958566,0.027420909629675774
2019-10-12,0.0,1097.5857005914877,-0.018502281207465672,750.1594482071364,-0.008893145226167623
2019-10-13,0.0,1097.5857005914877,-0.018502281207465672,761.6710083735578,-0.01534548447524553
2019-10-14,0.0,1097.5857005914877,-0.018502281207465672,776.2263195209154,-0.019109708768406928
2019-10-15,0.0,1097.5857005914877,-0.018502281207465672,761.801502069235,0.018583262495638353
2019-10-16,0.0,1097.5857005914877,-0.018502281207465672,745.8687514030047,0.020914569770410063
2019-10-17,0.0,1097.5857005914877,-0.018502281207465672,762.7263025549933,-0.02260122993526546
2019-10-18,0.0,1097.5857005914877,-0.018502281207465672,750.0220088732459,0.01665642529855127
2019-10-19,0.0,1097.5857005914877,-0.018502281207465672,751.4063808478986,-0.0018457751349622972
2019-10-20,0.0,1097.5857005914877,-0.018502281207465672,761.1361622847575,-0.01294876073035153
2019-10-21,0.0,1097.5857005914877,-0.018502281207465672,756.6905037637126,0.005840818951105838
2019-10-22,0.0,1097.5857005914877,-0.018502281207465672,750.7003745203056,0.007916220982835906
2019-10-23,0.0,1097.5857005914877,-0.018502281207465672,715.9942752114079,0.0462316264742438
2019-10-24,0.0,1097.5857005914877,-0.018502281207465672,719.2405349082951,-0.004533918509234712
2019-10-25,0.0,1097.5857005914877,-0.018502281207465672,779.235673225142,-0.08341456773497405
2019-10-26,0.0,1097.5857005914877,-0.018502281207465672,783.836730583777,-0.005904577416985928
2019-10-27,0.0,1097.5857005914877,-0.018502281207465672,798.5057669491833,-0.018714402876324993
2019-10-28,0.0,1097.5857005914877,-0.018502281207465672,795.8108164235437,0.003374991937673829
2019-10-29,0.0,1097.5857005914877,-0.018502281207465672,814.5953828768506,-0.02360431155953207
2019-10-30,0.0,1097.5857005914877,-0.018502281207465672,795.7636628247925,0.023117882138677697
2019-10-31,0.0,1097.5857005914877,-0.018502281207465672,792.8963338559971,0.003603241895485649
2019-11-01,0.0,1097.5857005914877,-0.018502281207465672,796.1062478035001,-0.004048340004162353
2019-11-02,0.0,1097.5857005914877,-0.018502281207465672,799.7616955042279,-0.00459165809942262
2019-11-03,0.0,1097.5857005914877,-0.018502281207465672,794.2767268940272,0.006858253703614259
2019-11-04,0.0,1097.5857005914877,-0.018502281207465672,809.149712007235,-0.018725193134347378
2019-11-05,0.0,1097.5857005914877,-0.018502281207465672,813.409302537327,-0.005264279856845395
2019-11-06,0.0,1097.5857005914877,-0.018502281207465672,820.8982475829683,-0.00920685935393222
2019-11-07,0.0,1097.5857005914877,-0.018502281207465672,804.1731057062336,0.020374196102842097
2019-11-08,0.0,1097.5857005914877,-0.018502281207465672,783.1707688408545,0.026116686465079603
2019-11-09,0.0,1097.5857005914877,-0.018502281207465672,787.0956277769667,-0.005011498248231693
2019-11-10,0.0,1097.5857005914877,-0.018502281207465672,800.0990802386987,-0.016520803829717972
2019-11-11,0.0,1097.5857005914877,-0.018502281207465672,788.1638350626363,0.014917208969296316
2019-11-12,0.0,1097.5857005914877,-0.018502281207465672,796.1951635401051,-0.010189922602615404
2019-11-13,0.0,1097.5857005914877,-0.018502281207465672,797.2032383834791,-0.0012661152560784483
2019-11-14,0.0,1097.5857005914877,-0.018502281207465672,790.2759905965187,0.00868943759060373
2019-11-15,0.0,1097.5857005914877,-0.018502281207465672,779.2805014153063,0.013913479989329727
2019-11-16,0.0,1097.5857005914877,-0.018502281207465672,780.9791026266333,-0.0021797044943921823
2019-11-17,0.0,1097.5857005914877,-0.018502281207465672,785.5077307344532,-0.005798654653612083
2019-11-18,0.0,1097.5857005914877,-0.018502281207465672,762.2704484493,0.02958249979720259
2019-11-19,0.0,1097.5857005914877,-0.018502281207465672,755.2038114230251,0.009270511588965238
2019-11-20,0.0,1097.5857005914877,-0.018502281207465672,746.7945922514506,0.011135032747953164
2019-11-21,0.0,1097.5857005914877,-0.018502281207465672,715.1991074293431,0.04230813285197055
2019-11-22,0.0,1097.5857005914877,-0.018502281207465672,685.809522594257,0.04109287124353641
2019-11-23,0.0,1097.5857005914877,-0.018502281207465672,696.9693609991599,-0.016272504299281065
2019-11-24,0.0,1097.5857005914877,-0.018502281207465672,662.1435706806462,0.04996746236963461
2019-11-25,0.0,1097.5857005914877,-0.018502281207465672,670.7839960766145,-0.013049172080741347
2019-11-26,0.0,1097.5857005914877,-0.018502281207465672,677.8584636941638,-0.01054656589740913
2019-11-27,0.0,1097.5857005914877,-0.018502281207465672,698.1636941650298,-0.029954970776948833
2019-11-28,0.0,1097.5857005914877,-0.018502281207465672,691.9851604304455,0.008849692108343854
2019-11-29,0.0,1097.5857005914877,-0.018502281207465672,711.9600512749198,-0.028866068214597394
2019-11-30,0.0,1097.5857005914877,-0.018502281207465672,699.6968245627027,0.01722459945646842
2019-12-01,0.0,1097.5857005914877,-0.018502281207465672,693.2705418212905,0.009184381743376355
2019-12-02,0.0,1097.5857005914877,-0.018502281207465672,682.1164704694362,0.016089060011913077
2019-12-03,0.0,1097.5857005914877,-0.018502281207465672,681.6351058197735,0.0007056927526343713
2019-12-04,0.0,1097.5857005914877,-0.018502281207465672,674.0388945257747,0.011144102217069882
2019-12-05,0.0,1097.5857005914877,-0.018502281207465672,686.5368207903263,-0.01854184731185961
2019-12-06,0.0,1097.5857005914877,-0.018502281207465672,692.2429037970209,-0.008311401273606427
2019-12-07,0.0,1097.5857005914877,-0.018502281207465672,691.5869607489564,0.0009475619677234981
2019-12-08,0.0,1097.5857005914877,-0.018502281207465672,695.8113877683164,-0.006108309235305999
2019-12-09,0.0,1097.5857005914877,-0.018502281207465672,683.8752920561127,0.017154211503330612
2019-12-10,0.0,1097.5857005914877,-0.018502281207465672,674.674567003891,0.01345380533424331
2019-12-11,0.0,1097.5857005914877,-0.018502281207465672,672.9515273927652,0.0025538825611545824
2019-12-12,0.0,1097.5857005914877,-0.018502281207465672,671.9380109020174,0.0015060765144178884
2019-12-13,0.0,1097.5857005914877,-0.018502281207465672,676.4294268459397,-0.0066842712736149435
2019-12-14,0.0,1097.5857005914877,-0.018502281207465672,664.2075410143962,0.018068234979858575
2019-12-15,0.0,1097.5857005914877,-0.018502281207465672,666.707010253918,-0.0037630847064829
2019-12-16,0.0,1097.5857005914877,-0.018502281207465672,639.5648679509726,0.04071074982788671
2019-12-17,0.0,1097.5857005914877,-0.018502281207465672,604.7622179554705,0.05441613781413938
2019-12-18,0.0,1097.5857005914877,-0.018502281207465672,642.9306694755951,-0.06311315486797651
2019-12-19,0.0,1097.5857005914877,-0.018502281207465672,628.9490770921603,0.02174665643939306
2019-12-20,0.0,1097.5857005914877,-0.018502281207465672,636.4725379308334,-0.011961955447103005
2019-12-21,0.0,1097.5857005914877,-0.018502281207465672,629.4122410624797,0.011092853890140555
2019-12-22,0.0,1097.5857005914877,-0.018502281207465672,646.959070169195,-0.027878118603310513
2019-12-23,0.0,1097.5857005914877,-0.018502281207465672,631.8574872718971,0.023342408497879847
2019-12-24,0.0,1097.5857005914877,-0.018502281207465672,633.979378301501,-0.003358179767348154
2019-12-25,0.0,1097.5857005914877,-0.018502281207465672,627.1079389926482,0.010838584887827376
2019-12-26,0.0,1097.5857005914877,-0.018502281207465672,630.47980120012,-0.0053768450338679595
2019-12-27,0.0,1097.5857005914877,-0.018502281207465672,629.7174256443604,0.0012091990168574698
2019-12-28,0.0,1097.5857005914877,-0.018502281207465672,637.9606906142997,-0.013090419026445557
2019-12-29,0.0,1097.5857005914877,-0.018502281207465672,648.98801442573,-0.01728527160633034
2019-12-30,0.0,1097.5857005914877,-0.018502281207465672,640.2954559530834,0.01339402004263249
2019-12-31,0.0,1097.5857005914877,-0.018502281207465672,635.2570949377224,0.007868806452579749
2020-01-01,0.0,1097.5857005914877,-0.018502281207465672,638.2618854842843,-0.004730038547395399
2020-01-02,0.0,1097.5857005914877,-0.018502281207465672,623.3103071180623,0.023425460153989115
2020-01-03,0.0,1097.5857005914877,-0.018502281207465672,644.3537583716661,-0.03376079460469764
2020-01-04,0.0,1097.5857005914877,-0.018502281207465672,645.7578644205297,-0.0021790918895420335
2020-01-05,0.0,1097.5857005914877,-0.018502281207465672,649.6560651111009,-0.00603662906075364
2020-01-06,0.0,1097.5857005914877,-0.018502281207465672,687.5405010489264,-0.05831460363776759
2020-01-07,0.0,1097.5857005914877,-0.018502281207465672,686.8852865902966,0.0009529830717321623
2020-01-08,0.0,1097.5857005914877,-0.018502281207465672,676.6642488303316,0.014880268888422785
2020-01-09,0.0,1097.5857005914877,-0.018502281207465672,668.7011300322624,0.011768197908836018
2020-01-10,0.0,1097.5857005914877,-0.018502281207465672,689.0255358003639,-0.030393855872684044
2020-01-11,0.0,1097.5857005914877,-0.018502281207465672,683.0797438757919,0.008629276587935617
2020-01-12,0.0,1097.5857005914877,-0.018502281207465672,695.6341600192787,-0.018379136925145718
2020-01-13,0.0,1097.5857005914877,-0.018502281207465672,686.9130823725377,0.012536873759188756
2020-01-14,0.0,1097.5857005914877,-0.018502281207465672,743.5052113271271,-0.08238615686154237
2020-01-15,-3.296326520541015e-05,1097.5495205829534,-0.018534634577068772,753.1664424790886,-0.01302713062916594
2020-01-16,-0.0016470873120292273,1095.7417606932775,-0.020151193727653,741.8196912273577,0.01341830940742948
2020-01-17,0.003103363883950605,1099.1422460995495,-0.01711036633053518,767.1851233733325,-0.031090163796619788
2020-01-18,-5.421297711338813e-05,1099.0826583261173,-0.017163651703750345,770.3608778154381,-0.004193702059150943
2020-01-19,-0.010342787271391707,1087.7150801973746,-0.027328918976769884,749.7756733968407,0.0163787208054103
2020-01-20,0.0032883807950196964,1091.291901577549,-0.02413040607406205,752.1292428610087,0.00014934928509450053
2020-01-21,0.006857366802399012,1098.7752904351537,-0.017438510317203768,767.2963514738686,-0.01330819484384966
2020-01-22,-0.001530530711012057,1097.0935811086415,-0.01894235085262104,763.3863789633059,0.0035652481273105953
2020-01-23,-0.010623320563217575,1085.438804308676,-0.029364440750510312,740.3049514230747,0.019612256303606
2020-01-24,0.004799234923425821,1090.648080125556,-0.024706132676641106,743.5811720396518,0.0003737334996148922
2020-01-25,-0.004457555496530485,1085.7864557812118,-0.029053559215660857,734.3256103796901,0.00798972263259907
2020-01-26,0.003913140932195303,1090.0352912049525,-0.02525410895525831,755.6810017611893,-0.025168496804036305
2020-01-27,0.00763789148560412,1098.3608624746548,-0.01780910561342007,769.2699133393617,-0.010344447022975704
2020-01-28,0.011743387087282287,1111.2593392442159,-0.006274857747034504,796.3509947746819,-0.02346022736029526
2020-01-29,-0.00026188011260852573,1110.9683225233173,-0.006535094599189674,792.355381680556,0.004755521912809384
2020-01-30,0.00964828458682665,1121.6872610659716,0.0,816.2153278283077,-0.020464398054573025
2020-01-31,-0.011507661676916081,1108.7792635583178,-0.011507661676916057,802.7443904070468,0.0049964849152617855
2020-02-01,0.0074969769710540035,1117.0917561631968,-0.004096957380444485,811.1157642014153,-0.0029314656246315993
2020-02-02,0.0015379931245897982,1118.8098356037117,-0.002565265348137597,818.2604641157066,-0.007270490484806737
2020-02-03,0.0031215369106414315,1122.3022418015373,0.0,823.0345896022282,-0.0027129445239235817
2020-02-04,-0.005379657916454783,1116.2646396617747,-0.005379657916454802,823.5191464715809,-0.005968402150870292
2020-02-05,0.03018964454526607,1149.964272351613,0.0,856.641643360594,-0.010031031599215146
2020-02-06,0.017247661697105787,1169.798467084892,0.0,877.2336241941033,-0.006790372168172069
2020-02-07,0.01030610486678607,1181.8545327596746,0.0,890.0617296797752,-0.0043172578633609016
2020-02-08,-0.0007961788334274189,1180.9135651965012,-0.0007961788334273677,888.7453285314616,0.0006828209981767364
2020-02-09,0.024117829838826266,1209.3946376162721,0.0,916.5586837386115,-0.007177249093524178
2020-02-10,-0.013288465215078649,1193.3236390430056,-0.013288465215078649,905.9749829925834,-0.0017412495988810475
2020-02-11,0.023040367581283805,1220.8182543299918,0.0,931.8715215389994,-0.005543797580623462
2020-02-12,0.03605712306273934,1264.8374483636069,0.0,974.4812598317727,-0.009667783544989872
2020-02-13,0.002928829772163244,1268.541941939321,0.0,980.8979740842161,-0.0036559189725699727
2020-02-14,0.012234259861305885,1284.0616137019724,0.0,1004.2106679954388,-0.011532425897208327
2020-02-15,-0.04343737249713475,1228.285351078328,-0.04343737249713471,951.1246300927637,0.009426074979123476
2020-02-16,-0.008258172394187802,1218.1419588998676,-0.05133683158089062,930.3727027549992,0.01356013267456083
2020-02-17,-0.00037304405834848176,1217.687538279875,-0.0516907247392434,927.9728907555618,0.0022063652389483174
2020-02-18,0.0,1217.687538279875,-0.0516907247392434,955.7341939228703,-0.029916071303230707
2020-02-19,0.0,1217.687538279875,-0.0516907247392434,904.1982159934865,0.05392291942370623
2020-02-20,0.0,1217.687538279875,-0.0516907247392434,902.2740947659128,0.0021279860914785098
2020-02-21,0.0,1217.687538279875,-0.0516907247392434,910.080897594953,-0.008652362817825856
2020-02-22,0.0,1217.687538279875,-0.0516907247392434,906.2422916280493,0.0042178733528499225
2020-02-23,0.0,1217.687538279875,-0.0516907247392434,932.6506608165987,-0.029140517312546965
2020-02-24,0.0,1217.687538279875,-0.0516907247392434,909.0717154496151,0.02528164762821128
2020-02-25,0.0,1217.687538279875,-0.0516907247392434,869.373738240497,0.04366869690746449
2020-02-26,0.0,1217.687538279875,-0.0516907247392434,814.6706826047537,0.06292236955127661
2020-02-27,0.0,1217.687538279875,-0.0516907247392434,826.4402614585508,-0.01444703866863877
2020-02-28,0.0,1217.687538279875,-0.0516907247392434,819.5161816835639,0.008378197551468514
2020-02-29,0.0,1217.687538279875,-0.0516907247392434,805.8152567769021,0.016718309183981633
2020-03-01,0.0,1217.687538279875,-0.0516907247392434,799.6541205387116,0.007645842128670762
2020-03-02,0.0,1217.687538279875,-0.0516907247392434,833.8386599153482,-0.04274915678994714
2020-03-03,0.0,1217.687538279875,-0.0516907247392434,822.1733535503071,0.013989884285558854
2020-03-04,0.0,1217.687538279875,-0.0516907247392434,824.6931452325629,-0.0030647936610627147
2020-03-05,0.0,1217.687538279875,-0.0516907247392434,842.7028887581399,-0.021838114733569527
2020-03-06,0.0,1217.687538279875,-0.0516907247392434,860.5689050398381,-0.021200848507861032
2020-03-07,0.0,1217.687538279875,-0.0516907247392434,835.8498696006335,0.028724062994189108
2020-03-08,0.0,1217.687538279875,-0.0516907247392434,754.8150414896016,0.09694902285472633
2020-03-09,0.0,1217.687538279875,-0.0516907247392434,752.9128755571766,0.002520042431416379
2020-03-10,0.0,1217.687538279875,-0.0516907247392434,754.0566863582585,-0.0015191808218652752
2020-03-11,0.0,1217.687538279875,-0.0516907247392434,742.9485742289885,0.014731136703948575
2020-03-12,0.0,1217.687538279875,-0.0516907247392434,525.9425237693737,0.2920875791232492
2020-03-13,0.0,1217.687538279875,-0.0516907247392434,599.3841067653391,-0.13963803966566038
2020-03-14,0.0,1217.687538279875,-0.0516907247392434,564.9474257009593,0.05745344375282497
2020-03-15,0.0,1217.687538279875,-0.0516907247392434,578.0873239879382,-0.023258621403001407
2020-03-16,0.0,1217.687538279875,-0.0516907247392434,542.0279992455963,0.06237695110418005
2020-03-17,0.0,1217.687538279875,-0.0516907247392434,564.5561578208143,-0.0415627211261652
2020-03-18,0.0,1217.687538279875,-0.0516907247392434,569.85678096317,-0.009389009523545124
2020-03-19,0.0,1217.687538279875,-0.0516907247392434,631.273592288638,-0.10777587172282417
2020-03-20,0.0,1217.687538279875,-0.0516907247392434,620.8515648527032,0.016509525447041713
2020-03-21,0.0,1217.687538279875,-0.0516907247392434,622.0172582428324,-0.0018775717999613179
2020-03-22,0.0,1217.687538279875,-0.0516907247392434,589.78597111853,0.051817351845436246
2020-03-23,0.0,1217.687538279875,-0.0516907247392434,629.3617267880161,-0.06710189391997656
2020-03-24,0.0,1217.687538279875,-0.0516907247392434,641.7387112604885,-0.01966593128507989
2020-03-25,0.0,1217.687538279875,-0.0516907247392434,635.8555599120142,0.009167518251966886
2020-03-26,0.0,1217.687538279875,-0.0516907247392434,657.0016867184007,-0.0332561797671672
2020-03-27,0.0,1217.687538279875,-0.0516907247392434,632.8637649376708,0.03673951265071218
2020-03-28,0.0,1217.687538279875,-0.0516907247392434,634.1592271283573,-0.002046984299715758
2020-03-29,0.0,1217.687538279875,-0.0516907247392434,606.2380399080417,0.04402866981333718
2020-03-30,0.0,1217.687538279875,-0.0516907247392434,634.7996051297495,-0.04711278960000609
2020-03-31,0.0,1217.687538279875,-0.0516907247392434,642.2577278893325,-0.011748782921909109
2020-04-01,0.0,1217.687538279875,-0.0516907247392434,651.229889442358,-0.013969721442684411
2020-04-02,0.0,1217.687538279875,-0.0516907247392434,663.8587766006873,-0.019392364145237977
2020-04-03,0.0,1217.687538279875,-0.0516907247392434,667.5198093532465,-0.0055147764578871005
2020-04-04,0.0,1217.687538279875,-0.0516907247392434,675.2085666112152,-0.011518395634458032
2020-04-05,0.0,1217.687538279875,-0.0516907247392434,669.9580486485843,0.007776142398462994
2020-04-06,0.0,1217.687538279875,-0.0516907247392434,729.6888991283441,-0.08915610552070631
2020-04-07,0.0,1217.687538279875,-0.0516907247392434,715.8225040151053,0.01900316029173954
2020-04-08,0.0,1217.687538279875,-0.0516907247392434,734.0511178454802,-0.025465270689492354
2020-04-09,0.0,1217.687538279875,-0.0516907247392434,727.4112175566041,0.009045555721466638
2020-04-10,0.0,1217.687538279875,-0.0516907247392434,691.3943463543299,0.049513769286176186
2020-04-11,0.0,1217.687538279875,-0.0516907247392434,693.7427652893376,-0.0033966417969583584
2020-04-12,0.0,1217.687538279875,-0.0516907247392434,698.2814775329423,-0.006542356145093242
2020-04-13,0.0,1217.687538279875,-0.0516907247392434,699.1001334482731,-0.0011723866974435568
2020-04-14,0.0,1217.687538279875,-0.0516907247392434,704.063616649552,-0.007099817270520115
2020-04-15,0.0,1217.687538279875,-0.0516907247392434,683.2154231102035,0.029611235471248314
2020-04-16,0.0,1217.687538279875,-0.0516907247392434,724.0167071619019,-0.05971950086542065
2020-04-17,0.0,1217.687538279875,-0.0516907247392434,719.8679366744637,0.005730213745620708
2020-04-18,0.0,1217.687538279875,-0.0516907247392434,749.9374700202885,-0.04177090243070885
2020-04-19,0.0,1217.687538279875,-0.0516907247392434,733.7140734713423,0.021632999013247587
2020-04-20,0.0,1217.687538279875,-0.0516907247392434,707.799888619477,0.035319187390341775
2020-04-21,0.0,1217.687538279875,-0.0516907247392434,712.211394801738,-0.006232702566350319
2020-04-22,0.0,1217.687538279875,-0.0516907247392434,736.2278933802207,-0.033721025462065776
2020-04-23,0.0,1217.687538279875,-0.0516907247392434,760.0068211366112,-0.032298324975456864
2020-04-24,0.0,1217.687538279875,-0.0516907247392434,763.2723384677523,-0.004296694766841073
2020-04-25,0.0,1217.687538279875,-0.0516907247392434,771.6550475200388,-0.010982592490007517
2020-04-26,0.0,1217.687538279875,-0.0516907247392434,787.4212674153479,-0.02043169411770061
2020-04-27,0.0,1217.687538279875,-0.0516907247392434,790.5480275789445,-0.003970886097425289
2020-04-28,0.0,1217.687538279875,-0.0516907247392434,799.7011514015895,-0.011578200821873472
2020-04-29,0.0,1217.687538279875,-0.0516907247392434,851.3311879212529,-0.06456166335283434
2020-04-30,0.0,1217.687538279875,-0.0516907247392434,823.5685923536204,0.032610805244222406
2020-05-01,0.0,1217.687538279875,-0.0516907247392434,845.3532310712374,-0.026451517116941207
2020-05-02,0.0,1217.687538279875,-0.0516907247392434,852.0824010896899,-0.007960187257964641
2020-05-03,0.0,1217.687538279875,-0.0516907247392434,838.8197465234367,0.015564990603364344
2020-05-04,0.0,1217.687538279875,-0.0516907247392434,836.0947000898196,0.0032486674817935957
2020-05-05,0.0,1217.687538279875,-0.0516907247392434,836.17950130445,-0.00010142537038095232
2020-05-06,0.0,1217.687538279875,-0.0516907247392434,826.1957126905484,0.011939767236970973
2020-05-07,0.0,1217.687538279875,-0.0516907247392434,858.9023113843151,-0.03958698670470714
2020-05-08,-0.0021713876388985698,1215.0434666112133,-0.05374987177739751,859.0851955540318,-0.0023843154274172224
2020-05-09,-0.00289991916549881,1211.5199387754733,-0.056493920659585944,849.9358333173718,0.007750202945800644
2020-05-10,-0.009089881908669217,1200.507365602006,-0.0650702795009018,796.1208387186672,0.05422665622181537
2020-05-11,-7.811245487066021e-05,1200.4135910245886,-0.06514330915650149,788.9119439142232,0.008976913432966296
2020-05-12,0.0,1200.4135910245886,-0.06514330915650149,808.8311973293828,-0.025249019955673697
2020-05-13,0.0,1200.4135910245886,-0.06514330915650149,829.5901675727321,-0.025665392620724363
2020-05-14,0.0,1200.4135910245886,-0.06514330915650149,839.215226104395,-0.011602184919602696
2020-05-15,0.0,1200.4135910245886,-0.06514330915650149,818.5892929860673,0.024577644061669974
2020-05-16,0.0,1200.4135910245886,-0.06514330915650149,827.8684936710324,-0.01133559987220981
2020-05-17,0.0,1200.4135910245886,-0.06514330915650149,838.8836237338209,-0.01330541039669694
2020-05-18,0.0,1200.4135910245886,-0.06514330915650149,856.1655096020702,-0.020601052850845538
2020-05-19,0.0,1200.4135910245886,-0.06514330915650149,865.9551096698312,-0.011434237840661412
2020-05-20,0.00011831608604162547,1200.5556192623098,-0.06503270057183105,856.0808342574012,0.01152107276726831
2020-05-21,-0.006858010402256309,1192.3221963369217,-0.0714447160370789,823.0954857279496,0.03167263671597331
2020-05-22,0.005272789683003598,1198.6090605125833,-0.0665486393157007,845.1094486373485,-0.021472543381154167
2020-05-23,-0.0012321085554264366,1197.132244034514,-0.06769875272327425,841.2409446994187,0.003345409710600885
2020-05-24,-0.0052098423355487755,1190.8953737882925,-0.07255589523082148,815.7825291139789,0.025053087382566903
2020-05-25,0.003789243399330511,1195.407966222713,-0.06904158377857697,831.9609984528947,-0.016042597516026418
2020-05-26,-0.0005072368069845012,1194.8016113028823,-0.06951380015305648,825.7912194942485,0.006908710539248654
2020-05-27,0.0022485769514157816,1197.4882146675723,-0.06742153033047028,842.8598051613297,-0.018420794754346468
2020-05-28,0.014083282985705381,1214.3527800667828,-0.05428776383573826,882.2423395193645,-0.03264161018973396
2020-05-29,-0.00017132521704810166,1214.1447308131649,-0.054449788189864144,877.5187273095153,0.005182773082544461
2020-05-30,0.0,1214.1447308131649,-0.054449788189864144,929.1774698998552,-0.05886910556168577
2020-05-31,-0.008703322647205525,1203.5776374804934,-0.06267921676238125,906.2948638512192,0.015923410985393422
2020-06-01,0.015067637970315628,1221.7127095912174,-0.048556006538504046,950.190353616645,-0.03336636680699897
2020-06-02,-0.01395891634195201,1204.658924084134,-0.06183713364728585,921.3566105136082,0.016386311846577684
2020-06-03,0.012122232574873992,1219.2620797352793,-0.0504645051882479,941.7243340001565,-0.009983999967587951
2020-06-04,0.004246132251451096,1224.4392277750146,-0.04643265189983011,947.4522112762423,-0.0018361968009962737
2020-06-05,-0.007100149219031571,1215.7455265481763,-0.05320312236173751,938.1326229909893,0.002736323981763664
2020-06-06,0.0023233091930934258,1218.5700793064677,-0.05100342047192847,940.8664581719493,-0.0005908152216869134
2020-06-07,0.002381687759195561,1221.472332748074,-0.04874320693494794,942.8499345599222,0.00027354970119020106
2020-06-08,0.001007227419720591,1222.702633174048,-0.04778507500977724,944.9713502182243,-0.001242776086184489
2020-06-09,-0.005177131979433813,1216.3725402705047,-0.05271481734923833,935.4308395828141,0.004918952556046463
2020-06-10,0.003579479657803031,1220.7265210347132,-0.0493240293078017,941.4382591829215,-0.0028426088022979823
2020-06-11,-0.02271516277881991,1192.9975194009871,-0.07091878873198762,891.7334237259869,0.03008153947128161
2020-06-12,0.002895055787320411,1196.451313773788,-0.06822904679441548,911.8039746177183,-0.019612288176382688
2020-06-13,0.00023290282178911603,1196.729970660899,-0.06801203471015287,912.3929272497401,-0.0004130174071382672
2020-06-14,-0.0027633106922999584,1193.423033937176,-0.07058740701973319,899.4884279392269,0.011380265967606567
2020-06-15,-0.0004063302343965125,1192.938110076062,-0.07096505545648993,903.138707521823,-0.004464503157153347
2020-06-16,-8.064200203217187e-05,1192.841909158565,-0.07103997469437581,909.0888523725347,-0.006668937688127342
2020-06-17,0.0,1192.841909158565,-0.07103997469437581,914.6424286129576,-0.006108947685288754
2020-06-18,0.0,1192.841909158565,-0.07103997469437581,905.2294021782633,0.01029148237630866
2020-06-19,0.0,1192.841909158565,-0.07103997469437581,896.5209307921077,0.00962018176298778
2020-06-20,0.0,1192.841909158565,-0.07103997469437581,897.9288164545817,-0.0015703879453544836
2020-06-21,0.0,1192.841909158565,-0.07103997469437581,892.8172686261464,0.005692598048716072
2020-06-22,0.0,1192.841909158565,-0.07103997469437581,921.4306498820912,-0.032048418261414816
2020-06-23,0.0,1192.841909158565,-0.07103997469437581,918.1743473132695,0.003533963808603919
2020-06-24,0.0,1192.841909158565,-0.07103997469437581,901.8303783389014,0.01780050708473107
2020-06-25,0.0,1192.841909158565,-0.07103997469437581,896.5993218303614,0.005800488245001345
2020-06-26,0.0,1192.841909158565,-0.07103997469437581,891.724438320269,0.005437081415743902
2020-06-27,0.0,1192.841909158565,-0.07103997469437581,869.3124361868772,0.025133327259269627
2020-06-28,0.0,1192.841909158565,-0.07103997469437581,881.0380637882694,-0.013488392795604083
2020-06-29,0.0,1192.841909158565,-0.07103997469437581,890.4257770825208,-0.010655286848659287
2020-06-30,0.0,1192.841909158565,-0.07103997469437581,884.9106143752011,0.006193848885855597
2020-07-01,0.0,1192.841909158565,-0.07103997469437581,914.6355647552857,-0.03359090725911588
2020-07-02,-0.003914578615845432,1188.1724357288886,-0.07467646174441245,899.7656710300325,0.012343146644632097
2020-07-03,0.00353419995759352,1192.3716747008555,-0.0714061833347492,903.905628810511,-0.0010669511129278875
2020-07-04,0.00338560155489831,1196.4085700967394,-0.06826233466517839,915.802299577902,-0.009775806437489543
2020-07-05,-0.001865771280220141,1194.1763453472436,-0.0700007440418595,910.0388105692633,0.004427605588668615
2020-07-06,0.006760484041748116,1202.2495554729967,-0.06371349891311688,946.8327231153233,-0.03367066254093883
2020-07-07,0.012034391421262836,1216.717897209598,-0.05244586067659265,961.9137005604719,-0.003893424630054425
2020-07-08,-9.062727202757692e-05,1216.6076293857468,-0.05253173492333797,1002.3315536161415,-0.04210879691876368
2020-07-09,-0.004113622597464173,1211.6029647492583,-0.056429261788937514,984.0851547442549,0.01409033277644237
2020-07-10,-0.003830005878857401,1206.9625182714276,-0.06004314326340366,979.799845759371,0.0005246060815247778
2020-07-11,-8.638289835294355e-05,1206.8582573508959,-0.06012433946101534,989.6848126527086,-0.010175144328679957
2020-07-12,0.0,1206.8582573508959,-0.06012433946101534,1000.2678085249066,-0.010693299257398798
2020-07-13,0.000624454221101356,1207.6118850839696,-0.05953743013748142,993.4700374925635,0.007420405239826836
2020-07-14,-0.002470905154557501,1204.6279906524107,-0.061861223949023075,1001.4871517685971,-0.010540714986234006
2020-07-15,-0.0033716961183308802,1200.5663511322953,-0.06502434281868985,992.615764281388,0.005486517860293305
2020-07-16,-0.003583911559350894,1196.2636275087045,-0.06837521288417363,977.7944432188513,0.011347667804862358
2020-07-17,-0.00010452786270009895,1196.1385846284952,-0.06847259363200926,972.5624366577428,0.005246296737902968
2020-07-18,0.0,1196.1385846284952,-0.06847259363200926,979.7262456583202,-0.00736591166855703
2020-07-19,0.0,1196.1385846284952,-0.06847259363200926,990.6841743945339,-0.01118468427764804
2020-07-20,0.0,1196.1385846284952,-0.06847259363200926,973.0977953537869,0.017751751259673876
2020-07-21,0.0,1196.1385846284952,-0.06847259363200926,994.2723909765099,-0.02175998725289942
2020-07-22,0.0,1196.1385846284952,-0.06847259363200926,1013.1255985230307,-0.018961813400052683
2020-07-23,0.006750516847201737,1204.213138295618,-0.062184302181692,1030.1127605826978,-0.010016567198874591
2020-07-24,0.002270745052669998,1206.947599321763,-0.06005476182555478,1028.6789784879197,0.003662614127242907
2020-07-25,0.01901273571329587,1229.8949750474646,-0.04218383142717303,1083.626423793521,-0.03440280640886357
2020-07-26,0.0005638222076305155,1230.5884171474495,-0.04164379340050416,1093.8758461531381,-0.008894624111661118
2020-07-27,0.0010587491127294069,1231.8913015422395,-0.04062913461708819,1114.3322519069723,-0.017642098726423115
2020-07-28,0.0024091743880079175,1234.8591425147247,-0.038317842899606776,1129.6315967933497,-0.011320433509632506
2020-07-29,0.004425476775749226,1240.3239829712452,-0.03406194084770657,1129.795732543996,0.0042801765282064
2020-07-30,0.008622733217280354,1251.0189657794008,-0.0257329146592188,1140.6296027330282,-0.0009664959477447988
2020-07-31,0.01980472578595993,1275.795053349697,-0.00643782219175829,1163.4223938987266,-0.0001779146006170504
2020-08-01,0.04850163378083283,1337.673197806662,0.0,1224.0074933371225,-0.0035732615934692194
2020-08-02,-0.021087621394727418,1309.4648518614408,-0.021087621394727453,1187.2558510484826,0.008938046330917548
2020-08-03,-0.00027227911529936755,1309.1083119300604,-0.021354158791129688,1221.7907694845517,-0.02936029616366409
2020-08-04,0.0,1309.1083119300604,-0.021354158791129688,1227.599195711368,-0.0047540269347974605
2020-08-05,0.0,1309.1083119300604,-0.021354158791129688,1248.2664903220832,-0.01683553938689161
2020-08-06,-0.002394703582677349,1305.9733855653687,-0.023697725493244875,1245.07888613782,0.00015892115128514567
2020-08-07,-0.001850407804410592,1303.556802220366,-0.025504282841455974,1220.3515159873639,0.018009675300170374
2020-08-08,0.0026074234709081434,1306.9557268221374,-0.022963359836237325,1246.2854426674794,-0.01864377041902026
2020-08-09,-0.0022244841505764112,1304.0484245223165,-0.02513676235681404,1231.4214827435155,0.009702125448706125
2020-08-10,0.000941264734798386,1305.2758793167886,-0.024219157969969228,1241.2636369000857,-0.007051249846515062
2020-08-11,-0.005965167844533825,1297.4896896132425,-0.03003985447215892,1200.2954231977747,0.027040079779270254
2020-08-12,-3.539892355841623e-05,1297.443759874902,-0.030074190017205148,1231.331617506344,-0.02589252851744119
2020-08-13,0.0,1297.443759874902,-0.030074190017205148,1263.5478093330269,-0.02616370063811562
2020-08-14,0.0022585355436191,1300.3740827224262,-0.02788357810068554,1266.624821063341,-0.0001766803679486167
2020-08-15,-0.0009999634682209546,1299.0737561446824,-0.028855659009442564,1252.4200481682826,0.010214701410313125
2020-08-16,0.00021563515675748768,1299.3538821177283,-0.028646246147238864,1273.411280613334,-0.01654490175396336
2020-08-17,-0.000475750824406318,1298.7357134371152,-0.029108368496424484,1271.2453673920238,0.0012251240259144116
2020-08-18,-0.0048176792645415745,1292.4788213203697,-0.03378581297763618,1259.9980068044476,0.004029834265163948
2020-08-19,-0.004316296997603164,1286.9000988644389,-0.037956280372122404,1204.7087071698024,0.039564168952392675
2020-08-20,0.002389455361073045,1289.975089204836,-0.03565751984867088,1241.495887866915,-0.028146707014258223
2020-08-21,-0.00790110159135371,1279.782864974713,-0.04327688775320453,1179.7621861643843,0.04182415509765447
2020-08-22,0.0025041483877805693,1282.9876311727487,-0.040881111114119247,1197.0134523455274,-0.012118515724916687
2020-08-23,-0.0002088212270554557,1282.7197161213103,-0.04108139549738843,1199.844390090953,-0.0025738220045142335
2020-08-24,0.000941444204686892,1283.9273251642903,-0.04017862713441299,1224.6094272119085,-0.01969876324677961
2020-08-25,-0.0040982572763522684,1278.6654606616282,-0.04411222205975784,1170.2534381591456,0.04028813061592155
2020-08-26,-8.659668481769689e-05,1278.554732471744,-0.04419499877238521,1199.4310369059554,-0.02501931450080392
2020-08-27,0.0,1278.554732471744,-0.04419499877238521,1179.7331633892888,0.01642268118013606
2020-08-28,0.0,1278.554732471744,-0.04419499877238521,1222.4651880141237,-0.03622177111819834
2020-08-29,0.0,1278.554732471744,-0.04419499877238521,1232.1814404046754,-0.00794808104624686
2020-08-30,0.0,1278.554732471744,-0.04419499877238521,1283.6091805667993,-0.041737148828693504
2020-08-31,0.0,1278.554732471744,-0.04419499877238521,1300.6685844996664,-0.013290185354808779
2020-09-01,0.0,1278.554732471744,-0.04419499877238521,1331.7068526871435,-0.023863318109906353
2020-09-02,-0.006743253481665823,1269.9331138205036,-0.05064023417470692,1274.8436269160693,0.03595625328766161
2020-09-03,-0.01715732000283443,1248.1444650044893,-0.06692870347478741,1115.9635726775834,0.10746977220205585
2020-09-04,0.00010700242068906185,1248.2780194836146,-0.06682886258738366,1146.6650622739944,-0.027404190908630506
2020-09-05,0.0,1248.2780194836146,-0.06682886258738366,1036.9954501992727,0.09564223737420914
2020-09-06,0.0,1248.2780194836146,-0.06682886258738366,1107.735812562666,-0.06821665644704598
2020-09-07,0.0,1248.2780194836146,-0.06682886258738366,1099.5090264686662,0.007426667984099903
2020-09-08,0.0,1248.2780194836146,-0.06682886258738366,1062.1224504683098,0.03400297323654749
2020-09-09,0.0,1248.2780194836146,-0.06682886258738366,1152.3042007184133,-0.08490711236763764
2020-09-10,0.0,1248.2780194836146,-0.06682886258738366,1166.4938914395486,-0.012314188139111846
2020-09-11,0.0,1248.2780194836146,-0.06682886258738366,1171.3725025891758,-0.004182286067187909
2020-09-12,0.0,1248.2780194836146,-0.06682886258738366,1200.4877451424873,-0.024855665033075187
2020-09-13,0.005676001668034836,1255.363247604375,-0.06153218165486759,1193.269182198199,0.011689026768454847
2020-09-14,0.0001791678761833282,1255.5881683712869,-0.061364038368988225,1209.7443108945606,-0.013627548112250944
2020-09-15,-0.008867136902801498,1244.4546961888009,-0.06968705194266316,1157.1219124825204,0.034631640432326395
2020-09-16,0.0016189471374159492,1246.4694025568394,-0.06818092445850485,1141.910698974357,0.014764678234607682
2020-09-17,-8.162357371699347e-05,1246.3676612696738,-0.06825698286150825,1178.6300805694614,-0.032237712161103875
2020-09-18,0.0,1246.3676612696738,-0.06825698286150825,1186.5858559799753,-0.006750018976836247
2020-09-19,0.0,1246.3676612696738,-0.06825698286150825,1183.3110036850142,0.0027598949359266705
2020-09-20,0.0,1246.3676612696738,-0.06825698286150825,1152.8457831635792,0.025745742604067257
2020-09-21,0.0,1246.3676612696738,-0.06825698286150825,1078.241033465466,0.0647135556096556
2020-09-22,0.0,1246.3676612696738,-0.06825698286150825,1100.1251165324784,-0.020296095573989544
2020-09-23,0.0,1246.3676612696738,-0.06825698286150825,1004.5695089146916,0.08685885467188643
2020-09-24,0.0,1246.3676612696738,-0.06825698286150825,1112.7647380460771,-0.10770307895197484
2020-09-25,0.0,1246.3676612696738,-0.06825698286150825,1152.8719418414532,-0.036042842142716566
2020-09-26,0.0,1246.3676612696738,-0.06825698286150825,1151.9110190274691,0.0008335035133644039
2020-09-27,0.0,1246.3676612696738,-0.06825698286150825,1172.080073370697,-0.01750921209196865
2020-09-28,0.0,1246.3676612696738,-0.06825698286150825,1144.1129052119854,0.02386114122585741
2020-09-29,0.0,1246.3676612696738,-0.06825698286150825,1160.1264972146485,-0.013996513744153847
2020-09-30,0.0,1246.3676612696738,-0.06825698286150825,1165.5255215317939,-0.0046538238115480125
2020-10-01,0.0,1246.3676612696738,-0.06825698286150825,1133.144324701503,0.027782486296596822
2020-10-02,0.0,1246.3676612696738,-0.06825698286150825,1093.747768768651,0.03476746525049222
2020-10-03,0.0,1246.3676612696738,-0.06825698286150825,1097.7788855330748,-0.0036855999888914764
2020-10-04,0.0,1246.3676612696738,-0.06825698286150825,1119.6282649689751,-0.019903260778503986
2020-10-05,0.0,1246.3676612696738,-0.06825698286150825,1131.5973041039388,-0.01069019022603487
2020-10-06,0.0,1246.3676612696738,-0.06825698286150825,1059.9954607228278,0.06327502117708662
2020-10-07,0.0,1246.3676612696738,-0.06825698286150825,1069.2747924896148,-0.008754124060549555
2020-10-08,0.0,1246.3676612696738,-0.06825698286150825,1108.5168752252014,-0.036699717426442256
2020-10-09,0.0,1246.3676612696738,-0.06825698286150825,1154.3596721124172,-0.041355073532734724
2020-10-10,0.0,1246.3676612696738,-0.06825698286150825,1149.9559986516415,0.0038148192172352707
2020-10-11,0.0,1246.3676612696738,-0.06825698286150825,1161.0542499382761,-0.009651022560556737
2020-10-12,0.0,1246.3676612696738,-0.06825698286150825,1209.9373395203027,-0.042102330347290114
2020-10-13,0.0,1246.3676612696738,-0.06825698286150825,1197.201306435652,0.010526192281742517
2020-10-14,0.0,1246.3676612696738,-0.06825698286150825,1169.2551262404909,0.023342924907393647
2020-10-15,0.0,1246.3676612696738,-0.06825698286150825,1165.6673349464286,0.0030684417913122075
2020-10-16,0.0,1246.3676612696738,-0.06825698286150825,1130.1572954119124,0.030463270669026894
2020-10-17,0.0,1246.3676612696738,-0.06825698286150825,1147.1512066174982,-0.015036766363917518
2020-10-18,0.0,1246.3676612696738,-0.06825698286150825,1156.8561238640696,-0.008460015724681453
2020-10-19,0.0,1246.3676612696738,-0.06825698286150825,1146.7044607570933,0.008775216638926664
2020-10-20,0.0,1246.3676612696738,-0.06825698286150825,1103.5489704010513,0.03763436162753685
2020-10-21,0.0,1246.3676612696738,-0.06825698286150825,1146.490135849143,-0.03891188030603294
2020-10-22,0.002601131863617656,1249.609627907185,-0.06583339641092598,1197.1413978175951,-0.041578281796088835
2020-10-23,-0.0006930122035306852,1248.743633185396,-0.06648078526734401,1185.5862122127428,0.008959302573919683
2020-10-24,0.002779603135172559,1252.214644903225,-0.0638859723313292,1183.4779626913087,0.004557836974025247
2020-10-25,-0.0012458142217794954,1250.654618089884,-0.0650521965002061,1160.2553924229283,0.01837649476956915
2020-10-26,0.00032671604268408316,1251.063227017471,-0.0647467340537304,1141.2605341447677,0.016697989472833075
2020-10-27,0.008627968191163404,1261.857360745312,-0.0566773986244643,1159.6202630160178,-0.007459268966308632
2020-10-28,-0.005448561511912198,1254.982053296032,-0.061817149843635885,1110.5956765030908,0.03682785265268719
2020-10-29,0.0027747263121926657,1258.4642850206421,-0.05921394920365911,1082.5987348109709,0.027983668039998997
2020-10-30,0.001517004515307896,1260.373381023372,-0.057786772516662456,1067.8065053196226,0.015180635383979893
2020-10-31,0.0033738682348616322,1264.625714737672,-0.0546078692379899,1080.6691145197744,-0.00867195573799546
2020-11-01,-0.0004523412930668158,1264.053672306622,-0.05503550913687401,1100.8301719098424,-0.019108428636718706
2020-11-02,-0.0031290090875504273,1260.0984368788231,-0.05799231161619721,1060.258851170733,0.03372619507961172
2020-11-03,0.0069508703999854315,1268.857217804792,-0.05144453825845151,1048.753831598314,0.017802012608998878
2020-11-04,0.001738515824884601,1271.0631461574649,-0.04979545957743302,1049.0447539181582,0.001461117725274622
2020-11-05,0.021054299088796524,1297.824489797411,-0.029789568987843768,1090.6573001842498,-0.01861278480888256
2020-11-06,-0.00017800669223622112,1297.593468352879,-0.029962272937441293,1207.1374078904216,-0.10697608862548354
2020-11-07,-0.004916403639418143,1291.2139751025836,-0.034731369949144594,1167.0186637074116,0.028318209024206502
2020-11-08,0.00444759348286472,1296.9567699632337,-0.03043824748091668,1211.51830003924,-0.033683447361384476
2020-11-09,-0.0023307001570497254,1293.9339526157937,-0.032698005209782284,1187.235072434697,0.017712932368977006
2020-11-10,0.0013924366995918813,1295.7356737382638,-0.031351098412648035,1220.206785643352,-0.026379412342097144
2020-11-11,0.002956416636691772,1299.5664082408587,-0.028487368684881956,1205.1076196226982,0.01533068483312112
2020-11-12,-0.0001731536286471158,1299.3413836016039,-0.02865558962227067,1195.825972869407,0.007528769919224227
2020-11-13,0.003330091953093861,1303.6683098874573,-0.025420923417589156,1236.491125946325,-0.03067582027788153
2020-11-14,-0.0052609807941041975,1296.8097359472572,-0.030548165221824977,1206.975524700835,0.0186094705388165
2020-11-15,-0.003330543235409711,1292.4906550535845,-0.03377696647220101,1207.97137266211,-0.004155620414602664
2020-11-16,0.015852407208294395,1312.9797432304092,-0.01846000549068479,1266.671347757088,-0.03274143898991132
2020-11-17,0.017144058324039868,1335.4895445266343,-0.001632426577439278,1309.7147533860725,-0.01683745211685076
2020-11-18,-0.003909019821131787,1330.2690894261655,-0.005535065210723275,1284.2653223813622,0.015522257820747436
2020-11-19,0.0027702574244579115,1333.9542772476752,-0.002780141341760175,1279.567345680298,0.0064283618824627475
2020-11-20,0.02515321113637725,1367.5075108295596,0.0,1351.4110600796298,-0.030993669011721056
2020-11-21,0.02030947734112387,1395.2808736345692,0.0,1522.4191307164679,-0.1062309038118627
2020-11-22,-0.004107650937878571,1389.54954684538,-0.004107650937878591,1502.7664263575007,0.008801214933846542
2020-11-23,0.014860971199223583,1410.1996026409436,0.0,1644.8172684145602,-0.0796652569394839
2020-11-24,0.022423296294171502,1441.8209261648844,0.0,1736.2098812451673,-0.03314069527232055
2020-11-25,-0.025763769450089624,1404.6741842348576,-0.025763769450089635,1641.0605783958024,0.029039111167734215
2020-11-26,-0.029527886789955327,1363.1971239459979,-0.05453090657244024,1452.7525187497415,0.08521989408120483
2020-11-27,-0.0002889746547860561,1362.8031945277003,-0.054804123177324325,1466.2707419126937,-0.00959422313206028
2020-11-28,0.0,1362.8031945277003,-0.054804123177324325,1548.8567982034242,-0.05632387930144483
2020-11-29,0.0,1362.8031945277003,-0.054804123177324325,1580.6699542742242,-0.020539765914899984
2020-11-30,0.0,1362.8031945277003,-0.054804123177324325,1661.0074026513091,-0.05082493543946209
2020-12-01,-0.004539595351685688,1356.6166194805598,-0.05909492998618107,1577.6638256569795,0.04563692816127168
2020-12-02,0.0020973943392477157,1359.4619794987877,-0.05712148101856462,1627.6944048732325,-0.029614418027001425
2020-12-03,0.00103339977775474,1360.8668472062677,-0.05614711056659954,1651.165204066883,-0.01338625978695234
2020-12-04,-0.003697848036159246,1355.8345684078517,-0.05963733512021411,1513.726248419403,0.07953970766630017
2020-12-05,0.002377078957838119,1359.0574942307237,-0.0574020188167917,1587.072091087816,-0.04607675656559212
2020-12-06,0.0010046703897932385,1360.4228990532038,-0.05645501853561815,1585.0562895702749,0.002274808985803345
2020-12-07,-0.0009300518385867429,1359.1576352346838,-0.057332564280418434,1550.075358450485,0.021139152485553314
2020-12-08,-0.004044271619633721,1353.6608325838956,-0.06114496743745205,1439.876713175597,0.06704817216003324
2020-12-09,0.0010351748837273966,1355.0621082788718,-0.060173088288282335,1480.4434538751113,-0.027138584944672077
2020-12-10,-0.0013854703055555806,1353.184709965668,-0.06147519056682092,1437.2012883046564,0.027823457233870013
2020-12-11,-0.0010576035652668514,1351.7535769919436,-0.062467777751368844,1403.4535019131247,0.022423996866180844
2020-12-12,-6.98323828786096e-05,1351.6591808185976,-0.06253324786047393,1431.6747009902306,-0.020178228591685037
2020-12-13,0.0,1351.6591808185976,-0.06253324786047393,1478.8925750621574,-0.03298086781813524
2020-12-14,0.0,1351.6591808185976,-0.06253324786047393,1475.3492065335781,0.0023959607265122695
2020-12-15,0.0,1351.6591808185976,-0.06253324786047393,1487.3672512716566,-0.008145898398058555
2020-12-16,0.0,1351.6591808185976,-0.06253324786047393,1604.7038734092555,-0.0788888030426106
2020-12-17,0.008173456647291077,1362.7069085349315,-0.05487090400358471,1594.0440486688722,0.014816317624336266
2020-12-18,0.0030578427781002837,1366.8738520138625,-0.05198084782301956,1628.8201384554209,-0.01875842372694955
2020-12-19,0.004218320969533229,1372.6397646465193,-0.0479817987538722,1651.0280743530247,-0.00941604870289944
2020-12-20,-0.0045033739434148234,1366.4582544967152,-0.052269092715020615,1609.4173485933673,0.020699544411539934
2020-12-21,-0.007847736197307165,1355.7346505907922,-0.0597066348614277,1526.361158783871,0.04375863543904152
2020-12-22,0.009490010998350229,1368.6005873357433,-0.05078324048458691,1526.5242354442935,0.009383170844901447
2020-12-23,-0.009686610038643573,1355.3434871475633,-0.05997793307615767,1317.8517821833434,0.12701115630911183
2020-12-24,0.002500879437996817,1358.7330378059937,-0.05762705121772447,1453.3571513556894,-0.10032204116984911
2020-12-25,0.005096968868966156,1365.6584578009267,-0.05282380563482534,1467.7981187645066,-0.0048393137545766265
2020-12-26,0.009194369987310047,1378.2148269382476,-0.0441151172606597,1455.2694057231665,0.0177300894988501
2020-12-27,-0.0010982199440477958,1376.7012439281216,-0.04516488910309786,1452.3845025723183,0.0008841643069387173
2020-12-28,0.009335886256802262,1389.5539701510327,-0.03625065711376324,1527.307158555891,-0.0422500786518548
2020-12-29,0.008768342148037123,1401.7380547944804,-0.027800173130390706,1562.8448262714298,-0.014499844291382673
2020-12-30,0.005483272482756485,1409.4241664983676,-0.0224693365719759,1539.1266172066992,0.02065957704353402
2020-12-31,-0.004228015800130436,1403.465098853327,-0.026602351662061527,1552.1539496083822,-0.012692122817736335
2021-01-01,7.594864796622858e-05,1403.5716901300527,-0.02652842342673669,1647.4327436197068,-0.061308937841781805
2021-01-02,0.02134507906490124,1433.531038829136,-0.005749595657346215,1658.9920337873,0.014328531523060208
2021-01-03,0.04285101387058954,1494.959297257924,0.0,1837.592234380602,-0.06480483796950451
2021-01-04,0.0006463014666953093,1495.9254916443915,0.0,1929.6259507337859,-0.04943756079135656
2021-01-05,0.015547628399124047,1519.1835853012556,0.0,2009.4184167245226,-0.025803632429636125
2021-01-06,0.008517662363930922,1532.1234781496778,0.0,2168.7924092903345,-0.0707958301567565
2021-01-07,0.0019210505295763625,1535.0667647687537,0.0,2327.7415377249345,-0.07136818072820501
2021-01-08,0.013674750700957583,1556.058420086292,0.0,2539.5984395332207,-0.07733917776781422
2021-01-09,0.008277694736350538,1568.9389966796941,0.0,2714.740206679743,-0.06068665979314483
2021-01-10,-0.013262983788025928,1548.1301842023297,-0.013262983788025914,2604.0929378679684,0.02749497475972825
2021-01-11,-0.025831072705162272,1508.140320857143,-0.038751459394672325,2384.75587156449,0.05839674540145809
2021-01-12,-0.00029344912865703066,1507.697758394095,-0.03903353694133578,2507.672137877337,-0.05183594359464584
2021-01-13,0.004851262295666237,1515.011995682653,-0.03437163657169944,2656.32058985049,-0.054426204534179755
2021-01-14,0.005554899874092634,1523.4277356267194,-0.02900766769727127,2726.1455911036614,-0.020731460861115752
2021-01-15,0.0003961703926740334,1524.031272590953,-0.028622989283699503,2635.9105898170574,0.03349601714373223
2021-01-16,0.022559593853051618,1558.4127991199543,-0.006709118443748361,2887.89970464354,-0.07303891233299176
2021-01-17,-0.00019243173772209854,1558.1129110369313,-0.006900259134149742,3005.5075215016223,-0.040916774300234375
2021-01-18,-0.0018506154700242972,1555.2294431797218,-0.008738104877873215,3000.7163747707327,-0.00025649311411164136
2021-01-19,-0.004391029109570788,1548.400385422658,-0.013090764714562804,2959.710476108293,0.009274340602544411
2021-01-20,0.0013000592160246072,1550.4133976138228,-0.011807724267850187,3003.8575346613857,-0.013615946558682685
2021-01-21,-0.02123384219737967,1517.4921641881876,-0.03279084311141613,2587.7054608137955,0.11730537580667982
2021-01-22,0.008373598476197897,1530.199034261876,-0.02469182198912928,2817.6360860072477,-0.08048142334732236
2021-01-23,-8.912234784885786e-05,1530.0626593312666,-0.024778743743829795,2829.3347801472232,-0.004241075894324368
2021-01-24,0.0,1530.0626593312666,-0.024778743743829795,2905.8673248095024,-0.027049660294458718
2021-01-25,0.0,1530.0626593312666,-0.024778743743829795,2861.380110937782,0.015309444272249275
2021-01-26,0.0,1530.0626593312666,-0.024778743743829795,2918.6169207156277,-0.020003217873450354
2021-01-27,0.0,1530.0626593312666,-0.024778743743829795,2703.1098459393584,0.07383876700181272
2021-01-28,0.0,1530.0626593312666,-0.024778743743829795,2888.5900647345206,-0.06861734423179014
2021-01-29,0.0,1530.0626593312666,-0.024778743743829795,2941.9898627362636,-0.018486457685248068
2021-01-30,0.0,1530.0626593312666,-0.024778743743829795,3278.6127117441147,-0.11442012539593419
2021-01-31,0.00018933569186585508,1530.352354803469,-0.02459409955255428,3323.240523919414,-0.013422461766077563
2021-02-01,0.0033790227615220214,1535.523450243499,-0.021298180813219426,3428.991450907529,-0.028442606225895638
2021-02-02,0.006725906449294827,1545.8512373205351,-0.014715523935614481,3598.415365680769,-0.04268334907054595
2021-02-03,0.012920016519391675,1565.8236608432385,-0.0019856322285624543,3848.412278363193,-0.05655415121197252
2021-02-04,0.008990410584056585,1579.9010584564496,0.0,4000.7118696310827,-0.030584245209492225
2021-02-05,0.03326137942359764,1632.4507470135131,0.0,4448.7121991858,-0.07871877414742882
2021-02-06,-0.006079647382010278,1622.5260221031717,-0.006079647382010268,4548.585433181902,-0.028529567611595166
2021-02-07,0.01625556801913275,1648.9011042182826,0.0,4729.517247080078,-0.02352203241424141
2021-02-08,0.028313942210243415,1695.5879947935257,0.0,5398.966135739143,-0.11323303894779574
2021-02-09,0.007034500147371281,1707.515608792782,0.0,5793.044069662123,-0.06595686968440644
2021-02-10,0.08133219119562418,1846.391594756629,0.0,6967.832933714423,-0.12146082227454974
2021-02-11,0.006201299744945432,1857.841622482263,0.0,6932.120088025657,0.01132668751306587
2021-02-12,0.0005014309767210623,1858.773201821617,0.0,7224.190479208959,-0.04163147893749349
2021-02-13,-0.0037723194970965546,1851.7613154317048,-0.0037723194970965177,7069.460460415445,0.01764599986184377
2021-02-14,0.0014310667537829058,1854.4113094861605,-0.0023466511843305356,6853.013020997328,0.032048316914539576
2021-02-15,-0.0006824453086710092,1853.145775187655,-0.0030274950319097538,6732.335838940085,0.016926915958773475
2021-02-16,-0.0016956499605741415,1850.00348862702,-0.004718011420652385,6610.568170520046,0.016391336686130225
2021-02-17,0.005680069624954154,1860.5116372488294,0.0,7021.84374179685,-0.056534790076651444
2021-02-18,0.011877827297050558,1882.6104731602238,0.0,7452.378300140215,-0.04943577838469509
2021-02-19,0.052775745017197506,1981.9666434584335,0.0,8617.686640249578,-0.10359156393804397
2021-02-20,-0.007681025406340969,1966.743107315509,-0.007681025406340968,8182.7987740337885,0.042783546394705066
2021-02-21,0.006513402485456066,1979.5532967589515,-0.001217652530857327,8614.759502542109,-0.046275470910654724
2021-02-22,0.005828123641087313,1991.0903781265847,0.0,8610.053745276065,0.006374367243669006
2021-02-23,-0.00017918049054010954,1990.7336135759224,-0.0001791804905400622,7733.495304294573,0.10162720387290478
2021-02-24,0.005632023525360852,2001.9454721203088,0.0,8203.967753999714,-0.05520365700371085
2021-02-25,-0.009728046882482855,1982.4704527113481,-0.009728046882482853,7552.995854097632,0.069620375663999
2021-02-26,-0.0007364409368453284,1981.0104803138852,-0.010457323687368375,7544.525519287582,0.0003850127185879293
2021-02-27,0.002143308319858983,1985.2563965580698,-0.008336428636371967,7609.517949899766,-0.006471206992738334
2021-02-28,-6.737868791550916e-05,1985.1226325868938,-0.008403245626664077,7347.64725278188,0.03434619374098397
2021-03-01,-0.0005047580833655863,1984.1206258916236,-0.0089037621038731,8156.3495282248105,-0.11056750982158349
2021-03-02,-0.0023389509122222485,1979.4798651437354,-0.011221887553600278,7808.615504276227,0.04029458541984156
2021-03-03,-0.00031255962316512065,1978.861159663023,-0.011530939667820499,7956.183676020165,-0.019210682044883236
2021-03-04,-0.0032131921721200163,1972.5026984750814,-0.014707080714862732,7684.45119136636,0.030940429176869517
2021-03-05,0.0014889623340317293,1975.4396806968869,-0.013240016670058937,7542.602415406713,0.01994815641662511
2021-03-06,-0.000963824532512314,1973.5357034701328,-0.014191080149693811,7700.609452406385,-0.02191243461395084
2021-03-07,4.176125722987756e-05,1973.6181208022979,-0.014149911529812391,8016.547496892393,-0.04098590628501651
2021-03-08,-0.0003850768784053882,1972.858126097175,-0.014529539604456156,8066.458545298422,-0.006611079833589931
2021-03-09,0.0025123790255134892,1977.8146934734953,-0.01205366428949536,9000.571922185312,-0.1132897876429489
2021-03-10,-0.002062991750351184,1973.7344780771361,-0.01409178942985578,8543.286000603786,0.04874332650753336
2021-03-11,-0.00026909498462024395,1973.2033560281136,-0.014357092384616089,8829.341881867156,-0.03375221626174396
2021-03-12,-0.002950821883906496,1967.380784383748,-0.01726554904612482,8288.783012953607,0.05827218614387163
2021-03-13,0.0021738335195338188,1971.657542678528,-0.015129247955840718,8846.583822437167,-0.06512202989151669
2021-03-14,-0.0026007464770645417,1966.5297612704292,-0.017690647094583428,8432.655699752964,0.0441888540051441
2021-03-15,-0.0038165697089228567,1959.0243633518692,-0.02143969921567384,8234.003475015086,0.019740922949492718
2021-03-16,0.0014669587406166418,1961.8981712647692,-0.0200041916292178,8725.788972221146,-0.05825921197309666
2021-03-17,0.002278456861704692,1966.3682716150531,-0.017771313455193644,9028.203423106463,-0.03237909122340989
2021-03-18,-0.0014396289499336579,1963.537430925005,-0.019185358307798855,8807.71331753632,0.022982738960588604
2021-03-19,0.00042669556514507434,1964.3752636387771,-0.018766849049959435,9058.105218167166,-0.028002011365212076
2021-03-20,7.537886205177813e-05,1964.523336010793,-0.018692884811633316,9030.57741295102,0.003114403531464511
2021-03-21,-0.0008579089169744591,1962.8379539232249,-0.019534756936043906,8920.539782648842,0.011327096013537112
2021-03-22,-0.003715968714340989,1955.544109495125,-0.023178135104768346,8604.601371547133,0.03170099245612939
2021-03-23,0.0002873444618198828,1956.106024264833,-0.022897450751706096,8550.993322131713,0.006517505174747902
2021-03-24,-0.002326368773865495,1951.555400291613,-0.025170551611141706,8041.336524072076,0.05727568900584777
2021-03-25,-4.763744295999128e-05,1951.4624331825485,-0.025216989993385026,8002.951529859781,0.004725822055643092
2021-03-26,0.0,1951.4624331825485,-0.025216989993385026,8778.953069243606,-0.09696441825100284
2021-03-27,0.0,1951.4624331825485,-0.025216989993385026,8917.44022202814,-0.015774905241231152
2021-03-28,0.0,1951.4624331825485,-0.025216989993385026,9077.920303251041,-0.017996204877995945
2021-03-29,0.0,1951.4624331825485,-0.025216989993385026,9413.921238271965,-0.037012985771707516
2021-03-30,0.0,1951.4624331825485,-0.025216989993385026,9649.05767535897,-0.024977523301455196
2021-03-31,0.0,1951.4624331825485,-0.025216989993385026,9646.72946030301,0.00024128937086858354
2021-04-01,0.0,1951.4624331825485,-0.025216989993385026,9774.980601693747,-0.013294779533156942
2021-04-02,0.0,1951.4624331825485,-0.025216989993385026,10099.066741323933,-0.03315465808433747
2021-04-03,-0.005635676954095503,1940.4646213210785,-0.030710552138123102,9954.916826187246,0.008637910777218902
2021-04-04,0.006858966119298149,1953.7742024144163,-0.024062228655445383,10443.513483782239,-0.04222197208700578
2021-04-05,-0.001022538716558108,1951.7763926490352,-0.025060162811596603,11326.34901110624,-0.08555687945303136
2021-04-06,0.02683845526823303,2004.1590560567397,0.0,11984.82092629291,-0.031297835123400994
2021-04-07,-0.007493939839263941,1989.1400086623346,-0.0074939398392638865,11290.82018448559,0.0504127027443383
2021-04-08,0.014565711097721534,2018.1132473614293,0.0,12036.259896702653,-0.05145603931872318
2021-04-09,0.008078224921483246,2034.41602009064,0.0,12170.602907881239,-0.003083299699249571
2021-04-10,0.003725979536521651,2041.9962125502695,0.0,12934.632404276985,-0.059050655456719864
2021-04-11,0.013060243729771104,2068.6651807814455,0.0,13274.333368651016,-0.013202656811701106
2021-04-12,0.01943364714867113,2108.866889973494,0.0,13933.275527763159,-0.030206673070219625
2021-04-13,0.008887887948469952,2127.6102625898166,0.0,14564.16062843265,-0.03639113487802914
2021-04-14,0.0008297126952754308,2129.3755678352854,0.0,14971.011585776076,-0.027105364905362656
2021-04-15,0.005968483163499183,2142.084710060677,0.0,15006.014743160276,0.0036304208900415874
2021-04-16,-0.020092771372910434,2099.0442917200207,-0.02009277137291042,14096.036049385519,0.04054815890403233
2021-04-17,-0.008328577555898553,2081.5622385431643,-0.02825400472411679,13796.983197377518,0.01288680888042082
2021-04-18,0.009867694445175434,2102.1024586817234,-0.018665112164411586,13500.867612296932,0.031330037396848365
2021-04-19,-0.00024323084877364565,2101.591162516489,-0.01890380308211106,12991.06596655418,0.037517427235038
2021-04-20,0.0,2101.591162516489,-0.01890380308211106,13785.599947902987,-0.061160029776952306
2021-04-21,0.0,2101.591162516489,-0.01890380308211106,13279.134939407339,0.03673869910701214
2021-04-22,0.0,2101.591162516489,-0.01890380308211106,13044.664815878295,0.017657032976841496
2021-04-23,-0.0018644516243708775,2097.6728474597717,-0.02073300948011871,13022.038380622607,-0.00012991604411232457
2021-04-24,0.004231837271270855,2106.549857598585,-0.016588910931111422,12512.27538759571,0.04337801224994775
2021-04-25,0.008020544878625246,2123.445535270516,-0.008701418157096692,12819.906983109213,-0.016565838171933293
2021-04-26,-0.00428317188505889,2114.3504530543914,-0.012947320372544924,14379.379282481445,-0.1259277595897049
2021-04-27,-0.000895689518492393,2112.456651515171,-0.013831413111887072,14909.282239596101,-0.037747277247334225
2021-04-28,0.00400622711955223,2120.9196326413494,-0.009880597774645485,15035.374984458727,-0.004451104550496148
2021-04-29,-0.0026485658413503144,2115.302237350086,-0.012502994202237765,15008.505169981996,-0.000861459466916435
2021-04-30,0.0007338671515670914,2116.8545881777136,-0.011778302587412035,16044.238583513234,-0.06827589776511313
2021-05-01,0.012597182589303202,2143.5209919399927,0.0,16552.553058415775,-0.019084874010433128
2021-05-02,-0.0032283913147255205,2136.600867386682,-0.0032283913147255045,16168.959225403665,0.019945908846607012
2021-05-03,0.010520282862430674,2159.0785128757043,0.0,17115.707722578463,-0.04803317651467799
2021-05-04,-0.009557446707642026,2138.4432350512798,-0.009557446707642017,15583.895813996924,0.07993998649290422
2021-05-05,0.0062989602481045015,2151.913203981696,-0.003318688436422263,17327.85541721583,-0.1056088466336987
2021-05-06,-0.003204868101632674,2145.016605996773,-0.006512920579345797,17571.77070893261,-0.017281352804664443
2021-05-07,-0.001115537264080202,2142.6237600407126,-0.007621192437821739,17509.621159242575,0.002421360110664263
2021-05-08,0.0036172047636873206,2150.3740689123215,-0.004031555087725476,18072.4090236993,-0.02852443093124922
2021-05-09,0.004932318992820983,2160.9803997740873,0.0,18269.711214200088,-0.00598499647088129
2021-05-10,-0.008138765953771165,2143.3926860696392,-0.008138765953771148,17250.77930276505,0.047632882513396466
2021-05-11,0.01397417981244553,2173.344840873457,0.0,18176.9442027581,-0.03971411355321108
2021-05-12,-0.020631768398322148,2128.5048934668675,-0.020631768398322183,16353.998034591203,0.07965715518710022
2021-05-13,0.00525977000130351,2139.7003396531522,-0.015480516753514036,16929.771028054613,-0.029947094536992402
2021-05-14,-0.00021168049397657374,2139.2474068282927,-0.015688920324057175,17694.469883458387,-0.045380564003185034
2021-05-15,0.0045852620319026816,2149.0564167396687,-0.011175596102837936,17354.0361181679,0.02382481922308683
2021-05-16,0.00347165557182616,2156.5172004230117,-0.007742738351490721,17719.472149711906,-0.01758604126916576
2021-05-17,-0.0074307318061113126,2140.4926994714024,-0.015115935945467169,16687.31890106071,0.05081892935368674
2021-05-18,-0.0007577976362286298,2138.870639163378,-0.015862278761166988,17515.939936125025,-0.05041352963111748
2021-05-19,-0.03204410229916499,2070.3324495973466,-0.04739808857701124,12224.165186562304,0.2700678465234569
2021-05-20,-2.249261223008503e-05,2070.2858824123705,-0.04741951508241448,14162.613609952929,-0.1585976095062253
2021-05-21,0.0,2070.2858824123705,-0.04741951508241448,12322.603922573024,0.12992020668323664
2021-05-22,0.0,2070.2858824123705,-0.04741951508241448,11224.029360568336,0.08915117039445501
2021-05-23,0.0,2070.2858824123705,-0.04741951508241448,9773.582187338052,0.12922695821929303
2021-05-24,0.0,2070.2858824123705,-0.04741951508241448,12103.470989422129,-0.23838637230702503
2021-05-25,0.0,2070.2858824123705,-0.04741951508241448,12003.810043120226,0.00823407982627473
2021-05-26,0.0,2070.2858824123705,-0.04741951508241448,13119.681483831026,-0.09295977166435929
2021-05-27,0.0,2070.2858824123705,-0.04741951508241448,12471.808682062172,0.04938174776325975
2021-05-28,0.0,2070.2858824123705,-0.04741951508241448,11161.821292983146,0.10503587911536363
2021-05-29,0.0,2070.2858824123705,-0.04741951508241448,10534.977068108723,0.05615967219153449
2021-05-30,0.0,2070.2858824123705,-0.04741951508241448,11169.298414177509,-0.060210984985339104
2021-05-31,0.0,2070.2858824123705,-0.04741951508241448,12382.932818553872,-0.10865806959153874
2021-06-01,0.0,2070.2858824123705,-0.04741951508241448,12166.60069570515,0.017470184650003225
2021-06-02,0.0,2070.2858824123705,-0.04741951508241448,12746.744882831634,-0.04768334242540538
2021-06-03,0.0,2070.2858824123705,-0.04741951508241448,13638.949901251239,-0.06999473407687799
2021-06-04,0.0,2070.2858824123705,-0.04741951508241448,12638.379594177954,0.0733612422010211
2021-06-05,0.0,2070.2858824123705,-0.04741951508241448,12400.178269212089,0.018847457713297038
2021-06-06,0.0,2070.2858824123705,-0.04741951508241448,12687.929316137932,-0.02320539597727305
2021-06-07,0.0,2070.2858824123705,-0.04741951508241448,11683.1975618713,0.0791880005974419
2021-06-08,0.0,2070.2858824123705,-0.04741951508241448,11684.971531595253,-0.00015183940137602253
2021-06-09,0.0,2070.2858824123705,-0.04741951508241448,12305.127671863043,-0.053072969719347496
2021-06-10,0.0,2070.2858824123705,-0.04741951508241448,11686.802149035424,0.05024941953601062
2021-06-11,0.0,2070.2858824123705,-0.04741951508241448,11169.33495008333,0.04427791215707398
2021-06-12,0.0,2070.2858824123705,-0.04741951508241448,11144.363333570105,0.002235729936010035
2021-06-13,0.0,2070.2858824123705,-0.04741951508241448,11916.074514742746,-0.06924677149102089
2021-06-14,0.0,2070.2858824123705,-0.04741951508241448,12170.72897662193,-0.021370667123986258
2021-06-15,0.0,2070.2858824123705,-0.04741951508241448,11988.058182315139,0.015009026547026976
2021-06-16,0.0,2070.2858824123705,-0.04741951508241448,11492.502465343547,0.04133744676870516
2021-06-17,0.0,2070.2858824123705,-0.04741951508241448,11598.868460633697,-0.009255251030913894
2021-06-18,0.0,2070.2858824123705,-0.04741951508241448,10929.479815406508,0.05771154725127541
2021-06-19,0.0,2070.2858824123705,-0.04741951508241448,10641.084848337618,0.026386888666225548
2021-06-20,0.0,2070.2858824123705,-0.04741951508241448,10866.489716081744,-0.021182508264590956
2021-06-21,0.0,2070.2858824123705,-0.04741951508241448,8837.003309346126,0.1867655940199437
2021-06-22,0.0,2070.2858824123705,-0.04741951508241448,8632.556169592615,0.023135347198216638
2021-06-23,0.0,2070.2858824123705,-0.04741951508241448,9482.800737463218,-0.09849279299977365
2021-06-24,0.0,2070.2858824123705,-0.04741951508241448,9803.523288753704,-0.033821500648370986
2021-06-25,0.0,2070.2858824123705,-0.04741951508241448,8919.510401664153,0.09017297771951675
2021-06-26,0.0,2070.2858824123705,-0.04741951508241448,9025.113589728813,-0.011839572275733321
2021-06-27,0.0,2070.2858824123705,-0.04741951508241448,9610.059126077005,-0.06481309409932533
2021-06-28,0.0,2070.2858824123705,-0.04741951508241448,9743.098956746586,-0.01384380979598516
2021-06-29,0.0,2070.2858824123705,-0.04741951508241448,10203.510363742778,-0.047255129917097
2021-06-30,0.0,2070.2858824123705,-0.04741951508241448,10339.450940539831,-0.013322922401304806
2021-07-01,0.0,2070.2858824123705,-0.04741951508241448,9741.133572575603,0.05786742172336173
2021-07-02,0.0,2070.2858824123705,-0.04741951508241448,9863.787905144129,-0.012591381860714448
2021-07-03,0.0,2070.2858824123705,-0.04741951508241448,10120.852060066207,-0.026061403326405212
2021-07-04,0.0,2070.2858824123705,-0.04741951508241448,10458.286840065883,-0.03334055057785991
2021-07-05,0.0,2070.2858824123705,-0.04741951508241448,10033.835151860281,0.0405852024042331
2021-07-06,0.0,2070.2858824123705,-0.04741951508241448,10479.53643980518,-0.044419833612899806
2021-07-07,0.0,2070.2858824123705,-0.04741951508241448,10530.654023155861,-0.004877847760184946
2021-07-08,0.0,2070.2858824123705,-0.04741951508241448,9863.245387256855,0.063377700419313
2021-07-09,0.0,2070.2858824123705,-0.04741951508241448,10075.51864075647,-0.021521643755702265
2021-07-10,0.0,2070.2858824123705,-0.04741951508241448,9858.230689541999,0.021565932133311705
2021-07-11,0.0,2070.2858824123705,-0.04741951508241448,10047.712823182457,-0.01922070395872035
2021-07-12,0.0,2070.2858824123705,-0.04741951508241448,9748.47631335202,0.029781554777325057
2021-07-13,0.0,2070.2858824123705,-0.04741951508241448,9465.136620375595,0.029065023483551587
2021-07-14,0.0,2070.2858824123705,-0.04741951508241448,9598.462890031413,-0.014086037529432636
2021-07-15,0.0,2070.2858824123705,-0.04741951508241448,9278.141969881564,0.033372105911095504
2021-07-16,0.0,2070.2858824123705,-0.04741951508241448,8920.911262128668,0.03850239723777993
2021-07-17,0.0,2070.2858824123705,-0.04741951508241448,8960.931992382439,-0.004486170647573585
2021-07-18,0.0,2070.2858824123705,-0.04741951508241448,8955.277574340282,0.0006310078066616828
2021-07-19,0.0,2070.2858824123705,-0.04741951508241448,8484.166074884059,0.052607135350679415
2021-07-20,0.0,2070.2858824123705,-0.04741951508241448,8099.342335072,0.04535787447056976
2021-07-21,0.0,2070.2858824123705,-0.04741951508241448,8929.865217139322,-0.1025420148585359
2021-07-22,0.0,2070.2858824123705,-0.04741951508241448,9112.853875717603,-0.02049176041616683
2021-07-23,0.0,2070.2858824123705,-0.04741951508241448,9388.136932998947,-0.030208215893252937
2021-07-24,0.0,2070.2858824123705,-0.04741951508241448,9499.4002365152,-0.011851478553233144
2021-07-25,0.0,2070.2858824123705,-0.04741951508241448,9538.546160698148,-0.004120883761953139
2021-07-26,0.0,2070.2858824123705,-0.04741951508241448,9729.745843670775,-0.020044950221075854
2021-07-27,0.0,2070.2858824123705,-0.04741951508241448,10027.797143262565,-0.030632999502826004
2021-07-28,0.0,2070.2858824123705,-0.04741951508241448,10290.388260296168,-0.026186321211137478
2021-07-29,0.0,2070.2858824123705,-0.04741951508241448,10578.62369327911,-0.02801016110296395
2021-07-30,0.0,2070.2858824123705,-0.04741951508241448,10894.48072169856,-0.029858045581120405
2021-07-31,-0.0019928169531691076,2066.1601816079924,-0.04931783362201632,11232.32468267963,-0.03300337813652005
2021-08-01,-0.00411257761347561,2057.6629374992567,-0.05322758781699289,10940.957506602177,0.021827482374884917
2021-08-02,-0.001787877076349087,2053.9840891024487,-0.0549203005092546,10929.477088531066,-0.0007385705541198234
2021-08-03,-0.0024116222142619437,2049.0306554454287,-0.05719947570679447,10812.993786086947,0.008246097409520583
2021-08-04,-7.862920050705213e-05,2048.8695418031766,-0.057273607358257254,11321.796223283536,-0.04713335310604224
2021-08-05,0.0032456814842332093,2055.5195197386165,-0.054213817760962006,11547.178820212781,-0.016661283142611012
2021-08-06,0.0020861991879919106,2059.8077428915967,-0.052240719395560964,11946.82983008775,-0.032524073684495426
2021-08-07,0.012254686641826051,2085.0500413231402,-0.040626226399871075,12606.39076399416,-0.042953342876207654
2021-08-08,-0.0063858421006861565,2071.7352409872215,-0.04675263583362096,12079.70441941134,0.0353934708242407
2021-08-09,0.00991365952376877,2092.273718789762,-0.03730246602334541,12670.976781031923,-0.039033925706085534
2021-08-10,-0.0020061378551996523,2088.0763292790584,-0.03923376998936333,13170.801962672096,-0.04145259808298542
2021-08-11,0.01221976831025895,2113.5921382369843,-0.02749342925831249,13833.269292452382,-0.03807840879830377
2021-08-12,-0.008686153295916599,2095.233152919214,-0.035940770413060895,13604.49996196364,0.007851465227389491
2021-08-13,0.05025504176652196,2200.5291825297704,0.0,14977.640149391942,-0.050677751887593825
2021-08-14,0.009191091421380637,2220.7544474218175,0.0,15290.529976565987,-0.011699370897995411
2021-08-15,0.017891863613976877,2260.4878831152214,0.0,15876.930674235555,-0.020458716684304275
2021-08-16,-0.009312689607249847,2239.43666109882,-0.00931268960724989,15847.447013941277,-0.007455677008327197
2021-08-17,0.0026266933119907243,2245.318974399155,-0.006710457874767122,15882.783229219574,0.00039691994551660503
2021-08-18,0.00792326327084325,2263.1092277603393,0.0,17095.63353449794,-0.06843931674895364
2021-08-19,0.019268355705916562,2306.715621362168,0.0,18205.53142413694,-0.04565453161494783
2021-08-20,0.03339876620573867,2383.7570771031683,0.0,19579.404190212364,-0.042065812886632
2021-08-21,-0.004912407841400457,2372.047090145613,-0.004912407841400453,19482.510788273223,3.633324376374654e-05
2021-08-22,0.00935783496427467,2394.2443153426834,0.0,19811.979542418543,-0.007553165764832337
2021-08-23,0.02545317870641206,2455.1854437679117,0.0,20773.929147115025,-0.023100758200139425
2021-08-24,-0.006545015395397424,2439.116217239895,-0.006545015395397477,20280.736808294947,0.017195911769965915
2021-08-25,0.011832207583217569,2467.97634664187,0.0,20299.622309757735,0.010901003670790657
2021-08-26,-0.019512320723607535,2419.8204006279166,-0.019512320723607517,19244.578636475853,0.032461241009840824
2021-08-27,0.012809664156130385,2450.817487278113,-0.006952602842853344,21459.9127477943,-0.10230504701346309
2021-08-28,0.0016303679842395447,2454.8132216445856,-0.005333570159695861,21440.12194418689,0.002552589982063948
2021-08-29,-0.003507854288672063,2446.2020945571508,-0.008822715061409305,21127.23048346184,0.01108588083744195
2021-08-30,0.0016671231203002623,2450.2802146259137,-0.007170300493371831,20803.380615812646,0.01699567590447618
2021-08-31,0.005309141362677572,2463.289098663535,-0.0018992272696263725,21091.77759157803,-0.008553844711142242
2021-09-01,0.02112015962968128,2515.3141576413623,0.0,22250.274037389434,-0.03380628935174517
2021-09-02,0.009203340873820798,2538.463451238883,0.0,23237.858118674518,-0.03518191387070713
2021-09-03,0.01249063961336061,2570.1704833799954,0.0,23913.34212560542,-0.016577616311141647
2021-09-04,-0.0036450277354822536,2560.8021406831576,-0.0036450277354821985,23593.01433141949,0.009750330910055616
2021-09-05,0.008016631570189725,2581.3311479691674,0.0,24205.90542303142,-0.017961019398967153
2021-09-06,0.011154403933906432,2610.1243582807897,0.0,24776.83621534387,-0.012432021871476344
2021-09-07,-0.046656030030642115,2488.3463178371308,-0.04665603003064209,21839.71925301398,0.07188682737061815
2021-09-08,-0.0003176462975359451,2487.5559038422825,-0.0469588562129811,21919.90009765321,-0.003988977586657965
2021-09-09,0.0,2487.5559038422825,-0.0469588562129811,22216.492256893194,-0.013530725866389037
2021-09-10,0.0,2487.5559038422825,-0.0469588562129811,22022.108719811287,0.008749515217533596
2021-09-11,0.0,2487.5559038422825,-0.0469588562129811,23020.50109991438,-0.04533591186955361
2021-09-12,0.0,2487.5559038422825,-0.0469588562129811,23400.012503339225,-0.01648580114645096
2021-09-13,0.0,2487.5559038422825,-0.0469588562129811,22239.78777211201,0.049582226977940805
2021-09-14,0.0,2487.5559038422825,-0.0469588562129811,22447.735733533365,-0.009350267347520138
2021-09-15,0.0,2487.5559038422825,-0.0469588562129811,23425.595411134822,-0.043561617492702896
2021-09-16,0.0,2487.5559038422825,-0.0469588562129811,23519.15785918408,-0.003994026465802729
2021-09-17,0.0014627340866233407,2491.1945366552136,-0.04556481044600939,23045.312009283254,0.02160996268799918
2021-09-18,-0.0006532934910410404,2489.5670554794997,-0.04618833674296556,23671.07298547043,-0.027806797680313928
2021-09-19,0.0006215924217203295,2491.1145514945506,-0.04559545464133643,22987.56748909871,0.029496730308003198
2021-09-20,-0.007591354344136936,2472.2036182223196,-0.05284067773280899,20272.36551748835,0.11052475223817015
2021-09-21,0.0009867171248088002,2474.642983868434,-0.051906099409605624,19376.667337405222,0.045169926988030525
2021-09-22,-1.7208148106795385e-05,2474.600399845456,-0.051922414349866094,22179.787062576193,-0.14468190597051062
2021-09-23,0.0,2474.600399845456,-0.051922414349866094,22626.15439751146,-0.02012496033780336
2021-09-24,-0.0020630989272711897,2469.49505441511,-0.05387839219979074,21345.864382922,0.05452141791533793
2021-09-25,-0.0019887273947990503,2464.583901949074,-0.055759970160034346,21063.074149483986,0.011259283009701788
2021-09-26,-0.000748673851168058,2462.738732427675,-0.056466897979601645,21005.221340564134,0.0019979721753934842
2021-09-27,-0.00022063562586494,2462.195364526104,-0.05667507499609018,20551.305528145374,0.021389030135770332
2021-09-28,-0.0023846331006991406,2456.3239319594672,-0.05892455883696904,19806.99735720017,0.03383244176716555
2021-09-29,0.001953144212404778,2461.1214868309653,-0.057086502785625166,20577.148677425033,-0.03692964586101853
2021-09-30,0.0005750633109302683,2462.536787501784,-0.056544267827996146,21392.43288097613,-0.03904579069230369
2021-10-01,0.0005104564699911496,2463.7938053375556,-0.05606267474535874,23249.562048998105,-0.08630197755070809
2021-10-02,0.0006928272501156574,2465.5007888245595,-0.05540868924402105,23525.269005050443,-0.01116575982654801
2021-10-03,-0.0001958326958528822,2465.0179631584565,-0.05559367110688566,23750.801338189744,-0.009782644778251557
2021-10-04,-0.0016812611341837647,2460.8736242619334,-0.0571814647625308,23344.68853806173,0.015417648260296679
2021-10-05,-0.0003443103187690255,2460.0263200799136,-0.057506086912939715,23858.570284936803,-0.02235710119568422
2021-10-06,-0.0022729167663562144,2454.4348850113265,-0.05964829713018392,23590.69625533576,0.008954664199388887
2021-10-07,-0.0020890677336439234,2449.307404288719,-0.061612755530926405,23708.623287445313,-0.007087946564228715
2021-10-08,-0.00021650938123796148,2448.777106258155,-0.06181592517258802,23518.150375794612,0.007817399181962606
2021-10-09,0.0018360150621388183,2453.2730979090657,-0.060093405080146156,23929.255056685455,-0.015644300112389504
2021-10-10,-0.002575813224228174,2446.9539246208283,-0.06251442891687999,22985.277790226177,0.0368728559559495
2021-10-11,0.005006705321654037,2459.2051018570696,-0.05782071491916425,23194.661419944,-0.004102761687131085
2021-10-12,-0.002641425242519091,2452.7092954244927,-0.060309411065755346,23245.224093551842,-0.004821352454750889
2021-10-13,0.002441405862843471,2458.6973542781925,-0.05801524495267252,23773.59838901171,-0.020289039467921884
2021-10-14,-4.426097855303457e-05,2458.5885299273264,-0.05805693811971297,24066.956920030254,-0.012383938221276767
2021-10-15,0.00770892504547005,2477.5416046221885,-0.05079556965857728,24818.991998046222,-0.023538693027509945
2021-10-16,-0.0014224152406151491,2474.0175116845157,-0.05214573250675437,24544.406533357072,0.00964110678762699
2021-10-17,0.0011471054034821737,2476.8554705404786,-0.051058443754799225,24444.245955632454,0.005227895769649501
2021-10-18,0.0008422498995344085,2478.9416018117026,-0.05025919782438764,24293.003580725563,0.00702948820426273
2021-10-19,0.004009012956088354,2488.879710810752,-0.046451674643539956,24615.920520096453,-0.009283577163442826
2021-10-20,0.003022930730027351,2496.403421771903,-0.04356916410825387,26021.28585223739,-0.05406879293692209
2021-10-21,-0.009387363697799134,2472.9687749153,-0.052547528216559766,25613.399578100256,0.006287736927639922
2021-10-22,-0.004634097251612457,2461.5087971121416,-0.05693811511208482,25902.236812176892,-0.015910899192561896
2021-10-23,0.005755478091082233,2475.6759570649265,-0.051510343095077786,26220.48462191681,-0.006531021026642936
2021-10-24,-0.002133442110655026,2470.394245725788,-0.05353389087063944,25959.06596999695,0.007836573916483782
2021-10-25,0.0033128883269422094,2478.578385985398,-0.0503983543458584,26816.703837155408,-0.029725198180087675
2021-10-26,-0.0021417437025416097,2473.2699063359582,-0.052432157690361296,26305.895440050383,0.016906398836038568
2021-10-27,-0.005047357953946063,2460.786427801958,-0.05721487177614641,24310.620161463805,0.07080161982115728
2021-10-28,0.008786939083687217,2482.409208241018,-0.048930676285437166,25813.671586565324,-0.053040007950929925
2021-10-29,0.0031725227794938693,2490.284708002188,-0.045913387191074885,26580.266458230268,-0.026524719981737905
2021-10-30,-0.0027271854872737977,2483.4932396873446,-0.04851535835512956,26116.757318033982,0.014710906825482657
2021-10-31,-0.001483114376350514,2479.809935159995,-0.049926518906029824,26398.55921887342,-0.012273194377777503
2021-11-01,0.005196011772579112,2492.695056776845,-0.044989925913450315,26545.34307959454,-0.00036428640521595553
2021-11-02,0.006945599393066715,2510.0083180502947,-0.03835680852250211,27620.24900205382,-0.03354760196568935
2021-11-03,0.009363675269607796,2533.5112208645323,-0.02935229395227748,29014.752558073767,-0.041124774559944885
2021-11-04,-0.0021644898630792664,2528.0274615089734,-0.03145325107263896,28837.801038242735,0.00393418423303306
2021-11-05,0.003229267114560841,2536.191137455131,-0.02832555490741304,28532.4532083317,0.013817724587656732
2021-11-06,0.0126493503203009,2568.272307632043,-0.016034504454153026,29469.672484631086,-0.02019813284058325
2021-11-07,0.0014816969464126473,2572.0777088678174,-0.014576565784027436,30375.696894549023,-0.029262601633438887
2021-11-08,0.007653707026370471,2591.76363810055,-0.007034423521618468,31474.197043356773,-0.0285100772193461
2021-11-09,-0.012566399667786943,2559.194500379741,-0.019512425812000286,31151.335629901674,-0.002308428256781665
2021-11-10,-0.018175528336454416,2512.6797882195906,-0.03733330550019575,29927.269332494612,0.02111865512809346
2021-11-11,0.003997592031959485,2522.724456919843,-0.03348495679283056,30290.606115895345,-0.008143067356774756
2021-11-12,-0.005047508147784541,2509.9909846689247,-0.03836344934837503,29781.235007985644,0.011768633000424474
2021-11-13,0.01086078866503648,2537.251466304561,-0.02791931799917305,30830.46794862765,-0.024370555513962736
2021-11-14,-0.00033787898630666113,2536.394182351121,-0.028247763634615727,30723.639714136803,0.003127142519979111
2021-11-15,-0.006008640162205814,2521.1539023998607,-0.03408667314975411,30236.043560664933,0.009861750130371178
2021-11-16,-0.011049453520238006,2493.2965295379267,-0.04475948755936438,28569.559221989424,0.04406636662110789
2021-11-17,0.0082828487520199,2513.9481275860257,-0.03684737487301652,29029.86979949597,-0.007829075619296782
2021-11-18,-0.006007547181707373,2498.8454655971877,-0.04263355971165221,27050.647530678936,0.06217127285734754
2021-11-19,0.009732854490051235,2523.1663649069696,-0.03331565145466734,28957.093371165884,-0.06074404771071085
2021-11-20,0.011857883282597292,2553.085777164612,-0.021852821278503118,30072.222258142487,-0.02665181355344605
2021-11-21,0.0022169277584804803,2558.74578389379,-0.019684339646116083,29694.768630816197,0.014768498576433031
2021-11-22,0.005352092195331615,2572.4404272336055,-0.01443759985137468,28884.887875569453,0.032625608460626884
2021-11-23,-0.009231276365336605,2548.6935187164477,-0.023535598742431055,29315.654141031562,-0.024144481752103708
2021-11-24,-0.007270920104413547,2530.1621717712237,-0.030635393388778864,28284.492700823797,0.027903510431813307
2021-11-25,0.0034213779012586265,2538.818812712322,-0.027318830745457035,29280.02096412099,-0.03177558581406353
2021-11-26,-0.012737755856375266,2506.47995851242,-0.039708606005515006,26473.943621608734,0.083098150338868
2021-11-27,-4.671748327833569e-05,2506.362862076871,-0.03975346840265625,27065.52845908503,-0.022392645461814537
2021-11-28,0.0,2506.362862076871,-0.03975346840265625,27785.62560399515,-0.026605693142060422
2021-11-29,0.0,2506.362862076871,-0.03975346840265625,28566.88572698101,-0.02811742064477845
2021-11-30,0.0,2506.362862076871,-0.03975346840265625,28677.911987431835,-0.003886537073446566
2021-12-01,0.0,2506.362862076871,-0.03975346840265625,29027.681622765755,-0.012196481929619116
2021-12-02,0.0,2506.362862076871,-0.03975346840265625,28899.92930949306,0.004401051208047536
2021-12-03,0.0,2506.362862076871,-0.03975346840265625,27279.890192632065,0.05605685396361304
2021-12-04,0.0,2506.362862076871,-0.03975346840265625,25277.919529091207,0.0733863167851594
2021-12-05,0.0,2506.362862076871,-0.03975346840265625,24680.904535393216,0.0236180431309195
2021-12-06,0.0,2506.362862076871,-0.03975346840265625,25488.558705203046,-0.032723848052312224
2021-12-07,0.0,2506.362862076871,-0.03975346840265625,25061.32628191697,0.01676173330267077
2021-12-08,0.0,2506.362862076871,-0.03975346840265625,25817.961299558272,-0.030191339801008805
2021-12-09,0.0,2506.362862076871,-0.03975346840265625,24242.871271207925,0.06100752921871089
2021-12-10,0.0,2506.362862076871,-0.03975346840265625,23023.104761788338,0.05031444071842439
2021-12-11,0.0,2506.362862076871,-0.03975346840265625,24302.504993825394,-0.05557027365659598
2021-12-12,0.0,2506.362862076871,-0.03975346840265625,24470.512143816737,-0.0069131618338944545
2021-12-13,0.0,2506.362862076871,-0.03975346840265625,22369.31708363991,0.08586641128832127
2021-12-14,0.0,2506.362862076871,-0.03975346840265625,23271.8984401564,-0.040349079640728425
2021-12-15,0.0,2506.362862076871,-0.03975346840265625,24603.38787392846,-0.0572144742379302
2021-12-16,0.0,2506.362862076871,-0.03975346840265625,23946.637166717574,0.026693507031477864
2021-12-17,0.0,2506.362862076871,-0.03975346840265625,24078.77535489357,-0.0055180269052413754
2021-12-18,0.0,2506.362862076871,-0.03975346840265625,24757.300236609542,-0.028179376721419253
2021-12-19,0.0,2506.362862076871,-0.03975346840265625,24418.999126729523,0.013664701184976582
2021-12-20,0.0,2506.362862076871,-0.03975346840265625,24662.495769966103,-0.009971606206007202
2021-12-21,0.0,2506.362862076871,-0.03975346840265625,25708.911854550646,-0.04242944811201393
2021-12-22,0.0,2506.362862076871,-0.03975346840265625,25633.064702651893,0.002950228011510712
2021-12-23,0.0,2506.362862076871,-0.03975346840265625,26979.79422588783,-0.05253876346266976
2021-12-24,0.0,2506.362862076871,-0.03975346840265625,26133.409200640734,0.03137107044482078
2021-12-25,0.0,2506.362862076871,-0.03975346840265625,26456.794160920694,-0.012374388576597752
2021-12-26,0.0,2506.362862076871,-0.03975346840265625,26528.295097220795,-0.002702554809369793
2021-12-27,0.0,2506.362862076871,-0.03975346840265625,26725.959916944747,-0.007451093973417826
2021-12-28,0.0,2506.362862076871,-0.03975346840265625,24868.684191931756,0.06949332150406472
2021-12-29,0.0,2506.362862076871,-0.03975346840265625,23923.238642988403,0.03801751398049792
2021-12-30,0.0,2506.362862076871,-0.03975346840265625,24224.830890247842,-0.012606664664436353
2021-12-31,0.0,2506.362862076871,-0.03975346840265625,24124.088255215116,0.0041586517358633045
2022-01-01,0.0,2506.362862076871,-0.03975346840265625,25036.070362425453,-0.03780379583933852
2022-01-02,0.0,2506.362862076871,-0.03975346840265625,25024.87460847736,0.00044718495299067573
2022-01-03,0.0,2506.362862076871,-0.03975346840265625,24233.547784115228,0.031621609967790336
2022-01-04,0.0,2506.362862076871,-0.03975346840265625,23902.948365272223,0.01364222117983511
2022-01-05,0.0,2506.362862076871,-0.03975346840265625,22405.580482848072,0.06264364795263609
2022-01-06,0.0,2506.362862076871,-0.03975346840265625,22240.21118919197,0.007380719003584739
2022-01-07,0.0,2506.362862076871,-0.03975346840265625,20960.753959647936,0.057529005397476234
2022-01-08,0.0,2506.362862076871,-0.03975346840265625,20620.248088707056,0.01624492475778299
2022-01-09,0.0,2506.362862076871,-0.03975346840265625,20928.20581015296,-0.014934724360302964
2022-01-10,0.0,2506.362862076871,-0.03975346840265625,20320.305479620733,0.02904693962046732
2022-01-11,0.0,2506.362862076871,-0.03975346840265625,21354.42486997246,-0.05089093721493728
2022-01-12,0.0,2506.362862076871,-0.03975346840265625,22617.35047662603,-0.059141166963922166
2022-01-13,0.0,2506.362862076871,-0.03975346840265625,21664.771144244063,0.042117193760887774
2022-01-14,0.0,2506.362862076871,-0.03975346840265625,22056.553907780562,-0.018083863472547628
2022-01-15,0.0,2506.362862076871,-0.03975346840265625,22248.589271768044,-0.008706498974880263
2022-01-16,0.0,2506.362862076871,-0.03975346840265625,22566.064242314405,-0.014269442734924967
2022-01-17,0.0,2506.362862076871,-0.03975346840265625,22216.7217541749,0.015480878029427849
2022-01-18,0.0,2506.362862076871,-0.03975346840265625,21829.00957014537,0.0174513678624379
2022-01-19,0.0,2506.362862076871,-0.03975346840265625,21073.656631327987,0.034603170445737685
2022-01-20,0.0,2506.362862076871,-0.03975346840265625,20239.882094102064,0.039564777570990674
2022-01-21,0.0,2506.362862076871,-0.03975346840265625,17668.76067477181,0.1270324306918509
2022-01-22,0.0,2506.362862076871,-0.03975346840265625,16343.654435408922,0.07499712423265384
2022-01-23,0.0,2506.362862076871,-0.03975346840265625,17277.579467478397,-0.05714297470987284
2022-01-24,0.0,2506.362862076871,-0.03975346840265625,16671.99579737834,0.035050261018330024
2022-01-25,0.0,2506.362862076871,-0.03975346840265625,17031.834161388386,-0.02158340059482438
2022-01-26,0.0,2506.362862076871,-0.03975346840265625,16905.296769636603,0.007429463588757005
2022-01-27,0.0,2506.362862076871,-0.03975346840265625,16754.861906628354,0.00889868217388791
2022-01-28,0.0,2506.362862076871,-0.03975346840265625,17042.578040244818,-0.017172098177821598
2022-01-29,0.0,2506.362862076871,-0.03975346840265625,17502.722389208488,-0.02699969147138805
2022-01-30,0.0,2506.362862076871,-0.03975346840265625,17074.14371725928,0.02448640059636945
2022-01-31,0.0,2506.362862076871,-0.03975346840265625,17506.675292022344,-0.025332548555617587
2022-02-01,0.0,2506.362862076871,-0.03975346840265625,18221.16475346004,-0.04081240152796365
2022-02-02,0.0,2506.362862076871,-0.03975346840265625,17215.1911576492,0.055209071945843534
2022-02-03,0.0,2506.362862076871,-0.03975346840265625,17434.287827029497,-0.012726937933706701
2022-02-04,0.0,2506.362862076871,-0.03975346840265625,19148.26591508617,-0.09831076009880839
2022-02-05,0.0,2506.362862076871,-0.03975346840265625,19260.629992651826,-0.005868107225162685
2022-02-06,0.0,2506.362862076871,-0.03975346840265625,19626.408525659073,-0.018990995265824484
2022-02-07,0.0,2506.362862076871,-0.03975346840265625,20847.5099784536,-0.062217264620681396
2022-02-08,0.0,2506.362862076871,-0.03975346840265625,20775.076728221626,0.003474431733422196
2022-02-09,0.0,2506.362862076871,-0.03975346840265625,21194.046110103493,-0.020166923442103198
2022-02-10,0.0,2506.362862076871,-0.03975346840265625,20477.967318247447,0.03378679031535568
2022-02-11,0.0,2506.362862076871,-0.03975346840265625,19177.942772957584,0.06348406192305242
2022-02-12,0.0,2506.362862076871,-0.03975346840265625,19330.810994233023,-0.007971043770711292
2022-02-13,0.0,2506.362862076871,-0.03975346840265625,18930.839212938805,0.020690895038679206
2022-02-14,0.0,2506.362862076871,-0.03975346840265625,19297.152575563523,-0.019350085778254984
2022-02-15,0.0,2506.362862076871,-0.03975346840265625,20825.69019310561,-0.0792105266078328
2022-02-16,0.0,2506.362862076871,-0.03975346840265625,20541.31358013799,0.013655087074221457
2022-02-17,0.0,2506.362862076871,-0.03975346840265625,19065.663971879825,0.07183813257614725
2022-02-18,0.0,2506.362862076871,-0.03975346840265625,18640.48273784912,0.02230088785042106
2022-02-19,0.0,2506.362862076871,-0.03975346840265625,18850.75658518867,-0.011280493659780249
2022-02-20,0.0,2506.362862076871,-0.03975346840265625,17889.506130273683,0.05099267239333273
2022-02-21,0.0,2506.362862076871,-0.03975346840265625,16670.30848317453,0.0681515542251866
2022-02-22,0.0,2506.362862076871,-0.03975346840265625,17331.414235944292,-0.0396576796066505
2022-02-23,0.0,2506.362862076871,-0.03975346840265625,16929.871282015098,0.023168504800746233
2022-02-24,0.0,2506.362862076871,-0.03975346840265625,17180.973605137882,-0.014831909761153022
2022-02-25,0.0,2506.362862076871,-0.03975346840265625,18123.159423647652,-0.05483890727985357
2022-02-26,0.0,2506.362862076871,-0.03975346840265625,17979.025043120215,0.00795304930879597
2022-02-27,0.0,2506.362862076871,-0.03975346840265625,17109.598795862876,0.04835780834456479
2022-02-28,0.0,2506.362862076871,-0.03975346840265625,19202.00682291933,-0.12229439462732482
2022-03-01,0.0,2506.362862076871,-0.03975346840265625,19486.58416561916,-0.014820187562904137
2022-03-02,0.0,2506.362862076871,-0.03975346840265625,19250.96132130419,0.012091541663350438
2022-03-03,0.0,2506.362862076871,-0.03975346840265625,18544.52726693743,0.03669604039903079
2022-03-04,0.0,2506.362862076871,-0.03975346840265625,17349.730336915756,0.06442854610545139
2022-03-05,0.0,2506.362862076871,-0.03975346840265625,17743.982543704584,-0.022723823317873766
2022-03-06,0.0,2506.362862076871,-0.03975346840265625,17010.50442599249,0.0413367244870473
2022-03-07,0.0,2506.362862076871,-0.03975346840265625,16744.330840472114,0.01564760096788533
2022-03-08,0.0,2506.362862076871,-0.03975346840265625,16971.11171370266,-0.013543740588450457
2022-03-09,0.0,2506.362862076871,-0.03975346840265625,18005.87273032624,-0.06097190532238993
2022-03-10,0.0,2506.362862076871,-0.03975346840265625,17097.984558888234,0.05042178099531382
2022-03-11,0.0,2506.362862076871,-0.03975346840265625,17017.49534022457,0.004707526690438184
2022-03-12,0.0,2506.362862076871,-0.03975346840265625,16999.844019421056,0.0010372455200146227
2022-03-13,0.0,2506.362862076871,-0.03975346840265625,16543.566852876567,0.026840079592684734
2022-03-14,0.0,2506.362862076871,-0.03975346840265625,17013.901760642784,-0.028430078709685263
2022-03-15,0.0,2506.362862076871,-0.03975346840265625,17049.286803091672,-0.0020797723500873993
2022-03-16,0.0,2506.362862076871,-0.03975346840265625,17890.564128746384,-0.04934384267042507
2022-03-17,0.0,2506.362862076871,-0.03975346840265625,18136.36066209302,-0.013738892277392969
2022-03-18,0.0,2506.362862076871,-0.03975346840265625,18666.614123213032,-0.02923703773868496
2022-03-19,0.0,2506.362862076871,-0.03975346840265625,19156.886016212666,-0.026264639626848756
2022-03-20,0.0,2506.362862076871,-0.03975346840265625,18579.49790086112,0.030139977596718888
2022-03-21,0.0,2506.362862076871,-0.03975346840265625,18886.732182151012,-0.016536199359599175
2022-03-22,0.0,2506.362862076871,-0.03975346840265625,19260.6503305343,-0.01979792717856513
2022-03-23,0.0,2506.362862076871,-0.03975346840265625,19964.236814842436,-0.03652973665134903
2022-03-24,0.0,2506.362862076871,-0.03975346840265625,20500.668853669802,-0.026869649153257655
2022-03-25,0.0,2506.362862076871,-0.03975346840265625,20089.152474698523,0.02007331477370868
2022-03-26,0.0,2506.362862076871,-0.03975346840265625,20528.195516272946,-0.021854731907051957
2022-03-27,0.0,2506.362862076871,-0.03975346840265625,21385.910467813916,-0.041782286750973584
2022-03-28,0.0018829867011889156,2511.0823100145153,-0.03794533695379572,21376.121216583615,0.002340729720595577
2022-03-29,0.0032332863719291005,2519.2013582262775,-0.03483473872271756,21796.123188854843,-0.016414898067883495
2022-03-30,-0.0015274878113047397,2515.3533088573645,-0.036309016895213396,22175.05330892578,-0.01891269511572575
2022-03-31,-0.007910389051016598,2495.4558855835407,-0.04393218749652895,21690.93177338632,0.013921420270703946
2022-04-01,0.008319536068386979,2516.216920830722,-0.035978146846582376,22435.779622413047,-0.026019599603996503
2022-04-02,-0.0030158264756935393,2508.6284472222924,-0.03888546947446964,22207.87300882687,0.007142350214475941
2022-04-03,0.007054955991172562,2526.326710515649,-0.03210484875913555,22740.94960076474,-0.016948990344705126
2022-04-04,-0.0025416257039067025,2519.9057336117367,-0.034564875954215965,22560.02417519243,0.005414305281764422
2022-04-05,-0.010134110142875241,2494.3687313576525,-0.04434870183709637,21915.242490050805,0.018446607685017935
2022-04-06,-0.02343346234913768,2435.9170356065165,-0.06674292055150136,20203.74912357004,0.05466256452611838
2022-04-07,-0.00025206223302598474,2435.3030329190556,-0.06697815941493442,20892.873571655866,-0.03436080333206678
2022-04-08,0.0,2435.3030329190556,-0.06697815941493442,20031.013915846008,0.0412513698919374
2022-04-09,0.0,2435.3030329190556,-0.06697815941493442,20354.895613465662,-0.01616901166263191
2022-04-10,0.0,2435.3030329190556,-0.06697815941493442,19956.300912457835,0.0195822522786183
2022-04-11,0.0,2435.3030329190556,-0.06697815941493442,18370.67328950541,0.07945498666852578
2022-04-12,0.0,2435.3030329190556,-0.06697815941493442,18914.943037374975,-0.029627098544095874
2022-04-13,0.0,2435.3030329190556,-0.06697815941493442,19398.94097551627,-0.025588125599159368
2022-04-14,0.0,2435.3030329190556,-0.06697815941493442,18842.807847995504,0.028668221024161666
2022-04-15,0.0,2435.3030329190556,-0.06697815941493442,19240.744210070643,-0.02111874012011802
2022-04-16,0.0,2435.3030329190556,-0.06697815941493442,19245.43368483783,-0.00024372626734108543
2022-04-17,0.0,2435.3030329190556,-0.06697815941493442,18720.981428597373,0.027250737230912092
2022-04-18,0.0,2435.3030329190556,-0.06697815941493442,19195.633963851393,-0.025354041243209675
2022-04-19,0.0,2435.3030329190556,-0.06697815941493442,19637.084648400167,-0.022997452721806515
2022-04-20,0.0,2435.3030329190556,-0.06697815941493442,19302.765876030175,0.017024867914760926
2022-04-21,0.0,2435.3030329190556,-0.06697815941493442,18711.587276496335,0.030626626429114782
2022-04-22,0.0,2435.3030329190556,-0.06697815941493442,18519.24333105117,0.010279402949784435
2022-04-23,0.0,2435.3030329190556,-0.06697815941493442,18295.268156115697,0.012094186081562684
2022-04-24,0.0,2435.3030329190556,-0.06697815941493442,18158.247777362783,0.007489388927437383
2022-04-25,0.0,2435.3030329190556,-0.06697815941493442,18444.736504161512,-0.015777333270883376
2022-04-26,0.0,2435.3030329190556,-0.06697815941493442,17308.067187294706,0.061625673894031965
2022-04-27,0.0,2435.3030329190556,-0.06697815941493442,17677.575119662128,-0.021348884792789753
2022-04-28,0.0,2435.3030329190556,-0.06697815941493442,17729.921273499454,-0.0029611614422785848
2022-04-29,0.0,2435.3030329190556,-0.06697815941493442,16971.85187095687,0.04275650133177141
2022-04-30,0.0,2435.3030329190556,-0.06697815941493442,15993.338730112095,0.057655060171675244
2022-05-01,0.0,2435.3030329190556,-0.06697815941493442,16602.55286758065,-0.038091742302783275
2022-05-02,0.0,2435.3030329190556,-0.06697815941493442,16638.657619132486,-0.002174650599808433
2022-05-03,0.0,2435.3030329190556,-0.06697815941493442,16353.587767706,0.017132983799046837
2022-05-04,0.0,2435.3030329190556,-0.06697815941493442,17754.810843553892,-0.08568291531812568
2022-05-05,0.0,2435.3030329190556,-0.06697815941493442,16201.309098276866,0.08749751033484213
2022-05-06,0.0,2435.3030329190556,-0.06697815941493442,15967.883645829104,0.01440781427178547
2022-05-07,0.0,2435.3030329190556,-0.06697815941493442,15498.377172405382,0.029403174762383792
2022-05-08,0.0,2435.3030329190556,-0.06697815941493442,14904.11566191267,0.038343466795400065
2022-05-09,0.0,2435.3030329190556,-0.06697815941493442,12554.55119880478,0.15764534551433868
2022-05-10,0.0,2435.3030329190556,-0.06697815941493442,13299.357683894628,-0.05932561612881521
2022-05-11,0.0,2435.3030329190556,-0.06697815941493442,10977.37159057707,0.17459385246322526
2022-05-12,0.0,2435.3030329190556,-0.06697815941493442,10373.420329500186,0.055017838841796486
2022-05-13,0.0,2435.3030329190556,-0.06697815941493442,11094.770616742971,-0.06953832625401223
2022-05-14,0.0,2435.3030329190556,-0.06697815941493442,11444.982848712929,-0.03156552253919141
2022-05-15,0.0,2435.3030329190556,-0.06697815941493442,12264.61022269551,-0.0716145567727744
2022-05-16,0.0,2435.3030329190556,-0.06697815941493442,11437.992996886607,0.06739857286938132
2022-05-17,0.0,2435.3030329190556,-0.06697815941493442,11881.6715189312,-0.03878989278672946
2022-05-18,0.0,2435.3030329190556,-0.06697815941493442,10754.876906475589,0.09483468808746957
2022-05-19,0.0,2435.3030329190556,-0.06697815941493442,11279.965202645257,-0.04882327345406529
2022-05-20,0.0,2435.3030329190556,-0.06697815941493442,10884.936020993908,0.035020425555808546
2022-05-21,0.0,2435.3030329190556,-0.06697815941493442,11103.681292579464,-0.02009614674479116
2022-05-22,0.0,2435.3030329190556,-0.06697815941493442,11471.615611218058,-0.03313624634421756
2022-05-23,0.0,2435.3030329190556,-0.06697815941493442,10950.052326604979,0.045465547512160746
2022-05-24,0.0,2435.3030329190556,-0.06697815941493442,11094.939530873678,-0.013231644922524202
2022-05-25,0.0,2435.3030329190556,-0.06697815941493442,10860.999313334165,0.02108530802610788
2022-05-26,0.0,2435.3030329190556,-0.06697815941493442,10089.377769932724,0.07104517007510644
2022-05-27,0.0,2435.3030329190556,-0.06697815941493442,9770.404762174017,0.0316147353218627
2022-05-28,0.0,2435.3030329190556,-0.06697815941493442,10149.481728498156,-0.03879849152122424
2022-05-29,0.0,2435.3030329190556,-0.06697815941493442,10351.3227221401,-0.0198868276273856
2022-05-30,0.0,2435.3030329190556,-0.06697815941493442,11236.487847663317,-0.08551227213020478
2022-05-31,0.0,2435.3030329190556,-0.06697815941493442,11237.757093670552,-0.00011295753837357671
2022-06-01,0.0,2435.3030329190556,-0.06697815941493442,10284.154527172528,0.08485701893620042
2022-06-02,0.0,2435.3030329190556,-0.06697815941493442,10575.990884385452,-0.028377282395148726
2022-06-03,0.0,2435.3030329190556,-0.06697815941493442,10121.514950271567,0.04297242112650433
2022-06-04,0.0,2435.3030329190556,-0.06697815941493442,10317.019629936853,-0.019315752693724843
2022-06-05,0.0,2435.3030329190556,-0.06697815941493442,10281.649603100113,0.00342831826490916
2022-06-06,0.0,2435.3030329190556,-0.06697815941493442,10769.563332491975,-0.04745481009630465
2022-06-07,0.0,2435.3030329190556,-0.06697815941493442,10531.581557134874,0.02209762531774197
2022-06-08,0.0,2435.3030329190556,-0.06697815941493442,10475.047166215843,0.0053680817655285306
2022-06-09,0.0,2435.3030329190556,-0.06697815941493442,10491.75347495602,-0.0015948671614634297
2022-06-10,0.0,2435.3030329190556,-0.06697815941493442,9862.494348759576,0.059976545169355786
2022-06-11,0.0,2435.3030329190556,-0.06697815941493442,9247.12204055517,0.06239520008260403
2022-06-12,0.0,2435.3030329190556,-0.06697815941493442,8487.62859957986,0.0821329531117244
2022-06-13,0.0,2435.3030329190556,-0.06697815941493442,7621.751295487954,0.10201639880128213
2022-06-14,0.0,2435.3030329190556,-0.06697815941493442,7748.723589774675,-0.01665920198181852
2022-06-15,0.0,2435.3030329190556,-0.06697815941493442,8355.969599026714,-0.07836723070795415
2022-06-16,0.0,2435.3030329190556,-0.06697815941493442,7397.954830885211,0.11465034150592068
2022-06-17,0.0,2435.3030329190556,-0.06697815941493442,7532.667417601474,-0.01820943622876167
2022-06-18,0.0,2435.3030329190556,-0.06697815941493442,7120.5108587548375,0.05471588429399606
2022-06-19,0.0,2435.3030329190556,-0.06697815941493442,7725.84152875731,-0.08501225291415773
2022-06-20,0.0,2435.3030329190556,-0.06697815941493442,7833.572518673781,-0.013944240186065358
2022-06-21,0.0,2435.3030329190556,-0.06697815941493442,7882.343146782949,-0.0062258475290690885
2022-06-22,0.0,2435.3030329190556,-0.06697815941493442,7536.950563484047,0.043818516507983886
2022-06-23,0.0,2435.3030329190556,-0.06697815941493442,8134.904834070891,-0.0793363662863715
2022-06-24,0.0,2435.3030329190556,-0.06697815941493442,8686.361667319745,-0.06778897165941299
2022-06-25,0.0,2435.3030329190556,-0.06697815941493442,8781.385842244043,-0.010939467934175662
2022-06-26,0.0,2435.3030329190556,-0.06697815941493442,8449.697374142903,0.03777176792591292
2022-06-27,0.0,2435.3030329190556,-0.06697815941493442,8346.081682004466,0.012262651258436095
2022-06-28,0.0,2435.3030329190556,-0.06697815941493442,7969.367856421791,0.045136609002393545
2022-06-29,0.0,2435.3030329190556,-0.06697815941493442,7783.718097788186,0.023295418404360176
2022-06-30,0.0,2435.3030329190556,-0.06697815941493442,7677.642893010636,0.013627832283352228
2022-07-01,0.0,2435.3030329190556,-0.06697815941493442,7443.302210040185,0.03052247756714274
2022-07-02,0.0,2435.3030329190556,-0.06697815941493442,7509.492400401536,-0.008892584029715616
2022-07-03,0.0,2435.3030329190556,-0.06697815941493442,7567.2287062179075,-0.007688443204667677
2022-07-04,0.0,2435.3030329190556,-0.06697815941493442,8002.566005877572,-0.05752929065061193
2022-07-05,0.0,2435.3030329190556,-0.06697815941493442,7901.149576339594,0.012672988821771971
2022-07-06,0.0,2435.3030329190556,-0.06697815941493442,8176.4210936636755,-0.03483942617013559
2022-07-07,0.0,2435.3030329190556,-0.06697815941493442,8479.90422218721,-0.03711686629725065
2022-07-08,0.0,2435.3030329190556,-0.06697815941493442,8377.169234942246,0.012115111745739109
2022-07-09,0.0,2435.3030329190556,-0.06697815941493442,8448.040561695394,-0.008460056704779355
2022-07-10,0.0,2435.3030329190556,-0.06697815941493442,8122.317557585815,0.038556041691661984
2022-07-11,0.0,2435.3030329190556,-0.06697815941493442,7636.039049984323,0.05986942817168396
2022-07-12,0.0,2435.3030329190556,-0.06697815941493442,7401.139451705393,0.030761969227935376
2022-07-13,0.0,2435.3030329190556,-0.06697815941493442,7875.163146906883,-0.06404739409311702
2022-07-14,0.0,2435.3030329190556,-0.06697815941493442,8183.310908644828,-0.03912906386694659
2022-07-15,0.0,2435.3030329190556,-0.06697815941493442,8219.14006200477,-0.0043783199440818555
2022-07-16,0.0,2435.3030329190556,-0.06697815941493442,8698.228630918527,-0.05828937885223235
2022-07-17,0.0,2435.3030329190556,-0.06697815941493442,8530.153923440384,0.01932286613859597
2022-07-18,0.0,2435.3030329190556,-0.06697815941493442,9471.465874614383,-0.1103511096777898
2022-07-19,0.0,2435.3030329190556,-0.06697815941493442,9701.582038658375,-0.024295728569402843
2022-07-20,0.0,2435.3030329190556,-0.06697815941493442,9368.211542764631,0.03436248794942352
2022-07-21,0.0,2435.3030329190556,-0.06697815941493442,9598.48063883204,-0.024579835224285973
2022-07-22,0.0,2435.3030329190556,-0.06697815941493442,9283.617818688872,0.03280340212067993
2022-07-23,0.0,2435.3030329190556,-0.06697815941493442,9344.157784528868,-0.006521160933415799
2022-07-24,0.0,2435.3030329190556,-0.06697815941493442,9433.06456005764,-0.00951469116627893
2022-07-25,0.0,2435.3030329190556,-0.06697815941493442,8653.868742060815,0.08260261689463767
2022-07-26,0.0,2435.3030329190556,-0.06697815941493442,8640.27743224954,0.0015705472565370946
2022-07-27,0.0,2435.3030329190556,-0.06697815941493442,9498.754693298255,-0.099357603708936
2022-07-28,0.0,2435.3030329190556,-0.06697815941493442,9850.208676275832,-0.03700000624561268
2022-07-29,0.0,2435.3030329190556,-0.06697815941493442,9912.687902366251,-0.006342934260966516
2022-07-30,0.0,2435.3030329190556,-0.06697815941493442,9996.029761531123,-0.008407594386682546
2022-07-31,0.0,2435.3030329190556,-0.06697815941493442,9798.865615969757,0.019724245551982694
2022-08-01,0.0,2435.3030329190556,-0.06697815941493442,9714.055096280199,0.008655136524307225
2022-08-02,0.0,2435.3030329190556,-0.06697815941493442,9524.66535269299,0.019496465864161174
2022-08-03,0.0,2435.3030329190556,-0.06697815941493442,9542.806746721993,-0.0019046752150586757
2022-08-04,0.0,2435.3030329190556,-0.06697815941493442,9620.615535141864,-0.008153658612713523
2022-08-05,0.0010980321140008353,2437.9770738565244,-0.06595367147090782,10013.816245428643,-0.03977260748806095
2022-08-06,-0.00021755603381501398,2437.446677233804,-0.06615687888554211,9994.230084846451,0.0017383576860050542
2022-08-07,0.0022511502229649594,2442.9337358647244,-0.06405465773523093,10185.918583105855,-0.016928766252046628
2022-08-08,0.0005950674602575035,2444.387446238503,-0.06349770711746958,10409.84002729469,-0.021388364113624072
2022-08-09,-0.0013158221993413433,2441.171066972951,-0.0647299776241785,10100.659403387981,0.028384982337138993
2022-08-10,0.005431479520897842,2454.430237630223,-0.05965007765113448,10592.0614928216,-0.04321901643274163
2022-08-11,-0.0020678524709020207,2449.354837998683,-0.061594582561576086,10540.850187962913,0.0027670236194033016
2022-08-12,0.0063267900035242075,2464.8513917028167,-0.05565748854727362,10816.82816209883,-0.019854966611427907
2022-08-13,-0.00048057289372016587,2463.666850936916,-0.056111313960665384,10898.887131827929,-0.008066805058951996
2022-08-14,-0.004629875702713782,2452.2603796441817,-0.060481401254225374,10728.973954294936,0.010960080911920324
2022-08-15,-0.004888022270236436,2440.2736762960626,-0.06507378908819601,10585.367416361945,0.008496905174340177
2022-08-16,-0.0026141870512946808,2433.894344449874,-0.06751786108267768,10499.120053715102,0.005533604069638067
2022-08-17,-0.011266448296924358,2406.472999657953,-0.07802362288859509,10175.008170023717,0.019603937224260286
2022-08-18,-0.009842376394950891,2382.787586611033,-0.08709806141937872,9914.31105093128,0.015778941518136396
2022-08-19,-0.015869009485789842,2344.97510779648,-0.10158491094231055,8952.583707317603,0.08113494153744712
2022-08-20,-0.0001550797252459768,2344.6114497010544,-0.10172423690747848,8950.765309445585,4.803458582491871e-05
2022-08-21,0.0,2344.6114497010544,-0.10172423690747848,9235.429552049165,-0.03180334114035805
2022-08-22,0.0,2344.6114497010544,-0.10172423690747848,9156.300151757963,0.008568025974887658
2022-08-23,0.0,2344.6114497010544,-0.10172423690747848,9283.394582802686,-0.013880544427141959
2022-08-24,0.0,2344.6114497010544,-0.10172423690747848,9167.672095305541,0.012465535797812446
2022-08-25,0.0,2344.6114497010544,-0.10172423690747848,9276.619210477751,-0.011883836380666177
2022-08-26,0.0,2344.6114497010544,-0.10172423690747848,8555.660616470104,0.0777178169815721
2022-08-27,0.0,2344.6114497010544,-0.10172423690747848,8512.371176616169,0.005059742525387386
2022-08-28,0.0,2344.6114497010544,-0.10172423690747848,8191.426736710579,0.03770329479842682
2022-08-29,0.0,2344.6114497010544,-0.10172423690747848,8601.992809344049,-0.050121436207624645
2022-08-30,0.0,2344.6114497010544,-0.10172423690747848,8483.27757323462,0.013800899249819547
2022-08-31,0.0,2344.6114497010544,-0.10172423690747848,8481.771337872282,0.00017755346908486316
2022-09-01,0.0,2344.6114497010544,-0.10172423690747848,8574.69522529777,-0.010955717116608778
2022-09-02,0.0,2344.6114497010544,-0.10172423690747848,8492.567634329895,0.00957790204899367
2022-09-03,0.0,2344.6114497010544,-0.10172423690747848,8533.674049869162,-0.004840281209312839
2022-09-04,0.0,2344.6114497010544,-0.10172423690747848,8681.577057005046,-0.01733169163382255
2022-09-05,0.0,2344.6114497010544,-0.10172423690747848,8710.183758514568,-0.003295104256022038
2022-09-06,0.0,2344.6114497010544,-0.10172423690747848,8274.653205194658,0.05000245292117506
2022-09-07,0.0,2344.6114497010544,-0.10172423690747848,8654.331334764562,-0.04588447638283503
2022-09-08,0.0,2344.6114497010544,-0.10172423690747848,8720.504492756312,-0.007646247345064282
2022-09-09,0.0,2344.6114497010544,-0.10172423690747848,9216.6119270271,-0.0568897630501629
2022-09-10,0.0,2344.6114497010544,-0.10172423690747848,9337.36433476644,-0.013101604873396193
2022-09-11,0.0,2344.6114497010544,-0.10172423690747848,9336.356455216232,0.00010794047592803986
2022-09-12,0.0,2344.6114497010544,-0.10172423690747848,9461.444692095707,-0.01339797141202643
2022-09-13,0.0,2344.6114497010544,-0.10172423690747848,8615.959492120397,0.08936111000909248
2022-09-14,0.0,2344.6114497010544,-0.10172423690747848,8814.883249392335,-0.02308782410755986
2022-09-15,0.0,2344.6114497010544,-0.10172423690747848,8423.960213363096,0.04434806735031771
2022-09-16,0.0,2344.6114497010544,-0.10172423690747848,8503.93687933661,-0.009493951057205297
2022-09-17,0.0,2344.6114497010544,-0.10172423690747848,8754.685760953365,-0.029486211524692836
2022-09-18,0.0,2344.6114497010544,-0.10172423690747848,8162.713425928452,0.06761777077883932
2022-09-19,0.0,2344.6114497010544,-0.10172423690747848,8430.388848161392,-0.03279245616815153
2022-09-20,0.0,2344.6114497010544,-0.10172423690747848,8293.216433489613,0.016271184774791805
2022-09-21,-0.004562382405598586,2333.9144356749734,-0.1058225144443874,8084.9272427885135,0.020553227728484842
2022-09-22,0.02047842203514172,2381.709320482635,-0.08751117052085775,8736.969604867905,-0.060170709676092046
2022-09-23,-0.00010644196243048132,2381.455806668624,-0.08760829762256336,8867.08228737901,-0.01499864010383299
2022-09-24,-0.002854242371353899,2374.6585545997236,-0.09021248467876078,8708.936562212533,0.014980905656038618
2022-09-25,0.0005621792461805164,2375.9935383558845,-0.08970102101921308,8618.220427203347,0.010978621524885093
2022-09-26,-0.0034210586063402326,2367.8651252128834,-0.092815207175598,8713.615463519172,-0.014490053316049769
2022-09-27,-0.003315345178876661,2360.0148349857786,-0.09582283790483863,8539.084989098707,0.016714282608941478
2022-09-28,-3.773811196261523e-05,2359.9257724817026,-0.0958569598438158,8622.403323110993,-0.0097950287489168
2022-09-29,0.0,2359.9257724817026,-0.0958569598438158,8788.159763792262,-0.01922392568171611
2022-09-30,0.0,2359.9257724817026,-0.0958569598438158,8708.031955974564,0.009117700402743003
2022-10-01,0.0,2359.9257724817026,-0.0958569598438158,8603.228679205511,0.012035242555253471
2022-10-02,0.0,2359.9257724817026,-0.0958569598438158,8417.324579360895,0.02160864331015138
2022-10-03,0.0,2359.9257724817026,-0.0958569598438158,8641.879426517524,-0.02667769848239335
2022-10-04,0.0,2359.9257724817026,-0.0958569598438158,8898.250220678974,-0.02966609246766175
2022-10-05,0.0,2359.9257724817026,-0.0958569598438158,8875.224002543337,0.0025877242788841276
2022-10-06,0.0,2359.9257724817026,-0.0958569598438158,8786.80420828218,0.009962542267757961
2022-10-07,0.0,2359.9257724817026,-0.0958569598438158,8742.869213572618,0.005000110810270313
2022-10-08,0.0,2359.9257724817026,-0.0958569598438158,8663.78595516304,0.009045458244623692
2022-10-09,0.0,2359.9257724817026,-0.0958569598438158,8741.744571647389,-0.008998215894044577
2022-10-10,0.0,2359.9257724817026,-0.0958569598438158,8418.405626037069,0.03698791962636642
2022-10-11,0.0,2359.9257724817026,-0.0958569598438158,8291.090010762084,0.015123483107206728
2022-10-12,0.0,2359.9257724817026,-0.0958569598438158,8299.073791509869,-0.0009629349985856216
2022-10-13,0.0,2359.9257724817026,-0.0958569598438158,8225.050302724754,0.008919487962722001
2022-10-14,0.0,2359.9257724817026,-0.0958569598438158,8184.837050330357,0.0048891193262462496
2022-10-15,0.0,2359.9257724817026,-0.0958569598438158,8096.070426287268,0.010845252446352038
2022-10-16,0.0,2359.9257724817026,-0.0958569598438158,8208.373252495663,-0.013871275853006182
2022-10-17,0.0,2359.9257724817026,-0.0958569598438158,8350.14801368496,-0.017271968126716386
2022-10-18,0.0,2359.9257724817026,-0.0958569598438158,8176.612976417077,0.02078227080328121
2022-10-19,0.0,2359.9257724817026,-0.0958569598438158,7946.930860700257,0.028090129296723165
2022-10-20,0.0,2359.9257724817026,-0.0958569598438158,7859.234948604791,0.011035192533150853
2022-10-21,0.0,2359.9257724817026,-0.0958569598438158,7997.648631782869,-0.01761159757701988
2022-10-22,0.0,2359.9257724817026,-0.0958569598438158,8026.353205456511,-0.003589126628990421
2022-10-23,0.0,2359.9257724817026,-0.0958569598438158,8257.2881103293,-0.028772083530512242
2022-10-24,0.0,2359.9257724817026,-0.0958569598438158,8081.228082237367,0.021321773654923715
2022-10-25,0.0,2359.9257724817026,-0.0958569598438158,8595.370961321616,-0.06362187452849402
2022-10-26,0.0,2359.9257724817026,-0.0958569598438158,8828.332360512037,-0.02710312332518591
2022-10-27,0.0,2359.9257724817026,-0.0958569598438158,8639.160392294123,0.021427825833116247
2022-10-28,0.0,2359.9257724817026,-0.0958569598438158,8989.805489674085,-0.040587867507671974
2022-10-29,0.0,2359.9257724817026,-0.0958569598438158,9152.365886863889,-0.018082749106921807
2022-10-30,0.005323668056155695,2372.489233931562,-0.0910436024227408,9079.219610952347,0.01331573008861074
2022-10-31,0.0074099138744445625,2390.069174823042,-0.08430831380106787,9180.491324053794,-0.003744317154319412
2022-11-01,-0.0011077097959879545,2387.4216717850018,-0.0853226344519751,9102.575872837386,0.007379357885483733
2022-11-02,-0.002258569113468889,2382.029514936282,-0.08738849649859097,8821.753173756671,0.028592335400132125
2022-11-03,0.0056209914150278095,2395.4188823900818,-0.08225871507215386,8909.901949847223,-0.004371214709349123
2022-11-04,0.01511808643643442,2431.633032105522,-0.06838422300033034,9624.554808518837,-0.06509074893507812
2022-11-05,-0.00010883926634197572,2431.3683749502948,-0.06848561937801159,9722.906117433195,-0.01032762973208953
2022-11-06,0.0,2431.3683749502948,-0.06848561937801159,9201.899002213111,0.05358553388537979
2022-11-07,0.0,2431.3683749502948,-0.06848561937801159,9036.26160790567,0.01800034908746587
2022-11-08,0.0,2431.3683749502948,-0.06848561937801159,8038.331321424588,0.11043618808114306
2022-11-09,0.0,2431.3683749502948,-0.06848561937801159,6382.621355850936,0.2059768252100636
2022-11-10,0.0,2431.3683749502948,-0.06848561937801159,7489.83808973247,-0.17347366734618358
2022-11-11,0.0,2431.3683749502948,-0.06848561937801159,7173.754926848774,0.04220160156959899
2022-11-12,0.0,2431.3683749502948,-0.06848561937801159,6813.018599267484,0.050285566103071555
2022-11-13,0.0,2431.3683749502948,-0.06848561937801159,6547.333667683557,0.03899665437761941
2022-11-14,0.0,2431.3683749502948,-0.06848561937801159,6764.306855184004,-0.033139167562421176
2022-11-15,0.0,2431.3683749502948,-0.06848561937801159,6873.958369930621,-0.01621031054535668
2022-11-16,0.0,2431.3683749502948,-0.06848561937801159,6727.476477314142,0.02130968573467776
2022-11-17,0.0,2431.3683749502948,-0.06848561937801159,6643.402394426804,0.012497120305191076
2022-11-18,0.0,2431.3683749502948,-0.06848561937801159,6663.991811707517,-0.0030992277839417826
2022-11-19,0.0,2431.3683749502948,-0.06848561937801159,6632.711479441742,0.0046939331784322524
2022-11-20,0.0,2431.3683749502948,-0.06848561937801159,6323.721142859579,0.046585825049059774
2022-11-21,0.0,2431.3683749502948,-0.06848561937801159,6161.258721481172,0.025690952796337613
2022-11-22,0.0,2431.3683749502948,-0.06848561937801159,6391.8883996755185,-0.03743223399956545
2022-11-23,0.0,2431.3683749502948,-0.06848561937801159,6782.931406800874,-0.06117800916943539
2022-11-24,0.0,2431.3683749502948,-0.06848561937801159,6855.1696957901495,-0.010650010247316584
2022-11-25,0.0,2431.3683749502948,-0.06848561937801159,6810.932437093643,0.006453123797018868
2022-11-26,0.0,2431.3683749502948,-0.06848561937801159,6822.632343857259,-0.001717812776984018
2022-11-27,0.0,2431.3683749502948,-0.06848561937801159,6798.926526722668,0.003474585165934304
2022-11-28,0.0,2431.3683749502948,-0.06848561937801159,6597.621298395796,0.029608384137651274
2022-11-29,0.0,2431.3683749502948,-0.06848561937801159,6689.860484394946,-0.013980673007342561
2022-11-30,0.0,2431.3683749502948,-0.06848561937801159,6973.361676130429,-0.04237774351151139
2022-12-01,0.0,2431.3683749502948,-0.06848561937801159,6816.729250506505,0.02246153761966366
2022-12-02,0.0,2431.3683749502948,-0.06848561937801159,6919.674610026837,-0.015101870081268684
2022-12-03,0.0,2431.3683749502948,-0.06848561937801159,6791.740245272933,0.018488494324360758
2022-12-04,0.0,2431.3683749502948,-0.06848561937801159,6921.652028891953,-0.01912790815423742
2022-12-05,0.0,2431.3683749502948,-0.06848561937801159,6862.0235809576725,0.00861477111033355
2022-12-06,0.0,2431.3683749502948,-0.06848561937801159,6925.80763461058,-0.009295225074700915
2022-12-07,0.0,2431.3683749502948,-0.06848561937801159,6730.085699465057,0.02825979950228982
2022-12-08,0.0,2431.3683749502948,-0.06848561937801159,6875.741955634441,-0.021642555930745728
2022-12-09,0.0,2431.3683749502948,-0.06848561937801159,6816.665659037832,0.00859198861414488
2022-12-10,0.0,2431.3683749502948,-0.06848561937801159,6824.544127031399,-0.001155765646672302
2022-12-11,0.0,2431.3683749502948,-0.06848561937801159,6728.013706878096,0.01414459608678528
2022-12-12,0.0,2431.3683749502948,-0.06848561937801159,6724.853005399691,0.00046978225909004897
2022-12-13,0.0,2431.3683749502948,-0.06848561937801159,6917.151047956459,-0.028595129499836225
2022-12-14,0.0,2431.3683749502948,-0.06848561937801159,6860.686756473432,0.008162940362522329
2022-12-15,0.0,2431.3683749502948,-0.06848561937801159,6685.926867622893,0.02547265238216036
2022-12-16,0.0,2431.3683749502948,-0.06848561937801159,6064.817628115516,0.09289800080152623
2022-12-17,0.0,2431.3683749502948,-0.06848561937801159,6176.277755573993,-0.01837814989551651
2022-12-18,0.0,2431.3683749502948,-0.06848561937801159,6177.264090196939,-0.00015969725811883415
2022-12-19,0.0,2431.3683749502948,-0.06848561937801159,5970.65286513345,0.03344704420058253
2022-12-20,0.0,2431.3683749502948,-0.06848561937801159,6177.016645683694,-0.03456301768192484
2022-12-21,0.0,2431.3683749502948,-0.06848561937801159,6099.969309405689,0.012473227886125704
2022-12-22,0.0,2431.3683749502948,-0.06848561937801159,6110.524554319636,-0.001730376724629057
2022-12-23,0.0,2431.3683749502948,-0.06848561937801159,6126.252132193314,-0.0025738506954462925
2022-12-24,0.0,2431.3683749502948,-0.06848561937801159,6082.994091259274,0.007061093797742747
2022-12-25,0.0,2431.3683749502948,-0.06848561937801159,6057.085366742141,0.004259205931888491
2022-12-26,0.0,2431.3683749502948,-0.06848561937801159,6140.646186999178,-0.013795549376907936
2022-12-27,0.0,2431.3683749502948,-0.06848561937801159,6091.191073731642,0.008053731115829632
2022-12-28,0.0,2431.3683749502948,-0.06848561937801159,5855.120552563826,0.03875605252080732
2022-12-29,0.0,2431.3683749502948,-0.06848561937801159,5799.093522937517,0.009568894290618104
2022-12-30,0.0,2431.3683749502948,-0.06848561937801159,5823.192982253069,-0.004155728687635188
2022-12-31,0.0,2431.3683749502948,-0.06848561937801159,5812.181785329802,0.0018909208327501567
