timestamp,ret,equity,drawdown,benchmark_equity,active_ret
2023-01-01,0.0,1000.0,0.0,1000.0,0.0
2023-01-02,0.0,1000.0,0.0,1031.0704959071227,-0.031070495907122693
2023-01-03,0.0,1000.0,0.0,1059.425246988523,-0.02750030302870245
2023-01-04,0.0,1000.0,0.0,1094.6554713584499,-0.0332540917540625
2023-01-05,0.0,1000.0,0.0,1084.7230783194366,0.009073533453121325
2023-01-06,0.0,1000.0,0.0,1099.6002825053556,-0.013715209423743855
2023-01-07,0.0,1000.0,0.0,1093.638333629622,0.0054219237395520025
2023-01-08,0.0,1000.0,0.0,1139.395991985179,-0.041839844991254385
2023-01-09,0.0,1000.0,0.0,1176.3592592981488,-0.032441107018964
2023-01-10,0.0,1000.0,0.0,1194.2492456311593,-0.0152079275031031
2023-01-11,0.0,1000.0,0.0,1265.5828033376401,-0.059730879435289985
2023-01-12,0.0,1000.0,0.0,1282.114670325198,-0.01306265140768294
2023-01-13,0.0,1000.0,0.0,1340.5285950414232,-0.045560608632150626
2023-01-14,0.0,1000.0,0.0,1453.431855164028,-0.08422294051781577
2023-01-15,0.0,1000.0,0.0,1430.9699976085747,0.015454358919991236
2023-01-16,0.0,1000.0,0.0,1440.8866125208115,-0.006929994988580791
2023-01-17,0.0,1000.0,0.0,1435.3869299677337,0.0038168739339289643
2023-01-18,0.0,1000.0,0.0,1365.1266511894532,0.04894866834259098
2023-01-19,0.0,1000.0,0.0,1404.0174025425522,-0.028488749611043845
2023-01-20,0.0,1000.0,0.0,1521.217831514638,-0.08347505434038473
2023-01-21,0.0,1000.0,0.0,1495.429221315415,0.016952608406874754
2023-01-22,0.0,1000.0,0.0,1503.2444949150242,-0.005226107319699683
2023-01-23,0.0,1000.0,0.0,1526.957296043614,-0.01577441408154299
2023-01-24,0.0,1000.0,0.0,1468.20364824753,0.03847759721134062
2023-01-25,0.0,1000.0,0.0,1523.3030460507105,-0.03752844359769008
2023-01-26,0.0,1000.0,0.0,1521.316849624616,0.0013038747813469381
2023-01-27,0.0,1000.0,0.0,1569.9579622175365,-0.03197303218256126
2023-01-28,0.0,1000.0,0.0,1546.2987589111028,0.015069959754218844
2023-01-29,0.0,1000.0,0.0,1607.3676899814961,-0.039493617076559025
2023-01-30,0.0,1000.0,0.0,1522.4954079162214,0.052802033159103576
2023-01-31,0.0,1000.0,0.0,1548.8324343870563,-0.017298591729009796
2023-02-01,0.0,1000.0,0.0,1596.788725083979,-0.030962865725304173
2023-02-02,0.0,1000.0,0.0,1594.7597520627228,0.0012706584092077985
2023-02-03,0.0,1000.0,0.0,1612.5574422138573,-0.011160107425657302
2023-02-04,0.0,1000.0,0.0,1600.8299585936677,0.007272598986668798
2023-02-05,0.0,1000.0,0.0,1560.5721019194325,0.02514811548729485
2023-02-06,0.0,1000.0,0.0,1532.0098610789341,0.018302416662048588
2023-02-07,0.0,1000.0,0.0,1591.3244246684117,-0.03871682885102617
2023-02-08,0.0,1000.0,0.0,1562.8325279156084,0.01790451796700124
2023-02-09,0.0,1000.0,0.0,1444.542661556254,0.07568940641203616
2023-02-10,0.0,1000.0,0.0,1430.9001865856706,0.009444148195586033
2023-02-11,0.0,1000.0,0.0,1456.0367199413397,-0.01756693694732722
2023-02-12,0.0,1000.0,0.0,1450.603468332569,0.0037315347438418973
2023-02-13,0.0,1000.0,0.0,1423.2124167535676,0.018882521775910814
2023-02-14,0.0,1000.0,0.0,1473.5482129760378,-0.035367732623700174
2023-02-15,0.0,1000.0,0.0,1593.4124701200828,-0.08134396695576217
2023-02-16,0.0,1000.0,0.0,1513.822444798493,0.04994941787771475
2023-02-17,0.0,1000.0,0.0,1570.775641768681,-0.0376221116062054
2023-02-18,0.0,1000.0,0.0,1578.7019915982146,-0.005046137474227996
2023-02-19,0.0,1000.0,0.0,1578.556814634654,9.19597012819676e-05
2023-02-20,0.0,1000.0,0.0,1623.7172574406825,-0.028608690157585746
2023-02-21,0.0,1000.0,0.0,1591.4821174890944,0.019852680510643372
2023-02-22,0.0,1000.0,0.0,1572.566207384331,0.011885719542113038
2023-02-23,0.0,1000.0,0.0,1551.5783348211603,0.013346256879117438
2023-02-24,0.0,1000.0,0.0,1496.6306164889222,0.03541407939198338
2023-02-25,0.0,1000.0,0.0,1480.4603952586397,0.010804416969778328
2023-02-26,0.0,1000.0,0.0,1513.0045743314774,-0.021982471923642586
2023-02-27,0.0,1000.0,0.0,1495.119979957736,0.011820581825830774
2023-02-28,0.0,1000.0,0.0,1459.641567205198,0.02372947537865214
2023-03-01,0.0,1000.0,0.0,1495.9549079118278,-0.024878258829090148
2023-03-02,0.0,1000.0,0.0,1472.4823288485295,0.015690699592050654
2023-03-03,0.0,1000.0,0.0,1426.3484643813176,0.03133067444231298
2023-03-04,0.0,1000.0,0.0,1408.851588793807,0.012266901128610222
2023-03-05,0.0,1000.0,0.0,1405.2363686198216,0.002566075946353132
2023-03-06,0.0,1000.0,0.0,1403.668331431101,0.0011158529794249108
2023-03-07,0.0,1000.0,0.0,1400.1904366804238,0.0024777183276131686
2023-03-08,0.0,1000.0,0.0,1355.9839609075095,0.03157175953702353
2023-03-09,0.0,1000.0,0.0,1291.1420393926912,0.04781909180652994
2023-03-10,0.0,1000.0,0.0,1304.5182564454797,-0.010359988788747063
2023-03-11,0.0,1000.0,0.0,1298.7473998745545,0.004423745349987985
2023-03-12,0.0,1000.0,0.0,1396.640268972424,-0.07537483355679878
2023-03-13,0.0,1000.0,0.0,1455.5610462945458,-0.04218751143805458
2023-03-14,0.0,1000.0,0.0,1476.9573877173111,-0.014699721098771157
2023-03-15,0.0,1000.0,0.0,1410.8043727610652,0.04479006334670743
2023-03-16,0.0,1000.0,0.0,1446.713589829021,-0.025453009475493955
2023-03-17,0.0,1000.0,0.0,1554.8039635596722,-0.0747144248112205
2023-03-18,0.0,1000.0,0.0,1518.2018630517352,0.02354129611564504
2023-03-19,0.0,1000.0,0.0,1558.7934297457764,-0.026736607088893916
2023-03-20,0.0,1000.0,0.0,1524.1297905685174,0.02223748093608034
2023-03-21,0.0,1000.0,0.0,1632.1110760358092,-0.07084782814133803
2023-03-22,0.0,1000.0,0.0,1555.9538877560403,0.04666176793845741
2023-03-23,0.0,1000.0,0.0,1617.931230721433,-0.0398323777157527
2023-03-24,0.0,1000.0,0.0,1557.6099559258116,0.03728296583330305
2023-03-25,0.0,1000.0,0.0,1557.2354074657146,0.00024046357605257893
2023-03-26,0.0,1000.0,0.0,1583.7317594594392,-0.017014994564531007
2023-03-27,0.0,1000.0,0.0,1546.8034173338717,0.023317295940426006
2023-03-28,0.0,1000.0,0.0,1596.9311897519328,-0.03240733234509092
2023-03-29,0.0,1000.0,0.0,1644.9417397172638,-0.030064257166139426
2023-03-30,0.0,1000.0,0.0,1629.495868582134,0.009389919875086004
2023-03-31,0.0,1000.0,0.0,1666.892899330271,-0.0229500617149015
2023-04-01,0.0,1000.0,0.0,1649.0925085062165,0.010678784960453238
2023-04-02,0.0,1000.0,0.0,1626.6097615725512,0.013633405535284757
2023-04-03,0.0,1000.0,0.0,1612.8639095696196,0.00845061447906397
2023-04-04,0.0,1000.0,0.0,1641.9925950714248,-0.01806022524837712
2023-04-05,0.0,1000.0,0.0,1657.4885041667515,-0.009437258817024492
2023-04-06,0.0,1000.0,0.0,1639.3510295829242,0.010942745327181314
2023-04-07,0.0,1000.0,0.0,1633.7645150926776,0.0034077597716626645
2023-04-08,0.0,1000.0,0.0,1623.3044845422864,0.006402410172189232
2023-04-09,0.0,1000.0,0.0,1636.204553371984,-0.007946795534994841
2023-04-10,0.0,1000.0,0.0,1680.3780917113434,-0.026997564728886765
2023-04-11,0.0,1000.0,0.0,1714.1219289859396,-0.020081098082057585
2023-04-12,0.0,1000.0,0.0,1720.1117013057074,-0.003494367710068042
2023-04-13,0.0,1000.0,0.0,1770.3144380311376,-0.02918574223250852
2023-04-14,0.0,1000.0,0.0,1806.186544676179,-0.020263127201818807
2023-04-15,0.0,1000.0,0.0,1804.4650832726375,0.0009530916995342491
2023-04-16,0.0,1000.0,0.0,1848.4143640691482,-0.024355849943520563
2023-04-17,0.0,1000.0,0.0,1810.7786512788475,0.020361080027233944
2023-04-18,0.0,1000.0,0.0,1852.8805439007783,-0.023250711837251137
2023-04-19,0.0,1000.0,0.0,1714.2344082023783,0.07482734715672226
2023-04-20,0.0,1000.0,0.0,1676.5826046765367,0.021964209413650182
2023-04-21,0.0,1000.0,0.0,1606.8445137513095,0.04159538022803343
2023-04-22,0.0,1000.0,0.0,1651.591235127049,-0.02784757392068677
2023-04-23,0.0,1000.0,0.0,1630.7637196382584,0.012610575211237667
2023-04-24,0.0,1000.0,0.0,1623.188828844563,0.004644995901292097
2023-04-25,0.0,1000.0,0.0,1664.5127007730996,-0.025458450177945156
2023-04-26,0.0,1000.0,0.0,1647.1241502505127,0.010446631326099529
2023-04-27,0.0,1000.0,0.0,1688.0783360677333,-0.0248640552146551
2023-04-28,0.0,1000.0,0.0,1691.4124117718754,-0.001975071673455897
2023-04-29,0.0,1000.0,0.0,1686.9362359070653,0.002646413041347432
2023-04-30,0.0,1000.0,0.0,1675.9706918828176,0.006500271789082491
2023-05-01,0.0,1000.0,0.0,1632.3170396568273,0.026046787355779318
2023-05-02,0.0,1000.0,0.0,1645.79181553353,-0.008254999212368433
2023-05-03,0.0,1000.0,0.0,1662.179846785021,-0.009957535999884994
2023-05-04,0.0,1000.0,0.0,1641.1456397678426,0.012654591534040536
2023-05-05,0.0,1000.0,0.0,1688.3050625175135,-0.02873567196409334
2023-05-06,0.0,1000.0,0.0,1633.0013169986066,0.03275696243926483
2023-05-07,0.0,1000.0,0.0,1614.3770210523714,0.011404948515574942
2023-05-08,0.0,1000.0,0.0,1558.0299020717503,0.0349033207521064
2023-05-09,0.0,1000.0,0.0,1554.2021356984405,0.002456799043599792
2023-05-10,0.0,1000.0,0.0,1565.0796101843537,-0.006998751472584283
2023-05-11,0.0,1000.0,0.0,1522.6212189106852,0.02712858246787034
2023-05-12,0.0,1000.0,0.0,1546.422495248554,-0.01563177764913632
2023-05-13,0.0,1000.0,0.0,1534.7670004632523,0.007537070122242489
2023-05-14,0.0,1000.0,0.0,1544.7137675962497,-0.0064809623415118854
2023-05-15,0.0,1000.0,0.0,1549.6282997922174,-0.0031815164071562646
2023-05-16,0.0,1000.0,0.0,1550.7880643492376,-0.0007484146728449056
2023-05-17,0.0,1000.0,0.0,1571.1847706040508,-0.013152478229429792
2023-05-18,0.0,1000.0,0.0,1548.404389365779,0.01449885568169911
2023-05-19,0.0,1000.0,0.0,1552.1037274044145,-0.002389129134509108
2023-05-20,0.0,1000.0,0.0,1553.7286317963938,-0.0010469045098527863
2023-05-21,0.0,1000.0,0.0,1525.0164271607396,0.018479549161977946
2023-05-22,0.0,1000.0,0.0,1540.6423330495186,-0.01024638529164639
2023-05-23,0.0,1000.0,0.0,1560.368084109109,-0.012803588890450588
2023-05-24,0.0,1000.0,0.0,1513.9141643693738,0.029771129141146196
2023-05-25,0.0,1000.0,0.0,1511.1426158407257,0.0018307170867924835
2023-05-26,0.0,1000.0,0.0,1531.9317885072915,-0.013757253914118226
2023-05-27,0.0,1000.0,0.0,1553.4304276111518,-0.014033679087505873
2023-05-28,0.0,1000.0,0.0,1601.713823396596,-0.03108178836157733
2023-05-29,0.0,1000.0,0.0,1589.8221152285846,0.0074243650734023515
2023-05-30,0.0,1000.0,0.0,1608.874812496953,-0.011984169226145758
2023-05-31,0.0,1000.0,0.0,1584.1116059637916,0.01539163043688225
2023-06-01,0.0,1000.0,0.0,1563.7457540374703,0.012856323916603296
2023-06-02,0.0,1000.0,0.0,1605.4473618108764,-0.02666776722861489
2023-06-03,0.0,1000.0,0.0,1598.6066576014784,0.004260933352359886
2023-06-04,0.0,1000.0,0.0,1616.0123662224335,-0.010888049626335525
2023-06-05,0.0,1000.0,0.0,1512.1702605281607,0.0642582370437008
2023-06-06,0.0,1000.0,0.0,1562.7248433015325,-0.03343180598970002
2023-06-07,0.0,1000.0,0.0,1479.1917096420311,0.05345351359681653
2023-06-08,0.0,1000.0,0.0,1488.1943097749745,-0.0060861618370767435
2023-06-09,0.0,1000.0,0.0,1454.2901142213714,0.02278210266690896
2023-06-10,0.0,1000.0,0.0,1342.3286230909168,0.07698703995550361
2023-06-11,0.0,1000.0,0.0,1342.0001507110835,0.00024470340137507297
2023-06-12,0.0,1000.0,0.0,1335.5205900633996,0.004828286080482596
2023-06-13,0.0,1000.0,0.0,1346.9942049461215,-0.00859111792666345
2023-06-14,0.0,1000.0,0.0,1289.3651892403473,0.04278341769709342
2023-06-15,0.0,1000.0,0.0,1296.6995002130252,-0.0056883116078224605
2023-06-16,0.0,1000.0,0.0,1318.310431109702,-0.016666105673000215
2023-06-17,0.0,1000.0,0.0,1333.8012906702945,-0.011750540081483685
2023-06-18,0.0,1000.0,0.0,1323.429209500629,0.007776331633667232
2023-06-19,0.0,1000.0,0.0,1342.5511632156956,-0.014448792257110583
2023-06-20,0.0,1000.0,0.0,1384.8962158731795,-0.03154073663461611
2023-06-21,0.0,1000.0,0.0,1442.3196922543464,-0.04146410086402134
2023-06-22,0.0,1000.0,0.0,1421.942409052365,0.014128132141170178
2023-06-23,0.0,1000.0,0.0,1454.7459924938632,-0.023069558396081317
2023-06-24,0.0,1000.0,0.0,1425.4649328270862,0.020127953483192566
2023-06-25,0.0,1000.0,0.0,1443.9687604499522,-0.01298090692849807
2023-06-26,0.0,1000.0,0.0,1410.2017016077414,0.0233848956896332
2023-06-27,0.0,1000.0,0.0,1429.2337882207125,-0.013496003154210559
2023-06-28,0.0,1000.0,0.0,1368.9916916987736,0.04214992467882782
2023-06-29,0.0,1000.0,0.0,1416.3389757648627,-0.03458551600655513
2023-06-30,0.0,1000.0,0.0,1455.0584635784967,-0.02733772668560825
2023-07-01,0.0,1000.0,0.0,1463.1262175512932,-0.00554462530182804
2023-07-02,0.0,1000.0,0.0,1478.6235293981722,-0.010591917266588036
2023-07-03,0.0,1000.0,0.0,1489.835698439689,-0.007582842297985337
2023-07-04,0.0,1000.0,0.0,1472.9373036425163,0.011342455288774598
2023-07-05,0.0,1000.0,0.0,1447.5952321096381,0.017205125751251105
2023-07-06,0.0,1000.0,0.0,1421.74209052898,0.017859371879100045
2023-07-07,0.0,1000.0,0.0,1463.3740885233635,-0.029282384105892074
2023-07-08,0.0,1000.0,0.0,1486.1195498611305,-0.015543162555733594
2023-07-09,0.0,1000.0,0.0,1471.608730622739,0.009764234135637111
2023-07-10,0.0,1000.0,0.0,1490.0766136886746,-0.012549451958008162
2023-07-11,0.0,1000.0,0.0,1501.5969456957907,-0.0077313689116948235
2023-07-12,0.0,1000.0,0.0,1484.9864693194302,0.011061874109409509
2023-07-13,0.0,1000.0,0.0,1780.1949954455015,-0.19879543162528987
2023-07-14,0.0,1000.0,0.0,1719.5066149898093,0.03409086117585932
2023-07-15,0.0,1000.0,0.0,1729.6752259825098,-0.005913679484600928
2023-07-16,0.0,1000.0,0.0,1712.3681410687304,0.010005973753800286
2023-07-17,0.0,1000.0,0.0,1703.1318778567736,0.005393853687439054
2023-07-18,0.0,1000.0,0.0,1685.2038398483146,0.010526511916986456
2023-07-19,0.0,1000.0,0.0,1718.8808204012284,-0.01998392108811293
2023-07-20,0.0,1000.0,0.0,1697.1534117829704,0.012640439267445196
2023-07-21,0.0,1000.0,0.0,1692.1920979542574,0.0029233148837738898
2023-07-22,0.0,1000.0,0.0,1654.3887174023434,0.022339887178066724
2023-07-23,0.0,1000.0,0.0,1670.4813833444912,-0.009727258033659656
2023-07-24,0.0,1000.0,0.0,1613.260725597637,0.034253993080899776
2023-07-25,0.0,1000.0,0.0,1617.3769380369863,-0.0025514861758159407
2023-07-26,0.0,1000.0,0.0,1644.003745989582,-0.01646295759905712
2023-07-27,0.0,1000.0,0.0,1640.3111888712995,0.0022460758543220794
2023-07-28,0.0,1000.0,0.0,1643.620346437901,-0.0020173962044837284
2023-07-29,0.0,1000.0,0.0,1651.0721174179043,-0.004533754401466908
2023-07-30,0.0,1000.0,0.0,1637.1432665904856,0.00843624617027751
2023-07-31,0.0,1000.0,0.0,1615.5372315502748,0.013197400301567812
2023-08-01,0.0,1000.0,0.0,1637.778413391624,-0.013767049998598044
2023-08-02,0.0,1000.0,0.0,1592.4091898543227,0.027701686117200457
2023-08-03,0.0,1000.0,0.0,1572.7311708840418,0.012357388475057058
2023-08-04,0.0,1000.0,0.0,1564.654831920205,0.005135231699704439
2023-08-05,0.0,1000.0,0.0,1563.5709662008717,0.0006927187372074904
2023-08-06,0.0,1000.0,0.0,1568.0322240881042,-0.0028532493782948342
2023-08-07,0.0,1000.0,0.0,1563.771704301094,0.002717112391926735
2023-08-08,0.0,1000.0,0.0,1600.0559020805251,-0.023203001870179048
2023-08-09,0.0,1000.0,0.0,1601.1471962527046,-0.0006820350281265819
2023-08-10,0.0,1000.0,0.0,1590.101620814446,0.0068985384130262496
2023-08-11,0.0,1000.0,0.0,1584.0880769332507,0.0037818613618639807
2023-08-12,0.0,1000.0,0.0,1583.9912632072164,6.111637821409095e-05
2023-08-13,0.0,1000.0,0.0,1570.7724792804672,0.008345237902375973
2023-08-14,0.0,1000.0,0.0,1587.1919187773585,-0.01045309853175718
2023-08-15,0.0,1000.0,0.0,1543.2152980514238,0.02770718537920139
2023-08-16,0.0,1000.0,0.0,1500.9210492273492,0.027406576954931903
2023-08-17,0.0,1000.0,0.0,1386.0249325031705,0.07655040668749742
2023-08-18,0.0,1000.0,0.0,1385.8709233608217,0.00011111570848184751
2023-08-19,0.0,1000.0,0.0,1401.977915136436,-0.011622288558124718
2023-08-20,0.0,1000.0,0.0,1412.2408616377634,-0.007320333930030858
2023-08-21,0.0,1000.0,0.0,1378.5754134845943,0.023838318991937113
2023-08-22,0.0,1000.0,0.0,1360.6930758952387,0.012971606351338332
2023-08-23,0.0,1000.0,0.0,1398.7465383165272,-0.027966235071970238
2023-08-24,0.0,1000.0,0.0,1380.606293692482,0.012968929056924023
2023-08-25,0.0,1000.0,0.0,1369.948449111078,0.007719684192442146
2023-08-26,0.0,1000.0,0.0,1365.6995794228135,0.0031014814397005547
2023-08-27,0.0,1000.0,0.0,1378.2972793115382,-0.009224356570460961
2023-08-28,0.0,1000.0,0.0,1382.264635246191,-0.0028784471929265303
2023-08-29,0.0,1000.0,0.0,1440.9089136057198,-0.042426230740602
2023-08-30,0.0,1000.0,0.0,1405.5610618165151,0.02453163517515517
2023-08-31,0.0,1000.0,0.0,1349.303288699299,0.04002513632848496
2023-09-01,0.0,1000.0,0.0,1333.3845686154218,0.01179773310952397
2023-09-02,0.0,1000.0,0.0,1338.2118098557,-0.0036202918152043067
2023-09-03,0.0,1000.0,0.0,1340.7772108666693,-0.0019170365947120485
2023-09-04,0.0,1000.0,0.0,1339.618350626412,0.0008643197623477031
2023-09-05,0.0,1000.0,0.0,1348.6057538187447,-0.0067089280974168075
2023-09-06,0.0,1000.0,0.0,1342.6817575971722,0.004392682001242844
2023-09-07,0.0,1000.0,0.0,1356.2414669745983,-0.010098974906527478
2023-09-08,0.0,1000.0,0.0,1341.2797897927417,0.011031720785850923
2023-09-09,0.0,1000.0,0.0,1335.8916191879023,0.00401718615746235
2023-09-10,0.0,1000.0,0.0,1307.0101322851403,0.02161963327557897
2023-09-11,0.0,1000.0,0.0,1265.3121456285292,0.031903338487290385
2023-09-12,0.0,1000.0,0.0,1285.6727191356422,-0.016091344398657687
2023-09-13,0.0,1000.0,0.0,1301.4240409471831,-0.012251424158809547
2023-09-14,0.0,1000.0,0.0,1316.4742754312556,-0.01156443558021152
2023-09-15,0.0,1000.0,0.0,1327.6587626094167,-0.008495788627922472
2023-09-16,0.0,1000.0,0.0,1325.663163499736,0.0015030964023907214
2023-09-17,0.0,1000.0,0.0,1311.5517883013854,0.010644766775518446
2023-09-18,0.0,1000.0,0.0,1330.2965576949696,-0.014292054313662126
2023-09-19,0.0,1000.0,0.0,1347.7148683526682,-0.01309355463407304
2023-09-20,0.0,1000.0,0.0,1341.694318694649,0.0044672280460766245
2023-09-21,0.0,1000.0,0.0,1307.1496168813208,0.025747073183507947
2023-09-22,0.0,1000.0,0.0,1311.0137517191545,-0.002956153440990951
2023-09-23,0.0,1000.0,0.0,1310.9911629842047,1.7229975597181963e-05
2023-09-24,0.0,1000.0,0.0,1296.7890171054737,0.010833136240524146
2023-09-25,0.0,1000.0,0.0,1307.1113082044935,-0.00795988473287663
2023-09-26,0.0,1000.0,0.0,1306.3314467131656,0.0005966297486930434
2023-09-27,0.0,1000.0,0.0,1304.3743625833977,0.0014981528115948534
2023-09-28,0.0,1000.0,0.0,1340.4167227806597,-0.02763191398969056
2023-09-29,0.0,1000.0,0.0,1347.2426640916594,-0.005092402381282993
2023-09-30,0.0,1000.0,0.0,1360.4284925905902,-0.009787270586342909
2023-10-01,0.0,1000.0,0.0,1424.4698226422004,-0.04707438163814093
2023-10-02,0.0,1000.0,0.0,1385.8808933691337,0.027090029328588488
2023-10-03,0.0,1000.0,0.0,1399.7766360221322,-0.010026649995308985
2023-10-04,0.0,1000.0,0.0,1407.4764492491706,-0.00550074421081911
2023-10-05,0.0,1000.0,0.0,1392.255468521835,0.010814376848334195
2023-10-06,0.0,1000.0,0.0,1423.6292059405625,-0.022534468801216123
2023-10-07,0.0,1000.0,0.0,1408.4362176563338,0.010672012221181684
2023-10-08,0.0,1000.0,0.0,1397.97618384545,0.0074267003927871444
2023-10-09,0.0,1000.0,0.0,1353.8110443515668,0.031592197352316075
2023-10-10,0.0,1000.0,0.0,1349.239841881137,0.003376543934622183
2023-10-11,0.0,1000.0,0.0,1334.4674960967882,0.01094864332182258
2023-10-12,0.0,1000.0,0.0,1315.0563404829797,0.014545993567160242
2023-10-13,0.0,1000.0,0.0,1324.448229615496,-0.007141815026013869
2023-10-14,0.0,1000.0,0.0,1327.9431612821315,-0.0026387831464353972
2023-10-15,0.0,1000.0,0.0,1333.751815300104,-0.0043741736749969605
2023-10-16,0.0,1000.0,0.0,1382.224386520323,-0.036343021740751845
2023-10-17,0.0,1000.0,0.0,1361.2916048764662,0.015144271688443995
2023-10-18,0.0,1000.0,0.0,1347.3161372466602,0.010266329109606374
2023-10-19,0.0,1000.0,0.0,1382.6189804917815,-0.02620234573695909
2023-10-20,0.007387908444519864,1007.3879084445198,0.0,1416.4794656667495,-0.017102197400059693
2023-10-21,0.008044191918642918,1015.4915301165678,0.0,1457.7072106942999,-0.021061591840914655
2023-10-22,-0.0009522155447905245,1014.5245632959877,-0.0009522155447904832,1479.243637770189,-0.015726394418222513
2023-10-23,0.00987266588311253,1024.5406253396197,0.0,1578.6045755845887,-0.057297430561700766
2023-10-24,-0.001820092554510544,1022.6758665756455,-0.0018200925545105618,1569.4673154614209,0.0039680954847798955
2023-10-25,0.009635517469123833,1032.5298777532864,0.0,1591.4980073075683,-0.0044015329550007865
2023-10-26,-0.001120570519161923,1031.3728552121222,-0.001120570519161949,1610.5899465507446,-0.01311677733532717
2023-10-27,-0.0076155248035528755,1023.5184096515432,-0.008727561590132004,1587.228003773917,0.006889683568608957
2023-10-28,0.000982615020910238,1024.524134215045,-0.007753522402336045,1599.0473550520787,-0.006463921488059442
2023-10-29,0.009379418032791298,1034.1335743545314,0.0,1631.2355923552286,-0.01075021552774921
2023-10-30,0.01267633920339728,1047.2426023246712,0.0,1665.691520544297,-0.008446255442370511
2023-10-31,0.018064794566884368,1066.1608247973559,0.0,1687.5205722856583,0.004959695890373119
2023-11-01,0.01511866973495235,1082.2797581918114,0.0,1750.659654285771,-0.0222966264321302
2023-11-02,0.00046100535660165143,1082.7786949576794,0.0,1744.332642565382,0.004075078317556682
2023-11-03,0.0006301792968161912,1083.4610396742753,0.0,1752.8522470285905,-0.004253983422674515
2023-11-04,0.011363283914268774,1095.772715078143,0.0,1787.1113883928476,-0.00818151310004478
2023-11-05,0.012874164147316236,1109.8798728802094,0.0,1824.2805413482088,-0.007924289265700973
2023-11-06,0.02562316845660928,1138.3185118296192,0.0,1896.4305593006045,-0.013926679451692313
2023-11-07,-0.016259889771524372,1119.809578302384,-0.016259889771524386,1867.1613249489124,-0.0008260347283496807
2023-11-08,0.005957076982462395,1126.48037016603,-0.010399674204157208,1880.4735431960507,-0.0011725791802168805
2023-11-09,0.037523682601393604,1168.7500620328406,0.0,1939.9963824122376,0.005870570845818532
2023-11-10,0.055674484765262156,1233.8196195558871,0.0,2056.130216067646,-0.004188427716566766
2023-11-11,-0.0011870770659258012,1232.354980582023,-0.0011870770659258183,2091.273218597332,-0.018278894624493343
2023-11-12,0.007858811582286185,1242.0398261769092,0.0,2121.923845571277,-0.0067976315363720285
2023-11-13,-0.015817197279434758,1222.3942372173542,-0.015817197279434713,2022.7815448700892,0.030905639125891678
2023-11-14,-0.002798655125370697,1218.9731773201422,-0.01857158552457035,2035.7787643844829,-0.00922407439388032
2023-11-15,-0.0003360916210018994,1218.5634906490188,-0.018901435391288735,2211.8702895946617,-0.08683445199829962
2023-11-16,-0.0038235619868192128,1213.9042376076475,-0.022652726568249532,2123.260395893222,0.036237509459498884
2023-11-17,0.0013896525321608344,1215.5911427052397,-0.021294553454924627,2134.409635111763,-0.0038613469402099766
2023-11-18,0.00012140750915090592,1215.7387245980215,-0.021175731264467142,2142.1825574786008,-0.003520312542600371
2023-11-19,0.00278578609172353,1219.1255126281765,-0.018448936230382133,2196.805877554294,-0.022713123833108702
2023-11-20,-0.006484538945791152,1211.2200457617314,-0.024813842330678997,2147.1370548278164,0.016125024891398727
2023-11-21,-0.005972060489623621,1203.9865663821977,-0.030637713052923798,1996.7683263646788,0.0640601380256202
2023-11-22,0.005765314072175842,1210.9279270760717,-0.025049035018951227,2136.6658980478987,-0.06429668051981441
2023-11-23,-0.0004632450147900036,1210.3669707505837,-0.025500676193143373,2135.4392122941563,0.00011086708896144797
2023-11-24,0.0008087675992016763,1211.3458763396707,-0.02471253271460446,2145.0565436791653,-0.003694910768058739
2023-11-25,0.0015250935180217695,1213.1932920837587,-0.02322512812003963,2172.6869721101416,-0.011355885546327191
2023-11-26,-0.000983273560104414,1212.0003911963568,-0.024185565025733536,2143.4314409015747,0.012481865037451459
2023-11-27,-0.00231976286972968,1209.1888376907616,-0.02644922311973309,2093.507271651965,0.02097194046957123
2023-11-28,0.0010708648886612604,1210.4837155608056,-0.025406681775443203,2135.916194345796,-0.019186491399557953
2023-11-29,0.0014283975725315479,1212.2127675617016,-0.02401457504548581,2138.5657174737844,0.00018793545374525987
2023-11-30,0.0008725205067461328,1213.2704480599386,-0.023163007747927705,2139.286643490798,0.0005354132525134789
2023-12-01,0.001555053564222142,1215.1571485945597,-0.021643973901462076,2172.72820220922,-0.014077053904954302
2023-12-02,0.004149694082131061,1220.1996790229418,-0.017584095689743645,2231.520931383899,-0.022909709443307186
2023-12-03,0.0026893712880418086,1223.481249005384,-0.014942014563776055,2229.8479376945047,0.003439081347161326
2023-12-04,0.013521929543038214,1240.025076251663,-0.0016221298889003651,2275.1859416764482,-0.006810400395486464
2023-12-05,0.01713048167808018,1261.267303100752,0.0,2332.058192082196,-0.007866266659702598
2023-12-06,0.005425096701763943,1268.1098001868468,0.0,2368.974505606415,-0.010404831406186817
2023-12-07,0.01034880758276735,1281.233224502802,0.0,2433.1396491513556,-0.016736812542349076
2023-12-08,0.033862209732836046,1324.6186126675937,0.0,2626.3948815856756,-0.04556407083504034
2023-12-09,-0.004065398359518246,1319.2335103326675,-0.004065398359518238,2638.1620322575072,-0.008545741644655713
2023-12-10,0.0187960559447804,1344.0298971971092,0.0,2731.3357289859646,-0.016521599145846277
2023-12-11,-0.019297675529286407,1318.0932443393392,-0.01929767552928643,2629.4582956078925,0.018001815813689218
2023-12-12,-0.0014490154872286443,1316.18330681468,-0.02071872838580566,2645.422822250055,-0.00752042824506887
2023-12-13,0.003064454280833573,1320.21669038361,-0.017717765700867315,2753.357986338979,-0.03773626883272907
2023-12-14,-0.002428910128984385,1317.010002691883,-0.020103640969277883,2786.0126103094426,-0.014288836855723701
2023-12-15,-0.0044152450283666544,1311.1950808251886,-0.024430123496802854,2697.362243726359,0.027404555878147288
2023-12-16,0.006052354480144739,1319.1308982469645,-0.01852562878405458,2739.6247070804748,-0.009615716596482797
2023-12-17,-0.006626103008200768,1310.3902010338797,-0.02502897906764051,2662.683089103106,0.02145862618062417
2023-12-18,0.0010575161628691987,1311.7759598511386,-0.02399793145467536,2722.770562641078,-0.021508997210005352
2023-12-19,-0.0029265166791558883,1307.9370256253185,-0.026854217787163945,2687.445766134867,0.010047325843934243
2023-12-20,0.007658735009379303,1317.9541687135386,-0.019401152115700655,2816.717116130184,-0.0404432031299109
2023-12-21,0.014173695281645138,1336.6344494960583,-0.005502442852256222,2959.5051388311035,-0.03651936930877157
2023-12-22,0.0012061585027296484,1338.2466425023595,-0.004302921167758526,2979.4895952884044,-0.005546475981694284
2023-12-23,0.013063106767629451,1355.7283012747894,0.0,3032.585379644904,-0.004757322758441936
2023-12-24,-0.0006394988785178857,1354.8613145465492,-0.0006394988785178485,3001.792263440003,0.009514581666613278
2023-12-25,0.008656587195498666,1366.5897896537294,0.0,3096.9476473547056,-0.023042936143819928
2023-12-26,0.001938960620700314,1369.239553440519,0.0,3036.2332738549076,0.021543545655148093
2023-12-27,-0.0041837197585341546,1363.5110388666235,-0.004183719758534174,3097.5519969952556,-0.02437937589219357
2023-12-28,-0.005783855181756503,1355.6246884790926,-0.00994337691108626,3020.261733103007,0.019168192101783443
2023-12-29,-0.002665401447257243,1352.0114044724828,-0.012582275267134034,3004.548028518331,0.002537361085687663
2023-12-30,0.0012267115570772091,1353.6699324876495,-0.011370998532541286,2975.5367358907574,0.010882504159560649
2023-12-31,-0.002040248559783464,1350.9081093574694,-0.013388047428945442,2950.3632866258317,0.006419888719412363
2024-01-01,0.0006398997793870542,1351.7725551586195,-0.01275671465815449,3085.6884361127454,-0.04522738378543705
2024-01-02,-0.0005101744739439695,1351.0829153063996,-0.013260380981908447,3049.16723186024,0.011325500127900632
2024-01-03,-0.005910167103939656,1343.0977895056608,-0.019092177018383172,2868.3849933880483,0.05337888617697871
2024-01-04,-0.00017653387241989282,1342.8606872518408,-0.01926534047486107,2962.456361244737,-0.03297246889283508
2024-01-05,0.0,1342.8606872518408,-0.01926534047486107,2880.684429878885,0.027602746300537415
2024-01-06,0.0,1342.8606872518408,-0.01926534047486107,2794.918788063772,0.029772661290330515
2024-01-07,0.0,1342.8606872518408,-0.01926534047486107,2721.7911745914103,0.026164485989599036
2024-01-08,0.0,1342.8606872518408,-0.01926534047486107,2889.30997412654,-0.061547263838225064
2024-01-09,-0.002575012322144965,1339.4028044352433,-0.0217907443078929,2841.1060789444987,0.014108519598522027
2024-01-10,0.0015679599813736012,1341.5029344315374,-0.020256951341558388,3016.7568684200232,-0.060256830996082984
2024-01-11,0.00040850026371863635,1342.050938734032,-0.01985672604780498,3035.438767389888,-0.0057842092533890565
2024-01-12,-0.014447257104985844,1322.6619837741537,-0.03401710792631496,2850.4852833647706,0.046484126526302294
2024-01-13,0.0023158628958885874,1325.7250875861787,-0.031780023988498315,2895.158662107747,-0.013356338256556181
2024-01-14,-0.004594960739665477,1319.6334328571306,-0.03622895676563101,2824.469307360737,0.019821440223847304
2024-01-15,0.0016904457019235597,1321.8642015218186,-0.034599754147957094,2870.1232288737297,-0.0144732709276097
2024-01-16,0.003289782824917875,1326.2128476688588,-0.031423796999981594,2905.4215987597754,-0.009008772697347218
2024-01-17,-0.0025002367110259494,1322.8970016204828,-0.03384546678014839,2899.0097582722306,-0.00029338298271262614
2024-01-18,-0.002600898692649012,1319.4562805384587,-0.03635833684249687,2788.391282335881,0.035556432658410894
2024-01-19,0.0009158074738990774,1320.6646484616588,-0.035475826605216795,2779.546503480497,0.00408780808637215
2024-01-20,-0.0008842270805570207,1319.4968810151547,-0.0363286849991843,2794.4414328501857,-0.006242989508542169
2024-01-21,-0.0006649731529829728,1318.6194510138348,-0.03696950055195968,2765.7855491521545,0.009589628486244737
2024-01-22,-0.006261374540874498,1310.363080754155,-0.04299939520328927,2606.963571213305,0.051162447775189066
2024-01-23,-8.164225674645031e-05,1310.256099755085,-0.04307752689237255,2598.530450829929,0.0031532017113458733
2024-01-24,0.0,1310.256099755085,-0.04307752689237255,2617.5315189208445,-0.0073122360697549516
2024-01-25,0.0,1310.256099755085,-0.04307752689237255,2585.383275085099,0.012281893686231464
2024-01-26,0.0,1310.256099755085,-0.04307752689237255,2695.32082004308,-0.042522726134043794
2024-01-27,0.0,1310.256099755085,-0.04307752689237255,2722.5376218249303,-0.010097796737018954
2024-01-28,0.0,1310.256099755085,-0.04307752689237255,2743.178596114285,-0.007581520315417748
2024-01-29,0.0,1310.256099755085,-0.04307752689237255,2846.5683726857774,-0.03768977226562804
2024-01-30,0.0,1310.256099755085,-0.04307752689237255,2804.779231769915,0.014680532994341309
2024-01-31,0.0,1310.256099755085,-0.04307752689237255,2722.7679559033304,0.029239832831631674
2024-02-01,0.0,1310.256099755085,-0.04307752689237255,2751.8646418834933,-0.010686436175024436
2024-02-02,0.0,1310.256099755085,-0.04307752689237255,2809.166265706107,-0.020822835160741886
2024-02-03,0.0,1310.256099755085,-0.04307752689237255,2788.3185840293127,0.007421305720241562
2024-02-04,0.0,1310.256099755085,-0.04307752689237255,2741.2271544044456,0.016888826798556522
2024-02-05,0.0,1310.256099755085,-0.04307752689237255,2740.7216591730144,0.00018440472203059714
2024-02-06,0.0,1310.256099755085,-0.04307752689237255,2760.4883826617834,-0.007212233107514209
2024-02-07,0.0,1310.256099755085,-0.04307752689237255,2826.8726966924355,-0.024048032387168412
2024-02-08,0.0,1310.256099755085,-0.04307752689237255,2881.5928168119995,-0.019357122159617712
2024-02-09,0.0,1310.256099755085,-0.04307752689237255,2979.8683081229906,-0.03410457256057315
2024-02-10,0.0,1310.256099755085,-0.04307752689237255,3026.008748202424,-0.01548405342399092
2024-02-11,0.0,1310.256099755085,-0.04307752689237255,3011.6950447295094,0.004730225410424623
2024-02-12,0.0,1310.256099755085,-0.04307752689237255,3110.6807764024534,-0.03286711642540628
2024-02-13,-0.0009824423199172871,1308.9688487127557,-0.04401764802683344,3074.1522145054405,0.01076050545348257
2024-02-14,0.007681486334161436,1319.023675035986,-0.03667428265445199,3209.151633238338,-0.03623287096275469
2024-02-15,0.0030785104301334076,1323.084303177177,-0.03370867438598807,3270.947889384088,-0.01617774892068797
2024-02-16,0.0026999145359509757,1326.6565177196135,-0.031099770389999525,3244.3177385299505,0.010841331566948584
2024-02-17,-0.006855912258875607,1317.5610770364624,-0.03774246535181009,3212.5307020443497,0.002941844634074129
2024-02-18,0.005961311858404761,1325.4154695091725,-0.03200614809967247,3262.2641619972705,-0.009519772858162254
2024-02-19,0.0035266374445450666,1330.0897293335227,-0.028592384735471453,3272.990151646238,0.00023874010811335885
2024-02-20,0.007621085753471757,1340.2264572205854,-0.02118920399796502,3259.7454909155676,0.01166774037722881
2024-02-21,0.008854054988490123,1352.0928959698458,-0.012522759386835194,3228.476173366443,0.01844661908168924
2024-02-22,-0.0019823432668109042,1349.4125837214171,-0.0144802782458937,3186.8114200999867,0.010923049565316105
2024-02-23,-0.008028208747869026,1338.5792178123004,-0.02239223629727742,3138.6689444532053,0.007078576467953688
2024-02-24,0.009739748018547267,1351.6166420966563,-0.01287058301783741,3213.3136005056444,-0.014042516812012469
2024-02-25,0.010524175160725457,1365.8412923882331,-0.002481860127212292,3241.3464373445267,0.00180020970821829
2024-02-26,0.018661416832891575,1391.3298260730653,0.0,3370.9783860400516,-0.021331824001224832
2024-02-27,0.0009599095225210075,1392.6653768220804,0.0,3422.9607830169357,-0.014460657156919767
2024-02-28,0.03144291299511459,1436.4548330968055,0.0,3571.199879084281,-0.011864359703665776
2024-02-29,-0.0035786585552811667,1431.3142517190686,-0.0035786585552811975,3603.455342113175,-0.012610766564078684
2024-03-01,0.011127661255583288,1447.241431862487,0.0,3739.2178570906563,-0.026547986723410667
2024-03-02,0.0036961371480590532,1452.590634681004,0.0,3816.490080778536,-0.01696920695360888
2024-03-03,0.00040396454798075077,1453.1774298001442,0.0,3796.0426431691135,0.005761619664760631
2024-03-04,0.020318351016022085,1482.7035989073843,0.0,3935.5767021556144,-0.016439418087965514
2024-03-05,-0.04739340662394376,1412.4332243415818,-0.047393406623943785,3667.1280899885646,0.020817336675764686
2024-03-06,-0.0006148236518560557,1411.5648269885892,-0.04797909168846546,3874.394655911413,-0.057134956256085494
2024-03-07,0.01077490473179199,1426.7743035221397,-0.03772115709873458,4042.533278112767,-0.03262248689552046
2024-03-08,0.0003155244325430129,1427.2244856746256,-0.03741753461287991,4043.6715190461027,3.395818310768039e-05
2024-03-09,0.0001820215440035966,1427.4842712791478,-0.037242323866299366,4068.4513353006173,-0.005946027220046303
2024-03-10,0.008795120348968899,1440.039167241308,-0.028774754237809952,4076.319101034051,0.006861272531946112
2024-03-11,0.0008818735226925334,1441.3090996545382,-0.0279182564090018,4397.494671424814,-0.07790871240304857
2024-03-12,0.006019305504090688,1449.9847794511847,-0.022066999419378407,4434.958123528321,-0.0024999662410113734
2024-03-13,0.029129592134225835,1492.222244677433,0.0,4623.228280101781,-0.013321802293750969
2024-03-14,-0.001799009911494398,1489.537722069106,-0.0017990099114944128,4569.948420053755,0.009725374527262505
2024-03-15,-0.006516808715495426,1479.8306896598667,-0.008304094823519393,4587.090131154259,-0.01026777251746791
2024-03-16,-0.001130272937471255,1478.1580770793048,-0.009424981867341394,4295.141290450062,0.06251548774234618
2024-03-17,0.009391659010036246,1492.0404337021646,-0.00012183907317893635,4501.71297802397,-0.038702611609932824
2024-03-18,-0.0028019308978822766,1487.8598395100848,-0.0029234285863974935,4466.669666509597,0.004982508422315164
2024-03-19,-0.012313526594825541,1469.5390378069046,-0.01520095746557631,4002.350207629445,0.09163852125002596
2024-03-20,-6.589105889365232e-05,1469.442208323618,-0.015265846917286377,4364.895879022832,-0.09064908657793831
2024-03-21,0.0,1469.442208323618,-0.015265846917286377,4283.122969539875,0.018734217665064383
2024-03-22,0.0,1469.442208323618,-0.015265846917286377,4176.799642511717,0.02482378577133883
2024-03-23,0.0,1469.442208323618,-0.015265846917286377,4180.059751840195,-0.0007805280615558503
2024-03-24,0.0,1469.442208323618,-0.015265846917286377,4351.371636514612,-0.04098311862623495
2024-03-25,0.0,1469.442208323618,-0.015265846917286377,4479.540281057056,-0.029454768576168928
2024-03-26,0.0,1469.442208323618,-0.015265846917286377,4455.021367770517,0.005473533386946862
2024-03-27,0.0,1469.442208323618,-0.015265846917286377,4358.860804147711,0.021584759237850415
2024-03-28,0.0,1469.442208323618,-0.015265846917286377,4424.146972271905,-0.014977805224261984
2024-03-29,0.0,1469.442208323618,-0.015265846917286377,4449.834057155506,-0.005806110204881024
2024-03-30,0.0,1469.442208323618,-0.015265846917286377,4408.097425816328,0.009379368040042912
2024-03-31,0.0,1469.442208323618,-0.015265846917286377,4509.504561242142,-0.023004740056768176
2024-04-01,0.0,1469.442208323618,-0.015265846917286377,4325.256952603819,0.04085761664859517
2024-04-02,0.0,1469.442208323618,-0.015265846917286377,4067.334091008633,0.059631800936107475
2024-04-03,0.0,1469.442208323618,-0.015265846917286377,4064.772006426902,0.0006299174162740506
2024-04-04,0.0,1469.442208323618,-0.015265846917286377,4152.739291610385,-0.021641382356598547
2024-04-05,0.0,1469.442208323618,-0.015265846917286377,4075.543221620726,0.018589192474859937
2024-04-06,0.0,1469.442208323618,-0.015265846917286377,4165.374199936634,-0.022041473597766377
2024-04-07,0.0,1469.442208323618,-0.015265846917286377,4209.9436438243365,-0.01069998558313918
2024-04-08,0.0,1469.442208323618,-0.015265846917286377,4329.98908727854,-0.028514738820863212
2024-04-09,0.0,1469.442208323618,-0.015265846917286377,4177.267399325135,0.03527068657103557
2024-04-10,0.0,1469.442208323618,-0.015265846917286377,4238.485986714694,-0.014655175629754982
2024-04-11,0.0,1469.442208323618,-0.015265846917286377,4192.052980949251,0.010955092434181721
2024-04-12,0.0,1469.442208323618,-0.015265846917286377,3813.770570428454,0.09023798416668351
2024-04-13,0.0,1469.442208323618,-0.015265846917286377,3452.074083040458,0.09483960314565054
2024-04-14,0.0,1469.442208323618,-0.015265846917286377,3646.387626308132,-0.056288926191447555
2024-04-15,0.0,1469.442208323618,-0.015265846917286377,3521.045675998868,0.034374280289056744
2024-04-16,0.0,1469.442208323618,-0.015265846917286377,3489.185813736315,0.009048409249480931
2024-04-17,0.0,1469.442208323618,-0.015265846917286377,3400.4055899771934,0.025444395483212583
2024-04-18,0.0,1469.442208323618,-0.015265846917286377,3525.6550509150934,-0.03683368281333167
2024-04-19,0.0,1469.442208323618,-0.015265846917286377,3539.4854940248483,-0.00392280098592303
2024-04-20,0.0,1469.442208323618,-0.015265846917286377,3732.320202064278,-0.05448099967211666
2024-04-21,0.0,1469.442208323618,-0.015265846917286377,3701.861256971415,0.008160860656064996
2024-04-22,0.0,1469.442208323618,-0.015265846917286377,3856.7885099101168,-0.04185117760611374
2024-04-23,0.0,1469.442208323618,-0.015265846917286377,3808.8726942694284,0.01242376021334016
2024-04-24,0.0,1469.442208323618,-0.015265846917286377,3683.9501723549124,0.03279776772336491
2024-04-25,0.0,1469.442208323618,-0.015265846917286377,3663.5777338079483,0.00553005268633728
2024-04-26,0.0,1469.442208323618,-0.015265846917286377,3595.6203885375544,0.018549448164638455
2024-04-27,0.0,1469.442208323618,-0.015265846917286377,3617.270948424261,-0.006021369762983397
2024-04-28,0.0,1469.442208323618,-0.015265846917286377,3583.7163560789327,0.00927621757500509
2024-04-29,0.0,1469.442208323618,-0.015265846917286377,3596.6334529327087,-0.003604385941947103
2024-04-30,0.0,1469.442208323618,-0.015265846917286377,3415.294302200572,0.050419135868369436
2024-05-01,0.0,1469.442208323618,-0.015265846917286377,3441.857452783342,-0.007777704710734547
2024-05-02,0.0,1469.442208323618,-0.015265846917286377,3472.162576105219,-0.00880487461715475
2024-05-03,0.0,1469.442208323618,-0.015265846917286377,3621.4389145573477,-0.042992323999867174
2024-05-04,0.0,1469.442208323618,-0.015265846917286377,3660.1433094450745,-0.010687573586329055
2024-05-05,0.0,1469.442208323618,-0.015265846917286377,3662.1076476436847,-0.0005366834116961515
2024-05-06,0.0,1469.442208323618,-0.015265846917286377,3667.6241498395993,-0.0015063735768293515
2024-05-07,0.0,1469.442208323618,-0.015265846917286377,3568.6723377527283,0.02697981255554736
2024-05-08,0.0,1469.442208323618,-0.015265846917286377,3530.9242491335417,0.010577628049471615
2024-05-09,0.0,1469.442208323618,-0.015265846917286377,3633.173810812687,-0.02895829943229078
2024-05-10,0.0,1469.442208323618,-0.015265846917286377,3504.595561663526,0.03539006275078265
2024-05-11,0.0,1469.442208323618,-0.015265846917286377,3499.3253961922983,0.001503787064298561
2024-05-12,0.0,1469.442208323618,-0.015265846917286377,3489.7509985856823,0.0027360695341546804
2024-05-13,0.0,1469.442208323618,-0.015265846917286377,3511.674228214731,-0.0062821759025025415
2024-05-14,0.0,1469.442208323618,-0.015265846917286377,3421.285047280274,0.02573962590499455
2024-05-15,0.0,1469.442208323618,-0.015265846917286377,3645.3994497936155,-0.06550591354307057
2024-05-16,0.0,1469.442208323618,-0.015265846917286377,3617.175283014514,0.0077424071539538486
2024-05-17,0.0,1469.442208323618,-0.015265846917286377,3763.2401667410727,-0.04038092497547696
2024-05-18,0.0,1469.442208323618,-0.015265846917286377,3785.932150332201,-0.006029905768884276
2024-05-19,0.0,1469.442208323618,-0.015265846917286377,3706.0690039293404,0.02109471148231044
2024-05-20,0.0,1469.442208323618,-0.015265846917286377,4060.5817908977933,-0.0956573627184445
2024-05-21,0.0,1469.442208323618,-0.015265846917286377,4068.1700204250965,-0.0018687542618431227
2024-05-22,-0.0018568203516997617,1466.713718125556,-0.017094321333744226,4003.681685043026,0.01399510694197121
2024-05-23,0.0015210192902417319,1468.944617984087,-0.015599302836004756,3943.7739410524914,0.016484182873984836
2024-05-24,-0.0018591946357787714,1466.2135640300748,-0.017429495331628977,3907.67725996211,0.007293632486139789
2024-05-25,0.0006890170694979769,1467.223810203221,-0.01675248748192719,3933.4331552088993,-0.005902083866775059
2024-05-26,0.002567275874370667,1470.990578493458,-0.01422821986450453,3878.898698470497,0.01643161641011469
2024-05-27,0.0022451685463167337,1474.29320027222,-0.012014996069897553,3963.4219079694544,-0.019545348832311023
2024-05-28,-0.0016599523759244228,1471.845943771619,-0.013655004124548993,3903.894540095913,0.01335923287756762
2024-05-29,-0.002586175468060836,1468.039491899072,-0.0162058653559267,3854.531643283514,0.010058350736580457
2024-05-30,-0.000664438329705419,1467.064070191133,-0.016859535887523557,3837.559722179736,0.0037386701863061844
2024-05-31,0.00046800334239649466,1467.7506610794921,-0.016399422864273712,3827.985000701516,0.002963005940761757
2024-06-01,0.001775379058051696,1470.3564748656142,-0.014653158998139355,3847.53564048516,-0.003331913624668067
2024-06-02,-0.0011766805147011006,1468.6263350519753,-0.015812597426168532,3810.7894246393976,0.008373904399732337
2024-06-03,-0.00047494801899305994,1467.9288138835013,-0.016280035283338875,3866.034556006375,-0.014971978741756074
2024-06-04,0.0014291570091757855,1470.0267146368342,-0.014874145000697805,3989.067647438821,-0.030394948453435315
2024-06-05,0.004946801564249759,1477.2986450882886,-0.010000922880204386,4026.660336172296,-0.004477127046640304
2024-06-06,0.001307483906052509,1479.2301892911746,-0.008706515019863482,3996.049257529836,0.008909584924475848
2024-06-07,-0.011258292969742678,1462.5765824504467,-0.019866787492767022,3843.091828984779,0.02701886996983712
2024-06-08,-4.0682761915711296e-05,1462.5170807955594,-0.01990666201889712,3783.7773896279505,0.01539335888899586
2024-06-09,0.000819968516735381,1463.7162987569995,-0.019103016338290504,3824.7031421016195,-0.009996141486420283
2024-06-10,-0.0013035661715220526,1461.8082477052344,-0.020381680463939962,3751.0486386020525,0.017954007753311924
2024-06-11,-0.005730965160723467,1453.4306755659775,-0.025995838924007596,3604.0459384435844,0.03345879597584594
2024-06-12,-9.458117431992985e-05,1453.2932083858898,-0.0260879613813547,3714.9436016958207,-0.03086490573353676
2024-06-13,0.0,1453.2932083858898,-0.0260879613813547,3573.318155220655,0.03812317538562777
2024-06-14,0.0,1453.2932083858898,-0.0260879613813547,3532.9479981909803,0.011297666559775392
2024-06-15,0.0,1453.2932083858898,-0.0260879613813547,3574.7846076985097,-0.011841841297678892
2024-06-16,0.0,1453.2932083858898,-0.0260879613813547,3611.553735822728,-0.01028569051266283
2024-06-17,0.0,1453.2932083858898,-0.0260879613813547,3530.921536884254,0.022326180042315156
2024-06-18,0.0,1453.2932083858898,-0.0260879613813547,3414.1303356678604,0.03307669116868907
2024-06-19,0.0,1453.2932083858898,-0.0260879613813547,3435.3418216152527,-0.0062128518427645284
2024-06-20,0.0,1453.2932083858898,-0.0260879613813547,3418.208055377714,0.004987499680448744
2024-06-21,0.0,1453.2932083858898,-0.0260879613813547,3403.6615474399523,0.004255594657228753
2024-06-22,0.0,1453.2932083858898,-0.0260879613813547,3378.0219700041557,0.007532939770430886
2024-06-23,0.0,1453.2932083858898,-0.0260879613813547,3308.2260944529394,0.02066175891423529
2024-06-24,0.0,1453.2932083858898,-0.0260879613813547,3268.7357930458234,0.011937001970128844
2024-06-25,0.0,1453.2932083858898,-0.0260879613813547,3340.029947086575,-0.021810925860826242
2024-06-26,0.0,1453.2932083858898,-0.0260879613813547,3319.669487315657,0.00609589138225478
2024-06-27,0.0,1453.2932083858898,-0.0260879613813547,3440.954952283412,-0.0365354037295526
2024-06-28,0.0,1453.2932083858898,-0.0260879613813547,3367.032064180975,0.02148324785634927
2024-06-29,0.0,1453.2932083858898,-0.0260879613813547,3369.9129366140246,-0.0008556118201834233
2024-06-30,0.0,1453.2932083858898,-0.0260879613813547,3466.1040094338773,-0.028544082481994946
2024-07-01,0.0,1453.2932083858898,-0.0260879613813547,3469.016143801109,-0.0008401751243775227
2024-07-02,0.0,1453.2932083858898,-0.0260879613813547,3512.8508110244097,-0.012636051666011925
2024-07-03,0.0,1453.2932083858898,-0.0260879613813547,3344.644596973831,0.04788310779458539
2024-07-04,0.0,1453.2932083858898,-0.0260879613813547,3079.6064278064487,0.0792425507353408
2024-07-05,0.0,1453.2932083858898,-0.0260879613813547,3063.441489151943,0.00524902744342548
2024-07-06,0.0,1453.2932083858898,-0.0260879613813547,3231.482989239598,-0.05485383046574009
2024-07-07,0.0,1453.2932083858898,-0.0260879613813547,3036.318856012049,0.06039460330672308
2024-07-08,0.0,1453.2932083858898,-0.0260879613813547,3132.0814255265154,-0.03153903593650974
2024-07-09,0.0,1453.2932083858898,-0.0260879613813547,3193.787700751114,-0.01970136367518784
2024-07-10,0.0,1453.2932083858898,-0.0260879613813547,3212.584158470161,-0.005885318462033741
2024-07-11,0.0,1453.2932083858898,-0.0260879613813547,3199.0714836091015,0.004206169922562937
2024-07-12,0.0,1453.2932083858898,-0.0260879613813547,3292.1273753083983,-0.029088406487970526
2024-07-13,0.0,1453.2932083858898,-0.0260879613813547,3393.393575664502,-0.030760110047873507
2024-07-14,0.0,1453.2932083858898,-0.0260879613813547,3441.490564460257,-0.014173713636013005
2024-07-15,0.0,1453.2932083858898,-0.0260879613813547,3643.149735502158,-0.058596461987838744
2024-07-16,0.0,1453.2932083858898,-0.0260879613813547,3672.20036003341,-0.00797404077250977
2024-07-17,0.008329823793813196,1465.3988847324897,-0.01797544570898798,3657.6616499410275,0.012288951473940775
2024-07-18,-0.010072673107667462,1450.6384007942388,-0.02786705802806422,3614.291472801583,0.0017846776508816699
2024-07-19,-8.234147827024252e-05,1450.5189530838818,-0.027947104891581413,3740.6994154797085,-0.03505681534939439
2024-07-20,0.0,1450.5189530838818,-0.027947104891581413,3795.50502353567,-0.014651165990286532
2024-07-21,0.0,1450.5189530838818,-0.027947104891581413,3931.179044788835,-0.035745973305755116
2024-07-22,-0.0026677371333219124,1446.6493498101527,-0.03054028649541523,3849.1339625155624,0.018202612789313028
2024-07-23,-0.002727108715296356,1442.7041797603076,-0.03318410852924227,3754.225680810906,0.02192993950098102
2024-07-24,0.0023280908376297482,1446.0629261426177,-0.03093327331063439,3723.7899865593704,0.010435140556857443
2024-07-25,-0.0028857181806095644,1441.8899960663425,-0.03372972678206567,3626.9588263333835,0.02311767099426029
2024-07-26,0.005201313585134981,1449.3897180911526,-0.028703852083065112,3763.7179341278984,-0.03250496165614452
2024-07-27,0.0003891114569674059,1449.9536922360726,-0.028325909623802385,3743.432117986634,0.005778945790013749
2024-07-28,0.0004443743804372069,1450.5980145097226,-0.027894122551904602,3734.2929934630574,0.0028857501648848877
2024-07-29,-0.001084795528337179,1449.0244122701677,-0.02894865866083058,3702.6227929897736,0.007396113850954369
2024-07-30,-0.0015852720705658019,1446.7273143398277,-0.03048803923134107,3701.9461376248823,-0.0014025217871254897
2024-07-31,-0.003458746679534719,1441.7234510451626,-0.03384133550641886,3615.344411949103,0.019934820502764277
2024-08-01,-0.0020250172199380856,1438.8039362304075,-0.03579782343921078,3586.020641553574,0.006085903083701796
2024-08-02,-6.16735416069103e-05,1438.7152000959823,-0.03585728920226437,3337.808303743786,0.06915497706368752
2024-08-03,0.0,1438.7152000959823,-0.03585728920226437,3252.5710542251104,0.025536891805041928
2024-08-04,0.0,1438.7152000959823,-0.03585728920226437,3073.7479300754453,0.054979006197996165
2024-08-05,0.0,1438.7152000959823,-0.03585728920226437,2837.4410332371995,0.07687907473676472
2024-08-06,0.0,1438.7152000959823,-0.03585728920226437,2990.2883162516623,-0.05386800332554637
2024-08-07,0.0,1438.7152000959823,-0.03585728920226437,3004.5603321674735,-0.004772789245186172
2024-08-08,0.0,1438.7152000959823,-0.03585728920226437,3320.7035728036076,-0.10522113244038923
2024-08-09,0.0,1438.7152000959823,-0.03585728920226437,3218.862558551605,0.03066850503793098
2024-08-10,0.0,1438.7152000959823,-0.03585728920226437,3224.064039877982,-0.0016159376897154157
2024-08-11,0.0,1438.7152000959823,-0.03585728920226437,3068.9940545705263,0.0480976752910046
2024-08-12,0.0,1438.7152000959823,-0.03585728920226437,3175.986233304171,-0.03486229586346244
2024-08-13,0.0,1438.7152000959823,-0.03585728920226437,3199.080629107497,-0.007271566721905891
2024-08-14,0.0,1438.7152000959823,-0.03585728920226437,3145.92123099172,0.01661708605656715
2024-08-15,0.0,1438.7152000959823,-0.03585728920226437,3076.9299623097577,0.021930386559683174
2024-08-16,0.0,1438.7152000959823,-0.03585728920226437,3094.937878017471,-0.005852559508438057
2024-08-17,0.0,1438.7152000959823,-0.03585728920226437,3150.2541157103424,-0.017873133443410412
2024-08-18,0.0,1438.7152000959823,-0.03585728920226437,3130.477978907454,0.006277632240607067
2024-08-19,0.0,1438.7152000959823,-0.03585728920226437,3210.970683490507,-0.025712592493988717
2024-08-20,0.0,1438.7152000959823,-0.03585728920226437,3227.409414620117,-0.005119551920586314
2024-08-21,0.0,1438.7152000959823,-0.03585728920226437,3322.1287639098105,-0.02934841450874402
2024-08-22,0.0,1438.7152000959823,-0.03585728920226437,3368.533556229081,-0.013968390636568042
2024-08-23,0.0,1438.7152000959823,-0.03585728920226437,3518.324970316841,-0.04446784085340795
2024-08-24,0.0,1438.7152000959823,-0.03585728920226437,3551.2565415099043,-0.009360014060923414
2024-08-25,0.0,1438.7152000959823,-0.03585728920226437,3511.2936649935136,0.011253165196395456
2024-08-26,0.0,1438.7152000959823,-0.03585728920226437,3407.03804870849,0.029691511514522335
2024-08-27,0.0,1438.7152000959823,-0.03585728920226437,3221.8515347569864,0.0543541079682695
2024-08-28,0.0,1438.7152000959823,-0.03585728920226437,3216.3279451369094,0.0017144146961735845
2024-08-29,0.0,1438.7152000959823,-0.03585728920226437,3198.624741312226,0.005504166281131452
2024-08-30,0.0,1438.7152000959823,-0.03585728920226437,3186.9099318593944,0.003662451959908616
2024-08-31,0.0,1438.7152000959823,-0.03585728920226437,3160.468628849558,0.008296846655597045
2024-09-01,0.0,1438.7152000959823,-0.03585728920226437,3030.9109524493047,0.04099318538321114
2024-09-02,0.0,1438.7152000959823,-0.03585728920226437,3140.3242224776777,-0.0360991371059434
2024-09-03,0.0,1438.7152000959823,-0.03585728920226437,3025.074370203187,0.03669998513196836
2024-09-04,0.0,1438.7152000959823,-0.03585728920226437,3061.9522860017278,-0.01219074683313134
2024-09-05,0.0,1438.7152000959823,-0.03585728920226437,2997.231099483892,0.021137228954781744
2024-09-06,0.0,1438.7152000959823,-0.03585728920226437,2890.90386822859,0.03547515280807377
2024-09-07,0.0,1438.7152000959823,-0.03585728920226437,2944.5143298861976,-0.018544532817847608
2024-09-08,0.0,1438.7152000959823,-0.03585728920226437,3020.0909185664414,-0.02566691148796834
2024-09-09,0.0,1438.7152000959823,-0.03585728920226437,3103.3954779883234,-0.027583460785817922
2024-09-10,0.0,1438.7152000959823,-0.03585728920226437,3124.0392172611896,-0.006651984711354848
2024-09-11,0.0,1438.7152000959823,-0.03585728920226437,3101.914423197089,0.0070821114990665835
2024-09-12,0.0,1438.7152000959823,-0.03585728920226437,3177.389203756858,-0.024331677236272147
2024-09-13,0.0,1438.7152000959823,-0.03585728920226437,3260.9689828076953,-0.026304545553316152
2024-09-14,0.0,1438.7152000959823,-0.03585728920226437,3261.6530974170855,-0.00020978875082753947
2024-09-15,0.0,1438.7152000959823,-0.03585728920226437,3148.0425026948574,0.034832212785656576
2024-09-16,0.0,1438.7152000959823,-0.03585728920226437,3117.854222294615,0.009589540285558569
2024-09-17,0.0,1438.7152000959823,-0.03585728920226437,3160.943160484999,-0.013820061849675722
2024-09-18,0.0,1438.7152000959823,-0.03585728920226437,3230.9571600780523,-0.022149717991863747
2024-09-19,0.0,1438.7152000959823,-0.03585728920226437,3340.528526160856,-0.03391297397460919
2024-09-20,0.0,1438.7152000959823,-0.03585728920226437,3393.669943499901,-0.01590808667636737
2024-09-21,0.0,1438.7152000959823,-0.03585728920226437,3451.2425241171773,-0.01696469650136399
2024-09-22,0.0,1438.7152000959823,-0.03585728920226437,3404.6649282155004,0.013495891863928506
2024-09-23,0.0,1438.7152000959823,-0.03585728920226437,3445.251391393456,-0.01192083921140154
2024-09-24,0.00018013878469202993,1438.9743685036456,-0.035683609706071547,3538.937499205427,-0.027012683209664434
2024-09-25,-0.004202617054943736,1432.9269102809453,-0.03973626221428254,3448.2830896596633,0.02141366171972165
2024-09-26,0.002010345919028822,1435.8075890472953,-0.037805799927833575,3573.4193011464754,-0.034279079349464094
2024-09-27,0.0023691925328637176,1439.2092936658953,-0.03552617661385778,3627.137332565685,-0.012663476989566904
2024-09-28,-0.001304161008625182,1437.3323330218452,-0.03678400576815766,3617.341694958431,0.0013964915195559613
2024-09-29,-0.0012603977397427357,1435.5207225980453,-0.03799804103017156,3627.6779125080843,-0.004117804758841825
2024-09-30,-0.006414118492163445,1426.3131225853454,-0.04416843558469737,3475.476598997431,0.03554145672190655
2024-10-01,-0.00010323023865221881,1426.165883941308,-0.044267106305203315,3310.5556846309883,0.04734951751226568
2024-10-02,0.0,1426.165883941308,-0.044267106305203315,3205.8046725607896,0.03164151944535994
2024-10-03,0.0,1426.165883941308,-0.044267106305203315,3171.345580612452,0.010748968033917164
2024-10-04,0.0,1426.165883941308,-0.044267106305203315,3272.3925892906104,-0.03186250318977996
2024-10-05,0.0,1426.165883941308,-0.044267106305203315,3260.9564147073884,0.0034947440660539736
2024-10-06,0.0,1426.165883941308,-0.044267106305203315,3325.6898612763266,-0.019851061571072144
2024-10-07,0.0,1426.165883941308,-0.044267106305203315,3285.1131748819025,0.012200983280759534
2024-10-08,0.0,1426.165883941308,-0.044267106305203315,3290.037195571204,-0.001498889209342951
2024-10-09,0.0,1426.165883941308,-0.044267106305203315,3219.960224722074,0.02129975033214271
2024-10-10,0.0,1426.165883941308,-0.044267106305203315,3221.296454389553,-0.0004149832837124937
2024-10-11,0.0,1426.165883941308,-0.044267106305203315,3329.7258681092762,-0.03366017851972931
2024-10-12,0.0,1426.165883941308,-0.044267106305203315,3370.411104479764,-0.01221879457409804
2024-10-13,0.0,1426.165883941308,-0.044267106305203315,3361.488566597468,0.002647314409342183
2024-10-14,0.0,1426.165883941308,-0.044267106305203315,3499.941724083327,-0.04118804950331951
2024-10-15,0.0,1426.165883941308,-0.044267106305203315,3470.835525671535,0.00831619515591085
2024-10-16,0.001138394851145419,1427.789423840466,-0.043179104899950874,3472.317156741748,0.0007115146203610248
2024-10-17,-0.00048680893974450967,1427.094363184868,-0.04364489386541987,3422.280783239238,0.013923272640896942
2024-10-18,0.0023746769468258044,1430.483251270068,-0.041373859441903006,3483.001927903786,-0.015368211059889614
2024-10-19,-0.00013473557249188417,1430.290514290268,-0.04150302048375682,3496.6786417249355,-0.004061438486888621
2024-10-20,0.001534143812230937,1432.484785632459,-0.04003254827358989,3589.2017049033143,-0.024926126821257086
2024-10-21,-0.00485445213319502,1425.530856809076,-0.04469266431742099,3522.034287137823,0.013859296295524421
2024-10-22,0.0010296413905017676,1426.9986423826842,-0.043709040343952205,3507.0810481822355,0.005275266996758843
2024-10-23,0.00033220694696201036,1427.4727012449891,-0.04339135384383749,3440.8554797865963,0.01921559386782168
2024-10-24,0.007803274408866079,1438.6116624439692,-0.03592667407598702,3483.3929098492263,-0.004559183216139526
2024-10-25,-0.01163598510412811,1421.8719985691462,-0.04714461693572609,3310.766695686058,0.037920932140283435
2024-10-26,0.0008432402174995968,1423.0709782224762,-0.046341130955265285,3376.1698717123745,-0.018911451682578222
2024-10-27,0.0021973390149772065,1426.1979476040062,-0.04424561911533428,3427.7739878927755,-0.013087471329659626
2024-10-28,0.004597219646546247,1432.7544928285952,-0.03985180629825873,3485.0428557180485,-0.012110086035669765
2024-10-29,0.006548701286187786,1442.1371740185732,-0.0335640825872332,3564.5166776029682,-0.016255558281101003
2024-10-30,-0.0009379960559261491,1440.7844550372392,-0.03447059566607179,3523.6749984456087,0.010519848822169482
2024-10-31,-0.004847805947774897,1433.799811586648,-0.039151294855153396,3395.203206604611,0.031611797136411476
2024-11-01,-0.0018990113368602124,1431.077009489657,-0.04097595743923087,3398.809985545652,-0.00296132741091001
2024-11-02,-0.0003037932560238099,1430.6422579453233,-0.04126730247572555,3362.805225536309,0.010289549755931184
2024-11-03,-0.0014354973626730105,1428.5885747571142,-0.04264356073453005,3294.0188906817666,0.0190195484223746
2024-11-04,-0.00013036516405529053,1428.4023365731985,-0.0427683666637943,3231.7284316785144,0.018779805381554326
2024-11-05,0.0,1428.4023365731985,-0.0427683666637943,3326.8245481261893,-0.02942577585279433
2024-11-06,0.0,1428.4023365731985,-0.0427683666637943,3636.8805339505143,-0.09319877899751648
2024-11-07,0.005170352860558669,1435.7876806801282,-0.0378191413501573,3787.069637226231,-0.036125780425561756
2024-11-08,0.0030597326167973726,1440.1808070775012,-0.0348751251936882,3890.0020659812376,-0.024120234644221212
2024-11-09,0.018288696590110565,1466.519836893042,-0.01722424918678715,4048.248452294115,-0.02239158676931744
2024-11-10,0.015094581140846275,1488.656339565685,-0.002389660872880906,4286.550241139134,-0.04377082488678404
2024-11-11,0.053020064539630374,1567.5849947667873,0.0,4583.487180256887,-0.016251709360969563
2024-11-12,-0.01610362016153144,1542.3412014401467,-0.016103620161531426,4499.176260422699,0.0022908721798789687
2024-11-13,-0.0019239363647057806,1539.373835115912,-0.017996574185805036,4490.949849575709,-9.551036607256618e-05
2024-11-14,-0.012252078806676336,1520.5133055751362,-0.03002815754730674,4470.500109704736,-0.007698534332581449
2024-11-15,0.024249632027758095,1557.3851937286433,-0.006506697290542389,4806.397537447655,-0.050886800026843385
2024-11-16,0.0014425339173282925,1559.6317746929417,-0.005073549504745566,5058.79618246118,-0.05107052665392794
2024-11-17,-0.0003394013884528979,1559.1024335031357,-0.005411228923452154,5018.5613123736,0.007614046158430738
2024-11-18,0.009429877512982188,1573.8045784812628,0.0,5147.978605829354,-0.016357850363663915
2024-11-19,0.0013504903456054151,1575.9299863703711,0.0,5100.126915957622,0.010645729027744981
2024-11-20,0.008439904559273126,1589.2306850474336,0.0,5138.654028894631,0.0008857566778817582
2024-11-21,0.027773786622926178,1633.3696389885479,0.0,5487.385284124673,-0.04009053217906529
2024-11-22,0.03629059225902109,1692.6455905653459,0.0,5989.908999436422,-0.05528739785688698
2024-11-23,-0.005461353833601801,1683.4014540803826,-0.005461353833601834,6017.159767907681,-0.01001079998943198
2024-11-24,-0.002221178455871775,1679.662319037996,-0.007670401647998528,5973.089754262089,0.0051028773022349415
2024-11-25,-0.020340143597386562,1645.4977462736438,-0.0278545281744152,5758.5584614852505,0.015576157948854127
2024-11-26,0.00024276858647409583,1645.897221435553,-0.027618521792372817,5719.627449930617,0.007003316701946887
2024-11-27,0.0014506045243938281,1648.2847673916547,-0.026207980820648114,6021.24242352847,-0.0512827205458451
2024-11-28,-0.0035719086551389,1642.3972447648748,-0.029686276962260026,6039.164136349464,-0.006548323082660148
2024-11-29,0.0036660162894082138,1648.418299817862,-0.026129091047767405,6303.788178273678,-0.040151975066622825
2024-11-30,0.0070867872592415004,1660.1002896229115,-0.01922747509805886,6376.377366774642,-0.004428382103705442
2024-12-01,0.010553586783498048,1677.620302098757,-0.008876807141635789,6610.342415628249,-0.026138885351656427
2024-12-02,0.009602419918064431,1693.7295167025793,0.0,6895.926078346683,-0.03360013219833634
2024-12-03,-0.008187147717301224,1679.8627029561821,-0.008187147717301183,6943.859127968636,-0.015138070490743323
2024-12-04,0.00869804199654789,1694.4742192949293,0.0,6992.132676664584,0.00174606503297281
2024-12-05,-0.009358354886856768,1678.6167282041379,-0.00935835488685672,6843.250043711781,0.01193452381518545
2024-12-06,0.013431716147731532,1701.1634316182096,0.0,7127.235735784605,-0.02806694169157648
2024-12-07,0.0004038399648713664,1701.8504293986748,0.0,7206.062817147965,-0.010656139567948562
2024-12-08,0.002066014758854484,1705.3664775031755,0.0,7235.723215315107,-0.002050019047645314
2024-12-09,-0.03631570278729801,1643.4348953627489,-0.036315702787297975,6467.7950901967415,0.06981441057759294
2024-12-10,-0.000238865599292426,1643.04233530157,-0.03654589381448043,6485.16436437757,-0.0029243672174798585
2024-12-11,0.0,1643.04233530157,-0.03654589381448043,6835.769830910826,-0.05406269553615339
2024-12-12,0.0,1643.04233530157,-0.03654589381448043,6932.7369436211075,-0.014185251275109325
2024-12-13,0.0,1643.04233530157,-0.03654589381448043,6998.736393795773,-0.009519970353900762
2024-12-14,0.0,1643.04233530157,-0.03654589381448043,6836.030981400917,0.023247826927599604
2024-12-15,0.0,1643.04233530157,-0.03654589381448043,6983.453950153819,-0.021565579376980986
2024-12-16,0.0018112066770190616,1646.018224549893,-0.03480087930435589,6932.086993511632,0.009166729747527318
2024-12-17,7.8212895946006e-05,1646.1469644020149,-0.034725388285961736,6926.020874544508,0.0009532912053788081
2024-12-18,-0.007205724523573154,1634.2852828512177,-0.04168089122757215,6401.966410570965,0.06845885597164626
2024-12-19,-0.003362654452749081,1628.7897461677758,-0.04490338724584031,6044.715935662433,0.05244058661372036
2024-12-20,-9.56257354242096e-05,1628.6339919504471,-0.04499471906183606,6188.136156596637,-0.023822170119099467
2024-12-21,0.0,1628.6339919504471,-0.04499471906183606,5958.737526838256,0.03707071466322525
2024-12-22,0.0,1628.6339919504471,-0.04499471906183606,5850.681746598804,0.018134005693784476
2024-12-23,0.0,1628.6339919504471,-0.04499471906183606,6106.307527958759,-0.04369162303325754
2024-12-24,0.0,1628.6339919504471,-0.04499471906183606,6275.093139801148,-0.02764119086200204
2024-12-25,0.0,1628.6339919504471,-0.04499471906183606,6242.722504642362,0.005158590388637878
2024-12-26,0.0,1628.6339919504471,-0.04499471906183606,5936.822247649327,0.049001097960954434
2024-12-27,0.0,1628.6339919504471,-0.04499471906183606,5901.75494877132,0.005906745631788247
2024-12-28,0.0,1628.6339919504471,-0.04499471906183606,6070.99573485254,-0.02867634924700733
2024-12-29,0.0,1628.6339919504471,-0.04499471906183606,5877.902081656823,0.031805927994183976
2024-12-30,0.0,1628.6339919504471,-0.04499471906183606,5881.261609729962,-0.000571552235214006
2024-12-31,0.0,1628.6339919504471,-0.04499471906183606,5857.709240421484,0.004004645749734169
2025-01-01,0.0,1628.6339919504471,-0.04499471906183606,6125.964930014601,-0.0457953234930138
2025-01-02,0.0,1628.6339919504471,-0.04499471906183606,6332.019017986583,-0.03363618471963582
2025-01-03,0.0,1628.6339919504471,-0.04499471906183606,6637.936572693807,-0.04831279783561006
2025-01-04,0.0,1628.6339919504471,-0.04499471906183606,6629.227107207146,0.0013120742253681333
2025-01-05,0.0,1628.6339919504471,-0.04499471906183606,6626.085584629194,0.0004738897200454728
2025-01-06,0.0,1628.6339919504471,-0.04499471906183606,6755.705451088772,-0.01956205738728491
2025-01-07,0.0,1628.6339919504471,-0.04499471906183606,6255.831219955035,0.07399289900260188
2025-01-08,0.0,1628.6339919504471,-0.04499471906183606,6162.048037107381,0.014991322423869342
2025-01-09,0.0,1628.6339919504471,-0.04499471906183606,5935.34316032848,0.036790507865842925
2025-01-10,0.0,1628.6339919504471,-0.04499471906183606,6050.951906493858,-0.019478022254568295
2025-01-11,0.0,1628.6339919504471,-0.04499471906183606,6218.405393838789,-0.02767390816066828
2025-01-12,0.0,1628.6339919504471,-0.04499471906183606,6148.184878141744,0.01129236697347207
2025-01-13,0.0,1628.6339919504471,-0.04499471906183606,6035.844267975092,0.0182721587579529
2025-01-14,0.0,1628.6339919504471,-0.04499471906183606,6242.252012440628,-0.03419699636067332
2025-01-15,0.0,1628.6339919504471,-0.04499471906183606,6756.318663141628,-0.08235275501156954
2025-01-16,0.0028630369994258054,1633.2968313279239,-0.042260503607863015,6776.787449704151,-0.0001665398430917525
2025-01-17,0.0013493259614947295,1635.5006811452618,-0.040968200841032205,7006.783310917258,-0.032589448556680126
2025-01-18,-0.000657665290726861,1634.4250691143125,-0.04159892276804234,7056.675298603317,-0.007778191996372641
2025-01-19,-0.012295687468441674,1614.3286892738968,-0.053383122883104275,6633.859927946936,0.047621391434149486
2025-01-20,-0.003586371234512442,1608.5391072996367,-0.056778042421300294,6695.4003140631285,-0.012863079935722142
2025-01-21,-7.034286856510974e-05,1608.42595804463,-0.056844391359489994,6832.261048540362,-0.020511351330713086
2025-01-22,0.0,1608.42595804463,-0.056844391359489994,6792.633070612226,0.005800126436416094
2025-01-23,0.0,1608.42595804463,-0.056844391359489994,6751.732750762471,0.006021276200934035
2025-01-24,0.0,1608.42595804463,-0.056844391359489994,6713.680653063464,0.0056359010499505025
2025-01-25,0.0,1608.42595804463,-0.056844391359489994,6776.9543062009725,-0.00942458487486115
2025-01-26,0.0,1608.42595804463,-0.056844391359489994,6572.41630025097,0.03018140549698675
2025-01-27,0.0,1608.42595804463,-0.056844391359489994,6499.717155031138,0.01106125082445808
2025-01-28,0.0,1608.42595804463,-0.056844391359489994,6331.772857698692,0.025838708566333222
2025-01-29,0.0,1608.42595804463,-0.056844391359489994,6423.603324310622,-0.014503120796614612
2025-01-30,0.0,1608.42595804463,-0.056844391359489994,6604.21211677833,-0.02811642988354825
2025-01-31,0.0,1608.42595804463,-0.056844391359489994,6532.800880645149,0.010812983421861433
2025-02-01,0.0,1608.42595804463,-0.056844391359489994,6196.439716847161,0.051488047767463754
2025-02-02,0.0,1608.42595804463,-0.056844391359489994,5709.299353919516,0.07861617076709171
2025-02-03,0.0,1608.42595804463,-0.056844391359489994,5860.179906474144,-0.026427157379836332
2025-02-04,0.0,1608.42595804463,-0.056844391359489994,5509.125145931616,0.059905116591163675
2025-02-05,0.0,1608.42595804463,-0.056844391359489994,5395.832064317612,0.020564622986949072
2025-02-06,0.0,1608.42595804463,-0.056844391359489994,5257.52071734382,0.025632996973430387
2025-02-07,0.0,1608.42595804463,-0.056844391359489994,5280.783962663668,-0.00442475580611712
2025-02-08,0.0,1608.42595804463,-0.056844391359489994,5360.909671679963,-0.015173070813500913
2025-02-09,0.0,1608.42595804463,-0.056844391359489994,5348.07132948117,0.00239480666249871
2025-02-10,0.0,1608.42595804463,-0.056844391359489994,5438.0169121461095,-0.016818321432834127
2025-02-11,0.0,1608.42595804463,-0.056844391359489994,5487.596830774071,-0.009117279226775252
2025-02-12,0.0,1608.42595804463,-0.056844391359489994,5683.158536075215,-0.03563703955152962
2025-02-13,0.0,1608.42595804463,-0.056844391359489994,5612.075979371381,0.01250757941250813
2025-02-14,0.0,1608.42595804463,-0.056844391359489994,5726.358324752406,-0.020363648995683246
2025-02-15,0.0,1608.42595804463,-0.056844391359489994,5659.70283211899,0.011640119051805588
2025-02-16,0.0,1608.42595804463,-0.056844391359489994,5585.789038520274,0.013059659807446706
2025-02-17,0.0,1608.42595804463,-0.056844391359489994,5580.178257028048,0.0010044742924467664
2025-02-18,0.0,1608.42595804463,-0.056844391359489994,5367.1956981573885,0.03816769806635047
2025-02-19,0.0,1608.42595804463,-0.056844391359489994,5471.420111224209,-0.019418783835775128
2025-02-20,0.0,1608.42595804463,-0.056844391359489994,5589.83825391343,-0.021643036045851178
2025-02-21,0.0,1608.42595804463,-0.056844391359489994,5412.905028697879,0.03165265561873465
2025-02-22,0.0,1608.42595804463,-0.056844391359489994,5537.1853980454725,-0.022960012911493837
2025-02-23,0.0,1608.42595804463,-0.056844391359489994,5486.865924178644,0.009087554461259402
2025-02-24,0.0,1608.42595804463,-0.056844391359489994,4914.772156711083,0.10426603736507369
2025-02-25,0.0,1608.42595804463,-0.056844391359489994,4927.964298788715,-0.0026841818210470952
2025-02-26,0.0,1608.42595804463,-0.056844391359489994,4713.715296470592,0.04347616770900412
2025-02-27,0.0,1608.42595804463,-0.056844391359489994,4731.797099607875,-0.0038359981458409654
2025-02-28,0.0,1608.42595804463,-0.056844391359489994,4706.83556339845,0.005275276112640749
2025-03-01,0.0,1608.42595804463,-0.056844391359489994,4743.971571426616,-0.007889803569290714
2025-03-02,0.0,1608.42595804463,-0.056844391359489994,5899.775164382134,-0.24363628144760208
2025-03-03,0.0,1608.42595804463,-0.056844391359489994,4967.954149018692,0.15794178411899334
2025-03-04,0.0,1608.42595804463,-0.056844391359489994,5063.48453791892,-0.01922932177606716
2025-03-05,0.0,1608.42595804463,-0.056844391359489994,5240.95050109989,-0.03504818901923788
2025-03-06,0.0,1608.42595804463,-0.056844391359489994,5157.429952220173,0.015936145335123792
2025-03-07,0.0,1608.42595804463,-0.056844391359489994,4926.726440763645,0.044732262695533986
2025-03-08,0.0,1608.42595804463,-0.056844391359489994,4912.012852747335,0.0029864836607465767
2025-03-09,0.0,1608.42595804463,-0.056844391359489994,4493.972586086293,0.08510569479215209
2025-03-10,0.0,1608.42595804463,-0.056844391359489994,4218.248017121259,0.06135430594719239
2025-03-11,0.0,1608.42595804463,-0.056844391359489994,4467.347182884604,-0.05905275478167425
2025-03-12,0.0,1608.42595804463,-0.056844391359489994,4577.285250193586,-0.02460925081672167
2025-03-13,0.0,1608.42595804463,-0.056844391359489994,4497.2414619509655,0.017487175010391827
2025-03-14,0.0,1608.42595804463,-0.056844391359489994,4661.648533980134,-0.03655731483847131
2025-03-15,0.0,1608.42595804463,-0.056844391359489994,4769.03956814051,-0.023037136621856216
2025-03-16,0.0,1608.42595804463,-0.056844391359489994,4562.6414198917555,0.043278766154005895
2025-03-17,0.0,1608.42595804463,-0.056844391359489994,4673.811012840152,-0.024365182953832783
2025-03-18,0.0,1608.42595804463,-0.056844391359489994,4622.707331845005,0.010934049505800014
2025-03-19,0.0,1608.42595804463,-0.056844391359489994,4883.267936368526,-0.05636536899677074
2025-03-20,0.0,1608.42595804463,-0.056844391359489994,4721.3995378174295,0.033147556239043974
2025-03-21,0.0,1608.42595804463,-0.056844391359489994,4712.208755802265,0.0019466223821026838
2025-03-22,0.0,1608.42595804463,-0.056844391359489994,4709.413064949233,0.0005932867149806327
2025-03-23,0.0,1608.42595804463,-0.056844391359489994,4796.985367526308,-0.018595162787662583
2025-03-24,0.0,1608.42595804463,-0.056844391359489994,4971.6625445397785,-0.036413948267585976
2025-03-25,0.0,1608.42595804463,-0.056844391359489994,5029.935888565519,-0.01172109802378664
2025-03-26,0.0,1608.42595804463,-0.056844391359489994,4889.453256428689,0.027929308692817876
2025-03-27,0.0,1608.42595804463,-0.056844391359489994,4923.3270275585155,-0.006927926161332769
2025-03-28,0.0,1608.42595804463,-0.056844391359489994,4674.837893177387,0.05047179132935969
2025-03-29,0.0,1608.42595804463,-0.056844391359489994,4515.134094331107,0.03416242498576399
2025-03-30,0.0,1608.42595804463,-0.056844391359489994,4471.030418236462,0.00976796595034005
2025-03-31,0.0,1608.42595804463,-0.056844391359489994,4462.280120936231,0.001957109767032672
2025-04-01,0.0,1608.42595804463,-0.056844391359489994,4594.0477642572,-0.029529218191107702
2025-04-02,0.0,1608.42595804463,-0.056844391359489994,4334.231795055767,0.056554912472365534
2025-04-03,0.0,1608.42595804463,-0.056844391359489994,4376.349867477082,-0.009717540365367665
2025-04-04,0.0,1608.42595804463,-0.056844391359489994,4446.920648548395,-0.01612548886819173
2025-04-05,0.0,1608.42595804463,-0.056844391359489994,4410.423495637263,0.008207286748650662
2025-04-06,0.0,1608.42595804463,-0.056844391359489994,3970.101616916217,0.0998366436140671
2025-04-07,0.0,1608.42595804463,-0.056844391359489994,3998.6498623495227,-0.007190809754507017
2025-04-08,0.0,1608.42595804463,-0.056844391359489994,3863.133970926744,0.033890412036014714
2025-04-09,0.0,1608.42595804463,-0.056844391359489994,4311.5098810789805,-0.11606532766573317
2025-04-10,0.0,1608.42595804463,-0.056844391359489994,4145.904748421474,0.03841000884267103
2025-04-11,0.0,1608.42595804463,-0.056844391359489994,4302.274975559762,-0.03771679202177184
2025-04-12,0.0,1608.42595804463,-0.056844391359489994,4533.833051333044,-0.05382223988208797
2025-04-13,0.0,1608.42595804463,-0.056844391359489994,4409.687514584603,0.027382026497852454
2025-04-14,0.0,1608.42595804463,-0.056844391359489994,4447.68919381076,-0.008617771463503923
2025-04-15,0.0,1608.42595804463,-0.056844391359489994,4331.282877359263,0.02617231361703154
2025-04-16,0.0,1608.42595804463,-0.056844391359489994,4351.769247818228,-0.0047298620383472755
2025-04-17,0.0,1608.42595804463,-0.056844391359489994,4397.0023788422495,-0.01039419336094159
2025-04-18,0.0,1608.42595804463,-0.056844391359489994,4403.114946641187,-0.0013901670438821734
2025-04-19,0.0,1608.42595804463,-0.056844391359489994,4480.367978313843,-0.01754508628751252
2025-04-20,0.0,1608.42595804463,-0.056844391359489994,4439.646106330435,0.009088957018823602
2025-04-21,0.0,1608.42595804463,-0.056844391359489994,4472.337128584551,-0.007363429757949077
2025-04-22,0.0,1608.42595804463,-0.056844391359489994,4833.012253920246,-0.0806457820521784
2025-04-23,0.0,1608.42595804463,-0.056844391359489994,4873.403681567493,-0.008357402283531101
2025-04-24,0.0,1608.42595804463,-0.056844391359489994,4888.753038023184,-0.003149617281602885
2025-04-25,0.0,1608.42595804463,-0.056844391359489994,4867.842835618676,0.004277205709078556
2025-04-26,0.0,1608.42595804463,-0.056844391359489994,4887.658154744413,-0.00407065712572839
2025-04-27,0.0,1608.42595804463,-0.056844391359489994,4853.246402661918,0.007040539864493537
2025-04-28,0.0,1608.42595804463,-0.056844391359489994,4888.074985277104,-0.007176347484867539
2025-04-29,0.0,1608.42595804463,-0.056844391359489994,4832.911635445745,0.011285291243999287
2025-04-30,0.0,1608.42595804463,-0.056844391359489994,4785.738496875285,0.009760811313925017
2025-05-01,0.0,1608.42595804463,-0.056844391359489994,4888.292292749157,-0.021429042966060803
2025-05-02,0.0005984881363316763,1609.3885818986876,-0.05627992391700405,4860.626455772095,0.0062580999844404905
2025-05-03,-0.002069120159976179,1606.0585635386456,-0.058232594151801605,4812.738246135031,0.007783150956269755
2025-05-04,-0.0031654618216165886,1600.9746464724835,-0.06121372291985701,4710.794525034367,0.018016600423827862
2025-05-05,0.0008929084618434224,1602.4041702815155,-0.06037547270918974,4715.215382565024,-4.554417224257785e-05
2025-05-06,0.0041763444543596595,1609.0963620517134,-0.05645127702545848,4770.94364810832,-0.007642472083556713
2025-05-07,0.00037155824290580064,1609.6942350686634,-0.0561006937198541,4740.195099072568,0.006816519932600985
2025-05-08,0.012370484175207919,1629.6069321305035,-0.04442420228852591,5293.3188155141415,-0.10431748011339138
2025-05-09,-0.00016217073839974727,1629.3426575710187,-0.04457916872123766,5472.488259092188,-0.03401039523092803
2025-05-10,-0.001006865318362471,1627.7021289573818,-0.04554114882069334,5777.816627244467,-0.05680019984859118
2025-05-11,-0.009535582953143495,1612.1810402837004,-0.054642470371475634,5610.092988207803,0.01949331322985196
2025-05-12,0.0017572668672314329,1615.0140726097698,-0.05298122490697163,5682.6961740504175,-0.01118426297821405
2025-05-13,0.005086811775897537,1623.2293452125614,-0.04816391864983235,5856.759765876684,-0.02554364716384191
2025-05-14,-0.012646651850017565,1602.7009288109261,-0.060201458188952915,5716.22124041668,0.011349300020643858
2025-05-15,-0.008187416058352937,1589.5789494896424,-0.06789597986179338,5526.29997029613,0.025037552348696854
2025-05-16,-0.0024742345311103975,1585.645958362889,-0.07020222381500614,5485.591597459828,0.004892063544475102
2025-05-17,-0.0031221767763581765,1580.695291376162,-0.07310521683852046,5392.590465822314,0.01383153368225119
2025-05-18,0.006010742600035979,1590.1964439017129,-0.06753389087962071,5546.138442022249,-0.02246313784260209
2025-05-19,-0.0016524921722742558,1587.568656725787,-0.06907478382585318,5456.21770132661,0.014560723858238683
2025-05-20,0.0023508597074763937,1591.300807913736,-0.06688630924447564,5481.101659889245,-0.0022098011614226643
2025-05-21,0.005157523924159024,1599.5079799010848,-0.062073753060443604,5617.977778260203,-0.01981484967230616
2025-05-22,0.00376306817052785,1605.527037468756,-0.0585442726542827,5839.213585015291,-0.03561690367827497
2025-05-23,-0.0080609696720364,1592.584932712086,-0.06613331871998145,5518.361503424737,0.04688685453736225
2025-05-24,0.0008014812124130799,1593.8613596148268,-0.06538484212003694,5551.886005287873,-0.00527360137185224
2025-05-25,0.002278327636505706,1597.4926979991958,-0.0632554825763419,5603.387564940983,-0.006998080345224802
2025-05-26,0.0007746934192434107,1598.730265079625,-0.06252979276318153,5589.411106018494,0.0032689808053123176
2025-05-27,-0.0009361543213535217,1597.233606833292,-0.0634074095488265,5649.965938855314,-0.011770002769469204
2025-05-28,-0.002154962769501223,1593.79162787637,-0.06542573171143952,5608.491596379479,0.005185673072320762
2025-05-29,-0.0040754605392989696,1587.2961929890948,-0.06923455226289377,5454.030458908711,0.023465124093203688
2025-05-30,-0.0001566204856141562,1587.0475898885354,-0.06938032919931121,5209.506161491129,0.04467706705241027
2025-05-31,0.0,1587.0475898885354,-0.06938032919931121,5234.245717816048,-0.004748925437078055
2025-06-01,0.0,1587.0475898885354,-0.06938032919931121,5258.479374747867,-0.0046298279137589405
2025-06-02,0.0,1587.0475898885354,-0.06938032919931121,5302.1725627238875,-0.008309091823359292
2025-06-03,0.0,1587.0475898885354,-0.06938032919931121,5291.539688728619,0.002005380600024579
2025-06-04,0.0,1587.0475898885354,-0.06938032919931121,5210.811235501811,0.015256136772207243
2025-06-05,0.0,1587.0475898885354,-0.06938032919931121,4925.249575368076,0.05480176640983915
2025-06-06,0.0,1587.0475898885354,-0.06938032919931121,5079.459858234882,-0.031310145913830335
2025-06-07,0.0,1587.0475898885354,-0.06938032919931121,5175.725510760495,-0.018951946705425042
2025-06-08,0.0,1587.0475898885354,-0.06938032919931121,5236.802293191014,-0.011800622406180183
2025-06-09,0.0,1587.0475898885354,-0.06938032919931121,5466.759833784894,-0.043911823994744976
2025-06-10,0.0,1587.0475898885354,-0.06938032919931121,5565.565694221867,-0.018073934733029047
2025-06-11,-0.0018257480296823836,1584.1500408782842,-0.07107940622965923,5445.29197646345,0.019784583132751728
2025-06-12,-0.004963813746553636,1576.2866151287692,-0.07569039504247316,5216.222404312227,0.037103640696907955
2025-06-13,-0.002459767818780878,1572.4093160397003,-0.0779639820633378,5115.351132289161,0.016878225120261776
2025-06-14,-7.965269300591604e-05,1572.2840694031702,-0.07803742471521491,5026.384922525564,0.01731235177801124
2025-06-15,0.0,1572.2840694031702,-0.07803742471521491,5101.819434183849,-0.015007706894915136
2025-06-16,0.0,1572.2840694031702,-0.07803742471521491,5120.576119566805,-0.003676469860395239
2025-06-17,0.0,1572.2840694031702,-0.07803742471521491,5008.127938251031,0.02196006439316151
2025-06-18,0.0,1572.2840694031702,-0.07803742471521491,4986.743893867727,0.004269867832244859
2025-06-19,0.0,1572.2840694031702,-0.07803742471521491,4979.3393652574,0.0014848423676685327
2025-06-20,0.0,1572.2840694031702,-0.07803742471521491,4829.706159099393,0.030050815014146477
2025-06-21,0.0,1572.2840694031702,-0.07803742471521491,4687.8492402896845,0.029371749364594715
2025-06-22,0.0,1572.2840694031702,-0.07803742471521491,4584.436866020559,0.022059662964488896
2025-06-23,0.0,1572.2840694031702,-0.07803742471521491,4912.048486352497,-0.07146169309477608
2025-06-24,0.0,1572.2840694031702,-0.07803742471521491,4961.00118834569,-0.009965842586692863
2025-06-25,0.0,1572.2840694031702,-0.07803742471521491,4900.584828862909,0.012178259425680025
2025-06-26,0.0,1572.2840694031702,-0.07803742471521491,4816.077882356143,0.017244257462710584
2025-06-27,0.0,1572.2840694031702,-0.07803742471521491,4868.78657972691,-0.010944319975361414
2025-06-28,0.0,1572.2840694031702,-0.07803742471521491,4957.233775607699,-0.018166168188409326
2025-06-29,0.0,1572.2840694031702,-0.07803742471521491,5053.634662545467,-0.019446508133651865
2025-06-30,0.0,1572.2840694031702,-0.07803742471521491,5024.361716482076,0.005792453950093456
2025-07-01,0.0,1572.2840694031702,-0.07803742471521491,4850.134409350352,0.03467650558680572
2025-07-02,0.0,1572.2840694031702,-0.07803742471521491,5088.802884023363,-0.049208631045954805
2025-07-03,0.0,1572.2840694031702,-0.07803742471521491,5131.995121035085,-0.008487700937940998
2025-07-04,0.0,1572.2840694031702,-0.07803742471521491,4990.40655612409,0.027589380264733947
2025-07-05,0.0,1572.2840694031702,-0.07803742471521491,5004.066401846711,-0.0027372210197701896
2025-07-06,0.0,1572.2840694031702,-0.07803742471521491,5099.179952614837,-0.019007251928756234
2025-07-07,0.0,1572.2840694031702,-0.07803742471521491,5049.811445470029,0.009681656188558716
2025-07-08,0.0,1572.2840694031702,-0.07803742471521491,5125.324526094959,-0.014953643604390237
2025-07-09,0.0,1572.2840694031702,-0.07803742471521491,5336.338062712335,-0.04117076597648157
2025-07-10,0.0,1572.2840694031702,-0.07803742471521491,5633.683700291186,-0.05572091462056239
2025-07-11,0.011181777678366256,1589.8650003144735,-0.06772824417060638,5739.717451130809,-0.0076396110400212165
2025-07-12,-0.00046018988083196266,1589.1333605294399,-0.0681572661988245,5720.653696365838,0.0028611852438644248
2025-07-13,0.008485202462683805,1602.617478833737,-0.06025039193914087,5830.9020949161695,-0.010786790634952644
2025-07-14,0.008387802791929744,1616.0599181970942,-0.05236795755293304,5886.372211725978,-0.0011253250066267009
2025-07-15,-0.0010329701842879402,1614.3905764855738,-0.05334683319845678,5967.921389038391,-0.014886864294137452
2025-07-16,0.015385415773940592,1639.228646726336,-0.03878218063349754,6171.699863257067,-0.018760220693886734
2025-07-17,0.02493453157961878,1680.1020451843494,-0.014814664561611212,6473.008946797945,-0.02388655340779401
2025-07-18,0.0036119135863068585,1686.1704285877327,-0.011256260263511056,6461.195042629412,0.005437015987003873
2025-07-19,0.0026696952129456886,1690.6719897091439,-0.008616615834706555,6532.402579482626,-0.008351104559140454
2025-07-20,0.013840011389580242,1714.0709093027629,0.0,6684.618171060292,-0.009461613047308495
2025-07-21,0.0038470799359668906,1720.665077106766,0.0,6849.956348271963,-0.0208870444344375
2025-07-22,0.017336543263361204,1750.495461657782,0.0,6976.554541517503,-0.0011450625759924019
2025-07-23,-0.01620551430184569,1722.1277824185709,-0.016205514301845688,6569.999402672165,0.04206897297205535
2025-07-24,0.0019596951545899355,1725.502627889361,-0.014277577015110818,6513.630717996467,0.01053940440886655
2025-07-25,-0.0006194535541834689,1724.4337591537621,-0.014888186273467118,6573.78620694204,-0.009854777377403716
2025-07-26,0.0003990617627578352,1725.1219147294491,-0.014495065816567848,6628.339238500635,-0.007899509234422635
2025-07-27,0.004617611880815664,1733.0878581787592,-0.00994438652388002,6831.650465475117,-0.02605541489994288
2025-07-28,-0.0062806323373401085,1722.2029705332302,-0.016162561825643244,6638.392220047239,0.022008028858741376
2025-07-29,-0.0036075891715582342,1715.9899697455091,-0.01971184311417462,6563.25619680184,0.007710817568329285
2025-07-30,-0.001533548708492316,1713.3584155436201,-0.021215162751117195,6460.2883011835675,0.014154989500399649
2025-07-31,-0.004100056834131838,1706.3335486626531,-0.02522823621222415,6291.490551016671,0.022028459773396562
2025-08-01,-0.007525229813973855,1693.492996569673,-0.03256361775089982,6054.636221465413,0.030121545243644854
2025-08-02,-9.978656218090354e-05,1693.324008725468,-0.03266015490161314,5877.169797273429,0.029211045286446784
2025-08-03,0.0,1693.324008725468,-0.03266015490161314,6060.504382670664,-0.031194365948434517
2025-08-04,0.0,1693.324008725468,-0.03266015490161314,6323.058317276189,-0.04332212601912601
2025-08-05,0.0,1693.324008725468,-0.03266015490161314,6130.905690586948,0.03038919096542733
2025-08-06,0.0,1693.324008725468,-0.03266015490161314,6232.40877971834,-0.016555969746400296
2025-08-07,0.0,1693.324008725468,-0.03266015490161314,6565.647590597695,-0.05346870249650326
2025-08-08,0.0,1693.324008725468,-0.03266015490161314,6608.536412487104,-0.006532306417241673
2025-08-09,0.006374618183926817,1704.1183027427692,-0.026493732735012068,6703.520218416206,-0.007998277719260967
2025-08-10,-0.0002685214924641466,1703.6607103527813,-0.02675514009082123,6719.8799494893865,-0.002708990162676672
2025-08-11,-0.0007121172114116225,1702.4475042385334,-0.027448204506480407,6571.703050513457,0.02133841048993352
2025-08-12,0.009412965705277054,1718.4725842109654,-0.018293607808894205,6989.5416786221585,-0.05416851764796962
2025-08-13,0.004024154206134778,1725.3879828888453,-0.01434306990156893,7229.111085504283,-0.030251255813217207
2025-08-14,-0.014696254296237887,1700.031242332638,-0.028828534795144602,6977.662682433205,0.020086501162490493
2025-08-15,-0.00294898781054298,1695.0178709214567,-0.031692507607980897,6920.964154846944,0.005176731383221389
2025-08-16,-0.00046189090660764265,1694.2349575803407,-0.032139760033516776,6956.67078928045,-0.005621090352612427
2025-08-17,0.001286430564944041,1696.4144732139687,-0.030894675038229864,7063.556662138384,-0.014078084458914073
2025-08-18,-0.004114235958086909,1689.4350237884528,-0.03488180301336103,6862.589398399169,0.024337049046311288
2025-08-19,-8.859235365366036e-05,1689.2853527633504,-0.03496730510598609,6516.578943408824,0.050331217852543304
2025-08-20,0.0,1689.2853527633504,-0.03496730510598609,6812.925159702256,-0.045475734870544446
2025-08-21,0.0,1689.2853527633504,-0.03496730510598609,6606.9261268362825,0.030236503122687424
2025-08-22,0.0,1689.2853527633504,-0.03496730510598609,7219.265388884022,-0.09268141497155755
2025-08-23,-0.004244413661676494,1682.1153269336116,-0.03906330306015871,7203.286174652741,-0.002031000887589388
2025-08-24,-0.0005789241927555144,1681.1415096758449,-0.03961961256172379,7160.556920421609,0.005352987048184686
2025-08-25,-0.013513440369108842,1658.4235041328068,-0.05259765565903255,6671.241746410808,0.05482135250367655
2025-08-26,0.004321827149082358,1665.5909238576444,-0.048503146486155405,6924.2099469908735,-0.03359738042815241
2025-08-27,-7.220354511383587e-05,1665.4706622882325,-0.048571847932143745,6903.992718584102,0.002847584930618065
2025-08-28,0.0,1665.4706622882325,-0.048571847932143745,7021.028584744873,-0.016951910427966826
2025-08-29,-0.0033947824538890226,1659.8167517064294,-0.051801739528919796,6752.078589628239,0.03491156993741194
2025-08-30,-0.0008548449732547203,1658.3978656997092,-0.05261230204553235,6751.4868442450315,-0.0007672059780397771
2025-08-31,-0.0007485672021823042,1657.1564434492773,-0.05332148540397205,6692.72659262189,0.007954738155396712
2025-09-01,-0.0011842050901768042,1655.1940303537253,-0.05444254691971769,6630.357476982473,0.008134734623896118
2025-09-02,0.004396048789642615,1662.4703440674855,-0.05028583022256658,6842.401795888426,-0.027584778736184354
2025-09-03,0.00039075159977808305,1663.1199570140134,-0.04991472789139419,6908.636411467497,-0.009289272689188808
2025-09-04,-0.0030106421623017354,1658.1128979504615,-0.0527750946693863,6725.4699658984655,0.023502034820524726
2025-09-05,0.00036352174755349687,1658.7156580487654,-0.05243075781647436,6782.055152743077,-0.008050044461429286
2025-09-06,-0.001147554958524366,1656.8121906705894,-0.05351814559888729,6747.5692675584905,0.003937317459630377
2025-09-07,0.002201175105528197,1660.4591244192293,-0.051434773303145324,6869.224278823071,-0.015828282087224674
2025-09-08,0.002754996181374869,1665.0336829663333,-0.04882147972581049,7003.2915316451645,-0.016762091539200163
2025-09-09,0.0010928797138218815,1666.8533645012774,-0.04778195601677971,7034.129437707236,-0.0033104649024529188
2025-09-10,0.002424896791600517,1670.8953118769252,-0.04547292553702058,7285.776988959196,-0.033350326493739556
2025-09-11,0.0005532641136718475,1671.8197582906892,-0.0449448199611921,7376.032674861576,-0.011834664591688169
2025-09-12,0.004240676906408725,1678.9094057313503,-0.04089473951485552,7572.634626448784,-0.022413482619924725
2025-09-13,0.005222364169398697,1687.6772820555082,-0.035885942567816076,7632.669192976946,-0.002705466696556358
2025-09-14,-0.0045386633453289305,1680.0174830366984,-0.04026173170099991,7488.058726128045,0.014407587722640947
2025-09-15,-0.002352938260382853,1676.0645056227493,-0.042519936592434214,7410.589524043425,0.007992760794341176
2025-09-16,0.009872424575242622,1692.6113260377513,-0.033067286884144446,7516.861477604253,-0.004468128658212445
2025-09-17,0.015748113105028105,1719.2667606430455,-0.017839921153044204,7728.7181035885205,-0.012436073422217846
2025-09-18,0.009091190862068999,1734.8969429068625,-0.008910916419141802,7861.933611092764,-0.008145238998452115
2025-09-19,-0.0025009572578925665,1730.558039805804,-0.011389587855941461,7664.010558822027,0.022673899470925192
2025-09-20,0.013371035529014863,1753.6973928410696,0.0,7717.13512563596,0.006439342728463978
2025-09-21,-0.0013077217635835137,1751.4040445937117,-0.0013077217635835095,7675.695447925418,0.004062104867141346
2025-09-22,-0.005333522874977015,1742.0628910585438,-0.006634269874620392,7371.145725203307,0.03434362752634913
2025-09-23,-5.6186758505716305e-05,1741.965010191582,-0.0066900838750068485,7303.892172318756,0.009067707326859893
2025-09-24,0.0,1741.965010191582,-0.0066900838750068485,7313.096244943974,-0.0012601599815645745
2025-09-25,0.0,1741.965010191582,-0.0066900838750068485,6788.987876732618,0.07166709566740725
2025-09-26,0.0,1741.965010191582,-0.0066900838750068485,6977.299880869392,-0.027737861306566986
2025-09-27,0.0,1741.965010191582,-0.0066900838750068485,6955.186726888654,0.003169299637151576
2025-09-28,0.0,1741.965010191582,-0.0066900838750068485,7171.257030620954,-0.031066067988796693
2025-09-29,0.0,1741.965010191582,-0.0066900838750068485,7271.208521956331,-0.013937792343600233
2025-09-30,0.0,1741.965010191582,-0.0066900838750068485,7185.995154899648,0.011719285287909267
2025-10-01,0.0,1741.965010191582,-0.0066900838750068485,7477.94614643302,-0.040627774614391585
2025-10-02,0.0,1741.965010191582,-0.0066900838750068485,7722.58387081074,-0.03271456086834917
2025-10-03,0.011129722590344615,1761.352597517101,0.0,7842.343073546639,-0.00437793711776884
2025-10-04,-0.00010632873712801416,1761.16531511977,-0.00010632873712796037,7674.425930863988,0.02130527505371606
2025-10-05,0.0,1761.16531511977,-0.00010632873712796037,7705.540833182925,-0.004054362189333638
2025-10-06,0.0,1761.16531511977,-0.00010632873712796037,7900.1831985605995,-0.02526005242091145
2025-10-07,0.007570171871418063,1774.497639249207,0.0,7610.719974640601,0.044210236619883374
2025-10-08,0.0002665307869782474,1774.970597501487,0.0,7764.9503422927455,-0.01999835455449401
2025-10-09,-0.004896586051320595,1766.279301232257,-0.004896586051320588,7550.272200088024,0.022750486079385852
2025-10-10,-0.014428527440131456,1740.7944918674912,-0.01925446296524761,6351.660509617459,0.14432226441298757
2025-10-11,-7.5136000882714e-05,1740.6636955310137,-0.01932815226278392,6322.990751847153,0.004438606149992078
2025-10-12,0.0,1740.6636955310137,-0.01932815226278392,6885.387675377166,-0.08894476452708999
2025-10-13,0.0,1740.6636955310137,-0.01932815226278392,7086.626040844957,-0.029226875080315535
2025-10-14,0.0,1740.6636955310137,-0.01932815226278392,6816.896819220435,0.03806172642240383
2025-10-15,0.0,1740.6636955310137,-0.01932815226278392,6571.655790249606,0.03597546441943552
2025-10-16,0.0,1740.6636955310137,-0.01932815226278392,6366.391657610498,0.031234766273616908
2025-10-17,0.0,1740.6636955310137,-0.01932815226278392,6177.152568230058,0.029724701142792704
2025-10-18,0.0,1740.6636955310137,-0.01932815226278392,6291.656967005769,-0.018536760669409822
2025-10-19,0.0,1740.6636955310137,-0.01932815226278392,6396.25321445037,-0.016624594759872786
2025-10-20,0.0,1740.6636955310137,-0.01932815226278392,6454.624377796149,-0.00912583685928925
2025-10-21,0.0,1740.6636955310137,-0.01932815226278392,6264.967306654762,0.029383130611566704
2025-10-22,0.0,1740.6636955310137,-0.01932815226278392,6157.656951859691,0.017128637635680004
2025-10-23,0.0,1740.6636955310137,-0.01932815226278392,6333.4461081068985,-0.028548059370880896
2025-10-24,0.0,1740.6636955310137,-0.01932815226278392,6434.551669462075,-0.01596375174421402
2025-10-25,0.0,1740.6636955310137,-0.01932815226278392,6490.906359327126,-0.008758137747577277
2025-10-26,0.0,1740.6636955310137,-0.01932815226278392,6719.116928376536,-0.035158505825843865
2025-10-27,0.0,1740.6636955310137,-0.01932815226278392,6653.699521802847,0.009736012525308948
2025-10-28,0.0,1740.6636955310137,-0.01932815226278392,6478.451726474341,0.026338399375303023
2025-10-29,0.0,1740.6636955310137,-0.01932815226278392,6421.226971824204,0.008833091156068482
2025-10-30,0.0,1740.6636955310137,-0.01932815226278392,6149.463018705004,0.04232274521858148
2025-10-31,0.0,1740.6636955310137,-0.01932815226278392,6229.982403844617,-0.013093726215556378
2025-11-01,0.0,1740.6636955310137,-0.01932815226278392,6270.704650222126,-0.006536494605888217
2025-11-02,0.0,1740.6636955310137,-0.01932815226278392,6286.982583494907,-0.002595869871212123
2025-11-03,0.0,1740.6636955310137,-0.01932815226278392,5742.351925608888,0.08662830708579128
2025-11-04,0.0,1740.6636955310137,-0.01932815226278392,5412.195000087163,0.05749506992933346
2025-11-05,0.0,1740.6636955310137,-0.01932815226278392,5633.0943289359575,-0.040815108998333675
2025-11-06,0.0,1740.6636955310137,-0.01932815226278392,5457.252127163799,0.031215916422506207
2025-11-07,0.0,1740.6636955310137,-0.01932815226278392,5746.254806424512,-0.05295754576230492
2025-11-08,0.0,1740.6636955310137,-0.01932815226278392,5678.518131969484,0.01178796916198288
2025-11-09,0.0,1740.6636955310137,-0.01932815226278392,5834.436195221059,-0.02745752670468241
2025-11-10,0.0,1740.6636955310137,-0.01932815226278392,5946.638022245712,-0.01923096307344252
2025-11-11,0.0,1740.6636955310137,-0.01932815226278392,5641.292958530846,0.05134751141276871
2025-11-12,0.0,1740.6636955310137,-0.01932815226278392,5593.8429376925815,0.008411196012522206
2025-11-13,0.0,1740.6636955310137,-0.01932815226278392,5389.15891547437,0.0365909491020932
2025-11-14,0.0,1740.6636955310137,-0.01932815226278392,5162.6825747683315,0.04202443168928197
2025-11-15,0.0,1740.6636955310137,-0.01932815226278392,5225.88991048924,-0.012243118728589472
2025-11-16,0.0,1740.6636955310137,-0.01932815226278392,5126.707344714624,0.01897907676461768
2025-11-17,0.0,1740.6636955310137,-0.01932815226278392,4973.113361281381,0.029959576996644897
2025-11-18,0.0,1740.6636955310137,-0.01932815226278392,5106.562711781835,-0.02683416620651261
2025-11-19,0.0,1740.6636955310137,-0.01932815226278392,4958.849075848905,0.028926235565878016
2025-11-20,0.0,1740.6636955310137,-0.01932815226278392,4725.3652120135175,0.047084285136348214
2025-11-21,0.0,1740.6636955310137,-0.01932815226278392,4565.225581894191,0.033889365781124385
2025-11-22,0.0,1740.6636955310137,-0.01932815226278392,4550.700700455874,0.0031816349877481337
2025-11-23,0.0,1740.6636955310137,-0.01932815226278392,4638.10246992739,-0.019206222343464745
2025-11-24,0.0,1740.6636955310137,-0.01932815226278392,4861.36128002804,-0.04813580802671317
2025-11-25,0.0,1740.6636955310137,-0.01932815226278392,4853.397474770447,0.001638184203735246
2025-11-26,0.0,1740.6636955310137,-0.01932815226278392,5004.50398924179,-0.031134172557851083
2025-11-27,0.0,1740.6636955310137,-0.01932815226278392,4992.590158955019,0.0023806215985402446
2025-11-28,0.0,1740.6636955310137,-0.01932815226278392,4931.363435081088,0.012263518919956171
2025-11-29,0.0,1740.6636955310137,-0.01932815226278392,4872.4734286226685,0.011941931928902916
2025-11-30,0.0,1740.6636955310137,-0.01932815226278392,4817.482011912803,0.011286139886741478
2025-12-01,0.0,1740.6636955310137,-0.01932815226278392,4533.4035162729615,0.058968252489031515
2025-12-02,0.0,1740.6636955310137,-0.01932815226278392,4880.589308548178,-0.07658391560093232
2025-12-03,0.0,1740.6636955310137,-0.01932815226278392,5107.143647855709,-0.046419463918164414
2025-12-04,0.0,1740.6636955310137,-0.01932815226278392,4969.898084694875,0.02687325296175271
2025-12-05,0.0,1740.6636955310137,-0.01932815226278392,4763.049208253011,0.04162034571269543
2025-12-06,0.0,1740.6636955310137,-0.01932815226278392,4771.139851896568,-0.001698626927796289
2025-12-07,0.0,1740.6636955310137,-0.01932815226278392,4802.995924700224,-0.0066768264591937155
2025-12-08,0.0,1740.6636955310137,-0.01932815226278392,4869.162051640027,-0.013776011468078149
2025-12-09,0.0,1740.6636955310137,-0.01932815226278392,5071.936551196424,-0.04164463975646477
2025-12-10,0.0,1740.6636955310137,-0.01932815226278392,4985.135815866101,0.01711392373586532
2025-12-11,0.0,1740.6636955310137,-0.01932815226278392,4883.530635623559,0.02038162730073791
2025-12-12,0.0,1740.6636955310137,-0.01932815226278392,4756.500006173122,0.026012047211047582
2025-12-13,0.0,1740.6636955310137,-0.01932815226278392,4800.571086415346,-0.009265443116793623
2025-12-14,0.0,1740.6636955310137,-0.01932815226278392,4675.5047592346355,0.026052385211964544
2025-12-15,0.0,1740.6636955310137,-0.01932815226278392,4549.627372118866,0.026922737457842887
2025-12-16,0.0,1740.6636955310137,-0.01932815226278392,4587.033729320705,-0.008221850745639716
2025-12-17,0.0,1740.6636955310137,-0.01932815226278392,4412.449893055405,0.03806029049870425
2025-12-18,0.0,1740.6636955310137,-0.01932815226278392,4308.78817018636,0.023493008505817543
2025-12-19,0.0,1740.6636955310137,-0.01932815226278392,4537.2144156541135,-0.05301403467645392
2025-12-20,0.0,1740.6636955310137,-0.01932815226278392,4533.884450853979,0.0007339227321163655
2025-12-21,0.0,1740.6636955310137,-0.01932815226278392,4526.557199834664,0.0016161089014816246
2025-12-22,0.0,1740.6636955310137,-0.01932815226278392,4544.902618602962,-0.004052841477175725
2025-12-23,0.0,1740.6636955310137,-0.01932815226278392,4468.633995959067,0.016781134612591342
2025-12-24,0.0,1740.6636955310137,-0.01932815226278392,4441.584856568701,0.0060531114015660425
2025-12-25,0.0,1740.6636955310137,-0.01932815226278392,4369.215670252295,0.016293550309948186
2025-12-26,0.0,1740.6636955310137,-0.01932815226278392,4418.631419758631,-0.01130998175319707
2025-12-27,0.0,1740.6636955310137,-0.01932815226278392,4512.335195157721,-0.021206515433733086
2025-12-28,0.0,1740.6636955310137,-0.01932815226278392,4519.563498603377,-0.0016018986030588156
2025-12-29,0.0,1740.6636955310137,-0.01932815226278392,4450.408220997543,0.015301317843460798
2025-12-30,0.0,1740.6636955310137,-0.01932815226278392,4499.264067189184,-0.01097783478853325
2025-12-31,0.0,1740.6636955310137,-0.01932815226278392,4434.755349759782,0.01433761532243259
2026-01-01,0.0,1740.6636955310137,-0.01932815226278392,4583.733847661293,-0.033593397189222794
2026-01-02,0.0,1740.6636955310137,-0.01932815226278392,4785.124312110023,-0.0439358983618746
2026-01-03,0.0,1740.6636955310137,-0.01932815226278392,4796.407033035366,-0.002357874151103889
2026-01-04,0.0,1740.6636955310137,-0.01932815226278392,4881.5151960079265,-0.01774414939899322
2026-01-05,0.0,1740.6636955310137,-0.01932815226278392,5079.28700457881,-0.040514430587580606
2026-01-06,0.0,1740.6636955310137,-0.01932815226278392,5107.7905033160005,-0.005611712571369625
2026-01-07,0.0,1740.6636955310137,-0.01932815226278392,4925.04324128839,0.0357781435845832
2026-01-08,0.0,1740.6636955310137,-0.01932815226278392,4876.8351056427655,0.009788367996747427
2026-01-09,0.0,1740.6636955310137,-0.01932815226278392,4839.338972694615,0.007688620208783613
2026-01-10,0.0,1740.6636955310137,-0.01932815226278392,4836.658752786083,0.0005538400851139912
2026-01-11,0.0,1740.6636955310137,-0.01932815226278392,4862.554735386316,-0.005354105783318979
2026-01-12,0.0,1740.6636955310137,-0.01932815226278392,4833.273643668108,0.006021750563571063
2026-01-13,0.0,1740.6636955310137,-0.01932815226278392,5139.243458932398,-0.06330488149892576
2026-01-14,0.0007981934894218945,1742.0530819600594,-0.01854538637866081,5137.771874093165,0.0010845361877183735
2026-01-15,-0.0036480378336404273,1735.6980064088593,-0.022125769941152354,4988.179486704281,0.025468160988497295
2026-01-16,0.001447885517273484,1738.2110984146993,-0.0207099200057351,4988.528290959922,0.0013779593535157802
2026-01-17,0.001866737626885051,1741.4558824755793,-0.018881842365774504,4999.673993282163,-0.0003675290089160282
2026-01-18,-0.003090251640977426,1736.0743455770694,-0.021913744362396403,4839.319644475306,0.028982709320540888
2026-01-19,-0.0018979335717934642,1732.7793917934694,-0.023770087103080737,4758.144567829054,0.014876134398468323
2026-01-20,-0.0083410252180115,1718.3262351892695,-0.031912845425131064,4502.661474341834,0.0453528232654082
2026-01-21,-0.00015276218163717825,1718.0637399248176,-0.03206073253087884,4602.9594438309105,-0.022428025392211177
2026-01-22,0.0,1718.0637399248176,-0.03206073253087884,4563.843786785288,0.008497936495626976
2026-01-23,0.0,1718.0637399248176,-0.03206073253087884,4558.658348645655,0.001136199743437308
2026-01-24,0.0,1718.0637399248176,-0.03206073253087884,4541.32050444011,0.0038032778242081005
2026-01-25,0.0,1718.0637399248176,-0.03206073253087884,4343.106586862398,0.04364675811449879
2026-01-26,0.0,1718.0637399248176,-0.03206073253087884,4477.190017531284,-0.030872700908257444
2026-01-27,0.0,1718.0637399248176,-0.03206073253087884,4576.396023055044,-0.022158095844781917
2026-01-28,0.0,1718.0637399248176,-0.03206073253087884,4557.258253365117,0.004181843003427816
2026-01-29,0.0,1718.0637399248176,-0.03206073253087884,4285.185981665116,0.059700867621250216
2026-01-30,0.0,1718.0637399248176,-0.03206073253087884,4189.85443681889,0.022246769511082492
2026-01-31,0.0,1718.0637399248176,-0.03206073253087884,3856.674880544248,0.07952055645341363
2026-02-01,0.0,1718.0637399248176,-0.03206073253087884,3717.38455355483,0.03611668893639318
2026-02-02,0.0,1718.0637399248176,-0.03206073253087884,3824.8940184575017,-0.028920727289261223
2026-02-03,0.0,1718.0637399248176,-0.03206073253087884,3691.017848895892,0.035001275568832466
2026-02-04,0.0,1718.0637399248176,-0.03206073253087884,3538.326146344368,0.041368454123623034
2026-02-05,0.0,1718.0637399248176,-0.03206073253087884,3007.371189118673,0.15005822958809292
2026-02-06,0.0,1718.0637399248176,-0.03206073253087884,3393.4475460274466,-0.12837668935104582
2026-02-07,0.0,1718.0637399248176,-0.03206073253087884,3358.127682416008,0.010408253887049341
2026-02-08,0.0,1718.0637399248176,-0.03206073253087884,3348.691406545014,0.0028099812643826833
2026-02-09,0.0,1718.0637399248176,-0.03206073253087884,3347.689568005594,0.0002991731449073498
2026-02-10,0.0,1718.0637399248176,-0.03206073253087884,3244.6941187928987,0.030766129033300924
2026-02-11,0.0,1718.0637399248176,-0.03206073253087884,3157.1173372589496,0.026990766564624354
2026-02-12,0.0,1718.0637399248176,-0.03206073253087884,3179.557441562021,-0.007107782798644372
2026-02-13,0.0,1718.0637399248176,-0.03206073253087884,3299.950655829791,-0.0378647709564966
2026-02-14,0.0,1718.0637399248176,-0.03206073253087884,3442.531453885607,-0.043206948505102157
2026-02-15,0.0,1718.0637399248176,-0.03206073253087884,3334.4727357459046,0.03138931904826476
2026-02-16,0.0,1718.0637399248176,-0.03206073253087884,3362.691174244683,-0.008462638844298749
2026-02-17,0.0,1718.0637399248176,-0.03206073253087884,3318.1319287735296,0.013251066827795088
2026-02-18,0.0,1718.0637399248176,-0.03206073253087884,3228.8553328607327,0.026905680011884266
2026-02-19,0.0,1718.0637399248176,-0.03206073253087884,3235.0453122997696,-0.0019170816902324298
2026-02-20,0.0,1718.0637399248176,-0.03206073253087884,3313.818596445095,-0.02434997860642829
2026-02-21,0.0,1718.0637399248176,-0.03206073253087884,3306.829426151115,0.0021090986397015138
2026-02-22,0.0,1718.0637399248176,-0.03206073253087884,3240.1983054454677,0.020149548742585392
2026-02-23,0.0,1718.0637399248176,-0.03206073253087884,3098.1829839850448,0.04382920675618905
2026-02-24,0.0,1718.0637399248176,-0.03206073253087884,3078.7781908904244,0.0062632817993404045
2026-02-25,0.0,1718.0637399248176,-0.03206073253087884,3397.580581289892,-0.10354834633516277
2026-02-26,0.0,1718.0637399248176,-0.03206073253087884,3335.0037073509525,0.01841806910586433
2026-02-27,0.0,1718.0637399248176,-0.03206073253087884,3219.375038158918,0.034671226582797456
2026-02-28,0.0,1718.0637399248176,-0.03206073253087884,3274.9088192452336,-0.017249863848753138
2026-03-01,0.0,1718.0637399248176,-0.03206073253087884,3230.3975114811756,0.01359161742228803
2026-03-02,0.0,1718.0637399248176,-0.03206073253087884,3329.8035388894427,-0.030772072803723866
2026-03-03,0.0,1718.0637399248176,-0.03206073253087884,3280.0353404124576,0.014946286739062111
2026-03-04,0.0,1718.0637399248176,-0.03206073253087884,3447.9750517796715,-0.051200579852928065
2026-03-05,0.0,1718.0637399248176,-0.03206073253087884,3376.743284210418,0.02065901478390556
2026-03-06,0.0,1718.0637399248176,-0.03206073253087884,3246.836618965157,0.03847099240641178
2026-03-07,0.0,1718.0637399248176,-0.03206073253087884,3209.960981524362,0.011357404689044162
2026-03-08,0.0,1718.0637399248176,-0.03206073253087884,3159.0175001756256,0.015870436320551216
2026-03-09,0.0,1718.0637399248176,-0.03206073253087884,3265.1938494686165,-0.033610560652825604
2026-03-10,0.0,1718.0637399248176,-0.03206073253087884,3330.3311656925057,-0.019948989011629368
2026-03-11,0.0,1718.0637399248176,-0.03206073253087884,3347.8424983968243,-0.005258135552617703
2026-03-12,0.0,1718.0637399248176,-0.03206073253087884,3364.6699191978873,-0.005026347807318032
2026-03-13,0.0,1718.0637399248176,-0.03206073253087884,3393.1242408619783,-0.008456794380256483
2026-03-14,0.0,1718.0637399248176,-0.03206073253087884,3395.6433820706766,-0.0007424252782618332
2026-03-15,0.0,1718.0637399248176,-0.03206073253087884,3499.073163028326,-0.030459553410045265
2026-03-16,0.0,1718.0637399248176,-0.03206073253087884,3675.9262643895754,-0.050542841810198115
2026-03-17,0.0,1718.0637399248176,-0.03206073253087884,3618.637146525346,0.015584947505399025
2026-03-18,0.0,1718.0637399248176,-0.03206073253087884,3466.4372804586774,0.042059996596456935
2026-03-19,0.0,1718.0637399248176,-0.03206073253087884,3397.397588940803,0.019916613494515203
2026-03-20,0.0,1718.0637399248176,-0.03206073253087884,3411.5565462922486,-0.004167589156340127
2026-03-21,0.0,1718.0637399248176,-0.03206073253087884,3319.4686558050716,0.02699292514651703
2026-03-22,0.0,1718.0637399248176,-0.03206073253087884,3264.735538417825,0.01648851761004872
2026-03-23,0.0,1718.0637399248176,-0.03206073253087884,3409.562497606131,-0.044361007954259124
2026-03-24,0.0,1718.0637399248176,-0.03206073253087884,3410.5883991801893,-0.0003008895055534192
2026-03-25,0.0,1718.0637399248176,-0.03206073253087884,3440.8586016689487,-0.008875360772362808
2026-03-26,0.0,1718.0637399248176,-0.03206073253087884,3280.6465293249444,0.046561655357269034
2026-03-27,0.0,1718.0637399248176,-0.03206073253087884,3174.775195653988,0.03227148451520064
2026-03-28,0.0,1718.0637399248176,-0.03206073253087884,3167.6870176351263,0.002232655095883456
2026-03-29,0.0,1718.0637399248176,-0.03206073253087884,3134.5919287656247,0.010447714273933872
2026-03-30,0.0,1718.0637399248176,-0.03206073253087884,3174.22310166297,-0.012643168169245964
2026-03-31,0.0,1718.0637399248176,-0.03206073253087884,3219.622535022542,-0.014302533850184271
2026-04-01,0.0,1718.0637399248176,-0.03206073253087884,3236.212667084751,-0.005152818966119442
2026-04-02,0.0,1718.0637399248176,-0.03206073253087884,3131.0792153300613,0.0324865707448689
2026-04-03,0.0,1718.0637399248176,-0.03206073253087884,3163.2431291691673,-0.01027246889239616
2026-04-04,0.0,1718.0637399248176,-0.03206073253087884,3180.309661017163,-0.005395264022110816
2026-04-05,0.0,1718.0637399248176,-0.03206073253087884,3226.6779258483893,-0.014579795609084354
2026-04-06,0.0,1718.0637399248176,-0.03206073253087884,3195.2375197684532,0.009743893503616294
2026-04-07,0.0,1718.0637399248176,-0.03206073253087884,3368.4133366886467,-0.054198104475420186
2026-04-08,0.0,1718.0637399248176,-0.03206073253087884,3266.721949777538,0.03018969964389154
2026-04-09,0.0,1718.0637399248176,-0.03206073253087884,3300.215789996856,-0.010253042877309706
2026-04-10,0.0,1718.0637399248176,-0.03206073253087884,3335.623628979397,-0.010728946600965905
2026-04-11,0.0,1718.0637399248176,-0.03206073253087884,3336.6016153612595,-0.0002931944639575753
2026-04-12,0.0,1718.0637399248176,-0.03206073253087884,3217.4501119056595,0.035710437502350624
2026-04-13,0.0,1718.0637399248176,-0.03206073253087884,3398.24975886318,-0.05619345775976466
2026-04-14,0.0,1718.0637399248176,-0.03206073253087884,3330.2629794193967,0.020006410437156168
2026-04-15,0.0,1718.0637399248176,-0.03206073253087884,3385.354967813298,-0.016542834224913396
2026-04-16,0.0,1718.0637399248176,-0.03206073253087884,3481.3049434259888,-0.028342663184495392
2026-04-17,0.0,1718.0637399248176,-0.03206073253087884,3519.425440623508,-0.010950059766957636
2026-04-18,0.0,1718.0637399248176,-0.03206073253087884,3417.6545365431875,0.02891690868219987
2026-04-19,0.0,1718.0637399248176,-0.03206073253087884,3318.0217493099376,0.029152386868809783
2026-04-20,0.0,1718.0637399248176,-0.03206073253087884,3397.355091603983,-0.0239098319082885
2026-04-21,0.0,1718.0637399248176,-0.03206073253087884,3422.776350501913,-0.007482661721394461
2026-04-22,0.0,1718.0637399248176,-0.03206073253087884,3446.2375122936937,-0.006854424417283488
2026-04-23,0.0,1718.0637399248176,-0.03206073253087884,3443.0074319357464,0.0009372773485358017
2026-04-24,0.0,1718.0637399248176,-0.03206073253087884,3433.2343782852586,0.0028385223801254333
2026-04-25,0.0,1718.0637399248176,-0.03206073253087884,3424.0873109136614,0.002664271169324043
2026-04-26,0.0,1718.0637399248176,-0.03206073253087884,3461.7965308598596,-0.011012925933870552
2026-04-27,0.0,1718.0637399248176,-0.03206073253087884,3393.398712114414,0.019757896842208807
2026-04-28,0.0,1718.0637399248176,-0.03206073253087884,3362.893789389641,0.0089894896865113
2026-04-29,0.0,1718.0637399248176,-0.03206073253087884,3333.172074878703,0.008838136549157152
