timestamp,ret,equity,drawdown,benchmark_equity,active_ret
2023-01-01,0.0,1000.0,0.0,1000.0,0.0
2023-01-02,0.0,1000.0,0.0,1031.0704959071227,-0.031070495907122693
2023-01-03,0.0,1000.0,0.0,1059.425246988523,-0.02750030302870245
2023-01-04,0.0,1000.0,0.0,1094.6554713584499,-0.0332540917540625
2023-01-05,0.0,1000.0,0.0,1084.7230783194366,0.009073533453121325
2023-01-06,0.0,1000.0,0.0,1099.6002825053556,-0.013715209423743855
2023-01-07,0.0,1000.0,0.0,1093.638333629622,0.0054219237395520025
2023-01-08,0.0,1000.0,0.0,1139.395991985179,-0.041839844991254385
2023-01-09,0.0,1000.0,0.0,1176.3592592981488,-0.032441107018964
2023-01-10,0.0,1000.0,0.0,1194.2492456311593,-0.0152079275031031
2023-01-11,0.0,1000.0,0.0,1265.5828033376401,-0.059730879435289985
2023-01-12,0.0,1000.0,0.0,1282.114670325198,-0.01306265140768294
2023-01-13,0.0,1000.0,0.0,1340.5285950414232,-0.045560608632150626
2023-01-14,0.0,1000.0,0.0,1453.431855164028,-0.08422294051781577
2023-01-15,0.0,1000.0,0.0,1430.9699976085747,0.015454358919991236
2023-01-16,0.0,1000.0,0.0,1440.8866125208115,-0.006929994988580791
2023-01-17,0.0,1000.0,0.0,1435.3869299677337,0.0038168739339289643
2023-01-18,0.0,1000.0,0.0,1365.1266511894532,0.04894866834259098
2023-01-19,0.0,1000.0,0.0,1404.0174025425522,-0.028488749611043845
2023-01-20,0.0,1000.0,0.0,1521.217831514638,-0.08347505434038473
2023-01-21,0.0,1000.0,0.0,1495.429221315415,0.016952608406874754
2023-01-22,0.0,1000.0,0.0,1503.2444949150242,-0.005226107319699683
2023-01-23,0.0,1000.0,0.0,1526.957296043614,-0.01577441408154299
2023-01-24,0.0,1000.0,0.0,1468.20364824753,0.03847759721134062
2023-01-25,0.0,1000.0,0.0,1523.3030460507105,-0.03752844359769008
2023-01-26,0.0,1000.0,0.0,1521.316849624616,0.0013038747813469381
2023-01-27,0.0,1000.0,0.0,1569.9579622175365,-0.03197303218256126
2023-01-28,0.0,1000.0,0.0,1546.2987589111028,0.015069959754218844
2023-01-29,0.0,1000.0,0.0,1607.3676899814961,-0.039493617076559025
2023-01-30,0.0,1000.0,0.0,1522.4954079162214,0.052802033159103576
2023-01-31,0.0,1000.0,0.0,1548.8324343870563,-0.017298591729009796
2023-02-01,0.0,1000.0,0.0,1596.788725083979,-0.030962865725304173
2023-02-02,0.0,1000.0,0.0,1594.7597520627228,0.0012706584092077985
2023-02-03,0.0,1000.0,0.0,1612.5574422138573,-0.011160107425657302
2023-02-04,0.0,1000.0,0.0,1600.8299585936677,0.007272598986668798
2023-02-05,0.0,1000.0,0.0,1560.5721019194325,0.02514811548729485
2023-02-06,0.0,1000.0,0.0,1532.0098610789341,0.018302416662048588
2023-02-07,0.0,1000.0,0.0,1591.3244246684117,-0.03871682885102617
2023-02-08,0.0,1000.0,0.0,1562.8325279156084,0.01790451796700124
2023-02-09,0.0,1000.0,0.0,1444.542661556254,0.07568940641203616
2023-02-10,0.0,1000.0,0.0,1430.9001865856706,0.009444148195586033
2023-02-11,0.0,1000.0,0.0,1456.0367199413397,-0.01756693694732722
2023-02-12,0.0,1000.0,0.0,1450.603468332569,0.0037315347438418973
2023-02-13,0.0,1000.0,0.0,1423.2124167535676,0.018882521775910814
2023-02-14,0.0,1000.0,0.0,1473.5482129760378,-0.035367732623700174
2023-02-15,0.0,1000.0,0.0,1593.4124701200828,-0.08134396695576217
2023-02-16,0.0,1000.0,0.0,1513.822444798493,0.04994941787771475
2023-02-17,0.0,1000.0,0.0,1570.775641768681,-0.0376221116062054
2023-02-18,0.0,1000.0,0.0,1578.7019915982146,-0.005046137474227996
2023-02-19,0.0,1000.0,0.0,1578.556814634654,9.19597012819676e-05
2023-02-20,0.0,1000.0,0.0,1623.7172574406825,-0.028608690157585746
2023-02-21,0.0,1000.0,0.0,1591.4821174890944,0.019852680510643372
2023-02-22,0.0,1000.0,0.0,1572.566207384331,0.011885719542113038
2023-02-23,0.0,1000.0,0.0,1551.5783348211603,0.013346256879117438
2023-02-24,0.0,1000.0,0.0,1496.6306164889222,0.03541407939198338
2023-02-25,0.0,1000.0,0.0,1480.4603952586397,0.010804416969778328
2023-02-26,0.0,1000.0,0.0,1513.0045743314774,-0.021982471923642586
2023-02-27,0.0,1000.0,0.0,1495.119979957736,0.011820581825830774
2023-02-28,0.0,1000.0,0.0,1459.641567205198,0.02372947537865214
2023-03-01,0.0,1000.0,0.0,1495.9549079118278,-0.024878258829090148
2023-03-02,0.0,1000.0,0.0,1472.4823288485295,0.015690699592050654
2023-03-03,0.0,1000.0,0.0,1426.3484643813176,0.03133067444231298
2023-03-04,0.0,1000.0,0.0,1408.851588793807,0.012266901128610222
2023-03-05,0.0,1000.0,0.0,1405.2363686198216,0.002566075946353132
2023-03-06,0.0,1000.0,0.0,1403.668331431101,0.0011158529794249108
2023-03-07,0.0,1000.0,0.0,1400.1904366804238,0.0024777183276131686
2023-03-08,0.0,1000.0,0.0,1355.9839609075095,0.03157175953702353
2023-03-09,0.0,1000.0,0.0,1291.1420393926912,0.04781909180652994
2023-03-10,0.0,1000.0,0.0,1304.5182564454797,-0.010359988788747063
2023-03-11,0.0,1000.0,0.0,1298.7473998745545,0.004423745349987985
2023-03-12,0.0,1000.0,0.0,1396.640268972424,-0.07537483355679878
2023-03-13,0.0,1000.0,0.0,1455.5610462945458,-0.04218751143805458
2023-03-14,0.0,1000.0,0.0,1476.9573877173111,-0.014699721098771157
2023-03-15,0.0,1000.0,0.0,1410.8043727610652,0.04479006334670743
2023-03-16,0.0,1000.0,0.0,1446.713589829021,-0.025453009475493955
2023-03-17,0.0,1000.0,0.0,1554.8039635596722,-0.0747144248112205
2023-03-18,0.0,1000.0,0.0,1518.2018630517352,0.02354129611564504
2023-03-19,0.0,1000.0,0.0,1558.7934297457764,-0.026736607088893916
2023-03-20,0.0,1000.0,0.0,1524.1297905685174,0.02223748093608034
2023-03-21,0.0,1000.0,0.0,1632.1110760358092,-0.07084782814133803
2023-03-22,0.0,1000.0,0.0,1555.9538877560403,0.04666176793845741
2023-03-23,0.0,1000.0,0.0,1617.931230721433,-0.0398323777157527
2023-03-24,0.0,1000.0,0.0,1557.6099559258116,0.03728296583330305
2023-03-25,0.0,1000.0,0.0,1557.2354074657146,0.00024046357605257893
2023-03-26,0.0,1000.0,0.0,1583.7317594594392,-0.017014994564531007
2023-03-27,0.0,1000.0,0.0,1546.8034173338717,0.023317295940426006
2023-03-28,0.0,1000.0,0.0,1596.9311897519328,-0.03240733234509092
2023-03-29,0.0,1000.0,0.0,1644.9417397172638,-0.030064257166139426
2023-03-30,0.0,1000.0,0.0,1629.495868582134,0.009389919875086004
2023-03-31,0.0,1000.0,0.0,1666.892899330271,-0.0229500617149015
2023-04-01,0.0,1000.0,0.0,1649.0925085062165,0.010678784960453238
2023-04-02,0.0,1000.0,0.0,1626.6097615725512,0.013633405535284757
2023-04-03,0.0,1000.0,0.0,1612.8639095696196,0.00845061447906397
2023-04-04,0.0,1000.0,0.0,1641.9925950714248,-0.01806022524837712
2023-04-05,0.0,1000.0,0.0,1657.4885041667515,-0.009437258817024492
2023-04-06,0.0,1000.0,0.0,1639.3510295829242,0.010942745327181314
2023-04-07,0.0,1000.0,0.0,1633.7645150926776,0.0034077597716626645
2023-04-08,0.0,1000.0,0.0,1623.3044845422864,0.006402410172189232
2023-04-09,0.0,1000.0,0.0,1636.204553371984,-0.007946795534994841
2023-04-10,0.0,1000.0,0.0,1680.3780917113434,-0.026997564728886765
2023-04-11,0.0,1000.0,0.0,1714.1219289859396,-0.020081098082057585
2023-04-12,0.0,1000.0,0.0,1720.1117013057074,-0.003494367710068042
2023-04-13,0.0,1000.0,0.0,1770.3144380311376,-0.02918574223250852
2023-04-14,0.0,1000.0,0.0,1806.186544676179,-0.020263127201818807
2023-04-15,0.0,1000.0,0.0,1804.4650832726375,0.0009530916995342491
2023-04-16,0.0,1000.0,0.0,1848.4143640691482,-0.024355849943520563
2023-04-17,0.0,1000.0,0.0,1810.7786512788475,0.020361080027233944
2023-04-18,0.0,1000.0,0.0,1852.8805439007783,-0.023250711837251137
2023-04-19,0.0,1000.0,0.0,1714.2344082023783,0.07482734715672226
2023-04-20,0.0,1000.0,0.0,1676.5826046765367,0.021964209413650182
2023-04-21,0.0,1000.0,0.0,1606.8445137513095,0.04159538022803343
2023-04-22,0.0,1000.0,0.0,1651.591235127049,-0.02784757392068677
2023-04-23,0.0,1000.0,0.0,1630.7637196382584,0.012610575211237667
2023-04-24,0.0,1000.0,0.0,1623.188828844563,0.004644995901292097
2023-04-25,0.0,1000.0,0.0,1664.5127007730996,-0.025458450177945156
2023-04-26,0.0,1000.0,0.0,1647.1241502505127,0.010446631326099529
2023-04-27,0.0,1000.0,0.0,1688.0783360677333,-0.0248640552146551
2023-04-28,0.0,1000.0,0.0,1691.4124117718754,-0.001975071673455897
2023-04-29,0.0,1000.0,0.0,1686.9362359070653,0.002646413041347432
2023-04-30,0.0,1000.0,0.0,1675.9706918828176,0.006500271789082491
2023-05-01,0.0,1000.0,0.0,1632.3170396568273,0.026046787355779318
2023-05-02,0.0,1000.0,0.0,1645.79181553353,-0.008254999212368433
2023-05-03,0.0,1000.0,0.0,1662.179846785021,-0.009957535999884994
2023-05-04,0.0,1000.0,0.0,1641.1456397678426,0.012654591534040536
2023-05-05,0.0,1000.0,0.0,1688.3050625175135,-0.02873567196409334
2023-05-06,0.0,1000.0,0.0,1633.0013169986066,0.03275696243926483
2023-05-07,0.0,1000.0,0.0,1614.3770210523714,0.011404948515574942
2023-05-08,0.0,1000.0,0.0,1558.0299020717503,0.0349033207521064
2023-05-09,0.0,1000.0,0.0,1554.2021356984405,0.002456799043599792
2023-05-10,0.0,1000.0,0.0,1565.0796101843537,-0.006998751472584283
2023-05-11,0.0,1000.0,0.0,1522.6212189106852,0.02712858246787034
2023-05-12,0.0,1000.0,0.0,1546.422495248554,-0.01563177764913632
2023-05-13,0.0,1000.0,0.0,1534.7670004632523,0.007537070122242489
2023-05-14,0.0,1000.0,0.0,1544.7137675962497,-0.0064809623415118854
2023-05-15,0.0,1000.0,0.0,1549.6282997922174,-0.0031815164071562646
2023-05-16,0.0,1000.0,0.0,1550.7880643492376,-0.0007484146728449056
2023-05-17,0.0,1000.0,0.0,1571.1847706040508,-0.013152478229429792
2023-05-18,0.0,1000.0,0.0,1548.404389365779,0.01449885568169911
2023-05-19,0.0,1000.0,0.0,1552.1037274044145,-0.002389129134509108
2023-05-20,0.0,1000.0,0.0,1553.7286317963938,-0.0010469045098527863
2023-05-21,0.0,1000.0,0.0,1525.0164271607396,0.018479549161977946
2023-05-22,0.0,1000.0,0.0,1540.6423330495186,-0.01024638529164639
2023-05-23,0.0,1000.0,0.0,1560.368084109109,-0.012803588890450588
2023-05-24,0.0,1000.0,0.0,1513.9141643693738,0.029771129141146196
2023-05-25,0.0,1000.0,0.0,1511.1426158407257,0.0018307170867924835
2023-05-26,0.0,1000.0,0.0,1531.9317885072915,-0.013757253914118226
2023-05-27,0.0,1000.0,0.0,1553.4304276111518,-0.014033679087505873
2023-05-28,0.0,1000.0,0.0,1601.713823396596,-0.03108178836157733
2023-05-29,0.0,1000.0,0.0,1589.8221152285846,0.0074243650734023515
2023-05-30,0.0,1000.0,0.0,1608.874812496953,-0.011984169226145758
2023-05-31,0.0,1000.0,0.0,1584.1116059637916,0.01539163043688225
2023-06-01,0.0,1000.0,0.0,1563.7457540374703,0.012856323916603296
2023-06-02,0.0,1000.0,0.0,1605.4473618108764,-0.02666776722861489
2023-06-03,0.0,1000.0,0.0,1598.6066576014784,0.004260933352359886
2023-06-04,0.0,1000.0,0.0,1616.0123662224335,-0.010888049626335525
2023-06-05,0.0,1000.0,0.0,1512.1702605281607,0.0642582370437008
2023-06-06,0.0,1000.0,0.0,1562.7248433015325,-0.03343180598970002
2023-06-07,0.0,1000.0,0.0,1479.1917096420311,0.05345351359681653
2023-06-08,0.0,1000.0,0.0,1488.1943097749745,-0.0060861618370767435
2023-06-09,0.0,1000.0,0.0,1454.2901142213714,0.02278210266690896
2023-06-10,0.0,1000.0,0.0,1342.3286230909168,0.07698703995550361
2023-06-11,0.0,1000.0,0.0,1342.0001507110835,0.00024470340137507297
2023-06-12,0.0,1000.0,0.0,1335.5205900633996,0.004828286080482596
2023-06-13,0.0,1000.0,0.0,1346.9942049461215,-0.00859111792666345
2023-06-14,0.0,1000.0,0.0,1289.3651892403473,0.04278341769709342
2023-06-15,0.0,1000.0,0.0,1296.6995002130252,-0.0056883116078224605
2023-06-16,0.0,1000.0,0.0,1318.310431109702,-0.016666105673000215
2023-06-17,0.0,1000.0,0.0,1333.8012906702945,-0.011750540081483685
2023-06-18,0.0,1000.0,0.0,1323.429209500629,0.007776331633667232
2023-06-19,0.0,1000.0,0.0,1342.5511632156956,-0.014448792257110583
2023-06-20,0.0,1000.0,0.0,1384.8962158731795,-0.03154073663461611
2023-06-21,0.0,1000.0,0.0,1442.3196922543464,-0.04146410086402134
2023-06-22,0.0,1000.0,0.0,1421.942409052365,0.014128132141170178
2023-06-23,0.0,1000.0,0.0,1454.7459924938632,-0.023069558396081317
2023-06-24,0.0,1000.0,0.0,1425.4649328270862,0.020127953483192566
2023-06-25,0.0,1000.0,0.0,1443.9687604499522,-0.01298090692849807
2023-06-26,0.0,1000.0,0.0,1410.2017016077414,0.0233848956896332
2023-06-27,0.0,1000.0,0.0,1429.2337882207125,-0.013496003154210559
2023-06-28,0.0,1000.0,0.0,1368.9916916987736,0.04214992467882782
2023-06-29,0.0,1000.0,0.0,1416.3389757648627,-0.03458551600655513
2023-06-30,0.0,1000.0,0.0,1455.0584635784967,-0.02733772668560825
2023-07-01,0.0,1000.0,0.0,1463.1262175512932,-0.00554462530182804
2023-07-02,0.0,1000.0,0.0,1478.6235293981722,-0.010591917266588036
2023-07-03,0.0,1000.0,0.0,1489.835698439689,-0.007582842297985337
2023-07-04,0.0,1000.0,0.0,1472.9373036425163,0.011342455288774598
2023-07-05,0.0,1000.0,0.0,1447.5952321096381,0.017205125751251105
2023-07-06,0.0,1000.0,0.0,1421.74209052898,0.017859371879100045
2023-07-07,0.0,1000.0,0.0,1463.3740885233635,-0.029282384105892074
2023-07-08,0.0,1000.0,0.0,1486.1195498611305,-0.015543162555733594
2023-07-09,0.0,1000.0,0.0,1471.608730622739,0.009764234135637111
2023-07-10,0.0,1000.0,0.0,1490.0766136886746,-0.012549451958008162
2023-07-11,0.0,1000.0,0.0,1501.5969456957907,-0.0077313689116948235
2023-07-12,0.0,1000.0,0.0,1484.9864693194302,0.011061874109409509
2023-07-13,0.0,1000.0,0.0,1780.1949954455015,-0.19879543162528987
2023-07-14,0.0,1000.0,0.0,1719.5066149898093,0.03409086117585932
2023-07-15,0.0,1000.0,0.0,1729.6752259825098,-0.005913679484600928
2023-07-16,0.0,1000.0,0.0,1712.3681410687304,0.010005973753800286
2023-07-17,0.0,1000.0,0.0,1703.1318778567736,0.005393853687439054
2023-07-18,0.0,1000.0,0.0,1685.2038398483146,0.010526511916986456
2023-07-19,0.0,1000.0,0.0,1718.8808204012284,-0.01998392108811293
2023-07-20,0.0,1000.0,0.0,1697.1534117829704,0.012640439267445196
2023-07-21,0.0,1000.0,0.0,1692.1920979542574,0.0029233148837738898
2023-07-22,0.0,1000.0,0.0,1654.3887174023434,0.022339887178066724
2023-07-23,0.0,1000.0,0.0,1670.4813833444912,-0.009727258033659656
2023-07-24,0.0,1000.0,0.0,1613.260725597637,0.034253993080899776
2023-07-25,0.0,1000.0,0.0,1617.3769380369863,-0.0025514861758159407
2023-07-26,0.0,1000.0,0.0,1644.003745989582,-0.01646295759905712
2023-07-27,0.0,1000.0,0.0,1640.3111888712995,0.0022460758543220794
2023-07-28,0.0,1000.0,0.0,1643.620346437901,-0.0020173962044837284
2023-07-29,0.0,1000.0,0.0,1651.0721174179043,-0.004533754401466908
2023-07-30,0.0,1000.0,0.0,1637.1432665904856,0.00843624617027751
2023-07-31,0.0,1000.0,0.0,1615.5372315502748,0.013197400301567812
2023-08-01,0.0,1000.0,0.0,1637.778413391624,-0.013767049998598044
2023-08-02,0.0,1000.0,0.0,1592.4091898543227,0.027701686117200457
2023-08-03,0.0,1000.0,0.0,1572.7311708840418,0.012357388475057058
2023-08-04,0.0,1000.0,0.0,1564.654831920205,0.005135231699704439
2023-08-05,0.0,1000.0,0.0,1563.5709662008717,0.0006927187372074904
2023-08-06,0.0,1000.0,0.0,1568.0322240881042,-0.0028532493782948342
2023-08-07,0.0,1000.0,0.0,1563.771704301094,0.002717112391926735
2023-08-08,0.0,1000.0,0.0,1600.0559020805251,-0.023203001870179048
2023-08-09,0.0,1000.0,0.0,1601.1471962527046,-0.0006820350281265819
2023-08-10,0.0,1000.0,0.0,1590.101620814446,0.0068985384130262496
2023-08-11,0.0,1000.0,0.0,1584.0880769332507,0.0037818613618639807
2023-08-12,0.0,1000.0,0.0,1583.9912632072164,6.111637821409095e-05
2023-08-13,0.0,1000.0,0.0,1570.7724792804672,0.008345237902375973
2023-08-14,0.0,1000.0,0.0,1587.1919187773585,-0.01045309853175718
2023-08-15,0.0,1000.0,0.0,1543.2152980514238,0.02770718537920139
2023-08-16,0.0,1000.0,0.0,1500.9210492273492,0.027406576954931903
2023-08-17,0.0,1000.0,0.0,1386.0249325031705,0.07655040668749742
2023-08-18,0.0,1000.0,0.0,1385.8709233608217,0.00011111570848184751
2023-08-19,0.0,1000.0,0.0,1401.977915136436,-0.011622288558124718
2023-08-20,0.0,1000.0,0.0,1412.2408616377634,-0.007320333930030858
2023-08-21,0.0,1000.0,0.0,1378.5754134845943,0.023838318991937113
2023-08-22,0.0,1000.0,0.0,1360.6930758952387,0.012971606351338332
2023-08-23,0.0,1000.0,0.0,1398.7465383165272,-0.027966235071970238
2023-08-24,0.0,1000.0,0.0,1380.606293692482,0.012968929056924023
2023-08-25,0.0,1000.0,0.0,1369.948449111078,0.007719684192442146
2023-08-26,0.0,1000.0,0.0,1365.6995794228135,0.0031014814397005547
2023-08-27,0.0,1000.0,0.0,1378.2972793115382,-0.009224356570460961
2023-08-28,0.0,1000.0,0.0,1382.264635246191,-0.0028784471929265303
2023-08-29,0.0,1000.0,0.0,1440.9089136057198,-0.042426230740602
2023-08-30,0.0,1000.0,0.0,1405.5610618165151,0.02453163517515517
2023-08-31,0.0,1000.0,0.0,1349.303288699299,0.04002513632848496
2023-09-01,0.0,1000.0,0.0,1333.3845686154218,0.01179773310952397
2023-09-02,0.0,1000.0,0.0,1338.2118098557,-0.0036202918152043067
2023-09-03,0.0,1000.0,0.0,1340.7772108666693,-0.0019170365947120485
2023-09-04,0.0,1000.0,0.0,1339.618350626412,0.0008643197623477031
2023-09-05,0.0,1000.0,0.0,1348.6057538187447,-0.0067089280974168075
2023-09-06,0.0,1000.0,0.0,1342.6817575971722,0.004392682001242844
2023-09-07,0.0,1000.0,0.0,1356.2414669745983,-0.010098974906527478
2023-09-08,0.0,1000.0,0.0,1341.2797897927417,0.011031720785850923
2023-09-09,0.0,1000.0,0.0,1335.8916191879023,0.00401718615746235
2023-09-10,0.0,1000.0,0.0,1307.0101322851403,0.02161963327557897
2023-09-11,0.0,1000.0,0.0,1265.3121456285292,0.031903338487290385
2023-09-12,0.0,1000.0,0.0,1285.6727191356422,-0.016091344398657687
2023-09-13,0.0,1000.0,0.0,1301.4240409471831,-0.012251424158809547
2023-09-14,0.0,1000.0,0.0,1316.4742754312556,-0.01156443558021152
2023-09-15,0.0,1000.0,0.0,1327.6587626094167,-0.008495788627922472
2023-09-16,0.0,1000.0,0.0,1325.663163499736,0.0015030964023907214
2023-09-17,0.0,1000.0,0.0,1311.5517883013854,0.010644766775518446
2023-09-18,0.0,1000.0,0.0,1330.2965576949696,-0.014292054313662126
2023-09-19,0.0,1000.0,0.0,1347.7148683526682,-0.01309355463407304
2023-09-20,0.0,1000.0,0.0,1341.694318694649,0.0044672280460766245
2023-09-21,0.0,1000.0,0.0,1307.1496168813208,0.025747073183507947
2023-09-22,0.0,1000.0,0.0,1311.0137517191545,-0.002956153440990951
2023-09-23,0.0,1000.0,0.0,1310.9911629842047,1.7229975597181963e-05
2023-09-24,0.0,1000.0,0.0,1296.7890171054737,0.010833136240524146
2023-09-25,0.0,1000.0,0.0,1307.1113082044935,-0.00795988473287663
2023-09-26,0.0,1000.0,0.0,1306.3314467131656,0.0005966297486930434
2023-09-27,0.0,1000.0,0.0,1304.3743625833977,0.0014981528115948534
2023-09-28,0.0,1000.0,0.0,1340.4167227806597,-0.02763191398969056
2023-09-29,0.0,1000.0,0.0,1347.2426640916594,-0.005092402381282993
2023-09-30,0.0,1000.0,0.0,1360.4284925905902,-0.009787270586342909
2023-10-01,0.0,1000.0,0.0,1424.4698226422004,-0.04707438163814093
2023-10-02,0.0,1000.0,0.0,1385.8808933691337,0.027090029328588488
2023-10-03,0.0,1000.0,0.0,1399.7766360221322,-0.010026649995308985
2023-10-04,0.0,1000.0,0.0,1407.4764492491706,-0.00550074421081911
2023-10-05,0.0,1000.0,0.0,1392.255468521835,0.010814376848334195
2023-10-06,0.0,1000.0,0.0,1423.6292059405625,-0.022534468801216123
2023-10-07,0.0,1000.0,0.0,1408.4362176563338,0.010672012221181684
2023-10-08,0.0,1000.0,0.0,1397.97618384545,0.0074267003927871444
2023-10-09,0.0,1000.0,0.0,1353.8110443515668,0.031592197352316075
2023-10-10,0.0,1000.0,0.0,1349.239841881137,0.003376543934622183
2023-10-11,0.0,1000.0,0.0,1334.4674960967882,0.01094864332182258
2023-10-12,0.0,1000.0,0.0,1315.0563404829797,0.014545993567160242
2023-10-13,0.0,1000.0,0.0,1324.448229615496,-0.007141815026013869
2023-10-14,0.0,1000.0,0.0,1327.9431612821315,-0.0026387831464353972
2023-10-15,0.0,1000.0,0.0,1333.751815300104,-0.0043741736749969605
2023-10-16,0.0,1000.0,0.0,1382.224386520323,-0.036343021740751845
2023-10-17,0.0,1000.0,0.0,1361.2916048764662,0.015144271688443995
2023-10-18,0.0,1000.0,0.0,1347.3161372466602,0.010266329109606374
2023-10-19,0.0,1000.0,0.0,1382.6189804917815,-0.02620234573695909
2023-10-20,0.007387908444519864,1007.3879084445198,0.0,1416.4794656667495,-0.017102197400059693
2023-10-21,0.008044191918642918,1015.4915301165678,0.0,1457.7072106942999,-0.021061591840914655
2023-10-22,-0.0009522155447905245,1014.5245632959877,-0.0009522155447904832,1479.243637770189,-0.015726394418222513
2023-10-23,0.00987266588311253,1024.5406253396197,0.0,1578.6045755845887,-0.057297430561700766
2023-10-24,-0.001820092554510544,1022.6758665756455,-0.0018200925545105618,1569.4673154614209,0.0039680954847798955
2023-10-25,0.009635517469123833,1032.5298777532864,0.0,1591.4980073075683,-0.0044015329550007865
2023-10-26,-0.001120570519161923,1031.3728552121222,-0.001120570519161949,1610.5899465507446,-0.01311677733532717
2023-10-27,-0.0076155248035528755,1023.5184096515432,-0.008727561590132004,1587.228003773917,0.006889683568608957
2023-10-28,0.000982615020910238,1024.524134215045,-0.007753522402336045,1599.0473550520787,-0.006463921488059442
2023-10-29,0.009379418032791298,1034.1335743545314,0.0,1631.2355923552286,-0.01075021552774921
2023-10-30,0.01267633920339728,1047.2426023246712,0.0,1665.691520544297,-0.008446255442370511
2023-10-31,0.018064794566884368,1066.1608247973559,0.0,1687.5205722856583,0.004959695890373119
2023-11-01,0.01511866973495235,1082.2797581918114,0.0,1750.659654285771,-0.0222966264321302
2023-11-02,0.00046100535660165143,1082.7786949576794,0.0,1744.332642565382,0.004075078317556682
2023-11-03,0.0006301792968161912,1083.4610396742753,0.0,1752.8522470285905,-0.004253983422674515
2023-11-04,0.011363283914268774,1095.772715078143,0.0,1787.1113883928476,-0.00818151310004478
2023-11-05,0.012874164147316236,1109.8798728802094,0.0,1824.2805413482088,-0.007924289265700973
2023-11-06,0.02562316845660928,1138.3185118296192,0.0,1896.4305593006045,-0.013926679451692313
2023-11-07,-0.016259889771524372,1119.809578302384,-0.016259889771524386,1867.1613249489124,-0.0008260347283496807
2023-11-08,0.005957076982462395,1126.48037016603,-0.010399674204157208,1880.4735431960507,-0.0011725791802168805
2023-11-09,0.037523682601393604,1168.7500620328406,0.0,1939.9963824122376,0.005870570845818532
2023-11-10,0.05239053318376308,1229.9815009412973,0.0,2056.130216067646,-0.007472379298065844
2023-11-11,0.009508102094113458,1241.676290626118,0.0,2091.273218597332,-0.007583715464454084
2023-11-12,0.010415803480559038,1254.6093468557492,0.0,2121.923845571277,-0.004240639638099175
2023-11-13,-0.04647379908545768,1196.302884139238,-0.04647379908545762,2022.7815448700892,0.00024903731986875705
2023-11-14,0.0067966897032401,1204.4337836338234,-0.03999297737393218,2035.7787643844829,0.0003712704347304764
2023-11-15,0.024879537281073283,1234.3995388563253,-0.016108446864414726,2211.8702895946617,-0.061618823096224434
2023-11-16,-0.01875067800371999,1211.25371057529,-0.034557080567840036,2123.260395893222,0.021310393442598108
2023-11-17,0.002795618138274225,1214.639913418626,-0.03185807083080714,2134.409635111763,-0.002455381334096586
2023-11-18,4.657250328587992e-05,1214.696482239985,-0.03181298203762963,2142.1825574786008,-0.003595147548465397
2023-11-19,0.0027625055727025227,1218.052088041315,-0.029138360005090385,2196.805877554294,-0.02273640435212971
2023-11-20,-0.006430497630742105,1210.2194069750449,-0.03538148348085608,2147.1370548278164,0.016179066206447774
2023-11-21,-0.0059219679844977335,1203.052526392721,-0.0410939234529361,1996.7683263646788,0.06411023053074609
2023-11-22,0.0057166676339439615,1209.9299778322847,-0.03561217612114725,2136.6658980478987,-0.06434532695804629
2023-11-23,-0.0004593584744165824,1209.3741862435168,-0.036055175840670216,2135.4392122941563,0.00011475362933486915
2023-11-24,0.0008019790696001117,1210.3440790281986,-0.03528211226744516,2145.0565436791653,-0.0037016992976603037
2023-11-25,0.0015123026419376906,1212.1744855765667,-0.03382316685710262,2172.6869721101416,-0.01136867642241127
2023-11-26,-0.0009750393510469246,1210.9925677527945,-0.03476522728948684,2143.4314409015747,0.012490099246508948
2023-11-27,-0.0023003175637479334,1208.2069002796245,-0.03698557379029307,2093.507271651965,0.020991385775552977
2023-11-28,0.001061867716437348,1209.4898561818084,-0.03596297986063748,2135.916194345796,-0.019195488571781865
2023-11-29,0.0014164092190604993,1211.2029887644644,-0.03459750893779649,2138.5657174737844,0.00017594710027421133
2023-11-30,0.0008652079142001945,1212.2509311760464,-0.03376223506214087,2139.286643490798,0.0005281006599675406
2023-12-01,0.001542031929967047,1214.1202608190522,-0.032272265576666646,2172.72820220922,-0.014090075539209396
2023-12-02,0.00413982329660989,1219.146504159677,-0.028266043756925343,2231.520931383899,-0.022919580228828357
2023-12-03,0.002697661352708103,1222.435348567238,-0.025644634618054152,2229.8479376945047,0.00344737141182762
2023-12-04,0.013502379596953995,1238.9411346763277,-0.012488518612338215,2275.1859416764482,-0.006829950341570683
2023-12-05,0.017081724780326102,1260.1043861578937,0.0,2332.058192082196,-0.007915023557456675
2023-12-06,0.004287286826957004,1265.5068150932593,0.0,2368.974505606415,-0.011542641280993755
2023-12-07,0.00843882313406974,1276.1862032807912,0.0,2433.1396491513556,-0.018646796991046686
2023-12-08,0.03730171777265445,1323.7901408609266,0.0,2626.3948815856756,-0.042124562795221934
2023-12-09,0.006272118880213728,1332.0931099968614,0.0,2638.1620322575072,0.0017917755950762615
2023-12-10,0.022466731408938845,1362.0208881108588,0.0,2731.3357289859646,-0.012850923681687831
2023-12-11,-0.027953894596152717,1323.9470997668495,-0.027953894596152707,2629.4582956078925,0.009345596746822907
2023-12-12,-0.00048211883748716655,1323.3087999302154,-0.02842253633447396,2645.422822250055,-0.006553531595327392
2023-12-13,0.0,1323.3087999302154,-0.02842253633447396,2753.357986338979,-0.04080072311356264
2023-12-14,-0.0030520085663411356,1319.2700501369138,-0.0313877990764451,2786.0126103094426,-0.014911935293080452
2023-12-15,-0.005246389643929539,1312.348645408329,-0.03646951609635429,2697.362243726359,0.026573411262584404
2023-12-16,0.0009010113197518432,1313.531086393303,-0.03560136422343111,2739.6247070804748,-0.014767059756875693
2023-12-17,-0.003367896574862028,1309.1072495464641,-0.03884935908566468,2662.683089103106,0.02471683261396291
2023-12-18,-4.510561722093076e-05,1309.048201455965,-0.038892712378565356,2722.770562641078,-0.02261161899009548
2023-12-19,0.0,1309.048201455965,-0.038892712378565356,2687.445766134867,0.012973842523090131
2023-12-20,0.0,1309.048201455965,-0.038892712378565356,2816.717116130184,-0.0481019381392902
2023-12-21,0.00900264653295757,1320.833099708277,-0.03024020318785998,2959.5051388311035,-0.041690418057459135
2023-12-22,0.0017037646209923096,1323.0834884137955,-0.028587960755190732,2979.4895952884044,-0.005048869863431623
2023-12-23,0.010751972908213725,1337.3092462365255,-0.01814336482651794,3032.585379644904,-0.007068456617857662
2023-12-24,-0.00032784801756946536,1336.8708120512695,-0.01846526457789704,3001.792263440003,0.009826232527561698
2023-12-25,0.008251863280788863,1347.9024872163936,-0.010365774135848644,3096.9476473547056,-0.023447660058529732
2023-12-26,0.005130411042106653,1354.8177810204916,-0.005288543775828591,3036.2332738549076,0.02473499607655443
2023-12-27,0.011115002107229266,1369.876583511446,0.0,3097.5519969952556,-0.00908065402643015
2023-12-28,-0.0036771132506318027,1364.8393921744857,-0.0036771132506318144,3020.261733103007,0.021274934032908144
2023-12-29,-0.004110264865317403,1359.2295407740298,-0.007772264206549324,3004.548028518331,0.0010924976676275023
2023-12-30,0.0016802509193396542,1361.513387459509,-0.006105072641288098,2975.5367358907574,0.011336043521823094
2023-12-31,-0.002712081450987447,1357.820852256109,-0.00880059663800815,2950.3632866258317,0.0057480558282083805
2024-01-01,0.0008511852263719533,1358.9766093056091,-0.007956902349477745,3085.6884361127454,-0.04501609833845215
2024-01-02,-0.0006784832809383357,1358.054566397009,-0.008629987005203907,3049.16723186024,0.011157191320906265
2024-01-03,-0.005460620466010702,1350.6387458377822,-0.014043482387552632,2868.3849933880483,0.053828432814907665
2024-01-04,-0.00019602182918798672,1350.3739911602509,-0.014236751387634848,2962.456361244737,-0.032991956849603175
2024-01-05,0.0,1350.3739911602509,-0.014236751387634848,2880.684429878885,0.027602746300537415
2024-01-06,0.0,1350.3739911602509,-0.014236751387634848,2794.918788063772,0.029772661290330515
2024-01-07,0.0,1350.3739911602509,-0.014236751387634848,2721.7911745914103,0.026164485989599036
2024-01-08,0.0,1350.3739911602509,-0.014236751387634848,2889.30997412654,-0.061547263838225064
2024-01-09,-0.002575152439599715,1346.8965722825426,-0.016775242022166674,2841.1060789444987,0.014108379481067277
2024-01-10,0.001568045521072925,1349.0085674200586,-0.015233500844211583,3016.7568684200232,-0.06025674545638366
2024-01-11,0.0004084531925534485,1349.5595742762032,-0.014831269823711798,3035.438767389888,-0.005784256324554244
2024-01-12,-0.014447831130673272,1330.0613654462773,-0.029064821272518665,2850.4852833647706,0.046483552500614866
2024-01-13,0.0023158650877752596,1333.141608127113,-0.02681626638961089,2895.158662107747,-0.01335633606466951
2024-01-14,-0.004594975451523764,1327.015855164364,-0.03128802175537283,2824.469307360737,0.019821425511989017
2024-01-15,0.001690451139271687,1329.2591106285581,-0.029650461488123114,2870.1232288737297,-0.014473265490261573
2024-01-16,0.003289793388703721,1333.6320984625781,-0.026458211991595034,2905.4215987597754,-0.009008762133561372
2024-01-17,-0.0025002447131835526,1330.2976918590653,-0.028892304700126267,2899.0097582722306,-0.00029339098487022935
2024-01-18,-0.002600907037846434,1326.837711229878,-0.031418065539338576,2788.391282335881,0.03555642431321347
2024-01-19,0.0009158104200051032,1328.0528430314782,-0.03053102811113073,2779.546503480497,0.004087811032478176
2024-01-20,-0.0008842299224680605,1326.878538969051,-0.03138826158497918,2794.4414328501857,-0.006242992350453209
2024-01-21,-0.0006649752921020768,1325.9961975250162,-0.03203236445866516,2765.7855491521545,0.009589626347125632
2024-01-22,-0.006261394696181588,1317.6936119666761,-0.0380931918779191,2606.963571213305,0.051162427619881976
2024-01-23,-8.164252120801407e-05,1317.5860321380155,-0.03817172437490131,2598.530450829929,0.0031532014468843095
2024-01-24,0.0,1317.5860321380155,-0.03817172437490131,2617.5315189208445,-0.0073122360697549516
2024-01-25,0.0,1317.5860321380155,-0.03817172437490131,2585.383275085099,0.012281893686231464
2024-01-26,0.0,1317.5860321380155,-0.03817172437490131,2695.32082004308,-0.042522726134043794
2024-01-27,0.0,1317.5860321380155,-0.03817172437490131,2722.5376218249303,-0.010097796737018954
2024-01-28,0.0,1317.5860321380155,-0.03817172437490131,2743.178596114285,-0.007581520315417748
2024-01-29,0.0,1317.5860321380155,-0.03817172437490131,2846.5683726857774,-0.03768977226562804
2024-01-30,0.0,1317.5860321380155,-0.03817172437490131,2804.779231769915,0.014680532994341309
2024-01-31,0.0,1317.5860321380155,-0.03817172437490131,2722.7679559033304,0.029239832831631674
2024-02-01,0.0,1317.5860321380155,-0.03817172437490131,2751.8646418834933,-0.010686436175024436
2024-02-02,0.0,1317.5860321380155,-0.03817172437490131,2809.166265706107,-0.020822835160741886
2024-02-03,0.0,1317.5860321380155,-0.03817172437490131,2788.3185840293127,0.007421305720241562
2024-02-04,0.0,1317.5860321380155,-0.03817172437490131,2741.2271544044456,0.016888826798556522
2024-02-05,0.0,1317.5860321380155,-0.03817172437490131,2740.7216591730144,0.00018440472203059714
2024-02-06,0.0,1317.5860321380155,-0.03817172437490131,2760.4883826617834,-0.007212233107514209
2024-02-07,0.0,1317.5860321380155,-0.03817172437490131,2826.8726966924355,-0.024048032387168412
2024-02-08,0.0,1317.5860321380155,-0.03817172437490131,2881.5928168119995,-0.019357122159617712
2024-02-09,0.0,1317.5860321380155,-0.03817172437490131,2979.8683081229906,-0.03410457256057315
2024-02-10,0.0,1317.5860321380155,-0.03817172437490131,3026.008748202424,-0.01548405342399092
2024-02-11,0.0,1317.5860321380155,-0.03817172437490131,3011.6950447295094,0.004730225410424623
2024-02-12,0.0,1317.5860321380155,-0.03817172437490131,3110.6807764024534,-0.03286711642540628
2024-02-13,-0.0009824609128030737,1316.2915553621847,-0.03911668306053171,3074.1522145054405,0.010760486860596783
2024-02-14,0.007681631850543047,1326.4028224984556,-0.03173553116847408,3209.151633238338,-0.03623272544637308
2024-02-15,0.0030785482734310143,1330.4862176175322,-0.02875468225972821,3270.947889384088,-0.016177711077390362
2024-02-16,0.0026999138581322857,1334.0784157945318,-0.026132403566715187,3244.3177385299505,0.010841330889129894
2024-02-17,-0.006855954380744378,1324.9320350355088,-0.032809195380746954,3212.5307020443497,0.0029418025122053583
2024-02-18,0.0059614148944096,1332.83050460325,-0.027043369712353715,3262.2641619972705,-0.009519669822157415
2024-02-19,0.0035266567608596144,1337.5309403133888,-0.02361208563412667,3272.990151646238,0.00023875942442790673
2024-02-20,0.007621166233704013,1347.7244859522395,-0.016170871030164798,3259.7454909155676,0.011667820857461066
2024-02-21,0.00885398429223927,1359.6572173811269,-0.00746006337601846,3228.476173366443,0.018446548385438386
2024-02-22,-2.691651847708254e-05,1359.6206201425127,-0.00748677909556185,3186.8114200999867,0.012878476313649927
2024-02-23,-0.00875042810848814,1347.7233576511376,-0.016171694681810175,3138.6689444532053,0.0063563571073345735
2024-02-24,0.01052749288020327,1361.9115057032936,-0.00581444920223043,3213.3136005056444,-0.013254771950356466
2024-02-25,0.01137138367519186,1377.398323966304,0.0,3241.3464373445267,0.002647418222684692
2024-02-26,0.020266816361041107,1405.3138028541348,0.0,3370.9783860400516,-0.0197264244730753
2024-02-27,0.009025209708993787,1417.9970546318368,0.0,3422.9607830169357,-0.006395356970446988
2024-02-28,0.036725184097325725,1470.0732575126567,0.0,3571.199879084281,-0.006582088601454643
2024-02-29,-0.009421394180161968,1456.2231178799152,-0.009421394180161977,3603.455342113175,-0.018453502188959484
2024-03-01,0.016150757655469805,1479.7422245490864,0.0,3739.2178570906563,-0.02152489032352415
2024-03-02,0.0027619813449522024,1483.8292449686292,0.0,3816.490080778536,-0.01790336275671573
2024-03-03,0.0043847954196909456,1490.3355326455712,0.0,3796.0426431691135,0.009742450536470826
2024-03-04,0.03719244254325016,1545.7647513136558,0.0,3935.5767021556144,0.00043467343926256036
2024-03-05,-0.05376767156065454,1462.6525798549862,-0.053767671560654574,3667.1280899885646,0.014443071739053903
2024-03-06,-0.0006985743850517201,1461.6308082284697,-0.054428685227610143,3874.394655911413,-0.05721870698928116
2024-03-07,0.010774893434668753,1477.3797244279601,-0.0442402550760581,4042.533278112767,-0.0326224981926437
2024-03-08,0.003061380912928069,1481.902546517471,-0.04131431043560289,4043.6715190461027,0.0027798146634927363
2024-03-09,0.00032969898384305196,1482.391128281212,-0.04099823273792866,4068.4513353006173,-0.005798349780206847
2024-03-10,0.009663715358604774,1496.7165341950429,-0.03173071263070896,4076.319101034051,0.007729867541581987
2024-03-11,0.0007485960526316671,1497.8369702844498,-0.031005870064299872,4397.494671424814,-0.07804198987310944
2024-03-12,0.006320098401259244,1507.3034473256914,-0.024881731812863715,4434.958123528321,-0.0021991733438428175
2024-03-13,0.03011783567427795,1552.7001648635194,0.0,4623.228280101781,-0.012333558753698855
2024-03-14,-0.00908197661544985,1538.5985782754237,-0.009081976615449872,4569.948420053755,0.0024424078233070533
2024-03-15,-0.0005510723101910253,1537.7506992024369,-0.009628044099806323,4587.090131154259,-0.00430203611216351
2024-03-16,-0.007988252109728089,1525.466758935297,-0.017539384965941617,4295.141290450062,0.055657508570089345
2024-03-17,0.016450209318955356,1550.5610064288912,-0.0013777022010016808,4501.71297802397,-0.031644061301013715
2024-03-18,0.00023913747348891512,1550.9318036704592,-0.0011388941877362457,4466.669666509597,0.008023576793686355
2024-03-19,-0.021935064353809763,1516.9120147485773,-0.02304897682424589,4002.350207629445,0.08201698349104174
2024-03-20,0.004769548058982442,1524.1469995041687,-0.018389361967937,4364.895879022832,-0.08581364746006222
2024-03-21,-0.004561238313694038,1517.1950018143284,-0.022866722019258517,4283.122969539875,0.014172979351370345
2024-03-22,-0.0005440652574605354,1516.3695487250484,-0.02339834628771641,4176.799642511717,0.024279720513878295
2024-03-23,6.575948856557545e-06,1516.3795202936485,-0.023391924205188326,4180.059751840195,-0.0007739521126992928
2024-03-24,0.003142353356841099,1521.1445205694883,-0.020323076539896377,4351.371636514612,-0.03784076526939385
2024-03-25,0.0029209826251201942,1525.5877572843685,-0.017461457268238258,4479.540281057056,-0.026533785951048734
2024-03-26,-0.00278800503284804,1521.3344109390084,-0.020200779670341548,4455.021367770517,0.002685528354098822
2024-03-27,-0.0023731471813430716,1517.7240604698084,-0.02252598742834897,4358.860804147711,0.019211612056507343
2024-03-28,0.0007403329944524195,1518.8476816682485,-0.021802331165622375,4424.146972271905,-0.014237472229809565
2024-03-29,-0.00184098771700969,1516.0515017422886,-0.023603181058753985,4449.834057155506,-0.007647097921890714
2024-03-30,-0.0005726627625527447,1515.1833155011286,-0.024162327158436574,4408.097425816328,0.008806705277490168
2024-03-31,0.0015899167279855853,1517.5923308004085,-0.022610826518587267,4509.504561242142,-0.02141482332878259
2024-04-01,-0.003790140274052556,1511.8404429878485,-0.026315268588422144,4325.256952603819,0.037067476374542614
2024-04-02,-0.006411007470579988,1502.1480226135284,-0.03255756867549149,4067.334091008633,0.05322079346552749
2024-04-03,-3.906390233199275e-05,1502.0893428498848,-0.032595360752140576,4064.772006426902,0.0005908535139420579
2024-04-04,0.0,1502.0893428498848,-0.032595360752140576,4152.739291610385,-0.021641382356598547
2024-04-05,0.0,1502.0893428498848,-0.032595360752140576,4075.543221620726,0.018589192474859937
2024-04-06,0.0,1502.0893428498848,-0.032595360752140576,4165.374199936634,-0.022041473597766377
2024-04-07,0.0,1502.0893428498848,-0.032595360752140576,4209.9436438243365,-0.01069998558313918
2024-04-08,0.0,1502.0893428498848,-0.032595360752140576,4329.98908727854,-0.028514738820863212
2024-04-09,0.0,1502.0893428498848,-0.032595360752140576,4177.267399325135,0.03527068657103557
2024-04-10,0.0,1502.0893428498848,-0.032595360752140576,4238.485986714694,-0.014655175629754982
2024-04-11,0.0,1502.0893428498848,-0.032595360752140576,4192.052980949251,0.010955092434181721
2024-04-12,0.0,1502.0893428498848,-0.032595360752140576,3813.770570428454,0.09023798416668351
2024-04-13,0.0,1502.0893428498848,-0.032595360752140576,3452.074083040458,0.09483960314565054
2024-04-14,0.0,1502.0893428498848,-0.032595360752140576,3646.387626308132,-0.056288926191447555
2024-04-15,0.0,1502.0893428498848,-0.032595360752140576,3521.045675998868,0.034374280289056744
2024-04-16,0.0,1502.0893428498848,-0.032595360752140576,3489.185813736315,0.009048409249480931
2024-04-17,0.0,1502.0893428498848,-0.032595360752140576,3400.4055899771934,0.025444395483212583
2024-04-18,0.0,1502.0893428498848,-0.032595360752140576,3525.6550509150934,-0.03683368281333167
2024-04-19,0.0,1502.0893428498848,-0.032595360752140576,3539.4854940248483,-0.00392280098592303
2024-04-20,0.0,1502.0893428498848,-0.032595360752140576,3732.320202064278,-0.05448099967211666
2024-04-21,0.0,1502.0893428498848,-0.032595360752140576,3701.861256971415,0.008160860656064996
2024-04-22,0.0,1502.0893428498848,-0.032595360752140576,3856.7885099101168,-0.04185117760611374
2024-04-23,0.0,1502.0893428498848,-0.032595360752140576,3808.8726942694284,0.01242376021334016
2024-04-24,0.0,1502.0893428498848,-0.032595360752140576,3683.9501723549124,0.03279776772336491
2024-04-25,0.0,1502.0893428498848,-0.032595360752140576,3663.5777338079483,0.00553005268633728
2024-04-26,0.0,1502.0893428498848,-0.032595360752140576,3595.6203885375544,0.018549448164638455
2024-04-27,0.0,1502.0893428498848,-0.032595360752140576,3617.270948424261,-0.006021369762983397
2024-04-28,0.0,1502.0893428498848,-0.032595360752140576,3583.7163560789327,0.00927621757500509
2024-04-29,0.0,1502.0893428498848,-0.032595360752140576,3596.6334529327087,-0.003604385941947103
2024-04-30,0.0,1502.0893428498848,-0.032595360752140576,3415.294302200572,0.050419135868369436
2024-05-01,0.0,1502.0893428498848,-0.032595360752140576,3441.857452783342,-0.007777704710734547
2024-05-02,0.0,1502.0893428498848,-0.032595360752140576,3472.162576105219,-0.00880487461715475
2024-05-03,0.0,1502.0893428498848,-0.032595360752140576,3621.4389145573477,-0.042992323999867174
2024-05-04,0.0,1502.0893428498848,-0.032595360752140576,3660.1433094450745,-0.010687573586329055
2024-05-05,0.0,1502.0893428498848,-0.032595360752140576,3662.1076476436847,-0.0005366834116961515
2024-05-06,0.0,1502.0893428498848,-0.032595360752140576,3667.6241498395993,-0.0015063735768293515
2024-05-07,0.0,1502.0893428498848,-0.032595360752140576,3568.6723377527283,0.02697981255554736
2024-05-08,0.0,1502.0893428498848,-0.032595360752140576,3530.9242491335417,0.010577628049471615
2024-05-09,0.0,1502.0893428498848,-0.032595360752140576,3633.173810812687,-0.02895829943229078
2024-05-10,0.0,1502.0893428498848,-0.032595360752140576,3504.595561663526,0.03539006275078265
2024-05-11,0.0,1502.0893428498848,-0.032595360752140576,3499.3253961922983,0.001503787064298561
2024-05-12,0.0,1502.0893428498848,-0.032595360752140576,3489.7509985856823,0.0027360695341546804
2024-05-13,0.0,1502.0893428498848,-0.032595360752140576,3511.674228214731,-0.0062821759025025415
2024-05-14,0.0,1502.0893428498848,-0.032595360752140576,3421.285047280274,0.02573962590499455
2024-05-15,0.0,1502.0893428498848,-0.032595360752140576,3645.3994497936155,-0.06550591354307057
2024-05-16,0.0,1502.0893428498848,-0.032595360752140576,3617.175283014514,0.0077424071539538486
2024-05-17,0.0,1502.0893428498848,-0.032595360752140576,3763.2401667410727,-0.04038092497547696
2024-05-18,0.0,1502.0893428498848,-0.032595360752140576,3785.932150332201,-0.006029905768884276
2024-05-19,0.0,1502.0893428498848,-0.032595360752140576,3706.0690039293404,0.02109471148231044
2024-05-20,0.0,1502.0893428498848,-0.032595360752140576,4060.5817908977933,-0.0956573627184445
2024-05-21,0.0,1502.0893428498848,-0.032595360752140576,4068.1700204250965,-0.0018687542618431227
2024-05-22,-0.0018568464632958692,1499.3001935660595,-0.03439168263510402,4003.681685043026,0.013995080830375102
2024-05-23,0.0015210407194150566,1501.5806902111005,-0.03292295306538605,3943.7739410524914,0.01648420430315816
2024-05-24,-0.0018592207896196422,1498.7889201745686,-0.03472096281621089,3907.67725996211,0.007293606332298919
2024-05-25,0.000689026780159141,1499.8216258783746,-0.034055859709265106,3933.4331552088993,-0.005902074156113895
2024-05-26,0.002567312031356961,1503.6721359833816,-0.031575979696277845,3878.898698470497,0.016431652567100982
2024-05-27,0.0022452000858379506,1507.0481807921635,-0.029401674002764475,3963.4219079694544,-0.019545317292789806
2024-05-28,-0.0016599756422492895,1504.5465175203524,-0.03101284358232785,3903.894540095913,0.013359209611242753
2024-05-29,-0.002586211776841485,1500.6554415979354,-0.03351884957786341,3854.531643283514,0.010058314427799808
2024-05-30,-0.0006644476823188805,1499.6583345678064,-0.03416102573826629,3837.559722179736,0.003738660833692723
2024-05-31,0.0004680099343767896,1500.3601895665552,-0.03370900350330345,3827.985000701516,0.002963012532742052
2024-06-01,0.0017754040531503534,1503.0239351282971,-0.031993446551600475,3847.53564048516,-0.0033318886295694095
2024-06-02,-0.0011766970515195707,1501.2553312954683,-0.03313249700889484,3810.7894246393976,0.008373887862913867
2024-06-03,-0.00047495470167535636,1500.5423030174543,-0.033591715275337594,3866.034556006375,-0.01497198542443837
2024-06-04,0.0014291771274628218,1502.6868437557173,-0.032210546659018485,3989.067647438821,-0.03039492833514828
2024-06-05,0.0049468222257769146,1510.1203684327907,-0.027423064281358815,4026.660336172296,-0.004477106385113148
2024-06-06,0.0013074539575907984,1512.0947812849367,-0.026151464717691843,3996.049257529836,0.008909554976014138
2024-06-07,-0.011258344642352314,1495.0710971053286,-0.037115387157350056,3843.091828984779,0.027018818297227486
2024-06-08,-4.0681171740275524e-05,1495.0102758612634,-0.03715455843165114,3783.7773896279505,0.015393360479171296
2024-06-09,0.0008199800921995237,1496.2361545251033,-0.03636504433770006,3824.7031421016195,-0.00999612991095614
2024-06-10,-0.0013035845588386108,1494.2856841776884,-0.03762122398625852,3751.0486386020525,0.017953989365995366
2024-06-11,-0.005731046103770843,1485.7218640294614,-0.04313666112088378,3604.0459384435844,0.03345871503279856
2024-06-12,-9.458251786609306e-05,1485.5813407147127,-0.04322716366472874,3714.9436016958207,-0.030864907077082924
2024-06-13,0.0,1485.5813407147127,-0.04322716366472874,3573.318155220655,0.03812317538562777
2024-06-14,0.0,1485.5813407147127,-0.04322716366472874,3532.9479981909803,0.011297666559775392
2024-06-15,0.0,1485.5813407147127,-0.04322716366472874,3574.7846076985097,-0.011841841297678892
2024-06-16,0.0,1485.5813407147127,-0.04322716366472874,3611.553735822728,-0.01028569051266283
2024-06-17,0.0,1485.5813407147127,-0.04322716366472874,3530.921536884254,0.022326180042315156
2024-06-18,0.0,1485.5813407147127,-0.04322716366472874,3414.1303356678604,0.03307669116868907
2024-06-19,0.0,1485.5813407147127,-0.04322716366472874,3435.3418216152527,-0.0062128518427645284
2024-06-20,0.0,1485.5813407147127,-0.04322716366472874,3418.208055377714,0.004987499680448744
2024-06-21,0.0,1485.5813407147127,-0.04322716366472874,3403.6615474399523,0.004255594657228753
2024-06-22,0.0,1485.5813407147127,-0.04322716366472874,3378.0219700041557,0.007532939770430886
2024-06-23,0.0,1485.5813407147127,-0.04322716366472874,3308.2260944529394,0.02066175891423529
2024-06-24,0.0,1485.5813407147127,-0.04322716366472874,3268.7357930458234,0.011937001970128844
2024-06-25,0.0,1485.5813407147127,-0.04322716366472874,3340.029947086575,-0.021810925860826242
2024-06-26,0.0,1485.5813407147127,-0.04322716366472874,3319.669487315657,0.00609589138225478
2024-06-27,0.0,1485.5813407147127,-0.04322716366472874,3440.954952283412,-0.0365354037295526
2024-06-28,0.0,1485.5813407147127,-0.04322716366472874,3367.032064180975,0.02148324785634927
2024-06-29,0.0,1485.5813407147127,-0.04322716366472874,3369.9129366140246,-0.0008556118201834233
2024-06-30,0.0,1485.5813407147127,-0.04322716366472874,3466.1040094338773,-0.028544082481994946
2024-07-01,0.0,1485.5813407147127,-0.04322716366472874,3469.016143801109,-0.0008401751243775227
2024-07-02,0.0,1485.5813407147127,-0.04322716366472874,3512.8508110244097,-0.012636051666011925
2024-07-03,0.0,1485.5813407147127,-0.04322716366472874,3344.644596973831,0.04788310779458539
2024-07-04,0.0,1485.5813407147127,-0.04322716366472874,3079.6064278064487,0.0792425507353408
2024-07-05,0.0,1485.5813407147127,-0.04322716366472874,3063.441489151943,0.00524902744342548
2024-07-06,0.0,1485.5813407147127,-0.04322716366472874,3231.482989239598,-0.05485383046574009
2024-07-07,0.0,1485.5813407147127,-0.04322716366472874,3036.318856012049,0.06039460330672308
2024-07-08,0.0,1485.5813407147127,-0.04322716366472874,3132.0814255265154,-0.03153903593650974
2024-07-09,0.0,1485.5813407147127,-0.04322716366472874,3193.787700751114,-0.01970136367518784
2024-07-10,0.0,1485.5813407147127,-0.04322716366472874,3212.584158470161,-0.005885318462033741
2024-07-11,0.0,1485.5813407147127,-0.04322716366472874,3199.0714836091015,0.004206169922562937
2024-07-12,0.0,1485.5813407147127,-0.04322716366472874,3292.1273753083983,-0.029088406487970526
2024-07-13,0.0,1485.5813407147127,-0.04322716366472874,3393.393575664502,-0.030760110047873507
2024-07-14,0.0,1485.5813407147127,-0.04322716366472874,3441.490564460257,-0.014173713636013005
2024-07-15,0.0,1485.5813407147127,-0.04322716366472874,3643.149735502158,-0.058596461987838744
2024-07-16,0.0,1485.5813407147127,-0.04322716366472874,3672.20036003341,-0.00797404077250977
2024-07-17,0.008329823780813594,1497.955971494931,-0.0352574145397868,3657.6616499410275,0.012288951460941173
2024-07-18,-0.010072673092077822,1482.8675506877366,-0.044974951221133506,3614.291472801583,0.0017846776664713106
2024-07-19,-8.234147814145665e-05,1482.745449181725,-0.04505358939531207,3740.6994154797085,-0.0350568153492656
2024-07-20,0.0,1482.745449181725,-0.04505358939531207,3795.50502353567,-0.014651165990286532
2024-07-21,0.0,1482.745449181725,-0.04505358939531207,3931.179044788835,-0.035745973305755116
2024-07-22,-0.0026677367782202976,1478.789874614204,-0.04760113505611169,3849.1339625155624,0.018202613144414643
2024-07-23,-0.0027271083513208394,1474.757054397295,-0.05019842995448869,3754.225680810906,0.021929939864956536
2024-07-24,0.002328090526059645,1478.1904223238769,-0.04798720591762919,3723.7899865593704,0.01043514024528734
2024-07-25,-0.002885717795308662,1473.924781917322,-0.05073444617887425,3626.9588263333835,0.02311767137956119
2024-07-26,0.005201312888646559,1481.591125882404,-0.045797019019036316,3763.7179341278984,-0.03250496235263294
2024-07-27,0.0003891114051326472,1482.167629887228,-0.045425727756325106,3743.432117986634,0.00577894573817899
2024-07-28,0.00044437432126365195,1482.826267121758,-0.04500153946200112,3734.2929934630574,0.0028857501057113328
2024-07-29,-0.0010847953839483448,1481.217704031987,-0.04603751738367049,3702.6227929897736,0.007396113995343203
2024-07-30,-0.001585271859333215,1478.869571288239,-0.04754980726222177,3701.9461376248823,-0.0014025215758929027
2024-07-31,-0.0034587462179354045,1473.7545367517262,-0.050844090764125376,3615.344411949103,0.01993482096436359
2024-08-01,-0.0020250169487443515,1470.770158836515,-0.05276614756732886,3586.020641553574,0.00608590335489553
2024-08-02,-6.167353333075276e-05,1470.6794512441022,-0.05282456682589887,3337.808303743786,0.06915497707196368
2024-08-03,0.0,1470.6794512441022,-0.05282456682589887,3252.5710542251104,0.025536891805041928
2024-08-04,0.0,1470.6794512441022,-0.05282456682589887,3073.7479300754453,0.054979006197996165
2024-08-05,0.0,1470.6794512441022,-0.05282456682589887,2837.4410332371995,0.07687907473676472
2024-08-06,0.0,1470.6794512441022,-0.05282456682589887,2990.2883162516623,-0.05386800332554637
2024-08-07,0.0,1470.6794512441022,-0.05282456682589887,3004.5603321674735,-0.004772789245186172
2024-08-08,0.0,1470.6794512441022,-0.05282456682589887,3320.7035728036076,-0.10522113244038923
2024-08-09,0.0,1470.6794512441022,-0.05282456682589887,3218.862558551605,0.03066850503793098
2024-08-10,0.0,1470.6794512441022,-0.05282456682589887,3224.064039877982,-0.0016159376897154157
2024-08-11,0.0,1470.6794512441022,-0.05282456682589887,3068.9940545705263,0.0480976752910046
2024-08-12,0.0,1470.6794512441022,-0.05282456682589887,3175.986233304171,-0.03486229586346244
2024-08-13,0.0,1470.6794512441022,-0.05282456682589887,3199.080629107497,-0.007271566721905891
2024-08-14,0.0,1470.6794512441022,-0.05282456682589887,3145.92123099172,0.01661708605656715
2024-08-15,0.0,1470.6794512441022,-0.05282456682589887,3076.9299623097577,0.021930386559683174
2024-08-16,0.0,1470.6794512441022,-0.05282456682589887,3094.937878017471,-0.005852559508438057
2024-08-17,0.0,1470.6794512441022,-0.05282456682589887,3150.2541157103424,-0.017873133443410412
2024-08-18,0.0,1470.6794512441022,-0.05282456682589887,3130.477978907454,0.006277632240607067
2024-08-19,0.0,1470.6794512441022,-0.05282456682589887,3210.970683490507,-0.025712592493988717
2024-08-20,0.0,1470.6794512441022,-0.05282456682589887,3227.409414620117,-0.005119551920586314
2024-08-21,0.0,1470.6794512441022,-0.05282456682589887,3322.1287639098105,-0.02934841450874402
2024-08-22,0.0,1470.6794512441022,-0.05282456682589887,3368.533556229081,-0.013968390636568042
2024-08-23,0.0,1470.6794512441022,-0.05282456682589887,3518.324970316841,-0.04446784085340795
2024-08-24,0.0,1470.6794512441022,-0.05282456682589887,3551.2565415099043,-0.009360014060923414
2024-08-25,0.0,1470.6794512441022,-0.05282456682589887,3511.2936649935136,0.011253165196395456
2024-08-26,0.0,1470.6794512441022,-0.05282456682589887,3407.03804870849,0.029691511514522335
2024-08-27,0.0,1470.6794512441022,-0.05282456682589887,3221.8515347569864,0.0543541079682695
2024-08-28,0.0,1470.6794512441022,-0.05282456682589887,3216.3279451369094,0.0017144146961735845
2024-08-29,0.0,1470.6794512441022,-0.05282456682589887,3198.624741312226,0.005504166281131452
2024-08-30,0.0,1470.6794512441022,-0.05282456682589887,3186.9099318593944,0.003662451959908616
2024-08-31,0.0,1470.6794512441022,-0.05282456682589887,3160.468628849558,0.008296846655597045
2024-09-01,0.0,1470.6794512441022,-0.05282456682589887,3030.9109524493047,0.04099318538321114
2024-09-02,0.0,1470.6794512441022,-0.05282456682589887,3140.3242224776777,-0.0360991371059434
2024-09-03,0.0,1470.6794512441022,-0.05282456682589887,3025.074370203187,0.03669998513196836
2024-09-04,0.0,1470.6794512441022,-0.05282456682589887,3061.9522860017278,-0.01219074683313134
2024-09-05,0.0,1470.6794512441022,-0.05282456682589887,2997.231099483892,0.021137228954781744
2024-09-06,0.0,1470.6794512441022,-0.05282456682589887,2890.90386822859,0.03547515280807377
2024-09-07,0.0,1470.6794512441022,-0.05282456682589887,2944.5143298861976,-0.018544532817847608
2024-09-08,0.0,1470.6794512441022,-0.05282456682589887,3020.0909185664414,-0.02566691148796834
2024-09-09,0.0,1470.6794512441022,-0.05282456682589887,3103.3954779883234,-0.027583460785817922
2024-09-10,0.0,1470.6794512441022,-0.05282456682589887,3124.0392172611896,-0.006651984711354848
2024-09-11,0.0,1470.6794512441022,-0.05282456682589887,3101.914423197089,0.0070821114990665835
2024-09-12,0.0,1470.6794512441022,-0.05282456682589887,3177.389203756858,-0.024331677236272147
2024-09-13,0.0,1470.6794512441022,-0.05282456682589887,3260.9689828076953,-0.026304545553316152
2024-09-14,0.0,1470.6794512441022,-0.05282456682589887,3261.6530974170855,-0.00020978875082753947
2024-09-15,0.0,1470.6794512441022,-0.05282456682589887,3148.0425026948574,0.034832212785656576
2024-09-16,0.0,1470.6794512441022,-0.05282456682589887,3117.854222294615,0.009589540285558569
2024-09-17,0.0,1470.6794512441022,-0.05282456682589887,3160.943160484999,-0.013820061849675722
2024-09-18,0.0,1470.6794512441022,-0.05282456682589887,3230.9571600780523,-0.022149717991863747
2024-09-19,0.0,1470.6794512441022,-0.05282456682589887,3340.528526160856,-0.03391297397460919
2024-09-20,0.0,1470.6794512441022,-0.05282456682589887,3393.669943499901,-0.01590808667636737
2024-09-21,0.0,1470.6794512441022,-0.05282456682589887,3451.2425241171773,-0.01696469650136399
2024-09-22,0.0,1470.6794512441022,-0.05282456682589887,3404.6649282155004,0.013495891863928506
2024-09-23,0.0,1470.6794512441022,-0.05282456682589887,3445.251391393456,-0.01192083921140154
2024-09-24,0.00018013846453435178,1470.9443771822716,-0.052653944097722165,3538.937499205427,-0.027012683529822112
2024-09-25,-0.0042026095870476565,1464.7625722407115,-0.05663526971450891,3448.2830896596633,0.02141366918761773
2024-09-26,0.00201034233164199,1467.7072464454918,-0.05473878366303796,3573.4193011464754,-0.034279082936850926
2024-09-27,0.0023691883136103264,1471.1845213015717,-0.05249928183598329,3627.137332565685,-0.012663481208820295
2024-09-28,-0.0013041586915573111,1469.2658632212317,-0.053734973132833694,3617.341694958431,0.0013964938366238322
2024-09-29,-0.0012603954975036746,1467.4140071425918,-0.054927641312142284,3627.6779125080843,-0.004117802516602764
2024-09-30,-0.006414107067089891,1458.0018565890318,-0.06098943660691337,3475.476598997431,0.0355414681469801
2024-10-01,-0.00010323005358758852,1457.8513469792454,-0.06108637071769173,3310.5556846309883,0.04734951769733031
2024-10-02,0.0,1457.8513469792454,-0.06108637071769173,3205.8046725607896,0.03164151944535994
2024-10-03,0.0,1457.8513469792454,-0.06108637071769173,3171.345580612452,0.010748968033917164
2024-10-04,0.0,1457.8513469792454,-0.06108637071769173,3272.3925892906104,-0.03186250318977996
2024-10-05,0.0,1457.8513469792454,-0.06108637071769173,3260.9564147073884,0.0034947440660539736
2024-10-06,0.0,1457.8513469792454,-0.06108637071769173,3325.6898612763266,-0.019851061571072144
2024-10-07,0.0,1457.8513469792454,-0.06108637071769173,3285.1131748819025,0.012200983280759534
2024-10-08,0.0,1457.8513469792454,-0.06108637071769173,3290.037195571204,-0.001498889209342951
2024-10-09,0.0,1457.8513469792454,-0.06108637071769173,3219.960224722074,0.02129975033214271
2024-10-10,0.0,1457.8513469792454,-0.06108637071769173,3221.296454389553,-0.0004149832837124937
2024-10-11,0.0,1457.8513469792454,-0.06108637071769173,3329.7258681092762,-0.03366017851972931
2024-10-12,0.0,1457.8513469792454,-0.06108637071769173,3370.411104479764,-0.01221879457409804
2024-10-13,0.0,1457.8513469792454,-0.06108637071769173,3361.488566597468,0.002647314409342183
2024-10-14,0.0,1457.8513469792454,-0.06108637071769173,3499.941724083327,-0.04118804950331951
2024-10-15,0.0,1457.8513469792454,-0.06108637071769173,3470.835525671535,0.00831619515591085
2024-10-16,0.00113828363533508,1459.5107953102631,-0.06001762069848656,3472.317156741748,0.0007114034045506859
2024-10-17,-0.0004867614348799121,1458.800361741315,-0.060475167870197244,3422.280783239238,0.01392332014576154
2024-10-18,0.0023744451030058844,1462.264203116515,-0.05824431773339414,3483.001927903786,-0.015368442903709534
2024-10-19,-0.00013472244918555365,1462.067203301715,-0.058371193365443476,3496.6786417249355,-0.004061425363582291
2024-10-20,0.0015339943657866062,1464.3100061539812,-0.05692674008140362,3589.2017049033143,-0.024926276267701417
2024-10-21,-0.004854070762835394,1457.2021417653818,-0.061504484419586385,3522.034287137823,0.013859677665884047
2024-10-22,0.0010296324649294863,1458.702524398508,-0.06053817896855415,3507.0810481822355,0.0052752580711865615
2024-10-23,0.0003323860201036588,1459.1873767251082,-0.06022591499282213,3440.8554797865963,0.019215772940963327
2024-10-24,0.007802923325633149,1470.573303943426,-0.05289292986409402,3483.3929098492263,-0.004559534299372456
2024-10-25,-0.011635647127167026,1453.4622319041082,-0.06391313352384044,3310.766695686058,0.03792127011724452
2024-10-26,0.000843149720066938,1454.687718178066,-0.06312387214441273,3376.1698717123745,-0.01891154218001088
2024-10-27,0.0021971242891796194,1457.8838478968462,-0.06106543884794875,3427.7739878927755,-0.013087686055457213
2024-10-28,0.004596771387296528,1464.5854066548602,-0.05674937132270116,3485.0428557180485,-0.012110534294919484
2024-10-29,0.006548065666400538,1474.1756080716882,-0.050572904266248594,3564.5166776029682,-0.01625619390088825
2024-10-30,-0.0009379056058950175,1472.792970504804,-0.051463377261725896,3523.6749984456087,0.010519939272200613
2024-10-31,-0.00484733803979176,1465.6538451141382,-0.056061254915260754,3395.203206604611,0.031612265044394613
2024-11-01,-0.0018988271523617817,1462.870821797072,-0.05785363143459397,3398.809985545652,-0.0029611432264115794
2024-11-02,-0.00030376373515883515,1462.4264546921881,-0.05813982133457569,3362.805225536309,0.010289579276796159
2024-11-03,-0.0014353578269862277,1460.327349434054,-0.059491727713949755,3294.0188906817666,0.019019687958061384
2024-11-04,-0.00013035247386106175,1460.1369921514083,-0.059614325293929016,3231.7284316785144,0.018779818071748555
2024-11-05,0.0,1460.1369921514083,-0.059614325293929016,3326.8245481261893,-0.02942577585279433
2024-11-06,0.0,1460.1369921514083,-0.059614325293929016,3636.8805339505143,-0.09319877899751648
2024-11-07,0.005170226597206007,1467.6862312637938,-0.054752318266932214,3787.069637226231,-0.03612590668891442
2024-11-08,0.0030593582689733,1472.176409271669,-0.05186046695559434,3890.0020659812376,-0.024120608992045284
2024-11-09,0.01828860335908855,1499.1004596954456,-0.03452031910667386,4048.248452294115,-0.022391680000339455
2024-11-10,0.03565868618949719,1552.5564125542564,-9.258214336286358e-05,4286.550241139134,-0.023206719838133126
2024-11-11,0.053661884545266325,1635.869515514756,0.0,4583.487180256887,-0.015609889355333612
2024-11-12,-0.032146061700897954,1583.2827531344005,-0.03214606170089794,4499.176260422699,-0.013751569359487546
2024-11-13,0.00044809219413122214,1583.9922097771826,-0.03171237390608701,4490.949849575709,0.0022765181927644363
2024-11-14,-0.013546390368553207,1562.5348329627936,-0.04482917607819483,4470.500109704736,-0.00899284589445832
2024-11-15,0.025886457672781527,1602.9833247785318,-0.02010318697446712,4806.397537447655,-0.04924997438181995
2024-11-16,0.028994730159275006,1649.461393730303,0.0,5058.79618246118,-0.023518330411981224
2024-11-17,-0.00361518423649565,1643.498286900981,-0.003615184236495681,5018.5613123736,0.004338263310387986
2024-11-18,0.01210735964380083,1663.3967117344616,0.0,5147.978605829354,-0.013680368232845273
2024-11-19,0.0014823954113643012,1665.862523387215,0.0,5100.126915957622,0.010777634093503867
2024-11-20,0.009197559310462955,1681.1843927491466,0.0,5138.654028894631,0.0016434114290715873
2024-11-21,0.03485907734411309,1739.7889295257048,0.0,5487.385284124673,-0.03300524145787838
2024-11-22,0.04483056838111321,1817.7846560995106,0.0,5989.908999436422,-0.04674742173479486
2024-11-23,-0.001742930582596447,1814.6163836298201,-0.0017429305825964812,6017.159767907681,-0.006292376738426626
2024-11-24,-0.007266290755762572,1801.4308533761955,-0.008996556697978768,5973.089754262089,5.7765002344144396e-05
2024-11-25,-0.026263692558456952,1754.1186272778043,-0.03502396645723531,5758.5584614852505,0.009652608987783737
2024-11-26,-0.0012243857246082568,1751.970909471296,-0.036205469337294155,5719.627449930617,0.005536162390864534
2024-11-27,0.009271888054060318,1768.2149876178842,-0.027269274341873883,6021.24242352847,-0.04346143701617861
2024-11-28,0.004341644053249771,1775.8919477037423,-0.02304602377140704,6039.164136349464,0.001365229625728524
2024-11-29,0.031832650051071054,1832.4232946035104,0.0,6303.788178273678,-0.011985341304959984
2024-11-30,0.018535373549656065,1866.387944870078,0.0,6376.377366774642,0.0070202041867091225
2024-12-01,0.036035378908375826,1933.643941653496,0.0,6610.342415628249,-0.0006570932267786489
2024-12-02,0.0521324502648568,2034.4495382716884,0.0,6895.926078346683,0.00892989814845603
2024-12-03,-0.02350699682320556,1986.6257394385639,-0.02350699682320554,6943.859127968636,-0.030457919596647662
2024-12-04,0.007812494166322681,2002.1462414385942,-0.01587815093243189,6992.132676664584,0.0008605172027476016
2024-12-05,-0.00885901336677164,1984.4092011234582,-0.02459649954785346,6843.250043711781,0.012433865335270577
2024-12-06,0.012637721555141868,2009.4876120587178,-0.012269621705228613,7127.235735784605,-0.028860936284166146
2024-12-07,0.0005079028280359221,2010.5082364997857,-0.011767950652755663,7206.062817147965,-0.010552076704784006
2024-12-08,0.0017290747118150485,2013.9845554494132,-0.010059223606824248,7235.723215315107,-0.0023869590946847498
2024-12-09,-0.03435226010075598,1944.7996341617095,-0.04406592664182695,6467.7950901967415,0.07177785326413497
2024-12-10,-0.0002259632836003611,1944.3601808504295,-0.04428193264394844,6485.16436437757,-0.0029114649017877936
2024-12-11,0.0,1944.3601808504295,-0.04428193264394844,6835.769830910826,-0.05406269553615339
2024-12-12,0.0,1944.3601808504295,-0.04428193264394844,6932.7369436211075,-0.014185251275109325
2024-12-13,0.0,1944.3601808504295,-0.04428193264394844,6998.736393795773,-0.009519970353900762
2024-12-14,0.0,1944.3601808504295,-0.04428193264394844,6836.030981400917,0.023247826927599604
2024-12-15,0.0,1944.3601808504295,-0.04428193264394844,6983.453950153819,-0.021565579376980986
2024-12-16,0.0018110302423430813,1947.8814759399575,-0.04255109832081288,6932.086993511632,0.009166553312851338
2024-12-17,7.820529078372829e-05,1948.0338105771955,-0.04247622075104654,6926.020874544508,0.0009532836002165304
2024-12-18,-0.007205023917631226,1933.9981803796325,-0.04937520248223591,6401.966410570965,0.06845955657758819
2024-12-19,-0.00336232513219914,1927.4954496921146,-0.05257151213022163,6044.715935662433,0.0524409159342703
2024-12-20,-9.561633875199149e-05,1927.311149634254,-0.05266210177346103,6188.136156596637,-0.02382216072242725
2024-12-21,0.0,1927.311149634254,-0.05266210177346103,5958.737526838256,0.03707071466322525
2024-12-22,0.0,1927.311149634254,-0.05266210177346103,5850.681746598804,0.018134005693784476
2024-12-23,0.0,1927.311149634254,-0.05266210177346103,6106.307527958759,-0.04369162303325754
2024-12-24,0.0,1927.311149634254,-0.05266210177346103,6275.093139801148,-0.02764119086200204
2024-12-25,0.0,1927.311149634254,-0.05266210177346103,6242.722504642362,0.005158590388637878
2024-12-26,0.0,1927.311149634254,-0.05266210177346103,5936.822247649327,0.049001097960954434
2024-12-27,0.0,1927.311149634254,-0.05266210177346103,5901.75494877132,0.005906745631788247
2024-12-28,0.0,1927.311149634254,-0.05266210177346103,6070.99573485254,-0.02867634924700733
2024-12-29,0.0,1927.311149634254,-0.05266210177346103,5877.902081656823,0.031805927994183976
2024-12-30,0.0,1927.311149634254,-0.05266210177346103,5881.261609729962,-0.000571552235214006
2024-12-31,0.0,1927.311149634254,-0.05266210177346103,5857.709240421484,0.004004645749734169
2025-01-01,0.0,1927.311149634254,-0.05266210177346103,6125.964930014601,-0.0457953234930138
2025-01-02,0.0,1927.311149634254,-0.05266210177346103,6332.019017986583,-0.03363618471963582
2025-01-03,0.0,1927.311149634254,-0.05266210177346103,6637.936572693807,-0.04831279783561006
2025-01-04,0.0,1927.311149634254,-0.05266210177346103,6629.227107207146,0.0013120742253681333
2025-01-05,0.0,1927.311149634254,-0.05266210177346103,6626.085584629194,0.0004738897200454728
2025-01-06,0.0,1927.311149634254,-0.05266210177346103,6755.705451088772,-0.01956205738728491
2025-01-07,0.0,1927.311149634254,-0.05266210177346103,6255.831219955035,0.07399289900260188
2025-01-08,0.0,1927.311149634254,-0.05266210177346103,6162.048037107381,0.014991322423869342
2025-01-09,0.0,1927.311149634254,-0.05266210177346103,5935.34316032848,0.036790507865842925
2025-01-10,0.0,1927.311149634254,-0.05266210177346103,6050.951906493858,-0.019478022254568295
2025-01-11,0.0,1927.311149634254,-0.05266210177346103,6218.405393838789,-0.02767390816066828
2025-01-12,0.0,1927.311149634254,-0.05266210177346103,6148.184878141744,0.01129236697347207
2025-01-13,0.0,1927.311149634254,-0.05266210177346103,6035.844267975092,0.0182721587579529
2025-01-14,0.0,1927.311149634254,-0.05266210177346103,6242.252012440628,-0.03419699636067332
2025-01-15,0.0,1927.311149634254,-0.05266210177346103,6756.318663141628,-0.08235275501156954
2025-01-16,0.002863037019615433,1932.8291128039746,-0.049949838300753696,6776.787449704151,-0.00016653982290212475
2025-01-17,0.0013493259709826955,1935.4371293233526,-0.04866791094383652,7006.783310917258,-0.03258944854719216
2025-01-18,-0.0006576652953450557,1934.1642594920743,-0.0492935690431569,7056.675298603317,-0.007778192000990836
2025-01-19,-0.012295684653544137,1910.382385689204,-0.060983155516298654,6633.859927946936,0.047621394249047024
2025-01-20,-0.0035863681797015934,1903.5310510901058,-0.06435081564755882,6695.4003140631285,-0.012863076880911293
2025-01-21,-7.034280719164787e-05,1903.3971513723957,-0.06441663183773275,6832.261048540362,-0.020511351269339624
2025-01-22,0.0,1903.3971513723957,-0.06441663183773275,6792.633070612226,0.005800126436416094
2025-01-23,0.0,1903.3971513723957,-0.06441663183773275,6751.732750762471,0.006021276200934035
2025-01-24,0.0,1903.3971513723957,-0.06441663183773275,6713.680653063464,0.0056359010499505025
2025-01-25,0.0,1903.3971513723957,-0.06441663183773275,6776.9543062009725,-0.00942458487486115
2025-01-26,0.0,1903.3971513723957,-0.06441663183773275,6572.41630025097,0.03018140549698675
2025-01-27,0.0,1903.3971513723957,-0.06441663183773275,6499.717155031138,0.01106125082445808
2025-01-28,0.0,1903.3971513723957,-0.06441663183773275,6331.772857698692,0.025838708566333222
2025-01-29,0.0,1903.3971513723957,-0.06441663183773275,6423.603324310622,-0.014503120796614612
2025-01-30,0.0,1903.3971513723957,-0.06441663183773275,6604.21211677833,-0.02811642988354825
2025-01-31,0.0,1903.3971513723957,-0.06441663183773275,6532.800880645149,0.010812983421861433
2025-02-01,0.0,1903.3971513723957,-0.06441663183773275,6196.439716847161,0.051488047767463754
2025-02-02,0.0,1903.3971513723957,-0.06441663183773275,5709.299353919516,0.07861617076709171
2025-02-03,0.0,1903.3971513723957,-0.06441663183773275,5860.179906474144,-0.026427157379836332
2025-02-04,0.0,1903.3971513723957,-0.06441663183773275,5509.125145931616,0.059905116591163675
2025-02-05,0.0,1903.3971513723957,-0.06441663183773275,5395.832064317612,0.020564622986949072
2025-02-06,0.0,1903.3971513723957,-0.06441663183773275,5257.52071734382,0.025632996973430387
2025-02-07,0.0,1903.3971513723957,-0.06441663183773275,5280.783962663668,-0.00442475580611712
2025-02-08,0.0,1903.3971513723957,-0.06441663183773275,5360.909671679963,-0.015173070813500913
2025-02-09,0.0,1903.3971513723957,-0.06441663183773275,5348.07132948117,0.00239480666249871
2025-02-10,0.0,1903.3971513723957,-0.06441663183773275,5438.0169121461095,-0.016818321432834127
2025-02-11,0.0,1903.3971513723957,-0.06441663183773275,5487.596830774071,-0.009117279226775252
2025-02-12,0.0,1903.3971513723957,-0.06441663183773275,5683.158536075215,-0.03563703955152962
2025-02-13,0.0,1903.3971513723957,-0.06441663183773275,5612.075979371381,0.01250757941250813
2025-02-14,0.0,1903.3971513723957,-0.06441663183773275,5726.358324752406,-0.020363648995683246
2025-02-15,0.0,1903.3971513723957,-0.06441663183773275,5659.70283211899,0.011640119051805588
2025-02-16,0.0,1903.3971513723957,-0.06441663183773275,5585.789038520274,0.013059659807446706
2025-02-17,0.0,1903.3971513723957,-0.06441663183773275,5580.178257028048,0.0010044742924467664
2025-02-18,0.0,1903.3971513723957,-0.06441663183773275,5367.1956981573885,0.03816769806635047
2025-02-19,0.0,1903.3971513723957,-0.06441663183773275,5471.420111224209,-0.019418783835775128
2025-02-20,0.0,1903.3971513723957,-0.06441663183773275,5589.83825391343,-0.021643036045851178
2025-02-21,0.0,1903.3971513723957,-0.06441663183773275,5412.905028697879,0.03165265561873465
2025-02-22,0.0,1903.3971513723957,-0.06441663183773275,5537.1853980454725,-0.022960012911493837
2025-02-23,0.0,1903.3971513723957,-0.06441663183773275,5486.865924178644,0.009087554461259402
2025-02-24,0.0,1903.3971513723957,-0.06441663183773275,4914.772156711083,0.10426603736507369
2025-02-25,0.0,1903.3971513723957,-0.06441663183773275,4927.964298788715,-0.0026841818210470952
2025-02-26,0.0,1903.3971513723957,-0.06441663183773275,4713.715296470592,0.04347616770900412
2025-02-27,0.0,1903.3971513723957,-0.06441663183773275,4731.797099607875,-0.0038359981458409654
2025-02-28,0.0,1903.3971513723957,-0.06441663183773275,4706.83556339845,0.005275276112640749
2025-03-01,0.0,1903.3971513723957,-0.06441663183773275,4743.971571426616,-0.007889803569290714
2025-03-02,0.0,1903.3971513723957,-0.06441663183773275,5899.775164382134,-0.24363628144760208
2025-03-03,0.0,1903.3971513723957,-0.06441663183773275,4967.954149018692,0.15794178411899334
2025-03-04,0.0,1903.3971513723957,-0.06441663183773275,5063.48453791892,-0.01922932177606716
2025-03-05,0.0,1903.3971513723957,-0.06441663183773275,5240.95050109989,-0.03504818901923788
2025-03-06,0.0,1903.3971513723957,-0.06441663183773275,5157.429952220173,0.015936145335123792
2025-03-07,0.0,1903.3971513723957,-0.06441663183773275,4926.726440763645,0.044732262695533986
2025-03-08,0.0,1903.3971513723957,-0.06441663183773275,4912.012852747335,0.0029864836607465767
2025-03-09,0.0,1903.3971513723957,-0.06441663183773275,4493.972586086293,0.08510569479215209
2025-03-10,0.0,1903.3971513723957,-0.06441663183773275,4218.248017121259,0.06135430594719239
2025-03-11,0.0,1903.3971513723957,-0.06441663183773275,4467.347182884604,-0.05905275478167425
2025-03-12,0.0,1903.3971513723957,-0.06441663183773275,4577.285250193586,-0.02460925081672167
2025-03-13,0.0,1903.3971513723957,-0.06441663183773275,4497.2414619509655,0.017487175010391827
2025-03-14,0.0,1903.3971513723957,-0.06441663183773275,4661.648533980134,-0.03655731483847131
2025-03-15,0.0,1903.3971513723957,-0.06441663183773275,4769.03956814051,-0.023037136621856216
2025-03-16,0.0,1903.3971513723957,-0.06441663183773275,4562.6414198917555,0.043278766154005895
2025-03-17,0.0,1903.3971513723957,-0.06441663183773275,4673.811012840152,-0.024365182953832783
2025-03-18,0.0,1903.3971513723957,-0.06441663183773275,4622.707331845005,0.010934049505800014
2025-03-19,0.0,1903.3971513723957,-0.06441663183773275,4883.267936368526,-0.05636536899677074
2025-03-20,0.0,1903.3971513723957,-0.06441663183773275,4721.3995378174295,0.033147556239043974
2025-03-21,0.0,1903.3971513723957,-0.06441663183773275,4712.208755802265,0.0019466223821026838
2025-03-22,0.0,1903.3971513723957,-0.06441663183773275,4709.413064949233,0.0005932867149806327
2025-03-23,0.0,1903.3971513723957,-0.06441663183773275,4796.985367526308,-0.018595162787662583
2025-03-24,0.0,1903.3971513723957,-0.06441663183773275,4971.6625445397785,-0.036413948267585976
2025-03-25,0.0,1903.3971513723957,-0.06441663183773275,5029.935888565519,-0.01172109802378664
2025-03-26,0.0,1903.3971513723957,-0.06441663183773275,4889.453256428689,0.027929308692817876
2025-03-27,0.0,1903.3971513723957,-0.06441663183773275,4923.3270275585155,-0.006927926161332769
2025-03-28,0.0,1903.3971513723957,-0.06441663183773275,4674.837893177387,0.05047179132935969
2025-03-29,0.0,1903.3971513723957,-0.06441663183773275,4515.134094331107,0.03416242498576399
2025-03-30,0.0,1903.3971513723957,-0.06441663183773275,4471.030418236462,0.00976796595034005
2025-03-31,0.0,1903.3971513723957,-0.06441663183773275,4462.280120936231,0.001957109767032672
2025-04-01,0.0,1903.3971513723957,-0.06441663183773275,4594.0477642572,-0.029529218191107702
2025-04-02,0.0,1903.3971513723957,-0.06441663183773275,4334.231795055767,0.056554912472365534
2025-04-03,0.0,1903.3971513723957,-0.06441663183773275,4376.349867477082,-0.009717540365367665
2025-04-04,0.0,1903.3971513723957,-0.06441663183773275,4446.920648548395,-0.01612548886819173
2025-04-05,0.0,1903.3971513723957,-0.06441663183773275,4410.423495637263,0.008207286748650662
2025-04-06,0.0,1903.3971513723957,-0.06441663183773275,3970.101616916217,0.0998366436140671
2025-04-07,0.0,1903.3971513723957,-0.06441663183773275,3998.6498623495227,-0.007190809754507017
2025-04-08,0.0,1903.3971513723957,-0.06441663183773275,3863.133970926744,0.033890412036014714
2025-04-09,0.0,1903.3971513723957,-0.06441663183773275,4311.5098810789805,-0.11606532766573317
2025-04-10,0.0,1903.3971513723957,-0.06441663183773275,4145.904748421474,0.03841000884267103
2025-04-11,0.0,1903.3971513723957,-0.06441663183773275,4302.274975559762,-0.03771679202177184
2025-04-12,0.0,1903.3971513723957,-0.06441663183773275,4533.833051333044,-0.05382223988208797
2025-04-13,0.0,1903.3971513723957,-0.06441663183773275,4409.687514584603,0.027382026497852454
2025-04-14,0.0,1903.3971513723957,-0.06441663183773275,4447.68919381076,-0.008617771463503923
2025-04-15,0.0,1903.3971513723957,-0.06441663183773275,4331.282877359263,0.02617231361703154
2025-04-16,0.0,1903.3971513723957,-0.06441663183773275,4351.769247818228,-0.0047298620383472755
2025-04-17,0.0,1903.3971513723957,-0.06441663183773275,4397.0023788422495,-0.01039419336094159
2025-04-18,0.0,1903.3971513723957,-0.06441663183773275,4403.114946641187,-0.0013901670438821734
2025-04-19,0.0,1903.3971513723957,-0.06441663183773275,4480.367978313843,-0.01754508628751252
2025-04-20,0.0,1903.3971513723957,-0.06441663183773275,4439.646106330435,0.009088957018823602
2025-04-21,0.0,1903.3971513723957,-0.06441663183773275,4472.337128584551,-0.007363429757949077
2025-04-22,0.0,1903.3971513723957,-0.06441663183773275,4833.012253920246,-0.0806457820521784
2025-04-23,0.0,1903.3971513723957,-0.06441663183773275,4873.403681567493,-0.008357402283531101
2025-04-24,0.0,1903.3971513723957,-0.06441663183773275,4888.753038023184,-0.003149617281602885
2025-04-25,0.0,1903.3971513723957,-0.06441663183773275,4867.842835618676,0.004277205709078556
2025-04-26,0.0,1903.3971513723957,-0.06441663183773275,4887.658154744413,-0.00407065712572839
2025-04-27,0.0,1903.3971513723957,-0.06441663183773275,4853.246402661918,0.007040539864493537
2025-04-28,0.0,1903.3971513723957,-0.06441663183773275,4888.074985277104,-0.007176347484867539
2025-04-29,0.0,1903.3971513723957,-0.06441663183773275,4832.911635445745,0.011285291243999287
2025-04-30,0.0,1903.3971513723957,-0.06441663183773275,4785.738496875285,0.009760811313925017
2025-05-01,0.0,1903.3971513723957,-0.06441663183773275,4888.292292749157,-0.021429042966060803
2025-05-02,0.0005984825615839018,1904.5363013752603,-0.06385670150697981,4860.626455772095,0.006258094409692716
2025-05-03,-0.0020691008982346437,1900.5956236033644,-0.065793676446768,4812.738246135031,0.00778317021801129
2025-05-04,-0.003165432292772441,1894.5794168409084,-0.0687508433114556,4710.794525034367,0.01801662995267201
2025-05-05,0.0008929001059436725,1896.2710870029243,-0.06791933084078844,4715.215382565024,-4.555252814232775e-05
2025-05-06,0.004176305406702552,1904.1904941961484,-0.06402667730269589,4770.94364810832,-0.0076425111312138205
2025-05-07,0.0003715547833875732,1904.8980052827483,-0.06367891193752447,4740.195099072568,0.006816516473082758
2025-05-08,0.012370369038431805,1928.4622965886683,-0.052096274539725713,5293.3188155141415,-0.1043175952501675
2025-05-09,-0.0005890955046524704,1927.3262481188563,-0.052654680363237644,5472.488259092188,-0.034437319997180756
2025-05-10,0.00258045281653696,1932.2996225642003,-0.05021010046494781,5777.816627244467,-0.05321288171369175
2025-05-11,-0.00946347352474497,1914.0133562441893,-0.059198412033267964,5610.092988207803,0.019565422658250484
2025-05-12,0.001554830090928272,1916.9893218049162,-0.05773562541470423,5682.6961740504175,-0.011386699754517211
2025-05-13,0.005280581982927579,1927.112141079104,-0.05275992113511449,5856.759765876684,-0.02534987695681187
2025-05-14,-0.012731430104856223,1902.5772475507356,-0.06481964199170129,5716.22124041668,0.0112645217658052
2025-05-15,-0.008144996926917947,1887.0807617162109,-0.0724366831337929,5526.29997029613,0.025079971480131844
2025-05-16,-0.0025212832509223793,1882.322896598558,-0.07477533298877768,5485.591597459828,0.00484501482466312
2025-05-17,-0.0031752787684856676,1876.345996669554,-0.07771317923001762,5392.590465822314,0.013778431690123698
2025-05-18,0.006518830146032384,1888.577577517031,-0.07170094809949382,5546.138442022249,-0.021955050296605685
2025-05-19,-0.0017872716127179666,1885.202176424319,-0.0733600706430686,5456.21770132661,0.014425944417794972
2025-05-20,0.002542942228552114,1889.996136648107,-0.0710036788360442,5481.101659889245,-0.002017718640346944
2025-05-21,0.0055778626485896154,1900.538275504695,-0.06582186495554666,5617.977778260203,-0.01939451094787557
2025-05-22,0.004068057421047655,1908.2697743403469,-0.06202157466069871,5839.213585015291,-0.035311914427755164
2025-05-23,-0.008711648361032442,1891.645599088307,-0.0701929128724896,5518.361503424737,0.04623617584836621
2025-05-24,0.0008667450548254241,1893.2851735567992,-0.06938700717778017,5551.886005287873,-0.005208337529439896
2025-05-25,0.002463688998348257,1897.949639409627,-0.0670942661856441,5603.387564940983,-0.006812718983382251
2025-05-26,0.0008375664288133855,1899.5392983111751,-0.06631289566175362,5589.411106018494,0.0033318538148822924
2025-05-27,-0.0010120676842565457,1897.616835972379,-0.06725785020726144,5649.965938855314,-0.011845916132372227
2025-05-28,-0.00232988713762039,1893.1956029141152,-0.06943103414477987,5608.491596379479,0.005010748704201595
2025-05-29,-0.004407049659558404,1884.8521958768151,-0.0735320977889477,5454.030458908711,0.023133534972944254
2025-05-30,-0.0001694199068899005,1884.5328643932885,-0.07368905989467676,5209.506161491129,0.04466426763113453
2025-05-31,0.0,1884.5328643932885,-0.07368905989467676,5234.245717816048,-0.004748925437078055
2025-06-01,0.0,1884.5328643932885,-0.07368905989467676,5258.479374747867,-0.0046298279137589405
2025-06-02,0.0,1884.5328643932885,-0.07368905989467676,5302.1725627238875,-0.008309091823359292
2025-06-03,0.0,1884.5328643932885,-0.07368905989467676,5291.539688728619,0.002005380600024579
2025-06-04,0.0,1884.5328643932885,-0.07368905989467676,5210.811235501811,0.015256136772207243
2025-06-05,0.0,1884.5328643932885,-0.07368905989467676,4925.249575368076,0.05480176640983915
2025-06-06,0.0,1884.5328643932885,-0.07368905989467676,5079.459858234882,-0.031310145913830335
2025-06-07,0.0,1884.5328643932885,-0.07368905989467676,5175.725510760495,-0.018951946705425042
2025-06-08,0.0,1884.5328643932885,-0.07368905989467676,5236.802293191014,-0.011800622406180183
2025-06-09,0.0,1884.5328643932885,-0.07368905989467676,5466.759833784894,-0.043911823994744976
2025-06-10,0.0,1884.5328643932885,-0.07368905989467676,5565.565694221867,-0.018073934733029047
2025-06-11,-0.0018257667434874447,1881.09214696247,-0.0753802876032497,5445.29197646345,0.019784564418946667
2025-06-12,-0.0049638647184019336,1871.7546600221,-0.07996997477155485,5216.222404312227,0.03710358972505966
2025-06-13,-0.002459793203371974,1867.150530630998,-0.08223305837450988,5115.351132289161,0.01687819973567068
2025-06-14,-7.965351704164458e-05,1867.001805524387,-0.08230616173923493,5026.384922525564,0.01731235095397551
2025-06-15,0.0,1867.001805524387,-0.08230616173923493,5101.819434183849,-0.015007706894915136
2025-06-16,0.0,1867.001805524387,-0.08230616173923493,5120.576119566805,-0.003676469860395239
2025-06-17,0.0,1867.001805524387,-0.08230616173923493,5008.127938251031,0.02196006439316151
2025-06-18,0.0,1867.001805524387,-0.08230616173923493,4986.743893867727,0.004269867832244859
2025-06-19,0.0,1867.001805524387,-0.08230616173923493,4979.3393652574,0.0014848423676685327
2025-06-20,0.0,1867.001805524387,-0.08230616173923493,4829.706159099393,0.030050815014146477
2025-06-21,0.0,1867.001805524387,-0.08230616173923493,4687.8492402896845,0.029371749364594715
2025-06-22,0.0,1867.001805524387,-0.08230616173923493,4584.436866020559,0.022059662964488896
2025-06-23,0.0,1867.001805524387,-0.08230616173923493,4912.048486352497,-0.07146169309477608
2025-06-24,0.0,1867.001805524387,-0.08230616173923493,4961.00118834569,-0.009965842586692863
2025-06-25,0.0,1867.001805524387,-0.08230616173923493,4900.584828862909,0.012178259425680025
2025-06-26,0.0,1867.001805524387,-0.08230616173923493,4816.077882356143,0.017244257462710584
2025-06-27,0.0,1867.001805524387,-0.08230616173923493,4868.78657972691,-0.010944319975361414
2025-06-28,0.0,1867.001805524387,-0.08230616173923493,4957.233775607699,-0.018166168188409326
2025-06-29,0.0,1867.001805524387,-0.08230616173923493,5053.634662545467,-0.019446508133651865
2025-06-30,0.0,1867.001805524387,-0.08230616173923493,5024.361716482076,0.005792453950093456
2025-07-01,0.0,1867.001805524387,-0.08230616173923493,4850.134409350352,0.03467650558680572
2025-07-02,0.0,1867.001805524387,-0.08230616173923493,5088.802884023363,-0.049208631045954805
2025-07-03,0.0,1867.001805524387,-0.08230616173923493,5131.995121035085,-0.008487700937940998
2025-07-04,0.0,1867.001805524387,-0.08230616173923493,4990.40655612409,0.027589380264733947
2025-07-05,0.0,1867.001805524387,-0.08230616173923493,5004.066401846711,-0.0027372210197701896
2025-07-06,0.0,1867.001805524387,-0.08230616173923493,5099.179952614837,-0.019007251928756234
2025-07-07,0.0,1867.001805524387,-0.08230616173923493,5049.811445470029,0.009681656188558716
2025-07-08,0.0,1867.001805524387,-0.08230616173923493,5125.324526094959,-0.014953643604390237
2025-07-09,0.0,1867.001805524387,-0.08230616173923493,5336.338062712335,-0.04117076597648157
2025-07-10,0.0,1867.001805524387,-0.08230616173923493,5633.683700291186,-0.05572091462056239
2025-07-11,0.011182132916556675,1887.8788678692122,-0.0720443872630979,5739.717451130809,-0.007639255801830797
2025-07-12,-0.00046022713110294156,1887.010014793983,-0.07247145761253866,5720.653696365838,0.002861147993593446
2025-07-13,0.008485626691934423,1903.0224773434663,-0.06460079665572457,5830.9020949161695,-0.010786366405702026
2025-07-14,0.008388000790103156,1918.9850313870074,-0.05675466739901091,5886.372211725978,-0.0011251270084532885
2025-07-15,-0.0010334216106673288,1917.001910785025,-0.05772943750988182,5967.921389038391,-0.01488731572051684
2025-07-16,0.015385734913889948,1946.496394013784,-0.04323191241824683,6171.699863257067,-0.018759901553937378
2025-07-17,0.028804131849911485,2002.5635327923342,-0.015673038273754457,6473.008946797945,-0.020016953137501306
2025-07-18,0.0008022196869388321,2004.1700286826858,-0.014883391806673042,6461.195042629412,0.002627322087635846
2025-07-19,0.00306388435928584,2010.310573886916,-0.01186510843875686,6532.402579482626,-0.007956915412800303
2025-07-20,0.014864961385579356,2040.193762940767,0.0,6684.618171060292,-0.00843666305130938
2025-07-21,0.007858345673306122,2056.226310770479,0.0,6849.956348271963,-0.01687577869709827
2025-07-22,0.017308958255878526,2091.817446148244,0.0,6976.554541517503,-0.0011726475834750796
2025-07-23,-0.03458319673540444,2019.475711873548,-0.034583196735404394,6569.999402672165,0.0236912905384966
2025-07-24,-0.0005106822524818533,2018.4444014681762,-0.03507621796307934,6513.630717996467,0.008069027001794762
2025-07-25,-0.0008846371996927838,2016.658810465126,-0.0359298254355374,6573.78620694204,-0.010119961022913031
2025-07-26,0.00038482589406285683,2017.4348729948829,-0.03555882626867132,6628.339238500635,-0.007913745103117613
2025-07-27,0.004520157698415739,2026.553996767103,-0.03119940007256061,6831.650465475117,-0.026152869082342805
2025-07-28,-0.006226503885863877,2013.9356504313196,-0.03723164077263608,6638.392220047239,0.022062157310217607
2025-07-29,-0.0036034183825572885,2006.678597687268,-0.04070089797642046,6563.25619680184,0.00771498835733023
2025-07-30,-0.0015453912039413709,2003.5774942332646,-0.04218339037063658,6460.2883011835675,0.014143147004950594
2025-07-31,-0.004016128389552676,1995.5308697780056,-0.046030104848554146,6291.490551016671,0.022112388217975724
2025-08-01,-0.007366159831140751,1980.8314704432455,-0.053057199570336264,6054.636221465413,0.030280615226477958
2025-08-02,-9.766159879831537e-05,1980.638019274892,-0.05314967951819676,5877.169797273429,0.029213170249829373
2025-08-03,0.0,1980.638019274892,-0.05314967951819676,6060.504382670664,-0.031194365948434517
2025-08-04,0.0,1980.638019274892,-0.05314967951819676,6323.058317276189,-0.04332212601912601
2025-08-05,0.0,1980.638019274892,-0.05314967951819676,6130.905690586948,0.03038919096542733
2025-08-06,0.0,1980.638019274892,-0.05314967951819676,6232.40877971834,-0.016555969746400296
2025-08-07,0.0,1980.638019274892,-0.05314967951819676,6565.647590597695,-0.05346870249650326
2025-08-08,0.0,1980.638019274892,-0.05314967951819676,6608.536412487104,-0.006532306417241673
2025-08-09,0.0063746102501767155,1993.2638146944514,-0.04711387775987038,6703.520218416206,-0.007998285653011068
2025-08-10,-0.0002685211603834503,1992.7285811819793,-0.0473697478471276,6719.8799494893865,-0.002708989830595976
2025-08-11,-0.0007121163304990574,1991.3095266170674,-0.0480481314066131,6571.703050513457,0.021338411370846085
2025-08-12,0.009412954052829603,2010.0536316960756,-0.0390874522070383,6989.5416786221585,-0.05416852930041707
2025-08-13,0.0040241492710295645,2018.1423875527958,-0.03522059667831407,7229.111085504283,-0.03025126074832242
2025-08-14,-0.01469626173913463,1988.4832387984777,-0.04939924731005574,6977.662682433205,0.02008649371959375
2025-08-15,-0.0029489847052298623,1982.619232140655,-0.05220255439051843,6920.964154846944,0.005176734488534507
2025-08-16,-0.0004618903444788547,1981.703479460551,-0.05264033287916718,6956.67078928045,-0.005621089790483639
2025-08-17,0.0012864289986138644,1984.252800283183,-0.051421621931265836,7063.556662138384,-0.01407808602524425
2025-08-18,-0.004114230955117759,1976.0891259894788,-0.05532429245767162,6862.589398399169,0.024337054049280438
2025-08-19,-8.859224547907996e-05,1975.9140598165407,-0.05540798339985231,6516.578943408824,0.050331217960717885
2025-08-20,0.0,1975.9140598165407,-0.05540798339985231,6812.925159702256,-0.045475734870544446
2025-08-21,0.0,1975.9140598165407,-0.05540798339985231,6606.9261268362825,0.030236503122687424
2025-08-22,0.0,1975.9140598165407,-0.05540798339985231,7219.265388884022,-0.09268141497155755
2025-08-23,-0.004244411598091746,1967.5274672642229,-0.05941722071057481,7203.286174652741,-0.0020309988240046406
2025-08-24,-0.0005789240901866721,1966.3884182153197,-0.05996174674032017,7160.556920421609,0.005352987150753529
2025-08-25,-0.013513429487521544,1939.8157669806878,-0.07266488739131782,6671.241746410808,0.05482136338526385
2025-08-26,0.004321821710898233,1948.1993048775676,-0.06865711036836741,6924.2099469908735,-0.03359738586633654
2025-08-27,-7.220345638025982e-05,1948.0586381540377,-0.06872435654407405,6903.992718584102,0.002847585019351641
2025-08-28,0.0,1948.0586381540377,-0.06872435654407405,7021.028584744873,-0.016951910427966826
2025-08-29,-0.0033947788624586472,1941.4454098664023,-0.07188583141360083,6752.078589628239,0.03491157352884232
2025-08-30,-0.0008548440658109335,1939.7857767786822,-0.07267922430301191,6751.4868442450315,-0.0007672050705959903
2025-08-31,-0.0007485664068759279,1938.33371830965,-0.07337338548409678,6692.72659262189,0.007954738950703089
2025-09-01,-0.0011842038310894143,1936.038336094498,-0.07447070027099595,6630.357476982473,0.008134735882983508
2025-09-02,0.004396044110071218,1944.5492460187581,-0.07040203264422397,6842.401795888426,-0.02758478341575575
2025-09-03,0.000390751185645577,1945.3090809421863,-0.07003879113630594,6908.636411467497,-0.009289273103321314
2025-09-04,-0.003010638972761881,1939.4524576090341,-0.07283856859486772,6725.4699658984655,0.02350203801006458
2025-09-05,0.00036352136126782675,1940.1574900065382,-0.0725015256092084,6782.055152743077,-0.008050044847714957
2025-09-06,-0.0011475537395516655,1937.931055023562,-0.073565879951924,6747.5692675584905,0.003937318678603078
2025-09-07,0.0022011727646771284,1942.196776081702,-0.07152663839860654,6869.224278823071,-0.015828284428075743
2025-09-08,0.0027549932579946645,1947.5475151055061,-0.068968700547167,7003.2915316451645,-0.016762094462580368
2025-09-09,0.0010928785573318667,1949.67594802415,-0.06795119640379008,7034.129437707236,-0.0033104660589429336
2025-09-10,0.0024248942283662256,1954.403705977698,-0.06569107663939408,7285.776988959196,-0.03335032905697385
2025-09-11,0.0005532625013751069,1955.485004260764,-0.06517415854739853,7376.032674861576,-0.01183466620398491
2025-09-12,0.004240671962162379,1963.7775746907619,-0.061209868812045536,7572.634626448784,-0.02241348756417107
2025-09-13,0.005222364500995891,1974.0331369846785,-0.05630716455704437,7632.669192976946,-0.0027054663649591637
2025-09-14,-0.004538662843662888,1965.0736661336869,-0.06059026816510021,7488.058726128045,0.014407588224306989
2025-09-15,-0.002352936998700539,1960.4499715994689,-0.06280064008007386,7410.589524043425,0.00799276205602349
2025-09-16,0.009872426840408233,1979.804370518365,-0.05354820796438698,7516.861477604253,-0.004468126393046834
2025-09-17,0.0157481127758623,2010.9825530194332,-0.03864337840649319,7728.7181035885205,-0.012436073751383652
2025-09-18,0.009091188020675656,2029.2647735152311,-0.029903504604665142,7861.933611092764,-0.008145241839845458
2025-09-19,-0.006741940022729764,2015.5835921219532,-0.036443836992880806,7664.010558822027,0.018432916706087994
2025-09-20,0.011668429295589755,2039.102286755979,-0.025200650032502443,7717.13512563596,0.00473673649503887
2025-09-21,-0.0006773034663783983,2037.721195708859,-0.025860885011258855,7675.695447925418,0.0046925231643464614
2025-09-22,-0.014899077313392017,2007.3610300708551,-0.04037465899947542,7371.145725203307,0.02477807308793413
2025-09-23,-0.0002847653572083386,2006.789403190081,-0.040647927052491574,7303.892172318756,0.00883912872815727
2025-09-24,0.0,2006.789403190081,-0.040647927052491574,7313.096244943974,-0.0012601599815645745
2025-09-25,0.0,2006.789403190081,-0.040647927052491574,6788.987876732618,0.07166709566740725
2025-09-26,0.0,2006.789403190081,-0.040647927052491574,6977.299880869392,-0.027737861306566986
2025-09-27,0.0,2006.789403190081,-0.040647927052491574,6955.186726888654,0.003169299637151576
2025-09-28,0.0,2006.789403190081,-0.040647927052491574,7171.257030620954,-0.031066067988796693
2025-09-29,0.0,2006.789403190081,-0.040647927052491574,7271.208521956331,-0.013937792343600233
2025-09-30,0.0,2006.789403190081,-0.040647927052491574,7185.995154899648,0.011719285287909267
2025-10-01,0.0,2006.789403190081,-0.040647927052491574,7477.94614643302,-0.040627774614391585
2025-10-02,0.0,2006.789403190081,-0.040647927052491574,7722.58387081074,-0.03271456086834917
2025-10-03,0.011129708383810444,2029.1243840353075,-0.029970618243181816,7842.343073546639,-0.004377951324303011
2025-10-04,-0.004350057417350728,2020.2975764578075,-0.03419030175034117,7674.425930863988,0.017061546373493348
2025-10-05,0.0018611464970386127,2024.0576462152076,-0.032392788413637894,7705.540833182925,-0.0021932156922950252
2025-10-06,0.006264685685909432,2036.7377311789076,-0.026331033365630054,7900.1831985605995,-0.018995366735002017
2025-10-07,0.009067758625068478,2055.2063773078075,-0.01750203819546971,7610.719974640601,0.04570782337353379
2025-10-08,0.0003145667068467084,2055.8528768098076,-0.017192977047141244,7764.9503422927455,-0.019950318634625548
2025-10-09,-0.00577880326628033,2043.9725074903074,-0.022872425481504425,7550.272200088024,0.021868268864426117
2025-10-10,-0.017043222995534846,2009.1366282484075,-0.039525828629109264,6351.660509617459,0.14170756885758418
2025-10-11,-8.89880101568874e-05,2008.9578391777263,-0.039611299314426675,6322.990751847153,0.004424754140717905
2025-10-12,0.0,2008.9578391777263,-0.039611299314426675,6885.387675377166,-0.08894476452708999
2025-10-13,0.0,2008.9578391777263,-0.039611299314426675,7086.626040844957,-0.029226875080315535
2025-10-14,0.0,2008.9578391777263,-0.039611299314426675,6816.896819220435,0.03806172642240383
2025-10-15,0.0,2008.9578391777263,-0.039611299314426675,6571.655790249606,0.03597546441943552
2025-10-16,0.0,2008.9578391777263,-0.039611299314426675,6366.391657610498,0.031234766273616908
2025-10-17,0.0,2008.9578391777263,-0.039611299314426675,6177.152568230058,0.029724701142792704
2025-10-18,0.0,2008.9578391777263,-0.039611299314426675,6291.656967005769,-0.018536760669409822
2025-10-19,0.0,2008.9578391777263,-0.039611299314426675,6396.25321445037,-0.016624594759872786
2025-10-20,0.0,2008.9578391777263,-0.039611299314426675,6454.624377796149,-0.00912583685928925
2025-10-21,0.0,2008.9578391777263,-0.039611299314426675,6264.967306654762,0.029383130611566704
2025-10-22,0.0,2008.9578391777263,-0.039611299314426675,6157.656951859691,0.017128637635680004
2025-10-23,0.0,2008.9578391777263,-0.039611299314426675,6333.4461081068985,-0.028548059370880896
2025-10-24,0.0,2008.9578391777263,-0.039611299314426675,6434.551669462075,-0.01596375174421402
2025-10-25,0.0,2008.9578391777263,-0.039611299314426675,6490.906359327126,-0.008758137747577277
2025-10-26,0.0,2008.9578391777263,-0.039611299314426675,6719.116928376536,-0.035158505825843865
2025-10-27,0.0,2008.9578391777263,-0.039611299314426675,6653.699521802847,0.009736012525308948
2025-10-28,0.0,2008.9578391777263,-0.039611299314426675,6478.451726474341,0.026338399375303023
2025-10-29,0.0,2008.9578391777263,-0.039611299314426675,6421.226971824204,0.008833091156068482
2025-10-30,0.0,2008.9578391777263,-0.039611299314426675,6149.463018705004,0.04232274521858148
2025-10-31,0.0,2008.9578391777263,-0.039611299314426675,6229.982403844617,-0.013093726215556378
2025-11-01,0.0,2008.9578391777263,-0.039611299314426675,6270.704650222126,-0.006536494605888217
2025-11-02,0.0,2008.9578391777263,-0.039611299314426675,6286.982583494907,-0.002595869871212123
2025-11-03,0.0,2008.9578391777263,-0.039611299314426675,5742.351925608888,0.08662830708579128
2025-11-04,0.0,2008.9578391777263,-0.039611299314426675,5412.195000087163,0.05749506992933346
2025-11-05,0.0,2008.9578391777263,-0.039611299314426675,5633.0943289359575,-0.040815108998333675
2025-11-06,0.0,2008.9578391777263,-0.039611299314426675,5457.252127163799,0.031215916422506207
2025-11-07,0.0,2008.9578391777263,-0.039611299314426675,5746.254806424512,-0.05295754576230492
2025-11-08,0.0,2008.9578391777263,-0.039611299314426675,5678.518131969484,0.01178796916198288
2025-11-09,0.0,2008.9578391777263,-0.039611299314426675,5834.436195221059,-0.02745752670468241
2025-11-10,0.0,2008.9578391777263,-0.039611299314426675,5946.638022245712,-0.01923096307344252
2025-11-11,0.0,2008.9578391777263,-0.039611299314426675,5641.292958530846,0.05134751141276871
2025-11-12,0.0,2008.9578391777263,-0.039611299314426675,5593.8429376925815,0.008411196012522206
2025-11-13,0.0,2008.9578391777263,-0.039611299314426675,5389.15891547437,0.0365909491020932
2025-11-14,0.0,2008.9578391777263,-0.039611299314426675,5162.6825747683315,0.04202443168928197
2025-11-15,0.0,2008.9578391777263,-0.039611299314426675,5225.88991048924,-0.012243118728589472
2025-11-16,0.0,2008.9578391777263,-0.039611299314426675,5126.707344714624,0.01897907676461768
2025-11-17,0.0,2008.9578391777263,-0.039611299314426675,4973.113361281381,0.029959576996644897
2025-11-18,0.0,2008.9578391777263,-0.039611299314426675,5106.562711781835,-0.02683416620651261
2025-11-19,0.0,2008.9578391777263,-0.039611299314426675,4958.849075848905,0.028926235565878016
2025-11-20,0.0,2008.9578391777263,-0.039611299314426675,4725.3652120135175,0.047084285136348214
2025-11-21,0.0,2008.9578391777263,-0.039611299314426675,4565.225581894191,0.033889365781124385
2025-11-22,0.0,2008.9578391777263,-0.039611299314426675,4550.700700455874,0.0031816349877481337
2025-11-23,0.0,2008.9578391777263,-0.039611299314426675,4638.10246992739,-0.019206222343464745
2025-11-24,0.0,2008.9578391777263,-0.039611299314426675,4861.36128002804,-0.04813580802671317
2025-11-25,0.0,2008.9578391777263,-0.039611299314426675,4853.397474770447,0.001638184203735246
2025-11-26,0.0,2008.9578391777263,-0.039611299314426675,5004.50398924179,-0.031134172557851083
2025-11-27,0.0,2008.9578391777263,-0.039611299314426675,4992.590158955019,0.0023806215985402446
2025-11-28,0.0,2008.9578391777263,-0.039611299314426675,4931.363435081088,0.012263518919956171
2025-11-29,0.0,2008.9578391777263,-0.039611299314426675,4872.4734286226685,0.011941931928902916
2025-11-30,0.0,2008.9578391777263,-0.039611299314426675,4817.482011912803,0.011286139886741478
2025-12-01,0.0,2008.9578391777263,-0.039611299314426675,4533.4035162729615,0.058968252489031515
2025-12-02,0.0,2008.9578391777263,-0.039611299314426675,4880.589308548178,-0.07658391560093232
2025-12-03,0.0,2008.9578391777263,-0.039611299314426675,5107.143647855709,-0.046419463918164414
2025-12-04,0.0,2008.9578391777263,-0.039611299314426675,4969.898084694875,0.02687325296175271
2025-12-05,0.0,2008.9578391777263,-0.039611299314426675,4763.049208253011,0.04162034571269543
2025-12-06,0.0,2008.9578391777263,-0.039611299314426675,4771.139851896568,-0.001698626927796289
2025-12-07,0.0,2008.9578391777263,-0.039611299314426675,4802.995924700224,-0.0066768264591937155
2025-12-08,0.0,2008.9578391777263,-0.039611299314426675,4869.162051640027,-0.013776011468078149
2025-12-09,0.0,2008.9578391777263,-0.039611299314426675,5071.936551196424,-0.04164463975646477
2025-12-10,0.0,2008.9578391777263,-0.039611299314426675,4985.135815866101,0.01711392373586532
2025-12-11,0.0,2008.9578391777263,-0.039611299314426675,4883.530635623559,0.02038162730073791
2025-12-12,0.0,2008.9578391777263,-0.039611299314426675,4756.500006173122,0.026012047211047582
2025-12-13,0.0,2008.9578391777263,-0.039611299314426675,4800.571086415346,-0.009265443116793623
2025-12-14,0.0,2008.9578391777263,-0.039611299314426675,4675.5047592346355,0.026052385211964544
2025-12-15,0.0,2008.9578391777263,-0.039611299314426675,4549.627372118866,0.026922737457842887
2025-12-16,0.0,2008.9578391777263,-0.039611299314426675,4587.033729320705,-0.008221850745639716
2025-12-17,0.0,2008.9578391777263,-0.039611299314426675,4412.449893055405,0.03806029049870425
2025-12-18,0.0,2008.9578391777263,-0.039611299314426675,4308.78817018636,0.023493008505817543
2025-12-19,0.0,2008.9578391777263,-0.039611299314426675,4537.2144156541135,-0.05301403467645392
2025-12-20,0.0,2008.9578391777263,-0.039611299314426675,4533.884450853979,0.0007339227321163655
2025-12-21,0.0,2008.9578391777263,-0.039611299314426675,4526.557199834664,0.0016161089014816246
2025-12-22,0.0,2008.9578391777263,-0.039611299314426675,4544.902618602962,-0.004052841477175725
2025-12-23,0.0,2008.9578391777263,-0.039611299314426675,4468.633995959067,0.016781134612591342
2025-12-24,0.0,2008.9578391777263,-0.039611299314426675,4441.584856568701,0.0060531114015660425
2025-12-25,0.0,2008.9578391777263,-0.039611299314426675,4369.215670252295,0.016293550309948186
2025-12-26,0.0,2008.9578391777263,-0.039611299314426675,4418.631419758631,-0.01130998175319707
2025-12-27,0.0,2008.9578391777263,-0.039611299314426675,4512.335195157721,-0.021206515433733086
2025-12-28,0.0,2008.9578391777263,-0.039611299314426675,4519.563498603377,-0.0016018986030588156
2025-12-29,0.0,2008.9578391777263,-0.039611299314426675,4450.408220997543,0.015301317843460798
2025-12-30,0.0,2008.9578391777263,-0.039611299314426675,4499.264067189184,-0.01097783478853325
2025-12-31,0.0,2008.9578391777263,-0.039611299314426675,4434.755349759782,0.01433761532243259
2026-01-01,0.0,2008.9578391777263,-0.039611299314426675,4583.733847661293,-0.033593397189222794
2026-01-02,0.0,2008.9578391777263,-0.039611299314426675,4785.124312110023,-0.0439358983618746
2026-01-03,0.0,2008.9578391777263,-0.039611299314426675,4796.407033035366,-0.002357874151103889
2026-01-04,0.0,2008.9578391777263,-0.039611299314426675,4881.5151960079265,-0.01774414939899322
2026-01-05,0.0,2008.9578391777263,-0.039611299314426675,5079.28700457881,-0.040514430587580606
2026-01-06,0.0,2008.9578391777263,-0.039611299314426675,5107.7905033160005,-0.005611712571369625
2026-01-07,0.0,2008.9578391777263,-0.039611299314426675,4925.04324128839,0.0357781435845832
2026-01-08,0.0,2008.9578391777263,-0.039611299314426675,4876.8351056427655,0.009788367996747427
2026-01-09,0.0,2008.9578391777263,-0.039611299314426675,4839.338972694615,0.007688620208783613
2026-01-10,0.0,2008.9578391777263,-0.039611299314426675,4836.658752786083,0.0005538400851139912
2026-01-11,0.0,2008.9578391777263,-0.039611299314426675,4862.554735386316,-0.005354105783318979
2026-01-12,0.0,2008.9578391777263,-0.039611299314426675,4833.273643668108,0.006021750563571063
2026-01-13,0.0,2008.9578391777263,-0.039611299314426675,5139.243458932398,-0.06330488149892576
2026-01-14,0.0007981947951780644,2010.56137886869,-0.03884472205219165,5137.771874093165,0.0010845374934745433
2026-01-15,-0.0036480437966669443,2003.22676290269,-0.04235105860154282,4988.179486704281,0.025468155025470778
2026-01-16,0.001447887892630284,2006.12721067889,-0.04096449029390175,4988.528290959922,0.0013779617288725804
2026-01-17,0.0018667406849701695,2009.87212996229,-0.03917421968960222,4999.673993282163,-0.0003675259508309097
2026-01-18,-0.0030902566939875475,2003.661109158615,-0.04214341798896223,4839.319644475306,0.028982704267530766
2026-01-19,-0.0018979366848104195,1999.858287235615,-0.04396136913474807,4758.144567829054,0.014876131285451368
2026-01-20,-0.008341038925092081,1983.177391417115,-0.051935724568686836,4502.661474341834,0.04535280955832762
2026-01-21,-0.00015276243478778984,1982.874436410186,-0.052080553175736996,4602.9594438309105,-0.02242802564536179
2026-01-22,0.0,1982.874436410186,-0.052080553175736996,4563.843786785288,0.008497936495626976
2026-01-23,0.0,1982.874436410186,-0.052080553175736996,4558.658348645655,0.001136199743437308
2026-01-24,0.0,1982.874436410186,-0.052080553175736996,4541.32050444011,0.0038032778242081005
2026-01-25,0.0,1982.874436410186,-0.052080553175736996,4343.106586862398,0.04364675811449879
2026-01-26,0.0,1982.874436410186,-0.052080553175736996,4477.190017531284,-0.030872700908257444
2026-01-27,0.0,1982.874436410186,-0.052080553175736996,4576.396023055044,-0.022158095844781917
2026-01-28,0.0,1982.874436410186,-0.052080553175736996,4557.258253365117,0.004181843003427816
2026-01-29,0.0,1982.874436410186,-0.052080553175736996,4285.185981665116,0.059700867621250216
2026-01-30,0.0,1982.874436410186,-0.052080553175736996,4189.85443681889,0.022246769511082492
2026-01-31,0.0,1982.874436410186,-0.052080553175736996,3856.674880544248,0.07952055645341363
2026-02-01,0.0,1982.874436410186,-0.052080553175736996,3717.38455355483,0.03611668893639318
2026-02-02,0.0,1982.874436410186,-0.052080553175736996,3824.8940184575017,-0.028920727289261223
2026-02-03,0.0,1982.874436410186,-0.052080553175736996,3691.017848895892,0.035001275568832466
2026-02-04,0.0,1982.874436410186,-0.052080553175736996,3538.326146344368,0.041368454123623034
2026-02-05,0.0,1982.874436410186,-0.052080553175736996,3007.371189118673,0.15005822958809292
2026-02-06,0.0,1982.874436410186,-0.052080553175736996,3393.4475460274466,-0.12837668935104582
2026-02-07,0.0,1982.874436410186,-0.052080553175736996,3358.127682416008,0.010408253887049341
2026-02-08,0.0,1982.874436410186,-0.052080553175736996,3348.691406545014,0.0028099812643826833
2026-02-09,0.0,1982.874436410186,-0.052080553175736996,3347.689568005594,0.0002991731449073498
2026-02-10,0.0,1982.874436410186,-0.052080553175736996,3244.6941187928987,0.030766129033300924
2026-02-11,0.0,1982.874436410186,-0.052080553175736996,3157.1173372589496,0.026990766564624354
2026-02-12,0.0,1982.874436410186,-0.052080553175736996,3179.557441562021,-0.007107782798644372
2026-02-13,0.0,1982.874436410186,-0.052080553175736996,3299.950655829791,-0.0378647709564966
2026-02-14,0.0,1982.874436410186,-0.052080553175736996,3442.531453885607,-0.043206948505102157
2026-02-15,0.0,1982.874436410186,-0.052080553175736996,3334.4727357459046,0.03138931904826476
2026-02-16,0.0,1982.874436410186,-0.052080553175736996,3362.691174244683,-0.008462638844298749
2026-02-17,0.0,1982.874436410186,-0.052080553175736996,3318.1319287735296,0.013251066827795088
2026-02-18,0.0,1982.874436410186,-0.052080553175736996,3228.8553328607327,0.026905680011884266
2026-02-19,0.0,1982.874436410186,-0.052080553175736996,3235.0453122997696,-0.0019170816902324298
2026-02-20,0.0,1982.874436410186,-0.052080553175736996,3313.818596445095,-0.02434997860642829
2026-02-21,0.0,1982.874436410186,-0.052080553175736996,3306.829426151115,0.0021090986397015138
2026-02-22,0.0,1982.874436410186,-0.052080553175736996,3240.1983054454677,0.020149548742585392
2026-02-23,0.0,1982.874436410186,-0.052080553175736996,3098.1829839850448,0.04382920675618905
2026-02-24,0.0,1982.874436410186,-0.052080553175736996,3078.7781908904244,0.0062632817993404045
2026-02-25,0.0,1982.874436410186,-0.052080553175736996,3397.580581289892,-0.10354834633516277
2026-02-26,0.0,1982.874436410186,-0.052080553175736996,3335.0037073509525,0.01841806910586433
2026-02-27,0.0,1982.874436410186,-0.052080553175736996,3219.375038158918,0.034671226582797456
2026-02-28,0.0,1982.874436410186,-0.052080553175736996,3274.9088192452336,-0.017249863848753138
2026-03-01,0.0,1982.874436410186,-0.052080553175736996,3230.3975114811756,0.01359161742228803
2026-03-02,0.0,1982.874436410186,-0.052080553175736996,3329.8035388894427,-0.030772072803723866
2026-03-03,0.0,1982.874436410186,-0.052080553175736996,3280.0353404124576,0.014946286739062111
2026-03-04,0.0,1982.874436410186,-0.052080553175736996,3447.9750517796715,-0.051200579852928065
2026-03-05,0.0,1982.874436410186,-0.052080553175736996,3376.743284210418,0.02065901478390556
2026-03-06,0.0,1982.874436410186,-0.052080553175736996,3246.836618965157,0.03847099240641178
2026-03-07,0.0,1982.874436410186,-0.052080553175736996,3209.960981524362,0.011357404689044162
2026-03-08,0.0,1982.874436410186,-0.052080553175736996,3159.0175001756256,0.015870436320551216
2026-03-09,0.0,1982.874436410186,-0.052080553175736996,3265.1938494686165,-0.033610560652825604
2026-03-10,0.0,1982.874436410186,-0.052080553175736996,3330.3311656925057,-0.019948989011629368
2026-03-11,0.0,1982.874436410186,-0.052080553175736996,3347.8424983968243,-0.005258135552617703
2026-03-12,0.0,1982.874436410186,-0.052080553175736996,3364.6699191978873,-0.005026347807318032
2026-03-13,0.0,1982.874436410186,-0.052080553175736996,3393.1242408619783,-0.008456794380256483
2026-03-14,0.0,1982.874436410186,-0.052080553175736996,3395.6433820706766,-0.0007424252782618332
2026-03-15,0.0,1982.874436410186,-0.052080553175736996,3499.073163028326,-0.030459553410045265
2026-03-16,0.0,1982.874436410186,-0.052080553175736996,3675.9262643895754,-0.050542841810198115
2026-03-17,0.0,1982.874436410186,-0.052080553175736996,3618.637146525346,0.015584947505399025
2026-03-18,0.0,1982.874436410186,-0.052080553175736996,3466.4372804586774,0.042059996596456935
2026-03-19,0.0,1982.874436410186,-0.052080553175736996,3397.397588940803,0.019916613494515203
2026-03-20,0.0,1982.874436410186,-0.052080553175736996,3411.5565462922486,-0.004167589156340127
2026-03-21,0.0,1982.874436410186,-0.052080553175736996,3319.4686558050716,0.02699292514651703
2026-03-22,0.0,1982.874436410186,-0.052080553175736996,3264.735538417825,0.01648851761004872
2026-03-23,0.0,1982.874436410186,-0.052080553175736996,3409.562497606131,-0.044361007954259124
2026-03-24,0.0,1982.874436410186,-0.052080553175736996,3410.5883991801893,-0.0003008895055534192
2026-03-25,0.0,1982.874436410186,-0.052080553175736996,3440.8586016689487,-0.008875360772362808
2026-03-26,0.0,1982.874436410186,-0.052080553175736996,3280.6465293249444,0.046561655357269034
2026-03-27,0.0,1982.874436410186,-0.052080553175736996,3174.775195653988,0.03227148451520064
2026-03-28,0.0,1982.874436410186,-0.052080553175736996,3167.6870176351263,0.002232655095883456
2026-03-29,0.0,1982.874436410186,-0.052080553175736996,3134.5919287656247,0.010447714273933872
2026-03-30,0.0,1982.874436410186,-0.052080553175736996,3174.22310166297,-0.012643168169245964
2026-03-31,0.0,1982.874436410186,-0.052080553175736996,3219.622535022542,-0.014302533850184271
2026-04-01,0.0,1982.874436410186,-0.052080553175736996,3236.212667084751,-0.005152818966119442
2026-04-02,0.0,1982.874436410186,-0.052080553175736996,3131.0792153300613,0.0324865707448689
2026-04-03,0.0,1982.874436410186,-0.052080553175736996,3163.2431291691673,-0.01027246889239616
2026-04-04,0.0,1982.874436410186,-0.052080553175736996,3180.309661017163,-0.005395264022110816
2026-04-05,0.0,1982.874436410186,-0.052080553175736996,3226.6779258483893,-0.014579795609084354
2026-04-06,0.0,1982.874436410186,-0.052080553175736996,3195.2375197684532,0.009743893503616294
2026-04-07,0.0,1982.874436410186,-0.052080553175736996,3368.4133366886467,-0.054198104475420186
2026-04-08,0.0,1982.874436410186,-0.052080553175736996,3266.721949777538,0.03018969964389154
2026-04-09,0.0,1982.874436410186,-0.052080553175736996,3300.215789996856,-0.010253042877309706
2026-04-10,0.0,1982.874436410186,-0.052080553175736996,3335.623628979397,-0.010728946600965905
2026-04-11,0.0,1982.874436410186,-0.052080553175736996,3336.6016153612595,-0.0002931944639575753
2026-04-12,0.0,1982.874436410186,-0.052080553175736996,3217.4501119056595,0.035710437502350624
2026-04-13,0.0,1982.874436410186,-0.052080553175736996,3398.24975886318,-0.05619345775976466
2026-04-14,0.0,1982.874436410186,-0.052080553175736996,3330.2629794193967,0.020006410437156168
2026-04-15,0.0,1982.874436410186,-0.052080553175736996,3385.354967813298,-0.016542834224913396
2026-04-16,0.0,1982.874436410186,-0.052080553175736996,3481.3049434259888,-0.028342663184495392
2026-04-17,0.0,1982.874436410186,-0.052080553175736996,3519.425440623508,-0.010950059766957636
2026-04-18,0.0,1982.874436410186,-0.052080553175736996,3417.6545365431875,0.02891690868219987
2026-04-19,0.0,1982.874436410186,-0.052080553175736996,3318.0217493099376,0.029152386868809783
2026-04-20,0.0,1982.874436410186,-0.052080553175736996,3397.355091603983,-0.0239098319082885
2026-04-21,0.0,1982.874436410186,-0.052080553175736996,3422.776350501913,-0.007482661721394461
2026-04-22,0.0,1982.874436410186,-0.052080553175736996,3446.2375122936937,-0.006854424417283488
2026-04-23,0.0,1982.874436410186,-0.052080553175736996,3443.0074319357464,0.0009372773485358017
2026-04-24,0.0,1982.874436410186,-0.052080553175736996,3433.2343782852586,0.0028385223801254333
2026-04-25,0.0,1982.874436410186,-0.052080553175736996,3424.0873109136614,0.002664271169324043
2026-04-26,0.0,1982.874436410186,-0.052080553175736996,3461.7965308598596,-0.011012925933870552
2026-04-27,0.0,1982.874436410186,-0.052080553175736996,3393.398712114414,0.019757896842208807
2026-04-28,0.0,1982.874436410186,-0.052080553175736996,3362.893789389641,0.0089894896865113
2026-04-29,0.0,1982.874436410186,-0.052080553175736996,3333.172074878703,0.008838136549157152
